event_index,session_id,run_id,wall_time_iso,wall_time_ns,monotonic_ns,exchange_tick,round,day,symbol,trade_px,trade_qty,mid_at_trade,spread_at_trade,time_since_last_symbol_news,latest_known_eps_for_symbol
2,market_research_2026-04-05_01-41-23_live_round,413d064b6f554bdf9cbb171019ed8626,2026-04-05T06:41:23.686865+00:00,1775371283686865000,186994032869666,,,,ETF,3089,115,,,,
594,market_research_2026-04-05_01-41-23_live_round,413d064b6f554bdf9cbb171019ed8626,2026-04-05T06:41:24.516826+00:00,1775371284516826000,186994862825750,,,,ETF,3088,115,3086.5,-3.0,,
599,market_research_2026-04-05_01-41-23_live_round,413d064b6f554bdf9cbb171019ed8626,2026-04-05T06:41:24.517653+00:00,1775371284517653000,186994863652083,,,,ETF,3087,170,3086.5,-1.0,,
3806,market_research_2026-04-05_01-41-23_live_round,413d064b6f554bdf9cbb171019ed8626,2026-04-05T06:41:28.980726+00:00,1775371288980726000,186999326701750,50,,,ETF,3067,115,3068.0,-2.0,,
3811,market_research_2026-04-05_01-41-23_live_round,413d064b6f554bdf9cbb171019ed8626,2026-04-05T06:41:28.982966+00:00,1775371288982966000,186999328941958,50,,,ETF,3068,170,3068.0,0.0,,
4245,market_research_2026-04-05_01-41-23_live_round,413d064b6f554bdf9cbb171019ed8626,2026-04-05T06:41:29.597779+00:00,1775371289597779000,186999943753041,50,,,ETF,3077,115,3075.5,-3.0,,
4250,market_research_2026-04-05_01-41-23_live_round,413d064b6f554bdf9cbb171019ed8626,2026-04-05T06:41:29.600197+00:00,1775371289600197000,186999946170291,50,,,ETF,3076,170,3075.5,-1.0,,
4979,market_research_2026-04-05_01-41-23_live_round,413d064b6f554bdf9cbb171019ed8626,2026-04-05T06:41:30.596959+00:00,1775371290596959000,187000942928416,50,,,ETF,3073,115,3073.0,0.0,,
5016,market_research_2026-04-05_01-41-23_live_round,413d064b6f554bdf9cbb171019ed8626,2026-04-05T06:41:30.696183+00:00,1775371290696183000,187001042152583,50,,,ETF,3074,170,3079.0,-10.0,,
5017,market_research_2026-04-05_01-41-23_live_round,413d064b6f554bdf9cbb171019ed8626,2026-04-05T06:41:30.697127+00:00,1775371290697127000,187001043096541,50,,,ETF,3075,225,3079.0,-10.0,,
5018,market_research_2026-04-05_01-41-23_live_round,413d064b6f554bdf9cbb171019ed8626,2026-04-05T06:41:30.697629+00:00,1775371290697629000,187001043598250,50,,,ETF,3076,280,3079.0,-10.0,,
5019,market_research_2026-04-05_01-41-23_live_round,413d064b6f554bdf9cbb171019ed8626,2026-04-05T06:41:30.697997+00:00,1775371290697997000,187001043966625,50,,,ETF,3077,335,3079.0,-10.0,,
5020,market_research_2026-04-05_01-41-23_live_round,413d064b6f554bdf9cbb171019ed8626,2026-04-05T06:41:30.698194+00:00,1775371290698194000,187001044163416,50,,,ETF,3078,198,3079.0,-10.0,,
7034,market_research_2026-04-05_01-41-23_live_round,413d064b6f554bdf9cbb171019ed8626,2026-04-05T06:41:33.439025+00:00,1775371293439025000,187003784985333,50,,,ETF,3062,115,3061.5,-1.0,,
7218,market_research_2026-04-05_01-41-23_live_round,413d064b6f554bdf9cbb171019ed8626,2026-04-05T06:41:33.670403+00:00,1775371293670403000,187004016362500,50,,,ETF,3067,115,3070.5,-7.0,,
7219,market_research_2026-04-05_01-41-23_live_round,413d064b6f554bdf9cbb171019ed8626,2026-04-05T06:41:33.670496+00:00,1775371293670496000,187004016455875,50,,,ETF,3068,170,3070.5,-7.0,,
7220,market_research_2026-04-05_01-41-23_live_round,413d064b6f554bdf9cbb171019ed8626,2026-04-05T06:41:33.670572+00:00,1775371293670572000,187004016531291,50,,,ETF,3069,555,3070.5,-7.0,,
7221,market_research_2026-04-05_01-41-23_live_round,413d064b6f554bdf9cbb171019ed8626,2026-04-05T06:41:33.670646+00:00,1775371293670646000,187004016606166,50,,,ETF,3069,225,3070.5,-7.0,,
7222,market_research_2026-04-05_01-41-23_live_round,413d064b6f554bdf9cbb171019ed8626,2026-04-05T06:41:33.670719+00:00,1775371293670719000,187004016679083,50,,,ETF,3070,143,3070.5,-7.0,,
8211,market_research_2026-04-05_01-41-23_live_round,413d064b6f554bdf9cbb171019ed8626,2026-04-05T06:41:35.062605+00:00,1775371295062605000,187005408560791,50,,,ETF,3061,115,3058.5,-5.0,,
8216,market_research_2026-04-05_01-41-23_live_round,413d064b6f554bdf9cbb171019ed8626,2026-04-05T06:41:35.066246+00:00,1775371295066246000,187005412201583,50,,,ETF,3060,170,3058.5,-3.0,,
8221,market_research_2026-04-05_01-41-23_live_round,413d064b6f554bdf9cbb171019ed8626,2026-04-05T06:41:35.069884+00:00,1775371295069884000,187005415840125,50,,,ETF,3059,225,3058.5,-1.0,,
8937,market_research_2026-04-05_01-41-23_live_round,413d064b6f554bdf9cbb171019ed8626,2026-04-05T06:41:36.093424+00:00,1775371296093424000,187006439377458,50,,,ETF,3066,115,3066.0,0.0,,
10874,market_research_2026-04-05_01-41-23_live_round,413d064b6f554bdf9cbb171019ed8626,2026-04-05T06:41:39.105012+00:00,1775371299105012000,187009450959875,100,,,ETF,3086,115,3087.0,-2.0,,
10875,market_research_2026-04-05_01-41-23_live_round,413d064b6f554bdf9cbb171019ed8626,2026-04-05T06:41:39.105844+00:00,1775371299105844000,187009451791916,100,,,ETF,3087,170,3087.0,-2.0,,
10876,market_research_2026-04-05_01-41-23_live_round,413d064b6f554bdf9cbb171019ed8626,2026-04-05T06:41:39.105991+00:00,1775371299105991000,187009451939625,100,,,ETF,3088,225,3087.0,-2.0,,
11316,market_research_2026-04-05_01-41-23_live_round,413d064b6f554bdf9cbb171019ed8626,2026-04-05T06:41:39.900651+00:00,1775371299900651000,187010246598166,100,,,ETF,3089,115,3087.5,-3.0,,
11317,market_research_2026-04-05_01-41-23_live_round,413d064b6f554bdf9cbb171019ed8626,2026-04-05T06:41:39.902011+00:00,1775371299902011000,187010247958083,100,,,ETF,3088,170,3087.5,-3.0,,
11318,market_research_2026-04-05_01-41-23_live_round,413d064b6f554bdf9cbb171019ed8626,2026-04-05T06:41:39.902532+00:00,1775371299902532000,187010248479125,100,,,ETF,3087,225,3087.5,-3.0,,
11319,market_research_2026-04-05_01-41-23_live_round,413d064b6f554bdf9cbb171019ed8626,2026-04-05T06:41:39.902651+00:00,1775371299902651000,187010248597833,100,,,ETF,3086,280,3087.5,-3.0,,
12183,market_research_2026-04-05_01-41-23_live_round,413d064b6f554bdf9cbb171019ed8626,2026-04-05T06:41:41.580750+00:00,1775371301580750000,187011926694666,100,,,ETF,3099,115,3097.0,-4.0,,
12188,market_research_2026-04-05_01-41-23_live_round,413d064b6f554bdf9cbb171019ed8626,2026-04-05T06:41:41.593712+00:00,1775371301593712000,187011939657041,100,,,ETF,3098,170,3097.0,-2.0,,
12193,market_research_2026-04-05_01-41-23_live_round,413d064b6f554bdf9cbb171019ed8626,2026-04-05T06:41:41.615958+00:00,1775371301615958000,187011961903375,100,,,ETF,3097,225,3097.0,0.0,,
12333,market_research_2026-04-05_01-41-23_live_round,413d064b6f554bdf9cbb171019ed8626,2026-04-05T06:41:41.912092+00:00,1775371301912092000,187012258036750,100,,,ETF,3091,115,3089.0,-4.0,,
12338,market_research_2026-04-05_01-41-23_live_round,413d064b6f554bdf9cbb171019ed8626,2026-04-05T06:41:41.922354+00:00,1775371301922354000,187012268298458,100,,,ETF,3091,170,3089.5,-3.0,,
12343,market_research_2026-04-05_01-41-23_live_round,413d064b6f554bdf9cbb171019ed8626,2026-04-05T06:41:41.931909+00:00,1775371301931909000,187012277853500,100,,,ETF,3091,225,3090.0,-2.0,,
12348,market_research_2026-04-05_01-41-23_live_round,413d064b6f554bdf9cbb171019ed8626,2026-04-05T06:41:41.938602+00:00,1775371301938602000,187012284547000,100,,,ETF,3091,45,3090.5,-1.0,,
12665,market_research_2026-04-05_01-41-23_live_round,413d064b6f554bdf9cbb171019ed8626,2026-04-05T06:41:42.571343+00:00,1775371302571343000,187012917287125,100,,,ETF,3086,115,3089.5,-7.0,,
12666,market_research_2026-04-05_01-41-23_live_round,413d064b6f554bdf9cbb171019ed8626,2026-04-05T06:41:42.571895+00:00,1775371302571895000,187012917839291,100,,,ETF,3087,170,3089.5,-7.0,,
12667,market_research_2026-04-05_01-41-23_live_round,413d064b6f554bdf9cbb171019ed8626,2026-04-05T06:41:42.571995+00:00,1775371302571995000,187012917939166,100,,,ETF,3088,225,3089.5,-7.0,,
12668,market_research_2026-04-05_01-41-23_live_round,413d064b6f554bdf9cbb171019ed8626,2026-04-05T06:41:42.572085+00:00,1775371302572085000,187012918028791,100,,,ETF,3089,280,3089.5,-7.0,,
12669,market_research_2026-04-05_01-41-23_live_round,413d064b6f554bdf9cbb171019ed8626,2026-04-05T06:41:42.572195+00:00,1775371302572195000,187012918139125,100,,,ETF,3090,335,3089.5,-7.0,,
12670,market_research_2026-04-05_01-41-23_live_round,413d064b6f554bdf9cbb171019ed8626,2026-04-05T06:41:42.572293+00:00,1775371302572293000,187012918237125,100,,,ETF,3091,83,3089.5,-7.0,,
13334,market_research_2026-04-05_01-41-23_live_round,413d064b6f554bdf9cbb171019ed8626,2026-04-05T06:41:43.865827+00:00,1775371303865827000,187014211770208,100,,,ETF,3067,115,3064.0,-6.0,,
13345,market_research_2026-04-05_01-41-23_live_round,413d064b6f554bdf9cbb171019ed8626,2026-04-05T06:41:43.885284+00:00,1775371303885284000,187014231227125,100,,,ETF,3066,170,3064.0,-4.0,,
13357,market_research_2026-04-05_01-41-23_live_round,413d064b6f554bdf9cbb171019ed8626,2026-04-05T06:41:43.911897+00:00,1775371303911897000,187014257840541,100,,,ETF,3065,225,3064.0,-2.0,,
13368,market_research_2026-04-05_01-41-23_live_round,413d064b6f554bdf9cbb171019ed8626,2026-04-05T06:41:43.935533+00:00,1775371303935533000,187014281475875,100,,,ETF,3064,280,3064.0,0.0,,
13495,market_research_2026-04-05_01-41-23_live_round,413d064b6f554bdf9cbb171019ed8626,2026-04-05T06:41:44.170320+00:00,1775371304170320000,187014516262666,100,,,ETF,3059,115,3058.5,-1.0,,
13502,market_research_2026-04-05_01-41-23_live_round,413d064b6f554bdf9cbb171019ed8626,2026-04-05T06:41:44.181584+00:00,1775371304181584000,187014527527166,100,,,ETF,3059,170,3059.0,0.0,,
14372,market_research_2026-04-05_01-41-23_live_round,413d064b6f554bdf9cbb171019ed8626,2026-04-05T06:41:46.114995+00:00,1775371306114995000,187016460936708,100,,,ETF,3066,115,3066.0,0.0,,
14666,market_research_2026-04-05_01-41-23_live_round,413d064b6f554bdf9cbb171019ed8626,2026-04-05T06:41:46.752997+00:00,1775371306752997000,187017098938083,100,,,ETF,3071,115,3071.5,-1.0,,
15034,market_research_2026-04-05_01-41-23_live_round,413d064b6f554bdf9cbb171019ed8626,2026-04-05T06:41:47.557629+00:00,1775371307557629000,187017903570250,100,,,ETF,3084,115,3088.0,-8.0,,
15035,market_research_2026-04-05_01-41-23_live_round,413d064b6f554bdf9cbb171019ed8626,2026-04-05T06:41:47.558226+00:00,1775371307558226000,187017904167000,100,,,ETF,3085,170,3088.0,-8.0,,
15036,market_research_2026-04-05_01-41-23_live_round,413d064b6f554bdf9cbb171019ed8626,2026-04-05T06:41:47.558323+00:00,1775371307558323000,187017904264333,100,,,ETF,3086,225,3088.0,-8.0,,
15037,market_research_2026-04-05_01-41-23_live_round,413d064b6f554bdf9cbb171019ed8626,2026-04-05T06:41:47.559112+00:00,1775371307559112000,187017905053916,100,,,ETF,3087,280,3088.0,-8.0,,
15038,market_research_2026-04-05_01-41-23_live_round,413d064b6f554bdf9cbb171019ed8626,2026-04-05T06:41:47.559204+00:00,1775371307559204000,187017905145708,100,,,ETF,3088,335,3088.0,-8.0,,
15039,market_research_2026-04-05_01-41-23_live_round,413d064b6f554bdf9cbb171019ed8626,2026-04-05T06:41:47.559284+00:00,1775371307559284000,187017905225166,100,,,ETF,3089,83,3088.0,-8.0,,
15559,market_research_2026-04-05_01-41-23_live_round,413d064b6f554bdf9cbb171019ed8626,2026-04-05T06:41:48.818480+00:00,1775371308818480000,187019164420583,100,,,ETF,3080,115,3078.5,-3.0,,
15567,market_research_2026-04-05_01-41-23_live_round,413d064b6f554bdf9cbb171019ed8626,2026-04-05T06:41:48.839584+00:00,1775371308839584000,187019185524541,100,,,ETF,3079,170,3078.5,-1.0,,
16515,market_research_2026-04-05_01-41-23_live_round,413d064b6f554bdf9cbb171019ed8626,2026-04-05T06:41:51.223959+00:00,1775371311223959000,187021569900250,100,,,ETF,3096,115,3099.5,-7.0,,
16516,market_research_2026-04-05_01-41-23_live_round,413d064b6f554bdf9cbb171019ed8626,2026-04-05T06:41:51.224081+00:00,1775371311224081000,187021570022500,100,,,ETF,3097,170,3099.5,-7.0,,
16517,market_research_2026-04-05_01-41-23_live_round,413d064b6f554bdf9cbb171019ed8626,2026-04-05T06:41:51.224200+00:00,1775371311224200000,187021570141541,100,,,ETF,3098,225,3099.5,-7.0,,
16518,market_research_2026-04-05_01-41-23_live_round,413d064b6f554bdf9cbb171019ed8626,2026-04-05T06:41:51.224304+00:00,1775371311224304000,187021570245666,100,,,ETF,3099,280,3099.5,-7.0,,
16519,market_research_2026-04-05_01-41-23_live_round,413d064b6f554bdf9cbb171019ed8626,2026-04-05T06:41:51.224415+00:00,1775371311224415000,187021570356166,100,,,ETF,3100,335,3099.5,-7.0,,
16520,market_research_2026-04-05_01-41-23_live_round,413d064b6f554bdf9cbb171019ed8626,2026-04-05T06:41:51.224509+00:00,1775371311224509000,187021570450458,100,,,ETF,3101,83,3099.5,-7.0,,
16963,market_research_2026-04-05_01-41-23_live_round,413d064b6f554bdf9cbb171019ed8626,2026-04-05T06:41:52.323226+00:00,1775371312323226000,187022669167291,100,,,ETF,3094,115,3096.0,-4.0,,
16964,market_research_2026-04-05_01-41-23_live_round,413d064b6f554bdf9cbb171019ed8626,2026-04-05T06:41:52.323352+00:00,1775371312323352000,187022669293875,100,,,ETF,3095,170,3096.0,-4.0,,
16965,market_research_2026-04-05_01-41-23_live_round,413d064b6f554bdf9cbb171019ed8626,2026-04-05T06:41:52.323448+00:00,1775371312323448000,187022669389375,100,,,ETF,3096,225,3096.0,-4.0,,
16966,market_research_2026-04-05_01-41-23_live_round,413d064b6f554bdf9cbb171019ed8626,2026-04-05T06:41:52.323530+00:00,1775371312323530000,187022669471375,100,,,ETF,3097,280,3096.0,-4.0,,
17930,market_research_2026-04-05_01-41-23_live_round,413d064b6f554bdf9cbb171019ed8626,2026-04-05T06:41:54.836997+00:00,1775371314836997000,187025182939208,150,,,ETF,3085,115,3082.0,-6.0,1.75566575,
17941,market_research_2026-04-05_01-41-23_live_round,413d064b6f554bdf9cbb171019ed8626,2026-04-05T06:41:54.860389+00:00,1775371314860389000,187025206331250,150,,,ETF,3084,170,3082.0,-4.0,1.779057792,
17957,market_research_2026-04-05_01-41-23_live_round,413d064b6f554bdf9cbb171019ed8626,2026-04-05T06:41:54.896536+00:00,1775371314896536000,187025242478708,150,,,ETF,3083,225,3082.0,-2.0,1.81520525,
17964,market_research_2026-04-05_01-41-23_live_round,413d064b6f554bdf9cbb171019ed8626,2026-04-05T06:41:54.909960+00:00,1775371314909960000,187025255901833,150,,,ETF,3082,280,3082.0,0.0,1.828628375,
18085,market_research_2026-04-05_01-41-23_live_round,413d064b6f554bdf9cbb171019ed8626,2026-04-05T06:41:55.224325+00:00,1775371315224325000,187025570267500,150,,,ETF,3077,115,3076.5,-1.0,2.142994042,
18095,market_research_2026-04-05_01-41-23_live_round,413d064b6f554bdf9cbb171019ed8626,2026-04-05T06:41:55.246611+00:00,1775371315246611000,187025592553500,150,,,ETF,3077,170,3077.0,0.0,2.165280042,
18603,market_research_2026-04-05_01-41-23_live_round,413d064b6f554bdf9cbb171019ed8626,2026-04-05T06:41:56.593722+00:00,1775371316593722000,187026939665291,150,,,ETF,3045,555,3041.0,-8.0,3.512391833,
18604,market_research_2026-04-05_01-41-23_live_round,413d064b6f554bdf9cbb171019ed8626,2026-04-05T06:41:56.593821+00:00,1775371316593821000,187026939764666,150,,,ETF,3043,115,3041.0,-8.0,3.512491208,
18605,market_research_2026-04-05_01-41-23_live_round,413d064b6f554bdf9cbb171019ed8626,2026-04-05T06:41:56.593904+00:00,1775371316593904000,187026939847000,150,,,ETF,3042,170,3041.0,-8.0,3.512573542,
18606,market_research_2026-04-05_01-41-23_live_round,413d064b6f554bdf9cbb171019ed8626,2026-04-05T06:41:56.593982+00:00,1775371316593982000,187026939925250,150,,,ETF,3041,225,3041.0,-8.0,3.512651792,
18607,market_research_2026-04-05_01-41-23_live_round,413d064b6f554bdf9cbb171019ed8626,2026-04-05T06:41:56.594058+00:00,1775371316594058000,187026940000958,150,,,ETF,3040,143,3041.0,-8.0,3.5127275,
22345,market_research_2026-04-05_01-41-23_live_round,413d064b6f554bdf9cbb171019ed8626,2026-04-05T06:42:07.559935+00:00,1775371327559935000,187037905887333,175,,,ETF,3029,115,3028.0,-2.0,14.478613875,
22367,market_research_2026-04-05_01-41-23_live_round,413d064b6f554bdf9cbb171019ed8626,2026-04-05T06:42:07.627839+00:00,1775371327627839000,187037973791791,175,,,ETF,3029,170,3028.5,-1.0,14.546518333,
22375,market_research_2026-04-05_01-41-23_live_round,413d064b6f554bdf9cbb171019ed8626,2026-04-05T06:42:07.653887+00:00,1775371327653887000,187037999839208,175,,,ETF,3029,225,3029.0,0.0,14.57256575,
23235,market_research_2026-04-05_01-41-23_live_round,413d064b6f554bdf9cbb171019ed8626,2026-04-05T06:42:10.607907+00:00,1775371330607907000,187040953863083,175,,,ETF,3038,115,3038.0,0.0,17.526589625,
23448,market_research_2026-04-05_01-41-23_live_round,413d064b6f554bdf9cbb171019ed8626,2026-04-05T06:42:11.374430+00:00,1775371331374430000,187041720386208,175,,,ETF,3025,115,3021.5,-7.0,18.29311275,
23449,market_research_2026-04-05_01-41-23_live_round,413d064b6f554bdf9cbb171019ed8626,2026-04-05T06:42:11.374613+00:00,1775371331374613000,187041720569500,175,,,ETF,3024,170,3021.5,-7.0,18.293296042,
23450,market_research_2026-04-05_01-41-23_live_round,413d064b6f554bdf9cbb171019ed8626,2026-04-05T06:42:11.374782+00:00,1775371331374782000,187041720738916,175,,,ETF,3023,225,3021.5,-7.0,18.293465458,
23451,market_research_2026-04-05_01-41-23_live_round,413d064b6f554bdf9cbb171019ed8626,2026-04-05T06:42:11.374900+00:00,1775371331374900000,187041720856541,175,,,ETF,3022,280,3021.5,-7.0,18.293583083,
23452,market_research_2026-04-05_01-41-23_live_round,413d064b6f554bdf9cbb171019ed8626,2026-04-05T06:42:11.375011+00:00,1775371331375011000,187041720967666,175,,,ETF,3021,335,3021.5,-7.0,18.293694208,
23453,market_research_2026-04-05_01-41-23_live_round,413d064b6f554bdf9cbb171019ed8626,2026-04-05T06:42:11.376246+00:00,1775371331376246000,187041722203333,175,,,ETF,3020,83,3021.5,-7.0,18.294929875,
23677,market_research_2026-04-05_01-41-23_live_round,413d064b6f554bdf9cbb171019ed8626,2026-04-05T06:42:12.095589+00:00,1775371332095589000,187042441546833,175,,,ETF,3034,115,3034.0,0.0,19.014273375,
25278,market_research_2026-04-05_01-41-23_live_round,413d064b6f554bdf9cbb171019ed8626,2026-04-05T06:42:16.985426+00:00,1775371336985426000,187047331389250,175,,,ETF,3036,115,3036.0,0.0,23.904115792,
25733,market_research_2026-04-05_01-41-23_live_round,413d064b6f554bdf9cbb171019ed8626,2026-04-05T06:42:18.518346+00:00,1775371338518346000,187048864311625,175,,,ETF,3033,115,3031.5,-3.0,25.437038167,
25738,market_research_2026-04-05_01-41-23_live_round,413d064b6f554bdf9cbb171019ed8626,2026-04-05T06:42:18.532393+00:00,1775371338532393000,187048878359250,175,,,ETF,3032,170,3031.5,-1.0,25.451085792,
25881,market_research_2026-04-05_01-41-23_live_round,413d064b6f554bdf9cbb171019ed8626,2026-04-05T06:42:19.023683+00:00,1775371339023683000,187049369649250,175,,,ETF,3025,115,3021.5,-7.0,25.942375792,
25886,market_research_2026-04-05_01-41-23_live_round,413d064b6f554bdf9cbb171019ed8626,2026-04-05T06:42:19.039761+00:00,1775371339039761000,187049385727541,175,,,ETF,3025,170,3022.0,-6.0,25.958454083,
25895,market_research_2026-04-05_01-41-23_live_round,413d064b6f554bdf9cbb171019ed8626,2026-04-05T06:42:19.070200+00:00,1775371339070200000,187049416165958,175,,,ETF,3025,225,3022.5,-5.0,25.9888925,
25900,market_research_2026-04-05_01-41-23_live_round,413d064b6f554bdf9cbb171019ed8626,2026-04-05T06:42:19.085670+00:00,1775371339085670000,187049431636750,175,,,ETF,3025,45,3023.0,-4.0,26.004363292,
26344,market_research_2026-04-05_01-41-23_live_round,413d064b6f554bdf9cbb171019ed8626,2026-04-05T06:42:20.589749+00:00,1775371340589749000,187050935717583,175,,,ETF,3015,115,3018.0,-6.0,27.508444125,
26349,market_research_2026-04-05_01-41-23_live_round,413d064b6f554bdf9cbb171019ed8626,2026-04-05T06:42:20.604854+00:00,1775371340604854000,187050950822375,175,,,ETF,3016,170,3018.0,-4.0,27.523548917,
26354,market_research_2026-04-05_01-41-23_live_round,413d064b6f554bdf9cbb171019ed8626,2026-04-05T06:42:20.618413+00:00,1775371340618413000,187050964381958,175,,,ETF,3017,225,3018.0,-2.0,27.5371085,
26359,market_research_2026-04-05_01-41-23_live_round,413d064b6f554bdf9cbb171019ed8626,2026-04-05T06:42:20.632949+00:00,1775371340632949000,187050978917958,175,,,ETF,3018,280,3018.0,0.0,27.5516445,
28780,market_research_2026-04-05_01-41-23_live_round,413d064b6f554bdf9cbb171019ed8626,2026-04-05T06:42:29.206734+00:00,1775371349206734000,187059552714333,175,,,ETF,3007,115,3007.5,-1.0,36.125440875,
28781,market_research_2026-04-05_01-41-23_live_round,413d064b6f554bdf9cbb171019ed8626,2026-04-05T06:42:29.207953+00:00,1775371349207953000,187059553933791,175,,,ETF,3008,170,3007.5,-1.0,36.126660333,
38065,market_research_2026-04-05_01-41-23_live_round,413d064b6f554bdf9cbb171019ed8626,2026-04-05T06:43:10.072928+00:00,1775371390072928000,187100418970041,175,,,ETF,3013,115,3007.5,-11.0,76.991696583,
38073,market_research_2026-04-05_01-41-23_live_round,413d064b6f554bdf9cbb171019ed8626,2026-04-05T06:43:10.110134+00:00,1775371390110134000,187100456175541,175,,,ETF,3012,170,3007.5,-9.0,77.028902083,
38079,market_research_2026-04-05_01-41-23_live_round,413d064b6f554bdf9cbb171019ed8626,2026-04-05T06:43:10.140146+00:00,1775371390140146000,187100486188416,175,,,ETF,3011,225,3007.5,-7.0,77.058914958,
38092,market_research_2026-04-05_01-41-23_live_round,413d064b6f554bdf9cbb171019ed8626,2026-04-05T06:43:10.207885+00:00,1775371390207885000,187100553927125,175,,,ETF,3010,280,3007.5,-5.0,77.126653667,
38098,market_research_2026-04-05_01-41-23_live_round,413d064b6f554bdf9cbb171019ed8626,2026-04-05T06:43:10.239779+00:00,1775371390239779000,187100585821625,175,,,ETF,3009,335,3007.5,-3.0,77.158548167,
38107,market_research_2026-04-05_01-41-23_live_round,413d064b6f554bdf9cbb171019ed8626,2026-04-05T06:43:10.288545+00:00,1775371390288545000,187100634586833,175,,,ETF,3008,390,3007.5,-1.0,77.207313375,
38112,market_research_2026-04-05_01-41-23_live_round,413d064b6f554bdf9cbb171019ed8626,2026-04-05T06:43:10.312182+00:00,1775371390312182000,187100658224666,175,,,ETF,3008,445,3008.0,0.0,77.230951208,
39103,market_research_2026-04-05_01-41-23_live_round,413d064b6f554bdf9cbb171019ed8626,2026-04-05T06:43:15.800246+00:00,1775371395800246000,187106146296958,175,,,ETF,3013,115,3015.0,-4.0,82.7190235,
39108,market_research_2026-04-05_01-41-23_live_round,413d064b6f554bdf9cbb171019ed8626,2026-04-05T06:43:15.824113+00:00,1775371395824113000,187106170163791,175,,,ETF,3014,170,3015.0,-2.0,82.742890333,
39113,market_research_2026-04-05_01-41-23_live_round,413d064b6f554bdf9cbb171019ed8626,2026-04-05T06:43:15.847656+00:00,1775371395847656000,187106193706625,175,,,ETF,3015,225,3015.0,0.0,82.766433167,
39851,market_research_2026-04-05_01-41-23_live_round,413d064b6f554bdf9cbb171019ed8626,2026-04-05T06:43:19.750969+00:00,1775371399750969000,187110097025916,300,,,ETF,3018,115,3018.5,-1.0,1.946039291,
39995,market_research_2026-04-05_01-41-23_live_round,413d064b6f554bdf9cbb171019ed8626,2026-04-05T06:43:20.454593+00:00,1775371400454593000,187110800650708,300,,,ETF,3026,115,3026.5,-1.0,2.649664083,
40005,market_research_2026-04-05_01-41-23_live_round,413d064b6f554bdf9cbb171019ed8626,2026-04-05T06:43:20.498871+00:00,1775371400498871000,187110844928916,300,,,ETF,3026,170,3026.0,0.0,2.693942291,
40148,market_research_2026-04-05_01-41-23_live_round,413d064b6f554bdf9cbb171019ed8626,2026-04-05T06:43:21.198657+00:00,1775371401198657000,187111544716625,300,,,ETF,3039,115,3039.0,0.0,3.39373,
40590,market_research_2026-04-05_01-41-23_live_round,413d064b6f554bdf9cbb171019ed8626,2026-04-05T06:43:23.360380+00:00,1775371403360380000,187113706442791,300,,,ETF,3061,115,3067.0,-12.0,5.555456166,
40595,market_research_2026-04-05_01-41-23_live_round,413d064b6f554bdf9cbb171019ed8626,2026-04-05T06:43:23.380364+00:00,1775371403380364000,187113726426416,300,,,ETF,3061,170,3066.5,-11.0,5.575439791,
40603,market_research_2026-04-05_01-41-23_live_round,413d064b6f554bdf9cbb171019ed8626,2026-04-05T06:43:23.415573+00:00,1775371403415573000,187113761635583,300,,,ETF,3061,225,3066.0,-10.0,5.610648958,
40613,market_research_2026-04-05_01-41-23_live_round,413d064b6f554bdf9cbb171019ed8626,2026-04-05T06:43:23.460922+00:00,1775371403460922000,187113806984875,300,,,ETF,3061,45,3065.5,-9.0,5.65599825,
40614,market_research_2026-04-05_01-41-23_live_round,413d064b6f554bdf9cbb171019ed8626,2026-04-05T06:43:23.462643+00:00,1775371403462643000,187113808706291,300,,,ETF,3063,115,3065.5,-9.0,5.657719666,
40615,market_research_2026-04-05_01-41-23_live_round,413d064b6f554bdf9cbb171019ed8626,2026-04-05T06:43:23.462733+00:00,1775371403462733000,187113808795583,300,,,ETF,3064,120,3065.5,-9.0,5.657808958,
40623,market_research_2026-04-05_01-41-23_live_round,413d064b6f554bdf9cbb171019ed8626,2026-04-05T06:43:23.497567+00:00,1775371403497567000,187113843630416,300,,,ETF,3064,50,3066.5,-5.0,5.692643791,
40624,market_research_2026-04-05_01-41-23_live_round,413d064b6f554bdf9cbb171019ed8626,2026-04-05T06:43:23.497659+00:00,1775371403497659000,187113843721541,300,,,ETF,3065,225,3066.5,-5.0,5.692734916,
40625,market_research_2026-04-05_01-41-23_live_round,413d064b6f554bdf9cbb171019ed8626,2026-04-05T06:43:23.497763+00:00,1775371403497763000,187113843826416,300,,,ETF,3066,60,3066.5,-5.0,5.692839791,
40640,market_research_2026-04-05_01-41-23_live_round,413d064b6f554bdf9cbb171019ed8626,2026-04-05T06:43:23.568747+00:00,1775371403568747000,187113914810083,300,,,ETF,3066,220,3067.0,-2.0,5.763823458,
40641,market_research_2026-04-05_01-41-23_live_round,413d064b6f554bdf9cbb171019ed8626,2026-04-05T06:43:23.570409+00:00,1775371403570409000,187113916471916,300,,,ETF,3067,170,3067.0,-2.0,5.765485291,
40650,market_research_2026-04-05_01-41-23_live_round,413d064b6f554bdf9cbb171019ed8626,2026-04-05T06:43:23.610767+00:00,1775371403610767000,187113956830416,300,,,ETF,3067,165,3067.0,0.0,5.805843791,
40760,market_research_2026-04-05_01-41-23_live_round,413d064b6f554bdf9cbb171019ed8626,2026-04-05T06:43:24.180752+00:00,1775371404180752000,187114526816083,300,,,ETF,3071,115,3074.0,-6.0,6.375829458,
40766,market_research_2026-04-05_01-41-23_live_round,413d064b6f554bdf9cbb171019ed8626,2026-04-05T06:43:24.206116+00:00,1775371404206116000,187114552180166,300,,,ETF,3071,170,3073.5,-5.0,6.401193541,
40774,market_research_2026-04-05_01-41-23_live_round,413d064b6f554bdf9cbb171019ed8626,2026-04-05T06:43:24.242809+00:00,1775371404242809000,187114588873125,300,,,ETF,3071,225,3073.0,-4.0,6.4378865,
40780,market_research_2026-04-05_01-41-23_live_round,413d064b6f554bdf9cbb171019ed8626,2026-04-05T06:43:24.267883+00:00,1775371404267883000,187114613947458,300,,,ETF,3071,45,3072.5,-3.0,6.462960833,
40916,market_research_2026-04-05_01-41-23_live_round,413d064b6f554bdf9cbb171019ed8626,2026-04-05T06:43:24.967838+00:00,1775371404967838000,187115313902875,300,,,ETF,3089,115,3091.5,-5.0,7.16291625,
40924,market_research_2026-04-05_01-41-23_live_round,413d064b6f554bdf9cbb171019ed8626,2026-04-05T06:43:25.004827+00:00,1775371405004827000,187115350892333,300,,,ETF,3090,170,3091.5,-3.0,7.199905708,
40931,market_research_2026-04-05_01-41-23_live_round,413d064b6f554bdf9cbb171019ed8626,2026-04-05T06:43:25.038325+00:00,1775371405038325000,187115384390583,300,,,ETF,3091,225,3091.5,-1.0,7.233403958,
41436,market_research_2026-04-05_01-41-23_live_round,413d064b6f554bdf9cbb171019ed8626,2026-04-05T06:43:27.728450+00:00,1775371407728450000,187118074519750,300,,,ETF,3104,115,3105.0,-2.0,9.923533125,
41437,market_research_2026-04-05_01-41-23_live_round,413d064b6f554bdf9cbb171019ed8626,2026-04-05T06:43:27.730124+00:00,1775371407730124000,187118076193583,300,,,ETF,3105,170,3105.0,-2.0,9.925206958,
41438,market_research_2026-04-05_01-41-23_live_round,413d064b6f554bdf9cbb171019ed8626,2026-04-05T06:43:27.730210+00:00,1775371407730210000,187118076279833,300,,,ETF,3106,225,3105.0,-2.0,9.925293208,
43648,market_research_2026-04-05_01-41-23_live_round,413d064b6f554bdf9cbb171019ed8626,2026-04-05T06:43:39.704872+00:00,1775371419704872000,187130050960250,300,,,ETF,3104,115,3105.0,-2.0,21.899973625,
43649,market_research_2026-04-05_01-41-23_live_round,413d064b6f554bdf9cbb171019ed8626,2026-04-05T06:43:39.706746+00:00,1775371419706746000,187130052833916,300,,,ETF,3105,170,3105.0,-2.0,21.901847291,
43650,market_research_2026-04-05_01-41-23_live_round,413d064b6f554bdf9cbb171019ed8626,2026-04-05T06:43:39.706835+00:00,1775371419706835000,187130052923125,300,,,ETF,3106,225,3105.0,-2.0,21.9019365,
44031,market_research_2026-04-05_01-41-23_live_round,413d064b6f554bdf9cbb171019ed8626,2026-04-05T06:43:41.853704+00:00,1775371421853704000,187132199794916,300,,,ETF,3082,115,3080.5,-3.0,24.048808291,
44037,market_research_2026-04-05_01-41-23_live_round,413d064b6f554bdf9cbb171019ed8626,2026-04-05T06:43:41.881218+00:00,1775371421881218000,187132227309708,300,,,ETF,3082,170,3081.0,-2.0,24.076323083,
44047,market_research_2026-04-05_01-41-23_live_round,413d064b6f554bdf9cbb171019ed8626,2026-04-05T06:43:41.932145+00:00,1775371421932145000,187132278236208,300,,,ETF,3082,225,3081.5,-1.0,24.127249583,
44057,market_research_2026-04-05_01-41-23_live_round,413d064b6f554bdf9cbb171019ed8626,2026-04-05T06:43:41.981578+00:00,1775371421981578000,187132327669458,300,,,ETF,3082,45,3082.0,0.0,24.176682833,
45447,market_research_2026-04-05_01-41-23_live_round,413d064b6f554bdf9cbb171019ed8626,2026-04-05T06:43:49.735085+00:00,1775371429735085000,187140081188583,300,,,ETF,3080,115,3079.5,-1.0,31.930201958,
45448,market_research_2026-04-05_01-41-23_live_round,413d064b6f554bdf9cbb171019ed8626,2026-04-05T06:43:49.735190+00:00,1775371429735190000,187140081293500,300,,,ETF,3079,170,3079.5,-1.0,31.930306875,
45978,market_research_2026-04-05_01-41-23_live_round,413d064b6f554bdf9cbb171019ed8626,2026-04-05T06:43:52.759042+00:00,1775371432759042000,187143105149750,300,,,ETF,3090,115,3089.5,-1.0,34.954163125,
46566,market_research_2026-04-05_01-41-23_live_round,413d064b6f554bdf9cbb171019ed8626,2026-04-05T06:43:56.176712+00:00,1775371436176712000,187146522825000,300,,,ETF,3090,115,3090.0,0.0,38.371838375,
47231,market_research_2026-04-05_01-41-23_live_round,413d064b6f554bdf9cbb171019ed8626,2026-04-05T06:44:00.067315+00:00,1775371440067315000,187150413434583,300,,,ETF,3084,115,3089.0,-10.0,42.262447958,
47232,market_research_2026-04-05_01-41-23_live_round,413d064b6f554bdf9cbb171019ed8626,2026-04-05T06:44:00.067419+00:00,1775371440067419000,187150413538875,300,,,ETF,3085,170,3089.0,-10.0,42.26255225,
47233,market_research_2026-04-05_01-41-23_live_round,413d064b6f554bdf9cbb171019ed8626,2026-04-05T06:44:00.067512+00:00,1775371440067512000,187150413631458,300,,,ETF,3086,225,3089.0,-10.0,42.262644833,
47234,market_research_2026-04-05_01-41-23_live_round,413d064b6f554bdf9cbb171019ed8626,2026-04-05T06:44:00.067600+00:00,1775371440067600000,187150413719791,300,,,ETF,3087,280,3089.0,-10.0,42.262733166,
47235,market_research_2026-04-05_01-41-23_live_round,413d064b6f554bdf9cbb171019ed8626,2026-04-05T06:44:00.067685+00:00,1775371440067685000,187150413804625,300,,,ETF,3088,335,3089.0,-10.0,42.262818,
47236,market_research_2026-04-05_01-41-23_live_round,413d064b6f554bdf9cbb171019ed8626,2026-04-05T06:44:00.067769+00:00,1775371440067769000,187150413888583,300,,,ETF,3089,83,3089.0,-10.0,42.262901958,
47466,market_research_2026-04-05_01-41-23_live_round,413d064b6f554bdf9cbb171019ed8626,2026-04-05T06:44:01.412141+00:00,1775371441412141000,187151758262333,300,,,ETF,3090,115,3090.5,-1.0,43.607275708,
47834,market_research_2026-04-05_01-41-23_live_round,413d064b6f554bdf9cbb171019ed8626,2026-04-05T06:44:03.604685+00:00,1775371443604685000,187153950809583,300,,,ETF,3100,115,3105.5,-11.0,45.799822958,
47835,market_research_2026-04-05_01-41-23_live_round,413d064b6f554bdf9cbb171019ed8626,2026-04-05T06:44:03.604787+00:00,1775371443604787000,187153950912125,300,,,ETF,3101,170,3105.5,-11.0,45.7999255,
47836,market_research_2026-04-05_01-41-23_live_round,413d064b6f554bdf9cbb171019ed8626,2026-04-05T06:44:03.604875+00:00,1775371443604875000,187153950999875,300,,,ETF,3102,225,3105.5,-11.0,45.80001325,
47837,market_research_2026-04-05_01-41-23_live_round,413d064b6f554bdf9cbb171019ed8626,2026-04-05T06:44:03.604961+00:00,1775371443604961000,187153951086291,300,,,ETF,3103,280,3105.5,-11.0,45.800099666,
47838,market_research_2026-04-05_01-41-23_live_round,413d064b6f554bdf9cbb171019ed8626,2026-04-05T06:44:03.605048+00:00,1775371443605048000,187153951173000,300,,,ETF,3104,335,3105.5,-11.0,45.800186375,
47839,market_research_2026-04-05_01-41-23_live_round,413d064b6f554bdf9cbb171019ed8626,2026-04-05T06:44:03.605130+00:00,1775371443605130000,187153951255041,300,,,ETF,3105,83,3105.5,-11.0,45.800268416,
48516,market_research_2026-04-05_01-41-23_live_round,413d064b6f554bdf9cbb171019ed8626,2026-04-05T06:44:07.730806+00:00,1775371447730806000,187158076937666,300,,,ETF,3104,115,3105.5,-3.0,49.925951041,
48523,market_research_2026-04-05_01-41-23_live_round,413d064b6f554bdf9cbb171019ed8626,2026-04-05T06:44:07.765657+00:00,1775371447765657000,187158111788625,300,,,ETF,3105,170,3105.5,-1.0,49.960802,
49476,market_research_2026-04-05_01-41-23_live_round,413d064b6f554bdf9cbb171019ed8626,2026-04-05T06:44:13.729272+00:00,1775371453729272000,187164075412416,300,,,ETF,3101,555,3104.0,-6.0,55.924425791,
49477,market_research_2026-04-05_01-41-23_live_round,413d064b6f554bdf9cbb171019ed8626,2026-04-05T06:44:13.729401+00:00,1775371453729401000,187164075542166,300,,,ETF,3102,115,3104.0,-6.0,55.924555541,
49478,market_research_2026-04-05_01-41-23_live_round,413d064b6f554bdf9cbb171019ed8626,2026-04-05T06:44:13.729491+00:00,1775371453729491000,187164075632250,300,,,ETF,3103,170,3104.0,-6.0,55.924645625,
49479,market_research_2026-04-05_01-41-23_live_round,413d064b6f554bdf9cbb171019ed8626,2026-04-05T06:44:13.729578+00:00,1775371453729578000,187164075718666,300,,,ETF,3104,225,3104.0,-6.0,55.924732041,
49480,market_research_2026-04-05_01-41-23_live_round,413d064b6f554bdf9cbb171019ed8626,2026-04-05T06:44:13.729661+00:00,1775371453729661000,187164075802375,300,,,ETF,3105,143,3104.0,-6.0,55.92481575,
50149,market_research_2026-04-05_01-41-23_live_round,413d064b6f554bdf9cbb171019ed8626,2026-04-05T06:44:17.968291+00:00,1775371457968291000,187168314438000,300,,,ETF,3099,115,3097.5,-3.0,60.163451375,
50154,market_research_2026-04-05_01-41-23_live_round,413d064b6f554bdf9cbb171019ed8626,2026-04-05T06:44:17.993325+00:00,1775371457993325000,187168339472125,300,,,ETF,3098,170,3097.5,-1.0,60.1884855,
52018,market_research_2026-04-05_01-41-23_live_round,413d064b6f554bdf9cbb171019ed8626,2026-04-05T06:44:29.981141+00:00,1775371469981141000,187180327307250,375,,,ETF,3093,115,3096.5,-7.0,72.176320625,
52019,market_research_2026-04-05_01-41-23_live_round,413d064b6f554bdf9cbb171019ed8626,2026-04-05T06:44:29.983219+00:00,1775371469983219000,187180329384708,375,,,ETF,3094,170,3096.5,-7.0,72.178398083,
52020,market_research_2026-04-05_01-41-23_live_round,413d064b6f554bdf9cbb171019ed8626,2026-04-05T06:44:29.983313+00:00,1775371469983313000,187180329478916,375,,,ETF,3095,225,3096.5,-7.0,72.178492291,
52021,market_research_2026-04-05_01-41-23_live_round,413d064b6f554bdf9cbb171019ed8626,2026-04-05T06:44:29.983402+00:00,1775371469983402000,187180329567791,375,,,ETF,3096,280,3096.5,-7.0,72.178581166,
52022,market_research_2026-04-05_01-41-23_live_round,413d064b6f554bdf9cbb171019ed8626,2026-04-05T06:44:29.983488+00:00,1775371469983488000,187180329654291,375,,,ETF,3097,335,3096.5,-7.0,72.178667666,
52023,market_research_2026-04-05_01-41-23_live_round,413d064b6f554bdf9cbb171019ed8626,2026-04-05T06:44:29.983575+00:00,1775371469983575000,187180329740750,375,,,ETF,3098,83,3096.5,-7.0,72.178754125,
52545,market_research_2026-04-05_01-41-23_live_round,413d064b6f554bdf9cbb171019ed8626,2026-04-05T06:44:33.423431+00:00,1775371473423431000,187183769602541,375,,,ETF,3093,115,3093.5,-1.0,75.618615916,
53661,market_research_2026-04-05_01-41-23_live_round,413d064b6f554bdf9cbb171019ed8626,2026-04-05T06:44:40.865444+00:00,1775371480865444000,187191211626291,375,,,ETF,3087,115,3091.0,-8.0,83.060639666,
53662,market_research_2026-04-05_01-41-23_live_round,413d064b6f554bdf9cbb171019ed8626,2026-04-05T06:44:40.865552+00:00,1775371480865552000,187191211734666,375,,,ETF,3088,170,3091.0,-8.0,83.060748041,
53663,market_research_2026-04-05_01-41-23_live_round,413d064b6f554bdf9cbb171019ed8626,2026-04-05T06:44:40.865647+00:00,1775371480865647000,187191211830125,375,,,ETF,3089,225,3091.0,-8.0,83.0608435,
53664,market_research_2026-04-05_01-41-23_live_round,413d064b6f554bdf9cbb171019ed8626,2026-04-05T06:44:40.865734+00:00,1775371480865734000,187191211916750,375,,,ETF,3090,280,3091.0,-8.0,83.060930125,
53665,market_research_2026-04-05_01-41-23_live_round,413d064b6f554bdf9cbb171019ed8626,2026-04-05T06:44:40.865819+00:00,1775371480865819000,187191212001916,375,,,ETF,3091,335,3091.0,-8.0,83.061015291,
53666,market_research_2026-04-05_01-41-23_live_round,413d064b6f554bdf9cbb171019ed8626,2026-04-05T06:44:40.865901+00:00,1775371480865901000,187191212084416,375,,,ETF,3092,83,3091.0,-8.0,83.061097791,
53899,market_research_2026-04-05_01-41-23_live_round,413d064b6f554bdf9cbb171019ed8626,2026-04-05T06:44:42.424846+00:00,1775371482424846000,187192771030875,375,,,ETF,3091,115,3091.0,0.0,84.62004425,
54044,market_research_2026-04-05_01-41-23_live_round,413d064b6f554bdf9cbb171019ed8626,2026-04-05T06:44:43.372861+00:00,1775371483372861000,187193719047375,375,,,ETF,3099,115,3101.5,-5.0,85.56806075,
54051,market_research_2026-04-05_01-41-23_live_round,413d064b6f554bdf9cbb171019ed8626,2026-04-05T06:44:43.414287+00:00,1775371483414287000,187193760473666,375,,,ETF,3099,170,3101.0,-4.0,85.609487041,
54057,market_research_2026-04-05_01-41-23_live_round,413d064b6f554bdf9cbb171019ed8626,2026-04-05T06:44:43.447433+00:00,1775371483447433000,187193793620291,375,,,ETF,3099,225,3100.5,-3.0,85.642633666,
54063,market_research_2026-04-05_01-41-23_live_round,413d064b6f554bdf9cbb171019ed8626,2026-04-05T06:44:43.480343+00:00,1775371483480343000,187193826530000,375,,,ETF,3099,45,3100.0,-2.0,85.675543375,
54419,market_research_2026-04-05_01-41-23_live_round,413d064b6f554bdf9cbb171019ed8626,2026-04-05T06:44:45.860646+00:00,1775371485860646000,187196206836666,375,,,ETF,3099,115,3090.0,-18.0,88.055850041,
54420,market_research_2026-04-05_01-41-23_live_round,413d064b6f554bdf9cbb171019ed8626,2026-04-05T06:44:45.863034+00:00,1775371485863034000,187196209224875,375,,,ETF,3098,170,3090.0,-18.0,88.05823825,
54421,market_research_2026-04-05_01-41-23_live_round,413d064b6f554bdf9cbb171019ed8626,2026-04-05T06:44:45.863128+00:00,1775371485863128000,187196209318791,375,,,ETF,3097,225,3090.0,-18.0,88.058332166,
54422,market_research_2026-04-05_01-41-23_live_round,413d064b6f554bdf9cbb171019ed8626,2026-04-05T06:44:45.863216+00:00,1775371485863216000,187196209406416,375,,,ETF,3096,280,3090.0,-18.0,88.058419791,
54423,market_research_2026-04-05_01-41-23_live_round,413d064b6f554bdf9cbb171019ed8626,2026-04-05T06:44:45.863301+00:00,1775371485863301000,187196209491333,375,,,ETF,3095,335,3090.0,-18.0,88.058504708,
54424,market_research_2026-04-05_01-41-23_live_round,413d064b6f554bdf9cbb171019ed8626,2026-04-05T06:44:45.863394+00:00,1775371485863394000,187196209584750,375,,,ETF,3094,83,3090.0,-18.0,88.058598125,
54661,market_research_2026-04-05_01-41-23_live_round,413d064b6f554bdf9cbb171019ed8626,2026-04-05T06:44:47.431769+00:00,1775371487431769000,187197777962333,375,,,ETF,3097,115,3098.0,-2.0,89.626975708,
54666,market_research_2026-04-05_01-41-23_live_round,413d064b6f554bdf9cbb171019ed8626,2026-04-05T06:44:47.461222+00:00,1775371487461222000,187197807415250,375,,,ETF,3098,170,3098.0,0.0,89.656428625,
55271,market_research_2026-04-05_01-41-23_live_round,413d064b6f554bdf9cbb171019ed8626,2026-04-05T06:44:51.612125+00:00,1775371491612125000,187201958324333,375,,,ETF,3106,115,3109.0,-6.0,93.807337708,
55282,market_research_2026-04-05_01-41-23_live_round,413d064b6f554bdf9cbb171019ed8626,2026-04-05T06:44:51.682598+00:00,1775371491682598000,187202028798166,375,,,ETF,3107,170,3109.0,-4.0,93.877811541,
55292,market_research_2026-04-05_01-41-23_live_round,413d064b6f554bdf9cbb171019ed8626,2026-04-05T06:44:51.743542+00:00,1775371491743542000,187202089741333,375,,,ETF,3108,225,3109.0,-2.0,93.938754708,
55300,market_research_2026-04-05_01-41-23_live_round,413d064b6f554bdf9cbb171019ed8626,2026-04-05T06:44:51.792410+00:00,1775371491792410000,187202138610000,375,,,ETF,3109,280,3109.0,0.0,93.987623375,
57225,market_research_2026-04-05_01-41-23_live_round,413d064b6f554bdf9cbb171019ed8626,2026-04-05T06:45:05.568008+00:00,1775371505568008000,187215914229541,375,,,ETF,3101,115,3097.0,-8.0,107.763242916,
57235,market_research_2026-04-05_01-41-23_live_round,413d064b6f554bdf9cbb171019ed8626,2026-04-05T06:45:05.635206+00:00,1775371505635206000,187215981427041,375,,,ETF,3100,170,3097.0,-6.0,107.830440416,
57241,market_research_2026-04-05_01-41-23_live_round,413d064b6f554bdf9cbb171019ed8626,2026-04-05T06:45:05.674068+00:00,1775371505674068000,187216020289500,375,,,ETF,3099,225,3097.0,-4.0,107.869302875,
57246,market_research_2026-04-05_01-41-23_live_round,413d064b6f554bdf9cbb171019ed8626,2026-04-05T06:45:05.703184+00:00,1775371505703184000,187216049405750,375,,,ETF,3098,280,3097.0,-2.0,107.898419125,
57257,market_research_2026-04-05_01-41-23_live_round,413d064b6f554bdf9cbb171019ed8626,2026-04-05T06:45:05.778811+00:00,1775371505778811000,187216125032250,375,,,ETF,3097,335,3097.0,0.0,107.974045625,
57383,market_research_2026-04-05_01-41-23_live_round,413d064b6f554bdf9cbb171019ed8626,2026-04-05T06:45:06.725367+00:00,1775371506725367000,187217071589750,375,,,ETF,3093,115,3091.0,-4.0,108.920603125,
57392,market_research_2026-04-05_01-41-23_live_round,413d064b6f554bdf9cbb171019ed8626,2026-04-05T06:45:06.790382+00:00,1775371506790382000,187217136605375,375,,,ETF,3093,170,3091.5,-3.0,108.98561875,
57398,market_research_2026-04-05_01-41-23_live_round,413d064b6f554bdf9cbb171019ed8626,2026-04-05T06:45:06.827300+00:00,1775371506827300000,187217173523333,375,,,ETF,3093,225,3092.0,-2.0,109.022536708,
57407,market_research_2026-04-05_01-41-23_live_round,413d064b6f554bdf9cbb171019ed8626,2026-04-05T06:45:06.887277+00:00,1775371506887277000,187217233499958,375,,,ETF,3093,45,3092.5,-1.0,109.082513333,
58730,market_research_2026-04-05_01-41-23_live_round,413d064b6f554bdf9cbb171019ed8626,2026-04-05T06:45:16.971762+00:00,1775371516971762000,187227318000708,375,,,ETF,3084,115,3084.0,0.0,119.167014083,
59400,market_research_2026-04-05_01-41-23_live_round,413d064b6f554bdf9cbb171019ed8626,2026-04-05T06:45:22.025896+00:00,1775371522025896000,187232372143000,375,,,ETF,3109,115,3115.0,-12.0,124.221156375,
59401,market_research_2026-04-05_01-41-23_live_round,413d064b6f554bdf9cbb171019ed8626,2026-04-05T06:45:22.028581+00:00,1775371522028581000,187232374827500,375,,,ETF,3110,170,3115.0,-12.0,124.223840875,
59402,market_research_2026-04-05_01-41-23_live_round,413d064b6f554bdf9cbb171019ed8626,2026-04-05T06:45:22.028677+00:00,1775371522028677000,187232374924000,375,,,ETF,3111,225,3115.0,-12.0,124.223937375,
59403,market_research_2026-04-05_01-41-23_live_round,413d064b6f554bdf9cbb171019ed8626,2026-04-05T06:45:22.028771+00:00,1775371522028771000,187232375018041,375,,,ETF,3112,280,3115.0,-12.0,124.224031416,
59404,market_research_2026-04-05_01-41-23_live_round,413d064b6f554bdf9cbb171019ed8626,2026-04-05T06:45:22.028867+00:00,1775371522028867000,187232375114125,375,,,ETF,3113,335,3115.0,-12.0,124.2241275,
59405,market_research_2026-04-05_01-41-23_live_round,413d064b6f554bdf9cbb171019ed8626,2026-04-05T06:45:22.028967+00:00,1775371522028967000,187232375214000,375,,,ETF,3114,83,3115.0,-12.0,124.224227375,
61524,market_research_2026-04-05_01-41-23_live_round,413d064b6f554bdf9cbb171019ed8626,2026-04-05T06:45:40.197310+00:00,1775371540197310000,187250543584083,375,,,ETF,3098,115,3100.5,-5.0,142.392597458,
61525,market_research_2026-04-05_01-41-23_live_round,413d064b6f554bdf9cbb171019ed8626,2026-04-05T06:45:40.200290+00:00,1775371540200290000,187250546564500,375,,,ETF,3099,170,3100.5,-5.0,142.395577875,
61526,market_research_2026-04-05_01-41-23_live_round,413d064b6f554bdf9cbb171019ed8626,2026-04-05T06:45:40.200414+00:00,1775371540200414000,187250546688750,375,,,ETF,3100,225,3100.5,-5.0,142.395702125,
61527,market_research_2026-04-05_01-41-23_live_round,413d064b6f554bdf9cbb171019ed8626,2026-04-05T06:45:40.200555+00:00,1775371540200555000,187250546829583,375,,,ETF,3101,280,3100.5,-5.0,142.395842958,
61528,market_research_2026-04-05_01-41-23_live_round,413d064b6f554bdf9cbb171019ed8626,2026-04-05T06:45:40.200690+00:00,1775371540200690000,187250546964625,375,,,ETF,3102,335,3100.5,-5.0,142.395978,
61529,market_research_2026-04-05_01-41-23_live_round,413d064b6f554bdf9cbb171019ed8626,2026-04-05T06:45:40.200790+00:00,1775371540200790000,187250547064958,375,,,ETF,3103,83,3100.5,-5.0,142.396078333,
63784,market_research_2026-04-05_01-41-23_live_round,413d064b6f554bdf9cbb171019ed8626,2026-04-05T06:46:02.284037+00:00,1775371562284037000,187272630345833,375,,,ETF,3110,555,3111.0,-2.0,164.479359208,
63785,market_research_2026-04-05_01-41-23_live_round,413d064b6f554bdf9cbb171019ed8626,2026-04-05T06:46:02.288027+00:00,1775371562288027000,187272634335333,375,,,ETF,3111,115,3111.0,-2.0,164.483348708,
63786,market_research_2026-04-05_01-41-23_live_round,413d064b6f554bdf9cbb171019ed8626,2026-04-05T06:46:02.288326+00:00,1775371562288326000,187272634634958,375,,,ETF,3112,170,3111.0,-2.0,164.483648333,
65258,market_research_2026-04-05_01-41-23_live_round,413d064b6f554bdf9cbb171019ed8626,2026-04-05T06:46:16.728440+00:00,1775371576728440000,187287074772041,375,,,ETF,3090,115,3092.5,-5.0,178.923785416,
65263,market_research_2026-04-05_01-41-23_live_round,413d064b6f554bdf9cbb171019ed8626,2026-04-05T06:46:16.755516+00:00,1775371576755516000,187287101847583,375,,,ETF,3091,170,3092.5,-3.0,178.950860958,
65268,market_research_2026-04-05_01-41-23_live_round,413d064b6f554bdf9cbb171019ed8626,2026-04-05T06:46:16.782952+00:00,1775371576782952000,187287129283166,375,,,ETF,3092,225,3092.5,-1.0,178.978296541,
65300,market_research_2026-04-05_01-41-23_live_round,413d064b6f554bdf9cbb171019ed8626,2026-04-05T06:46:16.993788+00:00,1775371576993788000,187287340119750,375,,,ETF,3098,555,3106.5,-17.0,179.189133125,
65301,market_research_2026-04-05_01-41-23_live_round,413d064b6f554bdf9cbb171019ed8626,2026-04-05T06:46:16.993895+00:00,1775371576993895000,187287340226958,375,,,ETF,3107,115,3106.5,-17.0,179.189240333,
65302,market_research_2026-04-05_01-41-23_live_round,413d064b6f554bdf9cbb171019ed8626,2026-04-05T06:46:16.993988+00:00,1775371576993988000,187287340320166,375,,,ETF,3108,170,3106.5,-17.0,179.189333541,
65303,market_research_2026-04-05_01-41-23_live_round,413d064b6f554bdf9cbb171019ed8626,2026-04-05T06:46:16.994077+00:00,1775371576994077000,187287340408958,375,,,ETF,3109,225,3106.5,-17.0,179.189422333,
65304,market_research_2026-04-05_01-41-23_live_round,413d064b6f554bdf9cbb171019ed8626,2026-04-05T06:46:16.994163+00:00,1775371576994163000,187287340495333,375,,,ETF,3110,143,3106.5,-17.0,179.189508708,
66199,market_research_2026-04-05_01-41-23_live_round,413d064b6f554bdf9cbb171019ed8626,2026-04-05T06:46:24.572415+00:00,1775371584572415000,187294918758166,375,,,ETF,3107,115,3117.5,-21.0,186.767771541,
66200,market_research_2026-04-05_01-41-23_live_round,413d064b6f554bdf9cbb171019ed8626,2026-04-05T06:46:24.575716+00:00,1775371584575716000,187294922059208,375,,,ETF,3108,170,3117.5,-21.0,186.771072583,
66201,market_research_2026-04-05_01-41-23_live_round,413d064b6f554bdf9cbb171019ed8626,2026-04-05T06:46:24.578726+00:00,1775371584578726000,187294925069541,375,,,ETF,3109,225,3117.5,-21.0,186.774082916,
66202,market_research_2026-04-05_01-41-23_live_round,413d064b6f554bdf9cbb171019ed8626,2026-04-05T06:46:24.578856+00:00,1775371584578856000,187294925199958,375,,,ETF,3110,280,3117.5,-21.0,186.774213333,
66203,market_research_2026-04-05_01-41-23_live_round,413d064b6f554bdf9cbb171019ed8626,2026-04-05T06:46:24.578956+00:00,1775371584578956000,187294925299666,375,,,ETF,3111,335,3117.5,-21.0,186.774313041,
66204,market_research_2026-04-05_01-41-23_live_round,413d064b6f554bdf9cbb171019ed8626,2026-04-05T06:46:24.579059+00:00,1775371584579059000,187294925403125,375,,,ETF,3112,83,3117.5,-21.0,186.7744165,
66329,market_research_2026-04-05_01-41-23_live_round,413d064b6f554bdf9cbb171019ed8626,2026-04-05T06:46:26.050950+00:00,1775371586050950000,187296397295416,375,,,ETF,3112,115,3112.0,0.0,188.246308791,
66439,market_research_2026-04-05_01-41-23_live_round,413d064b6f554bdf9cbb171019ed8626,2026-04-05T06:46:27.000008+00:00,1775371587000008000,187297346355458,375,,,ETF,3115,115,3116.5,-3.0,189.195368833,
66448,market_research_2026-04-05_01-41-23_live_round,413d064b6f554bdf9cbb171019ed8626,2026-04-05T06:46:27.072075+00:00,1775371587072075000,187297418422333,375,,,ETF,3115,170,3116.0,-2.0,189.267435708,
66464,market_research_2026-04-05_01-41-23_live_round,413d064b6f554bdf9cbb171019ed8626,2026-04-05T06:46:27.212639+00:00,1775371587212639000,187297558987000,375,,,ETF,3115,225,3115.5,-1.0,189.408000375,
66473,market_research_2026-04-05_01-41-23_live_round,413d064b6f554bdf9cbb171019ed8626,2026-04-05T06:46:27.299518+00:00,1775371587299518000,187297645865791,375,,,ETF,3115,45,3115.0,0.0,189.494879166,
67114,market_research_2026-04-05_01-41-23_live_round,413d064b6f554bdf9cbb171019ed8626,2026-04-05T06:46:33.091801+00:00,1775371593091801000,187303438158083,375,,,ETF,3131,115,3135.5,-9.0,195.287171458,
67115,market_research_2026-04-05_01-41-23_live_round,413d064b6f554bdf9cbb171019ed8626,2026-04-05T06:46:33.091919+00:00,1775371593091919000,187303438276500,375,,,ETF,3132,170,3135.5,-9.0,195.287289875,
67116,market_research_2026-04-05_01-41-23_live_round,413d064b6f554bdf9cbb171019ed8626,2026-04-05T06:46:33.092042+00:00,1775371593092042000,187303438398708,375,,,ETF,3133,225,3135.5,-9.0,195.287412083,
67117,market_research_2026-04-05_01-41-23_live_round,413d064b6f554bdf9cbb171019ed8626,2026-04-05T06:46:33.092132+00:00,1775371593092132000,187303438489041,375,,,ETF,3134,280,3135.5,-9.0,195.287502416,
67118,market_research_2026-04-05_01-41-23_live_round,413d064b6f554bdf9cbb171019ed8626,2026-04-05T06:46:33.092220+00:00,1775371593092220000,187303438576791,375,,,ETF,3135,335,3135.5,-9.0,195.287590166,
67119,market_research_2026-04-05_01-41-23_live_round,413d064b6f554bdf9cbb171019ed8626,2026-04-05T06:46:33.092306+00:00,1775371593092306000,187303438663333,375,,,ETF,3136,83,3135.5,-9.0,195.287676708,
67571,market_research_2026-04-05_01-41-23_live_round,413d064b6f554bdf9cbb171019ed8626,2026-04-05T06:46:37.160341+00:00,1775371597160341000,187307506704125,375,,,ETF,3131,115,3129.5,-3.0,199.3557175,
67572,market_research_2026-04-05_01-41-23_live_round,413d064b6f554bdf9cbb171019ed8626,2026-04-05T06:46:37.160452+00:00,1775371597160452000,187307506814833,375,,,ETF,3130,170,3129.5,-3.0,199.355828208,
67573,market_research_2026-04-05_01-41-23_live_round,413d064b6f554bdf9cbb171019ed8626,2026-04-05T06:46:37.160547+00:00,1775371597160547000,187307506910708,375,,,ETF,3129,225,3129.5,-3.0,199.355924083,
67574,market_research_2026-04-05_01-41-23_live_round,413d064b6f554bdf9cbb171019ed8626,2026-04-05T06:46:37.160644+00:00,1775371597160644000,187307507007666,375,,,ETF,3128,280,3129.5,-3.0,199.356021041,
68483,market_research_2026-04-05_01-41-23_live_round,413d064b6f554bdf9cbb171019ed8626,2026-04-05T06:46:45.261707+00:00,1775371605261707000,187315608082875,375,,,ETF,3134,115,3130.5,-7.0,207.45709625,
68484,market_research_2026-04-05_01-41-23_live_round,413d064b6f554bdf9cbb171019ed8626,2026-04-05T06:46:45.265614+00:00,1775371605265614000,187315611990125,375,,,ETF,3133,170,3130.5,-7.0,207.4610035,
68485,market_research_2026-04-05_01-41-23_live_round,413d064b6f554bdf9cbb171019ed8626,2026-04-05T06:46:45.265725+00:00,1775371605265725000,187315612101291,375,,,ETF,3132,225,3130.5,-7.0,207.461114666,
68486,market_research_2026-04-05_01-41-23_live_round,413d064b6f554bdf9cbb171019ed8626,2026-04-05T06:46:45.265821+00:00,1775371605265821000,187315612196500,375,,,ETF,3131,280,3130.5,-7.0,207.461209875,
68487,market_research_2026-04-05_01-41-23_live_round,413d064b6f554bdf9cbb171019ed8626,2026-04-05T06:46:45.265913+00:00,1775371605265913000,187315612289416,375,,,ETF,3130,335,3130.5,-7.0,207.461302791,
68488,market_research_2026-04-05_01-41-23_live_round,413d064b6f554bdf9cbb171019ed8626,2026-04-05T06:46:45.266016+00:00,1775371605266016000,187315612392083,375,,,ETF,3129,83,3130.5,-7.0,207.461405458,
71743,market_research_2026-04-05_01-41-23_live_round,413d064b6f554bdf9cbb171019ed8626,2026-04-05T06:47:15.726034+00:00,1775371635726034000,187346072456541,500,,,ETF,3122,115,3124.0,-4.0,237.921469916,
71750,market_research_2026-04-05_01-41-23_live_round,413d064b6f554bdf9cbb171019ed8626,2026-04-05T06:47:15.782797+00:00,1775371635782797000,187346129220666,500,,,ETF,3123,170,3124.0,-2.0,237.978234041,
71760,market_research_2026-04-05_01-41-23_live_round,413d064b6f554bdf9cbb171019ed8626,2026-04-05T06:47:15.869207+00:00,1775371635869207000,187346215629958,500,,,ETF,3124,225,3124.0,0.0,238.064643333,
73101,market_research_2026-04-05_01-41-23_live_round,413d064b6f554bdf9cbb171019ed8626,2026-04-05T06:47:28.594000+00:00,1775371648594000000,187358940443166,500,,,ETF,3121,115,3123.5,-5.0,250.789456541,
73108,market_research_2026-04-05_01-41-23_live_round,413d064b6f554bdf9cbb171019ed8626,2026-04-05T06:47:28.652156+00:00,1775371648652156000,187358998598541,500,,,ETF,3122,170,3123.5,-3.0,250.847611916,
73115,market_research_2026-04-05_01-41-23_live_round,413d064b6f554bdf9cbb171019ed8626,2026-04-05T06:47:28.711788+00:00,1775371648711788000,187359058231666,500,,,ETF,3123,225,3123.5,-1.0,250.907245041,
73260,market_research_2026-04-05_01-41-23_live_round,413d064b6f554bdf9cbb171019ed8626,2026-04-05T06:47:30.094502+00:00,1775371650094502000,187360440947250,500,,,ETF,3129,115,3134.0,-10.0,252.289960625,
73267,market_research_2026-04-05_01-41-23_live_round,413d064b6f554bdf9cbb171019ed8626,2026-04-05T06:47:30.155681+00:00,1775371650155681000,187360502126375,500,,,ETF,3129,170,3133.5,-9.0,252.35113975,
73282,market_research_2026-04-05_01-41-23_live_round,413d064b6f554bdf9cbb171019ed8626,2026-04-05T06:47:30.286106+00:00,1775371650286106000,187360632551541,500,,,ETF,3129,225,3133.0,-8.0,252.481564916,
73289,market_research_2026-04-05_01-41-23_live_round,413d064b6f554bdf9cbb171019ed8626,2026-04-05T06:47:30.343055+00:00,1775371650343055000,187360689501041,500,,,ETF,3129,45,3132.5,-7.0,252.538514416,
73339,market_research_2026-04-05_01-41-23_live_round,413d064b6f554bdf9cbb171019ed8626,2026-04-05T06:47:30.830907+00:00,1775371650830907000,187361177353916,500,,,ETF,3146,555,3147.0,-2.0,253.026367291,
74016,market_research_2026-04-05_01-41-23_live_round,413d064b6f554bdf9cbb171019ed8626,2026-04-05T06:47:37.303884+00:00,1775371657303884000,187367650340458,500,,,ETF,3125,115,3128.0,-6.0,259.499353833,
74021,market_research_2026-04-05_01-41-23_live_round,413d064b6f554bdf9cbb171019ed8626,2026-04-05T06:47:37.342051+00:00,1775371657342051000,187367688507250,500,,,ETF,3126,170,3128.0,-4.0,259.537520625,
74030,market_research_2026-04-05_01-41-23_live_round,413d064b6f554bdf9cbb171019ed8626,2026-04-05T06:47:37.421396+00:00,1775371657421396000,187367767852666,500,,,ETF,3127,225,3128.0,-2.0,259.616866041,
74035,market_research_2026-04-05_01-41-23_live_round,413d064b6f554bdf9cbb171019ed8626,2026-04-05T06:47:37.458398+00:00,1775371657458398000,187367804855166,500,,,ETF,3128,280,3128.0,0.0,259.653868541,
74176,market_research_2026-04-05_01-41-23_live_round,413d064b6f554bdf9cbb171019ed8626,2026-04-05T06:47:38.810020+00:00,1775371658810020000,187369156479250,500,,,ETF,3133,115,3133.0,0.0,261.005492625,
75835,market_research_2026-04-05_01-41-23_live_round,413d064b6f554bdf9cbb171019ed8626,2026-04-05T06:47:57.075127+00:00,1775371677075127000,187387421614541,500,,,ETF,3129,115,3129.0,0.0,279.270627916,
76207,market_research_2026-04-05_01-41-23_live_round,413d064b6f554bdf9cbb171019ed8626,2026-04-05T06:48:00.367698+00:00,1775371680367698000,187390714190583,500,,,ETF,3122,115,3126.5,-9.0,282.563203958,
76208,market_research_2026-04-05_01-41-23_live_round,413d064b6f554bdf9cbb171019ed8626,2026-04-05T06:48:00.367816+00:00,1775371680367816000,187390714308583,500,,,ETF,3123,170,3126.5,-9.0,282.563321958,
76209,market_research_2026-04-05_01-41-23_live_round,413d064b6f554bdf9cbb171019ed8626,2026-04-05T06:48:00.367915+00:00,1775371680367915000,187390714407125,500,,,ETF,3124,225,3126.5,-9.0,282.5634205,
76210,market_research_2026-04-05_01-41-23_live_round,413d064b6f554bdf9cbb171019ed8626,2026-04-05T06:48:00.368010+00:00,1775371680368010000,187390714502291,500,,,ETF,3125,280,3126.5,-9.0,282.563515666,
76211,market_research_2026-04-05_01-41-23_live_round,413d064b6f554bdf9cbb171019ed8626,2026-04-05T06:48:00.368102+00:00,1775371680368102000,187390714594250,500,,,ETF,3126,335,3126.5,-9.0,282.563607625,
76212,market_research_2026-04-05_01-41-23_live_round,413d064b6f554bdf9cbb171019ed8626,2026-04-05T06:48:00.368192+00:00,1775371680368192000,187390714684625,500,,,ETF,3127,83,3126.5,-9.0,282.563698,
77197,market_research_2026-04-05_01-41-23_live_round,413d064b6f554bdf9cbb171019ed8626,2026-04-05T06:48:10.286496+00:00,1775371690286496000,187400633004000,550,,,ETF,3140,115,3140.5,-1.0,292.482017375,
79023,market_research_2026-04-05_01-41-23_live_round,413d064b6f554bdf9cbb171019ed8626,2026-04-05T06:48:28.928553+00:00,1775371708928553000,187419275090083,550,,,ETF,3123,115,3120.5,-5.0,311.124103458,
79039,market_research_2026-04-05_01-41-23_live_round,413d064b6f554bdf9cbb171019ed8626,2026-04-05T06:48:29.086370+00:00,1775371709086370000,187419432906958,550,,,ETF,3122,170,3120.5,-3.0,311.281920333,
79045,market_research_2026-04-05_01-41-23_live_round,413d064b6f554bdf9cbb171019ed8626,2026-04-05T06:48:29.143481+00:00,1775371709143481000,187419490018250,550,,,ETF,3121,225,3120.5,-1.0,311.339031625,
80000,market_research_2026-04-05_01-41-23_live_round,413d064b6f554bdf9cbb171019ed8626,2026-04-05T06:48:39.089449+00:00,1775371719089449000,187429436001000,550,,,ETF,3115,115,3119.0,-8.0,321.285014375,
80001,market_research_2026-04-05_01-41-23_live_round,413d064b6f554bdf9cbb171019ed8626,2026-04-05T06:48:39.092778+00:00,1775371719092778000,187429439330500,550,,,ETF,3116,170,3119.0,-8.0,321.288343875,
80002,market_research_2026-04-05_01-41-23_live_round,413d064b6f554bdf9cbb171019ed8626,2026-04-05T06:48:39.092878+00:00,1775371719092878000,187429439430916,550,,,ETF,3117,225,3119.0,-8.0,321.288444291,
80003,market_research_2026-04-05_01-41-23_live_round,413d064b6f554bdf9cbb171019ed8626,2026-04-05T06:48:39.092971+00:00,1775371719092971000,187429439523916,550,,,ETF,3118,280,3119.0,-8.0,321.288537291,
80004,market_research_2026-04-05_01-41-23_live_round,413d064b6f554bdf9cbb171019ed8626,2026-04-05T06:48:39.093060+00:00,1775371719093060000,187429439612750,550,,,ETF,3119,335,3119.0,-8.0,321.288626125,
80005,market_research_2026-04-05_01-41-23_live_round,413d064b6f554bdf9cbb171019ed8626,2026-04-05T06:48:39.093147+00:00,1775371719093147000,187429439699375,550,,,ETF,3120,83,3119.0,-8.0,321.28871275,
80699,market_research_2026-04-05_01-41-23_live_round,413d064b6f554bdf9cbb171019ed8626,2026-04-05T06:48:48.230331+00:00,1775371728230331000,187438576897083,550,,,ETF,3126,115,3127.0,-2.0,330.425910458,
80706,market_research_2026-04-05_01-41-23_live_round,413d064b6f554bdf9cbb171019ed8626,2026-04-05T06:48:48.289662+00:00,1775371728289662000,187438636228541,550,,,ETF,3127,170,3127.0,0.0,330.485241916,
82457,market_research_2026-04-05_01-41-23_live_round,413d064b6f554bdf9cbb171019ed8626,2026-04-05T06:49:10.880705+00:00,1775371750880705000,187461227306125,550,,,ETF,3140,115,3133.5,-13.0,353.0763195,
82458,market_research_2026-04-05_01-41-23_live_round,413d064b6f554bdf9cbb171019ed8626,2026-04-05T06:49:10.880875+00:00,1775371750880875000,187461227476333,550,,,ETF,3139,170,3133.5,-13.0,353.076489708,
82459,market_research_2026-04-05_01-41-23_live_round,413d064b6f554bdf9cbb171019ed8626,2026-04-05T06:49:10.881002+00:00,1775371750881002000,187461227604083,550,,,ETF,3138,225,3133.5,-13.0,353.076617458,
82460,market_research_2026-04-05_01-41-23_live_round,413d064b6f554bdf9cbb171019ed8626,2026-04-05T06:49:10.881119+00:00,1775371750881119000,187461227721125,550,,,ETF,3137,280,3133.5,-13.0,353.0767345,
82461,market_research_2026-04-05_01-41-23_live_round,413d064b6f554bdf9cbb171019ed8626,2026-04-05T06:49:10.881223+00:00,1775371750881223000,187461227824916,550,,,ETF,3136,335,3133.5,-13.0,353.076838291,
82462,market_research_2026-04-05_01-41-23_live_round,413d064b6f554bdf9cbb171019ed8626,2026-04-05T06:49:10.881320+00:00,1775371750881320000,187461227921791,550,,,ETF,3135,83,3133.5,-13.0,353.076935166,
83076,market_research_2026-04-05_01-41-23_live_round,413d064b6f554bdf9cbb171019ed8626,2026-04-05T06:49:19.564976+00:00,1775371759564976000,187469911590416,550,,,ETF,3137,115,3131.0,-12.0,361.760603791,
83077,market_research_2026-04-05_01-41-23_live_round,413d064b6f554bdf9cbb171019ed8626,2026-04-05T06:49:19.570930+00:00,1775371759570930000,187469917544875,550,,,ETF,3136,170,3131.0,-12.0,361.76655825,
83078,market_research_2026-04-05_01-41-23_live_round,413d064b6f554bdf9cbb171019ed8626,2026-04-05T06:49:19.571102+00:00,1775371759571102000,187469917716791,550,,,ETF,3135,225,3131.0,-12.0,361.766730166,
83079,market_research_2026-04-05_01-41-23_live_round,413d064b6f554bdf9cbb171019ed8626,2026-04-05T06:49:19.571240+00:00,1775371759571240000,187469917855000,550,,,ETF,3134,280,3131.0,-12.0,361.766868375,
83080,market_research_2026-04-05_01-41-23_live_round,413d064b6f554bdf9cbb171019ed8626,2026-04-05T06:49:19.571356+00:00,1775371759571356000,187469917970916,550,,,ETF,3133,335,3131.0,-12.0,361.766984291,
83081,market_research_2026-04-05_01-41-23_live_round,413d064b6f554bdf9cbb171019ed8626,2026-04-05T06:49:19.571466+00:00,1775371759571466000,187469918080875,550,,,ETF,3132,83,3131.0,-12.0,361.76709425,
84370,market_research_2026-04-05_01-41-23_live_round,413d064b6f554bdf9cbb171019ed8626,2026-04-05T06:49:35.265532+00:00,1775371775265532000,187485612170791,550,,,ETF,3121,115,3121.0,0.0,377.461184166,
85282,market_research_2026-04-05_01-41-23_live_round,413d064b6f554bdf9cbb171019ed8626,2026-04-05T06:49:47.854526+00:00,1775371787854526000,187498201183208,600,,,ETF,3118,115,3120.5,-5.0,7.526569333,
85287,market_research_2026-04-05_01-41-23_live_round,413d064b6f554bdf9cbb171019ed8626,2026-04-05T06:49:47.902818+00:00,1775371787902818000,187498249476958,600,,,ETF,3119,170,3120.5,-3.0,7.574863083,
85292,market_research_2026-04-05_01-41-23_live_round,413d064b6f554bdf9cbb171019ed8626,2026-04-05T06:49:47.945905+00:00,1775371787945905000,187498292564333,600,,,ETF,3120,225,3120.5,-1.0,7.617950458,
85442,market_research_2026-04-05_01-41-23_live_round,413d064b6f554bdf9cbb171019ed8626,2026-04-05T06:49:50.030932+00:00,1775371790030932000,187500377593541,600,,,ETF,3126,115,3132.5,-13.0,9.702979666,
85447,market_research_2026-04-05_01-41-23_live_round,413d064b6f554bdf9cbb171019ed8626,2026-04-05T06:49:50.100264+00:00,1775371790100264000,187500446926375,600,,,ETF,3126,170,3132.0,-12.0,9.7723125,
85452,market_research_2026-04-05_01-41-23_live_round,413d064b6f554bdf9cbb171019ed8626,2026-04-05T06:49:50.158190+00:00,1775371790158190000,187500504851708,600,,,ETF,3126,225,3131.5,-11.0,9.830237833,
85457,market_research_2026-04-05_01-41-23_live_round,413d064b6f554bdf9cbb171019ed8626,2026-04-05T06:49:50.230623+00:00,1775371790230623000,187500577285250,600,,,ETF,3126,45,3131.0,-10.0,9.902671375,
85458,market_research_2026-04-05_01-41-23_live_round,413d064b6f554bdf9cbb171019ed8626,2026-04-05T06:49:50.230871+00:00,1775371790230871000,187500577533541,600,,,ETF,3135,115,3131.0,-10.0,9.902919666,
85459,market_research_2026-04-05_01-41-23_live_round,413d064b6f554bdf9cbb171019ed8626,2026-04-05T06:49:50.231028+00:00,1775371790231028000,187500577690250,600,,,ETF,3136,120,3131.0,-10.0,9.903076375,
85615,market_research_2026-04-05_01-41-23_live_round,413d064b6f554bdf9cbb171019ed8626,2026-04-05T06:49:52.596498+00:00,1775371792596498000,187502943163791,600,,,ETF,3143,115,3145.5,-5.0,12.268549916,
85620,market_research_2026-04-05_01-41-23_live_round,413d064b6f554bdf9cbb171019ed8626,2026-04-05T06:49:52.639377+00:00,1775371792639377000,187502986043291,600,,,ETF,3143,170,3145.0,-4.0,12.311429416,
85625,market_research_2026-04-05_01-41-23_live_round,413d064b6f554bdf9cbb171019ed8626,2026-04-05T06:49:52.691057+00:00,1775371792691057000,187503037723500,600,,,ETF,3143,225,3144.5,-3.0,12.363109625,
85630,market_research_2026-04-05_01-41-23_live_round,413d064b6f554bdf9cbb171019ed8626,2026-04-05T06:49:52.745591+00:00,1775371792745591000,187503092257291,600,,,ETF,3143,45,3144.0,-2.0,12.417643416,
85939,market_research_2026-04-05_01-41-23_live_round,413d064b6f554bdf9cbb171019ed8626,2026-04-05T06:49:56.531132+00:00,1775371796531132000,187506877804500,600,,,ETF,3168,115,3169.5,-3.0,16.203190625,
85944,market_research_2026-04-05_01-41-23_live_round,413d064b6f554bdf9cbb171019ed8626,2026-04-05T06:49:56.593808+00:00,1775371796593808000,187506940480458,600,,,ETF,3168,170,3169.0,-2.0,16.265866583,
85949,market_research_2026-04-05_01-41-23_live_round,413d064b6f554bdf9cbb171019ed8626,2026-04-05T06:49:56.635329+00:00,1775371796635329000,187506982001958,600,,,ETF,3168,225,3168.5,-1.0,16.307388083,
85954,market_research_2026-04-05_01-41-23_live_round,413d064b6f554bdf9cbb171019ed8626,2026-04-05T06:49:56.676208+00:00,1775371796676208000,187507022880375,600,,,ETF,3168,45,3168.0,0.0,16.3482665,
85955,market_research_2026-04-05_01-41-23_live_round,413d064b6f554bdf9cbb171019ed8626,2026-04-05T06:49:56.676344+00:00,1775371796676344000,187507023016666,600,,,ETF,3168,115,3168.0,0.0,16.348402791,
87023,market_research_2026-04-05_01-41-23_live_round,413d064b6f554bdf9cbb171019ed8626,2026-04-05T06:50:11.288518+00:00,1775371811288518000,187521635213000,600,,,ETF,3166,115,3168.5,-5.0,30.960599125,
87028,market_research_2026-04-05_01-41-23_live_round,413d064b6f554bdf9cbb171019ed8626,2026-04-05T06:50:11.348999+00:00,1775371811348999000,187521695694458,600,,,ETF,3167,170,3168.5,-3.0,31.021080583,
87033,market_research_2026-04-05_01-41-23_live_round,413d064b6f554bdf9cbb171019ed8626,2026-04-05T06:50:11.403219+00:00,1775371811403219000,187521749913625,600,,,ETF,3168,225,3168.5,-1.0,31.07529975,
87250,market_research_2026-04-05_01-41-23_live_round,413d064b6f554bdf9cbb171019ed8626,2026-04-05T06:50:13.644803+00:00,1775371813644803000,187523991501625,600,,,ETF,3170,115,3163.5,-13.0,33.31688775,
87251,market_research_2026-04-05_01-41-23_live_round,413d064b6f554bdf9cbb171019ed8626,2026-04-05T06:50:13.644974+00:00,1775371813644974000,187523991672666,600,,,ETF,3169,170,3163.5,-13.0,33.317058791,
87252,market_research_2026-04-05_01-41-23_live_round,413d064b6f554bdf9cbb171019ed8626,2026-04-05T06:50:13.645104+00:00,1775371813645104000,187523991802666,600,,,ETF,3168,225,3163.5,-13.0,33.317188791,
87253,market_research_2026-04-05_01-41-23_live_round,413d064b6f554bdf9cbb171019ed8626,2026-04-05T06:50:13.645221+00:00,1775371813645221000,187523991919958,600,,,ETF,3167,280,3163.5,-13.0,33.317306083,
87254,market_research_2026-04-05_01-41-23_live_round,413d064b6f554bdf9cbb171019ed8626,2026-04-05T06:50:13.645323+00:00,1775371813645323000,187523992021875,600,,,ETF,3166,335,3163.5,-13.0,33.317408,
87255,market_research_2026-04-05_01-41-23_live_round,413d064b6f554bdf9cbb171019ed8626,2026-04-05T06:50:13.645419+00:00,1775371813645419000,187523992118541,600,,,ETF,3165,83,3163.5,-13.0,33.317504666,
89166,market_research_2026-04-05_01-41-23_live_round,413d064b6f554bdf9cbb171019ed8626,2026-04-05T06:50:37.197030+00:00,1775371837197030000,187547543764500,625,,,ETF,3148,115,3147.5,-1.0,56.869150625,
89389,market_research_2026-04-05_01-41-23_live_round,413d064b6f554bdf9cbb171019ed8626,2026-04-05T06:50:39.976016+00:00,1775371839976016000,187550322756000,625,,,ETF,3147,115,3151.0,-8.0,59.648142125,
89390,market_research_2026-04-05_01-41-23_live_round,413d064b6f554bdf9cbb171019ed8626,2026-04-05T06:50:39.976155+00:00,1775371839976155000,187550322894625,625,,,ETF,3148,170,3151.0,-8.0,59.64828075,
89391,market_research_2026-04-05_01-41-23_live_round,413d064b6f554bdf9cbb171019ed8626,2026-04-05T06:50:39.976259+00:00,1775371839976259000,187550322999250,625,,,ETF,3149,225,3151.0,-8.0,59.648385375,
89392,market_research_2026-04-05_01-41-23_live_round,413d064b6f554bdf9cbb171019ed8626,2026-04-05T06:50:39.976357+00:00,1775371839976357000,187550323097291,625,,,ETF,3150,280,3151.0,-8.0,59.648483416,
89393,market_research_2026-04-05_01-41-23_live_round,413d064b6f554bdf9cbb171019ed8626,2026-04-05T06:50:39.976456+00:00,1775371839976456000,187550323195958,625,,,ETF,3151,335,3151.0,-8.0,59.648582083,
89394,market_research_2026-04-05_01-41-23_live_round,413d064b6f554bdf9cbb171019ed8626,2026-04-05T06:50:39.976549+00:00,1775371839976549000,187550323289458,625,,,ETF,3152,83,3151.0,-8.0,59.648675583,
89632,market_research_2026-04-05_01-41-23_live_round,413d064b6f554bdf9cbb171019ed8626,2026-04-05T06:50:42.306675+00:00,1775371842306675000,187552653418208,625,,,ETF,3151,115,3152.0,-2.0,61.978804333,
89647,market_research_2026-04-05_01-41-23_live_round,413d064b6f554bdf9cbb171019ed8626,2026-04-05T06:50:42.434222+00:00,1775371842434222000,187552780965875,625,,,ETF,3152,170,3152.0,0.0,62.106352,
90458,market_research_2026-04-05_01-41-23_live_round,413d064b6f554bdf9cbb171019ed8626,2026-04-05T06:50:51.113722+00:00,1775371851113722000,187561460479125,625,,,ETF,3147,115,3150.5,-7.0,70.78586525,
90459,market_research_2026-04-05_01-41-23_live_round,413d064b6f554bdf9cbb171019ed8626,2026-04-05T06:50:51.113840+00:00,1775371851113840000,187561460597541,625,,,ETF,3148,170,3150.5,-7.0,70.785983666,
90460,market_research_2026-04-05_01-41-23_live_round,413d064b6f554bdf9cbb171019ed8626,2026-04-05T06:50:51.113939+00:00,1775371851113939000,187561460696791,625,,,ETF,3149,225,3150.5,-7.0,70.786082916,
90461,market_research_2026-04-05_01-41-23_live_round,413d064b6f554bdf9cbb171019ed8626,2026-04-05T06:50:51.114055+00:00,1775371851114055000,187561460811875,625,,,ETF,3150,280,3150.5,-7.0,70.786198,
90462,market_research_2026-04-05_01-41-23_live_round,413d064b6f554bdf9cbb171019ed8626,2026-04-05T06:50:51.114150+00:00,1775371851114150000,187561460907500,625,,,ETF,3151,335,3150.5,-7.0,70.786293625,
90463,market_research_2026-04-05_01-41-23_live_round,413d064b6f554bdf9cbb171019ed8626,2026-04-05T06:50:51.114243+00:00,1775371851114243000,187561461000625,625,,,ETF,3152,83,3150.5,-7.0,70.78638675,
91293,market_research_2026-04-05_01-41-23_live_round,413d064b6f554bdf9cbb171019ed8626,2026-04-05T06:51:00.011630+00:00,1775371860011630000,187570358400500,625,,,ETF,3144,115,3144.0,0.0,79.683786625,
91908,market_research_2026-04-05_01-41-23_live_round,413d064b6f554bdf9cbb171019ed8626,2026-04-05T06:51:06.492582+00:00,1775371866492582000,187576839362500,625,,,ETF,3145,115,3145.0,0.0,86.164748625,
96454,market_research_2026-04-05_01-41-23_live_round,413d064b6f554bdf9cbb171019ed8626,2026-04-05T06:51:57.770140+00:00,1775371917770140000,187628116999708,672,,,ETF,3143,115,3145.5,-5.0,137.442385833,
96476,market_research_2026-04-05_01-41-23_live_round,413d064b6f554bdf9cbb171019ed8626,2026-04-05T06:51:58.116218+00:00,1775371918116218000,187628463079000,672,,,ETF,3144,170,3145.5,-3.0,137.788465125,
96483,market_research_2026-04-05_01-41-23_live_round,413d064b6f554bdf9cbb171019ed8626,2026-04-05T06:51:58.235954+00:00,1775371918235954000,187628582814958,672,,,ETF,3145,225,3145.5,-1.0,137.908201083,
96779,market_research_2026-04-05_01-41-23_live_round,413d064b6f554bdf9cbb171019ed8626,2026-04-05T06:52:01.762921+00:00,1775371921762921000,187632109787833,672,,,ETF,3157,115,3159.0,-4.0,141.435173958,
96789,market_research_2026-04-05_01-41-23_live_round,413d064b6f554bdf9cbb171019ed8626,2026-04-05T06:52:01.868414+00:00,1775371921868414000,187632215280416,672,,,ETF,3158,170,3159.0,-2.0,141.540666541,
96795,market_research_2026-04-05_01-41-23_live_round,413d064b6f554bdf9cbb171019ed8626,2026-04-05T06:52:01.929989+00:00,1775371921929989000,187632276856041,672,,,ETF,3159,225,3159.0,0.0,141.602242166,
96941,market_research_2026-04-05_01-41-23_live_round,413d064b6f554bdf9cbb171019ed8626,2026-04-05T06:52:03.547083+00:00,1775371923547083000,187633893952541,672,,,ETF,3165,115,3170.0,-10.0,143.219338666,
96956,market_research_2026-04-05_01-41-23_live_round,413d064b6f554bdf9cbb171019ed8626,2026-04-05T06:52:03.674652+00:00,1775371923674652000,187634021521750,672,,,ETF,3165,170,3169.5,-9.0,143.346907875,
96962,market_research_2026-04-05_01-41-23_live_round,413d064b6f554bdf9cbb171019ed8626,2026-04-05T06:52:03.719167+00:00,1775371923719167000,187634066036291,672,,,ETF,3165,225,3169.0,-8.0,143.391422416,
96968,market_research_2026-04-05_01-41-23_live_round,413d064b6f554bdf9cbb171019ed8626,2026-04-05T06:52:03.760034+00:00,1775371923760034000,187634106903875,672,,,ETF,3165,45,3168.5,-7.0,143.43229,
97091,market_research_2026-04-05_01-41-23_live_round,413d064b6f554bdf9cbb171019ed8626,2026-04-05T06:52:04.953559+00:00,1775371924953559000,187635300430875,672,,,ETF,3181,115,3181.5,-1.0,144.625817,
97096,market_research_2026-04-05_01-41-23_live_round,413d064b6f554bdf9cbb171019ed8626,2026-04-05T06:52:05.000493+00:00,1775371925000493000,187635347364750,672,,,ETF,3181,170,3181.0,0.0,144.672750875,
97711,market_research_2026-04-05_01-41-23_live_round,413d064b6f554bdf9cbb171019ed8626,2026-04-05T06:52:12.905784+00:00,1775371932905784000,187643252667541,672,,,ETF,3183,115,3184.0,-2.0,152.578053666,
97720,market_research_2026-04-05_01-41-23_live_round,413d064b6f554bdf9cbb171019ed8626,2026-04-05T06:52:12.981313+00:00,1775371932981313000,187643328196958,672,,,ETF,3184,170,3184.0,0.0,152.653583083,
97788,market_research_2026-04-05_01-41-23_live_round,413d064b6f554bdf9cbb171019ed8626,2026-04-05T06:52:13.911744+00:00,1775371933911744000,187644258628750,672,,,ETF,3183,225,3179.5,-7.0,153.584014875,
97789,market_research_2026-04-05_01-41-23_live_round,413d064b6f554bdf9cbb171019ed8626,2026-04-05T06:52:13.916996+00:00,1775371933916996000,187644263881541,672,,,ETF,3182,280,3179.5,-7.0,153.589267666,
97790,market_research_2026-04-05_01-41-23_live_round,413d064b6f554bdf9cbb171019ed8626,2026-04-05T06:52:13.922768+00:00,1775371933922768000,187644269653125,672,,,ETF,3181,335,3179.5,-7.0,153.59503925,
97791,market_research_2026-04-05_01-41-23_live_round,413d064b6f554bdf9cbb171019ed8626,2026-04-05T06:52:13.922942+00:00,1775371933922942000,187644269827500,672,,,ETF,3180,368,3179.5,-7.0,153.595213625,
98019,market_research_2026-04-05_01-41-23_live_round,413d064b6f554bdf9cbb171019ed8626,2026-04-05T06:52:16.299379+00:00,1775371936299379000,187646646268500,672,,,ETF,3192,115,3195.0,-6.0,155.971654625,
98027,market_research_2026-04-05_01-41-23_live_round,413d064b6f554bdf9cbb171019ed8626,2026-04-05T06:52:16.374934+00:00,1775371936374934000,187646721823166,672,,,ETF,3193,170,3195.0,-4.0,156.047209291,
98046,market_research_2026-04-05_01-41-23_live_round,413d064b6f554bdf9cbb171019ed8626,2026-04-05T06:52:16.541274+00:00,1775371936541274000,187646888163541,672,,,ETF,3194,225,3195.0,-2.0,156.213549666,
98059,market_research_2026-04-05_01-41-23_live_round,413d064b6f554bdf9cbb171019ed8626,2026-04-05T06:52:16.665822+00:00,1775371936665822000,187647012712166,672,,,ETF,3195,280,3195.0,0.0,156.338098291,
98173,market_research_2026-04-05_01-41-23_live_round,413d064b6f554bdf9cbb171019ed8626,2026-04-05T06:52:17.915586+00:00,1775371937915586000,187648262477708,672,,,ETF,3200,115,3205.0,-10.0,157.587863833,
98180,market_research_2026-04-05_01-41-23_live_round,413d064b6f554bdf9cbb171019ed8626,2026-04-05T06:52:17.984174+00:00,1775371937984174000,187648331065916,672,,,ETF,3200,170,3204.5,-9.0,157.656452041,
98194,market_research_2026-04-05_01-41-23_live_round,413d064b6f554bdf9cbb171019ed8626,2026-04-05T06:52:18.115761+00:00,1775371938115761000,187648462652708,672,,,ETF,3200,225,3204.0,-8.0,157.788038833,
98204,market_research_2026-04-05_01-41-23_live_round,413d064b6f554bdf9cbb171019ed8626,2026-04-05T06:52:18.197651+00:00,1775371938197651000,187648544543375,672,,,ETF,3200,45,3203.5,-7.0,157.8699295,
99097,market_research_2026-04-05_01-41-23_live_round,413d064b6f554bdf9cbb171019ed8626,2026-04-05T06:52:27.825645+00:00,1775371947825645000,187658172552458,672,,,ETF,3208,115,3207.0,-2.0,167.497938583,
99108,market_research_2026-04-05_01-41-23_live_round,413d064b6f554bdf9cbb171019ed8626,2026-04-05T06:52:27.944160+00:00,1775371947944160000,187658291067583,672,,,ETF,3207,170,3207.0,0.0,167.616453708,
100156,market_research_2026-04-05_01-41-23_live_round,413d064b6f554bdf9cbb171019ed8626,2026-04-05T06:52:40.078950+00:00,1775371960078950000,187670425876125,672,,,ETF,3195,115,3192.0,-6.0,179.75126225,
100162,market_research_2026-04-05_01-41-23_live_round,413d064b6f554bdf9cbb171019ed8626,2026-04-05T06:52:40.138375+00:00,1775371960138375000,187670485300916,672,,,ETF,3194,170,3192.0,-4.0,179.810687041,
100168,market_research_2026-04-05_01-41-23_live_round,413d064b6f554bdf9cbb171019ed8626,2026-04-05T06:52:40.198373+00:00,1775371960198373000,187670545299000,672,,,ETF,3193,225,3192.0,-2.0,179.870685125,
100178,market_research_2026-04-05_01-41-23_live_round,413d064b6f554bdf9cbb171019ed8626,2026-04-05T06:52:40.296220+00:00,1775371960296220000,187670643146250,672,,,ETF,3192,280,3192.0,0.0,179.968532375,
100315,market_research_2026-04-05_01-41-23_live_round,413d064b6f554bdf9cbb171019ed8626,2026-04-05T06:52:41.928765+00:00,1775371961928765000,187672275694458,672,,,ETF,3187,115,3187.0,0.0,181.601080583,
100625,market_research_2026-04-05_01-41-23_live_round,413d064b6f554bdf9cbb171019ed8626,2026-04-05T06:52:45.253587+00:00,1775371965253587000,187675600520916,672,,,ETF,3179,115,3177.0,-4.0,184.925907041,
100637,market_research_2026-04-05_01-41-23_live_round,413d064b6f554bdf9cbb171019ed8626,2026-04-05T06:52:45.369667+00:00,1775371965369667000,187675716601041,672,,,ETF,3178,170,3177.0,-2.0,185.041987166,
100648,market_research_2026-04-05_01-41-23_live_round,413d064b6f554bdf9cbb171019ed8626,2026-04-05T06:52:45.484543+00:00,1775371965484543000,187675831477166,672,,,ETF,3177,225,3177.0,0.0,185.156863291,
101222,market_research_2026-04-05_01-41-23_live_round,413d064b6f554bdf9cbb171019ed8626,2026-04-05T06:52:51.942467+00:00,1775371971942467000,187682289411833,672,,,ETF,3177,115,3177.5,-1.0,191.614797958,
101376,market_research_2026-04-05_01-41-23_live_round,413d064b6f554bdf9cbb171019ed8626,2026-04-05T06:52:53.453300+00:00,1775371973453300000,187683800246250,672,,,ETF,3185,115,3185.5,-1.0,193.125632375,
101384,market_research_2026-04-05_01-41-23_live_round,413d064b6f554bdf9cbb171019ed8626,2026-04-05T06:52:53.532575+00:00,1775371973532575000,187683879521958,672,,,ETF,3185,170,3185.0,0.0,193.204908083,
103180,market_research_2026-04-05_01-41-23_live_round,413d064b6f554bdf9cbb171019ed8626,2026-04-05T06:53:12.911666+00:00,1775371992911666000,187703258643250,672,,,ETF,3174,115,3174.5,-1.0,212.584029375,
104020,market_research_2026-04-05_01-41-23_live_round,413d064b6f554bdf9cbb171019ed8626,2026-04-05T06:53:21.937560+00:00,1775372001937560000,187712284551083,672,,,ETF,3173,115,3173.5,-1.0,221.609937208,
104021,market_research_2026-04-05_01-41-23_live_round,413d064b6f554bdf9cbb171019ed8626,2026-04-05T06:53:21.937687+00:00,1775372001937687000,187712284677791,672,,,ETF,3174,170,3173.5,-1.0,221.610063916,
105767,market_research_2026-04-05_01-41-23_live_round,413d064b6f554bdf9cbb171019ed8626,2026-04-05T06:53:40.637711+00:00,1775372020637711000,187730984731041,672,,,ETF,3168,115,3169.5,-3.0,240.310117166,
105772,market_research_2026-04-05_01-41-23_live_round,413d064b6f554bdf9cbb171019ed8626,2026-04-05T06:53:40.682121+00:00,1775372020682121000,187731029140958,672,,,ETF,3169,170,3169.5,-1.0,240.354527083,
105913,market_research_2026-04-05_01-41-23_live_round,413d064b6f554bdf9cbb171019ed8626,2026-04-05T06:53:42.178378+00:00,1775372022178378000,187732525400250,672,,,ETF,3176,115,3177.0,-2.0,241.850786375,
105925,market_research_2026-04-05_01-41-23_live_round,413d064b6f554bdf9cbb171019ed8626,2026-04-05T06:53:42.309869+00:00,1775372022309869000,187732656891250,672,,,ETF,3176,170,3176.5,-1.0,241.982277375,
105933,market_research_2026-04-05_01-41-23_live_round,413d064b6f554bdf9cbb171019ed8626,2026-04-05T06:53:42.384178+00:00,1775372022384178000,187732731200958,672,,,ETF,3176,225,3176.0,0.0,242.056587083,
106447,market_research_2026-04-05_01-41-23_live_round,413d064b6f554bdf9cbb171019ed8626,2026-04-05T06:53:47.898862+00:00,1775372027898862000,187738245893833,672,,,ETF,3181,555,3181.0,0.0,247.571279958,
107927,market_research_2026-04-05_01-41-23_live_round,413d064b6f554bdf9cbb171019ed8626,2026-04-05T06:54:06.122103+00:00,1775372046122103000,187756469162458,750,,,ETF,3187,115,3176.5,-21.0,3.014072125,
107934,market_research_2026-04-05_01-41-23_live_round,413d064b6f554bdf9cbb171019ed8626,2026-04-05T06:54:06.192175+00:00,1775372046192175000,187756539234416,750,,,ETF,3186,170,3176.5,-19.0,3.084144083,
107939,market_research_2026-04-05_01-41-23_live_round,413d064b6f554bdf9cbb171019ed8626,2026-04-05T06:54:06.239639+00:00,1775372046239639000,187756586698958,750,,,ETF,3185,225,3176.5,-17.0,3.131608625,
107946,market_research_2026-04-05_01-41-23_live_round,413d064b6f554bdf9cbb171019ed8626,2026-04-05T06:54:06.310317+00:00,1775372046310317000,187756657376791,750,,,ETF,3184,280,3176.5,-15.0,3.202286458,
107955,market_research_2026-04-05_01-41-23_live_round,413d064b6f554bdf9cbb171019ed8626,2026-04-05T06:54:06.396894+00:00,1775372046396894000,187756743953708,750,,,ETF,3183,335,3176.5,-13.0,3.288863375,
107960,market_research_2026-04-05_01-41-23_live_round,413d064b6f554bdf9cbb171019ed8626,2026-04-05T06:54:06.435149+00:00,1775372046435149000,187756782209041,750,,,ETF,3182,390,3176.5,-11.0,3.327118708,
107966,market_research_2026-04-05_01-41-23_live_round,413d064b6f554bdf9cbb171019ed8626,2026-04-05T06:54:06.491509+00:00,1775372046491509000,187756838568708,750,,,ETF,3181,445,3176.5,-9.0,3.383478375,
107979,market_research_2026-04-05_01-41-23_live_round,413d064b6f554bdf9cbb171019ed8626,2026-04-05T06:54:06.619731+00:00,1775372046619731000,187756966791375,750,,,ETF,3180,500,3176.5,-7.0,3.511701042,
107986,market_research_2026-04-05_01-41-23_live_round,413d064b6f554bdf9cbb171019ed8626,2026-04-05T06:54:06.680164+00:00,1775372046680164000,187757027224416,750,,,ETF,3179,555,3176.5,-5.0,3.572134083,
108102,market_research_2026-04-05_01-41-23_live_round,413d064b6f554bdf9cbb171019ed8626,2026-04-05T06:54:07.785701+00:00,1775372047785701000,187758132762750,750,,,ETF,3154,115,3144.0,-20.0,4.677672417,
108113,market_research_2026-04-05_01-41-23_live_round,413d064b6f554bdf9cbb171019ed8626,2026-04-05T06:54:07.881333+00:00,1775372047881333000,187758228395541,750,,,ETF,3153,170,3144.0,-18.0,4.773305208,
108121,market_research_2026-04-05_01-41-23_live_round,413d064b6f554bdf9cbb171019ed8626,2026-04-05T06:54:07.950612+00:00,1775372047950612000,187758297674666,750,,,ETF,3152,225,3144.0,-16.0,4.842584333,
108132,market_research_2026-04-05_01-41-23_live_round,413d064b6f554bdf9cbb171019ed8626,2026-04-05T06:54:08.065889+00:00,1775372048065889000,187758412951250,750,,,ETF,3151,280,3144.0,-14.0,4.957860917,
108138,market_research_2026-04-05_01-41-23_live_round,413d064b6f554bdf9cbb171019ed8626,2026-04-05T06:54:08.128366+00:00,1775372048128366000,187758475428250,750,,,ETF,3150,335,3144.0,-12.0,5.020337917,
108144,market_research_2026-04-05_01-41-23_live_round,413d064b6f554bdf9cbb171019ed8626,2026-04-05T06:54:08.181848+00:00,1775372048181848000,187758528910875,750,,,ETF,3149,390,3144.0,-10.0,5.073820542,
108155,market_research_2026-04-05_01-41-23_live_round,413d064b6f554bdf9cbb171019ed8626,2026-04-05T06:54:08.287159+00:00,1775372048287159000,187758634222416,750,,,ETF,3148,445,3144.0,-8.0,5.179132083,
108165,market_research_2026-04-05_01-41-23_live_round,413d064b6f554bdf9cbb171019ed8626,2026-04-05T06:54:08.379410+00:00,1775372048379410000,187758726472958,750,,,ETF,3147,500,3144.0,-6.0,5.271382625,
108174,market_research_2026-04-05_01-41-23_live_round,413d064b6f554bdf9cbb171019ed8626,2026-04-05T06:54:08.460926+00:00,1775372048460926000,187758807989083,750,,,ETF,3146,555,3144.0,-4.0,5.35289875,
108280,market_research_2026-04-05_01-41-23_live_round,413d064b6f554bdf9cbb171019ed8626,2026-04-05T06:54:09.360199+00:00,1775372049360199000,187759707263916,750,,,ETF,3122,115,3112.0,-20.0,6.252173583,
108287,market_research_2026-04-05_01-41-23_live_round,413d064b6f554bdf9cbb171019ed8626,2026-04-05T06:54:09.424456+00:00,1775372049424456000,187759771521333,750,,,ETF,3121,170,3112.0,-18.0,6.316431,
108292,market_research_2026-04-05_01-41-23_live_round,413d064b6f554bdf9cbb171019ed8626,2026-04-05T06:54:09.459032+00:00,1775372049459032000,187759806097166,750,,,ETF,3120,225,3112.0,-16.0,6.351006833,
108302,market_research_2026-04-05_01-41-23_live_round,413d064b6f554bdf9cbb171019ed8626,2026-04-05T06:54:09.551763+00:00,1775372049551763000,187759898828291,750,,,ETF,3119,280,3112.0,-14.0,6.443737958,
108308,market_research_2026-04-05_01-41-23_live_round,413d064b6f554bdf9cbb171019ed8626,2026-04-05T06:54:09.608739+00:00,1775372049608739000,187759955804458,750,,,ETF,3118,335,3112.0,-12.0,6.500714125,
108315,market_research_2026-04-05_01-41-23_live_round,413d064b6f554bdf9cbb171019ed8626,2026-04-05T06:54:09.675758+00:00,1775372049675758000,187760022823375,750,,,ETF,3117,390,3112.0,-10.0,6.567733042,
108321,market_research_2026-04-05_01-41-23_live_round,413d064b6f554bdf9cbb171019ed8626,2026-04-05T06:54:09.725455+00:00,1775372049725455000,187760072519875,750,,,ETF,3116,445,3112.0,-8.0,6.617429542,
108327,market_research_2026-04-05_01-41-23_live_round,413d064b6f554bdf9cbb171019ed8626,2026-04-05T06:54:09.776859+00:00,1775372049776859000,187760123924208,750,,,ETF,3115,500,3112.0,-6.0,6.668833875,
108334,market_research_2026-04-05_01-41-23_live_round,413d064b6f554bdf9cbb171019ed8626,2026-04-05T06:54:09.843306+00:00,1775372049843306000,187760190371541,750,,,ETF,3114,555,3112.0,-4.0,6.735281208,
108457,market_research_2026-04-05_01-41-23_live_round,413d064b6f554bdf9cbb171019ed8626,2026-04-05T06:54:10.906680+00:00,1775372050906680000,187761253746583,750,,,ETF,3090,115,3079.5,-21.0,7.79865625,
108463,market_research_2026-04-05_01-41-23_live_round,413d064b6f554bdf9cbb171019ed8626,2026-04-05T06:54:10.967911+00:00,1775372050967911000,187761314977833,750,,,ETF,3089,170,3079.5,-19.0,7.8598875,
108468,market_research_2026-04-05_01-41-23_live_round,413d064b6f554bdf9cbb171019ed8626,2026-04-05T06:54:11.013567+00:00,1775372051013567000,187761360633708,750,,,ETF,3088,225,3079.5,-17.0,7.905543375,
108474,market_research_2026-04-05_01-41-23_live_round,413d064b6f554bdf9cbb171019ed8626,2026-04-05T06:54:11.071708+00:00,1775372051071708000,187761418774666,750,,,ETF,3087,280,3079.5,-15.0,7.963684333,
108487,market_research_2026-04-05_01-41-23_live_round,413d064b6f554bdf9cbb171019ed8626,2026-04-05T06:54:11.205106+00:00,1775372051205106000,187761552173458,750,,,ETF,3086,335,3079.5,-13.0,8.097083125,
108495,market_research_2026-04-05_01-41-23_live_round,413d064b6f554bdf9cbb171019ed8626,2026-04-05T06:54:11.279923+00:00,1775372051279923000,187761626991000,750,,,ETF,3085,390,3079.5,-11.0,8.171900667,
108505,market_research_2026-04-05_01-41-23_live_round,413d064b6f554bdf9cbb171019ed8626,2026-04-05T06:54:11.371862+00:00,1775372051371862000,187761718929625,750,,,ETF,3084,445,3079.5,-9.0,8.263839292,
108513,market_research_2026-04-05_01-41-23_live_round,413d064b6f554bdf9cbb171019ed8626,2026-04-05T06:54:11.446674+00:00,1775372051446674000,187761793742208,750,,,ETF,3083,500,3079.5,-7.0,8.338651875,
108521,market_research_2026-04-05_01-41-23_live_round,413d064b6f554bdf9cbb171019ed8626,2026-04-05T06:54:11.522660+00:00,1775372051522660000,187761869727375,750,,,ETF,3082,555,3079.5,-5.0,8.414637042,
108628,market_research_2026-04-05_01-41-23_live_round,413d064b6f554bdf9cbb171019ed8626,2026-04-05T06:54:12.585436+00:00,1775372052585436000,187762932504791,750,,,ETF,3057,115,3050.5,-13.0,9.477414458,
108634,market_research_2026-04-05_01-41-23_live_round,413d064b6f554bdf9cbb171019ed8626,2026-04-05T06:54:12.644188+00:00,1775372052644188000,187762991258125,750,,,ETF,3056,170,3050.5,-11.0,9.536167792,
108644,market_research_2026-04-05_01-41-23_live_round,413d064b6f554bdf9cbb171019ed8626,2026-04-05T06:54:12.754055+00:00,1775372052754055000,187763101125250,750,,,ETF,3055,225,3050.5,-9.0,9.646034917,
108651,market_research_2026-04-05_01-41-23_live_round,413d064b6f554bdf9cbb171019ed8626,2026-04-05T06:54:12.823600+00:00,1775372052823600000,187763170670375,750,,,ETF,3054,280,3050.5,-7.0,9.715580042,
108662,market_research_2026-04-05_01-41-23_live_round,413d064b6f554bdf9cbb171019ed8626,2026-04-05T06:54:12.934117+00:00,1775372052934117000,187763281187000,750,,,ETF,3053,335,3050.5,-5.0,9.826096667,
108671,market_research_2026-04-05_01-41-23_live_round,413d064b6f554bdf9cbb171019ed8626,2026-04-05T06:54:13.026587+00:00,1775372053026587000,187763373657625,750,,,ETF,3052,390,3050.5,-3.0,9.918567292,
108683,market_research_2026-04-05_01-41-23_live_round,413d064b6f554bdf9cbb171019ed8626,2026-04-05T06:54:13.138273+00:00,1775372053138273000,187763485343875,750,,,ETF,3051,445,3050.5,-1.0,10.030253542,
108790,market_research_2026-04-05_01-41-23_live_round,413d064b6f554bdf9cbb171019ed8626,2026-04-05T06:54:14.212441+00:00,1775372054212441000,187764559513458,750,,,ETF,3049,115,3031.0,-36.0,11.104423125,
108796,market_research_2026-04-05_01-41-23_live_round,413d064b6f554bdf9cbb171019ed8626,2026-04-05T06:54:14.273278+00:00,1775372054273278000,187764620350166,750,,,ETF,3049,170,3031.5,-35.0,11.165259833,
108808,market_research_2026-04-05_01-41-23_live_round,413d064b6f554bdf9cbb171019ed8626,2026-04-05T06:54:14.405117+00:00,1775372054405117000,187764752189750,750,,,ETF,3049,225,3032.0,-34.0,11.297099417,
108821,market_research_2026-04-05_01-41-23_live_round,413d064b6f554bdf9cbb171019ed8626,2026-04-05T06:54:14.540660+00:00,1775372054540660000,187764887732791,750,,,ETF,3049,45,3032.5,-33.0,11.432642458,
108822,market_research_2026-04-05_01-41-23_live_round,413d064b6f554bdf9cbb171019ed8626,2026-04-05T06:54:14.544333+00:00,1775372054544333000,187764891405375,750,,,ETF,3032,115,3032.5,-33.0,11.436315042,
108823,market_research_2026-04-05_01-41-23_live_round,413d064b6f554bdf9cbb171019ed8626,2026-04-05T06:54:14.544448+00:00,1775372054544448000,187764891520666,750,,,ETF,3031,120,3032.5,-33.0,11.436430333,
108831,market_research_2026-04-05_01-41-23_live_round,413d064b6f554bdf9cbb171019ed8626,2026-04-05T06:54:14.616533+00:00,1775372054616533000,187764963606250,750,,,ETF,3031,50,3024.0,-14.0,11.508515917,
108832,market_research_2026-04-05_01-41-23_live_round,413d064b6f554bdf9cbb171019ed8626,2026-04-05T06:54:14.616661+00:00,1775372054616661000,187764963734000,750,,,ETF,3030,225,3024.0,-14.0,11.508643667,
108833,market_research_2026-04-05_01-41-23_live_round,413d064b6f554bdf9cbb171019ed8626,2026-04-05T06:54:14.616773+00:00,1775372054616773000,187764963846416,750,,,ETF,3029,60,3024.0,-14.0,11.508756083,
108843,market_research_2026-04-05_01-41-23_live_round,413d064b6f554bdf9cbb171019ed8626,2026-04-05T06:54:14.708306+00:00,1775372054708306000,187765055378958,750,,,ETF,3029,220,3023.5,-11.0,11.600288625,
108844,market_research_2026-04-05_01-41-23_live_round,413d064b6f554bdf9cbb171019ed8626,2026-04-05T06:54:14.712302+00:00,1775372054712302000,187765059375416,750,,,ETF,3028,170,3023.5,-11.0,11.604285083,
108854,market_research_2026-04-05_01-41-23_live_round,413d064b6f554bdf9cbb171019ed8626,2026-04-05T06:54:14.808222+00:00,1775372054808222000,187765155294791,750,,,ETF,3028,165,3023.5,-9.0,11.700204458,
108855,market_research_2026-04-05_01-41-23_live_round,413d064b6f554bdf9cbb171019ed8626,2026-04-05T06:54:14.808344+00:00,1775372054808344000,187765155416875,750,,,ETF,3027,280,3023.5,-9.0,11.700326542,
108862,market_research_2026-04-05_01-41-23_live_round,413d064b6f554bdf9cbb171019ed8626,2026-04-05T06:54:14.871877+00:00,1775372054871877000,187765218949833,750,,,ETF,3027,110,3023.5,-7.0,11.7638595,
108863,market_research_2026-04-05_01-41-23_live_round,413d064b6f554bdf9cbb171019ed8626,2026-04-05T06:54:14.871995+00:00,1775372054871995000,187765219068583,750,,,ETF,3026,390,3023.5,-7.0,11.76397825,
108870,market_research_2026-04-05_01-41-23_live_round,413d064b6f554bdf9cbb171019ed8626,2026-04-05T06:54:14.939708+00:00,1775372054939708000,187765286781416,750,,,ETF,3026,55,3023.5,-5.0,11.831691083,
108871,market_research_2026-04-05_01-41-23_live_round,413d064b6f554bdf9cbb171019ed8626,2026-04-05T06:54:14.939827+00:00,1775372054939827000,187765286900791,750,,,ETF,3025,500,3023.5,-5.0,11.831810458,
108973,market_research_2026-04-05_01-41-23_live_round,413d064b6f554bdf9cbb171019ed8626,2026-04-05T06:54:15.917768+00:00,1775372055917768000,187766264843041,750,,,ETF,3024,115,3001.0,-46.0,12.809752708,
108987,market_research_2026-04-05_01-41-23_live_round,413d064b6f554bdf9cbb171019ed8626,2026-04-05T06:54:16.054077+00:00,1775372056054077000,187766401151583,750,,,ETF,3024,170,3001.5,-45.0,12.94606125,
108994,market_research_2026-04-05_01-41-23_live_round,413d064b6f554bdf9cbb171019ed8626,2026-04-05T06:54:16.120326+00:00,1775372056120326000,187766467400750,750,,,ETF,3024,225,3002.0,-44.0,13.012310417,
108999,market_research_2026-04-05_01-41-23_live_round,413d064b6f554bdf9cbb171019ed8626,2026-04-05T06:54:16.166504+00:00,1775372056166504000,187766513579208,750,,,ETF,3024,45,3002.5,-43.0,13.058488875,
109000,market_research_2026-04-05_01-41-23_live_round,413d064b6f554bdf9cbb171019ed8626,2026-04-05T06:54:16.166634+00:00,1775372056166634000,187766513709750,750,,,ETF,3001,115,3002.5,-43.0,13.058619417,
109001,market_research_2026-04-05_01-41-23_live_round,413d064b6f554bdf9cbb171019ed8626,2026-04-05T06:54:16.166744+00:00,1775372056166744000,187766513819083,750,,,ETF,3000,120,3002.5,-43.0,13.05872875,
109011,market_research_2026-04-05_01-41-23_live_round,413d064b6f554bdf9cbb171019ed8626,2026-04-05T06:54:16.263681+00:00,1775372056263681000,187766610756000,750,,,ETF,3000,50,2991.0,-18.0,13.155665667,
109012,market_research_2026-04-05_01-41-23_live_round,413d064b6f554bdf9cbb171019ed8626,2026-04-05T06:54:16.263800+00:00,1775372056263800000,187766610875541,750,,,ETF,2999,225,2991.0,-18.0,13.155785208,
109013,market_research_2026-04-05_01-41-23_live_round,413d064b6f554bdf9cbb171019ed8626,2026-04-05T06:54:16.263902+00:00,1775372056263902000,187766610977083,750,,,ETF,2998,60,2991.0,-18.0,13.15588675,
109020,market_research_2026-04-05_01-41-23_live_round,413d064b6f554bdf9cbb171019ed8626,2026-04-05T06:54:16.326275+00:00,1775372056326275000,187766673350708,750,,,ETF,2998,220,2990.5,-15.0,13.218260375,
109021,market_research_2026-04-05_01-41-23_live_round,413d064b6f554bdf9cbb171019ed8626,2026-04-05T06:54:16.326395+00:00,1775372056326395000,187766673471083,750,,,ETF,2997,170,2990.5,-15.0,13.21838075,
109032,market_research_2026-04-05_01-41-23_live_round,413d064b6f554bdf9cbb171019ed8626,2026-04-05T06:54:16.433996+00:00,1775372056433996000,187766781071875,750,,,ETF,2997,165,2990.5,-13.0,13.325981542,
109037,market_research_2026-04-05_01-41-23_live_round,413d064b6f554bdf9cbb171019ed8626,2026-04-05T06:54:16.483127+00:00,1775372056483127000,187766830202958,750,,,ETF,2996,280,2990.5,-13.0,13.375112625,
109046,market_research_2026-04-05_01-41-23_live_round,413d064b6f554bdf9cbb171019ed8626,2026-04-05T06:54:16.573312+00:00,1775372056573312000,187766920387416,750,,,ETF,2996,110,2990.5,-11.0,13.465297083,
109047,market_research_2026-04-05_01-41-23_live_round,413d064b6f554bdf9cbb171019ed8626,2026-04-05T06:54:16.573450+00:00,1775372056573450000,187766920526291,750,,,ETF,2995,390,2990.5,-11.0,13.465435958,
109053,market_research_2026-04-05_01-41-23_live_round,413d064b6f554bdf9cbb171019ed8626,2026-04-05T06:54:16.627258+00:00,1775372056627258000,187766974334125,750,,,ETF,2995,55,2990.5,-9.0,13.519243792,
109054,market_research_2026-04-05_01-41-23_live_round,413d064b6f554bdf9cbb171019ed8626,2026-04-05T06:54:16.627375+00:00,1775372056627375000,187766974451458,750,,,ETF,2994,500,2990.5,-9.0,13.519361125,
109163,market_research_2026-04-05_01-41-23_live_round,413d064b6f554bdf9cbb171019ed8626,2026-04-05T06:54:17.651767+00:00,1775372057651767000,187767998845125,750,,,ETF,2993,115,2973.0,-40.0,14.543754792,
109170,market_research_2026-04-05_01-41-23_live_round,413d064b6f554bdf9cbb171019ed8626,2026-04-05T06:54:17.710826+00:00,1775372057710826000,187768057903625,750,,,ETF,2993,170,2973.5,-39.0,14.602813292,
109176,market_research_2026-04-05_01-41-23_live_round,413d064b6f554bdf9cbb171019ed8626,2026-04-05T06:54:17.760260+00:00,1775372057760260000,187768107337500,750,,,ETF,2993,225,2974.0,-38.0,14.652247167,
109182,market_research_2026-04-05_01-41-23_live_round,413d064b6f554bdf9cbb171019ed8626,2026-04-05T06:54:17.809886+00:00,1775372057809886000,187768156963375,750,,,ETF,2993,45,2974.5,-37.0,14.701873042,
109183,market_research_2026-04-05_01-41-23_live_round,413d064b6f554bdf9cbb171019ed8626,2026-04-05T06:54:17.810001+00:00,1775372057810001000,187768157079333,750,,,ETF,2966,115,2974.5,-37.0,14.701989,
109184,market_research_2026-04-05_01-41-23_live_round,413d064b6f554bdf9cbb171019ed8626,2026-04-05T06:54:17.810105+00:00,1775372057810105000,187768157182583,750,,,ETF,2965,120,2974.5,-37.0,14.70209225,
109192,market_research_2026-04-05_01-41-23_live_round,413d064b6f554bdf9cbb171019ed8626,2026-04-05T06:54:17.880087+00:00,1775372057880087000,187768227164458,750,,,ETF,2965,50,2961.0,-8.0,14.772074125,
109193,market_research_2026-04-05_01-41-23_live_round,413d064b6f554bdf9cbb171019ed8626,2026-04-05T06:54:17.880205+00:00,1775372057880205000,187768227283000,750,,,ETF,2964,225,2961.0,-8.0,14.772192667,
109194,market_research_2026-04-05_01-41-23_live_round,413d064b6f554bdf9cbb171019ed8626,2026-04-05T06:54:17.883579+00:00,1775372057883579000,187768230656541,750,,,ETF,2963,60,2961.0,-8.0,14.775566208,
109212,market_research_2026-04-05_01-41-23_live_round,413d064b6f554bdf9cbb171019ed8626,2026-04-05T06:54:18.055654+00:00,1775372058055654000,187768402731958,750,,,ETF,2963,220,2960.5,-5.0,14.947641625,
109213,market_research_2026-04-05_01-41-23_live_round,413d064b6f554bdf9cbb171019ed8626,2026-04-05T06:54:18.055795+00:00,1775372058055795000,187768402872791,750,,,ETF,2962,170,2960.5,-5.0,14.947782458,
109219,market_research_2026-04-05_01-41-23_live_round,413d064b6f554bdf9cbb171019ed8626,2026-04-05T06:54:18.111546+00:00,1775372058111546000,187768458624250,750,,,ETF,2962,165,2960.5,-3.0,15.003533917,
109220,market_research_2026-04-05_01-41-23_live_round,413d064b6f554bdf9cbb171019ed8626,2026-04-05T06:54:18.111674+00:00,1775372058111674000,187768458752208,750,,,ETF,2961,280,2960.5,-3.0,15.003661875,
109229,market_research_2026-04-05_01-41-23_live_round,413d064b6f554bdf9cbb171019ed8626,2026-04-05T06:54:18.200220+00:00,1775372058200220000,187768547298000,750,,,ETF,2961,110,2960.5,-1.0,15.092207667,
109230,market_research_2026-04-05_01-41-23_live_round,413d064b6f554bdf9cbb171019ed8626,2026-04-05T06:54:18.200339+00:00,1775372058200339000,187768547417916,750,,,ETF,2960,390,2960.5,-1.0,15.092327583,
109354,market_research_2026-04-05_01-41-23_live_round,413d064b6f554bdf9cbb171019ed8626,2026-04-05T06:54:19.392181+00:00,1775372059392181000,187769739261583,750,,,ETF,2958,115,2936.0,-44.0,16.28417125,
109362,market_research_2026-04-05_01-41-23_live_round,413d064b6f554bdf9cbb171019ed8626,2026-04-05T06:54:19.463056+00:00,1775372059463056000,187769810136375,750,,,ETF,2958,170,2936.5,-43.0,16.355046042,
109369,market_research_2026-04-05_01-41-23_live_round,413d064b6f554bdf9cbb171019ed8626,2026-04-05T06:54:19.526924+00:00,1775372059526924000,187769874004916,750,,,ETF,2958,225,2937.0,-42.0,16.418914583,
109379,market_research_2026-04-05_01-41-23_live_round,413d064b6f554bdf9cbb171019ed8626,2026-04-05T06:54:19.623392+00:00,1775372059623392000,187769970472333,750,,,ETF,2958,45,2937.5,-41.0,16.515382,
109384,market_research_2026-04-05_01-41-23_live_round,413d064b6f554bdf9cbb171019ed8626,2026-04-05T06:54:19.672424+00:00,1775372059672424000,187770019504750,750,,,ETF,2941,115,2937.5,-41.0,16.564414417,
109385,market_research_2026-04-05_01-41-23_live_round,413d064b6f554bdf9cbb171019ed8626,2026-04-05T06:54:19.675958+00:00,1775372059675958000,187770023039083,750,,,ETF,2940,120,2937.5,-41.0,16.56794875,
109398,market_research_2026-04-05_01-41-23_live_round,413d064b6f554bdf9cbb171019ed8626,2026-04-05T06:54:19.803575+00:00,1775372059803575000,187770150655416,750,,,ETF,2940,50,2929.0,-22.0,16.695565083,
109399,market_research_2026-04-05_01-41-23_live_round,413d064b6f554bdf9cbb171019ed8626,2026-04-05T06:54:19.803694+00:00,1775372059803694000,187770150775375,750,,,ETF,2939,225,2929.0,-22.0,16.695685042,
109400,market_research_2026-04-05_01-41-23_live_round,413d064b6f554bdf9cbb171019ed8626,2026-04-05T06:54:19.803797+00:00,1775372059803797000,187770150878416,750,,,ETF,2938,60,2929.0,-22.0,16.695788083,
109407,market_research_2026-04-05_01-41-23_live_round,413d064b6f554bdf9cbb171019ed8626,2026-04-05T06:54:19.865016+00:00,1775372059865016000,187770212097000,750,,,ETF,2938,220,2928.5,-19.0,16.757006667,
109408,market_research_2026-04-05_01-41-23_live_round,413d064b6f554bdf9cbb171019ed8626,2026-04-05T06:54:19.865134+00:00,1775372059865134000,187770212214958,750,,,ETF,2937,170,2928.5,-19.0,16.757124625,
109414,market_research_2026-04-05_01-41-23_live_round,413d064b6f554bdf9cbb171019ed8626,2026-04-05T06:54:19.911975+00:00,1775372059911975000,187770259055958,750,,,ETF,2937,165,2928.5,-17.0,16.803965625,
109415,market_research_2026-04-05_01-41-23_live_round,413d064b6f554bdf9cbb171019ed8626,2026-04-05T06:54:19.912087+00:00,1775372059912087000,187770259168625,750,,,ETF,2936,280,2928.5,-17.0,16.804078292,
109421,market_research_2026-04-05_01-41-23_live_round,413d064b6f554bdf9cbb171019ed8626,2026-04-05T06:54:19.960012+00:00,1775372059960012000,187770307092791,750,,,ETF,2936,110,2928.5,-15.0,16.852002458,
109422,market_research_2026-04-05_01-41-23_live_round,413d064b6f554bdf9cbb171019ed8626,2026-04-05T06:54:19.960122+00:00,1775372059960122000,187770307203333,750,,,ETF,2935,390,2928.5,-15.0,16.852113,
109430,market_research_2026-04-05_01-41-23_live_round,413d064b6f554bdf9cbb171019ed8626,2026-04-05T06:54:20.034247+00:00,1775372060034247000,187770381328333,750,,,ETF,2935,55,2928.5,-13.0,16.926238,
109431,market_research_2026-04-05_01-41-23_live_round,413d064b6f554bdf9cbb171019ed8626,2026-04-05T06:54:20.038069+00:00,1775372060038069000,187770385150708,750,,,ETF,2934,500,2928.5,-13.0,16.930060375,
109520,market_research_2026-04-05_01-41-23_live_round,413d064b6f554bdf9cbb171019ed8626,2026-04-05T06:54:20.906213+00:00,1775372060906213000,187771253295083,750,,,ETF,2933,115,2924.5,-17.0,17.79820475,
109528,market_research_2026-04-05_01-41-23_live_round,413d064b6f554bdf9cbb171019ed8626,2026-04-05T06:54:20.981211+00:00,1775372060981211000,187771328293375,750,,,ETF,2933,170,2925.0,-16.0,17.873203042,
109534,market_research_2026-04-05_01-41-23_live_round,413d064b6f554bdf9cbb171019ed8626,2026-04-05T06:54:21.034895+00:00,1775372061034895000,187771381977500,750,,,ETF,2933,225,2925.5,-15.0,17.926887167,
109547,market_research_2026-04-05_01-41-23_live_round,413d064b6f554bdf9cbb171019ed8626,2026-04-05T06:54:21.164015+00:00,1775372061164015000,187771511097666,750,,,ETF,2933,45,2926.0,-14.0,18.056007333,
110592,market_research_2026-04-05_01-41-23_live_round,413d064b6f554bdf9cbb171019ed8626,2026-04-05T06:54:32.238566+00:00,1775372072238566000,187782585666208,750,,,ETF,2928,115,2928.0,0.0,29.130575875,
111194,market_research_2026-04-05_01-41-23_live_round,413d064b6f554bdf9cbb171019ed8626,2026-04-05T06:54:41.023175+00:00,1775372081023175000,187791370288833,750,,,ETF,2934,115,2934.5,-1.0,37.9151985,
111206,market_research_2026-04-05_01-41-23_live_round,413d064b6f554bdf9cbb171019ed8626,2026-04-05T06:54:41.177816+00:00,1775372081177816000,187791524929083,750,,,ETF,2934,170,2934.0,0.0,38.06983875,
111351,market_research_2026-04-05_01-41-23_live_round,413d064b6f554bdf9cbb171019ed8626,2026-04-05T06:54:43.170051+00:00,1775372083170051000,187793517167333,750,,,ETF,2945,115,2945.5,-1.0,40.062077,
111366,market_research_2026-04-05_01-41-23_live_round,413d064b6f554bdf9cbb171019ed8626,2026-04-05T06:54:43.380286+00:00,1775372083380286000,187793727402833,750,,,ETF,2945,170,2945.0,0.0,40.2723125,
112646,market_research_2026-04-05_01-41-23_live_round,413d064b6f554bdf9cbb171019ed8626,2026-04-05T06:55:01.372859+00:00,1775372101372859000,187811720004291,750,,,ETF,2932,115,2935.5,-7.0,58.264913958,
112647,market_research_2026-04-05_01-41-23_live_round,413d064b6f554bdf9cbb171019ed8626,2026-04-05T06:55:01.373026+00:00,1775372101373026000,187811720170833,750,,,ETF,2933,170,2935.5,-7.0,58.2650805,
112648,market_research_2026-04-05_01-41-23_live_round,413d064b6f554bdf9cbb171019ed8626,2026-04-05T06:55:01.373152+00:00,1775372101373152000,187811720297666,750,,,ETF,2934,225,2935.5,-7.0,58.265207333,
112649,market_research_2026-04-05_01-41-23_live_round,413d064b6f554bdf9cbb171019ed8626,2026-04-05T06:55:01.373272+00:00,1775372101373272000,187811720417750,750,,,ETF,2935,280,2935.5,-7.0,58.265327417,
112650,market_research_2026-04-05_01-41-23_live_round,413d064b6f554bdf9cbb171019ed8626,2026-04-05T06:55:01.373378+00:00,1775372101373378000,187811720523708,750,,,ETF,2936,335,2935.5,-7.0,58.265433375,
112651,market_research_2026-04-05_01-41-23_live_round,413d064b6f554bdf9cbb171019ed8626,2026-04-05T06:55:01.373487+00:00,1775372101373487000,187811720632000,750,,,ETF,2937,83,2935.5,-7.0,58.265541667,
114248,market_research_2026-04-05_01-41-23_live_round,413d064b6f554bdf9cbb171019ed8626,2026-04-05T06:55:19.841397+00:00,1775372119841397000,187830188571291,750,,,ETF,2937,115,2937.0,0.0,76.733480958,
