event_index,session_id,run_id,wall_time_iso,wall_time_ns,monotonic_ns,exchange_tick,round,day,symbol,trade_px,trade_qty,mid_at_trade,spread_at_trade,time_since_last_A_news,latest_known_eps_for_A
229,A_research_2026-04-04_19-04-44_live_round,0bbebde3d5824359a06f0ab697948d52,2026-04-05T00:04:47.874355+00:00,1775347487874355000,164914514417416,,,,A,796,37,796.0,0.0,,
930,A_research_2026-04-04_19-04-44_live_round,0bbebde3d5824359a06f0ab697948d52,2026-04-05T00:04:56.525698+00:00,1775347496525698000,164923165791500,83,,,A,796,37,795.5,-1.0,0.005264834,
931,A_research_2026-04-04_19-04-44_live_round,0bbebde3d5824359a06f0ab697948d52,2026-04-05T00:04:56.525918+00:00,1775347496525918000,164923166011416,83,,,A,795,52,795.5,-1.0,0.00548475,
1115,A_research_2026-04-04_19-04-44_live_round,0bbebde3d5824359a06f0ab697948d52,2026-04-05T00:04:58.739326+00:00,1775347498739326000,164925379426750,83,,,A,811,37,807.5,-7.0,2.218900084,
1116,A_research_2026-04-04_19-04-44_live_round,0bbebde3d5824359a06f0ab697948d52,2026-04-05T00:04:58.739551+00:00,1775347498739551000,164925379652083,83,,,A,810,52,807.5,-7.0,2.219125417,
1117,A_research_2026-04-04_19-04-44_live_round,0bbebde3d5824359a06f0ab697948d52,2026-04-05T00:04:58.739717+00:00,1775347498739717000,164925379818416,83,,,A,810,78,807.5,-7.0,2.21929175,
1137,A_research_2026-04-04_19-04-44_live_round,0bbebde3d5824359a06f0ab697948d52,2026-04-05T00:04:58.993420+00:00,1775347498993420000,164925633522833,83,,,A,808,37,808.0,0.0,2.472996167,
1157,A_research_2026-04-04_19-04-44_live_round,0bbebde3d5824359a06f0ab697948d52,2026-04-05T00:04:59.193661+00:00,1775347499193661000,164925833763875,83,,,A,803,37,802.5,-1.0,2.673237209,
1162,A_research_2026-04-04_19-04-44_live_round,0bbebde3d5824359a06f0ab697948d52,2026-04-05T00:04:59.198500+00:00,1775347499198500000,164925838602458,83,,,A,803,45,803.0,0.0,2.678075792,
1177,A_research_2026-04-04_19-04-44_live_round,0bbebde3d5824359a06f0ab697948d52,2026-04-05T00:04:59.393170+00:00,1775347499393170000,164926033273250,83,,,A,797,37,797.0,0.0,2.872746584,
1195,A_research_2026-04-04_19-04-44_live_round,0bbebde3d5824359a06f0ab697948d52,2026-04-05T00:04:59.586885+00:00,1775347499586885000,164926226989833,83,,,A,791,37,789.0,-4.0,3.066463167,
1200,A_research_2026-04-04_19-04-44_live_round,0bbebde3d5824359a06f0ab697948d52,2026-04-05T00:04:59.589424+00:00,1775347499589424000,164926229528375,83,,,A,791,45,789.5,-3.0,3.069001709,
1201,A_research_2026-04-04_19-04-44_live_round,0bbebde3d5824359a06f0ab697948d52,2026-04-05T00:04:59.589503+00:00,1775347499589503000,164926229607916,83,,,A,789,7,789.5,-3.0,3.06908125,
1207,A_research_2026-04-04_19-04-44_live_round,0bbebde3d5824359a06f0ab697948d52,2026-04-05T00:04:59.592277+00:00,1775347499592277000,164926232381166,83,,,A,789,30,789.0,0.0,3.0718545,
1219,A_research_2026-04-04_19-04-44_live_round,0bbebde3d5824359a06f0ab697948d52,2026-04-05T00:04:59.796956+00:00,1775347499796956000,164926437061416,83,,,A,786,37,782.5,-7.0,3.27653475,
1224,A_research_2026-04-04_19-04-44_live_round,0bbebde3d5824359a06f0ab697948d52,2026-04-05T00:04:59.801179+00:00,1775347499801179000,164926441283625,83,,,A,786,45,783.0,-6.0,3.280756959,
1238,A_research_2026-04-04_19-04-44_live_round,0bbebde3d5824359a06f0ab697948d52,2026-04-05T00:04:59.994102+00:00,1775347499994102000,164926634207458,100,,,A,776,37,773.0,-6.0,3.473680792,
1243,A_research_2026-04-04_19-04-44_live_round,0bbebde3d5824359a06f0ab697948d52,2026-04-05T00:04:59.997901+00:00,1775347499997901000,164926638007208,100,,,A,776,45,773.5,-5.0,3.477480542,
1244,A_research_2026-04-04_19-04-44_live_round,0bbebde3d5824359a06f0ab697948d52,2026-04-05T00:04:59.998007+00:00,1775347499998007000,164926638113291,100,,,A,771,7,773.5,-5.0,3.477586625,
1261,A_research_2026-04-04_19-04-44_live_round,0bbebde3d5824359a06f0ab697948d52,2026-04-05T00:05:00.194338+00:00,1775347500194338000,164926834443458,100,,,A,768,37,764.0,-8.0,3.673916792,
1266,A_research_2026-04-04_19-04-44_live_round,0bbebde3d5824359a06f0ab697948d52,2026-04-05T00:05:00.199528+00:00,1775347500199528000,164926839634583,100,,,A,768,45,764.5,-7.0,3.679107917,
1267,A_research_2026-04-04_19-04-44_live_round,0bbebde3d5824359a06f0ab697948d52,2026-04-05T00:05:00.199866+00:00,1775347500199866000,164926839972916,100,,,A,762,7,764.5,-7.0,3.67944625,
1273,A_research_2026-04-04_19-04-44_live_round,0bbebde3d5824359a06f0ab697948d52,2026-04-05T00:05:00.204700+00:00,1775347500204700000,164926844806250,100,,,A,762,30,762.0,0.0,3.684279584,
1284,A_research_2026-04-04_19-04-44_live_round,0bbebde3d5824359a06f0ab697948d52,2026-04-05T00:05:00.438851+00:00,1775347500438851000,164927078957958,100,,,A,759,37,755.0,-8.0,3.918431292,
1289,A_research_2026-04-04_19-04-44_live_round,0bbebde3d5824359a06f0ab697948d52,2026-04-05T00:05:00.442566+00:00,1775347500442566000,164927082673000,100,,,A,759,45,755.5,-7.0,3.922146334,
1290,A_research_2026-04-04_19-04-44_live_round,0bbebde3d5824359a06f0ab697948d52,2026-04-05T00:05:00.442667+00:00,1775347500442667000,164927082774916,100,,,A,752,7,755.5,-7.0,3.92224825,
1305,A_research_2026-04-04_19-04-44_live_round,0bbebde3d5824359a06f0ab697948d52,2026-04-05T00:05:00.600711+00:00,1775347500600711000,164927240818958,100,,,A,749,37,745.0,-8.0,4.080292292,
1310,A_research_2026-04-04_19-04-44_live_round,0bbebde3d5824359a06f0ab697948d52,2026-04-05T00:05:00.604642+00:00,1775347500604642000,164927244749791,100,,,A,749,45,745.5,-7.0,4.084223125,
1311,A_research_2026-04-04_19-04-44_live_round,0bbebde3d5824359a06f0ab697948d52,2026-04-05T00:05:00.604764+00:00,1775347500604764000,164927244872333,100,,,A,743,7,745.5,-7.0,4.084345667,
1317,A_research_2026-04-04_19-04-44_live_round,0bbebde3d5824359a06f0ab697948d52,2026-04-05T00:05:00.608758+00:00,1775347500608758000,164927248865916,100,,,A,743,30,743.0,0.0,4.08833925,
1328,A_research_2026-04-04_19-04-44_live_round,0bbebde3d5824359a06f0ab697948d52,2026-04-05T00:05:00.801204+00:00,1775347500801204000,164927441312625,100,,,A,740,37,735.5,-9.0,4.280785959,
1333,A_research_2026-04-04_19-04-44_live_round,0bbebde3d5824359a06f0ab697948d52,2026-04-05T00:05:00.805264+00:00,1775347500805264000,164927445372708,100,,,A,740,45,736.0,-8.0,4.284846042,
1334,A_research_2026-04-04_19-04-44_live_round,0bbebde3d5824359a06f0ab697948d52,2026-04-05T00:05:00.805387+00:00,1775347500805387000,164927445495916,100,,,A,733,7,736.0,-8.0,4.28496925,
1340,A_research_2026-04-04_19-04-44_live_round,0bbebde3d5824359a06f0ab697948d52,2026-04-05T00:05:00.809660+00:00,1775347500809660000,164927449768541,100,,,A,733,30,733.0,0.0,4.289241875,
1351,A_research_2026-04-04_19-04-44_live_round,0bbebde3d5824359a06f0ab697948d52,2026-04-05T00:05:01.004478+00:00,1775347501004478000,164927644587791,100,,,A,730,37,724.0,-12.0,4.484061125,
1356,A_research_2026-04-04_19-04-44_live_round,0bbebde3d5824359a06f0ab697948d52,2026-04-05T00:05:01.008688+00:00,1775347501008688000,164927648797625,100,,,A,730,45,724.5,-11.0,4.488270959,
1357,A_research_2026-04-04_19-04-44_live_round,0bbebde3d5824359a06f0ab697948d52,2026-04-05T00:05:01.008817+00:00,1775347501008817000,164927648926166,100,,,A,723,7,724.5,-11.0,4.4883995,
1363,A_research_2026-04-04_19-04-44_live_round,0bbebde3d5824359a06f0ab697948d52,2026-04-05T00:05:01.013159+00:00,1775347501013159000,164927653269000,100,,,A,723,30,721.5,-3.0,4.492742334,
1364,A_research_2026-04-04_19-04-44_live_round,0bbebde3d5824359a06f0ab697948d52,2026-04-05T00:05:01.013246+00:00,1775347501013246000,164927653356083,100,,,A,722,37,721.5,-3.0,4.492829417,
1370,A_research_2026-04-04_19-04-44_live_round,0bbebde3d5824359a06f0ab697948d52,2026-04-05T00:05:01.016917+00:00,1775347501016917000,164927657026875,100,,,A,722,15,721.5,-1.0,4.496500209,
1371,A_research_2026-04-04_19-04-44_live_round,0bbebde3d5824359a06f0ab697948d52,2026-04-05T00:05:01.017002+00:00,1775347501017002000,164927657111708,100,,,A,721,67,721.5,-1.0,4.496585042,
1380,A_research_2026-04-04_19-04-44_live_round,0bbebde3d5824359a06f0ab697948d52,2026-04-05T00:05:01.216386+00:00,1775347501216386000,164927856495458,100,,,A,720,37,713.0,-14.0,4.695968792,
1385,A_research_2026-04-04_19-04-44_live_round,0bbebde3d5824359a06f0ab697948d52,2026-04-05T00:05:01.221601+00:00,1775347501221601000,164927861710833,100,,,A,720,45,713.5,-13.0,4.701184167,
1386,A_research_2026-04-04_19-04-44_live_round,0bbebde3d5824359a06f0ab697948d52,2026-04-05T00:05:01.221810+00:00,1775347501221810000,164927861919791,100,,,A,710,7,713.5,-13.0,4.701393125,
1392,A_research_2026-04-04_19-04-44_live_round,0bbebde3d5824359a06f0ab697948d52,2026-04-05T00:05:01.226879+00:00,1775347501226879000,164927866989541,100,,,A,710,30,709.0,-2.0,4.706462875,
1393,A_research_2026-04-04_19-04-44_live_round,0bbebde3d5824359a06f0ab697948d52,2026-04-05T00:05:01.226998+00:00,1775347501226998000,164927867108541,100,,,A,709,37,709.0,-2.0,4.706581875,
1399,A_research_2026-04-04_19-04-44_live_round,0bbebde3d5824359a06f0ab697948d52,2026-04-05T00:05:01.231101+00:00,1775347501231101000,164927871211291,100,,,A,709,15,709.0,0.0,4.710684625,
1406,A_research_2026-04-04_19-04-44_live_round,0bbebde3d5824359a06f0ab697948d52,2026-04-05T00:05:01.484684+00:00,1775347501484684000,164928124794958,100,,,A,707,37,700.0,-14.0,4.964268292,
1411,A_research_2026-04-04_19-04-44_live_round,0bbebde3d5824359a06f0ab697948d52,2026-04-05T00:05:01.487194+00:00,1775347501487194000,164928127304875,100,,,A,707,45,700.5,-13.0,4.966778209,
1412,A_research_2026-04-04_19-04-44_live_round,0bbebde3d5824359a06f0ab697948d52,2026-04-05T00:05:01.487276+00:00,1775347501487276000,164928127387708,100,,,A,698,7,700.5,-13.0,4.966861042,
1418,A_research_2026-04-04_19-04-44_live_round,0bbebde3d5824359a06f0ab697948d52,2026-04-05T00:05:01.490330+00:00,1775347501490330000,164928130441208,100,,,A,698,30,696.5,-3.0,4.969914542,
1419,A_research_2026-04-04_19-04-44_live_round,0bbebde3d5824359a06f0ab697948d52,2026-04-05T00:05:01.490404+00:00,1775347501490404000,164928130515375,100,,,A,697,37,696.5,-3.0,4.969988709,
1425,A_research_2026-04-04_19-04-44_live_round,0bbebde3d5824359a06f0ab697948d52,2026-04-05T00:05:01.493748+00:00,1775347501493748000,164928133859708,100,,,A,697,15,696.5,-1.0,4.973333042,
1426,A_research_2026-04-04_19-04-44_live_round,0bbebde3d5824359a06f0ab697948d52,2026-04-05T00:05:01.493823+00:00,1775347501493823000,164928133934041,100,,,A,696,67,696.5,-1.0,4.973407375,
1434,A_research_2026-04-04_19-04-44_live_round,0bbebde3d5824359a06f0ab697948d52,2026-04-05T00:05:01.628318+00:00,1775347501628318000,164928268429375,100,,,A,695,37,689.5,-11.0,5.107902709,
1439,A_research_2026-04-04_19-04-44_live_round,0bbebde3d5824359a06f0ab697948d52,2026-04-05T00:05:01.631915+00:00,1775347501631915000,164928272026458,100,,,A,695,45,690.0,-10.0,5.111499792,
1440,A_research_2026-04-04_19-04-44_live_round,0bbebde3d5824359a06f0ab697948d52,2026-04-05T00:05:01.632008+00:00,1775347501632008000,164928272119833,100,,,A,685,7,690.0,-10.0,5.111593167,
1454,A_research_2026-04-04_19-04-44_live_round,0bbebde3d5824359a06f0ab697948d52,2026-04-05T00:05:01.845389+00:00,1775347501845389000,164928485499666,100,,,A,682,37,676.0,-12.0,5.324973,
1459,A_research_2026-04-04_19-04-44_live_round,0bbebde3d5824359a06f0ab697948d52,2026-04-05T00:05:01.849771+00:00,1775347501849771000,164928489883208,100,,,A,682,45,676.5,-11.0,5.329356542,
1460,A_research_2026-04-04_19-04-44_live_round,0bbebde3d5824359a06f0ab697948d52,2026-04-05T00:05:01.849898+00:00,1775347501849898000,164928490010125,100,,,A,676,7,676.5,-11.0,5.329483459,
1466,A_research_2026-04-04_19-04-44_live_round,0bbebde3d5824359a06f0ab697948d52,2026-04-05T00:05:01.854685+00:00,1775347501854685000,164928494797666,100,,,A,676,30,674.0,-4.0,5.334271,
1467,A_research_2026-04-04_19-04-44_live_round,0bbebde3d5824359a06f0ab697948d52,2026-04-05T00:05:01.854776+00:00,1775347501854776000,164928494888916,100,,,A,675,37,674.0,-4.0,5.33436225,
1473,A_research_2026-04-04_19-04-44_live_round,0bbebde3d5824359a06f0ab697948d52,2026-04-05T00:05:01.858735+00:00,1775347501858735000,164928498847083,100,,,A,675,15,674.0,-2.0,5.338320417,
1474,A_research_2026-04-04_19-04-44_live_round,0bbebde3d5824359a06f0ab697948d52,2026-04-05T00:05:01.858821+00:00,1775347501858821000,164928498933375,100,,,A,674,67,674.0,-2.0,5.338406709,
1482,A_research_2026-04-04_19-04-44_live_round,0bbebde3d5824359a06f0ab697948d52,2026-04-05T00:05:02.033840+00:00,1775347502033840000,164928673952916,100,,,A,673,37,664.5,-17.0,5.51342625,
1487,A_research_2026-04-04_19-04-44_live_round,0bbebde3d5824359a06f0ab697948d52,2026-04-05T00:05:02.037778+00:00,1775347502037778000,164928677891333,100,,,A,673,45,665.0,-16.0,5.517364667,
1488,A_research_2026-04-04_19-04-44_live_round,0bbebde3d5824359a06f0ab697948d52,2026-04-05T00:05:02.037898+00:00,1775347502037898000,164928678010625,100,,,A,662,7,665.0,-16.0,5.517483959,
1494,A_research_2026-04-04_19-04-44_live_round,0bbebde3d5824359a06f0ab697948d52,2026-04-05T00:05:02.042334+00:00,1775347502042334000,164928682446625,100,,,A,662,30,660.0,-4.0,5.521919959,
1495,A_research_2026-04-04_19-04-44_live_round,0bbebde3d5824359a06f0ab697948d52,2026-04-05T00:05:02.042424+00:00,1775347502042424000,164928682537541,100,,,A,661,37,660.0,-4.0,5.522010875,
1501,A_research_2026-04-04_19-04-44_live_round,0bbebde3d5824359a06f0ab697948d52,2026-04-05T00:05:02.046367+00:00,1775347502046367000,164928686480541,100,,,A,661,15,660.0,-2.0,5.525953875,
1502,A_research_2026-04-04_19-04-44_live_round,0bbebde3d5824359a06f0ab697948d52,2026-04-05T00:05:02.046444+00:00,1775347502046444000,164928686557500,100,,,A,660,67,660.0,-2.0,5.526030834,
1509,A_research_2026-04-04_19-04-44_live_round,0bbebde3d5824359a06f0ab697948d52,2026-04-05T00:05:02.233437+00:00,1775347502233437000,164928873550500,100,,,A,659,37,650.0,-18.0,5.713023834,
1514,A_research_2026-04-04_19-04-44_live_round,0bbebde3d5824359a06f0ab697948d52,2026-04-05T00:05:02.237572+00:00,1775347502237572000,164928877685708,100,,,A,659,45,650.5,-17.0,5.717159042,
1515,A_research_2026-04-04_19-04-44_live_round,0bbebde3d5824359a06f0ab697948d52,2026-04-05T00:05:02.237696+00:00,1775347502237696000,164928877809750,100,,,A,648,7,650.5,-17.0,5.717283084,
1521,A_research_2026-04-04_19-04-44_live_round,0bbebde3d5824359a06f0ab697948d52,2026-04-05T00:05:02.241955+00:00,1775347502241955000,164928882068416,100,,,A,648,30,645.5,-5.0,5.72154175,
1522,A_research_2026-04-04_19-04-44_live_round,0bbebde3d5824359a06f0ab697948d52,2026-04-05T00:05:02.242056+00:00,1775347502242056000,164928882169875,100,,,A,647,37,645.5,-5.0,5.721643209,
1528,A_research_2026-04-04_19-04-44_live_round,0bbebde3d5824359a06f0ab697948d52,2026-04-05T00:05:02.245985+00:00,1775347502245985000,164928886098958,100,,,A,647,15,645.5,-3.0,5.725572292,
1529,A_research_2026-04-04_19-04-44_live_round,0bbebde3d5824359a06f0ab697948d52,2026-04-05T00:05:02.246066+00:00,1775347502246066000,164928886180416,100,,,A,646,67,645.5,-3.0,5.72565375,
1535,A_research_2026-04-04_19-04-44_live_round,0bbebde3d5824359a06f0ab697948d52,2026-04-05T00:05:02.422805+00:00,1775347502422805000,164929062919166,100,,,A,645,37,636.5,-17.0,5.9023925,
1540,A_research_2026-04-04_19-04-44_live_round,0bbebde3d5824359a06f0ab697948d52,2026-04-05T00:05:02.427078+00:00,1775347502427078000,164929067192416,100,,,A,645,45,637.0,-16.0,5.90666575,
1541,A_research_2026-04-04_19-04-44_live_round,0bbebde3d5824359a06f0ab697948d52,2026-04-05T00:05:02.427203+00:00,1775347502427203000,164929067317583,100,,,A,633,7,637.0,-16.0,5.906790917,
1547,A_research_2026-04-04_19-04-44_live_round,0bbebde3d5824359a06f0ab697948d52,2026-04-05T00:05:02.431598+00:00,1775347502431598000,164929071712250,100,,,A,633,30,631.5,-3.0,5.911185584,
1548,A_research_2026-04-04_19-04-44_live_round,0bbebde3d5824359a06f0ab697948d52,2026-04-05T00:05:02.431686+00:00,1775347502431686000,164929071800416,100,,,A,632,37,631.5,-3.0,5.91127375,
1554,A_research_2026-04-04_19-04-44_live_round,0bbebde3d5824359a06f0ab697948d52,2026-04-05T00:05:02.435714+00:00,1775347502435714000,164929075828166,100,,,A,632,15,631.5,-1.0,5.9153015,
1555,A_research_2026-04-04_19-04-44_live_round,0bbebde3d5824359a06f0ab697948d52,2026-04-05T00:05:02.435804+00:00,1775347502435804000,164929075918958,100,,,A,631,67,631.5,-1.0,5.915392292,
1561,A_research_2026-04-04_19-04-44_live_round,0bbebde3d5824359a06f0ab697948d52,2026-04-05T00:05:02.613605+00:00,1775347502613605000,164929253720166,100,,,A,630,37,623.0,-14.0,6.0931935,
1566,A_research_2026-04-04_19-04-44_live_round,0bbebde3d5824359a06f0ab697948d52,2026-04-05T00:05:02.617931+00:00,1775347502617931000,164929258046166,100,,,A,630,45,623.5,-13.0,6.0975195,
1567,A_research_2026-04-04_19-04-44_live_round,0bbebde3d5824359a06f0ab697948d52,2026-04-05T00:05:02.618058+00:00,1775347502618058000,164929258173500,100,,,A,620,7,623.5,-13.0,6.097646834,
1573,A_research_2026-04-04_19-04-44_live_round,0bbebde3d5824359a06f0ab697948d52,2026-04-05T00:05:02.622542+00:00,1775347502622542000,164929262657750,100,,,A,620,30,619.0,-2.0,6.102131084,
1574,A_research_2026-04-04_19-04-44_live_round,0bbebde3d5824359a06f0ab697948d52,2026-04-05T00:05:02.622628+00:00,1775347502622628000,164929262743666,100,,,A,619,37,619.0,-2.0,6.102217,
1580,A_research_2026-04-04_19-04-44_live_round,0bbebde3d5824359a06f0ab697948d52,2026-04-05T00:05:02.626709+00:00,1775347502626709000,164929266824291,100,,,A,619,15,619.0,0.0,6.106297625,
1586,A_research_2026-04-04_19-04-44_live_round,0bbebde3d5824359a06f0ab697948d52,2026-04-05T00:05:02.845849+00:00,1775347502845849000,164929485965041,100,,,A,617,37,611.5,-11.0,6.325438375,
1591,A_research_2026-04-04_19-04-44_live_round,0bbebde3d5824359a06f0ab697948d52,2026-04-05T00:05:02.851429+00:00,1775347502851429000,164929491545583,100,,,A,617,45,612.0,-10.0,6.331018917,
1592,A_research_2026-04-04_19-04-44_live_round,0bbebde3d5824359a06f0ab697948d52,2026-04-05T00:05:02.851593+00:00,1775347502851593000,164929491709250,100,,,A,608,7,612.0,-10.0,6.331182584,
1598,A_research_2026-04-04_19-04-44_live_round,0bbebde3d5824359a06f0ab697948d52,2026-04-05T00:05:02.856576+00:00,1775347502856576000,164929496692000,100,,,A,608,30,608.0,0.0,6.336165334,
1608,A_research_2026-04-04_19-04-44_live_round,0bbebde3d5824359a06f0ab697948d52,2026-04-05T00:05:03.048147+00:00,1775347503048147000,164929688263916,100,,,A,605,37,602.0,-6.0,6.52773725,
1613,A_research_2026-04-04_19-04-44_live_round,0bbebde3d5824359a06f0ab697948d52,2026-04-05T00:05:03.052477+00:00,1775347503052477000,164929692594083,100,,,A,605,45,602.5,-5.0,6.532067417,
1627,A_research_2026-04-04_19-04-44_live_round,0bbebde3d5824359a06f0ab697948d52,2026-04-05T00:05:03.220334+00:00,1775347503220334000,164929860451125,100,,,A,595,37,591.0,-8.0,6.699924459,
1632,A_research_2026-04-04_19-04-44_live_round,0bbebde3d5824359a06f0ab697948d52,2026-04-05T00:05:03.224646+00:00,1775347503224646000,164929864763791,100,,,A,595,45,591.5,-7.0,6.704237125,
1633,A_research_2026-04-04_19-04-44_live_round,0bbebde3d5824359a06f0ab697948d52,2026-04-05T00:05:03.224777+00:00,1775347503224777000,164929864894666,100,,,A,591,7,591.5,-7.0,6.704368,
1639,A_research_2026-04-04_19-04-44_live_round,0bbebde3d5824359a06f0ab697948d52,2026-04-05T00:05:03.229701+00:00,1775347503229701000,164929869818875,100,,,A,591,30,590.0,-2.0,6.709292209,
1640,A_research_2026-04-04_19-04-44_live_round,0bbebde3d5824359a06f0ab697948d52,2026-04-05T00:05:03.229796+00:00,1775347503229796000,164929869913333,100,,,A,590,37,590.0,-2.0,6.709386667,
1646,A_research_2026-04-04_19-04-44_live_round,0bbebde3d5824359a06f0ab697948d52,2026-04-05T00:05:03.233861+00:00,1775347503233861000,164929873978208,100,,,A,590,15,590.0,0.0,6.713451542,
1655,A_research_2026-04-04_19-04-44_live_round,0bbebde3d5824359a06f0ab697948d52,2026-04-05T00:05:03.423525+00:00,1775347503423525000,164930063642375,100,,,A,588,37,583.5,-9.0,6.903115709,
1660,A_research_2026-04-04_19-04-44_live_round,0bbebde3d5824359a06f0ab697948d52,2026-04-05T00:05:03.427759+00:00,1775347503427759000,164930067876625,100,,,A,588,45,584.0,-8.0,6.907349959,
1673,A_research_2026-04-04_19-04-44_live_round,0bbebde3d5824359a06f0ab697948d52,2026-04-05T00:05:03.617852+00:00,1775347503617852000,164930257970125,100,,,A,576,37,574.0,-4.0,7.097443459,
1678,A_research_2026-04-04_19-04-44_live_round,0bbebde3d5824359a06f0ab697948d52,2026-04-05T00:05:03.621431+00:00,1775347503621431000,164930261549708,100,,,A,576,45,574.5,-3.0,7.101023042,
1693,A_research_2026-04-04_19-04-44_live_round,0bbebde3d5824359a06f0ab697948d52,2026-04-05T00:05:03.814212+00:00,1775347503814212000,164930454331375,100,,,A,568,37,568.0,0.0,7.293804709,
1774,A_research_2026-04-04_19-04-44_live_round,0bbebde3d5824359a06f0ab697948d52,2026-04-05T00:05:04.823136+00:00,1775347504823136000,164931463258833,100,,,A,566,37,567.5,-3.0,8.302732167,
1779,A_research_2026-04-04_19-04-44_live_round,0bbebde3d5824359a06f0ab697948d52,2026-04-05T00:05:04.826497+00:00,1775347504826497000,164931466619833,100,,,A,567,52,567.5,-1.0,8.306093167,
1794,A_research_2026-04-04_19-04-44_live_round,0bbebde3d5824359a06f0ab697948d52,2026-04-05T00:05:05.026054+00:00,1775347505026054000,164931666176625,100,,,A,569,37,574.5,-11.0,8.505649959,
1799,A_research_2026-04-04_19-04-44_live_round,0bbebde3d5824359a06f0ab697948d52,2026-04-05T00:05:05.031174+00:00,1775347505031174000,164931671297250,100,,,A,569,45,574.0,-10.0,8.510770584,
1800,A_research_2026-04-04_19-04-44_live_round,0bbebde3d5824359a06f0ab697948d52,2026-04-05T00:05:05.031313+00:00,1775347505031313000,164931671437000,100,,,A,577,7,574.0,-10.0,8.510910334,
1806,A_research_2026-04-04_19-04-44_live_round,0bbebde3d5824359a06f0ab697948d52,2026-04-05T00:05:05.036108+00:00,1775347505036108000,164931676231458,100,,,A,577,30,577.5,-1.0,8.515704792,
1807,A_research_2026-04-04_19-04-44_live_round,0bbebde3d5824359a06f0ab697948d52,2026-04-05T00:05:05.036241+00:00,1775347505036241000,164931676364333,100,,,A,578,37,577.5,-1.0,8.515837667,
1820,A_research_2026-04-04_19-04-44_live_round,0bbebde3d5824359a06f0ab697948d52,2026-04-05T00:05:05.227352+00:00,1775347505227352000,164931867475750,100,,,A,580,37,587.5,-15.0,8.706949084,
1825,A_research_2026-04-04_19-04-44_live_round,0bbebde3d5824359a06f0ab697948d52,2026-04-05T00:05:05.232024+00:00,1775347505232024000,164931872148375,100,,,A,580,45,587.0,-14.0,8.711621709,
1826,A_research_2026-04-04_19-04-44_live_round,0bbebde3d5824359a06f0ab697948d52,2026-04-05T00:05:05.232163+00:00,1775347505232163000,164931872287791,100,,,A,588,7,587.0,-14.0,8.711761125,
1832,A_research_2026-04-04_19-04-44_live_round,0bbebde3d5824359a06f0ab697948d52,2026-04-05T00:05:05.236881+00:00,1775347505236881000,164931877005000,100,,,A,588,30,590.5,-5.0,8.716478334,
1833,A_research_2026-04-04_19-04-44_live_round,0bbebde3d5824359a06f0ab697948d52,2026-04-05T00:05:05.236976+00:00,1775347505236976000,164931877100958,100,,,A,589,37,590.5,-5.0,8.716574292,
1839,A_research_2026-04-04_19-04-44_live_round,0bbebde3d5824359a06f0ab697948d52,2026-04-05T00:05:05.241200+00:00,1775347505241200000,164931881324416,100,,,A,589,15,590.5,-3.0,8.72079775,
1840,A_research_2026-04-04_19-04-44_live_round,0bbebde3d5824359a06f0ab697948d52,2026-04-05T00:05:05.241283+00:00,1775347505241283000,164931881407875,100,,,A,590,67,590.5,-3.0,8.720881209,
1847,A_research_2026-04-04_19-04-44_live_round,0bbebde3d5824359a06f0ab697948d52,2026-04-05T00:05:05.421182+00:00,1775347505421182000,164932061306291,100,,,A,591,37,602.5,-23.0,8.900779625,
1852,A_research_2026-04-04_19-04-44_live_round,0bbebde3d5824359a06f0ab697948d52,2026-04-05T00:05:05.427554+00:00,1775347505427554000,164932067678750,100,,,A,591,45,602.0,-22.0,8.907152084,
1853,A_research_2026-04-04_19-04-44_live_round,0bbebde3d5824359a06f0ab697948d52,2026-04-05T00:05:05.427724+00:00,1775347505427724000,164932067849208,100,,,A,603,7,602.0,-22.0,8.907322542,
1859,A_research_2026-04-04_19-04-44_live_round,0bbebde3d5824359a06f0ab697948d52,2026-04-05T00:05:05.433571+00:00,1775347505433571000,164932073696000,100,,,A,603,30,607.5,-9.0,8.913169334,
1860,A_research_2026-04-04_19-04-44_live_round,0bbebde3d5824359a06f0ab697948d52,2026-04-05T00:05:05.433703+00:00,1775347505433703000,164932073828000,100,,,A,604,37,607.5,-9.0,8.913301334,
1866,A_research_2026-04-04_19-04-44_live_round,0bbebde3d5824359a06f0ab697948d52,2026-04-05T00:05:05.438643+00:00,1775347505438643000,164932078768500,100,,,A,604,15,607.5,-7.0,8.918241834,
1867,A_research_2026-04-04_19-04-44_live_round,0bbebde3d5824359a06f0ab697948d52,2026-04-05T00:05:05.438744+00:00,1775347505438744000,164932078869625,100,,,A,605,67,607.5,-7.0,8.918342959,
1874,A_research_2026-04-04_19-04-44_live_round,0bbebde3d5824359a06f0ab697948d52,2026-04-05T00:05:05.684918+00:00,1775347505684918000,164932325043666,100,,,A,606,37,610.0,-8.0,9.164517,
1879,A_research_2026-04-04_19-04-44_live_round,0bbebde3d5824359a06f0ab697948d52,2026-04-05T00:05:05.689366+00:00,1775347505689366000,164932329491875,100,,,A,606,45,609.5,-7.0,9.168965209,
2521,A_research_2026-04-04_19-04-44_live_round,0bbebde3d5824359a06f0ab697948d52,2026-04-05T00:05:13.665596+00:00,1775347513665596000,164940305374541,150,,,A,644,37,645.5,-3.0,3.67203625,0.9121937626958488
2526,A_research_2026-04-04_19-04-44_live_round,0bbebde3d5824359a06f0ab697948d52,2026-04-05T00:05:13.671546+00:00,1775347513671546000,164940311323500,150,,,A,644,45,645.0,-2.0,3.677985209,0.9121937626958488
2590,A_research_2026-04-04_19-04-44_live_round,0bbebde3d5824359a06f0ab697948d52,2026-04-05T00:05:14.479240+00:00,1775347514479240000,164941118932125,150,,,A,663,37,664.0,-2.0,4.485593834,0.9121937626958488
2595,A_research_2026-04-04_19-04-44_live_round,0bbebde3d5824359a06f0ab697948d52,2026-04-05T00:05:14.484635+00:00,1775347514484635000,164941124327750,150,,,A,663,45,663.5,-1.0,4.490989459,0.9121937626958488
2596,A_research_2026-04-04_19-04-44_live_round,0bbebde3d5824359a06f0ab697948d52,2026-04-05T00:05:14.484766+00:00,1775347514484766000,164941124459125,150,,,A,664,7,663.5,-1.0,4.491120834,0.9121937626958488
2613,A_research_2026-04-04_19-04-44_live_round,0bbebde3d5824359a06f0ab697948d52,2026-04-05T00:05:14.675969+00:00,1775347514675969000,164941315642375,150,,,A,667,37,668.5,-3.0,4.682304084,0.9121937626958488
2618,A_research_2026-04-04_19-04-44_live_round,0bbebde3d5824359a06f0ab697948d52,2026-04-05T00:05:14.680572+00:00,1775347514680572000,164941320244666,150,,,A,667,45,668.0,-2.0,4.686906375,0.9121937626958488
2632,A_research_2026-04-04_19-04-44_live_round,0bbebde3d5824359a06f0ab697948d52,2026-04-05T00:05:14.873793+00:00,1775347514873793000,164941513445708,150,,,A,676,37,677.0,-2.0,4.880107417,0.9121937626958488
2637,A_research_2026-04-04_19-04-44_live_round,0bbebde3d5824359a06f0ab697948d52,2026-04-05T00:05:14.884166+00:00,1775347514884166000,164941523819208,150,,,A,676,45,676.5,-1.0,4.890480917,0.9121937626958488
2653,A_research_2026-04-04_19-04-44_live_round,0bbebde3d5824359a06f0ab697948d52,2026-04-05T00:05:15.106840+00:00,1775347515106840000,164941746470333,175,,,A,681,37,682.0,-2.0,5.113132042,0.9121937626958488
2658,A_research_2026-04-04_19-04-44_live_round,0bbebde3d5824359a06f0ab697948d52,2026-04-05T00:05:15.112560+00:00,1775347515112560000,164941752190500,175,,,A,681,45,681.5,-1.0,5.118852209,0.9121937626958488
2688,A_research_2026-04-04_19-04-44_live_round,0bbebde3d5824359a06f0ab697948d52,2026-04-05T00:05:15.482183+00:00,1775347515482183000,164942121776583,175,,,A,693,37,693.0,0.0,5.488438292,0.9121937626958488
2706,A_research_2026-04-04_19-04-44_live_round,0bbebde3d5824359a06f0ab697948d52,2026-04-05T00:05:15.688041+00:00,1775347515688041000,164942327615375,175,,,A,696,37,696.5,-1.0,5.694277084,0.9121937626958488
2711,A_research_2026-04-04_19-04-44_live_round,0bbebde3d5824359a06f0ab697948d52,2026-04-05T00:05:15.694168+00:00,1775347515694168000,164942333741708,175,,,A,696,45,696.0,0.0,5.700403417,0.9121937626958488
2742,A_research_2026-04-04_19-04-44_live_round,0bbebde3d5824359a06f0ab697948d52,2026-04-05T00:05:16.153768+00:00,1775347516153768000,164942793300291,175,,,A,708,37,708.5,-1.0,6.159962,0.9121937626958488
2747,A_research_2026-04-04_19-04-44_live_round,0bbebde3d5824359a06f0ab697948d52,2026-04-05T00:05:16.157947+00:00,1775347516157947000,164942797478708,175,,,A,708,45,708.0,0.0,6.164140417,0.9121937626958488
2763,A_research_2026-04-04_19-04-44_live_round,0bbebde3d5824359a06f0ab697948d52,2026-04-05T00:05:16.282271+00:00,1775347516282271000,164942921791375,175,,,A,712,37,713.0,-2.0,6.288453084,0.9121937626958488
2768,A_research_2026-04-04_19-04-44_live_round,0bbebde3d5824359a06f0ab697948d52,2026-04-05T00:05:16.286793+00:00,1775347516286793000,164942926313333,175,,,A,712,45,712.5,-1.0,6.292975042,0.9121937626958488
2847,A_research_2026-04-04_19-04-44_live_round,0bbebde3d5824359a06f0ab697948d52,2026-04-05T00:05:17.237706+00:00,1775347517237706000,164943877141625,175,,,A,738,82,743.0,-10.0,7.243803334,0.9121937626958488
2848,A_research_2026-04-04_19-04-44_live_round,0bbebde3d5824359a06f0ab697948d52,2026-04-05T00:05:17.237960+00:00,1775347517237960000,164943877396083,175,,,A,741,37,743.0,-10.0,7.244057792,0.9121937626958488
2849,A_research_2026-04-04_19-04-44_live_round,0bbebde3d5824359a06f0ab697948d52,2026-04-05T00:05:17.238102+00:00,1775347517238102000,164943877538500,175,,,A,742,48,743.0,-10.0,7.244200209,0.9121937626958488
2951,A_research_2026-04-04_19-04-44_live_round,0bbebde3d5824359a06f0ab697948d52,2026-04-05T00:05:18.493256+00:00,1775347518493256000,164945132588833,175,,,A,735,37,733.0,-4.0,8.499250542,0.9121937626958488
2956,A_research_2026-04-04_19-04-44_live_round,0bbebde3d5824359a06f0ab697948d52,2026-04-05T00:05:18.499726+00:00,1775347518499726000,164945139059250,175,,,A,735,45,733.5,-3.0,8.505720959,0.9121937626958488
2957,A_research_2026-04-04_19-04-44_live_round,0bbebde3d5824359a06f0ab697948d52,2026-04-05T00:05:18.499855+00:00,1775347518499855000,164945139188458,175,,,A,732,7,733.5,-3.0,8.505850167,0.9121937626958488
2974,A_research_2026-04-04_19-04-44_live_round,0bbebde3d5824359a06f0ab697948d52,2026-04-05T00:05:18.808965+00:00,1775347518808965000,164945448274625,175,,,A,729,37,728.5,-1.0,8.814936334,0.9121937626958488
2979,A_research_2026-04-04_19-04-44_live_round,0bbebde3d5824359a06f0ab697948d52,2026-04-05T00:05:18.813657+00:00,1775347518813657000,164945452966458,175,,,A,729,45,729.0,0.0,8.819628167,0.9121937626958488
2993,A_research_2026-04-04_19-04-44_live_round,0bbebde3d5824359a06f0ab697948d52,2026-04-05T00:05:18.896105+00:00,1775347518896105000,164945535407541,175,,,A,720,37,719.0,-2.0,8.90206925,0.9121937626958488
2998,A_research_2026-04-04_19-04-44_live_round,0bbebde3d5824359a06f0ab697948d52,2026-04-05T00:05:18.900316+00:00,1775347518900316000,164945539619083,175,,,A,720,52,719.5,-1.0,8.906280792,0.9121937626958488
3003,A_research_2026-04-04_19-04-44_live_round,0bbebde3d5824359a06f0ab697948d52,2026-04-05T00:05:18.904530+00:00,1775347518904530000,164945543831916,175,,,A,720,30,720.0,0.0,8.910493625,0.9121937626958488
3015,A_research_2026-04-04_19-04-44_live_round,0bbebde3d5824359a06f0ab697948d52,2026-04-05T00:05:19.107171+00:00,1775347519107171000,164945746457500,175,,,A,717,37,716.5,-1.0,9.113119209,0.9121937626958488
3020,A_research_2026-04-04_19-04-44_live_round,0bbebde3d5824359a06f0ab697948d52,2026-04-05T00:05:19.111769+00:00,1775347519111769000,164945751056041,175,,,A,717,45,717.0,0.0,9.11771775,0.9121937626958488
3195,A_research_2026-04-04_19-04-44_live_round,0bbebde3d5824359a06f0ab697948d52,2026-04-05T00:05:21.279759+00:00,1775347521279759000,164947918894250,175,,,A,710,37,711.5,-3.0,11.285555959,0.9121937626958488
3196,A_research_2026-04-04_19-04-44_live_round,0bbebde3d5824359a06f0ab697948d52,2026-04-05T00:05:21.280486+00:00,1775347521280486000,164947919621375,175,,,A,711,52,711.5,-3.0,11.286283084,0.9121937626958488
3197,A_research_2026-04-04_19-04-44_live_round,0bbebde3d5824359a06f0ab697948d52,2026-04-05T00:05:21.280636+00:00,1775347521280636000,164947919771083,175,,,A,712,67,711.5,-3.0,11.286432792,0.9121937626958488
3198,A_research_2026-04-04_19-04-44_live_round,0bbebde3d5824359a06f0ab697948d52,2026-04-05T00:05:21.280763+00:00,1775347521280763000,164947919898625,175,,,A,713,11,711.5,-3.0,11.286560334,0.9121937626958488
3364,A_research_2026-04-04_19-04-44_live_round,0bbebde3d5824359a06f0ab697948d52,2026-04-05T00:05:23.273775+00:00,1775347523273775000,164949912788333,175,,,A,707,37,707.5,-1.0,13.279450042,0.9121937626958488
3365,A_research_2026-04-04_19-04-44_live_round,0bbebde3d5824359a06f0ab697948d52,2026-04-05T00:05:23.274094+00:00,1775347523274094000,164949913107916,175,,,A,708,52,707.5,-1.0,13.279769625,0.9121937626958488
3725,A_research_2026-04-04_19-04-44_live_round,0bbebde3d5824359a06f0ab697948d52,2026-04-05T00:05:27.697119+00:00,1775347527697119000,164954335916666,175,,,A,721,37,721.5,-1.0,17.702578375,0.9121937626958488
3726,A_research_2026-04-04_19-04-44_live_round,0bbebde3d5824359a06f0ab697948d52,2026-04-05T00:05:27.697288+00:00,1775347527697288000,164954336085083,175,,,A,722,52,721.5,-1.0,17.702746792,0.9121937626958488
4151,A_research_2026-04-04_19-04-44_live_round,0bbebde3d5824359a06f0ab697948d52,2026-04-05T00:05:32.938620+00:00,1775347532938620000,164959577233208,175,,,A,702,37,700.0,-4.0,22.943894917,0.9121937626958488
4152,A_research_2026-04-04_19-04-44_live_round,0bbebde3d5824359a06f0ab697948d52,2026-04-05T00:05:32.938805+00:00,1775347532938805000,164959577418291,175,,,A,701,52,700.0,-4.0,22.94408,0.9121937626958488
4153,A_research_2026-04-04_19-04-44_live_round,0bbebde3d5824359a06f0ab697948d52,2026-04-05T00:05:32.938960+00:00,1775347532938960000,164959577573583,175,,,A,700,67,700.0,-4.0,22.944235292,0.9121937626958488
4154,A_research_2026-04-04_19-04-44_live_round,0bbebde3d5824359a06f0ab697948d52,2026-04-05T00:05:32.939094+00:00,1775347532939094000,164959577707083,175,,,A,699,11,700.0,-4.0,22.944368792,0.9121937626958488
4223,A_research_2026-04-04_19-04-44_live_round,0bbebde3d5824359a06f0ab697948d52,2026-04-05T00:05:33.726719+00:00,1775347533726719000,164960365310375,175,,,A,703,37,703.0,0.0,23.731972084,0.9121937626958488
4243,A_research_2026-04-04_19-04-44_live_round,0bbebde3d5824359a06f0ab697948d52,2026-04-05T00:05:34.005432+00:00,1775347534005432000,164960644015583,175,,,A,701,37,702.0,-2.0,24.010677292,0.9121937626958488
4244,A_research_2026-04-04_19-04-44_live_round,0bbebde3d5824359a06f0ab697948d52,2026-04-05T00:05:34.005596+00:00,1775347534005596000,164960644179166,175,,,A,702,52,702.0,-2.0,24.010840875,0.9121937626958488
4245,A_research_2026-04-04_19-04-44_live_round,0bbebde3d5824359a06f0ab697948d52,2026-04-05T00:05:34.005769+00:00,1775347534005769000,164960644352958,175,,,A,703,67,702.0,-2.0,24.011014667,0.9121937626958488
4573,A_research_2026-04-04_19-04-44_live_round,0bbebde3d5824359a06f0ab697948d52,2026-04-05T00:05:37.955757+00:00,1775347537955757000,164964594247666,175,,,A,719,82,720.5,-3.0,27.960909375,0.9121937626958488
4574,A_research_2026-04-04_19-04-44_live_round,0bbebde3d5824359a06f0ab697948d52,2026-04-05T00:05:37.955901+00:00,1775347537955901000,164964594391958,175,,,A,719,37,720.5,-3.0,27.961053667,0.9121937626958488
4575,A_research_2026-04-04_19-04-44_live_round,0bbebde3d5824359a06f0ab697948d52,2026-04-05T00:05:37.956014+00:00,1775347537956014000,164964594504583,175,,,A,720,48,720.5,-3.0,27.961166292,0.9121937626958488
4740,A_research_2026-04-04_19-04-44_live_round,0bbebde3d5824359a06f0ab697948d52,2026-04-05T00:05:39.962338+00:00,1775347539962338000,164966600790750,175,,,A,722,37,723.0,-2.0,29.967452459,0.9121937626958488
4741,A_research_2026-04-04_19-04-44_live_round,0bbebde3d5824359a06f0ab697948d52,2026-04-05T00:05:39.962491+00:00,1775347539962491000,164966600944041,175,,,A,723,52,723.0,-2.0,29.96760575,0.9121937626958488
4742,A_research_2026-04-04_19-04-44_live_round,0bbebde3d5824359a06f0ab697948d52,2026-04-05T00:05:39.962613+00:00,1775347539962613000,164966601065625,175,,,A,724,67,723.0,-2.0,29.967727334,0.9121937626958488
4892,A_research_2026-04-04_19-04-44_live_round,0bbebde3d5824359a06f0ab697948d52,2026-04-05T00:05:41.873325+00:00,1775347541873325000,164968511745708,300,,,A,736,37,736.0,0.0,1.710203542,1.0643148419648416
5253,A_research_2026-04-04_19-04-44_live_round,0bbebde3d5824359a06f0ab697948d52,2026-04-05T00:05:46.303447+00:00,1775347546303447000,164972941811791,300,,,A,814,37,815.0,-2.0,6.140269625,1.0643148419648416
5258,A_research_2026-04-04_19-04-44_live_round,0bbebde3d5824359a06f0ab697948d52,2026-04-05T00:05:46.310487+00:00,1775347546310487000,164972948851458,300,,,A,814,45,814.5,-1.0,6.147309292,1.0643148419648416
5274,A_research_2026-04-04_19-04-44_live_round,0bbebde3d5824359a06f0ab697948d52,2026-04-05T00:05:46.801157+00:00,1775347546801157000,164973439515541,300,,,A,819,37,819.5,-1.0,6.637973375,1.0643148419648416
5279,A_research_2026-04-04_19-04-44_live_round,0bbebde3d5824359a06f0ab697948d52,2026-04-05T00:05:46.808311+00:00,1775347546808311000,164973446669708,300,,,A,819,45,819.0,0.0,6.645127542,1.0643148419648416
6022,A_research_2026-04-04_19-04-44_live_round,0bbebde3d5824359a06f0ab697948d52,2026-04-05T00:05:55.645532+00:00,1775347555645532000,164982283827000,375,,,A,863,37,864.0,-2.0,15.482284834,1.0643148419648416
6023,A_research_2026-04-04_19-04-44_live_round,0bbebde3d5824359a06f0ab697948d52,2026-04-05T00:05:55.645671+00:00,1775347555645671000,164982283966333,375,,,A,864,52,864.0,-2.0,15.482424167,1.0643148419648416
6024,A_research_2026-04-04_19-04-44_live_round,0bbebde3d5824359a06f0ab697948d52,2026-04-05T00:05:55.645785+00:00,1775347555645785000,164982284080291,375,,,A,865,67,864.0,-2.0,15.482538125,1.0643148419648416
6238,A_research_2026-04-04_19-04-44_live_round,0bbebde3d5824359a06f0ab697948d52,2026-04-05T00:05:58.262161+00:00,1775347558262161000,164984900445541,375,,,A,870,37,870.0,0.0,18.098903375,1.0643148419648416
6421,A_research_2026-04-04_19-04-44_live_round,0bbebde3d5824359a06f0ab697948d52,2026-04-05T00:06:00.473678+00:00,1775347560473678000,164987111956125,375,,,A,846,37,845.5,-1.0,20.310413959,1.0643148419648416
6422,A_research_2026-04-04_19-04-44_live_round,0bbebde3d5824359a06f0ab697948d52,2026-04-05T00:06:00.473774+00:00,1775347560473774000,164987112052375,375,,,A,845,52,845.5,-1.0,20.310510209,1.0643148419648416
7238,A_research_2026-04-04_19-04-44_live_round,0bbebde3d5824359a06f0ab697948d52,2026-04-05T00:06:10.577871+00:00,1775347570577871000,164997216136208,375,,,A,847,37,844.5,-5.0,30.414594042,1.0643148419648416
7239,A_research_2026-04-04_19-04-44_live_round,0bbebde3d5824359a06f0ab697948d52,2026-04-05T00:06:10.580549+00:00,1775347570580549000,164997218814375,375,,,A,846,52,844.5,-5.0,30.417272209,1.0643148419648416
7240,A_research_2026-04-04_19-04-44_live_round,0bbebde3d5824359a06f0ab697948d52,2026-04-05T00:06:10.583036+00:00,1775347570583036000,164997221301583,375,,,A,845,67,844.5,-5.0,30.419759417,1.0643148419648416
7241,A_research_2026-04-04_19-04-44_live_round,0bbebde3d5824359a06f0ab697948d52,2026-04-05T00:06:10.584267+00:00,1775347570584267000,164997222532041,375,,,A,844,11,844.5,-5.0,30.420989875,1.0643148419648416
7714,A_research_2026-04-04_19-04-44_live_round,0bbebde3d5824359a06f0ab697948d52,2026-04-05T00:06:16.358059+00:00,1775347576358059000,165002996325875,375,,,A,852,37,851.0,-2.0,36.194783709,1.0643148419648416
7715,A_research_2026-04-04_19-04-44_live_round,0bbebde3d5824359a06f0ab697948d52,2026-04-05T00:06:16.358165+00:00,1775347576358165000,165002996432333,375,,,A,851,52,851.0,-2.0,36.194890167,1.0643148419648416
7716,A_research_2026-04-04_19-04-44_live_round,0bbebde3d5824359a06f0ab697948d52,2026-04-05T00:06:16.358256+00:00,1775347576358256000,165002996523791,375,,,A,850,67,851.0,-2.0,36.194981625,1.0643148419648416
7717,A_research_2026-04-04_19-04-44_live_round,0bbebde3d5824359a06f0ab697948d52,2026-04-05T00:06:16.358344+00:00,1775347576358344000,165002996611250,375,,,A,850,11,851.0,-2.0,36.195069084,1.0643148419648416
8903,A_research_2026-04-04_19-04-44_live_round,0bbebde3d5824359a06f0ab697948d52,2026-04-05T00:06:31.038034+00:00,1775347591038034000,165017676323083,550,,,A,860,37,860.0,0.0,50.874780917,1.0643148419648416
10057,A_research_2026-04-04_19-04-44_live_round,0bbebde3d5824359a06f0ab697948d52,2026-04-05T00:06:45.315342+00:00,1775347605315342000,165031953661833,600,,,A,865,37,863.5,-3.0,4.826148708,0.856632727991412
10058,A_research_2026-04-04_19-04-44_live_round,0bbebde3d5824359a06f0ab697948d52,2026-04-05T00:06:45.315445+00:00,1775347605315445000,165031953765375,600,,,A,864,52,863.5,-3.0,4.82625225,0.856632727991412
10059,A_research_2026-04-04_19-04-44_live_round,0bbebde3d5824359a06f0ab697948d52,2026-04-05T00:06:45.315539+00:00,1775347605315539000,165031953859666,600,,,A,863,67,863.5,-3.0,4.826346541,0.856632727991412
10060,A_research_2026-04-04_19-04-44_live_round,0bbebde3d5824359a06f0ab697948d52,2026-04-05T00:06:45.315631+00:00,1775347605315631000,165031953951458,600,,,A,862,11,863.5,-3.0,4.826438333,0.856632727991412
10278,A_research_2026-04-04_19-04-44_live_round,0bbebde3d5824359a06f0ab697948d52,2026-04-05T00:06:48.001746+00:00,1775347608001746000,165034640072708,625,,,A,837,37,835.0,-4.0,7.512559583,0.856632727991412
10283,A_research_2026-04-04_19-04-44_live_round,0bbebde3d5824359a06f0ab697948d52,2026-04-05T00:06:48.026345+00:00,1775347608026345000,165034664671875,625,,,A,837,45,835.5,-3.0,7.53715875,0.856632727991412
10284,A_research_2026-04-04_19-04-44_live_round,0bbebde3d5824359a06f0ab697948d52,2026-04-05T00:06:48.027917+00:00,1775347608027917000,165034666243708,625,,,A,834,7,835.5,-3.0,7.538730583,0.856632727991412
10301,A_research_2026-04-04_19-04-44_live_round,0bbebde3d5824359a06f0ab697948d52,2026-04-05T00:06:48.202436+00:00,1775347608202436000,165034840763666,625,,,A,831,37,826.0,-10.0,7.713250541,0.856632727991412
10306,A_research_2026-04-04_19-04-44_live_round,0bbebde3d5824359a06f0ab697948d52,2026-04-05T00:06:48.228934+00:00,1775347608228934000,165034867261625,625,,,A,831,45,826.5,-9.0,7.7397485,0.856632727991412
10307,A_research_2026-04-04_19-04-44_live_round,0bbebde3d5824359a06f0ab697948d52,2026-04-05T00:06:48.230440+00:00,1775347608230440000,165034868766875,625,,,A,825,7,826.5,-9.0,7.74125375,0.856632727991412
10313,A_research_2026-04-04_19-04-44_live_round,0bbebde3d5824359a06f0ab697948d52,2026-04-05T00:06:48.246737+00:00,1775347608246737000,165034885064458,625,,,A,825,30,824.0,-2.0,7.757551333,0.856632727991412
10314,A_research_2026-04-04_19-04-44_live_round,0bbebde3d5824359a06f0ab697948d52,2026-04-05T00:06:48.246830+00:00,1775347608246830000,165034885156958,625,,,A,824,37,824.0,-2.0,7.757643833,0.856632727991412
10320,A_research_2026-04-04_19-04-44_live_round,0bbebde3d5824359a06f0ab697948d52,2026-04-05T00:06:48.262909+00:00,1775347608262909000,165034901235916,625,,,A,824,15,824.0,0.0,7.773722791,0.856632727991412
10328,A_research_2026-04-04_19-04-44_live_round,0bbebde3d5824359a06f0ab697948d52,2026-04-05T00:06:48.421488+00:00,1775347608421488000,165035059815416,625,,,A,822,37,814.0,-16.0,7.932302291,0.856632727991412
10333,A_research_2026-04-04_19-04-44_live_round,0bbebde3d5824359a06f0ab697948d52,2026-04-05T00:06:48.435459+00:00,1775347608435459000,165035073786666,625,,,A,822,45,814.5,-15.0,7.946273541,0.856632727991412
10334,A_research_2026-04-04_19-04-44_live_round,0bbebde3d5824359a06f0ab697948d52,2026-04-05T00:06:48.435568+00:00,1775347608435568000,165035073896000,625,,,A,813,7,814.5,-15.0,7.946382875,0.856632727991412
10340,A_research_2026-04-04_19-04-44_live_round,0bbebde3d5824359a06f0ab697948d52,2026-04-05T00:06:48.453847+00:00,1775347608453847000,165035092174750,625,,,A,813,30,810.5,-5.0,7.964661625,0.856632727991412
10341,A_research_2026-04-04_19-04-44_live_round,0bbebde3d5824359a06f0ab697948d52,2026-04-05T00:06:48.454114+00:00,1775347608454114000,165035092440875,625,,,A,812,37,810.5,-5.0,7.96492775,0.856632727991412
10347,A_research_2026-04-04_19-04-44_live_round,0bbebde3d5824359a06f0ab697948d52,2026-04-05T00:06:48.470650+00:00,1775347608470650000,165035108978166,625,,,A,812,15,810.5,-3.0,7.981465041,0.856632727991412
10348,A_research_2026-04-04_19-04-44_live_round,0bbebde3d5824359a06f0ab697948d52,2026-04-05T00:06:48.470744+00:00,1775347608470744000,165035109071791,625,,,A,811,67,810.5,-3.0,7.981558666,0.856632727991412
10355,A_research_2026-04-04_19-04-44_live_round,0bbebde3d5824359a06f0ab697948d52,2026-04-05T00:06:48.594720+00:00,1775347608594720000,165035233047916,625,,,A,810,37,801.0,-18.0,8.105534791,0.856632727991412
10360,A_research_2026-04-04_19-04-44_live_round,0bbebde3d5824359a06f0ab697948d52,2026-04-05T00:06:48.608692+00:00,1775347608608692000,165035247019916,625,,,A,810,45,801.5,-17.0,8.119506791,0.856632727991412
10361,A_research_2026-04-04_19-04-44_live_round,0bbebde3d5824359a06f0ab697948d52,2026-04-05T00:06:48.608794+00:00,1775347608608794000,165035247121750,625,,,A,798,7,801.5,-17.0,8.119608625,0.856632727991412
10367,A_research_2026-04-04_19-04-44_live_round,0bbebde3d5824359a06f0ab697948d52,2026-04-05T00:06:48.626366+00:00,1775347608626366000,165035264693541,625,,,A,798,30,796.0,-4.0,8.137180416,0.856632727991412
10368,A_research_2026-04-04_19-04-44_live_round,0bbebde3d5824359a06f0ab697948d52,2026-04-05T00:06:48.626489+00:00,1775347608626489000,165035264817333,625,,,A,797,37,796.0,-4.0,8.137304208,0.856632727991412
10374,A_research_2026-04-04_19-04-44_live_round,0bbebde3d5824359a06f0ab697948d52,2026-04-05T00:06:48.642669+00:00,1775347608642669000,165035280996666,625,,,A,797,15,796.0,-2.0,8.153483541,0.856632727991412
10375,A_research_2026-04-04_19-04-44_live_round,0bbebde3d5824359a06f0ab697948d52,2026-04-05T00:06:48.642761+00:00,1775347608642761000,165035281089083,625,,,A,796,67,796.0,-2.0,8.153575958,0.856632727991412
10383,A_research_2026-04-04_19-04-44_live_round,0bbebde3d5824359a06f0ab697948d52,2026-04-05T00:06:48.899617+00:00,1775347608899617000,165035537945541,625,,,A,795,37,784.0,-22.0,8.410432416,0.856632727991412
10388,A_research_2026-04-04_19-04-44_live_round,0bbebde3d5824359a06f0ab697948d52,2026-04-05T00:06:48.912587+00:00,1775347608912587000,165035550915625,625,,,A,795,45,784.5,-21.0,8.4234025,0.856632727991412
10389,A_research_2026-04-04_19-04-44_live_round,0bbebde3d5824359a06f0ab697948d52,2026-04-05T00:06:48.912681+00:00,1775347608912681000,165035551010208,625,,,A,784,7,784.5,-21.0,8.423497083,0.856632727991412
10395,A_research_2026-04-04_19-04-44_live_round,0bbebde3d5824359a06f0ab697948d52,2026-04-05T00:06:48.928733+00:00,1775347608928733000,165035567062500,625,,,A,784,30,779.5,-9.0,8.439549375,0.856632727991412
10396,A_research_2026-04-04_19-04-44_live_round,0bbebde3d5824359a06f0ab697948d52,2026-04-05T00:06:48.928826+00:00,1775347608928826000,165035567154958,625,,,A,783,37,779.5,-9.0,8.439641833,0.856632727991412
10402,A_research_2026-04-04_19-04-44_live_round,0bbebde3d5824359a06f0ab697948d52,2026-04-05T00:06:48.944799+00:00,1775347608944799000,165035583127416,625,,,A,783,15,779.5,-7.0,8.455614291,0.856632727991412
10403,A_research_2026-04-04_19-04-44_live_round,0bbebde3d5824359a06f0ab697948d52,2026-04-05T00:06:48.944894+00:00,1775347608944894000,165035583222666,625,,,A,782,67,779.5,-7.0,8.455709541,0.856632727991412
10409,A_research_2026-04-04_19-04-44_live_round,0bbebde3d5824359a06f0ab697948d52,2026-04-05T00:06:49.007868+00:00,1775347609007868000,165035646196791,625,,,A,781,37,764.5,-33.0,8.518683666,0.856632727991412
10414,A_research_2026-04-04_19-04-44_live_round,0bbebde3d5824359a06f0ab697948d52,2026-04-05T00:06:49.031416+00:00,1775347609031416000,165035669745375,625,,,A,781,45,765.0,-32.0,8.54223225,0.856632727991412
10415,A_research_2026-04-04_19-04-44_live_round,0bbebde3d5824359a06f0ab697948d52,2026-04-05T00:06:49.032949+00:00,1775347609032949000,165035671278000,625,,,A,765,7,765.0,-32.0,8.543764875,0.856632727991412
10421,A_research_2026-04-04_19-04-44_live_round,0bbebde3d5824359a06f0ab697948d52,2026-04-05T00:06:49.050552+00:00,1775347609050552000,165035688881041,625,,,A,765,30,757.5,-15.0,8.561367916,0.856632727991412
10422,A_research_2026-04-04_19-04-44_live_round,0bbebde3d5824359a06f0ab697948d52,2026-04-05T00:06:49.050640+00:00,1775347609050640000,165035688968916,625,,,A,764,37,757.5,-15.0,8.561455791,0.856632727991412
10428,A_research_2026-04-04_19-04-44_live_round,0bbebde3d5824359a06f0ab697948d52,2026-04-05T00:06:49.066672+00:00,1775347609066672000,165035705001583,625,,,A,764,15,757.5,-13.0,8.577488458,0.856632727991412
10429,A_research_2026-04-04_19-04-44_live_round,0bbebde3d5824359a06f0ab697948d52,2026-04-05T00:06:49.066758+00:00,1775347609066758000,165035705087541,625,,,A,763,67,757.5,-13.0,8.577574416,0.856632727991412
10435,A_research_2026-04-04_19-04-44_live_round,0bbebde3d5824359a06f0ab697948d52,2026-04-05T00:06:49.203739+00:00,1775347609203739000,165035842068166,625,,,A,762,37,737.0,-50.0,8.714555041,0.856632727991412
10440,A_research_2026-04-04_19-04-44_live_round,0bbebde3d5824359a06f0ab697948d52,2026-04-05T00:06:49.227018+00:00,1775347609227018000,165035865347708,625,,,A,762,45,737.5,-49.0,8.737834583,0.856632727991412
10441,A_research_2026-04-04_19-04-44_live_round,0bbebde3d5824359a06f0ab697948d52,2026-04-05T00:06:49.228568+00:00,1775347609228568000,165035866897750,625,,,A,740,7,737.5,-49.0,8.739384625,0.856632727991412
10447,A_research_2026-04-04_19-04-44_live_round,0bbebde3d5824359a06f0ab697948d52,2026-04-05T00:06:49.250395+00:00,1775347609250395000,165035888724583,625,,,A,740,30,727.0,-26.0,8.761211458,0.856632727991412
10448,A_research_2026-04-04_19-04-44_live_round,0bbebde3d5824359a06f0ab697948d52,2026-04-05T00:06:49.250497+00:00,1775347609250497000,165035888827000,625,,,A,739,37,727.0,-26.0,8.761313875,0.856632727991412
10454,A_research_2026-04-04_19-04-44_live_round,0bbebde3d5824359a06f0ab697948d52,2026-04-05T00:06:49.266354+00:00,1775347609266354000,165035904683750,625,,,A,739,15,727.0,-24.0,8.777170625,0.856632727991412
10455,A_research_2026-04-04_19-04-44_live_round,0bbebde3d5824359a06f0ab697948d52,2026-04-05T00:06:49.266440+00:00,1775347609266440000,165035904770166,625,,,A,738,67,727.0,-24.0,8.777257041,0.856632727991412
10461,A_research_2026-04-04_19-04-44_live_round,0bbebde3d5824359a06f0ab697948d52,2026-04-05T00:06:49.424559+00:00,1775347609424559000,165036062888625,625,,,A,737,37,702.0,-70.0,8.9353755,0.856632727991412
10466,A_research_2026-04-04_19-04-44_live_round,0bbebde3d5824359a06f0ab697948d52,2026-04-05T00:06:49.437591+00:00,1775347609437591000,165036075920916,625,,,A,737,45,702.5,-69.0,8.948407791,0.856632727991412
10467,A_research_2026-04-04_19-04-44_live_round,0bbebde3d5824359a06f0ab697948d52,2026-04-05T00:06:49.437682+00:00,1775347609437682000,165036076011916,625,,,A,704,7,702.5,-69.0,8.948498791,0.856632727991412
10473,A_research_2026-04-04_19-04-44_live_round,0bbebde3d5824359a06f0ab697948d52,2026-04-05T00:06:49.454147+00:00,1775347609454147000,165036092477208,625,,,A,704,30,686.5,-35.0,8.964964083,0.856632727991412
10474,A_research_2026-04-04_19-04-44_live_round,0bbebde3d5824359a06f0ab697948d52,2026-04-05T00:06:49.454244+00:00,1775347609454244000,165036092573916,625,,,A,703,37,686.5,-35.0,8.965060791,0.856632727991412
10480,A_research_2026-04-04_19-04-44_live_round,0bbebde3d5824359a06f0ab697948d52,2026-04-05T00:06:49.471831+00:00,1775347609471831000,165036110161000,625,,,A,703,15,686.5,-33.0,8.982647875,0.856632727991412
10481,A_research_2026-04-04_19-04-44_live_round,0bbebde3d5824359a06f0ab697948d52,2026-04-05T00:06:49.471943+00:00,1775347609471943000,165036110273166,625,,,A,702,67,686.5,-33.0,8.982760041,0.856632727991412
10487,A_research_2026-04-04_19-04-44_live_round,0bbebde3d5824359a06f0ab697948d52,2026-04-05T00:06:49.600134+00:00,1775347609600134000,165036238464125,625,,,A,701,37,684.0,-34.0,9.110951,0.856632727991412
10492,A_research_2026-04-04_19-04-44_live_round,0bbebde3d5824359a06f0ab697948d52,2026-04-05T00:06:49.616211+00:00,1775347609616211000,165036254541166,625,,,A,701,45,684.5,-33.0,9.127028041,0.856632727991412
10647,A_research_2026-04-04_19-04-44_live_round,0bbebde3d5824359a06f0ab697948d52,2026-04-05T00:06:51.632535+00:00,1775347611632535000,165038270870541,625,,,A,660,37,658.0,-4.0,11.143357416,0.856632727991412
10648,A_research_2026-04-04_19-04-44_live_round,0bbebde3d5824359a06f0ab697948d52,2026-04-05T00:06:51.634136+00:00,1775347611634136000,165038272472083,625,,,A,659,52,658.0,-4.0,11.144958958,0.856632727991412
10649,A_research_2026-04-04_19-04-44_live_round,0bbebde3d5824359a06f0ab697948d52,2026-04-05T00:06:51.635749+00:00,1775347611635749000,165038274085000,625,,,A,659,78,658.0,-4.0,11.146571875,0.856632727991412
11122,A_research_2026-04-04_19-04-44_live_round,0bbebde3d5824359a06f0ab697948d52,2026-04-05T00:06:57.382331+00:00,1775347617382331000,165044020681083,625,,,A,654,37,652.0,-4.0,16.893167958,0.856632727991412
11123,A_research_2026-04-04_19-04-44_live_round,0bbebde3d5824359a06f0ab697948d52,2026-04-05T00:06:57.382509+00:00,1775347617382509000,165044020859541,625,,,A,653,52,652.0,-4.0,16.893346416,0.856632727991412
11124,A_research_2026-04-04_19-04-44_live_round,0bbebde3d5824359a06f0ab697948d52,2026-04-05T00:06:57.382620+00:00,1775347617382620000,165044020970208,625,,,A,652,67,652.0,-4.0,16.893457083,0.856632727991412
11125,A_research_2026-04-04_19-04-44_live_round,0bbebde3d5824359a06f0ab697948d52,2026-04-05T00:06:57.382712+00:00,1775347617382712000,165044021062375,625,,,A,652,11,652.0,-4.0,16.89354925,0.856632727991412
11355,A_research_2026-04-04_19-04-44_live_round,0bbebde3d5824359a06f0ab697948d52,2026-04-05T00:07:00.199498+00:00,1775347620199498000,165046837854958,625,,,A,655,37,657.5,-5.0,19.710341833,0.856632727991412
11356,A_research_2026-04-04_19-04-44_live_round,0bbebde3d5824359a06f0ab697948d52,2026-04-05T00:07:00.199630+00:00,1775347620199630000,165046837987500,625,,,A,656,52,657.5,-5.0,19.710474375,0.856632727991412
11357,A_research_2026-04-04_19-04-44_live_round,0bbebde3d5824359a06f0ab697948d52,2026-04-05T00:07:00.199731+00:00,1775347620199731000,165046838088375,625,,,A,657,67,657.5,-5.0,19.71057525,0.856632727991412
11358,A_research_2026-04-04_19-04-44_live_round,0bbebde3d5824359a06f0ab697948d52,2026-04-05T00:07:00.199822+00:00,1775347620199822000,165046838179833,625,,,A,658,11,657.5,-5.0,19.710666708,0.856632727991412
12285,A_research_2026-04-04_19-04-44_live_round,0bbebde3d5824359a06f0ab697948d52,2026-04-05T00:07:11.725826+00:00,1775347631725826000,165058364213333,750,,,A,676,37,677.5,-3.0,1.071575333,1.0383597166597665
12290,A_research_2026-04-04_19-04-44_live_round,0bbebde3d5824359a06f0ab697948d52,2026-04-05T00:07:11.752222+00:00,1775347631752222000,165058390609083,750,,,A,676,45,677.0,-2.0,1.097971083,1.0383597166597665
12306,A_research_2026-04-04_19-04-44_live_round,0bbebde3d5824359a06f0ab697948d52,2026-04-05T00:07:11.952236+00:00,1775347631952236000,165058590624125,750,,,A,683,37,683.5,-1.0,1.297986125,1.0383597166597665
12311,A_research_2026-04-04_19-04-44_live_round,0bbebde3d5824359a06f0ab697948d52,2026-04-05T00:07:11.982688+00:00,1775347631982688000,165058621076541,750,,,A,683,45,683.0,0.0,1.328438541,1.0383597166597665
12342,A_research_2026-04-04_19-04-44_live_round,0bbebde3d5824359a06f0ab697948d52,2026-04-05T00:07:12.262875+00:00,1775347632262875000,165058901264416,750,,,A,695,82,696.5,-3.0,1.608626416,1.0383597166597665
12343,A_research_2026-04-04_19-04-44_live_round,0bbebde3d5824359a06f0ab697948d52,2026-04-05T00:07:12.263042+00:00,1775347632263042000,165058901430541,750,,,A,696,37,696.5,-3.0,1.608792541,1.0383597166597665
12344,A_research_2026-04-04_19-04-44_live_round,0bbebde3d5824359a06f0ab697948d52,2026-04-05T00:07:12.263162+00:00,1775347632263162000,165058901551375,750,,,A,697,48,696.5,-3.0,1.608913375,1.0383597166597665
12413,A_research_2026-04-04_19-04-44_live_round,0bbebde3d5824359a06f0ab697948d52,2026-04-05T00:07:13.134176+00:00,1775347633134176000,165059772566833,750,,,A,707,37,708.5,-3.0,2.479928833,1.0383597166597665
12418,A_research_2026-04-04_19-04-44_live_round,0bbebde3d5824359a06f0ab697948d52,2026-04-05T00:07:13.154866+00:00,1775347633154866000,165059793257333,750,,,A,707,45,708.0,-2.0,2.500619333,1.0383597166597665
12419,A_research_2026-04-04_19-04-44_live_round,0bbebde3d5824359a06f0ab697948d52,2026-04-05T00:07:13.154968+00:00,1775347633154968000,165059793359125,750,,,A,709,7,708.0,-2.0,2.500721125,1.0383597166597665
12436,A_research_2026-04-04_19-04-44_live_round,0bbebde3d5824359a06f0ab697948d52,2026-04-05T00:07:13.331356+00:00,1775347633331356000,165059969747250,750,,,A,712,37,713.0,-2.0,2.67710925,1.0383597166597665
12441,A_research_2026-04-04_19-04-44_live_round,0bbebde3d5824359a06f0ab697948d52,2026-04-05T00:07:13.361867+00:00,1775347633361867000,165060000258416,750,,,A,712,45,712.5,-1.0,2.707620416,1.0383597166597665
12455,A_research_2026-04-04_19-04-44_live_round,0bbebde3d5824359a06f0ab697948d52,2026-04-05T00:07:13.543713+00:00,1775347633543713000,165060182104416,750,,,A,721,37,721.0,0.0,2.889466416,1.0383597166597665
12618,A_research_2026-04-04_19-04-44_live_round,0bbebde3d5824359a06f0ab697948d52,2026-04-05T00:07:15.640615+00:00,1775347635640615000,165062279012916,750,,,A,756,37,756.0,0.0,4.986374916,1.0383597166597665
12685,A_research_2026-04-04_19-04-44_live_round,0bbebde3d5824359a06f0ab697948d52,2026-04-05T00:07:16.345605+00:00,1775347636345605000,165062984003958,750,,,A,773,37,773.0,0.0,5.691365958,1.0383597166597665
12704,A_research_2026-04-04_19-04-44_live_round,0bbebde3d5824359a06f0ab697948d52,2026-04-05T00:07:16.549667+00:00,1775347636549667000,165063188066916,750,,,A,777,37,777.5,-1.0,5.895428916,1.0383597166597665
12709,A_research_2026-04-04_19-04-44_live_round,0bbebde3d5824359a06f0ab697948d52,2026-04-05T00:07:16.574935+00:00,1775347636574935000,165063213335250,750,,,A,777,45,777.0,0.0,5.92069725,1.0383597166597665
12772,A_research_2026-04-04_19-04-44_live_round,0bbebde3d5824359a06f0ab697948d52,2026-04-05T00:07:17.302344+00:00,1775347637302344000,165063940746083,750,,,A,795,37,798.0,-6.0,6.648108083,1.0383597166597665
12773,A_research_2026-04-04_19-04-44_live_round,0bbebde3d5824359a06f0ab697948d52,2026-04-05T00:07:17.302444+00:00,1775347637302444000,165063940846791,750,,,A,796,52,798.0,-6.0,6.648208791,1.0383597166597665
12774,A_research_2026-04-04_19-04-44_live_round,0bbebde3d5824359a06f0ab697948d52,2026-04-05T00:07:17.302540+00:00,1775347637302540000,165063940942041,750,,,A,797,67,798.0,-6.0,6.648304041,1.0383597166597665
12775,A_research_2026-04-04_19-04-44_live_round,0bbebde3d5824359a06f0ab697948d52,2026-04-05T00:07:17.302638+00:00,1775347637302638000,165063941040833,750,,,A,798,11,798.0,-6.0,6.648402833,1.0383597166597665
12811,A_research_2026-04-04_19-04-44_live_round,0bbebde3d5824359a06f0ab697948d52,2026-04-05T00:07:17.945693+00:00,1775347637945693000,165064584096500,750,,,A,802,37,802.5,-1.0,7.2914585,1.0383597166597665
12816,A_research_2026-04-04_19-04-44_live_round,0bbebde3d5824359a06f0ab697948d52,2026-04-05T00:07:17.963928+00:00,1775347637963928000,165064602332250,750,,,A,802,45,802.0,0.0,7.30969425,1.0383597166597665
12929,A_research_2026-04-04_19-04-44_live_round,0bbebde3d5824359a06f0ab697948d52,2026-04-05T00:07:19.401132+00:00,1775347639401132000,165066039539333,750,,,A,827,37,828.0,-2.0,8.746901333,1.0383597166597665
12934,A_research_2026-04-04_19-04-44_live_round,0bbebde3d5824359a06f0ab697948d52,2026-04-05T00:07:19.439290+00:00,1775347639439290000,165066077697750,750,,,A,827,45,827.5,-1.0,8.78505975,1.0383597166597665
13402,A_research_2026-04-04_19-04-44_live_round,0bbebde3d5824359a06f0ab697948d52,2026-04-05T00:07:24.954889+00:00,1775347644954889000,165071593311583,750,,,A,833,37,832.0,-2.0,14.300673583,1.0383597166597665
13403,A_research_2026-04-04_19-04-44_live_round,0bbebde3d5824359a06f0ab697948d52,2026-04-05T00:07:24.955016+00:00,1775347644955016000,165071593438208,750,,,A,832,52,832.0,-2.0,14.300800208,1.0383597166597665
13404,A_research_2026-04-04_19-04-44_live_round,0bbebde3d5824359a06f0ab697948d52,2026-04-05T00:07:24.955119+00:00,1775347644955119000,165071593541458,750,,,A,831,67,832.0,-2.0,14.300903458,1.0383597166597665
13781,A_research_2026-04-04_19-04-44_live_round,0bbebde3d5824359a06f0ab697948d52,2026-04-05T00:07:29.557831+00:00,1775347649557831000,165076196266250,825,,,A,841,82,841.0,0.0,18.90362825,1.0383597166597665
14386,A_research_2026-04-04_19-04-44_live_round,0bbebde3d5824359a06f0ab697948d52,2026-04-05T00:07:37.001960+00:00,1775347657001960000,165083640415166,825,,,A,839,37,840.0,-2.0,26.347777166,1.0383597166597665
14387,A_research_2026-04-04_19-04-44_live_round,0bbebde3d5824359a06f0ab697948d52,2026-04-05T00:07:37.002143+00:00,1775347657002143000,165083640597666,825,,,A,840,52,840.0,-2.0,26.347959666,1.0383597166597665
14388,A_research_2026-04-04_19-04-44_live_round,0bbebde3d5824359a06f0ab697948d52,2026-04-05T00:07:37.002264+00:00,1775347657002264000,165083640718750,825,,,A,841,67,840.0,-2.0,26.34808075,1.0383597166597665
17747,A_research_2026-04-04_19-04-44_live_round,0bbebde3d5824359a06f0ab697948d52,2026-04-05T00:08:18.676017+00:00,1775347698676017000,165125314584666,1075,,,A,841,37,841.0,0.0,7.695884333,1.069582884277565
19500,A_research_2026-04-04_19-04-44_live_round,0bbebde3d5824359a06f0ab697948d52,2026-04-05T00:08:40.359953+00:00,1775347720359953000,165146998578833,1095,,,A,794,37,792.0,-4.0,20.26588275,1.069582884277565
19502,A_research_2026-04-04_19-04-44_live_round,0bbebde3d5824359a06f0ab697948d52,2026-04-05T00:08:40.365758+00:00,1775347720365758000,165147004384166,1095,,,A,793,52,792.0,-4.0,20.271688083,1.069582884277565
19503,A_research_2026-04-04_19-04-44_live_round,0bbebde3d5824359a06f0ab697948d52,2026-04-05T00:08:40.365855+00:00,1775347720365855000,165147004481208,1095,,,A,792,67,792.0,-4.0,20.271785125,1.069582884277565
19504,A_research_2026-04-04_19-04-44_live_round,0bbebde3d5824359a06f0ab697948d52,2026-04-05T00:08:40.365955+00:00,1775347720365955000,165147004580916,1095,,,A,791,11,792.0,-4.0,20.271884833,1.069582884277565
20724,A_research_2026-04-04_19-04-44_live_round,0bbebde3d5824359a06f0ab697948d52,2026-04-05T00:08:55.450039+00:00,1775347735450039000,165162088705208,1200,,,A,763,37,762.5,-1.0,14.209244333,0.9799069177812346
20725,A_research_2026-04-04_19-04-44_live_round,0bbebde3d5824359a06f0ab697948d52,2026-04-05T00:08:55.450212+00:00,1775347735450212000,165162088878333,1200,,,A,762,52,762.5,-1.0,14.209417458,0.9799069177812346
21199,A_research_2026-04-04_19-04-44_live_round,0bbebde3d5824359a06f0ab697948d52,2026-04-05T00:09:01.324925+00:00,1775347741324925000,165167963607500,1275,,,A,785,37,786.0,-2.0,20.084146625,0.9799069177812346
21200,A_research_2026-04-04_19-04-44_live_round,0bbebde3d5824359a06f0ab697948d52,2026-04-05T00:09:01.325027+00:00,1775347741325027000,165167963709791,1275,,,A,786,82,786.0,-2.0,20.084248916,0.9799069177812346
21201,A_research_2026-04-04_19-04-44_live_round,0bbebde3d5824359a06f0ab697948d52,2026-04-05T00:09:01.325120+00:00,1775347741325120000,165167963802375,1275,,,A,786,48,786.0,-2.0,20.0843415,0.9799069177812346
21544,A_research_2026-04-04_19-04-44_live_round,0bbebde3d5824359a06f0ab697948d52,2026-04-05T00:09:05.501778+00:00,1775347745501778000,165172140471583,1275,,,A,777,37,776.0,-2.0,24.261010708,0.9799069177812346
21545,A_research_2026-04-04_19-04-44_live_round,0bbebde3d5824359a06f0ab697948d52,2026-04-05T00:09:05.501889+00:00,1775347745501889000,165172140582791,1275,,,A,776,52,776.0,-2.0,24.261121916,0.9799069177812346
21546,A_research_2026-04-04_19-04-44_live_round,0bbebde3d5824359a06f0ab697948d52,2026-04-05T00:09:05.501984+00:00,1775347745501984000,165172140677250,1275,,,A,775,67,776.0,-2.0,24.261216375,0.9799069177812346
22392,A_research_2026-04-04_19-04-44_live_round,0bbebde3d5824359a06f0ab697948d52,2026-04-05T00:09:16.050155+00:00,1775347756050155000,165182688876416,1275,,,A,793,37,795.0,-4.0,34.809415541,0.9799069177812346
22393,A_research_2026-04-04_19-04-44_live_round,0bbebde3d5824359a06f0ab697948d52,2026-04-05T00:09:16.050293+00:00,1775347756050293000,165182689015000,1275,,,A,794,52,795.0,-4.0,34.809554125,0.9799069177812346
22394,A_research_2026-04-04_19-04-44_live_round,0bbebde3d5824359a06f0ab697948d52,2026-04-05T00:09:16.050412+00:00,1775347756050412000,165182689133833,1275,,,A,795,78,795.0,-4.0,34.809672958,0.9799069177812346
22463,A_research_2026-04-04_19-04-44_live_round,0bbebde3d5824359a06f0ab697948d52,2026-04-05T00:09:16.774034+00:00,1775347756774034000,165183412757625,1275,,,A,792,37,792.0,0.0,35.53329675,0.9799069177812346
23293,A_research_2026-04-04_19-04-44_live_round,0bbebde3d5824359a06f0ab697948d52,2026-04-05T00:09:27.017703+00:00,1775347767017703000,165193656454666,1400,,,A,798,37,800.5,-5.0,45.776993791,0.9799069177812346
23294,A_research_2026-04-04_19-04-44_live_round,0bbebde3d5824359a06f0ab697948d52,2026-04-05T00:09:27.017809+00:00,1775347767017809000,165193656560333,1400,,,A,799,52,800.5,-5.0,45.777099458,0.9799069177812346
23295,A_research_2026-04-04_19-04-44_live_round,0bbebde3d5824359a06f0ab697948d52,2026-04-05T00:09:27.017904+00:00,1775347767017904000,165193656656041,1400,,,A,800,67,800.5,-5.0,45.777195166,0.9799069177812346
23296,A_research_2026-04-04_19-04-44_live_round,0bbebde3d5824359a06f0ab697948d52,2026-04-05T00:09:27.017994+00:00,1775347767017994000,165193656746208,1400,,,A,801,11,800.5,-5.0,45.777285333,0.9799069177812346
24385,A_research_2026-04-04_19-04-44_live_round,0bbebde3d5824359a06f0ab697948d52,2026-04-05T00:09:40.510335+00:00,1775347780510335000,165207149123208,1450,,,A,771,37,770.5,-1.0,59.269662333,0.9799069177812346
24386,A_research_2026-04-04_19-04-44_live_round,0bbebde3d5824359a06f0ab697948d52,2026-04-05T00:09:40.510440+00:00,1775347780510440000,165207149227833,1450,,,A,770,52,770.5,-1.0,59.269766958,0.9799069177812346
24894,A_research_2026-04-04_19-04-44_live_round,0bbebde3d5824359a06f0ab697948d52,2026-04-05T00:09:46.772405+00:00,1775347786772405000,165213411209833,1525,,,A,783,37,782.5,-1.0,5.250095375,1.1315184509526777
24895,A_research_2026-04-04_19-04-44_live_round,0bbebde3d5824359a06f0ab697948d52,2026-04-05T00:09:46.776305+00:00,1775347786776305000,165213415109708,1525,,,A,782,52,782.5,-1.0,5.25399525,1.1315184509526777
25045,A_research_2026-04-04_19-04-44_live_round,0bbebde3d5824359a06f0ab697948d52,2026-04-05T00:09:48.588141+00:00,1775347788588141000,165215226950000,1525,,,A,792,37,792.5,-1.0,7.065835542,1.1315184509526777
25063,A_research_2026-04-04_19-04-44_live_round,0bbebde3d5824359a06f0ab697948d52,2026-04-05T00:09:48.793012+00:00,1775347788793012000,165215431821291,1525,,,A,795,37,795.5,-1.0,7.270706833,1.1315184509526777
25068,A_research_2026-04-04_19-04-44_live_round,0bbebde3d5824359a06f0ab697948d52,2026-04-05T00:09:48.833677+00:00,1775347788833677000,165215472487750,1525,,,A,795,45,795.0,0.0,7.311373292,1.1315184509526777
25099,A_research_2026-04-04_19-04-44_live_round,0bbebde3d5824359a06f0ab697948d52,2026-04-05T00:09:49.252597+00:00,1775347789252597000,165215891408208,1525,,,A,807,37,808.0,-2.0,7.73029375,1.1315184509526777
25104,A_research_2026-04-04_19-04-44_live_round,0bbebde3d5824359a06f0ab697948d52,2026-04-05T00:09:49.307730+00:00,1775347789307730000,165215946541250,1525,,,A,807,45,807.5,-1.0,7.785426792,1.1315184509526777
25105,A_research_2026-04-04_19-04-44_live_round,0bbebde3d5824359a06f0ab697948d52,2026-04-05T00:09:49.307853+00:00,1775347789307853000,165215946664416,1525,,,A,808,7,807.5,-1.0,7.785549958,1.1315184509526777
25122,A_research_2026-04-04_19-04-44_live_round,0bbebde3d5824359a06f0ab697948d52,2026-04-05T00:09:49.447031+00:00,1775347789447031000,165216085843333,1525,,,A,811,37,813.5,-5.0,7.924728875,1.1315184509526777
25127,A_research_2026-04-04_19-04-44_live_round,0bbebde3d5824359a06f0ab697948d52,2026-04-05T00:09:49.480632+00:00,1775347789480632000,165216119443833,1525,,,A,811,45,813.0,-4.0,7.958329375,1.1315184509526777
25141,A_research_2026-04-04_19-04-44_live_round,0bbebde3d5824359a06f0ab697948d52,2026-04-05T00:09:49.586926+00:00,1775347789586926000,165216225738375,1525,,,A,820,37,823.5,-7.0,8.064623917,1.1315184509526777
25146,A_research_2026-04-04_19-04-44_live_round,0bbebde3d5824359a06f0ab697948d52,2026-04-05T00:09:49.617243+00:00,1775347789617243000,165216256055708,1525,,,A,820,45,823.0,-6.0,8.09494125,1.1315184509526777
25147,A_research_2026-04-04_19-04-44_live_round,0bbebde3d5824359a06f0ab697948d52,2026-04-05T00:09:49.617337+00:00,1775347789617337000,165216256149583,1525,,,A,824,7,823.0,-6.0,8.095035125,1.1315184509526777
25153,A_research_2026-04-04_19-04-44_live_round,0bbebde3d5824359a06f0ab697948d52,2026-04-05T00:09:49.666124+00:00,1775347789666124000,165216304936250,1525,,,A,824,30,824.5,-1.0,8.143821792,1.1315184509526777
25154,A_research_2026-04-04_19-04-44_live_round,0bbebde3d5824359a06f0ab697948d52,2026-04-05T00:09:49.669308+00:00,1775347789669308000,165216308121041,1525,,,A,825,37,824.5,-1.0,8.147006583,1.1315184509526777
25167,A_research_2026-04-04_19-04-44_live_round,0bbebde3d5824359a06f0ab697948d52,2026-04-05T00:09:49.803914+00:00,1775347789803914000,165216442727250,1525,,,A,827,37,836.5,-19.0,8.281612792,1.1315184509526777
25172,A_research_2026-04-04_19-04-44_live_round,0bbebde3d5824359a06f0ab697948d52,2026-04-05T00:09:49.858713+00:00,1775347789858713000,165216497526458,1525,,,A,827,45,836.0,-18.0,8.336412,1.1315184509526777
25173,A_research_2026-04-04_19-04-44_live_round,0bbebde3d5824359a06f0ab697948d52,2026-04-05T00:09:49.858812+00:00,1775347789858812000,165216497625166,1525,,,A,835,7,836.0,-18.0,8.336510708,1.1315184509526777
25179,A_research_2026-04-04_19-04-44_live_round,0bbebde3d5824359a06f0ab697948d52,2026-04-05T00:09:49.889684+00:00,1775347789889684000,165216528496916,1525,,,A,835,30,839.5,-9.0,8.367382458,1.1315184509526777
25180,A_research_2026-04-04_19-04-44_live_round,0bbebde3d5824359a06f0ab697948d52,2026-04-05T00:09:49.889781+00:00,1775347789889781000,165216528594333,1525,,,A,836,37,839.5,-9.0,8.367479875,1.1315184509526777
25186,A_research_2026-04-04_19-04-44_live_round,0bbebde3d5824359a06f0ab697948d52,2026-04-05T00:09:49.920039+00:00,1775347789920039000,165216558852041,1525,,,A,836,15,839.5,-7.0,8.397737583,1.1315184509526777
25187,A_research_2026-04-04_19-04-44_live_round,0bbebde3d5824359a06f0ab697948d52,2026-04-05T00:09:49.920129+00:00,1775347789920129000,165216558942666,1525,,,A,837,67,839.5,-7.0,8.397828208,1.1315184509526777
25194,A_research_2026-04-04_19-04-44_live_round,0bbebde3d5824359a06f0ab697948d52,2026-04-05T00:09:49.992684+00:00,1775347789992684000,165216631497041,1525,,,A,838,37,852.0,-28.0,8.470382583,1.1315184509526777
25199,A_research_2026-04-04_19-04-44_live_round,0bbebde3d5824359a06f0ab697948d52,2026-04-05T00:09:50.017463+00:00,1775347790017463000,165216656276750,1525,,,A,838,45,851.5,-27.0,8.495162292,1.1315184509526777
25200,A_research_2026-04-04_19-04-44_live_round,0bbebde3d5824359a06f0ab697948d52,2026-04-05T00:09:50.017565+00:00,1775347790017565000,165216656378625,1525,,,A,854,7,851.5,-27.0,8.495264167,1.1315184509526777
25206,A_research_2026-04-04_19-04-44_live_round,0bbebde3d5824359a06f0ab697948d52,2026-04-05T00:09:50.057079+00:00,1775347790057079000,165216695892291,1525,,,A,854,30,859.0,-10.0,8.534777833,1.1315184509526777
25207,A_research_2026-04-04_19-04-44_live_round,0bbebde3d5824359a06f0ab697948d52,2026-04-05T00:09:50.057206+00:00,1775347790057206000,165216696019916,1525,,,A,855,37,859.0,-10.0,8.534905458,1.1315184509526777
25213,A_research_2026-04-04_19-04-44_live_round,0bbebde3d5824359a06f0ab697948d52,2026-04-05T00:09:50.097189+00:00,1775347790097189000,165216736002666,1525,,,A,855,15,859.0,-8.0,8.574888208,1.1315184509526777
25214,A_research_2026-04-04_19-04-44_live_round,0bbebde3d5824359a06f0ab697948d52,2026-04-05T00:09:50.097297+00:00,1775347790097297000,165216736110333,1525,,,A,856,67,859.0,-8.0,8.574995875,1.1315184509526777
25222,A_research_2026-04-04_19-04-44_live_round,0bbebde3d5824359a06f0ab697948d52,2026-04-05T00:09:50.320994+00:00,1775347790320994000,165216959808125,1525,,,A,857,37,875.0,-36.0,8.798693667,1.1315184509526777
25227,A_research_2026-04-04_19-04-44_live_round,0bbebde3d5824359a06f0ab697948d52,2026-04-05T00:09:50.374449+00:00,1775347790374449000,165217013263708,1525,,,A,857,45,874.5,-35.0,8.85214925,1.1315184509526777
25228,A_research_2026-04-04_19-04-44_live_round,0bbebde3d5824359a06f0ab697948d52,2026-04-05T00:09:50.377629+00:00,1775347790377629000,165217016444083,1525,,,A,874,7,874.5,-35.0,8.855329625,1.1315184509526777
25234,A_research_2026-04-04_19-04-44_live_round,0bbebde3d5824359a06f0ab697948d52,2026-04-05T00:09:50.428918+00:00,1775347790428918000,165217067731958,1525,,,A,874,30,882.5,-17.0,8.9066175,1.1315184509526777
25235,A_research_2026-04-04_19-04-44_live_round,0bbebde3d5824359a06f0ab697948d52,2026-04-05T00:09:50.429057+00:00,1775347790429057000,165217067871208,1525,,,A,875,37,882.5,-17.0,8.90675675,1.1315184509526777
25241,A_research_2026-04-04_19-04-44_live_round,0bbebde3d5824359a06f0ab697948d52,2026-04-05T00:09:50.469095+00:00,1775347790469095000,165217107909916,1525,,,A,875,15,882.5,-15.0,8.946795458,1.1315184509526777
25242,A_research_2026-04-04_19-04-44_live_round,0bbebde3d5824359a06f0ab697948d52,2026-04-05T00:09:50.469198+00:00,1775347790469198000,165217108012541,1525,,,A,876,67,882.5,-15.0,8.946898083,1.1315184509526777
25248,A_research_2026-04-04_19-04-44_live_round,0bbebde3d5824359a06f0ab697948d52,2026-04-05T00:09:50.517424+00:00,1775347790517424000,165217156238500,1525,,,A,877,37,899.5,-45.0,8.995124042,1.1315184509526777
25253,A_research_2026-04-04_19-04-44_live_round,0bbebde3d5824359a06f0ab697948d52,2026-04-05T00:09:50.544854+00:00,1775347790544854000,165217183668958,1525,,,A,877,45,899.0,-44.0,9.0225545,1.1315184509526777
25254,A_research_2026-04-04_19-04-44_live_round,0bbebde3d5824359a06f0ab697948d52,2026-04-05T00:09:50.544947+00:00,1775347790544947000,165217183762500,1525,,,A,901,7,899.0,-44.0,9.022648042,1.1315184509526777
25260,A_research_2026-04-04_19-04-44_live_round,0bbebde3d5824359a06f0ab697948d52,2026-04-05T00:09:50.581568+00:00,1775347790581568000,165217220382958,1525,,,A,901,30,910.5,-19.0,9.0592685,1.1315184509526777
25261,A_research_2026-04-04_19-04-44_live_round,0bbebde3d5824359a06f0ab697948d52,2026-04-05T00:09:50.581659+00:00,1775347790581659000,165217220474625,1525,,,A,902,37,910.5,-19.0,9.059360167,1.1315184509526777
25267,A_research_2026-04-04_19-04-44_live_round,0bbebde3d5824359a06f0ab697948d52,2026-04-05T00:09:50.619073+00:00,1775347790619073000,165217257888208,1525,,,A,902,15,910.5,-17.0,9.09677375,1.1315184509526777
25268,A_research_2026-04-04_19-04-44_live_round,0bbebde3d5824359a06f0ab697948d52,2026-04-05T00:09:50.619206+00:00,1775347790619206000,165217258021041,1525,,,A,903,67,910.5,-17.0,9.096906583,1.1315184509526777
25274,A_research_2026-04-04_19-04-44_live_round,0bbebde3d5824359a06f0ab697948d52,2026-04-05T00:09:50.678719+00:00,1775347790678719000,165217317534250,1525,,,A,904,37,913.5,-19.0,9.156419792,1.1315184509526777
25279,A_research_2026-04-04_19-04-44_live_round,0bbebde3d5824359a06f0ab697948d52,2026-04-05T00:09:50.718101+00:00,1775347790718101000,165217356916791,1525,,,A,904,45,913.0,-18.0,9.195802333,1.1315184509526777
26407,A_research_2026-04-04_19-04-44_live_round,0bbebde3d5824359a06f0ab697948d52,2026-04-05T00:10:04.619229+00:00,1775347804619229000,165231258081750,1525,,,A,914,37,913.5,-1.0,23.096967292,1.1315184509526777
26408,A_research_2026-04-04_19-04-44_live_round,0bbebde3d5824359a06f0ab697948d52,2026-04-05T00:10:04.619331+00:00,1775347804619331000,165231258183666,1525,,,A,913,52,913.5,-1.0,23.097069208,1.1315184509526777
26622,A_research_2026-04-04_19-04-44_live_round,0bbebde3d5824359a06f0ab697948d52,2026-04-05T00:10:07.279423+00:00,1775347807279423000,165233918283125,1525,,,A,921,37,918.5,-5.0,25.757168667,1.1315184509526777
26623,A_research_2026-04-04_19-04-44_live_round,0bbebde3d5824359a06f0ab697948d52,2026-04-05T00:10:07.282519+00:00,1775347807282519000,165233921379250,1525,,,A,920,52,918.5,-5.0,25.760264792,1.1315184509526777
26624,A_research_2026-04-04_19-04-44_live_round,0bbebde3d5824359a06f0ab697948d52,2026-04-05T00:10:07.282616+00:00,1775347807282616000,165233921476125,1525,,,A,919,67,918.5,-5.0,25.760361667,1.1315184509526777
26625,A_research_2026-04-04_19-04-44_live_round,0bbebde3d5824359a06f0ab697948d52,2026-04-05T00:10:07.282709+00:00,1775347807282709000,165233921568958,1525,,,A,919,11,918.5,-5.0,25.7604545,1.1315184509526777
26823,A_research_2026-04-04_19-04-44_live_round,0bbebde3d5824359a06f0ab697948d52,2026-04-05T00:10:09.682409+00:00,1775347809682409000,165236321275958,1525,,,A,916,37,915.0,-2.0,28.1601615,1.1315184509526777
26824,A_research_2026-04-04_19-04-44_live_round,0bbebde3d5824359a06f0ab697948d52,2026-04-05T00:10:09.685552+00:00,1775347809685552000,165236324418916,1525,,,A,915,52,915.0,-2.0,28.163304458,1.1315184509526777
26825,A_research_2026-04-04_19-04-44_live_round,0bbebde3d5824359a06f0ab697948d52,2026-04-05T00:10:09.688672+00:00,1775347809688672000,165236327539000,1525,,,A,915,78,915.0,-2.0,28.166424542,1.1315184509526777
26876,A_research_2026-04-04_19-04-44_live_round,0bbebde3d5824359a06f0ab697948d52,2026-04-05T00:10:10.282108+00:00,1775347810282108000,165236920975833,1525,,,A,918,37,916.5,-3.0,28.759861375,1.1315184509526777
26877,A_research_2026-04-04_19-04-44_live_round,0bbebde3d5824359a06f0ab697948d52,2026-04-05T00:10:10.282212+00:00,1775347810282212000,165236921080333,1525,,,A,917,52,916.5,-3.0,28.759965875,1.1315184509526777
26878,A_research_2026-04-04_19-04-44_live_round,0bbebde3d5824359a06f0ab697948d52,2026-04-05T00:10:10.282309+00:00,1775347810282309000,165236921177500,1525,,,A,916,67,916.5,-3.0,28.760063042,1.1315184509526777
26879,A_research_2026-04-04_19-04-44_live_round,0bbebde3d5824359a06f0ab697948d52,2026-04-05T00:10:10.282402+00:00,1775347810282402000,165236921270083,1525,,,A,915,11,916.5,-3.0,28.760155625,1.1315184509526777
26948,A_research_2026-04-04_19-04-44_live_round,0bbebde3d5824359a06f0ab697948d52,2026-04-05T00:10:11.054226+00:00,1775347811054226000,165237693096791,1525,,,A,926,37,926.5,-1.0,29.531982333,1.1315184509526777
26949,A_research_2026-04-04_19-04-44_live_round,0bbebde3d5824359a06f0ab697948d52,2026-04-05T00:10:11.054329+00:00,1775347811054329000,165237693199833,1525,,,A,927,52,926.5,-1.0,29.532085375,1.1315184509526777
27358,A_research_2026-04-04_19-04-44_live_round,0bbebde3d5824359a06f0ab697948d52,2026-04-05T00:10:16.153248+00:00,1775347816153248000,165242792132041,1650,,,A,925,37,926.5,-3.0,4.519871625,0.9556335826732244
27359,A_research_2026-04-04_19-04-44_live_round,0bbebde3d5824359a06f0ab697948d52,2026-04-05T00:10:16.156395+00:00,1775347816156395000,165242795278791,1650,,,A,926,82,926.5,-3.0,4.523018375,0.9556335826732244
27360,A_research_2026-04-04_19-04-44_live_round,0bbebde3d5824359a06f0ab697948d52,2026-04-05T00:10:16.156508+00:00,1775347816156508000,165242795392166,1650,,,A,926,48,926.5,-3.0,4.52313175,0.9556335826732244
27627,A_research_2026-04-04_19-04-44_live_round,0bbebde3d5824359a06f0ab697948d52,2026-04-05T00:10:19.374309+00:00,1775347819374309000,165246013201750,1650,,,A,883,37,881.0,-4.0,7.740941334,0.9556335826732244
27632,A_research_2026-04-04_19-04-44_live_round,0bbebde3d5824359a06f0ab697948d52,2026-04-05T00:10:19.413410+00:00,1775347819413410000,165246052303250,1650,,,A,883,45,881.5,-3.0,7.780042834,0.9556335826732244
27633,A_research_2026-04-04_19-04-44_live_round,0bbebde3d5824359a06f0ab697948d52,2026-04-05T00:10:19.413528+00:00,1775347819413528000,165246052421375,1650,,,A,880,7,881.5,-3.0,7.780160959,0.9556335826732244
27650,A_research_2026-04-04_19-04-44_live_round,0bbebde3d5824359a06f0ab697948d52,2026-04-05T00:10:19.553073+00:00,1775347819553073000,165246191965666,1650,,,A,877,37,871.0,-12.0,7.91970525,0.9556335826732244
27655,A_research_2026-04-04_19-04-44_live_round,0bbebde3d5824359a06f0ab697948d52,2026-04-05T00:10:19.582987+00:00,1775347819582987000,165246221879416,1650,,,A,877,45,871.5,-11.0,7.949619,0.9556335826732244
27656,A_research_2026-04-04_19-04-44_live_round,0bbebde3d5824359a06f0ab697948d52,2026-04-05T00:10:19.583175+00:00,1775347819583175000,165246222068041,1650,,,A,871,7,871.5,-11.0,7.949807625,0.9556335826732244
27662,A_research_2026-04-04_19-04-44_live_round,0bbebde3d5824359a06f0ab697948d52,2026-04-05T00:10:19.614818+00:00,1775347819614818000,165246253711875,1650,,,A,871,30,869.0,-4.0,7.981451459,0.9556335826732244
27663,A_research_2026-04-04_19-04-44_live_round,0bbebde3d5824359a06f0ab697948d52,2026-04-05T00:10:19.614917+00:00,1775347819614917000,165246253810916,1650,,,A,870,37,869.0,-4.0,7.9815505,0.9556335826732244
27669,A_research_2026-04-04_19-04-44_live_round,0bbebde3d5824359a06f0ab697948d52,2026-04-05T00:10:19.650817+00:00,1775347819650817000,165246289710791,1650,,,A,870,15,869.0,-2.0,8.017450375,0.9556335826732244
27670,A_research_2026-04-04_19-04-44_live_round,0bbebde3d5824359a06f0ab697948d52,2026-04-05T00:10:19.650990+00:00,1775347819650990000,165246289884000,1650,,,A,869,67,869.0,-2.0,8.017623584,0.9556335826732244
27679,A_research_2026-04-04_19-04-44_live_round,0bbebde3d5824359a06f0ab697948d52,2026-04-05T00:10:19.781511+00:00,1775347819781511000,165246420404875,1650,,,A,868,37,860.5,-15.0,8.148144459,0.9556335826732244
27684,A_research_2026-04-04_19-04-44_live_round,0bbebde3d5824359a06f0ab697948d52,2026-04-05T00:10:19.814345+00:00,1775347819814345000,165246453239208,1650,,,A,868,45,861.0,-14.0,8.180978792,0.9556335826732244
27685,A_research_2026-04-04_19-04-44_live_round,0bbebde3d5824359a06f0ab697948d52,2026-04-05T00:10:19.814474+00:00,1775347819814474000,165246453368250,1650,,,A,857,7,861.0,-14.0,8.181107834,0.9556335826732244
27691,A_research_2026-04-04_19-04-44_live_round,0bbebde3d5824359a06f0ab697948d52,2026-04-05T00:10:19.865991+00:00,1775347819865991000,165246504885541,1650,,,A,857,30,856.0,-2.0,8.232625125,0.9556335826732244
27692,A_research_2026-04-04_19-04-44_live_round,0bbebde3d5824359a06f0ab697948d52,2026-04-05T00:10:19.869135+00:00,1775347819869135000,165246508029250,1650,,,A,856,37,856.0,-2.0,8.235768834,0.9556335826732244
27698,A_research_2026-04-04_19-04-44_live_round,0bbebde3d5824359a06f0ab697948d52,2026-04-05T00:10:19.917746+00:00,1775347819917746000,165246556640250,1650,,,A,856,15,856.0,0.0,8.284379834,0.9556335826732244
27705,A_research_2026-04-04_19-04-44_live_round,0bbebde3d5824359a06f0ab697948d52,2026-04-05T00:10:19.965491+00:00,1775347819965491000,165246604384708,1650,,,A,854,37,844.0,-20.0,8.332124292,0.9556335826732244
27710,A_research_2026-04-04_19-04-44_live_round,0bbebde3d5824359a06f0ab697948d52,2026-04-05T00:10:19.994349+00:00,1775347819994349000,165246633243000,1650,,,A,854,45,844.5,-19.0,8.360982584,0.9556335826732244
27711,A_research_2026-04-04_19-04-44_live_round,0bbebde3d5824359a06f0ab697948d52,2026-04-05T00:10:19.994484+00:00,1775347819994484000,165246633378666,1650,,,A,845,7,844.5,-19.0,8.36111825,0.9556335826732244
27717,A_research_2026-04-04_19-04-44_live_round,0bbebde3d5824359a06f0ab697948d52,2026-04-05T00:10:20.038039+00:00,1775347820038039000,165246676934041,1650,,,A,845,30,840.5,-9.0,8.404673625,0.9556335826732244
27718,A_research_2026-04-04_19-04-44_live_round,0bbebde3d5824359a06f0ab697948d52,2026-04-05T00:10:20.041166+00:00,1775347820041166000,165246680060791,1650,,,A,844,37,840.5,-9.0,8.407800375,0.9556335826732244
27724,A_research_2026-04-04_19-04-44_live_round,0bbebde3d5824359a06f0ab697948d52,2026-04-05T00:10:20.096656+00:00,1775347820096656000,165246735550791,1650,,,A,844,15,840.5,-7.0,8.463290375,0.9556335826732244
27725,A_research_2026-04-04_19-04-44_live_round,0bbebde3d5824359a06f0ab697948d52,2026-04-05T00:10:20.099741+00:00,1775347820099741000,165246738636333,1650,,,A,843,67,840.5,-7.0,8.466375917,0.9556335826732244
27731,A_research_2026-04-04_19-04-44_live_round,0bbebde3d5824359a06f0ab697948d52,2026-04-05T00:10:20.186217+00:00,1775347820186217000,165246825111708,1650,,,A,842,37,827.5,-29.0,8.552851292,0.9556335826732244
27736,A_research_2026-04-04_19-04-44_live_round,0bbebde3d5824359a06f0ab697948d52,2026-04-05T00:10:20.227472+00:00,1775347820227472000,165246866367333,1650,,,A,842,45,828.0,-28.0,8.594106917,0.9556335826732244
27737,A_research_2026-04-04_19-04-44_live_round,0bbebde3d5824359a06f0ab697948d52,2026-04-05T00:10:20.227591+00:00,1775347820227591000,165246866486250,1650,,,A,826,7,828.0,-28.0,8.594225834,0.9556335826732244
27743,A_research_2026-04-04_19-04-44_live_round,0bbebde3d5824359a06f0ab697948d52,2026-04-05T00:10:20.273672+00:00,1775347820273672000,165246912567666,1650,,,A,826,30,820.5,-11.0,8.64030725,0.9556335826732244
27744,A_research_2026-04-04_19-04-44_live_round,0bbebde3d5824359a06f0ab697948d52,2026-04-05T00:10:20.273786+00:00,1775347820273786000,165246912680916,1650,,,A,825,37,820.5,-11.0,8.6404205,0.9556335826732244
27750,A_research_2026-04-04_19-04-44_live_round,0bbebde3d5824359a06f0ab697948d52,2026-04-05T00:10:20.320447+00:00,1775347820320447000,165246959342791,1650,,,A,825,15,820.5,-9.0,8.687082375,0.9556335826732244
27751,A_research_2026-04-04_19-04-44_live_round,0bbebde3d5824359a06f0ab697948d52,2026-04-05T00:10:20.320550+00:00,1775347820320550000,165246959445791,1650,,,A,824,67,820.5,-9.0,8.687185375,0.9556335826732244
27758,A_research_2026-04-04_19-04-44_live_round,0bbebde3d5824359a06f0ab697948d52,2026-04-05T00:10:20.392827+00:00,1775347820392827000,165247031722791,1650,,,A,823,37,805.0,-36.0,8.759462375,0.9556335826732244
27763,A_research_2026-04-04_19-04-44_live_round,0bbebde3d5824359a06f0ab697948d52,2026-04-05T00:10:20.425929+00:00,1775347820425929000,165247064824541,1650,,,A,823,45,805.5,-35.0,8.792564125,0.9556335826732244
27764,A_research_2026-04-04_19-04-44_live_round,0bbebde3d5824359a06f0ab697948d52,2026-04-05T00:10:20.426064+00:00,1775347820426064000,165247064959333,1650,,,A,805,7,805.5,-35.0,8.792698917,0.9556335826732244
27770,A_research_2026-04-04_19-04-44_live_round,0bbebde3d5824359a06f0ab697948d52,2026-04-05T00:10:20.457219+00:00,1775347820457219000,165247096114791,1650,,,A,805,30,797.0,-16.0,8.823854375,0.9556335826732244
27771,A_research_2026-04-04_19-04-44_live_round,0bbebde3d5824359a06f0ab697948d52,2026-04-05T00:10:20.457323+00:00,1775347820457323000,165247096219041,1650,,,A,804,37,797.0,-16.0,8.823958625,0.9556335826732244
27777,A_research_2026-04-04_19-04-44_live_round,0bbebde3d5824359a06f0ab697948d52,2026-04-05T00:10:20.487853+00:00,1775347820487853000,165247126748416,1650,,,A,804,15,797.0,-14.0,8.854488,0.9556335826732244
27778,A_research_2026-04-04_19-04-44_live_round,0bbebde3d5824359a06f0ab697948d52,2026-04-05T00:10:20.487949+00:00,1775347820487949000,165247126845416,1650,,,A,803,67,797.0,-14.0,8.854585,0.9556335826732244
27784,A_research_2026-04-04_19-04-44_live_round,0bbebde3d5824359a06f0ab697948d52,2026-04-05T00:10:20.566853+00:00,1775347820566853000,165247205748416,1650,,,A,802,37,775.0,-54.0,8.933488,0.9556335826732244
27789,A_research_2026-04-04_19-04-44_live_round,0bbebde3d5824359a06f0ab697948d52,2026-04-05T00:10:20.611143+00:00,1775347820611143000,165247250039083,1650,,,A,802,45,775.5,-53.0,8.977778667,0.9556335826732244
27790,A_research_2026-04-04_19-04-44_live_round,0bbebde3d5824359a06f0ab697948d52,2026-04-05T00:10:20.611279+00:00,1775347820611279000,165247250175125,1650,,,A,779,7,775.5,-53.0,8.977914709,0.9556335826732244
27796,A_research_2026-04-04_19-04-44_live_round,0bbebde3d5824359a06f0ab697948d52,2026-04-05T00:10:20.660502+00:00,1775347820660502000,165247299397916,1650,,,A,779,30,764.5,-29.0,9.0271375,0.9556335826732244
27797,A_research_2026-04-04_19-04-44_live_round,0bbebde3d5824359a06f0ab697948d52,2026-04-05T00:10:20.663637+00:00,1775347820663637000,165247302533000,1650,,,A,778,37,764.5,-29.0,9.030272584,0.9556335826732244
27803,A_research_2026-04-04_19-04-44_live_round,0bbebde3d5824359a06f0ab697948d52,2026-04-05T00:10:20.715458+00:00,1775347820715458000,165247354354500,1650,,,A,778,15,764.5,-27.0,9.082094084,0.9556335826732244
27805,A_research_2026-04-04_19-04-44_live_round,0bbebde3d5824359a06f0ab697948d52,2026-04-05T00:10:20.727742+00:00,1775347820727742000,165247366638583,1650,,,A,777,67,764.5,-27.0,9.094378167,0.9556335826732244
27811,A_research_2026-04-04_19-04-44_live_round,0bbebde3d5824359a06f0ab697948d52,2026-04-05T00:10:20.788769+00:00,1775347820788769000,165247427665083,1650,,,A,776,37,762.5,-27.0,9.155404667,0.9556335826732244
27816,A_research_2026-04-04_19-04-44_live_round,0bbebde3d5824359a06f0ab697948d52,2026-04-05T00:10:20.827300+00:00,1775347820827300000,165247466196916,1650,,,A,776,45,763.0,-26.0,9.1939365,0.9556335826732244
28570,A_research_2026-04-04_19-04-44_live_round,0bbebde3d5824359a06f0ab697948d52,2026-04-05T00:10:30.155203+00:00,1775347830155203000,165256794125250,1725,,,A,749,37,751.0,-4.0,18.521864834,0.9556335826732244
28571,A_research_2026-04-04_19-04-44_live_round,0bbebde3d5824359a06f0ab697948d52,2026-04-05T00:10:30.155323+00:00,1775347830155323000,165256794244458,1725,,,A,750,52,751.0,-4.0,18.521984042,0.9556335826732244
28572,A_research_2026-04-04_19-04-44_live_round,0bbebde3d5824359a06f0ab697948d52,2026-04-05T00:10:30.155422+00:00,1775347830155422000,165256794344250,1725,,,A,751,67,751.0,-4.0,18.522083834,0.9556335826732244
28573,A_research_2026-04-04_19-04-44_live_round,0bbebde3d5824359a06f0ab697948d52,2026-04-05T00:10:30.155521+00:00,1775347830155521000,165256794442666,1725,,,A,752,11,751.0,-4.0,18.52218225,0.9556335826732244
29063,A_research_2026-04-04_19-04-44_live_round,0bbebde3d5824359a06f0ab697948d52,2026-04-05T00:10:36.277954+00:00,1775347836277954000,165262916891375,1725,,,A,740,37,738.5,-3.0,24.644630959,0.9556335826732244
29064,A_research_2026-04-04_19-04-44_live_round,0bbebde3d5824359a06f0ab697948d52,2026-04-05T00:10:36.281138+00:00,1775347836281138000,165262920076750,1725,,,A,739,52,738.5,-3.0,24.647816334,0.9556335826732244
29065,A_research_2026-04-04_19-04-44_live_round,0bbebde3d5824359a06f0ab697948d52,2026-04-05T00:10:36.281266+00:00,1775347836281266000,165262920204500,1725,,,A,738,67,738.5,-3.0,24.647944084,0.9556335826732244
29066,A_research_2026-04-04_19-04-44_live_round,0bbebde3d5824359a06f0ab697948d52,2026-04-05T00:10:36.281379+00:00,1775347836281379000,165262920317291,1725,,,A,737,11,738.5,-3.0,24.648056875,0.9556335826732244
29879,A_research_2026-04-04_19-04-44_live_round,0bbebde3d5824359a06f0ab697948d52,2026-04-05T00:10:46.235018+00:00,1775347846235018000,165272873983250,1725,,,A,753,37,755.0,-4.0,34.601722834,0.9556335826732244
29880,A_research_2026-04-04_19-04-44_live_round,0bbebde3d5824359a06f0ab697948d52,2026-04-05T00:10:46.235328+00:00,1775347846235328000,165272874293125,1725,,,A,754,52,755.0,-4.0,34.602032709,0.9556335826732244
29881,A_research_2026-04-04_19-04-44_live_round,0bbebde3d5824359a06f0ab697948d52,2026-04-05T00:10:46.235461+00:00,1775347846235461000,165272874426041,1725,,,A,755,78,755.0,-4.0,34.602165625,0.9556335826732244
31475,A_research_2026-04-04_19-04-44_live_round,0bbebde3d5824359a06f0ab697948d52,2026-04-05T00:11:05.966972+00:00,1775347865966972000,165292605990625,1900,,,A,751,37,749.5,-3.0,54.333730209,0.9556335826732244
31476,A_research_2026-04-04_19-04-44_live_round,0bbebde3d5824359a06f0ab697948d52,2026-04-05T00:11:05.967108+00:00,1775347865967108000,165292606126333,1900,,,A,750,52,749.5,-3.0,54.333865917,0.9556335826732244
31477,A_research_2026-04-04_19-04-44_live_round,0bbebde3d5824359a06f0ab697948d52,2026-04-05T00:11:05.967225+00:00,1775347865967225000,165292606243291,1900,,,A,749,67,749.5,-3.0,54.333982875,0.9556335826732244
31478,A_research_2026-04-04_19-04-44_live_round,0bbebde3d5824359a06f0ab697948d52,2026-04-05T00:11:05.967323+00:00,1775347865967323000,165292606341416,1900,,,A,748,11,749.5,-3.0,54.334081,0.9556335826732244
32001,A_research_2026-04-04_19-04-44_live_round,0bbebde3d5824359a06f0ab697948d52,2026-04-05T00:11:12.447643+00:00,1775347872447643000,165299086679166,1950,,,A,741,37,741.0,0.0,0.453438958,1.1666919426013953
32083,A_research_2026-04-04_19-04-44_live_round,0bbebde3d5824359a06f0ab697948d52,2026-04-05T00:11:13.424177+00:00,1775347873424177000,165300063215916,1950,,,A,734,37,733.5,-1.0,1.429975708,1.1666919426013953
32084,A_research_2026-04-04_19-04-44_live_round,0bbebde3d5824359a06f0ab697948d52,2026-04-05T00:11:13.424284+00:00,1775347873424284000,165300063322541,1950,,,A,733,52,733.5,-1.0,1.430082333,1.1666919426013953
32169,A_research_2026-04-04_19-04-44_live_round,0bbebde3d5824359a06f0ab697948d52,2026-04-05T00:11:14.442506+00:00,1775347874442506000,165301081547041,1950,,,A,750,37,752.0,-4.0,2.448306833,1.1666919426013953
32174,A_research_2026-04-04_19-04-44_live_round,0bbebde3d5824359a06f0ab697948d52,2026-04-05T00:11:14.466812+00:00,1775347874466812000,165301105853083,1950,,,A,751,52,752.0,-2.0,2.472612875,1.1666919426013953
32179,A_research_2026-04-04_19-04-44_live_round,0bbebde3d5824359a06f0ab697948d52,2026-04-05T00:11:14.494265+00:00,1775347874494265000,165301133306416,1950,,,A,751,30,751.5,-1.0,2.500066208,1.1666919426013953
32180,A_research_2026-04-04_19-04-44_live_round,0bbebde3d5824359a06f0ab697948d52,2026-04-05T00:11:14.494362+00:00,1775347874494362000,165301133403500,1950,,,A,751,37,751.5,-1.0,2.500163292,1.1666919426013953
32185,A_research_2026-04-04_19-04-44_live_round,0bbebde3d5824359a06f0ab697948d52,2026-04-05T00:11:14.528182+00:00,1775347874528182000,165301167223958,1950,,,A,751,15,751.0,0.0,2.53398375,1.1666919426013953
32195,A_research_2026-04-04_19-04-44_live_round,0bbebde3d5824359a06f0ab697948d52,2026-04-05T00:11:14.711976+00:00,1775347874711976000,165301351018416,1950,,,A,753,37,756.5,-7.0,2.717778208,1.1666919426013953
32200,A_research_2026-04-04_19-04-44_live_round,0bbebde3d5824359a06f0ab697948d52,2026-04-05T00:11:14.760982+00:00,1775347874760982000,165301400024625,1950,,,A,753,45,756.0,-6.0,2.766784417,1.1666919426013953
32213,A_research_2026-04-04_19-04-44_live_round,0bbebde3d5824359a06f0ab697948d52,2026-04-05T00:11:14.855502+00:00,1775347874855502000,165301494544500,1950,,,A,765,37,766.5,-3.0,2.861304292,1.1666919426013953
32218,A_research_2026-04-04_19-04-44_live_round,0bbebde3d5824359a06f0ab697948d52,2026-04-05T00:11:14.889143+00:00,1775347874889143000,165301528185416,1950,,,A,765,45,766.0,-2.0,2.894945208,1.1666919426013953
32234,A_research_2026-04-04_19-04-44_live_round,0bbebde3d5824359a06f0ab697948d52,2026-04-05T00:11:15.043274+00:00,1775347875043274000,165301682316625,1950,,,A,771,37,774.0,-6.0,3.049076417,1.1666919426013953
32239,A_research_2026-04-04_19-04-44_live_round,0bbebde3d5824359a06f0ab697948d52,2026-04-05T00:11:15.073880+00:00,1775347875073880000,165301712922708,1950,,,A,771,45,773.5,-5.0,3.0796825,1.1666919426013953
32240,A_research_2026-04-04_19-04-44_live_round,0bbebde3d5824359a06f0ab697948d52,2026-04-05T00:11:15.073979+00:00,1775347875073979000,165301713021916,1950,,,A,776,7,773.5,-5.0,3.079781708,1.1666919426013953
32256,A_research_2026-04-04_19-04-44_live_round,0bbebde3d5824359a06f0ab697948d52,2026-04-05T00:11:15.262283+00:00,1775347875262283000,165301901326625,1950,,,A,779,37,784.0,-10.0,3.268086417,1.1666919426013953
32261,A_research_2026-04-04_19-04-44_live_round,0bbebde3d5824359a06f0ab697948d52,2026-04-05T00:11:15.314407+00:00,1775347875314407000,165301953450750,1950,,,A,779,45,783.5,-9.0,3.320210542,1.1666919426013953
32262,A_research_2026-04-04_19-04-44_live_round,0bbebde3d5824359a06f0ab697948d52,2026-04-05T00:11:15.314507+00:00,1775347875314507000,165301953550666,1950,,,A,785,7,783.5,-9.0,3.320310458,1.1666919426013953
32268,A_research_2026-04-04_19-04-44_live_round,0bbebde3d5824359a06f0ab697948d52,2026-04-05T00:11:15.348359+00:00,1775347875348359000,165301987403291,1950,,,A,785,30,786.0,-2.0,3.354163083,1.1666919426013953
32269,A_research_2026-04-04_19-04-44_live_round,0bbebde3d5824359a06f0ab697948d52,2026-04-05T00:11:15.348458+00:00,1775347875348458000,165301987501958,1950,,,A,786,37,786.0,-2.0,3.35426175,1.1666919426013953
32275,A_research_2026-04-04_19-04-44_live_round,0bbebde3d5824359a06f0ab697948d52,2026-04-05T00:11:15.378968+00:00,1775347875378968000,165302018011625,1950,,,A,786,15,786.0,0.0,3.384771417,1.1666919426013953
32283,A_research_2026-04-04_19-04-44_live_round,0bbebde3d5824359a06f0ab697948d52,2026-04-05T00:11:15.445336+00:00,1775347875445336000,165302084380541,1950,,,A,788,37,791.5,-7.0,3.451140333,1.1666919426013953
32288,A_research_2026-04-04_19-04-44_live_round,0bbebde3d5824359a06f0ab697948d52,2026-04-05T00:11:15.470103+00:00,1775347875470103000,165302109147375,1950,,,A,788,45,791.0,-6.0,3.475907167,1.1666919426013953
32301,A_research_2026-04-04_19-04-44_live_round,0bbebde3d5824359a06f0ab697948d52,2026-04-05T00:11:15.791406+00:00,1775347875791406000,165302430450416,1950,,,A,800,37,805.0,-10.0,3.797210208,1.1666919426013953
32306,A_research_2026-04-04_19-04-44_live_round,0bbebde3d5824359a06f0ab697948d52,2026-04-05T00:11:15.855989+00:00,1775347875855989000,165302495033916,1950,,,A,800,45,804.5,-9.0,3.861793708,1.1666919426013953
32307,A_research_2026-04-04_19-04-44_live_round,0bbebde3d5824359a06f0ab697948d52,2026-04-05T00:11:15.859171+00:00,1775347875859171000,165302498216500,1950,,,A,803,7,804.5,-9.0,3.864976292,1.1666919426013953
32313,A_research_2026-04-04_19-04-44_live_round,0bbebde3d5824359a06f0ab697948d52,2026-04-05T00:11:15.898978+00:00,1775347875898978000,165302538023041,1950,,,A,803,30,805.5,-5.0,3.904782833,1.1666919426013953
32314,A_research_2026-04-04_19-04-44_live_round,0bbebde3d5824359a06f0ab697948d52,2026-04-05T00:11:15.899078+00:00,1775347875899078000,165302538123250,1950,,,A,804,37,805.5,-5.0,3.904883042,1.1666919426013953
32320,A_research_2026-04-04_19-04-44_live_round,0bbebde3d5824359a06f0ab697948d52,2026-04-05T00:11:15.939013+00:00,1775347875939013000,165302578058625,1950,,,A,804,15,805.5,-3.0,3.944818417,1.1666919426013953
32321,A_research_2026-04-04_19-04-44_live_round,0bbebde3d5824359a06f0ab697948d52,2026-04-05T00:11:15.939110+00:00,1775347875939110000,165302578155458,1950,,,A,805,67,805.5,-3.0,3.94491525,1.1666919426013953
32330,A_research_2026-04-04_19-04-44_live_round,0bbebde3d5824359a06f0ab697948d52,2026-04-05T00:11:16.013162+00:00,1775347876013162000,165302652208041,1950,,,A,806,37,815.5,-19.0,4.018967833,1.1666919426013953
32336,A_research_2026-04-04_19-04-44_live_round,0bbebde3d5824359a06f0ab697948d52,2026-04-05T00:11:16.058997+00:00,1775347876058997000,165302698042666,1950,,,A,806,45,815.0,-18.0,4.064802458,1.1666919426013953
32337,A_research_2026-04-04_19-04-44_live_round,0bbebde3d5824359a06f0ab697948d52,2026-04-05T00:11:16.059092+00:00,1775347876059092000,165302698138083,1950,,,A,818,7,815.0,-18.0,4.064897875,1.1666919426013953
32343,A_research_2026-04-04_19-04-44_live_round,0bbebde3d5824359a06f0ab697948d52,2026-04-05T00:11:16.101861+00:00,1775347876101861000,165302740907041,1950,,,A,818,30,820.5,-5.0,4.107666833,1.1666919426013953
32344,A_research_2026-04-04_19-04-44_live_round,0bbebde3d5824359a06f0ab697948d52,2026-04-05T00:11:16.101955+00:00,1775347876101955000,165302741000833,1950,,,A,819,37,820.5,-5.0,4.107760625,1.1666919426013953
32350,A_research_2026-04-04_19-04-44_live_round,0bbebde3d5824359a06f0ab697948d52,2026-04-05T00:11:16.144865+00:00,1775347876144865000,165302783911000,1950,,,A,819,15,820.5,-3.0,4.150670792,1.1666919426013953
32351,A_research_2026-04-04_19-04-44_live_round,0bbebde3d5824359a06f0ab697948d52,2026-04-05T00:11:16.148116+00:00,1775347876148116000,165302787161625,1950,,,A,820,67,820.5,-3.0,4.153921417,1.1666919426013953
32358,A_research_2026-04-04_19-04-44_live_round,0bbebde3d5824359a06f0ab697948d52,2026-04-05T00:11:16.212977+00:00,1775347876212977000,165302852022750,1950,,,A,821,37,829.0,-16.0,4.218782542,1.1666919426013953
32363,A_research_2026-04-04_19-04-44_live_round,0bbebde3d5824359a06f0ab697948d52,2026-04-05T00:11:16.246815+00:00,1775347876246815000,165302885861625,1950,,,A,821,45,828.5,-15.0,4.252621417,1.1666919426013953
32364,A_research_2026-04-04_19-04-44_live_round,0bbebde3d5824359a06f0ab697948d52,2026-04-05T00:11:16.246911+00:00,1775347876246911000,165302885956875,1950,,,A,833,7,828.5,-15.0,4.252716667,1.1666919426013953
32370,A_research_2026-04-04_19-04-44_live_round,0bbebde3d5824359a06f0ab697948d52,2026-04-05T00:11:16.292907+00:00,1775347876292907000,165302931953708,1950,,,A,833,30,834.0,-2.0,4.2987135,1.1666919426013953
32371,A_research_2026-04-04_19-04-44_live_round,0bbebde3d5824359a06f0ab697948d52,2026-04-05T00:11:16.293006+00:00,1775347876293006000,165302932052291,1950,,,A,834,37,834.0,-2.0,4.298812083,1.1666919426013953
32377,A_research_2026-04-04_19-04-44_live_round,0bbebde3d5824359a06f0ab697948d52,2026-04-05T00:11:16.335714+00:00,1775347876335714000,165302974760291,1950,,,A,834,15,834.0,0.0,4.341520083,1.1666919426013953
32383,A_research_2026-04-04_19-04-44_live_round,0bbebde3d5824359a06f0ab697948d52,2026-04-05T00:11:16.385025+00:00,1775347876385025000,165303024071708,1950,,,A,836,37,843.5,-15.0,4.3908315,1.1666919426013953
32388,A_research_2026-04-04_19-04-44_live_round,0bbebde3d5824359a06f0ab697948d52,2026-04-05T00:11:16.409349+00:00,1775347876409349000,165303048396208,1950,,,A,836,45,843.0,-14.0,4.415156,1.1666919426013953
32389,A_research_2026-04-04_19-04-44_live_round,0bbebde3d5824359a06f0ab697948d52,2026-04-05T00:11:16.409446+00:00,1775347876409446000,165303048492833,1950,,,A,845,7,843.0,-14.0,4.415252625,1.1666919426013953
32395,A_research_2026-04-04_19-04-44_live_round,0bbebde3d5824359a06f0ab697948d52,2026-04-05T00:11:16.446052+00:00,1775347876446052000,165303085098625,1950,,,A,845,30,847.0,-4.0,4.451858417,1.1666919426013953
32396,A_research_2026-04-04_19-04-44_live_round,0bbebde3d5824359a06f0ab697948d52,2026-04-05T00:11:16.446149+00:00,1775347876446149000,165303085196000,1950,,,A,846,37,847.0,-4.0,4.451955792,1.1666919426013953
32402,A_research_2026-04-04_19-04-44_live_round,0bbebde3d5824359a06f0ab697948d52,2026-04-05T00:11:16.489072+00:00,1775347876489072000,165303128118666,1950,,,A,846,15,847.0,-2.0,4.494878458,1.1666919426013953
32403,A_research_2026-04-04_19-04-44_live_round,0bbebde3d5824359a06f0ab697948d52,2026-04-05T00:11:16.489166+00:00,1775347876489166000,165303128212708,1950,,,A,847,67,847.0,-2.0,4.4949725,1.1666919426013953
32409,A_research_2026-04-04_19-04-44_live_round,0bbebde3d5824359a06f0ab697948d52,2026-04-05T00:11:16.541918+00:00,1775347876541918000,165303180965250,1950,,,A,848,37,859.0,-22.0,4.547725042,1.1666919426013953
32414,A_research_2026-04-04_19-04-44_live_round,0bbebde3d5824359a06f0ab697948d52,2026-04-05T00:11:16.581842+00:00,1775347876581842000,165303220889166,1950,,,A,848,45,858.5,-21.0,4.587648958,1.1666919426013953
32415,A_research_2026-04-04_19-04-44_live_round,0bbebde3d5824359a06f0ab697948d52,2026-04-05T00:11:16.581945+00:00,1775347876581945000,165303220991875,1950,,,A,859,7,858.5,-21.0,4.587751667,1.1666919426013953
32421,A_research_2026-04-04_19-04-44_live_round,0bbebde3d5824359a06f0ab697948d52,2026-04-05T00:11:16.612631+00:00,1775347876612631000,165303251678166,1950,,,A,859,30,863.5,-9.0,4.618437958,1.1666919426013953
32422,A_research_2026-04-04_19-04-44_live_round,0bbebde3d5824359a06f0ab697948d52,2026-04-05T00:11:16.612730+00:00,1775347876612730000,165303251777000,1950,,,A,860,37,863.5,-9.0,4.618536792,1.1666919426013953
32428,A_research_2026-04-04_19-04-44_live_round,0bbebde3d5824359a06f0ab697948d52,2026-04-05T00:11:16.649595+00:00,1775347876649595000,165303288642458,1950,,,A,860,15,863.5,-7.0,4.65540225,1.1666919426013953
32429,A_research_2026-04-04_19-04-44_live_round,0bbebde3d5824359a06f0ab697948d52,2026-04-05T00:11:16.649698+00:00,1775347876649698000,165303288745083,1950,,,A,861,67,863.5,-7.0,4.655504875,1.1666919426013953
32436,A_research_2026-04-04_19-04-44_live_round,0bbebde3d5824359a06f0ab697948d52,2026-04-05T00:11:16.708165+00:00,1775347876708165000,165303347212416,1950,,,A,862,37,873.5,-23.0,4.713972208,1.1666919426013953
32441,A_research_2026-04-04_19-04-44_live_round,0bbebde3d5824359a06f0ab697948d52,2026-04-05T00:11:16.744861+00:00,1775347876744861000,165303383908958,1950,,,A,862,45,873.0,-22.0,4.75066875,1.1666919426013953
32442,A_research_2026-04-04_19-04-44_live_round,0bbebde3d5824359a06f0ab697948d52,2026-04-05T00:11:16.744963+00:00,1775347876744963000,165303384010458,1950,,,A,878,7,873.0,-22.0,4.75077025,1.1666919426013953
32448,A_research_2026-04-04_19-04-44_live_round,0bbebde3d5824359a06f0ab697948d52,2026-04-05T00:11:16.790980+00:00,1775347876790980000,165303430028125,1950,,,A,878,30,880.5,-5.0,4.796787917,1.1666919426013953
32449,A_research_2026-04-04_19-04-44_live_round,0bbebde3d5824359a06f0ab697948d52,2026-04-05T00:11:16.791082+00:00,1775347876791082000,165303430130333,1950,,,A,879,37,880.5,-5.0,4.796890125,1.1666919426013953
32455,A_research_2026-04-04_19-04-44_live_round,0bbebde3d5824359a06f0ab697948d52,2026-04-05T00:11:16.824913+00:00,1775347876824913000,165303463960541,1950,,,A,879,15,880.5,-3.0,4.830720333,1.1666919426013953
32456,A_research_2026-04-04_19-04-44_live_round,0bbebde3d5824359a06f0ab697948d52,2026-04-05T00:11:16.825011+00:00,1775347876825011000,165303464058583,1950,,,A,880,67,880.5,-3.0,4.830818375,1.1666919426013953
32462,A_research_2026-04-04_19-04-44_live_round,0bbebde3d5824359a06f0ab697948d52,2026-04-05T00:11:16.880256+00:00,1775347876880256000,165303519303875,1950,,,A,881,37,889.0,-16.0,4.886063667,1.1666919426013953
32467,A_research_2026-04-04_19-04-44_live_round,0bbebde3d5824359a06f0ab697948d52,2026-04-05T00:11:16.917128+00:00,1775347876917128000,165303556176458,1950,,,A,881,45,888.5,-15.0,4.92293625,1.1666919426013953
32468,A_research_2026-04-04_19-04-44_live_round,0bbebde3d5824359a06f0ab697948d52,2026-04-05T00:11:16.917225+00:00,1775347876917225000,165303556272666,1950,,,A,893,7,888.5,-15.0,4.923032458,1.1666919426013953
32474,A_research_2026-04-04_19-04-44_live_round,0bbebde3d5824359a06f0ab697948d52,2026-04-05T00:11:16.959942+00:00,1775347876959942000,165303598989916,1950,,,A,893,30,894.0,-2.0,4.965749708,1.1666919426013953
32475,A_research_2026-04-04_19-04-44_live_round,0bbebde3d5824359a06f0ab697948d52,2026-04-05T00:11:16.960044+00:00,1775347876960044000,165303599091875,1950,,,A,894,37,894.0,-2.0,4.965851667,1.1666919426013953
32481,A_research_2026-04-04_19-04-44_live_round,0bbebde3d5824359a06f0ab697948d52,2026-04-05T00:11:17.003560+00:00,1775347877003560000,165303642608291,1950,,,A,894,15,894.0,0.0,5.009368083,1.1666919426013953
32488,A_research_2026-04-04_19-04-44_live_round,0bbebde3d5824359a06f0ab697948d52,2026-04-05T00:11:17.054589+00:00,1775347877054589000,165303693637416,1975,,,A,896,37,905.5,-19.0,5.060397208,1.1666919426013953
32493,A_research_2026-04-04_19-04-44_live_round,0bbebde3d5824359a06f0ab697948d52,2026-04-05T00:11:17.082709+00:00,1775347877082709000,165303721757125,1975,,,A,896,45,905.0,-18.0,5.088516917,1.1666919426013953
32494,A_research_2026-04-04_19-04-44_live_round,0bbebde3d5824359a06f0ab697948d52,2026-04-05T00:11:17.082833+00:00,1775347877082833000,165303721881250,1975,,,A,905,7,905.0,-18.0,5.088641042,1.1666919426013953
32500,A_research_2026-04-04_19-04-44_live_round,0bbebde3d5824359a06f0ab697948d52,2026-04-05T00:11:17.119818+00:00,1775347877119818000,165303758866416,1975,,,A,905,30,909.0,-8.0,5.125626208,1.1666919426013953
32501,A_research_2026-04-04_19-04-44_live_round,0bbebde3d5824359a06f0ab697948d52,2026-04-05T00:11:17.119917+00:00,1775347877119917000,165303758965875,1975,,,A,906,37,909.0,-8.0,5.125725667,1.1666919426013953
32507,A_research_2026-04-04_19-04-44_live_round,0bbebde3d5824359a06f0ab697948d52,2026-04-05T00:11:17.168824+00:00,1775347877168824000,165303807872458,1975,,,A,906,15,909.0,-6.0,5.17463225,1.1666919426013953
32508,A_research_2026-04-04_19-04-44_live_round,0bbebde3d5824359a06f0ab697948d52,2026-04-05T00:11:17.171825+00:00,1775347877171825000,165303810873416,1975,,,A,907,67,909.0,-6.0,5.177633208,1.1666919426013953
32514,A_research_2026-04-04_19-04-44_live_round,0bbebde3d5824359a06f0ab697948d52,2026-04-05T00:11:17.334638+00:00,1775347877334638000,165303973687458,1975,,,A,908,37,918.5,-21.0,5.34044725,1.1666919426013953
32519,A_research_2026-04-04_19-04-44_live_round,0bbebde3d5824359a06f0ab697948d52,2026-04-05T00:11:17.383850+00:00,1775347877383850000,165304022898875,1975,,,A,908,45,918.0,-20.0,5.389658667,1.1666919426013953
32520,A_research_2026-04-04_19-04-44_live_round,0bbebde3d5824359a06f0ab697948d52,2026-04-05T00:11:17.383950+00:00,1775347877383950000,165304022999416,1975,,,A,923,7,918.0,-20.0,5.389759208,1.1666919426013953
32526,A_research_2026-04-04_19-04-44_live_round,0bbebde3d5824359a06f0ab697948d52,2026-04-05T00:11:17.414510+00:00,1775347877414510000,165304053559875,1975,,,A,923,30,925.0,-4.0,5.420319667,1.1666919426013953
32527,A_research_2026-04-04_19-04-44_live_round,0bbebde3d5824359a06f0ab697948d52,2026-04-05T00:11:17.414612+00:00,1775347877414612000,165304053661208,1975,,,A,924,37,925.0,-4.0,5.420421,1.1666919426013953
32533,A_research_2026-04-04_19-04-44_live_round,0bbebde3d5824359a06f0ab697948d52,2026-04-05T00:11:17.454378+00:00,1775347877454378000,165304093427458,1975,,,A,924,15,925.0,-2.0,5.46018725,1.1666919426013953
32534,A_research_2026-04-04_19-04-44_live_round,0bbebde3d5824359a06f0ab697948d52,2026-04-05T00:11:17.454478+00:00,1775347877454478000,165304093527750,1975,,,A,925,67,925.0,-2.0,5.460287542,1.1666919426013953
32541,A_research_2026-04-04_19-04-44_live_round,0bbebde3d5824359a06f0ab697948d52,2026-04-05T00:11:17.517090+00:00,1775347877517090000,165304156139541,1975,,,A,926,37,934.0,-16.0,5.522899333,1.1666919426013953
32546,A_research_2026-04-04_19-04-44_live_round,0bbebde3d5824359a06f0ab697948d52,2026-04-05T00:11:17.550944+00:00,1775347877550944000,165304189993958,1975,,,A,926,45,933.5,-15.0,5.55675375,1.1666919426013953
32547,A_research_2026-04-04_19-04-44_live_round,0bbebde3d5824359a06f0ab697948d52,2026-04-05T00:11:17.551044+00:00,1775347877551044000,165304190094208,1975,,,A,937,7,933.5,-15.0,5.556854,1.1666919426013953
32553,A_research_2026-04-04_19-04-44_live_round,0bbebde3d5824359a06f0ab697948d52,2026-04-05T00:11:17.604567+00:00,1775347877604567000,165304243617250,1975,,,A,937,30,938.5,-3.0,5.610377042,1.1666919426013953
32554,A_research_2026-04-04_19-04-44_live_round,0bbebde3d5824359a06f0ab697948d52,2026-04-05T00:11:17.604664+00:00,1775347877604664000,165304243714166,1975,,,A,938,37,938.5,-3.0,5.610473958,1.1666919426013953
32560,A_research_2026-04-04_19-04-44_live_round,0bbebde3d5824359a06f0ab697948d52,2026-04-05T00:11:17.638304+00:00,1775347877638304000,165304277354416,1975,,,A,938,15,938.5,-1.0,5.644114208,1.1666919426013953
32561,A_research_2026-04-04_19-04-44_live_round,0bbebde3d5824359a06f0ab697948d52,2026-04-05T00:11:17.638402+00:00,1775347877638402000,165304277451625,1975,,,A,939,67,938.5,-1.0,5.644211417,1.1666919426013953
32567,A_research_2026-04-04_19-04-44_live_round,0bbebde3d5824359a06f0ab697948d52,2026-04-05T00:11:17.684780+00:00,1775347877684780000,165304323830125,1975,,,A,940,37,949.5,-19.0,5.690589917,1.1666919426013953
32572,A_research_2026-04-04_19-04-44_live_round,0bbebde3d5824359a06f0ab697948d52,2026-04-05T00:11:17.718390+00:00,1775347877718390000,165304357440125,1975,,,A,940,45,949.0,-18.0,5.724199917,1.1666919426013953
32573,A_research_2026-04-04_19-04-44_live_round,0bbebde3d5824359a06f0ab697948d52,2026-04-05T00:11:17.721486+00:00,1775347877721486000,165304360536041,1975,,,A,950,7,949.0,-18.0,5.727295833,1.1666919426013953
32579,A_research_2026-04-04_19-04-44_live_round,0bbebde3d5824359a06f0ab697948d52,2026-04-05T00:11:17.773908+00:00,1775347877773908000,165304412958375,1975,,,A,950,30,953.5,-7.0,5.779718167,1.1666919426013953
32580,A_research_2026-04-04_19-04-44_live_round,0bbebde3d5824359a06f0ab697948d52,2026-04-05T00:11:17.774006+00:00,1775347877774006000,165304413056375,1975,,,A,951,37,953.5,-7.0,5.779816167,1.1666919426013953
32586,A_research_2026-04-04_19-04-44_live_round,0bbebde3d5824359a06f0ab697948d52,2026-04-05T00:11:17.804408+00:00,1775347877804408000,165304443458458,1975,,,A,951,15,953.5,-5.0,5.81021825,1.1666919426013953
32587,A_research_2026-04-04_19-04-44_live_round,0bbebde3d5824359a06f0ab697948d52,2026-04-05T00:11:17.804502+00:00,1775347877804502000,165304443552750,1975,,,A,952,67,953.5,-5.0,5.810312542,1.1666919426013953
32593,A_research_2026-04-04_19-04-44_live_round,0bbebde3d5824359a06f0ab697948d52,2026-04-05T00:11:17.858691+00:00,1775347877858691000,165304497741541,1975,,,A,953,37,964.0,-22.0,5.864501333,1.1666919426013953
32598,A_research_2026-04-04_19-04-44_live_round,0bbebde3d5824359a06f0ab697948d52,2026-04-05T00:11:17.883352+00:00,1775347877883352000,165304522402625,1975,,,A,953,45,963.5,-21.0,5.889162417,1.1666919426013953
32599,A_research_2026-04-04_19-04-44_live_round,0bbebde3d5824359a06f0ab697948d52,2026-04-05T00:11:17.883449+00:00,1775347877883449000,165304522499208,1975,,,A,967,7,963.5,-21.0,5.889259,1.1666919426013953
32605,A_research_2026-04-04_19-04-44_live_round,0bbebde3d5824359a06f0ab697948d52,2026-04-05T00:11:17.917136+00:00,1775347877917136000,165304556186458,1975,,,A,967,30,970.0,-6.0,5.92294625,1.1666919426013953
32606,A_research_2026-04-04_19-04-44_live_round,0bbebde3d5824359a06f0ab697948d52,2026-04-05T00:11:17.917234+00:00,1775347877917234000,165304556284583,1975,,,A,968,37,970.0,-6.0,5.923044375,1.1666919426013953
32612,A_research_2026-04-04_19-04-44_live_round,0bbebde3d5824359a06f0ab697948d52,2026-04-05T00:11:17.959655+00:00,1775347877959655000,165304598706208,1975,,,A,968,15,970.0,-4.0,5.965466,1.1666919426013953
32613,A_research_2026-04-04_19-04-44_live_round,0bbebde3d5824359a06f0ab697948d52,2026-04-05T00:11:17.959758+00:00,1775347877959758000,165304598809041,1975,,,A,969,67,970.0,-4.0,5.965568833,1.1666919426013953
32620,A_research_2026-04-04_19-04-44_live_round,0bbebde3d5824359a06f0ab697948d52,2026-04-05T00:11:18.086298+00:00,1775347878086298000,165304725349458,1975,,,A,970,37,978.5,-17.0,6.09210925,1.1666919426013953
32625,A_research_2026-04-04_19-04-44_live_round,0bbebde3d5824359a06f0ab697948d52,2026-04-05T00:11:18.114025+00:00,1775347878114025000,165304753076125,1975,,,A,970,45,978.0,-16.0,6.119835917,1.1666919426013953
32626,A_research_2026-04-04_19-04-44_live_round,0bbebde3d5824359a06f0ab697948d52,2026-04-05T00:11:18.114126+00:00,1775347878114126000,165304753177041,1975,,,A,983,7,978.0,-16.0,6.119936833,1.1666919426013953
32632,A_research_2026-04-04_19-04-44_live_round,0bbebde3d5824359a06f0ab697948d52,2026-04-05T00:11:18.153620+00:00,1775347878153620000,165304792670916,1975,,,A,983,30,984.0,-2.0,6.159430708,1.1666919426013953
32633,A_research_2026-04-04_19-04-44_live_round,0bbebde3d5824359a06f0ab697948d52,2026-04-05T00:11:18.153720+00:00,1775347878153720000,165304792771916,1975,,,A,984,37,984.0,-2.0,6.159531708,1.1666919426013953
32639,A_research_2026-04-04_19-04-44_live_round,0bbebde3d5824359a06f0ab697948d52,2026-04-05T00:11:18.199724+00:00,1775347878199724000,165304838775083,1975,,,A,984,15,984.0,0.0,6.205534875,1.1666919426013953
32645,A_research_2026-04-04_19-04-44_live_round,0bbebde3d5824359a06f0ab697948d52,2026-04-05T00:11:18.270028+00:00,1775347878270028000,165304909079500,1975,,,A,986,37,991.5,-11.0,6.275839292,1.1666919426013953
32650,A_research_2026-04-04_19-04-44_live_round,0bbebde3d5824359a06f0ab697948d52,2026-04-05T00:11:18.307177+00:00,1775347878307177000,165304946228833,1975,,,A,986,45,991.0,-10.0,6.312988625,1.1666919426013953
32651,A_research_2026-04-04_19-04-44_live_round,0bbebde3d5824359a06f0ab697948d52,2026-04-05T00:11:18.310329+00:00,1775347878310329000,165304949380416,1975,,,A,995,7,991.0,-10.0,6.316140208,1.1666919426013953
32657,A_research_2026-04-04_19-04-44_live_round,0bbebde3d5824359a06f0ab697948d52,2026-04-05T00:11:18.356250+00:00,1775347878356250000,165304995301833,1975,,,A,995,30,995.0,0.0,6.362061625,1.1666919426013953
32666,A_research_2026-04-04_19-04-44_live_round,0bbebde3d5824359a06f0ab697948d52,2026-04-05T00:11:18.475532+00:00,1775347878475532000,165305114584458,1975,,,A,998,37,1003.0,-10.0,6.48134425,1.1666919426013953
32671,A_research_2026-04-04_19-04-44_live_round,0bbebde3d5824359a06f0ab697948d52,2026-04-05T00:11:18.518885+00:00,1775347878518885000,165305157936958,1975,,,A,998,45,1002.5,-9.0,6.52469675,1.1666919426013953
32672,A_research_2026-04-04_19-04-44_live_round,0bbebde3d5824359a06f0ab697948d52,2026-04-05T00:11:18.518985+00:00,1775347878518985000,165305158037000,1975,,,A,1005,7,1002.5,-9.0,6.524796792,1.1666919426013953
32678,A_research_2026-04-04_19-04-44_live_round,0bbebde3d5824359a06f0ab697948d52,2026-04-05T00:11:18.561701+00:00,1775347878561701000,165305200754041,1975,,,A,1005,30,1005.5,-1.0,6.567513833,1.1666919426013953
32679,A_research_2026-04-04_19-04-44_live_round,0bbebde3d5824359a06f0ab697948d52,2026-04-05T00:11:18.564935+00:00,1775347878564935000,165305203987458,1975,,,A,1006,37,1005.5,-1.0,6.57074725,1.1666919426013953
32691,A_research_2026-04-04_19-04-44_live_round,0bbebde3d5824359a06f0ab697948d52,2026-04-05T00:11:18.669707+00:00,1775347878669707000,165305308759750,1975,,,A,1008,37,1013.5,-11.0,6.675519542,1.1666919426013953
32696,A_research_2026-04-04_19-04-44_live_round,0bbebde3d5824359a06f0ab697948d52,2026-04-05T00:11:18.706800+00:00,1775347878706800000,165305345852375,1975,,,A,1008,45,1013.0,-10.0,6.712612167,1.1666919426013953
32697,A_research_2026-04-04_19-04-44_live_round,0bbebde3d5824359a06f0ab697948d52,2026-04-05T00:11:18.710000+00:00,1775347878710000000,165305349052375,1975,,,A,1016,7,1013.0,-10.0,6.715812167,1.1666919426013953
32703,A_research_2026-04-04_19-04-44_live_round,0bbebde3d5824359a06f0ab697948d52,2026-04-05T00:11:18.756315+00:00,1775347878756315000,165305395368083,1975,,,A,1016,30,1016.5,-1.0,6.762127875,1.1666919426013953
32704,A_research_2026-04-04_19-04-44_live_round,0bbebde3d5824359a06f0ab697948d52,2026-04-05T00:11:18.756413+00:00,1775347878756413000,165305395466041,1975,,,A,1017,37,1016.5,-1.0,6.762225833,1.1666919426013953
32715,A_research_2026-04-04_19-04-44_live_round,0bbebde3d5824359a06f0ab697948d52,2026-04-05T00:11:18.895280+00:00,1775347878895280000,165305534333333,1975,,,A,1019,37,1022.5,-7.0,6.901093125,1.1666919426013953
32720,A_research_2026-04-04_19-04-44_live_round,0bbebde3d5824359a06f0ab697948d52,2026-04-05T00:11:18.941174+00:00,1775347878941174000,165305580227083,1975,,,A,1019,45,1022.0,-6.0,6.946986875,1.1666919426013953
32733,A_research_2026-04-04_19-04-44_live_round,0bbebde3d5824359a06f0ab697948d52,2026-04-05T00:11:19.073592+00:00,1775347879073592000,165305712646083,1975,,,A,1030,37,1031.5,-3.0,7.079405875,1.1666919426013953
32739,A_research_2026-04-04_19-04-44_live_round,0bbebde3d5824359a06f0ab697948d52,2026-04-05T00:11:19.123051+00:00,1775347879123051000,165305762104791,1975,,,A,1030,45,1031.0,-2.0,7.128864583,1.1666919426013953
32754,A_research_2026-04-04_19-04-44_live_round,0bbebde3d5824359a06f0ab697948d52,2026-04-05T00:11:19.272549+00:00,1775347879272549000,165305911603708,1975,,,A,1037,37,1037.5,-1.0,7.2783635,1.1666919426013953
32759,A_research_2026-04-04_19-04-44_live_round,0bbebde3d5824359a06f0ab697948d52,2026-04-05T00:11:19.309337+00:00,1775347879309337000,165305948391083,1975,,,A,1037,45,1037.0,0.0,7.315150875,1.1666919426013953
32823,A_research_2026-04-04_19-04-44_live_round,0bbebde3d5824359a06f0ab697948d52,2026-04-05T00:11:20.187018+00:00,1775347880187018000,165306826074791,1975,,,A,1037,37,1034.0,-6.0,8.192834583,1.1666919426013953
32828,A_research_2026-04-04_19-04-44_live_round,0bbebde3d5824359a06f0ab697948d52,2026-04-05T00:11:20.217720+00:00,1775347880217720000,165306856777291,1975,,,A,1037,45,1034.5,-5.0,8.223537083,1.1666919426013953
32829,A_research_2026-04-04_19-04-44_live_round,0bbebde3d5824359a06f0ab697948d52,2026-04-05T00:11:20.217824+00:00,1775347880217824000,165306856880791,1975,,,A,1033,7,1034.5,-5.0,8.223640583,1.1666919426013953
32835,A_research_2026-04-04_19-04-44_live_round,0bbebde3d5824359a06f0ab697948d52,2026-04-05T00:11:20.251575+00:00,1775347880251575000,165306890631958,1975,,,A,1033,30,1033.0,0.0,8.25739175,1.1666919426013953
32848,A_research_2026-04-04_19-04-44_live_round,0bbebde3d5824359a06f0ab697948d52,2026-04-05T00:11:20.364683+00:00,1775347880364683000,165307003740625,1975,,,A,1030,37,1024.5,-11.0,8.370500417,1.1666919426013953
32853,A_research_2026-04-04_19-04-44_live_round,0bbebde3d5824359a06f0ab697948d52,2026-04-05T00:11:20.417079+00:00,1775347880417079000,165307056136083,1975,,,A,1030,45,1025.0,-10.0,8.422895875,1.1666919426013953
32854,A_research_2026-04-04_19-04-44_live_round,0bbebde3d5824359a06f0ab697948d52,2026-04-05T00:11:20.417180+00:00,1775347880417180000,165307056237041,1975,,,A,1023,7,1025.0,-10.0,8.422996833,1.1666919426013953
32860,A_research_2026-04-04_19-04-44_live_round,0bbebde3d5824359a06f0ab697948d52,2026-04-05T00:11:20.454306+00:00,1775347880454306000,165307093363958,1975,,,A,1023,30,1022.0,-2.0,8.46012375,1.1666919426013953
32861,A_research_2026-04-04_19-04-44_live_round,0bbebde3d5824359a06f0ab697948d52,2026-04-05T00:11:20.457418+00:00,1775347880457418000,165307096475666,1975,,,A,1022,37,1022.0,-2.0,8.463235458,1.1666919426013953
32867,A_research_2026-04-04_19-04-44_live_round,0bbebde3d5824359a06f0ab697948d52,2026-04-05T00:11:20.513193+00:00,1775347880513193000,165307152250916,1975,,,A,1022,15,1022.0,0.0,8.519010708,1.1666919426013953
32875,A_research_2026-04-04_19-04-44_live_round,0bbebde3d5824359a06f0ab697948d52,2026-04-05T00:11:20.577429+00:00,1775347880577429000,165307216486458,1975,,,A,1020,37,1012.0,-16.0,8.58324625,1.1666919426013953
32880,A_research_2026-04-04_19-04-44_live_round,0bbebde3d5824359a06f0ab697948d52,2026-04-05T00:11:20.602062+00:00,1775347880602062000,165307241120208,1975,,,A,1020,45,1012.5,-15.0,8.60788,1.1666919426013953
32881,A_research_2026-04-04_19-04-44_live_round,0bbebde3d5824359a06f0ab697948d52,2026-04-05T00:11:20.602163+00:00,1775347880602163000,165307241220791,1975,,,A,1011,7,1012.5,-15.0,8.607980583,1.1666919426013953
32887,A_research_2026-04-04_19-04-44_live_round,0bbebde3d5824359a06f0ab697948d52,2026-04-05T00:11:20.632648+00:00,1775347880632648000,165307271706291,1975,,,A,1011,30,1008.5,-5.0,8.638466083,1.1666919426013953
32888,A_research_2026-04-04_19-04-44_live_round,0bbebde3d5824359a06f0ab697948d52,2026-04-05T00:11:20.632749+00:00,1775347880632749000,165307271807083,1975,,,A,1010,37,1008.5,-5.0,8.638566875,1.1666919426013953
32894,A_research_2026-04-04_19-04-44_live_round,0bbebde3d5824359a06f0ab697948d52,2026-04-05T00:11:20.663414+00:00,1775347880663414000,165307302472625,1975,,,A,1010,15,1008.5,-3.0,8.669232417,1.1666919426013953
32895,A_research_2026-04-04_19-04-44_live_round,0bbebde3d5824359a06f0ab697948d52,2026-04-05T00:11:20.663517+00:00,1775347880663517000,165307302575208,1975,,,A,1009,67,1008.5,-3.0,8.669335,1.1666919426013953
32902,A_research_2026-04-04_19-04-44_live_round,0bbebde3d5824359a06f0ab697948d52,2026-04-05T00:11:20.706531+00:00,1775347880706531000,165307345589541,1975,,,A,1008,37,995.0,-26.0,8.712349333,1.1666919426013953
32907,A_research_2026-04-04_19-04-44_live_round,0bbebde3d5824359a06f0ab697948d52,2026-04-05T00:11:20.734087+00:00,1775347880734087000,165307373145375,1975,,,A,1008,45,995.5,-25.0,8.739905167,1.1666919426013953
32908,A_research_2026-04-04_19-04-44_live_round,0bbebde3d5824359a06f0ab697948d52,2026-04-05T00:11:20.734190+00:00,1775347880734190000,165307373248125,1975,,,A,996,7,995.5,-25.0,8.740007917,1.1666919426013953
32914,A_research_2026-04-04_19-04-44_live_round,0bbebde3d5824359a06f0ab697948d52,2026-04-05T00:11:20.764752+00:00,1775347880764752000,165307403810708,1975,,,A,996,30,990.0,-12.0,8.7705705,1.1666919426013953
32915,A_research_2026-04-04_19-04-44_live_round,0bbebde3d5824359a06f0ab697948d52,2026-04-05T00:11:20.764851+00:00,1775347880764851000,165307403909958,1975,,,A,995,37,990.0,-12.0,8.77066975,1.1666919426013953
32921,A_research_2026-04-04_19-04-44_live_round,0bbebde3d5824359a06f0ab697948d52,2026-04-05T00:11:20.795524+00:00,1775347880795524000,165307434582416,1975,,,A,995,15,990.0,-10.0,8.801342208,1.1666919426013953
32922,A_research_2026-04-04_19-04-44_live_round,0bbebde3d5824359a06f0ab697948d52,2026-04-05T00:11:20.795623+00:00,1775347880795623000,165307434681958,1975,,,A,994,67,990.0,-10.0,8.80144175,1.1666919426013953
32929,A_research_2026-04-04_19-04-44_live_round,0bbebde3d5824359a06f0ab697948d52,2026-04-05T00:11:20.904342+00:00,1775347880904342000,165307543400708,1975,,,A,993,37,976.0,-34.0,8.9101605,1.1666919426013953
32934,A_research_2026-04-04_19-04-44_live_round,0bbebde3d5824359a06f0ab697948d52,2026-04-05T00:11:20.947231+00:00,1775347880947231000,165307586289500,1975,,,A,993,45,976.5,-33.0,8.953049292,1.1666919426013953
32935,A_research_2026-04-04_19-04-44_live_round,0bbebde3d5824359a06f0ab697948d52,2026-04-05T00:11:20.950351+00:00,1775347880950351000,165307589410333,1975,,,A,974,7,976.5,-33.0,8.956170125,1.1666919426013953
32941,A_research_2026-04-04_19-04-44_live_round,0bbebde3d5824359a06f0ab697948d52,2026-04-05T00:11:20.996353+00:00,1775347880996353000,165307635412375,1975,,,A,974,30,967.5,-13.0,9.002172167,1.1666919426013953
32942,A_research_2026-04-04_19-04-44_live_round,0bbebde3d5824359a06f0ab697948d52,2026-04-05T00:11:20.996452+00:00,1775347880996452000,165307635511458,1975,,,A,973,37,967.5,-13.0,9.00227125,1.1666919426013953
32948,A_research_2026-04-04_19-04-44_live_round,0bbebde3d5824359a06f0ab697948d52,2026-04-05T00:11:21.039128+00:00,1775347881039128000,165307678186833,1975,,,A,973,15,967.5,-11.0,9.044946625,1.1666919426013953
32949,A_research_2026-04-04_19-04-44_live_round,0bbebde3d5824359a06f0ab697948d52,2026-04-05T00:11:21.039225+00:00,1775347881039225000,165307678284625,1975,,,A,972,67,967.5,-11.0,9.045044417,1.1666919426013953
32955,A_research_2026-04-04_19-04-44_live_round,0bbebde3d5824359a06f0ab697948d52,2026-04-05T00:11:21.094684+00:00,1775347881094684000,165307733743291,1975,,,A,971,37,965.0,-12.0,9.100503083,1.1666919426013953
32960,A_research_2026-04-04_19-04-44_live_round,0bbebde3d5824359a06f0ab697948d52,2026-04-05T00:11:21.134566+00:00,1775347881134566000,165307773625541,1975,,,A,971,45,965.5,-11.0,9.140385333,1.1666919426013953
33601,A_research_2026-04-04_19-04-44_live_round,0bbebde3d5824359a06f0ab697948d52,2026-04-05T00:11:29.073781+00:00,1775347889073781000,165315712861625,1975,,,A,958,37,957.5,-1.0,17.079621417,1.1666919426013953
33602,A_research_2026-04-04_19-04-44_live_round,0bbebde3d5824359a06f0ab697948d52,2026-04-05T00:11:29.073896+00:00,1775347889073896000,165315712977166,1975,,,A,957,52,957.5,-1.0,17.079736958,1.1666919426013953
34416,A_research_2026-04-04_19-04-44_live_round,0bbebde3d5824359a06f0ab697948d52,2026-04-05T00:11:39.122023+00:00,1775347899122023000,165325761131083,1975,,,A,960,37,959.0,-2.0,27.127890875,1.1666919426013953
34417,A_research_2026-04-04_19-04-44_live_round,0bbebde3d5824359a06f0ab697948d52,2026-04-05T00:11:39.122133+00:00,1775347899122133000,165325761240666,1975,,,A,959,52,959.0,-2.0,27.128000458,1.1666919426013953
34418,A_research_2026-04-04_19-04-44_live_round,0bbebde3d5824359a06f0ab697948d52,2026-04-05T00:11:39.122234+00:00,1775347899122234000,165325761341708,1975,,,A,958,67,959.0,-2.0,27.1281015,1.1666919426013953
34665,A_research_2026-04-04_19-04-44_live_round,0bbebde3d5824359a06f0ab697948d52,2026-04-05T00:11:42.147303+00:00,1775347902147303000,165328786418083,2100,,,A,960,37,960.0,0.0,0.012648,0.8734297058959161
34686,A_research_2026-04-04_19-04-44_live_round,0bbebde3d5824359a06f0ab697948d52,2026-04-05T00:11:42.565391+00:00,1775347902565391000,165329204508541,2100,,,A,962,37,961.5,-1.0,0.430738458,0.8734297058959161
34705,A_research_2026-04-04_19-04-44_live_round,0bbebde3d5824359a06f0ab697948d52,2026-04-05T00:11:42.754550+00:00,1775347902754550000,165329393668041,2100,,,A,959,37,956.5,-5.0,0.619897958,0.8734297058959161
34710,A_research_2026-04-04_19-04-44_live_round,0bbebde3d5824359a06f0ab697948d52,2026-04-05T00:11:42.785481+00:00,1775347902785481000,165329424599166,2100,,,A,959,45,957.0,-4.0,0.650829083,0.8734297058959161
34725,A_research_2026-04-04_19-04-44_live_round,0bbebde3d5824359a06f0ab697948d52,2026-04-05T00:11:42.920891+00:00,1775347902920891000,165329560009458,2100,,,A,950,37,950.0,0.0,0.786239375,0.8734297058959161
34743,A_research_2026-04-04_19-04-44_live_round,0bbebde3d5824359a06f0ab697948d52,2026-04-05T00:11:43.068911+00:00,1775347903068911000,165329708029791,2100,,,A,943,37,943.0,0.0,0.934259708,0.8734297058959161
34761,A_research_2026-04-04_19-04-44_live_round,0bbebde3d5824359a06f0ab697948d52,2026-04-05T00:11:43.212553+00:00,1775347903212553000,165329851671791,2100,,,A,939,37,937.0,-4.0,1.077901708,0.8734297058959161
34766,A_research_2026-04-04_19-04-44_live_round,0bbebde3d5824359a06f0ab697948d52,2026-04-05T00:11:43.252641+00:00,1775347903252641000,165329891759750,2100,,,A,939,45,937.5,-3.0,1.117989667,0.8734297058959161
34781,A_research_2026-04-04_19-04-44_live_round,0bbebde3d5824359a06f0ab697948d52,2026-04-05T00:11:43.426086+00:00,1775347903426086000,165330065205000,2100,,,A,932,37,929.5,-5.0,1.291434917,0.8734297058959161
34786,A_research_2026-04-04_19-04-44_live_round,0bbebde3d5824359a06f0ab697948d52,2026-04-05T00:11:43.466278+00:00,1775347903466278000,165330105397625,2100,,,A,932,45,930.0,-4.0,1.331627542,0.8734297058959161
34801,A_research_2026-04-04_19-04-44_live_round,0bbebde3d5824359a06f0ab697948d52,2026-04-05T00:11:43.626893+00:00,1775347903626893000,165330266013083,2100,,,A,924,37,921.0,-6.0,1.492243,0.8734297058959161
34806,A_research_2026-04-04_19-04-44_live_round,0bbebde3d5824359a06f0ab697948d52,2026-04-05T00:11:43.668735+00:00,1775347903668735000,165330307855000,2100,,,A,924,45,921.5,-5.0,1.534084917,0.8734297058959161
34807,A_research_2026-04-04_19-04-44_live_round,0bbebde3d5824359a06f0ab697948d52,2026-04-05T00:11:43.668840+00:00,1775347903668840000,165330307960750,2100,,,A,919,7,921.5,-5.0,1.534190667,0.8734297058959161
34824,A_research_2026-04-04_19-04-44_live_round,0bbebde3d5824359a06f0ab697948d52,2026-04-05T00:11:43.808111+00:00,1775347903808111000,165330447231916,2100,,,A,916,37,914.0,-4.0,1.673461833,0.8734297058959161
34829,A_research_2026-04-04_19-04-44_live_round,0bbebde3d5824359a06f0ab697948d52,2026-04-05T00:11:43.835819+00:00,1775347903835819000,165330474940083,2100,,,A,916,45,914.5,-3.0,1.70117,0.8734297058959161
34843,A_research_2026-04-04_19-04-44_live_round,0bbebde3d5824359a06f0ab697948d52,2026-04-05T00:11:44.089521+00:00,1775347904089521000,165330728641875,2100,,,A,907,37,906.5,-1.0,1.954871792,0.8734297058959161
34848,A_research_2026-04-04_19-04-44_live_round,0bbebde3d5824359a06f0ab697948d52,2026-04-05T00:11:44.135954+00:00,1775347904135954000,165330775075125,2100,,,A,907,45,907.0,0.0,2.001305042,0.8734297058959161
34863,A_research_2026-04-04_19-04-44_live_round,0bbebde3d5824359a06f0ab697948d52,2026-04-05T00:11:44.272884+00:00,1775347904272884000,165330912006208,2100,,,A,901,37,899.5,-3.0,2.138236125,0.8734297058959161
34868,A_research_2026-04-04_19-04-44_live_round,0bbebde3d5824359a06f0ab697948d52,2026-04-05T00:11:44.303682+00:00,1775347904303682000,165330942804250,2100,,,A,901,45,900.0,-2.0,2.169034167,0.8734297058959161
34883,A_research_2026-04-04_19-04-44_live_round,0bbebde3d5824359a06f0ab697948d52,2026-04-05T00:11:44.413106+00:00,1775347904413106000,165331052228375,2100,,,A,895,37,893.5,-3.0,2.278458292,0.8734297058959161
34888,A_research_2026-04-04_19-04-44_live_round,0bbebde3d5824359a06f0ab697948d52,2026-04-05T00:11:44.446758+00:00,1775347904446758000,165331085880250,2100,,,A,895,45,894.0,-2.0,2.312110167,0.8734297058959161
34903,A_research_2026-04-04_19-04-44_live_round,0bbebde3d5824359a06f0ab697948d52,2026-04-05T00:11:44.636390+00:00,1775347904636390000,165331275513125,2100,,,A,887,37,887.0,0.0,2.501743042,0.8734297058959161
34922,A_research_2026-04-04_19-04-44_live_round,0bbebde3d5824359a06f0ab697948d52,2026-04-05T00:11:44.810013+00:00,1775347904810013000,165331449136541,2100,,,A,881,37,880.0,-2.0,2.675366458,0.8734297058959161
34927,A_research_2026-04-04_19-04-44_live_round,0bbebde3d5824359a06f0ab697948d52,2026-04-05T00:11:44.834244+00:00,1775347904834244000,165331473366916,2100,,,A,881,45,880.5,-1.0,2.699596833,0.8734297058959161
34942,A_research_2026-04-04_19-04-44_live_round,0bbebde3d5824359a06f0ab697948d52,2026-04-05T00:11:45.186402+00:00,1775347905186402000,165331825526583,2100,,,A,876,37,873.0,-6.0,3.0517565,0.8734297058959161
34947,A_research_2026-04-04_19-04-44_live_round,0bbebde3d5824359a06f0ab697948d52,2026-04-05T00:11:45.238854+00:00,1775347905238854000,165331877978333,2100,,,A,876,45,873.5,-5.0,3.10420825,0.8734297058959161
34948,A_research_2026-04-04_19-04-44_live_round,0bbebde3d5824359a06f0ab697948d52,2026-04-05T00:11:45.238961+00:00,1775347905238961000,165331878085375,2100,,,A,871,7,873.5,-5.0,3.104315292,0.8734297058959161
34964,A_research_2026-04-04_19-04-44_live_round,0bbebde3d5824359a06f0ab697948d52,2026-04-05T00:11:45.373789+00:00,1775347905373789000,165332012913333,2100,,,A,868,37,865.5,-5.0,3.23914325,0.8734297058959161
34969,A_research_2026-04-04_19-04-44_live_round,0bbebde3d5824359a06f0ab697948d52,2026-04-05T00:11:45.404626+00:00,1775347905404626000,165332043751208,2100,,,A,868,45,866.0,-4.0,3.269981125,0.8734297058959161
34983,A_research_2026-04-04_19-04-44_live_round,0bbebde3d5824359a06f0ab697948d52,2026-04-05T00:11:45.533581+00:00,1775347905533581000,165332172705750,2100,,,A,859,37,857.5,-3.0,3.398935667,0.8734297058959161
34988,A_research_2026-04-04_19-04-44_live_round,0bbebde3d5824359a06f0ab697948d52,2026-04-05T00:11:45.558015+00:00,1775347905558015000,165332197140416,2100,,,A,859,45,858.0,-2.0,3.423370333,0.8734297058959161
35003,A_research_2026-04-04_19-04-44_live_round,0bbebde3d5824359a06f0ab697948d52,2026-04-05T00:11:45.684007+00:00,1775347905684007000,165332323132375,2100,,,A,852,37,852.0,0.0,3.549362292,0.8734297058959161
35037,A_research_2026-04-04_19-04-44_live_round,0bbebde3d5824359a06f0ab697948d52,2026-04-05T00:11:46.031387+00:00,1775347906031387000,165332670513541,2100,,,A,841,37,839.5,-3.0,3.896743458,0.8734297058959161
35042,A_research_2026-04-04_19-04-44_live_round,0bbebde3d5824359a06f0ab697948d52,2026-04-05T00:11:46.068197+00:00,1775347906068197000,165332707323500,2100,,,A,841,45,840.0,-2.0,3.933553417,0.8734297058959161
35060,A_research_2026-04-04_19-04-44_live_round,0bbebde3d5824359a06f0ab697948d52,2026-04-05T00:11:46.233805+00:00,1775347906233805000,165332872932458,2100,,,A,835,37,834.0,-2.0,4.099162375,0.8734297058959161
35065,A_research_2026-04-04_19-04-44_live_round,0bbebde3d5824359a06f0ab697948d52,2026-04-05T00:11:46.274022+00:00,1775347906274022000,165332913149583,2100,,,A,835,45,834.5,-1.0,4.1393795,0.8734297058959161
35080,A_research_2026-04-04_19-04-44_live_round,0bbebde3d5824359a06f0ab697948d52,2026-04-05T00:11:46.421861+00:00,1775347906421861000,165333060988750,2100,,,A,827,37,827.0,0.0,4.287218667,0.8734297058959161
35098,A_research_2026-04-04_19-04-44_live_round,0bbebde3d5824359a06f0ab697948d52,2026-04-05T00:11:46.730543+00:00,1775347906730543000,165333369671708,2100,,,A,822,37,820.0,-4.0,4.595901625,0.8734297058959161
35104,A_research_2026-04-04_19-04-44_live_round,0bbebde3d5824359a06f0ab697948d52,2026-04-05T00:11:46.767400+00:00,1775347906767400000,165333406528291,2100,,,A,822,45,820.5,-3.0,4.632758208,0.8734297058959161
35105,A_research_2026-04-04_19-04-44_live_round,0bbebde3d5824359a06f0ab697948d52,2026-04-05T00:11:46.767509+00:00,1775347906767509000,165333406638000,2100,,,A,819,7,820.5,-3.0,4.632867917,0.8734297058959161
35121,A_research_2026-04-04_19-04-44_live_round,0bbebde3d5824359a06f0ab697948d52,2026-04-05T00:11:46.902574+00:00,1775347906902574000,165333541703083,2100,,,A,816,37,814.0,-4.0,4.767933,0.8734297058959161
35126,A_research_2026-04-04_19-04-44_live_round,0bbebde3d5824359a06f0ab697948d52,2026-04-05T00:11:46.939618+00:00,1775347906939618000,165333578746875,2100,,,A,816,45,814.5,-3.0,4.804976792,0.8734297058959161
35140,A_research_2026-04-04_19-04-44_live_round,0bbebde3d5824359a06f0ab697948d52,2026-04-05T00:11:47.034402+00:00,1775347907034402000,165333673531291,2100,,,A,807,37,806.0,-2.0,4.899761208,0.8734297058959161
35145,A_research_2026-04-04_19-04-44_live_round,0bbebde3d5824359a06f0ab697948d52,2026-04-05T00:11:47.068406+00:00,1775347907068406000,165333707535083,2100,,,A,807,45,806.5,-1.0,4.933765,0.8734297058959161
35160,A_research_2026-04-04_19-04-44_live_round,0bbebde3d5824359a06f0ab697948d52,2026-04-05T00:11:47.250423+00:00,1775347907250423000,165333889552666,2100,,,A,801,37,800.0,-2.0,5.115782583,0.8734297058959161
35165,A_research_2026-04-04_19-04-44_live_round,0bbebde3d5824359a06f0ab697948d52,2026-04-05T00:11:47.293709+00:00,1775347907293709000,165333932838875,2100,,,A,801,45,800.5,-1.0,5.159068792,0.8734297058959161
35180,A_research_2026-04-04_19-04-44_live_round,0bbebde3d5824359a06f0ab697948d52,2026-04-05T00:11:47.422979+00:00,1775347907422979000,165334062109041,2100,,,A,794,37,793.5,-1.0,5.288338958,0.8734297058959161
35185,A_research_2026-04-04_19-04-44_live_round,0bbebde3d5824359a06f0ab697948d52,2026-04-05T00:11:47.447585+00:00,1775347907447585000,165334086715125,2100,,,A,794,45,794.0,0.0,5.312945042,0.8734297058959161
35200,A_research_2026-04-04_19-04-44_live_round,0bbebde3d5824359a06f0ab697948d52,2026-04-05T00:11:47.648898+00:00,1775347907648898000,165334288028791,2100,,,A,788,37,787.0,-2.0,5.514258708,0.8734297058959161
35205,A_research_2026-04-04_19-04-44_live_round,0bbebde3d5824359a06f0ab697948d52,2026-04-05T00:11:47.688888+00:00,1775347907688888000,165334328019041,2100,,,A,788,45,787.5,-1.0,5.554248958,0.8734297058959161
35221,A_research_2026-04-04_19-04-44_live_round,0bbebde3d5824359a06f0ab697948d52,2026-04-05T00:11:47.840834+00:00,1775347907840834000,165334479965916,2100,,,A,782,37,781.0,-2.0,5.706195833,0.8734297058959161
35226,A_research_2026-04-04_19-04-44_live_round,0bbebde3d5824359a06f0ab697948d52,2026-04-05T00:11:47.877796+00:00,1775347907877796000,165334516927291,2100,,,A,782,45,781.5,-1.0,5.743157208,0.8734297058959161
35241,A_research_2026-04-04_19-04-44_live_round,0bbebde3d5824359a06f0ab697948d52,2026-04-05T00:11:48.041446+00:00,1775347908041446000,165334680577583,2100,,,A,775,37,775.0,0.0,5.9068075,0.8734297058959161
35276,A_research_2026-04-04_19-04-44_live_round,0bbebde3d5824359a06f0ab697948d52,2026-04-05T00:11:48.477524+00:00,1775347908477524000,165335116656666,2100,,,A,764,37,764.0,0.0,6.342886583,0.8734297058959161
35295,A_research_2026-04-04_19-04-44_live_round,0bbebde3d5824359a06f0ab697948d52,2026-04-05T00:11:48.637901+00:00,1775347908637901000,165335277034833,2100,,,A,760,37,757.0,-6.0,6.50326475,0.8734297058959161
35300,A_research_2026-04-04_19-04-44_live_round,0bbebde3d5824359a06f0ab697948d52,2026-04-05T00:11:48.675475+00:00,1775347908675475000,165335314608833,2100,,,A,760,45,757.5,-5.0,6.54083875,0.8734297058959161
35301,A_research_2026-04-04_19-04-44_live_round,0bbebde3d5824359a06f0ab697948d52,2026-04-05T00:11:48.675581+00:00,1775347908675581000,165335314714416,2100,,,A,756,7,757.5,-5.0,6.540944333,0.8734297058959161
35307,A_research_2026-04-04_19-04-44_live_round,0bbebde3d5824359a06f0ab697948d52,2026-04-05T00:11:48.721415+00:00,1775347908721415000,165335360549333,2100,,,A,756,30,756.0,0.0,6.58677925,0.8734297058959161
35320,A_research_2026-04-04_19-04-44_live_round,0bbebde3d5824359a06f0ab697948d52,2026-04-05T00:11:48.847275+00:00,1775347908847275000,165335486408750,2100,,,A,753,37,748.0,-10.0,6.712638667,0.8734297058959161
35325,A_research_2026-04-04_19-04-44_live_round,0bbebde3d5824359a06f0ab697948d52,2026-04-05T00:11:48.887768+00:00,1775347908887768000,165335526901875,2100,,,A,753,45,748.5,-9.0,6.753131792,0.8734297058959161
35326,A_research_2026-04-04_19-04-44_live_round,0bbebde3d5824359a06f0ab697948d52,2026-04-05T00:11:48.887873+00:00,1775347908887873000,165335527007541,2100,,,A,746,7,748.5,-9.0,6.753237458,0.8734297058959161
35332,A_research_2026-04-04_19-04-44_live_round,0bbebde3d5824359a06f0ab697948d52,2026-04-05T00:11:48.931151+00:00,1775347908931151000,165335570285125,2100,,,A,746,30,745.5,-1.0,6.796515042,0.8734297058959161
35333,A_research_2026-04-04_19-04-44_live_round,0bbebde3d5824359a06f0ab697948d52,2026-04-05T00:11:48.931257+00:00,1775347908931257000,165335570391666,2100,,,A,745,37,745.5,-1.0,6.796621583,0.8734297058959161
35345,A_research_2026-04-04_19-04-44_live_round,0bbebde3d5824359a06f0ab697948d52,2026-04-05T00:11:49.033303+00:00,1775347909033303000,165335672437416,2100,,,A,743,37,739.0,-8.0,6.898667333,0.8734297058959161
35350,A_research_2026-04-04_19-04-44_live_round,0bbebde3d5824359a06f0ab697948d52,2026-04-05T00:11:49.060904+00:00,1775347909060904000,165335700038500,2100,,,A,743,45,739.5,-7.0,6.926268417,0.8734297058959161
35363,A_research_2026-04-04_19-04-44_live_round,0bbebde3d5824359a06f0ab697948d52,2026-04-05T00:11:49.371577+00:00,1775347909371577000,165336010712875,2100,,,A,732,37,729.0,-6.0,7.236942792,0.8734297058959161
35368,A_research_2026-04-04_19-04-44_live_round,0bbebde3d5824359a06f0ab697948d52,2026-04-05T00:11:49.420914+00:00,1775347909420914000,165336060049750,2100,,,A,732,45,729.5,-5.0,7.286279667,0.8734297058959161
35369,A_research_2026-04-04_19-04-44_live_round,0bbebde3d5824359a06f0ab697948d52,2026-04-05T00:11:49.421020+00:00,1775347909421020000,165336060155750,2100,,,A,727,7,729.5,-5.0,7.286385667,0.8734297058959161
35385,A_research_2026-04-04_19-04-44_live_round,0bbebde3d5824359a06f0ab697948d52,2026-04-05T00:11:49.565883+00:00,1775347909565883000,165336205018958,2100,,,A,724,37,721.0,-6.0,7.431248875,0.8734297058959161
35390,A_research_2026-04-04_19-04-44_live_round,0bbebde3d5824359a06f0ab697948d52,2026-04-05T00:11:49.590251+00:00,1775347909590251000,165336229387375,2100,,,A,724,45,721.5,-5.0,7.455617292,0.8734297058959161
35404,A_research_2026-04-04_19-04-44_live_round,0bbebde3d5824359a06f0ab697948d52,2026-04-05T00:11:49.700634+00:00,1775347909700634000,165336339770833,2100,,,A,715,37,713.0,-4.0,7.56600075,0.8734297058959161
35409,A_research_2026-04-04_19-04-44_live_round,0bbebde3d5824359a06f0ab697948d52,2026-04-05T00:11:49.750071+00:00,1775347909750071000,165336389207291,2100,,,A,715,45,713.5,-3.0,7.615437208,0.8734297058959161
35425,A_research_2026-04-04_19-04-44_live_round,0bbebde3d5824359a06f0ab697948d52,2026-04-05T00:11:49.904593+00:00,1775347909904593000,165336543729750,2100,,,A,707,37,704.5,-5.0,7.769959667,0.8734297058959161
35430,A_research_2026-04-04_19-04-44_live_round,0bbebde3d5824359a06f0ab697948d52,2026-04-05T00:11:49.935080+00:00,1775347909935080000,165336574217333,2100,,,A,707,45,705.0,-4.0,7.80044725,0.8734297058959161
35431,A_research_2026-04-04_19-04-44_live_round,0bbebde3d5824359a06f0ab697948d52,2026-04-05T00:11:49.935186+00:00,1775347909935186000,165336574323208,2100,,,A,703,7,705.0,-4.0,7.800553125,0.8734297058959161
35447,A_research_2026-04-04_19-04-44_live_round,0bbebde3d5824359a06f0ab697948d52,2026-04-05T00:11:50.038253+00:00,1775347910038253000,165336677390625,2100,,,A,700,37,697.5,-5.0,7.903620542,0.8734297058959161
35452,A_research_2026-04-04_19-04-44_live_round,0bbebde3d5824359a06f0ab697948d52,2026-04-05T00:11:50.062733+00:00,1775347910062733000,165336701870708,2100,,,A,700,45,698.0,-4.0,7.928100625,0.8734297058959161
35466,A_research_2026-04-04_19-04-44_live_round,0bbebde3d5824359a06f0ab697948d52,2026-04-05T00:11:50.262732+00:00,1775347910262732000,165336901869750,2100,,,A,691,37,690.5,-1.0,8.128099667,0.8734297058959161
35471,A_research_2026-04-04_19-04-44_live_round,0bbebde3d5824359a06f0ab697948d52,2026-04-05T00:11:50.305797+00:00,1775347910305797000,165336944934958,2100,,,A,691,45,691.0,0.0,8.171164875,0.8734297058959161
35486,A_research_2026-04-04_19-04-44_live_round,0bbebde3d5824359a06f0ab697948d52,2026-04-05T00:11:50.453241+00:00,1775347910453241000,165337092379500,2100,,,A,684,37,684.0,0.0,8.318609417,0.8734297058959161
35520,A_research_2026-04-04_19-04-44_live_round,0bbebde3d5824359a06f0ab697948d52,2026-04-05T00:11:50.881379+00:00,1775347910881379000,165337520518500,2100,,,A,673,37,673.0,0.0,8.746748417,0.8734297058959161
35538,A_research_2026-04-04_19-04-44_live_round,0bbebde3d5824359a06f0ab697948d52,2026-04-05T00:11:51.058929+00:00,1775347911058929000,165337698069625,2100,,,A,670,37,667.5,-5.0,8.924299542,0.8734297058959161
35543,A_research_2026-04-04_19-04-44_live_round,0bbebde3d5824359a06f0ab697948d52,2026-04-05T00:11:51.095736+00:00,1775347911095736000,165337734876208,2100,,,A,670,45,668.0,-4.0,8.961106125,0.8734297058959161
36042,A_research_2026-04-04_19-04-44_live_round,0bbebde3d5824359a06f0ab697948d52,2026-04-05T00:11:57.383021+00:00,1775347917383021000,165344022177708,2175,,,A,668,37,668.0,0.0,15.248407625,0.8734297058959161
36289,A_research_2026-04-04_19-04-44_live_round,0bbebde3d5824359a06f0ab697948d52,2026-04-05T00:12:00.318823+00:00,1775347920318823000,165346957987791,2175,,,A,659,37,658.5,-1.0,18.184217708,0.8734297058959161
36290,A_research_2026-04-04_19-04-44_live_round,0bbebde3d5824359a06f0ab697948d52,2026-04-05T00:12:00.318933+00:00,1775347920318933000,165346958098208,2175,,,A,658,52,658.5,-1.0,18.184328125,0.8734297058959161
36291,A_research_2026-04-04_19-04-44_live_round,0bbebde3d5824359a06f0ab697948d52,2026-04-05T00:12:00.319033+00:00,1775347920319033000,165346958198625,2175,,,A,658,78,658.5,-1.0,18.184428542,0.8734297058959161
37606,A_research_2026-04-04_19-04-44_live_round,0bbebde3d5824359a06f0ab697948d52,2026-04-05T00:12:16.547380+00:00,1775347936547380000,165363186589250,2175,,,A,673,37,673.0,0.0,34.412819167,0.8734297058959161
37772,A_research_2026-04-04_19-04-44_live_round,0bbebde3d5824359a06f0ab697948d52,2026-04-05T00:12:18.553313+00:00,1775347938553313000,165365192527666,2175,,,A,682,37,682.5,-1.0,36.418757583,0.8734297058959161
37773,A_research_2026-04-04_19-04-44_live_round,0bbebde3d5824359a06f0ab697948d52,2026-04-05T00:12:18.553427+00:00,1775347938553427000,165365192641250,2175,,,A,683,52,682.5,-1.0,36.418871167,0.8734297058959161
37841,A_research_2026-04-04_19-04-44_live_round,0bbebde3d5824359a06f0ab697948d52,2026-04-05T00:12:19.349033+00:00,1775347939349033000,165365988249375,2175,,,A,683,37,685.0,-4.0,37.214479292,0.8734297058959161
37842,A_research_2026-04-04_19-04-44_live_round,0bbebde3d5824359a06f0ab697948d52,2026-04-05T00:12:19.349148+00:00,1775347939349148000,165365988363916,2175,,,A,684,52,685.0,-4.0,37.214593833,0.8734297058959161
37843,A_research_2026-04-04_19-04-44_live_round,0bbebde3d5824359a06f0ab697948d52,2026-04-05T00:12:19.349257+00:00,1775347939349257000,165365988473791,2175,,,A,685,78,685.0,-4.0,37.214703708,0.8734297058959161
39548,A_research_2026-04-04_19-04-44_live_round,0bbebde3d5824359a06f0ab697948d52,2026-04-05T00:12:40.463394+00:00,1775347960463394000,165387102667833,2350,,,A,669,37,668.0,-2.0,58.32889775,0.8734297058959161
39549,A_research_2026-04-04_19-04-44_live_round,0bbebde3d5824359a06f0ab697948d52,2026-04-05T00:12:40.463513+00:00,1775347960463513000,165387102786916,2350,,,A,668,52,668.0,-2.0,58.329016833,0.8734297058959161
39550,A_research_2026-04-04_19-04-44_live_round,0bbebde3d5824359a06f0ab697948d52,2026-04-05T00:12:40.463615+00:00,1775347960463615000,165387102888083,2350,,,A,667,67,668.0,-2.0,58.329118,0.8734297058959161
39551,A_research_2026-04-04_19-04-44_live_round,0bbebde3d5824359a06f0ab697948d52,2026-04-05T00:12:40.463715+00:00,1775347960463715000,165387102988125,2350,,,A,667,11,668.0,-2.0,58.329218042,0.8734297058959161
39894,A_research_2026-04-04_19-04-44_live_round,0bbebde3d5824359a06f0ab697948d52,2026-04-05T00:12:44.747597+00:00,1775347964747597000,165391386881500,2400,,,A,658,37,658.0,0.0,2.2756965,0.9870603082357104
39993,A_research_2026-04-04_19-04-44_live_round,0bbebde3d5824359a06f0ab697948d52,2026-04-05T00:12:45.962590+00:00,1775347965962590000,165392601878416,2400,,,A,666,37,668.0,-4.0,3.490693416,0.9870603082357104
39998,A_research_2026-04-04_19-04-44_live_round,0bbebde3d5824359a06f0ab697948d52,2026-04-05T00:12:46.021484+00:00,1775347966021484000,165392660772458,2400,,,A,667,52,668.0,-2.0,3.549587458,0.9870603082357104
40004,A_research_2026-04-04_19-04-44_live_round,0bbebde3d5824359a06f0ab697948d52,2026-04-05T00:12:46.051868+00:00,1775347966051868000,165392691156333,2400,,,A,668,67,668.0,0.0,3.579971333,0.9870603082357104
40017,A_research_2026-04-04_19-04-44_live_round,0bbebde3d5824359a06f0ab697948d52,2026-04-05T00:12:46.145355+00:00,1775347966145355000,165392784643916,2400,,,A,669,37,680.5,-23.0,3.673458916,0.9870603082357104
40022,A_research_2026-04-04_19-04-44_live_round,0bbebde3d5824359a06f0ab697948d52,2026-04-05T00:12:46.170021+00:00,1775347966170021000,165392809309333,2400,,,A,669,45,680.0,-22.0,3.698124333,0.9870603082357104
40023,A_research_2026-04-04_19-04-44_live_round,0bbebde3d5824359a06f0ab697948d52,2026-04-05T00:12:46.170125+00:00,1775347966170125000,165392809413375,2400,,,A,678,7,680.0,-22.0,3.698228375,0.9870603082357104
40029,A_research_2026-04-04_19-04-44_live_round,0bbebde3d5824359a06f0ab697948d52,2026-04-05T00:12:46.203965+00:00,1775347966203965000,165392843254291,2400,,,A,678,30,684.0,-12.0,3.732069291,0.9870603082357104
40030,A_research_2026-04-04_19-04-44_live_round,0bbebde3d5824359a06f0ab697948d52,2026-04-05T00:12:46.204072+00:00,1775347966204072000,165392843360666,2400,,,A,679,37,684.0,-12.0,3.732175666,0.9870603082357104
40036,A_research_2026-04-04_19-04-44_live_round,0bbebde3d5824359a06f0ab697948d52,2026-04-05T00:12:46.234843+00:00,1775347966234843000,165392874132291,2400,,,A,679,15,684.0,-10.0,3.762947291,0.9870603082357104
40037,A_research_2026-04-04_19-04-44_live_round,0bbebde3d5824359a06f0ab697948d52,2026-04-05T00:12:46.234948+00:00,1775347966234948000,165392874236916,2400,,,A,680,67,684.0,-10.0,3.763051916,0.9870603082357104
40044,A_research_2026-04-04_19-04-44_live_round,0bbebde3d5824359a06f0ab697948d52,2026-04-05T00:12:46.363011+00:00,1775347966363011000,165393002299875,2400,,,A,681,37,695.5,-29.0,3.891114875,0.9870603082357104
40049,A_research_2026-04-04_19-04-44_live_round,0bbebde3d5824359a06f0ab697948d52,2026-04-05T00:12:46.406696+00:00,1775347966406696000,165393045985791,2400,,,A,681,45,695.0,-28.0,3.934800791,0.9870603082357104
40050,A_research_2026-04-04_19-04-44_live_round,0bbebde3d5824359a06f0ab697948d52,2026-04-05T00:12:46.406799+00:00,1775347966406799000,165393046088958,2400,,,A,700,7,695.0,-28.0,3.934903958,0.9870603082357104
40056,A_research_2026-04-04_19-04-44_live_round,0bbebde3d5824359a06f0ab697948d52,2026-04-05T00:12:46.450144+00:00,1775347966450144000,165393089433375,2400,,,A,700,30,704.0,-8.0,3.978248375,0.9870603082357104
40057,A_research_2026-04-04_19-04-44_live_round,0bbebde3d5824359a06f0ab697948d52,2026-04-05T00:12:46.453433+00:00,1775347966453433000,165393092722208,2400,,,A,701,37,704.0,-8.0,3.981537208,0.9870603082357104
40063,A_research_2026-04-04_19-04-44_live_round,0bbebde3d5824359a06f0ab697948d52,2026-04-05T00:12:46.509539+00:00,1775347966509539000,165393148828500,2400,,,A,701,15,704.0,-6.0,4.0376435,0.9870603082357104
40064,A_research_2026-04-04_19-04-44_live_round,0bbebde3d5824359a06f0ab697948d52,2026-04-05T00:12:46.512784+00:00,1775347966512784000,165393152073208,2400,,,A,702,67,704.0,-6.0,4.040888208,0.9870603082357104
40071,A_research_2026-04-04_19-04-44_live_round,0bbebde3d5824359a06f0ab697948d52,2026-04-05T00:12:46.577710+00:00,1775347966577710000,165393217000083,2400,,,A,703,37,713.0,-20.0,4.105815083,0.9870603082357104
40076,A_research_2026-04-04_19-04-44_live_round,0bbebde3d5824359a06f0ab697948d52,2026-04-05T00:12:46.611765+00:00,1775347966611765000,165393251055041,2400,,,A,703,45,712.5,-19.0,4.139870041,0.9870603082357104
40077,A_research_2026-04-04_19-04-44_live_round,0bbebde3d5824359a06f0ab697948d52,2026-04-05T00:12:46.611871+00:00,1775347966611871000,165393251160583,2400,,,A,718,7,712.5,-19.0,4.139975583,0.9870603082357104
40083,A_research_2026-04-04_19-04-44_live_round,0bbebde3d5824359a06f0ab697948d52,2026-04-05T00:12:46.658126+00:00,1775347966658126000,165393297415708,2400,,,A,718,30,719.5,-3.0,4.186230708,0.9870603082357104
40084,A_research_2026-04-04_19-04-44_live_round,0bbebde3d5824359a06f0ab697948d52,2026-04-05T00:12:46.661396+00:00,1775347966661396000,165393300686375,2400,,,A,719,37,719.5,-3.0,4.189501375,0.9870603082357104
40090,A_research_2026-04-04_19-04-44_live_round,0bbebde3d5824359a06f0ab697948d52,2026-04-05T00:12:46.708114+00:00,1775347966708114000,165393347403875,2400,,,A,719,15,719.5,-1.0,4.236218875,0.9870603082357104
40091,A_research_2026-04-04_19-04-44_live_round,0bbebde3d5824359a06f0ab697948d52,2026-04-05T00:12:46.708218+00:00,1775347966708218000,165393347508625,2400,,,A,720,67,719.5,-1.0,4.236323625,0.9870603082357104
40099,A_research_2026-04-04_19-04-44_live_round,0bbebde3d5824359a06f0ab697948d52,2026-04-05T00:12:46.773405+00:00,1775347966773405000,165393412695583,2400,,,A,721,37,723.5,-5.0,4.301510583,0.9870603082357104
40104,A_research_2026-04-04_19-04-44_live_round,0bbebde3d5824359a06f0ab697948d52,2026-04-05T00:12:46.813282+00:00,1775347966813282000,165393452572583,2400,,,A,721,45,723.0,-4.0,4.341387583,0.9870603082357104
40132,A_research_2026-04-04_19-04-44_live_round,0bbebde3d5824359a06f0ab697948d52,2026-04-05T00:12:47.175177+00:00,1775347967175177000,165393814468875,2400,,,A,723,37,721.5,-3.0,4.703283875,0.9870603082357104
40137,A_research_2026-04-04_19-04-44_live_round,0bbebde3d5824359a06f0ab697948d52,2026-04-05T00:12:47.212225+00:00,1775347967212225000,165393851516291,2400,,,A,723,45,722.0,-2.0,4.740331291,0.9870603082357104
40167,A_research_2026-04-04_19-04-44_live_round,0bbebde3d5824359a06f0ab697948d52,2026-04-05T00:12:47.571552+00:00,1775347967571552000,165394210844750,2425,,,A,721,37,722.5,-3.0,5.09965975,0.9870603082357104
40172,A_research_2026-04-04_19-04-44_live_round,0bbebde3d5824359a06f0ab697948d52,2026-04-05T00:12:47.618437+00:00,1775347967618437000,165394257729875,2425,,,A,722,52,722.5,-1.0,5.146544875,0.9870603082357104
40187,A_research_2026-04-04_19-04-44_live_round,0bbebde3d5824359a06f0ab697948d52,2026-04-05T00:12:47.755819+00:00,1775347967755819000,165394395112416,2425,,,A,724,37,734.5,-21.0,5.283927416,0.9870603082357104
40192,A_research_2026-04-04_19-04-44_live_round,0bbebde3d5824359a06f0ab697948d52,2026-04-05T00:12:47.783567+00:00,1775347967783567000,165394422860000,2425,,,A,724,45,734.0,-20.0,5.311675,0.9870603082357104
40193,A_research_2026-04-04_19-04-44_live_round,0bbebde3d5824359a06f0ab697948d52,2026-04-05T00:12:47.783678+00:00,1775347967783678000,165394422971416,2425,,,A,732,7,734.0,-20.0,5.311786416,0.9870603082357104
40199,A_research_2026-04-04_19-04-44_live_round,0bbebde3d5824359a06f0ab697948d52,2026-04-05T00:12:47.817560+00:00,1775347967817560000,165394456853416,2425,,,A,732,30,737.5,-11.0,5.345668416,0.9870603082357104
40200,A_research_2026-04-04_19-04-44_live_round,0bbebde3d5824359a06f0ab697948d52,2026-04-05T00:12:47.817662+00:00,1775347967817662000,165394456955583,2425,,,A,733,37,737.5,-11.0,5.345770583,0.9870603082357104
40206,A_research_2026-04-04_19-04-44_live_round,0bbebde3d5824359a06f0ab697948d52,2026-04-05T00:12:47.864387+00:00,1775347967864387000,165394503680000,2425,,,A,733,15,737.5,-9.0,5.392495,0.9870603082357104
40207,A_research_2026-04-04_19-04-44_live_round,0bbebde3d5824359a06f0ab697948d52,2026-04-05T00:12:47.867661+00:00,1775347967867661000,165394506954541,2425,,,A,734,67,737.5,-9.0,5.395769541,0.9870603082357104
40215,A_research_2026-04-04_19-04-44_live_round,0bbebde3d5824359a06f0ab697948d52,2026-04-05T00:12:48.051667+00:00,1775347968051667000,165394690960333,2425,,,A,735,37,751.5,-33.0,5.579775333,0.9870603082357104
40221,A_research_2026-04-04_19-04-44_live_round,0bbebde3d5824359a06f0ab697948d52,2026-04-05T00:12:48.107657+00:00,1775347968107657000,165394746950750,2425,,,A,735,45,751.0,-32.0,5.63576575,0.9870603082357104
40222,A_research_2026-04-04_19-04-44_live_round,0bbebde3d5824359a06f0ab697948d52,2026-04-05T00:12:48.107764+00:00,1775347968107764000,165394747058041,2425,,,A,753,7,751.0,-32.0,5.635873041,0.9870603082357104
40228,A_research_2026-04-04_19-04-44_live_round,0bbebde3d5824359a06f0ab697948d52,2026-04-05T00:12:48.144881+00:00,1775347968144881000,165394784175416,2425,,,A,753,30,759.5,-13.0,5.672990416,0.9870603082357104
40229,A_research_2026-04-04_19-04-44_live_round,0bbebde3d5824359a06f0ab697948d52,2026-04-05T00:12:48.144986+00:00,1775347968144986000,165394784279750,2425,,,A,754,37,759.5,-13.0,5.67309475,0.9870603082357104
40235,A_research_2026-04-04_19-04-44_live_round,0bbebde3d5824359a06f0ab697948d52,2026-04-05T00:12:48.192184+00:00,1775347968192184000,165394831477791,2425,,,A,754,15,759.5,-11.0,5.720292791,0.9870603082357104
40236,A_research_2026-04-04_19-04-44_live_round,0bbebde3d5824359a06f0ab697948d52,2026-04-05T00:12:48.192289+00:00,1775347968192289000,165394831583500,2425,,,A,755,67,759.5,-11.0,5.7203985,0.9870603082357104
40243,A_research_2026-04-04_19-04-44_live_round,0bbebde3d5824359a06f0ab697948d52,2026-04-05T00:12:48.251592+00:00,1775347968251592000,165394890886125,2425,,,A,756,37,771.5,-31.0,5.779701125,0.9870603082357104
40248,A_research_2026-04-04_19-04-44_live_round,0bbebde3d5824359a06f0ab697948d52,2026-04-05T00:12:48.288901+00:00,1775347968288901000,165394928195916,2425,,,A,756,45,771.0,-30.0,5.817010916,0.9870603082357104
40249,A_research_2026-04-04_19-04-44_live_round,0bbebde3d5824359a06f0ab697948d52,2026-04-05T00:12:48.289004+00:00,1775347968289004000,165394928298750,2425,,,A,776,7,771.0,-30.0,5.81711375,0.9870603082357104
40255,A_research_2026-04-04_19-04-44_live_round,0bbebde3d5824359a06f0ab697948d52,2026-04-05T00:12:48.319817+00:00,1775347968319817000,165394959111916,2425,,,A,776,30,780.5,-9.0,5.847926916,0.9870603082357104
40256,A_research_2026-04-04_19-04-44_live_round,0bbebde3d5824359a06f0ab697948d52,2026-04-05T00:12:48.319923+00:00,1775347968319923000,165394959217375,2425,,,A,777,37,780.5,-9.0,5.848032375,0.9870603082357104
40262,A_research_2026-04-04_19-04-44_live_round,0bbebde3d5824359a06f0ab697948d52,2026-04-05T00:12:48.357227+00:00,1775347968357227000,165394996521583,2425,,,A,777,15,780.5,-7.0,5.885336583,0.9870603082357104
40263,A_research_2026-04-04_19-04-44_live_round,0bbebde3d5824359a06f0ab697948d52,2026-04-05T00:12:48.357333+00:00,1775347968357333000,165394996627541,2425,,,A,778,67,780.5,-7.0,5.885442541,0.9870603082357104
40269,A_research_2026-04-04_19-04-44_live_round,0bbebde3d5824359a06f0ab697948d52,2026-04-05T00:12:48.404129+00:00,1775347968404129000,165395043424125,2425,,,A,779,37,788.0,-18.0,5.932239125,0.9870603082357104
40274,A_research_2026-04-04_19-04-44_live_round,0bbebde3d5824359a06f0ab697948d52,2026-04-05T00:12:48.450585+00:00,1775347968450585000,165395089880000,2425,,,A,779,45,787.5,-17.0,5.978695,0.9870603082357104
40275,A_research_2026-04-04_19-04-44_live_round,0bbebde3d5824359a06f0ab697948d52,2026-04-05T00:12:48.453809+00:00,1775347968453809000,165395093104166,2425,,,A,795,7,787.5,-17.0,5.981919166,0.9870603082357104
40281,A_research_2026-04-04_19-04-44_live_round,0bbebde3d5824359a06f0ab697948d52,2026-04-05T00:12:48.494679+00:00,1775347968494679000,165395133973541,2425,,,A,795,30,795.0,0.0,6.022788541,0.9870603082357104
40320,A_research_2026-04-04_19-04-44_live_round,0bbebde3d5824359a06f0ab697948d52,2026-04-05T00:12:48.998219+00:00,1775347968998219000,165395637515583,2425,,,A,792,37,792.0,0.0,6.526330583,0.9870603082357104
40354,A_research_2026-04-04_19-04-44_live_round,0bbebde3d5824359a06f0ab697948d52,2026-04-05T00:12:49.382333+00:00,1775347969382333000,165396021630333,2425,,,A,791,37,792.5,-3.0,6.910445333,0.9870603082357104
40359,A_research_2026-04-04_19-04-44_live_round,0bbebde3d5824359a06f0ab697948d52,2026-04-05T00:12:49.426284+00:00,1775347969426284000,165396065581791,2425,,,A,792,52,792.5,-1.0,6.954396791,0.9870603082357104
40376,A_research_2026-04-04_19-04-44_live_round,0bbebde3d5824359a06f0ab697948d52,2026-04-05T00:12:49.605908+00:00,1775347969605908000,165396245206208,2425,,,A,794,37,798.5,-9.0,7.134021208,0.9870603082357104
40381,A_research_2026-04-04_19-04-44_live_round,0bbebde3d5824359a06f0ab697948d52,2026-04-05T00:12:49.649409+00:00,1775347969649409000,165396288707000,2425,,,A,794,45,798.0,-8.0,7.177522,0.9870603082357104
40382,A_research_2026-04-04_19-04-44_live_round,0bbebde3d5824359a06f0ab697948d52,2026-04-05T00:12:49.649515+00:00,1775347969649515000,165396288813000,2425,,,A,802,7,798.0,-8.0,7.177628,0.9870603082357104
40397,A_research_2026-04-04_19-04-44_live_round,0bbebde3d5824359a06f0ab697948d52,2026-04-05T00:12:49.771848+00:00,1775347969771848000,165396411146875,2425,,,A,805,37,807.0,-4.0,7.299961875,0.9870603082357104
40402,A_research_2026-04-04_19-04-44_live_round,0bbebde3d5824359a06f0ab697948d52,2026-04-05T00:12:49.813195+00:00,1775347969813195000,165396452492916,2425,,,A,805,45,806.5,-3.0,7.341307916,0.9870603082357104
40514,A_research_2026-04-04_19-04-44_live_round,0bbebde3d5824359a06f0ab697948d52,2026-04-05T00:12:51.238530+00:00,1775347971238530000,165397877832291,2425,,,A,808,37,803.0,-10.0,8.766647291,0.9870603082357104
40519,A_research_2026-04-04_19-04-44_live_round,0bbebde3d5824359a06f0ab697948d52,2026-04-05T00:12:51.278847+00:00,1775347971278847000,165397918149166,2425,,,A,808,45,803.5,-9.0,8.806964166,0.9870603082357104
40520,A_research_2026-04-04_19-04-44_live_round,0bbebde3d5824359a06f0ab697948d52,2026-04-05T00:12:51.278953+00:00,1775347971278953000,165397918255333,2425,,,A,804,7,803.5,-9.0,8.807070333,0.9870603082357104
40526,A_research_2026-04-04_19-04-44_live_round,0bbebde3d5824359a06f0ab697948d52,2026-04-05T00:12:51.309501+00:00,1775347971309501000,165397948803583,2425,,,A,804,30,802.0,-4.0,8.837618583,0.9870603082357104
40527,A_research_2026-04-04_19-04-44_live_round,0bbebde3d5824359a06f0ab697948d52,2026-04-05T00:12:51.309602+00:00,1775347971309602000,165397948904500,2425,,,A,803,37,802.0,-4.0,8.8377195,0.9870603082357104
40533,A_research_2026-04-04_19-04-44_live_round,0bbebde3d5824359a06f0ab697948d52,2026-04-05T00:12:51.340210+00:00,1775347971340210000,165397979513000,2425,,,A,803,15,802.0,-2.0,8.868328,0.9870603082357104
40534,A_research_2026-04-04_19-04-44_live_round,0bbebde3d5824359a06f0ab697948d52,2026-04-05T00:12:51.340313+00:00,1775347971340313000,165397979615375,2425,,,A,802,67,802.0,-2.0,8.868430375,0.9870603082357104
40544,A_research_2026-04-04_19-04-44_live_round,0bbebde3d5824359a06f0ab697948d52,2026-04-05T00:12:51.435997+00:00,1775347971435997000,165398075298916,2425,,,A,801,37,793.5,-15.0,8.964113916,0.9870603082357104
40549,A_research_2026-04-04_19-04-44_live_round,0bbebde3d5824359a06f0ab697948d52,2026-04-05T00:12:51.478824+00:00,1775347971478824000,165398118126833,2425,,,A,801,45,794.0,-14.0,9.006941833,0.9870603082357104
40550,A_research_2026-04-04_19-04-44_live_round,0bbebde3d5824359a06f0ab697948d52,2026-04-05T00:12:51.478986+00:00,1775347971478986000,165398118288791,2425,,,A,790,7,794.0,-14.0,9.007103791,0.9870603082357104
40556,A_research_2026-04-04_19-04-44_live_round,0bbebde3d5824359a06f0ab697948d52,2026-04-05T00:12:51.519928+00:00,1775347971519928000,165398159231166,2425,,,A,790,30,789.0,-2.0,9.048046166,0.9870603082357104
40557,A_research_2026-04-04_19-04-44_live_round,0bbebde3d5824359a06f0ab697948d52,2026-04-05T00:12:51.520043+00:00,1775347971520043000,165398159346000,2425,,,A,789,37,789.0,-2.0,9.048161,0.9870603082357104
40563,A_research_2026-04-04_19-04-44_live_round,0bbebde3d5824359a06f0ab697948d52,2026-04-05T00:12:51.564084+00:00,1775347971564084000,165398203387291,2425,,,A,789,15,789.0,0.0,9.092202291,0.9870603082357104
40570,A_research_2026-04-04_19-04-44_live_round,0bbebde3d5824359a06f0ab697948d52,2026-04-05T00:12:51.629657+00:00,1775347971629657000,165398268960791,2425,,,A,787,37,785.0,-4.0,9.157775791,0.9870603082357104
40575,A_research_2026-04-04_19-04-44_live_round,0bbebde3d5824359a06f0ab697948d52,2026-04-05T00:12:51.667465+00:00,1775347971667465000,165398306769041,2425,,,A,787,45,785.5,-3.0,9.195584041,0.9870603082357104
40909,A_research_2026-04-04_19-04-44_live_round,0bbebde3d5824359a06f0ab697948d52,2026-04-05T00:12:55.731009+00:00,1775347975731009000,165402370323500,2425,,,A,779,37,780.5,-3.0,13.2591385,0.9870603082357104
40910,A_research_2026-04-04_19-04-44_live_round,0bbebde3d5824359a06f0ab697948d52,2026-04-05T00:12:55.731126+00:00,1775347975731126000,165402370440833,2425,,,A,780,82,780.5,-3.0,13.259255833,0.9870603082357104
40911,A_research_2026-04-04_19-04-44_live_round,0bbebde3d5824359a06f0ab697948d52,2026-04-05T00:12:55.731229+00:00,1775347975731229000,165402370543541,2425,,,A,780,48,780.5,-3.0,13.259358541,0.9870603082357104
42113,A_research_2026-04-04_19-04-44_live_round,0bbebde3d5824359a06f0ab697948d52,2026-04-05T00:13:10.756065+00:00,1775347990756065000,165417395419583,2425,,,A,792,37,792.0,0.0,28.284234583,0.9870603082357104
42718,A_research_2026-04-04_19-04-44_live_round,0bbebde3d5824359a06f0ab697948d52,2026-04-05T00:13:18.073108+00:00,1775347998073108000,165424712482500,2550,,,A,774,37,772.5,-3.0,5.417497209,1.0102494175477166
42719,A_research_2026-04-04_19-04-44_live_round,0bbebde3d5824359a06f0ab697948d52,2026-04-05T00:13:18.073224+00:00,1775347998073224000,165424712598625,2550,,,A,773,52,772.5,-3.0,5.417613334,1.0102494175477166
42720,A_research_2026-04-04_19-04-44_live_round,0bbebde3d5824359a06f0ab697948d52,2026-04-05T00:13:18.073334+00:00,1775347998073334000,165424712708416,2550,,,A,772,67,772.5,-3.0,5.417723125,1.0102494175477166
42721,A_research_2026-04-04_19-04-44_live_round,0bbebde3d5824359a06f0ab697948d52,2026-04-05T00:13:18.073433+00:00,1775347998073433000,165424712808375,2550,,,A,771,11,772.5,-3.0,5.417823084,1.0102494175477166
42757,A_research_2026-04-04_19-04-44_live_round,0bbebde3d5824359a06f0ab697948d52,2026-04-05T00:13:18.490536+00:00,1775347998490536000,165425129911916,2550,,,A,772,37,770.0,-4.0,5.834926625,1.0102494175477166
42758,A_research_2026-04-04_19-04-44_live_round,0bbebde3d5824359a06f0ab697948d52,2026-04-05T00:13:18.490645+00:00,1775347998490645000,165425130020583,2550,,,A,771,52,770.0,-4.0,5.835035292,1.0102494175477166
42759,A_research_2026-04-04_19-04-44_live_round,0bbebde3d5824359a06f0ab697948d52,2026-04-05T00:13:18.493805+00:00,1775347998493805000,165425133180791,2550,,,A,770,67,770.0,-4.0,5.8381955,1.0102494175477166
42760,A_research_2026-04-04_19-04-44_live_round,0bbebde3d5824359a06f0ab697948d52,2026-04-05T00:13:18.493908+00:00,1775347998493908000,165425133284375,2550,,,A,770,11,770.0,-4.0,5.838299084,1.0102494175477166
45452,A_research_2026-04-04_19-04-44_live_round,0bbebde3d5824359a06f0ab697948d52,2026-04-05T00:13:51.834040+00:00,1775348031834040000,165458473505458,2625,,,A,809,37,810.5,-3.0,39.178520167,1.0102494175477166
45453,A_research_2026-04-04_19-04-44_live_round,0bbebde3d5824359a06f0ab697948d52,2026-04-05T00:13:51.834256+00:00,1775348031834256000,165458473721333,2625,,,A,810,52,810.5,-3.0,39.178736042,1.0102494175477166
45454,A_research_2026-04-04_19-04-44_live_round,0bbebde3d5824359a06f0ab697948d52,2026-04-05T00:13:51.834489+00:00,1775348031834489000,165458473955083,2625,,,A,811,67,810.5,-3.0,39.178969792,1.0102494175477166
45455,A_research_2026-04-04_19-04-44_live_round,0bbebde3d5824359a06f0ab697948d52,2026-04-05T00:13:51.834640+00:00,1775348031834640000,165458474105875,2625,,,A,812,11,810.5,-3.0,39.179120584,1.0102494175477166
46155,A_research_2026-04-04_19-04-44_live_round,0bbebde3d5824359a06f0ab697948d52,2026-04-05T00:14:00.545141+00:00,1775348040545141000,165467184630458,2750,,,A,807,37,808.0,-2.0,47.889645167,1.0102494175477166
46156,A_research_2026-04-04_19-04-44_live_round,0bbebde3d5824359a06f0ab697948d52,2026-04-05T00:14:00.545278+00:00,1775348040545278000,165467184767291,2750,,,A,808,52,808.0,-2.0,47.889782,1.0102494175477166
46157,A_research_2026-04-04_19-04-44_live_round,0bbebde3d5824359a06f0ab697948d52,2026-04-05T00:14:00.545383+00:00,1775348040545383000,165467184872791,2750,,,A,809,67,808.0,-2.0,47.8898875,1.0102494175477166
46825,A_research_2026-04-04_19-04-44_live_round,0bbebde3d5824359a06f0ab697948d52,2026-04-05T00:14:08.770992+00:00,1775348048770992000,165475410503125,2800,,,A,802,37,800.0,-4.0,56.115517834,1.0102494175477166
46826,A_research_2026-04-04_19-04-44_live_round,0bbebde3d5824359a06f0ab697948d52,2026-04-05T00:14:08.771197+00:00,1775348048771197000,165475410707833,2800,,,A,801,52,800.0,-4.0,56.115722542,1.0102494175477166
46827,A_research_2026-04-04_19-04-44_live_round,0bbebde3d5824359a06f0ab697948d52,2026-04-05T00:14:08.774002+00:00,1775348048774002000,165475413513166,2800,,,A,800,67,800.0,-4.0,56.118527875,1.0102494175477166
46828,A_research_2026-04-04_19-04-44_live_round,0bbebde3d5824359a06f0ab697948d52,2026-04-05T00:14:08.779062+00:00,1775348048779062000,165475418573583,2800,,,A,800,11,800.0,-4.0,56.123588292,1.0102494175477166
48307,A_research_2026-04-04_19-04-44_live_round,0bbebde3d5824359a06f0ab697948d52,2026-04-05T00:14:27.070320+00:00,1775348067070320000,165493709880416,2875,,,A,836,37,837.0,-2.0,14.081319083,1.0369011690369423
48308,A_research_2026-04-04_19-04-44_live_round,0bbebde3d5824359a06f0ab697948d52,2026-04-05T00:14:27.070461+00:00,1775348067070461000,165493710022208,2875,,,A,837,52,837.0,-2.0,14.081460875,1.0369011690369423
48309,A_research_2026-04-04_19-04-44_live_round,0bbebde3d5824359a06f0ab697948d52,2026-04-05T00:14:27.070564+00:00,1775348067070564000,165493710125416,2875,,,A,838,67,837.0,-2.0,14.081564083,1.0369011690369423
48735,A_research_2026-04-04_19-04-44_live_round,0bbebde3d5824359a06f0ab697948d52,2026-04-05T00:14:32.320664+00:00,1775348072320664000,165498960239458,2875,,,A,828,37,826.5,-3.0,19.331678125,1.0369011690369423
48736,A_research_2026-04-04_19-04-44_live_round,0bbebde3d5824359a06f0ab697948d52,2026-04-05T00:14:32.323992+00:00,1775348072323992000,165498963566750,2875,,,A,827,52,826.5,-3.0,19.335005417,1.0369011690369423
48737,A_research_2026-04-04_19-04-44_live_round,0bbebde3d5824359a06f0ab697948d52,2026-04-05T00:14:32.324109+00:00,1775348072324109000,165498963684083,2875,,,A,826,67,826.5,-3.0,19.33512275,1.0369011690369423
48738,A_research_2026-04-04_19-04-44_live_round,0bbebde3d5824359a06f0ab697948d52,2026-04-05T00:14:32.324214+00:00,1775348072324214000,165498963789083,2875,,,A,826,11,826.5,-3.0,19.33522775,1.0369011690369423
48902,A_research_2026-04-04_19-04-44_live_round,0bbebde3d5824359a06f0ab697948d52,2026-04-05T00:14:34.294279+00:00,1775348074294279000,165500933859708,2875,,,A,822,37,822.5,-1.0,21.305298375,1.0369011690369423
48903,A_research_2026-04-04_19-04-44_live_round,0bbebde3d5824359a06f0ab697948d52,2026-04-05T00:14:34.294398+00:00,1775348074294398000,165500933978833,2875,,,A,823,82,822.5,-1.0,21.3054175,1.0369011690369423
48904,A_research_2026-04-04_19-04-44_live_round,0bbebde3d5824359a06f0ab697948d52,2026-04-05T00:14:34.294505+00:00,1775348074294505000,165500934085666,2875,,,A,823,48,822.5,-1.0,21.305524333,1.0369011690369423
49702,A_research_2026-04-04_19-04-44_live_round,0bbebde3d5824359a06f0ab697948d52,2026-04-05T00:14:44.199154+00:00,1775348084199154000,165510838760833,3000,,,A,811,37,810.5,-1.0,1.011104875,0.7888442008499641
49707,A_research_2026-04-04_19-04-44_live_round,0bbebde3d5824359a06f0ab697948d52,2026-04-05T00:14:44.232920+00:00,1775348084232920000,165510872527125,3000,,,A,811,45,811.0,0.0,1.044871167,0.7888442008499641
49723,A_research_2026-04-04_19-04-44_live_round,0bbebde3d5824359a06f0ab697948d52,2026-04-05T00:14:44.457339+00:00,1775348084457339000,165511096946250,3000,,,A,807,37,804.0,-6.0,1.269290292,0.7888442008499641
49728,A_research_2026-04-04_19-04-44_live_round,0bbebde3d5824359a06f0ab697948d52,2026-04-05T00:14:44.505893+00:00,1775348084505893000,165511145500791,3000,,,A,807,45,804.5,-5.0,1.317844833,0.7888442008499641
49729,A_research_2026-04-04_19-04-44_live_round,0bbebde3d5824359a06f0ab697948d52,2026-04-05T00:14:44.506021+00:00,1775348084506021000,165511145628916,3000,,,A,802,7,804.5,-5.0,1.317972958,0.7888442008499641
49746,A_research_2026-04-04_19-04-44_live_round,0bbebde3d5824359a06f0ab697948d52,2026-04-05T00:14:44.639758+00:00,1775348084639758000,165511279366333,3000,,,A,799,37,797.0,-4.0,1.451710375,0.7888442008499641
49751,A_research_2026-04-04_19-04-44_live_round,0bbebde3d5824359a06f0ab697948d52,2026-04-05T00:14:44.679535+00:00,1775348084679535000,165511319143250,3000,,,A,799,45,797.5,-3.0,1.491487292,0.7888442008499641
49765,A_research_2026-04-04_19-04-44_live_round,0bbebde3d5824359a06f0ab697948d52,2026-04-05T00:14:44.799752+00:00,1775348084799752000,165511439360333,3000,,,A,790,37,789.5,-1.0,1.611704375,0.7888442008499641
49770,A_research_2026-04-04_19-04-44_live_round,0bbebde3d5824359a06f0ab697948d52,2026-04-05T00:14:44.833330+00:00,1775348084833330000,165511472938875,3000,,,A,790,45,790.0,0.0,1.645282917,0.7888442008499641
49785,A_research_2026-04-04_19-04-44_live_round,0bbebde3d5824359a06f0ab697948d52,2026-04-05T00:14:45.022123+00:00,1775348085022123000,165511661732208,3000,,,A,784,37,784.0,0.0,1.83407625,0.7888442008499641
49803,A_research_2026-04-04_19-04-44_live_round,0bbebde3d5824359a06f0ab697948d52,2026-04-05T00:14:45.199336+00:00,1775348085199336000,165511838945833,3000,,,A,778,37,777.5,-1.0,2.011289875,0.7888442008499641
49808,A_research_2026-04-04_19-04-44_live_round,0bbebde3d5824359a06f0ab697948d52,2026-04-05T00:14:45.232131+00:00,1775348085232131000,165511871740583,3000,,,A,778,45,778.0,0.0,2.044084625,0.7888442008499641
49823,A_research_2026-04-04_19-04-44_live_round,0bbebde3d5824359a06f0ab697948d52,2026-04-05T00:14:45.551649+00:00,1775348085551649000,165512191259583,3000,,,A,773,37,771.5,-3.0,2.363603625,0.7888442008499641
49829,A_research_2026-04-04_19-04-44_live_round,0bbebde3d5824359a06f0ab697948d52,2026-04-05T00:14:45.620813+00:00,1775348085620813000,165512260423416,3000,,,A,773,45,772.0,-2.0,2.432767458,0.7888442008499641
49844,A_research_2026-04-04_19-04-44_live_round,0bbebde3d5824359a06f0ab697948d52,2026-04-05T00:14:45.751139+00:00,1775348085751139000,165512390750416,3000,,,A,766,37,765.0,-2.0,2.563094458,0.7888442008499641
49849,A_research_2026-04-04_19-04-44_live_round,0bbebde3d5824359a06f0ab697948d52,2026-04-05T00:14:45.779144+00:00,1775348085779144000,165512418754833,3000,,,A,766,45,765.5,-1.0,2.591098875,0.7888442008499641
49864,A_research_2026-04-04_19-04-44_live_round,0bbebde3d5824359a06f0ab697948d52,2026-04-05T00:14:45.919945+00:00,1775348085919945000,165512559556583,3000,,,A,759,37,757.5,-3.0,2.731900625,0.7888442008499641
49869,A_research_2026-04-04_19-04-44_live_round,0bbebde3d5824359a06f0ab697948d52,2026-04-05T00:14:45.948476+00:00,1775348085948476000,165512588088166,3000,,,A,759,45,758.0,-2.0,2.760432208,0.7888442008499641
49884,A_research_2026-04-04_19-04-44_live_round,0bbebde3d5824359a06f0ab697948d52,2026-04-05T00:14:46.100560+00:00,1775348086100560000,165512740171708,3000,,,A,753,37,752.0,-2.0,2.91251575,0.7888442008499641
49889,A_research_2026-04-04_19-04-44_live_round,0bbebde3d5824359a06f0ab697948d52,2026-04-05T00:14:46.128545+00:00,1775348086128545000,165512768157583,3000,,,A,753,45,752.5,-1.0,2.940501625,0.7888442008499641
49970,A_research_2026-04-04_19-04-44_live_round,0bbebde3d5824359a06f0ab697948d52,2026-04-05T00:14:47.105937+00:00,1775348087105937000,165513745551833,3000,,,A,725,37,725.0,0.0,3.917895875,0.7888442008499641
49988,A_research_2026-04-04_19-04-44_live_round,0bbebde3d5824359a06f0ab697948d52,2026-04-05T00:14:47.257750+00:00,1775348087257750000,165513897364708,3000,,,A,722,37,721.0,-2.0,4.06970875,0.7888442008499641
49993,A_research_2026-04-04_19-04-44_live_round,0bbebde3d5824359a06f0ab697948d52,2026-04-05T00:14:47.298788+00:00,1775348087298788000,165513938403041,3000,,,A,722,45,721.5,-1.0,4.110747083,0.7888442008499641
50040,A_research_2026-04-04_19-04-44_live_round,0bbebde3d5824359a06f0ab697948d52,2026-04-05T00:14:47.811325+00:00,1775348087811325000,165514450941958,3000,,,A,707,37,706.5,-1.0,4.623286,0.7888442008499641
50045,A_research_2026-04-04_19-04-44_live_round,0bbebde3d5824359a06f0ab697948d52,2026-04-05T00:14:47.837282+00:00,1775348087837282000,165514476899125,3000,,,A,707,45,707.0,0.0,4.649243167,0.7888442008499641
50145,A_research_2026-04-04_19-04-44_live_round,0bbebde3d5824359a06f0ab697948d52,2026-04-05T00:14:49.035563+00:00,1775348089035563000,165515675182958,3000,,,A,678,37,677.0,-2.0,5.847527,0.7888442008499641
50150,A_research_2026-04-04_19-04-44_live_round,0bbebde3d5824359a06f0ab697948d52,2026-04-05T00:14:49.074044+00:00,1775348089074044000,165515713664375,3000,,,A,678,45,677.5,-1.0,5.886008417,0.7888442008499641
50151,A_research_2026-04-04_19-04-44_live_round,0bbebde3d5824359a06f0ab697948d52,2026-04-05T00:14:49.074169+00:00,1775348089074169000,165515713788791,3000,,,A,677,7,677.5,-1.0,5.886132833,0.7888442008499641
50168,A_research_2026-04-04_19-04-44_live_round,0bbebde3d5824359a06f0ab697948d52,2026-04-05T00:14:49.235813+00:00,1775348089235813000,165515875432375,3000,,,A,674,37,672.5,-3.0,6.047776417,0.7888442008499641
50173,A_research_2026-04-04_19-04-44_live_round,0bbebde3d5824359a06f0ab697948d52,2026-04-05T00:14:49.279242+00:00,1775348089279242000,165515918862750,3000,,,A,674,45,673.0,-2.0,6.091206792,0.7888442008499641
50187,A_research_2026-04-04_19-04-44_live_round,0bbebde3d5824359a06f0ab697948d52,2026-04-05T00:14:49.422768+00:00,1775348089422768000,165516062388625,3000,,,A,665,37,665.0,0.0,6.234732667,0.7888442008499641
50206,A_research_2026-04-04_19-04-44_live_round,0bbebde3d5824359a06f0ab697948d52,2026-04-05T00:14:49.702598+00:00,1775348089702598000,165516342219583,3000,,,A,660,37,659.0,-2.0,6.514563625,0.7888442008499641
50211,A_research_2026-04-04_19-04-44_live_round,0bbebde3d5824359a06f0ab697948d52,2026-04-05T00:14:49.751053+00:00,1775348089751053000,165516390675416,3000,,,A,660,45,659.5,-1.0,6.563019458,0.7888442008499641
50226,A_research_2026-04-04_19-04-44_live_round,0bbebde3d5824359a06f0ab697948d52,2026-04-05T00:14:49.893767+00:00,1775348089893767000,165516533388958,3000,,,A,654,37,653.5,-1.0,6.705733,0.7888442008499641
50231,A_research_2026-04-04_19-04-44_live_round,0bbebde3d5824359a06f0ab697948d52,2026-04-05T00:14:49.929122+00:00,1775348089929122000,165516568744916,3000,,,A,654,45,654.0,0.0,6.741088958,0.7888442008499641
50246,A_research_2026-04-04_19-04-44_live_round,0bbebde3d5824359a06f0ab697948d52,2026-04-05T00:14:50.046097+00:00,1775348090046097000,165516685718958,3000,,,A,647,37,647.0,0.0,6.858063,0.7888442008499641
50328,A_research_2026-04-04_19-04-44_live_round,0bbebde3d5824359a06f0ab697948d52,2026-04-05T00:14:51.084798+00:00,1775348091084798000,165517724423833,3000,,,A,623,37,623.0,0.0,7.896767875,0.7888442008499641
50347,A_research_2026-04-04_19-04-44_live_round,0bbebde3d5824359a06f0ab697948d52,2026-04-05T00:14:51.283240+00:00,1775348091283240000,165517922866208,3000,,,A,617,37,615.0,-4.0,8.09521025,0.7888442008499641
50352,A_research_2026-04-04_19-04-44_live_round,0bbebde3d5824359a06f0ab697948d52,2026-04-05T00:14:51.320860+00:00,1775348091320860000,165517960486083,3000,,,A,617,45,615.5,-3.0,8.132830125,0.7888442008499641
50353,A_research_2026-04-04_19-04-44_live_round,0bbebde3d5824359a06f0ab697948d52,2026-04-05T00:14:51.320975+00:00,1775348091320975000,165517960601500,3000,,,A,615,7,615.5,-3.0,8.132945542,0.7888442008499641
50359,A_research_2026-04-04_19-04-44_live_round,0bbebde3d5824359a06f0ab697948d52,2026-04-05T00:14:51.371855+00:00,1775348091371855000,165518011481666,3000,,,A,615,30,615.0,0.0,8.183825708,0.7888442008499641
50371,A_research_2026-04-04_19-04-44_live_round,0bbebde3d5824359a06f0ab697948d52,2026-04-05T00:14:51.484899+00:00,1775348091484899000,165518124525166,3000,,,A,612,37,609.0,-6.0,8.296869208,0.7888442008499641
50376,A_research_2026-04-04_19-04-44_live_round,0bbebde3d5824359a06f0ab697948d52,2026-04-05T00:14:51.524546+00:00,1775348091524546000,165518164173208,3000,,,A,612,45,609.5,-5.0,8.33651725,0.7888442008499641
50390,A_research_2026-04-04_19-04-44_live_round,0bbebde3d5824359a06f0ab697948d52,2026-04-05T00:14:51.647864+00:00,1775348091647864000,165518287490750,3000,,,A,602,37,601.5,-1.0,8.459834792,0.7888442008499641
50395,A_research_2026-04-04_19-04-44_live_round,0bbebde3d5824359a06f0ab697948d52,2026-04-05T00:14:51.690669+00:00,1775348091690669000,165518330295958,3000,,,A,602,45,602.0,0.0,8.50264,0.7888442008499641
