event_index,session_id,run_id,wall_time_iso,wall_time_ns,monotonic_ns,exchange_tick,round,day,symbol,trade_px,trade_qty,mid_at_trade,spread_at_trade,time_since_last_A_news,latest_known_eps_for_A
376,A_research_2026-04-04_19-55-24_live_round,d6bdafd6aa01457e9e5ab12d9b60db8d,2026-04-05T00:55:29.001385+00:00,1775350529001385000,166239311028916,1500,,,A,1173,40,1174.5,-3.0,0.544166,1.119238731304944
377,A_research_2026-04-04_19-55-24_live_round,d6bdafd6aa01457e9e5ab12d9b60db8d,2026-04-05T00:55:29.001553+00:00,1775350529001553000,166239311196750,1500,,,A,1174,60,1174.5,-3.0,0.544333834,1.119238731304944
378,A_research_2026-04-04_19-55-24_live_round,d6bdafd6aa01457e9e5ab12d9b60db8d,2026-04-05T00:55:29.001671+00:00,1775350529001671000,166239311315083,1500,,,A,1175,80,1174.5,-3.0,0.544452167,1.119238731304944
379,A_research_2026-04-04_19-55-24_live_round,d6bdafd6aa01457e9e5ab12d9b60db8d,2026-04-05T00:55:29.001801+00:00,1775350529001801000,166239311445375,1500,,,A,1176,20,1174.5,-3.0,0.544582459,1.119238731304944
821,A_research_2026-04-04_19-55-24_live_round,d6bdafd6aa01457e9e5ab12d9b60db8d,2026-04-05T00:55:34.432740+00:00,1775350534432740000,166244742397000,1525,,,A,1177,40,1176.5,-1.0,5.975534084,1.119238731304944
822,A_research_2026-04-04_19-55-24_live_round,d6bdafd6aa01457e9e5ab12d9b60db8d,2026-04-05T00:55:34.433153+00:00,1775350534433153000,166244742810708,1525,,,A,1176,60,1176.5,-1.0,5.975947792,1.119238731304944
1345,A_research_2026-04-04_19-55-24_live_round,d6bdafd6aa01457e9e5ab12d9b60db8d,2026-04-05T00:55:41.053734+00:00,1775350541053734000,166251363407750,1525,,,A,1161,40,1160.5,-1.0,12.596544834,1.119238731304944
1539,A_research_2026-04-04_19-55-24_live_round,d6bdafd6aa01457e9e5ab12d9b60db8d,2026-04-05T00:55:43.278622+00:00,1775350543278622000,166253588301666,1525,,,A,1157,40,1154.0,-6.0,14.82143875,1.119238731304944
1540,A_research_2026-04-04_19-55-24_live_round,d6bdafd6aa01457e9e5ab12d9b60db8d,2026-04-05T00:55:43.278808+00:00,1775350543278808000,166253588487541,1525,,,A,1156,60,1154.0,-6.0,14.821624625,1.119238731304944
1541,A_research_2026-04-04_19-55-24_live_round,d6bdafd6aa01457e9e5ab12d9b60db8d,2026-04-05T00:55:43.278962+00:00,1775350543278962000,166253588641250,1525,,,A,1155,80,1154.0,-6.0,14.821778334,1.119238731304944
1542,A_research_2026-04-04_19-55-24_live_round,d6bdafd6aa01457e9e5ab12d9b60db8d,2026-04-05T00:55:43.279097+00:00,1775350543279097000,166253588776500,1525,,,A,1154,20,1154.0,-6.0,14.821913584,1.119238731304944
1612,A_research_2026-04-04_19-55-24_live_round,d6bdafd6aa01457e9e5ab12d9b60db8d,2026-04-05T00:55:44.223537+00:00,1775350544223537000,166254533218583,1525,,,A,1150,40,1150.0,0.0,15.766355667,1.119238731304944
2098,A_research_2026-04-04_19-55-24_live_round,d6bdafd6aa01457e9e5ab12d9b60db8d,2026-04-05T00:55:50.115690+00:00,1775350550115690000,166260425386166,1525,,,A,1156,40,1157.0,-2.0,21.65852325,1.119238731304944
2099,A_research_2026-04-04_19-55-24_live_round,d6bdafd6aa01457e9e5ab12d9b60db8d,2026-04-05T00:55:50.115841+00:00,1775350550115841000,166260425537708,1525,,,A,1157,100,1157.0,-2.0,21.658674792,1.119238731304944
2100,A_research_2026-04-04_19-55-24_live_round,d6bdafd6aa01457e9e5ab12d9b60db8d,2026-04-05T00:55:50.115984+00:00,1775350550115984000,166260425680791,1525,,,A,1157,60,1157.0,-2.0,21.658817875,1.119238731304944
2783,A_research_2026-04-04_19-55-24_live_round,d6bdafd6aa01457e9e5ab12d9b60db8d,2026-04-05T00:55:58.559058+00:00,1775350558559058000,166268868775125,1650,,,A,1161,40,1162.0,-2.0,30.101912209,1.119238731304944
2784,A_research_2026-04-04_19-55-24_live_round,d6bdafd6aa01457e9e5ab12d9b60db8d,2026-04-05T00:55:58.559167+00:00,1775350558559167000,166268868884250,1650,,,A,1162,60,1162.0,-2.0,30.102021334,1.119238731304944
2785,A_research_2026-04-04_19-55-24_live_round,d6bdafd6aa01457e9e5ab12d9b60db8d,2026-04-05T00:55:58.559254+00:00,1775350558559254000,166268868971500,1650,,,A,1163,80,1162.0,-2.0,30.102108584,1.119238731304944
3034,A_research_2026-04-04_19-55-24_live_round,d6bdafd6aa01457e9e5ab12d9b60db8d,2026-04-05T00:56:01.582665+00:00,1775350561582665000,166271892389291,1650,,,A,1139,40,1139.5,-1.0,3.01824825,1.0607655298379044
3035,A_research_2026-04-04_19-55-24_live_round,d6bdafd6aa01457e9e5ab12d9b60db8d,2026-04-05T00:56:01.582793+00:00,1775350561582793000,166271892517291,1650,,,A,1140,60,1139.5,-1.0,3.01837625,1.0607655298379044
4108,A_research_2026-04-04_19-55-24_live_round,d6bdafd6aa01457e9e5ab12d9b60db8d,2026-04-05T00:56:14.988133+00:00,1775350574988133000,166285297889833,1725,,,A,1093,40,1093.0,0.0,16.423748792,1.0607655298379044
4319,A_research_2026-04-04_19-55-24_live_round,d6bdafd6aa01457e9e5ab12d9b60db8d,2026-04-05T00:56:17.459800+00:00,1775350577459800000,166287769564333,1725,,,A,1092,40,1090.5,-3.0,18.895423292,1.0607655298379044
4320,A_research_2026-04-04_19-55-24_live_round,d6bdafd6aa01457e9e5ab12d9b60db8d,2026-04-05T00:56:17.459887+00:00,1775350577459887000,166287769651041,1725,,,A,1091,60,1090.5,-3.0,18.89551,1.0607655298379044
4321,A_research_2026-04-04_19-55-24_live_round,d6bdafd6aa01457e9e5ab12d9b60db8d,2026-04-05T00:56:17.459963+00:00,1775350577459963000,166287769726500,1725,,,A,1090,80,1090.5,-3.0,18.895585459,1.0607655298379044
4322,A_research_2026-04-04_19-55-24_live_round,d6bdafd6aa01457e9e5ab12d9b60db8d,2026-04-05T00:56:17.460037+00:00,1775350577460037000,166287769801500,1725,,,A,1089,20,1090.5,-3.0,18.895660459,1.0607655298379044
4812,A_research_2026-04-04_19-55-24_live_round,d6bdafd6aa01457e9e5ab12d9b60db8d,2026-04-05T00:56:23.566177+00:00,1775350583566177000,166293875956250,1725,,,A,1103,40,1103.5,-1.0,25.001815209,1.0607655298379044
4813,A_research_2026-04-04_19-55-24_live_round,d6bdafd6aa01457e9e5ab12d9b60db8d,2026-04-05T00:56:23.566276+00:00,1775350583566276000,166293876054333,1725,,,A,1104,60,1103.5,-1.0,25.001913292,1.0607655298379044
5597,A_research_2026-04-04_19-55-24_live_round,d6bdafd6aa01457e9e5ab12d9b60db8d,2026-04-05T00:56:33.144475+00:00,1775350593144475000,166303454277500,1725,,,A,1103,40,1104.0,-2.0,34.580136459,1.0607655298379044
5598,A_research_2026-04-04_19-55-24_live_round,d6bdafd6aa01457e9e5ab12d9b60db8d,2026-04-05T00:56:33.144623+00:00,1775350593144623000,166303454424958,1725,,,A,1104,60,1104.0,-2.0,34.580283917,1.0607655298379044
5599,A_research_2026-04-04_19-55-24_live_round,d6bdafd6aa01457e9e5ab12d9b60db8d,2026-04-05T00:56:33.144728+00:00,1775350593144728000,166303454530708,1725,,,A,1105,80,1104.0,-2.0,34.580389667,1.0607655298379044
5781,A_research_2026-04-04_19-55-24_live_round,d6bdafd6aa01457e9e5ab12d9b60db8d,2026-04-05T00:56:35.356043+00:00,1775350595356043000,166305665850583,1725,,,A,1102,40,1103.0,-2.0,36.791709542,1.0607655298379044
5782,A_research_2026-04-04_19-55-24_live_round,d6bdafd6aa01457e9e5ab12d9b60db8d,2026-04-05T00:56:35.356148+00:00,1775350595356148000,166305665955625,1725,,,A,1103,60,1103.0,-2.0,36.791814584,1.0607655298379044
5783,A_research_2026-04-04_19-55-24_live_round,d6bdafd6aa01457e9e5ab12d9b60db8d,2026-04-05T00:56:35.356239+00:00,1775350595356239000,166305666046958,1725,,,A,1104,100,1103.0,-2.0,36.791905917,1.0607655298379044
5883,A_research_2026-04-04_19-55-24_live_round,d6bdafd6aa01457e9e5ab12d9b60db8d,2026-04-05T00:56:36.612746+00:00,1775350596612746000,166306922556625,1725,,,A,1100,40,1102.0,-4.0,38.048415584,1.0607655298379044
5884,A_research_2026-04-04_19-55-24_live_round,d6bdafd6aa01457e9e5ab12d9b60db8d,2026-04-05T00:56:36.612862+00:00,1775350596612862000,166306922673291,1725,,,A,1101,60,1102.0,-4.0,38.04853225,1.0607655298379044
5885,A_research_2026-04-04_19-55-24_live_round,d6bdafd6aa01457e9e5ab12d9b60db8d,2026-04-05T00:56:36.612960+00:00,1775350596612960000,166306922771125,1725,,,A,1102,80,1102.0,-4.0,38.048630084,1.0607655298379044
5886,A_research_2026-04-04_19-55-24_live_round,d6bdafd6aa01457e9e5ab12d9b60db8d,2026-04-05T00:56:36.613053+00:00,1775350596613053000,166306922863500,1725,,,A,1103,20,1102.0,-4.0,38.048722459,1.0607655298379044
6101,A_research_2026-04-04_19-55-24_live_round,d6bdafd6aa01457e9e5ab12d9b60db8d,2026-04-05T00:56:39.234896+00:00,1775350599234896000,166309544713083,1850,,,A,1103,40,1103.0,0.0,40.670572042,1.0607655298379044
7368,A_research_2026-04-04_19-55-24_live_round,d6bdafd6aa01457e9e5ab12d9b60db8d,2026-04-05T00:56:54.874582+00:00,1775350614874582000,166325184437166,1900,,,A,1094,40,1093.0,-2.0,56.310296125,1.0607655298379044
7369,A_research_2026-04-04_19-55-24_live_round,d6bdafd6aa01457e9e5ab12d9b60db8d,2026-04-05T00:56:54.874746+00:00,1775350614874746000,166325184601333,1900,,,A,1094,100,1093.0,-2.0,56.310460292,1.0607655298379044
7370,A_research_2026-04-04_19-55-24_live_round,d6bdafd6aa01457e9e5ab12d9b60db8d,2026-04-05T00:56:54.874870+00:00,1775350614874870000,166325184725541,1900,,,A,1093,60,1093.0,-2.0,56.3105845,1.0607655298379044
7470,A_research_2026-04-04_19-55-24_live_round,d6bdafd6aa01457e9e5ab12d9b60db8d,2026-04-05T00:56:56.081007+00:00,1775350616081007000,166326390866208,1900,,,A,1094,40,1096.5,-5.0,57.516725167,1.0607655298379044
7471,A_research_2026-04-04_19-55-24_live_round,d6bdafd6aa01457e9e5ab12d9b60db8d,2026-04-05T00:56:56.081093+00:00,1775350616081093000,166326390951958,1900,,,A,1095,60,1096.5,-5.0,57.516810917,1.0607655298379044
7472,A_research_2026-04-04_19-55-24_live_round,d6bdafd6aa01457e9e5ab12d9b60db8d,2026-04-05T00:56:56.081166+00:00,1775350616081166000,166326391025041,1900,,,A,1096,80,1096.5,-5.0,57.516884,1.0607655298379044
7473,A_research_2026-04-04_19-55-24_live_round,d6bdafd6aa01457e9e5ab12d9b60db8d,2026-04-05T00:56:56.081237+00:00,1775350616081237000,166326391095750,1900,,,A,1097,20,1096.5,-5.0,57.516954709,1.0607655298379044
8254,A_research_2026-04-04_19-55-24_live_round,d6bdafd6aa01457e9e5ab12d9b60db8d,2026-04-05T00:57:05.726895+00:00,1775350625726895000,166336036777625,1975,,,A,1100,40,1099.5,-1.0,6.835394084,1.2980945711385277
8255,A_research_2026-04-04_19-55-24_live_round,d6bdafd6aa01457e9e5ab12d9b60db8d,2026-04-05T00:57:05.726979+00:00,1775350625726979000,166336036861833,1975,,,A,1099,60,1099.5,-1.0,6.835478292,1.2980945711385277
8405,A_research_2026-04-04_19-55-24_live_round,d6bdafd6aa01457e9e5ab12d9b60db8d,2026-04-05T00:57:07.665891+00:00,1775350627665891000,166337975777708,1975,,,A,1119,40,1121.0,-4.0,8.774394167,1.2980945711385277
8410,A_research_2026-04-04_19-55-24_live_round,d6bdafd6aa01457e9e5ab12d9b60db8d,2026-04-05T00:57:07.685506+00:00,1775350627685506000,166337995392958,1975,,,A,1120,60,1121.0,-2.0,8.794009417,1.2980945711385277
8415,A_research_2026-04-04_19-55-24_live_round,d6bdafd6aa01457e9e5ab12d9b60db8d,2026-04-05T00:57:07.702150+00:00,1775350627702150000,166338012037375,1975,,,A,1121,80,1121.0,0.0,8.810653834,1.2980945711385277
8427,A_research_2026-04-04_19-55-24_live_round,d6bdafd6aa01457e9e5ab12d9b60db8d,2026-04-05T00:57:07.867066+00:00,1775350627867066000,166338176953416,1975,,,A,1122,40,1125.5,-7.0,8.975569875,1.2980945711385277
8432,A_research_2026-04-04_19-55-24_live_round,d6bdafd6aa01457e9e5ab12d9b60db8d,2026-04-05T00:57:07.889505+00:00,1775350627889505000,166338199392875,1975,,,A,1122,60,1125.0,-6.0,8.998009334,1.2980945711385277
8446,A_research_2026-04-04_19-55-24_live_round,d6bdafd6aa01457e9e5ab12d9b60db8d,2026-04-05T00:57:08.089336+00:00,1775350628089336000,166338399223916,1975,,,A,1132,40,1133.5,-3.0,9.197840375,1.2980945711385277
8451,A_research_2026-04-04_19-55-24_live_round,d6bdafd6aa01457e9e5ab12d9b60db8d,2026-04-05T00:57:08.110667+00:00,1775350628110667000,166338420555416,1975,,,A,1132,60,1133.0,-2.0,9.219171875,1.2980945711385277
8465,A_research_2026-04-04_19-55-24_live_round,d6bdafd6aa01457e9e5ab12d9b60db8d,2026-04-05T00:57:08.273310+00:00,1775350628273310000,166338583198250,1975,,,A,1138,40,1142.5,-9.0,9.381814709,1.2980945711385277
8470,A_research_2026-04-04_19-55-24_live_round,d6bdafd6aa01457e9e5ab12d9b60db8d,2026-04-05T00:57:08.293951+00:00,1775350628293951000,166338603839791,1975,,,A,1138,60,1142.0,-8.0,9.40245625,1.2980945711385277
8475,A_research_2026-04-04_19-55-24_live_round,d6bdafd6aa01457e9e5ab12d9b60db8d,2026-04-05T00:57:08.308139+00:00,1775350628308139000,166338618028000,1975,,,A,1141,40,1143.0,-4.0,9.416644459,1.2980945711385277
8476,A_research_2026-04-04_19-55-24_live_round,d6bdafd6aa01457e9e5ab12d9b60db8d,2026-04-05T00:57:08.308217+00:00,1775350628308217000,166338618106458,1975,,,A,1142,40,1143.0,-4.0,9.416722917,1.2980945711385277
8482,A_research_2026-04-04_19-55-24_live_round,d6bdafd6aa01457e9e5ab12d9b60db8d,2026-04-05T00:57:08.321585+00:00,1775350628321585000,166338631473833,1975,,,A,1142,20,1143.0,-2.0,9.430090292,1.2980945711385277
8483,A_research_2026-04-04_19-55-24_live_round,d6bdafd6aa01457e9e5ab12d9b60db8d,2026-04-05T00:57:08.321671+00:00,1775350628321671000,166338631559791,1975,,,A,1143,80,1143.0,-2.0,9.43017625,1.2980945711385277
8491,A_research_2026-04-04_19-55-24_live_round,d6bdafd6aa01457e9e5ab12d9b60db8d,2026-04-05T00:57:08.480010+00:00,1775350628480010000,166338789899250,1975,,,A,1144,40,1151.0,-14.0,9.588515709,1.2980945711385277
8496,A_research_2026-04-04_19-55-24_live_round,d6bdafd6aa01457e9e5ab12d9b60db8d,2026-04-05T00:57:08.499990+00:00,1775350628499990000,166338809878875,1975,,,A,1144,60,1150.5,-13.0,9.608495334,1.2980945711385277
8501,A_research_2026-04-04_19-55-24_live_round,d6bdafd6aa01457e9e5ab12d9b60db8d,2026-04-05T00:57:08.511627+00:00,1775350628511627000,166338821515958,1975,,,A,1153,40,1154.5,-3.0,9.620132417,1.2980945711385277
8502,A_research_2026-04-04_19-55-24_live_round,d6bdafd6aa01457e9e5ab12d9b60db8d,2026-04-05T00:57:08.511709+00:00,1775350628511709000,166338821598625,1975,,,A,1154,40,1154.5,-3.0,9.620215084,1.2980945711385277
8508,A_research_2026-04-04_19-55-24_live_round,d6bdafd6aa01457e9e5ab12d9b60db8d,2026-04-05T00:57:08.525518+00:00,1775350628525518000,166338835407291,1975,,,A,1154,20,1154.5,-1.0,9.63402375,1.2980945711385277
8509,A_research_2026-04-04_19-55-24_live_round,d6bdafd6aa01457e9e5ab12d9b60db8d,2026-04-05T00:57:08.525600+00:00,1775350628525600000,166338835489333,1975,,,A,1155,80,1154.5,-1.0,9.634105792,1.2980945711385277
8516,A_research_2026-04-04_19-55-24_live_round,d6bdafd6aa01457e9e5ab12d9b60db8d,2026-04-05T00:57:08.672503+00:00,1775350628672503000,166338982392750,1975,,,A,1156,40,1164.5,-17.0,9.781009209,1.2980945711385277
8521,A_research_2026-04-04_19-55-24_live_round,d6bdafd6aa01457e9e5ab12d9b60db8d,2026-04-05T00:57:08.689268+00:00,1775350628689268000,166338999158000,1975,,,A,1156,60,1164.0,-16.0,9.797774459,1.2980945711385277
8526,A_research_2026-04-04_19-55-24_live_round,d6bdafd6aa01457e9e5ab12d9b60db8d,2026-04-05T00:57:08.707313+00:00,1775350628707313000,166339017202833,1975,,,A,1164,40,1167.5,-7.0,9.815819292,1.2980945711385277
8527,A_research_2026-04-04_19-55-24_live_round,d6bdafd6aa01457e9e5ab12d9b60db8d,2026-04-05T00:57:08.708673+00:00,1775350628708673000,166339018562416,1975,,,A,1165,40,1167.5,-7.0,9.817178875,1.2980945711385277
8533,A_research_2026-04-04_19-55-24_live_round,d6bdafd6aa01457e9e5ab12d9b60db8d,2026-04-05T00:57:08.728965+00:00,1775350628728965000,166339038855000,1975,,,A,1165,20,1167.5,-5.0,9.837471459,1.2980945711385277
8534,A_research_2026-04-04_19-55-24_live_round,d6bdafd6aa01457e9e5ab12d9b60db8d,2026-04-05T00:57:08.729056+00:00,1775350628729056000,166339038946458,1975,,,A,1166,80,1167.5,-5.0,9.837562917,1.2980945711385277
8540,A_research_2026-04-04_19-55-24_live_round,d6bdafd6aa01457e9e5ab12d9b60db8d,2026-04-05T00:57:08.871574+00:00,1775350628871574000,166339181463958,1975,,,A,1167,40,1178.0,-22.0,9.980080417,1.2980945711385277
8545,A_research_2026-04-04_19-55-24_live_round,d6bdafd6aa01457e9e5ab12d9b60db8d,2026-04-05T00:57:08.885279+00:00,1775350628885279000,166339195169291,1975,,,A,1167,60,1177.5,-21.0,9.99378575,1.2980945711385277
8550,A_research_2026-04-04_19-55-24_live_round,d6bdafd6aa01457e9e5ab12d9b60db8d,2026-04-05T00:57:08.896544+00:00,1775350628896544000,166339206434541,1975,,,A,1179,40,1183.0,-8.0,10.005051,1.2980945711385277
8551,A_research_2026-04-04_19-55-24_live_round,d6bdafd6aa01457e9e5ab12d9b60db8d,2026-04-05T00:57:08.896657+00:00,1775350628896657000,166339206547083,1975,,,A,1180,40,1183.0,-8.0,10.005163542,1.2980945711385277
8557,A_research_2026-04-04_19-55-24_live_round,d6bdafd6aa01457e9e5ab12d9b60db8d,2026-04-05T00:57:08.911727+00:00,1775350628911727000,166339221617208,1975,,,A,1180,20,1183.0,-6.0,10.020233667,1.2980945711385277
8558,A_research_2026-04-04_19-55-24_live_round,d6bdafd6aa01457e9e5ab12d9b60db8d,2026-04-05T00:57:08.911810+00:00,1775350628911810000,166339221700750,1975,,,A,1181,80,1183.0,-6.0,10.020317209,1.2980945711385277
8565,A_research_2026-04-04_19-55-24_live_round,d6bdafd6aa01457e9e5ab12d9b60db8d,2026-04-05T00:57:09.145170+00:00,1775350629145170000,166339455060791,1975,,,A,1182,40,1195.5,-27.0,10.25367725,1.2980945711385277
8570,A_research_2026-04-04_19-55-24_live_round,d6bdafd6aa01457e9e5ab12d9b60db8d,2026-04-05T00:57:09.156331+00:00,1775350629156331000,166339466222125,1975,,,A,1182,60,1195.0,-26.0,10.264838584,1.2980945711385277
8575,A_research_2026-04-04_19-55-24_live_round,d6bdafd6aa01457e9e5ab12d9b60db8d,2026-04-05T00:57:09.167303+00:00,1775350629167303000,166339477194541,1975,,,A,1195,40,1201.0,-12.0,10.275811,1.2980945711385277
8576,A_research_2026-04-04_19-55-24_live_round,d6bdafd6aa01457e9e5ab12d9b60db8d,2026-04-05T00:57:09.167385+00:00,1775350629167385000,166339477276375,1975,,,A,1196,40,1201.0,-12.0,10.275892834,1.2980945711385277
8582,A_research_2026-04-04_19-55-24_live_round,d6bdafd6aa01457e9e5ab12d9b60db8d,2026-04-05T00:57:09.181001+00:00,1775350629181001000,166339490892125,1975,,,A,1196,20,1201.0,-10.0,10.289508584,1.2980945711385277
8583,A_research_2026-04-04_19-55-24_live_round,d6bdafd6aa01457e9e5ab12d9b60db8d,2026-04-05T00:57:09.181088+00:00,1775350629181088000,166339490978541,1975,,,A,1197,80,1201.0,-10.0,10.289595,1.2980945711385277
8589,A_research_2026-04-04_19-55-24_live_round,d6bdafd6aa01457e9e5ab12d9b60db8d,2026-04-05T00:57:09.277793+00:00,1775350629277793000,166339587684125,1975,,,A,1198,40,1212.5,-29.0,10.386300584,1.2980945711385277
8594,A_research_2026-04-04_19-55-24_live_round,d6bdafd6aa01457e9e5ab12d9b60db8d,2026-04-05T00:57:09.298809+00:00,1775350629298809000,166339608700250,1975,,,A,1198,60,1212.0,-28.0,10.407316709,1.2980945711385277
8599,A_research_2026-04-04_19-55-24_live_round,d6bdafd6aa01457e9e5ab12d9b60db8d,2026-04-05T00:57:09.313327+00:00,1775350629313327000,166339623218708,1975,,,A,1215,40,1220.0,-10.0,10.421835167,1.2980945711385277
8600,A_research_2026-04-04_19-55-24_live_round,d6bdafd6aa01457e9e5ab12d9b60db8d,2026-04-05T00:57:09.313406+00:00,1775350629313406000,166339623297708,1975,,,A,1216,40,1220.0,-10.0,10.421914167,1.2980945711385277
8606,A_research_2026-04-04_19-55-24_live_round,d6bdafd6aa01457e9e5ab12d9b60db8d,2026-04-05T00:57:09.327041+00:00,1775350629327041000,166339636932208,1975,,,A,1216,20,1220.0,-8.0,10.435548667,1.2980945711385277
8607,A_research_2026-04-04_19-55-24_live_round,d6bdafd6aa01457e9e5ab12d9b60db8d,2026-04-05T00:57:09.327119+00:00,1775350629327119000,166339637010833,1975,,,A,1217,80,1220.0,-8.0,10.435627292,1.2980945711385277
8613,A_research_2026-04-04_19-55-24_live_round,d6bdafd6aa01457e9e5ab12d9b60db8d,2026-04-05T00:57:09.477799+00:00,1775350629477799000,166339787691083,1975,,,A,1218,40,1237.0,-38.0,10.586307542,1.2980945711385277
8618,A_research_2026-04-04_19-55-24_live_round,d6bdafd6aa01457e9e5ab12d9b60db8d,2026-04-05T00:57:09.500771+00:00,1775350629500771000,166339810662541,1975,,,A,1218,60,1236.5,-37.0,10.609279,1.2980945711385277
8623,A_research_2026-04-04_19-55-24_live_round,d6bdafd6aa01457e9e5ab12d9b60db8d,2026-04-05T00:57:09.516546+00:00,1775350629516546000,166339826438041,1975,,,A,1233,40,1243.5,-21.0,10.6250545,1.2980945711385277
8624,A_research_2026-04-04_19-55-24_live_round,d6bdafd6aa01457e9e5ab12d9b60db8d,2026-04-05T00:57:09.516622+00:00,1775350629516622000,166339826514166,1975,,,A,1234,40,1243.5,-21.0,10.625130625,1.2980945711385277
8630,A_research_2026-04-04_19-55-24_live_round,d6bdafd6aa01457e9e5ab12d9b60db8d,2026-04-05T00:57:09.529962+00:00,1775350629529962000,166339839854000,1975,,,A,1234,20,1243.5,-19.0,10.638470459,1.2980945711385277
8631,A_research_2026-04-04_19-55-24_live_round,d6bdafd6aa01457e9e5ab12d9b60db8d,2026-04-05T00:57:09.530037+00:00,1775350629530037000,166339839928625,1975,,,A,1235,80,1243.5,-19.0,10.638545084,1.2980945711385277
8637,A_research_2026-04-04_19-55-24_live_round,d6bdafd6aa01457e9e5ab12d9b60db8d,2026-04-05T00:57:09.687416+00:00,1775350629687416000,166339997307458,1975,,,A,1236,40,1262.5,-53.0,10.795923917,1.2980945711385277
8642,A_research_2026-04-04_19-55-24_live_round,d6bdafd6aa01457e9e5ab12d9b60db8d,2026-04-05T00:57:09.707094+00:00,1775350629707094000,166340016986208,1975,,,A,1236,60,1262.0,-52.0,10.815602667,1.2980945711385277
8647,A_research_2026-04-04_19-55-24_live_round,d6bdafd6aa01457e9e5ab12d9b60db8d,2026-04-05T00:57:09.718874+00:00,1775350629718874000,166340028766458,1975,,,A,1262,40,1274.5,-25.0,10.827382917,1.2980945711385277
8648,A_research_2026-04-04_19-55-24_live_round,d6bdafd6aa01457e9e5ab12d9b60db8d,2026-04-05T00:57:09.718976+00:00,1775350629718976000,166340028868541,1975,,,A,1263,40,1274.5,-25.0,10.827485,1.2980945711385277
8654,A_research_2026-04-04_19-55-24_live_round,d6bdafd6aa01457e9e5ab12d9b60db8d,2026-04-05T00:57:09.732733+00:00,1775350629732733000,166340042625041,1975,,,A,1263,20,1274.5,-23.0,10.8412415,1.2980945711385277
8655,A_research_2026-04-04_19-55-24_live_round,d6bdafd6aa01457e9e5ab12d9b60db8d,2026-04-05T00:57:09.732812+00:00,1775350629732812000,166340042704500,1975,,,A,1264,80,1274.5,-23.0,10.841320959,1.2980945711385277
8661,A_research_2026-04-04_19-55-24_live_round,d6bdafd6aa01457e9e5ab12d9b60db8d,2026-04-05T00:57:09.874747+00:00,1775350629874747000,166340184640083,1975,,,A,1265,40,1297.0,-64.0,10.983256542,1.2980945711385277
8666,A_research_2026-04-04_19-55-24_live_round,d6bdafd6aa01457e9e5ab12d9b60db8d,2026-04-05T00:57:09.887087+00:00,1775350629887087000,166340196980000,1975,,,A,1265,60,1296.5,-63.0,10.995596459,1.2980945711385277
8671,A_research_2026-04-04_19-55-24_live_round,d6bdafd6aa01457e9e5ab12d9b60db8d,2026-04-05T00:57:09.897908+00:00,1775350629897908000,166340207801250,1975,,,A,1295,40,1311.0,-32.0,11.006417709,1.2980945711385277
8672,A_research_2026-04-04_19-55-24_live_round,d6bdafd6aa01457e9e5ab12d9b60db8d,2026-04-05T00:57:09.897990+00:00,1775350629897990000,166340207883375,1975,,,A,1296,40,1311.0,-32.0,11.006499834,1.2980945711385277
8678,A_research_2026-04-04_19-55-24_live_round,d6bdafd6aa01457e9e5ab12d9b60db8d,2026-04-05T00:57:09.911597+00:00,1775350629911597000,166340221489333,1975,,,A,1296,20,1311.0,-30.0,11.020105792,1.2980945711385277
8679,A_research_2026-04-04_19-55-24_live_round,d6bdafd6aa01457e9e5ab12d9b60db8d,2026-04-05T00:57:09.911738+00:00,1775350629911738000,166340221631083,1975,,,A,1297,80,1311.0,-30.0,11.020247542,1.2980945711385277
8686,A_research_2026-04-04_19-55-24_live_round,d6bdafd6aa01457e9e5ab12d9b60db8d,2026-04-05T00:57:10.080373+00:00,1775350630080373000,166340390265791,1975,,,A,1298,40,1313.0,-30.0,11.18888225,1.2980945711385277
8691,A_research_2026-04-04_19-55-24_live_round,d6bdafd6aa01457e9e5ab12d9b60db8d,2026-04-05T00:57:10.102028+00:00,1775350630102028000,166340411921125,1975,,,A,1298,60,1312.5,-29.0,11.210537584,1.2980945711385277
9704,A_research_2026-04-04_19-55-24_live_round,d6bdafd6aa01457e9e5ab12d9b60db8d,2026-04-05T00:57:22.617382+00:00,1775350642617382000,166352927306000,1975,,,A,1333,40,1333.5,-1.0,23.725922459,1.2980945711385277
9705,A_research_2026-04-04_19-55-24_live_round,d6bdafd6aa01457e9e5ab12d9b60db8d,2026-04-05T00:57:22.617512+00:00,1775350642617512000,166352927436500,1975,,,A,1334,60,1333.5,-1.0,23.726052959,1.2980945711385277
9774,A_research_2026-04-04_19-55-24_live_round,d6bdafd6aa01457e9e5ab12d9b60db8d,2026-04-05T00:57:23.422259+00:00,1775350643422259000,166353732185000,1975,,,A,1326,40,1325.0,-2.0,24.530801459,1.2980945711385277
9775,A_research_2026-04-04_19-55-24_live_round,d6bdafd6aa01457e9e5ab12d9b60db8d,2026-04-05T00:57:23.422355+00:00,1775350643422355000,166353732281208,1975,,,A,1325,60,1325.0,-2.0,24.530897667,1.2980945711385277
9776,A_research_2026-04-04_19-55-24_live_round,d6bdafd6aa01457e9e5ab12d9b60db8d,2026-04-05T00:57:23.422434+00:00,1775350643422434000,166353732359958,1975,,,A,1324,80,1325.0,-2.0,24.530976417,1.2980945711385277
9877,A_research_2026-04-04_19-55-24_live_round,d6bdafd6aa01457e9e5ab12d9b60db8d,2026-04-05T00:57:24.630083+00:00,1775350644630083000,166354940011625,1975,,,A,1321,40,1320.0,-2.0,25.738628084,1.2980945711385277
9878,A_research_2026-04-04_19-55-24_live_round,d6bdafd6aa01457e9e5ab12d9b60db8d,2026-04-05T00:57:24.630229+00:00,1775350644630229000,166354940158208,1975,,,A,1320,60,1320.0,-2.0,25.738774667,1.2980945711385277
9879,A_research_2026-04-04_19-55-24_live_round,d6bdafd6aa01457e9e5ab12d9b60db8d,2026-04-05T00:57:24.630325+00:00,1775350644630325000,166354940254333,1975,,,A,1319,80,1320.0,-2.0,25.738870792,1.2980945711385277
9880,A_research_2026-04-04_19-55-24_live_round,d6bdafd6aa01457e9e5ab12d9b60db8d,2026-04-05T00:57:24.630421+00:00,1775350644630421000,166354940350083,1975,,,A,1319,20,1320.0,-2.0,25.738966542,1.2980945711385277
10158,A_research_2026-04-04_19-55-24_live_round,d6bdafd6aa01457e9e5ab12d9b60db8d,2026-04-05T00:57:28.079726+00:00,1775350648079726000,166358389663208,1975,,,A,1331,40,1331.5,-1.0,29.188279667,1.2980945711385277
10159,A_research_2026-04-04_19-55-24_live_round,d6bdafd6aa01457e9e5ab12d9b60db8d,2026-04-05T00:57:28.079850+00:00,1775350648079850000,166358389787916,1975,,,A,1332,60,1331.5,-1.0,29.188404375,1.2980945711385277
10296,A_research_2026-04-04_19-55-24_live_round,d6bdafd6aa01457e9e5ab12d9b60db8d,2026-04-05T00:57:29.786777+00:00,1775350649786777000,166360096718041,2100,,,A,1316,40,1316.0,0.0,0.625694375,1.014716786770191
10314,A_research_2026-04-04_19-55-24_live_round,d6bdafd6aa01457e9e5ab12d9b60db8d,2026-04-05T00:57:29.996162+00:00,1775350649996162000,166360306104375,2100,,,A,1313,40,1312.5,-1.0,0.835080709,1.014716786770191
10319,A_research_2026-04-04_19-55-24_live_round,d6bdafd6aa01457e9e5ab12d9b60db8d,2026-04-05T00:57:30.023625+00:00,1775350650023625000,166360333566958,2100,,,A,1313,60,1313.0,0.0,0.862543292,1.014716786770191
10349,A_research_2026-04-04_19-55-24_live_round,d6bdafd6aa01457e9e5ab12d9b60db8d,2026-04-05T00:57:30.385488+00:00,1775350650385488000,166360695431083,2100,,,A,1303,40,1302.5,-1.0,1.224407417,1.014716786770191
10354,A_research_2026-04-04_19-55-24_live_round,d6bdafd6aa01457e9e5ab12d9b60db8d,2026-04-05T00:57:30.401891+00:00,1775350650401891000,166360711833750,2100,,,A,1303,60,1303.0,0.0,1.240810084,1.014716786770191
10370,A_research_2026-04-04_19-55-24_live_round,d6bdafd6aa01457e9e5ab12d9b60db8d,2026-04-05T00:57:30.646809+00:00,1775350650646809000,166360956752791,2100,,,A,1300,40,1298.0,-4.0,1.485729125,1.014716786770191
10375,A_research_2026-04-04_19-55-24_live_round,d6bdafd6aa01457e9e5ab12d9b60db8d,2026-04-05T00:57:30.661181+00:00,1775350650661181000,166360971124500,2100,,,A,1300,60,1298.5,-3.0,1.500100834,1.014716786770191
10389,A_research_2026-04-04_19-55-24_live_round,d6bdafd6aa01457e9e5ab12d9b60db8d,2026-04-05T00:57:30.794825+00:00,1775350650794825000,166361104768958,2100,,,A,1293,40,1292.5,-1.0,1.633745292,1.014716786770191
10394,A_research_2026-04-04_19-55-24_live_round,d6bdafd6aa01457e9e5ab12d9b60db8d,2026-04-05T00:57:30.817787+00:00,1775350650817787000,166361127730625,2100,,,A,1293,60,1293.0,0.0,1.656706959,1.014716786770191
10422,A_research_2026-04-04_19-55-24_live_round,d6bdafd6aa01457e9e5ab12d9b60db8d,2026-04-05T00:57:31.211758+00:00,1775350651211758000,166361521702666,2100,,,A,1286,40,1286.0,0.0,2.050679,1.014716786770191
10441,A_research_2026-04-04_19-55-24_live_round,d6bdafd6aa01457e9e5ab12d9b60db8d,2026-04-05T00:57:31.390820+00:00,1775350651390820000,166361700765625,2100,,,A,1283,40,1282.0,-2.0,2.229741959,1.014716786770191
10446,A_research_2026-04-04_19-55-24_live_round,d6bdafd6aa01457e9e5ab12d9b60db8d,2026-04-05T00:57:31.405529+00:00,1775350651405529000,166361715475166,2100,,,A,1283,60,1282.5,-1.0,2.2444515,1.014716786770191
10461,A_research_2026-04-04_19-55-24_live_round,d6bdafd6aa01457e9e5ab12d9b60db8d,2026-04-05T00:57:31.727732+00:00,1775350651727732000,166362037678416,2100,,,A,1277,40,1275.5,-3.0,2.56665475,1.014716786770191
10466,A_research_2026-04-04_19-55-24_live_round,d6bdafd6aa01457e9e5ab12d9b60db8d,2026-04-05T00:57:31.742441+00:00,1775350651742441000,166362052387000,2100,,,A,1277,60,1276.0,-2.0,2.581363334,1.014716786770191
10480,A_research_2026-04-04_19-55-24_live_round,d6bdafd6aa01457e9e5ab12d9b60db8d,2026-04-05T00:57:31.807491+00:00,1775350651807491000,166362117437458,2100,,,A,1272,40,1268.5,-7.0,2.646413792,1.014716786770191
10485,A_research_2026-04-04_19-55-24_live_round,d6bdafd6aa01457e9e5ab12d9b60db8d,2026-04-05T00:57:31.830942+00:00,1775350651830942000,166362140888958,2100,,,A,1272,60,1269.0,-6.0,2.669865292,1.014716786770191
10490,A_research_2026-04-04_19-55-24_live_round,d6bdafd6aa01457e9e5ab12d9b60db8d,2026-04-05T00:57:31.847453+00:00,1775350651847453000,166362157399666,2100,,,A,1268,40,1267.5,-1.0,2.686376,1.014716786770191
10491,A_research_2026-04-04_19-55-24_live_round,d6bdafd6aa01457e9e5ab12d9b60db8d,2026-04-05T00:57:31.847604+00:00,1775350651847604000,166362157550625,2100,,,A,1267,40,1267.5,-1.0,2.686526959,1.014716786770191
10503,A_research_2026-04-04_19-55-24_live_round,d6bdafd6aa01457e9e5ab12d9b60db8d,2026-04-05T00:57:31.995725+00:00,1775350651995725000,166362305672416,2100,,,A,1265,40,1261.0,-8.0,2.83464875,1.014716786770191
10508,A_research_2026-04-04_19-55-24_live_round,d6bdafd6aa01457e9e5ab12d9b60db8d,2026-04-05T00:57:32.020987+00:00,1775350652020987000,166362330934208,2100,,,A,1265,60,1261.5,-7.0,2.859910542,1.014716786770191
10513,A_research_2026-04-04_19-55-24_live_round,d6bdafd6aa01457e9e5ab12d9b60db8d,2026-04-05T00:57:32.045847+00:00,1775350652045847000,166362355794208,2100,,,A,1259,40,1259.0,0.0,2.884770542,1.014716786770191
10523,A_research_2026-04-04_19-55-24_live_round,d6bdafd6aa01457e9e5ab12d9b60db8d,2026-04-05T00:57:32.219808+00:00,1775350652219808000,166362529755583,2100,,,A,1256,40,1254.0,-4.0,3.058731917,1.014716786770191
10528,A_research_2026-04-04_19-55-24_live_round,d6bdafd6aa01457e9e5ab12d9b60db8d,2026-04-05T00:57:32.239668+00:00,1775350652239668000,166362549615500,2100,,,A,1256,60,1254.5,-3.0,3.078591834,1.014716786770191
10543,A_research_2026-04-04_19-55-24_live_round,d6bdafd6aa01457e9e5ab12d9b60db8d,2026-04-05T00:57:32.406943+00:00,1775350652406943000,166362716891333,2100,,,A,1248,40,1248.0,0.0,3.245867667,1.014716786770191
10560,A_research_2026-04-04_19-55-24_live_round,d6bdafd6aa01457e9e5ab12d9b60db8d,2026-04-05T00:57:32.609434+00:00,1775350652609434000,166362919382791,2100,,,A,1243,40,1242.0,-2.0,3.448359125,1.014716786770191
10565,A_research_2026-04-04_19-55-24_live_round,d6bdafd6aa01457e9e5ab12d9b60db8d,2026-04-05T00:57:32.630918+00:00,1775350652630918000,166362940866833,2100,,,A,1243,60,1242.5,-1.0,3.469843167,1.014716786770191
10579,A_research_2026-04-04_19-55-24_live_round,d6bdafd6aa01457e9e5ab12d9b60db8d,2026-04-05T00:57:32.716063+00:00,1775350652716063000,166363026011708,2100,,,A,1239,100,1233.5,-11.0,3.554988042,1.014716786770191
10580,A_research_2026-04-04_19-55-24_live_round,d6bdafd6aa01457e9e5ab12d9b60db8d,2026-04-05T00:57:32.716199+00:00,1775350652716199000,166363026147875,2100,,,A,1235,40,1233.5,-11.0,3.555124209,1.014716786770191
10581,A_research_2026-04-04_19-55-24_live_round,d6bdafd6aa01457e9e5ab12d9b60db8d,2026-04-05T00:57:32.716312+00:00,1775350652716312000,166363026261208,2100,,,A,1234,60,1233.5,-11.0,3.555237542,1.014716786770191
10599,A_research_2026-04-04_19-55-24_live_round,d6bdafd6aa01457e9e5ab12d9b60db8d,2026-04-05T00:57:33.000597+00:00,1775350653000597000,166363310546083,2100,,,A,1232,40,1231.5,-1.0,3.839522417,1.014716786770191
10604,A_research_2026-04-04_19-55-24_live_round,d6bdafd6aa01457e9e5ab12d9b60db8d,2026-04-05T00:57:33.015448+00:00,1775350653015448000,166363325397291,2100,,,A,1232,60,1232.0,0.0,3.854373625,1.014716786770191
10620,A_research_2026-04-04_19-55-24_live_round,d6bdafd6aa01457e9e5ab12d9b60db8d,2026-04-05T00:57:33.268341+00:00,1775350653268341000,166363578291041,2100,,,A,1227,40,1227.0,0.0,4.107267375,1.014716786770191
10638,A_research_2026-04-04_19-55-24_live_round,d6bdafd6aa01457e9e5ab12d9b60db8d,2026-04-05T00:57:33.413075+00:00,1775350653413075000,166363723025458,2100,,,A,1222,40,1221.5,-1.0,4.252001792,1.014716786770191
10643,A_research_2026-04-04_19-55-24_live_round,d6bdafd6aa01457e9e5ab12d9b60db8d,2026-04-05T00:57:33.434299+00:00,1775350653434299000,166363744249833,2100,,,A,1222,60,1222.0,0.0,4.273226167,1.014716786770191
10658,A_research_2026-04-04_19-55-24_live_round,d6bdafd6aa01457e9e5ab12d9b60db8d,2026-04-05T00:57:33.613171+00:00,1775350653613171000,166363923121375,2100,,,A,1218,40,1218.0,0.0,4.452097709,1.014716786770191
10675,A_research_2026-04-04_19-55-24_live_round,d6bdafd6aa01457e9e5ab12d9b60db8d,2026-04-05T00:57:33.823637+00:00,1775350653823637000,166364133588750,2100,,,A,1212,40,1211.5,-1.0,4.662565084,1.014716786770191
10680,A_research_2026-04-04_19-55-24_live_round,d6bdafd6aa01457e9e5ab12d9b60db8d,2026-04-05T00:57:33.842898+00:00,1775350653842898000,166364152849583,2100,,,A,1212,60,1212.0,0.0,4.681825917,1.014716786770191
10695,A_research_2026-04-04_19-55-24_live_round,d6bdafd6aa01457e9e5ab12d9b60db8d,2026-04-05T00:57:34.004575+00:00,1775350654004575000,166364314527250,2100,,,A,1209,40,1207.5,-3.0,4.843503584,1.014716786770191
10700,A_research_2026-04-04_19-55-24_live_round,d6bdafd6aa01457e9e5ab12d9b60db8d,2026-04-05T00:57:34.019708+00:00,1775350654019708000,166364329660125,2100,,,A,1209,60,1208.0,-2.0,4.858636459,1.014716786770191
10729,A_research_2026-04-04_19-55-24_live_round,d6bdafd6aa01457e9e5ab12d9b60db8d,2026-04-05T00:57:34.432443+00:00,1775350654432443000,166364742395208,2100,,,A,1197,40,1197.0,0.0,5.271371542,1.014716786770191
10747,A_research_2026-04-04_19-55-24_live_round,d6bdafd6aa01457e9e5ab12d9b60db8d,2026-04-05T00:57:34.615491+00:00,1775350654615491000,166364925444291,2100,,,A,1194,40,1192.5,-3.0,5.454420625,1.014716786770191
10752,A_research_2026-04-04_19-55-24_live_round,d6bdafd6aa01457e9e5ab12d9b60db8d,2026-04-05T00:57:34.643563+00:00,1775350654643563000,166364953516625,2100,,,A,1194,60,1193.0,-2.0,5.482492959,1.014716786770191
10767,A_research_2026-04-04_19-55-24_live_round,d6bdafd6aa01457e9e5ab12d9b60db8d,2026-04-05T00:57:34.834657+00:00,1775350654834657000,166365144610833,2100,,,A,1188,40,1188.0,0.0,5.673587167,1.014716786770191
10784,A_research_2026-04-04_19-55-24_live_round,d6bdafd6aa01457e9e5ab12d9b60db8d,2026-04-05T00:57:35.017927+00:00,1775350655017927000,166365327881750,2100,,,A,1182,40,1181.0,-2.0,5.856858084,1.014716786770191
10789,A_research_2026-04-04_19-55-24_live_round,d6bdafd6aa01457e9e5ab12d9b60db8d,2026-04-05T00:57:35.043205+00:00,1775350655043205000,166365353158916,2100,,,A,1182,60,1181.5,-1.0,5.88213525,1.014716786770191
10794,A_research_2026-04-04_19-55-24_live_round,d6bdafd6aa01457e9e5ab12d9b60db8d,2026-04-05T00:57:35.069790+00:00,1775350655069790000,166365379744250,2100,,,A,1182,40,1182.0,0.0,5.908720584,1.014716786770191
10806,A_research_2026-04-04_19-55-24_live_round,d6bdafd6aa01457e9e5ab12d9b60db8d,2026-04-05T00:57:35.224719+00:00,1775350655224719000,166365534673291,2100,,,A,1179,40,1177.5,-3.0,6.063649625,1.014716786770191
10811,A_research_2026-04-04_19-55-24_live_round,d6bdafd6aa01457e9e5ab12d9b60db8d,2026-04-05T00:57:35.251982+00:00,1775350655251982000,166365561936333,2100,,,A,1179,60,1178.0,-2.0,6.090912667,1.014716786770191
10840,A_research_2026-04-04_19-55-24_live_round,d6bdafd6aa01457e9e5ab12d9b60db8d,2026-04-05T00:57:35.613150+00:00,1775350655613150000,166365923105958,2100,,,A,1167,40,1165.5,-3.0,6.452082292,1.014716786770191
10845,A_research_2026-04-04_19-55-24_live_round,d6bdafd6aa01457e9e5ab12d9b60db8d,2026-04-05T00:57:35.629716+00:00,1775350655629716000,166365939671916,2100,,,A,1167,60,1166.0,-2.0,6.46864825,1.014716786770191
10850,A_research_2026-04-04_19-55-24_live_round,d6bdafd6aa01457e9e5ab12d9b60db8d,2026-04-05T00:57:35.646226+00:00,1775350655646226000,166365956182166,2100,,,A,1166,40,1166.0,0.0,6.4851585,1.014716786770191
10863,A_research_2026-04-04_19-55-24_live_round,d6bdafd6aa01457e9e5ab12d9b60db8d,2026-04-05T00:57:35.895400+00:00,1775350655895400000,166366205356708,2100,,,A,1163,40,1161.0,-4.0,6.734333042,1.014716786770191
10868,A_research_2026-04-04_19-55-24_live_round,d6bdafd6aa01457e9e5ab12d9b60db8d,2026-04-05T00:57:35.910423+00:00,1775350655910423000,166366220379041,2100,,,A,1163,60,1161.5,-3.0,6.749355375,1.014716786770191
10882,A_research_2026-04-04_19-55-24_live_round,d6bdafd6aa01457e9e5ab12d9b60db8d,2026-04-05T00:57:36.026546+00:00,1775350656026546000,166366336502958,2100,,,A,1155,40,1154.5,-1.0,6.865479292,1.014716786770191
10887,A_research_2026-04-04_19-55-24_live_round,d6bdafd6aa01457e9e5ab12d9b60db8d,2026-04-05T00:57:36.052039+00:00,1775350656052039000,166366361996125,2100,,,A,1155,60,1155.0,0.0,6.890972459,1.014716786770191
10901,A_research_2026-04-04_19-55-24_live_round,d6bdafd6aa01457e9e5ab12d9b60db8d,2026-04-05T00:57:36.218231+00:00,1775350656218231000,166366528188125,2100,,,A,1150,40,1148.0,-4.0,7.057164459,1.014716786770191
10906,A_research_2026-04-04_19-55-24_live_round,d6bdafd6aa01457e9e5ab12d9b60db8d,2026-04-05T00:57:36.247316+00:00,1775350656247316000,166366557273625,2100,,,A,1150,60,1148.5,-3.0,7.086249959,1.014716786770191
10911,A_research_2026-04-04_19-55-24_live_round,d6bdafd6aa01457e9e5ab12d9b60db8d,2026-04-05T00:57:36.271734+00:00,1775350656271734000,166366581691041,2100,,,A,1148,40,1148.0,0.0,7.110667375,1.014716786770191
10923,A_research_2026-04-04_19-55-24_live_round,d6bdafd6aa01457e9e5ab12d9b60db8d,2026-04-05T00:57:36.439609+00:00,1775350656439609000,166366749566625,2100,,,A,1145,40,1142.0,-6.0,7.278542959,1.014716786770191
10928,A_research_2026-04-04_19-55-24_live_round,d6bdafd6aa01457e9e5ab12d9b60db8d,2026-04-05T00:57:36.461559+00:00,1775350656461559000,166366771517541,2100,,,A,1145,60,1142.5,-5.0,7.300493875,1.014716786770191
10942,A_research_2026-04-04_19-55-24_live_round,d6bdafd6aa01457e9e5ab12d9b60db8d,2026-04-05T00:57:36.618108+00:00,1775350656618108000,166366928066916,2100,,,A,1137,40,1136.0,-2.0,7.45704325,1.014716786770191
10947,A_research_2026-04-04_19-55-24_live_round,d6bdafd6aa01457e9e5ab12d9b60db8d,2026-04-05T00:57:36.633025+00:00,1775350656633025000,166366942983791,2100,,,A,1137,60,1136.5,-1.0,7.471960125,1.014716786770191
10961,A_research_2026-04-04_19-55-24_live_round,d6bdafd6aa01457e9e5ab12d9b60db8d,2026-04-05T00:57:36.866322+00:00,1775350656866322000,166367176280500,2100,,,A,1130,40,1128.5,-3.0,7.705256834,1.014716786770191
10966,A_research_2026-04-04_19-55-24_live_round,d6bdafd6aa01457e9e5ab12d9b60db8d,2026-04-05T00:57:36.893122+00:00,1775350656893122000,166367203080833,2100,,,A,1130,60,1129.0,-2.0,7.732057167,1.014716786770191
10971,A_research_2026-04-04_19-55-24_live_round,d6bdafd6aa01457e9e5ab12d9b60db8d,2026-04-05T00:57:36.908506+00:00,1775350656908506000,166367218465041,2100,,,A,1129,40,1129.0,0.0,7.747441375,1.014716786770191
10982,A_research_2026-04-04_19-55-24_live_round,d6bdafd6aa01457e9e5ab12d9b60db8d,2026-04-05T00:57:37.030892+00:00,1775350657030892000,166367340851250,2100,,,A,1126,40,1123.5,-5.0,7.869827584,1.014716786770191
10987,A_research_2026-04-04_19-55-24_live_round,d6bdafd6aa01457e9e5ab12d9b60db8d,2026-04-05T00:57:37.054857+00:00,1775350657054857000,166367364815875,2100,,,A,1126,60,1124.0,-4.0,7.893792209,1.014716786770191
11001,A_research_2026-04-04_19-55-24_live_round,d6bdafd6aa01457e9e5ab12d9b60db8d,2026-04-05T00:57:37.225688+00:00,1775350657225688000,166367535647833,2100,,,A,1118,40,1116.5,-3.0,8.064624167,1.014716786770191
11006,A_research_2026-04-04_19-55-24_live_round,d6bdafd6aa01457e9e5ab12d9b60db8d,2026-04-05T00:57:37.248144+00:00,1775350657248144000,166367558104333,2100,,,A,1118,60,1117.0,-2.0,8.087080667,1.014716786770191
11035,A_research_2026-04-04_19-55-24_live_round,d6bdafd6aa01457e9e5ab12d9b60db8d,2026-04-05T00:57:37.633788+00:00,1775350657633788000,166367943749166,2100,,,A,1107,40,1106.5,-1.0,8.4727255,1.014716786770191
11053,A_research_2026-04-04_19-55-24_live_round,d6bdafd6aa01457e9e5ab12d9b60db8d,2026-04-05T00:57:37.843348+00:00,1775350657843348000,166368153308875,2100,,,A,1104,40,1101.5,-5.0,8.682285209,1.014716786770191
11058,A_research_2026-04-04_19-55-24_live_round,d6bdafd6aa01457e9e5ab12d9b60db8d,2026-04-05T00:57:37.867242+00:00,1775350657867242000,166368177203750,2100,,,A,1104,60,1102.0,-4.0,8.706180084,1.014716786770191
11073,A_research_2026-04-04_19-55-24_live_round,d6bdafd6aa01457e9e5ab12d9b60db8d,2026-04-05T00:57:38.043681+00:00,1775350658043681000,166368353642166,2100,,,A,1097,40,1094.0,-6.0,8.8826185,1.014716786770191
11078,A_research_2026-04-04_19-55-24_live_round,d6bdafd6aa01457e9e5ab12d9b60db8d,2026-04-05T00:57:38.065500+00:00,1775350658065500000,166368375461750,2100,,,A,1097,60,1094.5,-5.0,8.904438084,1.014716786770191
11083,A_research_2026-04-04_19-55-24_live_round,d6bdafd6aa01457e9e5ab12d9b60db8d,2026-04-05T00:57:38.085654+00:00,1775350658085654000,166368395616000,2100,,,A,1093,40,1093.0,0.0,8.924592334,1.014716786770191
11095,A_research_2026-04-04_19-55-24_live_round,d6bdafd6aa01457e9e5ab12d9b60db8d,2026-04-05T00:57:38.429514+00:00,1775350658429514000,166368739476458,2100,,,A,1090,40,1087.5,-5.0,9.268452792,1.014716786770191
11100,A_research_2026-04-04_19-55-24_live_round,d6bdafd6aa01457e9e5ab12d9b60db8d,2026-04-05T00:57:38.453365+00:00,1775350658453365000,166368763328208,2100,,,A,1090,60,1088.0,-4.0,9.292304542,1.014716786770191
11114,A_research_2026-04-04_19-55-24_live_round,d6bdafd6aa01457e9e5ab12d9b60db8d,2026-04-05T00:57:38.521140+00:00,1775350658521140000,166368831102875,2100,,,A,1082,40,1082.0,0.0,9.360079209,1.014716786770191
11146,A_research_2026-04-04_19-55-24_live_round,d6bdafd6aa01457e9e5ab12d9b60db8d,2026-04-05T00:57:38.836148+00:00,1775350658836148000,166369146111666,2100,,,A,1073,40,1072.5,-1.0,9.675088,1.014716786770191
11151,A_research_2026-04-04_19-55-24_live_round,d6bdafd6aa01457e9e5ab12d9b60db8d,2026-04-05T00:57:38.865231+00:00,1775350658865231000,166369175194833,2100,,,A,1073,60,1073.0,0.0,9.704171167,1.014716786770191
11167,A_research_2026-04-04_19-55-24_live_round,d6bdafd6aa01457e9e5ab12d9b60db8d,2026-04-05T00:57:39.050656+00:00,1775350659050656000,166369360620500,2100,,,A,1070,40,1069.5,-1.0,9.889596834,1.014716786770191
11172,A_research_2026-04-04_19-55-24_live_round,d6bdafd6aa01457e9e5ab12d9b60db8d,2026-04-05T00:57:39.074868+00:00,1775350659074868000,166369384832958,2100,,,A,1070,60,1070.0,0.0,9.913809292,1.014716786770191
11201,A_research_2026-04-04_19-55-24_live_round,d6bdafd6aa01457e9e5ab12d9b60db8d,2026-04-05T00:57:39.459805+00:00,1775350659459805000,166369769770500,2100,,,A,1060,40,1058.0,-4.0,10.298746834,1.014716786770191
11206,A_research_2026-04-04_19-55-24_live_round,d6bdafd6aa01457e9e5ab12d9b60db8d,2026-04-05T00:57:39.483613+00:00,1775350659483613000,166369793578875,2100,,,A,1060,60,1058.5,-3.0,10.322555209,1.014716786770191
11211,A_research_2026-04-04_19-55-24_live_round,d6bdafd6aa01457e9e5ab12d9b60db8d,2026-04-05T00:57:39.508963+00:00,1775350659508963000,166369818928750,2100,,,A,1059,40,1058.5,-1.0,10.347905084,1.014716786770191
11212,A_research_2026-04-04_19-55-24_live_round,d6bdafd6aa01457e9e5ab12d9b60db8d,2026-04-05T00:57:39.509126+00:00,1775350659509126000,166369819091875,2100,,,A,1058,40,1058.5,-1.0,10.348068209,1.014716786770191
11226,A_research_2026-04-04_19-55-24_live_round,d6bdafd6aa01457e9e5ab12d9b60db8d,2026-04-05T00:57:39.643076+00:00,1775350659643076000,166369953041375,2100,,,A,1056,40,1054.0,-4.0,10.482017709,1.014716786770191
11231,A_research_2026-04-04_19-55-24_live_round,d6bdafd6aa01457e9e5ab12d9b60db8d,2026-04-05T00:57:39.665641+00:00,1775350659665641000,166369975606625,2100,,,A,1056,60,1054.5,-3.0,10.504582959,1.014716786770191
11244,A_research_2026-04-04_19-55-24_live_round,d6bdafd6aa01457e9e5ab12d9b60db8d,2026-04-05T00:57:39.840137+00:00,1775350659840137000,166370150103125,2100,,,A,1047,40,1045.0,-4.0,10.679079459,1.014716786770191
11249,A_research_2026-04-04_19-55-24_live_round,d6bdafd6aa01457e9e5ab12d9b60db8d,2026-04-05T00:57:39.859955+00:00,1775350659859955000,166370169921750,2100,,,A,1047,60,1045.5,-3.0,10.698898084,1.014716786770191
11254,A_research_2026-04-04_19-55-24_live_round,d6bdafd6aa01457e9e5ab12d9b60db8d,2026-04-05T00:57:39.887593+00:00,1775350659887593000,166370197559333,2100,,,A,1046,40,1045.5,-1.0,10.726535667,1.014716786770191
11255,A_research_2026-04-04_19-55-24_live_round,d6bdafd6aa01457e9e5ab12d9b60db8d,2026-04-05T00:57:39.889549+00:00,1775350659889549000,166370199515041,2100,,,A,1045,40,1045.5,-1.0,10.728491375,1.014716786770191
11267,A_research_2026-04-04_19-55-24_live_round,d6bdafd6aa01457e9e5ab12d9b60db8d,2026-04-05T00:57:40.086662+00:00,1775350660086662000,166370396628375,2100,,,A,1043,40,1039.5,-7.0,10.925604709,1.014716786770191
11272,A_research_2026-04-04_19-55-24_live_round,d6bdafd6aa01457e9e5ab12d9b60db8d,2026-04-05T00:57:40.111975+00:00,1775350660111975000,166370421941416,2100,,,A,1043,60,1040.0,-6.0,10.95091775,1.014716786770191
12093,A_research_2026-04-04_19-55-24_live_round,d6bdafd6aa01457e9e5ab12d9b60db8d,2026-04-05T00:57:50.297946+00:00,1775350670297946000,166380607938250,2175,,,A,1050,40,1049.5,-1.0,6.150693792,1.014716786770191
12307,A_research_2026-04-04_19-55-24_live_round,d6bdafd6aa01457e9e5ab12d9b60db8d,2026-04-05T00:57:52.910290+00:00,1775350672910290000,166383220287416,2175,,,A,1036,40,1035.5,-1.0,8.763042958,1.014716786770191
12312,A_research_2026-04-04_19-55-24_live_round,d6bdafd6aa01457e9e5ab12d9b60db8d,2026-04-05T00:57:52.929393+00:00,1775350672929393000,166383239391041,2175,,,A,1036,60,1036.0,0.0,8.782146583,1.014716786770191
12328,A_research_2026-04-04_19-55-24_live_round,d6bdafd6aa01457e9e5ab12d9b60db8d,2026-04-05T00:57:53.203585+00:00,1775350673203585000,166383513584041,2175,,,A,1033,40,1031.5,-3.0,9.056339583,1.014716786770191
12333,A_research_2026-04-04_19-55-24_live_round,d6bdafd6aa01457e9e5ab12d9b60db8d,2026-04-05T00:57:53.220443+00:00,1775350673220443000,166383530442666,2175,,,A,1033,60,1032.0,-2.0,9.073198208,1.014716786770191
12347,A_research_2026-04-04_19-55-24_live_round,d6bdafd6aa01457e9e5ab12d9b60db8d,2026-04-05T00:57:53.317355+00:00,1775350673317355000,166383627354208,2175,,,A,1026,40,1025.0,-2.0,9.17010975,1.014716786770191
12352,A_research_2026-04-04_19-55-24_live_round,d6bdafd6aa01457e9e5ab12d9b60db8d,2026-04-05T00:57:53.349294+00:00,1775350673349294000,166383659293708,2175,,,A,1026,60,1025.5,-1.0,9.20204925,1.014716786770191
12366,A_research_2026-04-04_19-55-24_live_round,d6bdafd6aa01457e9e5ab12d9b60db8d,2026-04-05T00:57:53.524854+00:00,1775350673524854000,166383834853250,2175,,,A,1021,40,1019.5,-3.0,9.377608792,1.014716786770191
12371,A_research_2026-04-04_19-55-24_live_round,d6bdafd6aa01457e9e5ab12d9b60db8d,2026-04-05T00:57:53.552022+00:00,1775350673552022000,166383862021291,2175,,,A,1021,60,1020.0,-2.0,9.404776833,1.014716786770191
12386,A_research_2026-04-04_19-55-24_live_round,d6bdafd6aa01457e9e5ab12d9b60db8d,2026-04-05T00:57:53.738801+00:00,1775350673738801000,166384048800791,2175,,,A,1015,40,1014.5,-1.0,9.591556333,1.014716786770191
12391,A_research_2026-04-04_19-55-24_live_round,d6bdafd6aa01457e9e5ab12d9b60db8d,2026-04-05T00:57:53.762298+00:00,1775350673762298000,166384072298833,2175,,,A,1015,60,1015.0,0.0,9.615054375,1.014716786770191
12405,A_research_2026-04-04_19-55-24_live_round,d6bdafd6aa01457e9e5ab12d9b60db8d,2026-04-05T00:57:53.919334+00:00,1775350673919334000,166384229334625,2175,,,A,1009,40,1009.0,0.0,9.772090167,1.014716786770191
12424,A_research_2026-04-04_19-55-24_live_round,d6bdafd6aa01457e9e5ab12d9b60db8d,2026-04-05T00:57:54.159761+00:00,1775350674159761000,166384469761791,2175,,,A,1005,40,1000.5,-9.0,10.012517333,1.014716786770191
12429,A_research_2026-04-04_19-55-24_live_round,d6bdafd6aa01457e9e5ab12d9b60db8d,2026-04-05T00:57:54.206141+00:00,1775350674206141000,166384516142916,2175,,,A,1005,60,1001.0,-8.0,10.058898458,1.014716786770191
12434,A_research_2026-04-04_19-55-24_live_round,d6bdafd6aa01457e9e5ab12d9b60db8d,2026-04-05T00:57:54.223422+00:00,1775350674223422000,166384533423291,2175,,,A,1003,40,1000.5,-5.0,10.076178833,1.014716786770191
12435,A_research_2026-04-04_19-55-24_live_round,d6bdafd6aa01457e9e5ab12d9b60db8d,2026-04-05T00:57:54.223564+00:00,1775350674223564000,166384533565458,2175,,,A,1002,40,1000.5,-5.0,10.076321,1.014716786770191
12441,A_research_2026-04-04_19-55-24_live_round,d6bdafd6aa01457e9e5ab12d9b60db8d,2026-04-05T00:57:54.245312+00:00,1775350674245312000,166384555313875,2175,,,A,1002,20,1000.5,-3.0,10.098069417,1.014716786770191
12442,A_research_2026-04-04_19-55-24_live_round,d6bdafd6aa01457e9e5ab12d9b60db8d,2026-04-05T00:57:54.245509+00:00,1775350674245509000,166384555510583,2175,,,A,1001,80,1000.5,-3.0,10.098266125,1.014716786770191
12451,A_research_2026-04-04_19-55-24_live_round,d6bdafd6aa01457e9e5ab12d9b60db8d,2026-04-05T00:57:54.334484+00:00,1775350674334484000,166384644485541,2175,,,A,1000,40,994.0,-12.0,10.187241083,1.014716786770191
12456,A_research_2026-04-04_19-55-24_live_round,d6bdafd6aa01457e9e5ab12d9b60db8d,2026-04-05T00:57:54.361876+00:00,1775350674361876000,166384671877750,2175,,,A,1000,60,994.5,-11.0,10.214633292,1.014716786770191
12461,A_research_2026-04-04_19-55-24_live_round,d6bdafd6aa01457e9e5ab12d9b60db8d,2026-04-05T00:57:54.385902+00:00,1775350674385902000,166384695904208,2175,,,A,990,40,990.0,0.0,10.23865975,1.014716786770191
12471,A_research_2026-04-04_19-55-24_live_round,d6bdafd6aa01457e9e5ab12d9b60db8d,2026-04-05T00:57:54.529014+00:00,1775350674529014000,166384839016416,2175,,,A,987,40,981.5,-11.0,10.381771958,1.014716786770191
12476,A_research_2026-04-04_19-55-24_live_round,d6bdafd6aa01457e9e5ab12d9b60db8d,2026-04-05T00:57:54.556024+00:00,1775350674556024000,166384866026708,2175,,,A,987,60,982.0,-10.0,10.40878225,1.014716786770191
12481,A_research_2026-04-04_19-55-24_live_round,d6bdafd6aa01457e9e5ab12d9b60db8d,2026-04-05T00:57:54.581712+00:00,1775350674581712000,166384891714416,2175,,,A,982,40,980.0,-4.0,10.434469958,1.014716786770191
12482,A_research_2026-04-04_19-55-24_live_round,d6bdafd6aa01457e9e5ab12d9b60db8d,2026-04-05T00:57:54.583624+00:00,1775350674583624000,166384893626583,2175,,,A,981,40,980.0,-4.0,10.436382125,1.014716786770191
12489,A_research_2026-04-04_19-55-24_live_round,d6bdafd6aa01457e9e5ab12d9b60db8d,2026-04-05T00:57:54.612827+00:00,1775350674612827000,166384922829375,2175,,,A,981,20,980.0,-2.0,10.465584917,1.014716786770191
12490,A_research_2026-04-04_19-55-24_live_round,d6bdafd6aa01457e9e5ab12d9b60db8d,2026-04-05T00:57:54.612962+00:00,1775350674612962000,166384922964291,2175,,,A,980,80,980.0,-2.0,10.465719833,1.014716786770191
12497,A_research_2026-04-04_19-55-24_live_round,d6bdafd6aa01457e9e5ab12d9b60db8d,2026-04-05T00:57:54.768108+00:00,1775350674768108000,166385078110208,2175,,,A,979,40,970.0,-18.0,10.62086575,1.014716786770191
12502,A_research_2026-04-04_19-55-24_live_round,d6bdafd6aa01457e9e5ab12d9b60db8d,2026-04-05T00:57:54.793916+00:00,1775350674793916000,166385103918666,2175,,,A,979,60,970.5,-17.0,10.646674208,1.014716786770191
12507,A_research_2026-04-04_19-55-24_live_round,d6bdafd6aa01457e9e5ab12d9b60db8d,2026-04-05T00:57:54.811365+00:00,1775350674811365000,166385121368375,2175,,,A,970,40,966.5,-7.0,10.664123917,1.014716786770191
12508,A_research_2026-04-04_19-55-24_live_round,d6bdafd6aa01457e9e5ab12d9b60db8d,2026-04-05T00:57:54.811594+00:00,1775350674811594000,166385121597166,2175,,,A,969,40,966.5,-7.0,10.664352708,1.014716786770191
12514,A_research_2026-04-04_19-55-24_live_round,d6bdafd6aa01457e9e5ab12d9b60db8d,2026-04-05T00:57:54.832536+00:00,1775350674832536000,166385142538708,2175,,,A,969,20,966.5,-5.0,10.68529425,1.014716786770191
12515,A_research_2026-04-04_19-55-24_live_round,d6bdafd6aa01457e9e5ab12d9b60db8d,2026-04-05T00:57:54.832686+00:00,1775350674832686000,166385142689125,2175,,,A,968,80,966.5,-5.0,10.685444667,1.014716786770191
12522,A_research_2026-04-04_19-55-24_live_round,d6bdafd6aa01457e9e5ab12d9b60db8d,2026-04-05T00:57:54.936832+00:00,1775350674936832000,166385246835708,2175,,,A,967,40,957.0,-20.0,10.78959125,1.014716786770191
12527,A_research_2026-04-04_19-55-24_live_round,d6bdafd6aa01457e9e5ab12d9b60db8d,2026-04-05T00:57:54.964527+00:00,1775350674964527000,166385274530708,2175,,,A,967,60,957.5,-19.0,10.81728625,1.014716786770191
12532,A_research_2026-04-04_19-55-24_live_round,d6bdafd6aa01457e9e5ab12d9b60db8d,2026-04-05T00:57:54.985871+00:00,1775350674985871000,166385295874250,2175,,,A,955,40,952.0,-6.0,10.838629792,1.014716786770191
12533,A_research_2026-04-04_19-55-24_live_round,d6bdafd6aa01457e9e5ab12d9b60db8d,2026-04-05T00:57:54.985998+00:00,1775350674985998000,166385296001708,2175,,,A,954,40,952.0,-6.0,10.83875725,1.014716786770191
12539,A_research_2026-04-04_19-55-24_live_round,d6bdafd6aa01457e9e5ab12d9b60db8d,2026-04-05T00:57:55.005808+00:00,1775350675005808000,166385315811666,2175,,,A,954,20,952.0,-4.0,10.858567208,1.014716786770191
12540,A_research_2026-04-04_19-55-24_live_round,d6bdafd6aa01457e9e5ab12d9b60db8d,2026-04-05T00:57:55.005968+00:00,1775350675005968000,166385315971375,2175,,,A,953,80,952.0,-4.0,10.858726917,1.014716786770191
12546,A_research_2026-04-04_19-55-24_live_round,d6bdafd6aa01457e9e5ab12d9b60db8d,2026-04-05T00:57:55.133502+00:00,1775350675133502000,166385443505208,2175,,,A,952,40,939.0,-26.0,10.98626075,1.014716786770191
12551,A_research_2026-04-04_19-55-24_live_round,d6bdafd6aa01457e9e5ab12d9b60db8d,2026-04-05T00:57:55.165640+00:00,1775350675165640000,166385475643125,2175,,,A,952,60,939.5,-25.0,11.018398667,1.014716786770191
12556,A_research_2026-04-04_19-55-24_live_round,d6bdafd6aa01457e9e5ab12d9b60db8d,2026-04-05T00:57:55.190768+00:00,1775350675190768000,166385500772333,2175,,,A,941,40,934.5,-13.0,11.043527875,1.014716786770191
12557,A_research_2026-04-04_19-55-24_live_round,d6bdafd6aa01457e9e5ab12d9b60db8d,2026-04-05T00:57:55.190938+00:00,1775350675190938000,166385500942583,2175,,,A,940,40,934.5,-13.0,11.043698125,1.014716786770191
12563,A_research_2026-04-04_19-55-24_live_round,d6bdafd6aa01457e9e5ab12d9b60db8d,2026-04-05T00:57:55.212716+00:00,1775350675212716000,166385522719833,2175,,,A,940,20,934.5,-11.0,11.065475375,1.014716786770191
12564,A_research_2026-04-04_19-55-24_live_round,d6bdafd6aa01457e9e5ab12d9b60db8d,2026-04-05T00:57:55.212903+00:00,1775350675212903000,166385522906750,2175,,,A,939,80,934.5,-11.0,11.065662292,1.014716786770191
12570,A_research_2026-04-04_19-55-24_live_round,d6bdafd6aa01457e9e5ab12d9b60db8d,2026-04-05T00:57:55.347769+00:00,1775350675347769000,166385657772958,2175,,,A,938,40,932.0,-12.0,11.2005285,1.014716786770191
12575,A_research_2026-04-04_19-55-24_live_round,d6bdafd6aa01457e9e5ab12d9b60db8d,2026-04-05T00:57:55.372990+00:00,1775350675372990000,166385682994458,2175,,,A,938,60,932.5,-11.0,11.22575,1.014716786770191
12778,A_research_2026-04-04_19-55-24_live_round,d6bdafd6aa01457e9e5ab12d9b60db8d,2026-04-05T00:57:57.881832+00:00,1775350677881832000,166388191842666,2175,,,A,920,40,920.0,0.0,13.734598208,1.014716786770191
13381,A_research_2026-04-04_19-55-24_live_round,d6bdafd6aa01457e9e5ab12d9b60db8d,2026-04-05T00:58:05.349293+00:00,1775350685349293000,166395659322458,2175,,,A,930,40,930.5,-1.0,21.202078,1.014716786770191
13382,A_research_2026-04-04_19-55-24_live_round,d6bdafd6aa01457e9e5ab12d9b60db8d,2026-04-05T00:58:05.349460+00:00,1775350685349460000,166395659489125,2175,,,A,931,60,930.5,-1.0,21.202244667,1.014716786770191
14050,A_research_2026-04-04_19-55-24_live_round,d6bdafd6aa01457e9e5ab12d9b60db8d,2026-04-05T00:58:13.521027+00:00,1775350693521027000,166403831076333,2300,,,A,931,40,931.0,0.0,29.373831875,1.014716786770191
14929,A_research_2026-04-04_19-55-24_live_round,d6bdafd6aa01457e9e5ab12d9b60db8d,2026-04-05T00:58:24.385231+00:00,1775350704385231000,166414695307416,2350,,,A,937,40,937.5,-1.0,40.238062958,1.014716786770191
14930,A_research_2026-04-04_19-55-24_live_round,d6bdafd6aa01457e9e5ab12d9b60db8d,2026-04-05T00:58:24.385335+00:00,1775350704385335000,166414695411000,2350,,,A,938,60,937.5,-1.0,40.238166542,1.014716786770191
14999,A_research_2026-04-04_19-55-24_live_round,d6bdafd6aa01457e9e5ab12d9b60db8d,2026-04-05T00:58:25.300657+00:00,1775350705300657000,166415610735625,2350,,,A,932,40,932.0,0.0,41.153491167,1.014716786770191
15278,A_research_2026-04-04_19-55-24_live_round,d6bdafd6aa01457e9e5ab12d9b60db8d,2026-04-05T00:58:28.612807+00:00,1775350708612807000,166418922893708,2350,,,A,931,40,933.0,-4.0,44.46564925,1.014716786770191
15279,A_research_2026-04-04_19-55-24_live_round,d6bdafd6aa01457e9e5ab12d9b60db8d,2026-04-05T00:58:28.612920+00:00,1775350708612920000,166418923006458,2350,,,A,932,60,933.0,-4.0,44.465762,1.014716786770191
15280,A_research_2026-04-04_19-55-24_live_round,d6bdafd6aa01457e9e5ab12d9b60db8d,2026-04-05T00:58:28.613016+00:00,1775350708613016000,166418923102750,2350,,,A,933,80,933.0,-4.0,44.465858292,1.014716786770191
15281,A_research_2026-04-04_19-55-24_live_round,d6bdafd6aa01457e9e5ab12d9b60db8d,2026-04-05T00:58:28.613111+00:00,1775350708613111000,166418923197458,2350,,,A,934,20,933.0,-4.0,44.465953,1.014716786770191
15449,A_research_2026-04-04_19-55-24_live_round,d6bdafd6aa01457e9e5ab12d9b60db8d,2026-04-05T00:58:30.710789+00:00,1775350710710789000,166421020880208,2400,,,A,939,40,939.0,0.0,1.242118167,1.0278037775107771
15581,A_research_2026-04-04_19-55-24_live_round,d6bdafd6aa01457e9e5ab12d9b60db8d,2026-04-05T00:58:32.321488+00:00,1775350712321488000,166422631583708,2400,,,A,960,40,960.5,-1.0,2.852821667,1.0278037775107771
15647,A_research_2026-04-04_19-55-24_live_round,d6bdafd6aa01457e9e5ab12d9b60db8d,2026-04-05T00:58:33.131938+00:00,1775350713131938000,166423442035541,2400,,,A,970,40,970.0,0.0,3.6632735,1.0278037775107771
15665,A_research_2026-04-04_19-55-24_live_round,d6bdafd6aa01457e9e5ab12d9b60db8d,2026-04-05T00:58:33.326346+00:00,1775350713326346000,166423636443750,2400,,,A,973,40,974.5,-3.0,3.857681709,1.0278037775107771
15670,A_research_2026-04-04_19-55-24_live_round,d6bdafd6aa01457e9e5ab12d9b60db8d,2026-04-05T00:58:33.356212+00:00,1775350713356212000,166423666309875,2400,,,A,973,60,974.0,-2.0,3.887547834,1.0278037775107771
15748,A_research_2026-04-04_19-55-24_live_round,d6bdafd6aa01457e9e5ab12d9b60db8d,2026-04-05T00:58:34.327339+00:00,1775350714327339000,166424637438833,2400,,,A,989,40,989.0,0.0,4.858676792,1.0278037775107771
15833,A_research_2026-04-04_19-55-24_live_round,d6bdafd6aa01457e9e5ab12d9b60db8d,2026-04-05T00:58:35.335386+00:00,1775350715335386000,166425645488166,2425,,,A,1006,40,1006.0,0.0,5.866726125,1.0278037775107771
15964,A_research_2026-04-04_19-55-24_live_round,d6bdafd6aa01457e9e5ab12d9b60db8d,2026-04-05T00:58:36.945019+00:00,1775350716945019000,166427255125083,2425,,,A,1017,40,1017.0,0.0,7.476363042,1.0278037775107771
16065,A_research_2026-04-04_19-55-24_live_round,d6bdafd6aa01457e9e5ab12d9b60db8d,2026-04-05T00:58:38.163820+00:00,1775350718163820000,166428473929208,2425,,,A,1037,40,1037.0,0.0,8.695167167,1.0278037775107771
16148,A_research_2026-04-04_19-55-24_live_round,d6bdafd6aa01457e9e5ab12d9b60db8d,2026-04-05T00:58:39.171355+00:00,1775350719171355000,166429481466250,2425,,,A,1048,40,1048.5,-1.0,9.702704209,1.0278037775107771
16153,A_research_2026-04-04_19-55-24_live_round,d6bdafd6aa01457e9e5ab12d9b60db8d,2026-04-05T00:58:39.209668+00:00,1775350719209668000,166429519779291,2425,,,A,1048,60,1048.0,0.0,9.74101725,1.0278037775107771
16280,A_research_2026-04-04_19-55-24_live_round,d6bdafd6aa01457e9e5ab12d9b60db8d,2026-04-05T00:58:40.683609+00:00,1775350720683609000,166430993725166,2425,,,A,1060,40,1061.0,-2.0,11.214963125,1.0278037775107771
16281,A_research_2026-04-04_19-55-24_live_round,d6bdafd6aa01457e9e5ab12d9b60db8d,2026-04-05T00:58:40.683716+00:00,1775350720683716000,166430993832541,2425,,,A,1061,60,1061.0,-2.0,11.2150705,1.0278037775107771
16282,A_research_2026-04-04_19-55-24_live_round,d6bdafd6aa01457e9e5ab12d9b60db8d,2026-04-05T00:58:40.683816+00:00,1775350720683816000,166430993932291,2425,,,A,1062,80,1061.0,-2.0,11.21517025,1.0278037775107771
17047,A_research_2026-04-04_19-55-24_live_round,d6bdafd6aa01457e9e5ab12d9b60db8d,2026-04-05T00:58:50.112476+00:00,1775350730112476000,166440422614500,2478,,,A,1057,40,1056.0,-2.0,4.814793084,1.0278037775107771
17048,A_research_2026-04-04_19-55-24_live_round,d6bdafd6aa01457e9e5ab12d9b60db8d,2026-04-05T00:58:50.112746+00:00,1775350730112746000,166440422884916,2478,,,A,1056,60,1056.0,-2.0,4.8150635,1.0278037775107771
17049,A_research_2026-04-04_19-55-24_live_round,d6bdafd6aa01457e9e5ab12d9b60db8d,2026-04-05T00:58:50.112914+00:00,1775350730112914000,166440423053416,2478,,,A,1055,80,1056.0,-2.0,4.815232,1.0278037775107771
17050,A_research_2026-04-04_19-55-24_live_round,d6bdafd6aa01457e9e5ab12d9b60db8d,2026-04-05T00:58:50.113045+00:00,1775350730113045000,166440423184000,2478,,,A,1055,20,1056.0,-2.0,4.815362584,1.0278037775107771
17314,A_research_2026-04-04_19-55-24_live_round,d6bdafd6aa01457e9e5ab12d9b60db8d,2026-04-05T00:58:53.505499+00:00,1775350733505499000,166443815646250,2478,,,A,1056,40,1056.0,0.0,8.207824834,1.0278037775107771
17380,A_research_2026-04-04_19-55-24_live_round,d6bdafd6aa01457e9e5ab12d9b60db8d,2026-04-05T00:58:54.243552+00:00,1775350734243552000,166444553701291,2478,,,A,1045,40,1045.0,0.0,8.945879875,1.0278037775107771
17399,A_research_2026-04-04_19-55-24_live_round,d6bdafd6aa01457e9e5ab12d9b60db8d,2026-04-05T00:58:54.575619+00:00,1775350734575619000,166444885768958,2478,,,A,1042,40,1042.0,0.0,9.277947542,1.0278037775107771
17417,A_research_2026-04-04_19-55-24_live_round,d6bdafd6aa01457e9e5ab12d9b60db8d,2026-04-05T00:58:54.731703+00:00,1775350734731703000,166445041853250,2478,,,A,1036,40,1035.5,-1.0,9.434031834,1.0278037775107771
17422,A_research_2026-04-04_19-55-24_live_round,d6bdafd6aa01457e9e5ab12d9b60db8d,2026-04-05T00:58:54.760190+00:00,1775350734760190000,166445070340458,2478,,,A,1036,60,1036.0,0.0,9.462519042,1.0278037775107771
17437,A_research_2026-04-04_19-55-24_live_round,d6bdafd6aa01457e9e5ab12d9b60db8d,2026-04-05T00:58:54.855113+00:00,1775350734855113000,166445165263666,2478,,,A,1033,40,1029.5,-7.0,9.55744225,1.0278037775107771
17442,A_research_2026-04-04_19-55-24_live_round,d6bdafd6aa01457e9e5ab12d9b60db8d,2026-04-05T00:58:54.884705+00:00,1775350734884705000,166445194855666,2478,,,A,1033,60,1030.0,-6.0,9.58703425,1.0278037775107771
17447,A_research_2026-04-04_19-55-24_live_round,d6bdafd6aa01457e9e5ab12d9b60db8d,2026-04-05T00:58:54.921826+00:00,1775350734921826000,166445231976708,2478,,,A,1029,40,1028.5,-1.0,9.624155292,1.0278037775107771
17448,A_research_2026-04-04_19-55-24_live_round,d6bdafd6aa01457e9e5ab12d9b60db8d,2026-04-05T00:58:54.924473+00:00,1775350734924473000,166445234624250,2478,,,A,1028,40,1028.5,-1.0,9.626802834,1.0278037775107771
17460,A_research_2026-04-04_19-55-24_live_round,d6bdafd6aa01457e9e5ab12d9b60db8d,2026-04-05T00:58:55.075735+00:00,1775350735075735000,166445385886333,2478,,,A,1026,40,1021.5,-9.0,9.778064917,1.0278037775107771
17465,A_research_2026-04-04_19-55-24_live_round,d6bdafd6aa01457e9e5ab12d9b60db8d,2026-04-05T00:58:55.118800+00:00,1775350735118800000,166445428951416,2478,,,A,1026,60,1022.0,-8.0,9.82113,1.0278037775107771
17470,A_research_2026-04-04_19-55-24_live_round,d6bdafd6aa01457e9e5ab12d9b60db8d,2026-04-05T00:58:55.148967+00:00,1775350735148967000,166445459118041,2478,,,A,1020,40,1019.5,-1.0,9.851296625,1.0278037775107771
17471,A_research_2026-04-04_19-55-24_live_round,d6bdafd6aa01457e9e5ab12d9b60db8d,2026-04-05T00:58:55.149173+00:00,1775350735149173000,166445459324166,2478,,,A,1019,40,1019.5,-1.0,9.85150275,1.0278037775107771
17482,A_research_2026-04-04_19-55-24_live_round,d6bdafd6aa01457e9e5ab12d9b60db8d,2026-04-05T00:58:55.259049+00:00,1775350735259049000,166445569200958,2478,,,A,1017,40,1012.5,-9.0,9.961379542,1.0278037775107771
17487,A_research_2026-04-04_19-55-24_live_round,d6bdafd6aa01457e9e5ab12d9b60db8d,2026-04-05T00:58:55.294283+00:00,1775350735294283000,166445604435208,2478,,,A,1017,60,1013.0,-8.0,9.996613792,1.0278037775107771
17492,A_research_2026-04-04_19-55-24_live_round,d6bdafd6aa01457e9e5ab12d9b60db8d,2026-04-05T00:58:55.325387+00:00,1775350735325387000,166445635538541,2478,,,A,1011,40,1010.5,-1.0,10.027717125,1.0278037775107771
17493,A_research_2026-04-04_19-55-24_live_round,d6bdafd6aa01457e9e5ab12d9b60db8d,2026-04-05T00:58:55.325548+00:00,1775350735325548000,166445635700083,2478,,,A,1010,40,1010.5,-1.0,10.027878667,1.0278037775107771
17505,A_research_2026-04-04_19-55-24_live_round,d6bdafd6aa01457e9e5ab12d9b60db8d,2026-04-05T00:58:55.456833+00:00,1775350735456833000,166445766984916,2478,,,A,1008,40,1002.0,-12.0,10.1591635,1.0278037775107771
17510,A_research_2026-04-04_19-55-24_live_round,d6bdafd6aa01457e9e5ab12d9b60db8d,2026-04-05T00:58:55.494300+00:00,1775350735494300000,166445804452458,2478,,,A,1008,60,1002.5,-11.0,10.196631042,1.0278037775107771
17515,A_research_2026-04-04_19-55-24_live_round,d6bdafd6aa01457e9e5ab12d9b60db8d,2026-04-05T00:58:55.523264+00:00,1775350735523264000,166445833416708,2478,,,A,1002,40,1000.0,-4.0,10.225595292,1.0278037775107771
17516,A_research_2026-04-04_19-55-24_live_round,d6bdafd6aa01457e9e5ab12d9b60db8d,2026-04-05T00:58:55.523413+00:00,1775350735523413000,166445833566083,2478,,,A,1001,40,1000.0,-4.0,10.225744667,1.0278037775107771
17522,A_research_2026-04-04_19-55-24_live_round,d6bdafd6aa01457e9e5ab12d9b60db8d,2026-04-05T00:58:55.567536+00:00,1775350735567536000,166445877689041,2478,,,A,1001,20,1000.0,-2.0,10.269867625,1.0278037775107771
17523,A_research_2026-04-04_19-55-24_live_round,d6bdafd6aa01457e9e5ab12d9b60db8d,2026-04-05T00:58:55.567682+00:00,1775350735567682000,166445877834458,2478,,,A,1000,80,1000.0,-2.0,10.270013042,1.0278037775107771
17530,A_research_2026-04-04_19-55-24_live_round,d6bdafd6aa01457e9e5ab12d9b60db8d,2026-04-05T00:58:55.666800+00:00,1775350735666800000,166445976953000,2478,,,A,999,40,991.0,-16.0,10.369131584,1.0278037775107771
17535,A_research_2026-04-04_19-55-24_live_round,d6bdafd6aa01457e9e5ab12d9b60db8d,2026-04-05T00:58:55.704678+00:00,1775350735704678000,166446014830416,2478,,,A,999,60,991.5,-15.0,10.407009,1.0278037775107771
17540,A_research_2026-04-04_19-55-24_live_round,d6bdafd6aa01457e9e5ab12d9b60db8d,2026-04-05T00:58:55.735501+00:00,1775350735735501000,166446045653833,2478,,,A,990,40,987.5,-5.0,10.437832417,1.0278037775107771
17541,A_research_2026-04-04_19-55-24_live_round,d6bdafd6aa01457e9e5ab12d9b60db8d,2026-04-05T00:58:55.735648+00:00,1775350735735648000,166446045800500,2478,,,A,989,40,987.5,-5.0,10.437979084,1.0278037775107771
17547,A_research_2026-04-04_19-55-24_live_round,d6bdafd6aa01457e9e5ab12d9b60db8d,2026-04-05T00:58:55.770639+00:00,1775350735770639000,166446080792333,2478,,,A,989,20,987.5,-3.0,10.472970917,1.0278037775107771
17548,A_research_2026-04-04_19-55-24_live_round,d6bdafd6aa01457e9e5ab12d9b60db8d,2026-04-05T00:58:55.770792+00:00,1775350735770792000,166446080945625,2478,,,A,988,80,987.5,-3.0,10.473124209,1.0278037775107771
17555,A_research_2026-04-04_19-55-24_live_round,d6bdafd6aa01457e9e5ab12d9b60db8d,2026-04-05T00:58:55.858011+00:00,1775350735858011000,166446168164375,2478,,,A,987,40,975.5,-23.0,10.560342959,1.0278037775107771
17560,A_research_2026-04-04_19-55-24_live_round,d6bdafd6aa01457e9e5ab12d9b60db8d,2026-04-05T00:58:55.890688+00:00,1775350735890688000,166446200840916,2478,,,A,987,60,976.0,-22.0,10.5930195,1.0278037775107771
17565,A_research_2026-04-04_19-55-24_live_round,d6bdafd6aa01457e9e5ab12d9b60db8d,2026-04-05T00:58:55.923164+00:00,1775350735923164000,166446233317000,2478,,,A,977,40,971.5,-11.0,10.625495584,1.0278037775107771
17566,A_research_2026-04-04_19-55-24_live_round,d6bdafd6aa01457e9e5ab12d9b60db8d,2026-04-05T00:58:55.926056+00:00,1775350735926056000,166446236209958,2478,,,A,976,40,971.5,-11.0,10.628388542,1.0278037775107771
17572,A_research_2026-04-04_19-55-24_live_round,d6bdafd6aa01457e9e5ab12d9b60db8d,2026-04-05T00:58:55.974881+00:00,1775350735974881000,166446285034500,2478,,,A,976,20,971.5,-9.0,10.677213084,1.0278037775107771
17573,A_research_2026-04-04_19-55-24_live_round,d6bdafd6aa01457e9e5ab12d9b60db8d,2026-04-05T00:58:55.975040+00:00,1775350735975040000,166446285193375,2478,,,A,975,80,971.5,-9.0,10.677371959,1.0278037775107771
17579,A_research_2026-04-04_19-55-24_live_round,d6bdafd6aa01457e9e5ab12d9b60db8d,2026-04-05T00:58:56.118248+00:00,1775350736118248000,166446428401666,2478,,,A,974,40,960.5,-27.0,10.82058025,1.0278037775107771
17584,A_research_2026-04-04_19-55-24_live_round,d6bdafd6aa01457e9e5ab12d9b60db8d,2026-04-05T00:58:56.155980+00:00,1775350736155980000,166446466134083,2478,,,A,974,60,961.0,-26.0,10.858312667,1.0278037775107771
17589,A_research_2026-04-04_19-55-24_live_round,d6bdafd6aa01457e9e5ab12d9b60db8d,2026-04-05T00:58:56.177612+00:00,1775350736177612000,166446487766208,2478,,,A,958,40,953.5,-9.0,10.879944792,1.0278037775107771
17590,A_research_2026-04-04_19-55-24_live_round,d6bdafd6aa01457e9e5ab12d9b60db8d,2026-04-05T00:58:56.177716+00:00,1775350736177716000,166446487870375,2478,,,A,957,40,953.5,-9.0,10.880048959,1.0278037775107771
17596,A_research_2026-04-04_19-55-24_live_round,d6bdafd6aa01457e9e5ab12d9b60db8d,2026-04-05T00:58:56.204928+00:00,1775350736204928000,166446515082625,2478,,,A,957,20,953.5,-7.0,10.907261209,1.0278037775107771
17597,A_research_2026-04-04_19-55-24_live_round,d6bdafd6aa01457e9e5ab12d9b60db8d,2026-04-05T00:58:56.205087+00:00,1775350736205087000,166446515241750,2478,,,A,956,80,953.5,-7.0,10.907420334,1.0278037775107771
17603,A_research_2026-04-04_19-55-24_live_round,d6bdafd6aa01457e9e5ab12d9b60db8d,2026-04-05T00:58:56.270406+00:00,1775350736270406000,166446580560458,2478,,,A,955,40,952.0,-6.0,10.972739042,1.0278037775107771
17608,A_research_2026-04-04_19-55-24_live_round,d6bdafd6aa01457e9e5ab12d9b60db8d,2026-04-05T00:58:56.300121+00:00,1775350736300121000,166446610275333,2478,,,A,955,60,952.5,-5.0,11.002453917,1.0278037775107771
18104,A_research_2026-04-04_19-55-24_live_round,d6bdafd6aa01457e9e5ab12d9b60db8d,2026-04-05T00:59:02.522560+00:00,1775350742522560000,166452832729208,2550,,,A,966,40,965.0,-2.0,2.958796708,0.8239975666497548
18109,A_research_2026-04-04_19-55-24_live_round,d6bdafd6aa01457e9e5ab12d9b60db8d,2026-04-05T00:59:02.553817+00:00,1775350742553817000,166452863986333,2550,,,A,965,60,965.0,0.0,2.990053833,0.8239975666497548
18154,A_research_2026-04-04_19-55-24_live_round,d6bdafd6aa01457e9e5ab12d9b60db8d,2026-04-05T00:59:03.114386+00:00,1775350743114386000,166453424556916,2550,,,A,955,40,955.0,0.0,3.550624416,0.8239975666497548
18205,A_research_2026-04-04_19-55-24_live_round,d6bdafd6aa01457e9e5ab12d9b60db8d,2026-04-05T00:59:03.704191+00:00,1775350743704191000,166454014363375,2550,,,A,944,40,944.0,0.0,4.140430875,0.8239975666497548
18223,A_research_2026-04-04_19-55-24_live_round,d6bdafd6aa01457e9e5ab12d9b60db8d,2026-04-05T00:59:04.020893+00:00,1775350744020893000,166454331066375,2550,,,A,941,40,940.5,-1.0,4.457133875,0.8239975666497548
18228,A_research_2026-04-04_19-55-24_live_round,d6bdafd6aa01457e9e5ab12d9b60db8d,2026-04-05T00:59:04.047140+00:00,1775350744047140000,166454357313375,2550,,,A,941,60,941.0,0.0,4.483380875,0.8239975666497548
18243,A_research_2026-04-04_19-55-24_live_round,d6bdafd6aa01457e9e5ab12d9b60db8d,2026-04-05T00:59:04.172634+00:00,1775350744172634000,166454482808166,2550,,,A,935,40,935.0,0.0,4.608875666,0.8239975666497548
18308,A_research_2026-04-04_19-55-24_live_round,d6bdafd6aa01457e9e5ab12d9b60db8d,2026-04-05T00:59:04.927562+00:00,1775350744927562000,166455237736625,2550,,,A,921,40,921.0,0.0,5.363804125,0.8239975666497548
18326,A_research_2026-04-04_19-55-24_live_round,d6bdafd6aa01457e9e5ab12d9b60db8d,2026-04-05T00:59:05.121228+00:00,1775350745121228000,166455431404041,2550,,,A,918,40,918.0,0.0,5.557471541,0.8239975666497548
18344,A_research_2026-04-04_19-55-24_live_round,d6bdafd6aa01457e9e5ab12d9b60db8d,2026-04-05T00:59:05.318787+00:00,1775350745318787000,166455628962708,2550,,,A,912,40,912.0,0.0,5.755030208,0.8239975666497548
18361,A_research_2026-04-04_19-55-24_live_round,d6bdafd6aa01457e9e5ab12d9b60db8d,2026-04-05T00:59:05.553691+00:00,1775350745553691000,166455863868208,2550,,,A,909,40,908.0,-2.0,5.989935708,0.8239975666497548
18367,A_research_2026-04-04_19-55-24_live_round,d6bdafd6aa01457e9e5ab12d9b60db8d,2026-04-05T00:59:05.597433+00:00,1775350745597433000,166455907610041,2550,,,A,909,60,908.5,-1.0,6.033677541,0.8239975666497548
18382,A_research_2026-04-04_19-55-24_live_round,d6bdafd6aa01457e9e5ab12d9b60db8d,2026-04-05T00:59:05.726094+00:00,1775350745726094000,166456036271250,2550,,,A,903,40,902.5,-1.0,6.16233875,0.8239975666497548
18387,A_research_2026-04-04_19-55-24_live_round,d6bdafd6aa01457e9e5ab12d9b60db8d,2026-04-05T00:59:05.762841+00:00,1775350745762841000,166456073017666,2550,,,A,903,60,903.0,0.0,6.199085166,0.8239975666497548
18401,A_research_2026-04-04_19-55-24_live_round,d6bdafd6aa01457e9e5ab12d9b60db8d,2026-04-05T00:59:05.949088+00:00,1775350745949088000,166456259266041,2550,,,A,898,40,895.5,-5.0,6.385333541,0.8239975666497548
18406,A_research_2026-04-04_19-55-24_live_round,d6bdafd6aa01457e9e5ab12d9b60db8d,2026-04-05T00:59:05.985991+00:00,1775350745985991000,166456296168958,2550,,,A,898,60,896.0,-4.0,6.422236458,0.8239975666497548
18411,A_research_2026-04-04_19-55-24_live_round,d6bdafd6aa01457e9e5ab12d9b60db8d,2026-04-05T00:59:06.019111+00:00,1775350746019111000,166456329289416,2550,,,A,896,40,895.5,-1.0,6.455356916,0.8239975666497548
18412,A_research_2026-04-04_19-55-24_live_round,d6bdafd6aa01457e9e5ab12d9b60db8d,2026-04-05T00:59:06.021840+00:00,1775350746021840000,166456332018375,2550,,,A,895,40,895.5,-1.0,6.458085875,0.8239975666497548
18424,A_research_2026-04-04_19-55-24_live_round,d6bdafd6aa01457e9e5ab12d9b60db8d,2026-04-05T00:59:06.130359+00:00,1775350746130359000,166456440537375,2550,,,A,893,40,891.0,-4.0,6.566604875,0.8239975666497548
18429,A_research_2026-04-04_19-55-24_live_round,d6bdafd6aa01457e9e5ab12d9b60db8d,2026-04-05T00:59:06.169661+00:00,1775350746169661000,166456479838666,2550,,,A,893,60,891.5,-3.0,6.605906166,0.8239975666497548
18459,A_research_2026-04-04_19-55-24_live_round,d6bdafd6aa01457e9e5ab12d9b60db8d,2026-04-05T00:59:06.656304+00:00,1775350746656304000,166456966484000,2550,,,A,880,40,880.0,0.0,7.0925515,0.8239975666497548
18478,A_research_2026-04-04_19-55-24_live_round,d6bdafd6aa01457e9e5ab12d9b60db8d,2026-04-05T00:59:06.783641+00:00,1775350746783641000,166457093821333,2550,,,A,876,40,875.0,-2.0,7.219888833,0.8239975666497548
18483,A_research_2026-04-04_19-55-24_live_round,d6bdafd6aa01457e9e5ab12d9b60db8d,2026-04-05T00:59:06.818122+00:00,1775350746818122000,166457128301791,2550,,,A,876,60,875.5,-1.0,7.254369291,0.8239975666497548
18498,A_research_2026-04-04_19-55-24_live_round,d6bdafd6aa01457e9e5ab12d9b60db8d,2026-04-05T00:59:06.949958+00:00,1775350746949958000,166457260138833,2550,,,A,871,40,870.0,-2.0,7.386206333,0.8239975666497548
18503,A_research_2026-04-04_19-55-24_live_round,d6bdafd6aa01457e9e5ab12d9b60db8d,2026-04-05T00:59:06.994788+00:00,1775350746994788000,166457304968875,2550,,,A,871,60,870.5,-1.0,7.431036375,0.8239975666497548
18517,A_research_2026-04-04_19-55-24_live_round,d6bdafd6aa01457e9e5ab12d9b60db8d,2026-04-05T00:59:07.143516+00:00,1775350747143516000,166457453696916,2550,,,A,865,40,864.0,-2.0,7.579764416,0.8239975666497548
18522,A_research_2026-04-04_19-55-24_live_round,d6bdafd6aa01457e9e5ab12d9b60db8d,2026-04-05T00:59:07.186424+00:00,1775350747186424000,166457496605041,2550,,,A,865,60,864.5,-1.0,7.622672541,0.8239975666497548
18536,A_research_2026-04-04_19-55-24_live_round,d6bdafd6aa01457e9e5ab12d9b60db8d,2026-04-05T00:59:07.330246+00:00,1775350747330246000,166457640427333,2550,,,A,860,40,857.0,-6.0,7.766494833,0.8239975666497548
18541,A_research_2026-04-04_19-55-24_live_round,d6bdafd6aa01457e9e5ab12d9b60db8d,2026-04-05T00:59:07.366963+00:00,1775350747366963000,166457677144666,2550,,,A,860,60,857.5,-5.0,7.803212166,0.8239975666497548
18546,A_research_2026-04-04_19-55-24_live_round,d6bdafd6aa01457e9e5ab12d9b60db8d,2026-04-05T00:59:07.398732+00:00,1775350747398732000,166457708913125,2550,,,A,857,40,856.5,-1.0,7.834980625,0.8239975666497548
18547,A_research_2026-04-04_19-55-24_live_round,d6bdafd6aa01457e9e5ab12d9b60db8d,2026-04-05T00:59:07.398893+00:00,1775350747398893000,166457709074583,2550,,,A,856,40,856.5,-1.0,7.835142083,0.8239975666497548
18559,A_research_2026-04-04_19-55-24_live_round,d6bdafd6aa01457e9e5ab12d9b60db8d,2026-04-05T00:59:07.531195+00:00,1775350747531195000,166457841377000,2550,,,A,854,40,852.0,-4.0,7.9674445,0.8239975666497548
18564,A_research_2026-04-04_19-55-24_live_round,d6bdafd6aa01457e9e5ab12d9b60db8d,2026-04-05T00:59:07.569766+00:00,1775350747569766000,166457879947666,2550,,,A,854,60,852.5,-3.0,8.006015166,0.8239975666497548
18578,A_research_2026-04-04_19-55-24_live_round,d6bdafd6aa01457e9e5ab12d9b60db8d,2026-04-05T00:59:07.755348+00:00,1775350747755348000,166458065530000,2550,,,A,845,40,844.0,-2.0,8.1915975,0.8239975666497548
18583,A_research_2026-04-04_19-55-24_live_round,d6bdafd6aa01457e9e5ab12d9b60db8d,2026-04-05T00:59:07.785234+00:00,1775350747785234000,166458095416750,2550,,,A,845,60,844.5,-1.0,8.22148425,0.8239975666497548
18597,A_research_2026-04-04_19-55-24_live_round,d6bdafd6aa01457e9e5ab12d9b60db8d,2026-04-05T00:59:07.924672+00:00,1775350747924672000,166458234854583,2550,,,A,841,40,839.0,-4.0,8.360922083,0.8239975666497548
18602,A_research_2026-04-04_19-55-24_live_round,d6bdafd6aa01457e9e5ab12d9b60db8d,2026-04-05T00:59:07.956444+00:00,1775350747956444000,166458266627583,2550,,,A,841,60,839.5,-3.0,8.392695083,0.8239975666497548
18726,A_research_2026-04-04_19-55-24_live_round,d6bdafd6aa01457e9e5ab12d9b60db8d,2026-04-05T00:59:09.558585+00:00,1775350749558585000,166459868771625,2550,,,A,840,40,840.0,0.0,9.994839125,0.8239975666497548
18792,A_research_2026-04-04_19-55-24_live_round,d6bdafd6aa01457e9e5ab12d9b60db8d,2026-04-05T00:59:10.342480+00:00,1775350750342480000,166460652668916,2550,,,A,851,40,851.5,-1.0,10.778736416,0.8239975666497548
18797,A_research_2026-04-04_19-55-24_live_round,d6bdafd6aa01457e9e5ab12d9b60db8d,2026-04-05T00:59:10.384772+00:00,1775350750384772000,166460694960791,2550,,,A,851,60,851.0,0.0,10.821028291,0.8239975666497548
18813,A_research_2026-04-04_19-55-24_live_round,d6bdafd6aa01457e9e5ab12d9b60db8d,2026-04-05T00:59:10.549924+00:00,1775350750549924000,166460860113333,2550,,,A,856,40,858.0,-4.0,10.986180833,0.8239975666497548
18818,A_research_2026-04-04_19-55-24_live_round,d6bdafd6aa01457e9e5ab12d9b60db8d,2026-04-05T00:59:10.584568+00:00,1775350750584568000,166460894756916,2550,,,A,856,60,857.5,-3.0,11.020824416,0.8239975666497548
18823,A_research_2026-04-04_19-55-24_live_round,d6bdafd6aa01457e9e5ab12d9b60db8d,2026-04-05T00:59:10.623986+00:00,1775350750623986000,166460934175208,2550,,,A,858,40,858.0,0.0,11.060242708,0.8239975666497548
18835,A_research_2026-04-04_19-55-24_live_round,d6bdafd6aa01457e9e5ab12d9b60db8d,2026-04-05T00:59:10.776849+00:00,1775350750776849000,166461087038500,2550,,,A,861,40,861.0,0.0,11.213106,0.8239975666497548
18915,A_research_2026-04-04_19-55-24_live_round,d6bdafd6aa01457e9e5ab12d9b60db8d,2026-04-05T00:59:11.643026+00:00,1775350751643026000,166461953217791,2550,,,A,873,40,874.5,-3.0,12.079285291,0.8239975666497548
18916,A_research_2026-04-04_19-55-24_live_round,d6bdafd6aa01457e9e5ab12d9b60db8d,2026-04-05T00:59:11.643185+00:00,1775350751643185000,166461953377250,2550,,,A,874,100,874.5,-3.0,12.07944475,0.8239975666497548
18917,A_research_2026-04-04_19-55-24_live_round,d6bdafd6aa01457e9e5ab12d9b60db8d,2026-04-05T00:59:11.643399+00:00,1775350751643399000,166461953591458,2550,,,A,874,60,874.5,-3.0,12.079658958,0.8239975666497548
19972,A_research_2026-04-04_19-55-24_live_round,d6bdafd6aa01457e9e5ab12d9b60db8d,2026-04-05T00:59:24.780122+00:00,1775350764780122000,166475090346208,2625,,,A,863,40,866.0,-6.0,25.216413708,0.8239975666497548
19973,A_research_2026-04-04_19-55-24_live_round,d6bdafd6aa01457e9e5ab12d9b60db8d,2026-04-05T00:59:24.780360+00:00,1775350764780360000,166475090584333,2625,,,A,864,60,866.0,-6.0,25.216651833,0.8239975666497548
19974,A_research_2026-04-04_19-55-24_live_round,d6bdafd6aa01457e9e5ab12d9b60db8d,2026-04-05T00:59:24.780529+00:00,1775350764780529000,166475090754000,2625,,,A,865,100,866.0,-6.0,25.2168215,0.8239975666497548
21273,A_research_2026-04-04_19-55-24_live_round,d6bdafd6aa01457e9e5ab12d9b60db8d,2026-04-05T00:59:40.845038+00:00,1775350780845038000,166491155301791,2750,,,A,865,40,865.5,-1.0,41.281369291,0.8239975666497548
21274,A_research_2026-04-04_19-55-24_live_round,d6bdafd6aa01457e9e5ab12d9b60db8d,2026-04-05T00:59:40.845221+00:00,1775350780845221000,166491155485583,2750,,,A,866,60,865.5,-1.0,41.281553083,0.8239975666497548
21571,A_research_2026-04-04_19-55-24_live_round,d6bdafd6aa01457e9e5ab12d9b60db8d,2026-04-05T00:59:44.530906+00:00,1775350784530906000,166494841179041,2750,,,A,848,40,848.0,0.0,44.967246541,0.8239975666497548
21652,A_research_2026-04-04_19-55-24_live_round,d6bdafd6aa01457e9e5ab12d9b60db8d,2026-04-05T00:59:45.570068+00:00,1775350785570068000,166495880343875,2750,,,A,853,40,855.5,-5.0,46.006411375,0.8239975666497548
21653,A_research_2026-04-04_19-55-24_live_round,d6bdafd6aa01457e9e5ab12d9b60db8d,2026-04-05T00:59:45.570240+00:00,1775350785570240000,166495880515458,2750,,,A,854,60,855.5,-5.0,46.006582958,0.8239975666497548
21654,A_research_2026-04-04_19-55-24_live_round,d6bdafd6aa01457e9e5ab12d9b60db8d,2026-04-05T00:59:45.570408+00:00,1775350785570408000,166495880683500,2750,,,A,855,80,855.5,-5.0,46.006751,0.8239975666497548
21655,A_research_2026-04-04_19-55-24_live_round,d6bdafd6aa01457e9e5ab12d9b60db8d,2026-04-05T00:59:45.570531+00:00,1775350785570531000,166495880806750,2750,,,A,856,20,855.5,-5.0,46.00687425,0.8239975666497548
22517,A_research_2026-04-04_19-55-24_live_round,d6bdafd6aa01457e9e5ab12d9b60db8d,2026-04-05T00:59:56.243853+00:00,1775350796243853000,166506554155416,2800,,,A,865,40,866.0,-2.0,56.680222916,0.8239975666497548
22518,A_research_2026-04-04_19-55-24_live_round,d6bdafd6aa01457e9e5ab12d9b60db8d,2026-04-05T00:59:56.246887+00:00,1775350796246887000,166506557188625,2800,,,A,866,60,866.0,-2.0,56.683256125,0.8239975666497548
22519,A_research_2026-04-04_19-55-24_live_round,d6bdafd6aa01457e9e5ab12d9b60db8d,2026-04-05T00:59:56.246996+00:00,1775350796246996000,166506557298083,2800,,,A,867,100,866.0,-2.0,56.683365583,0.8239975666497548
22797,A_research_2026-04-04_19-55-24_live_round,d6bdafd6aa01457e9e5ab12d9b60db8d,2026-04-05T00:59:59.553079+00:00,1775350799553079000,166509863388666,2800,,,A,866,40,867.5,-3.0,59.989456166,0.8239975666497548
22798,A_research_2026-04-04_19-55-24_live_round,d6bdafd6aa01457e9e5ab12d9b60db8d,2026-04-05T00:59:59.553195+00:00,1775350799553195000,166509863505708,2800,,,A,867,100,867.5,-3.0,59.989573208,0.8239975666497548
22799,A_research_2026-04-04_19-55-24_live_round,d6bdafd6aa01457e9e5ab12d9b60db8d,2026-04-05T00:59:59.553303+00:00,1775350799553303000,166509863613000,2800,,,A,867,60,867.5,-3.0,59.9896805,0.8239975666497548
22982,A_research_2026-04-04_19-55-24_live_round,d6bdafd6aa01457e9e5ab12d9b60db8d,2026-04-05T01:00:01.864753+00:00,1775350801864753000,166512175068250,2850,,,A,886,40,886.0,0.0,1.931788167,1.0270032424427813
23000,A_research_2026-04-04_19-55-24_live_round,d6bdafd6aa01457e9e5ab12d9b60db8d,2026-04-05T01:00:02.050721+00:00,1775350802050721000,166512361036958,2850,,,A,889,40,890.0,-2.0,2.117756875,1.0270032424427813
23005,A_research_2026-04-04_19-55-24_live_round,d6bdafd6aa01457e9e5ab12d9b60db8d,2026-04-05T01:00:02.099954+00:00,1775350802099954000,166512410269458,2850,,,A,889,60,889.5,-1.0,2.166989375,1.0270032424427813
23020,A_research_2026-04-04_19-55-24_live_round,d6bdafd6aa01457e9e5ab12d9b60db8d,2026-04-05T01:00:02.282376+00:00,1775350802282376000,166512592692208,2850,,,A,895,40,895.0,0.0,2.349412125,1.0270032424427813
23037,A_research_2026-04-04_19-55-24_live_round,d6bdafd6aa01457e9e5ab12d9b60db8d,2026-04-05T01:00:02.436576+00:00,1775350802436576000,166512746892833,2850,,,A,900,40,900.5,-1.0,2.50361275,1.0270032424427813
23042,A_research_2026-04-04_19-55-24_live_round,d6bdafd6aa01457e9e5ab12d9b60db8d,2026-04-05T01:00:02.469825+00:00,1775350802469825000,166512780142083,2850,,,A,900,60,900.0,0.0,2.536862,1.0270032424427813
23057,A_research_2026-04-04_19-55-24_live_round,d6bdafd6aa01457e9e5ab12d9b60db8d,2026-04-05T01:00:02.687789+00:00,1775350802687789000,166512998106125,2850,,,A,904,40,905.5,-3.0,2.754826042,1.0270032424427813
23063,A_research_2026-04-04_19-55-24_live_round,d6bdafd6aa01457e9e5ab12d9b60db8d,2026-04-05T01:00:02.749151+00:00,1775350802749151000,166513059468750,2850,,,A,904,60,905.0,-2.0,2.816188667,1.0270032424427813
23077,A_research_2026-04-04_19-55-24_live_round,d6bdafd6aa01457e9e5ab12d9b60db8d,2026-04-05T01:00:02.867062+00:00,1775350802867062000,166513177380250,2850,,,A,910,40,910.0,0.0,2.934100167,1.0270032424427813
23239,A_research_2026-04-04_19-55-24_live_round,d6bdafd6aa01457e9e5ab12d9b60db8d,2026-04-05T01:00:04.847627+00:00,1775350804847627000,166515157949750,2850,,,A,946,40,946.5,-1.0,4.914669667,1.0270032424427813
23321,A_research_2026-04-04_19-55-24_live_round,d6bdafd6aa01457e9e5ab12d9b60db8d,2026-04-05T01:00:05.835193+00:00,1775350805835193000,166516145517666,2875,,,A,957,40,957.5,-1.0,5.902237583,1.0270032424427813
23326,A_research_2026-04-04_19-55-24_live_round,d6bdafd6aa01457e9e5ab12d9b60db8d,2026-04-05T01:00:05.885267+00:00,1775350805885267000,166516195592916,2875,,,A,957,60,957.0,0.0,5.952312833,1.0270032424427813
23342,A_research_2026-04-04_19-55-24_live_round,d6bdafd6aa01457e9e5ab12d9b60db8d,2026-04-05T01:00:06.038029+00:00,1775350806038029000,166516348354541,2875,,,A,962,40,962.0,0.0,6.105074458,1.0270032424427813
23359,A_research_2026-04-04_19-55-24_live_round,d6bdafd6aa01457e9e5ab12d9b60db8d,2026-04-05T01:00:06.249507+00:00,1775350806249507000,166516559833291,2875,,,A,967,40,967.0,0.0,6.316553208,1.0270032424427813
23409,A_research_2026-04-04_19-55-24_live_round,d6bdafd6aa01457e9e5ab12d9b60db8d,2026-04-05T01:00:06.870082+00:00,1775350806870082000,166517180410375,2875,,,A,978,40,978.0,0.0,6.937130292,1.0270032424427813
23492,A_research_2026-04-04_19-55-24_live_round,d6bdafd6aa01457e9e5ab12d9b60db8d,2026-04-05T01:00:07.952098+00:00,1775350807952098000,166518262428500,2875,,,A,990,40,990.0,0.0,8.019148417,1.0270032424427813
23511,A_research_2026-04-04_19-55-24_live_round,d6bdafd6aa01457e9e5ab12d9b60db8d,2026-04-05T01:00:08.136506+00:00,1775350808136506000,166518446837166,2875,,,A,993,40,993.5,-1.0,8.203557083,1.0270032424427813
23516,A_research_2026-04-04_19-55-24_live_round,d6bdafd6aa01457e9e5ab12d9b60db8d,2026-04-05T01:00:08.174112+00:00,1775350808174112000,166518484443375,2875,,,A,993,60,993.0,0.0,8.241163292,1.0270032424427813
23659,A_research_2026-04-04_19-55-24_live_round,d6bdafd6aa01457e9e5ab12d9b60db8d,2026-04-05T01:00:09.853649+00:00,1775350809853649000,166520163984208,2875,,,A,1018,40,1018.0,0.0,9.920704125,1.0270032424427813
23677,A_research_2026-04-04_19-55-24_live_round,d6bdafd6aa01457e9e5ab12d9b60db8d,2026-04-05T01:00:10.066272+00:00,1775350810066272000,166520376607666,2875,,,A,1021,40,1023.5,-5.0,10.133327583,1.0270032424427813
23682,A_research_2026-04-04_19-55-24_live_round,d6bdafd6aa01457e9e5ab12d9b60db8d,2026-04-05T01:00:10.123987+00:00,1775350810123987000,166520434323583,2875,,,A,1021,60,1023.0,-4.0,10.1910435,1.0270032424427813
23687,A_research_2026-04-04_19-55-24_live_round,d6bdafd6aa01457e9e5ab12d9b60db8d,2026-04-05T01:00:10.148873+00:00,1775350810148873000,166520459209458,2875,,,A,1024,40,1024.0,0.0,10.215929375,1.0270032424427813
23699,A_research_2026-04-04_19-55-24_live_round,d6bdafd6aa01457e9e5ab12d9b60db8d,2026-04-05T01:00:10.249551+00:00,1775350810249551000,166520559887541,2875,,,A,1027,40,1027.5,-1.0,10.316607458,1.0270032424427813
23704,A_research_2026-04-04_19-55-24_live_round,d6bdafd6aa01457e9e5ab12d9b60db8d,2026-04-05T01:00:10.276010+00:00,1775350810276010000,166520586346666,2875,,,A,1027,60,1027.0,0.0,10.343066583,1.0270032424427813
23732,A_research_2026-04-04_19-55-24_live_round,d6bdafd6aa01457e9e5ab12d9b60db8d,2026-04-05T01:00:10.757590+00:00,1775350810757590000,166521067927416,2875,,,A,1036,40,1036.5,-1.0,10.824647333,1.0270032424427813
23751,A_research_2026-04-04_19-55-24_live_round,d6bdafd6aa01457e9e5ab12d9b60db8d,2026-04-05T01:00:10.948511+00:00,1775350810948511000,166521258848958,2875,,,A,1039,40,1039.5,-1.0,11.015568875,1.0270032424427813
23756,A_research_2026-04-04_19-55-24_live_round,d6bdafd6aa01457e9e5ab12d9b60db8d,2026-04-05T01:00:10.994026+00:00,1775350810994026000,166521304363791,2875,,,A,1039,60,1039.0,0.0,11.061083708,1.0270032424427813
23963,A_research_2026-04-04_19-55-24_live_round,d6bdafd6aa01457e9e5ab12d9b60db8d,2026-04-05T01:00:13.422029+00:00,1775350813422029000,166523732373250,2875,,,A,1046,40,1045.0,-2.0,13.489093167,1.0270032424427813
23964,A_research_2026-04-04_19-55-24_live_round,d6bdafd6aa01457e9e5ab12d9b60db8d,2026-04-05T01:00:13.422153+00:00,1775350813422153000,166523732497583,2875,,,A,1045,60,1045.0,-2.0,13.4892175,1.0270032424427813
23965,A_research_2026-04-04_19-55-24_live_round,d6bdafd6aa01457e9e5ab12d9b60db8d,2026-04-05T01:00:13.422260+00:00,1775350813422260000,166523732604291,2875,,,A,1044,80,1045.0,-2.0,13.489324208,1.0270032424427813
24050,A_research_2026-04-04_19-55-24_live_round,d6bdafd6aa01457e9e5ab12d9b60db8d,2026-04-05T01:00:14.468892+00:00,1775350814468892000,166524779238083,2875,,,A,1058,40,1058.0,0.0,14.535958,1.0270032424427813
24069,A_research_2026-04-04_19-55-24_live_round,d6bdafd6aa01457e9e5ab12d9b60db8d,2026-04-05T01:00:14.758813+00:00,1775350814758813000,166525069160000,2875,,,A,1061,40,1061.0,0.0,14.825879917,1.0270032424427813
24815,A_research_2026-04-04_19-55-24_live_round,d6bdafd6aa01457e9e5ab12d9b60db8d,2026-04-05T01:00:23.870832+00:00,1775350823870832000,166534181201708,2875,,,A,1060,40,1061.0,-2.0,23.937921625,1.0270032424427813
24816,A_research_2026-04-04_19-55-24_live_round,d6bdafd6aa01457e9e5ab12d9b60db8d,2026-04-05T01:00:23.870949+00:00,1775350823870949000,166534181318625,2875,,,A,1061,60,1061.0,-2.0,23.938038542,1.0270032424427813
24817,A_research_2026-04-04_19-55-24_live_round,d6bdafd6aa01457e9e5ab12d9b60db8d,2026-04-05T01:00:23.871056+00:00,1775350823871056000,166534181426333,2875,,,A,1062,80,1061.0,-2.0,23.93814625,1.0270032424427813
24838,A_research_2026-04-04_19-55-24_live_round,d6bdafd6aa01457e9e5ab12d9b60db8d,2026-04-05T01:00:24.188810+00:00,1775350824188810000,166534499180000,2875,,,A,1060,40,1060.5,-1.0,24.255899917,1.0270032424427813
24856,A_research_2026-04-04_19-55-24_live_round,d6bdafd6aa01457e9e5ab12d9b60db8d,2026-04-05T01:00:24.359028+00:00,1775350824359028000,166534669398875,2875,,,A,1063,40,1063.0,0.0,24.426118792,1.0270032424427813
25456,A_research_2026-04-04_19-55-24_live_round,d6bdafd6aa01457e9e5ab12d9b60db8d,2026-04-05T01:00:31.713455+00:00,1775350831713455000,166542023843416,3000,,,A,1072,40,1072.5,-1.0,1.610603791,1.1026118811459702
25457,A_research_2026-04-04_19-55-24_live_round,d6bdafd6aa01457e9e5ab12d9b60db8d,2026-04-05T01:00:31.713675+00:00,1775350831713675000,166542024064625,3000,,,A,1073,100,1072.5,-1.0,1.610825,1.1026118811459702
25458,A_research_2026-04-04_19-55-24_live_round,d6bdafd6aa01457e9e5ab12d9b60db8d,2026-04-05T01:00:31.713834+00:00,1775350831713834000,166542024223166,3000,,,A,1073,60,1072.5,-1.0,1.610983541,1.1026118811459702
25573,A_research_2026-04-04_19-55-24_live_round,d6bdafd6aa01457e9e5ab12d9b60db8d,2026-04-05T01:00:33.183907+00:00,1775350833183907000,166543494299125,3000,,,A,1082,40,1082.0,0.0,3.0810595,1.1026118811459702
27762,A_research_2026-04-04_19-55-24_live_round,d6bdafd6aa01457e9e5ab12d9b60db8d,2026-04-05T01:01:00.316662+00:00,1775350860316662000,166570627121541,3075,,,A,1137,40,1136.0,-2.0,30.213881916,1.1026118811459702
27763,A_research_2026-04-04_19-55-24_live_round,d6bdafd6aa01457e9e5ab12d9b60db8d,2026-04-05T01:01:00.316832+00:00,1775350860316832000,166570627291500,3075,,,A,1137,100,1136.0,-2.0,30.214051875,1.1026118811459702
27764,A_research_2026-04-04_19-55-24_live_round,d6bdafd6aa01457e9e5ab12d9b60db8d,2026-04-05T01:01:00.316986+00:00,1775350860316986000,166570627446041,3075,,,A,1136,60,1136.0,-2.0,30.214206416,1.1026118811459702
28237,A_research_2026-04-04_19-55-24_live_round,d6bdafd6aa01457e9e5ab12d9b60db8d,2026-04-05T01:01:06.176059+00:00,1775350866176059000,166576486532500,3075,,,A,1135,40,1134.0,-2.0,36.073292875,1.1026118811459702
28242,A_research_2026-04-04_19-55-24_live_round,d6bdafd6aa01457e9e5ab12d9b60db8d,2026-04-05T01:01:06.224983+00:00,1775350866224983000,166576535456708,3075,,,A,1134,60,1134.0,0.0,36.122217083,1.1026118811459702
28257,A_research_2026-04-04_19-55-24_live_round,d6bdafd6aa01457e9e5ab12d9b60db8d,2026-04-05T01:01:06.351938+00:00,1775350866351938000,166576662412125,3075,,,A,1132,40,1132.0,0.0,36.2491725,1.1026118811459702
28337,A_research_2026-04-04_19-55-24_live_round,d6bdafd6aa01457e9e5ab12d9b60db8d,2026-04-05T01:01:07.482980+00:00,1775350867482980000,166577793456791,3075,,,A,1132,40,1132.0,0.0,37.380217166,1.1026118811459702
29666,A_research_2026-04-04_19-55-24_live_round,d6bdafd6aa01457e9e5ab12d9b60db8d,2026-04-05T01:01:23.744349+00:00,1775350883744349000,166594054866750,3250,,,A,1137,40,1135.5,-3.0,53.641627125,1.1026118811459702
29667,A_research_2026-04-04_19-55-24_live_round,d6bdafd6aa01457e9e5ab12d9b60db8d,2026-04-05T01:01:23.744470+00:00,1775350883744470000,166594054987416,3250,,,A,1136,60,1135.5,-3.0,53.641747791,1.1026118811459702
29668,A_research_2026-04-04_19-55-24_live_round,d6bdafd6aa01457e9e5ab12d9b60db8d,2026-04-05T01:01:23.744581+00:00,1775350883744581000,166594055097958,3250,,,A,1135,80,1135.5,-3.0,53.641858333,1.1026118811459702
29669,A_research_2026-04-04_19-55-24_live_round,d6bdafd6aa01457e9e5ab12d9b60db8d,2026-04-05T01:01:23.744690+00:00,1775350883744690000,166594055207375,3250,,,A,1134,20,1135.5,-3.0,53.64196775,1.1026118811459702
30078,A_research_2026-04-04_19-55-24_live_round,d6bdafd6aa01457e9e5ab12d9b60db8d,2026-04-05T01:01:28.876070+00:00,1775350888876070000,166599186599916,3250,,,A,1140,40,1140.0,0.0,58.773360291,1.1026118811459702
30727,A_research_2026-04-04_19-55-24_live_round,d6bdafd6aa01457e9e5ab12d9b60db8d,2026-04-05T01:01:36.865105+00:00,1775350896865105000,166607175654041,3325,,,A,1134,40,1133.0,-2.0,6.4401825,1.0802170919175609
30728,A_research_2026-04-04_19-55-24_live_round,d6bdafd6aa01457e9e5ab12d9b60db8d,2026-04-05T01:01:36.866093+00:00,1775350896866093000,166607176642958,3325,,,A,1133,60,1133.0,-2.0,6.441171417,1.0802170919175609
30729,A_research_2026-04-04_19-55-24_live_round,d6bdafd6aa01457e9e5ab12d9b60db8d,2026-04-05T01:01:36.866206+00:00,1775350896866206000,166607176755541,3325,,,A,1132,80,1133.0,-2.0,6.441284,1.0802170919175609
31462,A_research_2026-04-04_19-55-24_live_round,d6bdafd6aa01457e9e5ab12d9b60db8d,2026-04-05T01:01:46.012523+00:00,1775350906012523000,166616323094250,3325,,,A,1112,40,1109.5,-5.0,15.587622709,1.0802170919175609
31463,A_research_2026-04-04_19-55-24_live_round,d6bdafd6aa01457e9e5ab12d9b60db8d,2026-04-05T01:01:46.016326+00:00,1775350906016326000,166616326898208,3325,,,A,1111,60,1109.5,-5.0,15.591426667,1.0802170919175609
31464,A_research_2026-04-04_19-55-24_live_round,d6bdafd6aa01457e9e5ab12d9b60db8d,2026-04-05T01:01:46.019833+00:00,1775350906019833000,166616330404583,3325,,,A,1110,80,1109.5,-5.0,15.594933042,1.0802170919175609
31465,A_research_2026-04-04_19-55-24_live_round,d6bdafd6aa01457e9e5ab12d9b60db8d,2026-04-05T01:01:46.019983+00:00,1775350906019983000,166616330554708,3325,,,A,1109,20,1109.5,-5.0,15.595083167,1.0802170919175609
32911,A_research_2026-04-04_19-55-24_live_round,d6bdafd6aa01457e9e5ab12d9b60db8d,2026-04-05T01:02:03.878585+00:00,1775350923878585000,166634189199958,3450,,,A,1091,40,1090.5,-1.0,3.251530917,0.9952676578577768
32916,A_research_2026-04-04_19-55-24_live_round,d6bdafd6aa01457e9e5ab12d9b60db8d,2026-04-05T01:02:03.922952+00:00,1775350923922952000,166634233567750,3450,,,A,1091,60,1091.0,0.0,3.295898709,0.9952676578577768
33011,A_research_2026-04-04_19-55-24_live_round,d6bdafd6aa01457e9e5ab12d9b60db8d,2026-04-05T01:02:05.063340+00:00,1775350925063340000,166635373958166,3450,,,A,1075,40,1075.0,0.0,4.436289125,0.9952676578577768
34037,A_research_2026-04-04_19-55-24_live_round,d6bdafd6aa01457e9e5ab12d9b60db8d,2026-04-05T01:02:17.680897+00:00,1775350937680897000,166647991546500,3525,,,A,1026,40,1026.0,0.0,17.053877459,0.9952676578577768
34413,A_research_2026-04-04_19-55-24_live_round,d6bdafd6aa01457e9e5ab12d9b60db8d,2026-04-05T01:02:22.292361+00:00,1775350942292361000,166652603022125,3525,,,A,1029,40,1029.0,0.0,21.665353084,0.9952676578577768
35959,A_research_2026-04-04_19-55-24_live_round,d6bdafd6aa01457e9e5ab12d9b60db8d,2026-04-05T01:02:41.625482+00:00,1775350961625482000,166671936190666,3650,,,A,1023,40,1023.0,0.0,40.998521625,0.9952676578577768
36299,A_research_2026-04-04_19-55-24_live_round,d6bdafd6aa01457e9e5ab12d9b60db8d,2026-04-05T01:02:45.614360+00:00,1775350965614360000,166675925078583,3650,,,A,1027,40,1026.5,-1.0,44.987409542,0.9952676578577768
36300,A_research_2026-04-04_19-55-24_live_round,d6bdafd6aa01457e9e5ab12d9b60db8d,2026-04-05T01:02:45.617599+00:00,1775350965617599000,166675928317625,3650,,,A,1026,60,1026.5,-1.0,44.990648584,0.9952676578577768
36758,A_research_2026-04-04_19-55-24_live_round,d6bdafd6aa01457e9e5ab12d9b60db8d,2026-04-05T01:02:51.308031+00:00,1775350971308031000,166681618763250,3700,,,A,1024,40,1023.0,-2.0,50.681094209,0.9952676578577768
36759,A_research_2026-04-04_19-55-24_live_round,d6bdafd6aa01457e9e5ab12d9b60db8d,2026-04-05T01:02:51.308147+00:00,1775350971308147000,166681618879750,3700,,,A,1023,60,1023.0,-2.0,50.681210709,0.9952676578577768
36760,A_research_2026-04-04_19-55-24_live_round,d6bdafd6aa01457e9e5ab12d9b60db8d,2026-04-05T01:02:51.308250+00:00,1775350971308250000,166681618983291,3700,,,A,1022,80,1023.0,-2.0,50.68131425,0.9952676578577768
37104,A_research_2026-04-04_19-55-24_live_round,d6bdafd6aa01457e9e5ab12d9b60db8d,2026-04-05T01:02:55.471809+00:00,1775350975471809000,166685782552333,3700,,,A,1031,40,1033.0,-4.0,54.844883292,0.9952676578577768
37105,A_research_2026-04-04_19-55-24_live_round,d6bdafd6aa01457e9e5ab12d9b60db8d,2026-04-05T01:02:55.471927+00:00,1775350975471927000,166685782669833,3700,,,A,1032,60,1033.0,-4.0,54.845000792,0.9952676578577768
37106,A_research_2026-04-04_19-55-24_live_round,d6bdafd6aa01457e9e5ab12d9b60db8d,2026-04-05T01:02:55.472035+00:00,1775350975472035000,166685782778208,3700,,,A,1033,80,1033.0,-4.0,54.845109167,0.9952676578577768
37107,A_research_2026-04-04_19-55-24_live_round,d6bdafd6aa01457e9e5ab12d9b60db8d,2026-04-05T01:02:55.472145+00:00,1775350975472145000,166685782887500,3700,,,A,1034,20,1033.0,-4.0,54.845218459,0.9952676578577768
37597,A_research_2026-04-04_19-55-24_live_round,d6bdafd6aa01457e9e5ab12d9b60db8d,2026-04-05T01:03:01.557433+00:00,1775350981557433000,166691868190958,3750,,,A,1033,40,1036.0,-6.0,0.638381,0.8911342421617461
37598,A_research_2026-04-04_19-55-24_live_round,d6bdafd6aa01457e9e5ab12d9b60db8d,2026-04-05T01:03:01.557559+00:00,1775350981557559000,166691868317375,3750,,,A,1034,60,1036.0,-6.0,0.638507417,0.8911342421617461
37599,A_research_2026-04-04_19-55-24_live_round,d6bdafd6aa01457e9e5ab12d9b60db8d,2026-04-05T01:03:01.557667+00:00,1775350981557667000,166691868425208,3750,,,A,1035,100,1036.0,-6.0,0.63861525,0.8911342421617461
37618,A_research_2026-04-04_19-55-24_live_round,d6bdafd6aa01457e9e5ab12d9b60db8d,2026-04-05T01:03:01.738840+00:00,1775350981738840000,166692049597875,3750,,,A,1036,100,1038.0,-4.0,0.819787917,0.8911342421617461
37619,A_research_2026-04-04_19-55-24_live_round,d6bdafd6aa01457e9e5ab12d9b60db8d,2026-04-05T01:03:01.738955+00:00,1775350981738955000,166692049713125,3750,,,A,1037,40,1038.0,-4.0,0.819903167,0.8911342421617461
37620,A_research_2026-04-04_19-55-24_live_round,d6bdafd6aa01457e9e5ab12d9b60db8d,2026-04-05T01:03:01.739062+00:00,1775350981739062000,166692049820958,3750,,,A,1038,60,1038.0,-4.0,0.820011,0.8911342421617461
37753,A_research_2026-04-04_19-55-24_live_round,d6bdafd6aa01457e9e5ab12d9b60db8d,2026-04-05T01:03:03.373588+00:00,1775350983373588000,166693684349833,3750,,,A,1032,40,1032.0,0.0,2.454539875,0.8911342421617461
37773,A_research_2026-04-04_19-55-24_live_round,d6bdafd6aa01457e9e5ab12d9b60db8d,2026-04-05T01:03:03.598393+00:00,1775350983598393000,166693909156375,3750,,,A,1028,40,1028.0,0.0,2.679346417,0.8911342421617461
37903,A_research_2026-04-04_19-55-24_live_round,d6bdafd6aa01457e9e5ab12d9b60db8d,2026-04-05T01:03:05.205495+00:00,1775350985205495000,166695516262333,3750,,,A,1020,40,1018.0,-4.0,4.286452375,0.8911342421617461
37908,A_research_2026-04-04_19-55-24_live_round,d6bdafd6aa01457e9e5ab12d9b60db8d,2026-04-05T01:03:05.248859+00:00,1775350985248859000,166695559626333,3750,,,A,1020,60,1018.5,-3.0,4.329816375,0.8911342421617461
37913,A_research_2026-04-04_19-55-24_live_round,d6bdafd6aa01457e9e5ab12d9b60db8d,2026-04-05T01:03:05.279687+00:00,1775350985279687000,166695590453708,3750,,,A,1018,40,1018.0,0.0,4.36064375,0.8911342421617461
37926,A_research_2026-04-04_19-55-24_live_round,d6bdafd6aa01457e9e5ab12d9b60db8d,2026-04-05T01:03:05.381077+00:00,1775350985381077000,166695691844708,3750,,,A,1015,40,1009.5,-11.0,4.46203475,0.8911342421617461
37931,A_research_2026-04-04_19-55-24_live_round,d6bdafd6aa01457e9e5ab12d9b60db8d,2026-04-05T01:03:05.409505+00:00,1775350985409505000,166695720272750,3750,,,A,1015,60,1010.0,-10.0,4.490462792,0.8911342421617461
37936,A_research_2026-04-04_19-55-24_live_round,d6bdafd6aa01457e9e5ab12d9b60db8d,2026-04-05T01:03:05.434696+00:00,1775350985434696000,166695745463041,3750,,,A,1010,40,1008.0,-4.0,4.515653083,0.8911342421617461
37937,A_research_2026-04-04_19-55-24_live_round,d6bdafd6aa01457e9e5ab12d9b60db8d,2026-04-05T01:03:05.434805+00:00,1775350985434805000,166695745573083,3750,,,A,1009,40,1008.0,-4.0,4.515763125,0.8911342421617461
37943,A_research_2026-04-04_19-55-24_live_round,d6bdafd6aa01457e9e5ab12d9b60db8d,2026-04-05T01:03:05.469401+00:00,1775350985469401000,166695780168500,3750,,,A,1009,20,1008.0,-2.0,4.550358542,0.8911342421617461
37944,A_research_2026-04-04_19-55-24_live_round,d6bdafd6aa01457e9e5ab12d9b60db8d,2026-04-05T01:03:05.469509+00:00,1775350985469509000,166695780277000,3750,,,A,1008,80,1008.0,-2.0,4.550467042,0.8911342421617461
37953,A_research_2026-04-04_19-55-24_live_round,d6bdafd6aa01457e9e5ab12d9b60db8d,2026-04-05T01:03:05.698752+00:00,1775350985698752000,166696009520458,3750,,,A,1007,40,996.0,-22.0,4.7797105,0.8911342421617461
37958,A_research_2026-04-04_19-55-24_live_round,d6bdafd6aa01457e9e5ab12d9b60db8d,2026-04-05T01:03:05.751509+00:00,1775350985751509000,166696062277083,3750,,,A,1007,60,996.5,-21.0,4.832467125,0.8911342421617461
37963,A_research_2026-04-04_19-55-24_live_round,d6bdafd6aa01457e9e5ab12d9b60db8d,2026-04-05T01:03:05.795204+00:00,1775350985795204000,166696105972708,3750,,,A,998,40,992.5,-11.0,4.87616275,0.8911342421617461
37964,A_research_2026-04-04_19-55-24_live_round,d6bdafd6aa01457e9e5ab12d9b60db8d,2026-04-05T01:03:05.795313+00:00,1775350985795313000,166696106081041,3750,,,A,997,40,992.5,-11.0,4.876271083,0.8911342421617461
37970,A_research_2026-04-04_19-55-24_live_round,d6bdafd6aa01457e9e5ab12d9b60db8d,2026-04-05T01:03:05.841651+00:00,1775350985841651000,166696152419208,3750,,,A,997,20,992.5,-9.0,4.92260925,0.8911342421617461
37971,A_research_2026-04-04_19-55-24_live_round,d6bdafd6aa01457e9e5ab12d9b60db8d,2026-04-05T01:03:05.841756+00:00,1775350985841756000,166696152524750,3750,,,A,996,80,992.5,-9.0,4.922714792,0.8911342421617461
37978,A_research_2026-04-04_19-55-24_live_round,d6bdafd6aa01457e9e5ab12d9b60db8d,2026-04-05T01:03:05.897443+00:00,1775350985897443000,166696208211333,3750,,,A,995,40,984.5,-21.0,4.978401375,0.8911342421617461
37983,A_research_2026-04-04_19-55-24_live_round,d6bdafd6aa01457e9e5ab12d9b60db8d,2026-04-05T01:03:05.928846+00:00,1775350985928846000,166696239614500,3750,,,A,995,60,985.0,-20.0,5.009804542,0.8911342421617461
37988,A_research_2026-04-04_19-55-24_live_round,d6bdafd6aa01457e9e5ab12d9b60db8d,2026-04-05T01:03:05.956640+00:00,1775350985956640000,166696267408291,3750,,,A,979,40,977.5,-3.0,5.037598333,0.8911342421617461
37989,A_research_2026-04-04_19-55-24_live_round,d6bdafd6aa01457e9e5ab12d9b60db8d,2026-04-05T01:03:05.956747+00:00,1775350985956747000,166696267515708,3750,,,A,978,40,977.5,-3.0,5.03770575,0.8911342421617461
37995,A_research_2026-04-04_19-55-24_live_round,d6bdafd6aa01457e9e5ab12d9b60db8d,2026-04-05T01:03:05.994031+00:00,1775350985994031000,166696304799583,3750,,,A,978,20,977.5,-1.0,5.074989625,0.8911342421617461
37996,A_research_2026-04-04_19-55-24_live_round,d6bdafd6aa01457e9e5ab12d9b60db8d,2026-04-05T01:03:05.994180+00:00,1775350985994180000,166696304949083,3750,,,A,977,80,977.5,-1.0,5.075139125,0.8911342421617461
38002,A_research_2026-04-04_19-55-24_live_round,d6bdafd6aa01457e9e5ab12d9b60db8d,2026-04-05T01:03:06.050067+00:00,1775350986050067000,166696360835916,3775,,,A,976,40,973.0,-6.0,5.131025958,0.8911342421617461
38007,A_research_2026-04-04_19-55-24_live_round,d6bdafd6aa01457e9e5ab12d9b60db8d,2026-04-05T01:03:06.096355+00:00,1775350986096355000,166696407124458,3775,,,A,976,60,973.5,-5.0,5.1773145,0.8911342421617461
38081,A_research_2026-04-04_19-55-24_live_round,d6bdafd6aa01457e9e5ab12d9b60db8d,2026-04-05T01:03:07.014518+00:00,1775350987014518000,166697325289708,3775,,,A,970,40,969.5,-1.0,6.09547975,0.8911342421617461
38099,A_research_2026-04-04_19-55-24_live_round,d6bdafd6aa01457e9e5ab12d9b60db8d,2026-04-05T01:03:07.248861+00:00,1775350987248861000,166697559633208,3775,,,A,967,40,963.0,-8.0,6.32982325,0.8911342421617461
38104,A_research_2026-04-04_19-55-24_live_round,d6bdafd6aa01457e9e5ab12d9b60db8d,2026-04-05T01:03:07.286155+00:00,1775350987286155000,166697596927208,3775,,,A,967,60,963.5,-7.0,6.36711725,0.8911342421617461
38109,A_research_2026-04-04_19-55-24_live_round,d6bdafd6aa01457e9e5ab12d9b60db8d,2026-04-05T01:03:07.323329+00:00,1775350987323329000,166697634100916,3775,,,A,963,40,962.0,-2.0,6.404290958,0.8911342421617461
38110,A_research_2026-04-04_19-55-24_live_round,d6bdafd6aa01457e9e5ab12d9b60db8d,2026-04-05T01:03:07.323440+00:00,1775350987323440000,166697634212041,3775,,,A,962,40,962.0,-2.0,6.404402083,0.8911342421617461
38116,A_research_2026-04-04_19-55-24_live_round,d6bdafd6aa01457e9e5ab12d9b60db8d,2026-04-05T01:03:07.357090+00:00,1775350987357090000,166697667862291,3775,,,A,962,20,962.0,0.0,6.438052333,0.8911342421617461
38125,A_research_2026-04-04_19-55-24_live_round,d6bdafd6aa01457e9e5ab12d9b60db8d,2026-04-05T01:03:07.438873+00:00,1775350987438873000,166697749645541,3775,,,A,960,40,951.0,-18.0,6.519835583,0.8911342421617461
38130,A_research_2026-04-04_19-55-24_live_round,d6bdafd6aa01457e9e5ab12d9b60db8d,2026-04-05T01:03:07.473711+00:00,1775350987473711000,166697784483125,3775,,,A,960,60,951.5,-17.0,6.554673167,0.8911342421617461
38135,A_research_2026-04-04_19-55-24_live_round,d6bdafd6aa01457e9e5ab12d9b60db8d,2026-04-05T01:03:07.511238+00:00,1775350987511238000,166697822010958,3775,,,A,953,40,948.5,-9.0,6.592201,0.8911342421617461
38136,A_research_2026-04-04_19-55-24_live_round,d6bdafd6aa01457e9e5ab12d9b60db8d,2026-04-05T01:03:07.511353+00:00,1775350987511353000,166697822126166,3775,,,A,952,40,948.5,-9.0,6.592316208,0.8911342421617461
38142,A_research_2026-04-04_19-55-24_live_round,d6bdafd6aa01457e9e5ab12d9b60db8d,2026-04-05T01:03:07.545632+00:00,1775350987545632000,166697856404833,3775,,,A,952,20,948.5,-7.0,6.626594875,0.8911342421617461
38143,A_research_2026-04-04_19-55-24_live_round,d6bdafd6aa01457e9e5ab12d9b60db8d,2026-04-05T01:03:07.545744+00:00,1775350987545744000,166697856516791,3775,,,A,951,80,948.5,-7.0,6.626706833,0.8911342421617461
38150,A_research_2026-04-04_19-55-24_live_round,d6bdafd6aa01457e9e5ab12d9b60db8d,2026-04-05T01:03:07.595450+00:00,1775350987595450000,166697906222416,3775,,,A,950,40,938.0,-24.0,6.676412458,0.8911342421617461
38156,A_research_2026-04-04_19-55-24_live_round,d6bdafd6aa01457e9e5ab12d9b60db8d,2026-04-05T01:03:07.642366+00:00,1775350987642366000,166697953139166,3775,,,A,950,60,938.5,-23.0,6.723329208,0.8911342421617461
38161,A_research_2026-04-04_19-55-24_live_round,d6bdafd6aa01457e9e5ab12d9b60db8d,2026-04-05T01:03:07.682478+00:00,1775350987682478000,166697993251500,3775,,,A,936,40,932.0,-8.0,6.763441542,0.8911342421617461
38162,A_research_2026-04-04_19-55-24_live_round,d6bdafd6aa01457e9e5ab12d9b60db8d,2026-04-05T01:03:07.685655+00:00,1775350987685655000,166697996428041,3775,,,A,935,40,932.0,-8.0,6.766618083,0.8911342421617461
38168,A_research_2026-04-04_19-55-24_live_round,d6bdafd6aa01457e9e5ab12d9b60db8d,2026-04-05T01:03:07.725801+00:00,1775350987725801000,166698036574000,3775,,,A,935,20,932.0,-6.0,6.806764042,0.8911342421617461
38169,A_research_2026-04-04_19-55-24_live_round,d6bdafd6aa01457e9e5ab12d9b60db8d,2026-04-05T01:03:07.725910+00:00,1775350987725910000,166698036682791,3775,,,A,934,80,932.0,-6.0,6.806872833,0.8911342421617461
38176,A_research_2026-04-04_19-55-24_live_round,d6bdafd6aa01457e9e5ab12d9b60db8d,2026-04-05T01:03:07.825883+00:00,1775350987825883000,166698136656291,3775,,,A,933,40,923.0,-20.0,6.906846333,0.8911342421617461
38181,A_research_2026-04-04_19-55-24_live_round,d6bdafd6aa01457e9e5ab12d9b60db8d,2026-04-05T01:03:07.872398+00:00,1775350987872398000,166698183171916,3775,,,A,933,60,923.5,-19.0,6.953361958,0.8911342421617461
38186,A_research_2026-04-04_19-55-24_live_round,d6bdafd6aa01457e9e5ab12d9b60db8d,2026-04-05T01:03:07.897107+00:00,1775350987897107000,166698207880750,3775,,,A,920,40,917.5,-5.0,6.978070792,0.8911342421617461
38187,A_research_2026-04-04_19-55-24_live_round,d6bdafd6aa01457e9e5ab12d9b60db8d,2026-04-05T01:03:07.897216+00:00,1775350987897216000,166698207989500,3775,,,A,919,40,917.5,-5.0,6.978179542,0.8911342421617461
38193,A_research_2026-04-04_19-55-24_live_round,d6bdafd6aa01457e9e5ab12d9b60db8d,2026-04-05T01:03:07.927973+00:00,1775350987927973000,166698238746291,3775,,,A,919,20,917.5,-3.0,7.008936333,0.8911342421617461
38194,A_research_2026-04-04_19-55-24_live_round,d6bdafd6aa01457e9e5ab12d9b60db8d,2026-04-05T01:03:07.928083+00:00,1775350987928083000,166698238856333,3775,,,A,918,80,917.5,-3.0,7.009046375,0.8911342421617461
38200,A_research_2026-04-04_19-55-24_live_round,d6bdafd6aa01457e9e5ab12d9b60db8d,2026-04-05T01:03:07.996295+00:00,1775350987996295000,166698307067958,3775,,,A,917,40,911.0,-12.0,7.077258,0.8911342421617461
38205,A_research_2026-04-04_19-55-24_live_round,d6bdafd6aa01457e9e5ab12d9b60db8d,2026-04-05T01:03:08.024190+00:00,1775350988024190000,166698334964083,3775,,,A,917,60,911.5,-11.0,7.105154125,0.8911342421617461
38210,A_research_2026-04-04_19-55-24_live_round,d6bdafd6aa01457e9e5ab12d9b60db8d,2026-04-05T01:03:08.048946+00:00,1775350988048946000,166698359720416,3775,,,A,907,40,907.0,0.0,7.129910458,0.8911342421617461
38219,A_research_2026-04-04_19-55-24_live_round,d6bdafd6aa01457e9e5ab12d9b60db8d,2026-04-05T01:03:08.366063+00:00,1775350988366063000,166698676837625,3775,,,A,904,40,904.0,0.0,7.447027667,0.8911342421617461
38315,A_research_2026-04-04_19-55-24_live_round,d6bdafd6aa01457e9e5ab12d9b60db8d,2026-04-05T01:03:09.421369+00:00,1775350989421369000,166699732145875,3775,,,A,902,40,899.0,-6.0,8.502335917,0.8911342421617461
38320,A_research_2026-04-04_19-55-24_live_round,d6bdafd6aa01457e9e5ab12d9b60db8d,2026-04-05T01:03:09.461614+00:00,1775350989461614000,166699772391833,3775,,,A,902,60,899.5,-5.0,8.542581875,0.8911342421617461
38325,A_research_2026-04-04_19-55-24_live_round,d6bdafd6aa01457e9e5ab12d9b60db8d,2026-04-05T01:03:09.492606+00:00,1775350989492606000,166699803383458,3775,,,A,900,40,899.0,-2.0,8.5735735,0.8911342421617461
38326,A_research_2026-04-04_19-55-24_live_round,d6bdafd6aa01457e9e5ab12d9b60db8d,2026-04-05T01:03:09.492716+00:00,1775350989492716000,166699803493625,3775,,,A,899,40,899.0,-2.0,8.573683667,0.8911342421617461
38332,A_research_2026-04-04_19-55-24_live_round,d6bdafd6aa01457e9e5ab12d9b60db8d,2026-04-05T01:03:09.536202+00:00,1775350989536202000,166699846979791,3775,,,A,899,20,899.0,0.0,8.617169833,0.8911342421617461
38342,A_research_2026-04-04_19-55-24_live_round,d6bdafd6aa01457e9e5ab12d9b60db8d,2026-04-05T01:03:09.609721+00:00,1775350989609721000,166699920499041,3775,,,A,897,40,893.0,-8.0,8.690689083,0.8911342421617461
38348,A_research_2026-04-04_19-55-24_live_round,d6bdafd6aa01457e9e5ab12d9b60db8d,2026-04-05T01:03:09.649860+00:00,1775350989649860000,166699960637833,3775,,,A,897,60,893.5,-7.0,8.730827875,0.8911342421617461
38361,A_research_2026-04-04_19-55-24_live_round,d6bdafd6aa01457e9e5ab12d9b60db8d,2026-04-05T01:03:09.883796+00:00,1775350989883796000,166700194573958,3775,,,A,887,40,886.5,-1.0,8.964764,0.8911342421617461
38366,A_research_2026-04-04_19-55-24_live_round,d6bdafd6aa01457e9e5ab12d9b60db8d,2026-04-05T01:03:09.924141+00:00,1775350989924141000,166700234919416,3775,,,A,887,60,887.0,0.0,9.005109458,0.8911342421617461
38474,A_research_2026-04-04_19-55-24_live_round,d6bdafd6aa01457e9e5ab12d9b60db8d,2026-04-05T01:03:11.285312+00:00,1775350991285312000,166701596093833,3775,,,A,888,100,892.5,-9.0,10.366283875,0.8911342421617461
38475,A_research_2026-04-04_19-55-24_live_round,d6bdafd6aa01457e9e5ab12d9b60db8d,2026-04-05T01:03:11.288557+00:00,1775350991288557000,166701599338833,3775,,,A,889,40,892.5,-9.0,10.369528875,0.8911342421617461
38476,A_research_2026-04-04_19-55-24_live_round,d6bdafd6aa01457e9e5ab12d9b60db8d,2026-04-05T01:03:11.291825+00:00,1775350991291825000,166701602607041,3775,,,A,890,60,892.5,-9.0,10.372797083,0.8911342421617461
38495,A_research_2026-04-04_19-55-24_live_round,d6bdafd6aa01457e9e5ab12d9b60db8d,2026-04-05T01:03:11.433605+00:00,1775350991433605000,166701744387666,3775,,,A,892,40,894.5,-5.0,10.514577708,0.8911342421617461
38500,A_research_2026-04-04_19-55-24_live_round,d6bdafd6aa01457e9e5ab12d9b60db8d,2026-04-05T01:03:11.474441+00:00,1775350991474441000,166701785223583,3775,,,A,892,60,894.0,-4.0,10.555413625,0.8911342421617461
38505,A_research_2026-04-04_19-55-24_live_round,d6bdafd6aa01457e9e5ab12d9b60db8d,2026-04-05T01:03:11.511740+00:00,1775350991511740000,166701822522125,3775,,,A,895,40,895.0,0.0,10.592712167,0.8911342421617461
38518,A_research_2026-04-04_19-55-24_live_round,d6bdafd6aa01457e9e5ab12d9b60db8d,2026-04-05T01:03:11.616046+00:00,1775350991616046000,166701926828958,3775,,,A,898,40,901.0,-6.0,10.697019,0.8911342421617461
38523,A_research_2026-04-04_19-55-24_live_round,d6bdafd6aa01457e9e5ab12d9b60db8d,2026-04-05T01:03:11.653289+00:00,1775350991653289000,166701964071416,3775,,,A,898,60,900.5,-5.0,10.734261458,0.8911342421617461
38538,A_research_2026-04-04_19-55-24_live_round,d6bdafd6aa01457e9e5ab12d9b60db8d,2026-04-05T01:03:11.823594+00:00,1775350991823594000,166702134377125,3775,,,A,906,40,911.5,-11.0,10.904567167,0.8911342421617461
38543,A_research_2026-04-04_19-55-24_live_round,d6bdafd6aa01457e9e5ab12d9b60db8d,2026-04-05T01:03:11.873155+00:00,1775350991873155000,166702183938125,3775,,,A,906,60,911.0,-10.0,10.954128167,0.8911342421617461
38548,A_research_2026-04-04_19-55-24_live_round,d6bdafd6aa01457e9e5ab12d9b60db8d,2026-04-05T01:03:11.910292+00:00,1775350991910292000,166702221075708,3775,,,A,910,40,912.5,-5.0,10.99126575,0.8911342421617461
38549,A_research_2026-04-04_19-55-24_live_round,d6bdafd6aa01457e9e5ab12d9b60db8d,2026-04-05T01:03:11.910399+00:00,1775350991910399000,166702221182500,3775,,,A,911,40,912.5,-5.0,10.991372542,0.8911342421617461
38555,A_research_2026-04-04_19-55-24_live_round,d6bdafd6aa01457e9e5ab12d9b60db8d,2026-04-05T01:03:11.941682+00:00,1775350991941682000,166702252465791,3775,,,A,911,20,912.5,-3.0,11.022655833,0.8911342421617461
38556,A_research_2026-04-04_19-55-24_live_round,d6bdafd6aa01457e9e5ab12d9b60db8d,2026-04-05T01:03:11.941796+00:00,1775350991941796000,166702252579958,3775,,,A,912,80,912.5,-3.0,11.02277,0.8911342421617461
38564,A_research_2026-04-04_19-55-24_live_round,d6bdafd6aa01457e9e5ab12d9b60db8d,2026-04-05T01:03:12.014954+00:00,1775350992014954000,166702325737291,3775,,,A,913,40,914.5,-3.0,11.095927333,0.8911342421617461
38569,A_research_2026-04-04_19-55-24_live_round,d6bdafd6aa01457e9e5ab12d9b60db8d,2026-04-05T01:03:12.055503+00:00,1775350992055503000,166702366286458,3775,,,A,913,60,914.0,-2.0,11.1364765,0.8911342421617461
39097,A_research_2026-04-04_19-55-24_live_round,d6bdafd6aa01457e9e5ab12d9b60db8d,2026-04-05T01:03:18.656468+00:00,1775350998656468000,166708967268041,3775,,,A,931,40,931.0,0.0,17.737458083,0.8911342421617461
39115,A_research_2026-04-04_19-55-24_live_round,d6bdafd6aa01457e9e5ab12d9b60db8d,2026-04-05T01:03:18.806708+00:00,1775350998806708000,166709117508875,3775,,,A,934,100,937.0,-6.0,17.887698917,0.8911342421617461
39116,A_research_2026-04-04_19-55-24_live_round,d6bdafd6aa01457e9e5ab12d9b60db8d,2026-04-05T01:03:18.806823+00:00,1775350998806823000,166709117623791,3775,,,A,937,40,937.0,-6.0,17.887813833,0.8911342421617461
39117,A_research_2026-04-04_19-55-24_live_round,d6bdafd6aa01457e9e5ab12d9b60db8d,2026-04-05T01:03:18.806928+00:00,1775350998806928000,166709117728708,3775,,,A,938,60,937.0,-6.0,17.88791875,0.8911342421617461
40302,A_research_2026-04-04_19-55-24_live_round,d6bdafd6aa01457e9e5ab12d9b60db8d,2026-04-05T01:03:33.535811+00:00,1775351013535811000,166723846647375,3900,,,A,928,40,928.5,-1.0,2.461925542,1.0430196697120586
40320,A_research_2026-04-04_19-55-24_live_round,d6bdafd6aa01457e9e5ab12d9b60db8d,2026-04-05T01:03:33.731897+00:00,1775351013731897000,166724042733875,3900,,,A,931,40,933.0,-4.0,2.658012042,1.0430196697120586
40325,A_research_2026-04-04_19-55-24_live_round,d6bdafd6aa01457e9e5ab12d9b60db8d,2026-04-05T01:03:33.769343+00:00,1775351013769343000,166724080180208,3900,,,A,931,60,932.5,-3.0,2.695458375,1.0430196697120586
40340,A_research_2026-04-04_19-55-24_live_round,d6bdafd6aa01457e9e5ab12d9b60db8d,2026-04-05T01:03:33.981856+00:00,1775351013981856000,166724292694083,3900,,,A,938,40,938.0,0.0,2.90797225,1.0430196697120586
40454,A_research_2026-04-04_19-55-24_live_round,d6bdafd6aa01457e9e5ab12d9b60db8d,2026-04-05T01:03:35.403716+00:00,1775351015403716000,166725714556916,3900,,,A,951,40,956.5,-11.0,4.329835083,1.0430196697120586
40459,A_research_2026-04-04_19-55-24_live_round,d6bdafd6aa01457e9e5ab12d9b60db8d,2026-04-05T01:03:35.453666+00:00,1775351015453666000,166725764507666,3900,,,A,951,60,956.0,-10.0,4.379785833,1.0430196697120586
40464,A_research_2026-04-04_19-55-24_live_round,d6bdafd6aa01457e9e5ab12d9b60db8d,2026-04-05T01:03:35.478292+00:00,1775351015478292000,166725789133125,3900,,,A,952,40,956.0,-8.0,4.404411292,1.0430196697120586
40465,A_research_2026-04-04_19-55-24_live_round,d6bdafd6aa01457e9e5ab12d9b60db8d,2026-04-05T01:03:35.478403+00:00,1775351015478403000,166725789244083,3900,,,A,953,40,956.0,-8.0,4.40452225,1.0430196697120586
40471,A_research_2026-04-04_19-55-24_live_round,d6bdafd6aa01457e9e5ab12d9b60db8d,2026-04-05T01:03:35.512689+00:00,1775351015512689000,166725823530791,3900,,,A,953,20,956.0,-6.0,4.438808958,1.0430196697120586
40472,A_research_2026-04-04_19-55-24_live_round,d6bdafd6aa01457e9e5ab12d9b60db8d,2026-04-05T01:03:35.515998+00:00,1775351015515998000,166725826839250,3900,,,A,954,80,956.0,-6.0,4.442117417,1.0430196697120586
40482,A_research_2026-04-04_19-55-24_live_round,d6bdafd6aa01457e9e5ab12d9b60db8d,2026-04-05T01:03:35.621843+00:00,1775351015621843000,166725932685000,3900,,,A,955,40,969.5,-29.0,4.547963167,1.0430196697120586
40487,A_research_2026-04-04_19-55-24_live_round,d6bdafd6aa01457e9e5ab12d9b60db8d,2026-04-05T01:03:35.646509+00:00,1775351015646509000,166725957350583,3900,,,A,955,60,969.0,-28.0,4.57262875,1.0430196697120586
40492,A_research_2026-04-04_19-55-24_live_round,d6bdafd6aa01457e9e5ab12d9b60db8d,2026-04-05T01:03:35.671215+00:00,1775351015671215000,166725982056458,3900,,,A,968,40,975.0,-14.0,4.597334625,1.0430196697120586
40493,A_research_2026-04-04_19-55-24_live_round,d6bdafd6aa01457e9e5ab12d9b60db8d,2026-04-05T01:03:35.671322+00:00,1775351015671322000,166725982164000,3900,,,A,969,40,975.0,-14.0,4.597442167,1.0430196697120586
40499,A_research_2026-04-04_19-55-24_live_round,d6bdafd6aa01457e9e5ab12d9b60db8d,2026-04-05T01:03:35.702069+00:00,1775351015702069000,166726012910916,3900,,,A,969,20,975.0,-12.0,4.628189083,1.0430196697120586
40500,A_research_2026-04-04_19-55-24_live_round,d6bdafd6aa01457e9e5ab12d9b60db8d,2026-04-05T01:03:35.702175+00:00,1775351015702175000,166726013017208,3900,,,A,970,80,975.0,-12.0,4.628295375,1.0430196697120586
40509,A_research_2026-04-04_19-55-24_live_round,d6bdafd6aa01457e9e5ab12d9b60db8d,2026-04-05T01:03:35.769612+00:00,1775351015769612000,166726080453625,3900,,,A,971,40,986.5,-31.0,4.695731792,1.0430196697120586
40514,A_research_2026-04-04_19-55-24_live_round,d6bdafd6aa01457e9e5ab12d9b60db8d,2026-04-05T01:03:35.810485+00:00,1775351015810485000,166726121327375,3900,,,A,971,60,986.0,-30.0,4.736605542,1.0430196697120586
40519,A_research_2026-04-04_19-55-24_live_round,d6bdafd6aa01457e9e5ab12d9b60db8d,2026-04-05T01:03:35.847777+00:00,1775351015847777000,166726158619458,3900,,,A,990,40,995.0,-10.0,4.773897625,1.0430196697120586
40520,A_research_2026-04-04_19-55-24_live_round,d6bdafd6aa01457e9e5ab12d9b60db8d,2026-04-05T01:03:35.847888+00:00,1775351015847888000,166726158730458,3900,,,A,991,40,995.0,-10.0,4.774008625,1.0430196697120586
40526,A_research_2026-04-04_19-55-24_live_round,d6bdafd6aa01457e9e5ab12d9b60db8d,2026-04-05T01:03:35.888061+00:00,1775351015888061000,166726198903041,3900,,,A,991,20,995.0,-8.0,4.814181208,1.0430196697120586
40527,A_research_2026-04-04_19-55-24_live_round,d6bdafd6aa01457e9e5ab12d9b60db8d,2026-04-05T01:03:35.888171+00:00,1775351015888171000,166726199013375,3900,,,A,992,80,995.0,-8.0,4.814291542,1.0430196697120586
40533,A_research_2026-04-04_19-55-24_live_round,d6bdafd6aa01457e9e5ab12d9b60db8d,2026-04-05T01:03:35.978308+00:00,1775351015978308000,166726289150458,3900,,,A,993,40,1006.0,-26.0,4.904428625,1.0430196697120586
40538,A_research_2026-04-04_19-55-24_live_round,d6bdafd6aa01457e9e5ab12d9b60db8d,2026-04-05T01:03:36.022290+00:00,1775351016022290000,166726333132625,3900,,,A,993,60,1005.5,-25.0,4.948410792,1.0430196697120586
40543,A_research_2026-04-04_19-55-24_live_round,d6bdafd6aa01457e9e5ab12d9b60db8d,2026-04-05T01:03:36.056518+00:00,1775351016056518000,166726367360875,3900,,,A,1008,40,1012.5,-9.0,4.982639042,1.0430196697120586
40544,A_research_2026-04-04_19-55-24_live_round,d6bdafd6aa01457e9e5ab12d9b60db8d,2026-04-05T01:03:36.056629+00:00,1775351016056629000,166726367471625,3900,,,A,1009,40,1012.5,-9.0,4.982749792,1.0430196697120586
40550,A_research_2026-04-04_19-55-24_live_round,d6bdafd6aa01457e9e5ab12d9b60db8d,2026-04-05T01:03:36.100976+00:00,1775351016100976000,166726411818625,3900,,,A,1009,20,1012.5,-7.0,5.027096792,1.0430196697120586
40551,A_research_2026-04-04_19-55-24_live_round,d6bdafd6aa01457e9e5ab12d9b60db8d,2026-04-05T01:03:36.101115+00:00,1775351016101115000,166726411958416,3900,,,A,1010,80,1012.5,-7.0,5.027236583,1.0430196697120586
40557,A_research_2026-04-04_19-55-24_live_round,d6bdafd6aa01457e9e5ab12d9b60db8d,2026-04-05T01:03:36.159610+00:00,1775351016159610000,166726470453541,3900,,,A,1011,40,1016.0,-10.0,5.085731708,1.0430196697120586
40563,A_research_2026-04-04_19-55-24_live_round,d6bdafd6aa01457e9e5ab12d9b60db8d,2026-04-05T01:03:36.231841+00:00,1775351016231841000,166726542684500,3900,,,A,1011,60,1015.5,-9.0,5.157962667,1.0430196697120586
40589,A_research_2026-04-04_19-55-24_live_round,d6bdafd6aa01457e9e5ab12d9b60db8d,2026-04-05T01:03:36.631437+00:00,1775351016631437000,166726942280875,3900,,,A,1021,40,1018.5,-5.0,5.557559042,1.0430196697120586
40594,A_research_2026-04-04_19-55-24_live_round,d6bdafd6aa01457e9e5ab12d9b60db8d,2026-04-05T01:03:36.665774+00:00,1775351016665774000,166726976618666,3900,,,A,1020,60,1018.5,-3.0,5.591896833,1.0430196697120586
40599,A_research_2026-04-04_19-55-24_live_round,d6bdafd6aa01457e9e5ab12d9b60db8d,2026-04-05T01:03:36.690913+00:00,1775351016690913000,166727001757666,3900,,,A,1019,80,1018.5,-1.0,5.617035833,1.0430196697120586
40611,A_research_2026-04-04_19-55-24_live_round,d6bdafd6aa01457e9e5ab12d9b60db8d,2026-04-05T01:03:36.814398+00:00,1775351016814398000,166727125242875,3900,,,A,1018,40,1013.5,-9.0,5.740521042,1.0430196697120586
40616,A_research_2026-04-04_19-55-24_live_round,d6bdafd6aa01457e9e5ab12d9b60db8d,2026-04-05T01:03:36.839585+00:00,1775351016839585000,166727150429708,3900,,,A,1018,60,1014.0,-8.0,5.765707875,1.0430196697120586
40629,A_research_2026-04-04_19-55-24_live_round,d6bdafd6aa01457e9e5ab12d9b60db8d,2026-04-05T01:03:36.980940+00:00,1775351016980940000,166727291785500,3900,,,A,1007,40,1006.5,-1.0,5.907063667,1.0430196697120586
40634,A_research_2026-04-04_19-55-24_live_round,d6bdafd6aa01457e9e5ab12d9b60db8d,2026-04-05T01:03:37.021602+00:00,1775351017021602000,166727332446833,3900,,,A,1007,60,1007.0,0.0,5.947725,1.0430196697120586
40662,A_research_2026-04-04_19-55-24_live_round,d6bdafd6aa01457e9e5ab12d9b60db8d,2026-04-05T01:03:37.349631+00:00,1775351017349631000,166727660476958,3900,,,A,1009,40,1015.0,-12.0,6.275755125,1.0430196697120586
40667,A_research_2026-04-04_19-55-24_live_round,d6bdafd6aa01457e9e5ab12d9b60db8d,2026-04-05T01:03:37.374065+00:00,1775351017374065000,166727684910791,3900,,,A,1009,60,1014.5,-11.0,6.300188958,1.0430196697120586
40672,A_research_2026-04-04_19-55-24_live_round,d6bdafd6aa01457e9e5ab12d9b60db8d,2026-04-05T01:03:37.401967+00:00,1775351017401967000,166727712813583,3900,,,A,1012,40,1015.5,-7.0,6.32809175,1.0430196697120586
40673,A_research_2026-04-04_19-55-24_live_round,d6bdafd6aa01457e9e5ab12d9b60db8d,2026-04-05T01:03:37.402079+00:00,1775351017402079000,166727712924916,3900,,,A,1013,40,1015.5,-7.0,6.328203083,1.0430196697120586
40679,A_research_2026-04-04_19-55-24_live_round,d6bdafd6aa01457e9e5ab12d9b60db8d,2026-04-05T01:03:37.436111+00:00,1775351017436111000,166727746957583,3900,,,A,1013,20,1015.5,-5.0,6.36223575,1.0430196697120586
40680,A_research_2026-04-04_19-55-24_live_round,d6bdafd6aa01457e9e5ab12d9b60db8d,2026-04-05T01:03:37.436221+00:00,1775351017436221000,166727747067333,3900,,,A,1014,80,1015.5,-5.0,6.3623455,1.0430196697120586
40690,A_research_2026-04-04_19-55-24_live_round,d6bdafd6aa01457e9e5ab12d9b60db8d,2026-04-05T01:03:37.670883+00:00,1775351017670883000,166727981730250,3900,,,A,1015,40,1029.0,-28.0,6.597008417,1.0430196697120586
40695,A_research_2026-04-04_19-55-24_live_round,d6bdafd6aa01457e9e5ab12d9b60db8d,2026-04-05T01:03:37.723622+00:00,1775351017723622000,166728034468791,3900,,,A,1015,60,1028.5,-27.0,6.649746958,1.0430196697120586
40700,A_research_2026-04-04_19-55-24_live_round,d6bdafd6aa01457e9e5ab12d9b60db8d,2026-04-05T01:03:37.760667+00:00,1775351017760667000,166728071514125,3900,,,A,1027,40,1034.0,-14.0,6.686792292,1.0430196697120586
40701,A_research_2026-04-04_19-55-24_live_round,d6bdafd6aa01457e9e5ab12d9b60db8d,2026-04-05T01:03:37.760778+00:00,1775351017760778000,166728071624916,3900,,,A,1028,40,1034.0,-14.0,6.686903083,1.0430196697120586
40707,A_research_2026-04-04_19-55-24_live_round,d6bdafd6aa01457e9e5ab12d9b60db8d,2026-04-05T01:03:37.807856+00:00,1775351017807856000,166728118703500,3900,,,A,1028,20,1034.0,-12.0,6.733981667,1.0430196697120586
40708,A_research_2026-04-04_19-55-24_live_round,d6bdafd6aa01457e9e5ab12d9b60db8d,2026-04-05T01:03:37.807967+00:00,1775351017807967000,166728118814625,3900,,,A,1029,80,1034.0,-12.0,6.734092792,1.0430196697120586
40715,A_research_2026-04-04_19-55-24_live_round,d6bdafd6aa01457e9e5ab12d9b60db8d,2026-04-05T01:03:37.863055+00:00,1775351017863055000,166728173901833,3900,,,A,1030,40,1049.0,-38.0,6.78918,1.0430196697120586
40720,A_research_2026-04-04_19-55-24_live_round,d6bdafd6aa01457e9e5ab12d9b60db8d,2026-04-05T01:03:37.900810+00:00,1775351017900810000,166728211657750,3900,,,A,1030,60,1048.5,-37.0,6.826935917,1.0430196697120586
40725,A_research_2026-04-04_19-55-24_live_round,d6bdafd6aa01457e9e5ab12d9b60db8d,2026-04-05T01:03:37.938027+00:00,1775351017938027000,166728248874791,3900,,,A,1049,40,1057.5,-17.0,6.864152958,1.0430196697120586
40726,A_research_2026-04-04_19-55-24_live_round,d6bdafd6aa01457e9e5ab12d9b60db8d,2026-04-05T01:03:37.938136+00:00,1775351017938136000,166728248983708,3900,,,A,1050,40,1057.5,-17.0,6.864261875,1.0430196697120586
40732,A_research_2026-04-04_19-55-24_live_round,d6bdafd6aa01457e9e5ab12d9b60db8d,2026-04-05T01:03:37.978220+00:00,1775351017978220000,166728289067708,3900,,,A,1050,20,1057.5,-15.0,6.904345875,1.0430196697120586
40733,A_research_2026-04-04_19-55-24_live_round,d6bdafd6aa01457e9e5ab12d9b60db8d,2026-04-05T01:03:37.978333+00:00,1775351017978333000,166728289180875,3900,,,A,1051,80,1057.5,-15.0,6.904459042,1.0430196697120586
40739,A_research_2026-04-04_19-55-24_live_round,d6bdafd6aa01457e9e5ab12d9b60db8d,2026-04-05T01:03:38.033958+00:00,1775351018033958000,166728344805333,3900,,,A,1052,40,1071.0,-38.0,6.9600835,1.0430196697120586
40744,A_research_2026-04-04_19-55-24_live_round,d6bdafd6aa01457e9e5ab12d9b60db8d,2026-04-05T01:03:38.077660+00:00,1775351018077660000,166728388507833,3900,,,A,1052,60,1070.5,-37.0,7.003786,1.0430196697120586
40749,A_research_2026-04-04_19-55-24_live_round,d6bdafd6aa01457e9e5ab12d9b60db8d,2026-04-05T01:03:38.102137+00:00,1775351018102137000,166728412984458,3900,,,A,1074,40,1081.0,-14.0,7.028262625,1.0430196697120586
40750,A_research_2026-04-04_19-55-24_live_round,d6bdafd6aa01457e9e5ab12d9b60db8d,2026-04-05T01:03:38.102243+00:00,1775351018102243000,166728413091333,3900,,,A,1075,40,1081.0,-14.0,7.0283695,1.0430196697120586
40756,A_research_2026-04-04_19-55-24_live_round,d6bdafd6aa01457e9e5ab12d9b60db8d,2026-04-05T01:03:38.152025+00:00,1775351018152025000,166728462872583,3900,,,A,1075,20,1081.0,-12.0,7.07815075,1.0430196697120586
40757,A_research_2026-04-04_19-55-24_live_round,d6bdafd6aa01457e9e5ab12d9b60db8d,2026-04-05T01:03:38.155300+00:00,1775351018155300000,166728466148541,3900,,,A,1076,80,1081.0,-12.0,7.081426708,1.0430196697120586
40763,A_research_2026-04-04_19-55-24_live_round,d6bdafd6aa01457e9e5ab12d9b60db8d,2026-04-05T01:03:38.219466+00:00,1775351018219466000,166728530314583,3900,,,A,1077,40,1089.5,-25.0,7.14559275,1.0430196697120586
40769,A_research_2026-04-04_19-55-24_live_round,d6bdafd6aa01457e9e5ab12d9b60db8d,2026-04-05T01:03:38.253323+00:00,1775351018253323000,166728564170958,3900,,,A,1077,60,1089.0,-24.0,7.179449125,1.0430196697120586
40774,A_research_2026-04-04_19-55-24_live_round,d6bdafd6aa01457e9e5ab12d9b60db8d,2026-04-05T01:03:38.277977+00:00,1775351018277977000,166728588825708,3900,,,A,1096,40,1098.0,-4.0,7.204103875,1.0430196697120586
40775,A_research_2026-04-04_19-55-24_live_round,d6bdafd6aa01457e9e5ab12d9b60db8d,2026-04-05T01:03:38.278086+00:00,1775351018278086000,166728588934458,3900,,,A,1097,40,1098.0,-4.0,7.204212625,1.0430196697120586
40781,A_research_2026-04-04_19-55-24_live_round,d6bdafd6aa01457e9e5ab12d9b60db8d,2026-04-05T01:03:38.308858+00:00,1775351018308858000,166728619706458,3900,,,A,1097,20,1098.0,-2.0,7.234984625,1.0430196697120586
40782,A_research_2026-04-04_19-55-24_live_round,d6bdafd6aa01457e9e5ab12d9b60db8d,2026-04-05T01:03:38.308966+00:00,1775351018308966000,166728619814166,3900,,,A,1098,80,1098.0,-2.0,7.235092333,1.0430196697120586
40788,A_research_2026-04-04_19-55-24_live_round,d6bdafd6aa01457e9e5ab12d9b60db8d,2026-04-05T01:03:38.358712+00:00,1775351018358712000,166728669560666,3900,,,A,1099,40,1103.0,-8.0,7.284838833,1.0430196697120586
40793,A_research_2026-04-04_19-55-24_live_round,d6bdafd6aa01457e9e5ab12d9b60db8d,2026-04-05T01:03:38.389461+00:00,1775351018389461000,166728700309208,3900,,,A,1099,60,1102.5,-7.0,7.315587375,1.0430196697120586
40835,A_research_2026-04-04_19-55-24_live_round,d6bdafd6aa01457e9e5ab12d9b60db8d,2026-04-05T01:03:38.967762+00:00,1775351018967762000,166729278611916,3900,,,A,1104,40,1103.0,-2.0,7.893890083,1.0430196697120586
40840,A_research_2026-04-04_19-55-24_live_round,d6bdafd6aa01457e9e5ab12d9b60db8d,2026-04-05T01:03:38.998970+00:00,1775351018998970000,166729309820250,3900,,,A,1104,60,1103.5,-1.0,7.925098417,1.0430196697120586
40870,A_research_2026-04-04_19-55-24_live_round,d6bdafd6aa01457e9e5ab12d9b60db8d,2026-04-05T01:03:39.364073+00:00,1775351019364073000,166729674923750,3900,,,A,1101,40,1101.0,0.0,8.290201917,1.0430196697120586
40888,A_research_2026-04-04_19-55-24_live_round,d6bdafd6aa01457e9e5ab12d9b60db8d,2026-04-05T01:03:39.567955+00:00,1775351019567955000,166729878806000,3900,,,A,1104,40,1108.0,-8.0,8.494084167,1.0430196697120586
40893,A_research_2026-04-04_19-55-24_live_round,d6bdafd6aa01457e9e5ab12d9b60db8d,2026-04-05T01:03:39.605109+00:00,1775351019605109000,166729915960791,3900,,,A,1104,60,1107.5,-7.0,8.531238958,1.0430196697120586
40898,A_research_2026-04-04_19-55-24_live_round,d6bdafd6aa01457e9e5ab12d9b60db8d,2026-04-05T01:03:39.642360+00:00,1775351019642360000,166729953212083,3900,,,A,1107,40,1108.5,-3.0,8.56849025,1.0430196697120586
40899,A_research_2026-04-04_19-55-24_live_round,d6bdafd6aa01457e9e5ab12d9b60db8d,2026-04-05T01:03:39.645578+00:00,1775351019645578000,166729956430208,3900,,,A,1108,40,1108.5,-3.0,8.571708375,1.0430196697120586
40905,A_research_2026-04-04_19-55-24_live_round,d6bdafd6aa01457e9e5ab12d9b60db8d,2026-04-05T01:03:39.692261+00:00,1775351019692261000,166730003112375,3900,,,A,1108,20,1108.5,-1.0,8.618390542,1.0430196697120586
40906,A_research_2026-04-04_19-55-24_live_round,d6bdafd6aa01457e9e5ab12d9b60db8d,2026-04-05T01:03:39.692372+00:00,1775351019692372000,166730003224000,3900,,,A,1109,80,1108.5,-1.0,8.618502167,1.0430196697120586
40915,A_research_2026-04-04_19-55-24_live_round,d6bdafd6aa01457e9e5ab12d9b60db8d,2026-04-05T01:03:39.771103+00:00,1775351019771103000,166730081954708,3900,,,A,1110,40,1115.0,-10.0,8.697232875,1.0430196697120586
40920,A_research_2026-04-04_19-55-24_live_round,d6bdafd6aa01457e9e5ab12d9b60db8d,2026-04-05T01:03:39.824148+00:00,1775351019824148000,166730134999666,3900,,,A,1110,60,1114.5,-9.0,8.750277833,1.0430196697120586
40925,A_research_2026-04-04_19-55-24_live_round,d6bdafd6aa01457e9e5ab12d9b60db8d,2026-04-05T01:03:39.854848+00:00,1775351019854848000,166730165699916,3900,,,A,1118,40,1118.0,0.0,8.780978083,1.0430196697120586
40935,A_research_2026-04-04_19-55-24_live_round,d6bdafd6aa01457e9e5ab12d9b60db8d,2026-04-05T01:03:39.964000+00:00,1775351019964000000,166730274852541,3900,,,A,1121,40,1125.0,-8.0,8.890130708,1.0430196697120586
40940,A_research_2026-04-04_19-55-24_live_round,d6bdafd6aa01457e9e5ab12d9b60db8d,2026-04-05T01:03:39.988492+00:00,1775351019988492000,166730299344583,3900,,,A,1121,60,1124.5,-7.0,8.91462275,1.0430196697120586
40945,A_research_2026-04-04_19-55-24_live_round,d6bdafd6aa01457e9e5ab12d9b60db8d,2026-04-05T01:03:40.016487+00:00,1775351020016487000,166730327339875,3900,,,A,1126,40,1126.5,-1.0,8.942618042,1.0430196697120586
40946,A_research_2026-04-04_19-55-24_live_round,d6bdafd6aa01457e9e5ab12d9b60db8d,2026-04-05T01:03:40.016609+00:00,1775351020016609000,166730327461333,3900,,,A,1127,40,1126.5,-1.0,8.9427395,1.0430196697120586
40957,A_research_2026-04-04_19-55-24_live_round,d6bdafd6aa01457e9e5ab12d9b60db8d,2026-04-05T01:03:40.304541+00:00,1775351020304541000,166730615394166,3900,,,A,1129,40,1129.5,-1.0,9.230672333,1.0430196697120586
40963,A_research_2026-04-04_19-55-24_live_round,d6bdafd6aa01457e9e5ab12d9b60db8d,2026-04-05T01:03:40.389512+00:00,1775351020389512000,166730700364958,3900,,,A,1129,60,1129.0,0.0,9.315643125,1.0430196697120586
41056,A_research_2026-04-04_19-55-24_live_round,d6bdafd6aa01457e9e5ab12d9b60db8d,2026-04-05T01:03:41.389656+00:00,1775351021389656000,166731700512000,3900,,,A,1123,40,1122.5,-1.0,10.315790167,1.0430196697120586
41061,A_research_2026-04-04_19-55-24_live_round,d6bdafd6aa01457e9e5ab12d9b60db8d,2026-04-05T01:03:41.427035+00:00,1775351021427035000,166731737891250,3900,,,A,1123,60,1123.0,0.0,10.353169417,1.0430196697120586
41077,A_research_2026-04-04_19-55-24_live_round,d6bdafd6aa01457e9e5ab12d9b60db8d,2026-04-05T01:03:41.580930+00:00,1775351021580930000,166731891786041,3900,,,A,1120,40,1116.5,-7.0,10.507064208,1.0430196697120586
41082,A_research_2026-04-04_19-55-24_live_round,d6bdafd6aa01457e9e5ab12d9b60db8d,2026-04-05T01:03:41.605429+00:00,1775351021605429000,166731916285208,3900,,,A,1120,60,1117.0,-6.0,10.531563375,1.0430196697120586
41087,A_research_2026-04-04_19-55-24_live_round,d6bdafd6aa01457e9e5ab12d9b60db8d,2026-04-05T01:03:41.633225+00:00,1775351021633225000,166731944081375,3900,,,A,1116,40,1115.5,-1.0,10.559359542,1.0430196697120586
41088,A_research_2026-04-04_19-55-24_live_round,d6bdafd6aa01457e9e5ab12d9b60db8d,2026-04-05T01:03:41.633333+00:00,1775351021633333000,166731944189958,3900,,,A,1115,40,1115.5,-1.0,10.559468125,1.0430196697120586
41100,A_research_2026-04-04_19-55-24_live_round,d6bdafd6aa01457e9e5ab12d9b60db8d,2026-04-05T01:03:41.868031+00:00,1775351021868031000,166732178888375,3900,,,A,1113,40,1105.5,-15.0,10.794166542,1.0430196697120586
41105,A_research_2026-04-04_19-55-24_live_round,d6bdafd6aa01457e9e5ab12d9b60db8d,2026-04-05T01:03:41.914969+00:00,1775351021914969000,166732225826125,3900,,,A,1113,60,1106.0,-14.0,10.841104292,1.0430196697120586
41110,A_research_2026-04-04_19-55-24_live_round,d6bdafd6aa01457e9e5ab12d9b60db8d,2026-04-05T01:03:41.940114+00:00,1775351021940114000,166732250971083,3900,,,A,1107,40,1103.5,-7.0,10.86624925,1.0430196697120586
41111,A_research_2026-04-04_19-55-24_live_round,d6bdafd6aa01457e9e5ab12d9b60db8d,2026-04-05T01:03:41.940222+00:00,1775351021940222000,166732251079791,3900,,,A,1106,40,1103.5,-7.0,10.866357958,1.0430196697120586
41117,A_research_2026-04-04_19-55-24_live_round,d6bdafd6aa01457e9e5ab12d9b60db8d,2026-04-05T01:03:41.977559+00:00,1775351021977559000,166732288416333,3900,,,A,1106,20,1103.5,-5.0,10.9036945,1.0430196697120586
41118,A_research_2026-04-04_19-55-24_live_round,d6bdafd6aa01457e9e5ab12d9b60db8d,2026-04-05T01:03:41.977668+00:00,1775351021977668000,166732288525458,3900,,,A,1105,80,1103.5,-5.0,10.903803625,1.0430196697120586
41125,A_research_2026-04-04_19-55-24_live_round,d6bdafd6aa01457e9e5ab12d9b60db8d,2026-04-05T01:03:42.039827+00:00,1775351022039827000,166732350684916,3900,,,A,1104,40,1093.0,-22.0,10.965963083,1.0430196697120586
41130,A_research_2026-04-04_19-55-24_live_round,d6bdafd6aa01457e9e5ab12d9b60db8d,2026-04-05T01:03:42.080775+00:00,1775351022080775000,166732391632791,3900,,,A,1104,60,1093.5,-21.0,11.006910958,1.0430196697120586
41135,A_research_2026-04-04_19-55-24_live_round,d6bdafd6aa01457e9e5ab12d9b60db8d,2026-04-05T01:03:42.118204+00:00,1775351022118204000,166732429061875,3900,,,A,1092,40,1088.0,-8.0,11.044340042,1.0430196697120586
41136,A_research_2026-04-04_19-55-24_live_round,d6bdafd6aa01457e9e5ab12d9b60db8d,2026-04-05T01:03:42.118313+00:00,1775351022118313000,166732429170833,3900,,,A,1091,40,1088.0,-8.0,11.044449,1.0430196697120586
41142,A_research_2026-04-04_19-55-24_live_round,d6bdafd6aa01457e9e5ab12d9b60db8d,2026-04-05T01:03:42.152381+00:00,1775351022152381000,166732463238791,3900,,,A,1091,20,1088.0,-6.0,11.078516958,1.0430196697120586
41143,A_research_2026-04-04_19-55-24_live_round,d6bdafd6aa01457e9e5ab12d9b60db8d,2026-04-05T01:03:42.152486+00:00,1775351022152486000,166732463343750,3900,,,A,1090,80,1088.0,-6.0,11.078621917,1.0430196697120586
41150,A_research_2026-04-04_19-55-24_live_round,d6bdafd6aa01457e9e5ab12d9b60db8d,2026-04-05T01:03:42.210952+00:00,1775351022210952000,166732521809833,3900,,,A,1089,40,1086.5,-5.0,11.137088,1.0430196697120586
41155,A_research_2026-04-04_19-55-24_live_round,d6bdafd6aa01457e9e5ab12d9b60db8d,2026-04-05T01:03:42.248200+00:00,1775351022248200000,166732559058500,3900,,,A,1089,60,1087.0,-4.0,11.174336667,1.0430196697120586
42864,A_research_2026-04-04_19-55-24_live_round,d6bdafd6aa01457e9e5ab12d9b60db8d,2026-04-05T01:04:03.482368+00:00,1775351043482368000,166753793277958,3975,,,A,1082,100,1083.5,-3.0,32.408556125,1.0430196697120586
42865,A_research_2026-04-04_19-55-24_live_round,d6bdafd6aa01457e9e5ab12d9b60db8d,2026-04-05T01:04:03.482530+00:00,1775351043482530000,166753793440333,3975,,,A,1084,40,1083.5,-3.0,32.4087185,1.0430196697120586
42866,A_research_2026-04-04_19-55-24_live_round,d6bdafd6aa01457e9e5ab12d9b60db8d,2026-04-05T01:04:03.482660+00:00,1775351043482660000,166753793570208,3975,,,A,1085,60,1083.5,-3.0,32.408848375,1.0430196697120586
43973,A_research_2026-04-04_19-55-24_live_round,d6bdafd6aa01457e9e5ab12d9b60db8d,2026-04-05T01:04:17.124743+00:00,1775351057124743000,166767435687250,3975,,,A,1075,40,1076.5,-3.0,46.050965417,1.0430196697120586
43974,A_research_2026-04-04_19-55-24_live_round,d6bdafd6aa01457e9e5ab12d9b60db8d,2026-04-05T01:04:17.124860+00:00,1775351057124860000,166767435803750,3975,,,A,1076,60,1076.5,-3.0,46.051081917,1.0430196697120586
43975,A_research_2026-04-04_19-55-24_live_round,d6bdafd6aa01457e9e5ab12d9b60db8d,2026-04-05T01:04:17.124965+00:00,1775351057124965000,166767435908500,3975,,,A,1077,80,1076.5,-3.0,46.051186667,1.0430196697120586
43976,A_research_2026-04-04_19-55-24_live_round,d6bdafd6aa01457e9e5ab12d9b60db8d,2026-04-05T01:04:17.125069+00:00,1775351057125069000,166767436012541,3975,,,A,1078,20,1076.5,-3.0,46.051290708,1.0430196697120586
44482,A_research_2026-04-04_19-55-24_live_round,d6bdafd6aa01457e9e5ab12d9b60db8d,2026-04-05T01:04:23.385913+00:00,1775351063385913000,166773696872208,3975,,,A,1076,40,1075.5,-1.0,52.312150375,1.0430196697120586
44483,A_research_2026-04-04_19-55-24_live_round,d6bdafd6aa01457e9e5ab12d9b60db8d,2026-04-05T01:04:23.386028+00:00,1775351063386028000,166773696987750,3975,,,A,1075,60,1075.5,-1.0,52.312265917,1.0430196697120586
45021,A_research_2026-04-04_19-55-24_live_round,d6bdafd6aa01457e9e5ab12d9b60db8d,2026-04-05T01:04:29.989174+00:00,1775351069989174000,166780300149000,3975,,,A,1077,40,1075.0,-4.0,58.915427167,1.0430196697120586
45022,A_research_2026-04-04_19-55-24_live_round,d6bdafd6aa01457e9e5ab12d9b60db8d,2026-04-05T01:04:29.989293+00:00,1775351069989293000,166780300268041,3975,,,A,1076,60,1075.0,-4.0,58.915546208,1.0430196697120586
45023,A_research_2026-04-04_19-55-24_live_round,d6bdafd6aa01457e9e5ab12d9b60db8d,2026-04-05T01:04:29.989400+00:00,1775351069989400000,166780300375625,3975,,,A,1075,80,1075.0,-4.0,58.915653792,1.0430196697120586
45024,A_research_2026-04-04_19-55-24_live_round,d6bdafd6aa01457e9e5ab12d9b60db8d,2026-04-05T01:04:29.989501+00:00,1775351069989501000,166780300477000,3975,,,A,1074,20,1075.0,-4.0,58.915755167,1.0430196697120586
45417,A_research_2026-04-04_19-55-24_live_round,d6bdafd6aa01457e9e5ab12d9b60db8d,2026-04-05T01:04:34.871387+00:00,1775351074871387000,166785182374166,4200,,,A,1071,40,1071.0,0.0,3.395483,1.0719933099016488
45792,A_research_2026-04-04_19-55-24_live_round,d6bdafd6aa01457e9e5ab12d9b60db8d,2026-04-05T01:04:39.518798+00:00,1775351079518798000,166789829797083,4200,,,A,1106,40,1106.5,-1.0,8.042905917,1.0719933099016488
45798,A_research_2026-04-04_19-55-24_live_round,d6bdafd6aa01457e9e5ab12d9b60db8d,2026-04-05T01:04:39.572213+00:00,1775351079572213000,166789883211958,4200,,,A,1106,60,1106.0,0.0,8.096320792,1.0719933099016488
46025,A_research_2026-04-04_19-55-24_live_round,d6bdafd6aa01457e9e5ab12d9b60db8d,2026-04-05T01:04:42.315096+00:00,1775351082315096000,166792626102083,4200,,,A,1104,40,1104.0,0.0,10.839210917,1.0719933099016488
46350,A_research_2026-04-04_19-55-24_live_round,d6bdafd6aa01457e9e5ab12d9b60db8d,2026-04-05T01:04:46.341274+00:00,1775351086341274000,166796652289458,4258,,,A,1108,40,1108.0,0.0,3.3243135,1.0719933099016488
46611,A_research_2026-04-04_19-55-24_live_round,d6bdafd6aa01457e9e5ab12d9b60db8d,2026-04-05T01:04:49.491578+00:00,1775351089491578000,166799802601000,4258,,,A,1110,100,1107.5,-5.0,6.474625042,1.0719933099016488
46612,A_research_2026-04-04_19-55-24_live_round,d6bdafd6aa01457e9e5ab12d9b60db8d,2026-04-05T01:04:49.491702+00:00,1775351089491702000,166799802725500,4258,,,A,1109,40,1107.5,-5.0,6.474749542,1.0719933099016488
46613,A_research_2026-04-04_19-55-24_live_round,d6bdafd6aa01457e9e5ab12d9b60db8d,2026-04-05T01:04:49.491809+00:00,1775351089491809000,166799802832166,4258,,,A,1108,60,1107.5,-5.0,6.474856208,1.0719933099016488
46763,A_research_2026-04-04_19-55-24_live_round,d6bdafd6aa01457e9e5ab12d9b60db8d,2026-04-05T01:04:51.416978+00:00,1775351091416978000,166801728006458,4258,,,A,1095,40,1095.0,0.0,8.4000305,1.0719933099016488
46781,A_research_2026-04-04_19-55-24_live_round,d6bdafd6aa01457e9e5ab12d9b60db8d,2026-04-05T01:04:51.577110+00:00,1775351091577110000,166801888138541,4258,,,A,1092,40,1091.0,-2.0,8.560162583,1.0719933099016488
46786,A_research_2026-04-04_19-55-24_live_round,d6bdafd6aa01457e9e5ab12d9b60db8d,2026-04-05T01:04:51.614856+00:00,1775351091614856000,166801925884583,4258,,,A,1092,60,1091.5,-1.0,8.597908625,1.0719933099016488
46832,A_research_2026-04-04_19-55-24_live_round,d6bdafd6aa01457e9e5ab12d9b60db8d,2026-04-05T01:04:52.182829+00:00,1775351092182829000,166802493859291,4258,,,A,1081,40,1081.0,0.0,9.165883333,1.0719933099016488
46850,A_research_2026-04-04_19-55-24_live_round,d6bdafd6aa01457e9e5ab12d9b60db8d,2026-04-05T01:04:52.364938+00:00,1775351092364938000,166802675968958,4258,,,A,1078,40,1076.0,-4.0,9.347993,1.0719933099016488
46855,A_research_2026-04-04_19-55-24_live_round,d6bdafd6aa01457e9e5ab12d9b60db8d,2026-04-05T01:04:52.389569+00:00,1775351092389569000,166802700599250,4258,,,A,1078,60,1076.5,-3.0,9.372623292,1.0719933099016488
46870,A_research_2026-04-04_19-55-24_live_round,d6bdafd6aa01457e9e5ab12d9b60db8d,2026-04-05T01:04:52.662029+00:00,1775351092662029000,166802973060208,4258,,,A,1072,40,1068.0,-8.0,9.64508425,1.0719933099016488
46875,A_research_2026-04-04_19-55-24_live_round,d6bdafd6aa01457e9e5ab12d9b60db8d,2026-04-05T01:04:52.696146+00:00,1775351092696146000,166803007177750,4258,,,A,1072,60,1068.5,-7.0,9.679201792,1.0719933099016488
46880,A_research_2026-04-04_19-55-24_live_round,d6bdafd6aa01457e9e5ab12d9b60db8d,2026-04-05T01:04:52.720716+00:00,1775351092720716000,166803031747750,4258,,,A,1068,40,1067.0,-2.0,9.703771792,1.0719933099016488
46881,A_research_2026-04-04_19-55-24_live_round,d6bdafd6aa01457e9e5ab12d9b60db8d,2026-04-05T01:04:52.720824+00:00,1775351092720824000,166803031855583,4258,,,A,1067,40,1067.0,-2.0,9.703879625,1.0719933099016488
46887,A_research_2026-04-04_19-55-24_live_round,d6bdafd6aa01457e9e5ab12d9b60db8d,2026-04-05T01:04:52.767946+00:00,1775351092767946000,166803078977333,4258,,,A,1067,20,1067.0,0.0,9.751001375,1.0719933099016488
46896,A_research_2026-04-04_19-55-24_live_round,d6bdafd6aa01457e9e5ab12d9b60db8d,2026-04-05T01:04:52.844298+00:00,1775351092844298000,166803155330083,4258,,,A,1065,40,1061.0,-8.0,9.827354125,1.0719933099016488
46901,A_research_2026-04-04_19-55-24_live_round,d6bdafd6aa01457e9e5ab12d9b60db8d,2026-04-05T01:04:52.885174+00:00,1775351092885174000,166803196205333,4258,,,A,1065,60,1061.5,-7.0,9.868229375,1.0719933099016488
46914,A_research_2026-04-04_19-55-24_live_round,d6bdafd6aa01457e9e5ab12d9b60db8d,2026-04-05T01:04:52.973622+00:00,1775351092973622000,166803284653875,4258,,,A,1055,40,1050.0,-10.0,9.956677917,1.0719933099016488
46919,A_research_2026-04-04_19-55-24_live_round,d6bdafd6aa01457e9e5ab12d9b60db8d,2026-04-05T01:04:53.008560+00:00,1775351093008560000,166803319592500,4258,,,A,1055,60,1050.5,-9.0,9.991616542,1.0719933099016488
46924,A_research_2026-04-04_19-55-24_live_round,d6bdafd6aa01457e9e5ab12d9b60db8d,2026-04-05T01:04:53.046465+00:00,1775351093046465000,166803357496916,4258,,,A,1051,40,1049.0,-4.0,10.029520958,1.0719933099016488
46925,A_research_2026-04-04_19-55-24_live_round,d6bdafd6aa01457e9e5ab12d9b60db8d,2026-04-05T01:04:53.049668+00:00,1775351093049668000,166803360700708,4258,,,A,1050,40,1049.0,-4.0,10.03272475,1.0719933099016488
46931,A_research_2026-04-04_19-55-24_live_round,d6bdafd6aa01457e9e5ab12d9b60db8d,2026-04-05T01:04:53.096836+00:00,1775351093096836000,166803407868291,4258,,,A,1050,20,1049.0,-2.0,10.079892333,1.0719933099016488
46932,A_research_2026-04-04_19-55-24_live_round,d6bdafd6aa01457e9e5ab12d9b60db8d,2026-04-05T01:04:53.096949+00:00,1775351093096949000,166803407981458,4258,,,A,1049,80,1049.0,-2.0,10.0800055,1.0719933099016488
46940,A_research_2026-04-04_19-55-24_live_round,d6bdafd6aa01457e9e5ab12d9b60db8d,2026-04-05T01:04:53.191450+00:00,1775351093191450000,166803502482666,4258,,,A,1048,40,1040.5,-15.0,10.174506708,1.0719933099016488
46945,A_research_2026-04-04_19-55-24_live_round,d6bdafd6aa01457e9e5ab12d9b60db8d,2026-04-05T01:04:53.238497+00:00,1775351093238497000,166803549530208,4258,,,A,1048,60,1041.0,-14.0,10.22155425,1.0719933099016488
46950,A_research_2026-04-04_19-55-24_live_round,d6bdafd6aa01457e9e5ab12d9b60db8d,2026-04-05T01:04:53.263355+00:00,1775351093263355000,166803574387333,4258,,,A,1039,40,1037.0,-4.0,10.246411375,1.0719933099016488
46951,A_research_2026-04-04_19-55-24_live_round,d6bdafd6aa01457e9e5ab12d9b60db8d,2026-04-05T01:04:53.263468+00:00,1775351093263468000,166803574501083,4258,,,A,1038,40,1037.0,-4.0,10.246525125,1.0719933099016488
46957,A_research_2026-04-04_19-55-24_live_round,d6bdafd6aa01457e9e5ab12d9b60db8d,2026-04-05T01:04:53.294448+00:00,1775351093294448000,166803605480791,4258,,,A,1038,20,1037.0,-2.0,10.277504833,1.0719933099016488
46958,A_research_2026-04-04_19-55-24_live_round,d6bdafd6aa01457e9e5ab12d9b60db8d,2026-04-05T01:04:53.294561+00:00,1775351093294561000,166803605593708,4258,,,A,1037,80,1037.0,-2.0,10.27761775,1.0719933099016488
46965,A_research_2026-04-04_19-55-24_live_round,d6bdafd6aa01457e9e5ab12d9b60db8d,2026-04-05T01:04:53.368175+00:00,1775351093368175000,166803679208500,4258,,,A,1036,40,1025.5,-21.0,10.351232542,1.0719933099016488
46970,A_research_2026-04-04_19-55-24_live_round,d6bdafd6aa01457e9e5ab12d9b60db8d,2026-04-05T01:04:53.393126+00:00,1775351093393126000,166803704159333,4258,,,A,1036,60,1026.0,-20.0,10.376183375,1.0719933099016488
46975,A_research_2026-04-04_19-55-24_live_round,d6bdafd6aa01457e9e5ab12d9b60db8d,2026-04-05T01:04:53.421120+00:00,1775351093421120000,166803732152666,4258,,,A,1027,40,1022.0,-10.0,10.404176708,1.0719933099016488
46976,A_research_2026-04-04_19-55-24_live_round,d6bdafd6aa01457e9e5ab12d9b60db8d,2026-04-05T01:04:53.421228+00:00,1775351093421228000,166803732261375,4258,,,A,1026,40,1022.0,-10.0,10.404285417,1.0719933099016488
46982,A_research_2026-04-04_19-55-24_live_round,d6bdafd6aa01457e9e5ab12d9b60db8d,2026-04-05T01:04:53.452322+00:00,1775351093452322000,166803763355125,4258,,,A,1026,20,1022.0,-8.0,10.435379167,1.0719933099016488
46983,A_research_2026-04-04_19-55-24_live_round,d6bdafd6aa01457e9e5ab12d9b60db8d,2026-04-05T01:04:53.452432+00:00,1775351093452432000,166803763465041,4258,,,A,1025,80,1022.0,-8.0,10.435489083,1.0719933099016488
46989,A_research_2026-04-04_19-55-24_live_round,d6bdafd6aa01457e9e5ab12d9b60db8d,2026-04-05T01:04:53.592547+00:00,1775351093592547000,166803903580083,4258,,,A,1024,40,1011.5,-25.0,10.575604125,1.0719933099016488
46994,A_research_2026-04-04_19-55-24_live_round,d6bdafd6aa01457e9e5ab12d9b60db8d,2026-04-05T01:04:53.633083+00:00,1775351093633083000,166803944117083,4258,,,A,1024,60,1012.0,-24.0,10.616141125,1.0719933099016488
46999,A_research_2026-04-04_19-55-24_live_round,d6bdafd6aa01457e9e5ab12d9b60db8d,2026-04-05T01:04:53.667391+00:00,1775351093667391000,166803978424666,4258,,,A,1009,40,1005.0,-8.0,10.650448708,1.0719933099016488
47000,A_research_2026-04-04_19-55-24_live_round,d6bdafd6aa01457e9e5ab12d9b60db8d,2026-04-05T01:04:53.667517+00:00,1775351093667517000,166803978550291,4258,,,A,1008,40,1005.0,-8.0,10.650574333,1.0719933099016488
47006,A_research_2026-04-04_19-55-24_live_round,d6bdafd6aa01457e9e5ab12d9b60db8d,2026-04-05T01:04:53.724247+00:00,1775351093724247000,166804035280541,4258,,,A,1008,20,1005.0,-6.0,10.707304583,1.0719933099016488
47007,A_research_2026-04-04_19-55-24_live_round,d6bdafd6aa01457e9e5ab12d9b60db8d,2026-04-05T01:04:53.727465+00:00,1775351093727465000,166804038498500,4258,,,A,1007,80,1005.0,-6.0,10.710522542,1.0719933099016488
47013,A_research_2026-04-04_19-55-24_live_round,d6bdafd6aa01457e9e5ab12d9b60db8d,2026-04-05T01:04:53.781328+00:00,1775351093781328000,166804092362500,4258,,,A,1006,40,991.5,-29.0,10.764386542,1.0719933099016488
47019,A_research_2026-04-04_19-55-24_live_round,d6bdafd6aa01457e9e5ab12d9b60db8d,2026-04-05T01:04:53.825416+00:00,1775351093825416000,166804136450125,4258,,,A,1006,60,992.0,-28.0,10.808474167,1.0719933099016488
47024,A_research_2026-04-04_19-55-24_live_round,d6bdafd6aa01457e9e5ab12d9b60db8d,2026-04-05T01:04:53.859949+00:00,1775351093859949000,166804170983291,4258,,,A,993,40,986.0,-14.0,10.843007333,1.0719933099016488
47025,A_research_2026-04-04_19-55-24_live_round,d6bdafd6aa01457e9e5ab12d9b60db8d,2026-04-05T01:04:53.860062+00:00,1775351093860062000,166804171095875,4258,,,A,992,40,986.0,-14.0,10.843119917,1.0719933099016488
47031,A_research_2026-04-04_19-55-24_live_round,d6bdafd6aa01457e9e5ab12d9b60db8d,2026-04-05T01:04:53.915940+00:00,1775351093915940000,166804226974208,4258,,,A,992,20,986.0,-12.0,10.89899825,1.0719933099016488
47032,A_research_2026-04-04_19-55-24_live_round,d6bdafd6aa01457e9e5ab12d9b60db8d,2026-04-05T01:04:53.919263+00:00,1775351093919263000,166804230297916,4258,,,A,991,80,986.0,-12.0,10.902321958,1.0719933099016488
47038,A_research_2026-04-04_19-55-24_live_round,d6bdafd6aa01457e9e5ab12d9b60db8d,2026-04-05T01:04:53.984316+00:00,1775351093984316000,166804295350041,4258,,,A,990,40,969.5,-41.0,10.967374083,1.0719933099016488
47043,A_research_2026-04-04_19-55-24_live_round,d6bdafd6aa01457e9e5ab12d9b60db8d,2026-04-05T01:04:54.022180+00:00,1775351094022180000,166804333214750,4258,,,A,990,60,970.0,-40.0,11.005238792,1.0719933099016488
47048,A_research_2026-04-04_19-55-24_live_round,d6bdafd6aa01457e9e5ab12d9b60db8d,2026-04-05T01:04:54.059621+00:00,1775351094059621000,166804370655958,4258,,,A,971,40,961.0,-20.0,11.04268,1.0719933099016488
47049,A_research_2026-04-04_19-55-24_live_round,d6bdafd6aa01457e9e5ab12d9b60db8d,2026-04-05T01:04:54.062891+00:00,1775351094062891000,166804373926083,4258,,,A,970,40,961.0,-20.0,11.045950125,1.0719933099016488
47055,A_research_2026-04-04_19-55-24_live_round,d6bdafd6aa01457e9e5ab12d9b60db8d,2026-04-05T01:04:54.100496+00:00,1775351094100496000,166804411531250,4258,,,A,970,20,961.0,-18.0,11.083555292,1.0719933099016488
47056,A_research_2026-04-04_19-55-24_live_round,d6bdafd6aa01457e9e5ab12d9b60db8d,2026-04-05T01:04:54.100604+00:00,1775351094100604000,166804411638666,4258,,,A,969,80,961.0,-18.0,11.083662708,1.0719933099016488
47062,A_research_2026-04-04_19-55-24_live_round,d6bdafd6aa01457e9e5ab12d9b60db8d,2026-04-05T01:04:54.208769+00:00,1775351094208769000,166804519803916,4258,,,A,968,40,958.0,-20.0,11.191827958,1.0719933099016488
47067,A_research_2026-04-04_19-55-24_live_round,d6bdafd6aa01457e9e5ab12d9b60db8d,2026-04-05T01:04:54.249533+00:00,1775351094249533000,166804560568666,4258,,,A,968,60,958.5,-19.0,11.232592708,1.0719933099016488
47383,A_research_2026-04-04_19-55-24_live_round,d6bdafd6aa01457e9e5ab12d9b60db8d,2026-04-05T01:04:58.251569+00:00,1775351098251569000,166808562614375,4258,,,A,929,40,927.0,-4.0,15.234638417,1.0719933099016488
47384,A_research_2026-04-04_19-55-24_live_round,d6bdafd6aa01457e9e5ab12d9b60db8d,2026-04-05T01:04:58.254886+00:00,1775351098254886000,166808565931333,4258,,,A,929,100,927.0,-4.0,15.237955375,1.0719933099016488
47385,A_research_2026-04-04_19-55-24_live_round,d6bdafd6aa01457e9e5ab12d9b60db8d,2026-04-05T01:04:58.254990+00:00,1775351098254990000,166808566034625,4258,,,A,928,60,927.0,-4.0,15.238058667,1.0719933099016488
47516,A_research_2026-04-04_19-55-24_live_round,d6bdafd6aa01457e9e5ab12d9b60db8d,2026-04-05T01:04:59.750665+00:00,1775351099750665000,166810061713625,4258,,,A,941,100,945.0,-8.0,16.733737667,1.0719933099016488
47517,A_research_2026-04-04_19-55-24_live_round,d6bdafd6aa01457e9e5ab12d9b60db8d,2026-04-05T01:04:59.750783+00:00,1775351099750783000,166810061831708,4258,,,A,941,40,945.0,-8.0,16.73385575,1.0719933099016488
47518,A_research_2026-04-04_19-55-24_live_round,d6bdafd6aa01457e9e5ab12d9b60db8d,2026-04-05T01:04:59.750888+00:00,1775351099750888000,166810061936750,4258,,,A,942,60,945.0,-8.0,16.733960792,1.0719933099016488
48606,A_research_2026-04-04_19-55-24_live_round,d6bdafd6aa01457e9e5ab12d9b60db8d,2026-04-05T01:05:13.226298+00:00,1775351113226298000,166823537379750,4350,,,A,972,40,972.5,-1.0,11.660029667,0.9404098707490286
48607,A_research_2026-04-04_19-55-24_live_round,d6bdafd6aa01457e9e5ab12d9b60db8d,2026-04-05T01:05:13.226418+00:00,1775351113226418000,166823537499833,4350,,,A,973,60,972.5,-1.0,11.66014975,0.9404098707490286
48918,A_research_2026-04-04_19-55-24_live_round,d6bdafd6aa01457e9e5ab12d9b60db8d,2026-04-05T01:05:17.032550+00:00,1775351117032550000,166827343640875,4350,,,A,973,100,974.0,-2.0,15.466290792,0.9404098707490286
48919,A_research_2026-04-04_19-55-24_live_round,d6bdafd6aa01457e9e5ab12d9b60db8d,2026-04-05T01:05:17.032666+00:00,1775351117032666000,166827343757041,4350,,,A,973,40,974.0,-2.0,15.466406958,0.9404098707490286
48920,A_research_2026-04-04_19-55-24_live_round,d6bdafd6aa01457e9e5ab12d9b60db8d,2026-04-05T01:05:17.032770+00:00,1775351117032770000,166827343861166,4350,,,A,974,60,974.0,-2.0,15.466511083,0.9404098707490286
49117,A_research_2026-04-04_19-55-24_live_round,d6bdafd6aa01457e9e5ab12d9b60db8d,2026-04-05T01:05:19.508410+00:00,1775351119508410000,166829819507791,4350,,,A,976,40,976.0,0.0,17.942157708,0.9404098707490286
49151,A_research_2026-04-04_19-55-24_live_round,d6bdafd6aa01457e9e5ab12d9b60db8d,2026-04-05T01:05:19.869276+00:00,1775351119869276000,166830180374125,4350,,,A,976,40,973.5,-5.0,18.303024042,0.9404098707490286
49152,A_research_2026-04-04_19-55-24_live_round,d6bdafd6aa01457e9e5ab12d9b60db8d,2026-04-05T01:05:19.869394+00:00,1775351119869394000,166830180492083,4350,,,A,975,60,973.5,-5.0,18.303142,0.9404098707490286
49153,A_research_2026-04-04_19-55-24_live_round,d6bdafd6aa01457e9e5ab12d9b60db8d,2026-04-05T01:05:19.869503+00:00,1775351119869503000,166830180600916,4350,,,A,974,80,973.5,-5.0,18.303250833,0.9404098707490286
49154,A_research_2026-04-04_19-55-24_live_round,d6bdafd6aa01457e9e5ab12d9b60db8d,2026-04-05T01:05:19.869611+00:00,1775351119869611000,166830180708958,4350,,,A,973,20,973.5,-5.0,18.303358875,0.9404098707490286
49937,A_research_2026-04-04_19-55-24_live_round,d6bdafd6aa01457e9e5ab12d9b60db8d,2026-04-05T01:05:29.559143+00:00,1775351129559143000,166839870264666,4350,,,A,976,40,976.0,0.0,27.992914583,0.9404098707490286
