event_index,session_id,run_id,wall_time_iso,wall_time_ns,monotonic_ns,exchange_tick,round,day,symbol,trade_px,trade_qty,mid_at_trade,spread_at_trade,time_since_last_symbol_news,latest_known_eps_for_symbol
51,market_research_2026-04-04_22-23-04_live_round,c6abe590858247adbb3a88511acd7fc6,2026-04-05T03:23:04.528171+00:00,1775359384528171000,175094859687583,,,,ETF,3138,40,3135.0,6.0,,
118,market_research_2026-04-04_22-23-04_live_round,c6abe590858247adbb3a88511acd7fc6,2026-04-05T03:23:04.728679+00:00,1775359384728679000,175095060196500,,,,ETF,3139,40,3141.0,-4.0,,
123,market_research_2026-04-04_22-23-04_live_round,c6abe590858247adbb3a88511acd7fc6,2026-04-05T03:23:04.729387+00:00,1775359384729387000,175095060904083,,,,ETF,3139,20,3140.5,-3.0,,
124,market_research_2026-04-04_22-23-04_live_round,c6abe590858247adbb3a88511acd7fc6,2026-04-05T03:23:04.729460+00:00,1775359384729460000,175095060978083,,,,ETF,3140,40,3140.5,-3.0,,
130,market_research_2026-04-04_22-23-04_live_round,c6abe590858247adbb3a88511acd7fc6,2026-04-05T03:23:04.730398+00:00,1775359384730398000,175095061915416,,,,ETF,3140,40,3140.5,-1.0,,
131,market_research_2026-04-04_22-23-04_live_round,c6abe590858247adbb3a88511acd7fc6,2026-04-05T03:23:04.730468+00:00,1775359384730468000,175095061985916,,,,ETF,3141,40,3140.5,-1.0,,
192,market_research_2026-04-04_22-23-04_live_round,c6abe590858247adbb3a88511acd7fc6,2026-04-05T03:23:04.929877+00:00,1775359384929877000,175095261394708,,,,ETF,3141,40,3142.0,-2.0,,
197,market_research_2026-04-04_22-23-04_live_round,c6abe590858247adbb3a88511acd7fc6,2026-04-05T03:23:04.931018+00:00,1775359384931018000,175095262536083,,,,ETF,3141,20,3141.5,-1.0,,
259,market_research_2026-04-04_22-23-04_live_round,c6abe590858247adbb3a88511acd7fc6,2026-04-05T03:23:05.171694+00:00,1775359385171694000,175095503212083,,,,ETF,3142,40,3142.0,0.0,,
583,market_research_2026-04-04_22-23-04_live_round,c6abe590858247adbb3a88511acd7fc6,2026-04-05T03:23:06.223587+00:00,1775359386223587000,175096555107416,,,,ETF,3142,40,3140.5,-3.0,,
588,market_research_2026-04-04_22-23-04_live_round,c6abe590858247adbb3a88511acd7fc6,2026-04-05T03:23:06.224959+00:00,1775359386224959000,175096556479500,,,,ETF,3141,60,3140.5,-1.0,,
651,market_research_2026-04-04_22-23-04_live_round,c6abe590858247adbb3a88511acd7fc6,2026-04-05T03:23:06.342305+00:00,1775359386342305000,175096673825500,,,,ETF,3139,40,3136.5,-5.0,,
656,market_research_2026-04-04_22-23-04_live_round,c6abe590858247adbb3a88511acd7fc6,2026-04-05T03:23:06.343483+00:00,1775359386343483000,175096675003750,,,,ETF,3139,60,3137.0,-4.0,,
912,market_research_2026-04-04_22-23-04_live_round,c6abe590858247adbb3a88511acd7fc6,2026-04-05T03:23:07.146770+00:00,1775359387146770000,175097478292208,,,,ETF,3131,40,3129.0,-4.0,,
917,market_research_2026-04-04_22-23-04_live_round,c6abe590858247adbb3a88511acd7fc6,2026-04-05T03:23:07.148218+00:00,1775359387148218000,175097479740500,,,,ETF,3130,60,3129.0,-2.0,,
922,market_research_2026-04-04_22-23-04_live_round,c6abe590858247adbb3a88511acd7fc6,2026-04-05T03:23:07.149396+00:00,1775359387149396000,175097480918500,,,,ETF,3129,80,3129.0,0.0,,
1114,market_research_2026-04-04_22-23-04_live_round,c6abe590858247adbb3a88511acd7fc6,2026-04-05T03:23:07.800746+00:00,1775359387800746000,175098132270208,,,,ETF,3125,40,3123.5,-3.0,,
1119,market_research_2026-04-04_22-23-04_live_round,c6abe590858247adbb3a88511acd7fc6,2026-04-05T03:23:07.801881+00:00,1775359387801881000,175098133405416,,,,ETF,3124,60,3123.5,-1.0,,
1244,market_research_2026-04-04_22-23-04_live_round,c6abe590858247adbb3a88511acd7fc6,2026-04-05T03:23:08.169629+00:00,1775359388169629000,175098501153625,,,,ETF,3125,40,3126.0,-2.0,,
1249,market_research_2026-04-04_22-23-04_live_round,c6abe590858247adbb3a88511acd7fc6,2026-04-05T03:23:08.170906+00:00,1775359388170906000,175098502430208,,,,ETF,3125,60,3125.5,-1.0,,
1508,market_research_2026-04-04_22-23-04_live_round,c6abe590858247adbb3a88511acd7fc6,2026-04-05T03:23:08.968616+00:00,1775359388968616000,175099300141791,,,,ETF,3128,40,3126.0,-4.0,,
1513,market_research_2026-04-04_22-23-04_live_round,c6abe590858247adbb3a88511acd7fc6,2026-04-05T03:23:08.970521+00:00,1775359388970521000,175099302046583,,,,ETF,3127,60,3126.0,-2.0,,
1518,market_research_2026-04-04_22-23-04_live_round,c6abe590858247adbb3a88511acd7fc6,2026-04-05T03:23:08.972630+00:00,1775359388972630000,175099304155875,,,,ETF,3126,80,3126.0,0.0,,
1578,market_research_2026-04-04_22-23-04_live_round,c6abe590858247adbb3a88511acd7fc6,2026-04-05T03:23:09.165801+00:00,1775359389165801000,175099497327875,,,,ETF,3125,40,3124.0,-2.0,,
1583,market_research_2026-04-04_22-23-04_live_round,c6abe590858247adbb3a88511acd7fc6,2026-04-05T03:23:09.167231+00:00,1775359389167231000,175099498758041,,,,ETF,3125,60,3124.5,-1.0,,
1595,market_research_2026-04-04_22-23-04_live_round,c6abe590858247adbb3a88511acd7fc6,2026-04-05T03:23:09.240509+00:00,1775359389240509000,175099572035958,,,,ETF,3117,40,3113.0,-8.0,,
1596,market_research_2026-04-04_22-23-04_live_round,c6abe590858247adbb3a88511acd7fc6,2026-04-05T03:23:09.240644+00:00,1775359389240644000,175099572170583,,,,ETF,3116,60,3113.0,-8.0,,
1597,market_research_2026-04-04_22-23-04_live_round,c6abe590858247adbb3a88511acd7fc6,2026-04-05T03:23:09.240758+00:00,1775359389240758000,175099572285250,,,,ETF,3115,80,3113.0,-8.0,,
1598,market_research_2026-04-04_22-23-04_live_round,c6abe590858247adbb3a88511acd7fc6,2026-04-05T03:23:09.240874+00:00,1775359389240874000,175099572401291,,,,ETF,3115,20,3113.0,-8.0,,
1715,market_research_2026-04-04_22-23-04_live_round,c6abe590858247adbb3a88511acd7fc6,2026-04-05T03:23:09.574845+00:00,1775359389574845000,175099906372791,50,,,ETF,3117,40,3119.5,-5.0,,
1720,market_research_2026-04-04_22-23-04_live_round,c6abe590858247adbb3a88511acd7fc6,2026-04-05T03:23:09.576387+00:00,1775359389576387000,175099907914875,50,,,ETF,3118,60,3119.5,-3.0,,
1725,market_research_2026-04-04_22-23-04_live_round,c6abe590858247adbb3a88511acd7fc6,2026-04-05T03:23:09.577801+00:00,1775359389577801000,175099909329083,50,,,ETF,3119,80,3119.5,-1.0,,
1785,market_research_2026-04-04_22-23-04_live_round,c6abe590858247adbb3a88511acd7fc6,2026-04-05T03:23:09.771690+00:00,1775359389771690000,175100103217750,50,,,ETF,3120,40,3122.5,-5.0,,
1790,market_research_2026-04-04_22-23-04_live_round,c6abe590858247adbb3a88511acd7fc6,2026-04-05T03:23:09.773415+00:00,1775359389773415000,175100104943166,50,,,ETF,3120,60,3122.0,-4.0,,
1851,market_research_2026-04-04_22-23-04_live_round,c6abe590858247adbb3a88511acd7fc6,2026-04-05T03:23:09.972397+00:00,1775359389972397000,175100303925208,50,,,ETF,3131,40,3131.5,-1.0,,
1856,market_research_2026-04-04_22-23-04_live_round,c6abe590858247adbb3a88511acd7fc6,2026-04-05T03:23:09.973933+00:00,1775359389973933000,175100305461041,50,,,ETF,3131,60,3131.0,0.0,,
2117,market_research_2026-04-04_22-23-04_live_round,c6abe590858247adbb3a88511acd7fc6,2026-04-05T03:23:10.777323+00:00,1775359390777323000,175101108853250,50,,,ETF,3138,40,3134.0,-8.0,,
2122,market_research_2026-04-04_22-23-04_live_round,c6abe590858247adbb3a88511acd7fc6,2026-04-05T03:23:10.779089+00:00,1775359390779089000,175101110619333,50,,,ETF,3137,60,3134.0,-6.0,,
2127,market_research_2026-04-04_22-23-04_live_round,c6abe590858247adbb3a88511acd7fc6,2026-04-05T03:23:10.780752+00:00,1775359390780752000,175101112281875,50,,,ETF,3136,80,3134.0,-4.0,,
2132,market_research_2026-04-04_22-23-04_live_round,c6abe590858247adbb3a88511acd7fc6,2026-04-05T03:23:10.782216+00:00,1775359390782216000,175101113745708,50,,,ETF,3135,100,3134.0,-2.0,,
2250,market_research_2026-04-04_22-23-04_live_round,c6abe590858247adbb3a88511acd7fc6,2026-04-05T03:23:11.178685+00:00,1775359391178685000,175101510216291,50,,,ETF,3121,40,3119.5,-3.0,,
2255,market_research_2026-04-04_22-23-04_live_round,c6abe590858247adbb3a88511acd7fc6,2026-04-05T03:23:11.180613+00:00,1775359391180613000,175101512144375,50,,,ETF,3121,60,3120.0,-2.0,,
2260,market_research_2026-04-04_22-23-04_live_round,c6abe590858247adbb3a88511acd7fc6,2026-04-05T03:23:11.182318+00:00,1775359391182318000,175101513849125,50,,,ETF,3121,40,3120.5,-1.0,,
2261,market_research_2026-04-04_22-23-04_live_round,c6abe590858247adbb3a88511acd7fc6,2026-04-05T03:23:11.182393+00:00,1775359391182393000,175101513923541,50,,,ETF,3120,40,3120.5,-1.0,,
2640,market_research_2026-04-04_22-23-04_live_round,c6abe590858247adbb3a88511acd7fc6,2026-04-05T03:23:12.393974+00:00,1775359392393974000,175102725507416,50,,,ETF,3116,40,3116.5,-1.0,,
2708,market_research_2026-04-04_22-23-04_live_round,c6abe590858247adbb3a88511acd7fc6,2026-04-05T03:23:12.600743+00:00,1775359392600743000,175102932277208,50,,,ETF,3119,40,3123.5,-9.0,,
2713,market_research_2026-04-04_22-23-04_live_round,c6abe590858247adbb3a88511acd7fc6,2026-04-05T03:23:12.602564+00:00,1775359392602564000,175102934097916,50,,,ETF,3119,60,3123.0,-8.0,,
2718,market_research_2026-04-04_22-23-04_live_round,c6abe590858247adbb3a88511acd7fc6,2026-04-05T03:23:12.604223+00:00,1775359392604223000,175102935756625,50,,,ETF,3123,40,3124.5,-3.0,,
2719,market_research_2026-04-04_22-23-04_live_round,c6abe590858247adbb3a88511acd7fc6,2026-04-05T03:23:12.604299+00:00,1775359392604299000,175102935832583,50,,,ETF,3124,40,3124.5,-3.0,,
2725,market_research_2026-04-04_22-23-04_live_round,c6abe590858247adbb3a88511acd7fc6,2026-04-05T03:23:12.606371+00:00,1775359392606371000,175102937904708,50,,,ETF,3124,20,3124.5,-1.0,,
2726,market_research_2026-04-04_22-23-04_live_round,c6abe590858247adbb3a88511acd7fc6,2026-04-05T03:23:12.606446+00:00,1775359392606446000,175102937979958,50,,,ETF,3125,80,3124.5,-1.0,,
2782,market_research_2026-04-04_22-23-04_live_round,c6abe590858247adbb3a88511acd7fc6,2026-04-05T03:23:12.804761+00:00,1775359392804761000,175103136295375,50,,,ETF,3126,40,3126.5,-1.0,,
2787,market_research_2026-04-04_22-23-04_live_round,c6abe590858247adbb3a88511acd7fc6,2026-04-05T03:23:12.806854+00:00,1775359392806854000,175103138388666,50,,,ETF,3126,60,3126.0,0.0,,
3037,market_research_2026-04-04_22-23-04_live_round,c6abe590858247adbb3a88511acd7fc6,2026-04-05T03:23:13.601296+00:00,1775359393601296000,175103932832000,50,,,ETF,3127,40,3129.0,-4.0,,
3042,market_research_2026-04-04_22-23-04_live_round,c6abe590858247adbb3a88511acd7fc6,2026-04-05T03:23:13.603220+00:00,1775359393603220000,175103934755833,50,,,ETF,3128,60,3129.0,-2.0,,
3047,market_research_2026-04-04_22-23-04_live_round,c6abe590858247adbb3a88511acd7fc6,2026-04-05T03:23:13.605305+00:00,1775359393605305000,175103936841125,50,,,ETF,3128,40,3128.5,-1.0,,
3048,market_research_2026-04-04_22-23-04_live_round,c6abe590858247adbb3a88511acd7fc6,2026-04-05T03:23:13.605386+00:00,1775359393605386000,175103936921750,50,,,ETF,3128,40,3128.5,-1.0,,
3053,market_research_2026-04-04_22-23-04_live_round,c6abe590858247adbb3a88511acd7fc6,2026-04-05T03:23:13.607270+00:00,1775359393607270000,175103938806458,50,,,ETF,3128,20,3128.0,0.0,,
3112,market_research_2026-04-04_22-23-04_live_round,c6abe590858247adbb3a88511acd7fc6,2026-04-05T03:23:13.802112+00:00,1775359393802112000,175104133648333,50,,,ETF,3128,40,3128.0,0.0,,
3176,market_research_2026-04-04_22-23-04_live_round,c6abe590858247adbb3a88511acd7fc6,2026-04-05T03:23:14.070097+00:00,1775359394070097000,175104401634000,50,,,ETF,3128,40,3124.5,-7.0,,
3181,market_research_2026-04-04_22-23-04_live_round,c6abe590858247adbb3a88511acd7fc6,2026-04-05T03:23:14.072361+00:00,1775359394072361000,175104403897916,50,,,ETF,3122,40,3122.0,0.0,,
3242,market_research_2026-04-04_22-23-04_live_round,c6abe590858247adbb3a88511acd7fc6,2026-04-05T03:23:14.203732+00:00,1775359394203732000,175104535268833,50,,,ETF,3122,20,3123.0,-2.0,,
3243,market_research_2026-04-04_22-23-04_live_round,c6abe590858247adbb3a88511acd7fc6,2026-04-05T03:23:14.203843+00:00,1775359394203843000,175104535380416,50,,,ETF,3123,20,3123.0,-2.0,,
3249,market_research_2026-04-04_22-23-04_live_round,c6abe590858247adbb3a88511acd7fc6,2026-04-05T03:23:14.206349+00:00,1775359394206349000,175104537886708,50,,,ETF,3123,60,3123.0,0.0,,
3374,market_research_2026-04-04_22-23-04_live_round,c6abe590858247adbb3a88511acd7fc6,2026-04-05T03:23:14.638772+00:00,1775359394638772000,175104970310541,50,,,ETF,3122,40,3120.5,-3.0,,
3379,market_research_2026-04-04_22-23-04_live_round,c6abe590858247adbb3a88511acd7fc6,2026-04-05T03:23:14.640822+00:00,1775359394640822000,175104972360583,50,,,ETF,3121,60,3120.5,-1.0,,
3384,market_research_2026-04-04_22-23-04_live_round,c6abe590858247adbb3a88511acd7fc6,2026-04-05T03:23:14.643152+00:00,1775359394643152000,175104974690166,50,,,ETF,3121,80,3121.0,0.0,,
3448,market_research_2026-04-04_22-23-04_live_round,c6abe590858247adbb3a88511acd7fc6,2026-04-05T03:23:14.809069+00:00,1775359394809069000,175105140607666,50,,,ETF,3119,40,3117.0,-4.0,,
3453,market_research_2026-04-04_22-23-04_live_round,c6abe590858247adbb3a88511acd7fc6,2026-04-05T03:23:14.811080+00:00,1775359394811080000,175105142618625,50,,,ETF,3119,60,3117.5,-3.0,,
3574,market_research_2026-04-04_22-23-04_live_round,c6abe590858247adbb3a88511acd7fc6,2026-04-05T03:23:15.204691+00:00,1775359395204691000,175105536230625,50,,,ETF,3118,40,3123.0,-10.0,,
3579,market_research_2026-04-04_22-23-04_live_round,c6abe590858247adbb3a88511acd7fc6,2026-04-05T03:23:15.206758+00:00,1775359395206758000,175105538297000,50,,,ETF,3118,60,3122.5,-9.0,,
3584,market_research_2026-04-04_22-23-04_live_round,c6abe590858247adbb3a88511acd7fc6,2026-04-05T03:23:15.209053+00:00,1775359395209053000,175105540592666,50,,,ETF,3122,40,3124.0,-4.0,,
3585,market_research_2026-04-04_22-23-04_live_round,c6abe590858247adbb3a88511acd7fc6,2026-04-05T03:23:15.209139+00:00,1775359395209139000,175105540678666,50,,,ETF,3123,40,3124.0,-4.0,,
3591,market_research_2026-04-04_22-23-04_live_round,c6abe590858247adbb3a88511acd7fc6,2026-04-05T03:23:15.211884+00:00,1775359395211884000,175105543422833,50,,,ETF,3123,20,3124.0,-2.0,,
3592,market_research_2026-04-04_22-23-04_live_round,c6abe590858247adbb3a88511acd7fc6,2026-04-05T03:23:15.211966+00:00,1775359395211966000,175105543505125,50,,,ETF,3124,80,3124.0,-2.0,,
3712,market_research_2026-04-04_22-23-04_live_round,c6abe590858247adbb3a88511acd7fc6,2026-04-05T03:23:15.696168+00:00,1775359395696168000,175106027708583,50,,,ETF,3120,40,3118.5,-3.0,,
3717,market_research_2026-04-04_22-23-04_live_round,c6abe590858247adbb3a88511acd7fc6,2026-04-05T03:23:15.698319+00:00,1775359395698319000,175106029859666,50,,,ETF,3119,60,3118.5,-1.0,,
3779,market_research_2026-04-04_22-23-04_live_round,c6abe590858247adbb3a88511acd7fc6,2026-04-05T03:23:15.811454+00:00,1775359395811454000,175106142994541,50,,,ETF,3117,40,3116.5,-1.0,,
3784,market_research_2026-04-04_22-23-04_live_round,c6abe590858247adbb3a88511acd7fc6,2026-04-05T03:23:15.813748+00:00,1775359395813748000,175106145288666,50,,,ETF,3117,60,3117.0,0.0,,
4101,market_research_2026-04-04_22-23-04_live_round,c6abe590858247adbb3a88511acd7fc6,2026-04-05T03:23:16.829423+00:00,1775359396829423000,175107160965833,50,,,ETF,3118,40,3121.0,-6.0,,
4106,market_research_2026-04-04_22-23-04_live_round,c6abe590858247adbb3a88511acd7fc6,2026-04-05T03:23:16.831884+00:00,1775359396831884000,175107163427208,50,,,ETF,3118,60,3120.5,-5.0,,
4111,market_research_2026-04-04_22-23-04_live_round,c6abe590858247adbb3a88511acd7fc6,2026-04-05T03:23:16.834303+00:00,1775359396834303000,175107165845208,50,,,ETF,3120,40,3121.0,-2.0,,
4112,market_research_2026-04-04_22-23-04_live_round,c6abe590858247adbb3a88511acd7fc6,2026-04-05T03:23:16.834383+00:00,1775359396834383000,175107165925583,50,,,ETF,3121,40,3121.0,-2.0,,
4118,market_research_2026-04-04_22-23-04_live_round,c6abe590858247adbb3a88511acd7fc6,2026-04-05T03:23:16.837054+00:00,1775359396837054000,175107168596791,50,,,ETF,3121,20,3121.0,0.0,,
4176,market_research_2026-04-04_22-23-04_live_round,c6abe590858247adbb3a88511acd7fc6,2026-04-05T03:23:17.026823+00:00,1775359397026823000,175107358366041,50,,,ETF,3123,40,3123.0,0.0,,
4303,market_research_2026-04-04_22-23-04_live_round,c6abe590858247adbb3a88511acd7fc6,2026-04-05T03:23:17.425440+00:00,1775359397425440000,175107756984250,50,,,ETF,3132,40,3135.5,-7.0,,
4308,market_research_2026-04-04_22-23-04_live_round,c6abe590858247adbb3a88511acd7fc6,2026-04-05T03:23:17.428416+00:00,1775359397428416000,175107759959708,50,,,ETF,3132,60,3135.0,-6.0,,
4313,market_research_2026-04-04_22-23-04_live_round,c6abe590858247adbb3a88511acd7fc6,2026-04-05T03:23:17.430643+00:00,1775359397430643000,175107762186666,50,,,ETF,3134,40,3135.5,-3.0,,
4314,market_research_2026-04-04_22-23-04_live_round,c6abe590858247adbb3a88511acd7fc6,2026-04-05T03:23:17.430735+00:00,1775359397430735000,175107762279041,50,,,ETF,3135,40,3135.5,-3.0,,
4320,market_research_2026-04-04_22-23-04_live_round,c6abe590858247adbb3a88511acd7fc6,2026-04-05T03:23:17.433567+00:00,1775359397433567000,175107765111083,50,,,ETF,3135,20,3135.5,-1.0,,
4321,market_research_2026-04-04_22-23-04_live_round,c6abe590858247adbb3a88511acd7fc6,2026-04-05T03:23:17.433647+00:00,1775359397433647000,175107765190708,50,,,ETF,3136,80,3135.5,-1.0,,
4379,market_research_2026-04-04_22-23-04_live_round,c6abe590858247adbb3a88511acd7fc6,2026-04-05T03:23:17.629298+00:00,1775359397629298000,175107960842500,50,,,ETF,3137,40,3137.5,-1.0,,
4384,market_research_2026-04-04_22-23-04_live_round,c6abe590858247adbb3a88511acd7fc6,2026-04-05T03:23:17.631655+00:00,1775359397631655000,175107963199541,50,,,ETF,3137,60,3137.0,0.0,,
4570,market_research_2026-04-04_22-23-04_live_round,c6abe590858247adbb3a88511acd7fc6,2026-04-05T03:23:18.320146+00:00,1775359398320146000,175108651691625,50,,,ETF,3147,40,3149.0,-4.0,,
4575,market_research_2026-04-04_22-23-04_live_round,c6abe590858247adbb3a88511acd7fc6,2026-04-05T03:23:18.322459+00:00,1775359398322459000,175108654005041,50,,,ETF,3148,60,3149.0,-2.0,,
4580,market_research_2026-04-04_22-23-04_live_round,c6abe590858247adbb3a88511acd7fc6,2026-04-05T03:23:18.324768+00:00,1775359398324768000,175108656313583,50,,,ETF,3149,80,3149.0,0.0,,
4640,market_research_2026-04-04_22-23-04_live_round,c6abe590858247adbb3a88511acd7fc6,2026-04-05T03:23:18.428318+00:00,1775359398428318000,175108759863875,50,,,ETF,3150,40,3151.0,-2.0,,
4645,market_research_2026-04-04_22-23-04_live_round,c6abe590858247adbb3a88511acd7fc6,2026-04-05T03:23:18.430739+00:00,1775359398430739000,175108762284833,50,,,ETF,3150,60,3150.5,-1.0,,
4769,market_research_2026-04-04_22-23-04_live_round,c6abe590858247adbb3a88511acd7fc6,2026-04-05T03:23:18.838489+00:00,1775359398838489000,175109170035583,50,,,ETF,3149,40,3147.0,-4.0,,
4774,market_research_2026-04-04_22-23-04_live_round,c6abe590858247adbb3a88511acd7fc6,2026-04-05T03:23:18.841037+00:00,1775359398841037000,175109172583541,50,,,ETF,3149,60,3147.5,-3.0,,
4779,market_research_2026-04-04_22-23-04_live_round,c6abe590858247adbb3a88511acd7fc6,2026-04-05T03:23:18.843598+00:00,1775359398843598000,175109175144875,50,,,ETF,3149,40,3148.0,-2.0,,
4780,market_research_2026-04-04_22-23-04_live_round,c6abe590858247adbb3a88511acd7fc6,2026-04-05T03:23:18.843681+00:00,1775359398843681000,175109175227500,50,,,ETF,3148,40,3148.0,-2.0,,
4786,market_research_2026-04-04_22-23-04_live_round,c6abe590858247adbb3a88511acd7fc6,2026-04-05T03:23:18.846679+00:00,1775359398846679000,175109178226416,50,,,ETF,3148,20,3148.0,0.0,,
4844,market_research_2026-04-04_22-23-04_live_round,c6abe590858247adbb3a88511acd7fc6,2026-04-05T03:23:19.034914+00:00,1775359399034914000,175109366461500,50,,,ETF,3146,40,3145.5,-1.0,,
4849,market_research_2026-04-04_22-23-04_live_round,c6abe590858247adbb3a88511acd7fc6,2026-04-05T03:23:19.037806+00:00,1775359399037806000,175109369353750,50,,,ETF,3146,60,3146.0,0.0,,
4910,market_research_2026-04-04_22-23-04_live_round,c6abe590858247adbb3a88511acd7fc6,2026-04-05T03:23:19.247954+00:00,1775359399247954000,175109579501250,50,,,ETF,3139,40,3136.5,-5.0,,
4915,market_research_2026-04-04_22-23-04_live_round,c6abe590858247adbb3a88511acd7fc6,2026-04-05T03:23:19.250889+00:00,1775359399250889000,175109582436250,50,,,ETF,3138,60,3136.5,-3.0,,
4920,market_research_2026-04-04_22-23-04_live_round,c6abe590858247adbb3a88511acd7fc6,2026-04-05T03:23:19.253306+00:00,1775359399253306000,175109584854125,50,,,ETF,3137,80,3136.5,-1.0,,
4978,market_research_2026-04-04_22-23-04_live_round,c6abe590858247adbb3a88511acd7fc6,2026-04-05T03:23:19.438868+00:00,1775359399438868000,175109770415666,50,,,ETF,3136,40,3133.0,-6.0,,
4983,market_research_2026-04-04_22-23-04_live_round,c6abe590858247adbb3a88511acd7fc6,2026-04-05T03:23:19.441477+00:00,1775359399441477000,175109773025125,50,,,ETF,3136,60,3133.5,-5.0,,
5107,market_research_2026-04-04_22-23-04_live_round,c6abe590858247adbb3a88511acd7fc6,2026-04-05T03:23:19.890414+00:00,1775359399890414000,175110221963125,100,,,ETF,3133,40,3134.0,-2.0,,
5112,market_research_2026-04-04_22-23-04_live_round,c6abe590858247adbb3a88511acd7fc6,2026-04-05T03:23:19.893556+00:00,1775359399893556000,175110225104708,100,,,ETF,3133,60,3133.5,-1.0,,
5237,market_research_2026-04-04_22-23-04_live_round,c6abe590858247adbb3a88511acd7fc6,2026-04-05T03:23:20.248558+00:00,1775359400248558000,175110580107750,100,,,ETF,3141,40,3142.5,-3.0,,
5242,market_research_2026-04-04_22-23-04_live_round,c6abe590858247adbb3a88511acd7fc6,2026-04-05T03:23:20.251089+00:00,1775359400251089000,175110582639416,100,,,ETF,3142,60,3142.5,-1.0,,
5496,market_research_2026-04-04_22-23-04_live_round,c6abe590858247adbb3a88511acd7fc6,2026-04-05T03:23:21.048416+00:00,1775359401048416000,175111379967583,100,,,ETF,3142,40,3139.0,-6.0,,
5501,market_research_2026-04-04_22-23-04_live_round,c6abe590858247adbb3a88511acd7fc6,2026-04-05T03:23:21.051077+00:00,1775359401051077000,175111382628416,100,,,ETF,3141,60,3139.0,-4.0,,
5506,market_research_2026-04-04_22-23-04_live_round,c6abe590858247adbb3a88511acd7fc6,2026-04-05T03:23:21.053748+00:00,1775359401053748000,175111385299250,100,,,ETF,3140,80,3139.0,-2.0,,
5511,market_research_2026-04-04_22-23-04_live_round,c6abe590858247adbb3a88511acd7fc6,2026-04-05T03:23:21.056475+00:00,1775359401056475000,175111388026125,100,,,ETF,3139,100,3139.0,0.0,,
5580,market_research_2026-04-04_22-23-04_live_round,c6abe590858247adbb3a88511acd7fc6,2026-04-05T03:23:21.309597+00:00,1775359401309597000,175111641148666,100,,,ETF,3142,40,3145.5,-7.0,,
5581,market_research_2026-04-04_22-23-04_live_round,c6abe590858247adbb3a88511acd7fc6,2026-04-05T03:23:21.309686+00:00,1775359401309686000,175111641238416,100,,,ETF,3143,60,3145.5,-7.0,,
5582,market_research_2026-04-04_22-23-04_live_round,c6abe590858247adbb3a88511acd7fc6,2026-04-05T03:23:21.309763+00:00,1775359401309763000,175111641314708,100,,,ETF,3144,80,3145.5,-7.0,,
5583,market_research_2026-04-04_22-23-04_live_round,c6abe590858247adbb3a88511acd7fc6,2026-04-05T03:23:21.309835+00:00,1775359401309835000,175111641387291,100,,,ETF,3145,20,3145.5,-7.0,,
5698,market_research_2026-04-04_22-23-04_live_round,c6abe590858247adbb3a88511acd7fc6,2026-04-05T03:23:21.658043+00:00,1775359401658043000,175111989595750,100,,,ETF,3145,40,3145.5,-1.0,,
5703,market_research_2026-04-04_22-23-04_live_round,c6abe590858247adbb3a88511acd7fc6,2026-04-05T03:23:21.661232+00:00,1775359401661232000,175111992785125,100,,,ETF,3145,40,3145.0,0.0,,
5831,market_research_2026-04-04_22-23-04_live_round,c6abe590858247adbb3a88511acd7fc6,2026-04-05T03:23:22.063428+00:00,1775359402063428000,175112394981958,100,,,ETF,3143,40,3142.0,-2.0,,
5836,market_research_2026-04-04_22-23-04_live_round,c6abe590858247adbb3a88511acd7fc6,2026-04-05T03:23:22.066126+00:00,1775359402066126000,175112397679333,100,,,ETF,3143,60,3142.5,-1.0,,
5900,market_research_2026-04-04_22-23-04_live_round,c6abe590858247adbb3a88511acd7fc6,2026-04-05T03:23:22.259131+00:00,1775359402259131000,175112590684791,100,,,ETF,3137,40,3135.0,-4.0,,
5905,market_research_2026-04-04_22-23-04_live_round,c6abe590858247adbb3a88511acd7fc6,2026-04-05T03:23:22.262971+00:00,1775359402262971000,175112594525333,100,,,ETF,3137,60,3135.5,-3.0,,
5910,market_research_2026-04-04_22-23-04_live_round,c6abe590858247adbb3a88511acd7fc6,2026-04-05T03:23:22.267999+00:00,1775359402267999000,175112599552875,100,,,ETF,3135,40,3135.0,0.0,,
6225,market_research_2026-04-04_22-23-04_live_round,c6abe590858247adbb3a88511acd7fc6,2026-04-05T03:23:23.255978+00:00,1775359403255978000,175113587534541,100,,,ETF,3129,40,3129.0,0.0,,
6434,market_research_2026-04-04_22-23-04_live_round,c6abe590858247adbb3a88511acd7fc6,2026-04-05T03:23:24.318554+00:00,1775359404318554000,175114650112541,100,,,ETF,3125,40,3127.0,-4.0,,
6435,market_research_2026-04-04_22-23-04_live_round,c6abe590858247adbb3a88511acd7fc6,2026-04-05T03:23:24.318717+00:00,1775359404318717000,175114650275083,100,,,ETF,3126,60,3127.0,-4.0,,
6436,market_research_2026-04-04_22-23-04_live_round,c6abe590858247adbb3a88511acd7fc6,2026-04-05T03:23:24.318892+00:00,1775359404318892000,175114650450458,100,,,ETF,3127,80,3127.0,-4.0,,
6437,market_research_2026-04-04_22-23-04_live_round,c6abe590858247adbb3a88511acd7fc6,2026-04-05T03:23:24.319026+00:00,1775359404319026000,175114650584708,100,,,ETF,3128,20,3127.0,-4.0,,
6553,market_research_2026-04-04_22-23-04_live_round,c6abe590858247adbb3a88511acd7fc6,2026-04-05T03:23:24.410452+00:00,1775359404410452000,175114742009958,100,,,ETF,3127,40,3127.5,-1.0,,
6753,market_research_2026-04-04_22-23-04_live_round,c6abe590858247adbb3a88511acd7fc6,2026-04-05T03:23:25.317725+00:00,1775359405317725000,175115649285000,100,,,ETF,3128,40,3128.0,0.0,,
6820,market_research_2026-04-04_22-23-04_live_round,c6abe590858247adbb3a88511acd7fc6,2026-04-05T03:23:25.371202+00:00,1775359405371202000,175115702762166,100,,,ETF,3127,40,3127.0,0.0,,
6886,market_research_2026-04-04_22-23-04_live_round,c6abe590858247adbb3a88511acd7fc6,2026-04-05T03:23:25.428850+00:00,1775359405428850000,175115760410458,100,,,ETF,3125,40,3124.5,-1.0,,
6891,market_research_2026-04-04_22-23-04_live_round,c6abe590858247adbb3a88511acd7fc6,2026-04-05T03:23:25.436622+00:00,1775359405436622000,175115768182458,100,,,ETF,3125,60,3125.0,0.0,,
6953,market_research_2026-04-04_22-23-04_live_round,c6abe590858247adbb3a88511acd7fc6,2026-04-05T03:23:25.493730+00:00,1775359405493730000,175115825290916,100,,,ETF,3126,40,3127.5,-3.0,,
6958,market_research_2026-04-04_22-23-04_live_round,c6abe590858247adbb3a88511acd7fc6,2026-04-05T03:23:25.496985+00:00,1775359405496985000,175115828545458,100,,,ETF,3126,40,3127.0,-2.0,,
6959,market_research_2026-04-04_22-23-04_live_round,c6abe590858247adbb3a88511acd7fc6,2026-04-05T03:23:25.497074+00:00,1775359405497074000,175115828634250,100,,,ETF,3127,20,3127.0,-2.0,,
6965,market_research_2026-04-04_22-23-04_live_round,c6abe590858247adbb3a88511acd7fc6,2026-04-05T03:23:25.501019+00:00,1775359405501019000,175115832579791,100,,,ETF,3127,80,3127.0,0.0,,
7085,market_research_2026-04-04_22-23-04_live_round,c6abe590858247adbb3a88511acd7fc6,2026-04-05T03:23:25.917472+00:00,1775359405917472000,175116249033291,100,,,ETF,3137,40,3140.0,-6.0,,
7090,market_research_2026-04-04_22-23-04_live_round,c6abe590858247adbb3a88511acd7fc6,2026-04-05T03:23:25.920552+00:00,1775359405920552000,175116252113916,100,,,ETF,3138,60,3140.0,-4.0,,
7095,market_research_2026-04-04_22-23-04_live_round,c6abe590858247adbb3a88511acd7fc6,2026-04-05T03:23:25.925081+00:00,1775359405925081000,175116256642541,100,,,ETF,3138,40,3139.5,-3.0,,
7096,market_research_2026-04-04_22-23-04_live_round,c6abe590858247adbb3a88511acd7fc6,2026-04-05T03:23:25.925390+00:00,1775359405925390000,175116256951833,100,,,ETF,3138,40,3139.5,-3.0,,
7101,market_research_2026-04-04_22-23-04_live_round,c6abe590858247adbb3a88511acd7fc6,2026-04-05T03:23:25.930127+00:00,1775359405930127000,175116261688708,100,,,ETF,3138,20,3139.0,-2.0,,
7102,market_research_2026-04-04_22-23-04_live_round,c6abe590858247adbb3a88511acd7fc6,2026-04-05T03:23:25.930206+00:00,1775359405930206000,175116261768208,100,,,ETF,3139,80,3139.0,-2.0,,
7160,market_research_2026-04-04_22-23-04_live_round,c6abe590858247adbb3a88511acd7fc6,2026-04-05T03:23:26.434280+00:00,1775359406434280000,175116765842625,100,,,ETF,3140,40,3142.0,-4.0,,
7165,market_research_2026-04-04_22-23-04_live_round,c6abe590858247adbb3a88511acd7fc6,2026-04-05T03:23:26.440679+00:00,1775359406440679000,175116772241916,100,,,ETF,3140,60,3141.5,-3.0,,
7233,market_research_2026-04-04_22-23-04_live_round,c6abe590858247adbb3a88511acd7fc6,2026-04-05T03:23:26.505869+00:00,1775359406505869000,175116837431458,100,,,ETF,3150,40,3153.0,-6.0,,
7238,market_research_2026-04-04_22-23-04_live_round,c6abe590858247adbb3a88511acd7fc6,2026-04-05T03:23:26.509181+00:00,1775359406509181000,175116840743791,100,,,ETF,3151,60,3153.0,-4.0,,
7243,market_research_2026-04-04_22-23-04_live_round,c6abe590858247adbb3a88511acd7fc6,2026-04-05T03:23:26.512458+00:00,1775359406512458000,175116844020625,100,,,ETF,3152,80,3153.0,-2.0,,
7248,market_research_2026-04-04_22-23-04_live_round,c6abe590858247adbb3a88511acd7fc6,2026-04-05T03:23:26.515687+00:00,1775359406515687000,175116847249791,100,,,ETF,3152,20,3152.5,-1.0,,
7249,market_research_2026-04-04_22-23-04_live_round,c6abe590858247adbb3a88511acd7fc6,2026-04-05T03:23:26.515767+00:00,1775359406515767000,175116847330375,100,,,ETF,3152,80,3152.5,-1.0,,
7303,market_research_2026-04-04_22-23-04_live_round,c6abe590858247adbb3a88511acd7fc6,2026-04-05T03:23:26.559643+00:00,1775359406559643000,175116891206208,100,,,ETF,3153,40,3154.0,-2.0,,
7308,market_research_2026-04-04_22-23-04_live_round,c6abe590858247adbb3a88511acd7fc6,2026-04-05T03:23:26.563037+00:00,1775359406563037000,175116894600208,100,,,ETF,3153,60,3153.5,-1.0,,
7623,market_research_2026-04-04_22-23-04_live_round,c6abe590858247adbb3a88511acd7fc6,2026-04-05T03:23:27.593175+00:00,1775359407593175000,175117924740291,100,,,ETF,3155,40,3150.0,-10.0,,
7628,market_research_2026-04-04_22-23-04_live_round,c6abe590858247adbb3a88511acd7fc6,2026-04-05T03:23:27.596432+00:00,1775359407596432000,175117927997541,100,,,ETF,3155,60,3150.5,-9.0,,
7633,market_research_2026-04-04_22-23-04_live_round,c6abe590858247adbb3a88511acd7fc6,2026-04-05T03:23:27.599701+00:00,1775359407599701000,175117931265833,100,,,ETF,3153,40,3150.0,-6.0,,
7634,market_research_2026-04-04_22-23-04_live_round,c6abe590858247adbb3a88511acd7fc6,2026-04-05T03:23:27.599777+00:00,1775359407599777000,175117931342375,100,,,ETF,3152,40,3150.0,-6.0,,
7640,market_research_2026-04-04_22-23-04_live_round,c6abe590858247adbb3a88511acd7fc6,2026-04-05T03:23:27.603936+00:00,1775359407603936000,175117935501500,100,,,ETF,3152,20,3150.0,-4.0,,
7641,market_research_2026-04-04_22-23-04_live_round,c6abe590858247adbb3a88511acd7fc6,2026-04-05T03:23:27.604010+00:00,1775359407604010000,175117935575625,100,,,ETF,3151,80,3150.0,-4.0,,
7699,market_research_2026-04-04_22-23-04_live_round,c6abe590858247adbb3a88511acd7fc6,2026-04-05T03:23:27.988577+00:00,1775359407988577000,175118320142541,100,,,ETF,3150,40,3150.0,0.0,,
7824,market_research_2026-04-04_22-23-04_live_round,c6abe590858247adbb3a88511acd7fc6,2026-04-05T03:23:28.499533+00:00,1775359408499533000,175118831099833,100,,,ETF,3145,40,3145.5,-1.0,,
8084,market_research_2026-04-04_22-23-04_live_round,c6abe590858247adbb3a88511acd7fc6,2026-04-05T03:23:28.899064+00:00,1775359408899064000,175119230632000,100,,,ETF,3144,40,3143.0,-2.0,,
8089,market_research_2026-04-04_22-23-04_live_round,c6abe590858247adbb3a88511acd7fc6,2026-04-05T03:23:28.902905+00:00,1775359408902905000,175119234473166,100,,,ETF,3143,60,3143.0,0.0,,
8350,market_research_2026-04-04_22-23-04_live_round,c6abe590858247adbb3a88511acd7fc6,2026-04-05T03:23:29.698248+00:00,1775359409698248000,175120029817041,150,,,ETF,3143,40,3147.0,-8.0,0.14859575,
8355,market_research_2026-04-04_22-23-04_live_round,c6abe590858247adbb3a88511acd7fc6,2026-04-05T03:23:29.702225+00:00,1775359409702225000,175120033794750,150,,,ETF,3143,60,3146.5,-7.0,0.152573459,
8360,market_research_2026-04-04_22-23-04_live_round,c6abe590858247adbb3a88511acd7fc6,2026-04-05T03:23:29.705764+00:00,1775359409705764000,175120037333916,150,,,ETF,3143,40,3146.0,-6.0,0.156112625,
8361,market_research_2026-04-04_22-23-04_live_round,c6abe590858247adbb3a88511acd7fc6,2026-04-05T03:23:29.705844+00:00,1775359409705844000,175120037413583,150,,,ETF,3144,40,3146.0,-6.0,0.156192292,
8367,market_research_2026-04-04_22-23-04_live_round,c6abe590858247adbb3a88511acd7fc6,2026-04-05T03:23:29.710792+00:00,1775359409710792000,175120042361875,150,,,ETF,3144,20,3146.0,-4.0,0.161140584,
8368,market_research_2026-04-04_22-23-04_live_round,c6abe590858247adbb3a88511acd7fc6,2026-04-05T03:23:29.710881+00:00,1775359409710881000,175120042450208,150,,,ETF,3145,80,3146.0,-4.0,0.161228917,
8428,market_research_2026-04-04_22-23-04_live_round,c6abe590858247adbb3a88511acd7fc6,2026-04-05T03:23:29.947185+00:00,1775359409947185000,175120278754541,150,,,ETF,3146,40,3146.5,-1.0,0.39753325,
8433,market_research_2026-04-04_22-23-04_live_round,c6abe590858247adbb3a88511acd7fc6,2026-04-05T03:23:29.950863+00:00,1775359409950863000,175120282433250,150,,,ETF,3146,60,3146.0,0.0,0.401211959,
8504,market_research_2026-04-04_22-23-04_live_round,c6abe590858247adbb3a88511acd7fc6,2026-04-05T03:23:30.150393+00:00,1775359410150393000,175120481962833,150,,,ETF,3144,100,3138.0,-12.0,0.600741542,
8505,market_research_2026-04-04_22-23-04_live_round,c6abe590858247adbb3a88511acd7fc6,2026-04-05T03:23:30.150488+00:00,1775359410150488000,175120482058708,150,,,ETF,3140,40,3138.0,-12.0,0.600837417,
8506,market_research_2026-04-04_22-23-04_live_round,c6abe590858247adbb3a88511acd7fc6,2026-04-05T03:23:30.150567+00:00,1775359410150567000,175120482137583,150,,,ETF,3139,60,3138.0,-12.0,0.600916292,
8751,market_research_2026-04-04_22-23-04_live_round,c6abe590858247adbb3a88511acd7fc6,2026-04-05T03:23:30.943533+00:00,1775359410943533000,175121275105333,150,,,ETF,3136,40,3133.0,-6.0,1.393884042,
8756,market_research_2026-04-04_22-23-04_live_round,c6abe590858247adbb3a88511acd7fc6,2026-04-05T03:23:30.947504+00:00,1775359410947504000,175121279076041,150,,,ETF,3135,60,3133.0,-4.0,1.39785475,
8761,market_research_2026-04-04_22-23-04_live_round,c6abe590858247adbb3a88511acd7fc6,2026-04-05T03:23:30.951200+00:00,1775359410951200000,175121282772500,150,,,ETF,3134,80,3133.0,-2.0,1.401551209,
8766,market_research_2026-04-04_22-23-04_live_round,c6abe590858247adbb3a88511acd7fc6,2026-04-05T03:23:30.954893+00:00,1775359410954893000,175121286464916,150,,,ETF,3133,100,3133.0,0.0,1.405243625,
8884,market_research_2026-04-04_22-23-04_live_round,c6abe590858247adbb3a88511acd7fc6,2026-04-05T03:23:31.308867+00:00,1775359411308867000,175121640439416,150,,,ETF,3125,40,3125.0,0.0,1.759218125,
8948,market_research_2026-04-04_22-23-04_live_round,c6abe590858247adbb3a88511acd7fc6,2026-04-05T03:23:31.575320+00:00,1775359411575320000,175121906893125,150,,,ETF,3126,40,3128.0,-4.0,2.025671834,
8953,market_research_2026-04-04_22-23-04_live_round,c6abe590858247adbb3a88511acd7fc6,2026-04-05T03:23:31.579194+00:00,1775359411579194000,175121910767791,150,,,ETF,3126,20,3127.5,-3.0,2.0295465,
8954,market_research_2026-04-04_22-23-04_live_round,c6abe590858247adbb3a88511acd7fc6,2026-04-05T03:23:31.579281+00:00,1775359411579281000,175121910854666,150,,,ETF,3127,40,3127.5,-3.0,2.029633375,
8960,market_research_2026-04-04_22-23-04_live_round,c6abe590858247adbb3a88511acd7fc6,2026-04-05T03:23:31.583961+00:00,1775359411583961000,175121915534541,150,,,ETF,3127,40,3127.5,-1.0,2.03431325,
8961,market_research_2026-04-04_22-23-04_live_round,c6abe590858247adbb3a88511acd7fc6,2026-04-05T03:23:31.584046+00:00,1775359411584046000,175121915619458,150,,,ETF,3128,40,3127.5,-1.0,2.034398167,
9086,market_research_2026-04-04_22-23-04_live_round,c6abe590858247adbb3a88511acd7fc6,2026-04-05T03:23:31.986355+00:00,1775359411986355000,175122317929791,150,,,ETF,3127,40,3127.0,0.0,2.4367085,
9215,market_research_2026-04-04_22-23-04_live_round,c6abe590858247adbb3a88511acd7fc6,2026-04-05T03:23:32.315917+00:00,1775359412315917000,175122647492291,150,,,ETF,3130,40,3131.0,-2.0,2.766271,
9220,market_research_2026-04-04_22-23-04_live_round,c6abe590858247adbb3a88511acd7fc6,2026-04-05T03:23:32.320421+00:00,1775359412320421000,175122651995750,150,,,ETF,3130,60,3130.5,-1.0,2.770774459,
9225,market_research_2026-04-04_22-23-04_live_round,c6abe590858247adbb3a88511acd7fc6,2026-04-05T03:23:32.324296+00:00,1775359412324296000,175122655871416,150,,,ETF,3130,40,3130.0,0.0,2.774650125,
9286,market_research_2026-04-04_22-23-04_live_round,c6abe590858247adbb3a88511acd7fc6,2026-04-05T03:23:32.567514+00:00,1775359412567514000,175122899089083,150,,,ETF,3133,40,3134.0,-2.0,3.017867792,
9291,market_research_2026-04-04_22-23-04_live_round,c6abe590858247adbb3a88511acd7fc6,2026-04-05T03:23:32.575914+00:00,1775359412575914000,175122907489583,150,,,ETF,3133,60,3133.5,-1.0,3.026268292,
9479,market_research_2026-04-04_22-23-04_live_round,c6abe590858247adbb3a88511acd7fc6,2026-04-05T03:23:33.185314+00:00,1775359413185314000,175123516890500,150,,,ETF,3145,40,3146.0,-2.0,3.635669209,
9484,market_research_2026-04-04_22-23-04_live_round,c6abe590858247adbb3a88511acd7fc6,2026-04-05T03:23:33.189398+00:00,1775359413189398000,175123520974708,150,,,ETF,3146,60,3146.0,0.0,3.639753417,
9614,market_research_2026-04-04_22-23-04_live_round,c6abe590858247adbb3a88511acd7fc6,2026-04-05T03:23:33.565958+00:00,1775359413565958000,175123897535958,150,,,ETF,3153,40,3155.0,-4.0,4.016314667,
9619,market_research_2026-04-04_22-23-04_live_round,c6abe590858247adbb3a88511acd7fc6,2026-04-05T03:23:33.571427+00:00,1775359413571427000,175123903004250,150,,,ETF,3154,60,3155.0,-2.0,4.021782959,
9624,market_research_2026-04-04_22-23-04_live_round,c6abe590858247adbb3a88511acd7fc6,2026-04-05T03:23:33.578463+00:00,1775359413578463000,175123910040583,150,,,ETF,3155,80,3155.0,0.0,4.028819292,
9684,market_research_2026-04-04_22-23-04_live_round,c6abe590858247adbb3a88511acd7fc6,2026-04-05T03:23:33.729495+00:00,1775359413729495000,175124061073375,150,,,ETF,3156,40,3158.5,-5.0,4.179852084,
9689,market_research_2026-04-04_22-23-04_live_round,c6abe590858247adbb3a88511acd7fc6,2026-04-05T03:23:33.733534+00:00,1775359413733534000,175124065112375,150,,,ETF,3156,60,3158.0,-4.0,4.183891084,
9812,market_research_2026-04-04_22-23-04_live_round,c6abe590858247adbb3a88511acd7fc6,2026-04-05T03:23:34.150662+00:00,1775359414150662000,175124482240375,150,,,ETF,3163,40,3163.0,0.0,4.601019084,
9949,market_research_2026-04-04_22-23-04_live_round,c6abe590858247adbb3a88511acd7fc6,2026-04-05T03:23:34.616948+00:00,1775359414616948000,175124948527375,150,,,ETF,3165,40,3167.0,-4.0,5.067306084,
9954,market_research_2026-04-04_22-23-04_live_round,c6abe590858247adbb3a88511acd7fc6,2026-04-05T03:23:34.621168+00:00,1775359414621168000,175124952748125,150,,,ETF,3166,60,3167.0,-2.0,5.071526834,
9959,market_research_2026-04-04_22-23-04_live_round,c6abe590858247adbb3a88511acd7fc6,2026-04-05T03:23:34.625325+00:00,1775359414625325000,175124956904541,150,,,ETF,3167,80,3167.0,0.0,5.07568325,
10024,market_research_2026-04-04_22-23-04_live_round,c6abe590858247adbb3a88511acd7fc6,2026-04-05T03:23:34.792832+00:00,1775359414792832000,175125124412208,175,,,ETF,3168,40,3169.0,-2.0,5.243190917,
10029,market_research_2026-04-04_22-23-04_live_round,c6abe590858247adbb3a88511acd7fc6,2026-04-05T03:23:34.797207+00:00,1775359414797207000,175125128786875,175,,,ETF,3168,60,3168.5,-1.0,5.247565584,
10093,market_research_2026-04-04_22-23-04_live_round,c6abe590858247adbb3a88511acd7fc6,2026-04-05T03:23:34.936373+00:00,1775359414936373000,175125267953333,175,,,ETF,3176,40,3176.5,-1.0,5.386732042,
10164,market_research_2026-04-04_22-23-04_live_round,c6abe590858247adbb3a88511acd7fc6,2026-04-05T03:23:35.162813+00:00,1775359415162813000,175125494394208,175,,,ETF,3179,40,3179.0,0.0,5.613172917,
10304,market_research_2026-04-04_22-23-04_live_round,c6abe590858247adbb3a88511acd7fc6,2026-04-05T03:23:35.683395+00:00,1775359415683395000,175126014976791,175,,,ETF,3186,40,3189.0,-6.0,6.1337555,
10309,market_research_2026-04-04_22-23-04_live_round,c6abe590858247adbb3a88511acd7fc6,2026-04-05T03:23:35.691056+00:00,1775359415691056000,175126022638333,175,,,ETF,3187,60,3189.0,-4.0,6.141417042,
10314,market_research_2026-04-04_22-23-04_live_round,c6abe590858247adbb3a88511acd7fc6,2026-04-05T03:23:35.697829+00:00,1775359415697829000,175126029410541,175,,,ETF,3188,80,3189.0,-2.0,6.14818925,
10319,market_research_2026-04-04_22-23-04_live_round,c6abe590858247adbb3a88511acd7fc6,2026-04-05T03:23:35.705321+00:00,1775359415705321000,175126036902625,175,,,ETF,3188,20,3188.5,-1.0,6.155681334,
10320,market_research_2026-04-04_22-23-04_live_round,c6abe590858247adbb3a88511acd7fc6,2026-04-05T03:23:35.705806+00:00,1775359415705806000,175126037387625,175,,,ETF,3188,80,3188.5,-1.0,6.156166334,
10387,market_research_2026-04-04_22-23-04_live_round,c6abe590858247adbb3a88511acd7fc6,2026-04-05T03:23:35.814579+00:00,1775359415814579000,175126146160875,175,,,ETF,3189,40,3191.5,-5.0,6.264939584,
10392,market_research_2026-04-04_22-23-04_live_round,c6abe590858247adbb3a88511acd7fc6,2026-04-05T03:23:35.818873+00:00,1775359415818873000,175126150454791,175,,,ETF,3189,60,3191.0,-4.0,6.2692335,
10462,market_research_2026-04-04_22-23-04_live_round,c6abe590858247adbb3a88511acd7fc6,2026-04-05T03:23:35.969007+00:00,1775359415969007000,175126300589208,175,,,ETF,3200,40,3202.5,-5.0,6.419367917,
10467,market_research_2026-04-04_22-23-04_live_round,c6abe590858247adbb3a88511acd7fc6,2026-04-05T03:23:35.973481+00:00,1775359415973481000,175126305063500,175,,,ETF,3201,60,3202.5,-3.0,6.423842209,
10472,market_research_2026-04-04_22-23-04_live_round,c6abe590858247adbb3a88511acd7fc6,2026-04-05T03:23:35.977658+00:00,1775359415977658000,175126309240916,175,,,ETF,3201,40,3202.0,-2.0,6.428019625,
10473,market_research_2026-04-04_22-23-04_live_round,c6abe590858247adbb3a88511acd7fc6,2026-04-05T03:23:35.977752+00:00,1775359415977752000,175126309335083,175,,,ETF,3201,40,3202.0,-2.0,6.428113792,
10478,market_research_2026-04-04_22-23-04_live_round,c6abe590858247adbb3a88511acd7fc6,2026-04-05T03:23:35.981953+00:00,1775359415981953000,175126313536000,175,,,ETF,3201,20,3201.5,-1.0,6.432314709,
10479,market_research_2026-04-04_22-23-04_live_round,c6abe590858247adbb3a88511acd7fc6,2026-04-05T03:23:35.982036+00:00,1775359415982036000,175126313618750,175,,,ETF,3202,80,3201.5,-1.0,6.432397459,
10535,market_research_2026-04-04_22-23-04_live_round,c6abe590858247adbb3a88511acd7fc6,2026-04-05T03:23:36.162519+00:00,1775359416162519000,175126494102000,175,,,ETF,3203,40,3208.5,-11.0,6.612880709,
10540,market_research_2026-04-04_22-23-04_live_round,c6abe590858247adbb3a88511acd7fc6,2026-04-05T03:23:36.166995+00:00,1775359416166995000,175126498577500,175,,,ETF,3203,60,3208.0,-10.0,6.617356209,
10545,market_research_2026-04-04_22-23-04_live_round,c6abe590858247adbb3a88511acd7fc6,2026-04-05T03:23:36.171200+00:00,1775359416171200000,175126502783125,175,,,ETF,3211,40,3211.5,-1.0,6.621561834,
10546,market_research_2026-04-04_22-23-04_live_round,c6abe590858247adbb3a88511acd7fc6,2026-04-05T03:23:36.171280+00:00,1775359416171280000,175126502862583,175,,,ETF,3212,40,3211.5,-1.0,6.621641292,
10611,market_research_2026-04-04_22-23-04_live_round,c6abe590858247adbb3a88511acd7fc6,2026-04-05T03:23:36.368595+00:00,1775359416368595000,175126700178458,175,,,ETF,3214,40,3224.5,-21.0,6.818957167,
10616,market_research_2026-04-04_22-23-04_live_round,c6abe590858247adbb3a88511acd7fc6,2026-04-05T03:23:36.372793+00:00,1775359416372793000,175126704376416,175,,,ETF,3214,60,3224.0,-20.0,6.823155125,
10621,market_research_2026-04-04_22-23-04_live_round,c6abe590858247adbb3a88511acd7fc6,2026-04-05T03:23:36.377363+00:00,1775359416377363000,175126708946291,175,,,ETF,3220,40,3226.5,-13.0,6.827725,
10622,market_research_2026-04-04_22-23-04_live_round,c6abe590858247adbb3a88511acd7fc6,2026-04-05T03:23:36.377445+00:00,1775359416377445000,175126709028333,175,,,ETF,3221,40,3226.5,-13.0,6.827807042,
10628,market_research_2026-04-04_22-23-04_live_round,c6abe590858247adbb3a88511acd7fc6,2026-04-05T03:23:36.382715+00:00,1775359416382715000,175126714298166,175,,,ETF,3221,20,3226.5,-11.0,6.833076875,
10629,market_research_2026-04-04_22-23-04_live_round,c6abe590858247adbb3a88511acd7fc6,2026-04-05T03:23:36.382796+00:00,1775359416382796000,175126714379416,175,,,ETF,3222,80,3226.5,-11.0,6.833158125,
10692,market_research_2026-04-04_22-23-04_live_round,c6abe590858247adbb3a88511acd7fc6,2026-04-05T03:23:36.561504+00:00,1775359416561504000,175126893087916,175,,,ETF,3223,40,3235.5,-25.0,7.011866625,
10697,market_research_2026-04-04_22-23-04_live_round,c6abe590858247adbb3a88511acd7fc6,2026-04-05T03:23:36.567475+00:00,1775359416567475000,175126899058458,175,,,ETF,3223,60,3235.0,-24.0,7.017837167,
10702,market_research_2026-04-04_22-23-04_live_round,c6abe590858247adbb3a88511acd7fc6,2026-04-05T03:23:36.573470+00:00,1775359416573470000,175126905053750,175,,,ETF,3241,40,3243.5,-5.0,7.023832459,
10703,market_research_2026-04-04_22-23-04_live_round,c6abe590858247adbb3a88511acd7fc6,2026-04-05T03:23:36.573551+00:00,1775359416573551000,175126905135375,175,,,ETF,3242,40,3243.5,-5.0,7.023914084,
10709,market_research_2026-04-04_22-23-04_live_round,c6abe590858247adbb3a88511acd7fc6,2026-04-05T03:23:36.582317+00:00,1775359416582317000,175126913901000,175,,,ETF,3242,20,3243.5,-3.0,7.032679709,
10710,market_research_2026-04-04_22-23-04_live_round,c6abe590858247adbb3a88511acd7fc6,2026-04-05T03:23:36.582789+00:00,1775359416582789000,175126914373291,175,,,ETF,3243,80,3243.5,-3.0,7.033152,
10767,market_research_2026-04-04_22-23-04_live_round,c6abe590858247adbb3a88511acd7fc6,2026-04-05T03:23:36.767936+00:00,1775359416767936000,175127099520500,175,,,ETF,3244,40,3249.0,-10.0,7.218299209,
10772,market_research_2026-04-04_22-23-04_live_round,c6abe590858247adbb3a88511acd7fc6,2026-04-05T03:23:36.772756+00:00,1775359416772756000,175127104340291,175,,,ETF,3244,60,3248.5,-9.0,7.223119,
10834,market_research_2026-04-04_22-23-04_live_round,c6abe590858247adbb3a88511acd7fc6,2026-04-05T03:23:36.964385+00:00,1775359416964385000,175127295969666,175,,,ETF,3257,40,3261.0,-8.0,7.414748375,
10839,market_research_2026-04-04_22-23-04_live_round,c6abe590858247adbb3a88511acd7fc6,2026-04-05T03:23:36.970762+00:00,1775359416970762000,175127302346541,175,,,ETF,3257,60,3260.5,-7.0,7.42112525,
10844,market_research_2026-04-04_22-23-04_live_round,c6abe590858247adbb3a88511acd7fc6,2026-04-05T03:23:36.976401+00:00,1775359416976401000,175127307985791,175,,,ETF,3260,40,3261.5,-3.0,7.4267645,
10845,market_research_2026-04-04_22-23-04_live_round,c6abe590858247adbb3a88511acd7fc6,2026-04-05T03:23:36.976889+00:00,1775359416976889000,175127308473958,175,,,ETF,3261,40,3261.5,-3.0,7.427252667,
10851,market_research_2026-04-04_22-23-04_live_round,c6abe590858247adbb3a88511acd7fc6,2026-04-05T03:23:36.983613+00:00,1775359416983613000,175127315197916,175,,,ETF,3261,20,3261.5,-1.0,7.433976625,
10852,market_research_2026-04-04_22-23-04_live_round,c6abe590858247adbb3a88511acd7fc6,2026-04-05T03:23:36.983694+00:00,1775359416983694000,175127315278708,175,,,ETF,3262,80,3261.5,-1.0,7.434057417,
10917,market_research_2026-04-04_22-23-04_live_round,c6abe590858247adbb3a88511acd7fc6,2026-04-05T03:23:37.228320+00:00,1775359417228320000,175127559905625,175,,,ETF,3263,40,3269.0,-12.0,7.678684334,
10922,market_research_2026-04-04_22-23-04_live_round,c6abe590858247adbb3a88511acd7fc6,2026-04-05T03:23:37.233091+00:00,1775359417233091000,175127564676583,175,,,ETF,3263,60,3268.5,-11.0,7.683455292,
10927,market_research_2026-04-04_22-23-04_live_round,c6abe590858247adbb3a88511acd7fc6,2026-04-05T03:23:37.237425+00:00,1775359417237425000,175127569009750,175,,,ETF,3271,40,3272.0,-2.0,7.687788459,
10928,market_research_2026-04-04_22-23-04_live_round,c6abe590858247adbb3a88511acd7fc6,2026-04-05T03:23:37.237507+00:00,1775359417237507000,175127569092208,175,,,ETF,3272,40,3272.0,-2.0,7.687870917,
10934,market_research_2026-04-04_22-23-04_live_round,c6abe590858247adbb3a88511acd7fc6,2026-04-05T03:23:37.242882+00:00,1775359417242882000,175127574467166,175,,,ETF,3272,20,3272.0,0.0,7.693245875,
10997,market_research_2026-04-04_22-23-04_live_round,c6abe590858247adbb3a88511acd7fc6,2026-04-05T03:23:37.418602+00:00,1775359417418602000,175127750187583,175,,,ETF,3274,40,3280.0,-12.0,7.868966292,
11002,market_research_2026-04-04_22-23-04_live_round,c6abe590858247adbb3a88511acd7fc6,2026-04-05T03:23:37.423172+00:00,1775359417423172000,175127754757208,175,,,ETF,3274,60,3279.5,-11.0,7.873535917,
11007,market_research_2026-04-04_22-23-04_live_round,c6abe590858247adbb3a88511acd7fc6,2026-04-05T03:23:37.427555+00:00,1775359417427555000,175127759140500,175,,,ETF,3281,40,3282.5,-3.0,7.877919209,
11008,market_research_2026-04-04_22-23-04_live_round,c6abe590858247adbb3a88511acd7fc6,2026-04-05T03:23:37.427642+00:00,1775359417427642000,175127759228041,175,,,ETF,3282,40,3282.5,-3.0,7.87800675,
11014,market_research_2026-04-04_22-23-04_live_round,c6abe590858247adbb3a88511acd7fc6,2026-04-05T03:23:37.433082+00:00,1775359417433082000,175127764667833,175,,,ETF,3282,20,3282.5,-1.0,7.883446542,
11015,market_research_2026-04-04_22-23-04_live_round,c6abe590858247adbb3a88511acd7fc6,2026-04-05T03:23:37.433161+00:00,1775359417433161000,175127764747125,175,,,ETF,3283,80,3282.5,-1.0,7.883525834,
11070,market_research_2026-04-04_22-23-04_live_round,c6abe590858247adbb3a88511acd7fc6,2026-04-05T03:23:37.564140+00:00,1775359417564140000,175127895726166,175,,,ETF,3284,40,3285.5,-3.0,8.014504875,
11075,market_research_2026-04-04_22-23-04_live_round,c6abe590858247adbb3a88511acd7fc6,2026-04-05T03:23:37.569716+00:00,1775359417569716000,175127901301958,175,,,ETF,3284,60,3285.0,-2.0,8.020080667,
11139,market_research_2026-04-04_22-23-04_live_round,c6abe590858247adbb3a88511acd7fc6,2026-04-05T03:23:37.780678+00:00,1775359417780678000,175128112264500,175,,,ETF,3293,40,3295.5,-5.0,8.231043209,
11144,market_research_2026-04-04_22-23-04_live_round,c6abe590858247adbb3a88511acd7fc6,2026-04-05T03:23:37.785375+00:00,1775359417785375000,175128116961500,175,,,ETF,3294,60,3295.5,-3.0,8.235740209,
11149,market_research_2026-04-04_22-23-04_live_round,c6abe590858247adbb3a88511acd7fc6,2026-04-05T03:23:37.790058+00:00,1775359417790058000,175128121644708,175,,,ETF,3295,80,3295.5,-1.0,8.240423417,
11154,market_research_2026-04-04_22-23-04_live_round,c6abe590858247adbb3a88511acd7fc6,2026-04-05T03:23:37.794583+00:00,1775359417794583000,175128126169708,175,,,ETF,3295,20,3295.0,0.0,8.244948417,
11155,market_research_2026-04-04_22-23-04_live_round,c6abe590858247adbb3a88511acd7fc6,2026-04-05T03:23:37.794668+00:00,1775359417794668000,175128126254333,175,,,ETF,3295,80,3295.0,0.0,8.245033042,
11212,market_research_2026-04-04_22-23-04_live_round,c6abe590858247adbb3a88511acd7fc6,2026-04-05T03:23:37.950685+00:00,1775359417950685000,175128282271166,175,,,ETF,3296,40,3301.5,-11.0,8.401049875,
11217,market_research_2026-04-04_22-23-04_live_round,c6abe590858247adbb3a88511acd7fc6,2026-04-05T03:23:37.956356+00:00,1775359417956356000,175128287942250,175,,,ETF,3296,60,3301.0,-10.0,8.406720959,
11222,market_research_2026-04-04_22-23-04_live_round,c6abe590858247adbb3a88511acd7fc6,2026-04-05T03:23:37.961252+00:00,1775359417961252000,175128292838291,175,,,ETF,3304,40,3304.5,-1.0,8.411617,
11223,market_research_2026-04-04_22-23-04_live_round,c6abe590858247adbb3a88511acd7fc6,2026-04-05T03:23:37.961335+00:00,1775359417961335000,175128292921583,175,,,ETF,3305,40,3304.5,-1.0,8.411700292,
11285,market_research_2026-04-04_22-23-04_live_round,c6abe590858247adbb3a88511acd7fc6,2026-04-05T03:23:38.256105+00:00,1775359418256105000,175128587692583,175,,,ETF,3307,40,3314.5,-15.0,8.706471292,
11290,market_research_2026-04-04_22-23-04_live_round,c6abe590858247adbb3a88511acd7fc6,2026-04-05T03:23:38.260830+00:00,1775359418260830000,175128592417041,175,,,ETF,3307,60,3314.0,-14.0,8.71119575,
11295,market_research_2026-04-04_22-23-04_live_round,c6abe590858247adbb3a88511acd7fc6,2026-04-05T03:23:38.265325+00:00,1775359418265325000,175128596912833,175,,,ETF,3313,40,3316.5,-7.0,8.715691542,
11296,market_research_2026-04-04_22-23-04_live_round,c6abe590858247adbb3a88511acd7fc6,2026-04-05T03:23:38.265408+00:00,1775359418265408000,175128596995333,175,,,ETF,3314,40,3316.5,-7.0,8.715774042,
11302,market_research_2026-04-04_22-23-04_live_round,c6abe590858247adbb3a88511acd7fc6,2026-04-05T03:23:38.274391+00:00,1775359418274391000,175128605978125,175,,,ETF,3314,20,3316.5,-5.0,8.724756834,
11303,market_research_2026-04-04_22-23-04_live_round,c6abe590858247adbb3a88511acd7fc6,2026-04-05T03:23:38.274846+00:00,1775359418274846000,175128606433166,175,,,ETF,3315,80,3316.5,-5.0,8.725211875,
11362,market_research_2026-04-04_22-23-04_live_round,c6abe590858247adbb3a88511acd7fc6,2026-04-05T03:23:38.454803+00:00,1775359418454803000,175128786390791,175,,,ETF,3316,40,3318.0,-4.0,8.9051695,
11367,market_research_2026-04-04_22-23-04_live_round,c6abe590858247adbb3a88511acd7fc6,2026-04-05T03:23:38.459581+00:00,1775359418459581000,175128791168750,175,,,ETF,3316,60,3317.5,-3.0,8.909947459,
11496,market_research_2026-04-04_22-23-04_live_round,c6abe590858247adbb3a88511acd7fc6,2026-04-05T03:23:38.800169+00:00,1775359418800169000,175129131757500,175,,,ETF,3329,40,3330.5,-3.0,9.250536209,
11501,market_research_2026-04-04_22-23-04_live_round,c6abe590858247adbb3a88511acd7fc6,2026-04-05T03:23:38.804841+00:00,1775359418804841000,175129136429041,175,,,ETF,3329,60,3330.0,-2.0,9.25520775,
11506,market_research_2026-04-04_22-23-04_live_round,c6abe590858247adbb3a88511acd7fc6,2026-04-05T03:23:38.809423+00:00,1775359418809423000,175129141011458,175,,,ETF,3330,40,3330.0,0.0,9.259790167,
11566,market_research_2026-04-04_22-23-04_live_round,c6abe590858247adbb3a88511acd7fc6,2026-04-05T03:23:38.992620+00:00,1775359418992620000,175129324208625,175,,,ETF,3333,40,3334.5,-3.0,9.442987334,
11571,market_research_2026-04-04_22-23-04_live_round,c6abe590858247adbb3a88511acd7fc6,2026-04-05T03:23:38.997480+00:00,1775359418997480000,175129329068791,175,,,ETF,3333,60,3334.0,-2.0,9.4478475,
11634,market_research_2026-04-04_22-23-04_live_round,c6abe590858247adbb3a88511acd7fc6,2026-04-05T03:23:39.187917+00:00,1775359419187917000,175129519505833,175,,,ETF,3334,40,3334.0,0.0,9.638284542,
11699,market_research_2026-04-04_22-23-04_live_round,c6abe590858247adbb3a88511acd7fc6,2026-04-05T03:23:39.389038+00:00,1775359419389038000,175129720627875,175,,,ETF,3333,40,3328.5,-9.0,9.839406584,
11704,market_research_2026-04-04_22-23-04_live_round,c6abe590858247adbb3a88511acd7fc6,2026-04-05T03:23:39.393864+00:00,1775359419393864000,175129725453708,175,,,ETF,3333,60,3329.0,-8.0,9.844232417,
11709,market_research_2026-04-04_22-23-04_live_round,c6abe590858247adbb3a88511acd7fc6,2026-04-05T03:23:39.398623+00:00,1775359419398623000,175129730212416,175,,,ETF,3328,40,3327.0,-2.0,9.848991125,
11710,market_research_2026-04-04_22-23-04_live_round,c6abe590858247adbb3a88511acd7fc6,2026-04-05T03:23:39.398706+00:00,1775359419398706000,175129730296083,175,,,ETF,3327,40,3327.0,-2.0,9.849074792,
11716,market_research_2026-04-04_22-23-04_live_round,c6abe590858247adbb3a88511acd7fc6,2026-04-05T03:23:39.404560+00:00,1775359419404560000,175129736149916,175,,,ETF,3327,20,3327.0,0.0,9.854928625,
11773,market_research_2026-04-04_22-23-04_live_round,c6abe590858247adbb3a88511acd7fc6,2026-04-05T03:23:39.565266+00:00,1775359419565266000,175129896855916,175,,,ETF,3325,40,3323.5,-3.0,10.015634625,
11778,market_research_2026-04-04_22-23-04_live_round,c6abe590858247adbb3a88511acd7fc6,2026-04-05T03:23:39.571145+00:00,1775359419571145000,175129902735291,175,,,ETF,3325,60,3324.0,-2.0,10.021514,
11852,market_research_2026-04-04_22-23-04_live_round,c6abe590858247adbb3a88511acd7fc6,2026-04-05T03:23:39.896781+00:00,1775359419896781000,175130228372000,175,,,ETF,3320,40,3320.0,0.0,10.347150709,
12103,market_research_2026-04-04_22-23-04_live_round,c6abe590858247adbb3a88511acd7fc6,2026-04-05T03:23:40.575841+00:00,1775359420575841000,175130907433500,175,,,ETF,3313,40,3313.0,0.0,11.026212209,
12377,market_research_2026-04-04_22-23-04_live_round,c6abe590858247adbb3a88511acd7fc6,2026-04-05T03:23:41.433432+00:00,1775359421433432000,175131765025583,175,,,ETF,3306,40,3299.0,-14.0,11.883804292,
12382,market_research_2026-04-04_22-23-04_live_round,c6abe590858247adbb3a88511acd7fc6,2026-04-05T03:23:41.438205+00:00,1775359421438205000,175131769799250,175,,,ETF,3305,60,3299.0,-12.0,11.888577959,
12387,market_research_2026-04-04_22-23-04_live_round,c6abe590858247adbb3a88511acd7fc6,2026-04-05T03:23:41.442998+00:00,1775359421442998000,175131774592333,175,,,ETF,3305,80,3299.5,-11.0,11.893371042,
12392,market_research_2026-04-04_22-23-04_live_round,c6abe590858247adbb3a88511acd7fc6,2026-04-05T03:23:41.447825+00:00,1775359421447825000,175131779418916,175,,,ETF,3305,20,3300.0,-10.0,11.898197625,
12393,market_research_2026-04-04_22-23-04_live_round,c6abe590858247adbb3a88511acd7fc6,2026-04-05T03:23:41.447908+00:00,1775359421447908000,175131779502416,175,,,ETF,3304,80,3300.0,-10.0,11.898281125,
12460,market_research_2026-04-04_22-23-04_live_round,c6abe590858247adbb3a88511acd7fc6,2026-04-05T03:23:41.635745+00:00,1775359421635745000,175131967338958,175,,,ETF,3303,40,3295.0,-16.0,12.086117667,
12465,market_research_2026-04-04_22-23-04_live_round,c6abe590858247adbb3a88511acd7fc6,2026-04-05T03:23:41.640599+00:00,1775359421640599000,175131972193291,175,,,ETF,3303,60,3295.5,-15.0,12.090972,
12527,market_research_2026-04-04_22-23-04_live_round,c6abe590858247adbb3a88511acd7fc6,2026-04-05T03:23:41.805789+00:00,1775359421805789000,175132137383916,175,,,ETF,3283,40,3279.0,-8.0,12.256162625,
12532,market_research_2026-04-04_22-23-04_live_round,c6abe590858247adbb3a88511acd7fc6,2026-04-05T03:23:41.810642+00:00,1775359421810642000,175132142236458,175,,,ETF,3283,60,3279.5,-7.0,12.261015167,
12537,market_research_2026-04-04_22-23-04_live_round,c6abe590858247adbb3a88511acd7fc6,2026-04-05T03:23:41.815524+00:00,1775359421815524000,175132147118500,175,,,ETF,3281,40,3279.0,-4.0,12.265897209,
12538,market_research_2026-04-04_22-23-04_live_round,c6abe590858247adbb3a88511acd7fc6,2026-04-05T03:23:41.815613+00:00,1775359421815613000,175132147208166,175,,,ETF,3280,40,3279.0,-4.0,12.265986875,
12544,market_research_2026-04-04_22-23-04_live_round,c6abe590858247adbb3a88511acd7fc6,2026-04-05T03:23:41.821698+00:00,1775359421821698000,175132153293166,175,,,ETF,3280,20,3279.0,-2.0,12.272071875,
12545,market_research_2026-04-04_22-23-04_live_round,c6abe590858247adbb3a88511acd7fc6,2026-04-05T03:23:41.821784+00:00,1775359421821784000,175132153378916,175,,,ETF,3279,80,3279.0,-2.0,12.272157625,
12599,market_research_2026-04-04_22-23-04_live_round,c6abe590858247adbb3a88511acd7fc6,2026-04-05T03:23:42.003193+00:00,1775359422003193000,175132334788541,175,,,ETF,3278,40,3273.0,-10.0,12.45356725,
12604,market_research_2026-04-04_22-23-04_live_round,c6abe590858247adbb3a88511acd7fc6,2026-04-05T03:23:42.008434+00:00,1775359422008434000,175132340029208,175,,,ETF,3278,60,3273.5,-9.0,12.458807917,
12854,market_research_2026-04-04_22-23-04_live_round,c6abe590858247adbb3a88511acd7fc6,2026-04-05T03:23:42.815004+00:00,1775359422815004000,175133146600333,175,,,ETF,3269,40,3266.5,-5.0,13.265379042,
12859,market_research_2026-04-04_22-23-04_live_round,c6abe590858247adbb3a88511acd7fc6,2026-04-05T03:23:42.819987+00:00,1775359422819987000,175133151583416,175,,,ETF,3268,60,3266.5,-3.0,13.270362125,
12864,market_research_2026-04-04_22-23-04_live_round,c6abe590858247adbb3a88511acd7fc6,2026-04-05T03:23:42.825040+00:00,1775359422825040000,175133156636708,175,,,ETF,3267,80,3266.5,-1.0,13.275415417,
12936,market_research_2026-04-04_22-23-04_live_round,c6abe590858247adbb3a88511acd7fc6,2026-04-05T03:23:43.101685+00:00,1775359423101685000,175133433282125,175,,,ETF,3263,40,3262.0,-2.0,13.552060834,
12937,market_research_2026-04-04_22-23-04_live_round,c6abe590858247adbb3a88511acd7fc6,2026-04-05T03:23:43.101789+00:00,1775359423101789000,175133433386333,175,,,ETF,3262,60,3262.0,-2.0,13.552165042,
12938,market_research_2026-04-04_22-23-04_live_round,c6abe590858247adbb3a88511acd7fc6,2026-04-05T03:23:43.101880+00:00,1775359423101880000,175133433477708,175,,,ETF,3261,80,3262.0,-2.0,13.552256417,
13054,market_research_2026-04-04_22-23-04_live_round,c6abe590858247adbb3a88511acd7fc6,2026-04-05T03:23:43.435409+00:00,1775359423435409000,175133767006833,175,,,ETF,3269,40,3270.0,-2.0,13.885785542,
13059,market_research_2026-04-04_22-23-04_live_round,c6abe590858247adbb3a88511acd7fc6,2026-04-05T03:23:43.451050+00:00,1775359423451050000,175133782648291,175,,,ETF,3270,60,3270.0,0.0,13.901427,
13122,market_research_2026-04-04_22-23-04_live_round,c6abe590858247adbb3a88511acd7fc6,2026-04-05T03:23:43.625578+00:00,1775359423625578000,175133957176333,175,,,ETF,3272,40,3275.5,-7.0,14.075955042,
13127,market_research_2026-04-04_22-23-04_live_round,c6abe590858247adbb3a88511acd7fc6,2026-04-05T03:23:43.630559+00:00,1775359423630559000,175133962157125,175,,,ETF,3272,60,3275.0,-6.0,14.080935834,
13132,market_research_2026-04-04_22-23-04_live_round,c6abe590858247adbb3a88511acd7fc6,2026-04-05T03:23:43.636799+00:00,1775359423636799000,175133968397875,175,,,ETF,3277,40,3277.0,0.0,14.087176584,
13191,market_research_2026-04-04_22-23-04_live_round,c6abe590858247adbb3a88511acd7fc6,2026-04-05T03:23:43.812207+00:00,1775359423812207000,175134143805541,175,,,ETF,3280,40,3280.5,-1.0,14.26258425,
13196,market_research_2026-04-04_22-23-04_live_round,c6abe590858247adbb3a88511acd7fc6,2026-04-05T03:23:43.821361+00:00,1775359423821361000,175134152959541,175,,,ETF,3280,60,3280.0,0.0,14.27173825,
13258,market_research_2026-04-04_22-23-04_live_round,c6abe590858247adbb3a88511acd7fc6,2026-04-05T03:23:44.052527+00:00,1775359424052527000,175134384126125,175,,,ETF,3287,40,3288.5,-3.0,14.502904834,
13263,market_research_2026-04-04_22-23-04_live_round,c6abe590858247adbb3a88511acd7fc6,2026-04-05T03:23:44.057656+00:00,1775359424057656000,175134389255375,175,,,ETF,3288,60,3288.5,-1.0,14.508034084,
13268,market_research_2026-04-04_22-23-04_live_round,c6abe590858247adbb3a88511acd7fc6,2026-04-05T03:23:44.062760+00:00,1775359424062760000,175134394359458,175,,,ETF,3288,40,3288.0,0.0,14.513138167,
13269,market_research_2026-04-04_22-23-04_live_round,c6abe590858247adbb3a88511acd7fc6,2026-04-05T03:23:44.062850+00:00,1775359424062850000,175134394449375,175,,,ETF,3288,40,3288.0,0.0,14.513228084,
13454,market_research_2026-04-04_22-23-04_live_round,c6abe590858247adbb3a88511acd7fc6,2026-04-05T03:23:44.622418+00:00,1775359424622418000,175134954018875,175,,,ETF,3295,40,3297.0,-4.0,15.072797584,
13459,market_research_2026-04-04_22-23-04_live_round,c6abe590858247adbb3a88511acd7fc6,2026-04-05T03:23:44.627528+00:00,1775359424627528000,175134959128500,175,,,ETF,3296,60,3297.0,-2.0,15.077907209,
13464,market_research_2026-04-04_22-23-04_live_round,c6abe590858247adbb3a88511acd7fc6,2026-04-05T03:23:44.632599+00:00,1775359424632599000,175134964199458,175,,,ETF,3297,80,3297.0,0.0,15.082978167,
13525,market_research_2026-04-04_22-23-04_live_round,c6abe590858247adbb3a88511acd7fc6,2026-04-05T03:23:44.791370+00:00,1775359424791370000,175135122970791,175,,,ETF,3298,40,3298.5,-1.0,15.2417495,
13530,market_research_2026-04-04_22-23-04_live_round,c6abe590858247adbb3a88511acd7fc6,2026-04-05T03:23:44.797087+00:00,1775359424797087000,175135128688166,175,,,ETF,3298,60,3298.0,0.0,15.247466875,
13592,market_research_2026-04-04_22-23-04_live_round,c6abe590858247adbb3a88511acd7fc6,2026-04-05T03:23:45.158324+00:00,1775359425158324000,175135489925958,175,,,ETF,3297,40,3296.0,-2.0,15.608704667,
13597,market_research_2026-04-04_22-23-04_live_round,c6abe590858247adbb3a88511acd7fc6,2026-04-05T03:23:45.165617+00:00,1775359425165617000,175135497218750,175,,,ETF,3297,40,3296.5,-1.0,15.615997459,
13598,market_research_2026-04-04_22-23-04_live_round,c6abe590858247adbb3a88511acd7fc6,2026-04-05T03:23:45.166229+00:00,1775359425166229000,175135497831208,175,,,ETF,3296,20,3296.5,-1.0,15.616609917,
13722,market_research_2026-04-04_22-23-04_live_round,c6abe590858247adbb3a88511acd7fc6,2026-04-05T03:23:45.425660+00:00,1775359425425660000,175135757262250,175,,,ETF,3298,40,3300.5,-5.0,15.876040959,
13727,market_research_2026-04-04_22-23-04_live_round,c6abe590858247adbb3a88511acd7fc6,2026-04-05T03:23:45.430885+00:00,1775359425430885000,175135762487333,175,,,ETF,3298,60,3300.0,-4.0,15.881266042,
13732,market_research_2026-04-04_22-23-04_live_round,c6abe590858247adbb3a88511acd7fc6,2026-04-05T03:23:45.436079+00:00,1775359425436079000,175135767681083,175,,,ETF,3299,40,3300.0,-2.0,15.886459792,
13733,market_research_2026-04-04_22-23-04_live_round,c6abe590858247adbb3a88511acd7fc6,2026-04-05T03:23:45.436174+00:00,1775359425436174000,175135767776500,175,,,ETF,3300,40,3300.0,-2.0,15.886555209,
13739,market_research_2026-04-04_22-23-04_live_round,c6abe590858247adbb3a88511acd7fc6,2026-04-05T03:23:45.442812+00:00,1775359425442812000,175135774414291,175,,,ETF,3300,20,3300.0,0.0,15.893193,
13986,market_research_2026-04-04_22-23-04_live_round,c6abe590858247adbb3a88511acd7fc6,2026-04-05T03:23:46.245390+00:00,1775359426245390000,175136576993958,175,,,ETF,3301,40,3301.0,0.0,16.695772667,
14052,market_research_2026-04-04_22-23-04_live_round,c6abe590858247adbb3a88511acd7fc6,2026-04-05T03:23:46.425783+00:00,1775359426425783000,175136757387500,175,,,ETF,3304,40,3305.5,-3.0,16.876166209,
14057,market_research_2026-04-04_22-23-04_live_round,c6abe590858247adbb3a88511acd7fc6,2026-04-05T03:23:46.435269+00:00,1775359426435269000,175136766873291,175,,,ETF,3304,60,3305.0,-2.0,16.885652,
14120,market_research_2026-04-04_22-23-04_live_round,c6abe590858247adbb3a88511acd7fc6,2026-04-05T03:23:46.675782+00:00,1775359426675782000,175137007386833,175,,,ETF,3310,40,3312.0,-4.0,17.126165542,
14125,market_research_2026-04-04_22-23-04_live_round,c6abe590858247adbb3a88511acd7fc6,2026-04-05T03:23:46.681161+00:00,1775359426681161000,175137012765708,175,,,ETF,3310,60,3311.5,-3.0,17.131544417,
14187,market_research_2026-04-04_22-23-04_live_round,c6abe590858247adbb3a88511acd7fc6,2026-04-05T03:23:46.877691+00:00,1775359426877691000,175137209296583,175,,,ETF,3316,40,3318.0,-4.0,17.328075292,
14192,market_research_2026-04-04_22-23-04_live_round,c6abe590858247adbb3a88511acd7fc6,2026-04-05T03:23:46.883165+00:00,1775359426883165000,175137214770208,175,,,ETF,3316,60,3317.5,-3.0,17.333548917,
14380,market_research_2026-04-04_22-23-04_live_round,c6abe590858247adbb3a88511acd7fc6,2026-04-05T03:23:47.410237+00:00,1775359427410237000,175137741843833,175,,,ETF,3326,40,3329.0,-6.0,17.860622542,
14385,market_research_2026-04-04_22-23-04_live_round,c6abe590858247adbb3a88511acd7fc6,2026-04-05T03:23:47.415707+00:00,1775359427415707000,175137747313166,175,,,ETF,3327,60,3329.0,-4.0,17.866091875,
14390,market_research_2026-04-04_22-23-04_live_round,c6abe590858247adbb3a88511acd7fc6,2026-04-05T03:23:47.421882+00:00,1775359427421882000,175137753488166,175,,,ETF,3328,80,3329.0,-2.0,17.872266875,
14395,market_research_2026-04-04_22-23-04_live_round,c6abe590858247adbb3a88511acd7fc6,2026-04-05T03:23:47.427325+00:00,1775359427427325000,175137758931416,175,,,ETF,3329,100,3329.0,0.0,17.877710125,
14452,market_research_2026-04-04_22-23-04_live_round,c6abe590858247adbb3a88511acd7fc6,2026-04-05T03:23:47.784244+00:00,1775359427784244000,175138115851416,175,,,ETF,3329,40,3331.5,-5.0,18.234630125,
14457,market_research_2026-04-04_22-23-04_live_round,c6abe590858247adbb3a88511acd7fc6,2026-04-05T03:23:47.791414+00:00,1775359427791414000,175138123020958,175,,,ETF,3329,60,3331.0,-4.0,18.241799667,
14580,market_research_2026-04-04_22-23-04_live_round,c6abe590858247adbb3a88511acd7fc6,2026-04-05T03:23:48.050023+00:00,1775359428050023000,175138381630625,175,,,ETF,3331,40,3330.0,-2.0,18.500409334,
14585,market_research_2026-04-04_22-23-04_live_round,c6abe590858247adbb3a88511acd7fc6,2026-04-05T03:23:48.055572+00:00,1775359428055572000,175138387179333,175,,,ETF,3331,60,3330.5,-1.0,18.505958042,
14590,market_research_2026-04-04_22-23-04_live_round,c6abe590858247adbb3a88511acd7fc6,2026-04-05T03:23:48.061133+00:00,1775359428061133000,175138392740833,175,,,ETF,3331,40,3331.0,0.0,18.511519542,
14781,market_research_2026-04-04_22-23-04_live_round,c6abe590858247adbb3a88511acd7fc6,2026-04-05T03:23:48.659822+00:00,1775359428659822000,175138991431458,175,,,ETF,3320,40,3320.0,0.0,19.110210167,
15038,market_research_2026-04-04_22-23-04_live_round,c6abe590858247adbb3a88511acd7fc6,2026-04-05T03:23:49.493793+00:00,1775359429493793000,175139825404208,175,,,ETF,3319,40,3319.0,0.0,19.944182917,
15111,market_research_2026-04-04_22-23-04_live_round,c6abe590858247adbb3a88511acd7fc6,2026-04-05T03:23:49.656101+00:00,1775359429656101000,175139987711708,175,,,ETF,3322,40,3325.5,-7.0,20.106490417,
15116,market_research_2026-04-04_22-23-04_live_round,c6abe590858247adbb3a88511acd7fc6,2026-04-05T03:23:49.661745+00:00,1775359429661745000,175139993356500,175,,,ETF,3322,60,3325.0,-6.0,20.112135209,
15121,market_research_2026-04-04_22-23-04_live_round,c6abe590858247adbb3a88511acd7fc6,2026-04-05T03:23:49.667384+00:00,1775359429667384000,175139998995208,175,,,ETF,3325,40,3326.0,-2.0,20.117773917,
15122,market_research_2026-04-04_22-23-04_live_round,c6abe590858247adbb3a88511acd7fc6,2026-04-05T03:23:49.667473+00:00,1775359429667473000,175139999084041,175,,,ETF,3326,40,3326.0,-2.0,20.11786275,
15128,market_research_2026-04-04_22-23-04_live_round,c6abe590858247adbb3a88511acd7fc6,2026-04-05T03:23:49.674444+00:00,1775359429674444000,175140006055166,175,,,ETF,3326,20,3326.0,0.0,20.124833875,
15185,market_research_2026-04-04_22-23-04_live_round,c6abe590858247adbb3a88511acd7fc6,2026-04-05T03:23:49.862612+00:00,1775359429862612000,175140194223375,175,,,ETF,3328,40,3330.0,-4.0,20.313002084,
15190,market_research_2026-04-04_22-23-04_live_round,c6abe590858247adbb3a88511acd7fc6,2026-04-05T03:23:49.868213+00:00,1775359429868213000,175140199824291,175,,,ETF,3328,60,3329.5,-3.0,20.318603,
15581,market_research_2026-04-04_22-23-04_live_round,c6abe590858247adbb3a88511acd7fc6,2026-04-05T03:23:51.072269+00:00,1775359431072269000,175141403883500,175,,,ETF,3330,40,3325.0,-10.0,21.522662209,
15586,market_research_2026-04-04_22-23-04_live_round,c6abe590858247adbb3a88511acd7fc6,2026-04-05T03:23:51.080563+00:00,1775359431080563000,175141412176791,175,,,ETF,3329,60,3325.0,-8.0,21.5309555,
15591,market_research_2026-04-04_22-23-04_live_round,c6abe590858247adbb3a88511acd7fc6,2026-04-05T03:23:51.091253+00:00,1775359431091253000,175141422867291,175,,,ETF,3328,80,3325.0,-6.0,21.541646,
15596,market_research_2026-04-04_22-23-04_live_round,c6abe590858247adbb3a88511acd7fc6,2026-04-05T03:23:51.097214+00:00,1775359431097214000,175141428828250,175,,,ETF,3327,100,3325.0,-4.0,21.547606959,
15654,market_research_2026-04-04_22-23-04_live_round,c6abe590858247adbb3a88511acd7fc6,2026-04-05T03:23:51.274719+00:00,1775359431274719000,175141606333291,175,,,ETF,3314,40,3314.0,0.0,21.725112,
15716,market_research_2026-04-04_22-23-04_live_round,c6abe590858247adbb3a88511acd7fc6,2026-04-05T03:23:51.475634+00:00,1775359431475634000,175141807248833,175,,,ETF,3311,40,3306.5,-9.0,21.926027542,
15721,market_research_2026-04-04_22-23-04_live_round,c6abe590858247adbb3a88511acd7fc6,2026-04-05T03:23:51.481491+00:00,1775359431481491000,175141813106208,175,,,ETF,3311,60,3307.0,-8.0,21.931884917,
15726,market_research_2026-04-04_22-23-04_live_round,c6abe590858247adbb3a88511acd7fc6,2026-04-05T03:23:51.487267+00:00,1775359431487267000,175141818881833,175,,,ETF,3308,40,3306.0,-4.0,21.937660542,
15727,market_research_2026-04-04_22-23-04_live_round,c6abe590858247adbb3a88511acd7fc6,2026-04-05T03:23:51.487355+00:00,1775359431487355000,175141818969791,175,,,ETF,3307,40,3306.0,-4.0,21.9377485,
15733,market_research_2026-04-04_22-23-04_live_round,c6abe590858247adbb3a88511acd7fc6,2026-04-05T03:23:51.494648+00:00,1775359431494648000,175141826262625,175,,,ETF,3307,20,3306.0,-2.0,21.945041334,
15734,market_research_2026-04-04_22-23-04_live_round,c6abe590858247adbb3a88511acd7fc6,2026-04-05T03:23:51.494742+00:00,1775359431494742000,175141826356833,175,,,ETF,3306,80,3306.0,-2.0,21.945135542,
15977,market_research_2026-04-04_22-23-04_live_round,c6abe590858247adbb3a88511acd7fc6,2026-04-05T03:23:52.277026+00:00,1775359432277026000,175142608642291,175,,,ETF,3317,40,3317.5,-1.0,22.727421,
16107,market_research_2026-04-04_22-23-04_live_round,c6abe590858247adbb3a88511acd7fc6,2026-04-05T03:23:52.643593+00:00,1775359432643593000,175142975210041,175,,,ETF,3315,40,3315.0,0.0,23.09398875,
16300,market_research_2026-04-04_22-23-04_live_round,c6abe590858247adbb3a88511acd7fc6,2026-04-05T03:23:53.286275+00:00,1775359433286275000,175143617893583,175,,,ETF,3311,40,3313.0,-4.0,23.736672292,
16305,market_research_2026-04-04_22-23-04_live_round,c6abe590858247adbb3a88511acd7fc6,2026-04-05T03:23:53.292243+00:00,1775359433292243000,175143623861750,175,,,ETF,3312,60,3313.0,-2.0,23.742640459,
16310,market_research_2026-04-04_22-23-04_live_round,c6abe590858247adbb3a88511acd7fc6,2026-04-05T03:23:53.298218+00:00,1775359433298218000,175143629836625,175,,,ETF,3313,80,3313.0,0.0,23.748615334,
16370,market_research_2026-04-04_22-23-04_live_round,c6abe590858247adbb3a88511acd7fc6,2026-04-05T03:23:53.507445+00:00,1775359433507445000,175143839064166,175,,,ETF,3314,40,3320.5,-13.0,23.957842875,
16375,market_research_2026-04-04_22-23-04_live_round,c6abe590858247adbb3a88511acd7fc6,2026-04-05T03:23:53.513918+00:00,1775359433513918000,175143845536708,175,,,ETF,3314,60,3320.0,-12.0,23.964315417,
16380,market_research_2026-04-04_22-23-04_live_round,c6abe590858247adbb3a88511acd7fc6,2026-04-05T03:23:53.519967+00:00,1775359433519967000,175143851586250,175,,,ETF,3321,40,3323.0,-4.0,23.970364959,
16381,market_research_2026-04-04_22-23-04_live_round,c6abe590858247adbb3a88511acd7fc6,2026-04-05T03:23:53.520059+00:00,1775359433520059000,175143851677750,175,,,ETF,3322,40,3323.0,-4.0,23.970456459,
16387,market_research_2026-04-04_22-23-04_live_round,c6abe590858247adbb3a88511acd7fc6,2026-04-05T03:23:53.527660+00:00,1775359433527660000,175143859279291,175,,,ETF,3322,20,3323.0,-2.0,23.978058,
16388,market_research_2026-04-04_22-23-04_live_round,c6abe590858247adbb3a88511acd7fc6,2026-04-05T03:23:53.527749+00:00,1775359433527749000,175143859368041,175,,,ETF,3323,80,3323.0,-2.0,23.97814675,
16395,market_research_2026-04-04_22-23-04_live_round,c6abe590858247adbb3a88511acd7fc6,2026-04-05T03:23:53.537672+00:00,1775359433537672000,175143869291375,175,,,ETF,3324,100,3324.5,-1.0,23.988070084,
16636,market_research_2026-04-04_22-23-04_live_round,c6abe590858247adbb3a88511acd7fc6,2026-04-05T03:23:54.261461+00:00,1775359434261461000,175144593081583,175,,,ETF,3315,40,3314.5,-1.0,24.711860292,
16641,market_research_2026-04-04_22-23-04_live_round,c6abe590858247adbb3a88511acd7fc6,2026-04-05T03:23:54.273486+00:00,1775359434273486000,175144605106666,175,,,ETF,3315,60,3315.0,0.0,24.723885375,
16704,market_research_2026-04-04_22-23-04_live_round,c6abe590858247adbb3a88511acd7fc6,2026-04-05T03:23:54.586254+00:00,1775359434586254000,175144917875625,175,,,ETF,3316,40,3318.5,-5.0,25.036654334,
16709,market_research_2026-04-04_22-23-04_live_round,c6abe590858247adbb3a88511acd7fc6,2026-04-05T03:23:54.594971+00:00,1775359434594971000,175144926592500,175,,,ETF,3316,40,3318.0,-4.0,25.045371209,
16710,market_research_2026-04-04_22-23-04_live_round,c6abe590858247adbb3a88511acd7fc6,2026-04-05T03:23:54.595064+00:00,1775359434595064000,175144926685458,175,,,ETF,3317,20,3318.0,-4.0,25.045464167,
16716,market_research_2026-04-04_22-23-04_live_round,c6abe590858247adbb3a88511acd7fc6,2026-04-05T03:23:54.605293+00:00,1775359434605293000,175144936914250,175,,,ETF,3317,80,3318.0,-2.0,25.055692959,
17118,market_research_2026-04-04_22-23-04_live_round,c6abe590858247adbb3a88511acd7fc6,2026-04-05T03:23:55.790121+00:00,1775359435790121000,175146121744666,175,,,ETF,3331,40,3326.5,-9.0,26.240523375,
17119,market_research_2026-04-04_22-23-04_live_round,c6abe590858247adbb3a88511acd7fc6,2026-04-05T03:23:55.790236+00:00,1775359435790236000,175146121860291,175,,,ETF,3330,60,3326.5,-9.0,26.240639,
17120,market_research_2026-04-04_22-23-04_live_round,c6abe590858247adbb3a88511acd7fc6,2026-04-05T03:23:55.790327+00:00,1775359435790327000,175146121951000,175,,,ETF,3330,100,3326.5,-9.0,26.240729709,
17234,market_research_2026-04-04_22-23-04_live_round,c6abe590858247adbb3a88511acd7fc6,2026-04-05T03:23:56.135379+00:00,1775359436135379000,175146467003750,175,,,ETF,3330,40,3332.5,-5.0,26.585782459,
17239,market_research_2026-04-04_22-23-04_live_round,c6abe590858247adbb3a88511acd7fc6,2026-04-05T03:23:56.141660+00:00,1775359436141660000,175146473284916,175,,,ETF,3331,60,3332.5,-3.0,26.592063625,
17244,market_research_2026-04-04_22-23-04_live_round,c6abe590858247adbb3a88511acd7fc6,2026-04-05T03:23:56.147913+00:00,1775359436147913000,175146479537958,175,,,ETF,3332,80,3332.5,-1.0,26.598316667,
17305,market_research_2026-04-04_22-23-04_live_round,c6abe590858247adbb3a88511acd7fc6,2026-04-05T03:23:56.327896+00:00,1775359436327896000,175146659521083,175,,,ETF,3332,40,3332.0,0.0,26.778299792,
17560,market_research_2026-04-04_22-23-04_live_round,c6abe590858247adbb3a88511acd7fc6,2026-04-05T03:23:57.221787+00:00,1775359437221787000,175147553413500,175,,,ETF,3332,40,3330.0,-4.0,27.672192209,
17565,market_research_2026-04-04_22-23-04_live_round,c6abe590858247adbb3a88511acd7fc6,2026-04-05T03:23:57.229521+00:00,1775359437229521000,175147561147875,175,,,ETF,3331,60,3330.0,-2.0,27.679926584,
17570,market_research_2026-04-04_22-23-04_live_round,c6abe590858247adbb3a88511acd7fc6,2026-04-05T03:23:57.237966+00:00,1775359437237966000,175147569592875,175,,,ETF,3331,80,3330.5,-1.0,27.688371584,
17575,market_research_2026-04-04_22-23-04_live_round,c6abe590858247adbb3a88511acd7fc6,2026-04-05T03:23:57.246452+00:00,1775359437246452000,175147578079416,175,,,ETF,3331,20,3331.0,0.0,27.696858125,
17633,market_research_2026-04-04_22-23-04_live_round,c6abe590858247adbb3a88511acd7fc6,2026-04-05T03:23:57.364605+00:00,1775359437364605000,175147696231833,175,,,ETF,3329,40,3322.5,-13.0,27.815010542,
17638,market_research_2026-04-04_22-23-04_live_round,c6abe590858247adbb3a88511acd7fc6,2026-04-05T03:23:57.371846+00:00,1775359437371846000,175147703473041,175,,,ETF,3329,60,3323.0,-12.0,27.82225175,
17643,market_research_2026-04-04_22-23-04_live_round,c6abe590858247adbb3a88511acd7fc6,2026-04-05T03:23:57.378241+00:00,1775359437378241000,175147709868375,175,,,ETF,3322,40,3320.0,-4.0,27.828647084,
17644,market_research_2026-04-04_22-23-04_live_round,c6abe590858247adbb3a88511acd7fc6,2026-04-05T03:23:57.378327+00:00,1775359437378327000,175147709954583,175,,,ETF,3321,40,3320.0,-4.0,27.828733292,
17650,market_research_2026-04-04_22-23-04_live_round,c6abe590858247adbb3a88511acd7fc6,2026-04-05T03:23:57.389062+00:00,1775359437389062000,175147720688708,175,,,ETF,3321,20,3320.0,-2.0,27.839467417,
17651,market_research_2026-04-04_22-23-04_live_round,c6abe590858247adbb3a88511acd7fc6,2026-04-05T03:23:57.389160+00:00,1775359437389160000,175147720787083,175,,,ETF,3320,80,3320.0,-2.0,27.839565792,
17706,market_research_2026-04-04_22-23-04_live_round,c6abe590858247adbb3a88511acd7fc6,2026-04-05T03:23:57.522866+00:00,1775359437522866000,175147854493958,175,,,ETF,3319,40,3317.5,-3.0,27.973272667,
17711,market_research_2026-04-04_22-23-04_live_round,c6abe590858247adbb3a88511acd7fc6,2026-04-05T03:23:57.529329+00:00,1775359437529329000,175147860956333,175,,,ETF,3319,60,3318.0,-2.0,27.979735042,
17771,market_research_2026-04-04_22-23-04_live_round,c6abe590858247adbb3a88511acd7fc6,2026-04-05T03:23:57.718544+00:00,1775359437718544000,175148050172000,175,,,ETF,3318,40,3318.5,-1.0,28.168950709,
17776,market_research_2026-04-04_22-23-04_live_round,c6abe590858247adbb3a88511acd7fc6,2026-04-05T03:23:57.724960+00:00,1775359437724960000,175148056588000,175,,,ETF,3318,40,3318.0,0.0,28.175366709,
17838,market_research_2026-04-04_22-23-04_live_round,c6abe590858247adbb3a88511acd7fc6,2026-04-05T03:23:57.893350+00:00,1775359437893350000,175148224978000,175,,,ETF,3318,20,3317.5,-1.0,28.343756709,
17839,market_research_2026-04-04_22-23-04_live_round,c6abe590858247adbb3a88511acd7fc6,2026-04-05T03:23:57.893444+00:00,1775359437893444000,175148225072125,175,,,ETF,3317,20,3317.5,-1.0,28.343850834,
17970,market_research_2026-04-04_22-23-04_live_round,c6abe590858247adbb3a88511acd7fc6,2026-04-05T03:23:58.330214+00:00,1775359438330214000,175148661843625,175,,,ETF,3311,40,3309.0,-4.0,28.780622334,
17975,market_research_2026-04-04_22-23-04_live_round,c6abe590858247adbb3a88511acd7fc6,2026-04-05T03:23:58.336893+00:00,1775359438336893000,175148668522250,175,,,ETF,3310,60,3309.0,-2.0,28.787300959,
17980,market_research_2026-04-04_22-23-04_live_round,c6abe590858247adbb3a88511acd7fc6,2026-04-05T03:23:58.343469+00:00,1775359438343469000,175148675097708,175,,,ETF,3309,80,3309.0,0.0,28.793876417,
18100,market_research_2026-04-04_22-23-04_live_round,c6abe590858247adbb3a88511acd7fc6,2026-04-05T03:23:58.756321+00:00,1775359438756321000,175149087950875,175,,,ETF,3309,40,3310.0,-2.0,29.206729584,
18105,market_research_2026-04-04_22-23-04_live_round,c6abe590858247adbb3a88511acd7fc6,2026-04-05T03:23:58.763039+00:00,1775359438763039000,175149094669500,175,,,ETF,3310,60,3310.0,0.0,29.213448209,
18169,market_research_2026-04-04_22-23-04_live_round,c6abe590858247adbb3a88511acd7fc6,2026-04-05T03:23:58.951196+00:00,1775359438951196000,175149282826166,175,,,ETF,3312,40,3315.0,-6.0,29.401604875,
18174,market_research_2026-04-04_22-23-04_live_round,c6abe590858247adbb3a88511acd7fc6,2026-04-05T03:23:58.958028+00:00,1775359438958028000,175149289658000,175,,,ETF,3312,60,3314.5,-5.0,29.408436709,
18426,market_research_2026-04-04_22-23-04_live_round,c6abe590858247adbb3a88511acd7fc6,2026-04-05T03:23:59.879556+00:00,1775359439879556000,175150211188291,175,,,ETF,3318,40,3318.5,-1.0,30.329967,
19004,market_research_2026-04-04_22-23-04_live_round,c6abe590858247adbb3a88511acd7fc6,2026-04-05T03:24:01.580554+00:00,1775359441580554000,175151912190416,300,,,ETF,3324,40,3322.5,-3.0,1.649810625,
19009,market_research_2026-04-04_22-23-04_live_round,c6abe590858247adbb3a88511acd7fc6,2026-04-05T03:24:01.587805+00:00,1775359441587805000,175151919441291,300,,,ETF,3323,60,3322.5,-1.0,1.6570615,
19072,market_research_2026-04-04_22-23-04_live_round,c6abe590858247adbb3a88511acd7fc6,2026-04-05T03:24:01.760225+00:00,1775359441760225000,175152091861125,300,,,ETF,3321,40,3320.5,-1.0,1.829481334,
19077,market_research_2026-04-04_22-23-04_live_round,c6abe590858247adbb3a88511acd7fc6,2026-04-05T03:24:01.767231+00:00,1775359441767231000,175152098867333,300,,,ETF,3321,60,3321.0,0.0,1.836487542,
19201,market_research_2026-04-04_22-23-04_live_round,c6abe590858247adbb3a88511acd7fc6,2026-04-05T03:24:02.138648+00:00,1775359442138648000,175152470285166,300,,,ETF,3314,40,3314.0,0.0,2.207905375,
19269,market_research_2026-04-04_22-23-04_live_round,c6abe590858247adbb3a88511acd7fc6,2026-04-05T03:24:02.782909+00:00,1775359442782909000,175153114547791,300,,,ETF,3311,40,3304.5,-13.0,2.852168,
19274,market_research_2026-04-04_22-23-04_live_round,c6abe590858247adbb3a88511acd7fc6,2026-04-05T03:24:02.790293+00:00,1775359442790293000,175153121931291,300,,,ETF,3311,60,3305.0,-12.0,2.8595515,
19279,market_research_2026-04-04_22-23-04_live_round,c6abe590858247adbb3a88511acd7fc6,2026-04-05T03:24:02.799110+00:00,1775359442799110000,175153130748291,300,,,ETF,3308,40,3304.0,-8.0,2.8683685,
19280,market_research_2026-04-04_22-23-04_live_round,c6abe590858247adbb3a88511acd7fc6,2026-04-05T03:24:02.799200+00:00,1775359442799200000,175153130839041,300,,,ETF,3307,40,3304.0,-8.0,2.86845925,
19286,market_research_2026-04-04_22-23-04_live_round,c6abe590858247adbb3a88511acd7fc6,2026-04-05T03:24:02.813928+00:00,1775359442813928000,175153145566458,300,,,ETF,3307,20,3304.0,-6.0,2.883186667,
19287,market_research_2026-04-04_22-23-04_live_round,c6abe590858247adbb3a88511acd7fc6,2026-04-05T03:24:02.814698+00:00,1775359442814698000,175153146336333,300,,,ETF,3306,80,3304.0,-6.0,2.883956542,
19343,market_research_2026-04-04_22-23-04_live_round,c6abe590858247adbb3a88511acd7fc6,2026-04-05T03:24:02.973005+00:00,1775359442973005000,175153304643458,300,,,ETF,3305,40,3303.0,-4.0,3.042263667,
19348,market_research_2026-04-04_22-23-04_live_round,c6abe590858247adbb3a88511acd7fc6,2026-04-05T03:24:02.980132+00:00,1775359442980132000,175153311770416,300,,,ETF,3305,60,3303.5,-3.0,3.049390625,
19470,market_research_2026-04-04_22-23-04_live_round,c6abe590858247adbb3a88511acd7fc6,2026-04-05T03:24:03.285989+00:00,1775359443285989000,175153617628500,300,,,ETF,3294,40,3291.0,-6.0,3.355248709,
19475,market_research_2026-04-04_22-23-04_live_round,c6abe590858247adbb3a88511acd7fc6,2026-04-05T03:24:03.296967+00:00,1775359443296967000,175153628606291,300,,,ETF,3293,60,3291.0,-4.0,3.3662265,
19480,market_research_2026-04-04_22-23-04_live_round,c6abe590858247adbb3a88511acd7fc6,2026-04-05T03:24:03.307033+00:00,1775359443307033000,175153638672333,300,,,ETF,3292,80,3291.0,-2.0,3.376292542,
19485,market_research_2026-04-04_22-23-04_live_round,c6abe590858247adbb3a88511acd7fc6,2026-04-05T03:24:03.318224+00:00,1775359443318224000,175153649863583,300,,,ETF,3292,100,3291.5,-1.0,3.387483792,
19602,market_research_2026-04-04_22-23-04_live_round,c6abe590858247adbb3a88511acd7fc6,2026-04-05T03:24:03.631337+00:00,1775359443631337000,175153962977125,300,,,ETF,3296,40,3296.5,-1.0,3.700597334,
19668,market_research_2026-04-04_22-23-04_live_round,c6abe590858247adbb3a88511acd7fc6,2026-04-05T03:24:03.820458+00:00,1775359443820458000,175154152098666,300,,,ETF,3296,40,3295.0,-2.0,3.889718875,
19673,market_research_2026-04-04_22-23-04_live_round,c6abe590858247adbb3a88511acd7fc6,2026-04-05T03:24:03.827874+00:00,1775359443827874000,175154159514916,300,,,ETF,3296,20,3295.5,-1.0,3.897135125,
19674,market_research_2026-04-04_22-23-04_live_round,c6abe590858247adbb3a88511acd7fc6,2026-04-05T03:24:03.827980+00:00,1775359443827980000,175154159620583,300,,,ETF,3295,40,3295.5,-1.0,3.897240792,
19738,market_research_2026-04-04_22-23-04_live_round,c6abe590858247adbb3a88511acd7fc6,2026-04-05T03:24:04.013448+00:00,1775359444013448000,175154345089416,300,,,ETF,3294,40,3290.5,-7.0,4.082709625,
19743,market_research_2026-04-04_22-23-04_live_round,c6abe590858247adbb3a88511acd7fc6,2026-04-05T03:24:04.024061+00:00,1775359444024061000,175154355701625,300,,,ETF,3294,60,3291.0,-6.0,4.093321834,
19805,market_research_2026-04-04_22-23-04_live_round,c6abe590858247adbb3a88511acd7fc6,2026-04-05T03:24:04.190405+00:00,1775359444190405000,175154522046541,300,,,ETF,3285,40,3282.5,-5.0,4.25966675,
19810,market_research_2026-04-04_22-23-04_live_round,c6abe590858247adbb3a88511acd7fc6,2026-04-05T03:24:04.197452+00:00,1775359444197452000,175154529093750,300,,,ETF,3285,60,3283.0,-4.0,4.266713959,
19872,market_research_2026-04-04_22-23-04_live_round,c6abe590858247adbb3a88511acd7fc6,2026-04-05T03:24:04.375152+00:00,1775359444375152000,175154706794208,300,,,ETF,3278,40,3277.5,-1.0,4.444414417,
19877,market_research_2026-04-04_22-23-04_live_round,c6abe590858247adbb3a88511acd7fc6,2026-04-05T03:24:04.382406+00:00,1775359444382406000,175154714048125,300,,,ETF,3278,60,3278.0,0.0,4.451668334,
20008,market_research_2026-04-04_22-23-04_live_round,c6abe590858247adbb3a88511acd7fc6,2026-04-05T03:24:04.695726+00:00,1775359444695726000,175155027368500,300,,,ETF,3272,40,3270.5,-3.0,4.764988709,
20013,market_research_2026-04-04_22-23-04_live_round,c6abe590858247adbb3a88511acd7fc6,2026-04-05T03:24:04.703704+00:00,1775359444703704000,175155035346333,300,,,ETF,3271,60,3270.5,-1.0,4.772966542,
20202,market_research_2026-04-04_22-23-04_live_round,c6abe590858247adbb3a88511acd7fc6,2026-04-05T03:24:05.282212+00:00,1775359445282212000,175155613855833,300,,,ETF,3269,40,3265.5,-7.0,5.351476042,
20207,market_research_2026-04-04_22-23-04_live_round,c6abe590858247adbb3a88511acd7fc6,2026-04-05T03:24:05.298008+00:00,1775359445298008000,175155629651708,300,,,ETF,3268,60,3265.5,-5.0,5.367271917,
20212,market_research_2026-04-04_22-23-04_live_round,c6abe590858247adbb3a88511acd7fc6,2026-04-05T03:24:05.316702+00:00,1775359445316702000,175155648345708,300,,,ETF,3267,80,3265.5,-3.0,5.385965917,
20217,market_research_2026-04-04_22-23-04_live_round,c6abe590858247adbb3a88511acd7fc6,2026-04-05T03:24:05.335165+00:00,1775359445335165000,175155666808458,300,,,ETF,3266,100,3265.5,-1.0,5.404428667,
20334,market_research_2026-04-04_22-23-04_live_round,c6abe590858247adbb3a88511acd7fc6,2026-04-05T03:24:05.666503+00:00,1775359445666503000,175155998137458,300,,,ETF,3278,40,3278.0,0.0,5.735757667,
20399,market_research_2026-04-04_22-23-04_live_round,c6abe590858247adbb3a88511acd7fc6,2026-04-05T03:24:05.832880+00:00,1775359445832880000,175156164524500,300,,,ETF,3281,40,3282.0,-2.0,5.902144709,
20404,market_research_2026-04-04_22-23-04_live_round,c6abe590858247adbb3a88511acd7fc6,2026-04-05T03:24:05.841331+00:00,1775359445841331000,175156172976000,300,,,ETF,3281,60,3281.5,-1.0,5.910596209,
20467,market_research_2026-04-04_22-23-04_live_round,c6abe590858247adbb3a88511acd7fc6,2026-04-05T03:24:06.033801+00:00,1775359446033801000,175156365446500,300,,,ETF,3287,40,3288.0,-2.0,6.103066709,
20472,market_research_2026-04-04_22-23-04_live_round,c6abe590858247adbb3a88511acd7fc6,2026-04-05T03:24:06.045718+00:00,1775359446045718000,175156377363416,300,,,ETF,3287,60,3287.5,-1.0,6.114983625,
20535,market_research_2026-04-04_22-23-04_live_round,c6abe590858247adbb3a88511acd7fc6,2026-04-05T03:24:06.219680+00:00,1775359446219680000,175156551325708,300,,,ETF,3287,40,3286.0,-2.0,6.288945917,
20540,market_research_2026-04-04_22-23-04_live_round,c6abe590858247adbb3a88511acd7fc6,2026-04-05T03:24:06.227817+00:00,1775359446227817000,175156559463041,300,,,ETF,3287,40,3286.5,-1.0,6.29708325,
20541,market_research_2026-04-04_22-23-04_live_round,c6abe590858247adbb3a88511acd7fc6,2026-04-05T03:24:06.227913+00:00,1775359446227913000,175156559559041,300,,,ETF,3286,20,3286.5,-1.0,6.29717925,
20604,market_research_2026-04-04_22-23-04_live_round,c6abe590858247adbb3a88511acd7fc6,2026-04-05T03:24:06.453394+00:00,1775359446453394000,175156785039416,300,,,ETF,3286,40,3283.5,-5.0,6.522659625,
20609,market_research_2026-04-04_22-23-04_live_round,c6abe590858247adbb3a88511acd7fc6,2026-04-05T03:24:06.462870+00:00,1775359446462870000,175156794515541,300,,,ETF,3286,40,3284.0,-4.0,6.53213575,
20670,market_research_2026-04-04_22-23-04_live_round,c6abe590858247adbb3a88511acd7fc6,2026-04-05T03:24:06.668186+00:00,1775359446668186000,175156999832583,300,,,ETF,3282,20,3283.0,-2.0,6.737452792,
20671,market_research_2026-04-04_22-23-04_live_round,c6abe590858247adbb3a88511acd7fc6,2026-04-05T03:24:06.669381+00:00,1775359446669381000,175157001027375,300,,,ETF,3283,20,3283.0,-2.0,6.738647584,
20677,market_research_2026-04-04_22-23-04_live_round,c6abe590858247adbb3a88511acd7fc6,2026-04-05T03:24:06.684895+00:00,1775359446684895000,175157016541291,300,,,ETF,3283,60,3283.0,0.0,6.7541615,
20802,market_research_2026-04-04_22-23-04_live_round,c6abe590858247adbb3a88511acd7fc6,2026-04-05T03:24:07.056856+00:00,1775359447056856000,175157388503375,300,,,ETF,3281,40,3280.5,-1.0,7.126123584,
20807,market_research_2026-04-04_22-23-04_live_round,c6abe590858247adbb3a88511acd7fc6,2026-04-05T03:24:07.069238+00:00,1775359447069238000,175157400885458,300,,,ETF,3281,60,3281.0,0.0,7.138505667,
20933,market_research_2026-04-04_22-23-04_live_round,c6abe590858247adbb3a88511acd7fc6,2026-04-05T03:24:07.370584+00:00,1775359447370584000,175157702232208,300,,,ETF,3277,40,3275.0,-4.0,7.439852417,
20938,market_research_2026-04-04_22-23-04_live_round,c6abe590858247adbb3a88511acd7fc6,2026-04-05T03:24:07.378155+00:00,1775359447378155000,175157709803166,300,,,ETF,3276,60,3275.0,-2.0,7.447423375,
20943,market_research_2026-04-04_22-23-04_live_round,c6abe590858247adbb3a88511acd7fc6,2026-04-05T03:24:07.385688+00:00,1775359447385688000,175157717336291,300,,,ETF,3275,80,3275.0,0.0,7.4549565,
21007,market_research_2026-04-04_22-23-04_live_round,c6abe590858247adbb3a88511acd7fc6,2026-04-05T03:24:07.546025+00:00,1775359447546025000,175157877673250,300,,,ETF,3274,40,3269.0,-10.0,7.615293459,
21012,market_research_2026-04-04_22-23-04_live_round,c6abe590858247adbb3a88511acd7fc6,2026-04-05T03:24:07.553637+00:00,1775359447553637000,175157885284833,300,,,ETF,3274,60,3269.5,-9.0,7.622905042,
21017,market_research_2026-04-04_22-23-04_live_round,c6abe590858247adbb3a88511acd7fc6,2026-04-05T03:24:07.565306+00:00,1775359447565306000,175157896954208,300,,,ETF,3267,40,3266.5,-1.0,7.634574417,
21018,market_research_2026-04-04_22-23-04_live_round,c6abe590858247adbb3a88511acd7fc6,2026-04-05T03:24:07.565412+00:00,1775359447565412000,175157897060208,300,,,ETF,3266,40,3266.5,-1.0,7.634680417,
21138,market_research_2026-04-04_22-23-04_live_round,c6abe590858247adbb3a88511acd7fc6,2026-04-05T03:24:08.092708+00:00,1775359448092708000,175158424357541,300,,,ETF,3265,40,3264.5,-1.0,8.16197775,
21204,market_research_2026-04-04_22-23-04_live_round,c6abe590858247adbb3a88511acd7fc6,2026-04-05T03:24:08.321636+00:00,1775359448321636000,175158653285541,300,,,ETF,3262,40,3261.5,-1.0,8.39090575,
21209,market_research_2026-04-04_22-23-04_live_round,c6abe590858247adbb3a88511acd7fc6,2026-04-05T03:24:08.333771+00:00,1775359448333771000,175158665420916,300,,,ETF,3262,60,3262.0,0.0,8.403041125,
21272,market_research_2026-04-04_22-23-04_live_round,c6abe590858247adbb3a88511acd7fc6,2026-04-05T03:24:08.532579+00:00,1775359448532579000,175158864229583,300,,,ETF,3255,40,3251.5,-7.0,8.601849792,
21277,market_research_2026-04-04_22-23-04_live_round,c6abe590858247adbb3a88511acd7fc6,2026-04-05T03:24:08.545604+00:00,1775359448545604000,175158877254125,300,,,ETF,3255,60,3252.0,-6.0,8.614874334,
21282,market_research_2026-04-04_22-23-04_live_round,c6abe590858247adbb3a88511acd7fc6,2026-04-05T03:24:08.559717+00:00,1775359448559717000,175158891367625,300,,,ETF,3255,40,3252.5,-5.0,8.628987834,
21283,market_research_2026-04-04_22-23-04_live_round,c6abe590858247adbb3a88511acd7fc6,2026-04-05T03:24:08.559823+00:00,1775359448559823000,175158891474000,300,,,ETF,3254,40,3252.5,-5.0,8.629094209,
21289,market_research_2026-04-04_22-23-04_live_round,c6abe590858247adbb3a88511acd7fc6,2026-04-05T03:24:08.578464+00:00,1775359448578464000,175158910113666,300,,,ETF,3254,20,3252.5,-3.0,8.647733875,
21290,market_research_2026-04-04_22-23-04_live_round,c6abe590858247adbb3a88511acd7fc6,2026-04-05T03:24:08.579762+00:00,1775359448579762000,175158911412375,300,,,ETF,3253,80,3252.5,-3.0,8.649032584,
21346,market_research_2026-04-04_22-23-04_live_round,c6abe590858247adbb3a88511acd7fc6,2026-04-05T03:24:08.767572+00:00,1775359448767572000,175159099222541,300,,,ETF,3252,40,3252.0,0.0,8.83684275,
21409,market_research_2026-04-04_22-23-04_live_round,c6abe590858247adbb3a88511acd7fc6,2026-04-05T03:24:08.961571+00:00,1775359448961571000,175159293222458,300,,,ETF,3253,40,3254.0,-2.0,9.030842667,
21414,market_research_2026-04-04_22-23-04_live_round,c6abe590858247adbb3a88511acd7fc6,2026-04-05T03:24:08.972544+00:00,1775359448972544000,175159304195291,300,,,ETF,3253,20,3253.5,-1.0,9.0418155,
21415,market_research_2026-04-04_22-23-04_live_round,c6abe590858247adbb3a88511acd7fc6,2026-04-05T03:24:08.972753+00:00,1775359448972753000,175159304403625,300,,,ETF,3254,40,3253.5,-1.0,9.042023834,
21543,market_research_2026-04-04_22-23-04_live_round,c6abe590858247adbb3a88511acd7fc6,2026-04-05T03:24:09.419314+00:00,1775359449419314000,175159750966500,300,,,ETF,3252,40,3249.5,-5.0,9.488586709,
21548,market_research_2026-04-04_22-23-04_live_round,c6abe590858247adbb3a88511acd7fc6,2026-04-05T03:24:09.429774+00:00,1775359449429774000,175159761426375,300,,,ETF,3252,60,3250.0,-4.0,9.499046584,
21553,market_research_2026-04-04_22-23-04_live_round,c6abe590858247adbb3a88511acd7fc6,2026-04-05T03:24:09.439275+00:00,1775359449439275000,175159770927125,300,,,ETF,3251,40,3250.0,-2.0,9.508547334,
21554,market_research_2026-04-04_22-23-04_live_round,c6abe590858247adbb3a88511acd7fc6,2026-04-05T03:24:09.439368+00:00,1775359449439368000,175159771020250,300,,,ETF,3250,40,3250.0,-2.0,9.508640459,
21560,market_research_2026-04-04_22-23-04_live_round,c6abe590858247adbb3a88511acd7fc6,2026-04-05T03:24:09.452405+00:00,1775359449452405000,175159784057333,300,,,ETF,3250,20,3250.0,0.0,9.521677542,
21618,market_research_2026-04-04_22-23-04_live_round,c6abe590858247adbb3a88511acd7fc6,2026-04-05T03:24:09.662163+00:00,1775359449662163000,175159993815208,300,,,ETF,3248,40,3248.0,0.0,9.731435417,
21744,market_research_2026-04-04_22-23-04_live_round,c6abe590858247adbb3a88511acd7fc6,2026-04-05T03:24:10.062846+00:00,1775359450062846000,175160394499333,300,,,ETF,3248,40,3248.0,0.0,10.132119542,
21811,market_research_2026-04-04_22-23-04_live_round,c6abe590858247adbb3a88511acd7fc6,2026-04-05T03:24:10.261245+00:00,1775359450261245000,175160592899375,300,,,ETF,3247,40,3246.5,-1.0,10.330519584,
21816,market_research_2026-04-04_22-23-04_live_round,c6abe590858247adbb3a88511acd7fc6,2026-04-05T03:24:10.273204+00:00,1775359450273204000,175160604857375,300,,,ETF,3247,20,3247.0,0.0,10.342477584,
22010,market_research_2026-04-04_22-23-04_live_round,c6abe590858247adbb3a88511acd7fc6,2026-04-05T03:24:10.892155+00:00,1775359450892155000,175161223809916,300,,,ETF,3238,40,3231.5,-13.0,10.961430125,
22015,market_research_2026-04-04_22-23-04_live_round,c6abe590858247adbb3a88511acd7fc6,2026-04-05T03:24:10.905704+00:00,1775359450905704000,175161237359458,300,,,ETF,3238,60,3232.0,-12.0,10.974979667,
22020,market_research_2026-04-04_22-23-04_live_round,c6abe590858247adbb3a88511acd7fc6,2026-04-05T03:24:10.922131+00:00,1775359450922131000,175161253786583,300,,,ETF,3236,40,3231.5,-9.0,10.991406792,
22021,market_research_2026-04-04_22-23-04_live_round,c6abe590858247adbb3a88511acd7fc6,2026-04-05T03:24:10.923159+00:00,1775359450923159000,175161254814208,300,,,ETF,3235,40,3231.5,-9.0,10.992434417,
22027,market_research_2026-04-04_22-23-04_live_round,c6abe590858247adbb3a88511acd7fc6,2026-04-05T03:24:10.940930+00:00,1775359450940930000,175161272585041,300,,,ETF,3235,20,3231.5,-7.0,11.01020525,
22028,market_research_2026-04-04_22-23-04_live_round,c6abe590858247adbb3a88511acd7fc6,2026-04-05T03:24:10.941131+00:00,1775359450941131000,175161272786583,300,,,ETF,3234,80,3231.5,-7.0,11.010406792,
22087,market_research_2026-04-04_22-23-04_live_round,c6abe590858247adbb3a88511acd7fc6,2026-04-05T03:24:11.113357+00:00,1775359451113357000,175161445012833,300,,,ETF,3233,40,3229.0,-8.0,11.182633042,
22092,market_research_2026-04-04_22-23-04_live_round,c6abe590858247adbb3a88511acd7fc6,2026-04-05T03:24:11.126307+00:00,1775359451126307000,175161457963250,300,,,ETF,3233,60,3229.5,-7.0,11.195583459,
22213,market_research_2026-04-04_22-23-04_live_round,c6abe590858247adbb3a88511acd7fc6,2026-04-05T03:24:11.480927+00:00,1775359451480927000,175161812583625,300,,,ETF,3225,40,3231.5,-13.0,11.550203834,
22218,market_research_2026-04-04_22-23-04_live_round,c6abe590858247adbb3a88511acd7fc6,2026-04-05T03:24:11.495132+00:00,1775359451495132000,175161826787833,300,,,ETF,3226,60,3231.5,-11.0,11.564408042,
22223,market_research_2026-04-04_22-23-04_live_round,c6abe590858247adbb3a88511acd7fc6,2026-04-05T03:24:11.505725+00:00,1775359451505725000,175161837381291,300,,,ETF,3227,80,3231.5,-9.0,11.5750015,
22228,market_research_2026-04-04_22-23-04_live_round,c6abe590858247adbb3a88511acd7fc6,2026-04-05T03:24:11.517530+00:00,1775359451517530000,175161849186458,300,,,ETF,3228,100,3231.5,-7.0,11.586806667,
22285,market_research_2026-04-04_22-23-04_live_round,c6abe590858247adbb3a88511acd7fc6,2026-04-05T03:24:11.678373+00:00,1775359451678373000,175162010030000,300,,,ETF,3228,40,3228.5,-1.0,11.747650209,
22290,market_research_2026-04-04_22-23-04_live_round,c6abe590858247adbb3a88511acd7fc6,2026-04-05T03:24:11.690043+00:00,1775359451690043000,175162021700333,300,,,ETF,3228,60,3228.0,0.0,11.759320542,
22352,market_research_2026-04-04_22-23-04_live_round,c6abe590858247adbb3a88511acd7fc6,2026-04-05T03:24:11.876308+00:00,1775359451876308000,175162207965333,300,,,ETF,3227,40,3227.0,0.0,11.945585542,
22479,market_research_2026-04-04_22-23-04_live_round,c6abe590858247adbb3a88511acd7fc6,2026-04-05T03:24:12.266302+00:00,1775359452266302000,175162597960125,300,,,ETF,3222,40,3220.5,-3.0,12.335580334,
22484,market_research_2026-04-04_22-23-04_live_round,c6abe590858247adbb3a88511acd7fc6,2026-04-05T03:24:12.278072+00:00,1775359452278072000,175162609730708,300,,,ETF,3221,60,3220.5,-1.0,12.347350917,
22546,market_research_2026-04-04_22-23-04_live_round,c6abe590858247adbb3a88511acd7fc6,2026-04-05T03:24:12.479841+00:00,1775359452479841000,175162811499375,300,,,ETF,3221,40,3221.5,-1.0,12.549119584,
22551,market_research_2026-04-04_22-23-04_live_round,c6abe590858247adbb3a88511acd7fc6,2026-04-05T03:24:12.493301+00:00,1775359452493301000,175162824959333,300,,,ETF,3221,40,3221.0,0.0,12.562579542,
22565,market_research_2026-04-04_22-23-04_live_round,c6abe590858247adbb3a88511acd7fc6,2026-04-05T03:24:12.545713+00:00,1775359452545713000,175162877371333,300,,,ETF,3221,20,3216.0,-10.0,12.614991542,
22566,market_research_2026-04-04_22-23-04_live_round,c6abe590858247adbb3a88511acd7fc6,2026-04-05T03:24:12.545814+00:00,1775359452545814000,175162877473125,300,,,ETF,3220,80,3216.0,-10.0,12.615093334,
22567,market_research_2026-04-04_22-23-04_live_round,c6abe590858247adbb3a88511acd7fc6,2026-04-05T03:24:12.545905+00:00,1775359452545905000,175162877563583,300,,,ETF,3219,100,3216.0,-10.0,12.615183792,
22683,market_research_2026-04-04_22-23-04_live_round,c6abe590858247adbb3a88511acd7fc6,2026-04-05T03:24:12.850574+00:00,1775359452850574000,175163182233041,300,,,ETF,3219,40,3222.5,-7.0,12.91985325,
22688,market_research_2026-04-04_22-23-04_live_round,c6abe590858247adbb3a88511acd7fc6,2026-04-05T03:24:12.858454+00:00,1775359452858454000,175163190113500,300,,,ETF,3220,60,3222.5,-5.0,12.927733709,
22693,market_research_2026-04-04_22-23-04_live_round,c6abe590858247adbb3a88511acd7fc6,2026-04-05T03:24:12.866342+00:00,1775359452866342000,175163198001791,300,,,ETF,3221,80,3222.5,-3.0,12.935622,
22698,market_research_2026-04-04_22-23-04_live_round,c6abe590858247adbb3a88511acd7fc6,2026-04-05T03:24:12.874270+00:00,1775359452874270000,175163205929666,300,,,ETF,3222,100,3222.5,-1.0,12.943549875,
22755,market_research_2026-04-04_22-23-04_live_round,c6abe590858247adbb3a88511acd7fc6,2026-04-05T03:24:13.011099+00:00,1775359453011099000,175163342758416,300,,,ETF,3232,40,3232.5,-1.0,13.080378625,
22821,market_research_2026-04-04_22-23-04_live_round,c6abe590858247adbb3a88511acd7fc6,2026-04-05T03:24:13.200397+00:00,1775359453200397000,175163532057291,300,,,ETF,3232,40,3231.5,-1.0,13.2696775,
22826,market_research_2026-04-04_22-23-04_live_round,c6abe590858247adbb3a88511acd7fc6,2026-04-05T03:24:13.210769+00:00,1775359453210769000,175163542429000,300,,,ETF,3232,20,3232.0,0.0,13.280049209,
22839,market_research_2026-04-04_22-23-04_live_round,c6abe590858247adbb3a88511acd7fc6,2026-04-05T03:24:13.244197+00:00,1775359453244197000,175163575857125,300,,,ETF,3230,100,3225.0,-10.0,13.313477334,
22840,market_research_2026-04-04_22-23-04_live_round,c6abe590858247adbb3a88511acd7fc6,2026-04-05T03:24:13.244291+00:00,1775359453244291000,175163575950958,300,,,ETF,3225,40,3225.0,-10.0,13.313571167,
22841,market_research_2026-04-04_22-23-04_live_round,c6abe590858247adbb3a88511acd7fc6,2026-04-05T03:24:13.244380+00:00,1775359453244380000,175163576040208,300,,,ETF,3224,60,3225.0,-10.0,13.313660417,
22955,market_research_2026-04-04_22-23-04_live_round,c6abe590858247adbb3a88511acd7fc6,2026-04-05T03:24:13.582073+00:00,1775359453582073000,175163913733541,300,,,ETF,3222,40,3221.0,-2.0,13.65135375,
22960,market_research_2026-04-04_22-23-04_live_round,c6abe590858247adbb3a88511acd7fc6,2026-04-05T03:24:13.593054+00:00,1775359453593054000,175163924714958,300,,,ETF,3222,60,3221.5,-1.0,13.662335167,
22965,market_research_2026-04-04_22-23-04_live_round,c6abe590858247adbb3a88511acd7fc6,2026-04-05T03:24:13.602114+00:00,1775359453602114000,175163933775333,300,,,ETF,3222,40,3222.0,0.0,13.671395542,
23039,market_research_2026-04-04_22-23-04_live_round,c6abe590858247adbb3a88511acd7fc6,2026-04-05T03:24:13.821353+00:00,1775359453821353000,175164153014500,300,,,ETF,3220,40,3215.5,-9.0,13.890634709,
23040,market_research_2026-04-04_22-23-04_live_round,c6abe590858247adbb3a88511acd7fc6,2026-04-05T03:24:13.821455+00:00,1775359453821455000,175164153116083,300,,,ETF,3219,60,3215.5,-9.0,13.890736292,
23041,market_research_2026-04-04_22-23-04_live_round,c6abe590858247adbb3a88511acd7fc6,2026-04-05T03:24:13.821544+00:00,1775359453821544000,175164153205375,300,,,ETF,3218,80,3215.5,-9.0,13.890825584,
23042,market_research_2026-04-04_22-23-04_live_round,c6abe590858247adbb3a88511acd7fc6,2026-04-05T03:24:13.821632+00:00,1775359453821632000,175164153293666,300,,,ETF,3217,20,3215.5,-9.0,13.890913875,
23158,market_research_2026-04-04_22-23-04_live_round,c6abe590858247adbb3a88511acd7fc6,2026-04-05T03:24:14.166382+00:00,1775359454166382000,175164498044208,300,,,ETF,3219,40,3219.5,-1.0,14.235664417,
23800,market_research_2026-04-04_22-23-04_live_round,c6abe590858247adbb3a88511acd7fc6,2026-04-05T03:24:16.137267+00:00,1775359456137267000,175166468933208,375,,,ETF,3217,40,3213.5,-7.0,16.206553417,
23805,market_research_2026-04-04_22-23-04_live_round,c6abe590858247adbb3a88511acd7fc6,2026-04-05T03:24:16.151112+00:00,1775359456151112000,175166482778666,375,,,ETF,3216,60,3213.5,-5.0,16.220398875,
23810,market_research_2026-04-04_22-23-04_live_round,c6abe590858247adbb3a88511acd7fc6,2026-04-05T03:24:16.161788+00:00,1775359456161788000,175166493454541,375,,,ETF,3215,80,3213.5,-3.0,16.23107475,
23815,market_research_2026-04-04_22-23-04_live_round,c6abe590858247adbb3a88511acd7fc6,2026-04-05T03:24:16.173986+00:00,1775359456173986000,175166505652625,375,,,ETF,3215,100,3214.0,-2.0,16.243272834,
23872,market_research_2026-04-04_22-23-04_live_round,c6abe590858247adbb3a88511acd7fc6,2026-04-05T03:24:16.350639+00:00,1775359456350639000,175166682305083,375,,,ETF,3214,40,3207.0,-14.0,16.419925292,
23877,market_research_2026-04-04_22-23-04_live_round,c6abe590858247adbb3a88511acd7fc6,2026-04-05T03:24:16.366295+00:00,1775359456366295000,175166697962125,375,,,ETF,3214,60,3207.5,-13.0,16.435582334,
23882,market_research_2026-04-04_22-23-04_live_round,c6abe590858247adbb3a88511acd7fc6,2026-04-05T03:24:16.380308+00:00,1775359456380308000,175166711974750,375,,,ETF,3204,40,3203.0,-2.0,16.449594959,
23883,market_research_2026-04-04_22-23-04_live_round,c6abe590858247adbb3a88511acd7fc6,2026-04-05T03:24:16.381265+00:00,1775359456381265000,175166712931583,375,,,ETF,3203,40,3203.0,-2.0,16.450551792,
23889,market_research_2026-04-04_22-23-04_live_round,c6abe590858247adbb3a88511acd7fc6,2026-04-05T03:24:16.397087+00:00,1775359456397087000,175166728753291,375,,,ETF,3203,20,3203.0,0.0,16.4663735,
24004,market_research_2026-04-04_22-23-04_live_round,c6abe590858247adbb3a88511acd7fc6,2026-04-05T03:24:16.769564+00:00,1775359456769564000,175167101231875,375,,,ETF,3202,40,3202.0,0.0,16.838852084,
24069,market_research_2026-04-04_22-23-04_live_round,c6abe590858247adbb3a88511acd7fc6,2026-04-05T03:24:16.988914+00:00,1775359456988914000,175167320582291,375,,,ETF,3203,40,3206.5,-7.0,17.0582025,
24074,market_research_2026-04-04_22-23-04_live_round,c6abe590858247adbb3a88511acd7fc6,2026-04-05T03:24:17.003716+00:00,1775359457003716000,175167335384125,375,,,ETF,3203,20,3206.0,-6.0,17.073004334,
24075,market_research_2026-04-04_22-23-04_live_round,c6abe590858247adbb3a88511acd7fc6,2026-04-05T03:24:17.003819+00:00,1775359457003819000,175167335487083,375,,,ETF,3204,40,3206.0,-6.0,17.073107292,
24081,market_research_2026-04-04_22-23-04_live_round,c6abe590858247adbb3a88511acd7fc6,2026-04-05T03:24:17.019290+00:00,1775359457019290000,175167350957708,375,,,ETF,3204,40,3206.0,-4.0,17.088577917,
24082,market_research_2026-04-04_22-23-04_live_round,c6abe590858247adbb3a88511acd7fc6,2026-04-05T03:24:17.019386+00:00,1775359457019386000,175167351053916,375,,,ETF,3205,40,3206.0,-4.0,17.088674125,
24088,market_research_2026-04-04_22-23-04_live_round,c6abe590858247adbb3a88511acd7fc6,2026-04-05T03:24:17.032850+00:00,1775359457032850000,175167364517958,375,,,ETF,3205,60,3206.0,-2.0,17.102138167,
24146,market_research_2026-04-04_22-23-04_live_round,c6abe590858247adbb3a88511acd7fc6,2026-04-05T03:24:17.218485+00:00,1775359457218485000,175167550153916,375,,,ETF,3216,40,3218.0,-4.0,17.287774125,
24151,market_research_2026-04-04_22-23-04_live_round,c6abe590858247adbb3a88511acd7fc6,2026-04-05T03:24:17.228915+00:00,1775359457228915000,175167560583791,375,,,ETF,3217,60,3218.0,-2.0,17.298204,
24156,market_research_2026-04-04_22-23-04_live_round,c6abe590858247adbb3a88511acd7fc6,2026-04-05T03:24:17.240214+00:00,1775359457240214000,175167571882625,375,,,ETF,3218,80,3218.0,0.0,17.309502834,
24214,market_research_2026-04-04_22-23-04_live_round,c6abe590858247adbb3a88511acd7fc6,2026-04-05T03:24:17.406713+00:00,1775359457406713000,175167738381875,375,,,ETF,3219,40,3222.5,-7.0,17.476002084,
24219,market_research_2026-04-04_22-23-04_live_round,c6abe590858247adbb3a88511acd7fc6,2026-04-05T03:24:17.419196+00:00,1775359457419196000,175167750865000,375,,,ETF,3219,60,3222.0,-6.0,17.488485209,
24471,market_research_2026-04-04_22-23-04_live_round,c6abe590858247adbb3a88511acd7fc6,2026-04-05T03:24:18.294876+00:00,1775359458294876000,175168626546666,375,,,ETF,3230,40,3229.5,-1.0,18.364166875,
24488,market_research_2026-04-04_22-23-04_live_round,c6abe590858247adbb3a88511acd7fc6,2026-04-05T03:24:18.346590+00:00,1775359458346590000,175168678260666,375,,,ETF,3227,100,3226.0,-2.0,18.415880875,
24668,market_research_2026-04-04_22-23-04_live_round,c6abe590858247adbb3a88511acd7fc6,2026-04-05T03:24:18.953365+00:00,1775359458953365000,175169285037416,375,,,ETF,3225,40,3222.5,-5.0,19.022657625,
24673,market_research_2026-04-04_22-23-04_live_round,c6abe590858247adbb3a88511acd7fc6,2026-04-05T03:24:18.965854+00:00,1775359458965854000,175169297525625,375,,,ETF,3224,60,3222.5,-3.0,19.035145834,
24678,market_research_2026-04-04_22-23-04_live_round,c6abe590858247adbb3a88511acd7fc6,2026-04-05T03:24:18.978340+00:00,1775359458978340000,175169310011708,375,,,ETF,3224,80,3223.0,-2.0,19.047631917,
24683,market_research_2026-04-04_22-23-04_live_round,c6abe590858247adbb3a88511acd7fc6,2026-04-05T03:24:18.993023+00:00,1775359458993023000,175169324695500,375,,,ETF,3224,20,3223.5,-1.0,19.062315709,
24684,market_research_2026-04-04_22-23-04_live_round,c6abe590858247adbb3a88511acd7fc6,2026-04-05T03:24:18.993118+00:00,1775359458993118000,175169324790041,375,,,ETF,3223,80,3223.5,-1.0,19.06241025,
24742,market_research_2026-04-04_22-23-04_live_round,c6abe590858247adbb3a88511acd7fc6,2026-04-05T03:24:19.184731+00:00,1775359459184731000,175169516403500,375,,,ETF,3222,40,3219.0,-6.0,19.254023709,
24747,market_research_2026-04-04_22-23-04_live_round,c6abe590858247adbb3a88511acd7fc6,2026-04-05T03:24:19.199363+00:00,1775359459199363000,175169531035958,375,,,ETF,3222,60,3219.5,-5.0,19.268656167,
24939,market_research_2026-04-04_22-23-04_live_round,c6abe590858247adbb3a88511acd7fc6,2026-04-05T03:24:19.852855+00:00,1775359459852855000,175170184528583,375,,,ETF,3216,40,3218.5,-5.0,19.922148792,
24944,market_research_2026-04-04_22-23-04_live_round,c6abe590858247adbb3a88511acd7fc6,2026-04-05T03:24:19.865597+00:00,1775359459865597000,175170197270958,375,,,ETF,3217,60,3218.5,-3.0,19.934891167,
24949,market_research_2026-04-04_22-23-04_live_round,c6abe590858247adbb3a88511acd7fc6,2026-04-05T03:24:19.880052+00:00,1775359459880052000,175170211726291,375,,,ETF,3218,80,3218.5,-1.0,19.9493465,
25009,market_research_2026-04-04_22-23-04_live_round,c6abe590858247adbb3a88511acd7fc6,2026-04-05T03:24:20.069747+00:00,1775359460069747000,175170401421083,375,,,ETF,3219,40,3223.0,-8.0,20.139041292,
25014,market_research_2026-04-04_22-23-04_live_round,c6abe590858247adbb3a88511acd7fc6,2026-04-05T03:24:20.081452+00:00,1775359460081452000,175170413126791,375,,,ETF,3219,60,3222.5,-7.0,20.150747,
25202,market_research_2026-04-04_22-23-04_live_round,c6abe590858247adbb3a88511acd7fc6,2026-04-05T03:24:20.718088+00:00,1775359460718088000,175171049763416,375,,,ETF,3221,40,3218.0,-6.0,20.787383625,
25207,market_research_2026-04-04_22-23-04_live_round,c6abe590858247adbb3a88511acd7fc6,2026-04-05T03:24:20.731774+00:00,1775359460731774000,175171063449875,375,,,ETF,3220,60,3218.0,-4.0,20.801070084,
25212,market_research_2026-04-04_22-23-04_live_round,c6abe590858247adbb3a88511acd7fc6,2026-04-05T03:24:20.745541+00:00,1775359460745541000,175171077216875,375,,,ETF,3219,80,3218.0,-2.0,20.814837084,
25217,market_research_2026-04-04_22-23-04_live_round,c6abe590858247adbb3a88511acd7fc6,2026-04-05T03:24:20.757701+00:00,1775359460757701000,175171089377375,375,,,ETF,3218,100,3218.0,0.0,20.826997584,
25334,market_research_2026-04-04_22-23-04_live_round,c6abe590858247adbb3a88511acd7fc6,2026-04-05T03:24:21.136916+00:00,1775359461136916000,175171468593125,375,,,ETF,3221,40,3221.5,-1.0,21.206213334,
25399,market_research_2026-04-04_22-23-04_live_round,c6abe590858247adbb3a88511acd7fc6,2026-04-05T03:24:21.364248+00:00,1775359461364248000,175171695924708,375,,,ETF,3224,40,3228.5,-9.0,21.433544917,
25404,market_research_2026-04-04_22-23-04_live_round,c6abe590858247adbb3a88511acd7fc6,2026-04-05T03:24:21.377175+00:00,1775359461377175000,175171708852541,375,,,ETF,3224,60,3228.0,-8.0,21.44647275,
25409,market_research_2026-04-04_22-23-04_live_round,c6abe590858247adbb3a88511acd7fc6,2026-04-05T03:24:21.390264+00:00,1775359461390264000,175171721941208,375,,,ETF,3228,40,3229.5,-3.0,21.459561417,
25410,market_research_2026-04-04_22-23-04_live_round,c6abe590858247adbb3a88511acd7fc6,2026-04-05T03:24:21.390358+00:00,1775359461390358000,175171722034958,375,,,ETF,3229,40,3229.5,-3.0,21.459655167,
25416,market_research_2026-04-04_22-23-04_live_round,c6abe590858247adbb3a88511acd7fc6,2026-04-05T03:24:21.406637+00:00,1775359461406637000,175171738314000,375,,,ETF,3229,20,3229.5,-1.0,21.475934209,
25417,market_research_2026-04-04_22-23-04_live_round,c6abe590858247adbb3a88511acd7fc6,2026-04-05T03:24:21.407781+00:00,1775359461407781000,175171739457916,375,,,ETF,3230,80,3229.5,-1.0,21.477078125,
25474,market_research_2026-04-04_22-23-04_live_round,c6abe590858247adbb3a88511acd7fc6,2026-04-05T03:24:21.599234+00:00,1775359461599234000,175171930911458,375,,,ETF,3231,40,3233.5,-5.0,21.668531667,
25479,market_research_2026-04-04_22-23-04_live_round,c6abe590858247adbb3a88511acd7fc6,2026-04-05T03:24:21.611394+00:00,1775359461611394000,175171943071333,375,,,ETF,3231,60,3233.0,-4.0,21.680691542,
25540,market_research_2026-04-04_22-23-04_live_round,c6abe590858247adbb3a88511acd7fc6,2026-04-05T03:24:21.814369+00:00,1775359461814369000,175172146047333,375,,,ETF,3242,40,3242.5,-1.0,21.883667542,
25545,market_research_2026-04-04_22-23-04_live_round,c6abe590858247adbb3a88511acd7fc6,2026-04-05T03:24:21.826529+00:00,1775359461826529000,175172158207416,375,,,ETF,3242,60,3242.0,0.0,21.895827625,
25607,market_research_2026-04-04_22-23-04_live_round,c6abe590858247adbb3a88511acd7fc6,2026-04-05T03:24:22.024665+00:00,1775359462024665000,175172356343583,375,,,ETF,3241,40,3238.0,-6.0,22.093963792,
25612,market_research_2026-04-04_22-23-04_live_round,c6abe590858247adbb3a88511acd7fc6,2026-04-05T03:24:22.038722+00:00,1775359462038722000,175172370400666,375,,,ETF,3241,40,3238.5,-5.0,22.108020875,
25613,market_research_2026-04-04_22-23-04_live_round,c6abe590858247adbb3a88511acd7fc6,2026-04-05T03:24:22.038817+00:00,1775359462038817000,175172370496041,375,,,ETF,3240,20,3238.5,-5.0,22.10811625,
25619,market_research_2026-04-04_22-23-04_live_round,c6abe590858247adbb3a88511acd7fc6,2026-04-05T03:24:22.055189+00:00,1775359462055189000,175172386867458,375,,,ETF,3240,80,3238.5,-3.0,22.124487667,
25866,market_research_2026-04-04_22-23-04_live_round,c6abe590858247adbb3a88511acd7fc6,2026-04-05T03:24:22.889530+00:00,1775359462889530000,175173221210708,375,,,ETF,3240,40,3242.5,-5.0,22.958830917,
25871,market_research_2026-04-04_22-23-04_live_round,c6abe590858247adbb3a88511acd7fc6,2026-04-05T03:24:22.903619+00:00,1775359462903619000,175173235299416,375,,,ETF,3241,60,3242.5,-3.0,22.972919625,
25876,market_research_2026-04-04_22-23-04_live_round,c6abe590858247adbb3a88511acd7fc6,2026-04-05T03:24:22.915068+00:00,1775359462915068000,175173246748000,375,,,ETF,3241,40,3242.0,-2.0,22.984368209,
25877,market_research_2026-04-04_22-23-04_live_round,c6abe590858247adbb3a88511acd7fc6,2026-04-05T03:24:22.915181+00:00,1775359462915181000,175173246860916,375,,,ETF,3241,40,3242.0,-2.0,22.984481125,
25882,market_research_2026-04-04_22-23-04_live_round,c6abe590858247adbb3a88511acd7fc6,2026-04-05T03:24:22.928795+00:00,1775359462928795000,175173260475500,375,,,ETF,3241,20,3241.5,-1.0,22.998095709,
25883,market_research_2026-04-04_22-23-04_live_round,c6abe590858247adbb3a88511acd7fc6,2026-04-05T03:24:22.928898+00:00,1775359462928898000,175173260578208,375,,,ETF,3242,80,3241.5,-1.0,22.998198417,
25941,market_research_2026-04-04_22-23-04_live_round,c6abe590858247adbb3a88511acd7fc6,2026-04-05T03:24:23.121071+00:00,1775359463121071000,175173452751958,375,,,ETF,3243,40,3245.5,-5.0,23.190372167,
25946,market_research_2026-04-04_22-23-04_live_round,c6abe590858247adbb3a88511acd7fc6,2026-04-05T03:24:23.132171+00:00,1775359463132171000,175173463851708,375,,,ETF,3243,60,3245.0,-4.0,23.201471917,
26008,market_research_2026-04-04_22-23-04_live_round,c6abe590858247adbb3a88511acd7fc6,2026-04-05T03:24:23.353515+00:00,1775359463353515000,175173685196500,375,,,ETF,3246,40,3241.5,-9.0,23.422816709,
26013,market_research_2026-04-04_22-23-04_live_round,c6abe590858247adbb3a88511acd7fc6,2026-04-05T03:24:23.368843+00:00,1775359463368843000,175173700524583,375,,,ETF,3246,40,3242.0,-8.0,23.438144792,
26014,market_research_2026-04-04_22-23-04_live_round,c6abe590858247adbb3a88511acd7fc6,2026-04-05T03:24:23.368967+00:00,1775359463368967000,175173700648666,375,,,ETF,3245,20,3242.0,-8.0,23.438268875,
26020,market_research_2026-04-04_22-23-04_live_round,c6abe590858247adbb3a88511acd7fc6,2026-04-05T03:24:23.386535+00:00,1775359463386535000,175173718216666,375,,,ETF,3245,80,3242.0,-6.0,23.455836875,
26078,market_research_2026-04-04_22-23-04_live_round,c6abe590858247adbb3a88511acd7fc6,2026-04-05T03:24:23.584858+00:00,1775359463584858000,175173916540000,375,,,ETF,3240,40,3240.0,0.0,23.654160209,
26141,market_research_2026-04-04_22-23-04_live_round,c6abe590858247adbb3a88511acd7fc6,2026-04-05T03:24:23.787687+00:00,1775359463787687000,175174119369458,375,,,ETF,3240,40,3243.5,-7.0,23.856989667,
26146,market_research_2026-04-04_22-23-04_live_round,c6abe590858247adbb3a88511acd7fc6,2026-04-05T03:24:23.800191+00:00,1775359463800191000,175174131873125,375,,,ETF,3240,20,3243.0,-6.0,23.869493334,
26147,market_research_2026-04-04_22-23-04_live_round,c6abe590858247adbb3a88511acd7fc6,2026-04-05T03:24:23.800287+00:00,1775359463800287000,175174131969166,375,,,ETF,3246,40,3243.0,-6.0,23.869589375,
26339,market_research_2026-04-04_22-23-04_live_round,c6abe590858247adbb3a88511acd7fc6,2026-04-05T03:24:24.457485+00:00,1775359464457485000,175174789168625,375,,,ETF,3253,40,3255.5,-5.0,24.526788834,
26344,market_research_2026-04-04_22-23-04_live_round,c6abe590858247adbb3a88511acd7fc6,2026-04-05T03:24:24.474878+00:00,1775359464474878000,175174806561375,375,,,ETF,3254,60,3255.5,-3.0,24.544181584,
26349,market_research_2026-04-04_22-23-04_live_round,c6abe590858247adbb3a88511acd7fc6,2026-04-05T03:24:24.488422+00:00,1775359464488422000,175174820105250,375,,,ETF,3255,80,3255.5,-1.0,24.557725459,
26471,market_research_2026-04-04_22-23-04_live_round,c6abe590858247adbb3a88511acd7fc6,2026-04-05T03:24:24.888228+00:00,1775359464888228000,175175219912333,375,,,ETF,3255,40,3246.0,-18.0,24.957532542,
26476,market_research_2026-04-04_22-23-04_live_round,c6abe590858247adbb3a88511acd7fc6,2026-04-05T03:24:24.903246+00:00,1775359464903246000,175175234930041,375,,,ETF,3255,60,3246.5,-17.0,24.97255025,
26481,market_research_2026-04-04_22-23-04_live_round,c6abe590858247adbb3a88511acd7fc6,2026-04-05T03:24:24.917635+00:00,1775359464917635000,175175249319291,375,,,ETF,3252,40,3245.5,-13.0,24.9869395,
26482,market_research_2026-04-04_22-23-04_live_round,c6abe590858247adbb3a88511acd7fc6,2026-04-05T03:24:24.917800+00:00,1775359464917800000,175175249484083,375,,,ETF,3251,40,3245.5,-13.0,24.987104292,
26488,market_research_2026-04-04_22-23-04_live_round,c6abe590858247adbb3a88511acd7fc6,2026-04-05T03:24:24.934640+00:00,1775359464934640000,175175266324291,375,,,ETF,3251,20,3245.5,-11.0,25.0039445,
26489,market_research_2026-04-04_22-23-04_live_round,c6abe590858247adbb3a88511acd7fc6,2026-04-05T03:24:24.935793+00:00,1775359464935793000,175175267477458,375,,,ETF,3250,80,3245.5,-11.0,25.005097667,
26549,market_research_2026-04-04_22-23-04_live_round,c6abe590858247adbb3a88511acd7fc6,2026-04-05T03:24:25.145761+00:00,1775359465145761000,175175477446083,375,,,ETF,3249,40,3248.0,-2.0,25.215066292,
26554,market_research_2026-04-04_22-23-04_live_round,c6abe590858247adbb3a88511acd7fc6,2026-04-05T03:24:25.159907+00:00,1775359465159907000,175175491592250,375,,,ETF,3249,60,3248.5,-1.0,25.229212459,
26675,market_research_2026-04-04_22-23-04_live_round,c6abe590858247adbb3a88511acd7fc6,2026-04-05T03:24:25.584733+00:00,1775359465584733000,175175916418583,375,,,ETF,3239,40,3236.0,-6.0,25.654038792,
26680,market_research_2026-04-04_22-23-04_live_round,c6abe590858247adbb3a88511acd7fc6,2026-04-05T03:24:25.599105+00:00,1775359465599105000,175175930791250,375,,,ETF,3238,60,3236.0,-4.0,25.668411459,
26685,market_research_2026-04-04_22-23-04_live_round,c6abe590858247adbb3a88511acd7fc6,2026-04-05T03:24:25.613413+00:00,1775359465613413000,175175945098750,375,,,ETF,3238,80,3236.5,-3.0,25.682718959,
26690,market_research_2026-04-04_22-23-04_live_round,c6abe590858247adbb3a88511acd7fc6,2026-04-05T03:24:25.627344+00:00,1775359465627344000,175175959030041,375,,,ETF,3238,20,3237.0,-2.0,25.69665025,
26691,market_research_2026-04-04_22-23-04_live_round,c6abe590858247adbb3a88511acd7fc6,2026-04-05T03:24:25.627458+00:00,1775359465627458000,175175959143916,375,,,ETF,3237,80,3237.0,-2.0,25.696764125,
26749,market_research_2026-04-04_22-23-04_live_round,c6abe590858247adbb3a88511acd7fc6,2026-04-05T03:24:25.824818+00:00,1775359465824818000,175176156504000,375,,,ETF,3236,40,3236.0,0.0,25.894124209,
26813,market_research_2026-04-04_22-23-04_live_round,c6abe590858247adbb3a88511acd7fc6,2026-04-05T03:24:26.051610+00:00,1775359466051610000,175176383296625,375,,,ETF,3230,40,3229.0,-2.0,26.120916834,
26818,market_research_2026-04-04_22-23-04_live_round,c6abe590858247adbb3a88511acd7fc6,2026-04-05T03:24:26.066092+00:00,1775359466066092000,175176397778875,375,,,ETF,3229,60,3229.0,0.0,26.135399084,
26941,market_research_2026-04-04_22-23-04_live_round,c6abe590858247adbb3a88511acd7fc6,2026-04-05T03:24:26.491894+00:00,1775359466491894000,175176823581750,375,,,ETF,3225,40,3224.5,-1.0,26.561201959,
27006,market_research_2026-04-04_22-23-04_live_round,c6abe590858247adbb3a88511acd7fc6,2026-04-05T03:24:26.729980+00:00,1775359466729980000,175177061668333,375,,,ETF,3225,40,3231.5,-13.0,26.799288542,
27011,market_research_2026-04-04_22-23-04_live_round,c6abe590858247adbb3a88511acd7fc6,2026-04-05T03:24:26.744577+00:00,1775359466744577000,175177076265500,375,,,ETF,3225,20,3231.0,-12.0,26.813885709,
27012,market_research_2026-04-04_22-23-04_live_round,c6abe590858247adbb3a88511acd7fc6,2026-04-05T03:24:26.744684+00:00,1775359466744684000,175177076372750,375,,,ETF,3226,40,3231.0,-12.0,26.813992959,
27018,market_research_2026-04-04_22-23-04_live_round,c6abe590858247adbb3a88511acd7fc6,2026-04-05T03:24:26.760544+00:00,1775359466760544000,175177092232250,375,,,ETF,3226,40,3231.0,-10.0,26.829852459,
27019,market_research_2026-04-04_22-23-04_live_round,c6abe590858247adbb3a88511acd7fc6,2026-04-05T03:24:26.760637+00:00,1775359466760637000,175177092325833,375,,,ETF,3227,40,3231.0,-10.0,26.829946042,
27025,market_research_2026-04-04_22-23-04_live_round,c6abe590858247adbb3a88511acd7fc6,2026-04-05T03:24:26.777613+00:00,1775359466777613000,175177109301625,375,,,ETF,3227,60,3231.0,-8.0,26.846921834,
27026,market_research_2026-04-04_22-23-04_live_round,c6abe590858247adbb3a88511acd7fc6,2026-04-05T03:24:26.777709+00:00,1775359466777709000,175177109397791,375,,,ETF,3234,40,3231.0,-8.0,26.847018,
27209,market_research_2026-04-04_22-23-04_live_round,c6abe590858247adbb3a88511acd7fc6,2026-04-05T03:24:27.428009+00:00,1775359467428009000,175177759698250,375,,,ETF,3233,40,3232.0,-2.0,27.497318459,
27214,market_research_2026-04-04_22-23-04_live_round,c6abe590858247adbb3a88511acd7fc6,2026-04-05T03:24:27.441841+00:00,1775359467441841000,175177773530708,375,,,ETF,3232,60,3232.0,0.0,27.511150917,
27277,market_research_2026-04-04_22-23-04_live_round,c6abe590858247adbb3a88511acd7fc6,2026-04-05T03:24:27.687041+00:00,1775359467687041000,175178018731250,375,,,ETF,3230,40,3230.0,0.0,27.756351459,
27341,market_research_2026-04-04_22-23-04_live_round,c6abe590858247adbb3a88511acd7fc6,2026-04-05T03:24:27.915687+00:00,1775359467915687000,175178247377875,375,,,ETF,3231,40,3233.5,-5.0,27.984998084,
27346,market_research_2026-04-04_22-23-04_live_round,c6abe590858247adbb3a88511acd7fc6,2026-04-05T03:24:27.930639+00:00,1775359467930639000,175178262329375,375,,,ETF,3231,20,3233.0,-4.0,27.999949584,
27347,market_research_2026-04-04_22-23-04_live_round,c6abe590858247adbb3a88511acd7fc6,2026-04-05T03:24:27.930741+00:00,1775359467930741000,175178262432041,375,,,ETF,3232,40,3233.0,-4.0,28.00005225,
27353,market_research_2026-04-04_22-23-04_live_round,c6abe590858247adbb3a88511acd7fc6,2026-04-05T03:24:27.949369+00:00,1775359467949369000,175178281059458,375,,,ETF,3232,40,3233.0,-2.0,28.018679667,
27354,market_research_2026-04-04_22-23-04_live_round,c6abe590858247adbb3a88511acd7fc6,2026-04-05T03:24:27.949471+00:00,1775359467949471000,175178281162000,375,,,ETF,3233,40,3233.0,-2.0,28.018782209,
27360,market_research_2026-04-04_22-23-04_live_round,c6abe590858247adbb3a88511acd7fc6,2026-04-05T03:24:27.965763+00:00,1775359467965763000,175178297453291,375,,,ETF,3233,60,3233.0,0.0,28.0350735,
27479,market_research_2026-04-04_22-23-04_live_round,c6abe590858247adbb3a88511acd7fc6,2026-04-05T03:24:28.405729+00:00,1775359468405729000,175178737420458,375,,,ETF,3240,40,3239.5,-1.0,28.475040667,
27545,market_research_2026-04-04_22-23-04_live_round,c6abe590858247adbb3a88511acd7fc6,2026-04-05T03:24:28.655100+00:00,1775359468655100000,175178986792541,375,,,ETF,3237,40,3236.5,-1.0,28.72441275,
27550,market_research_2026-04-04_22-23-04_live_round,c6abe590858247adbb3a88511acd7fc6,2026-04-05T03:24:28.669972+00:00,1775359468669972000,175179001664291,375,,,ETF,3237,60,3237.0,0.0,28.7392845,
27744,market_research_2026-04-04_22-23-04_live_round,c6abe590858247adbb3a88511acd7fc6,2026-04-05T03:24:29.395968+00:00,1775359469395968000,175179727661375,375,,,ETF,3238,40,3238.0,0.0,29.465281584,
27814,market_research_2026-04-04_22-23-04_live_round,c6abe590858247adbb3a88511acd7fc6,2026-04-05T03:24:29.654441+00:00,1775359469654441000,175179986135000,375,,,ETF,3237,40,3231.5,-11.0,29.723755209,
27819,market_research_2026-04-04_22-23-04_live_round,c6abe590858247adbb3a88511acd7fc6,2026-04-05T03:24:29.668510+00:00,1775359469668510000,175180000204625,375,,,ETF,3237,20,3232.0,-10.0,29.737824834,
27820,market_research_2026-04-04_22-23-04_live_round,c6abe590858247adbb3a88511acd7fc6,2026-04-05T03:24:29.669707+00:00,1775359469669707000,175180001401208,375,,,ETF,3236,40,3232.0,-10.0,29.739021417,
27826,market_research_2026-04-04_22-23-04_live_round,c6abe590858247adbb3a88511acd7fc6,2026-04-05T03:24:29.688798+00:00,1775359469688798000,175180020492000,375,,,ETF,3236,40,3232.0,-8.0,29.758112209,
27827,market_research_2026-04-04_22-23-04_live_round,c6abe590858247adbb3a88511acd7fc6,2026-04-05T03:24:29.688893+00:00,1775359469688893000,175180020587291,375,,,ETF,3235,40,3232.0,-8.0,29.7582075,
27833,market_research_2026-04-04_22-23-04_live_round,c6abe590858247adbb3a88511acd7fc6,2026-04-05T03:24:29.708380+00:00,1775359469708380000,175180040074000,375,,,ETF,3235,60,3232.0,-6.0,29.777694209,
27834,market_research_2026-04-04_22-23-04_live_round,c6abe590858247adbb3a88511acd7fc6,2026-04-05T03:24:29.709731+00:00,1775359469709731000,175180041425333,375,,,ETF,3229,40,3232.0,-6.0,29.779045542,
27953,market_research_2026-04-04_22-23-04_live_round,c6abe590858247adbb3a88511acd7fc6,2026-04-05T03:24:30.142757+00:00,1775359470142757000,175180474452750,375,,,ETF,3224,40,3227.5,-7.0,30.212072959,
27958,market_research_2026-04-04_22-23-04_live_round,c6abe590858247adbb3a88511acd7fc6,2026-04-05T03:24:30.162898+00:00,1775359470162898000,175180494593666,375,,,ETF,3225,60,3227.5,-5.0,30.232213875,
27963,market_research_2026-04-04_22-23-04_live_round,c6abe590858247adbb3a88511acd7fc6,2026-04-05T03:24:30.179689+00:00,1775359470179689000,175180511384416,375,,,ETF,3226,80,3227.5,-3.0,30.249004625,
27968,market_research_2026-04-04_22-23-04_live_round,c6abe590858247adbb3a88511acd7fc6,2026-04-05T03:24:30.195816+00:00,1775359470195816000,175180527511125,375,,,ETF,3227,100,3227.5,-1.0,30.265131334,
28025,market_research_2026-04-04_22-23-04_live_round,c6abe590858247adbb3a88511acd7fc6,2026-04-05T03:24:30.416595+00:00,1775359470416595000,175180748291125,375,,,ETF,3237,40,3238.0,-2.0,30.485911334,
28030,market_research_2026-04-04_22-23-04_live_round,c6abe590858247adbb3a88511acd7fc6,2026-04-05T03:24:30.430827+00:00,1775359470430827000,175180762522875,375,,,ETF,3238,60,3238.0,0.0,30.500143084,
28151,market_research_2026-04-04_22-23-04_live_round,c6abe590858247adbb3a88511acd7fc6,2026-04-05T03:24:30.883338+00:00,1775359470883338000,175181215034791,375,,,ETF,3237,40,3237.0,0.0,30.952655,
28216,market_research_2026-04-04_22-23-04_live_round,c6abe590858247adbb3a88511acd7fc6,2026-04-05T03:24:31.124399+00:00,1775359471124399000,175181456096833,375,,,ETF,3238,40,3238.0,0.0,31.193717042,
28282,market_research_2026-04-04_22-23-04_live_round,c6abe590858247adbb3a88511acd7fc6,2026-04-05T03:24:31.384750+00:00,1775359471384750000,175181716447875,375,,,ETF,3240,40,3242.5,-5.0,31.454068084,
28287,market_research_2026-04-04_22-23-04_live_round,c6abe590858247adbb3a88511acd7fc6,2026-04-05T03:24:31.400424+00:00,1775359471400424000,175181732121833,375,,,ETF,3240,60,3242.0,-4.0,31.469742042,
28351,market_research_2026-04-04_22-23-04_live_round,c6abe590858247adbb3a88511acd7fc6,2026-04-05T03:24:31.637839+00:00,1775359471637839000,175181969537250,375,,,ETF,3243,40,3243.0,0.0,31.707157459,
28416,market_research_2026-04-04_22-23-04_live_round,c6abe590858247adbb3a88511acd7fc6,2026-04-05T03:24:31.886041+00:00,1775359471886041000,175182217739541,375,,,ETF,3242,40,3242.0,0.0,31.95535975,
28482,market_research_2026-04-04_22-23-04_live_round,c6abe590858247adbb3a88511acd7fc6,2026-04-05T03:24:32.133289+00:00,1775359472133289000,175182464988666,375,,,ETF,3236,40,3233.5,-5.0,32.202608875,
28487,market_research_2026-04-04_22-23-04_live_round,c6abe590858247adbb3a88511acd7fc6,2026-04-05T03:24:32.147429+00:00,1775359472147429000,175182479128416,375,,,ETF,3235,60,3233.5,-3.0,32.216748625,
28492,market_research_2026-04-04_22-23-04_live_round,c6abe590858247adbb3a88511acd7fc6,2026-04-05T03:24:32.164381+00:00,1775359472164381000,175182496080875,375,,,ETF,3234,80,3233.5,-1.0,32.233701084,
28497,market_research_2026-04-04_22-23-04_live_round,c6abe590858247adbb3a88511acd7fc6,2026-04-05T03:24:32.180324+00:00,1775359472180324000,175182512023250,375,,,ETF,3234,100,3234.0,0.0,32.249643459,
28741,market_research_2026-04-04_22-23-04_live_round,c6abe590858247adbb3a88511acd7fc6,2026-04-05T03:24:33.107559+00:00,1775359473107559000,175183439260208,375,,,ETF,3226,40,3224.5,-3.0,33.176880417,
28746,market_research_2026-04-04_22-23-04_live_round,c6abe590858247adbb3a88511acd7fc6,2026-04-05T03:24:33.121996+00:00,1775359473121996000,175183453697458,375,,,ETF,3225,60,3224.5,-1.0,33.191317667,
28751,market_research_2026-04-04_22-23-04_live_round,c6abe590858247adbb3a88511acd7fc6,2026-04-05T03:24:33.135363+00:00,1775359473135363000,175183467064875,375,,,ETF,3225,80,3225.0,0.0,33.204685084,
28873,market_research_2026-04-04_22-23-04_live_round,c6abe590858247adbb3a88511acd7fc6,2026-04-05T03:24:33.594437+00:00,1775359473594437000,175183926139666,375,,,ETF,3218,40,3216.0,-4.0,33.663759875,
28878,market_research_2026-04-04_22-23-04_live_round,c6abe590858247adbb3a88511acd7fc6,2026-04-05T03:24:33.607895+00:00,1775359473607895000,175183939597208,375,,,ETF,3217,60,3216.0,-2.0,33.677217417,
28883,market_research_2026-04-04_22-23-04_live_round,c6abe590858247adbb3a88511acd7fc6,2026-04-05T03:24:33.622419+00:00,1775359473622419000,175183954121208,375,,,ETF,3216,80,3216.0,0.0,33.691741417,
28943,market_research_2026-04-04_22-23-04_live_round,c6abe590858247adbb3a88511acd7fc6,2026-04-05T03:24:33.853470+00:00,1775359473853470000,175184185172916,375,,,ETF,3215,40,3215.0,0.0,33.922793125,
29007,market_research_2026-04-04_22-23-04_live_round,c6abe590858247adbb3a88511acd7fc6,2026-04-05T03:24:34.091359+00:00,1775359474091359000,175184423062458,375,,,ETF,3209,40,3209.0,0.0,34.160682667,
29134,market_research_2026-04-04_22-23-04_live_round,c6abe590858247adbb3a88511acd7fc6,2026-04-05T03:24:34.580286+00:00,1775359474580286000,175184911990666,375,,,ETF,3209,40,3212.5,-7.0,34.649610875,
29139,market_research_2026-04-04_22-23-04_live_round,c6abe590858247adbb3a88511acd7fc6,2026-04-05T03:24:34.593839+00:00,1775359474593839000,175184925543416,375,,,ETF,3210,60,3212.5,-5.0,34.663163625,
29144,market_research_2026-04-04_22-23-04_live_round,c6abe590858247adbb3a88511acd7fc6,2026-04-05T03:24:34.607449+00:00,1775359474607449000,175184939153708,375,,,ETF,3211,80,3212.5,-3.0,34.676773917,
29149,market_research_2026-04-04_22-23-04_live_round,c6abe590858247adbb3a88511acd7fc6,2026-04-05T03:24:34.622017+00:00,1775359474622017000,175184953721500,375,,,ETF,3212,100,3212.5,-1.0,34.691341709,
29206,market_research_2026-04-04_22-23-04_live_round,c6abe590858247adbb3a88511acd7fc6,2026-04-05T03:24:34.831695+00:00,1775359474831695000,175185163399833,375,,,ETF,3212,40,3221.0,-18.0,34.901020042,
29211,market_research_2026-04-04_22-23-04_live_round,c6abe590858247adbb3a88511acd7fc6,2026-04-05T03:24:34.847198+00:00,1775359474847198000,175185178903208,375,,,ETF,3212,60,3220.5,-17.0,34.916523417,
29216,market_research_2026-04-04_22-23-04_live_round,c6abe590858247adbb3a88511acd7fc6,2026-04-05T03:24:34.862114+00:00,1775359474862114000,175185193818875,375,,,ETF,3222,40,3225.0,-6.0,34.931439084,
29217,market_research_2026-04-04_22-23-04_live_round,c6abe590858247adbb3a88511acd7fc6,2026-04-05T03:24:34.863349+00:00,1775359474863349000,175185195054708,375,,,ETF,3223,40,3225.0,-6.0,34.932674917,
29223,market_research_2026-04-04_22-23-04_live_round,c6abe590858247adbb3a88511acd7fc6,2026-04-05T03:24:34.881660+00:00,1775359474881660000,175185213365333,375,,,ETF,3223,20,3225.0,-4.0,34.950985542,
29224,market_research_2026-04-04_22-23-04_live_round,c6abe590858247adbb3a88511acd7fc6,2026-04-05T03:24:34.881774+00:00,1775359474881774000,175185213479125,375,,,ETF,3224,80,3225.0,-4.0,34.951099334,
29402,market_research_2026-04-04_22-23-04_live_round,c6abe590858247adbb3a88511acd7fc6,2026-04-05T03:24:35.570224+00:00,1775359475570224000,175185901930166,375,,,ETF,3231,40,3231.0,0.0,35.639550375,
29531,market_research_2026-04-04_22-23-04_live_round,c6abe590858247adbb3a88511acd7fc6,2026-04-05T03:24:36.068957+00:00,1775359476068957000,175186400664458,375,,,ETF,3237,40,3238.0,-2.0,36.138284667,
29536,market_research_2026-04-04_22-23-04_live_round,c6abe590858247adbb3a88511acd7fc6,2026-04-05T03:24:36.087143+00:00,1775359476087143000,175186418850458,375,,,ETF,3238,60,3238.0,0.0,36.156470667,
29726,market_research_2026-04-04_22-23-04_live_round,c6abe590858247adbb3a88511acd7fc6,2026-04-05T03:24:36.816501+00:00,1775359476816501000,175187148210833,375,,,ETF,3240,40,3238.5,-3.0,36.885831042,
29731,market_research_2026-04-04_22-23-04_live_round,c6abe590858247adbb3a88511acd7fc6,2026-04-05T03:24:36.833028+00:00,1775359476833028000,175187164737625,375,,,ETF,3239,60,3238.5,-1.0,36.902357834,
29794,market_research_2026-04-04_22-23-04_live_round,c6abe590858247adbb3a88511acd7fc6,2026-04-05T03:24:37.073015+00:00,1775359477073015000,175187404724791,375,,,ETF,3237,40,3234.0,-6.0,37.142345,
29799,market_research_2026-04-04_22-23-04_live_round,c6abe590858247adbb3a88511acd7fc6,2026-04-05T03:24:37.087920+00:00,1775359477087920000,175187419629916,375,,,ETF,3237,60,3234.5,-5.0,37.157250125,
30372,market_research_2026-04-04_22-23-04_live_round,c6abe590858247adbb3a88511acd7fc6,2026-04-05T03:24:39.351827+00:00,1775359479351827000,175189683541458,375,,,ETF,3232,40,3236.0,-8.0,39.421161667,
30377,market_research_2026-04-04_22-23-04_live_round,c6abe590858247adbb3a88511acd7fc6,2026-04-05T03:24:39.366948+00:00,1775359479366948000,175189698662208,375,,,ETF,3233,60,3236.0,-6.0,39.436282417,
30382,market_research_2026-04-04_22-23-04_live_round,c6abe590858247adbb3a88511acd7fc6,2026-04-05T03:24:39.380800+00:00,1775359479380800000,175189712515083,375,,,ETF,3234,80,3236.0,-4.0,39.450135292,
30387,market_research_2026-04-04_22-23-04_live_round,c6abe590858247adbb3a88511acd7fc6,2026-04-05T03:24:39.395128+00:00,1775359479395128000,175189726842500,375,,,ETF,3235,100,3236.0,-2.0,39.464462709,
30698,market_research_2026-04-04_22-23-04_live_round,c6abe590858247adbb3a88511acd7fc6,2026-04-05T03:24:40.627638+00:00,1775359480627638000,175190959355625,375,,,ETF,3241,40,3241.0,0.0,40.696975834,
30764,market_research_2026-04-04_22-23-04_live_round,c6abe590858247adbb3a88511acd7fc6,2026-04-05T03:24:40.885079+00:00,1775359480885079000,175191216797166,375,,,ETF,3238,40,3236.0,-4.0,40.954417375,
30769,market_research_2026-04-04_22-23-04_live_round,c6abe590858247adbb3a88511acd7fc6,2026-04-05T03:24:40.900198+00:00,1775359480900198000,175191231915625,375,,,ETF,3238,60,3236.5,-3.0,40.969535834,
30894,market_research_2026-04-04_22-23-04_live_round,c6abe590858247adbb3a88511acd7fc6,2026-04-05T03:24:41.401401+00:00,1775359481401401000,175191733120208,375,,,ETF,3233,40,3231.0,-4.0,41.470740417,
30899,market_research_2026-04-04_22-23-04_live_round,c6abe590858247adbb3a88511acd7fc6,2026-04-05T03:24:41.416830+00:00,1775359481416830000,175191748548625,375,,,ETF,3232,60,3231.0,-2.0,41.486168834,
30904,market_research_2026-04-04_22-23-04_live_round,c6abe590858247adbb3a88511acd7fc6,2026-04-05T03:24:41.432054+00:00,1775359481432054000,175191763773000,375,,,ETF,3231,80,3231.0,0.0,41.501393209,
30964,market_research_2026-04-04_22-23-04_live_round,c6abe590858247adbb3a88511acd7fc6,2026-04-05T03:24:41.703759+00:00,1775359481703759000,175192035478541,375,,,ETF,3230,40,3224.5,-11.0,41.77309875,
30969,market_research_2026-04-04_22-23-04_live_round,c6abe590858247adbb3a88511acd7fc6,2026-04-05T03:24:41.720900+00:00,1775359481720900000,175192052619541,375,,,ETF,3230,60,3225.0,-10.0,41.79023975,
30974,market_research_2026-04-04_22-23-04_live_round,c6abe590858247adbb3a88511acd7fc6,2026-04-05T03:24:41.737153+00:00,1775359481737153000,175192068872166,375,,,ETF,3223,40,3222.0,-2.0,41.806492375,
30975,market_research_2026-04-04_22-23-04_live_round,c6abe590858247adbb3a88511acd7fc6,2026-04-05T03:24:41.737259+00:00,1775359481737259000,175192068978833,375,,,ETF,3222,40,3222.0,-2.0,41.806599042,
30981,market_research_2026-04-04_22-23-04_live_round,c6abe590858247adbb3a88511acd7fc6,2026-04-05T03:24:41.756757+00:00,1775359481756757000,175192088476708,375,,,ETF,3222,20,3222.0,0.0,41.826096917,
31036,market_research_2026-04-04_22-23-04_live_round,c6abe590858247adbb3a88511acd7fc6,2026-04-05T03:24:41.984861+00:00,1775359481984861000,175192316580666,375,,,ETF,3220,40,3218.0,-4.0,42.054200875,
31041,market_research_2026-04-04_22-23-04_live_round,c6abe590858247adbb3a88511acd7fc6,2026-04-05T03:24:42.001829+00:00,1775359482001829000,175192333548750,375,,,ETF,3220,60,3218.5,-3.0,42.071168959,
31227,market_research_2026-04-04_22-23-04_live_round,c6abe590858247adbb3a88511acd7fc6,2026-04-05T03:24:42.766768+00:00,1775359482766768000,175193098489791,375,,,ETF,3220,40,3221.0,-2.0,42.83611,
31232,market_research_2026-04-04_22-23-04_live_round,c6abe590858247adbb3a88511acd7fc6,2026-04-05T03:24:42.783902+00:00,1775359482783902000,175193115623750,375,,,ETF,3221,60,3221.0,0.0,42.853243959,
31357,market_research_2026-04-04_22-23-04_live_round,c6abe590858247adbb3a88511acd7fc6,2026-04-05T03:24:43.282186+00:00,1775359483282186000,175193613908041,375,,,ETF,3226,40,3227.5,-3.0,43.35152825,
31362,market_research_2026-04-04_22-23-04_live_round,c6abe590858247adbb3a88511acd7fc6,2026-04-05T03:24:43.306158+00:00,1775359483306158000,175193637881166,375,,,ETF,3227,60,3227.5,-1.0,43.375501375,
31441,market_research_2026-04-04_22-23-04_live_round,c6abe590858247adbb3a88511acd7fc6,2026-04-05T03:24:43.625688+00:00,1775359483625688000,175193957411583,375,,,ETF,3232,40,3238.5,-13.0,43.695031792,
31442,market_research_2026-04-04_22-23-04_live_round,c6abe590858247adbb3a88511acd7fc6,2026-04-05T03:24:43.625793+00:00,1775359483625793000,175193957516458,375,,,ETF,3233,60,3238.5,-13.0,43.695136667,
31443,market_research_2026-04-04_22-23-04_live_round,c6abe590858247adbb3a88511acd7fc6,2026-04-05T03:24:43.625885+00:00,1775359483625885000,175193957608666,375,,,ETF,3234,80,3238.5,-13.0,43.695228875,
31444,market_research_2026-04-04_22-23-04_live_round,c6abe590858247adbb3a88511acd7fc6,2026-04-05T03:24:43.625976+00:00,1775359483625976000,175193957699875,375,,,ETF,3235,20,3238.5,-13.0,43.695320084,
31498,market_research_2026-04-04_22-23-04_live_round,c6abe590858247adbb3a88511acd7fc6,2026-04-05T03:24:43.839915+00:00,1775359483839915000,175194171639125,375,,,ETF,3235,40,3236.0,-2.0,43.909259334,
31503,market_research_2026-04-04_22-23-04_live_round,c6abe590858247adbb3a88511acd7fc6,2026-04-05T03:24:43.855446+00:00,1775359483855446000,175194187170083,375,,,ETF,3235,40,3235.5,-1.0,43.924790292,
31566,market_research_2026-04-04_22-23-04_live_round,c6abe590858247adbb3a88511acd7fc6,2026-04-05T03:24:44.102705+00:00,1775359484102705000,175194434428583,375,,,ETF,3236,20,3235.5,-1.0,44.172048792,
31567,market_research_2026-04-04_22-23-04_live_round,c6abe590858247adbb3a88511acd7fc6,2026-04-05T03:24:44.104456+00:00,1775359484104456000,175194436180291,375,,,ETF,3235,20,3235.5,-1.0,44.1738005,
31632,market_research_2026-04-04_22-23-04_live_round,c6abe590858247adbb3a88511acd7fc6,2026-04-05T03:24:44.378563+00:00,1775359484378563000,175194710287833,375,,,ETF,3234,40,3234.0,0.0,44.447908042,
31697,market_research_2026-04-04_22-23-04_live_round,c6abe590858247adbb3a88511acd7fc6,2026-04-05T03:24:44.645697+00:00,1775359484645697000,175194977422250,375,,,ETF,3235,40,3237.0,-4.0,44.715042459,
31702,market_research_2026-04-04_22-23-04_live_round,c6abe590858247adbb3a88511acd7fc6,2026-04-05T03:24:44.661838+00:00,1775359484661838000,175194993563625,375,,,ETF,3235,20,3236.5,-3.0,44.731183834,
31703,market_research_2026-04-04_22-23-04_live_round,c6abe590858247adbb3a88511acd7fc6,2026-04-05T03:24:44.662149+00:00,1775359484662149000,175194993874750,375,,,ETF,3236,40,3236.5,-3.0,44.731494959,
31709,market_research_2026-04-04_22-23-04_live_round,c6abe590858247adbb3a88511acd7fc6,2026-04-05T03:24:44.683689+00:00,1775359484683689000,175195015414125,375,,,ETF,3236,40,3236.5,-1.0,44.753034334,
31710,market_research_2026-04-04_22-23-04_live_round,c6abe590858247adbb3a88511acd7fc6,2026-04-05T03:24:44.683802+00:00,1775359484683802000,175195015527791,375,,,ETF,3237,40,3236.5,-1.0,44.753148,
31771,market_research_2026-04-04_22-23-04_live_round,c6abe590858247adbb3a88511acd7fc6,2026-04-05T03:24:44.932496+00:00,1775359484932496000,175195264222416,500,,,ETF,3237,40,3241.0,-8.0,45.001842625,
31776,market_research_2026-04-04_22-23-04_live_round,c6abe590858247adbb3a88511acd7fc6,2026-04-05T03:24:44.949011+00:00,1775359484949011000,175195280737666,500,,,ETF,3237,20,3240.5,-7.0,45.018357875,
31901,market_research_2026-04-04_22-23-04_live_round,c6abe590858247adbb3a88511acd7fc6,2026-04-05T03:24:45.475685+00:00,1775359485475685000,175195807412250,500,,,ETF,3242,40,3238.5,-7.0,45.545032459,
31906,market_research_2026-04-04_22-23-04_live_round,c6abe590858247adbb3a88511acd7fc6,2026-04-05T03:24:45.493963+00:00,1775359485493963000,175195825690416,500,,,ETF,3242,60,3239.0,-6.0,45.563310625,
31911,market_research_2026-04-04_22-23-04_live_round,c6abe590858247adbb3a88511acd7fc6,2026-04-05T03:24:45.510892+00:00,1775359485510892000,175195842619500,500,,,ETF,3242,40,3239.5,-5.0,45.580239709,
31912,market_research_2026-04-04_22-23-04_live_round,c6abe590858247adbb3a88511acd7fc6,2026-04-05T03:24:45.512351+00:00,1775359485512351000,175195844078791,500,,,ETF,3241,40,3239.5,-5.0,45.581699,
31918,market_research_2026-04-04_22-23-04_live_round,c6abe590858247adbb3a88511acd7fc6,2026-04-05T03:24:45.532288+00:00,1775359485532288000,175195864015333,500,,,ETF,3241,20,3239.5,-3.0,45.601635542,
31919,market_research_2026-04-04_22-23-04_live_round,c6abe590858247adbb3a88511acd7fc6,2026-04-05T03:24:45.532388+00:00,1775359485532388000,175195864115333,500,,,ETF,3240,80,3239.5,-3.0,45.601735542,
31977,market_research_2026-04-04_22-23-04_live_round,c6abe590858247adbb3a88511acd7fc6,2026-04-05T03:24:45.775928+00:00,1775359485775928000,175196107656083,500,,,ETF,3239,40,3237.0,-4.0,45.845276292,
31982,market_research_2026-04-04_22-23-04_live_round,c6abe590858247adbb3a88511acd7fc6,2026-04-05T03:24:45.794131+00:00,1775359485794131000,175196125859083,500,,,ETF,3239,60,3237.5,-3.0,45.863479292,
32167,market_research_2026-04-04_22-23-04_live_round,c6abe590858247adbb3a88511acd7fc6,2026-04-05T03:24:46.577430+00:00,1775359486577430000,175196909159250,500,,,ETF,3233,40,3233.0,0.0,46.646779459,
32233,market_research_2026-04-04_22-23-04_live_round,c6abe590858247adbb3a88511acd7fc6,2026-04-05T03:24:46.840064+00:00,1775359486840064000,175197171794166,500,,,ETF,3236,40,3240.0,-8.0,46.909414375,
32238,market_research_2026-04-04_22-23-04_live_round,c6abe590858247adbb3a88511acd7fc6,2026-04-05T03:24:46.857983+00:00,1775359486857983000,175197189712958,500,,,ETF,3236,60,3239.5,-7.0,46.927333167,
32243,market_research_2026-04-04_22-23-04_live_round,c6abe590858247adbb3a88511acd7fc6,2026-04-05T03:24:46.876137+00:00,1775359486876137000,175197207867000,500,,,ETF,3239,40,3240.5,-3.0,46.945487209,
32244,market_research_2026-04-04_22-23-04_live_round,c6abe590858247adbb3a88511acd7fc6,2026-04-05T03:24:46.876339+00:00,1775359486876339000,175197208069375,500,,,ETF,3240,40,3240.5,-3.0,46.945689584,
32250,market_research_2026-04-04_22-23-04_live_round,c6abe590858247adbb3a88511acd7fc6,2026-04-05T03:24:46.902482+00:00,1775359486902482000,175197234211833,500,,,ETF,3240,20,3240.5,-1.0,46.971832042,
32251,market_research_2026-04-04_22-23-04_live_round,c6abe590858247adbb3a88511acd7fc6,2026-04-05T03:24:46.904416+00:00,1775359486904416000,175197236146208,500,,,ETF,3241,80,3240.5,-1.0,46.973766417,
32441,market_research_2026-04-04_22-23-04_live_round,c6abe590858247adbb3a88511acd7fc6,2026-04-05T03:24:47.699502+00:00,1775359487699502000,175198031233958,500,,,ETF,3242,40,3243.0,-2.0,47.768854167,
32446,market_research_2026-04-04_22-23-04_live_round,c6abe590858247adbb3a88511acd7fc6,2026-04-05T03:24:47.716953+00:00,1775359487716953000,175198048685083,500,,,ETF,3243,60,3243.0,0.0,47.786305292,
32571,market_research_2026-04-04_22-23-04_live_round,c6abe590858247adbb3a88511acd7fc6,2026-04-05T03:24:48.254474+00:00,1775359488254474000,175198586206833,500,,,ETF,3241,40,3241.0,0.0,48.323827042,
32828,market_research_2026-04-04_22-23-04_live_round,c6abe590858247adbb3a88511acd7fc6,2026-04-05T03:24:49.346497+00:00,1775359489346497000,175199678231458,500,,,ETF,3242,40,3243.0,-2.0,49.415851667,
32833,market_research_2026-04-04_22-23-04_live_round,c6abe590858247adbb3a88511acd7fc6,2026-04-05T03:24:49.363535+00:00,1775359489363535000,175199695270750,500,,,ETF,3243,60,3243.0,0.0,49.432890959,
32960,market_research_2026-04-04_22-23-04_live_round,c6abe590858247adbb3a88511acd7fc6,2026-04-05T03:24:49.919554+00:00,1775359489919554000,175200251290791,500,,,ETF,3244,40,3243.5,-1.0,49.988911,
33025,market_research_2026-04-04_22-23-04_live_round,c6abe590858247adbb3a88511acd7fc6,2026-04-05T03:24:50.190746+00:00,1775359490190746000,175200522483708,500,,,ETF,3244,40,3244.0,0.0,50.260103917,
33091,market_research_2026-04-04_22-23-04_live_round,c6abe590858247adbb3a88511acd7fc6,2026-04-05T03:24:50.480240+00:00,1775359490480240000,175200811977375,500,,,ETF,3246,40,3246.5,-1.0,50.549597584,
33096,market_research_2026-04-04_22-23-04_live_round,c6abe590858247adbb3a88511acd7fc6,2026-04-05T03:24:50.497517+00:00,1775359490497517000,175200829254041,500,,,ETF,3246,60,3246.0,0.0,50.56687425,
33221,market_research_2026-04-04_22-23-04_live_round,c6abe590858247adbb3a88511acd7fc6,2026-04-05T03:24:51.026415+00:00,1775359491026415000,175201358153916,500,,,ETF,3250,40,3252.0,-4.0,51.095774125,
33226,market_research_2026-04-04_22-23-04_live_round,c6abe590858247adbb3a88511acd7fc6,2026-04-05T03:24:51.044090+00:00,1775359491044090000,175201375828916,500,,,ETF,3251,60,3252.0,-2.0,51.113449125,
33231,market_research_2026-04-04_22-23-04_live_round,c6abe590858247adbb3a88511acd7fc6,2026-04-05T03:24:51.059356+00:00,1775359491059356000,175201391094458,500,,,ETF,3252,80,3252.0,0.0,51.128714667,
33292,market_research_2026-04-04_22-23-04_live_round,c6abe590858247adbb3a88511acd7fc6,2026-04-05T03:24:51.331381+00:00,1775359491331381000,175201663120416,500,,,ETF,3251,40,3251.0,0.0,51.400740625,
33356,market_research_2026-04-04_22-23-04_live_round,c6abe590858247adbb3a88511acd7fc6,2026-04-05T03:24:51.614993+00:00,1775359491614993000,175201946733458,500,,,ETF,3251,40,3247.0,-8.0,51.684353667,
33361,market_research_2026-04-04_22-23-04_live_round,c6abe590858247adbb3a88511acd7fc6,2026-04-05T03:24:51.631692+00:00,1775359491631692000,175201963431750,500,,,ETF,3251,20,3247.5,-7.0,51.701051959,
33362,market_research_2026-04-04_22-23-04_live_round,c6abe590858247adbb3a88511acd7fc6,2026-04-05T03:24:51.631789+00:00,1775359491631789000,175201963529750,500,,,ETF,3245,40,3247.5,-7.0,51.701149959,
33425,market_research_2026-04-04_22-23-04_live_round,c6abe590858247adbb3a88511acd7fc6,2026-04-05T03:24:51.896764+00:00,1775359491896764000,175202228504875,500,,,ETF,3242,40,3242.0,0.0,51.966125084,
33621,market_research_2026-04-04_22-23-04_live_round,c6abe590858247adbb3a88511acd7fc6,2026-04-05T03:24:52.729969+00:00,1775359492729969000,175203061711500,500,,,ETF,3240,40,3235.5,-9.0,52.799331709,
33626,market_research_2026-04-04_22-23-04_live_round,c6abe590858247adbb3a88511acd7fc6,2026-04-05T03:24:52.748083+00:00,1775359492748083000,175203079825208,500,,,ETF,3239,60,3235.5,-7.0,52.817445417,
33631,market_research_2026-04-04_22-23-04_live_round,c6abe590858247adbb3a88511acd7fc6,2026-04-05T03:24:52.767464+00:00,1775359492767464000,175203099205666,500,,,ETF,3238,80,3235.5,-5.0,52.836825875,
33636,market_research_2026-04-04_22-23-04_live_round,c6abe590858247adbb3a88511acd7fc6,2026-04-05T03:24:52.785836+00:00,1775359492785836000,175203117578833,500,,,ETF,3237,100,3235.5,-3.0,52.855199042,
33755,market_research_2026-04-04_22-23-04_live_round,c6abe590858247adbb3a88511acd7fc6,2026-04-05T03:24:53.293577+00:00,1775359493293577000,175203625320458,500,,,ETF,3239,40,3236.0,-6.0,53.362940667,
33760,market_research_2026-04-04_22-23-04_live_round,c6abe590858247adbb3a88511acd7fc6,2026-04-05T03:24:53.312077+00:00,1775359493312077000,175203643820875,500,,,ETF,3238,60,3236.0,-4.0,53.381441084,
33765,market_research_2026-04-04_22-23-04_live_round,c6abe590858247adbb3a88511acd7fc6,2026-04-05T03:24:53.330338+00:00,1775359493330338000,175203662080958,500,,,ETF,3237,80,3236.0,-2.0,53.399701167,
33770,market_research_2026-04-04_22-23-04_live_round,c6abe590858247adbb3a88511acd7fc6,2026-04-05T03:24:53.349298+00:00,1775359493349298000,175203681042125,500,,,ETF,3236,100,3236.0,0.0,53.418662334,
34269,market_research_2026-04-04_22-23-04_live_round,c6abe590858247adbb3a88511acd7fc6,2026-04-05T03:24:55.580973+00:00,1775359495580973000,175205912721750,500,,,ETF,3215,40,3213.5,-3.0,55.650341959,
34274,market_research_2026-04-04_22-23-04_live_round,c6abe590858247adbb3a88511acd7fc6,2026-04-05T03:24:55.598055+00:00,1775359495598055000,175205929803916,500,,,ETF,3214,60,3213.5,-1.0,55.667424125,
34526,market_research_2026-04-04_22-23-04_live_round,c6abe590858247adbb3a88511acd7fc6,2026-04-05T03:24:56.742916+00:00,1775359496742916000,175207074666416,500,,,ETF,3218,40,3218.0,0.0,56.812286625,
34656,market_research_2026-04-04_22-23-04_live_round,c6abe590858247adbb3a88511acd7fc6,2026-04-05T03:24:57.348492+00:00,1775359497348492000,175207680243833,500,,,ETF,3225,40,3225.0,0.0,57.417864042,
34851,market_research_2026-04-04_22-23-04_live_round,c6abe590858247adbb3a88511acd7fc6,2026-04-05T03:24:58.256452+00:00,1775359498256452000,175208588205541,500,,,ETF,3226,40,3226.0,0.0,58.32582575,
34981,market_research_2026-04-04_22-23-04_live_round,c6abe590858247adbb3a88511acd7fc6,2026-04-05T03:24:58.847801+00:00,1775359498847801000,175209179556375,500,,,ETF,3227,40,3224.5,-5.0,58.917176584,
34986,market_research_2026-04-04_22-23-04_live_round,c6abe590858247adbb3a88511acd7fc6,2026-04-05T03:24:58.868134+00:00,1775359498868134000,175209199888958,500,,,ETF,3226,60,3224.5,-3.0,58.937509167,
34991,market_research_2026-04-04_22-23-04_live_round,c6abe590858247adbb3a88511acd7fc6,2026-04-05T03:24:58.885316+00:00,1775359498885316000,175209217071750,500,,,ETF,3225,80,3224.5,-1.0,58.954691959,
35051,market_research_2026-04-04_22-23-04_live_round,c6abe590858247adbb3a88511acd7fc6,2026-04-05T03:24:59.148131+00:00,1775359499148131000,175209479886500,550,,,ETF,3224,40,3221.5,-5.0,59.217506709,
35056,market_research_2026-04-04_22-23-04_live_round,c6abe590858247adbb3a88511acd7fc6,2026-04-05T03:24:59.170183+00:00,1775359499170183000,175209501938791,550,,,ETF,3224,60,3222.0,-4.0,59.239559,
35117,market_research_2026-04-04_22-23-04_live_round,c6abe590858247adbb3a88511acd7fc6,2026-04-05T03:24:59.441515+00:00,1775359499441515000,175209773271083,550,,,ETF,3213,40,3212.0,-2.0,59.510891292,
35122,market_research_2026-04-04_22-23-04_live_round,c6abe590858247adbb3a88511acd7fc6,2026-04-05T03:24:59.458937+00:00,1775359499458937000,175209790694000,550,,,ETF,3213,60,3212.5,-1.0,59.528314209,
35127,market_research_2026-04-04_22-23-04_live_round,c6abe590858247adbb3a88511acd7fc6,2026-04-05T03:24:59.477327+00:00,1775359499477327000,175209809083666,550,,,ETF,3213,40,3213.0,0.0,59.546703875,
35187,market_research_2026-04-04_22-23-04_live_round,c6abe590858247adbb3a88511acd7fc6,2026-04-05T03:24:59.751106+00:00,1775359499751106000,175210082863000,550,,,ETF,3213,40,3213.5,-1.0,59.820483209,
35251,market_research_2026-04-04_22-23-04_live_round,c6abe590858247adbb3a88511acd7fc6,2026-04-05T03:25:00.047716+00:00,1775359500047716000,175210379473833,550,,,ETF,3214,40,3215.5,-3.0,60.117094042,
35256,market_research_2026-04-04_22-23-04_live_round,c6abe590858247adbb3a88511acd7fc6,2026-04-05T03:25:00.065321+00:00,1775359500065321000,175210397078375,550,,,ETF,3214,60,3215.0,-2.0,60.134698584,
35382,market_research_2026-04-04_22-23-04_live_round,c6abe590858247adbb3a88511acd7fc6,2026-04-05T03:25:00.645663+00:00,1775359500645663000,175210977421833,550,,,ETF,3218,40,3216.0,-4.0,60.715042042,
35387,market_research_2026-04-04_22-23-04_live_round,c6abe590858247adbb3a88511acd7fc6,2026-04-05T03:25:00.660788+00:00,1775359500660788000,175210992547250,550,,,ETF,3217,60,3216.0,-2.0,60.730167459,
35392,market_research_2026-04-04_22-23-04_live_round,c6abe590858247adbb3a88511acd7fc6,2026-04-05T03:25:00.678635+00:00,1775359500678635000,175211010394416,550,,,ETF,3216,80,3216.0,0.0,60.748014625,
35454,market_research_2026-04-04_22-23-04_live_round,c6abe590858247adbb3a88511acd7fc6,2026-04-05T03:25:00.964713+00:00,1775359500964713000,175211296472916,550,,,ETF,3215,40,3213.5,-3.0,61.034093125,
35459,market_research_2026-04-04_22-23-04_live_round,c6abe590858247adbb3a88511acd7fc6,2026-04-05T03:25:00.983766+00:00,1775359500983766000,175211315525666,550,,,ETF,3215,60,3214.0,-2.0,61.053145875,
35785,market_research_2026-04-04_22-23-04_live_round,c6abe590858247adbb3a88511acd7fc6,2026-04-05T03:25:02.463391+00:00,1775359502463391000,175212795153833,550,,,ETF,3204,40,3201.0,-6.0,62.532774042,
35790,market_research_2026-04-04_22-23-04_live_round,c6abe590858247adbb3a88511acd7fc6,2026-04-05T03:25:02.482378+00:00,1775359502482378000,175212814140666,550,,,ETF,3203,60,3201.0,-4.0,62.551760875,
35795,market_research_2026-04-04_22-23-04_live_round,c6abe590858247adbb3a88511acd7fc6,2026-04-05T03:25:02.500532+00:00,1775359502500532000,175212832295166,550,,,ETF,3203,80,3201.5,-3.0,62.569915375,
35800,market_research_2026-04-04_22-23-04_live_round,c6abe590858247adbb3a88511acd7fc6,2026-04-05T03:25:02.519057+00:00,1775359502519057000,175212850819833,550,,,ETF,3203,20,3202.0,-2.0,62.588440042,
35801,market_research_2026-04-04_22-23-04_live_round,c6abe590858247adbb3a88511acd7fc6,2026-04-05T03:25:02.520497+00:00,1775359502520497000,175212852260208,550,,,ETF,3202,80,3202.0,-2.0,62.589880417,
36305,market_research_2026-04-04_22-23-04_live_round,c6abe590858247adbb3a88511acd7fc6,2026-04-05T03:25:04.904867+00:00,1775359504904867000,175215236635208,550,,,ETF,3213,40,3212.0,-2.0,64.974255417,
36310,market_research_2026-04-04_22-23-04_live_round,c6abe590858247adbb3a88511acd7fc6,2026-04-05T03:25:04.924328+00:00,1775359504924328000,175215256095291,550,,,ETF,3212,60,3212.0,0.0,64.9937155,
36373,market_research_2026-04-04_22-23-04_live_round,c6abe590858247adbb3a88511acd7fc6,2026-04-05T03:25:05.201469+00:00,1775359505201469000,175215533236916,550,,,ETF,3210,40,3210.0,0.0,65.270857125,
36438,market_research_2026-04-04_22-23-04_live_round,c6abe590858247adbb3a88511acd7fc6,2026-04-05T03:25:05.507013+00:00,1775359505507013000,175215838781666,550,,,ETF,3204,40,3203.0,-2.0,65.576401875,
36443,market_research_2026-04-04_22-23-04_live_round,c6abe590858247adbb3a88511acd7fc6,2026-04-05T03:25:05.525269+00:00,1775359505525269000,175215857037958,550,,,ETF,3203,60,3203.0,0.0,65.594658167,
36824,market_research_2026-04-04_22-23-04_live_round,c6abe590858247adbb3a88511acd7fc6,2026-04-05T03:25:07.358225+00:00,1775359507358225000,175217689997291,550,,,ETF,3200,40,3196.0,-8.0,67.4276175,
36829,market_research_2026-04-04_22-23-04_live_round,c6abe590858247adbb3a88511acd7fc6,2026-04-05T03:25:07.376725+00:00,1775359507376725000,175217708498125,550,,,ETF,3199,60,3196.0,-6.0,67.446118334,
36834,market_research_2026-04-04_22-23-04_live_round,c6abe590858247adbb3a88511acd7fc6,2026-04-05T03:25:07.398907+00:00,1775359507398907000,175217730679583,550,,,ETF,3198,80,3196.0,-4.0,67.468299792,
36839,market_research_2026-04-04_22-23-04_live_round,c6abe590858247adbb3a88511acd7fc6,2026-04-05T03:25:07.417478+00:00,1775359507417478000,175217749250875,550,,,ETF,3197,100,3196.0,-2.0,67.486871084,
36897,market_research_2026-04-04_22-23-04_live_round,c6abe590858247adbb3a88511acd7fc6,2026-04-05T03:25:07.702458+00:00,1775359507702458000,175218034231458,550,,,ETF,3186,40,3186.0,0.0,67.771851667,
36958,market_research_2026-04-04_22-23-04_live_round,c6abe590858247adbb3a88511acd7fc6,2026-04-05T03:25:07.987688+00:00,1775359507987688000,175218319461875,550,,,ETF,3187,40,3189.0,-4.0,68.057082084,
36963,market_research_2026-04-04_22-23-04_live_round,c6abe590858247adbb3a88511acd7fc6,2026-04-05T03:25:08.009001+00:00,1775359508009001000,175218340775000,550,,,ETF,3187,20,3188.5,-3.0,68.078395209,
36964,market_research_2026-04-04_22-23-04_live_round,c6abe590858247adbb3a88511acd7fc6,2026-04-05T03:25:08.010581+00:00,1775359508010581000,175218342355125,550,,,ETF,3188,40,3188.5,-3.0,68.079975334,
36970,market_research_2026-04-04_22-23-04_live_round,c6abe590858247adbb3a88511acd7fc6,2026-04-05T03:25:08.033623+00:00,1775359508033623000,175218365397375,550,,,ETF,3188,40,3188.5,-1.0,68.103017584,
36971,market_research_2026-04-04_22-23-04_live_round,c6abe590858247adbb3a88511acd7fc6,2026-04-05T03:25:08.033732+00:00,1775359508033732000,175218365505875,550,,,ETF,3189,40,3188.5,-1.0,68.103126084,
37031,market_research_2026-04-04_22-23-04_live_round,c6abe590858247adbb3a88511acd7fc6,2026-04-05T03:25:08.310555+00:00,1775359508310555000,175218642329791,550,,,ETF,3189,40,3189.5,-1.0,68.37995,
37036,market_research_2026-04-04_22-23-04_live_round,c6abe590858247adbb3a88511acd7fc6,2026-04-05T03:25:08.329012+00:00,1775359508329012000,175218660787250,550,,,ETF,3189,20,3189.0,0.0,68.398407459,
37101,market_research_2026-04-04_22-23-04_live_round,c6abe590858247adbb3a88511acd7fc6,2026-04-05T03:25:08.633299+00:00,1775359508633299000,175218965074416,550,,,ETF,3196,40,3196.5,-1.0,68.702694625,
37167,market_research_2026-04-04_22-23-04_live_round,c6abe590858247adbb3a88511acd7fc6,2026-04-05T03:25:08.939936+00:00,1775359508939936000,175219271712333,550,,,ETF,3196,40,3191.0,-10.0,69.009332542,
37172,market_research_2026-04-04_22-23-04_live_round,c6abe590858247adbb3a88511acd7fc6,2026-04-05T03:25:08.959764+00:00,1775359508959764000,175219291540458,550,,,ETF,3196,20,3191.5,-9.0,69.029160667,
37173,market_research_2026-04-04_22-23-04_live_round,c6abe590858247adbb3a88511acd7fc6,2026-04-05T03:25:08.959867+00:00,1775359508959867000,175219291643166,550,,,ETF,3195,40,3191.5,-9.0,69.029263375,
37179,market_research_2026-04-04_22-23-04_live_round,c6abe590858247adbb3a88511acd7fc6,2026-04-05T03:25:08.983648+00:00,1775359508983648000,175219315424500,550,,,ETF,3195,40,3191.5,-7.0,69.053044709,
37180,market_research_2026-04-04_22-23-04_live_round,c6abe590858247adbb3a88511acd7fc6,2026-04-05T03:25:08.983763+00:00,1775359508983763000,175219315539000,550,,,ETF,3194,40,3191.5,-7.0,69.053159209,
37186,market_research_2026-04-04_22-23-04_live_round,c6abe590858247adbb3a88511acd7fc6,2026-04-05T03:25:09.019114+00:00,1775359509019114000,175219350890208,550,,,ETF,3194,60,3191.5,-5.0,69.088510417,
37195,market_research_2026-04-04_22-23-04_live_round,c6abe590858247adbb3a88511acd7fc6,2026-04-05T03:25:09.055510+00:00,1775359509055510000,175219387286541,550,,,ETF,3180,40,3180.0,0.0,69.12490675,
37819,market_research_2026-04-04_22-23-04_live_round,c6abe590858247adbb3a88511acd7fc6,2026-04-05T03:25:12.063162+00:00,1775359512063162000,175222394945125,550,,,ETF,3191,40,3192.5,-3.0,72.132565334,
37824,market_research_2026-04-04_22-23-04_live_round,c6abe590858247adbb3a88511acd7fc6,2026-04-05T03:25:12.081876+00:00,1775359512081876000,175222413658750,550,,,ETF,3192,60,3192.5,-1.0,72.151278959,
37829,market_research_2026-04-04_22-23-04_live_round,c6abe590858247adbb3a88511acd7fc6,2026-04-05T03:25:12.102205+00:00,1775359512102205000,175222433987625,550,,,ETF,3192,40,3192.0,0.0,72.171607834,
37830,market_research_2026-04-04_22-23-04_live_round,c6abe590858247adbb3a88511acd7fc6,2026-04-05T03:25:12.102314+00:00,1775359512102314000,175222434097208,550,,,ETF,3192,40,3192.0,0.0,72.171717417,
37891,market_research_2026-04-04_22-23-04_live_round,c6abe590858247adbb3a88511acd7fc6,2026-04-05T03:25:12.397683+00:00,1775359512397683000,175222729466375,550,,,ETF,3194,40,3199.0,-10.0,72.467086584,
37896,market_research_2026-04-04_22-23-04_live_round,c6abe590858247adbb3a88511acd7fc6,2026-04-05T03:25:12.417203+00:00,1775359512417203000,175222748985958,550,,,ETF,3194,60,3198.5,-9.0,72.486606167,
37901,market_research_2026-04-04_22-23-04_live_round,c6abe590858247adbb3a88511acd7fc6,2026-04-05T03:25:12.436973+00:00,1775359512436973000,175222768756166,550,,,ETF,3200,40,3201.0,-2.0,72.506376375,
37902,market_research_2026-04-04_22-23-04_live_round,c6abe590858247adbb3a88511acd7fc6,2026-04-05T03:25:12.437080+00:00,1775359512437080000,175222768863791,550,,,ETF,3201,40,3201.0,-2.0,72.506484,
37908,market_research_2026-04-04_22-23-04_live_round,c6abe590858247adbb3a88511acd7fc6,2026-04-05T03:25:12.462453+00:00,1775359512462453000,175222794236625,550,,,ETF,3201,20,3201.0,0.0,72.531856834,
38024,market_research_2026-04-04_22-23-04_live_round,c6abe590858247adbb3a88511acd7fc6,2026-04-05T03:25:13.032363+00:00,1775359513032363000,175223364147375,550,,,ETF,3202,40,3203.5,-3.0,73.101767584,
38029,market_research_2026-04-04_22-23-04_live_round,c6abe590858247adbb3a88511acd7fc6,2026-04-05T03:25:13.051635+00:00,1775359513051635000,175223383420250,550,,,ETF,3203,60,3203.5,-1.0,73.121040459,
38092,market_research_2026-04-04_22-23-04_live_round,c6abe590858247adbb3a88511acd7fc6,2026-04-05T03:25:13.359057+00:00,1775359513359057000,175223690842125,550,,,ETF,3205,40,3206.0,-2.0,73.428462334,
38097,market_research_2026-04-04_22-23-04_live_round,c6abe590858247adbb3a88511acd7fc6,2026-04-05T03:25:13.379253+00:00,1775359513379253000,175223711038666,550,,,ETF,3205,60,3205.5,-1.0,73.448658875,
38286,market_research_2026-04-04_22-23-04_live_round,c6abe590858247adbb3a88511acd7fc6,2026-04-05T03:25:14.301279+00:00,1775359514301279000,175224633066458,550,,,ETF,3209,40,3208.5,-1.0,74.370686667,
38360,market_research_2026-04-04_22-23-04_live_round,c6abe590858247adbb3a88511acd7fc6,2026-04-05T03:25:14.684035+00:00,1775359514684035000,175225015822333,600,,,ETF,3206,40,3200.5,-11.0,0.303140375,
38365,market_research_2026-04-04_22-23-04_live_round,c6abe590858247adbb3a88511acd7fc6,2026-04-05T03:25:14.707254+00:00,1775359514707254000,175225039042458,600,,,ETF,3206,60,3201.0,-10.0,0.3263605,
38370,market_research_2026-04-04_22-23-04_live_round,c6abe590858247adbb3a88511acd7fc6,2026-04-05T03:25:14.726556+00:00,1775359514726556000,175225058343958,600,,,ETF,3202,40,3199.5,-5.0,0.345662,
38371,market_research_2026-04-04_22-23-04_live_round,c6abe590858247adbb3a88511acd7fc6,2026-04-05T03:25:14.726655+00:00,1775359514726655000,175225058443291,600,,,ETF,3201,40,3199.5,-5.0,0.345761333,
38377,market_research_2026-04-04_22-23-04_live_round,c6abe590858247adbb3a88511acd7fc6,2026-04-05T03:25:14.751268+00:00,1775359514751268000,175225083056541,600,,,ETF,3201,20,3199.5,-3.0,0.370374583,
38378,market_research_2026-04-04_22-23-04_live_round,c6abe590858247adbb3a88511acd7fc6,2026-04-05T03:25:14.752836+00:00,1775359514752836000,175225084624750,600,,,ETF,3200,80,3199.5,-3.0,0.371942792,
38622,market_research_2026-04-04_22-23-04_live_round,c6abe590858247adbb3a88511acd7fc6,2026-04-05T03:25:16.000255+00:00,1775359516000255000,175226332045958,600,,,ETF,3199,40,3197.5,-3.0,1.619364,
38627,market_research_2026-04-04_22-23-04_live_round,c6abe590858247adbb3a88511acd7fc6,2026-04-05T03:25:16.019133+00:00,1775359516019133000,175226350923666,600,,,ETF,3198,60,3197.5,-1.0,1.638241708,
38632,market_research_2026-04-04_22-23-04_live_round,c6abe590858247adbb3a88511acd7fc6,2026-04-05T03:25:16.036580+00:00,1775359516036580000,175226368371083,600,,,ETF,3198,80,3198.0,0.0,1.655689125,
38693,market_research_2026-04-04_22-23-04_live_round,c6abe590858247adbb3a88511acd7fc6,2026-04-05T03:25:16.337612+00:00,1775359516337612000,175226669403875,600,,,ETF,3196,40,3195.5,-1.0,1.956721917,
38698,market_research_2026-04-04_22-23-04_live_round,c6abe590858247adbb3a88511acd7fc6,2026-04-05T03:25:16.356739+00:00,1775359516356739000,175226688530708,600,,,ETF,3196,60,3196.0,0.0,1.97584875,
38820,market_research_2026-04-04_22-23-04_live_round,c6abe590858247adbb3a88511acd7fc6,2026-04-05T03:25:16.985550+00:00,1775359516985550000,175227317342541,600,,,ETF,3198,40,3203.0,-10.0,2.604660583,
38825,market_research_2026-04-04_22-23-04_live_round,c6abe590858247adbb3a88511acd7fc6,2026-04-05T03:25:17.004698+00:00,1775359517004698000,175227336490708,600,,,ETF,3198,60,3202.5,-9.0,2.62380875,
38830,market_research_2026-04-04_22-23-04_live_round,c6abe590858247adbb3a88511acd7fc6,2026-04-05T03:25:17.023645+00:00,1775359517023645000,175227355437666,600,,,ETF,3201,40,3203.5,-5.0,2.642755708,
38831,market_research_2026-04-04_22-23-04_live_round,c6abe590858247adbb3a88511acd7fc6,2026-04-05T03:25:17.023741+00:00,1775359517023741000,175227355533875,600,,,ETF,3202,40,3203.5,-5.0,2.642851917,
38837,market_research_2026-04-04_22-23-04_live_round,c6abe590858247adbb3a88511acd7fc6,2026-04-05T03:25:17.044360+00:00,1775359517044360000,175227376153500,600,,,ETF,3202,20,3203.5,-3.0,2.663471542,
38838,market_research_2026-04-04_22-23-04_live_round,c6abe590858247adbb3a88511acd7fc6,2026-04-05T03:25:17.044455+00:00,1775359517044455000,175227376248333,600,,,ETF,3203,80,3203.5,-3.0,2.663566375,
38896,market_research_2026-04-04_22-23-04_live_round,c6abe590858247adbb3a88511acd7fc6,2026-04-05T03:25:17.339179+00:00,1775359517339179000,175227670973125,600,,,ETF,3204,40,3204.5,-1.0,2.958291167,
38901,market_research_2026-04-04_22-23-04_live_round,c6abe590858247adbb3a88511acd7fc6,2026-04-05T03:25:17.360074+00:00,1775359517360074000,175227691867666,600,,,ETF,3204,60,3204.0,0.0,2.979185708,
38967,market_research_2026-04-04_22-23-04_live_round,c6abe590858247adbb3a88511acd7fc6,2026-04-05T03:25:17.679799+00:00,1775359517679799000,175228011593041,600,,,ETF,3211,40,3212.0,-2.0,3.298911083,
38972,market_research_2026-04-04_22-23-04_live_round,c6abe590858247adbb3a88511acd7fc6,2026-04-05T03:25:17.700680+00:00,1775359517700680000,175228032474458,600,,,ETF,3212,60,3212.0,0.0,3.3197925,
38984,market_research_2026-04-04_22-23-04_live_round,c6abe590858247adbb3a88511acd7fc6,2026-04-05T03:25:17.756015+00:00,1775359517756015000,175228087809875,600,,,ETF,3211,80,3208.5,-5.0,3.375127917,
38985,market_research_2026-04-04_22-23-04_live_round,c6abe590858247adbb3a88511acd7fc6,2026-04-05T03:25:17.757615+00:00,1775359517757615000,175228089410041,600,,,ETF,3210,100,3208.5,-5.0,3.376728083,
39101,market_research_2026-04-04_22-23-04_live_round,c6abe590858247adbb3a88511acd7fc6,2026-04-05T03:25:18.317622+00:00,1775359518317622000,175228649417958,600,,,ETF,3208,40,3204.5,-7.0,3.936736,
39106,market_research_2026-04-04_22-23-04_live_round,c6abe590858247adbb3a88511acd7fc6,2026-04-05T03:25:18.338552+00:00,1775359518338552000,175228670348125,600,,,ETF,3207,60,3204.5,-5.0,3.957666167,
39111,market_research_2026-04-04_22-23-04_live_round,c6abe590858247adbb3a88511acd7fc6,2026-04-05T03:25:18.358821+00:00,1775359518358821000,175228690616625,600,,,ETF,3206,80,3204.5,-3.0,3.977934667,
39116,market_research_2026-04-04_22-23-04_live_round,c6abe590858247adbb3a88511acd7fc6,2026-04-05T03:25:18.377891+00:00,1775359518377891000,175228709686708,600,,,ETF,3205,100,3204.5,-1.0,3.99700475,
39173,market_research_2026-04-04_22-23-04_live_round,c6abe590858247adbb3a88511acd7fc6,2026-04-05T03:25:18.657523+00:00,1775359518657523000,175228989319083,600,,,ETF,3195,40,3195.0,0.0,4.276637125,
39186,market_research_2026-04-04_22-23-04_live_round,c6abe590858247adbb3a88511acd7fc6,2026-04-05T03:25:18.719936+00:00,1775359518719936000,175229051732250,600,,,ETF,3192,100,3185.5,-13.0,4.339050292,
39187,market_research_2026-04-04_22-23-04_live_round,c6abe590858247adbb3a88511acd7fc6,2026-04-05T03:25:18.721550+00:00,1775359518721550000,175229053346500,600,,,ETF,3189,40,3185.5,-13.0,4.340664542,
39188,market_research_2026-04-04_22-23-04_live_round,c6abe590858247adbb3a88511acd7fc6,2026-04-05T03:25:18.721657+00:00,1775359518721657000,175229053453541,600,,,ETF,3188,60,3185.5,-13.0,4.340771583,
39243,market_research_2026-04-04_22-23-04_live_round,c6abe590858247adbb3a88511acd7fc6,2026-04-05T03:25:18.980317+00:00,1775359518980317000,175229312114458,600,,,ETF,3187,40,3187.0,0.0,4.5994325,
39305,market_research_2026-04-04_22-23-04_live_round,c6abe590858247adbb3a88511acd7fc6,2026-04-05T03:25:19.297011+00:00,1775359519297011000,175229628809083,600,,,ETF,3186,40,3182.5,-7.0,4.916127125,
39310,market_research_2026-04-04_22-23-04_live_round,c6abe590858247adbb3a88511acd7fc6,2026-04-05T03:25:19.318757+00:00,1775359519318757000,175229650554916,600,,,ETF,3186,60,3183.0,-6.0,4.937872958,
39315,market_research_2026-04-04_22-23-04_live_round,c6abe590858247adbb3a88511acd7fc6,2026-04-05T03:25:19.340216+00:00,1775359519340216000,175229672014375,600,,,ETF,3181,40,3181.0,0.0,4.959332417,
39436,market_research_2026-04-04_22-23-04_live_round,c6abe590858247adbb3a88511acd7fc6,2026-04-05T03:25:19.931873+00:00,1775359519931873000,175230263672416,600,,,ETF,3182,40,3187.0,-10.0,5.550990458,
39441,market_research_2026-04-04_22-23-04_live_round,c6abe590858247adbb3a88511acd7fc6,2026-04-05T03:25:19.956513+00:00,1775359519956513000,175230288311916,600,,,ETF,3182,60,3186.5,-9.0,5.575629958,
39446,market_research_2026-04-04_22-23-04_live_round,c6abe590858247adbb3a88511acd7fc6,2026-04-05T03:25:19.983367+00:00,1775359519983367000,175230315166500,600,,,ETF,3185,40,3187.5,-5.0,5.602484542,
39447,market_research_2026-04-04_22-23-04_live_round,c6abe590858247adbb3a88511acd7fc6,2026-04-05T03:25:19.985006+00:00,1775359519985006000,175230316805750,600,,,ETF,3186,40,3187.5,-5.0,5.604123792,
39453,market_research_2026-04-04_22-23-04_live_round,c6abe590858247adbb3a88511acd7fc6,2026-04-05T03:25:20.009675+00:00,1775359520009675000,175230341473750,600,,,ETF,3186,20,3187.5,-3.0,5.628791792,
39454,market_research_2026-04-04_22-23-04_live_round,c6abe590858247adbb3a88511acd7fc6,2026-04-05T03:25:20.009781+00:00,1775359520009781000,175230341580666,600,,,ETF,3187,80,3187.5,-3.0,5.628898708,
39512,market_research_2026-04-04_22-23-04_live_round,c6abe590858247adbb3a88511acd7fc6,2026-04-05T03:25:20.296218+00:00,1775359520296218000,175230628017416,600,,,ETF,3188,40,3192.0,-8.0,5.915335458,
39517,market_research_2026-04-04_22-23-04_live_round,c6abe590858247adbb3a88511acd7fc6,2026-04-05T03:25:20.318012+00:00,1775359520318012000,175230649812125,600,,,ETF,3188,60,3191.5,-7.0,5.937130167,
39579,market_research_2026-04-04_22-23-04_live_round,c6abe590858247adbb3a88511acd7fc6,2026-04-05T03:25:20.615766+00:00,1775359520615766000,175230947566208,600,,,ETF,3194,40,3189.5,-9.0,6.23488425,
39584,market_research_2026-04-04_22-23-04_live_round,c6abe590858247adbb3a88511acd7fc6,2026-04-05T03:25:20.635202+00:00,1775359520635202000,175230967002541,600,,,ETF,3194,40,3190.0,-8.0,6.254320583,
39585,market_research_2026-04-04_22-23-04_live_round,c6abe590858247adbb3a88511acd7fc6,2026-04-05T03:25:20.635300+00:00,1775359520635300000,175230967101000,600,,,ETF,3193,20,3190.0,-8.0,6.254419042,
39591,market_research_2026-04-04_22-23-04_live_round,c6abe590858247adbb3a88511acd7fc6,2026-04-05T03:25:20.658267+00:00,1775359520658267000,175230990067916,600,,,ETF,3193,80,3190.0,-6.0,6.277385958,
39710,market_research_2026-04-04_22-23-04_live_round,c6abe590858247adbb3a88511acd7fc6,2026-04-05T03:25:21.274931+00:00,1775359521274931000,175231606732833,600,,,ETF,3177,40,3177.0,0.0,6.894050875,
39838,market_research_2026-04-04_22-23-04_live_round,c6abe590858247adbb3a88511acd7fc6,2026-04-05T03:25:21.928052+00:00,1775359521928052000,175232259855375,600,,,ETF,3179,40,3179.5,-1.0,7.547173417,
39904,market_research_2026-04-04_22-23-04_live_round,c6abe590858247adbb3a88511acd7fc6,2026-04-05T03:25:22.263127+00:00,1775359522263127000,175232594931208,600,,,ETF,3182,40,3182.0,0.0,7.88224925,
39970,market_research_2026-04-04_22-23-04_live_round,c6abe590858247adbb3a88511acd7fc6,2026-04-05T03:25:22.598492+00:00,1775359522598492000,175232930296500,600,,,ETF,3188,40,3194.0,-12.0,8.217614542,
39975,market_research_2026-04-04_22-23-04_live_round,c6abe590858247adbb3a88511acd7fc6,2026-04-05T03:25:22.618568+00:00,1775359522618568000,175232950372500,600,,,ETF,3189,60,3194.0,-10.0,8.237690542,
39980,market_research_2026-04-04_22-23-04_live_round,c6abe590858247adbb3a88511acd7fc6,2026-04-05T03:25:22.646432+00:00,1775359522646432000,175232978236708,600,,,ETF,3189,40,3193.5,-9.0,8.26555475,
39981,market_research_2026-04-04_22-23-04_live_round,c6abe590858247adbb3a88511acd7fc6,2026-04-05T03:25:22.646616+00:00,1775359522646616000,175232978420791,600,,,ETF,3189,40,3193.5,-9.0,8.265738833,
39986,market_research_2026-04-04_22-23-04_live_round,c6abe590858247adbb3a88511acd7fc6,2026-04-05T03:25:22.672561+00:00,1775359522672561000,175233004365625,600,,,ETF,3189,20,3193.0,-8.0,8.291683667,
39987,market_research_2026-04-04_22-23-04_live_round,c6abe590858247adbb3a88511acd7fc6,2026-04-05T03:25:22.672752+00:00,1775359522672752000,175233004556625,600,,,ETF,3190,80,3193.0,-8.0,8.291874667,
40044,market_research_2026-04-04_22-23-04_live_round,c6abe590858247adbb3a88511acd7fc6,2026-04-05T03:25:22.974025+00:00,1775359522974025000,175233305830625,625,,,ETF,3191,40,3200.0,-18.0,8.593148667,
40049,market_research_2026-04-04_22-23-04_live_round,c6abe590858247adbb3a88511acd7fc6,2026-04-05T03:25:22.994993+00:00,1775359522994993000,175233326798833,625,,,ETF,3191,60,3199.5,-17.0,8.614116875,
40054,market_research_2026-04-04_22-23-04_live_round,c6abe590858247adbb3a88511acd7fc6,2026-04-05T03:25:23.017140+00:00,1775359523017140000,175233348945500,625,,,ETF,3206,40,3206.5,-1.0,8.636263542,
40055,market_research_2026-04-04_22-23-04_live_round,c6abe590858247adbb3a88511acd7fc6,2026-04-05T03:25:23.017246+00:00,1775359523017246000,175233349051666,625,,,ETF,3207,40,3206.5,-1.0,8.636369708,
40302,market_research_2026-04-04_22-23-04_live_round,c6abe590858247adbb3a88511acd7fc6,2026-04-05T03:25:24.293437+00:00,1775359524293437000,175234625244583,625,,,ETF,3205,40,3205.5,-1.0,9.912562625,
40431,market_research_2026-04-04_22-23-04_live_round,c6abe590858247adbb3a88511acd7fc6,2026-04-05T03:25:24.948699+00:00,1775359524948699000,175235280508125,625,,,ETF,3209,40,3211.0,-4.0,10.567826167,
40436,market_research_2026-04-04_22-23-04_live_round,c6abe590858247adbb3a88511acd7fc6,2026-04-05T03:25:24.967005+00:00,1775359524967005000,175235298814791,625,,,ETF,3210,60,3211.0,-2.0,10.586132833,
40441,market_research_2026-04-04_22-23-04_live_round,c6abe590858247adbb3a88511acd7fc6,2026-04-05T03:25:24.983524+00:00,1775359524983524000,175235315333416,625,,,ETF,3211,80,3211.0,0.0,10.602651458,
40501,market_research_2026-04-04_22-23-04_live_round,c6abe590858247adbb3a88511acd7fc6,2026-04-05T03:25:25.296772+00:00,1775359525296772000,175235628582000,625,,,ETF,3212,40,3216.0,-8.0,10.915900042,
40506,market_research_2026-04-04_22-23-04_live_round,c6abe590858247adbb3a88511acd7fc6,2026-04-05T03:25:25.316689+00:00,1775359525316689000,175235648498791,625,,,ETF,3212,60,3215.5,-7.0,10.935816833,
40567,market_research_2026-04-04_22-23-04_live_round,c6abe590858247adbb3a88511acd7fc6,2026-04-05T03:25:25.630367+00:00,1775359525630367000,175235962177666,625,,,ETF,3222,40,3222.0,0.0,11.249495708,
40695,market_research_2026-04-04_22-23-04_live_round,c6abe590858247adbb3a88511acd7fc6,2026-04-05T03:25:26.284604+00:00,1775359526284604000,175236616416291,625,,,ETF,3223,40,3226.5,-7.0,11.903734333,
40700,market_research_2026-04-04_22-23-04_live_round,c6abe590858247adbb3a88511acd7fc6,2026-04-05T03:25:26.308410+00:00,1775359526308410000,175236640222791,625,,,ETF,3224,60,3226.5,-5.0,11.927540833,
40705,market_research_2026-04-04_22-23-04_live_round,c6abe590858247adbb3a88511acd7fc6,2026-04-05T03:25:26.326899+00:00,1775359526326899000,175236658711958,625,,,ETF,3225,80,3226.5,-3.0,11.94603,
40710,market_research_2026-04-04_22-23-04_live_round,c6abe590858247adbb3a88511acd7fc6,2026-04-05T03:25:26.346682+00:00,1775359526346682000,175236678494875,625,,,ETF,3226,100,3226.5,-1.0,11.965812917,
40891,market_research_2026-04-04_22-23-04_live_round,c6abe590858247adbb3a88511acd7fc6,2026-04-05T03:25:27.273317+00:00,1775359527273317000,175237605131291,625,,,ETF,3226,40,3228.0,-4.0,12.892449333,
40896,market_research_2026-04-04_22-23-04_live_round,c6abe590858247adbb3a88511acd7fc6,2026-04-05T03:25:27.294646+00:00,1775359527294646000,175237626460083,625,,,ETF,3227,60,3228.0,-2.0,12.913778125,
40901,market_research_2026-04-04_22-23-04_live_round,c6abe590858247adbb3a88511acd7fc6,2026-04-05T03:25:27.319284+00:00,1775359527319284000,175237651098541,625,,,ETF,3228,80,3228.0,0.0,12.938416583,
41023,market_research_2026-04-04_22-23-04_live_round,c6abe590858247adbb3a88511acd7fc6,2026-04-05T03:25:27.946537+00:00,1775359527946537000,175238278353166,625,,,ETF,3231,40,3231.5,-1.0,13.565671208,
41217,market_research_2026-04-04_22-23-04_live_round,c6abe590858247adbb3a88511acd7fc6,2026-04-05T03:25:28.968775+00:00,1775359528968775000,175239300592791,625,,,ETF,3226,40,3223.5,-5.0,14.587910833,
41222,market_research_2026-04-04_22-23-04_live_round,c6abe590858247adbb3a88511acd7fc6,2026-04-05T03:25:28.988936+00:00,1775359528988936000,175239320753958,625,,,ETF,3226,60,3224.0,-4.0,14.608072,
41227,market_research_2026-04-04_22-23-04_live_round,c6abe590858247adbb3a88511acd7fc6,2026-04-05T03:25:29.009035+00:00,1775359529009035000,175239340852666,625,,,ETF,3224,40,3223.5,-1.0,14.628170708,
41228,market_research_2026-04-04_22-23-04_live_round,c6abe590858247adbb3a88511acd7fc6,2026-04-05T03:25:29.009136+00:00,1775359529009136000,175239340953666,625,,,ETF,3223,40,3223.5,-1.0,14.628271708,
41290,market_research_2026-04-04_22-23-04_live_round,c6abe590858247adbb3a88511acd7fc6,2026-04-05T03:25:29.324712+00:00,1775359529324712000,175239656530000,625,,,ETF,3221,40,3216.0,-10.0,14.943848042,
41295,market_research_2026-04-04_22-23-04_live_round,c6abe590858247adbb3a88511acd7fc6,2026-04-05T03:25:29.347169+00:00,1775359529347169000,175239678987375,625,,,ETF,3221,60,3216.5,-9.0,14.966305417,
41300,market_research_2026-04-04_22-23-04_live_round,c6abe590858247adbb3a88511acd7fc6,2026-04-05T03:25:29.368886+00:00,1775359529368886000,175239700705041,625,,,ETF,3215,40,3214.0,-2.0,14.988023083,
41301,market_research_2026-04-04_22-23-04_live_round,c6abe590858247adbb3a88511acd7fc6,2026-04-05T03:25:29.368982+00:00,1775359529368982000,175239700800750,625,,,ETF,3214,40,3214.0,-2.0,14.988118792,
41307,market_research_2026-04-04_22-23-04_live_round,c6abe590858247adbb3a88511acd7fc6,2026-04-05T03:25:29.393188+00:00,1775359529393188000,175239725007041,625,,,ETF,3214,20,3214.0,0.0,15.012325083,
41362,market_research_2026-04-04_22-23-04_live_round,c6abe590858247adbb3a88511acd7fc6,2026-04-05T03:25:29.693797+00:00,1775359529693797000,175240025616666,625,,,ETF,3212,40,3209.0,-6.0,15.312934708,
41367,market_research_2026-04-04_22-23-04_live_round,c6abe590858247adbb3a88511acd7fc6,2026-04-05T03:25:29.712858+00:00,1775359529712858000,175240044677166,625,,,ETF,3212,60,3209.5,-5.0,15.331995208,
41554,market_research_2026-04-04_22-23-04_live_round,c6abe590858247adbb3a88511acd7fc6,2026-04-05T03:25:30.755759+00:00,1775359530755759000,175241087580166,625,,,ETF,3201,40,3201.5,-1.0,16.374898208,
41572,market_research_2026-04-04_22-23-04_live_round,c6abe590858247adbb3a88511acd7fc6,2026-04-05T03:25:30.855004+00:00,1775359530855004000,175241186826208,625,,,ETF,3204,100,3209.0,-10.0,16.47414425,
41573,market_research_2026-04-04_22-23-04_live_round,c6abe590858247adbb3a88511acd7fc6,2026-04-05T03:25:30.855116+00:00,1775359530855116000,175241186938041,625,,,ETF,3208,40,3209.0,-10.0,16.474256083,
41574,market_research_2026-04-04_22-23-04_live_round,c6abe590858247adbb3a88511acd7fc6,2026-04-05T03:25:30.855212+00:00,1775359530855212000,175241187033958,625,,,ETF,3209,60,3209.0,-10.0,16.474352,
41823,market_research_2026-04-04_22-23-04_live_round,c6abe590858247adbb3a88511acd7fc6,2026-04-05T03:25:32.234687+00:00,1775359532234687000,175242566511625,625,,,ETF,3217,40,3217.5,-1.0,17.853829667,
41828,market_research_2026-04-04_22-23-04_live_round,c6abe590858247adbb3a88511acd7fc6,2026-04-05T03:25:32.255531+00:00,1775359532255531000,175242587355625,625,,,ETF,3217,60,3217.0,0.0,17.874673667,
41892,market_research_2026-04-04_22-23-04_live_round,c6abe590858247adbb3a88511acd7fc6,2026-04-05T03:25:32.591810+00:00,1775359532591810000,175242923635583,625,,,ETF,3220,40,3224.0,-8.0,18.210953625,
41897,market_research_2026-04-04_22-23-04_live_round,c6abe590858247adbb3a88511acd7fc6,2026-04-05T03:25:32.613567+00:00,1775359532613567000,175242945392916,625,,,ETF,3220,60,3223.5,-7.0,18.232710958,
41902,market_research_2026-04-04_22-23-04_live_round,c6abe590858247adbb3a88511acd7fc6,2026-04-05T03:25:32.636387+00:00,1775359532636387000,175242968212916,625,,,ETF,3224,40,3225.0,-2.0,18.255530958,
41903,market_research_2026-04-04_22-23-04_live_round,c6abe590858247adbb3a88511acd7fc6,2026-04-05T03:25:32.636492+00:00,1775359532636492000,175242968318166,625,,,ETF,3225,40,3225.0,-2.0,18.255636208,
41909,market_research_2026-04-04_22-23-04_live_round,c6abe590858247adbb3a88511acd7fc6,2026-04-05T03:25:32.663443+00:00,1775359532663443000,175242995268416,625,,,ETF,3225,20,3225.0,0.0,18.282586458,
41965,market_research_2026-04-04_22-23-04_live_round,c6abe590858247adbb3a88511acd7fc6,2026-04-05T03:25:32.968757+00:00,1775359532968757000,175243300583416,625,,,ETF,3227,40,3230.5,-7.0,18.587901458,
41970,market_research_2026-04-04_22-23-04_live_round,c6abe590858247adbb3a88511acd7fc6,2026-04-05T03:25:32.989279+00:00,1775359532989279000,175243321105166,625,,,ETF,3227,60,3230.0,-6.0,18.608423208,
42094,market_research_2026-04-04_22-23-04_live_round,c6abe590858247adbb3a88511acd7fc6,2026-04-05T03:25:33.654164+00:00,1775359533654164000,175243985991708,625,,,ETF,3233,40,3232.0,-2.0,19.27330975,
42099,market_research_2026-04-04_22-23-04_live_round,c6abe590858247adbb3a88511acd7fc6,2026-04-05T03:25:33.674797+00:00,1775359533674797000,175244006624833,625,,,ETF,3232,60,3232.0,0.0,19.293942875,
42544,market_research_2026-04-04_22-23-04_live_round,c6abe590858247adbb3a88511acd7fc6,2026-04-05T03:25:36.044775+00:00,1775359536044775000,175246376607500,625,,,ETF,3226,40,3225.0,-2.0,21.663925542,
42549,market_research_2026-04-04_22-23-04_live_round,c6abe590858247adbb3a88511acd7fc6,2026-04-05T03:25:36.066085+00:00,1775359536066085000,175246397917583,625,,,ETF,3226,60,3225.5,-1.0,21.685235625,
42554,market_research_2026-04-04_22-23-04_live_round,c6abe590858247adbb3a88511acd7fc6,2026-04-05T03:25:36.088272+00:00,1775359536088272000,175246420104625,625,,,ETF,3226,40,3226.0,0.0,21.707422667,
42615,market_research_2026-04-04_22-23-04_live_round,c6abe590858247adbb3a88511acd7fc6,2026-04-05T03:25:36.422313+00:00,1775359536422313000,175246754146291,625,,,ETF,3223,40,3220.5,-5.0,22.041464333,
42620,market_research_2026-04-04_22-23-04_live_round,c6abe590858247adbb3a88511acd7fc6,2026-04-05T03:25:36.445831+00:00,1775359536445831000,175246777664958,625,,,ETF,3223,60,3221.0,-4.0,22.064983,
42747,market_research_2026-04-04_22-23-04_live_round,c6abe590858247adbb3a88511acd7fc6,2026-04-05T03:25:37.119038+00:00,1775359537119038000,175247450872916,625,,,ETF,3221,40,3223.5,-5.0,22.738190958,
42752,market_research_2026-04-04_22-23-04_live_round,c6abe590858247adbb3a88511acd7fc6,2026-04-05T03:25:37.140564+00:00,1775359537140564000,175247472398916,625,,,ETF,3221,60,3223.0,-4.0,22.759716958,
42757,market_research_2026-04-04_22-23-04_live_round,c6abe590858247adbb3a88511acd7fc6,2026-04-05T03:25:37.166591+00:00,1775359537166591000,175247498425875,625,,,ETF,3221,40,3222.5,-3.0,22.785743917,
42758,market_research_2026-04-04_22-23-04_live_round,c6abe590858247adbb3a88511acd7fc6,2026-04-05T03:25:37.168328+00:00,1775359537168328000,175247500162958,625,,,ETF,3222,40,3222.5,-3.0,22.787481,
42764,market_research_2026-04-04_22-23-04_live_round,c6abe590858247adbb3a88511acd7fc6,2026-04-05T03:25:37.194974+00:00,1775359537194974000,175247526808875,625,,,ETF,3222,20,3222.5,-1.0,22.814126917,
42765,market_research_2026-04-04_22-23-04_live_round,c6abe590858247adbb3a88511acd7fc6,2026-04-05T03:25:37.195085+00:00,1775359537195085000,175247526920208,625,,,ETF,3223,80,3222.5,-1.0,22.81423825,
42823,market_research_2026-04-04_22-23-04_live_round,c6abe590858247adbb3a88511acd7fc6,2026-04-05T03:25:37.524089+00:00,1775359537524089000,175247855924875,625,,,ETF,3224,40,3226.5,-5.0,23.143242917,
42828,market_research_2026-04-04_22-23-04_live_round,c6abe590858247adbb3a88511acd7fc6,2026-04-05T03:25:37.545064+00:00,1775359537545064000,175247876899708,625,,,ETF,3224,60,3226.0,-4.0,23.16421775,
43146,market_research_2026-04-04_22-23-04_live_round,c6abe590858247adbb3a88511acd7fc6,2026-04-05T03:25:39.329155+00:00,1775359539329155000,175249660994333,625,,,ETF,3231,40,3229.5,-3.0,24.948312375,
43151,market_research_2026-04-04_22-23-04_live_round,c6abe590858247adbb3a88511acd7fc6,2026-04-05T03:25:39.350121+00:00,1775359539350121000,175249681961041,625,,,ETF,3230,60,3229.5,-1.0,24.969279083,
43214,market_research_2026-04-04_22-23-04_live_round,c6abe590858247adbb3a88511acd7fc6,2026-04-05T03:25:39.764038+00:00,1775359539764038000,175250095878125,625,,,ETF,3228,40,3224.5,-7.0,25.383196167,
43219,market_research_2026-04-04_22-23-04_live_round,c6abe590858247adbb3a88511acd7fc6,2026-04-05T03:25:39.798062+00:00,1775359539798062000,175250129902333,625,,,ETF,3228,60,3225.0,-6.0,25.417220375,
43281,market_research_2026-04-04_22-23-04_live_round,c6abe590858247adbb3a88511acd7fc6,2026-04-05T03:25:40.151536+00:00,1775359540151536000,175250483376958,625,,,ETF,3219,40,3217.0,-4.0,25.770695,
43286,market_research_2026-04-04_22-23-04_live_round,c6abe590858247adbb3a88511acd7fc6,2026-04-05T03:25:40.173268+00:00,1775359540173268000,175250505108958,625,,,ETF,3219,60,3217.5,-3.0,25.792427,
43347,market_research_2026-04-04_22-23-04_live_round,c6abe590858247adbb3a88511acd7fc6,2026-04-05T03:25:40.532089+00:00,1775359540532089000,175250863931375,625,,,ETF,3217,40,3217.5,-1.0,26.151249417,
43352,market_research_2026-04-04_22-23-04_live_round,c6abe590858247adbb3a88511acd7fc6,2026-04-05T03:25:40.551846+00:00,1775359540551846000,175250883688458,625,,,ETF,3217,40,3217.0,0.0,26.1710065,
43414,market_research_2026-04-04_22-23-04_live_round,c6abe590858247adbb3a88511acd7fc6,2026-04-05T03:25:40.910501+00:00,1775359540910501000,175251242343541,625,,,ETF,3218,40,3218.0,0.0,26.529661583,
43736,market_research_2026-04-04_22-23-04_live_round,c6abe590858247adbb3a88511acd7fc6,2026-04-05T03:25:42.834001+00:00,1775359542834001000,175253165847041,625,,,ETF,3225,40,3224.5,-1.0,28.453165083,
43864,market_research_2026-04-04_22-23-04_live_round,c6abe590858247adbb3a88511acd7fc6,2026-04-05T03:25:43.558199+00:00,1775359543558199000,175253890047166,625,,,ETF,3227,40,3230.5,-7.0,29.177365208,
43869,market_research_2026-04-04_22-23-04_live_round,c6abe590858247adbb3a88511acd7fc6,2026-04-05T03:25:43.582015+00:00,1775359543582015000,175253913862791,625,,,ETF,3227,60,3230.0,-6.0,29.201180833,
43874,market_research_2026-04-04_22-23-04_live_round,c6abe590858247adbb3a88511acd7fc6,2026-04-05T03:25:43.611135+00:00,1775359543611135000,175253942982583,625,,,ETF,3230,40,3231.0,-2.0,29.230300625,
43875,market_research_2026-04-04_22-23-04_live_round,c6abe590858247adbb3a88511acd7fc6,2026-04-05T03:25:43.611320+00:00,1775359543611320000,175253943168375,625,,,ETF,3231,40,3231.0,-2.0,29.230486417,
43881,market_research_2026-04-04_22-23-04_live_round,c6abe590858247adbb3a88511acd7fc6,2026-04-05T03:25:43.639322+00:00,1775359543639322000,175253971170666,625,,,ETF,3231,20,3231.0,0.0,29.258488708,
44002,market_research_2026-04-04_22-23-04_live_round,c6abe590858247adbb3a88511acd7fc6,2026-04-05T03:25:44.298551+00:00,1775359544298551000,175254630401041,625,,,ETF,3231,40,3228.0,-6.0,29.917719083,
44007,market_research_2026-04-04_22-23-04_live_round,c6abe590858247adbb3a88511acd7fc6,2026-04-05T03:25:44.321681+00:00,1775359544321681000,175254653531416,625,,,ETF,3231,40,3228.5,-5.0,29.940849458,
44008,market_research_2026-04-04_22-23-04_live_round,c6abe590858247adbb3a88511acd7fc6,2026-04-05T03:25:44.321780+00:00,1775359544321780000,175254653629791,625,,,ETF,3228,20,3228.5,-5.0,29.940947833,
44014,market_research_2026-04-04_22-23-04_live_round,c6abe590858247adbb3a88511acd7fc6,2026-04-05T03:25:44.346588+00:00,1775359544346588000,175254678437500,625,,,ETF,3228,20,3227.5,-1.0,29.965755542,
44015,market_research_2026-04-04_22-23-04_live_round,c6abe590858247adbb3a88511acd7fc6,2026-04-05T03:25:44.348390+00:00,1775359544348390000,175254680239541,625,,,ETF,3227,60,3227.5,-1.0,29.967557583,
44076,market_research_2026-04-04_22-23-04_live_round,c6abe590858247adbb3a88511acd7fc6,2026-04-05T03:25:44.665623+00:00,1775359544665623000,175254997473083,625,,,ETF,3225,40,3220.5,-9.0,30.284791125,
44081,market_research_2026-04-04_22-23-04_live_round,c6abe590858247adbb3a88511acd7fc6,2026-04-05T03:25:44.686159+00:00,1775359544686159000,175255018009458,625,,,ETF,3225,60,3221.0,-8.0,30.3053275,
44086,market_research_2026-04-04_22-23-04_live_round,c6abe590858247adbb3a88511acd7fc6,2026-04-05T03:25:44.706082+00:00,1775359544706082000,175255037933250,625,,,ETF,3219,40,3218.5,-1.0,30.325251292,
44087,market_research_2026-04-04_22-23-04_live_round,c6abe590858247adbb3a88511acd7fc6,2026-04-05T03:25:44.706181+00:00,1775359544706181000,175255038031291,625,,,ETF,3218,40,3218.5,-1.0,30.325349333,
44145,market_research_2026-04-04_22-23-04_live_round,c6abe590858247adbb3a88511acd7fc6,2026-04-05T03:25:45.028687+00:00,1775359545028687000,175255360537708,625,,,ETF,3219,40,3222.5,-7.0,30.64785575,
44150,market_research_2026-04-04_22-23-04_live_round,c6abe590858247adbb3a88511acd7fc6,2026-04-05T03:25:45.053917+00:00,1775359545053917000,175255385768375,625,,,ETF,3219,60,3222.0,-6.0,30.673086417,
44401,market_research_2026-04-04_22-23-04_live_round,c6abe590858247adbb3a88511acd7fc6,2026-04-05T03:25:46.510487+00:00,1775359546510487000,175256842340916,625,,,ETF,3234,40,3234.0,0.0,32.129658958,
44468,market_research_2026-04-04_22-23-04_live_round,c6abe590858247adbb3a88511acd7fc6,2026-04-05T03:25:46.873950+00:00,1775359546873950000,175257205805375,625,,,ETF,3237,40,3238.5,-3.0,32.493123417,
44473,market_research_2026-04-04_22-23-04_live_round,c6abe590858247adbb3a88511acd7fc6,2026-04-05T03:25:46.897788+00:00,1775359546897788000,175257229643708,625,,,ETF,3237,60,3238.0,-2.0,32.51696175,
44536,market_research_2026-04-04_22-23-04_live_round,c6abe590858247adbb3a88511acd7fc6,2026-04-05T03:25:47.250839+00:00,1775359547250839000,175257582694458,625,,,ETF,3243,40,3244.0,-2.0,32.8700125,
44541,market_research_2026-04-04_22-23-04_live_round,c6abe590858247adbb3a88511acd7fc6,2026-04-05T03:25:47.274551+00:00,1775359547274551000,175257606406583,625,,,ETF,3243,60,3243.5,-1.0,32.893724625,
44665,market_research_2026-04-04_22-23-04_live_round,c6abe590858247adbb3a88511acd7fc6,2026-04-05T03:25:48.012376+00:00,1775359548012376000,175258344233625,625,,,ETF,3254,40,3254.0,0.0,33.631551667,
44801,market_research_2026-04-04_22-23-04_live_round,c6abe590858247adbb3a88511acd7fc6,2026-04-05T03:25:48.803325+00:00,1775359548803325000,175259135184208,625,,,ETF,3251,40,3249.0,-4.0,34.42250225,
44806,market_research_2026-04-04_22-23-04_live_round,c6abe590858247adbb3a88511acd7fc6,2026-04-05T03:25:48.834116+00:00,1775359548834116000,175259165975583,625,,,ETF,3251,60,3249.5,-3.0,34.453293625,
44811,market_research_2026-04-04_22-23-04_live_round,c6abe590858247adbb3a88511acd7fc6,2026-04-05T03:25:48.859382+00:00,1775359548859382000,175259191241500,625,,,ETF,3251,40,3250.0,-2.0,34.478559542,
44812,market_research_2026-04-04_22-23-04_live_round,c6abe590858247adbb3a88511acd7fc6,2026-04-05T03:25:48.859497+00:00,1775359548859497000,175259191356083,625,,,ETF,3250,40,3250.0,-2.0,34.478674125,
44818,market_research_2026-04-04_22-23-04_live_round,c6abe590858247adbb3a88511acd7fc6,2026-04-05T03:25:48.887231+00:00,1775359548887231000,175259219090208,625,,,ETF,3250,20,3250.0,0.0,34.50640825,
44876,market_research_2026-04-04_22-23-04_live_round,c6abe590858247adbb3a88511acd7fc6,2026-04-05T03:25:49.228823+00:00,1775359549228823000,175259560682833,625,,,ETF,3248,40,3240.5,-15.0,34.848000875,
44881,market_research_2026-04-04_22-23-04_live_round,c6abe590858247adbb3a88511acd7fc6,2026-04-05T03:25:49.256154+00:00,1775359549256154000,175259588013666,625,,,ETF,3248,60,3241.0,-14.0,34.875331708,
44886,market_research_2026-04-04_22-23-04_live_round,c6abe590858247adbb3a88511acd7fc6,2026-04-05T03:25:49.281059+00:00,1775359549281059000,175259612919041,625,,,ETF,3241,40,3238.0,-6.0,34.900237083,
44887,market_research_2026-04-04_22-23-04_live_round,c6abe590858247adbb3a88511acd7fc6,2026-04-05T03:25:49.281169+00:00,1775359549281169000,175259613029583,625,,,ETF,3240,40,3238.0,-6.0,34.900347625,
44893,market_research_2026-04-04_22-23-04_live_round,c6abe590858247adbb3a88511acd7fc6,2026-04-05T03:25:49.308566+00:00,1775359549308566000,175259640426250,625,,,ETF,3240,20,3238.0,-4.0,34.927744292,
44894,market_research_2026-04-04_22-23-04_live_round,c6abe590858247adbb3a88511acd7fc6,2026-04-05T03:25:49.308665+00:00,1775359549308665000,175259640524958,625,,,ETF,3239,80,3238.0,-4.0,34.927843,
44949,market_research_2026-04-04_22-23-04_live_round,c6abe590858247adbb3a88511acd7fc6,2026-04-05T03:25:49.646093+00:00,1775359549646093000,175259977953791,625,,,ETF,3238,40,3237.0,-2.0,35.265271833,
44954,market_research_2026-04-04_22-23-04_live_round,c6abe590858247adbb3a88511acd7fc6,2026-04-05T03:25:49.671138+00:00,1775359549671138000,175260002999083,625,,,ETF,3238,60,3237.5,-1.0,35.290317125,
45076,market_research_2026-04-04_22-23-04_live_round,c6abe590858247adbb3a88511acd7fc6,2026-04-05T03:25:50.373309+00:00,1775359550373309000,175260705171250,625,,,ETF,3227,40,3226.5,-1.0,35.992489292,
45081,market_research_2026-04-04_22-23-04_live_round,c6abe590858247adbb3a88511acd7fc6,2026-04-05T03:25:50.397322+00:00,1775359550397322000,175260729184833,625,,,ETF,3227,60,3227.0,0.0,36.016502875,
45527,market_research_2026-04-04_22-23-04_live_round,c6abe590858247adbb3a88511acd7fc6,2026-04-05T03:25:53.345261+00:00,1775359553345261000,175263677128875,625,,,ETF,3218,40,3217.5,-1.0,38.964446917,
45719,market_research_2026-04-04_22-23-04_live_round,c6abe590858247adbb3a88511acd7fc6,2026-04-05T03:25:54.623324+00:00,1775359554623324000,175264955194750,625,,,ETF,3222,40,3223.0,-2.0,40.242512792,
45724,market_research_2026-04-04_22-23-04_live_round,c6abe590858247adbb3a88511acd7fc6,2026-04-05T03:25:54.653128+00:00,1775359554653128000,175264984998958,625,,,ETF,3223,60,3223.0,0.0,40.272317,
45849,market_research_2026-04-04_22-23-04_live_round,c6abe590858247adbb3a88511acd7fc6,2026-04-05T03:25:55.575239+00:00,1775359555575239000,175265907112708,625,,,ETF,3223,40,3227.0,-8.0,41.19443075,
45854,market_research_2026-04-04_22-23-04_live_round,c6abe590858247adbb3a88511acd7fc6,2026-04-05T03:25:55.601378+00:00,1775359555601378000,175265933250875,625,,,ETF,3224,60,3227.0,-6.0,41.220568917,
45859,market_research_2026-04-04_22-23-04_live_round,c6abe590858247adbb3a88511acd7fc6,2026-04-05T03:25:55.629380+00:00,1775359555629380000,175265961252958,625,,,ETF,3225,80,3227.0,-4.0,41.248571,
45864,market_research_2026-04-04_22-23-04_live_round,c6abe590858247adbb3a88511acd7fc6,2026-04-05T03:25:55.666386+00:00,1775359555666386000,175265998258666,625,,,ETF,3226,100,3227.0,-2.0,41.285576708,
46125,market_research_2026-04-04_22-23-04_live_round,c6abe590858247adbb3a88511acd7fc6,2026-04-05T03:25:57.409632+00:00,1775359557409632000,175267741508416,625,,,ETF,3236,40,3238.0,-4.0,43.028826458,
46126,market_research_2026-04-04_22-23-04_live_round,c6abe590858247adbb3a88511acd7fc6,2026-04-05T03:25:57.409786+00:00,1775359557409786000,175267741662958,625,,,ETF,3237,100,3238.0,-4.0,43.028981,
46127,market_research_2026-04-04_22-23-04_live_round,c6abe590858247adbb3a88511acd7fc6,2026-04-05T03:25:57.409884+00:00,1775359557409884000,175267741760958,625,,,ETF,3237,60,3238.0,-4.0,43.029079,
46241,market_research_2026-04-04_22-23-04_live_round,c6abe590858247adbb3a88511acd7fc6,2026-04-05T03:25:58.204288+00:00,1775359558204288000,175268536166208,625,,,ETF,3238,40,3238.5,-1.0,43.82348425,
46307,market_research_2026-04-04_22-23-04_live_round,c6abe590858247adbb3a88511acd7fc6,2026-04-05T03:25:58.650041+00:00,1775359558650041000,175268981919750,625,,,ETF,3241,40,3246.0,-10.0,44.269237792,
46312,market_research_2026-04-04_22-23-04_live_round,c6abe590858247adbb3a88511acd7fc6,2026-04-05T03:25:58.679069+00:00,1775359558679069000,175269010948291,625,,,ETF,3241,60,3245.5,-9.0,44.298266333,
46317,market_research_2026-04-04_22-23-04_live_round,c6abe590858247adbb3a88511acd7fc6,2026-04-05T03:25:58.708932+00:00,1775359558708932000,175269040811083,625,,,ETF,3245,40,3247.0,-4.0,44.328129125,
46318,market_research_2026-04-04_22-23-04_live_round,c6abe590858247adbb3a88511acd7fc6,2026-04-05T03:25:58.712499+00:00,1775359558712499000,175269044378291,625,,,ETF,3246,40,3247.0,-4.0,44.331696333,
46324,market_research_2026-04-04_22-23-04_live_round,c6abe590858247adbb3a88511acd7fc6,2026-04-05T03:25:58.741968+00:00,1775359558741968000,175269073848083,625,,,ETF,3246,20,3247.0,-2.0,44.361166125,
46325,market_research_2026-04-04_22-23-04_live_round,c6abe590858247adbb3a88511acd7fc6,2026-04-05T03:25:58.742094+00:00,1775359558742094000,175269073974416,625,,,ETF,3247,80,3247.0,-2.0,44.361292458,
46763,market_research_2026-04-04_22-23-04_live_round,c6abe590858247adbb3a88511acd7fc6,2026-04-05T03:26:01.817687+00:00,1775359561817687000,175272149573416,625,,,ETF,3249,40,3247.5,-3.0,47.436891458,
46768,market_research_2026-04-04_22-23-04_live_round,c6abe590858247adbb3a88511acd7fc6,2026-04-05T03:26:01.844343+00:00,1775359561844343000,175272176229125,625,,,ETF,3248,60,3247.5,-1.0,47.463547167,
46831,market_research_2026-04-04_22-23-04_live_round,c6abe590858247adbb3a88511acd7fc6,2026-04-05T03:26:02.274986+00:00,1775359562274986000,175272606872875,625,,,ETF,3246,40,3245.0,-2.0,47.894190917,
46836,market_research_2026-04-04_22-23-04_live_round,c6abe590858247adbb3a88511acd7fc6,2026-04-05T03:26:02.298442+00:00,1775359562298442000,175272630329500,625,,,ETF,3246,60,3245.5,-1.0,47.917647542,
46966,market_research_2026-04-04_22-23-04_live_round,c6abe590858247adbb3a88511acd7fc6,2026-04-05T03:26:03.059421+00:00,1775359563059421000,175273391309541,625,,,ETF,3244,40,3243.0,-2.0,48.678627583,
46971,market_research_2026-04-04_22-23-04_live_round,c6abe590858247adbb3a88511acd7fc6,2026-04-05T03:26:03.084595+00:00,1775359563084595000,175273416483041,625,,,ETF,3243,60,3243.0,0.0,48.703801083,
47224,market_research_2026-04-04_22-23-04_live_round,c6abe590858247adbb3a88511acd7fc6,2026-04-05T03:26:04.530409+00:00,1775359564530409000,175274862300666,625,,,ETF,3242,40,3240.0,-4.0,50.149618708,
47229,market_research_2026-04-04_22-23-04_live_round,c6abe590858247adbb3a88511acd7fc6,2026-04-05T03:26:04.551755+00:00,1775359564551755000,175274883646625,625,,,ETF,3241,60,3240.0,-2.0,50.170964667,
47234,market_research_2026-04-04_22-23-04_live_round,c6abe590858247adbb3a88511acd7fc6,2026-04-05T03:26:04.576112+00:00,1775359564576112000,175274908004166,625,,,ETF,3241,80,3240.5,-1.0,50.195322208,
47239,market_research_2026-04-04_22-23-04_live_round,c6abe590858247adbb3a88511acd7fc6,2026-04-05T03:26:04.595225+00:00,1775359564595225000,175274927117583,625,,,ETF,3241,20,3241.0,0.0,50.214435625,
47299,market_research_2026-04-04_22-23-04_live_round,c6abe590858247adbb3a88511acd7fc6,2026-04-05T03:26:04.943435+00:00,1775359564943435000,175275275327958,625,,,ETF,3239,40,3238.0,-2.0,50.562646,
47304,market_research_2026-04-04_22-23-04_live_round,c6abe590858247adbb3a88511acd7fc6,2026-04-05T03:26:04.967125+00:00,1775359564967125000,175275299017500,625,,,ETF,3239,60,3238.5,-1.0,50.586335542,
47426,market_research_2026-04-04_22-23-04_live_round,c6abe590858247adbb3a88511acd7fc6,2026-04-05T03:26:05.703607+00:00,1775359565703607000,175276035500625,625,,,ETF,3240,40,3240.0,0.0,51.322818667,
47556,market_research_2026-04-04_22-23-04_live_round,c6abe590858247adbb3a88511acd7fc6,2026-04-05T03:26:06.452724+00:00,1775359566452724000,175276784619875,625,,,ETF,3249,40,3250.0,-2.0,52.071937917,
47561,market_research_2026-04-04_22-23-04_live_round,c6abe590858247adbb3a88511acd7fc6,2026-04-05T03:26:06.474598+00:00,1775359566474598000,175276806493208,625,,,ETF,3249,60,3249.5,-1.0,52.09381125,
47566,market_research_2026-04-04_22-23-04_live_round,c6abe590858247adbb3a88511acd7fc6,2026-04-05T03:26:06.504447+00:00,1775359566504447000,175276836342916,625,,,ETF,3249,40,3249.0,0.0,52.123660958,
47627,market_research_2026-04-04_22-23-04_live_round,c6abe590858247adbb3a88511acd7fc6,2026-04-05T03:26:06.856178+00:00,1775359566856178000,175277188075208,625,,,ETF,3252,40,3258.0,-12.0,52.47539325,
47632,market_research_2026-04-04_22-23-04_live_round,c6abe590858247adbb3a88511acd7fc6,2026-04-05T03:26:06.875739+00:00,1775359566875739000,175277207635375,625,,,ETF,3252,60,3257.5,-11.0,52.494953417,
47637,market_research_2026-04-04_22-23-04_live_round,c6abe590858247adbb3a88511acd7fc6,2026-04-05T03:26:06.897130+00:00,1775359566897130000,175277229026666,625,,,ETF,3257,40,3259.5,-5.0,52.516344708,
47638,market_research_2026-04-04_22-23-04_live_round,c6abe590858247adbb3a88511acd7fc6,2026-04-05T03:26:06.897225+00:00,1775359566897225000,175277229122500,625,,,ETF,3258,40,3259.5,-5.0,52.516440542,
47644,market_research_2026-04-04_22-23-04_live_round,c6abe590858247adbb3a88511acd7fc6,2026-04-05T03:26:06.924234+00:00,1775359566924234000,175277256131208,625,,,ETF,3258,20,3259.5,-3.0,52.54344925,
47645,market_research_2026-04-04_22-23-04_live_round,c6abe590858247adbb3a88511acd7fc6,2026-04-05T03:26:06.924331+00:00,1775359566924331000,175277256228416,625,,,ETF,3259,80,3259.5,-3.0,52.543546458,
47764,market_research_2026-04-04_22-23-04_live_round,c6abe590858247adbb3a88511acd7fc6,2026-04-05T03:26:07.630880+00:00,1775359567630880000,175277962777958,625,,,ETF,3262,40,3262.5,-1.0,53.250096,
48020,market_research_2026-04-04_22-23-04_live_round,c6abe590858247adbb3a88511acd7fc6,2026-04-05T03:26:09.517763+00:00,1775359569517763000,175279849664708,625,,,ETF,3259,40,3257.0,-4.0,55.13698275,
48025,market_research_2026-04-04_22-23-04_live_round,c6abe590858247adbb3a88511acd7fc6,2026-04-05T03:26:09.545221+00:00,1775359569545221000,175279877123250,625,,,ETF,3258,60,3257.0,-2.0,55.164441292,
48030,market_research_2026-04-04_22-23-04_live_round,c6abe590858247adbb3a88511acd7fc6,2026-04-05T03:26:09.571992+00:00,1775359569571992000,175279903894166,625,,,ETF,3257,80,3257.0,0.0,55.191212208,
48090,market_research_2026-04-04_22-23-04_live_round,c6abe590858247adbb3a88511acd7fc6,2026-04-05T03:26:10.034687+00:00,1775359570034687000,175280366589875,625,,,ETF,3256,40,3255.0,-2.0,55.653907917,
48095,market_research_2026-04-04_22-23-04_live_round,c6abe590858247adbb3a88511acd7fc6,2026-04-05T03:26:10.065403+00:00,1775359570065403000,175280397306125,625,,,ETF,3256,60,3255.5,-1.0,55.684624167,
48282,market_research_2026-04-04_22-23-04_live_round,c6abe590858247adbb3a88511acd7fc6,2026-04-05T03:26:11.536580+00:00,1775359571536580000,175281868486375,750,,,ETF,3242,40,3240.5,-3.0,0.409670834,
48287,market_research_2026-04-04_22-23-04_live_round,c6abe590858247adbb3a88511acd7fc6,2026-04-05T03:26:11.568107+00:00,1775359571568107000,175281900012833,750,,,ETF,3241,60,3240.5,-1.0,0.441197292,
48349,market_research_2026-04-04_22-23-04_live_round,c6abe590858247adbb3a88511acd7fc6,2026-04-05T03:26:12.100521+00:00,1775359572100521000,175282432428583,750,,,ETF,3241,40,3241.0,0.0,0.973613042,
48415,market_research_2026-04-04_22-23-04_live_round,c6abe590858247adbb3a88511acd7fc6,2026-04-05T03:26:12.604899+00:00,1775359572604899000,175282936807375,750,,,ETF,3240,40,3239.5,-1.0,1.477991834,
48420,market_research_2026-04-04_22-23-04_live_round,c6abe590858247adbb3a88511acd7fc6,2026-04-05T03:26:12.631008+00:00,1775359572631008000,175282962916958,750,,,ETF,3240,20,3240.0,0.0,1.504101417,
48610,market_research_2026-04-04_22-23-04_live_round,c6abe590858247adbb3a88511acd7fc6,2026-04-05T03:26:13.951474+00:00,1775359573951474000,175284283385083,750,,,ETF,3231,40,3230.0,-2.0,2.824569542,
48615,market_research_2026-04-04_22-23-04_live_round,c6abe590858247adbb3a88511acd7fc6,2026-04-05T03:26:13.976354+00:00,1775359573976354000,175284308265791,750,,,ETF,3231,60,3230.5,-1.0,2.84945025,
48679,market_research_2026-04-04_22-23-04_live_round,c6abe590858247adbb3a88511acd7fc6,2026-04-05T03:26:14.389531+00:00,1775359574389531000,175284721443500,750,,,ETF,3226,40,3224.5,-3.0,3.262627959,
48684,market_research_2026-04-04_22-23-04_live_round,c6abe590858247adbb3a88511acd7fc6,2026-04-05T03:26:14.417127+00:00,1775359574417127000,175284749039375,750,,,ETF,3226,60,3225.0,-2.0,3.290223834,
48746,market_research_2026-04-04_22-23-04_live_round,c6abe590858247adbb3a88511acd7fc6,2026-04-05T03:26:14.871529+00:00,1775359574871529000,175285203441666,750,,,ETF,3220,40,3219.0,-2.0,3.744626125,
48751,market_research_2026-04-04_22-23-04_live_round,c6abe590858247adbb3a88511acd7fc6,2026-04-05T03:26:14.901750+00:00,1775359574901750000,175285233662916,750,,,ETF,3220,60,3219.5,-1.0,3.774847375,
48832,market_research_2026-04-04_22-23-04_live_round,c6abe590858247adbb3a88511acd7fc6,2026-04-05T03:26:15.466724+00:00,1775359575466724000,175285798638333,750,,,ETF,3221,100,3221.0,0.0,4.339822792,
48885,market_research_2026-04-04_22-23-04_live_round,c6abe590858247adbb3a88511acd7fc6,2026-04-05T03:26:15.850801+00:00,1775359575850801000,175286182716250,750,,,ETF,3219,40,3219.0,0.0,4.723900709,
48950,market_research_2026-04-04_22-23-04_live_round,c6abe590858247adbb3a88511acd7fc6,2026-04-05T03:26:16.337795+00:00,1775359576337795000,175286669710958,750,,,ETF,3216,40,3210.5,-11.0,5.210895417,
48955,market_research_2026-04-04_22-23-04_live_round,c6abe590858247adbb3a88511acd7fc6,2026-04-05T03:26:16.364961+00:00,1775359576364961000,175286696877625,750,,,ETF,3216,60,3211.0,-10.0,5.238062084,
48960,market_research_2026-04-04_22-23-04_live_round,c6abe590858247adbb3a88511acd7fc6,2026-04-05T03:26:16.393364+00:00,1775359576393364000,175286725280750,750,,,ETF,3213,40,3210.0,-6.0,5.266465209,
48961,market_research_2026-04-04_22-23-04_live_round,c6abe590858247adbb3a88511acd7fc6,2026-04-05T03:26:16.393594+00:00,1775359576393594000,175286725510250,750,,,ETF,3212,40,3210.0,-6.0,5.266694709,
48967,market_research_2026-04-04_22-23-04_live_round,c6abe590858247adbb3a88511acd7fc6,2026-04-05T03:26:16.433240+00:00,1775359576433240000,175286765156708,750,,,ETF,3212,20,3210.0,-4.0,5.306341167,
48968,market_research_2026-04-04_22-23-04_live_round,c6abe590858247adbb3a88511acd7fc6,2026-04-05T03:26:16.433396+00:00,1775359576433396000,175286765312583,750,,,ETF,3211,80,3210.0,-4.0,5.306497042,
49148,market_research_2026-04-04_22-23-04_live_round,c6abe590858247adbb3a88511acd7fc6,2026-04-05T03:26:17.737696+00:00,1775359577737696000,175288069615250,750,,,ETF,3214,40,3217.0,-6.0,6.610799709,
49153,market_research_2026-04-04_22-23-04_live_round,c6abe590858247adbb3a88511acd7fc6,2026-04-05T03:26:17.768759+00:00,1775359577768759000,175288100678291,750,,,ETF,3215,60,3217.0,-4.0,6.64186275,
49158,market_research_2026-04-04_22-23-04_live_round,c6abe590858247adbb3a88511acd7fc6,2026-04-05T03:26:17.804010+00:00,1775359577804010000,175288135929541,750,,,ETF,3216,80,3217.0,-2.0,6.677114,
49163,market_research_2026-04-04_22-23-04_live_round,c6abe590858247adbb3a88511acd7fc6,2026-04-05T03:26:17.838044+00:00,1775359577838044000,175288169963791,750,,,ETF,3217,100,3217.0,0.0,6.71114825,
49225,market_research_2026-04-04_22-23-04_live_round,c6abe590858247adbb3a88511acd7fc6,2026-04-05T03:26:18.296285+00:00,1775359578296285000,175288628205541,750,,,ETF,3217,40,3218.0,-2.0,7.16939,
49230,market_research_2026-04-04_22-23-04_live_round,c6abe590858247adbb3a88511acd7fc6,2026-04-05T03:26:18.328529+00:00,1775359578328529000,175288660449291,750,,,ETF,3217,60,3217.5,-1.0,7.20163375,
49355,market_research_2026-04-04_22-23-04_live_round,c6abe590858247adbb3a88511acd7fc6,2026-04-05T03:26:19.300165+00:00,1775359579300165000,175289632087291,750,,,ETF,3216,40,3210.5,-11.0,8.17327175,
49360,market_research_2026-04-04_22-23-04_live_round,c6abe590858247adbb3a88511acd7fc6,2026-04-05T03:26:19.328339+00:00,1775359579328339000,175289660261666,750,,,ETF,3216,60,3211.0,-10.0,8.201446125,
49365,market_research_2026-04-04_22-23-04_live_round,c6abe590858247adbb3a88511acd7fc6,2026-04-05T03:26:19.353852+00:00,1775359579353852000,175289685774750,750,,,ETF,3216,40,3211.5,-9.0,8.226959209,
49366,market_research_2026-04-04_22-23-04_live_round,c6abe590858247adbb3a88511acd7fc6,2026-04-05T03:26:19.353954+00:00,1775359579353954000,175289685877291,750,,,ETF,3215,40,3211.5,-9.0,8.22706175,
49372,market_research_2026-04-04_22-23-04_live_round,c6abe590858247adbb3a88511acd7fc6,2026-04-05T03:26:19.387303+00:00,1775359579387303000,175289719225125,750,,,ETF,3215,20,3211.5,-7.0,8.260409584,
49373,market_research_2026-04-04_22-23-04_live_round,c6abe590858247adbb3a88511acd7fc6,2026-04-05T03:26:19.387456+00:00,1775359579387456000,175289719378875,750,,,ETF,3214,80,3211.5,-7.0,8.260563334,
49430,market_research_2026-04-04_22-23-04_live_round,c6abe590858247adbb3a88511acd7fc6,2026-04-05T03:26:19.728962+00:00,1775359579728962000,175290060885875,750,,,ETF,3213,40,3208.5,-9.0,8.602070334,
49435,market_research_2026-04-04_22-23-04_live_round,c6abe590858247adbb3a88511acd7fc6,2026-04-05T03:26:19.760858+00:00,1775359579760858000,175290092781000,750,,,ETF,3213,60,3209.0,-8.0,8.633965459,
49685,market_research_2026-04-04_22-23-04_live_round,c6abe590858247adbb3a88511acd7fc6,2026-04-05T03:26:21.310803+00:00,1775359581310803000,175291642730041,750,,,ETF,3208,40,3206.0,-4.0,10.1839145,
49690,market_research_2026-04-04_22-23-04_live_round,c6abe590858247adbb3a88511acd7fc6,2026-04-05T03:26:21.333227+00:00,1775359581333227000,175291665154125,750,,,ETF,3207,60,3206.0,-2.0,10.206338584,
49695,market_research_2026-04-04_22-23-04_live_round,c6abe590858247adbb3a88511acd7fc6,2026-04-05T03:26:21.355469+00:00,1775359581355469000,175291687395708,750,,,ETF,3206,80,3206.0,0.0,10.228580167,
49755,market_research_2026-04-04_22-23-04_live_round,c6abe590858247adbb3a88511acd7fc6,2026-04-05T03:26:21.727118+00:00,1775359581727118000,175292059045708,750,,,ETF,3205,40,3203.5,-3.0,10.600230167,
49760,market_research_2026-04-04_22-23-04_live_round,c6abe590858247adbb3a88511acd7fc6,2026-04-05T03:26:21.752196+00:00,1775359581752196000,175292084123500,750,,,ETF,3205,60,3204.0,-2.0,10.625307959,
49882,market_research_2026-04-04_22-23-04_live_round,c6abe590858247adbb3a88511acd7fc6,2026-04-05T03:26:22.521518+00:00,1775359582521518000,175292853447833,750,,,ETF,3199,40,3199.5,-1.0,11.394632292,
50077,market_research_2026-04-04_22-23-04_live_round,c6abe590858247adbb3a88511acd7fc6,2026-04-05T03:26:23.711013+00:00,1775359583711013000,175294042944416,750,,,ETF,3206,40,3206.0,0.0,12.584128875,
50143,market_research_2026-04-04_22-23-04_live_round,c6abe590858247adbb3a88511acd7fc6,2026-04-05T03:26:24.102430+00:00,1775359584102430000,175294434362291,750,,,ETF,3203,40,3202.0,-2.0,12.97554675,
50148,market_research_2026-04-04_22-23-04_live_round,c6abe590858247adbb3a88511acd7fc6,2026-04-05T03:26:24.125964+00:00,1775359584125964000,175294457896416,750,,,ETF,3203,60,3202.5,-1.0,12.999080875,
50211,market_research_2026-04-04_22-23-04_live_round,c6abe590858247adbb3a88511acd7fc6,2026-04-05T03:26:24.562456+00:00,1775359584562456000,175294894389458,750,,,ETF,3197,40,3197.0,0.0,13.435573917,
50276,market_research_2026-04-04_22-23-04_live_round,c6abe590858247adbb3a88511acd7fc6,2026-04-05T03:26:25.018875+00:00,1775359585018875000,175295350809208,750,,,ETF,3192,40,3191.0,-2.0,13.891993667,
50281,market_research_2026-04-04_22-23-04_live_round,c6abe590858247adbb3a88511acd7fc6,2026-04-05T03:26:25.049569+00:00,1775359585049569000,175295381503375,750,,,ETF,3192,60,3191.5,-1.0,13.922687834,
50346,market_research_2026-04-04_22-23-04_live_round,c6abe590858247adbb3a88511acd7fc6,2026-04-05T03:26:25.475358+00:00,1775359585475358000,175295807293250,750,,,ETF,3188,40,3187.5,-1.0,14.348477709,
50351,market_research_2026-04-04_22-23-04_live_round,c6abe590858247adbb3a88511acd7fc6,2026-04-05T03:26:25.505469+00:00,1775359585505469000,175295837405166,750,,,ETF,3188,60,3188.0,0.0,14.378589625,
50411,market_research_2026-04-04_22-23-04_live_round,c6abe590858247adbb3a88511acd7fc6,2026-04-05T03:26:25.892010+00:00,1775359585892010000,175296223946583,750,,,ETF,3189,40,3189.0,0.0,14.765131042,
50476,market_research_2026-04-04_22-23-04_live_round,c6abe590858247adbb3a88511acd7fc6,2026-04-05T03:26:26.315394+00:00,1775359586315394000,175296647331708,750,,,ETF,3190,40,3191.5,-3.0,15.188516167,
50481,market_research_2026-04-04_22-23-04_live_round,c6abe590858247adbb3a88511acd7fc6,2026-04-05T03:26:26.342191+00:00,1775359586342191000,175296674128458,750,,,ETF,3190,60,3191.0,-2.0,15.215312917,
50606,market_research_2026-04-04_22-23-04_live_round,c6abe590858247adbb3a88511acd7fc6,2026-04-05T03:26:27.149512+00:00,1775359587149512000,175297481451250,750,,,ETF,3193,40,3193.5,-1.0,16.022635709,
50866,market_research_2026-04-04_22-23-04_live_round,c6abe590858247adbb3a88511acd7fc6,2026-04-05T03:26:29.141858+00:00,1775359589141858000,175299473800791,750,,,ETF,3194,40,3193.0,-2.0,18.01498525,
50871,market_research_2026-04-04_22-23-04_live_round,c6abe590858247adbb3a88511acd7fc6,2026-04-05T03:26:29.167851+00:00,1775359589167851000,175299499794333,750,,,ETF,3193,60,3193.0,0.0,18.040978792,
50936,market_research_2026-04-04_22-23-04_live_round,c6abe590858247adbb3a88511acd7fc6,2026-04-05T03:26:29.558021+00:00,1775359589558021000,175299889964791,750,,,ETF,3191,40,3189.0,-4.0,18.43114925,
50941,market_research_2026-04-04_22-23-04_live_round,c6abe590858247adbb3a88511acd7fc6,2026-04-05T03:26:29.580717+00:00,1775359589580717000,175299912660791,750,,,ETF,3191,60,3189.5,-3.0,18.45384525,
51066,market_research_2026-04-04_22-23-04_live_round,c6abe590858247adbb3a88511acd7fc6,2026-04-05T03:26:30.379436+00:00,1775359590379436000,175300711382125,750,,,ETF,3178,40,3178.0,0.0,19.252566584,
51132,market_research_2026-04-04_22-23-04_live_round,c6abe590858247adbb3a88511acd7fc6,2026-04-05T03:26:30.826796+00:00,1775359590826796000,175301158742375,750,,,ETF,3175,40,3173.5,-3.0,19.699926834,
51137,market_research_2026-04-04_22-23-04_live_round,c6abe590858247adbb3a88511acd7fc6,2026-04-05T03:26:30.855783+00:00,1775359590855783000,175301187729208,750,,,ETF,3175,60,3174.0,-2.0,19.728913667,
51200,market_research_2026-04-04_22-23-04_live_round,c6abe590858247adbb3a88511acd7fc6,2026-04-05T03:26:31.274261+00:00,1775359591274261000,175301606208500,750,,,ETF,3169,40,3166.5,-5.0,20.147392959,
51205,market_research_2026-04-04_22-23-04_live_round,c6abe590858247adbb3a88511acd7fc6,2026-04-05T03:26:31.300002+00:00,1775359591300002000,175301631950000,750,,,ETF,3169,60,3167.0,-4.0,20.173134459,
51210,market_research_2026-04-04_22-23-04_live_round,c6abe590858247adbb3a88511acd7fc6,2026-04-05T03:26:31.324767+00:00,1775359591324767000,175301656714958,750,,,ETF,3166,40,3166.0,0.0,20.197899417,
51395,market_research_2026-04-04_22-23-04_live_round,c6abe590858247adbb3a88511acd7fc6,2026-04-05T03:26:32.547025+00:00,1775359592547025000,175302878975166,750,,,ETF,3164,40,3160.0,-8.0,21.420159625,
51400,market_research_2026-04-04_22-23-04_live_round,c6abe590858247adbb3a88511acd7fc6,2026-04-05T03:26:32.570989+00:00,1775359592570989000,175302902939875,750,,,ETF,3163,60,3160.0,-6.0,21.444124334,
51405,market_research_2026-04-04_22-23-04_live_round,c6abe590858247adbb3a88511acd7fc6,2026-04-05T03:26:32.596694+00:00,1775359592596694000,175302928644625,750,,,ETF,3162,80,3160.0,-4.0,21.469829084,
51410,market_research_2026-04-04_22-23-04_live_round,c6abe590858247adbb3a88511acd7fc6,2026-04-05T03:26:32.620290+00:00,1775359592620290000,175302952240333,750,,,ETF,3161,100,3160.0,-2.0,21.493424792,
51530,market_research_2026-04-04_22-23-04_live_round,c6abe590858247adbb3a88511acd7fc6,2026-04-05T03:26:33.370742+00:00,1775359593370742000,175303702694041,750,,,ETF,3148,40,3145.0,-6.0,22.2438785,
51535,market_research_2026-04-04_22-23-04_live_round,c6abe590858247adbb3a88511acd7fc6,2026-04-05T03:26:33.396747+00:00,1775359593396747000,175303728698666,750,,,ETF,3147,60,3145.0,-4.0,22.269883125,
51540,market_research_2026-04-04_22-23-04_live_round,c6abe590858247adbb3a88511acd7fc6,2026-04-05T03:26:33.426025+00:00,1775359593426025000,175303757977041,750,,,ETF,3147,80,3145.5,-3.0,22.2991615,
51545,market_research_2026-04-04_22-23-04_live_round,c6abe590858247adbb3a88511acd7fc6,2026-04-05T03:26:33.454209+00:00,1775359593454209000,175303786160250,750,,,ETF,3147,20,3146.0,-2.0,22.327344709,
51546,market_research_2026-04-04_22-23-04_live_round,c6abe590858247adbb3a88511acd7fc6,2026-04-05T03:26:33.454411+00:00,1775359593454411000,175303786363416,750,,,ETF,3146,80,3146.0,-2.0,22.327547875,
51725,market_research_2026-04-04_22-23-04_live_round,c6abe590858247adbb3a88511acd7fc6,2026-04-05T03:26:34.744448+00:00,1775359594744448000,175305076402250,750,,,ETF,3147,40,3148.0,-2.0,23.617586709,
51730,market_research_2026-04-04_22-23-04_live_round,c6abe590858247adbb3a88511acd7fc6,2026-04-05T03:26:34.774896+00:00,1775359594774896000,175305106850708,750,,,ETF,3148,60,3148.0,0.0,23.648035167,
51793,market_research_2026-04-04_22-23-04_live_round,c6abe590858247adbb3a88511acd7fc6,2026-04-05T03:26:35.231230+00:00,1775359595231230000,175305563185416,750,,,ETF,3150,40,3151.0,-2.0,24.104369875,
51798,market_research_2026-04-04_22-23-04_live_round,c6abe590858247adbb3a88511acd7fc6,2026-04-05T03:26:35.259986+00:00,1775359595259986000,175305591941083,750,,,ETF,3150,60,3150.5,-1.0,24.133125542,
51927,market_research_2026-04-04_22-23-04_live_round,c6abe590858247adbb3a88511acd7fc6,2026-04-05T03:26:36.152552+00:00,1775359596152552000,175306484509708,750,,,ETF,3156,40,3155.5,-1.0,25.025694167,
51992,market_research_2026-04-04_22-23-04_live_round,c6abe590858247adbb3a88511acd7fc6,2026-04-05T03:26:36.605249+00:00,1775359596605249000,175306937207666,750,,,ETF,3156,40,3159.5,-7.0,25.478392125,
51997,market_research_2026-04-04_22-23-04_live_round,c6abe590858247adbb3a88511acd7fc6,2026-04-05T03:26:36.634817+00:00,1775359596634817000,175306966775333,750,,,ETF,3156,20,3159.0,-6.0,25.507959792,
51998,market_research_2026-04-04_22-23-04_live_round,c6abe590858247adbb3a88511acd7fc6,2026-04-05T03:26:36.637759+00:00,1775359596637759000,175306969718375,750,,,ETF,3157,40,3159.0,-6.0,25.510902834,
52004,market_research_2026-04-04_22-23-04_live_round,c6abe590858247adbb3a88511acd7fc6,2026-04-05T03:26:36.678283+00:00,1775359596678283000,175307010241500,750,,,ETF,3157,40,3159.0,-4.0,25.551425959,
52005,market_research_2026-04-04_22-23-04_live_round,c6abe590858247adbb3a88511acd7fc6,2026-04-05T03:26:36.678481+00:00,1775359596678481000,175307010439833,750,,,ETF,3158,40,3159.0,-4.0,25.551624292,
52011,market_research_2026-04-04_22-23-04_live_round,c6abe590858247adbb3a88511acd7fc6,2026-04-05T03:26:36.715741+00:00,1775359596715741000,175307047700333,750,,,ETF,3158,60,3159.0,-2.0,25.588884792,
52130,market_research_2026-04-04_22-23-04_live_round,c6abe590858247adbb3a88511acd7fc6,2026-04-05T03:26:37.516457+00:00,1775359597516457000,175307848416916,750,,,ETF,3160,40,3158.5,-3.0,26.389601375,
52323,market_research_2026-04-04_22-23-04_live_round,c6abe590858247adbb3a88511acd7fc6,2026-04-05T03:26:38.826742+00:00,1775359598826742000,175309158705416,750,,,ETF,3150,40,3150.0,0.0,27.699889875,
52389,market_research_2026-04-04_22-23-04_live_round,c6abe590858247adbb3a88511acd7fc6,2026-04-05T03:26:39.259142+00:00,1775359599259142000,175309591106375,750,,,ETF,3147,40,3147.0,0.0,28.132290834,
52456,market_research_2026-04-04_22-23-04_live_round,c6abe590858247adbb3a88511acd7fc6,2026-04-05T03:26:39.697881+00:00,1775359599697881000,175310029845750,750,,,ETF,3148,40,3149.0,-2.0,28.571030209,
52461,market_research_2026-04-04_22-23-04_live_round,c6abe590858247adbb3a88511acd7fc6,2026-04-05T03:26:39.730328+00:00,1775359599730328000,175310062292958,750,,,ETF,3148,20,3148.5,-1.0,28.603477417,
52462,market_research_2026-04-04_22-23-04_live_round,c6abe590858247adbb3a88511acd7fc6,2026-04-05T03:26:39.730450+00:00,1775359599730450000,175310062415000,750,,,ETF,3149,40,3148.5,-1.0,28.603599459,
52526,market_research_2026-04-04_22-23-04_live_round,c6abe590858247adbb3a88511acd7fc6,2026-04-05T03:26:40.136558+00:00,1775359600136558000,175310468523916,750,,,ETF,3150,40,3153.5,-7.0,29.009708375,
52531,market_research_2026-04-04_22-23-04_live_round,c6abe590858247adbb3a88511acd7fc6,2026-04-05T03:26:40.161677+00:00,1775359600161677000,175310493643416,750,,,ETF,3150,60,3153.0,-6.0,29.034827875,
52545,market_research_2026-04-04_22-23-04_live_round,c6abe590858247adbb3a88511acd7fc6,2026-04-05T03:26:40.252005+00:00,1775359600252005000,175310583971208,750,,,ETF,3159,100,3162.5,-7.0,29.125155667,
52546,market_research_2026-04-04_22-23-04_live_round,c6abe590858247adbb3a88511acd7fc6,2026-04-05T03:26:40.252114+00:00,1775359600252114000,175310584080791,750,,,ETF,3163,40,3162.5,-7.0,29.12526525,
52547,market_research_2026-04-04_22-23-04_live_round,c6abe590858247adbb3a88511acd7fc6,2026-04-05T03:26:40.252212+00:00,1775359600252212000,175310584178541,750,,,ETF,3164,60,3162.5,-7.0,29.125363,
52853,market_research_2026-04-04_22-23-04_live_round,c6abe590858247adbb3a88511acd7fc6,2026-04-05T03:26:42.439131+00:00,1775359602439131000,175312771101875,750,,,ETF,3152,40,3149.0,-6.0,31.312286334,
52858,market_research_2026-04-04_22-23-04_live_round,c6abe590858247adbb3a88511acd7fc6,2026-04-05T03:26:42.468221+00:00,1775359602468221000,175312800192291,750,,,ETF,3152,60,3149.5,-5.0,31.34137675,
52863,market_research_2026-04-04_22-23-04_live_round,c6abe590858247adbb3a88511acd7fc6,2026-04-05T03:26:42.494846+00:00,1775359602494846000,175312826816833,750,,,ETF,3150,40,3149.0,-2.0,31.368001292,
52864,market_research_2026-04-04_22-23-04_live_round,c6abe590858247adbb3a88511acd7fc6,2026-04-05T03:26:42.494969+00:00,1775359602494969000,175312826940333,750,,,ETF,3149,40,3149.0,-2.0,31.368124792,
52870,market_research_2026-04-04_22-23-04_live_round,c6abe590858247adbb3a88511acd7fc6,2026-04-05T03:26:42.522846+00:00,1775359602522846000,175312854817625,750,,,ETF,3149,20,3149.0,0.0,31.396002084,
52988,market_research_2026-04-04_22-23-04_live_round,c6abe590858247adbb3a88511acd7fc6,2026-04-05T03:26:43.357020+00:00,1775359603357020000,175313688992750,750,,,ETF,3149,40,3149.0,0.0,32.230177209,
53119,market_research_2026-04-04_22-23-04_live_round,c6abe590858247adbb3a88511acd7fc6,2026-04-05T03:26:44.252732+00:00,1775359604252732000,175314584706833,750,,,ETF,3153,40,3149.0,-8.0,33.125891292,
53124,market_research_2026-04-04_22-23-04_live_round,c6abe590858247adbb3a88511acd7fc6,2026-04-05T03:26:44.278627+00:00,1775359604278627000,175314610601916,750,,,ETF,3152,60,3149.0,-6.0,33.151786375,
53129,market_research_2026-04-04_22-23-04_live_round,c6abe590858247adbb3a88511acd7fc6,2026-04-05T03:26:44.307543+00:00,1775359604307543000,175314639517041,750,,,ETF,3151,80,3149.0,-4.0,33.1807015,
53134,market_research_2026-04-04_22-23-04_live_round,c6abe590858247adbb3a88511acd7fc6,2026-04-05T03:26:44.335504+00:00,1775359604335504000,175314667479375,750,,,ETF,3150,100,3149.0,-2.0,33.208663834,
53379,market_research_2026-04-04_22-23-04_live_round,c6abe590858247adbb3a88511acd7fc6,2026-04-05T03:26:46.044168+00:00,1775359606044168000,175316376146666,825,,,ETF,3139,40,3137.0,-4.0,34.917331125,
53384,market_research_2026-04-04_22-23-04_live_round,c6abe590858247adbb3a88511acd7fc6,2026-04-05T03:26:46.069950+00:00,1775359606069950000,175316401928916,825,,,ETF,3139,60,3137.5,-3.0,34.943113375,
53389,market_research_2026-04-04_22-23-04_live_round,c6abe590858247adbb3a88511acd7fc6,2026-04-05T03:26:46.093622+00:00,1775359606093622000,175316425600958,825,,,ETF,3139,40,3138.0,-2.0,34.966785417,
53390,market_research_2026-04-04_22-23-04_live_round,c6abe590858247adbb3a88511acd7fc6,2026-04-05T03:26:46.093722+00:00,1775359606093722000,175316425700708,825,,,ETF,3138,40,3138.0,-2.0,34.966885167,
53396,market_research_2026-04-04_22-23-04_live_round,c6abe590858247adbb3a88511acd7fc6,2026-04-05T03:26:46.130019+00:00,1775359606130019000,175316461997416,825,,,ETF,3138,20,3138.0,0.0,35.003181875,
53454,market_research_2026-04-04_22-23-04_live_round,c6abe590858247adbb3a88511acd7fc6,2026-04-05T03:26:46.537724+00:00,1775359606537724000,175316869703541,825,,,ETF,3136,40,3136.0,0.0,35.410888,
53644,market_research_2026-04-04_22-23-04_live_round,c6abe590858247adbb3a88511acd7fc6,2026-04-05T03:26:47.838096+00:00,1775359607838096000,175318170077875,825,,,ETF,3137,40,3137.0,0.0,36.711262334,
53806,market_research_2026-04-04_22-23-04_live_round,c6abe590858247adbb3a88511acd7fc6,2026-04-05T03:26:49.023352+00:00,1775359609023352000,175319355336541,825,,,ETF,3133,40,3129.0,-8.0,37.896521,
53812,market_research_2026-04-04_22-23-04_live_round,c6abe590858247adbb3a88511acd7fc6,2026-04-05T03:26:49.063922+00:00,1775359609063922000,175319395907125,825,,,ETF,3132,60,3129.0,-6.0,37.937091584,
53817,market_research_2026-04-04_22-23-04_live_round,c6abe590858247adbb3a88511acd7fc6,2026-04-05T03:26:49.095074+00:00,1775359609095074000,175319427058583,825,,,ETF,3132,80,3129.5,-5.0,37.968243042,
53827,market_research_2026-04-04_22-23-04_live_round,c6abe590858247adbb3a88511acd7fc6,2026-04-05T03:26:49.169397+00:00,1775359609169397000,175319501382083,825,,,ETF,3132,20,3130.0,-4.0,38.042566542,
53828,market_research_2026-04-04_22-23-04_live_round,c6abe590858247adbb3a88511acd7fc6,2026-04-05T03:26:49.169530+00:00,1775359609169530000,175319501515166,825,,,ETF,3131,80,3130.0,-4.0,38.042699625,
53883,market_research_2026-04-04_22-23-04_live_round,c6abe590858247adbb3a88511acd7fc6,2026-04-05T03:26:49.547778+00:00,1775359609547778000,175319879763250,825,,,ETF,3130,40,3128.5,-3.0,38.420947709,
53894,market_research_2026-04-04_22-23-04_live_round,c6abe590858247adbb3a88511acd7fc6,2026-04-05T03:26:49.627115+00:00,1775359609627115000,175319959100333,825,,,ETF,3130,60,3129.0,-2.0,38.500284792,
54011,market_research_2026-04-04_22-23-04_live_round,c6abe590858247adbb3a88511acd7fc6,2026-04-05T03:26:50.513895+00:00,1775359610513895000,175320845883083,825,,,ETF,3124,40,3125.5,-3.0,39.387067542,
54028,market_research_2026-04-04_22-23-04_live_round,c6abe590858247adbb3a88511acd7fc6,2026-04-05T03:26:50.639880+00:00,1775359610639880000,175320971868125,825,,,ETF,3125,60,3125.5,-1.0,39.513052584,
54080,market_research_2026-04-04_22-23-04_live_round,c6abe590858247adbb3a88511acd7fc6,2026-04-05T03:26:51.036166+00:00,1775359611036166000,175321368154291,825,,,ETF,3127,40,3127.0,0.0,39.90933875,
54147,market_research_2026-04-04_22-23-04_live_round,c6abe590858247adbb3a88511acd7fc6,2026-04-05T03:26:51.537436+00:00,1775359611537436000,175321869426083,825,,,ETF,3133,40,3138.5,-11.0,40.410610542,
54156,market_research_2026-04-04_22-23-04_live_round,c6abe590858247adbb3a88511acd7fc6,2026-04-05T03:26:51.610364+00:00,1775359611610364000,175321942354041,825,,,ETF,3134,60,3138.5,-9.0,40.4835385,
54162,market_research_2026-04-04_22-23-04_live_round,c6abe590858247adbb3a88511acd7fc6,2026-04-05T03:26:51.646293+00:00,1775359611646293000,175321978283416,825,,,ETF,3135,80,3138.5,-7.0,40.519467875,
54168,market_research_2026-04-04_22-23-04_live_round,c6abe590858247adbb3a88511acd7fc6,2026-04-05T03:26:51.683485+00:00,1775359611683485000,175322015474916,825,,,ETF,3136,100,3138.5,-5.0,40.556659375,
54218,market_research_2026-04-04_22-23-04_live_round,c6abe590858247adbb3a88511acd7fc6,2026-04-05T03:26:52.036610+00:00,1775359612036610000,175322368600583,825,,,ETF,3136,40,3139.5,-7.0,40.909785042,
54226,market_research_2026-04-04_22-23-04_live_round,c6abe590858247adbb3a88511acd7fc6,2026-04-05T03:26:52.098760+00:00,1775359612098760000,175322430751166,825,,,ETF,3136,60,3139.0,-6.0,40.971935625,
54346,market_research_2026-04-04_22-23-04_live_round,c6abe590858247adbb3a88511acd7fc6,2026-04-05T03:26:52.994827+00:00,1775359612994827000,175323326820083,825,,,ETF,3147,40,3147.0,0.0,41.868004542,
54423,market_research_2026-04-04_22-23-04_live_round,c6abe590858247adbb3a88511acd7fc6,2026-04-05T03:26:53.511486+00:00,1775359613511486000,175323843480166,825,,,ETF,3144,40,3143.5,-1.0,42.384664625,
54430,market_research_2026-04-04_22-23-04_live_round,c6abe590858247adbb3a88511acd7fc6,2026-04-05T03:26:53.549218+00:00,1775359613549218000,175323881212083,825,,,ETF,3144,60,3144.0,0.0,42.422396542,
54613,market_research_2026-04-04_22-23-04_live_round,c6abe590858247adbb3a88511acd7fc6,2026-04-05T03:26:54.902360+00:00,1775359614902360000,175325234357000,825,,,ETF,3140,40,3138.5,-3.0,43.775541459,
54618,market_research_2026-04-04_22-23-04_live_round,c6abe590858247adbb3a88511acd7fc6,2026-04-05T03:26:54.936233+00:00,1775359614936233000,175325268229541,825,,,ETF,3139,60,3138.5,-1.0,43.809414,
54808,market_research_2026-04-04_22-23-04_live_round,c6abe590858247adbb3a88511acd7fc6,2026-04-05T03:26:56.322795+00:00,1775359616322795000,175326654795208,825,,,ETF,3136,40,3133.5,-5.0,45.195979667,
54813,market_research_2026-04-04_22-23-04_live_round,c6abe590858247adbb3a88511acd7fc6,2026-04-05T03:26:56.351759+00:00,1775359616351759000,175326683758583,825,,,ETF,3135,60,3133.5,-3.0,45.224943042,
54819,market_research_2026-04-04_22-23-04_live_round,c6abe590858247adbb3a88511acd7fc6,2026-04-05T03:26:56.398382+00:00,1775359616398382000,175326730381333,825,,,ETF,3134,80,3133.5,-1.0,45.271565792,
54937,market_research_2026-04-04_22-23-04_live_round,c6abe590858247adbb3a88511acd7fc6,2026-04-05T03:26:57.301821+00:00,1775359617301821000,175327633822416,825,,,ETF,3134,40,3139.0,-10.0,46.175006875,
54944,market_research_2026-04-04_22-23-04_live_round,c6abe590858247adbb3a88511acd7fc6,2026-04-05T03:26:57.349639+00:00,1775359617349639000,175327681640583,825,,,ETF,3134,60,3138.5,-9.0,46.222825042,
54949,market_research_2026-04-04_22-23-04_live_round,c6abe590858247adbb3a88511acd7fc6,2026-04-05T03:26:57.380341+00:00,1775359617380341000,175327712342416,825,,,ETF,3138,40,3140.0,-4.0,46.253526875,
54950,market_research_2026-04-04_22-23-04_live_round,c6abe590858247adbb3a88511acd7fc6,2026-04-05T03:26:57.380502+00:00,1775359617380502000,175327712504083,825,,,ETF,3139,40,3140.0,-4.0,46.253688542,
54956,market_research_2026-04-04_22-23-04_live_round,c6abe590858247adbb3a88511acd7fc6,2026-04-05T03:26:57.422280+00:00,1775359617422280000,175327754281791,825,,,ETF,3139,20,3140.0,-2.0,46.29546625,
54957,market_research_2026-04-04_22-23-04_live_round,c6abe590858247adbb3a88511acd7fc6,2026-04-05T03:26:57.422400+00:00,1775359617422400000,175327754402708,825,,,ETF,3140,80,3140.0,-2.0,46.295587167,
55012,market_research_2026-04-04_22-23-04_live_round,c6abe590858247adbb3a88511acd7fc6,2026-04-05T03:26:57.836362+00:00,1775359617836362000,175328168364458,825,,,ETF,3141,40,3149.0,-16.0,46.709548917,
55017,market_research_2026-04-04_22-23-04_live_round,c6abe590858247adbb3a88511acd7fc6,2026-04-05T03:26:57.867582+00:00,1775359617867582000,175328199585458,825,,,ETF,3141,60,3148.5,-15.0,46.740769917,
55022,market_research_2026-04-04_22-23-04_live_round,c6abe590858247adbb3a88511acd7fc6,2026-04-05T03:26:57.893656+00:00,1775359617893656000,175328225658791,825,,,ETF,3150,40,3152.5,-5.0,46.76684325,
55023,market_research_2026-04-04_22-23-04_live_round,c6abe590858247adbb3a88511acd7fc6,2026-04-05T03:26:57.893766+00:00,1775359617893766000,175328225768833,825,,,ETF,3151,40,3152.5,-5.0,46.766953292,
55029,market_research_2026-04-04_22-23-04_live_round,c6abe590858247adbb3a88511acd7fc6,2026-04-05T03:26:57.927768+00:00,1775359617927768000,175328259770708,825,,,ETF,3151,20,3152.5,-3.0,46.800955167,
55030,market_research_2026-04-04_22-23-04_live_round,c6abe590858247adbb3a88511acd7fc6,2026-04-05T03:26:57.927876+00:00,1775359617927876000,175328259879625,825,,,ETF,3152,80,3152.5,-3.0,46.801064084,
55092,market_research_2026-04-04_22-23-04_live_round,c6abe590858247adbb3a88511acd7fc6,2026-04-05T03:26:58.428866+00:00,1775359618428866000,175328760869708,825,,,ETF,3153,40,3153.0,0.0,47.302054167,
55151,market_research_2026-04-04_22-23-04_live_round,c6abe590858247adbb3a88511acd7fc6,2026-04-05T03:26:58.873560+00:00,1775359618873560000,175329205564375,825,,,ETF,3159,40,3159.5,-1.0,47.746748834,
55279,market_research_2026-04-04_22-23-04_live_round,c6abe590858247adbb3a88511acd7fc6,2026-04-05T03:26:59.852122+00:00,1775359619852122000,175330184128416,825,,,ETF,3157,40,3154.5,-5.0,48.725312875,
55289,market_research_2026-04-04_22-23-04_live_round,c6abe590858247adbb3a88511acd7fc6,2026-04-05T03:26:59.923258+00:00,1775359619923258000,175330255265083,825,,,ETF,3157,60,3155.0,-4.0,48.796449542,
55295,market_research_2026-04-04_22-23-04_live_round,c6abe590858247adbb3a88511acd7fc6,2026-04-05T03:26:59.957185+00:00,1775359619957185000,175330289192750,825,,,ETF,3156,40,3155.0,-2.0,48.830377209,
55296,market_research_2026-04-04_22-23-04_live_round,c6abe590858247adbb3a88511acd7fc6,2026-04-05T03:26:59.957307+00:00,1775359619957307000,175330289314333,825,,,ETF,3155,40,3155.0,-2.0,48.830498792,
55302,market_research_2026-04-04_22-23-04_live_round,c6abe590858247adbb3a88511acd7fc6,2026-04-05T03:26:59.994012+00:00,1775359619994012000,175330326018833,825,,,ETF,3155,20,3155.0,0.0,48.867203292,
55354,market_research_2026-04-04_22-23-04_live_round,c6abe590858247adbb3a88511acd7fc6,2026-04-05T03:27:00.385698+00:00,1775359620385698000,175330717706166,825,,,ETF,3153,40,3153.0,0.0,49.258890625,
55670,market_research_2026-04-04_22-23-04_live_round,c6abe590858247adbb3a88511acd7fc6,2026-04-05T03:27:02.722394+00:00,1775359622722394000,175333054406958,825,,,ETF,3150,40,3150.0,0.0,51.595591417,
56054,market_research_2026-04-04_22-23-04_live_round,c6abe590858247adbb3a88511acd7fc6,2026-04-05T03:27:05.773786+00:00,1775359625773786000,175336105804958,825,,,ETF,3152,40,3153.5,-3.0,54.646989417,
56059,market_research_2026-04-04_22-23-04_live_round,c6abe590858247adbb3a88511acd7fc6,2026-04-05T03:27:05.805306+00:00,1775359625805306000,175336137325291,825,,,ETF,3153,60,3153.5,-1.0,54.67850975,
56067,market_research_2026-04-04_22-23-04_live_round,c6abe590858247adbb3a88511acd7fc6,2026-04-05T03:27:05.861931+00:00,1775359625861931000,175336193950333,825,,,ETF,3153,40,3153.0,0.0,54.735134792,
56068,market_research_2026-04-04_22-23-04_live_round,c6abe590858247adbb3a88511acd7fc6,2026-04-05T03:27:05.864251+00:00,1775359625864251000,175336196271291,825,,,ETF,3153,40,3153.0,0.0,54.73745575,
56317,market_research_2026-04-04_22-23-04_live_round,c6abe590858247adbb3a88511acd7fc6,2026-04-05T03:27:07.768112+00:00,1775359627768112000,175338100136208,825,,,ETF,3149,40,3148.5,-1.0,56.641320667,
56322,market_research_2026-04-04_22-23-04_live_round,c6abe590858247adbb3a88511acd7fc6,2026-04-05T03:27:07.795708+00:00,1775359627795708000,175338127731958,825,,,ETF,3149,60,3149.0,0.0,56.668916417,
56580,market_research_2026-04-04_22-23-04_live_round,c6abe590858247adbb3a88511acd7fc6,2026-04-05T03:27:09.735448+00:00,1775359629735448000,175340067475791,825,,,ETF,3148,40,3143.0,-10.0,58.60866025,
56587,market_research_2026-04-04_22-23-04_live_round,c6abe590858247adbb3a88511acd7fc6,2026-04-05T03:27:09.777515+00:00,1775359629777515000,175340109542625,825,,,ETF,3147,60,3143.0,-8.0,58.650727084,
56594,market_research_2026-04-04_22-23-04_live_round,c6abe590858247adbb3a88511acd7fc6,2026-04-05T03:27:09.820196+00:00,1775359629820196000,175340152223750,825,,,ETF,3146,80,3143.0,-6.0,58.693408209,
56604,market_research_2026-04-04_22-23-04_live_round,c6abe590858247adbb3a88511acd7fc6,2026-04-05T03:27:09.896447+00:00,1775359629896447000,175340228474541,825,,,ETF,3146,100,3143.5,-5.0,58.769659,
56653,market_research_2026-04-04_22-23-04_live_round,c6abe590858247adbb3a88511acd7fc6,2026-04-05T03:27:10.282558+00:00,1775359630282558000,175340614586416,825,,,ETF,3145,40,3142.5,-5.0,59.155770875,
56659,market_research_2026-04-04_22-23-04_live_round,c6abe590858247adbb3a88511acd7fc6,2026-04-05T03:27:10.322453+00:00,1775359630322453000,175340654481333,825,,,ETF,3145,60,3143.0,-4.0,59.195665792,
57106,market_research_2026-04-04_22-23-04_live_round,c6abe590858247adbb3a88511acd7fc6,2026-04-05T03:27:13.742322+00:00,1775359633742322000,175344074357875,825,,,ETF,3139,40,3141.0,-4.0,62.615542334,
57113,market_research_2026-04-04_22-23-04_live_round,c6abe590858247adbb3a88511acd7fc6,2026-04-05T03:27:13.791352+00:00,1775359633791352000,175344123388375,825,,,ETF,3140,60,3141.0,-2.0,62.664572834,
57121,market_research_2026-04-04_22-23-04_live_round,c6abe590858247adbb3a88511acd7fc6,2026-04-05T03:27:13.848044+00:00,1775359633848044000,175344180080583,825,,,ETF,3141,80,3141.0,0.0,62.721265042,
57177,market_research_2026-04-04_22-23-04_live_round,c6abe590858247adbb3a88511acd7fc6,2026-04-05T03:27:14.255463+00:00,1775359634255463000,175344587499583,825,,,ETF,3142,40,3144.5,-5.0,63.128684042,
57183,market_research_2026-04-04_22-23-04_live_round,c6abe590858247adbb3a88511acd7fc6,2026-04-05T03:27:14.294047+00:00,1775359634294047000,175344626083916,825,,,ETF,3142,60,3144.0,-4.0,63.167268375,
57254,market_research_2026-04-04_22-23-04_live_round,c6abe590858247adbb3a88511acd7fc6,2026-04-05T03:27:14.831924+00:00,1775359634831924000,175345163962541,825,,,ETF,3152,40,3154.0,-4.0,63.705147,
57261,market_research_2026-04-04_22-23-04_live_round,c6abe590858247adbb3a88511acd7fc6,2026-04-05T03:27:14.880683+00:00,1775359634880683000,175345212721000,825,,,ETF,3152,60,3153.5,-3.0,63.753905459,
57268,market_research_2026-04-04_22-23-04_live_round,c6abe590858247adbb3a88511acd7fc6,2026-04-05T03:27:14.926088+00:00,1775359634926088000,175345258126875,825,,,ETF,3153,40,3153.5,-1.0,63.799311334,
57269,market_research_2026-04-04_22-23-04_live_round,c6abe590858247adbb3a88511acd7fc6,2026-04-05T03:27:14.926243+00:00,1775359634926243000,175345258281583,825,,,ETF,3154,40,3153.5,-1.0,63.799466042,
57318,market_research_2026-04-04_22-23-04_live_round,c6abe590858247adbb3a88511acd7fc6,2026-04-05T03:27:15.305826+00:00,1775359635305826000,175345637864875,825,,,ETF,3156,40,3156.5,-1.0,64.179049334,
57330,market_research_2026-04-04_22-23-04_live_round,c6abe590858247adbb3a88511acd7fc6,2026-04-05T03:27:15.402707+00:00,1775359635402707000,175345734746375,825,,,ETF,3156,60,3156.0,0.0,64.275930834,
57388,market_research_2026-04-04_22-23-04_live_round,c6abe590858247adbb3a88511acd7fc6,2026-04-05T03:27:15.890259+00:00,1775359635890259000,175346222299500,825,,,ETF,3155,40,3155.0,0.0,64.763483959,
57452,market_research_2026-04-04_22-23-04_live_round,c6abe590858247adbb3a88511acd7fc6,2026-04-05T03:27:16.420089+00:00,1775359636420089000,175346752130125,825,,,ETF,3154,40,3154.0,0.0,65.293314584,
57643,market_research_2026-04-04_22-23-04_live_round,c6abe590858247adbb3a88511acd7fc6,2026-04-05T03:27:17.981905+00:00,1775359637981905000,175348313949500,825,,,ETF,3144,40,3139.0,-10.0,66.855133959,
57649,market_research_2026-04-04_22-23-04_live_round,c6abe590858247adbb3a88511acd7fc6,2026-04-05T03:27:18.036385+00:00,1775359638036385000,175348368430291,825,,,ETF,3143,60,3139.0,-8.0,66.90961475,
57655,market_research_2026-04-04_22-23-04_live_round,c6abe590858247adbb3a88511acd7fc6,2026-04-05T03:27:18.077298+00:00,1775359638077298000,175348409343166,825,,,ETF,3143,80,3139.5,-7.0,66.950527625,
57666,market_research_2026-04-04_22-23-04_live_round,c6abe590858247adbb3a88511acd7fc6,2026-04-05T03:27:18.167431+00:00,1775359638167431000,175348499476458,825,,,ETF,3143,20,3140.0,-6.0,67.040660917,
57667,market_research_2026-04-04_22-23-04_live_round,c6abe590858247adbb3a88511acd7fc6,2026-04-05T03:27:18.169851+00:00,1775359638169851000,175348501896166,825,,,ETF,3142,80,3140.0,-6.0,67.043080625,
57778,market_research_2026-04-04_22-23-04_live_round,c6abe590858247adbb3a88511acd7fc6,2026-04-05T03:27:19.082350+00:00,1775359639082350000,175349414397500,825,,,ETF,3144,40,3143.5,-1.0,67.955581959,
57849,market_research_2026-04-04_22-23-04_live_round,c6abe590858247adbb3a88511acd7fc6,2026-04-05T03:27:19.657567+00:00,1775359639657567000,175349989615708,825,,,ETF,3141,40,3136.0,-10.0,68.530800167,
57857,market_research_2026-04-04_22-23-04_live_round,c6abe590858247adbb3a88511acd7fc6,2026-04-05T03:27:19.727394+00:00,1775359639727394000,175350059442458,825,,,ETF,3141,60,3136.5,-9.0,68.600626917,
57865,market_research_2026-04-04_22-23-04_live_round,c6abe590858247adbb3a88511acd7fc6,2026-04-05T03:27:19.799260+00:00,1775359639799260000,175350131308500,825,,,ETF,3137,40,3135.0,-4.0,68.672492959,
57866,market_research_2026-04-04_22-23-04_live_round,c6abe590858247adbb3a88511acd7fc6,2026-04-05T03:27:19.801607+00:00,1775359639801607000,175350133655750,825,,,ETF,3136,40,3135.0,-4.0,68.674840209,
57885,market_research_2026-04-04_22-23-04_live_round,c6abe590858247adbb3a88511acd7fc6,2026-04-05T03:27:19.949058+00:00,1775359639949058000,175350281107458,825,,,ETF,3136,20,3135.0,-2.0,68.822291917,
57886,market_research_2026-04-04_22-23-04_live_round,c6abe590858247adbb3a88511acd7fc6,2026-04-05T03:27:19.951398+00:00,1775359639951398000,175350283447458,825,,,ETF,3135,80,3135.0,-2.0,68.824631917,
58046,market_research_2026-04-04_22-23-04_live_round,c6abe590858247adbb3a88511acd7fc6,2026-04-05T03:27:21.225220+00:00,1775359641225220000,175351557271291,825,,,ETF,3144,40,3148.5,-9.0,70.09845575,
58052,market_research_2026-04-04_22-23-04_live_round,c6abe590858247adbb3a88511acd7fc6,2026-04-05T03:27:21.262922+00:00,1775359641262922000,175351594973541,825,,,ETF,3144,60,3148.0,-8.0,70.136158,
58060,market_research_2026-04-04_22-23-04_live_round,c6abe590858247adbb3a88511acd7fc6,2026-04-05T03:27:21.321091+00:00,1775359641321091000,175351653142458,825,,,ETF,3146,40,3148.5,-5.0,70.194326917,
58061,market_research_2026-04-04_22-23-04_live_round,c6abe590858247adbb3a88511acd7fc6,2026-04-05T03:27:21.321209+00:00,1775359641321209000,175351653260791,825,,,ETF,3147,40,3148.5,-5.0,70.19444525,
58068,market_research_2026-04-04_22-23-04_live_round,c6abe590858247adbb3a88511acd7fc6,2026-04-05T03:27:21.367670+00:00,1775359641367670000,175351699721500,825,,,ETF,3147,20,3148.5,-3.0,70.240905959,
58069,market_research_2026-04-04_22-23-04_live_round,c6abe590858247adbb3a88511acd7fc6,2026-04-05T03:27:21.367785+00:00,1775359641367785000,175351699836791,825,,,ETF,3148,80,3148.5,-3.0,70.24102125,
58123,market_research_2026-04-04_22-23-04_live_round,c6abe590858247adbb3a88511acd7fc6,2026-04-05T03:27:21.799341+00:00,1775359641799341000,175352131393208,825,,,ETF,3149,40,3151.0,-4.0,70.672577667,
58131,market_research_2026-04-04_22-23-04_live_round,c6abe590858247adbb3a88511acd7fc6,2026-04-05T03:27:21.857391+00:00,1775359641857391000,175352189444208,825,,,ETF,3149,60,3150.5,-3.0,70.730628667,
58360,market_research_2026-04-04_22-23-04_live_round,c6abe590858247adbb3a88511acd7fc6,2026-04-05T03:27:23.713971+00:00,1775359643713971000,175354046027833,825,,,ETF,3158,40,3159.5,-3.0,72.587212292,
58361,market_research_2026-04-04_22-23-04_live_round,c6abe590858247adbb3a88511acd7fc6,2026-04-05T03:27:23.714084+00:00,1775359643714084000,175354046140666,825,,,ETF,3159,60,3159.5,-3.0,72.587325125,
58362,market_research_2026-04-04_22-23-04_live_round,c6abe590858247adbb3a88511acd7fc6,2026-04-05T03:27:23.714179+00:00,1775359643714179000,175354046236250,825,,,ETF,3160,80,3159.5,-3.0,72.587420709,
58363,market_research_2026-04-04_22-23-04_live_round,c6abe590858247adbb3a88511acd7fc6,2026-04-05T03:27:23.714278+00:00,1775359643714278000,175354046335041,825,,,ETF,3161,20,3159.5,-3.0,72.5875195,
58578,market_research_2026-04-04_22-23-04_live_round,c6abe590858247adbb3a88511acd7fc6,2026-04-05T03:27:25.501687+00:00,1775359645501687000,175355833746958,825,,,ETF,3151,40,3151.0,0.0,74.374931417,
58768,market_research_2026-04-04_22-23-04_live_round,c6abe590858247adbb3a88511acd7fc6,2026-04-05T03:27:27.129397+00:00,1775359647129397000,175357461461416,825,,,ETF,3147,40,3150.5,-7.0,76.002645875,
58776,market_research_2026-04-04_22-23-04_live_round,c6abe590858247adbb3a88511acd7fc6,2026-04-05T03:27:27.191942+00:00,1775359647191942000,175357524005833,825,,,ETF,3148,60,3150.5,-5.0,76.065190292,
58785,market_research_2026-04-04_22-23-04_live_round,c6abe590858247adbb3a88511acd7fc6,2026-04-05T03:27:27.265498+00:00,1775359647265498000,175357597561958,825,,,ETF,3149,80,3150.5,-3.0,76.138746417,
58792,market_research_2026-04-04_22-23-04_live_round,c6abe590858247adbb3a88511acd7fc6,2026-04-05T03:27:27.313954+00:00,1775359647313954000,175357646018750,825,,,ETF,3150,100,3150.5,-1.0,76.187203209,
58965,market_research_2026-04-04_22-23-04_live_round,c6abe590858247adbb3a88511acd7fc6,2026-04-05T03:27:28.752766+00:00,1775359648752766000,175359084833041,825,,,ETF,3159,40,3159.0,0.0,77.6260175,
59157,market_research_2026-04-04_22-23-04_live_round,c6abe590858247adbb3a88511acd7fc6,2026-04-05T03:27:30.328878+00:00,1775359650328878000,175360660948375,825,,,ETF,3162,40,3162.0,0.0,79.202132834,
59225,market_research_2026-04-04_22-23-04_live_round,c6abe590858247adbb3a88511acd7fc6,2026-04-05T03:27:30.905220+00:00,1775359650905220000,175361237291916,825,,,ETF,3161,40,3161.0,0.0,79.778476375,
59481,market_research_2026-04-04_22-23-04_live_round,c6abe590858247adbb3a88511acd7fc6,2026-04-05T03:27:33.074817+00:00,1775359653074817000,175363406892958,825,,,ETF,3153,40,3151.5,-3.0,81.948077417,
59487,market_research_2026-04-04_22-23-04_live_round,c6abe590858247adbb3a88511acd7fc6,2026-04-05T03:27:33.116211+00:00,1775359653116211000,175363448287666,825,,,ETF,3152,60,3151.5,-1.0,81.989472125,
59494,market_research_2026-04-04_22-23-04_live_round,c6abe590858247adbb3a88511acd7fc6,2026-04-05T03:27:33.171492+00:00,1775359653171492000,175363503568291,825,,,ETF,3152,80,3152.0,0.0,82.04475275,
59617,market_research_2026-04-04_22-23-04_live_round,c6abe590858247adbb3a88511acd7fc6,2026-04-05T03:27:34.226992+00:00,1775359654226992000,175364559070541,825,,,ETF,3150,40,3144.0,-12.0,83.100255,
59624,market_research_2026-04-04_22-23-04_live_round,c6abe590858247adbb3a88511acd7fc6,2026-04-05T03:27:34.285327+00:00,1775359654285327000,175364617405541,825,,,ETF,3149,60,3144.0,-10.0,83.15859,
59631,market_research_2026-04-04_22-23-04_live_round,c6abe590858247adbb3a88511acd7fc6,2026-04-05T03:27:34.336292+00:00,1775359654336292000,175364668371333,825,,,ETF,3148,80,3144.0,-8.0,83.209555792,
59639,market_research_2026-04-04_22-23-04_live_round,c6abe590858247adbb3a88511acd7fc6,2026-04-05T03:27:34.394330+00:00,1775359654394330000,175364726408541,825,,,ETF,3147,100,3144.0,-6.0,83.267593,
59689,market_research_2026-04-04_22-23-04_live_round,c6abe590858247adbb3a88511acd7fc6,2026-04-05T03:27:34.790133+00:00,1775359654790133000,175365122213000,825,,,ETF,3132,40,3131.5,-1.0,83.663397459,
59747,market_research_2026-04-04_22-23-04_live_round,c6abe590858247adbb3a88511acd7fc6,2026-04-05T03:27:35.264897+00:00,1775359655264897000,175365596977500,825,,,ETF,3132,40,3132.5,-1.0,84.138161959,
59753,market_research_2026-04-04_22-23-04_live_round,c6abe590858247adbb3a88511acd7fc6,2026-04-05T03:27:35.310158+00:00,1775359655310158000,175365642238958,825,,,ETF,3132,20,3132.0,0.0,84.183423417,
59814,market_research_2026-04-04_22-23-04_live_round,c6abe590858247adbb3a88511acd7fc6,2026-04-05T03:27:35.802119+00:00,1775359655802119000,175366134200291,825,,,ETF,3134,40,3136.5,-5.0,84.67538475,
59824,market_research_2026-04-04_22-23-04_live_round,c6abe590858247adbb3a88511acd7fc6,2026-04-05T03:27:35.886194+00:00,1775359655886194000,175366218276166,825,,,ETF,3134,60,3136.0,-4.0,84.759460625,
59944,market_research_2026-04-04_22-23-04_live_round,c6abe590858247adbb3a88511acd7fc6,2026-04-05T03:27:36.889076+00:00,1775359656889076000,175367221160291,825,,,ETF,3139,40,3140.5,-3.0,85.76234475,
59952,market_research_2026-04-04_22-23-04_live_round,c6abe590858247adbb3a88511acd7fc6,2026-04-05T03:27:36.948478+00:00,1775359656948478000,175367280563000,825,,,ETF,3140,60,3140.5,-1.0,85.821747459,
60014,market_research_2026-04-04_22-23-04_live_round,c6abe590858247adbb3a88511acd7fc6,2026-04-05T03:27:37.458402+00:00,1775359657458402000,175367790487791,825,,,ETF,3140,40,3140.0,0.0,86.33167225,
60335,market_research_2026-04-04_22-23-04_live_round,c6abe590858247adbb3a88511acd7fc6,2026-04-05T03:27:40.193764+00:00,1775359660193764000,175370525855375,825,,,ETF,3142,40,3140.5,-3.0,89.067039834,
60342,market_research_2026-04-04_22-23-04_live_round,c6abe590858247adbb3a88511acd7fc6,2026-04-05T03:27:40.247578+00:00,1775359660247578000,175370579669708,825,,,ETF,3141,60,3140.5,-1.0,89.120854167,
60404,market_research_2026-04-04_22-23-04_live_round,c6abe590858247adbb3a88511acd7fc6,2026-04-05T03:27:40.757242+00:00,1775359660757242000,175371089334000,825,,,ETF,3139,40,3138.5,-1.0,89.630518459,
60410,market_research_2026-04-04_22-23-04_live_round,c6abe590858247adbb3a88511acd7fc6,2026-04-05T03:27:40.800618+00:00,1775359660800618000,175371132710250,825,,,ETF,3139,60,3139.0,0.0,89.673894709,
60596,market_research_2026-04-04_22-23-04_live_round,c6abe590858247adbb3a88511acd7fc6,2026-04-05T03:27:42.387240+00:00,1775359662387240000,175372719336166,825,,,ETF,3135,40,3135.5,-1.0,91.260520625,
60788,market_research_2026-04-04_22-23-04_live_round,c6abe590858247adbb3a88511acd7fc6,2026-04-05T03:27:44.013054+00:00,1775359664013054000,175374345153208,825,,,ETF,3139,40,3140.5,-3.0,92.886337667,
60794,market_research_2026-04-04_22-23-04_live_round,c6abe590858247adbb3a88511acd7fc6,2026-04-05T03:27:44.064926+00:00,1775359664064926000,175374397025250,825,,,ETF,3140,60,3140.5,-1.0,92.938209709,
60857,market_research_2026-04-04_22-23-04_live_round,c6abe590858247adbb3a88511acd7fc6,2026-04-05T03:27:44.569721+00:00,1775359664569721000,175374901821166,825,,,ETF,3140,40,3139.5,-1.0,93.443005625,
60867,market_research_2026-04-04_22-23-04_live_round,c6abe590858247adbb3a88511acd7fc6,2026-04-05T03:27:44.655730+00:00,1775359664655730000,175374987830041,825,,,ETF,3140,40,3140.0,0.0,93.5290145,
60925,market_research_2026-04-04_22-23-04_live_round,c6abe590858247adbb3a88511acd7fc6,2026-04-05T03:27:45.138334+00:00,1775359665138334000,175375470436000,825,,,ETF,3139,40,3135.0,-8.0,94.011620459,
60940,market_research_2026-04-04_22-23-04_live_round,c6abe590858247adbb3a88511acd7fc6,2026-04-05T03:27:45.264060+00:00,1775359665264060000,175375596161708,825,,,ETF,3139,60,3135.5,-7.0,94.137346167,
60945,market_research_2026-04-04_22-23-04_live_round,c6abe590858247adbb3a88511acd7fc6,2026-04-05T03:27:45.298372+00:00,1775359665298372000,175375630473416,825,,,ETF,3133,40,3133.0,0.0,94.171657875,
61055,market_research_2026-04-04_22-23-04_live_round,c6abe590858247adbb3a88511acd7fc6,2026-04-05T03:27:46.217928+00:00,1775359666217928000,175376550031791,825,,,ETF,3129,40,3126.5,-5.0,95.09121625,
61063,market_research_2026-04-04_22-23-04_live_round,c6abe590858247adbb3a88511acd7fc6,2026-04-05T03:27:46.286544+00:00,1775359666286544000,175376618648041,825,,,ETF,3128,60,3126.5,-3.0,95.1598325,
61071,market_research_2026-04-04_22-23-04_live_round,c6abe590858247adbb3a88511acd7fc6,2026-04-05T03:27:46.344803+00:00,1775359666344803000,175376676907333,825,,,ETF,3127,80,3126.5,-1.0,95.218091792,
61128,market_research_2026-04-04_22-23-04_live_round,c6abe590858247adbb3a88511acd7fc6,2026-04-05T03:27:46.824498+00:00,1775359666824498000,175377156602750,825,,,ETF,3126,40,3117.0,-18.0,95.697787209,
61134,market_research_2026-04-04_22-23-04_live_round,c6abe590858247adbb3a88511acd7fc6,2026-04-05T03:27:46.867664+00:00,1775359666867664000,175377199769166,825,,,ETF,3126,60,3117.5,-17.0,95.740953625,
61144,market_research_2026-04-04_22-23-04_live_round,c6abe590858247adbb3a88511acd7fc6,2026-04-05T03:27:46.938154+00:00,1775359666938154000,175377270259208,825,,,ETF,3118,40,3114.0,-8.0,95.811443667,
61145,market_research_2026-04-04_22-23-04_live_round,c6abe590858247adbb3a88511acd7fc6,2026-04-05T03:27:46.938286+00:00,1775359666938286000,175377270391583,825,,,ETF,3117,40,3114.0,-8.0,95.811576042,
61153,market_research_2026-04-04_22-23-04_live_round,c6abe590858247adbb3a88511acd7fc6,2026-04-05T03:27:46.994578+00:00,1775359666994578000,175377326682833,825,,,ETF,3117,20,3114.0,-6.0,95.867867292,
61154,market_research_2026-04-04_22-23-04_live_round,c6abe590858247adbb3a88511acd7fc6,2026-04-05T03:27:46.997860+00:00,1775359666997860000,175377329965875,825,,,ETF,3116,80,3114.0,-6.0,95.871150334,
61198,market_research_2026-04-04_22-23-04_live_round,c6abe590858247adbb3a88511acd7fc6,2026-04-05T03:27:47.359687+00:00,1775359667359687000,175377691792708,825,,,ETF,3115,40,3112.0,-6.0,96.232977167,
61204,market_research_2026-04-04_22-23-04_live_round,c6abe590858247adbb3a88511acd7fc6,2026-04-05T03:27:47.402106+00:00,1775359667402106000,175377734211916,825,,,ETF,3115,60,3112.5,-5.0,96.275396375,
61329,market_research_2026-04-04_22-23-04_live_round,c6abe590858247adbb3a88511acd7fc6,2026-04-05T03:27:48.480837+00:00,1775359668480837000,175378812945666,825,,,ETF,3111,40,3116.0,-10.0,97.354130125,
61336,market_research_2026-04-04_22-23-04_live_round,c6abe590858247adbb3a88511acd7fc6,2026-04-05T03:27:48.536107+00:00,1775359668536107000,175378868215250,825,,,ETF,3112,60,3116.0,-8.0,97.409399709,
61342,market_research_2026-04-04_22-23-04_live_round,c6abe590858247adbb3a88511acd7fc6,2026-04-05T03:27:48.578348+00:00,1775359668578348000,175378910456583,825,,,ETF,3112,40,3115.5,-7.0,97.451641042,
61343,market_research_2026-04-04_22-23-04_live_round,c6abe590858247adbb3a88511acd7fc6,2026-04-05T03:27:48.578474+00:00,1775359668578474000,175378910582541,825,,,ETF,3112,40,3115.5,-7.0,97.451767,
61351,market_research_2026-04-04_22-23-04_live_round,c6abe590858247adbb3a88511acd7fc6,2026-04-05T03:27:48.639287+00:00,1775359668639287000,175378971395708,825,,,ETF,3112,20,3115.0,-6.0,97.512580167,
61352,market_research_2026-04-04_22-23-04_live_round,c6abe590858247adbb3a88511acd7fc6,2026-04-05T03:27:48.639437+00:00,1775359668639437000,175378971545750,825,,,ETF,3113,80,3115.0,-6.0,97.512730209,
61407,market_research_2026-04-04_22-23-04_live_round,c6abe590858247adbb3a88511acd7fc6,2026-04-05T03:27:49.064409+00:00,1775359669064409000,175379396518208,825,,,ETF,3114,40,3119.0,-10.0,97.937702667,
61414,market_research_2026-04-04_22-23-04_live_round,c6abe590858247adbb3a88511acd7fc6,2026-04-05T03:27:49.113962+00:00,1775359669113962000,175379446071875,825,,,ETF,3114,60,3118.5,-9.0,97.987256334,
61910,market_research_2026-04-04_22-23-04_live_round,c6abe590858247adbb3a88511acd7fc6,2026-04-05T03:27:53.439209+00:00,1775359673439209000,175383771327625,950,,,ETF,3132,40,3133.0,-2.0,102.312512084,
61917,market_research_2026-04-04_22-23-04_live_round,c6abe590858247adbb3a88511acd7fc6,2026-04-05T03:27:53.492079+00:00,1775359673492079000,175383824197750,950,,,ETF,3133,60,3133.0,0.0,102.365382209,
62104,market_research_2026-04-04_22-23-04_live_round,c6abe590858247adbb3a88511acd7fc6,2026-04-05T03:27:55.083712+00:00,1775359675083712000,175385415834000,950,,,ETF,3137,40,3140.0,-6.0,103.957018459,
62110,market_research_2026-04-04_22-23-04_live_round,c6abe590858247adbb3a88511acd7fc6,2026-04-05T03:27:55.125147+00:00,1775359675125147000,175385457268750,950,,,ETF,3138,60,3140.0,-4.0,103.998453209,
62122,market_research_2026-04-04_22-23-04_live_round,c6abe590858247adbb3a88511acd7fc6,2026-04-05T03:27:55.222643+00:00,1775359675222643000,175385554765333,950,,,ETF,3139,80,3140.0,-2.0,104.095949792,
62129,market_research_2026-04-04_22-23-04_live_round,c6abe590858247adbb3a88511acd7fc6,2026-04-05T03:27:55.273720+00:00,1775359675273720000,175385605842958,950,,,ETF,3140,100,3140.0,0.0,104.147027417,
62245,market_research_2026-04-04_22-23-04_live_round,c6abe590858247adbb3a88511acd7fc6,2026-04-05T03:27:56.264869+00:00,1775359676264869000,175386596993875,950,,,ETF,3136,40,3132.5,-7.0,105.138178334,
62253,market_research_2026-04-04_22-23-04_live_round,c6abe590858247adbb3a88511acd7fc6,2026-04-05T03:27:56.324269+00:00,1775359676324269000,175386656393458,950,,,ETF,3135,60,3132.5,-5.0,105.197577917,
62260,market_research_2026-04-04_22-23-04_live_round,c6abe590858247adbb3a88511acd7fc6,2026-04-05T03:27:56.375211+00:00,1775359676375211000,175386707334958,950,,,ETF,3134,80,3132.5,-3.0,105.248519417,
62265,market_research_2026-04-04_22-23-04_live_round,c6abe590858247adbb3a88511acd7fc6,2026-04-05T03:27:56.410666+00:00,1775359676410666000,175386742791250,950,,,ETF,3133,100,3132.5,-1.0,105.283975709,
62369,market_research_2026-04-04_22-23-04_live_round,c6abe590858247adbb3a88511acd7fc6,2026-04-05T03:27:57.306158+00:00,1775359677306158000,175387638284875,950,,,ETF,3136,40,3138.5,-5.0,106.179469334,
62377,market_research_2026-04-04_22-23-04_live_round,c6abe590858247adbb3a88511acd7fc6,2026-04-05T03:27:57.368835+00:00,1775359677368835000,175387700961583,950,,,ETF,3137,60,3138.5,-3.0,106.242146042,
62382,market_research_2026-04-04_22-23-04_live_round,c6abe590858247adbb3a88511acd7fc6,2026-04-05T03:27:57.402275+00:00,1775359677402275000,175387734402375,950,,,ETF,3138,80,3138.5,-1.0,106.275586834,
62438,market_research_2026-04-04_22-23-04_live_round,c6abe590858247adbb3a88511acd7fc6,2026-04-05T03:27:57.882100+00:00,1775359677882100000,175388214228083,950,,,ETF,3139,40,3143.0,-8.0,106.755412542,
62446,market_research_2026-04-04_22-23-04_live_round,c6abe590858247adbb3a88511acd7fc6,2026-04-05T03:27:57.944365+00:00,1775359677944365000,175388276493041,950,,,ETF,3139,60,3142.5,-7.0,106.8176775,
62537,market_research_2026-04-04_22-23-04_live_round,c6abe590858247adbb3a88511acd7fc6,2026-04-05T03:27:58.729105+00:00,1775359678729105000,175389061234583,950,,,ETF,3145,40,3144.0,-2.0,107.602419042,
62542,market_research_2026-04-04_22-23-04_live_round,c6abe590858247adbb3a88511acd7fc6,2026-04-05T03:27:58.767339+00:00,1775359678767339000,175389099468625,950,,,ETF,3145,40,3144.5,-1.0,107.640653084,
62543,market_research_2026-04-04_22-23-04_live_round,c6abe590858247adbb3a88511acd7fc6,2026-04-05T03:27:58.767482+00:00,1775359678767482000,175389099612333,950,,,ETF,3144,20,3144.5,-1.0,107.640796792,
62606,market_research_2026-04-04_22-23-04_live_round,c6abe590858247adbb3a88511acd7fc6,2026-04-05T03:27:59.318405+00:00,1775359679318405000,175389650535500,950,,,ETF,3144,40,3139.5,-9.0,108.191719959,
62611,market_research_2026-04-04_22-23-04_live_round,c6abe590858247adbb3a88511acd7fc6,2026-04-05T03:27:59.357729+00:00,1775359679357729000,175389689860458,950,,,ETF,3144,40,3140.0,-8.0,108.231044917,
62612,market_research_2026-04-04_22-23-04_live_round,c6abe590858247adbb3a88511acd7fc6,2026-04-05T03:27:59.357859+00:00,1775359679357859000,175389689990750,950,,,ETF,3137,20,3140.0,-8.0,108.231175209,
62618,market_research_2026-04-04_22-23-04_live_round,c6abe590858247adbb3a88511acd7fc6,2026-04-05T03:27:59.400946+00:00,1775359679400946000,175389733077000,950,,,ETF,3137,20,3137.0,0.0,108.274261459,
62677,market_research_2026-04-04_22-23-04_live_round,c6abe590858247adbb3a88511acd7fc6,2026-04-05T03:27:59.913546+00:00,1775359679913546000,175390245678583,950,,,ETF,3134,40,3133.0,-2.0,108.786863042,
62682,market_research_2026-04-04_22-23-04_live_round,c6abe590858247adbb3a88511acd7fc6,2026-04-05T03:27:59.951842+00:00,1775359679951842000,175390283974458,950,,,ETF,3134,60,3133.5,-1.0,108.825158917,
62853,market_research_2026-04-04_22-23-04_live_round,c6abe590858247adbb3a88511acd7fc6,2026-04-05T03:28:01.496685+00:00,1775359681496685000,175391828820791,950,,,ETF,3132,40,3134.0,-4.0,110.37000525,
62860,market_research_2026-04-04_22-23-04_live_round,c6abe590858247adbb3a88511acd7fc6,2026-04-05T03:28:01.552455+00:00,1775359681552455000,175391884590541,950,,,ETF,3133,60,3134.0,-2.0,110.425775,
62865,market_research_2026-04-04_22-23-04_live_round,c6abe590858247adbb3a88511acd7fc6,2026-04-05T03:28:01.584829+00:00,1775359681584829000,175391916964625,950,,,ETF,3134,80,3134.0,0.0,110.458149084,
62923,market_research_2026-04-04_22-23-04_live_round,c6abe590858247adbb3a88511acd7fc6,2026-04-05T03:28:02.088356+00:00,1775359682088356000,175392420492708,950,,,ETF,3135,40,3139.5,-9.0,110.961677167,
62928,market_research_2026-04-04_22-23-04_live_round,c6abe590858247adbb3a88511acd7fc6,2026-04-05T03:28:02.129728+00:00,1775359682129728000,175392461864666,950,,,ETF,3135,60,3139.0,-8.0,111.003049125,
62933,market_research_2026-04-04_22-23-04_live_round,c6abe590858247adbb3a88511acd7fc6,2026-04-05T03:28:02.167352+00:00,1775359682167352000,175392499489083,950,,,ETF,3142,40,3142.0,0.0,111.040673542,
62993,market_research_2026-04-04_22-23-04_live_round,c6abe590858247adbb3a88511acd7fc6,2026-04-05T03:28:02.701082+00:00,1775359682701082000,175393033219916,950,,,ETF,3142,40,3141.5,-1.0,111.574404375,
63114,market_research_2026-04-04_22-23-04_live_round,c6abe590858247adbb3a88511acd7fc6,2026-04-05T03:28:03.750291+00:00,1775359683750291000,175394082430958,950,,,ETF,3143,40,3148.5,-11.0,112.623615417,
63122,market_research_2026-04-04_22-23-04_live_round,c6abe590858247adbb3a88511acd7fc6,2026-04-05T03:28:03.816004+00:00,1775359683816004000,175394148143750,950,,,ETF,3144,60,3148.5,-9.0,112.689328209,
63135,market_research_2026-04-04_22-23-04_live_round,c6abe590858247adbb3a88511acd7fc6,2026-04-05T03:28:03.930339+00:00,1775359683930339000,175394262478625,950,,,ETF,3144,40,3148.0,-8.0,112.803663084,
63136,market_research_2026-04-04_22-23-04_live_round,c6abe590858247adbb3a88511acd7fc6,2026-04-05T03:28:03.932980+00:00,1775359683932980000,175394265120333,950,,,ETF,3144,40,3148.0,-8.0,112.806304792,
63142,market_research_2026-04-04_22-23-04_live_round,c6abe590858247adbb3a88511acd7fc6,2026-04-05T03:28:03.986829+00:00,1775359683986829000,175394318970250,950,,,ETF,3144,20,3147.5,-7.0,112.860154709,
63143,market_research_2026-04-04_22-23-04_live_round,c6abe590858247adbb3a88511acd7fc6,2026-04-05T03:28:03.986971+00:00,1775359683986971000,175394319111625,950,,,ETF,3145,80,3147.5,-7.0,112.860296084,
63184,market_research_2026-04-04_22-23-04_live_round,c6abe590858247adbb3a88511acd7fc6,2026-04-05T03:28:04.331701+00:00,1775359684331701000,175394663842833,950,,,ETF,3146,40,3149.0,-6.0,113.205027292,
63199,market_research_2026-04-04_22-23-04_live_round,c6abe590858247adbb3a88511acd7fc6,2026-04-05T03:28:04.467660+00:00,1775359684467660000,175394799801416,950,,,ETF,3146,60,3148.5,-5.0,113.340985875,
63632,market_research_2026-04-04_22-23-04_live_round,c6abe590858247adbb3a88511acd7fc6,2026-04-05T03:28:08.375473+00:00,1775359688375473000,175398707622625,950,,,ETF,3155,40,3155.0,0.0,117.248807084,
63960,market_research_2026-04-04_22-23-04_live_round,c6abe590858247adbb3a88511acd7fc6,2026-04-05T03:28:11.416484+00:00,1775359691416484000,175401748639666,950,,,ETF,3145,40,3143.0,-4.0,120.289824125,
63965,market_research_2026-04-04_22-23-04_live_round,c6abe590858247adbb3a88511acd7fc6,2026-04-05T03:28:11.450218+00:00,1775359691450218000,175401782374458,950,,,ETF,3145,60,3143.5,-3.0,120.323558917,
63975,market_research_2026-04-04_22-23-04_live_round,c6abe590858247adbb3a88511acd7fc6,2026-04-05T03:28:11.539598+00:00,1775359691539598000,175401871754041,950,,,ETF,3145,40,3144.0,-2.0,120.4129385,
63976,market_research_2026-04-04_22-23-04_live_round,c6abe590858247adbb3a88511acd7fc6,2026-04-05T03:28:11.542652+00:00,1775359691542652000,175401874808541,950,,,ETF,3144,40,3144.0,-2.0,120.415993,
63986,market_research_2026-04-04_22-23-04_live_round,c6abe590858247adbb3a88511acd7fc6,2026-04-05T03:28:11.656537+00:00,1775359691656537000,175401988693416,950,,,ETF,3144,20,3144.0,0.0,120.529877875,
64028,market_research_2026-04-04_22-23-04_live_round,c6abe590858247adbb3a88511acd7fc6,2026-04-05T03:28:12.033230+00:00,1775359692033230000,175402365387041,950,,,ETF,3142,40,3141.5,-1.0,120.9065715,
64034,market_research_2026-04-04_22-23-04_live_round,c6abe590858247adbb3a88511acd7fc6,2026-04-05T03:28:12.082391+00:00,1775359692082391000,175402414548583,950,,,ETF,3142,60,3142.0,0.0,120.955733042,
64283,market_research_2026-04-04_22-23-04_live_round,c6abe590858247adbb3a88511acd7fc6,2026-04-05T03:28:14.453334+00:00,1775359694453334000,175404785496291,950,,,ETF,3133,40,3133.5,-1.0,123.32668075,
64413,market_research_2026-04-04_22-23-04_live_round,c6abe590858247adbb3a88511acd7fc6,2026-04-05T03:28:15.624895+00:00,1775359695624895000,175405957059375,950,,,ETF,3135,40,3139.0,-8.0,124.498243834,
64423,market_research_2026-04-04_22-23-04_live_round,c6abe590858247adbb3a88511acd7fc6,2026-04-05T03:28:15.715771+00:00,1775359695715771000,175406047935958,950,,,ETF,3136,60,3139.0,-6.0,124.589120417,
64428,market_research_2026-04-04_22-23-04_live_round,c6abe590858247adbb3a88511acd7fc6,2026-04-05T03:28:15.747171+00:00,1775359695747171000,175406079336041,950,,,ETF,3137,80,3139.0,-4.0,124.6205205,
64435,market_research_2026-04-04_22-23-04_live_round,c6abe590858247adbb3a88511acd7fc6,2026-04-05T03:28:15.799539+00:00,1775359695799539000,175406131704000,950,,,ETF,3138,100,3139.0,-2.0,124.672888459,
64556,market_research_2026-04-04_22-23-04_live_round,c6abe590858247adbb3a88511acd7fc6,2026-04-05T03:28:16.875714+00:00,1775359696875714000,175407207881583,950,,,ETF,3141,40,3140.5,-1.0,125.749066042,
64686,market_research_2026-04-04_22-23-04_live_round,c6abe590858247adbb3a88511acd7fc6,2026-04-05T03:28:18.078976+00:00,1775359698078976000,175408411145375,950,,,ETF,3134,40,3134.0,0.0,126.952329834,
64777,market_research_2026-04-04_22-23-04_live_round,c6abe590858247adbb3a88511acd7fc6,2026-04-05T03:28:18.924387+00:00,1775359698924387000,175409256559125,1000,,,ETF,3131,40,3129.0,-4.0,127.797743584,
64782,market_research_2026-04-04_22-23-04_live_round,c6abe590858247adbb3a88511acd7fc6,2026-04-05T03:28:18.956686+00:00,1775359698956686000,175409288857541,1000,,,ETF,3131,60,3129.5,-3.0,127.830042,
64940,market_research_2026-04-04_22-23-04_live_round,c6abe590858247adbb3a88511acd7fc6,2026-04-05T03:28:20.597932+00:00,1775359700597932000,175410930107000,1000,,,ETF,3130,40,3132.0,-4.0,129.471291459,
64949,market_research_2026-04-04_22-23-04_live_round,c6abe590858247adbb3a88511acd7fc6,2026-04-05T03:28:20.681514+00:00,1775359700681514000,175411013689125,1000,,,ETF,3131,60,3132.0,-2.0,129.554873584,
64956,market_research_2026-04-04_22-23-04_live_round,c6abe590858247adbb3a88511acd7fc6,2026-04-05T03:28:20.730841+00:00,1775359700730841000,175411063017083,1000,,,ETF,3132,80,3132.0,0.0,129.604201542,
65134,market_research_2026-04-04_22-23-04_live_round,c6abe590858247adbb3a88511acd7fc6,2026-04-05T03:28:22.186635+00:00,1775359702186635000,175412518813833,1000,,,ETF,3134,40,3137.0,-6.0,131.059998292,
65141,market_research_2026-04-04_22-23-04_live_round,c6abe590858247adbb3a88511acd7fc6,2026-04-05T03:28:22.239590+00:00,1775359702239590000,175412571768875,1000,,,ETF,3135,60,3137.0,-4.0,131.112953334,
65147,market_research_2026-04-04_22-23-04_live_round,c6abe590858247adbb3a88511acd7fc6,2026-04-05T03:28:22.276573+00:00,1775359702276573000,175412608751708,1000,,,ETF,3136,80,3137.0,-2.0,131.149936167,
65153,market_research_2026-04-04_22-23-04_live_round,c6abe590858247adbb3a88511acd7fc6,2026-04-05T03:28:22.317946+00:00,1775359702317946000,175412650124625,1000,,,ETF,3137,100,3137.0,0.0,131.191309084,
65208,market_research_2026-04-04_22-23-04_live_round,c6abe590858247adbb3a88511acd7fc6,2026-04-05T03:28:22.730327+00:00,1775359702730327000,175413062506541,1000,,,ETF,3146,40,3147.5,-3.0,131.603691,
65215,market_research_2026-04-04_22-23-04_live_round,c6abe590858247adbb3a88511acd7fc6,2026-04-05T03:28:22.780536+00:00,1775359702780536000,175413112715625,1000,,,ETF,3147,60,3147.5,-1.0,131.653900084,
65271,market_research_2026-04-04_22-23-04_live_round,c6abe590858247adbb3a88511acd7fc6,2026-04-05T03:28:23.237443+00:00,1775359703237443000,175413569624333,1000,,,ETF,3149,40,3149.5,-1.0,132.110808792,
65279,market_research_2026-04-04_22-23-04_live_round,c6abe590858247adbb3a88511acd7fc6,2026-04-05T03:28:23.286825+00:00,1775359703286825000,175413619006125,1000,,,ETF,3149,60,3149.0,0.0,132.160190584,
65342,market_research_2026-04-04_22-23-04_live_round,c6abe590858247adbb3a88511acd7fc6,2026-04-05T03:28:23.777729+00:00,1775359703777729000,175414109910625,1000,,,ETF,3148,40,3145.5,-5.0,132.651095084,
65349,market_research_2026-04-04_22-23-04_live_round,c6abe590858247adbb3a88511acd7fc6,2026-04-05T03:28:23.824303+00:00,1775359703824303000,175414156485125,1000,,,ETF,3148,40,3146.0,-4.0,132.697669584,
65350,market_research_2026-04-04_22-23-04_live_round,c6abe590858247adbb3a88511acd7fc6,2026-04-05T03:28:23.824409+00:00,1775359703824409000,175414156590791,1000,,,ETF,3147,20,3146.0,-4.0,132.69777525,
65357,market_research_2026-04-04_22-23-04_live_round,c6abe590858247adbb3a88511acd7fc6,2026-04-05T03:28:23.871514+00:00,1775359703871514000,175414203696708,1000,,,ETF,3147,80,3146.0,-2.0,132.744881167,
65372,market_research_2026-04-04_22-23-04_live_round,c6abe590858247adbb3a88511acd7fc6,2026-04-05T03:28:24.050638+00:00,1775359704050638000,175414382820333,1000,,,ETF,3146,100,3146.0,0.0,132.924004792,
65474,market_research_2026-04-04_22-23-04_live_round,c6abe590858247adbb3a88511acd7fc6,2026-04-05T03:28:24.848779+00:00,1775359704848779000,175415180963041,1000,,,ETF,3142,40,3143.5,-3.0,133.7221475,
65484,market_research_2026-04-04_22-23-04_live_round,c6abe590858247adbb3a88511acd7fc6,2026-04-05T03:28:24.915748+00:00,1775359704915748000,175415247932750,1000,,,ETF,3143,60,3143.5,-1.0,133.789117209,
65540,market_research_2026-04-04_22-23-04_live_round,c6abe590858247adbb3a88511acd7fc6,2026-04-05T03:28:25.328062+00:00,1775359705328062000,175415660247125,1000,,,ETF,3145,40,3145.0,0.0,134.201431584,
66055,market_research_2026-04-04_22-23-04_live_round,c6abe590858247adbb3a88511acd7fc6,2026-04-05T03:28:29.693927+00:00,1775359709693927000,175420026121583,1000,,,ETF,3147,40,3150.5,-7.0,138.567306042,
66060,market_research_2026-04-04_22-23-04_live_round,c6abe590858247adbb3a88511acd7fc6,2026-04-05T03:28:29.726905+00:00,1775359709726905000,175420059099708,1000,,,ETF,3148,60,3150.5,-5.0,138.600284167,
66067,market_research_2026-04-04_22-23-04_live_round,c6abe590858247adbb3a88511acd7fc6,2026-04-05T03:28:29.782620+00:00,1775359709782620000,175420114814750,1000,,,ETF,3149,80,3150.5,-3.0,138.655999209,
66074,market_research_2026-04-04_22-23-04_live_round,c6abe590858247adbb3a88511acd7fc6,2026-04-05T03:28:29.840762+00:00,1775359709840762000,175420172956666,1000,,,ETF,3150,100,3150.5,-1.0,138.714141125,
66128,market_research_2026-04-04_22-23-04_live_round,c6abe590858247adbb3a88511acd7fc6,2026-04-05T03:28:30.306646+00:00,1775359710306646000,175420638841708,1000,,,ETF,3160,40,3160.0,0.0,139.180026167,
66259,market_research_2026-04-04_22-23-04_live_round,c6abe590858247adbb3a88511acd7fc6,2026-04-05T03:28:31.431733+00:00,1775359711431733000,175421763931250,1000,,,ETF,3159,40,3156.5,-5.0,140.305115709,
66266,market_research_2026-04-04_22-23-04_live_round,c6abe590858247adbb3a88511acd7fc6,2026-04-05T03:28:31.483152+00:00,1775359711483152000,175421815350166,1000,,,ETF,3158,60,3156.5,-3.0,140.356534625,
66272,market_research_2026-04-04_22-23-04_live_round,c6abe590858247adbb3a88511acd7fc6,2026-04-05T03:28:31.525554+00:00,1775359711525554000,175421857751708,1000,,,ETF,3157,80,3156.5,-1.0,140.398936167,
66281,market_research_2026-04-04_22-23-04_live_round,c6abe590858247adbb3a88511acd7fc6,2026-04-05T03:28:31.591389+00:00,1775359711591389000,175421923587250,1000,,,ETF,3157,100,3157.0,0.0,140.464771709,
66450,market_research_2026-04-04_22-23-04_live_round,c6abe590858247adbb3a88511acd7fc6,2026-04-05T03:28:32.976064+00:00,1775359712976064000,175423308265000,1000,,,ETF,3153,40,3153.0,0.0,141.849449459,
66518,market_research_2026-04-04_22-23-04_live_round,c6abe590858247adbb3a88511acd7fc6,2026-04-05T03:28:33.575817+00:00,1775359713575817000,175423908019458,1000,,,ETF,3156,40,3160.0,-8.0,142.449203917,
66528,market_research_2026-04-04_22-23-04_live_round,c6abe590858247adbb3a88511acd7fc6,2026-04-05T03:28:33.652529+00:00,1775359713652529000,175423984732166,1000,,,ETF,3156,60,3159.5,-7.0,142.525916625,
66540,market_research_2026-04-04_22-23-04_live_round,c6abe590858247adbb3a88511acd7fc6,2026-04-05T03:28:33.748167+00:00,1775359713748167000,175424080369708,1000,,,ETF,3159,40,3160.5,-3.0,142.621554167,
66541,market_research_2026-04-04_22-23-04_live_round,c6abe590858247adbb3a88511acd7fc6,2026-04-05T03:28:33.748275+00:00,1775359713748275000,175424080477541,1000,,,ETF,3160,40,3160.5,-3.0,142.621662,
66551,market_research_2026-04-04_22-23-04_live_round,c6abe590858247adbb3a88511acd7fc6,2026-04-05T03:28:33.828103+00:00,1775359713828103000,175424160305500,1000,,,ETF,3160,20,3160.5,-1.0,142.701489959,
66552,market_research_2026-04-04_22-23-04_live_round,c6abe590858247adbb3a88511acd7fc6,2026-04-05T03:28:33.828216+00:00,1775359713828216000,175424160419375,1000,,,ETF,3161,80,3160.5,-1.0,142.701603834,
66590,market_research_2026-04-04_22-23-04_live_round,c6abe590858247adbb3a88511acd7fc6,2026-04-05T03:28:34.162412+00:00,1775359714162412000,175424494615666,1000,,,ETF,3162,40,3165.5,-7.0,143.035800125,
66596,market_research_2026-04-04_22-23-04_live_round,c6abe590858247adbb3a88511acd7fc6,2026-04-05T03:28:34.208895+00:00,1775359714208895000,175424541098333,1000,,,ETF,3162,60,3165.0,-6.0,143.082282792,
66639,market_research_2026-04-04_22-23-04_live_round,c6abe590858247adbb3a88511acd7fc6,2026-04-05T03:28:34.579008+00:00,1775359714579008000,175424911212583,1000,,,ETF,3167,80,3162.5,-9.0,143.452397042,
66640,market_research_2026-04-04_22-23-04_live_round,c6abe590858247adbb3a88511acd7fc6,2026-04-05T03:28:34.579123+00:00,1775359714579123000,175424911327125,1000,,,ETF,3166,100,3162.5,-9.0,143.452511584,
66913,market_research_2026-04-04_22-23-04_live_round,c6abe590858247adbb3a88511acd7fc6,2026-04-05T03:28:36.883298+00:00,1775359716883298000,175427215507166,1000,,,ETF,3168,40,3169.5,-3.0,145.756691625,
66923,market_research_2026-04-04_22-23-04_live_round,c6abe590858247adbb3a88511acd7fc6,2026-04-05T03:28:36.970387+00:00,1775359716970387000,175427302596708,1000,,,ETF,3169,60,3169.5,-1.0,145.843781167,
66991,market_research_2026-04-04_22-23-04_live_round,c6abe590858247adbb3a88511acd7fc6,2026-04-05T03:28:37.538580+00:00,1775359717538580000,175427870791000,1000,,,ETF,3169,40,3168.0,-2.0,146.411975459,
66998,market_research_2026-04-04_22-23-04_live_round,c6abe590858247adbb3a88511acd7fc6,2026-04-05T03:28:37.591988+00:00,1775359717591988000,175427924198541,1000,,,ETF,3169,40,3168.5,-1.0,146.465383,
66999,market_research_2026-04-04_22-23-04_live_round,c6abe590858247adbb3a88511acd7fc6,2026-04-05T03:28:37.592093+00:00,1775359717592093000,175427924304333,1000,,,ETF,3168,20,3168.5,-1.0,146.465488792,
67053,market_research_2026-04-04_22-23-04_live_round,c6abe590858247adbb3a88511acd7fc6,2026-04-05T03:28:38.045800+00:00,1775359718045800000,175428378012125,1000,,,ETF,3168,40,3167.5,-1.0,146.919196584,
67062,market_research_2026-04-04_22-23-04_live_round,c6abe590858247adbb3a88511acd7fc6,2026-04-05T03:28:38.110496+00:00,1775359718110496000,175428442708000,1000,,,ETF,3168,40,3168.0,0.0,146.983892459,
67120,market_research_2026-04-04_22-23-04_live_round,c6abe590858247adbb3a88511acd7fc6,2026-04-05T03:28:38.590861+00:00,1775359718590861000,175428923073583,1000,,,ETF,3161,40,3161.0,0.0,147.464258042,
67182,market_research_2026-04-04_22-23-04_live_round,c6abe590858247adbb3a88511acd7fc6,2026-04-05T03:28:39.100205+00:00,1775359719100205000,175429432419125,1000,,,ETF,3162,40,3163.5,-3.0,147.973603584,
67189,market_research_2026-04-04_22-23-04_live_round,c6abe590858247adbb3a88511acd7fc6,2026-04-05T03:28:39.157030+00:00,1775359719157030000,175429489244333,1000,,,ETF,3162,20,3163.0,-2.0,148.030428792,
67190,market_research_2026-04-04_22-23-04_live_round,c6abe590858247adbb3a88511acd7fc6,2026-04-05T03:28:39.157139+00:00,1775359719157139000,175429489353416,1000,,,ETF,3163,40,3163.0,-2.0,148.030537875,
67196,market_research_2026-04-04_22-23-04_live_round,c6abe590858247adbb3a88511acd7fc6,2026-04-05T03:28:39.195895+00:00,1775359719195895000,175429528108791,1000,,,ETF,3163,40,3163.0,0.0,148.06929325,
67258,market_research_2026-04-04_22-23-04_live_round,c6abe590858247adbb3a88511acd7fc6,2026-04-05T03:28:39.914601+00:00,1775359719914601000,175430246816625,1000,,,ETF,3163,40,3161.5,-3.0,148.788001084,
67265,market_research_2026-04-04_22-23-04_live_round,c6abe590858247adbb3a88511acd7fc6,2026-04-05T03:28:39.970676+00:00,1775359719970676000,175430302892291,1000,,,ETF,3162,60,3161.5,-1.0,148.84407675,
67270,market_research_2026-04-04_22-23-04_live_round,c6abe590858247adbb3a88511acd7fc6,2026-04-05T03:28:40.004260+00:00,1775359720004260000,175430336475583,1000,,,ETF,3162,40,3162.0,0.0,148.877660042,
67388,market_research_2026-04-04_22-23-04_live_round,c6abe590858247adbb3a88511acd7fc6,2026-04-05T03:28:41.186428+00:00,1775359721186428000,175431518645708,1000,,,ETF,3154,40,3152.0,-4.0,150.059830167,
67394,market_research_2026-04-04_22-23-04_live_round,c6abe590858247adbb3a88511acd7fc6,2026-04-05T03:28:41.244363+00:00,1775359721244363000,175431576581250,1000,,,ETF,3153,60,3152.0,-2.0,150.117765709,
67413,market_research_2026-04-04_22-23-04_live_round,c6abe590858247adbb3a88511acd7fc6,2026-04-05T03:28:41.546278+00:00,1775359721546278000,175431878496833,1000,,,ETF,3152,80,3152.0,0.0,150.419681292,
67456,market_research_2026-04-04_22-23-04_live_round,c6abe590858247adbb3a88511acd7fc6,2026-04-05T03:28:42.063538+00:00,1775359722063538000,175432395757375,1000,,,ETF,3153,40,3155.5,-5.0,150.936941834,
67462,market_research_2026-04-04_22-23-04_live_round,c6abe590858247adbb3a88511acd7fc6,2026-04-05T03:28:42.124228+00:00,1775359722124228000,175432456448458,1000,,,ETF,3153,60,3155.0,-4.0,150.997632917,
67585,market_research_2026-04-04_22-23-04_live_round,c6abe590858247adbb3a88511acd7fc6,2026-04-05T03:28:43.582296+00:00,1775359723582296000,175433914518583,1000,,,ETF,3155,40,3149.0,-12.0,152.455703042,
67593,market_research_2026-04-04_22-23-04_live_round,c6abe590858247adbb3a88511acd7fc6,2026-04-05T03:28:43.664989+00:00,1775359723664989000,175433997211833,1000,,,ETF,3155,60,3149.5,-11.0,152.538396292,
67601,market_research_2026-04-04_22-23-04_live_round,c6abe590858247adbb3a88511acd7fc6,2026-04-05T03:28:43.757605+00:00,1775359723757605000,175434089827708,1000,,,ETF,3152,40,3148.5,-7.0,152.631012167,
67602,market_research_2026-04-04_22-23-04_live_round,c6abe590858247adbb3a88511acd7fc6,2026-04-05T03:28:43.761704+00:00,1775359723761704000,175434093927166,1000,,,ETF,3151,40,3148.5,-7.0,152.635111625,
67609,market_research_2026-04-04_22-23-04_live_round,c6abe590858247adbb3a88511acd7fc6,2026-04-05T03:28:43.817789+00:00,1775359723817789000,175434150012958,1000,,,ETF,3151,20,3148.5,-5.0,152.691197417,
67610,market_research_2026-04-04_22-23-04_live_round,c6abe590858247adbb3a88511acd7fc6,2026-04-05T03:28:43.817921+00:00,1775359723817921000,175434150145250,1000,,,ETF,3150,80,3148.5,-5.0,152.691329709,
67661,market_research_2026-04-04_22-23-04_live_round,c6abe590858247adbb3a88511acd7fc6,2026-04-05T03:28:44.405357+00:00,1775359724405357000,175434737581541,1000,,,ETF,3149,40,3146.0,-6.0,153.278766,
67669,market_research_2026-04-04_22-23-04_live_round,c6abe590858247adbb3a88511acd7fc6,2026-04-05T03:28:44.450313+00:00,1775359724450313000,175434782538166,1000,,,ETF,3149,60,3146.5,-5.0,153.323722625,
67850,market_research_2026-04-04_22-23-04_live_round,c6abe590858247adbb3a88511acd7fc6,2026-04-05T03:28:45.900463+00:00,1775359725900463000,175436232690750,1000,,,ETF,3139,40,3141.0,-4.0,154.773875209,
67858,market_research_2026-04-04_22-23-04_live_round,c6abe590858247adbb3a88511acd7fc6,2026-04-05T03:28:45.963254+00:00,1775359725963254000,175436295482083,1000,,,ETF,3140,60,3141.0,-2.0,154.836666542,
67864,market_research_2026-04-04_22-23-04_live_round,c6abe590858247adbb3a88511acd7fc6,2026-04-05T03:28:46.005112+00:00,1775359726005112000,175436337340125,1000,,,ETF,3141,80,3141.0,0.0,154.878524584,
67921,market_research_2026-04-04_22-23-04_live_round,c6abe590858247adbb3a88511acd7fc6,2026-04-05T03:28:46.434706+00:00,1775359726434706000,175436766935333,1000,,,ETF,3142,40,3142.5,-1.0,155.308119792,
67928,market_research_2026-04-04_22-23-04_live_round,c6abe590858247adbb3a88511acd7fc6,2026-04-05T03:28:46.480201+00:00,1775359726480201000,175436812430208,1000,,,ETF,3142,60,3142.0,0.0,155.353614667,
67987,market_research_2026-04-04_22-23-04_live_round,c6abe590858247adbb3a88511acd7fc6,2026-04-05T03:28:46.921560+00:00,1775359726921560000,175437253790666,1000,,,ETF,3149,40,3150.0,-2.0,155.794975125,
67993,market_research_2026-04-04_22-23-04_live_round,c6abe590858247adbb3a88511acd7fc6,2026-04-05T03:28:46.967503+00:00,1775359726967503000,175437299733833,1000,,,ETF,3150,60,3150.0,0.0,155.840918292,
68063,market_research_2026-04-04_22-23-04_live_round,c6abe590858247adbb3a88511acd7fc6,2026-04-05T03:28:47.478453+00:00,1775359727478453000,175437810684583,1050,,,ETF,3152,40,3157.0,-10.0,0.17470475,
68074,market_research_2026-04-04_22-23-04_live_round,c6abe590858247adbb3a88511acd7fc6,2026-04-05T03:28:47.565736+00:00,1775359727565736000,175437897967666,1050,,,ETF,3152,60,3156.5,-9.0,0.261987833,
68081,market_research_2026-04-04_22-23-04_live_round,c6abe590858247adbb3a88511acd7fc6,2026-04-05T03:28:47.620485+00:00,1775359727620485000,175437952716250,1050,,,ETF,3157,40,3158.5,-3.0,0.316736417,
68082,market_research_2026-04-04_22-23-04_live_round,c6abe590858247adbb3a88511acd7fc6,2026-04-05T03:28:47.623256+00:00,1775359727623256000,175437955487958,1050,,,ETF,3158,40,3158.5,-3.0,0.319508125,
68092,market_research_2026-04-04_22-23-04_live_round,c6abe590858247adbb3a88511acd7fc6,2026-04-05T03:28:47.701886+00:00,1775359727701886000,175438034117666,1050,,,ETF,3158,20,3158.5,-1.0,0.398137833,
68093,market_research_2026-04-04_22-23-04_live_round,c6abe590858247adbb3a88511acd7fc6,2026-04-05T03:28:47.701997+00:00,1775359727701997000,175438034229125,1050,,,ETF,3159,80,3158.5,-1.0,0.398249292,
68197,market_research_2026-04-04_22-23-04_live_round,c6abe590858247adbb3a88511acd7fc6,2026-04-05T03:28:48.521416+00:00,1775359728521416000,175438853649666,1050,,,ETF,3159,40,3160.0,-2.0,1.217669833,
68207,market_research_2026-04-04_22-23-04_live_round,c6abe590858247adbb3a88511acd7fc6,2026-04-05T03:28:48.589498+00:00,1775359728589498000,175438921731583,1050,,,ETF,3160,60,3160.0,0.0,1.28575175,
68267,market_research_2026-04-04_22-23-04_live_round,c6abe590858247adbb3a88511acd7fc6,2026-04-05T03:28:49.046359+00:00,1775359729046359000,175439378593708,1050,,,ETF,3162,40,3162.0,0.0,1.742613875,
68528,market_research_2026-04-04_22-23-04_live_round,c6abe590858247adbb3a88511acd7fc6,2026-04-05T03:28:51.441419+00:00,1775359731441419000,175441773658916,1050,,,ETF,3172,40,3173.5,-3.0,4.137679083,
68539,market_research_2026-04-04_22-23-04_live_round,c6abe590858247adbb3a88511acd7fc6,2026-04-05T03:28:51.545779+00:00,1775359731545779000,175441878018333,1050,,,ETF,3172,60,3173.0,-2.0,4.2420385,
68596,market_research_2026-04-04_22-23-04_live_round,c6abe590858247adbb3a88511acd7fc6,2026-04-05T03:28:52.081374+00:00,1775359732081374000,175442413614458,1050,,,ETF,3177,40,3182.0,-10.0,4.777634625,
68602,market_research_2026-04-04_22-23-04_live_round,c6abe590858247adbb3a88511acd7fc6,2026-04-05T03:28:52.129171+00:00,1775359732129171000,175442461411666,1050,,,ETF,3177,60,3181.5,-9.0,4.825431833,
68615,market_research_2026-04-04_22-23-04_live_round,c6abe590858247adbb3a88511acd7fc6,2026-04-05T03:28:52.242108+00:00,1775359732242108000,175442574349291,1050,,,ETF,3181,40,3183.0,-4.0,4.938369458,
68616,market_research_2026-04-04_22-23-04_live_round,c6abe590858247adbb3a88511acd7fc6,2026-04-05T03:28:52.242216+00:00,1775359732242216000,175442574457583,1050,,,ETF,3182,40,3183.0,-4.0,4.93847775,
68632,market_research_2026-04-04_22-23-04_live_round,c6abe590858247adbb3a88511acd7fc6,2026-04-05T03:28:52.434784+00:00,1775359732434784000,175442767025791,1050,,,ETF,3182,20,3183.0,-2.0,5.131045958,
68633,market_research_2026-04-04_22-23-04_live_round,c6abe590858247adbb3a88511acd7fc6,2026-04-05T03:28:52.434896+00:00,1775359732434896000,175442767137416,1050,,,ETF,3183,80,3183.0,-2.0,5.131157583,
68669,market_research_2026-04-04_22-23-04_live_round,c6abe590858247adbb3a88511acd7fc6,2026-04-05T03:28:52.753135+00:00,1775359732753135000,175443085377500,1050,,,ETF,3184,40,3188.0,-8.0,5.449397667,
68684,market_research_2026-04-04_22-23-04_live_round,c6abe590858247adbb3a88511acd7fc6,2026-04-05T03:28:52.879288+00:00,1775359732879288000,175443211530250,1050,,,ETF,3184,60,3187.5,-7.0,5.575550417,
68738,market_research_2026-04-04_22-23-04_live_round,c6abe590858247adbb3a88511acd7fc6,2026-04-05T03:28:53.398923+00:00,1775359733398923000,175443731166166,1050,,,ETF,3196,40,3198.5,-5.0,6.095186333,
68746,market_research_2026-04-04_22-23-04_live_round,c6abe590858247adbb3a88511acd7fc6,2026-04-05T03:28:53.481538+00:00,1775359733481538000,175443813781750,1050,,,ETF,3196,60,3198.0,-4.0,6.177801917,
68756,market_research_2026-04-04_22-23-04_live_round,c6abe590858247adbb3a88511acd7fc6,2026-04-05T03:28:53.573686+00:00,1775359733573686000,175443905929833,1050,,,ETF,3198,40,3198.5,-1.0,6.26995,
68757,market_research_2026-04-04_22-23-04_live_round,c6abe590858247adbb3a88511acd7fc6,2026-04-05T03:28:53.573799+00:00,1775359733573799000,175443906042958,1050,,,ETF,3199,40,3198.5,-1.0,6.270063125,
68810,market_research_2026-04-04_22-23-04_live_round,c6abe590858247adbb3a88511acd7fc6,2026-04-05T03:28:54.047992+00:00,1775359734047992000,175444380236916,1050,,,ETF,3201,40,3201.0,0.0,6.744257083,
68998,market_research_2026-04-04_22-23-04_live_round,c6abe590858247adbb3a88511acd7fc6,2026-04-05T03:28:55.678610+00:00,1775359735678610000,175446010858583,1050,,,ETF,3207,40,3207.0,0.0,8.37487875,
69064,market_research_2026-04-04_22-23-04_live_round,c6abe590858247adbb3a88511acd7fc6,2026-04-05T03:28:56.269675+00:00,1775359736269675000,175446601924500,1050,,,ETF,3210,40,3213.5,-7.0,8.965944667,
69078,market_research_2026-04-04_22-23-04_live_round,c6abe590858247adbb3a88511acd7fc6,2026-04-05T03:28:56.381675+00:00,1775359736381675000,175446713924625,1050,,,ETF,3210,60,3213.0,-6.0,9.077944792,
69089,market_research_2026-04-04_22-23-04_live_round,c6abe590858247adbb3a88511acd7fc6,2026-04-05T03:28:56.468024+00:00,1775359736468024000,175446800274166,1050,,,ETF,3213,40,3214.0,-2.0,9.164294333,
69090,market_research_2026-04-04_22-23-04_live_round,c6abe590858247adbb3a88511acd7fc6,2026-04-05T03:28:56.468135+00:00,1775359736468135000,175446800385583,1050,,,ETF,3214,40,3214.0,-2.0,9.16440575,
69096,market_research_2026-04-04_22-23-04_live_round,c6abe590858247adbb3a88511acd7fc6,2026-04-05T03:28:56.508279+00:00,1775359736508279000,175446840529000,1050,,,ETF,3214,20,3214.0,0.0,9.204549167,
69144,market_research_2026-04-04_22-23-04_live_round,c6abe590858247adbb3a88511acd7fc6,2026-04-05T03:28:56.919769+00:00,1775359736919769000,175447252019541,1050,,,ETF,3216,40,3219.5,-7.0,9.616039708,
69154,market_research_2026-04-04_22-23-04_live_round,c6abe590858247adbb3a88511acd7fc6,2026-04-05T03:28:56.989546+00:00,1775359736989546000,175447321797416,1050,,,ETF,3216,60,3219.0,-6.0,9.685817583,
69360,market_research_2026-04-04_22-23-04_live_round,c6abe590858247adbb3a88511acd7fc6,2026-04-05T03:28:58.774548+00:00,1775359738774548000,175449106803208,1050,,,ETF,3224,40,3224.0,0.0,11.470823375,
69480,market_research_2026-04-04_22-23-04_live_round,c6abe590858247adbb3a88511acd7fc6,2026-04-05T03:28:59.884788+00:00,1775359739884788000,175450217045583,1050,,,ETF,3226,40,3227.0,-2.0,12.58106575,
69488,market_research_2026-04-04_22-23-04_live_round,c6abe590858247adbb3a88511acd7fc6,2026-04-05T03:28:59.954475+00:00,1775359739954475000,175450286731750,1050,,,ETF,3227,60,3227.0,0.0,12.650751917,
69547,market_research_2026-04-04_22-23-04_live_round,c6abe590858247adbb3a88511acd7fc6,2026-04-05T03:29:00.529921+00:00,1775359740529921000,175450862179166,1050,,,ETF,3229,40,3230.0,-2.0,13.226199333,
69552,market_research_2026-04-04_22-23-04_live_round,c6abe590858247adbb3a88511acd7fc6,2026-04-05T03:29:00.566099+00:00,1775359740566099000,175450898357750,1050,,,ETF,3229,60,3229.5,-1.0,13.262377917,
69680,market_research_2026-04-04_22-23-04_live_round,c6abe590858247adbb3a88511acd7fc6,2026-04-05T03:29:01.781320+00:00,1775359741781320000,175452113580958,1050,,,ETF,3237,40,3245.5,-17.0,14.477601125,
69687,market_research_2026-04-04_22-23-04_live_round,c6abe590858247adbb3a88511acd7fc6,2026-04-05T03:29:01.839659+00:00,1775359741839659000,175452171920083,1050,,,ETF,3238,60,3245.5,-15.0,14.53594025,
69692,market_research_2026-04-04_22-23-04_live_round,c6abe590858247adbb3a88511acd7fc6,2026-04-05T03:29:01.874435+00:00,1775359741874435000,175452206696750,1050,,,ETF,3239,80,3245.5,-13.0,14.570716917,
69703,market_research_2026-04-04_22-23-04_live_round,c6abe590858247adbb3a88511acd7fc6,2026-04-05T03:29:01.971592+00:00,1775359741971592000,175452303853166,1050,,,ETF,3240,100,3245.5,-11.0,14.667873333,
69753,market_research_2026-04-04_22-23-04_live_round,c6abe590858247adbb3a88511acd7fc6,2026-04-05T03:29:02.421228+00:00,1775359742421228000,175452753490458,1075,,,ETF,3240,40,3248.5,-17.0,15.117510625,
69761,market_research_2026-04-04_22-23-04_live_round,c6abe590858247adbb3a88511acd7fc6,2026-04-05T03:29:02.487759+00:00,1775359742487759000,175452820021458,1075,,,ETF,3240,60,3248.0,-16.0,15.184041625,
69882,market_research_2026-04-04_22-23-04_live_round,c6abe590858247adbb3a88511acd7fc6,2026-04-05T03:29:03.567884+00:00,1775359743567884000,175453900149083,1075,,,ETF,3257,40,3254.5,-5.0,16.26416925,
69893,market_research_2026-04-04_22-23-04_live_round,c6abe590858247adbb3a88511acd7fc6,2026-04-05T03:29:03.668532+00:00,1775359743668532000,175454000797291,1075,,,ETF,3256,60,3254.5,-3.0,16.364817458,
69899,market_research_2026-04-04_22-23-04_live_round,c6abe590858247adbb3a88511acd7fc6,2026-04-05T03:29:03.716452+00:00,1775359743716452000,175454048716916,1075,,,ETF,3255,80,3254.5,-1.0,16.412737083,
70340,market_research_2026-04-04_22-23-04_live_round,c6abe590858247adbb3a88511acd7fc6,2026-04-05T03:29:07.709376+00:00,1775359747709376000,175458041649125,1075,,,ETF,3263,40,3266.5,-7.0,20.405669292,
70350,market_research_2026-04-04_22-23-04_live_round,c6abe590858247adbb3a88511acd7fc6,2026-04-05T03:29:07.790599+00:00,1775359747790599000,175458122873083,1075,,,ETF,3264,60,3266.5,-5.0,20.48689325,
70357,market_research_2026-04-04_22-23-04_live_round,c6abe590858247adbb3a88511acd7fc6,2026-04-05T03:29:07.850462+00:00,1775359747850462000,175458182735541,1075,,,ETF,3265,80,3266.5,-3.0,20.546755708,
70364,market_research_2026-04-04_22-23-04_live_round,c6abe590858247adbb3a88511acd7fc6,2026-04-05T03:29:07.907701+00:00,1775359747907701000,175458239975416,1075,,,ETF,3266,100,3266.5,-1.0,20.603995583,
70414,market_research_2026-04-04_22-23-04_live_round,c6abe590858247adbb3a88511acd7fc6,2026-04-05T03:29:08.368332+00:00,1775359748368332000,175458700607041,1075,,,ETF,3276,40,3276.0,0.0,21.064627208,
70472,market_research_2026-04-04_22-23-04_live_round,c6abe590858247adbb3a88511acd7fc6,2026-04-05T03:29:08.913154+00:00,1775359748913154000,175459245429958,1075,,,ETF,3279,40,3279.5,-1.0,21.609450125,
70480,market_research_2026-04-04_22-23-04_live_round,c6abe590858247adbb3a88511acd7fc6,2026-04-05T03:29:08.979540+00:00,1775359748979540000,175459311816416,1075,,,ETF,3279,60,3279.0,0.0,21.675836583,
70925,market_research_2026-04-04_22-23-04_live_round,c6abe590858247adbb3a88511acd7fc6,2026-04-05T03:29:13.167226+00:00,1775359753167226000,175463499510708,1075,,,ETF,3291,40,3293.0,-4.0,25.863530875,
70936,market_research_2026-04-04_22-23-04_live_round,c6abe590858247adbb3a88511acd7fc6,2026-04-05T03:29:13.251682+00:00,1775359753251682000,175463583966625,1075,,,ETF,3291,60,3292.5,-3.0,25.947986792,
70944,market_research_2026-04-04_22-23-04_live_round,c6abe590858247adbb3a88511acd7fc6,2026-04-05T03:29:13.317051+00:00,1775359753317051000,175463649336416,1075,,,ETF,3292,40,3292.5,-1.0,26.013356583,
70945,market_research_2026-04-04_22-23-04_live_round,c6abe590858247adbb3a88511acd7fc6,2026-04-05T03:29:13.317164+00:00,1775359753317164000,175463649449750,1075,,,ETF,3293,40,3292.5,-1.0,26.013469917,
71064,market_research_2026-04-04_22-23-04_live_round,c6abe590858247adbb3a88511acd7fc6,2026-04-05T03:29:14.371382+00:00,1775359754371382000,175464703668958,1075,,,ETF,3300,40,3302.0,-4.0,27.067689125,
71074,market_research_2026-04-04_22-23-04_live_round,c6abe590858247adbb3a88511acd7fc6,2026-04-05T03:29:14.445414+00:00,1775359754445414000,175464777701250,1075,,,ETF,3301,60,3302.0,-2.0,27.141721417,
71081,market_research_2026-04-04_22-23-04_live_round,c6abe590858247adbb3a88511acd7fc6,2026-04-05T03:29:14.500306+00:00,1775359754500306000,175464832594000,1075,,,ETF,3302,80,3302.0,0.0,27.196614167,
71137,market_research_2026-04-04_22-23-04_live_round,c6abe590858247adbb3a88511acd7fc6,2026-04-05T03:29:14.989342+00:00,1775359754989342000,175465321630333,1075,,,ETF,3303,40,3306.0,-6.0,27.6856505,
71142,market_research_2026-04-04_22-23-04_live_round,c6abe590858247adbb3a88511acd7fc6,2026-04-05T03:29:15.025190+00:00,1775359755025190000,175465357478625,1075,,,ETF,3303,60,3305.5,-5.0,27.721498792,
71187,market_research_2026-04-04_22-23-04_live_round,c6abe590858247adbb3a88511acd7fc6,2026-04-05T03:29:15.412498+00:00,1775359755412498000,175465744787125,1075,,,ETF,3307,80,3304.0,-6.0,28.108807292,
71188,market_research_2026-04-04_22-23-04_live_round,c6abe590858247adbb3a88511acd7fc6,2026-04-05T03:29:15.412612+00:00,1775359755412612000,175465744901666,1075,,,ETF,3306,100,3304.0,-6.0,28.108921833,
71189,market_research_2026-04-04_22-23-04_live_round,c6abe590858247adbb3a88511acd7fc6,2026-04-05T03:29:15.412709+00:00,1775359755412709000,175465744998750,1075,,,ETF,3301,20,3304.0,-6.0,28.109018917,
71334,market_research_2026-04-04_22-23-04_live_round,c6abe590858247adbb3a88511acd7fc6,2026-04-05T03:29:16.723371+00:00,1775359756723371000,175467055663041,1075,,,ETF,3305,40,3306.0,-2.0,29.419683208,
71339,market_research_2026-04-04_22-23-04_live_round,c6abe590858247adbb3a88511acd7fc6,2026-04-05T03:29:16.750597+00:00,1775359756750597000,175467082889125,1075,,,ETF,3306,60,3306.0,0.0,29.446909292,
71405,market_research_2026-04-04_22-23-04_live_round,c6abe590858247adbb3a88511acd7fc6,2026-04-05T03:29:17.339585+00:00,1775359757339585000,175467671878708,1075,,,ETF,3308,40,3312.0,-8.0,30.035898875,
71411,market_research_2026-04-04_22-23-04_live_round,c6abe590858247adbb3a88511acd7fc6,2026-04-05T03:29:17.389253+00:00,1775359757389253000,175467721546458,1075,,,ETF,3308,60,3311.5,-7.0,30.085566625,
71421,market_research_2026-04-04_22-23-04_live_round,c6abe590858247adbb3a88511acd7fc6,2026-04-05T03:29:17.461338+00:00,1775359757461338000,175467793631583,1075,,,ETF,3313,40,3313.5,-1.0,30.15765175,
71422,market_research_2026-04-04_22-23-04_live_round,c6abe590858247adbb3a88511acd7fc6,2026-04-05T03:29:17.461447+00:00,1775359757461447000,175467793741333,1075,,,ETF,3314,40,3313.5,-1.0,30.1577615,
71605,market_research_2026-04-04_22-23-04_live_round,c6abe590858247adbb3a88511acd7fc6,2026-04-05T03:29:19.207002+00:00,1775359759207002000,175469539299666,1075,,,ETF,3320,40,3318.5,-3.0,31.903319833,
71611,market_research_2026-04-04_22-23-04_live_round,c6abe590858247adbb3a88511acd7fc6,2026-04-05T03:29:19.253268+00:00,1775359759253268000,175469585565208,1075,,,ETF,3319,60,3318.5,-1.0,31.949585375,
71670,market_research_2026-04-04_22-23-04_live_round,c6abe590858247adbb3a88511acd7fc6,2026-04-05T03:29:19.794001+00:00,1775359759794001000,175470126299708,1075,,,ETF,3319,40,3319.5,-1.0,32.490319875,
71676,market_research_2026-04-04_22-23-04_live_round,c6abe590858247adbb3a88511acd7fc6,2026-04-05T03:29:19.841327+00:00,1775359759841327000,175470173625583,1075,,,ETF,3319,40,3319.0,0.0,32.53764575,
71737,market_research_2026-04-04_22-23-04_live_round,c6abe590858247adbb3a88511acd7fc6,2026-04-05T03:29:20.405487+00:00,1775359760405487000,175470737787333,1075,,,ETF,3320,40,3321.5,-3.0,33.1018075,
71743,market_research_2026-04-04_22-23-04_live_round,c6abe590858247adbb3a88511acd7fc6,2026-04-05T03:29:20.458661+00:00,1775359760458661000,175470790961208,1075,,,ETF,3320,60,3321.0,-2.0,33.154981375,
71998,market_research_2026-04-04_22-23-04_live_round,c6abe590858247adbb3a88511acd7fc6,2026-04-05T03:29:22.818673+00:00,1775359762818673000,175473150978125,1075,,,ETF,3334,40,3334.0,0.0,35.514998292,
72193,market_research_2026-04-04_22-23-04_live_round,c6abe590858247adbb3a88511acd7fc6,2026-04-05T03:29:24.608390+00:00,1775359764608390000,175474940698375,1075,,,ETF,3339,40,3339.5,-1.0,37.304718542,
72200,market_research_2026-04-04_22-23-04_live_round,c6abe590858247adbb3a88511acd7fc6,2026-04-05T03:29:24.665991+00:00,1775359764665991000,175474998299541,1075,,,ETF,3339,60,3339.0,0.0,37.362319708,
72331,market_research_2026-04-04_22-23-04_live_round,c6abe590858247adbb3a88511acd7fc6,2026-04-05T03:29:25.913025+00:00,1775359765913025000,175476245336208,1075,,,ETF,3341,40,3337.0,-8.0,38.609356375,
72340,market_research_2026-04-04_22-23-04_live_round,c6abe590858247adbb3a88511acd7fc6,2026-04-05T03:29:25.994208+00:00,1775359765994208000,175476326519708,1075,,,ETF,3340,60,3337.0,-6.0,38.690539875,
72348,market_research_2026-04-04_22-23-04_live_round,c6abe590858247adbb3a88511acd7fc6,2026-04-05T03:29:26.062906+00:00,1775359766062906000,175476395217500,1075,,,ETF,3339,80,3337.0,-4.0,38.759237667,
72354,market_research_2026-04-04_22-23-04_live_round,c6abe590858247adbb3a88511acd7fc6,2026-04-05T03:29:26.108767+00:00,1775359766108767000,175476441078458,1075,,,ETF,3338,100,3337.0,-2.0,38.805098625,
72471,market_research_2026-04-04_22-23-04_live_round,c6abe590858247adbb3a88511acd7fc6,2026-04-05T03:29:27.186935+00:00,1775359767186935000,175477519249208,1075,,,ETF,3334,40,3330.5,-7.0,39.883269375,
72481,market_research_2026-04-04_22-23-04_live_round,c6abe590858247adbb3a88511acd7fc6,2026-04-05T03:29:27.276435+00:00,1775359767276435000,175477608749333,1075,,,ETF,3333,60,3330.5,-5.0,39.9727695,
72486,market_research_2026-04-04_22-23-04_live_round,c6abe590858247adbb3a88511acd7fc6,2026-04-05T03:29:27.312735+00:00,1775359767312735000,175477645049541,1075,,,ETF,3332,80,3330.5,-3.0,40.009069708,
72493,market_research_2026-04-04_22-23-04_live_round,c6abe590858247adbb3a88511acd7fc6,2026-04-05T03:29:27.369695+00:00,1775359767369695000,175477702009375,1075,,,ETF,3331,100,3330.5,-1.0,40.066029542,
72596,market_research_2026-04-04_22-23-04_live_round,c6abe590858247adbb3a88511acd7fc6,2026-04-05T03:29:28.353177+00:00,1775359768353177000,175478685493958,1075,,,ETF,3334,40,3336.0,-4.0,41.049514125,
72603,market_research_2026-04-04_22-23-04_live_round,c6abe590858247adbb3a88511acd7fc6,2026-04-05T03:29:28.410798+00:00,1775359768410798000,175478743114375,1075,,,ETF,3335,60,3336.0,-2.0,41.107134542,
72619,market_research_2026-04-04_22-23-04_live_round,c6abe590858247adbb3a88511acd7fc6,2026-04-05T03:29:28.553312+00:00,1775359768553312000,175478885628375,1075,,,ETF,3336,80,3336.0,0.0,41.249648542,
72720,market_research_2026-04-04_22-23-04_live_round,c6abe590858247adbb3a88511acd7fc6,2026-04-05T03:29:29.488867+00:00,1775359769488867000,175479821185666,1075,,,ETF,3337,40,3338.0,-2.0,42.185205833,
72727,market_research_2026-04-04_22-23-04_live_round,c6abe590858247adbb3a88511acd7fc6,2026-04-05T03:29:29.546057+00:00,1775359769546057000,175479878375666,1075,,,ETF,3338,60,3338.0,0.0,42.242395833,
72857,market_research_2026-04-04_22-23-04_live_round,c6abe590858247adbb3a88511acd7fc6,2026-04-05T03:29:30.755814+00:00,1775359770755814000,175481088135583,1075,,,ETF,3339,40,3338.5,-1.0,43.45215575,
73060,market_research_2026-04-04_22-23-04_live_round,c6abe590858247adbb3a88511acd7fc6,2026-04-05T03:29:32.643590+00:00,1775359772643590000,175482975915125,1075,,,ETF,3340,40,3341.5,-3.0,45.339935292,
73069,market_research_2026-04-04_22-23-04_live_round,c6abe590858247adbb3a88511acd7fc6,2026-04-05T03:29:32.725672+00:00,1775359772725672000,175483057997416,1075,,,ETF,3340,60,3341.0,-2.0,45.422017583,
73078,market_research_2026-04-04_22-23-04_live_round,c6abe590858247adbb3a88511acd7fc6,2026-04-05T03:29:32.798762+00:00,1775359772798762000,175483131088291,1075,,,ETF,3340,40,3340.5,-1.0,45.495108458,
73079,market_research_2026-04-04_22-23-04_live_round,c6abe590858247adbb3a88511acd7fc6,2026-04-05T03:29:32.798870+00:00,1775359772798870000,175483131195958,1075,,,ETF,3341,40,3340.5,-1.0,45.495216125,
73185,market_research_2026-04-04_22-23-04_live_round,c6abe590858247adbb3a88511acd7fc6,2026-04-05T03:29:33.792202+00:00,1775359773792202000,175484124529625,1075,,,ETF,3343,40,3343.0,0.0,46.488549792,
73316,market_research_2026-04-04_22-23-04_live_round,c6abe590858247adbb3a88511acd7fc6,2026-04-05T03:29:35.120218+00:00,1775359775120218000,175485452549041,1075,,,ETF,3340,40,3339.0,-2.0,47.816569208,
73328,market_research_2026-04-04_22-23-04_live_round,c6abe590858247adbb3a88511acd7fc6,2026-04-05T03:29:35.229237+00:00,1775359775229237000,175485561568291,1075,,,ETF,3340,60,3339.5,-1.0,47.925588458,
73445,market_research_2026-04-04_22-23-04_live_round,c6abe590858247adbb3a88511acd7fc6,2026-04-05T03:29:36.436165+00:00,1775359776436165000,175486768498083,1075,,,ETF,3340,40,3340.5,-1.0,49.13251825,
73515,market_research_2026-04-04_22-23-04_live_round,c6abe590858247adbb3a88511acd7fc6,2026-04-05T03:29:37.128644+00:00,1775359777128644000,175487460978916,1075,,,ETF,3343,40,3345.0,-4.0,49.824999083,
73522,market_research_2026-04-04_22-23-04_live_round,c6abe590858247adbb3a88511acd7fc6,2026-04-05T03:29:37.189328+00:00,1775359777189328000,175487521663083,1075,,,ETF,3343,60,3344.5,-3.0,49.88568325,
73581,market_research_2026-04-04_22-23-04_live_round,c6abe590858247adbb3a88511acd7fc6,2026-04-05T03:29:37.761112+00:00,1775359777761112000,175488093447708,1075,,,ETF,3345,40,3342.0,-6.0,50.457467875,
73592,market_research_2026-04-04_22-23-04_live_round,c6abe590858247adbb3a88511acd7fc6,2026-04-05T03:29:37.858933+00:00,1775359777858933000,175488191268750,1075,,,ETF,3345,40,3342.5,-5.0,50.555288917,
73593,market_research_2026-04-04_22-23-04_live_round,c6abe590858247adbb3a88511acd7fc6,2026-04-05T03:29:37.862180+00:00,1775359777862180000,175488194516583,1075,,,ETF,3344,20,3342.5,-5.0,50.55853675,
73601,market_research_2026-04-04_22-23-04_live_round,c6abe590858247adbb3a88511acd7fc6,2026-04-05T03:29:37.928406+00:00,1775359777928406000,175488260742041,1075,,,ETF,3344,80,3342.5,-3.0,50.624762208,
73652,market_research_2026-04-04_22-23-04_live_round,c6abe590858247adbb3a88511acd7fc6,2026-04-05T03:29:38.421381+00:00,1775359778421381000,175488753718583,1075,,,ETF,3342,40,3346.0,-8.0,51.11773875,
73660,market_research_2026-04-04_22-23-04_live_round,c6abe590858247adbb3a88511acd7fc6,2026-04-05T03:29:38.495866+00:00,1775359778495866000,175488828203541,1075,,,ETF,3342,60,3345.5,-7.0,51.192223708,
73785,market_research_2026-04-04_22-23-04_live_round,c6abe590858247adbb3a88511acd7fc6,2026-04-05T03:29:39.705053+00:00,1775359779705053000,175490037392666,1075,,,ETF,3354,40,3356.5,-5.0,52.401412833,
73791,market_research_2026-04-04_22-23-04_live_round,c6abe590858247adbb3a88511acd7fc6,2026-04-05T03:29:39.753052+00:00,1775359779753052000,175490085392083,1075,,,ETF,3355,60,3356.5,-3.0,52.44941225,
73801,market_research_2026-04-04_22-23-04_live_round,c6abe590858247adbb3a88511acd7fc6,2026-04-05T03:29:39.837928+00:00,1775359779837928000,175490170268416,1075,,,ETF,3356,80,3356.5,-1.0,52.534288583,
73856,market_research_2026-04-04_22-23-04_live_round,c6abe590858247adbb3a88511acd7fc6,2026-04-05T03:29:40.375112+00:00,1775359780375112000,175490707453000,1075,,,ETF,3356,40,3355.0,-2.0,53.071473167,
73868,market_research_2026-04-04_22-23-04_live_round,c6abe590858247adbb3a88511acd7fc6,2026-04-05T03:29:40.482613+00:00,1775359780482613000,175490814954208,1075,,,ETF,3356,60,3355.5,-1.0,53.178974375,
74048,market_research_2026-04-04_22-23-04_live_round,c6abe590858247adbb3a88511acd7fc6,2026-04-05T03:29:42.630632+00:00,1775359782630632000,175492962977583,1075,,,ETF,3351,40,3351.0,0.0,55.32699775,
74241,market_research_2026-04-04_22-23-04_live_round,c6abe590858247adbb3a88511acd7fc6,2026-04-05T03:29:45.387247+00:00,1775359785387247000,175495719598583,1075,,,ETF,3347,40,3345.0,-4.0,58.08361875,
74249,market_research_2026-04-04_22-23-04_live_round,c6abe590858247adbb3a88511acd7fc6,2026-04-05T03:29:45.460150+00:00,1775359785460150000,175495792502125,1075,,,ETF,3347,60,3345.5,-3.0,58.156522292,
74257,market_research_2026-04-04_22-23-04_live_round,c6abe590858247adbb3a88511acd7fc6,2026-04-05T03:29:45.528446+00:00,1775359785528446000,175495860797916,1075,,,ETF,3347,40,3346.0,-2.0,58.224818083,
74258,market_research_2026-04-04_22-23-04_live_round,c6abe590858247adbb3a88511acd7fc6,2026-04-05T03:29:45.528555+00:00,1775359785528555000,175495860907208,1075,,,ETF,3346,40,3346.0,-2.0,58.224927375,
74266,market_research_2026-04-04_22-23-04_live_round,c6abe590858247adbb3a88511acd7fc6,2026-04-05T03:29:45.596990+00:00,1775359785596990000,175495929342041,1075,,,ETF,3346,20,3346.0,0.0,58.293362208,
74314,market_research_2026-04-04_22-23-04_live_round,c6abe590858247adbb3a88511acd7fc6,2026-04-05T03:29:46.021682+00:00,1775359786021682000,175496354035333,1075,,,ETF,3344,40,3342.0,-4.0,58.7180555,
74320,market_research_2026-04-04_22-23-04_live_round,c6abe590858247adbb3a88511acd7fc6,2026-04-05T03:29:46.070476+00:00,1775359786070476000,175496402829041,1075,,,ETF,3344,60,3342.5,-3.0,58.766849208,
74570,market_research_2026-04-04_22-23-04_live_round,c6abe590858247adbb3a88511acd7fc6,2026-04-05T03:29:48.223375+00:00,1775359788223375000,175498555733208,1075,,,ETF,3340,40,3340.0,0.0,60.919753375,
74717,market_research_2026-04-04_22-23-04_live_round,c6abe590858247adbb3a88511acd7fc6,2026-04-05T03:29:49.427542+00:00,1775359789427542000,175499759902333,1075,,,ETF,3337,40,3337.0,0.0,62.1239225,
74782,market_research_2026-04-04_22-23-04_live_round,c6abe590858247adbb3a88511acd7fc6,2026-04-05T03:29:50.012867+00:00,1775359790012867000,175500345228875,1075,,,ETF,3338,40,3343.0,-10.0,62.709249042,
74792,market_research_2026-04-04_22-23-04_live_round,c6abe590858247adbb3a88511acd7fc6,2026-04-05T03:29:50.102541+00:00,1775359790102541000,175500434902708,1075,,,ETF,3338,20,3342.5,-9.0,62.798922875,
74793,market_research_2026-04-04_22-23-04_live_round,c6abe590858247adbb3a88511acd7fc6,2026-04-05T03:29:50.105605+00:00,1775359790105605000,175500437967375,1075,,,ETF,3339,40,3342.5,-9.0,62.801987542,
74800,market_research_2026-04-04_22-23-04_live_round,c6abe590858247adbb3a88511acd7fc6,2026-04-05T03:29:50.168876+00:00,1775359790168876000,175500501238166,1075,,,ETF,3339,40,3342.5,-7.0,62.865258333,
74801,market_research_2026-04-04_22-23-04_live_round,c6abe590858247adbb3a88511acd7fc6,2026-04-05T03:29:50.171952+00:00,1775359790171952000,175500504314375,1075,,,ETF,3340,40,3342.5,-7.0,62.868334542,
74808,market_research_2026-04-04_22-23-04_live_round,c6abe590858247adbb3a88511acd7fc6,2026-04-05T03:29:50.227681+00:00,1775359790227681000,175500560043166,1075,,,ETF,3340,60,3342.5,-5.0,62.924063333,
74809,market_research_2026-04-04_22-23-04_live_round,c6abe590858247adbb3a88511acd7fc6,2026-04-05T03:29:50.227793+00:00,1775359790227793000,175500560154833,1075,,,ETF,3344,40,3342.5,-5.0,62.924175,
74861,market_research_2026-04-04_22-23-04_live_round,c6abe590858247adbb3a88511acd7fc6,2026-04-05T03:29:50.748832+00:00,1775359790748832000,175501081195041,1075,,,ETF,3354,40,3354.5,-1.0,63.445215208,
75052,market_research_2026-04-04_22-23-04_live_round,c6abe590858247adbb3a88511acd7fc6,2026-04-05T03:29:52.746689+00:00,1775359792746689000,175503079056458,1075,,,ETF,3351,40,3351.0,0.0,65.443076625,
75119,market_research_2026-04-04_22-23-04_live_round,c6abe590858247adbb3a88511acd7fc6,2026-04-05T03:29:53.444403+00:00,1775359793444403000,175503776771500,1075,,,ETF,3348,40,3345.5,-5.0,66.140791667,
75127,market_research_2026-04-04_22-23-04_live_round,c6abe590858247adbb3a88511acd7fc6,2026-04-05T03:29:53.517971+00:00,1775359793517971000,175503850340041,1075,,,ETF,3348,60,3346.0,-4.0,66.214360208,
75135,market_research_2026-04-04_22-23-04_live_round,c6abe590858247adbb3a88511acd7fc6,2026-04-05T03:29:53.593604+00:00,1775359793593604000,175503925973083,1075,,,ETF,3345,40,3345.0,0.0,66.28999325,
75247,market_research_2026-04-04_22-23-04_live_round,c6abe590858247adbb3a88511acd7fc6,2026-04-05T03:29:54.833434+00:00,1775359794833434000,175505165805541,1075,,,ETF,3346,40,3352.0,-12.0,67.529825708,
75253,market_research_2026-04-04_22-23-04_live_round,c6abe590858247adbb3a88511acd7fc6,2026-04-05T03:29:54.885417+00:00,1775359794885417000,175505217788500,1075,,,ETF,3346,60,3351.5,-11.0,67.581808667,
75258,market_research_2026-04-04_22-23-04_live_round,c6abe590858247adbb3a88511acd7fc6,2026-04-05T03:29:54.923689+00:00,1775359794923689000,175505256060583,1075,,,ETF,3347,40,3351.5,-9.0,67.62008075,
75259,market_research_2026-04-04_22-23-04_live_round,c6abe590858247adbb3a88511acd7fc6,2026-04-05T03:29:54.923802+00:00,1775359794923802000,175505256173833,1075,,,ETF,3348,40,3351.5,-9.0,67.620194,
75267,market_research_2026-04-04_22-23-04_live_round,c6abe590858247adbb3a88511acd7fc6,2026-04-05T03:29:54.994482+00:00,1775359794994482000,175505326854166,1075,,,ETF,3348,20,3351.5,-7.0,67.690874333,
75268,market_research_2026-04-04_22-23-04_live_round,c6abe590858247adbb3a88511acd7fc6,2026-04-05T03:29:54.997567+00:00,1775359794997567000,175505329938958,1075,,,ETF,3349,80,3351.5,-7.0,67.693959125,
75323,market_research_2026-04-04_22-23-04_live_round,c6abe590858247adbb3a88511acd7fc6,2026-04-05T03:29:55.515560+00:00,1775359795515560000,175505847932958,1075,,,ETF,3350,40,3352.5,-5.0,68.211953125,
75338,market_research_2026-04-04_22-23-04_live_round,c6abe590858247adbb3a88511acd7fc6,2026-04-05T03:29:55.656541+00:00,1775359795656541000,175505988914083,1075,,,ETF,3350,60,3352.0,-4.0,68.35293425,
75773,market_research_2026-04-04_22-23-04_live_round,c6abe590858247adbb3a88511acd7fc6,2026-04-05T03:29:59.863269+00:00,1775359799863269000,175510195651583,1075,,,ETF,3353,40,3351.5,-3.0,72.55967175,
75783,market_research_2026-04-04_22-23-04_live_round,c6abe590858247adbb3a88511acd7fc6,2026-04-05T03:29:59.950457+00:00,1775359799950457000,175510282839375,1075,,,ETF,3353,60,3352.0,-2.0,72.646859542,
75790,market_research_2026-04-04_22-23-04_live_round,c6abe590858247adbb3a88511acd7fc6,2026-04-05T03:30:00.005636+00:00,1775359800005636000,175510338018625,1075,,,ETF,3352,40,3352.0,0.0,72.702038792,
75976,market_research_2026-04-04_22-23-04_live_round,c6abe590858247adbb3a88511acd7fc6,2026-04-05T03:30:01.785138+00:00,1775359801785138000,175512117524500,1075,,,ETF,3347,40,3346.0,-2.0,74.481544667,
75985,market_research_2026-04-04_22-23-04_live_round,c6abe590858247adbb3a88511acd7fc6,2026-04-05T03:30:01.863803+00:00,1775359801863803000,175512196189500,1075,,,ETF,3346,60,3346.0,0.0,74.560209667,
76044,market_research_2026-04-04_22-23-04_live_round,c6abe590858247adbb3a88511acd7fc6,2026-04-05T03:30:02.415722+00:00,1775359802415722000,175512748109500,1075,,,ETF,3344,40,3344.0,0.0,75.112129667,
76299,market_research_2026-04-04_22-23-04_live_round,c6abe590858247adbb3a88511acd7fc6,2026-04-05T03:30:04.860313+00:00,1775359804860313000,175515192705833,1075,,,ETF,3341,40,3341.5,-1.0,77.556726,
76364,market_research_2026-04-04_22-23-04_live_round,c6abe590858247adbb3a88511acd7fc6,2026-04-05T03:30:05.464961+00:00,1775359805464961000,175515797354791,1075,,,ETF,3344,40,3344.0,0.0,78.161374958,
76398,market_research_2026-04-04_22-23-04_live_round,c6abe590858247adbb3a88511acd7fc6,2026-04-05T03:30:05.787914+00:00,1775359805787914000,175516120308875,1075,,,ETF,3350,40,3353.0,-6.0,78.484329042,
76399,market_research_2026-04-04_22-23-04_live_round,c6abe590858247adbb3a88511acd7fc6,2026-04-05T03:30:05.791179+00:00,1775359805791179000,175516123574083,1075,,,ETF,3351,100,3353.0,-6.0,78.48759425,
76400,market_research_2026-04-04_22-23-04_live_round,c6abe590858247adbb3a88511acd7fc6,2026-04-05T03:30:05.791288+00:00,1775359805791288000,175516123682708,1075,,,ETF,3351,60,3353.0,-6.0,78.487702875,
76503,market_research_2026-04-04_22-23-04_live_round,c6abe590858247adbb3a88511acd7fc6,2026-04-05T03:30:06.774544+00:00,1775359806774544000,175517106940250,1075,,,ETF,3353,40,3356.0,-6.0,79.470960417,
76509,market_research_2026-04-04_22-23-04_live_round,c6abe590858247adbb3a88511acd7fc6,2026-04-05T03:30:06.823610+00:00,1775359806823610000,175517156007083,1075,,,ETF,3353,60,3355.5,-5.0,79.52002725,
76519,market_research_2026-04-04_22-23-04_live_round,c6abe590858247adbb3a88511acd7fc6,2026-04-05T03:30:06.910008+00:00,1775359806910008000,175517242404375,1075,,,ETF,3354,40,3355.5,-3.0,79.606424542,
76520,market_research_2026-04-04_22-23-04_live_round,c6abe590858247adbb3a88511acd7fc6,2026-04-05T03:30:06.913135+00:00,1775359806913135000,175517245532083,1075,,,ETF,3355,40,3355.5,-3.0,79.60955225,
76528,market_research_2026-04-04_22-23-04_live_round,c6abe590858247adbb3a88511acd7fc6,2026-04-05T03:30:06.979785+00:00,1775359806979785000,175517312182208,1075,,,ETF,3355,20,3355.5,-1.0,79.676202375,
76529,market_research_2026-04-04_22-23-04_live_round,c6abe590858247adbb3a88511acd7fc6,2026-04-05T03:30:06.979894+00:00,1775359806979894000,175517312290875,1075,,,ETF,3356,80,3355.5,-1.0,79.676311042,
76577,market_research_2026-04-04_22-23-04_live_round,c6abe590858247adbb3a88511acd7fc6,2026-04-05T03:30:07.453439+00:00,1775359807453439000,175517785837416,1075,,,ETF,3357,40,3358.5,-3.0,80.149857583,
76586,market_research_2026-04-04_22-23-04_live_round,c6abe590858247adbb3a88511acd7fc6,2026-04-05T03:30:07.538051+00:00,1775359807538051000,175517870449083,1075,,,ETF,3357,60,3358.0,-2.0,80.23446925,
76971,market_research_2026-04-04_22-23-04_live_round,c6abe590858247adbb3a88511acd7fc6,2026-04-05T03:30:11.475384+00:00,1775359811475384000,175521807790541,1075,,,ETF,3356,40,3356.0,0.0,84.171810708,
77091,market_research_2026-04-04_22-23-04_live_round,c6abe590858247adbb3a88511acd7fc6,2026-04-05T03:30:12.698379+00:00,1775359812698379000,175523030788291,1075,,,ETF,3349,40,3349.0,0.0,85.394808458,
77160,market_research_2026-04-04_22-23-04_live_round,c6abe590858247adbb3a88511acd7fc6,2026-04-05T03:30:13.374964+00:00,1775359813374964000,175523707374083,1075,,,ETF,3346,40,3344.5,-3.0,86.07139425,
77165,market_research_2026-04-04_22-23-04_live_round,c6abe590858247adbb3a88511acd7fc6,2026-04-05T03:30:13.414850+00:00,1775359813414850000,175523747260375,1075,,,ETF,3346,60,3345.0,-2.0,86.111280542,
77289,market_research_2026-04-04_22-23-04_live_round,c6abe590858247adbb3a88511acd7fc6,2026-04-05T03:30:14.662788+00:00,1775359814662788000,175524995201250,1075,,,ETF,3341,40,3342.0,-2.0,87.359221417,
77297,market_research_2026-04-04_22-23-04_live_round,c6abe590858247adbb3a88511acd7fc6,2026-04-05T03:30:14.732293+00:00,1775359814732293000,175525064705833,1075,,,ETF,3342,60,3342.0,0.0,87.428726,
77484,market_research_2026-04-04_22-23-04_live_round,c6abe590858247adbb3a88511acd7fc6,2026-04-05T03:30:17.114715+00:00,1775359817114715000,175527447132791,1075,,,ETF,3350,40,3354.0,-8.0,89.811152958,
77495,market_research_2026-04-04_22-23-04_live_round,c6abe590858247adbb3a88511acd7fc6,2026-04-05T03:30:17.223162+00:00,1775359817223162000,175527555580250,1075,,,ETF,3350,60,3353.5,-7.0,89.919600417,
77501,market_research_2026-04-04_22-23-04_live_round,c6abe590858247adbb3a88511acd7fc6,2026-04-05T03:30:17.291878+00:00,1775359817291878000,175527624296458,1075,,,ETF,3351,40,3353.5,-5.0,89.988316625,
77502,market_research_2026-04-04_22-23-04_live_round,c6abe590858247adbb3a88511acd7fc6,2026-04-05T03:30:17.295375+00:00,1775359817295375000,175527627793625,1075,,,ETF,3352,40,3353.5,-5.0,89.991813792,
77511,market_research_2026-04-04_22-23-04_live_round,c6abe590858247adbb3a88511acd7fc6,2026-04-05T03:30:17.402556+00:00,1775359817402556000,175527734974250,1075,,,ETF,3352,20,3353.5,-3.0,90.098994417,
77512,market_research_2026-04-04_22-23-04_live_round,c6abe590858247adbb3a88511acd7fc6,2026-04-05T03:30:17.405807+00:00,1775359817405807000,175527738225833,1075,,,ETF,3353,80,3353.5,-3.0,90.102246,
77561,market_research_2026-04-04_22-23-04_live_round,c6abe590858247adbb3a88511acd7fc6,2026-04-05T03:30:18.008509+00:00,1775359818008509000,175528340928666,1075,,,ETF,3354,40,3356.0,-4.0,90.704948833,
77571,market_research_2026-04-04_22-23-04_live_round,c6abe590858247adbb3a88511acd7fc6,2026-04-05T03:30:18.127188+00:00,1775359818127188000,175528459607875,1075,,,ETF,3354,60,3355.5,-3.0,90.823628042,
77688,market_research_2026-04-04_22-23-04_live_round,c6abe590858247adbb3a88511acd7fc6,2026-04-05T03:30:19.520761+00:00,1775359819520761000,175529853183375,1075,,,ETF,3360,40,3361.0,-2.0,92.217203542,
77694,market_research_2026-04-04_22-23-04_live_round,c6abe590858247adbb3a88511acd7fc6,2026-04-05T03:30:19.585880+00:00,1775359819585880000,175529918302458,1075,,,ETF,3361,60,3361.0,0.0,92.282322625,
77756,market_research_2026-04-04_22-23-04_live_round,c6abe590858247adbb3a88511acd7fc6,2026-04-05T03:30:20.199469+00:00,1775359820199469000,175530531892875,1075,,,ETF,3363,40,3366.0,-6.0,92.895913042,
77761,market_research_2026-04-04_22-23-04_live_round,c6abe590858247adbb3a88511acd7fc6,2026-04-05T03:30:20.232543+00:00,1775359820232543000,175530564968083,1075,,,ETF,3363,60,3365.5,-5.0,92.92898825,
77822,market_research_2026-04-04_22-23-04_live_round,c6abe590858247adbb3a88511acd7fc6,2026-04-05T03:30:20.898876+00:00,1775359820898876000,175531231301625,1075,,,ETF,3371,40,3373.0,-4.0,93.595321792,
77830,market_research_2026-04-04_22-23-04_live_round,c6abe590858247adbb3a88511acd7fc6,2026-04-05T03:30:20.968272+00:00,1775359820968272000,175531300698333,1075,,,ETF,3371,60,3372.5,-3.0,93.6647185,
77893,market_research_2026-04-04_22-23-04_live_round,c6abe590858247adbb3a88511acd7fc6,2026-04-05T03:30:21.731934+00:00,1775359821731934000,175532064361250,1075,,,ETF,3373,40,3371.5,-3.0,94.428381417,
77901,market_research_2026-04-04_22-23-04_live_round,c6abe590858247adbb3a88511acd7fc6,2026-04-05T03:30:21.831901+00:00,1775359821831901000,175532164328541,1075,,,ETF,3373,40,3372.0,-2.0,94.528348708,
77902,market_research_2026-04-04_22-23-04_live_round,c6abe590858247adbb3a88511acd7fc6,2026-04-05T03:30:21.835231+00:00,1775359821835231000,175532167659083,1075,,,ETF,3372,20,3372.0,-2.0,94.53167925,
77912,market_research_2026-04-04_22-23-04_live_round,c6abe590858247adbb3a88511acd7fc6,2026-04-05T03:30:21.928260+00:00,1775359821928260000,175532260687791,1075,,,ETF,3372,80,3372.0,0.0,94.624707958,
78033,market_research_2026-04-04_22-23-04_live_round,c6abe590858247adbb3a88511acd7fc6,2026-04-05T03:30:23.362496+00:00,1775359823362496000,175533694926750,1200,,,ETF,3366,40,3362.0,-8.0,0.52067525,
78039,market_research_2026-04-04_22-23-04_live_round,c6abe590858247adbb3a88511acd7fc6,2026-04-05T03:30:23.413116+00:00,1775359823413116000,175533745547041,1200,,,ETF,3365,60,3362.0,-6.0,0.571295541,
78046,market_research_2026-04-04_22-23-04_live_round,c6abe590858247adbb3a88511acd7fc6,2026-04-05T03:30:23.479146+00:00,1775359823479146000,175533811576541,1200,,,ETF,3364,80,3362.0,-4.0,0.637325041,
78053,market_research_2026-04-04_22-23-04_live_round,c6abe590858247adbb3a88511acd7fc6,2026-04-05T03:30:23.551777+00:00,1775359823551777000,175533884208333,1200,,,ETF,3363,100,3362.0,-2.0,0.709956833,
78156,market_research_2026-04-04_22-23-04_live_round,c6abe590858247adbb3a88511acd7fc6,2026-04-05T03:30:24.962364+00:00,1775359824962364000,175535294797875,1200,,,ETF,3354,40,3354.0,0.0,2.120546375,
78222,market_research_2026-04-04_22-23-04_live_round,c6abe590858247adbb3a88511acd7fc6,2026-04-05T03:30:25.800282+00:00,1775359825800282000,175536132717416,1200,,,ETF,3351,40,3348.5,-5.0,2.958465916,
78228,market_research_2026-04-04_22-23-04_live_round,c6abe590858247adbb3a88511acd7fc6,2026-04-05T03:30:25.867916+00:00,1775359825867916000,175536200351750,1200,,,ETF,3351,60,3349.0,-4.0,3.02610025,
78235,market_research_2026-04-04_22-23-04_live_round,c6abe590858247adbb3a88511acd7fc6,2026-04-05T03:30:25.935323+00:00,1775359825935323000,175536267759666,1200,,,ETF,3348,40,3348.0,0.0,3.093508166,
78292,market_research_2026-04-04_22-23-04_live_round,c6abe590858247adbb3a88511acd7fc6,2026-04-05T03:30:26.573967+00:00,1775359826573967000,175536906404375,1200,,,ETF,3345,40,3342.0,-6.0,3.732152875,
78304,market_research_2026-04-04_22-23-04_live_round,c6abe590858247adbb3a88511acd7fc6,2026-04-05T03:30:26.697980+00:00,1775359826697980000,175537030418250,1200,,,ETF,3345,60,3342.5,-5.0,3.85616675,
78803,market_research_2026-04-04_22-23-04_live_round,c6abe590858247adbb3a88511acd7fc6,2026-04-05T03:30:32.725131+00:00,1775359832725131000,175543057581333,1200,,,ETF,3330,40,3328.5,-3.0,9.883329833,
78808,market_research_2026-04-04_22-23-04_live_round,c6abe590858247adbb3a88511acd7fc6,2026-04-05T03:30:32.763736+00:00,1775359832763736000,175543096186750,1200,,,ETF,3330,60,3329.0,-2.0,9.92193525,
78813,market_research_2026-04-04_22-23-04_live_round,c6abe590858247adbb3a88511acd7fc6,2026-04-05T03:30:32.816060+00:00,1775359832816060000,175543148510791,1200,,,ETF,3329,40,3329.0,0.0,9.974259291,
78944,market_research_2026-04-04_22-23-04_live_round,c6abe590858247adbb3a88511acd7fc6,2026-04-05T03:30:34.264485+00:00,1775359834264485000,175544596938125,1200,,,ETF,3322,40,3318.0,-8.0,11.422686625,
78949,market_research_2026-04-04_22-23-04_live_round,c6abe590858247adbb3a88511acd7fc6,2026-04-05T03:30:34.310557+00:00,1775359834310557000,175544643010958,1200,,,ETF,3321,60,3318.0,-6.0,11.468759458,
78954,market_research_2026-04-04_22-23-04_live_round,c6abe590858247adbb3a88511acd7fc6,2026-04-05T03:30:34.355357+00:00,1775359834355357000,175544687810208,1200,,,ETF,3320,80,3318.0,-4.0,11.513558708,
78959,market_research_2026-04-04_22-23-04_live_round,c6abe590858247adbb3a88511acd7fc6,2026-04-05T03:30:34.418791+00:00,1775359834418791000,175544751244708,1200,,,ETF,3319,100,3318.0,-2.0,11.576993208,
79139,market_research_2026-04-04_22-23-04_live_round,c6abe590858247adbb3a88511acd7fc6,2026-04-05T03:30:36.542671+00:00,1775359836542671000,175546875128750,1200,,,ETF,3310,40,3314.0,-8.0,13.70087725,
79144,market_research_2026-04-04_22-23-04_live_round,c6abe590858247adbb3a88511acd7fc6,2026-04-05T03:30:36.583698+00:00,1775359836583698000,175546916156041,1200,,,ETF,3311,60,3314.0,-6.0,13.741904541,
79149,market_research_2026-04-04_22-23-04_live_round,c6abe590858247adbb3a88511acd7fc6,2026-04-05T03:30:36.626078+00:00,1775359836626078000,175546958536500,1200,,,ETF,3312,80,3314.0,-4.0,13.784285,
79154,market_research_2026-04-04_22-23-04_live_round,c6abe590858247adbb3a88511acd7fc6,2026-04-05T03:30:36.677359+00:00,1775359836677359000,175547009817208,1200,,,ETF,3313,100,3314.0,-2.0,13.835565708,
79213,market_research_2026-04-04_22-23-04_live_round,c6abe590858247adbb3a88511acd7fc6,2026-04-05T03:30:37.353925+00:00,1775359837353925000,175547686385041,1200,,,ETF,3313,40,3319.5,-13.0,14.512133541,
79218,market_research_2026-04-04_22-23-04_live_round,c6abe590858247adbb3a88511acd7fc6,2026-04-05T03:30:37.412169+00:00,1775359837412169000,175547744628875,1200,,,ETF,3313,60,3319.0,-12.0,14.570377375,
79223,market_research_2026-04-04_22-23-04_live_round,c6abe590858247adbb3a88511acd7fc6,2026-04-05T03:30:37.460892+00:00,1775359837460892000,175547793352583,1200,,,ETF,3324,40,3324.0,0.0,14.619101083,
79281,market_research_2026-04-04_22-23-04_live_round,c6abe590858247adbb3a88511acd7fc6,2026-04-05T03:30:38.147956+00:00,1775359838147956000,175548480417791,1200,,,ETF,3327,40,3331.0,-8.0,15.306166291,
79286,market_research_2026-04-04_22-23-04_live_round,c6abe590858247adbb3a88511acd7fc6,2026-04-05T03:30:38.198168+00:00,1775359838198168000,175548530629916,1200,,,ETF,3327,60,3330.5,-7.0,15.356378416,
79291,market_research_2026-04-04_22-23-04_live_round,c6abe590858247adbb3a88511acd7fc6,2026-04-05T03:30:38.251490+00:00,1775359838251490000,175548583951416,1200,,,ETF,3332,40,3332.5,-1.0,15.409699916,
79292,market_research_2026-04-04_22-23-04_live_round,c6abe590858247adbb3a88511acd7fc6,2026-04-05T03:30:38.251629+00:00,1775359838251629000,175548584091291,1200,,,ETF,3333,40,3332.5,-1.0,15.409839791,
79546,market_research_2026-04-04_22-23-04_live_round,c6abe590858247adbb3a88511acd7fc6,2026-04-05T03:30:41.326887+00:00,1775359841326887000,175551659355250,1200,,,ETF,3330,40,3321.0,-18.0,18.48510375,
79551,market_research_2026-04-04_22-23-04_live_round,c6abe590858247adbb3a88511acd7fc6,2026-04-05T03:30:41.368065+00:00,1775359841368065000,175551700533583,1200,,,ETF,3330,60,3321.5,-17.0,18.526282083,
79556,market_research_2026-04-04_22-23-04_live_round,c6abe590858247adbb3a88511acd7fc6,2026-04-05T03:30:41.430142+00:00,1775359841430142000,175551762610625,1200,,,ETF,3330,40,3322.0,-16.0,18.588359125,
79557,market_research_2026-04-04_22-23-04_live_round,c6abe590858247adbb3a88511acd7fc6,2026-04-05T03:30:41.434670+00:00,1775359841434670000,175551767138333,1200,,,ETF,3329,40,3322.0,-16.0,18.592886833,
79563,market_research_2026-04-04_22-23-04_live_round,c6abe590858247adbb3a88511acd7fc6,2026-04-05T03:30:41.488884+00:00,1775359841488884000,175551821353000,1200,,,ETF,3329,20,3322.0,-14.0,18.6471015,
79564,market_research_2026-04-04_22-23-04_live_round,c6abe590858247adbb3a88511acd7fc6,2026-04-05T03:30:41.492385+00:00,1775359841492385000,175551824854041,1200,,,ETF,3328,80,3322.0,-14.0,18.650602541,
79632,market_research_2026-04-04_22-23-04_live_round,c6abe590858247adbb3a88511acd7fc6,2026-04-05T03:30:42.278170+00:00,1775359842278170000,175552610639625,1200,,,ETF,3327,40,3311.0,-32.0,19.436388125,
79637,market_research_2026-04-04_22-23-04_live_round,c6abe590858247adbb3a88511acd7fc6,2026-04-05T03:30:42.331030+00:00,1775359842331030000,175552663499916,1200,,,ETF,3327,60,3311.5,-31.0,19.489248416,
79642,market_research_2026-04-04_22-23-04_live_round,c6abe590858247adbb3a88511acd7fc6,2026-04-05T03:30:42.368877+00:00,1775359842368877000,175552701347750,1200,,,ETF,3306,40,3301.5,-9.0,19.52709625,
79643,market_research_2026-04-04_22-23-04_live_round,c6abe590858247adbb3a88511acd7fc6,2026-04-05T03:30:42.369002+00:00,1775359842369002000,175552701473000,1200,,,ETF,3305,40,3301.5,-9.0,19.5272215,
79649,market_research_2026-04-04_22-23-04_live_round,c6abe590858247adbb3a88511acd7fc6,2026-04-05T03:30:42.421783+00:00,1775359842421783000,175552754253541,1200,,,ETF,3305,20,3301.5,-7.0,19.580002041,
79650,market_research_2026-04-04_22-23-04_live_round,c6abe590858247adbb3a88511acd7fc6,2026-04-05T03:30:42.421929+00:00,1775359842421929000,175552754400125,1200,,,ETF,3304,80,3301.5,-7.0,19.580148625,
79714,market_research_2026-04-04_22-23-04_live_round,c6abe590858247adbb3a88511acd7fc6,2026-04-05T03:30:43.055002+00:00,1775359843055002000,175553387473333,1200,,,ETF,3303,40,3289.5,-27.0,20.213221833,
79719,market_research_2026-04-04_22-23-04_live_round,c6abe590858247adbb3a88511acd7fc6,2026-04-05T03:30:43.100477+00:00,1775359843100477000,175553432949083,1200,,,ETF,3303,60,3290.0,-26.0,20.258697583,
79724,market_research_2026-04-04_22-23-04_live_round,c6abe590858247adbb3a88511acd7fc6,2026-04-05T03:30:43.142755+00:00,1775359843142755000,175553475227333,1200,,,ETF,3289,40,3283.5,-11.0,20.300975833,
79725,market_research_2026-04-04_22-23-04_live_round,c6abe590858247adbb3a88511acd7fc6,2026-04-05T03:30:43.142887+00:00,1775359843142887000,175553475359250,1200,,,ETF,3288,40,3283.5,-11.0,20.30110775,
79731,market_research_2026-04-04_22-23-04_live_round,c6abe590858247adbb3a88511acd7fc6,2026-04-05T03:30:43.185671+00:00,1775359843185671000,175553518143250,1200,,,ETF,3288,20,3283.5,-9.0,20.34389175,
79732,market_research_2026-04-04_22-23-04_live_round,c6abe590858247adbb3a88511acd7fc6,2026-04-05T03:30:43.185800+00:00,1775359843185800000,175553518272875,1200,,,ETF,3287,80,3283.5,-9.0,20.344021375,
79794,market_research_2026-04-04_22-23-04_live_round,c6abe590858247adbb3a88511acd7fc6,2026-04-05T03:30:43.799915+00:00,1775359843799915000,175554132388000,1200,,,ETF,3286,40,3280.0,-12.0,20.9581365,
79799,market_research_2026-04-04_22-23-04_live_round,c6abe590858247adbb3a88511acd7fc6,2026-04-05T03:30:43.859302+00:00,1775359843859302000,175554191775125,1200,,,ETF,3286,60,3280.5,-11.0,21.017523625,
79989,market_research_2026-04-04_22-23-04_live_round,c6abe590858247adbb3a88511acd7fc6,2026-04-05T03:30:45.998660+00:00,1775359845998660000,175556331138291,1200,,,ETF,3273,40,3273.5,-1.0,23.156886791,
80061,market_research_2026-04-04_22-23-04_live_round,c6abe590858247adbb3a88511acd7fc6,2026-04-05T03:30:46.819910+00:00,1775359846819910000,175557152388833,1200,,,ETF,3276,40,3279.0,-6.0,23.978137333,
80067,market_research_2026-04-04_22-23-04_live_round,c6abe590858247adbb3a88511acd7fc6,2026-04-05T03:30:46.881874+00:00,1775359846881874000,175557214353333,1200,,,ETF,3276,60,3278.5,-5.0,24.040101833,
80073,market_research_2026-04-04_22-23-04_live_round,c6abe590858247adbb3a88511acd7fc6,2026-04-05T03:30:46.939203+00:00,1775359846939203000,175557271682375,1200,,,ETF,3280,40,3280.0,0.0,24.097430875,
80128,market_research_2026-04-04_22-23-04_live_round,c6abe590858247adbb3a88511acd7fc6,2026-04-05T03:30:47.643922+00:00,1775359847643922000,175557976403333,1200,,,ETF,3283,40,3283.0,0.0,24.802151833,
80201,market_research_2026-04-04_22-23-04_live_round,c6abe590858247adbb3a88511acd7fc6,2026-04-05T03:30:48.587539+00:00,1775359848587539000,175558920022250,1200,,,ETF,3282,40,3281.5,-1.0,25.74577075,
80209,market_research_2026-04-04_22-23-04_live_round,c6abe590858247adbb3a88511acd7fc6,2026-04-05T03:30:48.671085+00:00,1775359848671085000,175559003568166,1200,,,ETF,3282,20,3282.0,0.0,25.829316666,
80267,market_research_2026-04-04_22-23-04_live_round,c6abe590858247adbb3a88511acd7fc6,2026-04-05T03:30:49.377637+00:00,1775359849377637000,175559710122041,1200,,,ETF,3280,40,3275.0,-10.0,26.535870541,
80276,market_research_2026-04-04_22-23-04_live_round,c6abe590858247adbb3a88511acd7fc6,2026-04-05T03:30:49.479981+00:00,1775359849479981000,175559812466458,1200,,,ETF,3280,60,3275.5,-9.0,26.638214958,
80284,market_research_2026-04-04_22-23-04_live_round,c6abe590858247adbb3a88511acd7fc6,2026-04-05T03:30:49.585453+00:00,1775359849585453000,175559917938250,1200,,,ETF,3275,40,3273.5,-3.0,26.74368675,
80285,market_research_2026-04-04_22-23-04_live_round,c6abe590858247adbb3a88511acd7fc6,2026-04-05T03:30:49.589017+00:00,1775359849589017000,175559921502625,1200,,,ETF,3274,40,3273.5,-3.0,26.747251125,
80291,market_research_2026-04-04_22-23-04_live_round,c6abe590858247adbb3a88511acd7fc6,2026-04-05T03:30:49.658429+00:00,1775359849658429000,175559990914041,1200,,,ETF,3274,20,3273.5,-1.0,26.816662541,
80292,market_research_2026-04-04_22-23-04_live_round,c6abe590858247adbb3a88511acd7fc6,2026-04-05T03:30:49.663115+00:00,1775359849663115000,175559995600791,1200,,,ETF,3273,80,3273.5,-1.0,26.821349291,
80352,market_research_2026-04-04_22-23-04_live_round,c6abe590858247adbb3a88511acd7fc6,2026-04-05T03:30:50.305342+00:00,1775359850305342000,175560637829208,1200,,,ETF,3272,40,3268.0,-8.0,27.463577708,
80359,market_research_2026-04-04_22-23-04_live_round,c6abe590858247adbb3a88511acd7fc6,2026-04-05T03:30:50.375580+00:00,1775359850375580000,175560708066958,1200,,,ETF,3272,60,3268.5,-7.0,27.533815458,
80427,market_research_2026-04-04_22-23-04_live_round,c6abe590858247adbb3a88511acd7fc6,2026-04-05T03:30:51.222374+00:00,1775359851222374000,175561554862416,1200,,,ETF,3261,40,3257.5,-7.0,28.380610916,
80434,market_research_2026-04-04_22-23-04_live_round,c6abe590858247adbb3a88511acd7fc6,2026-04-05T03:30:51.285516+00:00,1775359851285516000,175561618005416,1200,,,ETF,3261,60,3258.0,-6.0,28.443753916,
80440,market_research_2026-04-04_22-23-04_live_round,c6abe590858247adbb3a88511acd7fc6,2026-04-05T03:30:51.354096+00:00,1775359851354096000,175561686584541,1200,,,ETF,3258,40,3257.0,-2.0,28.512333041,
80441,market_research_2026-04-04_22-23-04_live_round,c6abe590858247adbb3a88511acd7fc6,2026-04-05T03:30:51.354239+00:00,1775359851354239000,175561686728541,1200,,,ETF,3257,40,3257.0,-2.0,28.512477041,
80447,market_research_2026-04-04_22-23-04_live_round,c6abe590858247adbb3a88511acd7fc6,2026-04-05T03:30:51.406896+00:00,1775359851406896000,175561739385041,1200,,,ETF,3257,20,3257.0,0.0,28.565133541,
80507,market_research_2026-04-04_22-23-04_live_round,c6abe590858247adbb3a88511acd7fc6,2026-04-05T03:30:52.103263+00:00,1775359852103263000,175562435753541,1200,,,ETF,3255,40,3240.0,-30.0,29.261502041,
80513,market_research_2026-04-04_22-23-04_live_round,c6abe590858247adbb3a88511acd7fc6,2026-04-05T03:30:52.159413+00:00,1775359852159413000,175562491903166,1200,,,ETF,3255,60,3240.5,-29.0,29.317651666,
80519,market_research_2026-04-04_22-23-04_live_round,c6abe590858247adbb3a88511acd7fc6,2026-04-05T03:30:52.212439+00:00,1775359852212439000,175562544930375,1200,,,ETF,3248,40,3237.5,-21.0,29.370678875,
80520,market_research_2026-04-04_22-23-04_live_round,c6abe590858247adbb3a88511acd7fc6,2026-04-05T03:30:52.212578+00:00,1775359852212578000,175562545069041,1200,,,ETF,3247,40,3237.5,-21.0,29.370817541,
80526,market_research_2026-04-04_22-23-04_live_round,c6abe590858247adbb3a88511acd7fc6,2026-04-05T03:30:52.265439+00:00,1775359852265439000,175562597930375,1200,,,ETF,3247,20,3237.5,-19.0,29.423678875,
80527,market_research_2026-04-04_22-23-04_live_round,c6abe590858247adbb3a88511acd7fc6,2026-04-05T03:30:52.265630+00:00,1775359852265630000,175562598121750,1200,,,ETF,3246,80,3237.5,-19.0,29.42387025,
80592,market_research_2026-04-04_22-23-04_live_round,c6abe590858247adbb3a88511acd7fc6,2026-04-05T03:30:53.026154+00:00,1775359853026154000,175563358646500,1200,,,ETF,3245,40,3228.0,-34.0,30.184395,
80597,market_research_2026-04-04_22-23-04_live_round,c6abe590858247adbb3a88511acd7fc6,2026-04-05T03:30:53.068628+00:00,1775359853068628000,175563401120500,1200,,,ETF,3245,60,3228.5,-33.0,30.226869,
80603,market_research_2026-04-04_22-23-04_live_round,c6abe590858247adbb3a88511acd7fc6,2026-04-05T03:30:53.130477+00:00,1775359853130477000,175563462969500,1200,,,ETF,3219,40,3216.0,-6.0,30.288718,
80604,market_research_2026-04-04_22-23-04_live_round,c6abe590858247adbb3a88511acd7fc6,2026-04-05T03:30:53.130622+00:00,1775359853130622000,175563463115250,1200,,,ETF,3218,40,3216.0,-6.0,30.28886375,
80610,market_research_2026-04-04_22-23-04_live_round,c6abe590858247adbb3a88511acd7fc6,2026-04-05T03:30:53.189059+00:00,1775359853189059000,175563521551875,1200,,,ETF,3218,20,3216.0,-4.0,30.347300375,
80611,market_research_2026-04-04_22-23-04_live_round,c6abe590858247adbb3a88511acd7fc6,2026-04-05T03:30:53.192335+00:00,1775359853192335000,175563524828458,1200,,,ETF,3217,80,3216.0,-4.0,30.350576958,
80669,market_research_2026-04-04_22-23-04_live_round,c6abe590858247adbb3a88511acd7fc6,2026-04-05T03:30:53.921437+00:00,1775359853921437000,175564253930750,1200,,,ETF,3216,40,3211.0,-10.0,31.07967925,
80676,market_research_2026-04-04_22-23-04_live_round,c6abe590858247adbb3a88511acd7fc6,2026-04-05T03:30:54.022051+00:00,1775359854022051000,175564354545458,1200,,,ETF,3216,60,3211.5,-9.0,31.180293958,
80739,market_research_2026-04-04_22-23-04_live_round,c6abe590858247adbb3a88511acd7fc6,2026-04-05T03:30:54.752860+00:00,1775359854752860000,175565085355958,1200,,,ETF,3202,40,3199.5,-5.0,31.911104458,
80750,market_research_2026-04-04_22-23-04_live_round,c6abe590858247adbb3a88511acd7fc6,2026-04-05T03:30:54.855773+00:00,1775359854855773000,175565188269458,1200,,,ETF,3202,60,3200.0,-4.0,32.014017958,
80757,market_research_2026-04-04_22-23-04_live_round,c6abe590858247adbb3a88511acd7fc6,2026-04-05T03:30:54.938222+00:00,1775359854938222000,175565270718500,1200,,,ETF,3200,40,3199.5,-1.0,32.096467,
80758,market_research_2026-04-04_22-23-04_live_round,c6abe590858247adbb3a88511acd7fc6,2026-04-05T03:30:54.941587+00:00,1775359854941587000,175565274083625,1200,,,ETF,3199,40,3199.5,-1.0,32.099832125,
80868,market_research_2026-04-04_22-23-04_live_round,c6abe590858247adbb3a88511acd7fc6,2026-04-05T03:30:56.165781+00:00,1775359856165781000,175566498280541,1200,,,ETF,3199,40,3199.5,-1.0,33.324029041,
80988,market_research_2026-04-04_22-23-04_live_round,c6abe590858247adbb3a88511acd7fc6,2026-04-05T03:30:57.609234+00:00,1775359857609234000,175567941736375,1200,,,ETF,3202,40,3203.0,-2.0,34.767484875,
80996,market_research_2026-04-04_22-23-04_live_round,c6abe590858247adbb3a88511acd7fc6,2026-04-05T03:30:57.711279+00:00,1775359857711279000,175568043781791,1200,,,ETF,3203,60,3203.0,0.0,34.869530291,
81056,market_research_2026-04-04_22-23-04_live_round,c6abe590858247adbb3a88511acd7fc6,2026-04-05T03:30:58.476608+00:00,1775359858476608000,175568809111958,1200,,,ETF,3205,40,3205.0,0.0,35.634860458,
81232,market_research_2026-04-04_22-23-04_live_round,c6abe590858247adbb3a88511acd7fc6,2026-04-05T03:31:00.549368+00:00,1775359860549368000,175570881876750,1200,,,ETF,3203,40,3199.0,-8.0,37.70762525,
81233,market_research_2026-04-04_22-23-04_live_round,c6abe590858247adbb3a88511acd7fc6,2026-04-05T03:31:00.554142+00:00,1775359860554142000,175570886650125,1200,,,ETF,3202,60,3199.0,-8.0,37.712398625,
81234,market_research_2026-04-04_22-23-04_live_round,c6abe590858247adbb3a88511acd7fc6,2026-04-05T03:31:00.554268+00:00,1775359860554268000,175570886776750,1200,,,ETF,3201,80,3199.0,-8.0,37.71252525,
81235,market_research_2026-04-04_22-23-04_live_round,c6abe590858247adbb3a88511acd7fc6,2026-04-05T03:31:00.554366+00:00,1775359860554366000,175570886875250,1200,,,ETF,3200,20,3199.0,-8.0,37.71262375,
81351,market_research_2026-04-04_22-23-04_live_round,c6abe590858247adbb3a88511acd7fc6,2026-04-05T03:31:01.891555+00:00,1775359861891555000,175572224066041,1200,,,ETF,3200,40,3195.5,-9.0,39.049814541,
81356,market_research_2026-04-04_22-23-04_live_round,c6abe590858247adbb3a88511acd7fc6,2026-04-05T03:31:01.932517+00:00,1775359861932517000,175572265028291,1200,,,ETF,3200,40,3196.0,-8.0,39.090776791,
81357,market_research_2026-04-04_22-23-04_live_round,c6abe590858247adbb3a88511acd7fc6,2026-04-05T03:31:01.932665+00:00,1775359861932665000,175572265176291,1200,,,ETF,3197,20,3196.0,-8.0,39.090924791,
81364,market_research_2026-04-04_22-23-04_live_round,c6abe590858247adbb3a88511acd7fc6,2026-04-05T03:31:02.005786+00:00,1775359862005786000,175572338296958,1200,,,ETF,3197,20,3195.0,-4.0,39.164045458,
81365,market_research_2026-04-04_22-23-04_live_round,c6abe590858247adbb3a88511acd7fc6,2026-04-05T03:31:02.005930+00:00,1775359862005930000,175572338442000,1200,,,ETF,3196,60,3195.0,-4.0,39.1641905,
81373,market_research_2026-04-04_22-23-04_live_round,c6abe590858247adbb3a88511acd7fc6,2026-04-05T03:31:02.087048+00:00,1775359862087048000,175572419559125,1200,,,ETF,3195,80,3194.5,-1.0,39.245307625,
81374,market_research_2026-04-04_22-23-04_live_round,c6abe590858247adbb3a88511acd7fc6,2026-04-05T03:31:02.087190+00:00,1775359862087190000,175572419701791,1200,,,ETF,3194,20,3194.5,-1.0,39.245450291,
81425,market_research_2026-04-04_22-23-04_live_round,c6abe590858247adbb3a88511acd7fc6,2026-04-05T03:31:02.655358+00:00,1775359862655358000,175572987870083,1200,,,ETF,3194,40,3192.5,-3.0,39.813618583,
81432,market_research_2026-04-04_22-23-04_live_round,c6abe590858247adbb3a88511acd7fc6,2026-04-05T03:31:02.721918+00:00,1775359862721918000,175573054430208,1200,,,ETF,3194,40,3193.0,-2.0,39.880178708,
81682,market_research_2026-04-04_22-23-04_live_round,c6abe590858247adbb3a88511acd7fc6,2026-04-05T03:31:05.732724+00:00,1775359865732724000,175576065243166,1200,,,ETF,3183,40,3185.0,-4.0,42.890991666,
81690,market_research_2026-04-04_22-23-04_live_round,c6abe590858247adbb3a88511acd7fc6,2026-04-05T03:31:05.822574+00:00,1775359865822574000,175576155093583,1200,,,ETF,3184,60,3185.0,-2.0,42.980842083,
81696,market_research_2026-04-04_22-23-04_live_round,c6abe590858247adbb3a88511acd7fc6,2026-04-05T03:31:05.891924+00:00,1775359865891924000,175576224443041,1200,,,ETF,3185,80,3185.0,0.0,43.050191541,
81749,market_research_2026-04-04_22-23-04_live_round,c6abe590858247adbb3a88511acd7fc6,2026-04-05T03:31:06.572822+00:00,1775359866572822000,175576905342375,1200,,,ETF,3186,40,3186.5,-1.0,43.731090875,
81755,market_research_2026-04-04_22-23-04_live_round,c6abe590858247adbb3a88511acd7fc6,2026-04-05T03:31:06.642301+00:00,1775359866642301000,175576974822416,1200,,,ETF,3186,60,3186.0,0.0,43.800570916,
81818,market_research_2026-04-04_22-23-04_live_round,c6abe590858247adbb3a88511acd7fc6,2026-04-05T03:31:07.489356+00:00,1775359867489356000,175577821879250,1200,,,ETF,3193,40,3195.5,-5.0,44.64762775,
81825,market_research_2026-04-04_22-23-04_live_round,c6abe590858247adbb3a88511acd7fc6,2026-04-05T03:31:07.587319+00:00,1775359867587319000,175577919841583,1200,,,ETF,3194,60,3195.5,-3.0,44.745590083,
81835,market_research_2026-04-04_22-23-04_live_round,c6abe590858247adbb3a88511acd7fc6,2026-04-05T03:31:07.699947+00:00,1775359867699947000,175578032470416,1200,,,ETF,3195,80,3195.5,-1.0,44.858218916,
81883,market_research_2026-04-04_22-23-04_live_round,c6abe590858247adbb3a88511acd7fc6,2026-04-05T03:31:08.272801+00:00,1775359868272801000,175578605324958,1200,,,ETF,3196,40,3196.5,-1.0,45.431073458,
81900,market_research_2026-04-04_22-23-04_live_round,c6abe590858247adbb3a88511acd7fc6,2026-04-05T03:31:08.485344+00:00,1775359868485344000,175578817868791,1200,,,ETF,3196,60,3196.0,0.0,45.643617291,
81917,market_research_2026-04-04_22-23-04_live_round,c6abe590858247adbb3a88511acd7fc6,2026-04-05T03:31:08.680844+00:00,1775359868680844000,175579013369041,1200,,,ETF,3203,40,3204.5,-3.0,45.839117541,
81918,market_research_2026-04-04_22-23-04_live_round,c6abe590858247adbb3a88511acd7fc6,2026-04-05T03:31:08.680979+00:00,1775359868680979000,175579013505041,1200,,,ETF,3204,60,3204.5,-3.0,45.839253541,
81919,market_research_2026-04-04_22-23-04_live_round,c6abe590858247adbb3a88511acd7fc6,2026-04-05T03:31:08.681081+00:00,1775359868681081000,175579013606416,1200,,,ETF,3205,80,3204.5,-3.0,45.839354916,
81920,market_research_2026-04-04_22-23-04_live_round,c6abe590858247adbb3a88511acd7fc6,2026-04-05T03:31:08.681178+00:00,1775359868681178000,175579013703916,1200,,,ETF,3206,20,3204.5,-3.0,45.839452416,
82033,market_research_2026-04-04_22-23-04_live_round,c6abe590858247adbb3a88511acd7fc6,2026-04-05T03:31:09.876059+00:00,1775359869876059000,175580208587041,1200,,,ETF,3204,40,3206.0,-4.0,47.034335541,
82038,market_research_2026-04-04_22-23-04_live_round,c6abe590858247adbb3a88511acd7fc6,2026-04-05T03:31:09.912375+00:00,1775359869912375000,175580244903375,1200,,,ETF,3205,60,3206.0,-2.0,47.070651875,
82048,market_research_2026-04-04_22-23-04_live_round,c6abe590858247adbb3a88511acd7fc6,2026-04-05T03:31:10.005145+00:00,1775359870005145000,175580337673000,1200,,,ETF,3206,80,3206.0,0.0,47.1634215,
82112,market_research_2026-04-04_22-23-04_live_round,c6abe590858247adbb3a88511acd7fc6,2026-04-05T03:31:10.667607+00:00,1775359870667607000,175581000136708,1200,,,ETF,3207,40,3214.5,-15.0,47.825885208,
82118,market_research_2026-04-04_22-23-04_live_round,c6abe590858247adbb3a88511acd7fc6,2026-04-05T03:31:10.729343+00:00,1775359870729343000,175581061872166,1200,,,ETF,3207,60,3214.0,-14.0,47.887620666,
82125,market_research_2026-04-04_22-23-04_live_round,c6abe590858247adbb3a88511acd7fc6,2026-04-05T03:31:10.812517+00:00,1775359870812517000,175581145046333,1200,,,ETF,3214,40,3217.0,-6.0,47.970794833,
82126,market_research_2026-04-04_22-23-04_live_round,c6abe590858247adbb3a88511acd7fc6,2026-04-05T03:31:10.812658+00:00,1775359870812658000,175581145187708,1200,,,ETF,3215,40,3217.0,-6.0,47.970936208,
82133,market_research_2026-04-04_22-23-04_live_round,c6abe590858247adbb3a88511acd7fc6,2026-04-05T03:31:10.871224+00:00,1775359870871224000,175581203753541,1200,,,ETF,3215,20,3217.0,-4.0,48.029502041,
82134,market_research_2026-04-04_22-23-04_live_round,c6abe590858247adbb3a88511acd7fc6,2026-04-05T03:31:10.871406+00:00,1775359870871406000,175581203936541,1200,,,ETF,3216,80,3217.0,-4.0,48.029685041,
82182,market_research_2026-04-04_22-23-04_live_round,c6abe590858247adbb3a88511acd7fc6,2026-04-05T03:31:11.440556+00:00,1775359871440556000,175581773087125,1200,,,ETF,3217,40,3217.0,0.0,48.598835625,
82694,market_research_2026-04-04_22-23-04_live_round,c6abe590858247adbb3a88511acd7fc6,2026-04-05T03:31:17.918819+00:00,1775359877918819000,175588251363833,1200,,,ETF,3224,40,3223.5,-1.0,55.077112333,
82704,market_research_2026-04-04_22-23-04_live_round,c6abe590858247adbb3a88511acd7fc6,2026-04-05T03:31:18.037451+00:00,1775359878037451000,175588369995500,1200,,,ETF,3224,60,3224.0,0.0,55.195744,
83020,market_research_2026-04-04_22-23-04_live_round,c6abe590858247adbb3a88511acd7fc6,2026-04-05T03:31:21.967070+00:00,1775359881967070000,175592299623000,1200,,,ETF,3222,40,3223.5,-3.0,59.1253715,
83025,market_research_2026-04-04_22-23-04_live_round,c6abe590858247adbb3a88511acd7fc6,2026-04-05T03:31:22.003875+00:00,1775359882003875000,175592336428333,1200,,,ETF,3223,60,3223.5,-1.0,59.162176833,
83306,market_research_2026-04-04_22-23-04_live_round,c6abe590858247adbb3a88511acd7fc6,2026-04-05T03:31:25.535734+00:00,1775359885535734000,175595868294416,1275,,,ETF,3222,40,3220.5,-3.0,62.694042916,
83307,market_research_2026-04-04_22-23-04_live_round,c6abe590858247adbb3a88511acd7fc6,2026-04-05T03:31:25.535873+00:00,1775359885535873000,175595868433625,1275,,,ETF,3221,60,3220.5,-3.0,62.694182125,
83308,market_research_2026-04-04_22-23-04_live_round,c6abe590858247adbb3a88511acd7fc6,2026-04-05T03:31:25.535974+00:00,1775359885535974000,175595868534666,1275,,,ETF,3220,80,3220.5,-3.0,62.694283166,
83309,market_research_2026-04-04_22-23-04_live_round,c6abe590858247adbb3a88511acd7fc6,2026-04-05T03:31:25.536071+00:00,1775359885536071000,175595868631958,1275,,,ETF,3219,20,3220.5,-3.0,62.694380458,
83541,market_research_2026-04-04_22-23-04_live_round,c6abe590858247adbb3a88511acd7fc6,2026-04-05T03:31:28.540722+00:00,1775359888540722000,175598873288291,1275,,,ETF,3217,40,3217.0,0.0,65.699036791,
83666,market_research_2026-04-04_22-23-04_live_round,c6abe590858247adbb3a88511acd7fc6,2026-04-05T03:31:30.011548+00:00,1775359890011548000,175600344117375,1275,,,ETF,3215,40,3216.0,-2.0,67.169865875,
83673,market_research_2026-04-04_22-23-04_live_round,c6abe590858247adbb3a88511acd7fc6,2026-04-05T03:31:30.096525+00:00,1775359890096525000,175600429094375,1275,,,ETF,3216,60,3216.0,0.0,67.254842875,
83736,market_research_2026-04-04_22-23-04_live_round,c6abe590858247adbb3a88511acd7fc6,2026-04-05T03:31:30.865603+00:00,1775359890865603000,175601198174250,1275,,,ETF,3218,40,3219.5,-3.0,68.02392275,
83742,market_research_2026-04-04_22-23-04_live_round,c6abe590858247adbb3a88511acd7fc6,2026-04-05T03:31:30.938678+00:00,1775359890938678000,175601271249250,1275,,,ETF,3218,60,3219.0,-2.0,68.09699775,
83769,market_research_2026-04-04_22-23-04_live_round,c6abe590858247adbb3a88511acd7fc6,2026-04-05T03:31:31.298299+00:00,1775359891298299000,175601630871166,1275,,,ETF,3219,80,3218.0,-2.0,68.456619666,
83770,market_research_2026-04-04_22-23-04_live_round,c6abe590858247adbb3a88511acd7fc6,2026-04-05T03:31:31.303032+00:00,1775359891303032000,175601635603875,1275,,,ETF,3218,100,3218.0,-2.0,68.461352375,
84006,market_research_2026-04-04_22-23-04_live_round,c6abe590858247adbb3a88511acd7fc6,2026-04-05T03:31:34.173439+00:00,1775359894173439000,175604506017000,1275,,,ETF,3219,40,3216.5,-5.0,71.3317655,
84012,market_research_2026-04-04_22-23-04_live_round,c6abe590858247adbb3a88511acd7fc6,2026-04-05T03:31:34.252793+00:00,1775359894252793000,175604585371541,1275,,,ETF,3218,60,3216.5,-3.0,71.411120041,
84022,market_research_2026-04-04_22-23-04_live_round,c6abe590858247adbb3a88511acd7fc6,2026-04-05T03:31:34.359352+00:00,1775359894359352000,175604691930500,1275,,,ETF,3217,80,3216.5,-1.0,71.517679,
84069,market_research_2026-04-04_22-23-04_live_round,c6abe590858247adbb3a88511acd7fc6,2026-04-05T03:31:34.928702+00:00,1775359894928702000,175605261281375,1275,,,ETF,3216,40,3215.5,-1.0,72.087029875,
84077,market_research_2026-04-04_22-23-04_live_round,c6abe590858247adbb3a88511acd7fc6,2026-04-05T03:31:35.023074+00:00,1775359895023074000,175605355653791,1275,,,ETF,3216,60,3216.0,0.0,72.181402291,
84138,market_research_2026-04-04_22-23-04_live_round,c6abe590858247adbb3a88511acd7fc6,2026-04-05T03:31:35.754588+00:00,1775359895754588000,175606087169708,1275,,,ETF,3209,40,3209.0,0.0,72.912918208,
84197,market_research_2026-04-04_22-23-04_live_round,c6abe590858247adbb3a88511acd7fc6,2026-04-05T03:31:36.494117+00:00,1775359896494117000,175606826700375,1275,,,ETF,3210,40,3210.0,0.0,73.652448875,
84328,market_research_2026-04-04_22-23-04_live_round,c6abe590858247adbb3a88511acd7fc6,2026-04-05T03:31:38.133355+00:00,1775359898133355000,175608465941916,1275,,,ETF,3207,40,3207.0,0.0,75.291690416,
84395,market_research_2026-04-04_22-23-04_live_round,c6abe590858247adbb3a88511acd7fc6,2026-04-05T03:31:38.884612+00:00,1775359898884612000,175609217200250,1275,,,ETF,3204,40,3202.0,-4.0,76.04294875,
84407,market_research_2026-04-04_22-23-04_live_round,c6abe590858247adbb3a88511acd7fc6,2026-04-05T03:31:39.032500+00:00,1775359899032500000,175609365088833,1275,,,ETF,3204,60,3202.5,-3.0,76.190837333,
84463,market_research_2026-04-04_22-23-04_live_round,c6abe590858247adbb3a88511acd7fc6,2026-04-05T03:31:39.714384+00:00,1775359899714384000,175610046973791,1275,,,ETF,3198,40,3195.5,-5.0,76.872722291,
84468,market_research_2026-04-04_22-23-04_live_round,c6abe590858247adbb3a88511acd7fc6,2026-04-05T03:31:39.764690+00:00,1775359899764690000,175610097280291,1275,,,ETF,3198,60,3196.0,-4.0,76.923028791,
84534,market_research_2026-04-04_22-23-04_live_round,c6abe590858247adbb3a88511acd7fc6,2026-04-05T03:31:40.599155+00:00,1775359900599155000,175610931747291,1275,,,ETF,3191,40,3191.0,0.0,77.757495791,
84657,market_research_2026-04-04_22-23-04_live_round,c6abe590858247adbb3a88511acd7fc6,2026-04-05T03:31:42.145840+00:00,1775359902145840000,175612478435083,1275,,,ETF,3194,40,3196.0,-4.0,79.304183583,
84665,market_research_2026-04-04_22-23-04_live_round,c6abe590858247adbb3a88511acd7fc6,2026-04-05T03:31:42.250706+00:00,1775359902250706000,175612583300958,1275,,,ETF,3194,60,3195.5,-3.0,79.409049458,
84790,market_research_2026-04-04_22-23-04_live_round,c6abe590858247adbb3a88511acd7fc6,2026-04-05T03:31:43.830171+00:00,1775359903830171000,175614162769250,1275,,,ETF,3196,40,3195.5,-1.0,80.98851775,
84918,market_research_2026-04-04_22-23-04_live_round,c6abe590858247adbb3a88511acd7fc6,2026-04-05T03:31:45.339107+00:00,1775359905339107000,175615671708833,1275,,,ETF,3189,40,3185.5,-7.0,82.497457333,
84923,market_research_2026-04-04_22-23-04_live_round,c6abe590858247adbb3a88511acd7fc6,2026-04-05T03:31:45.389075+00:00,1775359905389075000,175615721677083,1275,,,ETF,3188,60,3185.5,-5.0,82.547425583,
84931,market_research_2026-04-04_22-23-04_live_round,c6abe590858247adbb3a88511acd7fc6,2026-04-05T03:31:45.484383+00:00,1775359905484383000,175615816984750,1275,,,ETF,3187,80,3185.5,-3.0,82.64273325,
84936,market_research_2026-04-04_22-23-04_live_round,c6abe590858247adbb3a88511acd7fc6,2026-04-05T03:31:45.536512+00:00,1775359905536512000,175615869113250,1275,,,ETF,3186,100,3185.5,-1.0,82.69486175,
85317,market_research_2026-04-04_22-23-04_live_round,c6abe590858247adbb3a88511acd7fc6,2026-04-05T03:31:50.331251+00:00,1775359910331251000,175620663862375,1275,,,ETF,3188,40,3195.5,-15.0,87.489610875,
85325,market_research_2026-04-04_22-23-04_live_round,c6abe590858247adbb3a88511acd7fc6,2026-04-05T03:31:50.405322+00:00,1775359910405322000,175620737934125,1275,,,ETF,3189,60,3195.5,-13.0,87.563682625,
85337,market_research_2026-04-04_22-23-04_live_round,c6abe590858247adbb3a88511acd7fc6,2026-04-05T03:31:50.537629+00:00,1775359910537629000,175620870241125,1275,,,ETF,3190,80,3195.5,-11.0,87.695989625,
85342,market_research_2026-04-04_22-23-04_live_round,c6abe590858247adbb3a88511acd7fc6,2026-04-05T03:31:50.574914+00:00,1775359910574914000,175620907526208,1275,,,ETF,3191,100,3195.5,-9.0,87.733274708,
85453,market_research_2026-04-04_22-23-04_live_round,c6abe590858247adbb3a88511acd7fc6,2026-04-05T03:31:51.873870+00:00,1775359911873870000,175622206484916,1275,,,ETF,3194,40,3188.5,-11.0,89.032233416,
85458,market_research_2026-04-04_22-23-04_live_round,c6abe590858247adbb3a88511acd7fc6,2026-04-05T03:31:51.922645+00:00,1775359911922645000,175622255259708,1275,,,ETF,3193,60,3188.5,-9.0,89.081008208,
85466,market_research_2026-04-04_22-23-04_live_round,c6abe590858247adbb3a88511acd7fc6,2026-04-05T03:31:52.000549+00:00,1775359912000549000,175622333164208,1275,,,ETF,3192,80,3188.5,-7.0,89.158912708,
85478,market_research_2026-04-04_22-23-04_live_round,c6abe590858247adbb3a88511acd7fc6,2026-04-05T03:31:52.128849+00:00,1775359912128849000,175622461464541,1275,,,ETF,3191,100,3188.5,-5.0,89.287213041,
85711,market_research_2026-04-04_22-23-04_live_round,c6abe590858247adbb3a88511acd7fc6,2026-04-05T03:31:55.048283+00:00,1775359915048283000,175625380904833,1275,,,ETF,3187,40,3188.5,-3.0,92.206653333,
85719,market_research_2026-04-04_22-23-04_live_round,c6abe590858247adbb3a88511acd7fc6,2026-04-05T03:31:55.147750+00:00,1775359915147750000,175625480372166,1275,,,ETF,3188,60,3188.5,-1.0,92.306120666,
85728,market_research_2026-04-04_22-23-04_live_round,c6abe590858247adbb3a88511acd7fc6,2026-04-05T03:31:55.259396+00:00,1775359915259396000,175625592017833,1275,,,ETF,3188,40,3188.0,0.0,92.417766333,
85729,market_research_2026-04-04_22-23-04_live_round,c6abe590858247adbb3a88511acd7fc6,2026-04-05T03:31:55.259544+00:00,1775359915259544000,175625592167208,1275,,,ETF,3188,40,3188.0,0.0,92.417915708,
85787,market_research_2026-04-04_22-23-04_live_round,c6abe590858247adbb3a88511acd7fc6,2026-04-05T03:31:55.970618+00:00,1775359915970618000,175626303241625,1275,,,ETF,3190,40,3193.0,-6.0,93.128990125,
85792,market_research_2026-04-04_22-23-04_live_round,c6abe590858247adbb3a88511acd7fc6,2026-04-05T03:31:56.041498+00:00,1775359916041498000,175626374122125,1275,,,ETF,3190,60,3192.5,-5.0,93.199870625,
85851,market_research_2026-04-04_22-23-04_live_round,c6abe590858247adbb3a88511acd7fc6,2026-04-05T03:31:56.831042+00:00,1775359916831042000,175627163667458,1275,,,ETF,3194,40,3192.5,-3.0,93.989415958,
85860,market_research_2026-04-04_22-23-04_live_round,c6abe590858247adbb3a88511acd7fc6,2026-04-05T03:31:56.929136+00:00,1775359916929136000,175627261761583,1275,,,ETF,3194,40,3193.0,-2.0,94.087510083,
85861,market_research_2026-04-04_22-23-04_live_round,c6abe590858247adbb3a88511acd7fc6,2026-04-05T03:31:56.929284+00:00,1775359916929284000,175627261910166,1275,,,ETF,3193,20,3193.0,-2.0,94.087658666,
85868,market_research_2026-04-04_22-23-04_live_round,c6abe590858247adbb3a88511acd7fc6,2026-04-05T03:31:57.012841+00:00,1775359917012841000,175627345466666,1275,,,ETF,3193,80,3193.0,0.0,94.171215166,
86050,market_research_2026-04-04_22-23-04_live_round,c6abe590858247adbb3a88511acd7fc6,2026-04-05T03:31:59.236990+00:00,1775359919236990000,175629569620208,1275,,,ETF,3184,40,3184.0,0.0,96.395368708,
86238,market_research_2026-04-04_22-23-04_live_round,c6abe590858247adbb3a88511acd7fc6,2026-04-05T03:32:01.662803+00:00,1775359921662803000,175631995438083,1275,,,ETF,3181,40,3183.5,-5.0,98.821186583,
86243,market_research_2026-04-04_22-23-04_live_round,c6abe590858247adbb3a88511acd7fc6,2026-04-05T03:32:01.730342+00:00,1775359921730342000,175632062977666,1275,,,ETF,3182,60,3183.5,-3.0,98.888726166,
86250,market_research_2026-04-04_22-23-04_live_round,c6abe590858247adbb3a88511acd7fc6,2026-04-05T03:32:01.818113+00:00,1775359921818113000,175632150748791,1275,,,ETF,3183,80,3183.5,-1.0,98.976497291,
86308,market_research_2026-04-04_22-23-04_live_round,c6abe590858247adbb3a88511acd7fc6,2026-04-05T03:32:02.535946+00:00,1775359922535946000,175632868583416,1275,,,ETF,3184,40,3186.5,-5.0,99.694331916,
86320,market_research_2026-04-04_22-23-04_live_round,c6abe590858247adbb3a88511acd7fc6,2026-04-05T03:32:02.716082+00:00,1775359922716082000,175633048719875,1275,,,ETF,3184,60,3186.0,-4.0,99.874468375,
86502,market_research_2026-04-04_22-23-04_live_round,c6abe590858247adbb3a88511acd7fc6,2026-04-05T03:32:04.899626+00:00,1775359924899626000,175635232267958,1275,,,ETF,3188,40,3189.0,-2.0,102.058016458,
86510,market_research_2026-04-04_22-23-04_live_round,c6abe590858247adbb3a88511acd7fc6,2026-04-05T03:32:04.984447+00:00,1775359924984447000,175635317089541,1275,,,ETF,3189,60,3189.0,0.0,102.142838041,
86768,market_research_2026-04-04_22-23-04_live_round,c6abe590858247adbb3a88511acd7fc6,2026-04-05T03:32:08.473619+00:00,1775359928473619000,175638806268458,1275,,,ETF,3191,40,3189.0,-4.0,105.632016958,
86774,market_research_2026-04-04_22-23-04_live_round,c6abe590858247adbb3a88511acd7fc6,2026-04-05T03:32:08.571814+00:00,1775359928571814000,175638904463583,1275,,,ETF,3190,60,3189.0,-2.0,105.730212083,
86781,market_research_2026-04-04_22-23-04_live_round,c6abe590858247adbb3a88511acd7fc6,2026-04-05T03:32:08.655082+00:00,1775359928655082000,175638987732000,1275,,,ETF,3189,80,3189.0,0.0,105.8134805,
86844,market_research_2026-04-04_22-23-04_live_round,c6abe590858247adbb3a88511acd7fc6,2026-04-05T03:32:09.760473+00:00,1775359929760473000,175640093125750,1275,,,ETF,3188,40,3187.0,-2.0,106.91887425,
86855,market_research_2026-04-04_22-23-04_live_round,c6abe590858247adbb3a88511acd7fc6,2026-04-05T03:32:09.921492+00:00,1775359929921492000,175640254144583,1275,,,ETF,3188,60,3187.5,-1.0,107.079893083,
87162,market_research_2026-04-04_22-23-04_live_round,c6abe590858247adbb3a88511acd7fc6,2026-04-05T03:32:14.677662+00:00,1775359934677662000,175645010324791,1275,,,ETF,3186,40,3183.5,-5.0,111.836073291,
87168,market_research_2026-04-04_22-23-04_live_round,c6abe590858247adbb3a88511acd7fc6,2026-04-05T03:32:14.740416+00:00,1775359934740416000,175645073078375,1275,,,ETF,3185,60,3183.5,-3.0,111.898826875,
87173,market_research_2026-04-04_22-23-04_live_round,c6abe590858247adbb3a88511acd7fc6,2026-04-05T03:32:14.784131+00:00,1775359934784131000,175645116794333,1275,,,ETF,3184,80,3183.5,-1.0,111.942542833,
87233,market_research_2026-04-04_22-23-04_live_round,c6abe590858247adbb3a88511acd7fc6,2026-04-05T03:32:15.495790+00:00,1775359935495790000,175645828454166,1275,,,ETF,3183,40,3181.0,-4.0,112.654202666,
87239,market_research_2026-04-04_22-23-04_live_round,c6abe590858247adbb3a88511acd7fc6,2026-04-05T03:32:15.561907+00:00,1775359935561907000,175645894572041,1275,,,ETF,3183,60,3181.5,-3.0,112.720320541,
87493,market_research_2026-04-04_22-23-04_live_round,c6abe590858247adbb3a88511acd7fc6,2026-04-05T03:32:19.098899+00:00,1775359939098899000,175649431570875,1275,,,ETF,3180,40,3175.5,-9.0,116.257319375,
87499,market_research_2026-04-04_22-23-04_live_round,c6abe590858247adbb3a88511acd7fc6,2026-04-05T03:32:19.146028+00:00,1775359939146028000,175649478700333,1275,,,ETF,3179,60,3175.5,-7.0,116.304448833,
87506,market_research_2026-04-04_22-23-04_live_round,c6abe590858247adbb3a88511acd7fc6,2026-04-05T03:32:19.206143+00:00,1775359939206143000,175649538814958,1275,,,ETF,3178,80,3175.5,-5.0,116.364563458,
87513,market_research_2026-04-04_22-23-04_live_round,c6abe590858247adbb3a88511acd7fc6,2026-04-05T03:32:19.297131+00:00,1775359939297131000,175649629803541,1275,,,ETF,3177,100,3175.5,-3.0,116.455552041,
87684,market_research_2026-04-04_22-23-04_live_round,c6abe590858247adbb3a88511acd7fc6,2026-04-05T03:32:21.228259+00:00,1775359941228259000,175651560935458,1275,,,ETF,3177,40,3179.5,-5.0,118.386683958,
87689,market_research_2026-04-04_22-23-04_live_round,c6abe590858247adbb3a88511acd7fc6,2026-04-05T03:32:21.273796+00:00,1775359941273796000,175651606472333,1275,,,ETF,3177,60,3179.0,-4.0,118.432220833,
87696,market_research_2026-04-04_22-23-04_live_round,c6abe590858247adbb3a88511acd7fc6,2026-04-05T03:32:21.346918+00:00,1775359941346918000,175651679594375,1275,,,ETF,3177,40,3178.5,-3.0,118.505342875,
87697,market_research_2026-04-04_22-23-04_live_round,c6abe590858247adbb3a88511acd7fc6,2026-04-05T03:32:21.347066+00:00,1775359941347066000,175651679742791,1275,,,ETF,3178,40,3178.5,-3.0,118.505491291,
87703,market_research_2026-04-04_22-23-04_live_round,c6abe590858247adbb3a88511acd7fc6,2026-04-05T03:32:21.401157+00:00,1775359941401157000,175651733833333,1275,,,ETF,3178,20,3178.5,-1.0,118.559581833,
87704,market_research_2026-04-04_22-23-04_live_round,c6abe590858247adbb3a88511acd7fc6,2026-04-05T03:32:21.401303+00:00,1775359941401303000,175651733980208,1275,,,ETF,3179,80,3178.5,-1.0,118.559728708,
87760,market_research_2026-04-04_22-23-04_live_round,c6abe590858247adbb3a88511acd7fc6,2026-04-05T03:32:21.963761+00:00,1775359941963761000,175652296439541,1275,,,ETF,3180,40,3182.5,-5.0,119.122188041,
87765,market_research_2026-04-04_22-23-04_live_round,c6abe590858247adbb3a88511acd7fc6,2026-04-05T03:32:22.002962+00:00,1775359942002962000,175652335640291,1275,,,ETF,3180,60,3182.0,-4.0,119.161388791,
87827,market_research_2026-04-04_22-23-04_live_round,c6abe590858247adbb3a88511acd7fc6,2026-04-05T03:32:22.630063+00:00,1775359942630063000,175652962742291,1275,,,ETF,3183,40,3182.0,-2.0,119.788490791,
87832,market_research_2026-04-04_22-23-04_live_round,c6abe590858247adbb3a88511acd7fc6,2026-04-05T03:32:22.666882+00:00,1775359942666882000,175652999561208,1275,,,ETF,3183,40,3182.5,-1.0,119.825309708,
87833,market_research_2026-04-04_22-23-04_live_round,c6abe590858247adbb3a88511acd7fc6,2026-04-05T03:32:22.667002+00:00,1775359942667002000,175652999681750,1275,,,ETF,3182,20,3182.5,-1.0,119.82543025,
88023,market_research_2026-04-04_22-23-04_live_round,c6abe590858247adbb3a88511acd7fc6,2026-04-05T03:32:25.385596+00:00,1775359945385596000,175655718280916,1275,,,ETF,3185,40,3188.0,-6.0,122.544029416,
88030,market_research_2026-04-04_22-23-04_live_round,c6abe590858247adbb3a88511acd7fc6,2026-04-05T03:32:25.516763+00:00,1775359945516763000,175655849448583,1275,,,ETF,3186,60,3188.0,-4.0,122.675197083,
88039,market_research_2026-04-04_22-23-04_live_round,c6abe590858247adbb3a88511acd7fc6,2026-04-05T03:32:25.656779+00:00,1775359945656779000,175655989464583,1275,,,ETF,3187,80,3188.0,-2.0,122.815213083,
88044,market_research_2026-04-04_22-23-04_live_round,c6abe590858247adbb3a88511acd7fc6,2026-04-05T03:32:25.708245+00:00,1775359945708245000,175656040930791,1275,,,ETF,3188,100,3188.0,0.0,122.866679291,
88376,market_research_2026-04-04_22-23-04_live_round,c6abe590858247adbb3a88511acd7fc6,2026-04-05T03:32:29.845384+00:00,1775359949845384000,175660178078958,1275,,,ETF,3175,40,3182.0,-14.0,127.003827458,
88377,market_research_2026-04-04_22-23-04_live_round,c6abe590858247adbb3a88511acd7fc6,2026-04-05T03:32:29.845515+00:00,1775359949845515000,175660178209750,1275,,,ETF,3176,60,3182.0,-14.0,127.00395825,
88378,market_research_2026-04-04_22-23-04_live_round,c6abe590858247adbb3a88511acd7fc6,2026-04-05T03:32:29.845617+00:00,1775359949845617000,175660178311916,1275,,,ETF,3177,80,3182.0,-14.0,127.004060416,
88379,market_research_2026-04-04_22-23-04_live_round,c6abe590858247adbb3a88511acd7fc6,2026-04-05T03:32:29.845714+00:00,1775359949845714000,175660178408708,1275,,,ETF,3178,20,3182.0,-14.0,127.004157208,
88418,market_research_2026-04-04_22-23-04_live_round,c6abe590858247adbb3a88511acd7fc6,2026-04-05T03:32:30.161356+00:00,1775359950161356000,175660494050875,1275,,,ETF,3178,40,3179.5,-3.0,127.319799375,
88423,market_research_2026-04-04_22-23-04_live_round,c6abe590858247adbb3a88511acd7fc6,2026-04-05T03:32:30.196355+00:00,1775359950196355000,175660529050791,1275,,,ETF,3178,40,3179.0,-2.0,127.354799291,
88613,market_research_2026-04-04_22-23-04_live_round,c6abe590858247adbb3a88511acd7fc6,2026-04-05T03:32:31.953453+00:00,1775359951953453000,175662286151458,1275,,,ETF,3176,40,3176.0,0.0,129.111899958,
88868,market_research_2026-04-04_22-23-04_live_round,c6abe590858247adbb3a88511acd7fc6,2026-04-05T03:32:34.626961+00:00,1775359954626961000,175664959665750,1275,,,ETF,3179,40,3180.5,-3.0,131.78541425,
88874,market_research_2026-04-04_22-23-04_live_round,c6abe590858247adbb3a88511acd7fc6,2026-04-05T03:32:34.684573+00:00,1775359954684573000,175665017277416,1275,,,ETF,3180,60,3180.5,-1.0,131.843025916,
88940,market_research_2026-04-04_22-23-04_live_round,c6abe590858247adbb3a88511acd7fc6,2026-04-05T03:32:35.511957+00:00,1775359955511957000,175665844663458,1275,,,ETF,3180,40,3178.0,-4.0,132.670411958,
88945,market_research_2026-04-04_22-23-04_live_round,c6abe590858247adbb3a88511acd7fc6,2026-04-05T03:32:35.560139+00:00,1775359955560139000,175665892845250,1275,,,ETF,3180,40,3178.5,-3.0,132.71859375,
88946,market_research_2026-04-04_22-23-04_live_round,c6abe590858247adbb3a88511acd7fc6,2026-04-05T03:32:35.560260+00:00,1775359955560260000,175665892966958,1275,,,ETF,3179,20,3178.5,-3.0,132.718715458,
88952,market_research_2026-04-04_22-23-04_live_round,c6abe590858247adbb3a88511acd7fc6,2026-04-05T03:32:35.618845+00:00,1775359955618845000,175665951551708,1275,,,ETF,3179,80,3178.5,-1.0,132.777300208,
89133,market_research_2026-04-04_22-23-04_live_round,c6abe590858247adbb3a88511acd7fc6,2026-04-05T03:32:38.672478+00:00,1775359958672478000,175669005190833,1275,,,ETF,3171,40,3170.5,-1.0,135.830939333,
89138,market_research_2026-04-04_22-23-04_live_round,c6abe590858247adbb3a88511acd7fc6,2026-04-05T03:32:38.729175+00:00,1775359958729175000,175669061887458,1275,,,ETF,3171,60,3171.0,0.0,135.887635958,
89203,market_research_2026-04-04_22-23-04_live_round,c6abe590858247adbb3a88511acd7fc6,2026-04-05T03:32:39.560433+00:00,1775359959560433000,175669893147583,1275,,,ETF,3166,40,3165.0,-2.0,136.718896083,
89209,market_research_2026-04-04_22-23-04_live_round,c6abe590858247adbb3a88511acd7fc6,2026-04-05T03:32:39.624781+00:00,1775359959624781000,175669957495500,1275,,,ETF,3166,60,3165.5,-1.0,136.783244,
89330,market_research_2026-04-04_22-23-04_live_round,c6abe590858247adbb3a88511acd7fc6,2026-04-05T03:32:41.013721+00:00,1775359961013721000,175671346438875,1275,,,ETF,3166,40,3166.0,0.0,138.172187375,
89397,market_research_2026-04-04_22-23-04_live_round,c6abe590858247adbb3a88511acd7fc6,2026-04-05T03:32:41.745234+00:00,1775359961745234000,175672077953291,1275,,,ETF,3169,40,3169.0,0.0,138.903701791,
89590,market_research_2026-04-04_22-23-04_live_round,c6abe590858247adbb3a88511acd7fc6,2026-04-05T03:32:44.069947+00:00,1775359964069947000,175674402671166,1275,,,ETF,3168,40,3164.0,-8.0,141.228419666,
89596,market_research_2026-04-04_22-23-04_live_round,c6abe590858247adbb3a88511acd7fc6,2026-04-05T03:32:44.135183+00:00,1775359964135183000,175674467907416,1275,,,ETF,3168,60,3164.5,-7.0,141.293655916,
89602,market_research_2026-04-04_22-23-04_live_round,c6abe590858247adbb3a88511acd7fc6,2026-04-05T03:32:44.197827+00:00,1775359964197827000,175674530551250,1275,,,ETF,3166,40,3164.0,-4.0,141.35629975,
89603,market_research_2026-04-04_22-23-04_live_round,c6abe590858247adbb3a88511acd7fc6,2026-04-05T03:32:44.201352+00:00,1775359964201352000,175674534075958,1275,,,ETF,3165,40,3164.0,-4.0,141.359824458,
89609,market_research_2026-04-04_22-23-04_live_round,c6abe590858247adbb3a88511acd7fc6,2026-04-05T03:32:44.262164+00:00,1775359964262164000,175674594887916,1275,,,ETF,3165,20,3164.0,-2.0,141.420636416,
89610,market_research_2026-04-04_22-23-04_live_round,c6abe590858247adbb3a88511acd7fc6,2026-04-05T03:32:44.262321+00:00,1775359964262321000,175674595045500,1275,,,ETF,3164,80,3164.0,-2.0,141.420794,
89730,market_research_2026-04-04_22-23-04_live_round,c6abe590858247adbb3a88511acd7fc6,2026-04-05T03:32:45.915939+00:00,1775359965915939000,175676248666875,1275,,,ETF,3161,40,3161.0,0.0,143.074415375,
89797,market_research_2026-04-04_22-23-04_live_round,c6abe590858247adbb3a88511acd7fc6,2026-04-05T03:32:46.762291+00:00,1775359966762291000,175677095020500,1275,,,ETF,3162,40,3162.0,0.0,143.920769,
89863,market_research_2026-04-04_22-23-04_live_round,c6abe590858247adbb3a88511acd7fc6,2026-04-05T03:32:47.666107+00:00,1775359967666107000,175677998838583,1275,,,ETF,3164,40,3164.5,-1.0,144.824587083,
89870,market_research_2026-04-04_22-23-04_live_round,c6abe590858247adbb3a88511acd7fc6,2026-04-05T03:32:47.758195+00:00,1775359967758195000,175678090926666,1275,,,ETF,3164,60,3164.0,0.0,144.916675166,
89932,market_research_2026-04-04_22-23-04_live_round,c6abe590858247adbb3a88511acd7fc6,2026-04-05T03:32:48.554541+00:00,1775359968554541000,175678887273958,1275,,,ETF,3171,40,3173.0,-4.0,145.713022458,
89938,market_research_2026-04-04_22-23-04_live_round,c6abe590858247adbb3a88511acd7fc6,2026-04-05T03:32:48.609663+00:00,1775359968609663000,175678942396541,1275,,,ETF,3171,60,3172.5,-3.0,145.768145041,
89945,market_research_2026-04-04_22-23-04_live_round,c6abe590858247adbb3a88511acd7fc6,2026-04-05T03:32:48.682207+00:00,1775359968682207000,175679014940541,1275,,,ETF,3171,40,3172.0,-2.0,145.840689041,
89946,market_research_2026-04-04_22-23-04_live_round,c6abe590858247adbb3a88511acd7fc6,2026-04-05T03:32:48.685605+00:00,1775359968685605000,175679018338541,1275,,,ETF,3172,40,3172.0,-2.0,145.844087041,
89952,market_research_2026-04-04_22-23-04_live_round,c6abe590858247adbb3a88511acd7fc6,2026-04-05T03:32:48.763959+00:00,1775359968763959000,175679096692291,1275,,,ETF,3172,20,3172.0,0.0,145.922440791,
90004,market_research_2026-04-04_22-23-04_live_round,c6abe590858247adbb3a88511acd7fc6,2026-04-05T03:32:49.424470+00:00,1775359969424470000,175679757204750,1275,,,ETF,3174,40,3176.5,-5.0,146.58295325,
90016,market_research_2026-04-04_22-23-04_live_round,c6abe590858247adbb3a88511acd7fc6,2026-04-05T03:32:49.556836+00:00,1775359969556836000,175679889571166,1275,,,ETF,3174,60,3176.0,-4.0,146.715319666,
90201,market_research_2026-04-04_22-23-04_live_round,c6abe590858247adbb3a88511acd7fc6,2026-04-05T03:32:51.829010+00:00,1775359971829010000,175682161750500,1275,,,ETF,3187,40,3188.5,-3.0,148.987499,
90206,market_research_2026-04-04_22-23-04_live_round,c6abe590858247adbb3a88511acd7fc6,2026-04-05T03:32:51.877902+00:00,1775359971877902000,175682210641875,1275,,,ETF,3187,60,3188.0,-2.0,149.036390375,
90214,market_research_2026-04-04_22-23-04_live_round,c6abe590858247adbb3a88511acd7fc6,2026-04-05T03:32:51.957555+00:00,1775359971957555000,175682290295083,1275,,,ETF,3188,40,3188.0,0.0,149.116043583,
90350,market_research_2026-04-04_22-23-04_live_round,c6abe590858247adbb3a88511acd7fc6,2026-04-05T03:32:53.559780+00:00,1775359973559780000,175683892523791,1275,,,ETF,3187,40,3183.0,-8.0,150.718272291,
90355,market_research_2026-04-04_22-23-04_live_round,c6abe590858247adbb3a88511acd7fc6,2026-04-05T03:32:53.599949+00:00,1775359973599949000,175683932692750,1275,,,ETF,3187,60,3183.5,-7.0,150.75844125,
90360,market_research_2026-04-04_22-23-04_live_round,c6abe590858247adbb3a88511acd7fc6,2026-04-05T03:32:53.647454+00:00,1775359973647454000,175683980198000,1275,,,ETF,3185,40,3183.0,-4.0,150.8059465,
90361,market_research_2026-04-04_22-23-04_live_round,c6abe590858247adbb3a88511acd7fc6,2026-04-05T03:32:53.647588+00:00,1775359973647588000,175683980332666,1275,,,ETF,3184,40,3183.0,-4.0,150.806081166,
90367,market_research_2026-04-04_22-23-04_live_round,c6abe590858247adbb3a88511acd7fc6,2026-04-05T03:32:53.693879+00:00,1775359973693879000,175684026623458,1275,,,ETF,3184,20,3183.0,-2.0,150.852371958,
90368,market_research_2026-04-04_22-23-04_live_round,c6abe590858247adbb3a88511acd7fc6,2026-04-05T03:32:53.694007+00:00,1775359973694007000,175684026751458,1275,,,ETF,3183,80,3183.0,-2.0,150.852499958,
90426,market_research_2026-04-04_22-23-04_live_round,c6abe590858247adbb3a88511acd7fc6,2026-04-05T03:32:54.403224+00:00,1775359974403224000,175684735969583,1275,,,ETF,3182,40,3181.5,-1.0,151.561718083,
90431,market_research_2026-04-04_22-23-04_live_round,c6abe590858247adbb3a88511acd7fc6,2026-04-05T03:32:54.445788+00:00,1775359974445788000,175684778534208,1275,,,ETF,3182,60,3182.0,0.0,151.604282708,
90568,market_research_2026-04-04_22-23-04_live_round,c6abe590858247adbb3a88511acd7fc6,2026-04-05T03:32:56.186557+00:00,1775359976186557000,175686519306000,1275,,,ETF,3174,40,3175.0,-2.0,153.3450545,
90569,market_research_2026-04-04_22-23-04_live_round,c6abe590858247adbb3a88511acd7fc6,2026-04-05T03:32:56.186693+00:00,1775359976186693000,175686519443041,1275,,,ETF,3175,60,3175.0,-2.0,153.345191541,
90570,market_research_2026-04-04_22-23-04_live_round,c6abe590858247adbb3a88511acd7fc6,2026-04-05T03:32:56.186796+00:00,1775359976186796000,175686519545666,1275,,,ETF,3176,80,3175.0,-2.0,153.345294166,
90687,market_research_2026-04-04_22-23-04_live_round,c6abe590858247adbb3a88511acd7fc6,2026-04-05T03:32:57.696307+00:00,1775359977696307000,175688029059166,1275,,,ETF,3168,40,3166.5,-3.0,154.854807666,
90692,market_research_2026-04-04_22-23-04_live_round,c6abe590858247adbb3a88511acd7fc6,2026-04-05T03:32:57.760493+00:00,1775359977760493000,175688093245416,1275,,,ETF,3167,60,3166.5,-1.0,154.918993916,
90755,market_research_2026-04-04_22-23-04_live_round,c6abe590858247adbb3a88511acd7fc6,2026-04-05T03:32:58.450790+00:00,1775359978450790000,175688783543708,1275,,,ETF,3165,40,3160.5,-9.0,155.609292208,
90760,market_research_2026-04-04_22-23-04_live_round,c6abe590858247adbb3a88511acd7fc6,2026-04-05T03:32:58.493556+00:00,1775359978493556000,175688826309791,1275,,,ETF,3165,60,3161.0,-8.0,155.652058291,
90765,market_research_2026-04-04_22-23-04_live_round,c6abe590858247adbb3a88511acd7fc6,2026-04-05T03:32:58.530635+00:00,1775359978530635000,175688863389333,1275,,,ETF,3159,40,3158.5,-1.0,155.689137833,
90766,market_research_2026-04-04_22-23-04_live_round,c6abe590858247adbb3a88511acd7fc6,2026-04-05T03:32:58.530770+00:00,1775359978530770000,175688863524125,1275,,,ETF,3158,40,3158.5,-1.0,155.689272625,
90826,market_research_2026-04-04_22-23-04_live_round,c6abe590858247adbb3a88511acd7fc6,2026-04-05T03:32:59.254784+00:00,1775359979254784000,175689587539291,1275,,,ETF,3156,40,3153.0,-6.0,156.413287791,
90831,market_research_2026-04-04_22-23-04_live_round,c6abe590858247adbb3a88511acd7fc6,2026-04-05T03:32:59.304373+00:00,1775359979304373000,175689637128333,1275,,,ETF,3156,60,3153.5,-5.0,156.462876833,
90953,market_research_2026-04-04_22-23-04_live_round,c6abe590858247adbb3a88511acd7fc6,2026-04-05T03:33:00.821987+00:00,1775359980821987000,175691154745625,1275,,,ETF,3153,40,3154.5,-3.0,157.980494125,
90958,market_research_2026-04-04_22-23-04_live_round,c6abe590858247adbb3a88511acd7fc6,2026-04-05T03:33:00.860141+00:00,1775359980860141000,175691192900375,1275,,,ETF,3153,60,3154.0,-2.0,158.018648875,
90963,market_research_2026-04-04_22-23-04_live_round,c6abe590858247adbb3a88511acd7fc6,2026-04-05T03:33:00.901075+00:00,1775359980901075000,175691233834375,1275,,,ETF,3154,40,3154.0,0.0,158.059582875,
91024,market_research_2026-04-04_22-23-04_live_round,c6abe590858247adbb3a88511acd7fc6,2026-04-05T03:33:01.649051+00:00,1775359981649051000,175691981811750,1275,,,ETF,3157,40,3164.0,-14.0,158.80756025,
91029,market_research_2026-04-04_22-23-04_live_round,c6abe590858247adbb3a88511acd7fc6,2026-04-05T03:33:01.697373+00:00,1775359981697373000,175692030133333,1275,,,ETF,3157,60,3163.5,-13.0,158.855881833,
91034,market_research_2026-04-04_22-23-04_live_round,c6abe590858247adbb3a88511acd7fc6,2026-04-05T03:33:01.734268+00:00,1775359981734268000,175692067029041,1275,,,ETF,3162,40,3165.5,-7.0,158.892777541,
91035,market_research_2026-04-04_22-23-04_live_round,c6abe590858247adbb3a88511acd7fc6,2026-04-05T03:33:01.734403+00:00,1775359981734403000,175692067164041,1275,,,ETF,3163,40,3165.5,-7.0,158.892912541,
91041,market_research_2026-04-04_22-23-04_live_round,c6abe590858247adbb3a88511acd7fc6,2026-04-05T03:33:01.777351+00:00,1775359981777351000,175692110112333,1275,,,ETF,3163,20,3165.5,-5.0,158.935860833,
91042,market_research_2026-04-04_22-23-04_live_round,c6abe590858247adbb3a88511acd7fc6,2026-04-05T03:33:01.777490+00:00,1775359981777490000,175692110251583,1275,,,ETF,3164,80,3165.5,-5.0,158.936000083,
91098,market_research_2026-04-04_22-23-04_live_round,c6abe590858247adbb3a88511acd7fc6,2026-04-05T03:33:02.489610+00:00,1775359982489610000,175692822372708,1275,,,ETF,3165,40,3168.0,-6.0,159.648121208,
91103,market_research_2026-04-04_22-23-04_live_round,c6abe590858247adbb3a88511acd7fc6,2026-04-05T03:33:02.544484+00:00,1775359982544484000,175692877247166,1275,,,ETF,3165,60,3167.5,-5.0,159.702995666,
91353,market_research_2026-04-04_22-23-04_live_round,c6abe590858247adbb3a88511acd7fc6,2026-04-05T03:33:05.661904+00:00,1775359985661904000,175695994673208,1275,,,ETF,3178,40,3179.5,-3.0,162.820421708,
91358,market_research_2026-04-04_22-23-04_live_round,c6abe590858247adbb3a88511acd7fc6,2026-04-05T03:33:05.710107+00:00,1775359985710107000,175696042875541,1275,,,ETF,3179,60,3179.5,-1.0,162.868624041,
91484,market_research_2026-04-04_22-23-04_live_round,c6abe590858247adbb3a88511acd7fc6,2026-04-05T03:33:07.303496+00:00,1775359987303496000,175697636267916,1400,,,ETF,3178,40,3176.5,-3.0,164.462016416,
91489,market_research_2026-04-04_22-23-04_live_round,c6abe590858247adbb3a88511acd7fc6,2026-04-05T03:33:07.348988+00:00,1775359987348988000,175697681760375,1400,,,ETF,3178,60,3177.0,-2.0,164.507508875,
91494,market_research_2026-04-04_22-23-04_live_round,c6abe590858247adbb3a88511acd7fc6,2026-04-05T03:33:07.397487+00:00,1775359987397487000,175697730259250,1400,,,ETF,3177,40,3177.0,0.0,164.55600775,
91557,market_research_2026-04-04_22-23-04_live_round,c6abe590858247adbb3a88511acd7fc6,2026-04-05T03:33:08.139560+00:00,1775359988139560000,175698472334000,1400,,,ETF,3174,40,3171.0,-6.0,165.2980825,
91562,market_research_2026-04-04_22-23-04_live_round,c6abe590858247adbb3a88511acd7fc6,2026-04-05T03:33:08.185986+00:00,1775359988185986000,175698518760416,1400,,,ETF,3174,60,3171.5,-5.0,165.344508916,
91624,market_research_2026-04-04_22-23-04_live_round,c6abe590858247adbb3a88511acd7fc6,2026-04-05T03:33:08.939616+00:00,1775359988939616000,175699272391458,1400,,,ETF,3166,40,3165.5,-1.0,166.098139958,
91629,market_research_2026-04-04_22-23-04_live_round,c6abe590858247adbb3a88511acd7fc6,2026-04-05T03:33:08.979007+00:00,1775359988979007000,175699311783000,1400,,,ETF,3166,60,3166.0,0.0,166.1375315,
91690,market_research_2026-04-04_22-23-04_live_round,c6abe590858247adbb3a88511acd7fc6,2026-04-05T03:33:09.703842+00:00,1775359989703842000,175700036619458,1400,,,ETF,3167,40,3168.0,-2.0,166.862367958,
91695,market_research_2026-04-04_22-23-04_live_round,c6abe590858247adbb3a88511acd7fc6,2026-04-05T03:33:09.753344+00:00,1775359989753344000,175700086121625,1400,,,ETF,3167,40,3167.5,-1.0,166.911870125,
91696,market_research_2026-04-04_22-23-04_live_round,c6abe590858247adbb3a88511acd7fc6,2026-04-05T03:33:09.753489+00:00,1775359989753489000,175700086266583,1400,,,ETF,3168,20,3167.5,-1.0,166.912015083,
91821,market_research_2026-04-04_22-23-04_live_round,c6abe590858247adbb3a88511acd7fc6,2026-04-05T03:33:11.318428+00:00,1775359991318428000,175701651208666,1400,,,ETF,3169,40,3169.5,-1.0,168.476957166,
91887,market_research_2026-04-04_22-23-04_live_round,c6abe590858247adbb3a88511acd7fc6,2026-04-05T03:33:12.112387+00:00,1775359992112387000,175702445169291,1400,,,ETF,3172,40,3173.0,-2.0,169.270917791,
91892,market_research_2026-04-04_22-23-04_live_round,c6abe590858247adbb3a88511acd7fc6,2026-04-05T03:33:12.177051+00:00,1775359992177051000,175702509832708,1400,,,ETF,3172,60,3172.5,-1.0,169.335581208,
92018,market_research_2026-04-04_22-23-04_live_round,c6abe590858247adbb3a88511acd7fc6,2026-04-05T03:33:13.759574+00:00,1775359993759574000,175704092359166,1400,,,ETF,3171,40,3169.0,-4.0,170.918107666,
92023,market_research_2026-04-04_22-23-04_live_round,c6abe590858247adbb3a88511acd7fc6,2026-04-05T03:33:13.801805+00:00,1775359993801805000,175704134591166,1400,,,ETF,3171,60,3169.5,-3.0,170.960339666,
92087,market_research_2026-04-04_22-23-04_live_round,c6abe590858247adbb3a88511acd7fc6,2026-04-05T03:33:14.598592+00:00,1775359994598592000,175704931379333,1400,,,ETF,3164,40,3158.0,-12.0,171.757127833,
92092,market_research_2026-04-04_22-23-04_live_round,c6abe590858247adbb3a88511acd7fc6,2026-04-05T03:33:14.655506+00:00,1775359994655506000,175704988293625,1400,,,ETF,3164,60,3158.5,-11.0,171.814042125,
92097,market_research_2026-04-04_22-23-04_live_round,c6abe590858247adbb3a88511acd7fc6,2026-04-05T03:33:14.718591+00:00,1775359994718591000,175705051378916,1400,,,ETF,3161,40,3157.5,-7.0,171.877127416,
92098,market_research_2026-04-04_22-23-04_live_round,c6abe590858247adbb3a88511acd7fc6,2026-04-05T03:33:14.722094+00:00,1775359994722094000,175705054882083,1400,,,ETF,3160,40,3157.5,-7.0,171.880630583,
92104,market_research_2026-04-04_22-23-04_live_round,c6abe590858247adbb3a88511acd7fc6,2026-04-05T03:33:14.770468+00:00,1775359994770468000,175705103256000,1400,,,ETF,3160,20,3157.5,-5.0,171.9290045,
92105,market_research_2026-04-04_22-23-04_live_round,c6abe590858247adbb3a88511acd7fc6,2026-04-05T03:33:14.770587+00:00,1775359994770587000,175705103375458,1400,,,ETF,3159,80,3157.5,-5.0,171.929123958,
92284,market_research_2026-04-04_22-23-04_live_round,c6abe590858247adbb3a88511acd7fc6,2026-04-05T03:33:16.940646+00:00,1775359996940646000,175707273438375,1400,,,ETF,3164,40,3165.0,-2.0,174.099186875,
92289,market_research_2026-04-04_22-23-04_live_round,c6abe590858247adbb3a88511acd7fc6,2026-04-05T03:33:16.988717+00:00,1775359996988717000,175707321509208,1400,,,ETF,3164,60,3164.5,-1.0,174.147257708,
92294,market_research_2026-04-04_22-23-04_live_round,c6abe590858247adbb3a88511acd7fc6,2026-04-05T03:33:17.037707+00:00,1775359997037707000,175707370499500,1400,,,ETF,3164,40,3164.0,0.0,174.196248,
92481,market_research_2026-04-04_22-23-04_live_round,c6abe590858247adbb3a88511acd7fc6,2026-04-05T03:33:19.398073+00:00,1775359999398073000,175709730870708,1400,,,ETF,3167,40,3168.0,-2.0,176.556619208,
92486,market_research_2026-04-04_22-23-04_live_round,c6abe590858247adbb3a88511acd7fc6,2026-04-05T03:33:19.442020+00:00,1775359999442020000,175709774817333,1400,,,ETF,3168,60,3168.0,0.0,176.600565833,
92550,market_research_2026-04-04_22-23-04_live_round,c6abe590858247adbb3a88511acd7fc6,2026-04-05T03:33:20.235245+00:00,1775360000235245000,175710568044375,1400,,,ETF,3170,40,3172.5,-5.0,177.393792875,
92555,market_research_2026-04-04_22-23-04_live_round,c6abe590858247adbb3a88511acd7fc6,2026-04-05T03:33:20.300073+00:00,1775360000300073000,175710632871333,1400,,,ETF,3170,60,3172.0,-4.0,177.458619833,
92857,market_research_2026-04-04_22-23-04_live_round,c6abe590858247adbb3a88511acd7fc6,2026-04-05T03:33:24.015004+00:00,1775360004015004000,175714347810916,1400,,,ETF,3174,40,3172.0,-4.0,181.173559416,
92867,market_research_2026-04-04_22-23-04_live_round,c6abe590858247adbb3a88511acd7fc6,2026-04-05T03:33:24.175917+00:00,1775360004175917000,175714508724250,1400,,,ETF,3173,60,3172.0,-2.0,181.33447275,
92877,market_research_2026-04-04_22-23-04_live_round,c6abe590858247adbb3a88511acd7fc6,2026-04-05T03:33:24.329606+00:00,1775360004329606000,175714662414083,1400,,,ETF,3172,80,3172.0,0.0,181.488162583,
92942,market_research_2026-04-04_22-23-04_live_round,c6abe590858247adbb3a88511acd7fc6,2026-04-05T03:33:25.135785+00:00,1775360005135785000,175715468594041,1400,,,ETF,3171,40,3165.0,-12.0,182.294342541,
92947,market_research_2026-04-04_22-23-04_live_round,c6abe590858247adbb3a88511acd7fc6,2026-04-05T03:33:25.173979+00:00,1775360005173979000,175715506788291,1400,,,ETF,3171,60,3165.5,-11.0,182.332536791,
92952,market_research_2026-04-04_22-23-04_live_round,c6abe590858247adbb3a88511acd7fc6,2026-04-05T03:33:25.219334+00:00,1775360005219334000,175715552143250,1400,,,ETF,3164,40,3162.5,-3.0,182.37789175,
92953,market_research_2026-04-04_22-23-04_live_round,c6abe590858247adbb3a88511acd7fc6,2026-04-05T03:33:25.219465+00:00,1775360005219465000,175715552275166,1400,,,ETF,3163,40,3162.5,-3.0,182.378023666,
92959,market_research_2026-04-04_22-23-04_live_round,c6abe590858247adbb3a88511acd7fc6,2026-04-05T03:33:25.266720+00:00,1775360005266720000,175715599529666,1400,,,ETF,3163,20,3162.5,-1.0,182.425278166,
92960,market_research_2026-04-04_22-23-04_live_round,c6abe590858247adbb3a88511acd7fc6,2026-04-05T03:33:25.266891+00:00,1775360005266891000,175715599701250,1400,,,ETF,3162,80,3162.5,-1.0,182.42544975,
93076,market_research_2026-04-04_22-23-04_live_round,c6abe590858247adbb3a88511acd7fc6,2026-04-05T03:33:26.684036+00:00,1775360006684036000,175717016848500,1400,,,ETF,3171,40,3167.0,-8.0,183.842597,
93081,market_research_2026-04-04_22-23-04_live_round,c6abe590858247adbb3a88511acd7fc6,2026-04-05T03:33:26.743121+00:00,1775360006743121000,175717075933208,1400,,,ETF,3170,60,3167.0,-6.0,183.901681708,
93086,market_research_2026-04-04_22-23-04_live_round,c6abe590858247adbb3a88511acd7fc6,2026-04-05T03:33:26.787589+00:00,1775360006787589000,175717120402083,1400,,,ETF,3169,80,3167.0,-4.0,183.946150583,
93091,market_research_2026-04-04_22-23-04_live_round,c6abe590858247adbb3a88511acd7fc6,2026-04-05T03:33:26.830107+00:00,1775360006830107000,175717162919708,1400,,,ETF,3168,100,3167.0,-2.0,183.988668208,
93335,market_research_2026-04-04_22-23-04_live_round,c6abe590858247adbb3a88511acd7fc6,2026-04-05T03:33:29.772278+00:00,1775360009772278000,175720105096500,1400,,,ETF,3166,40,3164.5,-3.0,186.930845,
93340,market_research_2026-04-04_22-23-04_live_round,c6abe590858247adbb3a88511acd7fc6,2026-04-05T03:33:29.819383+00:00,1775360009819383000,175720152201708,1400,,,ETF,3165,60,3164.5,-1.0,186.977950208,
93345,market_research_2026-04-04_22-23-04_live_round,c6abe590858247adbb3a88511acd7fc6,2026-04-05T03:33:29.872454+00:00,1775360009872454000,175720205273083,1400,,,ETF,3165,80,3165.0,0.0,187.031021583,
93405,market_research_2026-04-04_22-23-04_live_round,c6abe590858247adbb3a88511acd7fc6,2026-04-05T03:33:30.685390+00:00,1775360010685390000,175721018210250,1400,,,ETF,3166,40,3167.0,-2.0,187.84395875,
93410,market_research_2026-04-04_22-23-04_live_round,c6abe590858247adbb3a88511acd7fc6,2026-04-05T03:33:30.749519+00:00,1775360010749519000,175721082339833,1400,,,ETF,3166,60,3166.5,-1.0,187.908088333,
93598,market_research_2026-04-04_22-23-04_live_round,c6abe590858247adbb3a88511acd7fc6,2026-04-05T03:33:33.109328+00:00,1775360013109328000,175723442153500,1400,,,ETF,3169,40,3167.0,-4.0,190.267902,
93603,market_research_2026-04-04_22-23-04_live_round,c6abe590858247adbb3a88511acd7fc6,2026-04-05T03:33:33.157871+00:00,1775360013157871000,175723490697041,1400,,,ETF,3168,60,3167.0,-2.0,190.316445541,
93608,market_research_2026-04-04_22-23-04_live_round,c6abe590858247adbb3a88511acd7fc6,2026-04-05T03:33:33.216240+00:00,1775360013216240000,175723549066041,1400,,,ETF,3167,80,3167.0,0.0,190.374814541,
93667,market_research_2026-04-04_22-23-04_live_round,c6abe590858247adbb3a88511acd7fc6,2026-04-05T03:33:33.857112+00:00,1775360013857112000,175724189939416,1400,,,ETF,3168,40,3171.0,-6.0,191.015687916,
93672,market_research_2026-04-04_22-23-04_live_round,c6abe590858247adbb3a88511acd7fc6,2026-04-05T03:33:33.911594+00:00,1775360013911594000,175724244421583,1400,,,ETF,3168,60,3170.5,-5.0,191.070170083,
93734,market_research_2026-04-04_22-23-04_live_round,c6abe590858247adbb3a88511acd7fc6,2026-04-05T03:33:34.668763+00:00,1775360014668763000,175725001592666,1400,,,ETF,3180,40,3181.0,-2.0,191.827341166,
93739,market_research_2026-04-04_22-23-04_live_round,c6abe590858247adbb3a88511acd7fc6,2026-04-05T03:33:34.707437+00:00,1775360014707437000,175725040266250,1400,,,ETF,3181,60,3181.0,0.0,191.86601475,
93799,market_research_2026-04-04_22-23-04_live_round,c6abe590858247adbb3a88511acd7fc6,2026-04-05T03:33:35.423659+00:00,1775360015423659000,175725756489541,1400,,,ETF,3183,40,3184.0,-2.0,192.582238041,
93804,market_research_2026-04-04_22-23-04_live_round,c6abe590858247adbb3a88511acd7fc6,2026-04-05T03:33:35.483420+00:00,1775360015483420000,175725816250500,1400,,,ETF,3183,60,3183.5,-1.0,192.641999,
93999,market_research_2026-04-04_22-23-04_live_round,c6abe590858247adbb3a88511acd7fc6,2026-04-05T03:33:38.026268+00:00,1775360018026268000,175728359103625,1400,,,ETF,3184,40,3183.5,-1.0,195.184852125,
94064,market_research_2026-04-04_22-23-04_live_round,c6abe590858247adbb3a88511acd7fc6,2026-04-05T03:33:38.857124+00:00,1775360018857124000,175729189962083,1400,,,ETF,3184,40,3187.0,-6.0,196.015710583,
94069,market_research_2026-04-04_22-23-04_live_round,c6abe590858247adbb3a88511acd7fc6,2026-04-05T03:33:38.900883+00:00,1775360018900883000,175729233721291,1400,,,ETF,3184,20,3186.5,-5.0,196.059469791,
94070,market_research_2026-04-04_22-23-04_live_round,c6abe590858247adbb3a88511acd7fc6,2026-04-05T03:33:38.901022+00:00,1775360018901022000,175729233860500,1400,,,ETF,3185,40,3186.5,-5.0,196.059609,
94076,market_research_2026-04-04_22-23-04_live_round,c6abe590858247adbb3a88511acd7fc6,2026-04-05T03:33:38.946396+00:00,1775360018946396000,175729279234541,1400,,,ETF,3185,40,3186.5,-3.0,196.104983041,
94077,market_research_2026-04-04_22-23-04_live_round,c6abe590858247adbb3a88511acd7fc6,2026-04-05T03:33:38.946526+00:00,1775360018946526000,175729279364750,1400,,,ETF,3186,40,3186.5,-3.0,196.10511325,
94083,market_research_2026-04-04_22-23-04_live_round,c6abe590858247adbb3a88511acd7fc6,2026-04-05T03:33:39.027377+00:00,1775360019027377000,175729360214708,1400,,,ETF,3186,60,3186.5,-1.0,196.185963208,
94266,market_research_2026-04-04_22-23-04_live_round,c6abe590858247adbb3a88511acd7fc6,2026-04-05T03:33:41.137357+00:00,1775360021137357000,175731470199333,1400,,,ETF,3187,40,3187.0,0.0,198.295947833,
94522,market_research_2026-04-04_22-23-04_live_round,c6abe590858247adbb3a88511acd7fc6,2026-04-05T03:33:44.364638+00:00,1775360024364638000,175734697487541,1400,,,ETF,3192,40,3194.0,-4.0,201.523236041,
94527,market_research_2026-04-04_22-23-04_live_round,c6abe590858247adbb3a88511acd7fc6,2026-04-05T03:33:44.433601+00:00,1775360024433601000,175734766450416,1400,,,ETF,3193,60,3194.0,-2.0,201.592198916,
94532,market_research_2026-04-04_22-23-04_live_round,c6abe590858247adbb3a88511acd7fc6,2026-04-05T03:33:44.487407+00:00,1775360024487407000,175734820256916,1400,,,ETF,3194,80,3194.0,0.0,201.646005416,
94600,market_research_2026-04-04_22-23-04_live_round,c6abe590858247adbb3a88511acd7fc6,2026-04-05T03:33:45.282880+00:00,1775360025282880000,175735615731541,1400,,,ETF,3195,40,3195.0,0.0,202.441480041,
94798,market_research_2026-04-04_22-23-04_live_round,c6abe590858247adbb3a88511acd7fc6,2026-04-05T03:33:49.192445+00:00,1775360029192445000,175739525304458,1450,,,ETF,3189,40,3184.5,-9.0,206.351052958,
94803,market_research_2026-04-04_22-23-04_live_round,c6abe590858247adbb3a88511acd7fc6,2026-04-05T03:33:49.256050+00:00,1775360029256050000,175739588909250,1450,,,ETF,3189,60,3185.0,-8.0,206.41465775,
94808,market_research_2026-04-04_22-23-04_live_round,c6abe590858247adbb3a88511acd7fc6,2026-04-05T03:33:49.307501+00:00,1775360029307501000,175739640360916,1450,,,ETF,3188,40,3185.0,-6.0,206.466109416,
94809,market_research_2026-04-04_22-23-04_live_round,c6abe590858247adbb3a88511acd7fc6,2026-04-05T03:33:49.311111+00:00,1775360029311111000,175739643971000,1450,,,ETF,3187,40,3185.0,-6.0,206.4697195,
94815,market_research_2026-04-04_22-23-04_live_round,c6abe590858247adbb3a88511acd7fc6,2026-04-05T03:33:49.374277+00:00,1775360029374277000,175739707137541,1450,,,ETF,3187,20,3185.0,-4.0,206.532886041,
94816,market_research_2026-04-04_22-23-04_live_round,c6abe590858247adbb3a88511acd7fc6,2026-04-05T03:33:49.374425+00:00,1775360029374425000,175739707285333,1450,,,ETF,3186,80,3185.0,-4.0,206.533033833,
94874,market_research_2026-04-04_22-23-04_live_round,c6abe590858247adbb3a88511acd7fc6,2026-04-05T03:33:50.061475+00:00,1775360030061475000,175740394336625,1450,,,ETF,3185,40,3183.5,-3.0,207.220085125,
94879,market_research_2026-04-04_22-23-04_live_round,c6abe590858247adbb3a88511acd7fc6,2026-04-05T03:33:50.110246+00:00,1775360030110246000,175740443107041,1450,,,ETF,3185,60,3184.0,-2.0,207.268855541,
95000,market_research_2026-04-04_22-23-04_live_round,c6abe590858247adbb3a88511acd7fc6,2026-04-05T03:33:51.334530+00:00,1775360031334530000,175741667394291,1450,,,ETF,3177,40,3178.0,-2.0,208.493142791,
95005,market_research_2026-04-04_22-23-04_live_round,c6abe590858247adbb3a88511acd7fc6,2026-04-05T03:33:51.373503+00:00,1775360031373503000,175741706366458,1450,,,ETF,3178,60,3178.0,0.0,208.532114958,
95068,market_research_2026-04-04_22-23-04_live_round,c6abe590858247adbb3a88511acd7fc6,2026-04-05T03:33:52.036154+00:00,1775360032036154000,175742369019291,1450,,,ETF,3180,40,3180.0,0.0,209.194767791,
95134,market_research_2026-04-04_22-23-04_live_round,c6abe590858247adbb3a88511acd7fc6,2026-04-05T03:33:52.728644+00:00,1775360032728644000,175743061511333,1450,,,ETF,3179,40,3178.5,-1.0,209.887259833,
95139,market_research_2026-04-04_22-23-04_live_round,c6abe590858247adbb3a88511acd7fc6,2026-04-05T03:33:52.757609+00:00,1775360032757609000,175743090476083,1450,,,ETF,3179,20,3179.0,0.0,209.916224583,
95202,market_research_2026-04-04_22-23-04_live_round,c6abe590858247adbb3a88511acd7fc6,2026-04-05T03:33:53.305802+00:00,1775360033305802000,175743638669791,1450,,,ETF,3177,40,3175.0,-4.0,210.464418291,
95207,market_research_2026-04-04_22-23-04_live_round,c6abe590858247adbb3a88511acd7fc6,2026-04-05T03:33:53.344149+00:00,1775360033344149000,175743677017500,1450,,,ETF,3177,60,3175.5,-3.0,210.502766,
95395,market_research_2026-04-04_22-23-04_live_round,c6abe590858247adbb3a88511acd7fc6,2026-04-05T03:33:55.666796+00:00,1775360035666796000,175745999669250,1450,,,ETF,3173,40,3174.5,-3.0,212.82541775,
95400,market_research_2026-04-04_22-23-04_live_round,c6abe590858247adbb3a88511acd7fc6,2026-04-05T03:33:55.721964+00:00,1775360035721964000,175746054836583,1450,,,ETF,3174,60,3174.5,-1.0,212.880585083,
95463,market_research_2026-04-04_22-23-04_live_round,c6abe590858247adbb3a88511acd7fc6,2026-04-05T03:33:56.567525+00:00,1775360036567525000,175746900399708,1450,,,ETF,3176,40,3182.5,-13.0,213.726148208,
95468,market_research_2026-04-04_22-23-04_live_round,c6abe590858247adbb3a88511acd7fc6,2026-04-05T03:33:56.634796+00:00,1775360036634796000,175746967670875,1450,,,ETF,3176,60,3182.0,-12.0,213.793419375,
95473,market_research_2026-04-04_22-23-04_live_round,c6abe590858247adbb3a88511acd7fc6,2026-04-05T03:33:56.697474+00:00,1775360036697474000,175747030349708,1450,,,ETF,3182,40,3184.5,-5.0,213.856098208,
95474,market_research_2026-04-04_22-23-04_live_round,c6abe590858247adbb3a88511acd7fc6,2026-04-05T03:33:56.697629+00:00,1775360036697629000,175747030504458,1450,,,ETF,3183,40,3184.5,-5.0,213.856252958,
95480,market_research_2026-04-04_22-23-04_live_round,c6abe590858247adbb3a88511acd7fc6,2026-04-05T03:33:56.753583+00:00,1775360036753583000,175747086458416,1450,,,ETF,3183,20,3184.5,-3.0,213.912206916,
95481,market_research_2026-04-04_22-23-04_live_round,c6abe590858247adbb3a88511acd7fc6,2026-04-05T03:33:56.753726+00:00,1775360036753726000,175747086601375,1450,,,ETF,3184,80,3184.5,-3.0,213.912349875,
95647,market_research_2026-04-04_22-23-04_live_round,c6abe590858247adbb3a88511acd7fc6,2026-04-05T03:33:59.147577+00:00,1775360039147577000,175749480457583,1450,,,ETF,3182,40,3181.5,-1.0,216.306206083,
95713,market_research_2026-04-04_22-23-04_live_round,c6abe590858247adbb3a88511acd7fc6,2026-04-05T03:34:00.003180+00:00,1775360040003180000,175750336061958,1450,,,ETF,3179,40,3176.0,-6.0,217.161810458,
95721,market_research_2026-04-04_22-23-04_live_round,c6abe590858247adbb3a88511acd7fc6,2026-04-05T03:34:00.083409+00:00,1775360040083409000,175750416291375,1450,,,ETF,3179,60,3176.5,-5.0,217.242039875,
95728,market_research_2026-04-04_22-23-04_live_round,c6abe590858247adbb3a88511acd7fc6,2026-04-05T03:34:00.180978+00:00,1775360040180978000,175750513860333,1450,,,ETF,3175,40,3175.0,0.0,217.339608833,
95782,market_research_2026-04-04_22-23-04_live_round,c6abe590858247adbb3a88511acd7fc6,2026-04-05T03:34:00.932645+00:00,1775360040932645000,175751265529000,1450,,,ETF,3172,40,3170.5,-3.0,218.0912775,
95788,market_research_2026-04-04_22-23-04_live_round,c6abe590858247adbb3a88511acd7fc6,2026-04-05T03:34:00.997028+00:00,1775360040997028000,175751329911750,1450,,,ETF,3172,60,3171.0,-2.0,218.15566025,
96102,market_research_2026-04-04_22-23-04_live_round,c6abe590858247adbb3a88511acd7fc6,2026-04-05T03:34:04.688246+00:00,1775360044688246000,175755021137916,1450,,,ETF,3164,40,3165.0,-2.0,221.846886416,
96107,market_research_2026-04-04_22-23-04_live_round,c6abe590858247adbb3a88511acd7fc6,2026-04-05T03:34:04.737249+00:00,1775360044737249000,175755070140250,1450,,,ETF,3165,60,3165.0,0.0,221.89588875,
96172,market_research_2026-04-04_22-23-04_live_round,c6abe590858247adbb3a88511acd7fc6,2026-04-05T03:34:05.556772+00:00,1775360045556772000,175755889665916,1450,,,ETF,3167,40,3167.0,0.0,222.715414416,
96299,market_research_2026-04-04_22-23-04_live_round,c6abe590858247adbb3a88511acd7fc6,2026-04-05T03:34:07.266928+00:00,1775360047266928000,175757599824833,1450,,,ETF,3176,40,3176.5,-1.0,224.425573333,
96304,market_research_2026-04-04_22-23-04_live_round,c6abe590858247adbb3a88511acd7fc6,2026-04-05T03:34:07.316529+00:00,1775360047316529000,175757649426166,1450,,,ETF,3176,60,3176.0,0.0,224.475174666,
96496,market_research_2026-04-04_22-23-04_live_round,c6abe590858247adbb3a88511acd7fc6,2026-04-05T03:34:09.750883+00:00,1775360049750883000,175760083785583,1450,,,ETF,3175,40,3171.5,-7.0,226.909534083,
96509,market_research_2026-04-04_22-23-04_live_round,c6abe590858247adbb3a88511acd7fc6,2026-04-05T03:34:09.877805+00:00,1775360049877805000,175760210707666,1450,,,ETF,3174,60,3171.5,-5.0,227.036456166,
96519,market_research_2026-04-04_22-23-04_live_round,c6abe590858247adbb3a88511acd7fc6,2026-04-05T03:34:09.973473+00:00,1775360049973473000,175760306376041,1450,,,ETF,3173,80,3171.5,-3.0,227.132124541,
96526,market_research_2026-04-04_22-23-04_live_round,c6abe590858247adbb3a88511acd7fc6,2026-04-05T03:34:10.048966+00:00,1775360050048966000,175760381869083,1450,,,ETF,3172,100,3171.5,-1.0,227.207617583,
96823,market_research_2026-04-04_22-23-04_live_round,c6abe590858247adbb3a88511acd7fc6,2026-04-05T03:34:13.779446+00:00,1775360053779446000,175764112356125,1450,,,ETF,3163,40,3163.0,0.0,230.938104625,
97148,market_research_2026-04-04_22-23-04_live_round,c6abe590858247adbb3a88511acd7fc6,2026-04-05T03:34:17.992570+00:00,1775360057992570000,175768325489041,1450,,,ETF,3157,40,3155.0,-4.0,235.151237541,
97159,market_research_2026-04-04_22-23-04_live_round,c6abe590858247adbb3a88511acd7fc6,2026-04-05T03:34:18.111228+00:00,1775360058111228000,175768444146958,1450,,,ETF,3157,60,3155.5,-3.0,235.269895458,
97164,market_research_2026-04-04_22-23-04_live_round,c6abe590858247adbb3a88511acd7fc6,2026-04-05T03:34:18.157311+00:00,1775360058157311000,175768490231375,1450,,,ETF,3156,40,3155.5,-1.0,235.315979875,
97165,market_research_2026-04-04_22-23-04_live_round,c6abe590858247adbb3a88511acd7fc6,2026-04-05T03:34:18.157477+00:00,1775360058157477000,175768490397625,1450,,,ETF,3155,40,3155.5,-1.0,235.316146125,
97409,market_research_2026-04-04_22-23-04_live_round,c6abe590858247adbb3a88511acd7fc6,2026-04-05T03:34:21.219673+00:00,1775360061219673000,175771552599166,1450,,,ETF,3158,40,3159.0,-2.0,238.378347666,
97414,market_research_2026-04-04_22-23-04_live_round,c6abe590858247adbb3a88511acd7fc6,2026-04-05T03:34:21.275014+00:00,1775360061275014000,175771607940416,1450,,,ETF,3159,60,3159.0,0.0,238.433688916,
97671,market_research_2026-04-04_22-23-04_live_round,c6abe590858247adbb3a88511acd7fc6,2026-04-05T03:34:24.458339+00:00,1775360064458339000,175774791271541,1450,,,ETF,3160,40,3157.5,-5.0,241.617020041,
97678,market_research_2026-04-04_22-23-04_live_round,c6abe590858247adbb3a88511acd7fc6,2026-04-05T03:34:24.543188+00:00,1775360064543188000,175774876121375,1450,,,ETF,3159,60,3157.5,-3.0,241.701869875,
97686,market_research_2026-04-04_22-23-04_live_round,c6abe590858247adbb3a88511acd7fc6,2026-04-05T03:34:24.628065+00:00,1775360064628065000,175774960998166,1450,,,ETF,3159,80,3158.0,-2.0,241.786746666,
97693,market_research_2026-04-04_22-23-04_live_round,c6abe590858247adbb3a88511acd7fc6,2026-04-05T03:34:24.722840+00:00,1775360064722840000,175775055773375,1450,,,ETF,3159,20,3158.5,-1.0,241.881521875,
97694,market_research_2026-04-04_22-23-04_live_round,c6abe590858247adbb3a88511acd7fc6,2026-04-05T03:34:24.727552+00:00,1775360064727552000,175775060486166,1450,,,ETF,3158,80,3158.5,-1.0,241.886234666,
97745,market_research_2026-04-04_22-23-04_live_round,c6abe590858247adbb3a88511acd7fc6,2026-04-05T03:34:25.330428+00:00,1775360065330428000,175775663362333,1450,,,ETF,3157,40,3154.5,-5.0,242.489110833,
97751,market_research_2026-04-04_22-23-04_live_round,c6abe590858247adbb3a88511acd7fc6,2026-04-05T03:34:25.379774+00:00,1775360065379774000,175775712709083,1450,,,ETF,3157,60,3155.0,-4.0,242.538457583,
97877,market_research_2026-04-04_22-23-04_live_round,c6abe590858247adbb3a88511acd7fc6,2026-04-05T03:34:26.818352+00:00,1775360066818352000,175777151289375,1450,,,ETF,3155,40,3157.0,-4.0,243.977037875,
97883,market_research_2026-04-04_22-23-04_live_round,c6abe590858247adbb3a88511acd7fc6,2026-04-05T03:34:26.887074+00:00,1775360066887074000,175777220011791,1450,,,ETF,3155,60,3156.5,-3.0,244.045760291,
97946,market_research_2026-04-04_22-23-04_live_round,c6abe590858247adbb3a88511acd7fc6,2026-04-05T03:34:27.952864+00:00,1775360067952864000,175778285804208,1450,,,ETF,3161,40,3161.5,-1.0,245.111552708,
97952,market_research_2026-04-04_22-23-04_live_round,c6abe590858247adbb3a88511acd7fc6,2026-04-05T03:34:28.053133+00:00,1775360068053133000,175778386073083,1450,,,ETF,3161,60,3161.0,0.0,245.211821583,
98022,market_research_2026-04-04_22-23-04_live_round,c6abe590858247adbb3a88511acd7fc6,2026-04-05T03:34:29.270746+00:00,1775360069270746000,175779603689541,1500,,,ETF,3168,40,3176.0,-16.0,0.731391083,
98027,market_research_2026-04-04_22-23-04_live_round,c6abe590858247adbb3a88511acd7fc6,2026-04-05T03:34:29.356018+00:00,1775360069356018000,175779688961041,1500,,,ETF,3168,60,3175.5,-15.0,0.816662583,
98032,market_research_2026-04-04_22-23-04_live_round,c6abe590858247adbb3a88511acd7fc6,2026-04-05T03:34:29.427018+00:00,1775360069427018000,175779759961250,1500,,,ETF,3168,40,3175.0,-14.0,0.887662792,
98033,market_research_2026-04-04_22-23-04_live_round,c6abe590858247adbb3a88511acd7fc6,2026-04-05T03:34:29.427222+00:00,1775360069427222000,175779760165708,1500,,,ETF,3169,40,3175.0,-14.0,0.88786725,
98040,market_research_2026-04-04_22-23-04_live_round,c6abe590858247adbb3a88511acd7fc6,2026-04-05T03:34:29.521259+00:00,1775360069521259000,175779854202458,1500,,,ETF,3169,20,3175.0,-12.0,0.981904,
98041,market_research_2026-04-04_22-23-04_live_round,c6abe590858247adbb3a88511acd7fc6,2026-04-05T03:34:29.526653+00:00,1775360069526653000,175779859596083,1500,,,ETF,3170,80,3175.0,-12.0,0.987297625,
98093,market_research_2026-04-04_22-23-04_live_round,c6abe590858247adbb3a88511acd7fc6,2026-04-05T03:34:30.329292+00:00,1775360070329292000,175780662237541,1500,,,ETF,3171,40,3173.5,-5.0,1.789939083,
98098,market_research_2026-04-04_22-23-04_live_round,c6abe590858247adbb3a88511acd7fc6,2026-04-05T03:34:30.402460+00:00,1775360070402460000,175780735405041,1500,,,ETF,3171,60,3173.0,-4.0,1.863106583,
98227,market_research_2026-04-04_22-23-04_live_round,c6abe590858247adbb3a88511acd7fc6,2026-04-05T03:34:32.601537+00:00,1775360072601537000,175782934486750,1500,,,ETF,3178,40,3178.5,-1.0,4.062188292,
98293,market_research_2026-04-04_22-23-04_live_round,c6abe590858247adbb3a88511acd7fc6,2026-04-05T03:34:33.584401+00:00,1775360073584401000,175783917352750,1500,,,ETF,3178,40,3175.0,-6.0,5.045054292,
98301,market_research_2026-04-04_22-23-04_live_round,c6abe590858247adbb3a88511acd7fc6,2026-04-05T03:34:33.686703+00:00,1775360073686703000,175784019655500,1500,,,ETF,3178,20,3175.5,-5.0,5.147357042,
98302,market_research_2026-04-04_22-23-04_live_round,c6abe590858247adbb3a88511acd7fc6,2026-04-05T03:34:33.686927+00:00,1775360073686927000,175784019879416,1500,,,ETF,3177,40,3175.5,-5.0,5.147580958,
98308,market_research_2026-04-04_22-23-04_live_round,c6abe590858247adbb3a88511acd7fc6,2026-04-05T03:34:33.768229+00:00,1775360073768229000,175784101181125,1500,,,ETF,3177,40,3175.5,-3.0,5.228882667,
98309,market_research_2026-04-04_22-23-04_live_round,c6abe590858247adbb3a88511acd7fc6,2026-04-05T03:34:33.768396+00:00,1775360073768396000,175784101348458,1500,,,ETF,3176,40,3175.5,-3.0,5.22905,
98318,market_research_2026-04-04_22-23-04_live_round,c6abe590858247adbb3a88511acd7fc6,2026-04-05T03:34:33.902387+00:00,1775360073902387000,175784235339500,1500,,,ETF,3176,60,3175.5,-1.0,5.363041042,
98498,market_research_2026-04-04_22-23-04_live_round,c6abe590858247adbb3a88511acd7fc6,2026-04-05T03:34:36.457836+00:00,1775360076457836000,175786790793250,1500,,,ETF,3166,40,3165.0,-2.0,7.918494792,
98506,market_research_2026-04-04_22-23-04_live_round,c6abe590858247adbb3a88511acd7fc6,2026-04-05T03:34:36.558753+00:00,1775360076558753000,175786891710541,1500,,,ETF,3165,60,3165.0,0.0,8.019412083,
98564,market_research_2026-04-04_22-23-04_live_round,c6abe590858247adbb3a88511acd7fc6,2026-04-05T03:34:37.400688+00:00,1775360077400688000,175787733647916,1500,,,ETF,3163,40,3159.5,-7.0,8.861349458,
98570,market_research_2026-04-04_22-23-04_live_round,c6abe590858247adbb3a88511acd7fc6,2026-04-05T03:34:37.493022+00:00,1775360077493022000,175787825982125,1500,,,ETF,3163,60,3160.0,-6.0,8.953683667,
98575,market_research_2026-04-04_22-23-04_live_round,c6abe590858247adbb3a88511acd7fc6,2026-04-05T03:34:37.556636+00:00,1775360077556636000,175787889596041,1500,,,ETF,3158,40,3158.0,0.0,9.017297583,
98633,market_research_2026-04-04_22-23-04_live_round,c6abe590858247adbb3a88511acd7fc6,2026-04-05T03:34:38.343346+00:00,1775360078343346000,175788676308166,1500,,,ETF,3155,40,3152.0,-6.0,9.804009708,
98643,market_research_2026-04-04_22-23-04_live_round,c6abe590858247adbb3a88511acd7fc6,2026-04-05T03:34:38.464295+00:00,1775360078464295000,175788797256333,1500,,,ETF,3155,60,3152.5,-5.0,9.924957875,
98775,market_research_2026-04-04_22-23-04_live_round,c6abe590858247adbb3a88511acd7fc6,2026-04-05T03:34:40.098950+00:00,1775360080098950000,175790431915458,1500,,,ETF,3143,40,3143.0,0.0,11.559617,
98896,market_research_2026-04-04_22-23-04_live_round,c6abe590858247adbb3a88511acd7fc6,2026-04-05T03:34:41.678672+00:00,1775360081678672000,175792011641250,1500,,,ETF,3138,40,3132.5,-11.0,13.139342792,
98901,market_research_2026-04-04_22-23-04_live_round,c6abe590858247adbb3a88511acd7fc6,2026-04-05T03:34:41.724725+00:00,1775360081724725000,175792057694458,1500,,,ETF,3137,60,3132.5,-9.0,13.185396,
98908,market_research_2026-04-04_22-23-04_live_round,c6abe590858247adbb3a88511acd7fc6,2026-04-05T03:34:41.798461+00:00,1775360081798461000,175792131429625,1500,,,ETF,3136,80,3132.5,-7.0,13.259131167,
98918,market_research_2026-04-04_22-23-04_live_round,c6abe590858247adbb3a88511acd7fc6,2026-04-05T03:34:41.893892+00:00,1775360081893892000,175792226861333,1500,,,ETF,3135,100,3132.5,-5.0,13.354562875,
99228,market_research_2026-04-04_22-23-04_live_round,c6abe590858247adbb3a88511acd7fc6,2026-04-05T03:34:45.660975+00:00,1775360085660975000,175795993952375,1500,,,ETF,3123,40,3123.0,0.0,17.121653917,
99294,market_research_2026-04-04_22-23-04_live_round,c6abe590858247adbb3a88511acd7fc6,2026-04-05T03:34:46.466054+00:00,1775360086466054000,175796799032458,1500,,,ETF,3120,40,3115.5,-9.0,17.926734,
99301,market_research_2026-04-04_22-23-04_live_round,c6abe590858247adbb3a88511acd7fc6,2026-04-05T03:34:46.543127+00:00,1775360086543127000,175796876106041,1500,,,ETF,3120,60,3116.0,-8.0,18.003807583,
99309,market_research_2026-04-04_22-23-04_live_round,c6abe590858247adbb3a88511acd7fc6,2026-04-05T03:34:46.626866+00:00,1775360086626866000,175796959844833,1500,,,ETF,3117,40,3115.0,-4.0,18.087546375,
99310,market_research_2026-04-04_22-23-04_live_round,c6abe590858247adbb3a88511acd7fc6,2026-04-05T03:34:46.627017+00:00,1775360086627017000,175796959997000,1500,,,ETF,3116,40,3115.0,-4.0,18.087698542,
99319,market_research_2026-04-04_22-23-04_live_round,c6abe590858247adbb3a88511acd7fc6,2026-04-05T03:34:46.737421+00:00,1775360086737421000,175797070400125,1500,,,ETF,3116,20,3115.0,-2.0,18.198101667,
99320,market_research_2026-04-04_22-23-04_live_round,c6abe590858247adbb3a88511acd7fc6,2026-04-05T03:34:46.742367+00:00,1775360086742367000,175797075345791,1500,,,ETF,3115,80,3115.0,-2.0,18.203047333,
99371,market_research_2026-04-04_22-23-04_live_round,c6abe590858247adbb3a88511acd7fc6,2026-04-05T03:34:47.367733+00:00,1775360087367733000,175797700713833,1500,,,ETF,3114,40,3107.0,-14.0,18.828415375,
99376,market_research_2026-04-04_22-23-04_live_round,c6abe590858247adbb3a88511acd7fc6,2026-04-05T03:34:47.425217+00:00,1775360087425217000,175797758198041,1500,,,ETF,3114,60,3107.5,-13.0,18.885899583,
99383,market_research_2026-04-04_22-23-04_live_round,c6abe590858247adbb3a88511acd7fc6,2026-04-05T03:34:47.500375+00:00,1775360087500375000,175797833356166,1500,,,ETF,3105,40,3103.5,-3.0,18.961057708,
99384,market_research_2026-04-04_22-23-04_live_round,c6abe590858247adbb3a88511acd7fc6,2026-04-05T03:34:47.500539+00:00,1775360087500539000,175797833520250,1500,,,ETF,3104,40,3103.5,-3.0,18.961221792,
99392,market_research_2026-04-04_22-23-04_live_round,c6abe590858247adbb3a88511acd7fc6,2026-04-05T03:34:47.616372+00:00,1775360087616372000,175797949352833,1500,,,ETF,3104,20,3103.5,-1.0,19.077054375,
99393,market_research_2026-04-04_22-23-04_live_round,c6abe590858247adbb3a88511acd7fc6,2026-04-05T03:34:47.616538+00:00,1775360087616538000,175797949519625,1500,,,ETF,3103,80,3103.5,-1.0,19.077221167,
99450,market_research_2026-04-04_22-23-04_live_round,c6abe590858247adbb3a88511acd7fc6,2026-04-05T03:34:48.218394+00:00,1775360088218394000,175798551376583,1500,,,ETF,3102,40,3101.0,-2.0,19.679078125,
99457,market_research_2026-04-04_22-23-04_live_round,c6abe590858247adbb3a88511acd7fc6,2026-04-05T03:34:48.280751+00:00,1775360088280751000,175798613733875,1500,,,ETF,3102,60,3101.5,-1.0,19.741435417,
99522,market_research_2026-04-04_22-23-04_live_round,c6abe590858247adbb3a88511acd7fc6,2026-04-05T03:34:49.016433+00:00,1775360089016433000,175799349417666,1500,,,ETF,3094,40,3091.0,-6.0,20.477119208,
99529,market_research_2026-04-04_22-23-04_live_round,c6abe590858247adbb3a88511acd7fc6,2026-04-05T03:34:49.090346+00:00,1775360089090346000,175799423330250,1500,,,ETF,3093,60,3091.0,-4.0,20.551031792,
99534,market_research_2026-04-04_22-23-04_live_round,c6abe590858247adbb3a88511acd7fc6,2026-04-05T03:34:49.131622+00:00,1775360089131622000,175799464606458,1500,,,ETF,3092,80,3091.0,-2.0,20.592308,
99545,market_research_2026-04-04_22-23-04_live_round,c6abe590858247adbb3a88511acd7fc6,2026-04-05T03:34:49.247390+00:00,1775360089247390000,175799580374750,1500,,,ETF,3091,100,3091.0,0.0,20.708076292,
99985,market_research_2026-04-04_22-23-04_live_round,c6abe590858247adbb3a88511acd7fc6,2026-04-05T03:34:54.603193+00:00,1775360094603193000,175804936188833,1525,,,ETF,3087,40,3085.0,-4.0,26.063890375,
99993,market_research_2026-04-04_22-23-04_live_round,c6abe590858247adbb3a88511acd7fc6,2026-04-05T03:34:54.686243+00:00,1775360094686243000,175805019238583,1525,,,ETF,3086,60,3085.0,-2.0,26.146940125,
100005,market_research_2026-04-04_22-23-04_live_round,c6abe590858247adbb3a88511acd7fc6,2026-04-05T03:34:54.848029+00:00,1775360094848029000,175805181025250,1525,,,ETF,3085,80,3085.0,0.0,26.308726792,
100061,market_research_2026-04-04_22-23-04_live_round,c6abe590858247adbb3a88511acd7fc6,2026-04-05T03:34:55.516458+00:00,1775360095516458000,175805849455125,1525,,,ETF,3084,40,3076.5,-15.0,26.977156667,
100066,market_research_2026-04-04_22-23-04_live_round,c6abe590858247adbb3a88511acd7fc6,2026-04-05T03:34:55.556045+00:00,1775360095556045000,175805889042875,1525,,,ETF,3084,60,3077.0,-14.0,27.016744417,
100077,market_research_2026-04-04_22-23-04_live_round,c6abe590858247adbb3a88511acd7fc6,2026-04-05T03:34:55.651841+00:00,1775360095651841000,175805984838791,1525,,,ETF,3077,40,3074.0,-6.0,27.112540333,
100078,market_research_2026-04-04_22-23-04_live_round,c6abe590858247adbb3a88511acd7fc6,2026-04-05T03:34:55.651961+00:00,1775360095651961000,175805984959458,1525,,,ETF,3076,40,3074.0,-6.0,27.112661,
100085,market_research_2026-04-04_22-23-04_live_round,c6abe590858247adbb3a88511acd7fc6,2026-04-05T03:34:55.713641+00:00,1775360095713641000,175806046639791,1525,,,ETF,3076,20,3074.0,-4.0,27.174341333,
100086,market_research_2026-04-04_22-23-04_live_round,c6abe590858247adbb3a88511acd7fc6,2026-04-05T03:34:55.713764+00:00,1775360095713764000,175806046762125,1525,,,ETF,3075,80,3074.0,-4.0,27.174463667,
100129,market_research_2026-04-04_22-23-04_live_round,c6abe590858247adbb3a88511acd7fc6,2026-04-05T03:34:56.198575+00:00,1775360096198575000,175806531574708,1525,,,ETF,3074,40,3069.5,-9.0,27.65927625,
100135,market_research_2026-04-04_22-23-04_live_round,c6abe590858247adbb3a88511acd7fc6,2026-04-05T03:34:56.258870+00:00,1775360096258870000,175806591869083,1525,,,ETF,3074,60,3070.0,-8.0,27.719570625,
100259,market_research_2026-04-04_22-23-04_live_round,c6abe590858247adbb3a88511acd7fc6,2026-04-05T03:34:57.782614+00:00,1775360097782614000,175808115616666,1525,,,ETF,3056,40,3054.5,-3.0,29.243318208,
100264,market_research_2026-04-04_22-23-04_live_round,c6abe590858247adbb3a88511acd7fc6,2026-04-05T03:34:57.824570+00:00,1775360097824570000,175808157572208,1525,,,ETF,3056,60,3055.0,-2.0,29.28527375,
100269,market_research_2026-04-04_22-23-04_live_round,c6abe590858247adbb3a88511acd7fc6,2026-04-05T03:34:57.868765+00:00,1775360097868765000,175808201767541,1525,,,ETF,3056,40,3055.5,-1.0,29.329469083,
100270,market_research_2026-04-04_22-23-04_live_round,c6abe590858247adbb3a88511acd7fc6,2026-04-05T03:34:57.868925+00:00,1775360097868925000,175808201928083,1525,,,ETF,3055,40,3055.5,-1.0,29.329629625,
100330,market_research_2026-04-04_22-23-04_live_round,c6abe590858247adbb3a88511acd7fc6,2026-04-05T03:34:58.639981+00:00,1775360098639981000,175808972985250,1525,,,ETF,3053,40,3051.0,-4.0,30.100686792,
100339,market_research_2026-04-04_22-23-04_live_round,c6abe590858247adbb3a88511acd7fc6,2026-04-05T03:34:58.738794+00:00,1775360098738794000,175809071798958,1525,,,ETF,3053,60,3051.5,-3.0,30.1995005,
100404,market_research_2026-04-04_22-23-04_live_round,c6abe590858247adbb3a88511acd7fc6,2026-04-05T03:34:59.543262+00:00,1775360099543262000,175809876267666,1525,,,ETF,3044,40,3044.0,0.0,31.003969208,
100741,market_research_2026-04-04_22-23-04_live_round,c6abe590858247adbb3a88511acd7fc6,2026-04-05T03:35:03.744089+00:00,1775360103744089000,175814077103333,1525,,,ETF,3045,40,3043.5,-3.0,35.204804875,
100750,market_research_2026-04-04_22-23-04_live_round,c6abe590858247adbb3a88511acd7fc6,2026-04-05T03:35:03.843563+00:00,1775360103843563000,175814176577875,1525,,,ETF,3044,60,3043.5,-1.0,35.304279417,
100837,market_research_2026-04-04_22-23-04_live_round,c6abe590858247adbb3a88511acd7fc6,2026-04-05T03:35:04.885040+00:00,1775360104885040000,175815218057000,1525,,,ETF,3037,40,3035.0,-4.0,36.345758542,
100838,market_research_2026-04-04_22-23-04_live_round,c6abe590858247adbb3a88511acd7fc6,2026-04-05T03:35:04.891090+00:00,1775360104891090000,175815224107458,1525,,,ETF,3036,60,3035.0,-4.0,36.351809,
100839,market_research_2026-04-04_22-23-04_live_round,c6abe590858247adbb3a88511acd7fc6,2026-04-05T03:35:04.891241+00:00,1775360104891241000,175815224258250,1525,,,ETF,3035,80,3035.0,-4.0,36.351959792,
100840,market_research_2026-04-04_22-23-04_live_round,c6abe590858247adbb3a88511acd7fc6,2026-04-05T03:35:04.891356+00:00,1775360104891356000,175815224374083,1525,,,ETF,3034,20,3035.0,-4.0,36.352075625,
100942,market_research_2026-04-04_22-23-04_live_round,c6abe590858247adbb3a88511acd7fc6,2026-04-05T03:35:06.113895+00:00,1775360106113895000,175816446914708,1525,,,ETF,3035,40,3035.0,0.0,37.57461625,
101010,market_research_2026-04-04_22-23-04_live_round,c6abe590858247adbb3a88511acd7fc6,2026-04-05T03:35:06.958516+00:00,1775360106958516000,175817291537208,1525,,,ETF,3032,40,3030.5,-3.0,38.41923875,
101015,market_research_2026-04-04_22-23-04_live_round,c6abe590858247adbb3a88511acd7fc6,2026-04-05T03:35:07.012127+00:00,1775360107012127000,175817345148458,1525,,,ETF,3032,60,3031.0,-2.0,38.47285,
101041,market_research_2026-04-04_22-23-04_live_round,c6abe590858247adbb3a88511acd7fc6,2026-04-05T03:35:07.318859+00:00,1775360107318859000,175817651881333,1525,,,ETF,3026,100,3020.5,-11.0,38.779582875,
101042,market_research_2026-04-04_22-23-04_live_round,c6abe590858247adbb3a88511acd7fc6,2026-04-05T03:35:07.319019+00:00,1775360107319019000,175817652041666,1525,,,ETF,3023,40,3020.5,-11.0,38.779743208,
101043,market_research_2026-04-04_22-23-04_live_round,c6abe590858247adbb3a88511acd7fc6,2026-04-05T03:35:07.319129+00:00,1775360107319129000,175817652151291,1525,,,ETF,3022,60,3020.5,-11.0,38.779852833,
101154,market_research_2026-04-04_22-23-04_live_round,c6abe590858247adbb3a88511acd7fc6,2026-04-05T03:35:08.667007+00:00,1775360108667007000,175819000032500,1525,,,ETF,3020,40,3016.0,-8.0,40.127734042,
101159,market_research_2026-04-04_22-23-04_live_round,c6abe590858247adbb3a88511acd7fc6,2026-04-05T03:35:08.711730+00:00,1775360108711730000,175819044754875,1525,,,ETF,3020,60,3016.5,-7.0,40.172456417,
101166,market_research_2026-04-04_22-23-04_live_round,c6abe590858247adbb3a88511acd7fc6,2026-04-05T03:35:08.787070+00:00,1775360108787070000,175819120094958,1525,,,ETF,3017,40,3015.5,-3.0,40.2477965,
101167,market_research_2026-04-04_22-23-04_live_round,c6abe590858247adbb3a88511acd7fc6,2026-04-05T03:35:08.791130+00:00,1775360108791130000,175819124155375,1525,,,ETF,3016,40,3015.5,-3.0,40.251856917,
101175,market_research_2026-04-04_22-23-04_live_round,c6abe590858247adbb3a88511acd7fc6,2026-04-05T03:35:08.863595+00:00,1775360108863595000,175819196620291,1525,,,ETF,3016,20,3015.5,-1.0,40.324321833,
101176,market_research_2026-04-04_22-23-04_live_round,c6abe590858247adbb3a88511acd7fc6,2026-04-05T03:35:08.863744+00:00,1775360108863744000,175819196770291,1525,,,ETF,3015,80,3015.5,-1.0,40.324471833,
101229,market_research_2026-04-04_22-23-04_live_round,c6abe590858247adbb3a88511acd7fc6,2026-04-05T03:35:09.521819+00:00,1775360109521819000,175819854846500,1525,,,ETF,3014,40,3013.5,-1.0,40.982548042,
101235,market_research_2026-04-04_22-23-04_live_round,c6abe590858247adbb3a88511acd7fc6,2026-04-05T03:35:09.589205+00:00,1775360109589205000,175819922232125,1525,,,ETF,3014,60,3014.0,0.0,41.049933667,
101490,market_research_2026-04-04_22-23-04_live_round,c6abe590858247adbb3a88511acd7fc6,2026-04-05T03:35:12.813099+00:00,1775360112813099000,175823146132541,1525,,,ETF,3006,40,3005.0,-2.0,44.273834083,
101495,market_research_2026-04-04_22-23-04_live_round,c6abe590858247adbb3a88511acd7fc6,2026-04-05T03:35:12.853381+00:00,1775360112853381000,175823186415125,1525,,,ETF,3005,60,3005.0,0.0,44.314116667,
101557,market_research_2026-04-04_22-23-04_live_round,c6abe590858247adbb3a88511acd7fc6,2026-04-05T03:35:13.625547+00:00,1775360113625547000,175823958582833,1525,,,ETF,3003,40,3001.0,-4.0,45.086284375,
101565,market_research_2026-04-04_22-23-04_live_round,c6abe590858247adbb3a88511acd7fc6,2026-04-05T03:35:13.731369+00:00,1775360113731369000,175824064404583,1525,,,ETF,3003,60,3001.5,-3.0,45.192106125,
101650,market_research_2026-04-04_22-23-04_live_round,c6abe590858247adbb3a88511acd7fc6,2026-04-05T03:35:14.842185+00:00,1775360114842185000,175825175222750,1525,,,ETF,2991,40,2985.5,-11.0,46.302924292,
101651,market_research_2026-04-04_22-23-04_live_round,c6abe590858247adbb3a88511acd7fc6,2026-04-05T03:35:14.845754+00:00,1775360114845754000,175825178792041,1525,,,ETF,2990,60,2985.5,-11.0,46.306493583,
101652,market_research_2026-04-04_22-23-04_live_round,c6abe590858247adbb3a88511acd7fc6,2026-04-05T03:35:14.845883+00:00,1775360114845883000,175825178921625,1525,,,ETF,2990,100,2985.5,-11.0,46.306623167,
101695,market_research_2026-04-04_22-23-04_live_round,c6abe590858247adbb3a88511acd7fc6,2026-04-05T03:35:15.325480+00:00,1775360115325480000,175825658518958,1525,,,ETF,2989,40,2988.5,-1.0,46.7862205,
101703,market_research_2026-04-04_22-23-04_live_round,c6abe590858247adbb3a88511acd7fc6,2026-04-05T03:35:15.402405+00:00,1775360115402405000,175825735444000,1525,,,ETF,2989,40,2989.0,0.0,46.863145542,
101760,market_research_2026-04-04_22-23-04_live_round,c6abe590858247adbb3a88511acd7fc6,2026-04-05T03:35:16.072145+00:00,1775360116072145000,175826405185625,1525,,,ETF,2988,40,2986.0,-4.0,47.532887167,
101765,market_research_2026-04-04_22-23-04_live_round,c6abe590858247adbb3a88511acd7fc6,2026-04-05T03:35:16.119318+00:00,1775360116119318000,175826452358541,1525,,,ETF,2988,60,2986.5,-3.0,47.580060083,
101962,market_research_2026-04-04_22-23-04_live_round,c6abe590858247adbb3a88511acd7fc6,2026-04-05T03:35:18.562055+00:00,1775360118562055000,175828895101083,1525,,,ETF,2978,40,2977.5,-1.0,50.022802625,
102035,market_research_2026-04-04_22-23-04_live_round,c6abe590858247adbb3a88511acd7fc6,2026-04-05T03:35:19.402373+00:00,1775360119402373000,175829735419916,1525,,,ETF,2975,40,2971.0,-8.0,50.863121458,
102044,market_research_2026-04-04_22-23-04_live_round,c6abe590858247adbb3a88511acd7fc6,2026-04-05T03:35:19.498657+00:00,1775360119498657000,175829831704583,1525,,,ETF,2975,60,2971.5,-7.0,50.959406125,
102049,market_research_2026-04-04_22-23-04_live_round,c6abe590858247adbb3a88511acd7fc6,2026-04-05T03:35:19.550760+00:00,1775360119550760000,175829883807958,1525,,,ETF,2971,40,2970.0,-2.0,51.0115095,
102050,market_research_2026-04-04_22-23-04_live_round,c6abe590858247adbb3a88511acd7fc6,2026-04-05T03:35:19.554458+00:00,1775360119554458000,175829887506041,1525,,,ETF,2970,40,2970.0,-2.0,51.015207583,
102056,market_research_2026-04-04_22-23-04_live_round,c6abe590858247adbb3a88511acd7fc6,2026-04-05T03:35:19.608622+00:00,1775360119608622000,175829941669750,1525,,,ETF,2970,20,2970.0,0.0,51.069371292,
102165,market_research_2026-04-04_22-23-04_live_round,c6abe590858247adbb3a88511acd7fc6,2026-04-05T03:35:20.996036+00:00,1775360120996036000,175831329086833,1525,,,ETF,2964,40,2964.0,0.0,52.456788375,
102301,market_research_2026-04-04_22-23-04_live_round,c6abe590858247adbb3a88511acd7fc6,2026-04-05T03:35:22.651077+00:00,1775360122651077000,175832984131166,1525,,,ETF,2965,40,2965.0,0.0,54.111832708,
102367,market_research_2026-04-04_22-23-04_live_round,c6abe590858247adbb3a88511acd7fc6,2026-04-05T03:35:23.493480+00:00,1775360123493480000,175833826536083,1525,,,ETF,2968,40,2968.0,0.0,54.954237625,
102433,market_research_2026-04-04_22-23-04_live_round,c6abe590858247adbb3a88511acd7fc6,2026-04-05T03:35:24.319431+00:00,1775360124319431000,175834652489041,1525,,,ETF,2974,40,2974.0,0.0,55.780190583,
102498,market_research_2026-04-04_22-23-04_live_round,c6abe590858247adbb3a88511acd7fc6,2026-04-05T03:35:25.135245+00:00,1775360125135245000,175835468304000,1525,,,ETF,2977,40,2978.0,-2.0,56.596005542,
102506,market_research_2026-04-04_22-23-04_live_round,c6abe590858247adbb3a88511acd7fc6,2026-04-05T03:35:25.232055+00:00,1775360125232055000,175835565114500,1525,,,ETF,2977,60,2977.5,-1.0,56.692816042,
102573,market_research_2026-04-04_22-23-04_live_round,c6abe590858247adbb3a88511acd7fc6,2026-04-05T03:35:26.037606+00:00,1775360126037606000,175836370666916,1525,,,ETF,2977,40,2974.0,-6.0,57.498368458,
102579,market_research_2026-04-04_22-23-04_live_round,c6abe590858247adbb3a88511acd7fc6,2026-04-05T03:35:26.108635+00:00,1775360126108635000,175836441696750,1525,,,ETF,2977,40,2974.5,-5.0,57.569398292,
102580,market_research_2026-04-04_22-23-04_live_round,c6abe590858247adbb3a88511acd7fc6,2026-04-05T03:35:26.108795+00:00,1775360126108795000,175836441857083,1525,,,ETF,2976,20,2974.5,-5.0,57.569558625,
102588,market_research_2026-04-04_22-23-04_live_round,c6abe590858247adbb3a88511acd7fc6,2026-04-05T03:35:26.181197+00:00,1775360126181197000,175836514258916,1525,,,ETF,2976,80,2974.5,-3.0,57.641960458,
102730,market_research_2026-04-04_22-23-04_live_round,c6abe590858247adbb3a88511acd7fc6,2026-04-05T03:35:27.967394+00:00,1775360127967394000,175838300459625,1525,,,ETF,2968,40,2967.0,-2.0,59.428161167,
102731,market_research_2026-04-04_22-23-04_live_round,c6abe590858247adbb3a88511acd7fc6,2026-04-05T03:35:27.967650+00:00,1775360127967650000,175838300715625,1525,,,ETF,2967,60,2967.0,-2.0,59.428417167,
102732,market_research_2026-04-04_22-23-04_live_round,c6abe590858247adbb3a88511acd7fc6,2026-04-05T03:35:27.967803+00:00,1775360127967803000,175838300868708,1525,,,ETF,2966,80,2967.0,-2.0,59.42857025,
103024,market_research_2026-04-04_22-23-04_live_round,c6abe590858247adbb3a88511acd7fc6,2026-04-05T03:35:31.753089+00:00,1775360131753089000,175842086162375,1525,,,ETF,2971,40,2972.0,-2.0,63.213863917,
103029,market_research_2026-04-04_22-23-04_live_round,c6abe590858247adbb3a88511acd7fc6,2026-04-05T03:35:31.804496+00:00,1775360131804496000,175842137569125,1525,,,ETF,2971,60,2971.5,-1.0,63.265270667,
103039,market_research_2026-04-04_22-23-04_live_round,c6abe590858247adbb3a88511acd7fc6,2026-04-05T03:35:31.916916+00:00,1775360131916916000,175842249988958,1525,,,ETF,2971,40,2971.0,0.0,63.3776905,
103223,market_research_2026-04-04_22-23-04_live_round,c6abe590858247adbb3a88511acd7fc6,2026-04-05T03:35:34.237823+00:00,1775360134237823000,175844570901166,1525,,,ETF,2980,40,2980.0,0.0,65.698602708,
103544,market_research_2026-04-04_22-23-04_live_round,c6abe590858247adbb3a88511acd7fc6,2026-04-05T03:35:38.269522+00:00,1775360138269522000,175848602608250,1525,,,ETF,2981,40,2981.0,0.0,69.730309792,
103609,market_research_2026-04-04_22-23-04_live_round,c6abe590858247adbb3a88511acd7fc6,2026-04-05T03:35:39.257790+00:00,1775360139257790000,175849590878791,1525,,,ETF,2978,40,2975.0,-6.0,70.718580333,
103616,market_research_2026-04-04_22-23-04_live_round,c6abe590858247adbb3a88511acd7fc6,2026-04-05T03:35:39.330919+00:00,1775360139330919000,175849664008250,1525,,,ETF,2978,60,2975.5,-5.0,70.791709792,
103623,market_research_2026-04-04_22-23-04_live_round,c6abe590858247adbb3a88511acd7fc6,2026-04-05T03:35:39.397237+00:00,1775360139397237000,175849730325833,1525,,,ETF,2975,40,2974.5,-1.0,70.858027375,
103624,market_research_2026-04-04_22-23-04_live_round,c6abe590858247adbb3a88511acd7fc6,2026-04-05T03:35:39.400781+00:00,1775360139400781000,175849733870833,1525,,,ETF,2974,40,2974.5,-1.0,70.861572375,
103681,market_research_2026-04-04_22-23-04_live_round,c6abe590858247adbb3a88511acd7fc6,2026-04-05T03:35:40.336236+00:00,1775360140336236000,175850669327166,1525,,,ETF,2972,40,2971.0,-2.0,71.797028708,
103686,market_research_2026-04-04_22-23-04_live_round,c6abe590858247adbb3a88511acd7fc6,2026-04-05T03:35:40.384219+00:00,1775360140384219000,175850717310250,1525,,,ETF,2972,60,2971.5,-1.0,71.845011792,
103809,market_research_2026-04-04_22-23-04_live_round,c6abe590858247adbb3a88511acd7fc6,2026-04-05T03:35:42.195211+00:00,1775360142195211000,175852528305708,1525,,,ETF,2967,40,2967.0,0.0,73.65600725,
103874,market_research_2026-04-04_22-23-04_live_round,c6abe590858247adbb3a88511acd7fc6,2026-04-05T03:35:43.246932+00:00,1775360143246932000,175853580029291,1525,,,ETF,2968,40,2968.0,0.0,74.707730833,
103941,market_research_2026-04-04_22-23-04_live_round,c6abe590858247adbb3a88511acd7fc6,2026-04-05T03:35:44.151514+00:00,1775360144151514000,175854484613333,1525,,,ETF,2967,40,2962.5,-9.0,75.612314875,
103946,market_research_2026-04-04_22-23-04_live_round,c6abe590858247adbb3a88511acd7fc6,2026-04-05T03:35:44.236213+00:00,1775360144236213000,175854569311750,1525,,,ETF,2967,20,2963.0,-8.0,75.697013292,
103947,market_research_2026-04-04_22-23-04_live_round,c6abe590858247adbb3a88511acd7fc6,2026-04-05T03:35:44.241959+00:00,1775360144241959000,175854575058250,1525,,,ETF,2966,40,2963.0,-8.0,75.702759792,
103953,market_research_2026-04-04_22-23-04_live_round,c6abe590858247adbb3a88511acd7fc6,2026-04-05T03:35:44.333677+00:00,1775360144333677000,175854666776666,1525,,,ETF,2966,40,2963.0,-6.0,75.794478208,
103954,market_research_2026-04-04_22-23-04_live_round,c6abe590858247adbb3a88511acd7fc6,2026-04-05T03:35:44.337848+00:00,1775360144337848000,175854670947041,1525,,,ETF,2965,40,2963.0,-6.0,75.798648583,
103960,market_research_2026-04-04_22-23-04_live_round,c6abe590858247adbb3a88511acd7fc6,2026-04-05T03:35:44.419706+00:00,1775360144419706000,175854752805750,1525,,,ETF,2965,60,2963.0,-4.0,75.880507292,
104022,market_research_2026-04-04_22-23-04_live_round,c6abe590858247adbb3a88511acd7fc6,2026-04-05T03:35:45.225447+00:00,1775360145225447000,175855558547958,1525,,,ETF,2952,40,2952.0,0.0,76.6862495,
104273,market_research_2026-04-04_22-23-04_live_round,c6abe590858247adbb3a88511acd7fc6,2026-04-05T03:35:49.073067+00:00,1775360149073067000,175859406175958,1525,,,ETF,2945,40,2944.5,-1.0,80.5338775,
104278,market_research_2026-04-04_22-23-04_live_round,c6abe590858247adbb3a88511acd7fc6,2026-04-05T03:35:49.133947+00:00,1775360149133947000,175859467056666,1525,,,ETF,2945,60,2945.0,0.0,80.594758208,
104403,market_research_2026-04-04_22-23-04_live_round,c6abe590858247adbb3a88511acd7fc6,2026-04-05T03:35:50.996152+00:00,1775360150996152000,175861329265791,1525,,,ETF,2943,40,2946.0,-6.0,82.456967333,
104414,market_research_2026-04-04_22-23-04_live_round,c6abe590858247adbb3a88511acd7fc6,2026-04-05T03:35:51.158519+00:00,1775360151158519000,175861491632083,1525,,,ETF,2944,60,2946.0,-4.0,82.619333625,
104421,market_research_2026-04-04_22-23-04_live_round,c6abe590858247adbb3a88511acd7fc6,2026-04-05T03:35:51.234777+00:00,1775360151234777000,175861567890291,1525,,,ETF,2945,80,2946.0,-2.0,82.695591833,
104426,market_research_2026-04-04_22-23-04_live_round,c6abe590858247adbb3a88511acd7fc6,2026-04-05T03:35:51.288471+00:00,1775360151288471000,175861621584291,1525,,,ETF,2946,100,2946.0,0.0,82.749285833,
104477,market_research_2026-04-04_22-23-04_live_round,c6abe590858247adbb3a88511acd7fc6,2026-04-05T03:35:52.073369+00:00,1775360152073369000,175862406484291,1525,,,ETF,2955,40,2956.5,-3.0,83.534185833,
104488,market_research_2026-04-04_22-23-04_live_round,c6abe590858247adbb3a88511acd7fc6,2026-04-05T03:35:52.223280+00:00,1775360152223280000,175862556395916,1525,,,ETF,2956,60,2956.5,-1.0,83.684097458,
104569,market_research_2026-04-04_22-23-04_live_round,c6abe590858247adbb3a88511acd7fc6,2026-04-05T03:35:53.372992+00:00,1775360153372992000,175863706110333,1525,,,ETF,2962,40,2963.5,-3.0,84.833811875,
104570,market_research_2026-04-04_22-23-04_live_round,c6abe590858247adbb3a88511acd7fc6,2026-04-05T03:35:53.373238+00:00,1775360153373238000,175863706356750,1525,,,ETF,2963,60,2963.5,-3.0,84.834058292,
104571,market_research_2026-04-04_22-23-04_live_round,c6abe590858247adbb3a88511acd7fc6,2026-04-05T03:35:53.373393+00:00,1775360153373393000,175863706511625,1525,,,ETF,2964,80,2963.5,-3.0,84.834213167,
104572,market_research_2026-04-04_22-23-04_live_round,c6abe590858247adbb3a88511acd7fc6,2026-04-05T03:35:53.373528+00:00,1775360153373528000,175863706646541,1525,,,ETF,2965,20,2963.5,-3.0,84.834348083,
104738,market_research_2026-04-04_22-23-04_live_round,c6abe590858247adbb3a88511acd7fc6,2026-04-05T03:35:55.434437+00:00,1775360155434437000,175865767559333,1525,,,ETF,2956,40,2954.5,-3.0,86.895260875,
104744,market_research_2026-04-04_22-23-04_live_round,c6abe590858247adbb3a88511acd7fc6,2026-04-05T03:35:55.480852+00:00,1775360155480852000,175865813975083,1525,,,ETF,2955,60,2954.5,-1.0,86.941676625,
105007,market_research_2026-04-04_22-23-04_live_round,c6abe590858247adbb3a88511acd7fc6,2026-04-05T03:35:58.807358+00:00,1775360158807358000,175869140487666,1525,,,ETF,2955,40,2954.5,-1.0,90.268189208,
105145,market_research_2026-04-04_22-23-04_live_round,c6abe590858247adbb3a88511acd7fc6,2026-04-05T03:36:00.587894+00:00,1775360160587894000,175870921026916,1525,,,ETF,2957,40,2957.5,-1.0,92.048728458,
105150,market_research_2026-04-04_22-23-04_live_round,c6abe590858247adbb3a88511acd7fc6,2026-04-05T03:36:00.630880+00:00,1775360160630880000,175870964013791,1525,,,ETF,2957,60,2957.0,0.0,92.091715333,
105214,market_research_2026-04-04_22-23-04_live_round,c6abe590858247adbb3a88511acd7fc6,2026-04-05T03:36:01.343683+00:00,1775360161343683000,175871676817750,1525,,,ETF,2963,40,2963.5,-1.0,92.804519292,
105219,market_research_2026-04-04_22-23-04_live_round,c6abe590858247adbb3a88511acd7fc6,2026-04-05T03:36:01.395256+00:00,1775360161395256000,175871728391291,1525,,,ETF,2963,60,2963.0,0.0,92.856092833,
105407,market_research_2026-04-04_22-23-04_live_round,c6abe590858247adbb3a88511acd7fc6,2026-04-05T03:36:03.720083+00:00,1775360163720083000,175874053223250,1525,,,ETF,2963,40,2963.5,-1.0,95.180924792,
105473,market_research_2026-04-04_22-23-04_live_round,c6abe590858247adbb3a88511acd7fc6,2026-04-05T03:36:04.551961+00:00,1775360164551961000,175874885102166,1525,,,ETF,2966,40,2972.5,-13.0,96.012803708,
105478,market_research_2026-04-04_22-23-04_live_round,c6abe590858247adbb3a88511acd7fc6,2026-04-05T03:36:04.606486+00:00,1775360164606486000,175874939627625,1525,,,ETF,2966,60,2972.0,-12.0,96.067329167,
105483,market_research_2026-04-04_22-23-04_live_round,c6abe590858247adbb3a88511acd7fc6,2026-04-05T03:36:04.651442+00:00,1775360164651442000,175874984584041,1525,,,ETF,2970,40,2973.5,-7.0,96.112285583,
105484,market_research_2026-04-04_22-23-04_live_round,c6abe590858247adbb3a88511acd7fc6,2026-04-05T03:36:04.651589+00:00,1775360164651589000,175874984731458,1525,,,ETF,2971,40,2973.5,-7.0,96.112433,
105490,market_research_2026-04-04_22-23-04_live_round,c6abe590858247adbb3a88511acd7fc6,2026-04-05T03:36:04.709208+00:00,1775360164709208000,175875042350583,1525,,,ETF,2971,20,2973.5,-5.0,96.170052125,
105491,market_research_2026-04-04_22-23-04_live_round,c6abe590858247adbb3a88511acd7fc6,2026-04-05T03:36:04.709389+00:00,1775360164709389000,175875042531666,1525,,,ETF,2972,80,2973.5,-5.0,96.170233208,
105548,market_research_2026-04-04_22-23-04_live_round,c6abe590858247adbb3a88511acd7fc6,2026-04-05T03:36:05.389087+00:00,1775360165389087000,175875722230708,1525,,,ETF,2973,40,2975.5,-5.0,96.84993225,
105553,market_research_2026-04-04_22-23-04_live_round,c6abe590858247adbb3a88511acd7fc6,2026-04-05T03:36:05.432687+00:00,1775360165432687000,175875765830041,1525,,,ETF,2973,60,2975.0,-4.0,96.893531583,
105723,market_research_2026-04-04_22-23-04_live_round,c6abe590858247adbb3a88511acd7fc6,2026-04-05T03:36:07.633149+00:00,1775360167633149000,175877966296916,1525,,,ETF,2983,40,2983.5,-1.0,99.093998458,
105728,market_research_2026-04-04_22-23-04_live_round,c6abe590858247adbb3a88511acd7fc6,2026-04-05T03:36:07.679920+00:00,1775360167679920000,175878013067833,1525,,,ETF,2983,60,2983.0,0.0,99.140769375,
106116,market_research_2026-04-04_22-23-04_live_round,c6abe590858247adbb3a88511acd7fc6,2026-04-05T03:36:12.590836+00:00,1775360172590836000,175882923994000,1525,,,ETF,2973,40,2968.0,-10.0,104.051695542,
106126,market_research_2026-04-04_22-23-04_live_round,c6abe590858247adbb3a88511acd7fc6,2026-04-05T03:36:12.692090+00:00,1775360172692090000,175883025248791,1525,,,ETF,2972,60,2968.0,-8.0,104.152950333,
106134,market_research_2026-04-04_22-23-04_live_round,c6abe590858247adbb3a88511acd7fc6,2026-04-05T03:36:12.780548+00:00,1775360172780548000,175883113706958,1525,,,ETF,2971,80,2968.0,-6.0,104.2414085,
106142,market_research_2026-04-04_22-23-04_live_round,c6abe590858247adbb3a88511acd7fc6,2026-04-05T03:36:12.886912+00:00,1775360172886912000,175883220071250,1525,,,ETF,2971,100,2968.5,-5.0,104.347772792,
106252,market_research_2026-04-04_22-23-04_live_round,c6abe590858247adbb3a88511acd7fc6,2026-04-05T03:36:14.215860+00:00,1775360174215860000,175884549021125,1525,,,ETF,2979,40,2979.5,-1.0,105.676722667,
106320,market_research_2026-04-04_22-23-04_live_round,c6abe590858247adbb3a88511acd7fc6,2026-04-05T03:36:15.084807+00:00,1775360175084807000,175885417970708,1525,,,ETF,2982,40,2983.0,-2.0,106.54567225,
106325,market_research_2026-04-04_22-23-04_live_round,c6abe590858247adbb3a88511acd7fc6,2026-04-05T03:36:15.124201+00:00,1775360175124201000,175885457364375,1525,,,ETF,2982,60,2982.5,-1.0,106.585065917,
106385,market_research_2026-04-04_22-23-04_live_round,c6abe590858247adbb3a88511acd7fc6,2026-04-05T03:36:15.849918+00:00,1775360175849918000,175886183083083,1525,,,ETF,2989,40,2989.0,0.0,107.310784625,
106515,market_research_2026-04-04_22-23-04_live_round,c6abe590858247adbb3a88511acd7fc6,2026-04-05T03:36:17.396911+00:00,1775360177396911000,175887730079375,1525,,,ETF,2992,40,2992.0,0.0,108.857780917,
106583,market_research_2026-04-04_22-23-04_live_round,c6abe590858247adbb3a88511acd7fc6,2026-04-05T03:36:18.274256+00:00,1775360178274256000,175888607426000,1525,,,ETF,2989,40,2988.5,-1.0,109.735127542,
106588,market_research_2026-04-04_22-23-04_live_round,c6abe590858247adbb3a88511acd7fc6,2026-04-05T03:36:18.329917+00:00,1775360178329917000,175888663087625,1525,,,ETF,2989,60,2989.0,0.0,109.790789167,
106648,market_research_2026-04-04_22-23-04_live_round,c6abe590858247adbb3a88511acd7fc6,2026-04-05T03:36:19.073505+00:00,1775360179073505000,175889406676625,1525,,,ETF,2983,40,2978.0,-10.0,110.534378167,
106655,market_research_2026-04-04_22-23-04_live_round,c6abe590858247adbb3a88511acd7fc6,2026-04-05T03:36:19.160706+00:00,1775360179160706000,175889493878333,1525,,,ETF,2983,60,2978.5,-9.0,110.621579875,
106661,market_research_2026-04-04_22-23-04_live_round,c6abe590858247adbb3a88511acd7fc6,2026-04-05T03:36:19.221412+00:00,1775360179221412000,175889554583750,1525,,,ETF,2982,40,2978.5,-7.0,110.682285292,
106662,market_research_2026-04-04_22-23-04_live_round,c6abe590858247adbb3a88511acd7fc6,2026-04-05T03:36:19.221575+00:00,1775360179221575000,175889554747333,1525,,,ETF,2981,40,2978.5,-7.0,110.682448875,
106670,market_research_2026-04-04_22-23-04_live_round,c6abe590858247adbb3a88511acd7fc6,2026-04-05T03:36:19.308290+00:00,1775360179308290000,175889641462291,1525,,,ETF,2981,20,2978.5,-5.0,110.769163833,
106671,market_research_2026-04-04_22-23-04_live_round,c6abe590858247adbb3a88511acd7fc6,2026-04-05T03:36:19.308465+00:00,1775360179308465000,175889641638083,1525,,,ETF,2980,80,2978.5,-5.0,110.769339625,
106722,market_research_2026-04-04_22-23-04_live_round,c6abe590858247adbb3a88511acd7fc6,2026-04-05T03:36:19.916444+00:00,1775360179916444000,175890249617000,1525,,,ETF,2979,40,2977.0,-4.0,111.377318542,
106730,market_research_2026-04-04_22-23-04_live_round,c6abe590858247adbb3a88511acd7fc6,2026-04-05T03:36:20.008939+00:00,1775360180008939000,175890342112166,1525,,,ETF,2979,60,2977.5,-3.0,111.469813708,
106787,market_research_2026-04-04_22-23-04_live_round,c6abe590858247adbb3a88511acd7fc6,2026-04-05T03:36:20.741474+00:00,1775360180741474000,175891074649083,1525,,,ETF,2977,40,2978.0,-2.0,112.202350625,
106792,market_research_2026-04-04_22-23-04_live_round,c6abe590858247adbb3a88511acd7fc6,2026-04-05T03:36:20.787179+00:00,1775360180787179000,175891120354541,1525,,,ETF,2977,40,2977.5,-1.0,112.248056083,
106793,market_research_2026-04-04_22-23-04_live_round,c6abe590858247adbb3a88511acd7fc6,2026-04-05T03:36:20.787330+00:00,1775360180787330000,175891120505291,1525,,,ETF,2978,20,2977.5,-1.0,112.248206833,
106855,market_research_2026-04-04_22-23-04_live_round,c6abe590858247adbb3a88511acd7fc6,2026-04-05T03:36:21.550395+00:00,1775360181550395000,175891883571750,1525,,,ETF,2978,40,2984.0,-12.0,113.011273292,
106861,market_research_2026-04-04_22-23-04_live_round,c6abe590858247adbb3a88511acd7fc6,2026-04-05T03:36:21.613110+00:00,1775360181613110000,175891946287125,1525,,,ETF,2978,40,2983.5,-11.0,113.073988667,
106862,market_research_2026-04-04_22-23-04_live_round,c6abe590858247adbb3a88511acd7fc6,2026-04-05T03:36:21.613270+00:00,1775360181613270000,175891946446958,1525,,,ETF,2985,20,2983.5,-11.0,113.0741485,
106868,market_research_2026-04-04_22-23-04_live_round,c6abe590858247adbb3a88511acd7fc6,2026-04-05T03:36:21.674850+00:00,1775360181674850000,175892008027500,1525,,,ETF,2985,20,2986.5,-3.0,113.135729042,
106869,market_research_2026-04-04_22-23-04_live_round,c6abe590858247adbb3a88511acd7fc6,2026-04-05T03:36:21.675034+00:00,1775360181675034000,175892008211291,1525,,,ETF,2986,60,2986.5,-3.0,113.135912833,
106875,market_research_2026-04-04_22-23-04_live_round,c6abe590858247adbb3a88511acd7fc6,2026-04-05T03:36:21.726962+00:00,1775360181726962000,175892060140041,1525,,,ETF,2987,80,2987.0,0.0,113.187841583,
106931,market_research_2026-04-04_22-23-04_live_round,c6abe590858247adbb3a88511acd7fc6,2026-04-05T03:36:22.381398+00:00,1775360182381398000,175892714576541,1525,,,ETF,2987,20,2987.0,0.0,113.842278083,
106995,market_research_2026-04-04_22-23-04_live_round,c6abe590858247adbb3a88511acd7fc6,2026-04-05T03:36:23.128886+00:00,1775360183128886000,175893462065958,1525,,,ETF,2981,40,2979.5,-3.0,114.5897675,
107002,market_research_2026-04-04_22-23-04_live_round,c6abe590858247adbb3a88511acd7fc6,2026-04-05T03:36:23.204678+00:00,1775360183204678000,175893537858083,1525,,,ETF,2980,60,2979.5,-1.0,114.665559625,
107188,market_research_2026-04-04_22-23-04_live_round,c6abe590858247adbb3a88511acd7fc6,2026-04-05T03:36:25.580108+00:00,1775360185580108000,175895913293375,1525,,,ETF,2977,40,2975.5,-3.0,117.040994917,
107194,market_research_2026-04-04_22-23-04_live_round,c6abe590858247adbb3a88511acd7fc6,2026-04-05T03:36:25.646778+00:00,1775360185646778000,175895979963666,1525,,,ETF,2976,60,2975.5,-1.0,117.107665208,
107256,market_research_2026-04-04_22-23-04_live_round,c6abe590858247adbb3a88511acd7fc6,2026-04-05T03:36:26.441917+00:00,1775360186441917000,175896775103916,1525,,,ETF,2974,40,2971.5,-5.0,117.902805458,
107262,market_research_2026-04-04_22-23-04_live_round,c6abe590858247adbb3a88511acd7fc6,2026-04-05T03:36:26.523455+00:00,1775360186523455000,175896856642041,1525,,,ETF,2974,60,2972.0,-4.0,117.984343583,
107387,market_research_2026-04-04_22-23-04_live_round,c6abe590858247adbb3a88511acd7fc6,2026-04-05T03:36:28.194370+00:00,1775360188194370000,175898527560958,1525,,,ETF,2970,40,2970.5,-1.0,119.6552625,
107710,market_research_2026-04-04_22-23-04_live_round,c6abe590858247adbb3a88511acd7fc6,2026-04-05T03:36:32.256838+00:00,1775360192256838000,175902590036833,1525,,,ETF,2978,40,2975.5,-5.0,123.717738375,
107715,market_research_2026-04-04_22-23-04_live_round,c6abe590858247adbb3a88511acd7fc6,2026-04-05T03:36:32.294937+00:00,1775360192294937000,175902628135958,1525,,,ETF,2977,60,2975.5,-3.0,123.7558375,
107720,market_research_2026-04-04_22-23-04_live_round,c6abe590858247adbb3a88511acd7fc6,2026-04-05T03:36:32.345449+00:00,1775360192345449000,175902678648458,1525,,,ETF,2976,80,2975.5,-1.0,123.80635,
107785,market_research_2026-04-04_22-23-04_live_round,c6abe590858247adbb3a88511acd7fc6,2026-04-05T03:36:33.035452+00:00,1775360193035452000,175903368653208,1525,,,ETF,2975,40,2972.0,-6.0,124.49635475,
107790,market_research_2026-04-04_22-23-04_live_round,c6abe590858247adbb3a88511acd7fc6,2026-04-05T03:36:33.084566+00:00,1775360193084566000,175903417766708,1525,,,ETF,2975,60,2972.5,-5.0,124.54546825,
107982,market_research_2026-04-04_22-23-04_live_round,c6abe590858247adbb3a88511acd7fc6,2026-04-05T03:36:35.521388+00:00,1775360195521388000,175905854594416,1525,,,ETF,2969,40,2966.0,-6.0,126.982295958,
107987,market_research_2026-04-04_22-23-04_live_round,c6abe590858247adbb3a88511acd7fc6,2026-04-05T03:36:35.590062+00:00,1775360195590062000,175905923268083,1525,,,ETF,2968,60,2966.0,-4.0,127.050969625,
107994,market_research_2026-04-04_22-23-04_live_round,c6abe590858247adbb3a88511acd7fc6,2026-04-05T03:36:35.666335+00:00,1775360195666335000,175905999541083,1525,,,ETF,2967,80,2966.0,-2.0,127.127242625,
107999,market_research_2026-04-04_22-23-04_live_round,c6abe590858247adbb3a88511acd7fc6,2026-04-05T03:36:35.706960+00:00,1775360195706960000,175906040166166,1525,,,ETF,2966,100,2966.0,0.0,127.167867708,
108123,market_research_2026-04-04_22-23-04_live_round,c6abe590858247adbb3a88511acd7fc6,2026-04-05T03:36:37.254293+00:00,1775360197254293000,175907587502583,1650,,,ETF,2974,40,2978.5,-9.0,1.295860708,
108130,market_research_2026-04-04_22-23-04_live_round,c6abe590858247adbb3a88511acd7fc6,2026-04-05T03:36:37.327236+00:00,1775360197327236000,175907660445541,1650,,,ETF,2975,60,2978.5,-7.0,1.368803666,
108137,market_research_2026-04-04_22-23-04_live_round,c6abe590858247adbb3a88511acd7fc6,2026-04-05T03:36:37.410201+00:00,1775360197410201000,175907743410291,1650,,,ETF,2976,80,2978.5,-5.0,1.451768416,
108142,market_research_2026-04-04_22-23-04_live_round,c6abe590858247adbb3a88511acd7fc6,2026-04-05T03:36:37.454261+00:00,1775360197454261000,175907787470791,1650,,,ETF,2977,100,2978.5,-3.0,1.495828916,
108203,market_research_2026-04-04_22-23-04_live_round,c6abe590858247adbb3a88511acd7fc6,2026-04-05T03:36:38.203261+00:00,1775360198203261000,175908536472833,1650,,,ETF,2989,40,2992.0,-6.0,2.244830958,
108209,market_research_2026-04-04_22-23-04_live_round,c6abe590858247adbb3a88511acd7fc6,2026-04-05T03:36:38.262993+00:00,1775360198262993000,175908596204375,1650,,,ETF,2990,60,2992.0,-4.0,2.3045625,
108214,market_research_2026-04-04_22-23-04_live_round,c6abe590858247adbb3a88511acd7fc6,2026-04-05T03:36:38.311852+00:00,1775360198311852000,175908645064250,1650,,,ETF,2991,80,2992.0,-2.0,2.353422375,
108219,market_research_2026-04-04_22-23-04_live_round,c6abe590858247adbb3a88511acd7fc6,2026-04-05T03:36:38.353030+00:00,1775360198353030000,175908686241750,1650,,,ETF,2992,100,2992.0,0.0,2.394599875,
108326,market_research_2026-04-04_22-23-04_live_round,c6abe590858247adbb3a88511acd7fc6,2026-04-05T03:36:39.651655+00:00,1775360199651655000,175909984869083,1650,,,ETF,3004,40,3004.5,-1.0,3.693227208,
108332,market_research_2026-04-04_22-23-04_live_round,c6abe590858247adbb3a88511acd7fc6,2026-04-05T03:36:39.717792+00:00,1775360199717792000,175910051007125,1650,,,ETF,3004,60,3004.0,0.0,3.75936525,
108394,market_research_2026-04-04_22-23-04_live_round,c6abe590858247adbb3a88511acd7fc6,2026-04-05T03:36:40.471803+00:00,1775360200471803000,175910805019291,1650,,,ETF,3007,40,3007.5,-1.0,4.513377416,
108399,market_research_2026-04-04_22-23-04_live_round,c6abe590858247adbb3a88511acd7fc6,2026-04-05T03:36:40.517108+00:00,1775360200517108000,175910850324208,1650,,,ETF,3007,60,3007.0,0.0,4.558682333,
108463,market_research_2026-04-04_22-23-04_live_round,c6abe590858247adbb3a88511acd7fc6,2026-04-05T03:36:41.346191+00:00,1775360201346191000,175911679408791,1650,,,ETF,3014,40,3016.5,-5.0,5.387766916,
108469,market_research_2026-04-04_22-23-04_live_round,c6abe590858247adbb3a88511acd7fc6,2026-04-05T03:36:41.422028+00:00,1775360201422028000,175911755246666,1650,,,ETF,3014,60,3016.0,-4.0,5.463604791,
108474,market_research_2026-04-04_22-23-04_live_round,c6abe590858247adbb3a88511acd7fc6,2026-04-05T03:36:41.464397+00:00,1775360201464397000,175911797615125,1650,,,ETF,3014,40,3015.5,-3.0,5.50597325,
108475,market_research_2026-04-04_22-23-04_live_round,c6abe590858247adbb3a88511acd7fc6,2026-04-05T03:36:41.464564+00:00,1775360201464564000,175911797782791,1650,,,ETF,3015,40,3015.5,-3.0,5.506140916,
108482,market_research_2026-04-04_22-23-04_live_round,c6abe590858247adbb3a88511acd7fc6,2026-04-05T03:36:41.534213+00:00,1775360201534213000,175911867431250,1650,,,ETF,3015,20,3015.5,-1.0,5.575789375,
108483,market_research_2026-04-04_22-23-04_live_round,c6abe590858247adbb3a88511acd7fc6,2026-04-05T03:36:41.534392+00:00,1775360201534392000,175911867611125,1650,,,ETF,3016,80,3015.5,-1.0,5.57596925,
108540,market_research_2026-04-04_22-23-04_live_round,c6abe590858247adbb3a88511acd7fc6,2026-04-05T03:36:42.253714+00:00,1775360202253714000,175912586933875,1650,,,ETF,3017,40,3019.5,-5.0,6.295292,
108545,market_research_2026-04-04_22-23-04_live_round,c6abe590858247adbb3a88511acd7fc6,2026-04-05T03:36:42.301772+00:00,1775360202301772000,175912634991875,1650,,,ETF,3017,60,3019.0,-4.0,6.34335,
108603,market_research_2026-04-04_22-23-04_live_round,c6abe590858247adbb3a88511acd7fc6,2026-04-05T03:36:43.040856+00:00,1775360203040856000,175913374077125,1650,,,ETF,3028,40,3033.0,-10.0,7.08243525,
108608,market_research_2026-04-04_22-23-04_live_round,c6abe590858247adbb3a88511acd7fc6,2026-04-05T03:36:43.090082+00:00,1775360203090082000,175913423303916,1650,,,ETF,3028,60,3032.5,-9.0,7.131662041,
108614,market_research_2026-04-04_22-23-04_live_round,c6abe590858247adbb3a88511acd7fc6,2026-04-05T03:36:43.155969+00:00,1775360203155969000,175913489190875,1650,,,ETF,3028,40,3032.0,-8.0,7.197549,
108615,market_research_2026-04-04_22-23-04_live_round,c6abe590858247adbb3a88511acd7fc6,2026-04-05T03:36:43.156147+00:00,1775360203156147000,175913489369083,1650,,,ETF,3029,40,3032.0,-8.0,7.197727208,
108621,market_research_2026-04-04_22-23-04_live_round,c6abe590858247adbb3a88511acd7fc6,2026-04-05T03:36:43.215461+00:00,1775360203215461000,175913548683625,1650,,,ETF,3029,20,3032.0,-6.0,7.25704175,
108622,market_research_2026-04-04_22-23-04_live_round,c6abe590858247adbb3a88511acd7fc6,2026-04-05T03:36:43.215604+00:00,1775360203215604000,175913548826125,1650,,,ETF,3030,80,3032.0,-6.0,7.25718425,
108676,market_research_2026-04-04_22-23-04_live_round,c6abe590858247adbb3a88511acd7fc6,2026-04-05T03:36:43.865623+00:00,1775360203865623000,175914198846458,1650,,,ETF,3031,40,3037.0,-12.0,7.907204583,
108681,market_research_2026-04-04_22-23-04_live_round,c6abe590858247adbb3a88511acd7fc6,2026-04-05T03:36:43.921366+00:00,1775360203921366000,175914254589625,1650,,,ETF,3031,60,3036.5,-11.0,7.96294775,
108808,market_research_2026-04-04_22-23-04_live_round,c6abe590858247adbb3a88511acd7fc6,2026-04-05T03:36:45.469815+00:00,1775360205469815000,175915803041708,1650,,,ETF,3044,40,3043.0,-2.0,9.511399833,
108814,market_research_2026-04-04_22-23-04_live_round,c6abe590858247adbb3a88511acd7fc6,2026-04-05T03:36:45.545154+00:00,1775360205545154000,175915878380375,1650,,,ETF,3043,60,3043.0,0.0,9.5867385,
108935,market_research_2026-04-04_22-23-04_live_round,c6abe590858247adbb3a88511acd7fc6,2026-04-05T03:36:47.067074+00:00,1775360207067074000,175917400304083,1650,,,ETF,3045,40,3048.0,-6.0,11.108662208,
108943,market_research_2026-04-04_22-23-04_live_round,c6abe590858247adbb3a88511acd7fc6,2026-04-05T03:36:47.163101+00:00,1775360207163101000,175917496331291,1650,,,ETF,3045,60,3047.5,-5.0,11.204689416,
108948,market_research_2026-04-04_22-23-04_live_round,c6abe590858247adbb3a88511acd7fc6,2026-04-05T03:36:47.217282+00:00,1775360207217282000,175917550512208,1650,,,ETF,3048,40,3048.5,-1.0,11.258870333,
108949,market_research_2026-04-04_22-23-04_live_round,c6abe590858247adbb3a88511acd7fc6,2026-04-05T03:36:47.220873+00:00,1775360207220873000,175917554103541,1650,,,ETF,3049,40,3048.5,-1.0,11.262461666,
109006,market_research_2026-04-04_22-23-04_live_round,c6abe590858247adbb3a88511acd7fc6,2026-04-05T03:36:47.922251+00:00,1775360207922251000,175918255482541,1650,,,ETF,3051,40,3054.5,-7.0,11.963840666,
109011,market_research_2026-04-04_22-23-04_live_round,c6abe590858247adbb3a88511acd7fc6,2026-04-05T03:36:47.972204+00:00,1775360207972204000,175918305435625,1650,,,ETF,3051,60,3054.0,-6.0,12.01379375,
109072,market_research_2026-04-04_22-23-04_live_round,c6abe590858247adbb3a88511acd7fc6,2026-04-05T03:36:48.733809+00:00,1775360208733809000,175919067041750,1650,,,ETF,3060,40,3060.5,-1.0,12.775399875,
109079,market_research_2026-04-04_22-23-04_live_round,c6abe590858247adbb3a88511acd7fc6,2026-04-05T03:36:48.812450+00:00,1775360208812450000,175919145683333,1650,,,ETF,3060,60,3060.0,0.0,12.854041458,
109329,market_research_2026-04-04_22-23-04_live_round,c6abe590858247adbb3a88511acd7fc6,2026-04-05T03:36:52.003443+00:00,1775360212003443000,175922336683041,1650,,,ETF,3071,40,3073.5,-5.0,16.045041166,
109337,market_research_2026-04-04_22-23-04_live_round,c6abe590858247adbb3a88511acd7fc6,2026-04-05T03:36:52.101218+00:00,1775360212101218000,175922434458250,1650,,,ETF,3071,60,3073.0,-4.0,16.142816375,
109342,market_research_2026-04-04_22-23-04_live_round,c6abe590858247adbb3a88511acd7fc6,2026-04-05T03:36:52.142663+00:00,1775360212142663000,175922475904000,1650,,,ETF,3073,40,3073.5,-1.0,16.184262125,
109343,market_research_2026-04-04_22-23-04_live_round,c6abe590858247adbb3a88511acd7fc6,2026-04-05T03:36:52.142823+00:00,1775360212142823000,175922476064458,1650,,,ETF,3074,40,3073.5,-1.0,16.184422583,
109370,market_research_2026-04-04_22-23-04_live_round,c6abe590858247adbb3a88511acd7fc6,2026-04-05T03:36:52.455555+00:00,1775360212455555000,175922788796125,1650,,,ETF,3073,100,3070.0,-6.0,16.49715425,
109471,market_research_2026-04-04_22-23-04_live_round,c6abe590858247adbb3a88511acd7fc6,2026-04-05T03:36:53.676111+00:00,1775360213676111000,175924009354750,1650,,,ETF,3075,40,3078.0,-6.0,17.717712875,
109476,market_research_2026-04-04_22-23-04_live_round,c6abe590858247adbb3a88511acd7fc6,2026-04-05T03:36:53.727764+00:00,1775360213727764000,175924061007541,1650,,,ETF,3076,60,3078.0,-4.0,17.769365666,
109483,market_research_2026-04-04_22-23-04_live_round,c6abe590858247adbb3a88511acd7fc6,2026-04-05T03:36:53.804974+00:00,1775360213804974000,175924138217500,1650,,,ETF,3077,80,3078.0,-2.0,17.846575625,
109490,market_research_2026-04-04_22-23-04_live_round,c6abe590858247adbb3a88511acd7fc6,2026-04-05T03:36:53.874722+00:00,1775360213874722000,175924207966083,1650,,,ETF,3078,100,3078.0,0.0,17.916324208,
109540,market_research_2026-04-04_22-23-04_live_round,c6abe590858247adbb3a88511acd7fc6,2026-04-05T03:36:54.477865+00:00,1775360214477865000,175924811110541,1650,,,ETF,3087,40,3090.0,-6.0,18.519468666,
109547,market_research_2026-04-04_22-23-04_live_round,c6abe590858247adbb3a88511acd7fc6,2026-04-05T03:36:54.560825+00:00,1775360214560825000,175924894070208,1650,,,ETF,3088,60,3090.0,-4.0,18.602428333,
109552,market_research_2026-04-04_22-23-04_live_round,c6abe590858247adbb3a88511acd7fc6,2026-04-05T03:36:54.604447+00:00,1775360214604447000,175924937693291,1650,,,ETF,3089,80,3090.0,-2.0,18.646051416,
109558,market_research_2026-04-04_22-23-04_live_round,c6abe590858247adbb3a88511acd7fc6,2026-04-05T03:36:54.660355+00:00,1775360214660355000,175924993600500,1650,,,ETF,3090,100,3090.0,0.0,18.701958625,
109743,market_research_2026-04-04_22-23-04_live_round,c6abe590858247adbb3a88511acd7fc6,2026-04-05T03:36:56.923302+00:00,1775360216923302000,175927256552750,1650,,,ETF,3085,40,3081.5,-7.0,20.964910875,
109749,market_research_2026-04-04_22-23-04_live_round,c6abe590858247adbb3a88511acd7fc6,2026-04-05T03:36:56.994216+00:00,1775360216994216000,175927327466916,1650,,,ETF,3084,60,3081.5,-5.0,21.035825041,
109754,market_research_2026-04-04_22-23-04_live_round,c6abe590858247adbb3a88511acd7fc6,2026-04-05T03:36:57.029014+00:00,1775360217029014000,175927362265500,1650,,,ETF,3083,80,3081.5,-3.0,21.070623625,
109760,market_research_2026-04-04_22-23-04_live_round,c6abe590858247adbb3a88511acd7fc6,2026-04-05T03:36:57.088860+00:00,1775360217088860000,175927422111541,1650,,,ETF,3083,100,3082.0,-2.0,21.130469666,
109876,market_research_2026-04-04_22-23-04_live_round,c6abe590858247adbb3a88511acd7fc6,2026-04-05T03:36:58.569806+00:00,1775360218569806000,175928903060208,1650,,,ETF,3090,40,3092.5,-5.0,22.611418333,
109883,market_research_2026-04-04_22-23-04_live_round,c6abe590858247adbb3a88511acd7fc6,2026-04-05T03:36:58.664069+00:00,1775360218664069000,175928997323250,1650,,,ETF,3091,60,3092.5,-3.0,22.705681375,
109888,market_research_2026-04-04_22-23-04_live_round,c6abe590858247adbb3a88511acd7fc6,2026-04-05T03:36:58.712845+00:00,1775360218712845000,175929046099125,1650,,,ETF,3092,80,3092.5,-1.0,22.75445725,
110203,market_research_2026-04-04_22-23-04_live_round,c6abe590858247adbb3a88511acd7fc6,2026-04-05T03:37:02.615623+00:00,1775360222615623000,175932948886000,1650,,,ETF,3097,40,3100.0,-6.0,26.657244125,
110210,market_research_2026-04-04_22-23-04_live_round,c6abe590858247adbb3a88511acd7fc6,2026-04-05T03:37:02.701783+00:00,1775360222701783000,175933035045916,1650,,,ETF,3098,60,3100.0,-4.0,26.743404041,
110217,market_research_2026-04-04_22-23-04_live_round,c6abe590858247adbb3a88511acd7fc6,2026-04-05T03:37:02.781994+00:00,1775360222781994000,175933115257083,1650,,,ETF,3098,40,3099.5,-3.0,26.823615208,
110218,market_research_2026-04-04_22-23-04_live_round,c6abe590858247adbb3a88511acd7fc6,2026-04-05T03:37:02.782159+00:00,1775360222782159000,175933115421791,1650,,,ETF,3098,40,3099.5,-3.0,26.823779916,
110223,market_research_2026-04-04_22-23-04_live_round,c6abe590858247adbb3a88511acd7fc6,2026-04-05T03:37:02.818955+00:00,1775360222818955000,175933152218083,1650,,,ETF,3098,20,3099.0,-2.0,26.860576208,
110224,market_research_2026-04-04_22-23-04_live_round,c6abe590858247adbb3a88511acd7fc6,2026-04-05T03:37:02.819099+00:00,1775360222819099000,175933152362666,1650,,,ETF,3099,80,3099.0,-2.0,26.860720791,
110282,market_research_2026-04-04_22-23-04_live_round,c6abe590858247adbb3a88511acd7fc6,2026-04-05T03:37:03.494204+00:00,1775360223494204000,175933827467708,1650,,,ETF,3100,40,3103.5,-7.0,27.535825833,
110288,market_research_2026-04-04_22-23-04_live_round,c6abe590858247adbb3a88511acd7fc6,2026-04-05T03:37:03.561913+00:00,1775360223561913000,175933895177041,1650,,,ETF,3100,60,3103.0,-6.0,27.603535166,
110351,market_research_2026-04-04_22-23-04_live_round,c6abe590858247adbb3a88511acd7fc6,2026-04-05T03:37:04.315714+00:00,1775360224315714000,175934648979541,1650,,,ETF,3112,40,3112.0,0.0,28.357337666,
110481,market_research_2026-04-04_22-23-04_live_round,c6abe590858247adbb3a88511acd7fc6,2026-04-05T03:37:05.909329+00:00,1775360225909329000,175936242598083,1650,,,ETF,3119,40,3121.0,-4.0,29.950956208,
110492,market_research_2026-04-04_22-23-04_live_round,c6abe590858247adbb3a88511acd7fc6,2026-04-05T03:37:06.038668+00:00,1775360226038668000,175936371938333,1650,,,ETF,3120,60,3121.0,-2.0,30.080296458,
110498,market_research_2026-04-04_22-23-04_live_round,c6abe590858247adbb3a88511acd7fc6,2026-04-05T03:37:06.093528+00:00,1775360226093528000,175936426798125,1650,,,ETF,3121,80,3121.0,0.0,30.13515625,
110552,market_research_2026-04-04_22-23-04_live_round,c6abe590858247adbb3a88511acd7fc6,2026-04-05T03:37:06.780034+00:00,1775360226780034000,175937113305125,1650,,,ETF,3120,40,3119.0,-2.0,30.82166325,
110562,market_research_2026-04-04_22-23-04_live_round,c6abe590858247adbb3a88511acd7fc6,2026-04-05T03:37:06.880297+00:00,1775360226880297000,175937213568291,1650,,,ETF,3120,60,3119.5,-1.0,30.921926416,
110745,market_research_2026-04-04_22-23-04_live_round,c6abe590858247adbb3a88511acd7fc6,2026-04-05T03:37:09.240706+00:00,1775360229240706000,175939573982458,1650,,,ETF,3113,40,3116.5,-7.0,33.282340583,
110751,market_research_2026-04-04_22-23-04_live_round,c6abe590858247adbb3a88511acd7fc6,2026-04-05T03:37:09.311573+00:00,1775360229311573000,175939644849041,1650,,,ETF,3114,60,3116.5,-5.0,33.353207166,
110757,market_research_2026-04-04_22-23-04_live_round,c6abe590858247adbb3a88511acd7fc6,2026-04-05T03:37:09.382558+00:00,1775360229382558000,175939715834166,1650,,,ETF,3115,80,3116.5,-3.0,33.424192291,
110763,market_research_2026-04-04_22-23-04_live_round,c6abe590858247adbb3a88511acd7fc6,2026-04-05T03:37:09.447348+00:00,1775360229447348000,175939780624333,1650,,,ETF,3116,100,3116.5,-1.0,33.488982458,
110817,market_research_2026-04-04_22-23-04_live_round,c6abe590858247adbb3a88511acd7fc6,2026-04-05T03:37:10.095948+00:00,1775360230095948000,175940429225791,1650,,,ETF,3116,40,3117.0,-2.0,34.137583916,
110823,market_research_2026-04-04_22-23-04_live_round,c6abe590858247adbb3a88511acd7fc6,2026-04-05T03:37:10.169551+00:00,1775360230169551000,175940502829125,1650,,,ETF,3116,60,3116.5,-1.0,34.21118725,
110912,market_research_2026-04-04_22-23-04_live_round,c6abe590858247adbb3a88511acd7fc6,2026-04-05T03:37:11.245356+00:00,1775360231245356000,175941578636458,1650,,,ETF,3124,40,3130.0,-12.0,35.286994583,
110913,market_research_2026-04-04_22-23-04_live_round,c6abe590858247adbb3a88511acd7fc6,2026-04-05T03:37:11.245518+00:00,1775360231245518000,175941578798875,1650,,,ETF,3125,60,3130.0,-12.0,35.287157,
110914,market_research_2026-04-04_22-23-04_live_round,c6abe590858247adbb3a88511acd7fc6,2026-04-05T03:37:11.245635+00:00,1775360231245635000,175941578916083,1650,,,ETF,3126,80,3130.0,-12.0,35.287274208,
110915,market_research_2026-04-04_22-23-04_live_round,c6abe590858247adbb3a88511acd7fc6,2026-04-05T03:37:11.245747+00:00,1775360231245747000,175941579027791,1650,,,ETF,3127,20,3130.0,-12.0,35.287385916,
110958,market_research_2026-04-04_22-23-04_live_round,c6abe590858247adbb3a88511acd7fc6,2026-04-05T03:37:11.763105+00:00,1775360231763105000,175942096386708,1650,,,ETF,3127,40,3127.5,-1.0,35.804744833,
110964,market_research_2026-04-04_22-23-04_live_round,c6abe590858247adbb3a88511acd7fc6,2026-04-05T03:37:11.816801+00:00,1775360231816801000,175942150082958,1650,,,ETF,3127,40,3127.0,0.0,35.858441083,
110965,market_research_2026-04-04_22-23-04_live_round,c6abe590858247adbb3a88511acd7fc6,2026-04-05T03:37:11.820821+00:00,1775360231820821000,175942154102375,1650,,,ETF,3127,20,3127.0,0.0,35.8624605,
111023,market_research_2026-04-04_22-23-04_live_round,c6abe590858247adbb3a88511acd7fc6,2026-04-05T03:37:12.501015+00:00,1775360232501015000,175942834297791,1650,,,ETF,3127,40,3128.0,-2.0,36.542655916,
111030,market_research_2026-04-04_22-23-04_live_round,c6abe590858247adbb3a88511acd7fc6,2026-04-05T03:37:12.587423+00:00,1775360232587423000,175942920706541,1650,,,ETF,3127,40,3127.5,-1.0,36.629064666,
111218,market_research_2026-04-04_22-23-04_live_round,c6abe590858247adbb3a88511acd7fc6,2026-04-05T03:37:15.014519+00:00,1775360235014519000,175945347806958,1650,,,ETF,3133,40,3136.5,-7.0,39.056165083,
111223,market_research_2026-04-04_22-23-04_live_round,c6abe590858247adbb3a88511acd7fc6,2026-04-05T03:37:15.068958+00:00,1775360235068958000,175945402246541,1650,,,ETF,3134,60,3136.5,-5.0,39.110604666,
111228,market_research_2026-04-04_22-23-04_live_round,c6abe590858247adbb3a88511acd7fc6,2026-04-05T03:37:15.113973+00:00,1775360235113973000,175945447261458,1650,,,ETF,3135,80,3136.5,-3.0,39.155619583,
111237,market_research_2026-04-04_22-23-04_live_round,c6abe590858247adbb3a88511acd7fc6,2026-04-05T03:37:15.220958+00:00,1775360235220958000,175945554247166,1650,,,ETF,3136,100,3136.5,-1.0,39.262605291,
111415,market_research_2026-04-04_22-23-04_live_round,c6abe590858247adbb3a88511acd7fc6,2026-04-05T03:37:17.455548+00:00,1775360237455548000,175947788841250,1650,,,ETF,3136,40,3137.0,-2.0,41.497199375,
111422,market_research_2026-04-04_22-23-04_live_round,c6abe590858247adbb3a88511acd7fc6,2026-04-05T03:37:17.560856+00:00,1775360237560856000,175947894149166,1650,,,ETF,3137,60,3137.0,0.0,41.602507291,
111742,market_research_2026-04-04_22-23-04_live_round,c6abe590858247adbb3a88511acd7fc6,2026-04-05T03:37:21.670764+00:00,1775360241670764000,175952004066125,1650,,,ETF,3147,40,3151.0,-8.0,45.71242425,
111747,market_research_2026-04-04_22-23-04_live_round,c6abe590858247adbb3a88511acd7fc6,2026-04-05T03:37:21.712727+00:00,1775360241712727000,175952046029625,1650,,,ETF,3148,60,3151.0,-6.0,45.75438775,
111755,market_research_2026-04-04_22-23-04_live_round,c6abe590858247adbb3a88511acd7fc6,2026-04-05T03:37:21.826659+00:00,1775360241826659000,175952159961500,1650,,,ETF,3149,80,3151.0,-4.0,45.868319625,
111761,market_research_2026-04-04_22-23-04_live_round,c6abe590858247adbb3a88511acd7fc6,2026-04-05T03:37:21.887627+00:00,1775360241887627000,175952220929625,1650,,,ETF,3150,100,3151.0,-2.0,45.92928775,
111816,market_research_2026-04-04_22-23-04_live_round,c6abe590858247adbb3a88511acd7fc6,2026-04-05T03:37:22.496570+00:00,1775360242496570000,175952829874250,1650,,,ETF,3161,40,3161.0,0.0,46.538232375,
112008,market_research_2026-04-04_22-23-04_live_round,c6abe590858247adbb3a88511acd7fc6,2026-04-05T03:37:24.929807+00:00,1775360244929807000,175955263115500,1650,,,ETF,3164,40,3167.0,-6.0,48.971473625,
112013,market_research_2026-04-04_22-23-04_live_round,c6abe590858247adbb3a88511acd7fc6,2026-04-05T03:37:24.977370+00:00,1775360244977370000,175955310678750,1650,,,ETF,3165,60,3167.0,-4.0,49.019036875,
112027,market_research_2026-04-04_22-23-04_live_round,c6abe590858247adbb3a88511acd7fc6,2026-04-05T03:37:25.148731+00:00,1775360245148731000,175955482040583,1650,,,ETF,3166,80,3167.0,-2.0,49.190398708,
112032,market_research_2026-04-04_22-23-04_live_round,c6abe590858247adbb3a88511acd7fc6,2026-04-05T03:37:25.188532+00:00,1775360245188532000,175955521841416,1650,,,ETF,3167,100,3167.0,0.0,49.230199541,
112142,market_research_2026-04-04_22-23-04_live_round,c6abe590858247adbb3a88511acd7fc6,2026-04-05T03:37:26.542362+00:00,1775360246542362000,175956875674416,1650,,,ETF,3179,40,3180.0,-2.0,50.584032541,
112150,market_research_2026-04-04_22-23-04_live_round,c6abe590858247adbb3a88511acd7fc6,2026-04-05T03:37:26.637951+00:00,1775360246637951000,175956971263708,1650,,,ETF,3179,60,3179.5,-1.0,50.679621833,
112209,market_research_2026-04-04_22-23-04_live_round,c6abe590858247adbb3a88511acd7fc6,2026-04-05T03:37:27.419281+00:00,1775360247419281000,175957752595083,1650,,,ETF,3184,40,3184.5,-1.0,51.460953208,
112224,market_research_2026-04-04_22-23-04_live_round,c6abe590858247adbb3a88511acd7fc6,2026-04-05T03:37:27.612434+00:00,1775360247612434000,175957945748250,1650,,,ETF,3184,60,3184.0,0.0,51.654106375,
112340,market_research_2026-04-04_22-23-04_live_round,c6abe590858247adbb3a88511acd7fc6,2026-04-05T03:37:29.065927+00:00,1775360249065927000,175959399244666,1650,,,ETF,3182,40,3179.5,-5.0,53.107602791,
112351,market_research_2026-04-04_22-23-04_live_round,c6abe590858247adbb3a88511acd7fc6,2026-04-05T03:37:29.193518+00:00,1775360249193518000,175959526835250,1650,,,ETF,3182,60,3180.0,-4.0,53.235193375,
112362,market_research_2026-04-04_22-23-04_live_round,c6abe590858247adbb3a88511acd7fc6,2026-04-05T03:37:29.320433+00:00,1775360249320433000,175959653751166,1650,,,ETF,3182,40,3180.5,-3.0,53.362109291,
112363,market_research_2026-04-04_22-23-04_live_round,c6abe590858247adbb3a88511acd7fc6,2026-04-05T03:37:29.320598+00:00,1775360249320598000,175959653916875,1650,,,ETF,3181,40,3180.5,-3.0,53.362275,
112372,market_research_2026-04-04_22-23-04_live_round,c6abe590858247adbb3a88511acd7fc6,2026-04-05T03:37:29.406652+00:00,1775360249406652000,175959739970375,1650,,,ETF,3181,20,3180.5,-1.0,53.4483285,
112373,market_research_2026-04-04_22-23-04_live_round,c6abe590858247adbb3a88511acd7fc6,2026-04-05T03:37:29.406813+00:00,1775360249406813000,175959740131500,1650,,,ETF,3180,80,3180.5,-1.0,53.448489625,
112609,market_research_2026-04-04_22-23-04_live_round,c6abe590858247adbb3a88511acd7fc6,2026-04-05T03:37:32.310254+00:00,1775360252310254000,175962643578500,1650,,,ETF,3173,40,3173.0,0.0,56.351936625,
112995,market_research_2026-04-04_22-23-04_live_round,c6abe590858247adbb3a88511acd7fc6,2026-04-05T03:37:37.283812+00:00,1775360257283812000,175967617146250,1650,,,ETF,3165,40,3165.0,0.0,61.325504375,
113251,market_research_2026-04-04_22-23-04_live_round,c6abe590858247adbb3a88511acd7fc6,2026-04-05T03:37:40.538261+00:00,1775360260538261000,175970871602791,1725,,,ETF,3175,40,3177.5,-5.0,64.579960916,
113258,market_research_2026-04-04_22-23-04_live_round,c6abe590858247adbb3a88511acd7fc6,2026-04-05T03:37:40.638651+00:00,1775360260638651000,175970971992583,1725,,,ETF,3175,60,3177.0,-4.0,64.680350708,
113268,market_research_2026-04-04_22-23-04_live_round,c6abe590858247adbb3a88511acd7fc6,2026-04-05T03:37:40.751247+00:00,1775360260751247000,175971084588541,1725,,,ETF,3175,40,3176.5,-3.0,64.792946666,
113269,market_research_2026-04-04_22-23-04_live_round,c6abe590858247adbb3a88511acd7fc6,2026-04-05T03:37:40.756086+00:00,1775360260756086000,175971089428416,1725,,,ETF,3176,40,3176.5,-3.0,64.797786541,
113277,market_research_2026-04-04_22-23-04_live_round,c6abe590858247adbb3a88511acd7fc6,2026-04-05T03:37:40.840209+00:00,1775360260840209000,175971173551541,1725,,,ETF,3176,20,3176.5,-1.0,64.881909666,
113278,market_research_2026-04-04_22-23-04_live_round,c6abe590858247adbb3a88511acd7fc6,2026-04-05T03:37:40.840378+00:00,1775360260840378000,175971173720541,1725,,,ETF,3177,80,3176.5,-1.0,64.882078666,
113329,market_research_2026-04-04_22-23-04_live_round,c6abe590858247adbb3a88511acd7fc6,2026-04-05T03:37:41.469575+00:00,1775360261469575000,175971802918208,1725,,,ETF,3178,40,3180.0,-4.0,65.511276333,
113336,market_research_2026-04-04_22-23-04_live_round,c6abe590858247adbb3a88511acd7fc6,2026-04-05T03:37:41.550302+00:00,1775360261550302000,175971883645041,1725,,,ETF,3178,60,3179.5,-3.0,65.592003166,
113475,market_research_2026-04-04_22-23-04_live_round,c6abe590858247adbb3a88511acd7fc6,2026-04-05T03:37:43.236639+00:00,1775360263236639000,175973569986083,1725,,,ETF,3180,40,3177.5,-5.0,67.278344208,
113480,market_research_2026-04-04_22-23-04_live_round,c6abe590858247adbb3a88511acd7fc6,2026-04-05T03:37:43.280479+00:00,1775360263280479000,175973613826208,1725,,,ETF,3179,60,3177.5,-3.0,67.322184333,
113485,market_research_2026-04-04_22-23-04_live_round,c6abe590858247adbb3a88511acd7fc6,2026-04-05T03:37:43.325843+00:00,1775360263325843000,175973659189791,1725,,,ETF,3179,80,3178.0,-2.0,67.367547916,
113490,market_research_2026-04-04_22-23-04_live_round,c6abe590858247adbb3a88511acd7fc6,2026-04-05T03:37:43.384610+00:00,1775360263384610000,175973717956916,1725,,,ETF,3179,20,3178.5,-1.0,67.426315041,
113491,market_research_2026-04-04_22-23-04_live_round,c6abe590858247adbb3a88511acd7fc6,2026-04-05T03:37:43.388177+00:00,1775360263388177000,175973721524541,1725,,,ETF,3178,80,3178.5,-1.0,67.429882666,
113549,market_research_2026-04-04_22-23-04_live_round,c6abe590858247adbb3a88511acd7fc6,2026-04-05T03:37:44.085616+00:00,1775360264085616000,175974418965250,1725,,,ETF,3177,40,3175.5,-3.0,68.127323375,
113554,market_research_2026-04-04_22-23-04_live_round,c6abe590858247adbb3a88511acd7fc6,2026-04-05T03:37:44.148148+00:00,1775360264148148000,175974481496958,1725,,,ETF,3177,60,3176.0,-2.0,68.189855083,
113615,market_research_2026-04-04_22-23-04_live_round,c6abe590858247adbb3a88511acd7fc6,2026-04-05T03:37:44.866617+00:00,1775360264866617000,175975199967375,1725,,,ETF,3168,40,3167.5,-1.0,68.9083255,
113725,market_research_2026-04-04_22-23-04_live_round,c6abe590858247adbb3a88511acd7fc6,2026-04-05T03:37:46.245299+00:00,1775360266245299000,175976578652166,1725,,,ETF,3166,40,3166.5,-1.0,70.287010291,
113856,market_research_2026-04-04_22-23-04_live_round,c6abe590858247adbb3a88511acd7fc6,2026-04-05T03:37:47.910178+00:00,1775360267910178000,175978243535208,1725,,,ETF,3164,40,3161.5,-5.0,71.951893333,
113868,market_research_2026-04-04_22-23-04_live_round,c6abe590858247adbb3a88511acd7fc6,2026-04-05T03:37:48.068964+00:00,1775360268068964000,175978402320958,1725,,,ETF,3164,60,3162.0,-4.0,72.110679083,
113877,market_research_2026-04-04_22-23-04_live_round,c6abe590858247adbb3a88511acd7fc6,2026-04-05T03:37:48.169816+00:00,1775360268169816000,175978503173708,1725,,,ETF,3163,40,3162.0,-2.0,72.211531833,
113878,market_research_2026-04-04_22-23-04_live_round,c6abe590858247adbb3a88511acd7fc6,2026-04-05T03:37:48.169985+00:00,1775360268169985000,175978503343000,1725,,,ETF,3162,40,3162.0,-2.0,72.211701125,
113884,market_research_2026-04-04_22-23-04_live_round,c6abe590858247adbb3a88511acd7fc6,2026-04-05T03:37:48.223606+00:00,1775360268223606000,175978556963166,1725,,,ETF,3162,20,3162.0,0.0,72.265321291,
113991,market_research_2026-04-04_22-23-04_live_round,c6abe590858247adbb3a88511acd7fc6,2026-04-05T03:37:49.537248+00:00,1775360269537248000,175979870608875,1725,,,ETF,3162,40,3164.5,-5.0,73.578967,
113997,market_research_2026-04-04_22-23-04_live_round,c6abe590858247adbb3a88511acd7fc6,2026-04-05T03:37:49.620308+00:00,1775360269620308000,175979953668833,1725,,,ETF,3162,40,3164.0,-4.0,73.662026958,
113998,market_research_2026-04-04_22-23-04_live_round,c6abe590858247adbb3a88511acd7fc6,2026-04-05T03:37:49.624022+00:00,1775360269624022000,175979957382541,1725,,,ETF,3165,20,3164.0,-4.0,73.665740666,
114007,market_research_2026-04-04_22-23-04_live_round,c6abe590858247adbb3a88511acd7fc6,2026-04-05T03:37:49.753367+00:00,1775360269753367000,175980086727250,1725,,,ETF,3165,20,3165.0,0.0,73.795085375,
114064,market_research_2026-04-04_22-23-04_live_round,c6abe590858247adbb3a88511acd7fc6,2026-04-05T03:37:50.491453+00:00,1775360270491453000,175980824815666,1725,,,ETF,3168,40,3168.0,0.0,74.533173791,
114383,market_research_2026-04-04_22-23-04_live_round,c6abe590858247adbb3a88511acd7fc6,2026-04-05T03:37:54.401573+00:00,1775360274401573000,175984734943500,1725,,,ETF,3177,40,3183.5,-13.0,78.443301625,
114388,market_research_2026-04-04_22-23-04_live_round,c6abe590858247adbb3a88511acd7fc6,2026-04-05T03:37:54.452593+00:00,1775360274452593000,175984785963291,1725,,,ETF,3177,60,3183.0,-12.0,78.494321416,
114394,market_research_2026-04-04_22-23-04_live_round,c6abe590858247adbb3a88511acd7fc6,2026-04-05T03:37:54.526661+00:00,1775360274526661000,175984860031458,1725,,,ETF,3177,40,3182.5,-11.0,78.568389583,
114395,market_research_2026-04-04_22-23-04_live_round,c6abe590858247adbb3a88511acd7fc6,2026-04-05T03:37:54.530775+00:00,1775360274530775000,175984864146291,1725,,,ETF,3178,40,3182.5,-11.0,78.572504416,
114403,market_research_2026-04-04_22-23-04_live_round,c6abe590858247adbb3a88511acd7fc6,2026-04-05T03:37:54.617096+00:00,1775360274617096000,175984950466958,1725,,,ETF,3178,20,3182.5,-9.0,78.658825083,
114404,market_research_2026-04-04_22-23-04_live_round,c6abe590858247adbb3a88511acd7fc6,2026-04-05T03:37:54.617260+00:00,1775360274617260000,175984950631833,1725,,,ETF,3179,80,3182.5,-9.0,78.658989958,
114460,market_research_2026-04-04_22-23-04_live_round,c6abe590858247adbb3a88511acd7fc6,2026-04-05T03:37:55.283100+00:00,1775360275283100000,175985616472000,1725,,,ETF,3180,40,3185.5,-11.0,79.324830125,
114465,market_research_2026-04-04_22-23-04_live_round,c6abe590858247adbb3a88511acd7fc6,2026-04-05T03:37:55.328101+00:00,1775360275328101000,175985661473875,1725,,,ETF,3180,60,3185.0,-10.0,79.369832,
114586,market_research_2026-04-04_22-23-04_live_round,c6abe590858247adbb3a88511acd7fc6,2026-04-05T03:37:56.936171+00:00,1775360276936171000,175987269546958,1725,,,ETF,3196,40,3200.5,-9.0,80.977905083,
114591,market_research_2026-04-04_22-23-04_live_round,c6abe590858247adbb3a88511acd7fc6,2026-04-05T03:37:57.001177+00:00,1775360277001177000,175987334552375,1725,,,ETF,3197,60,3200.5,-7.0,81.0429105,
114596,market_research_2026-04-04_22-23-04_live_round,c6abe590858247adbb3a88511acd7fc6,2026-04-05T03:37:57.056417+00:00,1775360277056417000,175987389792750,1725,,,ETF,3198,80,3200.5,-5.0,81.098150875,
114603,market_research_2026-04-04_22-23-04_live_round,c6abe590858247adbb3a88511acd7fc6,2026-04-05T03:37:57.119613+00:00,1775360277119613000,175987452989333,1725,,,ETF,3199,100,3200.5,-3.0,81.161347458,
114784,market_research_2026-04-04_22-23-04_live_round,c6abe590858247adbb3a88511acd7fc6,2026-04-05T03:38:00.114722+00:00,1775360280114722000,175990448104250,1725,,,ETF,3196,40,3194.5,-3.0,84.156462375,
114790,market_research_2026-04-04_22-23-04_live_round,c6abe590858247adbb3a88511acd7fc6,2026-04-05T03:38:00.208037+00:00,1775360280208037000,175990541419583,1725,,,ETF,3195,60,3194.5,-1.0,84.249777708,
114851,market_research_2026-04-04_22-23-04_live_round,c6abe590858247adbb3a88511acd7fc6,2026-04-05T03:38:01.124968+00:00,1775360281124968000,175991458351500,1725,,,ETF,3193,40,3191.5,-3.0,85.166709625,
114860,market_research_2026-04-04_22-23-04_live_round,c6abe590858247adbb3a88511acd7fc6,2026-04-05T03:38:01.252949+00:00,1775360281252949000,175991586333708,1725,,,ETF,3193,60,3192.0,-2.0,85.294691833,
114919,market_research_2026-04-04_22-23-04_live_round,c6abe590858247adbb3a88511acd7fc6,2026-04-05T03:38:02.267265+00:00,1775360282267265000,175992600651166,1725,,,ETF,3192,40,3194.0,-4.0,86.309009291,
114924,market_research_2026-04-04_22-23-04_live_round,c6abe590858247adbb3a88511acd7fc6,2026-04-05T03:38:02.336332+00:00,1775360282336332000,175992669718625,1725,,,ETF,3192,40,3193.5,-3.0,86.37807675,
114925,market_research_2026-04-04_22-23-04_live_round,c6abe590858247adbb3a88511acd7fc6,2026-04-05T03:38:02.336607+00:00,1775360282336607000,175992669994000,1725,,,ETF,3193,20,3193.5,-3.0,86.378352125,
114931,market_research_2026-04-04_22-23-04_live_round,c6abe590858247adbb3a88511acd7fc6,2026-04-05T03:38:02.419869+00:00,1775360282419869000,175992753256208,1725,,,ETF,3193,80,3193.5,-1.0,86.461614333,
115066,market_research_2026-04-04_22-23-04_live_round,c6abe590858247adbb3a88511acd7fc6,2026-04-05T03:38:04.561737+00:00,1775360284561737000,175994895128375,1725,,,ETF,3193,40,3189.0,-8.0,88.6034865,
115071,market_research_2026-04-04_22-23-04_live_round,c6abe590858247adbb3a88511acd7fc6,2026-04-05T03:38:04.624576+00:00,1775360284624576000,175994957967916,1725,,,ETF,3193,60,3189.5,-7.0,88.666326041,
115076,market_research_2026-04-04_22-23-04_live_round,c6abe590858247adbb3a88511acd7fc6,2026-04-05T03:38:04.685111+00:00,1775360284685111000,175995018502833,1725,,,ETF,3190,40,3188.5,-3.0,88.726860958,
115077,market_research_2026-04-04_22-23-04_live_round,c6abe590858247adbb3a88511acd7fc6,2026-04-05T03:38:04.685282+00:00,1775360284685282000,175995018673916,1725,,,ETF,3189,40,3188.5,-3.0,88.727032041,
115083,market_research_2026-04-04_22-23-04_live_round,c6abe590858247adbb3a88511acd7fc6,2026-04-05T03:38:04.754059+00:00,1775360284754059000,175995087451500,1725,,,ETF,3189,20,3188.5,-1.0,88.795809625,
115084,market_research_2026-04-04_22-23-04_live_round,c6abe590858247adbb3a88511acd7fc6,2026-04-05T03:38:04.754240+00:00,1775360284754240000,175995087631958,1725,,,ETF,3188,80,3188.5,-1.0,88.795990083,
115142,market_research_2026-04-04_22-23-04_live_round,c6abe590858247adbb3a88511acd7fc6,2026-04-05T03:38:05.440021+00:00,1775360285440021000,175995773413791,1725,,,ETF,3187,40,3183.5,-7.0,89.481771916,
115147,market_research_2026-04-04_22-23-04_live_round,c6abe590858247adbb3a88511acd7fc6,2026-04-05T03:38:05.498114+00:00,1775360285498114000,175995831507541,1725,,,ETF,3187,60,3184.0,-6.0,89.539865666,
115595,market_research_2026-04-04_22-23-04_live_round,c6abe590858247adbb3a88511acd7fc6,2026-04-05T03:38:11.726151+00:00,1775360291726151000,176002059557208,1725,,,ETF,3180,40,3179.5,-1.0,95.767915333,
115662,market_research_2026-04-04_22-23-04_live_round,c6abe590858247adbb3a88511acd7fc6,2026-04-05T03:38:12.732093+00:00,1775360292732093000,176003065501291,1725,,,ETF,3180,40,3183.0,-6.0,96.773859416,
115667,market_research_2026-04-04_22-23-04_live_round,c6abe590858247adbb3a88511acd7fc6,2026-04-05T03:38:12.800160+00:00,1775360292800160000,176003133568708,1725,,,ETF,3180,20,3182.5,-5.0,96.841926833,
115668,market_research_2026-04-04_22-23-04_live_round,c6abe590858247adbb3a88511acd7fc6,2026-04-05T03:38:12.803990+00:00,1775360292803990000,176003137399291,1725,,,ETF,3181,40,3182.5,-5.0,96.845757416,
115674,market_research_2026-04-04_22-23-04_live_round,c6abe590858247adbb3a88511acd7fc6,2026-04-05T03:38:12.868723+00:00,1775360292868723000,176003202131875,1725,,,ETF,3181,40,3182.5,-3.0,96.91049,
115675,market_research_2026-04-04_22-23-04_live_round,c6abe590858247adbb3a88511acd7fc6,2026-04-05T03:38:12.868929+00:00,1775360292868929000,176003202338041,1725,,,ETF,3182,40,3182.5,-3.0,96.910696166,
115681,market_research_2026-04-04_22-23-04_live_round,c6abe590858247adbb3a88511acd7fc6,2026-04-05T03:38:12.942935+00:00,1775360292942935000,176003276344625,1725,,,ETF,3182,60,3182.5,-1.0,96.98470275,
115804,market_research_2026-04-04_22-23-04_live_round,c6abe590858247adbb3a88511acd7fc6,2026-04-05T03:38:14.511682+00:00,1775360294511682000,176004845094208,1725,,,ETF,3183,40,3180.5,-5.0,98.553452333,
115809,market_research_2026-04-04_22-23-04_live_round,c6abe590858247adbb3a88511acd7fc6,2026-04-05T03:38:14.585617+00:00,1775360294585617000,176004919029000,1725,,,ETF,3179,40,3179.0,0.0,98.627387125,
115935,market_research_2026-04-04_22-23-04_live_round,c6abe590858247adbb3a88511acd7fc6,2026-04-05T03:38:16.445474+00:00,1775360296445474000,176006778890000,1725,,,ETF,3172,40,3172.0,0.0,100.487248125,
116063,market_research_2026-04-04_22-23-04_live_round,c6abe590858247adbb3a88511acd7fc6,2026-04-05T03:38:18.218502+00:00,1775360298218502000,176008551921250,1725,,,ETF,3173,40,3176.0,-6.0,102.260279375,
116068,market_research_2026-04-04_22-23-04_live_round,c6abe590858247adbb3a88511acd7fc6,2026-04-05T03:38:18.279699+00:00,1775360298279699000,176008613118625,1725,,,ETF,3174,60,3176.0,-4.0,102.32147675,
116073,market_research_2026-04-04_22-23-04_live_round,c6abe590858247adbb3a88511acd7fc6,2026-04-05T03:38:18.340120+00:00,1775360298340120000,176008673539958,1725,,,ETF,3175,80,3176.0,-2.0,102.381898083,
116078,market_research_2026-04-04_22-23-04_live_round,c6abe590858247adbb3a88511acd7fc6,2026-04-05T03:38:18.400049+00:00,1775360298400049000,176008733468791,1725,,,ETF,3175,20,3175.5,-1.0,102.441826916,
116079,market_research_2026-04-04_22-23-04_live_round,c6abe590858247adbb3a88511acd7fc6,2026-04-05T03:38:18.400270+00:00,1775360298400270000,176008733691125,1725,,,ETF,3175,80,3175.5,-1.0,102.44204925,
116136,market_research_2026-04-04_22-23-04_live_round,c6abe590858247adbb3a88511acd7fc6,2026-04-05T03:38:19.148959+00:00,1775360299148959000,176009482380708,1725,,,ETF,3176,40,3180.5,-9.0,103.190738833,
116141,market_research_2026-04-04_22-23-04_live_round,c6abe590858247adbb3a88511acd7fc6,2026-04-05T03:38:19.198855+00:00,1775360299198855000,176009532276708,1725,,,ETF,3176,60,3180.0,-8.0,103.240634833,
116264,market_research_2026-04-04_22-23-04_live_round,c6abe590858247adbb3a88511acd7fc6,2026-04-05T03:38:20.464652+00:00,1775360300464652000,176010798076916,1725,,,ETF,3187,40,3185.5,-3.0,104.506435041,
116269,market_research_2026-04-04_22-23-04_live_round,c6abe590858247adbb3a88511acd7fc6,2026-04-05T03:38:20.503373+00:00,1775360300503373000,176010836798583,1725,,,ETF,3186,60,3185.5,-1.0,104.545156708,
116506,market_research_2026-04-04_22-23-04_live_round,c6abe590858247adbb3a88511acd7fc6,2026-04-05T03:38:22.906756+00:00,1775360302906756000,176013240185750,1725,,,ETF,3188,40,3190.0,-4.0,106.948543875,
116512,market_research_2026-04-04_22-23-04_live_round,c6abe590858247adbb3a88511acd7fc6,2026-04-05T03:38:22.956385+00:00,1775360302956385000,176013289815500,1725,,,ETF,3189,60,3190.0,-2.0,106.998173625,
116519,market_research_2026-04-04_22-23-04_live_round,c6abe590858247adbb3a88511acd7fc6,2026-04-05T03:38:23.010652+00:00,1775360303010652000,176013344082083,1725,,,ETF,3190,80,3190.0,0.0,107.052440208,
116637,market_research_2026-04-04_22-23-04_live_round,c6abe590858247adbb3a88511acd7fc6,2026-04-05T03:38:24.294042+00:00,1775360304294042000,176014627473875,1725,,,ETF,3189,40,3189.0,0.0,108.335832,
116704,market_research_2026-04-04_22-23-04_live_round,c6abe590858247adbb3a88511acd7fc6,2026-04-05T03:38:25.146631+00:00,1775360305146631000,176015480066041,1725,,,ETF,3183,40,3180.0,-6.0,109.188424166,
116709,market_research_2026-04-04_22-23-04_live_round,c6abe590858247adbb3a88511acd7fc6,2026-04-05T03:38:25.194584+00:00,1775360305194584000,176015528018791,1725,,,ETF,3182,60,3180.0,-4.0,109.236376916,
116714,market_research_2026-04-04_22-23-04_live_round,c6abe590858247adbb3a88511acd7fc6,2026-04-05T03:38:25.241306+00:00,1775360305241306000,176015574740791,1725,,,ETF,3182,80,3180.5,-3.0,109.283098916,
116719,market_research_2026-04-04_22-23-04_live_round,c6abe590858247adbb3a88511acd7fc6,2026-04-05T03:38:25.285213+00:00,1775360305285213000,176015618647666,1725,,,ETF,3182,20,3181.0,-2.0,109.327005791,
116720,market_research_2026-04-04_22-23-04_live_round,c6abe590858247adbb3a88511acd7fc6,2026-04-05T03:38:25.285342+00:00,1775360305285342000,176015618777333,1725,,,ETF,3181,80,3181.0,-2.0,109.327135458,
116904,market_research_2026-04-04_22-23-04_live_round,c6abe590858247adbb3a88511acd7fc6,2026-04-05T03:38:27.390084+00:00,1775360307390084000,176017723523125,1725,,,ETF,3178,40,3179.0,-2.0,111.43188125,
116909,market_research_2026-04-04_22-23-04_live_round,c6abe590858247adbb3a88511acd7fc6,2026-04-05T03:38:27.436028+00:00,1775360307436028000,176017769467916,1725,,,ETF,3179,60,3179.0,0.0,111.477826041,
116969,market_research_2026-04-04_22-23-04_live_round,c6abe590858247adbb3a88511acd7fc6,2026-04-05T03:38:28.177204+00:00,1775360308177204000,176018510645083,1725,,,ETF,3181,40,3181.0,0.0,112.219003208,
117099,market_research_2026-04-04_22-23-04_live_round,c6abe590858247adbb3a88511acd7fc6,2026-04-05T03:38:29.703150+00:00,1775360309703150000,176020036594583,1725,,,ETF,3178,40,3175.5,-5.0,113.744952708,
117106,market_research_2026-04-04_22-23-04_live_round,c6abe590858247adbb3a88511acd7fc6,2026-04-05T03:38:29.771076+00:00,1775360309771076000,176020104520500,1725,,,ETF,3178,60,3176.0,-4.0,113.812878625,
117113,market_research_2026-04-04_22-23-04_live_round,c6abe590858247adbb3a88511acd7fc6,2026-04-05T03:38:29.844177+00:00,1775360309844177000,176020177621583,1725,,,ETF,3178,40,3176.5,-3.0,113.885979708,
117114,market_research_2026-04-04_22-23-04_live_round,c6abe590858247adbb3a88511acd7fc6,2026-04-05T03:38:29.844314+00:00,1775360309844314000,176020177759000,1725,,,ETF,3177,40,3176.5,-3.0,113.886117125,
117123,market_research_2026-04-04_22-23-04_live_round,c6abe590858247adbb3a88511acd7fc6,2026-04-05T03:38:29.937253+00:00,1775360309937253000,176020270697458,1725,,,ETF,3177,20,3176.5,-1.0,113.979055583,
117124,market_research_2026-04-04_22-23-04_live_round,c6abe590858247adbb3a88511acd7fc6,2026-04-05T03:38:29.937389+00:00,1775360309937389000,176020270833416,1725,,,ETF,3176,80,3176.5,-1.0,113.979191541,
117179,market_research_2026-04-04_22-23-04_live_round,c6abe590858247adbb3a88511acd7fc6,2026-04-05T03:38:30.548888+00:00,1775360310548888000,176020882334125,1725,,,ETF,3175,40,3172.0,-6.0,114.59069225,
117187,market_research_2026-04-04_22-23-04_live_round,c6abe590858247adbb3a88511acd7fc6,2026-04-05T03:38:30.621918+00:00,1775360310621918000,176020955364625,1725,,,ETF,3175,60,3172.5,-5.0,114.66372275,
117239,market_research_2026-04-04_22-23-04_live_round,c6abe590858247adbb3a88511acd7fc6,2026-04-05T03:38:31.353520+00:00,1775360311353520000,176021686967250,1725,,,ETF,3164,40,3159.0,-10.0,115.395325375,
117245,market_research_2026-04-04_22-23-04_live_round,c6abe590858247adbb3a88511acd7fc6,2026-04-05T03:38:31.426234+00:00,1775360311426234000,176021759681625,1725,,,ETF,3164,60,3159.5,-9.0,115.46803975,
117252,market_research_2026-04-04_22-23-04_live_round,c6abe590858247adbb3a88511acd7fc6,2026-04-05T03:38:31.516678+00:00,1775360311516678000,176021850125416,1725,,,ETF,3163,40,3159.5,-7.0,115.558483541,
117253,market_research_2026-04-04_22-23-04_live_round,c6abe590858247adbb3a88511acd7fc6,2026-04-05T03:38:31.520448+00:00,1775360311520448000,176021853895833,1725,,,ETF,3162,40,3159.5,-7.0,115.562253958,
117261,market_research_2026-04-04_22-23-04_live_round,c6abe590858247adbb3a88511acd7fc6,2026-04-05T03:38:31.610455+00:00,1775360311610455000,176021943903041,1725,,,ETF,3162,20,3159.5,-5.0,115.652261166,
117262,market_research_2026-04-04_22-23-04_live_round,c6abe590858247adbb3a88511acd7fc6,2026-04-05T03:38:31.614556+00:00,1775360311614556000,176021948004583,1725,,,ETF,3161,80,3159.5,-5.0,115.656362708,
117500,market_research_2026-04-04_22-23-04_live_round,c6abe590858247adbb3a88511acd7fc6,2026-04-05T03:38:34.376816+00:00,1775360314376816000,176024710270125,1725,,,ETF,3162,40,3161.5,-1.0,118.41862825,
117628,market_research_2026-04-04_22-23-04_live_round,c6abe590858247adbb3a88511acd7fc6,2026-04-05T03:38:35.874882+00:00,1775360315874882000,176026208339250,1725,,,ETF,3164,40,3168.5,-9.0,119.916697375,
117633,market_research_2026-04-04_22-23-04_live_round,c6abe590858247adbb3a88511acd7fc6,2026-04-05T03:38:35.912434+00:00,1775360315912434000,176026245891333,1725,,,ETF,3164,60,3168.0,-8.0,119.954249458,
117638,market_research_2026-04-04_22-23-04_live_round,c6abe590858247adbb3a88511acd7fc6,2026-04-05T03:38:35.948184+00:00,1775360315948184000,176026281640916,1725,,,ETF,3167,40,3169.0,-4.0,119.989999041,
117639,market_research_2026-04-04_22-23-04_live_round,c6abe590858247adbb3a88511acd7fc6,2026-04-05T03:38:35.948312+00:00,1775360315948312000,176026281769375,1725,,,ETF,3168,40,3169.0,-4.0,119.9901275,
117645,market_research_2026-04-04_22-23-04_live_round,c6abe590858247adbb3a88511acd7fc6,2026-04-05T03:38:35.998849+00:00,1775360315998849000,176026332306041,1725,,,ETF,3168,20,3169.0,-2.0,120.040664166,
117646,market_research_2026-04-04_22-23-04_live_round,c6abe590858247adbb3a88511acd7fc6,2026-04-05T03:38:35.998974+00:00,1775360315998974000,176026332431083,1725,,,ETF,3169,80,3169.0,-2.0,120.040789208,
117704,market_research_2026-04-04_22-23-04_live_round,c6abe590858247adbb3a88511acd7fc6,2026-04-05T03:38:36.590201+00:00,1775360316590201000,176026923659833,1725,,,ETF,3170,40,3175.0,-10.0,120.632017958,
117709,market_research_2026-04-04_22-23-04_live_round,c6abe590858247adbb3a88511acd7fc6,2026-04-05T03:38:36.624544+00:00,1775360316624544000,176026958002666,1725,,,ETF,3170,60,3174.5,-9.0,120.666360791,
118023,market_research_2026-04-04_22-23-04_live_round,c6abe590858247adbb3a88511acd7fc6,2026-04-05T03:38:39.910404+00:00,1775360319910404000,176030243869500,1725,,,ETF,3182,40,3182.0,0.0,123.952227625,
118090,market_research_2026-04-04_22-23-04_live_round,c6abe590858247adbb3a88511acd7fc6,2026-04-05T03:38:40.668860+00:00,1775360320668860000,176031002326208,1725,,,ETF,3181,40,3179.5,-3.0,124.710684333,
118095,market_research_2026-04-04_22-23-04_live_round,c6abe590858247adbb3a88511acd7fc6,2026-04-05T03:38:40.712918+00:00,1775360320712918000,176031046384958,1725,,,ETF,3181,20,3180.0,-2.0,124.754743083,
118096,market_research_2026-04-04_22-23-04_live_round,c6abe590858247adbb3a88511acd7fc6,2026-04-05T03:38:40.713061+00:00,1775360320713061000,176031046527791,1725,,,ETF,3180,40,3180.0,-2.0,124.754885916,
118102,market_research_2026-04-04_22-23-04_live_round,c6abe590858247adbb3a88511acd7fc6,2026-04-05T03:38:40.769256+00:00,1775360320769256000,176031102723208,1725,,,ETF,3180,40,3180.0,0.0,124.811081333,
118162,market_research_2026-04-04_22-23-04_live_round,c6abe590858247adbb3a88511acd7fc6,2026-04-05T03:38:41.464274+00:00,1775360321464274000,176031797742541,1725,,,ETF,3179,40,3175.0,-8.0,125.506100666,
118167,market_research_2026-04-04_22-23-04_live_round,c6abe590858247adbb3a88511acd7fc6,2026-04-05T03:38:41.511493+00:00,1775360321511493000,176031844961791,1725,,,ETF,3179,60,3175.5,-7.0,125.553319916,
