wall_ts,event,tick,symbol,side,qty,price,order_id,tag,reason,message,pos_C,avg_C,realized_pnl,unrealized_pnl,total_pnl,cash,session_mtm,thesis,signal_thesis,signal_side,signal_target,signal_strength,signal_fresh,fair,c_bid,c_ask,c_mid,c_spread,eps,earnings_delta,cpi_surprise,cpi_bias_bp,cpi_actual,cpi_forecast,macro_score,macro_target,macro_direction,earnings_trend,news_kind,news_subtype,news_asset,rate_bp,market_rate_bp,q_hike,q_hold,q_cut,pm_pos_hike,pm_pos_hold,pm_pos_cut,mark_source,kill_switch,raw_news
1775839157.806229,startup,0,,,,,,,,C-only mode; PM read-only,0,,0.00,0.00,0.00,0.00,0.00,flat,,,,,,,,,,,2.000000,0.000000,0.000000,0.0000,,,,,,,,,,,,,,,0,0,0,flat,False,
1775839157.806590,heartbeat,0,,,,,,,,,0,,0.00,0.00,0.00,0.00,0.00,flat,,,,,,,942,948,945.0000,6,2.000000,0.000000,0.000000,0.0000,,,,,,,,,,,,,,,0,0,0,flat,False,
1775839157.806831,anchor_init,0,,,,,,,,default_eps,0,,0.00,0.00,0.00,0.00,0.00,flat,,,,,,945.0000,942,948,945.0000,6,2.000000,0.000000,0.000000,0.0000,,,,,,,,,,1.0380,1.0380,0.300650,0.440220,0.259130,0,0,0,flat,False,
1775839159.728069,cpi_eval,815,,,0,,,,no_actual_forecast,no actual/forecast; score=+0.00 headline=Labor data and inflation readings point in different directions for policy.,0,,0.00,0.00,0.00,0.00,0.00,flat,,,,,,945.4520,942,948,945.0000,6,2.000000,0.000000,0.000000,0.0000,,,0.0000,0,,+0.000000,unstructured,,,0.5878,0.5878,0.291146,0.441221,0.267634,0,0,0,flat,False,"{'timestamp': 815, 'kind': 'unstructured', 'new_data': {'content': 'Labor data and inflation readings point in different directions for policy.'}}"
1775839159.728280,macro_eval,815,,,0,,,,below_threshold,score=+0.00 headline=Labor data and inflation readings point in different directions for policy.,0,,0.00,0.00,0.00,0.00,0.00,flat,,,,,,945.4520,942,948,945.0000,6,2.000000,0.000000,0.000000,0.0000,,,0.0000,0,,+0.000000,unstructured,,,0.5878,0.5878,0.291146,0.441221,0.267634,0,0,0,flat,False,"{'timestamp': 815, 'kind': 'unstructured', 'new_data': {'content': 'Labor data and inflation readings point in different directions for policy.'}}"
1775839159.728513,news_ignored,815,,,,,,,weak_macro_news,score=+0.00,0,,0.00,0.00,0.00,0.00,0.00,flat,,,,,,945.4520,942,948,945.0000,6,2.000000,0.000000,0.000000,0.0000,,,0.0000,0,,+0.000000,unstructured,,,0.5878,0.5878,0.291146,0.441221,0.267634,0,0,0,flat,False,"{'timestamp': 815, 'kind': 'unstructured', 'new_data': {'content': 'Labor data and inflation readings point in different directions for policy.'}}"
1775839160.845314,heartbeat,815,,,,,,,,,0,,0.00,0.00,0.00,0.00,0.00,flat,,,,,,946.3691,947,953,950.0000,6,2.000000,0.000000,0.000000,0.0000,,,,,,,,,,-0.3250,-0.3250,0.273000,0.441000,0.286000,0,0,0,flat,False,
1775839163.862773,heartbeat,815,,,,,,,,,0,,0.00,0.00,0.00,0.00,0.00,flat,,,,,,945.0883,936,942,939.0000,6,2.000000,0.000000,0.000000,0.0000,,,,,,,,,,0.9500,0.9500,0.297000,0.444000,0.259000,0,0,0,flat,False,
1775839166.875850,heartbeat,815,,,,,,,,,0,,0.00,0.00,0.00,0.00,0.00,flat,,,,,,944.9389,942,948,945.0000,6,2.000000,0.000000,0.000000,0.0000,,,,,,,,,,1.0989,1.0989,0.300699,0.442557,0.256743,0,0,0,flat,False,
1775839169.893789,heartbeat,815,,,,,,,,,0,,0.00,0.00,0.00,0.00,0.00,flat,,,,,,943.2057,938,944,941.0000,6,2.000000,0.000000,0.000000,0.0000,,,,,,,,,,2.8278,2.8278,0.337337,0.438438,0.224224,0,0,0,flat,False,
1775839170.735542,news_ignored,870,,,,,,,non_C_earnings,,0,,0.00,0.00,0.00,0.00,0.00,flat,,,,,,942.4097,939,943,941.0000,4,2.000000,0.000000,0.000000,0.0000,,,,,,,structured,earnings,A,3.6232,3.6232,0.355322,0.434283,0.210395,0,0,0,flat,False,"{'timestamp': 870, 'kind': 'structured', 'new_data': {'value': 0.7115581996226538, 'asset': 'A', 'structured_subtype': 'earnings'}}"
1775839172.910328,heartbeat,870,,,,,,,,,0,,0.00,0.00,0.00,0.00,0.00,flat,,,,,,943.3003,935,941,938.0000,6,2.000000,0.000000,0.000000,0.0000,,,,,,,,,,2.7334,2.7334,0.333500,0.442336,0.224164,0,0,0,flat,False,
1775839174.722769,anchor_init,890,,,,,,,,real_earnings,0,,0.00,0.00,0.00,0.00,0.00,flat,,,,,,934.0000,931,937,934.0000,6,1.959086,0.000000,0.000000,0.0000,,,,,,,,,,3.9645,3.9645,0.362181,0.434217,0.203602,0,0,0,flat,False,
1775839174.723002,earnings_baseline,890,,,,,,,,eps=1.959086,0,,0.00,0.00,0.00,0.00,0.00,flat,,,,,,934.0000,931,937,934.0000,6,1.959086,0.000000,0.000000,0.0000,,,,,,,,,,3.9645,3.9645,0.362181,0.434217,0.203602,0,0,0,flat,False,
1775839175.920194,heartbeat,890,,,,,,,,,0,,0.00,0.00,0.00,0.00,0.00,flat,,,,,,933.5929,933,939,936.0000,6,1.959086,0.000000,0.000000,0.0000,,,,,,,,,,4.3750,4.3750,0.372000,0.431000,0.197000,0,0,0,flat,False,
1775839178.922463,heartbeat,890,,,,,,,,,0,,0.00,0.00,0.00,0.00,0.00,flat,,,,,,934.6982,951,957,954.0000,6,1.959086,0.000000,0.000000,0.0000,,,,,,,,,,3.2609,3.2609,0.346327,0.437781,0.215892,0,0,0,flat,False,
1775839181.922175,heartbeat,890,,,,,,,,,0,,0.00,0.00,0.00,0.00,0.00,flat,,,,,,935.4539,956,962,959.0000,6,1.959086,0.000000,0.000000,0.0000,,,,,,,,,,2.5000,2.5000,0.329000,0.442000,0.229000,0,0,0,flat,False,
1775839184.924307,heartbeat,890,,,,,,,,,0,,0.00,0.00,0.00,0.00,0.00,flat,,,,,,936.6224,958,964,961.0000,6,1.959086,0.000000,0.000000,0.0000,,,,,,,,,,1.3250,1.3250,0.302000,0.449000,0.249000,0,0,0,flat,False,
1775839187.320568,macro_eval,953,,BUY,120,,,,candidate,score=-4.50 headline=Slowing GDP growth raises questions about how long the Fed can hold steady.,0,,0.00,0.00,0.00,0.00,0.00,flat,,,,,,937.7177,964,966,965.0000,2,1.959086,0.000000,0.000000,0.0000,,,-4.5000,120,BUY,+0.000000,unstructured,,,0.2250,0.2250,0.279000,0.451000,0.270000,0,0,0,flat,False,"{'timestamp': 953, 'kind': 'unstructured', 'new_data': {'content': 'Slowing GDP growth raises questions about how long the Fed can hold steady.'}}"
1775839187.320794,macro_signal,953,,BUY,120,,,,,score=-4.50 headline=Slowing GDP growth raises questions about how long the Fed can hold steady.,0,,0.00,0.00,0.00,0.00,0.00,flat,macro,BUY,120,4.500000,True,944.4717,964,966,965.0000,2,1.959086,0.000000,0.000000,-6.7500,,,-4.5000,120,BUY,+0.000000,,,,-6.5250,0.2250,0.279000,0.451000,0.270000,0,0,0,flat,False,"{'timestamp': 953, 'kind': 'unstructured', 'new_data': {'content': 'Slowing GDP growth raises questions about how long the Fed can hold steady.'}}"
1775839187.321048,entry_blocked,953,,,120,,,macro,buy_over_fair_px_966_fair_944.5,,0,,0.00,0.00,0.00,0.00,0.00,flat,macro,BUY,120,4.500000,True,944.4717,964,966,965.0000,2,1.959086,0.000000,0.000000,-6.7500,,,,,,,,,,-6.5250,0.2250,0.279000,0.451000,0.270000,0,0,0,flat,False,
1775839187.322195,entry_blocked,953,,,120,,,macro,buy_over_fair_px_966_fair_944.8,,0,,0.00,0.00,0.00,0.00,0.00,flat,macro,BUY,120,4.500000,True,944.8340,964,966,965.0000,2,1.959086,0.000000,0.000000,-6.7500,,,,,,,,,,-6.8855,-0.1355,0.275012,0.444554,0.280434,0,0,0,flat,False,
1775839187.322975,entry_blocked,953,,,120,,,macro,buy_over_fair_px_966_fair_944.5,,0,,0.00,0.00,0.00,0.00,0.00,flat,macro,BUY,120,4.500000,True,944.4717,964,966,965.0000,2,1.959086,0.000000,0.000000,-6.7500,,,,,,,,,,-6.5250,0.2250,0.279000,0.451000,0.270000,0,0,0,flat,False,
1775839187.327524,entry_blocked,953,,,120,,,macro,buy_over_fair_px_966_fair_944.8,,0,,0.00,0.00,0.00,0.00,0.00,flat,macro,BUY,120,4.500000,True,944.8217,964,966,965.0000,2,1.959086,0.000000,0.000000,-6.7500,,,,,,,,,,-6.8733,-0.1233,0.275148,0.444773,0.280079,0,0,0,flat,False,
1775839187.327861,entry_blocked,953,,,120,,,macro,buy_over_fair_px_966_fair_944.5,,0,,0.00,0.00,0.00,0.00,0.00,flat,macro,BUY,120,4.500000,True,944.4717,964,966,965.0000,2,1.959086,0.000000,0.000000,-6.7500,,,,,,,,,,-6.5250,0.2250,0.279000,0.451000,0.270000,0,0,0,flat,False,
1775839187.328317,entry_blocked,953,,,120,,,macro,buy_over_fair_px_966_fair_944.8,,0,,0.00,0.00,0.00,0.00,0.00,flat,macro,BUY,120,4.500000,True,944.8250,964,966,965.0000,2,1.959086,0.000000,0.000000,-6.7500,,,,,,,,,,-6.8765,-0.1265,0.269231,0.456478,0.274291,0,0,0,flat,False,
1775839187.328643,entry_blocked,953,,,120,,,macro,buy_over_fair_px_966_fair_944.5,,0,,0.00,0.00,0.00,0.00,0.00,flat,macro,BUY,120,4.500000,True,944.4970,964,966,965.0000,2,1.959086,0.000000,0.000000,-6.7500,,,,,,,,,,-6.5502,0.1998,0.278721,0.450549,0.270729,0,0,0,flat,False,
1775839187.329893,entry_blocked,953,,,120,,,macro,buy_over_fair_px_967_fair_944.5,,0,,0.00,0.00,0.00,0.00,0.00,flat,macro,BUY,120,4.500000,True,944.4966,964,967,965.5000,3,1.959086,0.000000,0.000000,-6.7500,,,,,,,,,,-6.5498,0.2002,0.279279,0.449449,0.271271,0,0,0,flat,False,
1775839187.332551,entry_blocked,953,,,120,,,macro,buy_over_fair_px_967_fair_944.8,,0,,0.00,0.00,0.00,0.00,0.00,flat,macro,BUY,120,4.500000,True,944.8124,964,967,965.5000,3,1.959086,0.000000,0.000000,-6.7500,,,,,,,,,,-6.8640,-0.1140,0.270147,0.455144,0.274709,0,0,0,flat,False,
1775839187.333542,entry_blocked,953,,,120,,,macro,buy_over_fair_px_967_fair_944.5,,0,,0.00,0.00,0.00,0.00,0.00,flat,macro,BUY,120,4.500000,True,944.4966,964,967,965.5000,3,1.959086,0.000000,0.000000,-6.7500,,,,,,,,,,-6.5498,0.2002,0.279279,0.449449,0.271271,0,0,0,flat,False,
1775839187.333928,entry_blocked,953,,,120,,,macro,buy_over_fair_px_968_fair_944.5,,0,,0.00,0.00,0.00,0.00,0.00,flat,macro,BUY,120,4.500000,True,944.4966,964,968,966.0000,4,1.959086,0.000000,0.000000,-6.7500,,,,,,,,,,-6.5498,0.2002,0.279279,0.449449,0.271271,0,0,0,flat,False,
1775839187.334763,entry_blocked,953,,,120,,,macro,buy_over_fair_px_969_fair_944.5,,0,,0.00,0.00,0.00,0.00,0.00,flat,macro,BUY,120,4.500000,True,944.4713,964,969,966.5000,5,1.959086,0.000000,0.000000,-6.7500,,,,,,,,,,-6.5245,0.2255,0.279559,0.449900,0.270541,0,0,0,flat,False,
1775839187.334966,entry_blocked,953,,,120,,,macro,buy_over_fair_px_969_fair_944.8,,0,,0.00,0.00,0.00,0.00,0.00,flat,macro,BUY,120,4.500000,True,944.7743,964,969,966.5000,5,1.959086,0.000000,0.000000,-6.7500,,,,,,,,,,-6.8261,-0.0761,0.270791,0.455375,0.273834,0,0,0,flat,False,
1775839187.335466,entry_blocked,953,,,120,,,macro,buy_over_fair_px_969_fair_944.5,,0,,0.00,0.00,0.00,0.00,0.00,flat,macro,BUY,120,4.500000,True,944.4962,964,969,966.5000,5,1.959086,0.000000,0.000000,-6.7500,,,,,,,,,,-6.5494,0.2006,0.278837,0.450351,0.270812,0,0,0,flat,False,
1775839187.524356,entry_blocked,953,,,120,,,macro,buy_over_fair_px_969_fair_945.0,,0,,0.00,0.00,0.00,0.00,0.00,flat,macro,BUY,120,4.500000,True,945.0068,964,969,966.5000,5,1.959086,0.000000,0.000000,-6.7500,,,,,,,,,,-7.0574,-0.3074,0.264344,0.459016,0.276639,0,0,0,flat,False,
1775839187.525036,entry_blocked,953,,,120,,,macro,buy_over_fair_px_969_fair_944.5,,0,,0.00,0.00,0.00,0.00,0.00,flat,macro,BUY,120,4.500000,True,944.4710,964,969,966.5000,5,1.959086,0.000000,0.000000,-6.7500,,,,,,,,,,-6.5243,0.2257,0.279840,0.449348,0.270812,0,0,0,flat,False,
1775839187.526053,entry_blocked,953,,,120,,,macro,buy_over_fair_px_969_fair_945.1,,0,,0.00,0.00,0.00,0.00,0.00,flat,macro,BUY,120,4.500000,True,945.0549,966,969,967.5000,3,1.959086,0.000000,0.000000,-6.7500,,,,,,,,,,-7.1052,-0.3552,0.273395,0.439000,0.287604,0,0,0,flat,False,
1775839187.526824,entry_blocked,953,,,120,,,macro,buy_over_fair_px_969_fair_944.5,,0,,0.00,0.00,0.00,0.00,0.00,flat,macro,BUY,120,4.500000,True,944.4710,966,969,967.5000,3,1.959086,0.000000,0.000000,-6.7500,,,,,,,,,,-6.5243,0.2257,0.279840,0.449348,0.270812,0,0,0,flat,False,
1775839187.527777,entry_blocked,953,,,120,,,macro,buy_over_fair_px_969_fair_945.0,,0,,0.00,0.00,0.00,0.00,0.00,flat,macro,BUY,120,4.500000,True,944.9938,966,969,967.5000,3,1.959086,0.000000,0.000000,-6.7500,,,,,,,,,,-7.0444,-0.2944,0.264721,0.458781,0.276498,0,0,0,flat,False,
1775839187.528924,entry_blocked,953,,,120,,,macro,buy_over_fair_px_969_fair_945.3,,0,,0.00,0.00,0.00,0.00,0.00,flat,macro,BUY,120,4.500000,True,945.3102,966,969,967.5000,3,1.959086,0.000000,0.000000,-6.7500,,,,,,,,,,-7.3591,-0.6091,0.255573,0.464489,0.279938,0,0,0,flat,False,
1775839187.529518,entry_blocked,953,,,120,,,macro,buy_over_fair_px_969_fair_944.8,,0,,0.00,0.00,0.00,0.00,0.00,flat,macro,BUY,120,4.500000,True,944.7743,966,969,967.5000,3,1.959086,0.000000,0.000000,-6.7500,,,,,,,,,,-6.8261,-0.0761,0.271066,0.454822,0.274112,0,0,0,flat,False,
1775839187.531576,entry_blocked,953,,,120,,,macro,buy_over_fair_px_969_fair_945.3,,0,,0.00,0.00,0.00,0.00,0.00,flat,macro,BUY,120,4.500000,True,945.3465,966,969,967.5000,3,1.959086,0.000000,0.000000,-6.7500,,,,,,,,,,-7.3952,-0.6452,0.265012,0.444169,0.290819,0,0,0,flat,False,
1775839187.532555,entry_blocked,953,,,120,,,macro,buy_over_fair_px_969_fair_944.8,,0,,0.00,0.00,0.00,0.00,0.00,flat,macro,BUY,120,4.500000,True,944.7744,966,969,967.5000,3,1.959086,0.000000,0.000000,-6.7500,,,,,,,,,,-6.8262,-0.0762,0.271204,0.454545,0.274251,0,0,0,flat,False,
1775839187.533184,entry_blocked,953,,,120,,,macro,buy_over_fair_px_969_fair_945.1,,0,,0.00,0.00,0.00,0.00,0.00,flat,macro,BUY,120,4.500000,True,945.1257,966,969,967.5000,3,1.959086,0.000000,0.000000,-6.7500,,,,,,,,,,-7.1756,-0.4256,0.267401,0.448172,0.284427,0,0,0,flat,False,
1775839187.534206,entry_blocked,953,,,120,,,macro,buy_over_fair_px_969_fair_945.7,,0,,0.00,0.00,0.00,0.00,0.00,flat,macro,BUY,120,4.500000,True,945.6704,966,969,967.5000,3,1.959086,0.000000,0.000000,-6.7500,,,,,,,,,,-7.7172,-0.9672,0.261508,0.438296,0.300196,0,0,0,flat,False,
1775839187.534936,entry_blocked,953,,,120,,,macro,buy_over_fair_px_969_fair_945.1,,0,,0.00,0.00,0.00,0.00,0.00,flat,macro,BUY,120,4.500000,True,945.1257,966,969,967.5000,3,1.959086,0.000000,0.000000,-6.7500,,,,,,,,,,-7.1756,-0.4256,0.267401,0.448172,0.284427,0,0,0,flat,False,
1775839187.535407,entry_blocked,953,,,120,,,macro,buy_over_fair_px_969_fair_945.2,,0,,0.00,0.00,0.00,0.00,0.00,flat,macro,BUY,120,4.500000,True,945.1504,966,969,967.5000,3,1.959086,0.000000,0.000000,-6.7500,,,,,,,,,,-7.2002,-0.4502,0.267134,0.447724,0.285143,0,0,0,flat,False,
1775839187.535828,entry_blocked,953,,,120,,,macro,buy_over_fair_px_969_fair_945.7,,0,,0.00,0.00,0.00,0.00,0.00,flat,macro,BUY,120,4.500000,True,945.6731,966,969,967.5000,3,1.959086,0.000000,0.000000,-6.7500,,,,,,,,,,-7.7199,-0.9699,0.252169,0.456866,0.290965,0,0,0,flat,False,
1775839187.536857,entry_blocked,953,,,120,,,macro,buy_over_fair_px_969_fair_945.2,,0,,0.00,0.00,0.00,0.00,0.00,flat,macro,BUY,120,4.500000,True,945.1761,966,969,967.5000,3,1.959086,0.000000,0.000000,-6.7500,,,,,,,,,,-7.2257,-0.4757,0.266400,0.448172,0.285428,0,0,0,flat,False,
1775839187.537904,entry_blocked,953,,,120,,,macro,buy_over_fair_px_969_fair_943.9,,0,,0.00,0.00,0.00,0.00,0.00,flat,macro,BUY,120,4.500000,True,943.9316,966,969,967.5000,3,1.959086,0.000000,0.000000,-6.7500,,,,,,,,,,-5.9872,0.7628,0.279853,0.470805,0.249342,0,0,0,flat,False,
1775839187.538672,entry_blocked,953,,,120,,,macro,buy_over_fair_px_969_fair_944.5,,0,,0.00,0.00,0.00,0.00,0.00,flat,macro,BUY,120,4.500000,True,944.4548,966,969,967.5000,3,1.959086,0.000000,0.000000,-6.7500,,,,,,,,,,-6.5082,0.2418,0.264374,0.480924,0.254702,0,0,0,flat,False,
1775839187.546761,entry_blocked,953,,,120,,,macro,buy_over_fair_px_970_fair_944.5,,0,,0.00,0.00,0.00,0.00,0.00,flat,macro,BUY,120,4.500000,True,944.4544,966,970,968.0000,4,1.959086,0.000000,0.000000,-6.7500,,,,,,,,,,-6.5078,0.2422,0.264801,0.480086,0.255113,0,0,0,flat,False,
1775839187.547281,entry_blocked,953,,,120,,,macro,buy_over_fair_px_971_fair_944.5,,0,,0.00,0.00,0.00,0.00,0.00,flat,macro,BUY,120,4.500000,True,944.4544,966,971,968.5000,5,1.959086,0.000000,0.000000,-6.7500,,,,,,,,,,-6.5078,0.2422,0.264801,0.480086,0.255113,0,0,0,flat,False,
1775839187.550266,entry_blocked,953,,,120,,,macro,buy_over_fair_px_971_fair_946.2,,0,,0.00,0.00,0.00,0.00,0.00,flat,macro,BUY,120,4.500000,True,946.2334,966,971,968.5000,5,1.959086,0.000000,0.000000,-6.7500,,,,,,,,,,-8.2765,-1.5265,0.246246,0.446446,0.307307,0,0,0,flat,False,
1775839187.554319,entry_blocked,953,,,120,,,macro,buy_over_fair_px_971_fair_944.5,,0,,0.00,0.00,0.00,0.00,0.00,flat,macro,BUY,120,4.500000,True,944.4681,966,971,968.5000,5,1.959086,0.000000,0.000000,-6.7500,,,,,,,,,,-6.5214,0.2286,0.264658,0.479828,0.255514,0,0,0,flat,False,
1775839187.721077,entry_blocked,953,,,120,,,macro,buy_over_fair_px_971_fair_946.4,,0,,0.00,0.00,0.00,0.00,0.00,flat,macro,BUY,120,4.500000,True,946.3862,967,971,969.0000,4,1.959086,0.000000,0.000000,-6.7500,,,,,,,,,,-8.4283,-1.6783,0.244654,0.443560,0.311785,0,0,0,flat,False,
1775839187.722038,entry_blocked,953,,,120,,,macro,buy_over_fair_px_971_fair_944.5,,0,,0.00,0.00,0.00,0.00,0.00,flat,macro,BUY,120,4.500000,True,944.4681,967,971,969.0000,4,1.959086,0.000000,0.000000,-6.7500,,,,,,,,,,-6.5214,0.2286,0.264658,0.479828,0.255514,0,0,0,flat,False,
1775839187.726163,entry_blocked,953,,,120,,,macro,buy_over_fair_px_971_fair_944.6,,0,,0.00,0.00,0.00,0.00,0.00,flat,macro,BUY,120,4.500000,True,944.6163,967,971,969.0000,4,1.959086,0.000000,0.000000,-6.7500,,,,,,,,,,-6.6688,0.0812,0.260281,0.482684,0.257035,0,0,0,flat,False,
1775839187.727558,entry_blocked,953,,,120,,,macro,buy_over_fair_px_971_fair_944.5,,0,,0.00,0.00,0.00,0.00,0.00,flat,macro,BUY,120,4.500000,True,944.4681,967,971,969.0000,4,1.959086,0.000000,0.000000,-6.7500,,,,,,,,,,-6.5214,0.2286,0.264658,0.479828,0.255514,0,0,0,flat,False,
1775839187.729027,entry_blocked,953,,,120,,,macro,buy_over_fair_px_971_fair_946.4,,0,,0.00,0.00,0.00,0.00,0.00,flat,macro,BUY,120,4.500000,True,946.3754,967,971,969.0000,4,1.959086,0.000000,0.000000,-6.7500,,,,,,,,,,-8.4175,-1.6675,0.244898,0.443504,0.311598,0,0,0,flat,False,
1775839187.730239,entry_blocked,953,,,120,,,macro,buy_over_fair_px_971_fair_946.5,,0,,0.00,0.00,0.00,0.00,0.00,flat,macro,BUY,120,4.500000,True,946.5265,967,971,969.0000,4,1.959086,0.000000,0.000000,-6.7500,,,,,,,,,,-8.5675,-1.8175,0.243323,0.440653,0.316024,0,0,0,flat,False,
1775839187.735526,entry_blocked,953,,,120,,,macro,buy_over_fair_px_971_fair_946.7,,0,,0.00,0.00,0.00,0.00,0.00,flat,macro,BUY,120,4.500000,True,946.6838,967,971,969.0000,4,1.959086,0.000000,0.000000,-6.7500,,,,,,,,,,-8.7237,-1.9737,0.239325,0.442403,0.318272,0,0,0,flat,False,
1775839187.735979,entry_blocked,953,,,120,,,macro,buy_over_fair_px_971_fair_946.8,,0,,0.00,0.00,0.00,0.00,0.00,flat,macro,BUY,120,4.500000,True,946.8467,967,971,969.0000,4,1.959086,0.000000,0.000000,-6.7500,,,,,,,,,,-8.8854,-2.1354,0.234765,0.445055,0.320180,0,0,0,flat,False,
1775839187.739071,entry_blocked,953,,,120,,,macro,buy_over_fair_px_971_fair_946.9,,0,,0.00,0.00,0.00,0.00,0.00,flat,macro,BUY,120,4.500000,True,946.8604,967,971,969.0000,4,1.959086,0.000000,0.000000,-6.7500,,,,,,,,,,-8.8989,-2.1489,0.234383,0.445277,0.320340,0,0,0,flat,False,
1775839187.924207,heartbeat,953,,,,,,,,,0,,0.00,0.00,0.00,0.00,0.00,flat,macro,BUY,120,4.500000,True,946.8981,967,971,969.0000,4,1.959086,0.000000,0.000000,-6.7500,,,,,,,,,,-8.9364,-2.1864,0.233883,0.444778,0.321339,0,0,0,flat,False,
1775839187.931479,entry_blocked,953,,,120,,,macro,buy_over_fair_px_971_fair_947.0,,0,,0.00,0.00,0.00,0.00,0.00,flat,macro,BUY,120,4.500000,True,947.0171,967,971,969.0000,4,1.959086,0.000000,0.000000,-6.7500,,,,,,,,,,-9.0544,-2.3044,0.232187,0.443448,0.324365,0,0,0,flat,False,
1775839187.934998,entry_blocked,953,,,120,,,macro,buy_over_fair_px_971_fair_947.1,,0,,0.00,0.00,0.00,0.00,0.00,flat,macro,BUY,120,4.500000,True,947.1248,967,971,969.0000,4,1.959086,0.000000,0.000000,-6.7500,,,,,,,,,,-9.1613,-2.4113,0.229385,0.444778,0.325837,0,0,0,flat,False,
1775839188.135971,entry_blocked,953,,,120,,,macro,buy_over_fair_px_971_fair_947.0,,0,,0.00,0.00,0.00,0.00,0.00,flat,macro,BUY,120,4.500000,True,947.0480,969,971,970.0000,2,1.959086,0.000000,0.000000,-6.7500,,,,,,,,,,-9.0852,-2.3352,0.229770,0.447053,0.323177,0,0,0,flat,False,
1775839188.336736,entry_blocked,953,,,120,,,macro,buy_over_fair_px_971_fair_946.9,,0,,0.00,0.00,0.00,0.00,0.00,flat,macro,BUY,120,4.500000,True,946.9404,969,971,970.0000,2,1.959086,0.000000,0.000000,-6.7500,,,,,,,,,,-8.9783,-2.2283,0.231347,0.448172,0.320481,0,0,0,flat,False,
1775839188.536381,entry_blocked,953,,,120,,,macro,buy_over_fair_px_971_fair_946.8,,0,,0.00,0.00,0.00,0.00,0.00,flat,macro,BUY,120,4.500000,True,946.8373,969,971,970.0000,2,1.959086,0.000000,0.000000,-6.7500,,,,,,,,,,-8.8761,-2.1261,0.233117,0.448724,0.318159,0,0,0,flat,False,
1775839188.731991,entry_blocked,953,,,120,,,macro,buy_over_fair_px_971_fair_946.9,,0,,0.00,0.00,0.00,0.00,0.00,flat,macro,BUY,120,4.500000,True,946.8614,966,971,968.5000,5,1.959086,0.000000,0.000000,-6.7500,,,,,,,,,,-8.9000,-2.1500,0.232500,0.449000,0.318500,0,0,0,flat,False,
1775839189.332963,entry_blocked,953,,,120,,,macro,buy_over_fair_px_971_fair_947.0,,0,,0.00,0.00,0.00,0.00,0.00,flat,macro,BUY,120,4.500000,True,946.9622,967,971,969.0000,4,1.959086,0.000000,0.000000,-6.7500,,,,,,,,,,-9.0000,-2.2500,0.230500,0.449000,0.320500,0,0,0,flat,False,
1775839189.530789,entry_blocked,953,,,120,,,macro,buy_over_fair_px_971_fair_947.1,,0,,0.00,0.00,0.00,0.00,0.00,flat,macro,BUY,120,4.500000,True,947.0595,967,971,969.0000,4,1.959086,0.000000,0.000000,-6.7500,,,,,,,,,,-9.0965,-2.3465,0.228657,0.448827,0.322516,0,0,0,flat,False,
1775839189.731101,entry_blocked,953,,,120,,,macro,buy_over_fair_px_971_fair_947.2,,0,,0.00,0.00,0.00,0.00,0.00,flat,macro,BUY,120,4.500000,True,947.1626,967,971,969.0000,4,1.959086,0.000000,0.000000,-6.7500,,,,,,,,,,-9.1988,-2.4488,0.226887,0.448276,0.324838,0,0,0,flat,False,
1775839189.942383,entry_blocked,953,,,120,,,macro,buy_over_fair_px_971_fair_947.1,,0,,0.00,0.00,0.00,0.00,0.00,flat,macro,BUY,120,4.500000,True,947.1410,966,971,968.5000,5,1.959086,0.000000,0.000000,-6.7500,,,,,,,,,,-9.1774,-2.4274,0.228228,0.446446,0.325325,0,0,0,flat,False,
1775839190.327864,entry_blocked,953,,,120,,,macro,buy_over_fair_px_970_fair_947.1,,0,,0.00,0.00,0.00,0.00,0.00,flat,macro,BUY,120,4.500000,True,947.0882,965,970,967.5000,5,1.959086,0.000000,0.000000,-6.7500,,,,,,,,,,-9.1250,-2.3750,0.229500,0.446000,0.324500,0,0,0,flat,False,
1775839190.339782,entry_blocked,953,,,120,,,macro,buy_over_fair_px_970_fair_947.0,,0,,0.00,0.00,0.00,0.00,0.00,flat,macro,BUY,120,4.500000,True,947.0492,965,970,967.5000,5,1.959086,0.000000,0.000000,-6.7500,,,,,,,,,,-9.0863,-2.3363,0.230385,0.445777,0.323838,0,0,0,flat,False,
1775839190.532420,entry_blocked,953,,,120,,,macro,buy_over_fair_px_970_fair_946.9,,0,,0.00,0.00,0.00,0.00,0.00,flat,macro,BUY,120,4.500000,True,946.9381,965,970,967.5000,5,1.959086,0.000000,0.000000,-6.7500,,,,,,,,,,-8.9761,-2.2261,0.232116,0.446723,0.321161,0,0,0,flat,False,
1775839190.535939,entry_blocked,953,,,120,,,macro,buy_over_fair_px_971_fair_946.9,,0,,0.00,0.00,0.00,0.00,0.00,flat,macro,BUY,120,4.500000,True,946.9096,965,971,968.0000,6,1.959086,0.000000,0.000000,-6.7500,,,,,,,,,,-8.9478,-2.1978,0.232767,0.446553,0.320679,0,0,0,flat,False,
1775839190.722526,entry_blocked,953,,,120,,,macro,buy_over_fair_px_968_fair_946.9,,0,,0.00,0.00,0.00,0.00,0.00,flat,macro,BUY,120,4.500000,True,946.9085,965,968,966.5000,3,1.959086,0.000000,0.000000,-6.7500,,,,,,,,,,-8.9467,-2.1967,0.232651,0.446830,0.320519,0,0,0,flat,False,
1775839190.923804,entry_blocked,953,,,120,,,macro,buy_over_fair_px_966_fair_946.9,,0,,0.00,0.00,0.00,0.00,0.00,flat,macro,BUY,120,4.500000,True,946.8614,962,966,964.0000,4,1.959086,0.000000,0.000000,-6.7500,,,,,,,,,,-8.9000,-2.1500,0.233000,0.448000,0.319000,0,0,0,flat,False,
1775839190.924064,heartbeat,953,,,,,,,,,0,,0.00,0.00,0.00,0.00,0.00,flat,macro,BUY,120,4.500000,True,946.8614,962,966,964.0000,4,1.959086,0.000000,0.000000,-6.7500,,,,,,,,,,-8.9000,-2.1500,0.233000,0.448000,0.319000,0,0,0,flat,False,
1775839191.322226,entry_blocked,953,,,120,,,macro,buy_over_fair_px_966_fair_946.8,,0,,0.00,0.00,0.00,0.00,0.00,flat,macro,BUY,120,4.500000,True,946.8456,960,966,963.0000,6,1.959086,0.000000,0.000000,-6.7500,,,,,,,,,,-8.8843,-2.1343,0.234149,0.446331,0.319521,0,0,0,flat,False,
1775839191.333176,entry_blocked,953,,,120,,,macro,buy_over_fair_px_966_fair_946.7,,0,,0.00,0.00,0.00,0.00,0.00,flat,macro,BUY,120,4.500000,True,946.7491,962,966,964.0000,4,1.959086,0.000000,0.000000,-6.7500,,,,,,,,,,-8.7885,-2.0385,0.235118,0.448224,0.316658,0,0,0,flat,False,
1775839191.338755,entry_blocked,953,,,120,,,macro,buy_over_fair_px_967_fair_946.7,,0,,0.00,0.00,0.00,0.00,0.00,flat,macro,BUY,120,4.500000,True,946.7345,962,967,964.5000,5,1.959086,0.000000,0.000000,-6.7500,,,,,,,,,,-8.7740,-2.0240,0.235382,0.448276,0.316342,0,0,0,flat,False,
1775839191.341571,entry_blocked,953,,,120,,,macro,buy_over_fair_px_968_fair_946.7,,0,,0.00,0.00,0.00,0.00,0.00,flat,macro,BUY,120,4.500000,True,946.7335,962,968,965.0000,6,1.959086,0.000000,0.000000,-6.7500,,,,,,,,,,-8.7730,-2.0230,0.235265,0.448551,0.316184,0,0,0,flat,False,
1775839191.524023,entry_blocked,953,,,120,,,macro,buy_over_fair_px_968_fair_946.6,,0,,0.00,0.00,0.00,0.00,0.00,flat,macro,BUY,120,4.500000,True,946.6202,962,968,965.0000,6,1.959086,0.000000,0.000000,-6.7500,,,,,,,,,,-8.6606,-1.9106,0.237263,0.449051,0.313686,0,0,0,flat,False,
1775839191.534629,entry_blocked,953,,,120,,,macro,buy_over_fair_px_968_fair_946.5,,0,,0.00,0.00,0.00,0.00,0.00,flat,macro,BUY,120,4.500000,True,946.5466,962,968,965.0000,6,1.959086,0.000000,0.000000,-6.7500,,,,,,,,,,-8.5875,-1.8375,0.238500,0.449500,0.312000,0,0,0,flat,False,
1775839191.535481,entry_blocked,953,,,120,,,macro,buy_over_fair_px_967_fair_946.5,,0,,0.00,0.00,0.00,0.00,0.00,flat,macro,BUY,120,4.500000,True,946.5466,962,967,964.5000,5,1.959086,0.000000,0.000000,-6.7500,,,,,,,,,,-8.5875,-1.8375,0.238500,0.449500,0.312000,0,0,0,flat,False,
1775839191.724253,entry_blocked,953,,,120,,,macro,buy_over_fair_px_967_fair_946.4,,0,,0.00,0.00,0.00,0.00,0.00,flat,macro,BUY,120,4.500000,True,946.4450,962,967,964.5000,5,1.959086,0.000000,0.000000,-6.7500,,,,,,,,,,-8.4866,-1.7366,0.240380,0.449775,0.309845,0,0,0,flat,False,
1775839191.730800,entry_blocked,953,,,120,,,macro,buy_over_fair_px_967_fair_946.3,,0,,0.00,0.00,0.00,0.00,0.00,flat,macro,BUY,120,4.500000,True,946.3460,962,967,964.5000,5,1.959086,0.000000,0.000000,-6.7500,,,,,,,,,,-8.3883,-1.6383,0.242121,0.450225,0.307654,0,0,0,flat,False,
1775839191.737811,entry_blocked,953,,,120,,,macro,buy_over_fair_px_968_fair_946.3,,0,,0.00,0.00,0.00,0.00,0.00,flat,macro,BUY,120,4.500000,True,946.3326,962,968,965.0000,6,1.959086,0.000000,0.000000,-6.7500,,,,,,,,,,-8.3750,-1.6250,0.242500,0.450000,0.307500,0,0,0,flat,False,
1775839191.926404,entry_blocked,953,,,120,,,macro,buy_over_fair_px_967_fair_946.3,,0,,0.00,0.00,0.00,0.00,0.00,flat,macro,BUY,120,4.500000,True,946.3318,962,967,964.5000,5,1.959086,0.000000,0.000000,-6.7500,,,,,,,,,,-8.3742,-1.6242,0.242379,0.450275,0.307346,0,0,0,flat,False,
1775839192.124483,entry_blocked,953,,,120,,,macro,buy_over_fair_px_967_fair_946.2,,0,,0.00,0.00,0.00,0.00,0.00,flat,macro,BUY,120,4.500000,True,946.2052,961,967,964.0000,6,1.959086,0.000000,0.000000,-6.7500,,,,,,,,,,-8.2485,-1.4985,0.244755,0.450549,0.304695,0,0,0,flat,False,
1775839192.128754,entry_blocked,953,,,120,,,macro,buy_over_fair_px_965_fair_946.2,,0,,0.00,0.00,0.00,0.00,0.00,flat,macro,BUY,120,4.500000,True,946.2060,961,965,963.0000,4,1.959086,0.000000,0.000000,-6.7500,,,,,,,,,,-8.2493,-1.4993,0.244878,0.450275,0.304848,0,0,0,flat,False,
1775839192.326044,entry_blocked,953,,,120,,,macro,buy_over_fair_px_965_fair_946.0,,0,,0.00,0.00,0.00,0.00,0.00,flat,macro,BUY,120,4.500000,True,946.0372,959,965,962.0000,6,1.959086,0.000000,0.000000,-6.7500,,,,,,,,,,-8.0817,-1.3317,0.247236,0.452261,0.300503,0,0,0,flat,False,
1775839192.326867,entry_blocked,953,,,120,,,macro,buy_over_fair_px_965_fair_946.2,,0,,0.00,0.00,0.00,0.00,0.00,flat,macro,BUY,120,4.500000,True,946.1564,959,965,962.0000,6,1.959086,0.000000,0.000000,-6.7500,,,,,,,,,,-8.2000,-1.4500,0.246000,0.450000,0.304000,0,0,0,flat,False,
1775839192.327521,entry_blocked,953,,,120,,,macro,buy_over_fair_px_965_fair_946.0,,0,,0.00,0.00,0.00,0.00,0.00,flat,macro,BUY,120,4.500000,True,946.0239,959,965,962.0000,6,1.959086,0.000000,0.000000,-6.7500,,,,,,,,,,-8.0684,-1.3184,0.249751,0.447761,0.302488,0,0,0,flat,False,
1775839192.328620,entry_blocked,953,,,120,,,macro,buy_over_fair_px_965_fair_946.2,,0,,0.00,0.00,0.00,0.00,0.00,flat,macro,BUY,120,4.500000,True,946.1564,959,965,962.0000,6,1.959086,0.000000,0.000000,-6.7500,,,,,,,,,,-8.2000,-1.4500,0.246000,0.450000,0.304000,0,0,0,flat,False,
1775839192.329559,entry_blocked,953,,,120,,,macro,buy_over_fair_px_965_fair_946.0,,0,,0.00,0.00,0.00,0.00,0.00,flat,macro,BUY,120,4.500000,True,946.0492,959,965,962.0000,6,1.959086,0.000000,0.000000,-6.7500,,,,,,,,,,-8.0935,-1.3435,0.247112,0.452034,0.300854,0,0,0,flat,False,
1775839192.331443,entry_blocked,953,,,120,,,macro,buy_over_fair_px_965_fair_945.9,,0,,0.00,0.00,0.00,0.00,0.00,flat,macro,BUY,120,4.500000,True,945.9059,959,965,962.0000,6,1.959086,0.000000,0.000000,-6.7500,,,,,,,,,,-7.9512,-1.2012,0.250751,0.450450,0.298799,0,0,0,flat,False,
1775839192.336982,entry_blocked,953,,,120,,,macro,buy_over_fair_px_965_fair_945.8,,0,,0.00,0.00,0.00,0.00,0.00,flat,macro,BUY,120,4.500000,True,945.8424,959,965,962.0000,6,1.959086,0.000000,0.000000,-6.7500,,,,,,,,,,-7.8881,-1.1381,0.252126,0.450225,0.297649,0,0,0,flat,False,
1775839192.522636,entry_blocked,953,,,120,,,macro,buy_over_fair_px_965_fair_945.7,,0,,0.00,0.00,0.00,0.00,0.00,flat,macro,BUY,120,4.500000,True,945.7449,959,965,962.0000,6,1.959086,0.000000,0.000000,-6.7500,,,,,,,,,,-7.7911,-1.0411,0.253387,0.451581,0.295033,0,0,0,flat,False,
1775839192.523326,entry_blocked,953,,,120,,,macro,buy_over_fair_px_965_fair_945.8,,0,,0.00,0.00,0.00,0.00,0.00,flat,macro,BUY,120,4.500000,True,945.8292,959,965,962.0000,6,1.959086,0.000000,0.000000,-6.7500,,,,,,,,,,-7.8750,-1.1250,0.252500,0.450000,0.297500,0,0,0,flat,False,
1775839192.523919,entry_blocked,953,,,120,,,macro,buy_over_fair_px_964_fair_945.8,,0,,0.00,0.00,0.00,0.00,0.00,flat,macro,BUY,120,4.500000,True,945.8292,959,964,961.5000,5,1.959086,0.000000,0.000000,-6.7500,,,,,,,,,,-7.8750,-1.1250,0.252500,0.450000,0.297500,0,0,0,flat,False,
1775839192.525112,entry_blocked,953,,,120,,,macro,buy_over_fair_px_964_fair_945.7,,0,,0.00,0.00,0.00,0.00,0.00,flat,macro,BUY,120,4.500000,True,945.6595,959,964,961.5000,5,1.959086,0.000000,0.000000,-6.7500,,,,,,,,,,-7.7063,-0.9563,0.257327,0.447094,0.295579,0,0,0,flat,False,
1775839192.527307,entry_blocked,953,,,120,,,macro,buy_over_fair_px_964_fair_945.6,,0,,0.00,0.00,0.00,0.00,0.00,flat,macro,BUY,120,4.500000,True,945.5871,959,964,961.5000,5,1.959086,0.000000,0.000000,-6.7500,,,,,,,,,,-7.6344,-0.8844,0.258097,0.448430,0.293473,0,0,0,flat,False,
1775839192.528135,entry_blocked,953,,,120,,,macro,buy_over_fair_px_964_fair_945.5,,0,,0.00,0.00,0.00,0.00,0.00,flat,macro,BUY,120,4.500000,True,945.4900,959,964,961.5000,5,1.959086,0.000000,0.000000,-6.7500,,,,,,,,,,-7.5379,-0.7879,0.259130,0.450225,0.290645,0,0,0,flat,False,
1775839192.538149,entry_blocked,953,,,120,,,macro,buy_over_fair_px_964_fair_945.4,,0,,0.00,0.00,0.00,0.00,0.00,flat,macro,BUY,120,4.500000,True,945.4397,959,964,961.5000,5,1.959086,0.000000,0.000000,-6.7500,,,,,,,,,,-7.4879,-0.7379,0.260130,0.450225,0.289645,0,0,0,flat,False,
1775839192.736142,entry_blocked,953,,,120,,,macro,buy_over_fair_px_964_fair_945.3,,0,,0.00,0.00,0.00,0.00,0.00,flat,macro,BUY,120,4.500000,True,945.3262,958,964,961.0000,6,1.959086,0.000000,0.000000,-6.7500,,,,,,,,,,-7.3750,-0.6250,0.262000,0.451000,0.287000,0,0,0,flat,False,
1775839192.922341,entry_blocked,953,,,120,,,macro,buy_over_fair_px_955_fair_945.3,,0,,0.00,0.00,0.00,0.00,0.00,flat,macro,BUY,120,4.500000,True,945.3378,958,955,956.5000,-3,1.959086,0.000000,0.000000,-6.7500,,,,,,,,,,-7.3865,-0.6365,0.261608,0.451323,0.287069,0,0,0,flat,False,
1775839192.923892,entry_blocked,953,,,120,,,macro,buy_over_fair_px_964_fair_945.3,,0,,0.00,0.00,0.00,0.00,0.00,flat,macro,BUY,120,4.500000,True,945.3378,957,964,960.5000,7,1.959086,0.000000,0.000000,-6.7500,,,,,,,,,,-7.3865,-0.6365,0.261608,0.451323,0.287069,0,0,0,flat,False,
1775839192.927428,entry_blocked,953,,,120,,,macro,buy_over_fair_px_964_fair_945.4,,0,,0.00,0.00,0.00,0.00,0.00,flat,macro,BUY,120,4.500000,True,945.3513,957,964,960.5000,7,1.959086,0.000000,0.000000,-6.7500,,,,,,,,,,-7.4000,-0.6500,0.261500,0.451000,0.287500,0,0,0,flat,False,
1775839193.121460,entry_blocked,953,,,120,,,macro,buy_over_fair_px_963_fair_945.4,,0,,0.00,0.00,0.00,0.00,0.00,flat,macro,BUY,120,4.500000,True,945.3772,957,963,960.0000,6,1.959086,0.000000,0.000000,-6.7500,,,,,,,,,,-7.4257,-0.6757,0.261261,0.450450,0.288288,0,0,0,flat,False,
1775839193.338999,entry_blocked,953,,,120,,,macro,buy_over_fair_px_964_fair_945.4,,0,,0.00,0.00,0.00,0.00,0.00,flat,macro,BUY,120,4.500000,True,945.4016,958,964,961.0000,6,1.959086,0.000000,0.000000,-6.7500,,,,,,,,,,-7.4500,-0.7000,0.261000,0.450000,0.289000,0,0,0,flat,False,
1775839193.522800,entry_blocked,953,,,120,,,macro,buy_over_fair_px_962_fair_945.4,,0,,0.00,0.00,0.00,0.00,0.00,flat,macro,BUY,120,4.500000,True,945.4016,958,962,960.0000,4,1.959086,0.000000,0.000000,-6.7500,,,,,,,,,,-7.4500,-0.7000,0.261000,0.450000,0.289000,0,0,0,flat,False,
1775839193.758484,entry_blocked,953,,,120,,,macro,buy_over_fair_px_962_fair_945.5,,0,,0.00,0.00,0.00,0.00,0.00,flat,macro,BUY,120,4.500000,True,945.4519,957,962,959.5000,5,1.959086,0.000000,0.000000,-6.7500,,,,,,,,,,-7.5000,-0.7500,0.260000,0.450000,0.290000,0,0,0,flat,False,
1775839193.762067,entry_blocked,953,,,120,,,macro,buy_over_fair_px_963_fair_945.5,,0,,0.00,0.00,0.00,0.00,0.00,flat,macro,BUY,120,4.500000,True,945.4512,957,963,960.0000,6,1.959086,0.000000,0.000000,-6.7500,,,,,,,,,,-7.4993,-0.7493,0.259740,0.450549,0.289710,0,0,0,flat,False,
1775839193.924490,heartbeat,953,,,,,,,,,0,,0.00,0.00,0.00,0.00,0.00,flat,macro,BUY,120,4.500000,True,945.5022,957,963,960.0000,6,1.959086,0.000000,0.000000,-6.7500,,,,,,,,,,-7.5500,-0.8000,0.258500,0.451000,0.290500,0,0,0,flat,False,
1775839193.925194,entry_blocked,953,,,120,,,macro,buy_over_fair_px_962_fair_945.5,,0,,0.00,0.00,0.00,0.00,0.00,flat,macro,BUY,120,4.500000,True,945.5022,957,962,959.5000,5,1.959086,0.000000,0.000000,-6.7500,,,,,,,,,,-7.5500,-0.8000,0.258500,0.451000,0.290500,0,0,0,flat,False,
1775839194.122573,entry_blocked,953,,,120,,,macro,buy_over_fair_px_960_fair_945.5,,0,,0.00,0.00,0.00,0.00,0.00,flat,macro,BUY,120,4.500000,True,945.5395,956,960,958.0000,4,1.959086,0.000000,0.000000,-6.7500,,,,,,,,,,-7.5871,-0.8371,0.257371,0.451774,0.290855,0,0,0,flat,False,
1775839194.124328,entry_blocked,953,,,120,,,macro,buy_over_fair_px_960_fair_945.6,,0,,0.00,0.00,0.00,0.00,0.00,flat,macro,BUY,120,4.500000,True,945.5638,956,960,958.0000,4,1.959086,0.000000,0.000000,-6.7500,,,,,,,,,,-7.6112,-0.8612,0.257114,0.451323,0.291563,0,0,0,flat,False,
1775839194.343093,entry_blocked,953,,,120,,,macro,buy_over_fair_px_961_fair_945.6,,0,,0.00,0.00,0.00,0.00,0.00,flat,macro,BUY,120,4.500000,True,945.5777,957,961,959.0000,4,1.959086,0.000000,0.000000,-6.7500,,,,,,,,,,-7.6250,-0.8750,0.257000,0.451000,0.292000,0,0,0,flat,False,
1775839194.343440,entry_blocked,953,,,120,,,macro,buy_over_fair_px_962_fair_945.6,,0,,0.00,0.00,0.00,0.00,0.00,flat,macro,BUY,120,4.500000,True,945.5777,957,962,959.5000,5,1.959086,0.000000,0.000000,-6.7500,,,,,,,,,,-7.6250,-0.8750,0.257000,0.451000,0.292000,0,0,0,flat,False,
1775839194.343779,entry_blocked,953,,,120,,,macro,buy_over_fair_px_963_fair_945.6,,0,,0.00,0.00,0.00,0.00,0.00,flat,macro,BUY,120,4.500000,True,945.5777,957,963,960.0000,6,1.959086,0.000000,0.000000,-6.7500,,,,,,,,,,-7.6250,-0.8750,0.257000,0.451000,0.292000,0,0,0,flat,False,
1775839194.522657,entry_blocked,953,,,120,,,macro,buy_over_fair_px_963_fair_945.5,,0,,0.00,0.00,0.00,0.00,0.00,flat,macro,BUY,120,4.500000,True,945.5290,957,963,960.0000,6,1.959086,0.000000,0.000000,-6.7500,,,,,,,,,,-7.5767,-0.8267,0.257515,0.451904,0.290581,0,0,0,flat,False,
1775839194.524569,entry_blocked,953,,,120,,,macro,buy_over_fair_px_961_fair_945.5,,0,,0.00,0.00,0.00,0.00,0.00,flat,macro,BUY,120,4.500000,True,945.4771,957,961,959.0000,4,1.959086,0.000000,0.000000,-6.7500,,,,,,,,,,-7.5250,-0.7750,0.259000,0.451000,0.290000,0,0,0,flat,False,
1775839194.535857,entry_blocked,953,,,120,,,macro,buy_over_fair_px_961_fair_945.4,,0,,0.00,0.00,0.00,0.00,0.00,flat,macro,BUY,120,4.500000,True,945.4397,957,961,959.0000,4,1.959086,0.000000,0.000000,-6.7500,,,,,,,,,,-7.4879,-0.7379,0.259630,0.451226,0.289145,0,0,0,flat,False,
1775839194.723720,entry_blocked,953,,,120,,,macro,buy_over_fair_px_961_fair_945.3,,0,,0.00,0.00,0.00,0.00,0.00,flat,macro,BUY,120,4.500000,True,945.3487,955,961,958.0000,6,1.959086,0.000000,0.000000,-6.7500,,,,,,,,,,-7.3974,-0.6474,0.261952,0.450199,0.287849,0,0,0,flat,False,
1775839194.731948,entry_blocked,953,,,120,,,macro,buy_over_fair_px_961_fair_945.2,,0,,0.00,0.00,0.00,0.00,0.00,flat,macro,BUY,120,4.500000,True,945.2385,958,961,959.5000,3,1.959086,0.000000,0.000000,-6.7500,,,,,,,,,,-7.2878,-0.5378,0.263132,0.452226,0.284642,0,0,0,flat,False,
1775839194.742752,entry_blocked,953,,,120,,,macro,buy_over_fair_px_962_fair_945.2,,0,,0.00,0.00,0.00,0.00,0.00,flat,macro,BUY,120,4.500000,True,945.1621,958,962,960.0000,4,1.959086,0.000000,0.000000,-6.7500,,,,,,,,,,-7.2118,-0.4618,0.264603,0.452322,0.283075,0,0,0,flat,False,
1775839194.743137,entry_blocked,953,,,120,,,macro,buy_over_fair_px_963_fair_945.2,,0,,0.00,0.00,0.00,0.00,0.00,flat,macro,BUY,120,4.500000,True,945.1621,958,963,960.5000,5,1.959086,0.000000,0.000000,-6.7500,,,,,,,,,,-7.2118,-0.4618,0.264603,0.452322,0.283075,0,0,0,flat,False,
1775839194.743454,entry_blocked,953,,,120,,,macro,buy_over_fair_px_964_fair_945.2,,0,,0.00,0.00,0.00,0.00,0.00,flat,macro,BUY,120,4.500000,True,945.1621,958,964,961.0000,6,1.959086,0.000000,0.000000,-6.7500,,,,,,,,,,-7.2118,-0.4618,0.264603,0.452322,0.283075,0,0,0,flat,False,
1775839194.924303,entry_blocked,953,,,120,,,macro,buy_over_fair_px_964_fair_945.1,,0,,0.00,0.00,0.00,0.00,0.00,flat,macro,BUY,120,4.500000,True,945.1003,958,964,961.0000,6,1.959086,0.000000,0.000000,-6.7500,,,,,,,,,,-7.1504,-0.4004,0.265265,0.453453,0.281281,0,0,0,flat,False,
1775839194.925171,entry_blocked,953,,,120,,,macro,buy_over_fair_px_964_fair_945.2,,0,,0.00,0.00,0.00,0.00,0.00,flat,macro,BUY,120,4.500000,True,945.1621,958,964,961.0000,6,1.959086,0.000000,0.000000,-6.7500,,,,,,,,,,-7.2118,-0.4618,0.264603,0.452322,0.283075,0,0,0,flat,False,
1775839194.926961,entry_blocked,953,,,120,,,macro,buy_over_fair_px_964_fair_945.1,,0,,0.00,0.00,0.00,0.00,0.00,flat,macro,BUY,120,4.500000,True,945.0983,958,964,961.0000,6,1.959086,0.000000,0.000000,-6.7500,,,,,,,,,,-7.1484,-0.3984,0.266434,0.451195,0.282371,0,0,0,flat,False,
1775839194.932403,entry_blocked,953,,,120,,,macro,buy_over_fair_px_964_fair_945.0,,0,,0.00,0.00,0.00,0.00,0.00,flat,macro,BUY,120,4.500000,True,945.0491,958,964,961.0000,6,1.959086,0.000000,0.000000,-6.7500,,,,,,,,,,-7.0995,-0.3495,0.267099,0.451822,0.281078,0,0,0,flat,False,
1775839194.941520,entry_blocked,953,,,120,,,macro,buy_over_fair_px_964_fair_944.9,,0,,0.00,0.00,0.00,0.00,0.00,flat,macro,BUY,120,4.500000,True,944.9114,958,964,961.0000,6,1.959086,0.000000,0.000000,-6.7500,,,,,,,,,,-6.9625,-0.2125,0.269500,0.452500,0.278000,0,0,0,flat,False,
1775839195.125272,entry_blocked,953,,,120,,,macro,buy_over_fair_px_964_fair_944.8,,0,,0.00,0.00,0.00,0.00,0.00,flat,macro,BUY,120,4.500000,True,944.7735,958,964,961.0000,6,1.959086,0.000000,0.000000,-6.7500,,,,,,,,,,-6.8253,-0.0753,0.271586,0.453815,0.274598,0,0,0,flat,False,
1775839195.126352,entry_blocked,953,,,120,,,macro,buy_over_fair_px_964_fair_944.9,,0,,0.00,0.00,0.00,0.00,0.00,flat,macro,BUY,120,4.500000,True,944.8862,958,964,961.0000,6,1.959086,0.000000,0.000000,-6.7500,,,,,,,,,,-6.9374,-0.1874,0.270365,0.451774,0.277861,0,0,0,flat,False,
1775839195.128548,entry_blocked,953,,,120,,,macro,buy_over_fair_px_964_fair_944.8,,0,,0.00,0.00,0.00,0.00,0.00,flat,macro,BUY,120,4.500000,True,944.8229,958,964,961.0000,6,1.959086,0.000000,0.000000,-6.7500,,,,,,,,,,-6.8744,-0.1244,0.271777,0.451468,0.276755,0,0,0,flat,False,
1775839195.129291,entry_blocked,953,,,120,,,macro,buy_over_fair_px_964_fair_944.7,,0,,0.00,0.00,0.00,0.00,0.00,flat,macro,BUY,120,4.500000,True,944.7229,958,964,961.0000,6,1.959086,0.000000,0.000000,-6.7500,,,,,,,,,,-6.7750,-0.0250,0.272864,0.453273,0.273863,0,0,0,flat,False,
1775839195.131421,entry_blocked,953,,,120,,,macro,buy_over_fair_px_962_fair_944.7,,0,,0.00,0.00,0.00,0.00,0.00,flat,macro,BUY,120,4.500000,True,944.6852,958,962,960.0000,4,1.959086,0.000000,0.000000,-6.7500,,,,,,,,,,-6.7375,0.0125,0.273273,0.453954,0.272773,0,0,0,flat,False,
1775839195.138344,entry_blocked,953,,,120,,,macro,buy_over_fair_px_962_fair_944.6,,0,,0.00,0.00,0.00,0.00,0.00,flat,macro,BUY,120,4.500000,True,944.6224,958,962,960.0000,4,1.959086,0.000000,0.000000,-6.7500,,,,,,,,,,-6.6750,0.0750,0.274637,0.453727,0.271636,0,0,0,flat,False,
1775839195.320164,entry_blocked,953,,,120,,,macro,buy_over_fair_px_962_fair_944.5,,0,,0.00,0.00,0.00,0.00,0.00,flat,macro,BUY,120,4.500000,True,944.4963,956,962,959.0000,6,1.959086,0.000000,0.000000,-6.7500,,,,,,,,,,-6.5495,0.2005,0.276190,0.455639,0.268170,0,0,0,flat,False,
1775839196.721957,news_ignored,1000,,,,,,,non_signal_news,,0,,0.00,0.00,0.00,0.00,0.00,flat,macro,BUY,120,4.500000,False,936.2278,950,956,953.0000,6,1.959086,0.000000,0.000000,-6.7500,,,,,,,structured,petition,,1.7216,1.7216,0.310379,0.448104,0.241517,0,0,0,flat,False,"{'timestamp': 1000, 'kind': 'structured', 'new_data': {'new_signatures': 0, 'cumulative': 0, 'asset': '', 'structured_subtype': 'petition'}}"
1775839196.925408,heartbeat,1000,,,,,,,,,0,,0.00,0.00,0.00,0.00,0.00,flat,macro,BUY,120,4.500000,False,936.3915,953,958,955.5000,5,1.959086,0.000000,0.000000,-6.7500,,,,,,,,,,1.5571,1.5571,0.305929,0.450424,0.243647,0,0,0,flat,False,
1775839198.723648,earnings_signal,1010,,SELL,120,,,,,old=1.959086 new=1.932484 delta=-0.026602,0,,0.00,0.00,0.00,0.00,0.00,flat,earnings,SELL,120,0.026602,True,927.8141,956,961,958.5000,5,1.932484,-0.026602,0.000000,-6.7500,,,,,,,,,,0.9644,0.9644,0.292084,0.454409,0.253507,0,0,0,flat,False,
1775839198.724391,order_placed,1010,C,SELL,40,956,1775839157631,earnings_entry,,,0,,0.00,0.00,0.00,0.00,0.00,flat,earnings,SELL,120,0.026602,True,927.8141,956,961,958.5000,5,1.932484,-0.026602,0.000000,-6.7500,,,,,,,,,,0.9644,0.9644,0.292084,0.454409,0.253507,0,0,0,flat,False,
1775839198.724630,entry_decision,1010,C,SELL,40,956,,earnings,,strength=0.026602 target=120,0,,0.00,0.00,0.00,0.00,0.00,earnings,earnings,SELL,120,0.026602,True,927.8141,956,961,958.5000,5,1.932484,-0.026602,0.000000,-6.7500,,,,,,,,,,0.9644,0.9644,0.292084,0.454409,0.253507,0,0,0,flat,False,
1775839198.724876,heartbeat_forced,1010,,,,,,,,,0,,0.00,0.00,0.00,0.00,0.00,earnings,earnings,SELL,120,0.026602,True,927.8141,956,961,958.5000,5,1.932484,-0.026602,0.000000,-6.7500,,,,,,,,,,0.9644,0.9644,0.292084,0.454409,0.253507,0,0,0,flat,False,
1775839199.125041,entry_blocked,1010,,,120,,,earnings,live_order,,0,,0.00,0.00,0.00,0.00,0.00,earnings,earnings,SELL,120,0.026602,True,928.0623,954,956,955.0000,2,1.932484,-0.026602,0.000000,-6.7500,,,,,,,,,,0.7121,0.7121,0.286857,0.454773,0.258371,0,0,0,flat,False,
1775839199.447557,order_placed,1010,C,SELL,40,950,1775839157632,earnings_entry,,,0,,0.00,0.00,0.00,0.00,0.00,earnings,earnings,SELL,120,0.026602,True,928.1235,950,956,953.0000,6,1.932484,-0.026602,0.000000,-6.7500,,,,,,,,,,0.6500,0.6500,0.286000,0.454000,0.260000,0,0,0,flat,False,
1775839199.447786,entry_decision,1010,C,SELL,40,950,,earnings,,strength=0.026602 target=120,0,,0.00,0.00,0.00,0.00,0.00,earnings,earnings,SELL,120,0.026602,True,928.1235,950,956,953.0000,6,1.932484,-0.026602,0.000000,-6.7500,,,,,,,,,,0.6500,0.6500,0.286000,0.454000,0.260000,0,0,0,flat,False,
1775839199.447997,heartbeat_forced,1010,,,,,,,,,0,,0.00,0.00,0.00,0.00,0.00,earnings,earnings,SELL,120,0.026602,True,928.1235,950,956,953.0000,6,1.932484,-0.026602,0.000000,-6.7500,,,,,,,,,,0.6500,0.6500,0.286000,0.454000,0.260000,0,0,0,flat,False,
1775839199.476956,cancel_response,1010,C,SELL,40,956,1775839157631,earnings_entry,,success=True error=None,0,,0.00,0.00,0.00,0.00,0.00,earnings,earnings,SELL,120,0.026602,True,928.1235,950,956,953.0000,6,1.932484,-0.026602,0.000000,-6.7500,,,,,,,,,,0.6500,0.6500,0.286000,0.454000,0.260000,0,0,0,flat,False,
1775839199.478422,fill,1010,C,SELL,37,950,1775839157632,earnings_entry,,,-37,950.0000,0.00,0.00,0.00,35150.00,0.00,earnings,earnings,SELL,120,0.026602,True,928.1235,950,950,950.0000,0,1.932484,-0.026602,0.000000,-6.7500,,,,,,,,,,0.6500,0.6500,0.286000,0.454000,0.260000,0,0,0,book,False,
1775839199.728950,fill,1010,C,SELL,3,950,1775839157632,earnings_entry,,,-40,950.0000,0.00,0.00,0.00,38000.00,0.00,earnings,earnings,SELL,120,0.026602,True,928.1847,950,950,950.0000,0,1.932484,-0.026602,0.000000,-6.7500,,,,,,,,,,0.5878,0.5878,0.285143,0.453227,0.261631,0,0,0,book,False,
1775839199.928106,order_placed,1010,C,SELL,40,950,1775839157633,earnings_entry,,,-40,950.0000,0.00,-160.00,-160.00,38000.00,-160.00,earnings,earnings,SELL,120,0.026602,True,928.1853,950,954,952.0000,4,1.932484,-0.026602,0.000000,-6.7500,,,,,,,,,,0.5872,0.5872,0.284858,0.453773,0.261369,0,0,0,book,False,
1775839199.928379,entry_decision,1010,C,SELL,40,950,,earnings,,strength=0.026602 target=120,-40,950.0000,0.00,-160.00,-160.00,38000.00,-160.00,earnings,earnings,SELL,120,0.026602,True,928.1853,950,954,952.0000,4,1.932484,-0.026602,0.000000,-6.7500,,,,,,,,,,0.5872,0.5872,0.284858,0.453773,0.261369,0,0,0,book,False,
1775839199.928680,heartbeat_forced,1010,,,,,,,,,-40,950.0000,0.00,-160.00,-160.00,38000.00,-160.00,earnings,earnings,SELL,120,0.026602,True,928.1853,950,954,952.0000,4,1.932484,-0.026602,0.000000,-6.7500,,,,,,,,,,0.5872,0.5872,0.284858,0.453773,0.261369,0,0,0,book,False,
1775839200.324060,entry_blocked,1010,,,120,,,earnings,live_order,,-40,950.0000,0.00,0.00,0.00,38000.00,0.00,earnings,earnings,SELL,120,0.026602,True,928.1235,949,950,949.5000,1,1.932484,-0.026602,0.000000,-6.7500,,,,,,,,,,0.6500,0.6500,0.286000,0.454000,0.260000,0,0,0,book,False,
1775839200.722885,order_placed,1010,C,SELL,40,949,1775839157634,earnings_entry,,,-40,950.0000,0.00,0.00,0.00,38000.00,0.00,earnings,earnings,SELL,120,0.026602,True,928.1595,949,950,949.5000,1,1.932484,-0.026602,0.000000,-6.7500,,,,,,,,,,0.6134,0.6134,0.285428,0.453681,0.260891,0,0,0,book,False,
1775839200.723164,entry_decision,1010,C,SELL,40,949,,earnings,,strength=0.026602 target=120,-40,950.0000,0.00,0.00,0.00,38000.00,0.00,earnings,earnings,SELL,120,0.026602,True,928.1595,949,950,949.5000,1,1.932484,-0.026602,0.000000,-6.7500,,,,,,,,,,0.6134,0.6134,0.285428,0.453681,0.260891,0,0,0,book,False,
1775839200.723430,heartbeat_forced,1010,,,,,,,,,-40,950.0000,0.00,0.00,0.00,38000.00,0.00,earnings,earnings,SELL,120,0.026602,True,928.1595,949,950,949.5000,1,1.932484,-0.026602,0.000000,-6.7500,,,,,,,,,,0.6134,0.6134,0.285428,0.453681,0.260891,0,0,0,book,False,
1775839200.754738,cancel_response,1010,C,SELL,40,950,1775839157633,earnings_entry,,success=True error=None,-40,950.0000,0.00,-160.00,-160.00,38000.00,-160.00,earnings,earnings,SELL,120,0.026602,True,928.0743,948,954,951.0000,6,1.932484,-0.026602,0.000000,-6.7500,,,,,,,,,,0.7000,0.7000,0.287000,0.454000,0.259000,0,0,0,book,False,
1775839201.527284,order_placed,1010,C,SELL,40,943,1775839157635,earnings_entry,,,-40,950.0000,0.00,80.00,80.00,38000.00,80.00,earnings,earnings,SELL,120,0.026602,True,927.2268,943,948,945.5000,5,1.932484,-0.026602,0.000000,-6.7500,,,,,,,,,,1.5617,1.5617,0.305347,0.451774,0.242879,0,0,0,book,False,
1775839201.527562,entry_decision,1010,C,SELL,40,943,,earnings,,strength=0.026602 target=120,-40,950.0000,0.00,80.00,80.00,38000.00,80.00,earnings,earnings,SELL,120,0.026602,True,927.2268,943,948,945.5000,5,1.932484,-0.026602,0.000000,-6.7500,,,,,,,,,,1.5617,1.5617,0.305347,0.451774,0.242879,0,0,0,book,False,
1775839201.527833,heartbeat_forced,1010,,,,,,,,,-40,950.0000,0.00,80.00,80.00,38000.00,80.00,earnings,earnings,SELL,120,0.026602,True,927.2268,943,948,945.5000,5,1.932484,-0.026602,0.000000,-6.7500,,,,,,,,,,1.5617,1.5617,0.305347,0.451774,0.242879,0,0,0,book,False,
1775839201.578591,cancel_response,1010,C,SELL,40,949,1775839157634,earnings_entry,,success=True error=None,-40,950.0000,0.00,120.00,120.00,38000.00,120.00,earnings,earnings,SELL,120,0.026602,True,927.0663,941,947,944.0000,6,1.932484,-0.026602,0.000000,-6.7500,,,,,,,,,,1.7250,1.7250,0.309000,0.451000,0.240000,0,0,0,book,False,
1775839201.937934,entry_blocked,1010,,,120,,,earnings,live_order,,-40,950.0000,0.00,280.00,280.00,38000.00,280.00,earnings,earnings,SELL,120,0.026602,True,927.2138,941,943,942.0000,2,1.932484,-0.026602,0.000000,-6.7500,,,,,,,,,,1.5750,1.5750,0.306000,0.451000,0.243000,0,0,0,book,False,
1775839202.341769,order_placed,1010,C,SELL,40,941,1775839157636,earnings_entry,,,-40,950.0000,0.00,280.00,280.00,38000.00,280.00,earnings,earnings,SELL,120,0.026602,True,927.3121,941,943,942.0000,2,1.932484,-0.026602,0.000000,-6.7500,,,,,,,,,,1.4750,1.4750,0.304000,0.451000,0.245000,0,0,0,book,False,
1775839202.341897,entry_decision,1010,C,SELL,40,941,,earnings,,strength=0.026602 target=120,-40,950.0000,0.00,280.00,280.00,38000.00,280.00,earnings,earnings,SELL,120,0.026602,True,927.3121,941,943,942.0000,2,1.932484,-0.026602,0.000000,-6.7500,,,,,,,,,,1.4750,1.4750,0.304000,0.451000,0.245000,0,0,0,book,False,
1775839202.342194,heartbeat_forced,1010,,,,,,,,,-40,950.0000,0.00,280.00,280.00,38000.00,280.00,earnings,earnings,SELL,120,0.026602,True,927.3121,941,943,942.0000,2,1.932484,-0.026602,0.000000,-6.7500,,,,,,,,,,1.4750,1.4750,0.304000,0.451000,0.245000,0,0,0,book,False,
1775839202.373319,cancel_response,1010,C,SELL,40,943,1775839157635,earnings_entry,,success=True error=None,-40,950.0000,0.00,200.00,200.00,38000.00,200.00,earnings,earnings,SELL,120,0.026602,True,927.2629,939,945,942.0000,6,1.932484,-0.026602,0.000000,-6.7500,,,,,,,,,,1.5250,1.5250,0.305000,0.451000,0.244000,0,0,0,book,False,
1775839203.128259,order_placed,1010,C,BUY,40,941,1775839157637,short_profit_1,,,-40,950.0000,0.00,360.00,360.00,38000.00,360.00,earnings,earnings,SELL,120,0.026602,True,927.2023,940,941,940.5000,1,1.932484,-0.026602,0.000000,-6.7500,,,,,,,,,,1.5867,1.5867,0.305847,0.451774,0.242379,0,0,0,book,False,
1775839203.128458,exit_trigger,1010,,,40,,,short_profit_1,short_profit_1,,-40,950.0000,0.00,360.00,360.00,38000.00,360.00,earnings,earnings,SELL,120,0.026602,True,927.2023,940,941,940.5000,1,1.932484,-0.026602,0.000000,-6.7500,,,,,,,,,,1.5867,1.5867,0.305847,0.451774,0.242379,0,0,0,book,False,
1775839203.128709,heartbeat_forced,1010,,,,,,,,,-40,950.0000,0.00,360.00,360.00,38000.00,360.00,earnings,earnings,SELL,120,0.026602,True,927.2023,940,941,940.5000,1,1.932484,-0.026602,0.000000,-6.7500,,,,,,,,,,1.5867,1.5867,0.305847,0.451774,0.242379,0,0,0,book,False,
1775839203.159224,cancel_response,1010,C,SELL,40,941,1775839157636,earnings_entry,,success=True error=None,-40,950.0000,0.00,240.00,240.00,38000.00,240.00,earnings,earnings,SELL,120,0.026602,True,927.2138,938,944,941.0000,6,1.932484,-0.026602,0.000000,-6.7500,,,,,,,,,,1.5750,1.5750,0.305000,0.453000,0.242000,0,0,0,book,False,
1775839203.964385,cancel_response,1010,C,BUY,40,941,1775839157637,short_profit_1,,success=True error=None,-40,950.0000,0.00,0.00,0.00,38000.00,0.00,earnings,earnings,SELL,120,0.026602,True,927.7310,945,950,947.5000,5,1.932484,-0.026602,0.000000,-6.7500,,,,,,,,,,1.0490,1.0490,0.293706,0.454545,0.251748,0,0,0,book,False,
1775839206.129197,heartbeat,1010,,,,,,,,,-40,950.0000,0.00,-200.00,-200.00,38000.00,-200.00,earnings,earnings,SELL,120,0.026602,True,928.2470,950,955,952.5000,5,1.932484,-0.026602,0.000000,-6.7500,,,,,,,,,,0.5245,0.5245,0.282717,0.455544,0.261738,0,0,0,book,False,
1775839207.157647,order_placed,1010,C,BUY,40,40,1775839157638,short_profit_full,,,-40,950.0000,0.00,36400.00,36400.00,38000.00,36400.00,earnings,earnings,SELL,120,0.026602,False,928.1727,949,40,494.5000,-909,1.932484,-0.026602,0.000000,-6.7500,,,,,,,,,,0.6000,0.6000,0.284000,0.456000,0.260000,0,0,0,book,False,
1775839207.157970,exit_trigger,1010,,,40,,,short_profit_full,short_profit_full,,-40,950.0000,0.00,36400.00,36400.00,38000.00,36400.00,earnings,earnings,SELL,120,0.026602,False,928.1727,949,40,494.5000,-909,1.932484,-0.026602,0.000000,-6.7500,,,,,,,,,,0.6000,0.6000,0.284000,0.456000,0.260000,0,0,0,book,False,
1775839207.158506,heartbeat_forced,1010,,,,,,,,,-40,950.0000,0.00,36400.00,36400.00,38000.00,36400.00,earnings,earnings,SELL,120,0.026602,False,928.1727,949,40,494.5000,-909,1.932484,-0.026602,0.000000,-6.7500,,,,,,,,,,0.6000,0.6000,0.284000,0.456000,0.260000,0,0,0,book,False,
1775839207.921845,order_placed,1010,C,BUY,40,957,1775839157639,profit_trail,,,-40,950.0000,0.00,-280.00,-280.00,38000.00,-280.00,earnings,earnings,SELL,120,0.026602,False,928.5172,951,957,954.0000,6,1.932484,-0.026602,0.000000,-6.7500,,,,,,,,,,0.2500,0.2500,0.277000,0.456000,0.267000,0,0,0,book,False,
1775839207.922072,exit_trigger,1010,,,40,,,profit_trail,profit_trail,,-40,950.0000,0.00,-280.00,-280.00,38000.00,-280.00,earnings,earnings,SELL,120,0.026602,False,928.5172,951,957,954.0000,6,1.932484,-0.026602,0.000000,-6.7500,,,,,,,,,,0.2500,0.2500,0.277000,0.456000,0.267000,0,0,0,book,False,
1775839207.922306,heartbeat_forced,1010,,,,,,,,,-40,950.0000,0.00,-280.00,-280.00,38000.00,-280.00,earnings,earnings,SELL,120,0.026602,False,928.5172,951,957,954.0000,6,1.932484,-0.026602,0.000000,-6.7500,,,,,,,,,,0.2500,0.2500,0.277000,0.456000,0.267000,0,0,0,book,False,
1775839207.956720,cancel_response,1010,C,BUY,40,40,1775839157638,short_profit_full,,success=True error=None,-40,950.0000,0.00,-160.00,-160.00,38000.00,-160.00,earnings,earnings,SELL,120,0.026602,False,928.3941,948,954,951.0000,6,1.932484,-0.026602,0.000000,-6.7500,,,,,,,,,,0.3750,0.3750,0.279500,0.456000,0.264500,0,0,0,book,False,
1775839207.957828,fill,1010,C,BUY,37,954,1775839157639,profit_trail,,,-3,950.0000,-148.00,-12.00,-160.00,2702.00,-160.00,earnings,earnings,SELL,120,0.026602,False,928.3941,957,954,955.5000,-3,1.932484,-0.026602,0.000000,-6.7500,,,,,,,,,,0.3750,0.3750,0.279500,0.456000,0.264500,0,0,0,book,False,
1775839207.959100,fill,1010,C,BUY,3,955,1775839157639,profit_trail,,,0,,-163.00,0.00,-163.00,-163.00,-163.00,flat,,,,,,928.3941,957,954,955.5000,-3,1.932484,-0.026602,0.000000,-6.7500,,,,,,,,,,0.3750,0.3750,0.279500,0.456000,0.264500,0,0,0,flat,False,
1775839210.923472,heartbeat,1010,,,,,,,,,0,,-163.00,0.00,-163.00,-163.00,-163.00,flat,,,,,,928.0856,945,946,945.5000,1,1.932484,-0.026602,0.000000,-6.7500,,,,,,,,,,0.6885,0.6885,0.284427,0.458688,0.256885,0,0,0,flat,False,
1775839212.330189,cpi_eval,1078,,,0,,,,no_actual_forecast,no actual/forecast; score=+0.00 headline=Fed keeps options open as inflation and growth signals conflict.,0,,-163.00,0.00,-163.00,-163.00,-163.00,flat,,,,,,928.6895,948,954,951.0000,6,1.932484,-0.026602,0.000000,-6.7500,,,0.0000,0,,-0.026602,unstructured,,,0.0750,0.0750,0.272864,0.457271,0.269865,0,0,0,flat,False,"{'timestamp': 1078, 'kind': 'unstructured', 'new_data': {'content': 'Fed keeps options open as inflation and growth signals conflict.'}}"
1775839212.330389,macro_eval,1078,,,0,,,,below_threshold,score=+0.00 headline=Fed keeps options open as inflation and growth signals conflict.,0,,-163.00,0.00,-163.00,-163.00,-163.00,flat,,,,,,928.6895,948,954,951.0000,6,1.932484,-0.026602,0.000000,-6.7500,,,0.0000,0,,-0.026602,unstructured,,,0.0750,0.0750,0.272864,0.457271,0.269865,0,0,0,flat,False,"{'timestamp': 1078, 'kind': 'unstructured', 'new_data': {'content': 'Fed keeps options open as inflation and growth signals conflict.'}}"
1775839212.330607,news_ignored,1078,,,,,,,weak_macro_news,score=+0.00,0,,-163.00,0.00,-163.00,-163.00,-163.00,flat,,,,,,928.6895,948,954,951.0000,6,1.932484,-0.026602,0.000000,-6.7500,,,0.0000,0,,-0.026602,unstructured,,,0.0750,0.0750,0.272864,0.457271,0.269865,0,0,0,flat,False,"{'timestamp': 1078, 'kind': 'unstructured', 'new_data': {'content': 'Fed keeps options open as inflation and growth signals conflict.'}}"
1775839213.923796,heartbeat,1078,,,,,,,,,0,,-163.00,0.00,-163.00,-163.00,-163.00,flat,,,,,,929.1074,948,954,951.0000,6,1.932484,-0.026602,0.000000,-6.7500,,,,,,,,,,-0.3493,-0.3493,0.264471,0.457086,0.278443,0,0,0,flat,False,
1775839215.122094,news_ignored,1092,,,,,,,non_C_earnings,,0,,-163.00,0.00,-163.00,-163.00,-163.00,flat,,,,,,929.1820,949,955,952.0000,6,1.932484,-0.026602,0.000000,-6.7500,,,,,,,structured,earnings,A,-0.4250,-0.4250,0.262000,0.459000,0.279000,0,0,0,flat,False,"{'timestamp': 1092, 'kind': 'structured', 'new_data': {'value': 0.7536722984365518, 'asset': 'A', 'structured_subtype': 'earnings'}}"
1775839216.925465,heartbeat,1092,,,,,,,,,0,,-163.00,0.00,-163.00,-163.00,-163.00,flat,,,,,,929.6743,955,961,958.0000,6,1.932484,-0.026602,0.000000,-6.7500,,,,,,,,,,-0.9245,-0.9245,0.252874,0.457271,0.289855,0,0,0,flat,False,
1775839219.926232,heartbeat,1092,,,,,,,,,0,,-163.00,0.00,-163.00,-163.00,-163.00,flat,,,,,,931.1884,959,963,961.0000,4,1.932484,-0.026602,0.000000,-6.7500,,,,,,,,,,-2.4588,-2.4588,0.222167,0.457314,0.320519,0,0,0,flat,False,
1775839222.926265,heartbeat,1092,,,,,,,,,0,,-163.00,0.00,-163.00,-163.00,-163.00,flat,,,,,,930.2673,953,958,955.5000,5,1.932484,-0.026602,0.000000,-6.7500,,,,,,,,,,-1.5258,-1.5258,0.239120,0.460730,0.300150,0,0,0,flat,False,
1775839225.926814,heartbeat,1092,,,,,,,,,0,,-163.00,0.00,-163.00,-163.00,-163.00,flat,,,,,,931.0786,955,959,957.0000,4,1.932484,-0.026602,0.000000,-6.7500,,,,,,,,,,-2.3477,-2.3477,0.223776,0.458541,0.317682,0,0,0,flat,False,
1775839228.927168,heartbeat,1092,,,,,,,,,0,,-163.00,0.00,-163.00,-163.00,-163.00,flat,,,,,,930.7888,953,959,956.0000,6,1.932484,-0.026602,0.000000,-6.7500,,,,,,,,,,-2.0541,-2.0541,0.228457,0.460922,0.310621,0,0,0,flat,False,
1775839231.927199,heartbeat,1092,,,,,,,,,0,,-163.00,0.00,-163.00,-163.00,-163.00,flat,,,,,,931.7494,960,965,962.5000,5,1.932484,-0.026602,0.000000,-6.7500,,,,,,,,,,-3.0265,-3.0265,0.210605,0.457729,0.331666,0,0,0,flat,False,
1775839234.927161,heartbeat,1092,,,,,,,,,0,,-163.00,0.00,-163.00,-163.00,-163.00,flat,,,,,,934.0838,962,967,964.5000,5,1.932484,-0.026602,0.000000,-6.7500,,,,,,,,,,-5.3848,-5.3848,0.170915,0.442779,0.386307,0,0,0,flat,False,
1775839236.720304,news_ignored,1200,,,,,,,non_signal_news,,0,,-163.00,0.00,-163.00,-163.00,-163.00,flat,,,,,,935.1156,962,965,963.5000,3,1.932484,-0.026602,0.000000,-6.7500,,,,,,,structured,petition,,-6.4250,-6.4250,0.155000,0.433000,0.412000,0,0,0,flat,False,"{'timestamp': 1200, 'kind': 'structured', 'new_data': {'new_signatures': 0, 'cumulative': 0, 'asset': '', 'structured_subtype': 'petition'}}"
1775839237.927771,heartbeat,1200,,,,,,,,,0,,-163.00,0.00,-163.00,-163.00,-163.00,flat,,,,,,931.2205,954,957,955.5000,3,1.932484,-0.026602,0.000000,-6.7500,,,,,,,,,,-2.4912,-2.4912,0.219329,0.461693,0.318978,0,0,0,flat,False,
1775839240.928108,heartbeat,1200,,,,,,,,,0,,-163.00,0.00,-163.00,-163.00,-163.00,flat,,,,,,929.7611,947,952,949.5000,5,1.932484,-0.026602,0.000000,-6.7500,,,,,,,,,,-1.0125,-1.0125,0.246000,0.467500,0.286500,0,0,0,flat,False,
1775839243.928038,heartbeat,1200,,,,,,,,,0,,-163.00,0.00,-163.00,-163.00,-163.00,flat,,,,,,929.5277,948,951,949.5000,3,1.932484,-0.026602,0.000000,-6.7500,,,,,,,,,,-0.7758,-0.7758,0.250250,0.468468,0.281281,0,0,0,flat,False,
1775839246.928450,heartbeat,1200,,,,,,,,,0,,-163.00,0.00,-163.00,-163.00,-163.00,flat,,,,,,929.0956,951,957,954.0000,6,1.932484,-0.026602,0.000000,-6.7500,,,,,,,,,,-0.3373,-0.3373,0.258371,0.469765,0.271864,0,0,0,flat,False,
1775839249.722875,macro_eval,1265,,BUY,160,,,,candidate,score=-8.00 headline=Officials note downside growth risks; markets lean toward cuts.,0,,-163.00,0.00,-163.00,-163.00,-163.00,flat,,,,,,930.6974,956,960,958.0000,4,1.932484,-0.026602,0.000000,-6.7500,,,-8.0000,160,BUY,-0.026602,unstructured,,,-1.9615,-1.9615,0.226887,0.467766,0.305347,0,0,0,flat,False,"{'timestamp': 1265, 'kind': 'unstructured', 'new_data': {'content': 'Officials note downside growth risks; markets lean toward cuts.'}}"
1775839249.723325,macro_signal,1265,,BUY,160,,,,,score=-8.00 headline=Officials note downside growth risks; markets lean toward cuts.,0,,-163.00,0.00,-163.00,-163.00,-163.00,flat,macro,BUY,160,8.000000,True,938.6335,956,960,958.0000,4,1.932484,-0.026602,0.000000,-8.0000,,,-8.0000,160,BUY,-0.026602,,,,-9.9615,-1.9615,0.226887,0.467766,0.305347,0,0,0,flat,False,"{'timestamp': 1265, 'kind': 'unstructured', 'new_data': {'content': 'Officials note downside growth risks; markets lean toward cuts.'}}"
1775839249.723867,entry_blocked,1265,,,160,,,macro,buy_over_fair_px_960_fair_938.6,,0,,-163.00,0.00,-163.00,-163.00,-163.00,flat,macro,BUY,160,8.000000,True,938.6335,956,960,958.0000,4,1.932484,-0.026602,0.000000,-8.0000,,,,,,,,,,-9.9615,-1.9615,0.226887,0.467766,0.305347,0,0,0,flat,False,
1775839249.724437,entry_blocked,1265,,,160,,,macro,buy_over_fair_px_960_fair_939.0,,0,,-163.00,0.00,-163.00,-163.00,-163.00,flat,macro,BUY,160,8.000000,True,938.9599,956,960,958.0000,4,1.932484,-0.026602,0.000000,-8.0000,,,,,,,,,,-10.2888,-2.2888,0.217501,0.473445,0.309054,0,0,0,flat,False,
1775839249.725367,entry_blocked,1265,,,160,,,macro,buy_over_fair_px_960_fair_938.6,,0,,-163.00,0.00,-163.00,-163.00,-163.00,flat,macro,BUY,160,8.000000,True,938.6335,956,960,958.0000,4,1.932484,-0.026602,0.000000,-8.0000,,,,,,,,,,-9.9615,-1.9615,0.226887,0.467766,0.305347,0,0,0,flat,False,
1775839249.728641,entry_blocked,1265,,,160,,,macro,buy_over_fair_px_960_fair_939.0,,0,,-163.00,0.00,-163.00,-163.00,-163.00,flat,macro,BUY,160,8.000000,True,938.9819,956,960,958.0000,4,1.932484,-0.026602,0.000000,-8.0000,,,,,,,,,,-10.3109,-2.3109,0.224419,0.458725,0.316856,0,0,0,flat,False,
1775839249.730171,entry_blocked,1265,,,160,,,macro,buy_over_fair_px_960_fair_938.6,,0,,-163.00,0.00,-163.00,-163.00,-163.00,flat,macro,BUY,160,8.000000,True,938.6414,956,960,958.0000,4,1.932484,-0.026602,0.000000,-8.0000,,,,,,,,,,-9.9694,-1.9694,0.227797,0.465630,0.306573,0,0,0,flat,False,
1775839249.730995,entry_blocked,1265,,,160,,,macro,buy_over_fair_px_960_fair_938.7,,0,,-163.00,0.00,-163.00,-163.00,-163.00,flat,macro,BUY,160,8.000000,True,938.6759,956,960,958.0000,4,1.932484,-0.026602,0.000000,-8.0000,,,,,,,,,,-10.0040,-2.0040,0.227455,0.464930,0.307615,0,0,0,flat,False,
1775839249.732676,entry_blocked,1265,,,160,,,macro,buy_over_fair_px_960_fair_939.0,,0,,-163.00,0.00,-163.00,-163.00,-163.00,flat,macro,BUY,160,8.000000,True,938.9898,956,960,958.0000,4,1.932484,-0.026602,0.000000,-8.0000,,,,,,,,,,-10.3188,-2.3188,0.218449,0.470350,0.311201,0,0,0,flat,False,
1775839249.734159,entry_blocked,1265,,,160,,,macro,buy_over_fair_px_960_fair_938.7,,0,,-163.00,0.00,-163.00,-163.00,-163.00,flat,macro,BUY,160,8.000000,True,938.7029,956,960,958.0000,4,1.932484,-0.026602,0.000000,-8.0000,,,,,,,,,,-10.0311,-2.0311,0.226680,0.465396,0.307924,0,0,0,flat,False,
1775839249.735028,entry_blocked,1265,,,160,,,macro,buy_over_fair_px_960_fair_939.0,,0,,-163.00,0.00,-163.00,-163.00,-163.00,flat,macro,BUY,160,8.000000,True,939.0036,956,960,958.0000,4,1.932484,-0.026602,0.000000,-8.0000,,,,,,,,,,-10.3327,-2.3327,0.218053,0.470588,0.311359,0,0,0,flat,False,
1775839249.736257,entry_blocked,1265,,,160,,,macro,buy_over_fair_px_960_fair_938.7,,0,,-163.00,0.00,-163.00,-163.00,-163.00,flat,macro,BUY,160,8.000000,True,938.7299,956,960,958.0000,4,1.932484,-0.026602,0.000000,-8.0000,,,,,,,,,,-10.0582,-2.0582,0.225904,0.465863,0.308233,0,0,0,flat,False,
1775839249.736945,entry_blocked,1265,,,160,,,macro,buy_over_fair_px_960_fair_939.1,,0,,-163.00,0.00,-163.00,-163.00,-163.00,flat,macro,BUY,160,8.000000,True,939.0582,956,960,958.0000,4,1.932484,-0.026602,0.000000,-8.0000,,,,,,,,,,-10.3874,-2.3874,0.222662,0.459179,0.318159,0,0,0,flat,False,
1775839249.737646,entry_blocked,1265,,,160,,,macro,buy_over_fair_px_960_fair_938.7,,0,,-163.00,0.00,-163.00,-163.00,-163.00,flat,macro,BUY,160,8.000000,True,938.7299,956,960,958.0000,4,1.932484,-0.026602,0.000000,-8.0000,,,,,,,,,,-10.0582,-2.0582,0.225904,0.465863,0.308233,0,0,0,flat,False,
1775839249.738243,entry_blocked,1265,,,160,,,macro,buy_over_fair_px_960_fair_938.8,,0,,-163.00,0.00,-163.00,-163.00,-163.00,flat,macro,BUY,160,8.000000,True,938.7529,956,960,958.0000,4,1.932484,-0.026602,0.000000,-8.0000,,,,,,,,,,-10.0812,-2.0812,0.225677,0.465396,0.308927,0,0,0,flat,False,
1775839249.741688,entry_blocked,1265,,,160,,,macro,buy_over_fair_px_960_fair_938.7,,0,,-163.00,0.00,-163.00,-163.00,-163.00,flat,macro,BUY,160,8.000000,True,938.7394,956,960,958.0000,4,1.932484,-0.026602,0.000000,-8.0000,,,,,,,,,,-10.0677,-2.0677,0.226065,0.465163,0.308772,0,0,0,flat,False,
1775839249.743173,entry_blocked,1265,,,160,,,macro,buy_over_fair_px_961_fair_938.7,,0,,-163.00,0.00,-163.00,-163.00,-163.00,flat,macro,BUY,160,8.000000,True,938.7279,956,961,958.5000,5,1.932484,-0.026602,0.000000,-8.0000,,,,,,,,,,-10.0562,-2.0562,0.226179,0.465396,0.308425,0,0,0,flat,False,
1775839249.746143,entry_blocked,1265,,,160,,,macro,buy_over_fair_px_962_fair_938.7,,0,,-163.00,0.00,-163.00,-163.00,-163.00,flat,macro,BUY,160,8.000000,True,938.7049,956,962,959.0000,6,1.932484,-0.026602,0.000000,-8.0000,,,,,,,,,,-10.0331,-2.0331,0.226908,0.464859,0.308233,0,0,0,flat,False,
1775839249.920791,entry_blocked,1265,,,160,,,macro,buy_over_fair_px_962_fair_939.3,,0,,-163.00,0.00,-163.00,-163.00,-163.00,flat,macro,BUY,160,8.000000,True,939.3204,956,962,959.0000,6,1.932484,-0.026602,0.000000,-8.0000,,,,,,,,,,-10.6502,-2.6502,0.220811,0.452369,0.326820,0,0,0,flat,False,
1775839249.921412,entry_blocked,1265,,,160,,,macro,buy_over_fair_px_962_fair_938.7,,0,,-163.00,0.00,-163.00,-163.00,-163.00,flat,macro,BUY,160,8.000000,True,938.7049,956,962,959.0000,6,1.932484,-0.026602,0.000000,-8.0000,,,,,,,,,,-10.0331,-2.0331,0.226908,0.464859,0.308233,0,0,0,flat,False,
1775839249.922358,entry_blocked,1265,,,160,,,macro,buy_over_fair_px_962_fair_939.3,,0,,-163.00,0.00,-163.00,-163.00,-163.00,flat,macro,BUY,160,8.000000,True,939.3095,956,962,959.0000,6,1.932484,-0.026602,0.000000,-8.0000,,,,,,,,,,-10.6393,-2.6393,0.220919,0.452590,0.326491,0,0,0,flat,False,
1775839249.923262,entry_blocked,1265,,,160,,,macro,buy_over_fair_px_962_fair_938.7,,0,,-163.00,0.00,-163.00,-163.00,-163.00,flat,macro,BUY,160,8.000000,True,938.7049,956,962,959.0000,6,1.932484,-0.026602,0.000000,-8.0000,,,,,,,,,,-10.0331,-2.0331,0.226908,0.464859,0.308233,0,0,0,flat,False,
1775839249.923704,entry_blocked,1265,,,160,,,macro,buy_over_fair_px_962_fair_939.0,,0,,-163.00,0.00,-163.00,-163.00,-163.00,flat,macro,BUY,160,8.000000,True,939.0335,956,962,959.0000,6,1.932484,-0.026602,0.000000,-8.0000,,,,,,,,,,-10.3627,-2.3627,0.223652,0.458189,0.318159,0,0,0,flat,False,
1775839249.924662,entry_blocked,1265,,,160,,,macro,buy_over_fair_px_962_fair_939.6,,0,,-163.00,0.00,-163.00,-163.00,-163.00,flat,macro,BUY,160,8.000000,True,939.6107,961,962,961.5000,1,1.932484,-0.026602,0.000000,-8.0000,,,,,,,,,,-10.9412,-2.9412,0.217936,0.446480,0.335583,0,0,0,flat,False,
1775839249.925631,entry_blocked,1265,,,160,,,macro,buy_over_fair_px_962_fair_939.0,,0,,-163.00,0.00,-163.00,-163.00,-163.00,flat,macro,BUY,160,8.000000,True,939.0335,961,962,961.5000,1,1.932484,-0.026602,0.000000,-8.0000,,,,,,,,,,-10.3627,-2.3627,0.223652,0.458189,0.318159,0,0,0,flat,False,
1775839249.926471,entry_blocked,1265,,,160,,,macro,buy_over_fair_px_962_fair_939.1,,0,,-163.00,0.00,-163.00,-163.00,-163.00,flat,macro,BUY,160,8.000000,True,939.0559,961,962,961.5000,1,1.932484,-0.026602,0.000000,-8.0000,,,,,,,,,,-10.3851,-2.3851,0.223431,0.457736,0.318833,0,0,0,flat,False,
1775839249.929169,heartbeat,1265,,,,,,,,,0,,-163.00,0.00,-163.00,-163.00,-163.00,flat,macro,BUY,160,8.000000,True,939.0559,961,962,961.5000,1,1.932484,-0.026602,0.000000,-8.0000,,,,,,,,,,-10.3851,-2.3851,0.223431,0.457736,0.318833,0,0,0,flat,False,
1775839249.930562,entry_blocked,1265,,,160,,,macro,buy_over_fair_px_962_fair_937.7,,0,,-163.00,0.00,-163.00,-163.00,-163.00,flat,macro,BUY,160,8.000000,True,937.7350,961,962,961.5000,1,1.932484,-0.026602,0.000000,-8.0000,,,,,,,,,,-9.0597,-1.0597,0.236525,0.484563,0.278912,0,0,0,flat,False,
1775839249.931168,entry_blocked,1265,,,160,,,macro,buy_over_fair_px_962_fair_938.3,,0,,-163.00,0.00,-163.00,-163.00,-163.00,flat,macro,BUY,160,8.000000,True,938.3325,961,962,961.5000,1,1.932484,-0.026602,0.000000,-8.0000,,,,,,,,,,-9.6595,-1.6595,0.218951,0.495717,0.285332,0,0,0,flat,False,
1775839249.932555,entry_blocked,1265,,,160,,,macro,buy_over_fair_px_962_fair_937.7,,0,,-163.00,0.00,-163.00,-163.00,-163.00,flat,macro,BUY,160,8.000000,True,937.7350,961,962,961.5000,1,1.932484,-0.026602,0.000000,-8.0000,,,,,,,,,,-9.0597,-1.0597,0.236525,0.484563,0.278912,0,0,0,flat,False,
1775839249.933785,entry_blocked,1265,,,160,,,macro,buy_over_fair_px_962_fair_938.3,,0,,-163.00,0.00,-163.00,-163.00,-163.00,flat,macro,BUY,160,8.000000,True,938.3183,961,962,961.5000,1,1.932484,-0.026602,0.000000,-8.0000,,,,,,,,,,-9.6453,-1.6453,0.219369,0.495452,0.285179,0,0,0,flat,False,
1775839249.934792,entry_blocked,1265,,,160,,,macro,buy_over_fair_px_962_fair_938.6,,0,,-163.00,0.00,-163.00,-163.00,-163.00,flat,macro,BUY,160,8.000000,True,938.6346,961,962,961.5000,1,1.932484,-0.026602,0.000000,-8.0000,,,,,,,,,,-9.9626,-1.9626,0.210070,0.501354,0.288576,0,0,0,flat,False,
1775839249.935631,entry_blocked,1265,,,160,,,macro,buy_over_fair_px_962_fair_938.0,,0,,-163.00,0.00,-163.00,-163.00,-163.00,flat,macro,BUY,160,8.000000,True,938.0372,961,962,961.5000,1,1.932484,-0.026602,0.000000,-8.0000,,,,,,,,,,-9.3632,-1.3632,0.227634,0.490206,0.282160,0,0,0,flat,False,
1775839249.939691,entry_blocked,1265,,,160,,,macro,buy_over_fair_px_962_fair_938.6,,0,,-163.00,0.00,-163.00,-163.00,-163.00,flat,macro,BUY,160,8.000000,True,938.6307,961,962,961.5000,1,1.932484,-0.026602,0.000000,-8.0000,,,,,,,,,,-9.9587,-1.9587,0.211643,0.498368,0.289989,0,0,0,flat,False,
1775839249.940170,entry_blocked,1265,,,160,,,macro,buy_over_fair_px_962_fair_938.7,,0,,-163.00,0.00,-163.00,-163.00,-163.00,flat,macro,BUY,160,8.000000,True,938.6599,961,962,961.5000,1,1.932484,-0.026602,0.000000,-8.0000,,,,,,,,,,-9.9880,-1.9880,0.210784,0.498911,0.290305,0,0,0,flat,False,
1775839249.940374,entry_blocked,1265,,,160,,,macro,buy_over_fair_px_962_fair_938.1,,0,,-163.00,0.00,-163.00,-163.00,-163.00,flat,macro,BUY,160,8.000000,True,938.0725,961,962,961.5000,1,1.932484,-0.026602,0.000000,-8.0000,,,,,,,,,,-9.3985,-1.3985,0.228023,0.488013,0.283964,0,0,0,flat,False,
1775839249.940897,entry_blocked,1265,,,160,,,macro,buy_over_fair_px_962_fair_938.6,,0,,-163.00,0.00,-163.00,-163.00,-163.00,flat,macro,BUY,160,8.000000,True,938.6171,961,962,961.5000,1,1.932484,-0.026602,0.000000,-8.0000,,,,,,,,,,-9.9450,-1.9450,0.212187,0.497824,0.289989,0,0,0,flat,False,
1775839249.943498,entry_blocked,1265,,,160,,,macro,buy_over_fair_px_963_fair_938.6,,0,,-163.00,0.00,-163.00,-163.00,-163.00,flat,macro,BUY,160,8.000000,True,938.6182,961,963,962.0000,2,1.932484,-0.026602,0.000000,-8.0000,,,,,,,,,,-9.9461,-1.9461,0.212303,0.497550,0.290147,0,0,0,flat,False,
1775839249.944129,entry_blocked,1265,,,160,,,macro,buy_over_fair_px_964_fair_938.6,,0,,-163.00,0.00,-163.00,-163.00,-163.00,flat,macro,BUY,160,8.000000,True,938.6182,961,964,962.5000,3,1.932484,-0.026602,0.000000,-8.0000,,,,,,,,,,-9.9461,-1.9461,0.212303,0.497550,0.290147,0,0,0,flat,False,
1775839249.944561,entry_blocked,1265,,,160,,,macro,buy_over_fair_px_965_fair_938.6,,0,,-163.00,0.00,-163.00,-163.00,-163.00,flat,macro,BUY,160,8.000000,True,938.6182,961,965,963.0000,4,1.932484,-0.026602,0.000000,-8.0000,,,,,,,,,,-9.9461,-1.9461,0.212303,0.497550,0.290147,0,0,0,flat,False,
1775839249.951179,entry_blocked,1265,,,160,,,macro,buy_over_fair_px_965_fair_940.4,,0,,-163.00,0.00,-163.00,-163.00,-163.00,flat,macro,BUY,160,8.000000,True,940.4297,961,965,963.0000,4,1.932484,-0.026602,0.000000,-8.0000,,,,,,,,,,-11.7613,-3.7613,0.195587,0.458375,0.346038,0,0,0,flat,False,
1775839249.953366,entry_blocked,1265,,,160,,,macro,buy_over_fair_px_965_fair_938.7,,0,,-163.00,0.00,-163.00,-163.00,-163.00,flat,macro,BUY,160,8.000000,True,938.6681,961,965,963.0000,4,1.932484,-0.026602,0.000000,-8.0000,,,,,,,,,,-9.9962,-1.9962,0.211841,0.496469,0.291689,0,0,0,flat,False,
1775839250.122016,entry_blocked,1265,,,160,,,macro,buy_over_fair_px_965_fair_940.7,,0,,-163.00,0.00,-163.00,-163.00,-163.00,flat,macro,BUY,160,8.000000,True,940.6717,961,965,963.0000,4,1.932484,-0.026602,0.000000,-8.0000,,,,,,,,,,-12.0035,-4.0035,0.193356,0.453148,0.353495,0,0,0,flat,False,
1775839250.122797,entry_blocked,1265,,,160,,,macro,buy_over_fair_px_965_fair_938.7,,0,,-163.00,0.00,-163.00,-163.00,-163.00,flat,macro,BUY,160,8.000000,True,938.6681,961,965,963.0000,4,1.932484,-0.026602,0.000000,-8.0000,,,,,,,,,,-9.9962,-1.9962,0.211841,0.496469,0.291689,0,0,0,flat,False,
1775839250.124640,entry_blocked,1265,,,160,,,macro,buy_over_fair_px_965_fair_940.7,,0,,-163.00,0.00,-163.00,-163.00,-163.00,flat,macro,BUY,160,8.000000,True,940.6613,961,965,963.0000,4,1.932484,-0.026602,0.000000,-8.0000,,,,,,,,,,-11.9931,-3.9931,0.193452,0.453373,0.353175,0,0,0,flat,False,
1775839250.125808,entry_blocked,1265,,,160,,,macro,buy_over_fair_px_965_fair_938.7,,0,,-163.00,0.00,-163.00,-163.00,-163.00,flat,macro,BUY,160,8.000000,True,938.6681,961,965,963.0000,4,1.932484,-0.026602,0.000000,-8.0000,,,,,,,,,,-9.9962,-1.9962,0.211841,0.496469,0.291689,0,0,0,flat,False,
1775839250.126600,entry_blocked,1265,,,160,,,macro,buy_over_fair_px_965_fair_938.9,,0,,-163.00,0.00,-163.00,-163.00,-163.00,flat,macro,BUY,160,8.000000,True,938.9146,961,965,963.0000,4,1.932484,-0.026602,0.000000,-8.0000,,,,,,,,,,-10.2434,-2.2434,0.209565,0.491134,0.299301,0,0,0,flat,False,
1775839250.127872,entry_blocked,1265,,,160,,,macro,buy_over_fair_px_965_fair_939.1,,0,,-163.00,0.00,-163.00,-163.00,-163.00,flat,macro,BUY,160,8.000000,True,939.1205,961,965,963.0000,4,1.932484,-0.026602,0.000000,-8.0000,,,,,,,,,,-10.4499,-2.4499,0.203573,0.494857,0.301570,0,0,0,flat,False,
1775839250.129284,entry_blocked,1265,,,160,,,macro,buy_over_fair_px_965_fair_938.9,,0,,-163.00,0.00,-163.00,-163.00,-163.00,flat,macro,BUY,160,8.000000,True,938.9146,961,965,963.0000,4,1.932484,-0.026602,0.000000,-8.0000,,,,,,,,,,-10.2434,-2.2434,0.209565,0.491134,0.299301,0,0,0,flat,False,
1775839250.130666,entry_blocked,1265,,,160,,,macro,buy_over_fair_px_965_fair_940.9,,0,,-163.00,0.00,-163.00,-163.00,-163.00,flat,macro,BUY,160,8.000000,True,940.8573,961,965,963.0000,4,1.932484,-0.026602,0.000000,-8.0000,,,,,,,,,,-12.1892,-4.1892,0.191646,0.449140,0.359214,0,0,0,flat,False,
1775839250.131451,entry_blocked,1265,,,160,,,macro,buy_over_fair_px_965_fair_938.9,,0,,-163.00,0.00,-163.00,-163.00,-163.00,flat,macro,BUY,160,8.000000,True,938.9146,961,965,963.0000,4,1.932484,-0.026602,0.000000,-8.0000,,,,,,,,,,-10.2434,-2.2434,0.209565,0.491134,0.299301,0,0,0,flat,False,
1775839250.135574,entry_blocked,1265,,,160,,,macro,buy_over_fair_px_965_fair_939.1,,0,,-163.00,0.00,-163.00,-163.00,-163.00,flat,macro,BUY,160,8.000000,True,939.1367,961,965,963.0000,4,1.932484,-0.026602,0.000000,-8.0000,,,,,,,,,,-10.4661,-2.4661,0.204336,0.492683,0.302981,0,0,0,flat,False,
1775839250.136163,entry_blocked,1265,,,160,,,macro,buy_over_fair_px_965_fair_939.4,,0,,-163.00,0.00,-163.00,-163.00,-163.00,flat,macro,BUY,160,8.000000,True,939.3613,961,965,963.0000,4,1.932484,-0.026602,0.000000,-8.0000,,,,,,,,,,-10.6913,-2.6913,0.197814,0.496721,0.305464,0,0,0,flat,False,
1775839250.145090,entry_blocked,1265,,,160,,,macro,buy_over_fair_px_966_fair_939.4,,0,,-163.00,0.00,-163.00,-163.00,-163.00,flat,macro,BUY,160,8.000000,True,939.3990,961,966,963.5000,5,1.932484,-0.026602,0.000000,-8.0000,,,,,,,,,,-10.7290,-2.7290,0.197477,0.495886,0.306637,0,0,0,flat,False,
1775839250.322804,entry_blocked,1265,,,160,,,macro,buy_over_fair_px_966_fair_941.4,,0,,-163.00,0.00,-163.00,-163.00,-163.00,flat,macro,BUY,160,8.000000,True,941.4389,960,966,963.0000,6,1.932484,-0.026602,0.000000,-8.0000,,,,,,,,,,-12.7708,-4.7708,0.179372,0.450424,0.370204,0,0,0,flat,False,
1775839250.323661,entry_blocked,1265,,,160,,,macro,buy_over_fair_px_966_fair_939.4,,0,,-163.00,0.00,-163.00,-163.00,-163.00,flat,macro,BUY,160,8.000000,True,939.3990,960,966,963.0000,6,1.932484,-0.026602,0.000000,-8.0000,,,,,,,,,,-10.7290,-2.7290,0.197477,0.495886,0.306637,0,0,0,flat,False,
1775839250.326303,entry_blocked,1265,,,160,,,macro,buy_over_fair_px_966_fair_941.4,,0,,-163.00,0.00,-163.00,-163.00,-163.00,flat,macro,BUY,160,8.000000,True,941.4288,960,966,963.0000,6,1.932484,-0.026602,0.000000,-8.0000,,,,,,,,,,-12.7607,-4.7607,0.179462,0.450648,0.369890,0,0,0,flat,False,
1775839250.327252,entry_blocked,1265,,,160,,,macro,buy_over_fair_px_966_fair_941.5,,0,,-163.00,0.00,-163.00,-163.00,-163.00,flat,macro,BUY,160,8.000000,True,941.5392,960,966,963.0000,6,1.932484,-0.026602,0.000000,-8.0000,,,,,,,,,,-12.8711,-4.8711,0.178483,0.448190,0.373327,0,0,0,flat,False,
1775839250.329458,entry_blocked,1265,,,160,,,macro,buy_over_fair_px_966_fair_941.6,,0,,-163.00,0.00,-163.00,-163.00,-163.00,flat,macro,BUY,160,8.000000,True,941.6209,964,966,965.0000,2,1.932484,-0.026602,0.000000,-8.0000,,,,,,,,,,-12.9527,-4.9527,0.176705,0.448482,0.374813,0,0,0,flat,False,
1775839250.330336,entry_blocked,1265,,,160,,,macro,buy_over_fair_px_966_fair_941.5,,0,,-163.00,0.00,-163.00,-163.00,-163.00,flat,macro,BUY,160,8.000000,True,941.5465,964,966,965.0000,2,1.932484,-0.026602,0.000000,-8.0000,,,,,,,,,,-12.8784,-4.8784,0.178749,0.447368,0.373883,0,0,0,flat,False,
1775839250.334323,entry_blocked,1265,,,160,,,macro,buy_over_fair_px_966_fair_941.6,,0,,-163.00,0.00,-163.00,-163.00,-163.00,flat,macro,BUY,160,8.000000,True,941.6060,964,966,965.0000,2,1.932484,-0.026602,0.000000,-8.0000,,,,,,,,,,-12.9378,-4.9378,0.177114,0.448259,0.374627,0,0,0,flat,False,
1775839250.335213,entry_blocked,1265,,,160,,,macro,buy_over_fair_px_966_fair_941.7,,0,,-163.00,0.00,-163.00,-163.00,-163.00,flat,macro,BUY,160,8.000000,True,941.7106,964,966,965.0000,2,1.932484,-0.026602,0.000000,-8.0000,,,,,,,,,,-13.0424,-5.0424,0.174239,0.449825,0.375936,0,0,0,flat,False,
1775839250.341127,entry_blocked,1265,,,160,,,macro,buy_over_fair_px_966_fair_941.8,,0,,-163.00,0.00,-163.00,-163.00,-163.00,flat,macro,BUY,160,8.000000,True,941.7557,964,966,965.0000,2,1.932484,-0.026602,0.000000,-8.0000,,,,,,,,,,-13.0875,-5.0875,0.174000,0.448500,0.377500,0,0,0,flat,False,
1775839250.344216,entry_blocked,1265,,,160,,,macro,buy_over_fair_px_967_fair_941.8,,0,,-163.00,0.00,-163.00,-163.00,-163.00,flat,macro,BUY,160,8.000000,True,941.7708,964,967,965.5000,3,1.932484,-0.026602,0.000000,-8.0000,,,,,,,,,,-13.1026,-5.1026,0.173587,0.448724,0.377689,0,0,0,flat,False,
1775839250.344826,entry_blocked,1265,,,160,,,macro,buy_over_fair_px_968_fair_941.8,,0,,-163.00,0.00,-163.00,-163.00,-163.00,flat,macro,BUY,160,8.000000,True,941.7708,964,968,966.0000,4,1.932484,-0.026602,0.000000,-8.0000,,,,,,,,,,-13.1026,-5.1026,0.173587,0.448724,0.377689,0,0,0,flat,False,
1775839250.345179,entry_blocked,1265,,,160,,,macro,buy_over_fair_px_969_fair_941.8,,0,,-163.00,0.00,-163.00,-163.00,-163.00,flat,macro,BUY,160,8.000000,True,941.7708,964,969,966.5000,5,1.932484,-0.026602,0.000000,-8.0000,,,,,,,,,,-13.1026,-5.1026,0.173587,0.448724,0.377689,0,0,0,flat,False,
1775839250.523447,entry_blocked,1265,,,160,,,macro,buy_over_fair_px_969_fair_941.9,,0,,-163.00,0.00,-163.00,-163.00,-163.00,flat,macro,BUY,160,8.000000,True,941.8615,964,969,966.5000,5,1.932484,-0.026602,0.000000,-8.0000,,,,,,,,,,-13.1932,-5.1932,0.171099,0.450075,0.378826,0,0,0,flat,False,
1775839250.532963,entry_blocked,1265,,,160,,,macro,buy_over_fair_px_969_fair_942.0,,0,,-163.00,0.00,-163.00,-163.00,-163.00,flat,macro,BUY,160,8.000000,True,941.9817,963,969,966.0000,6,1.932484,-0.026602,0.000000,-8.0000,,,,,,,,,,-13.3133,-5.3133,0.168922,0.449624,0.381454,0,0,0,flat,False,
1775839250.533589,entry_blocked,1265,,,160,,,macro,buy_over_fair_px_969_fair_941.9,,0,,-163.00,0.00,-163.00,-163.00,-163.00,flat,macro,BUY,160,8.000000,True,941.9223,963,969,966.0000,6,1.932484,-0.026602,0.000000,-8.0000,,,,,,,,,,-13.2539,-5.2539,0.169432,0.450980,0.379588,0,0,0,flat,False,
1775839250.534780,entry_blocked,1265,,,160,,,macro,buy_over_fair_px_969_fair_942.0,,0,,-163.00,0.00,-163.00,-163.00,-163.00,flat,macro,BUY,160,8.000000,True,941.9718,963,969,966.0000,6,1.932484,-0.026602,0.000000,-8.0000,,,,,,,,,,-13.3034,-5.3034,0.169007,0.449850,0.381143,0,0,0,flat,False,
1775839250.538270,entry_blocked,1265,,,160,,,macro,buy_over_fair_px_969_fair_942.1,,0,,-163.00,0.00,-163.00,-163.00,-163.00,flat,macro,BUY,160,8.000000,True,942.0533,963,969,966.0000,6,1.932484,-0.026602,0.000000,-8.0000,,,,,,,,,,-13.3848,-5.3848,0.168416,0.447776,0.383808,0,0,0,flat,False,
1775839250.727727,entry_blocked,1265,,,160,,,macro,buy_over_fair_px_969_fair_942.2,,0,,-163.00,0.00,-163.00,-163.00,-163.00,flat,macro,BUY,160,8.000000,True,942.1811,966,969,967.5000,3,1.932484,-0.026602,0.000000,-8.0000,,,,,,,,,,-13.5125,-5.5125,0.166500,0.446500,0.387000,0,0,0,flat,False,
1775839250.736031,entry_blocked,1265,,,160,,,macro,buy_over_fair_px_969_fair_942.3,,0,,-163.00,0.00,-163.00,-163.00,-163.00,flat,macro,BUY,160,8.000000,True,942.2757,966,969,967.5000,3,1.932484,-0.026602,0.000000,-8.0000,,,,,,,,,,-13.6069,-5.6069,0.164835,0.446054,0.389111,0,0,0,flat,False,
1775839250.739210,entry_blocked,1265,,,160,,,macro,buy_over_fair_px_970_fair_942.3,,0,,-163.00,0.00,-163.00,-163.00,-163.00,flat,macro,BUY,160,8.000000,True,942.3091,966,970,968.0000,4,1.932484,-0.026602,0.000000,-8.0000,,,,,,,,,,-13.6403,-5.6403,0.164082,0.446223,0.389695,0,0,0,flat,False,
1775839250.739705,entry_blocked,1265,,,160,,,macro,buy_over_fair_px_971_fair_942.3,,0,,-163.00,0.00,-163.00,-163.00,-163.00,flat,macro,BUY,160,8.000000,True,942.3091,966,971,968.5000,5,1.932484,-0.026602,0.000000,-8.0000,,,,,,,,,,-13.6403,-5.6403,0.164082,0.446223,0.389695,0,0,0,flat,False,
1775839250.921407,entry_blocked,1265,,,160,,,macro,buy_over_fair_px_971_fair_942.4,,0,,-163.00,0.00,-163.00,-163.00,-163.00,flat,macro,BUY,160,8.000000,True,942.3786,966,971,968.5000,5,1.932484,-0.026602,0.000000,-8.0000,,,,,,,,,,-13.7096,-5.7096,0.162919,0.445777,0.391304,0,0,0,flat,False,
1775839250.923646,entry_blocked,1265,,,160,,,macro,buy_over_fair_px_970_fair_942.4,,0,,-163.00,0.00,-163.00,-163.00,-163.00,flat,macro,BUY,160,8.000000,True,942.3786,966,970,968.0000,4,1.932484,-0.026602,0.000000,-8.0000,,,,,,,,,,-13.7096,-5.7096,0.162919,0.445777,0.391304,0,0,0,flat,False,
1775839250.931548,entry_blocked,1265,,,160,,,macro,buy_over_fair_px_970_fair_942.5,,0,,-163.00,0.00,-163.00,-163.00,-163.00,flat,macro,BUY,160,8.000000,True,942.4536,966,970,968.0000,4,1.932484,-0.026602,0.000000,-8.0000,,,,,,,,,,-13.7846,-5.7846,0.161919,0.444778,0.393303,0,0,0,flat,False,
1775839251.123251,entry_blocked,1265,,,160,,,macro,buy_over_fair_px_969_fair_942.5,,0,,-163.00,0.00,-163.00,-163.00,-163.00,flat,macro,BUY,160,8.000000,True,942.4999,964,969,966.5000,5,1.932484,-0.026602,0.000000,-8.0000,,,,,,,,,,-13.8308,-5.8308,0.161161,0.444444,0.394394,0,0,0,flat,False,
1775839251.321585,entry_blocked,1265,,,160,,,macro,buy_over_fair_px_966_fair_942.5,,0,,-163.00,0.00,-163.00,-163.00,-163.00,flat,macro,BUY,160,8.000000,True,942.4690,963,966,964.5000,3,1.932484,-0.026602,0.000000,-8.0000,,,,,,,,,,-13.8000,-5.8000,0.162000,0.444000,0.394000,0,0,0,flat,False,
1775839251.322748,entry_blocked,1265,,,160,,,macro,buy_over_fair_px_966_fair_942.4,,0,,-163.00,0.00,-163.00,-163.00,-163.00,flat,macro,BUY,160,8.000000,True,942.4247,963,966,964.5000,3,1.932484,-0.026602,0.000000,-8.0000,,,,,,,,,,-13.7558,-5.7558,0.162663,0.444444,0.392893,0,0,0,flat,False,
1775839251.530930,entry_blocked,1265,,,160,,,macro,buy_over_fair_px_966_fair_942.3,,0,,-163.00,0.00,-163.00,-163.00,-163.00,flat,macro,BUY,160,8.000000,True,942.3439,962,966,964.0000,4,1.932484,-0.026602,0.000000,-8.0000,,,,,,,,,,-13.6750,-5.6750,0.163500,0.446000,0.390500,0,0,0,flat,False,
1775839251.536456,entry_blocked,1265,,,160,,,macro,buy_over_fair_px_967_fair_942.3,,0,,-163.00,0.00,-163.00,-163.00,-163.00,flat,macro,BUY,160,8.000000,True,942.3188,962,967,964.5000,5,1.932484,-0.026602,0.000000,-8.0000,,,,,,,,,,-13.6500,-5.6500,0.164000,0.446000,0.390000,0,0,0,flat,False,
1775839251.537190,entry_blocked,1265,,,160,,,macro,buy_over_fair_px_968_fair_942.3,,0,,-163.00,0.00,-163.00,-163.00,-163.00,flat,macro,BUY,160,8.000000,True,942.3188,962,968,965.0000,6,1.932484,-0.026602,0.000000,-8.0000,,,,,,,,,,-13.6500,-5.6500,0.164000,0.446000,0.390000,0,0,0,flat,False,
1775839251.737578,entry_blocked,1265,,,160,,,macro,buy_over_fair_px_969_fair_942.3,,0,,-163.00,0.00,-163.00,-163.00,-163.00,flat,macro,BUY,160,8.000000,True,942.3132,964,969,966.5000,5,1.932484,-0.026602,0.000000,-8.0000,,,,,,,,,,-13.6444,-5.6444,0.163836,0.446553,0.389610,0,0,0,flat,False,
1775839251.737890,entry_blocked,1265,,,160,,,macro,buy_over_fair_px_970_fair_942.3,,0,,-163.00,0.00,-163.00,-163.00,-163.00,flat,macro,BUY,160,8.000000,True,942.3132,964,970,967.0000,6,1.932484,-0.026602,0.000000,-8.0000,,,,,,,,,,-13.6444,-5.6444,0.163836,0.446553,0.389610,0,0,0,flat,False,
1775839251.924274,entry_blocked,1265,,,160,,,macro,buy_over_fair_px_969_fair_942.3,,0,,-163.00,0.00,-163.00,-163.00,-163.00,flat,macro,BUY,160,8.000000,True,942.3035,964,969,966.5000,5,1.932484,-0.026602,0.000000,-8.0000,,,,,,,,,,-13.6347,-5.6347,0.163918,0.446777,0.389305,0,0,0,flat,False,
1775839252.138480,entry_blocked,1265,,,160,,,macro,buy_over_fair_px_970_fair_942.3,,0,,-163.00,0.00,-163.00,-163.00,-163.00,flat,macro,BUY,160,8.000000,True,942.2688,967,970,968.5000,3,1.932484,-0.026602,0.000000,-8.0000,,,,,,,,,,-13.6000,-5.6000,0.164000,0.448000,0.388000,0,0,0,flat,False,
1775839252.139903,entry_blocked,1265,,,160,,,macro,buy_over_fair_px_971_fair_942.3,,0,,-163.00,0.00,-163.00,-163.00,-163.00,flat,macro,BUY,160,8.000000,True,942.2688,967,971,969.0000,4,1.932484,-0.026602,0.000000,-8.0000,,,,,,,,,,-13.6000,-5.6000,0.164000,0.448000,0.388000,0,0,0,flat,False,
1775839252.322271,entry_blocked,1265,,,160,,,macro,buy_over_fair_px_971_fair_942.2,,0,,-163.00,0.00,-163.00,-163.00,-163.00,flat,macro,BUY,160,8.000000,True,942.2340,967,971,969.0000,4,1.932484,-0.026602,0.000000,-8.0000,,,,,,,,,,-13.5653,-5.5653,0.164082,0.449225,0.386693,0,0,0,flat,False,
1775839252.340550,entry_blocked,1265,,,160,,,macro,buy_over_fair_px_971_fair_942.1,,0,,-163.00,0.00,-163.00,-163.00,-163.00,flat,macro,BUY,160,8.000000,True,942.1479,967,971,969.0000,4,1.932484,-0.026602,0.000000,-8.0000,,,,,,,,,,-13.4793,-5.4793,0.165751,0.449326,0.384923,0,0,0,flat,False,
1775839252.526176,entry_blocked,1265,,,160,,,macro,buy_over_fair_px_969_fair_942.1,,0,,-163.00,0.00,-163.00,-163.00,-163.00,flat,macro,BUY,160,8.000000,True,942.1186,965,969,967.0000,4,1.932484,-0.026602,0.000000,-8.0000,,,,,,,,,,-13.4500,-5.4500,0.166000,0.450000,0.384000,0,0,0,flat,False,
1775839252.533745,entry_blocked,1265,,,160,,,macro,buy_over_fair_px_969_fair_942.0,,0,,-163.00,0.00,-163.00,-163.00,-163.00,flat,macro,BUY,160,8.000000,True,942.0462,965,969,967.0000,4,1.932484,-0.026602,0.000000,-8.0000,,,,,,,,,,-13.3777,-5.3777,0.167584,0.449725,0.382691,0,0,0,flat,False,
1775839252.722331,entry_blocked,1265,,,160,,,macro,buy_over_fair_px_971_fair_942.0,,0,,-163.00,0.00,-163.00,-163.00,-163.00,flat,macro,BUY,160,8.000000,True,942.0283,963,971,967.0000,8,1.932484,-0.026602,0.000000,-8.0000,,,,,,,,,,-13.3598,-5.3598,0.168416,0.448776,0.382809,0,0,0,flat,False,
1775839252.730466,entry_blocked,1265,,,160,,,macro,buy_over_fair_px_971_fair_942.1,,0,,-163.00,0.00,-163.00,-163.00,-163.00,flat,macro,BUY,160,8.000000,True,942.0560,967,971,969.0000,4,1.932484,-0.026602,0.000000,-8.0000,,,,,,,,,,-13.3875,-5.3875,0.168000,0.448500,0.383500,0,0,0,flat,False,
1775839252.738033,entry_blocked,1265,,,160,,,macro,buy_over_fair_px_972_fair_942.1,,0,,-163.00,0.00,-163.00,-163.00,-163.00,flat,macro,BUY,160,8.000000,True,942.0685,967,972,969.5000,5,1.932484,-0.026602,0.000000,-8.0000,,,,,,,,,,-13.4000,-5.4000,0.168000,0.448000,0.384000,0,0,0,flat,False,
1775839252.930189,heartbeat,1265,,,,,,,,,0,,-163.00,0.00,-163.00,-163.00,-163.00,flat,macro,BUY,160,8.000000,True,942.1061,967,972,969.5000,5,1.932484,-0.026602,0.000000,-8.0000,,,,,,,,,,-13.4375,-5.4375,0.167500,0.447500,0.385000,0,0,0,flat,False,
1775839252.945500,entry_blocked,1265,,,160,,,macro,buy_over_fair_px_973_fair_942.1,,0,,-163.00,0.00,-163.00,-163.00,-163.00,flat,macro,BUY,160,8.000000,True,942.1436,967,973,970.0000,6,1.932484,-0.026602,0.000000,-8.0000,,,,,,,,,,-13.4750,-5.4750,0.167000,0.447000,0.386000,0,0,0,flat,False,
1775839253.124215,entry_blocked,1265,,,160,,,macro,buy_over_fair_px_972_fair_942.1,,0,,-163.00,0.00,-163.00,-163.00,-163.00,flat,macro,BUY,160,8.000000,True,942.1436,967,972,969.5000,5,1.932484,-0.026602,0.000000,-8.0000,,,,,,,,,,-13.4750,-5.4750,0.167000,0.447000,0.386000,0,0,0,flat,False,
1775839253.348741,entry_blocked,1265,,,160,,,macro,buy_over_fair_px_973_fair_942.1,,0,,-163.00,0.00,-163.00,-163.00,-163.00,flat,macro,BUY,160,8.000000,True,942.1491,966,973,969.5000,7,1.932484,-0.026602,0.000000,-8.0000,,,,,,,,,,-13.4805,-5.4805,0.167167,0.446446,0.386386,0,0,0,flat,False,
1775839253.349336,entry_blocked,1265,,,160,,,macro,buy_over_fair_px_974_fair_942.1,,0,,-163.00,0.00,-163.00,-163.00,-163.00,flat,macro,BUY,160,8.000000,True,942.1491,966,974,970.0000,8,1.932484,-0.026602,0.000000,-8.0000,,,,,,,,,,-13.4805,-5.4805,0.167167,0.446446,0.386386,0,0,0,flat,False,
1775839253.351686,entry_blocked,1265,,,160,,,macro,buy_over_fair_px_971_fair_942.1,,0,,-163.00,0.00,-163.00,-163.00,-163.00,flat,macro,BUY,160,8.000000,True,942.1491,966,971,968.5000,5,1.932484,-0.026602,0.000000,-8.0000,,,,,,,,,,-13.4805,-5.4805,0.167167,0.446446,0.386386,0,0,0,flat,False,
1775839253.352263,entry_blocked,1265,,,160,,,macro,buy_over_fair_px_971_fair_942.2,,0,,-163.00,0.00,-163.00,-163.00,-163.00,flat,macro,BUY,160,8.000000,True,942.1644,966,971,968.5000,5,1.932484,-0.026602,0.000000,-8.0000,,,,,,,,,,-13.4957,-5.4957,0.166750,0.446670,0.386580,0,0,0,flat,False,
1775839253.378469,order_placed,1265,C,BUY,40,40,1775839157640,macro_entry,,,0,,-163.00,0.00,-163.00,-163.00,-163.00,flat,macro,BUY,160,8.000000,True,942.2187,965,40,502.5000,-925,1.932484,-0.026602,0.000000,-8.0000,,,,,,,,,,-13.5500,-5.5500,0.166000,0.446000,0.388000,0,0,0,flat,False,
1775839253.378922,entry_decision,1265,C,BUY,40,40,,macro,,strength=8.000000 target=160,0,,-163.00,0.00,-163.00,-163.00,-163.00,macro,macro,BUY,160,8.000000,True,942.2187,965,40,502.5000,-925,1.932484,-0.026602,0.000000,-8.0000,,,,,,,,,,-13.5500,-5.5500,0.166000,0.446000,0.388000,0,0,0,flat,False,
1775839253.379286,heartbeat_forced,1265,,,,,,,,,0,,-163.00,0.00,-163.00,-163.00,-163.00,macro,macro,BUY,160,8.000000,True,942.2187,965,40,502.5000,-925,1.932484,-0.026602,0.000000,-8.0000,,,,,,,,,,-13.5500,-5.5500,0.166000,0.446000,0.388000,0,0,0,flat,False,
1775839253.729526,entry_blocked,1265,,,160,,,macro,live_order,,0,,-163.00,0.00,-163.00,-163.00,-163.00,macro,macro,BUY,160,8.000000,True,942.1033,968,972,970.0000,4,1.932484,-0.026602,0.000000,-8.0000,,,,,,,,,,-13.4348,-5.4348,0.167416,0.447776,0.384808,0,0,0,flat,False,
1775839254.126059,entry_blocked,1265,,,160,,,macro,buy_over_fair_px_971_fair_942.2,,0,,-163.00,0.00,-163.00,-163.00,-163.00,macro,macro,BUY,160,8.000000,True,942.1631,965,971,968.0000,6,1.932484,-0.026602,0.000000,-8.0000,,,,,,,,,,-13.4945,-5.4945,0.165834,0.448551,0.385614,0,0,0,flat,False,
1775839254.127851,entry_blocked,1265,,,160,,,macro,buy_over_fair_px_971_fair_942.1,,0,,-163.00,0.00,-163.00,-163.00,-163.00,macro,macro,BUY,160,8.000000,True,942.1436,965,971,968.0000,6,1.932484,-0.026602,0.000000,-8.0000,,,,,,,,,,-13.4750,-5.4750,0.166000,0.449000,0.385000,0,0,0,flat,False,
1775839254.134411,entry_blocked,1265,,,160,,,macro,buy_over_fair_px_970_fair_942.1,,0,,-163.00,0.00,-163.00,-163.00,-163.00,macro,macro,BUY,160,8.000000,True,942.1409,965,970,967.5000,5,1.932484,-0.026602,0.000000,-8.0000,,,,,,,,,,-13.4723,-5.4723,0.165917,0.449275,0.384808,0,0,0,flat,False,
1775839254.152535,cancel_response,1265,C,BUY,40,40,1775839157640,macro_entry,,success=True error=None,0,,-163.00,0.00,-163.00,-163.00,-163.00,macro,macro,BUY,160,8.000000,True,942.1186,964,970,967.0000,6,1.932484,-0.026602,0.000000,-8.0000,,,,,,,,,,-13.4500,-5.4500,0.166000,0.450000,0.384000,0,0,0,flat,False,
1775839254.322181,entry_blocked,1265,,,160,,,macro,buy_over_fair_px_970_fair_942.2,,0,,-163.00,0.00,-163.00,-163.00,-163.00,macro,macro,BUY,160,8.000000,True,942.1686,965,970,967.5000,5,1.932484,-0.026602,0.000000,-8.0000,,,,,,,,,,-13.5000,-5.5000,0.165000,0.450000,0.385000,0,0,0,flat,False,
1775839254.323978,entry_blocked,1265,,,160,,,macro,buy_over_fair_px_962_fair_942.2,,0,,-163.00,0.00,-163.00,-163.00,-163.00,macro,macro,BUY,160,8.000000,True,942.1686,965,962,963.5000,-3,1.932484,-0.026602,0.000000,-8.0000,,,,,,,,,,-13.5000,-5.5000,0.165000,0.450000,0.385000,0,0,0,flat,False,
1775839254.326509,entry_blocked,1265,,,160,,,macro,buy_over_fair_px_970_fair_942.2,,0,,-163.00,0.00,-163.00,-163.00,-163.00,macro,macro,BUY,160,8.000000,True,942.1686,963,970,966.5000,7,1.932484,-0.026602,0.000000,-8.0000,,,,,,,,,,-13.5000,-5.5000,0.165000,0.450000,0.385000,0,0,0,flat,False,
1775839254.340854,entry_blocked,1265,,,160,,,macro,buy_over_fair_px_971_fair_942.2,,0,,-163.00,0.00,-163.00,-163.00,-163.00,macro,macro,BUY,160,8.000000,True,942.2187,964,971,967.5000,7,1.932484,-0.026602,0.000000,-8.0000,,,,,,,,,,-13.5500,-5.5500,0.164000,0.450000,0.386000,0,0,0,flat,False,
1775839254.522122,entry_blocked,1265,,,160,,,macro,buy_over_fair_px_971_fair_942.3,,0,,-163.00,0.00,-163.00,-163.00,-163.00,macro,macro,BUY,160,8.000000,True,942.2576,965,971,968.0000,6,1.932484,-0.026602,0.000000,-8.0000,,,,,,,,,,-13.5888,-5.5888,0.163673,0.449102,0.387226,0,0,0,flat,False,
1775839254.722621,entry_blocked,1265,,,160,,,macro,buy_over_fair_px_971_fair_942.5,,0,,-163.00,0.00,-163.00,-163.00,-163.00,macro,macro,BUY,160,8.000000,True,942.4555,967,971,969.0000,4,1.932484,-0.026602,0.000000,-8.0000,,,,,,,,,,-13.7865,-5.7865,0.161274,0.445993,0.392733,0,0,0,flat,False,
1775839254.723418,entry_blocked,1265,,,160,,,macro,buy_over_fair_px_971_fair_942.3,,0,,-163.00,0.00,-163.00,-163.00,-163.00,macro,macro,BUY,160,8.000000,True,942.3495,967,971,969.0000,4,1.932484,-0.026602,0.000000,-8.0000,,,,,,,,,,-13.6807,-5.6807,0.162162,0.448448,0.389389,0,0,0,flat,False,
1775839254.727364,entry_blocked,1265,,,160,,,macro,buy_over_fair_px_971_fair_942.4,,0,,-163.00,0.00,-163.00,-163.00,-163.00,macro,macro,BUY,160,8.000000,True,942.4459,967,971,969.0000,4,1.932484,-0.026602,0.000000,-8.0000,,,,,,,,,,-13.7769,-5.7769,0.161355,0.446215,0.392430,0,0,0,flat,False,
1775839254.728462,entry_blocked,1265,,,160,,,macro,buy_over_fair_px_971_fair_942.3,,0,,-163.00,0.00,-163.00,-163.00,-163.00,macro,macro,BUY,160,8.000000,True,942.3495,967,971,969.0000,4,1.932484,-0.026602,0.000000,-8.0000,,,,,,,,,,-13.6807,-5.6807,0.162162,0.448448,0.389389,0,0,0,flat,False,
1775839254.729457,entry_blocked,1265,,,160,,,macro,buy_over_fair_px_971_fair_942.4,,0,,-163.00,0.00,-163.00,-163.00,-163.00,macro,macro,BUY,160,8.000000,True,942.3689,967,971,969.0000,4,1.932484,-0.026602,0.000000,-8.0000,,,,,,,,,,-13.7000,-5.7000,0.162000,0.448000,0.390000,0,0,0,flat,False,
1775839254.731605,entry_blocked,1265,,,160,,,macro,buy_over_fair_px_971_fair_942.5,,0,,-163.00,0.00,-163.00,-163.00,-163.00,macro,macro,BUY,160,8.000000,True,942.5012,967,971,969.0000,4,1.932484,-0.026602,0.000000,-8.0000,,,,,,,,,,-13.8321,-5.8321,0.158874,0.448969,0.392157,0,0,0,flat,False,
1775839254.732776,entry_blocked,1265,,,160,,,macro,buy_over_fair_px_971_fair_942.6,,0,,-163.00,0.00,-163.00,-163.00,-163.00,macro,macro,BUY,160,8.000000,True,942.5877,967,971,969.0000,4,1.932484,-0.026602,0.000000,-8.0000,,,,,,,,,,-13.9184,-5.9184,0.158158,0.446947,0.394895,0,0,0,flat,False,
1775839254.741823,entry_blocked,1265,,,160,,,macro,buy_over_fair_px_972_fair_942.6,,0,,-163.00,0.00,-163.00,-163.00,-163.00,macro,macro,BUY,160,8.000000,True,942.6438,967,972,969.5000,5,1.932484,-0.026602,0.000000,-8.0000,,,,,,,,,,-13.9744,-5.9744,0.157315,0.446393,0.396293,0,0,0,flat,False,
1775839254.742230,entry_blocked,1265,,,160,,,macro,buy_over_fair_px_973_fair_942.6,,0,,-163.00,0.00,-163.00,-163.00,-163.00,macro,macro,BUY,160,8.000000,True,942.6438,967,973,970.0000,6,1.932484,-0.026602,0.000000,-8.0000,,,,,,,,,,-13.9744,-5.9744,0.157315,0.446393,0.396293,0,0,0,flat,False,
1775839254.922025,entry_blocked,1265,,,160,,,macro,buy_over_fair_px_973_fair_942.7,,0,,-163.00,0.00,-163.00,-163.00,-163.00,macro,macro,BUY,160,8.000000,True,942.6629,967,973,970.0000,6,1.932484,-0.026602,0.000000,-8.0000,,,,,,,,,,-13.9935,-5.9935,0.157157,0.445946,0.396897,0,0,0,flat,False,
1775839254.929148,entry_blocked,1265,,,160,,,macro,buy_over_fair_px_973_fair_942.8,,0,,-163.00,0.00,-163.00,-163.00,-163.00,macro,macro,BUY,160,8.000000,True,942.7638,967,973,970.0000,6,1.932484,-0.026602,0.000000,-8.0000,,,,,,,,,,-14.0942,-6.0942,0.156032,0.444167,0.399801,0,0,0,flat,False,
1775839254.931793,entry_blocked,1265,,,160,,,macro,buy_over_fair_px_970_fair_942.8,,0,,-163.00,0.00,-163.00,-163.00,-163.00,macro,macro,BUY,160,8.000000,True,942.7638,967,970,968.5000,3,1.932484,-0.026602,0.000000,-8.0000,,,,,,,,,,-14.0942,-6.0942,0.156032,0.444167,0.399801,0,0,0,flat,False,
1775839254.933060,entry_blocked,1265,,,160,,,macro,buy_over_fair_px_970_fair_942.9,,0,,-163.00,0.00,-163.00,-163.00,-163.00,macro,macro,BUY,160,8.000000,True,942.8573,967,970,968.5000,3,1.932484,-0.026602,0.000000,-8.0000,,,,,,,,,,-14.1875,-6.1875,0.153500,0.445500,0.401000,0,0,0,flat,False,
1775839255.119745,entry_blocked,1265,,,160,,,macro,buy_over_fair_px_970_fair_942.8,,0,,-163.00,0.00,-163.00,-163.00,-163.00,macro,macro,BUY,160,8.000000,True,942.8230,964,970,967.0000,6,1.932484,-0.026602,0.000000,-8.0000,,,,,,,,,,-14.1533,-6.1533,0.154269,0.445332,0.400399,0,0,0,flat,False,
1775839255.136654,entry_blocked,1265,,,160,,,macro,buy_over_fair_px_970_fair_942.7,,0,,-163.00,0.00,-163.00,-163.00,-163.00,macro,macro,BUY,160,8.000000,True,942.7445,968,970,969.0000,2,1.932484,-0.026602,0.000000,-8.0000,,,,,,,,,,-14.0750,-6.0750,0.155500,0.446000,0.398500,0,0,0,flat,False,
1775839255.140924,entry_blocked,1265,,,160,,,macro,buy_over_fair_px_971_fair_942.7,,0,,-163.00,0.00,-163.00,-163.00,-163.00,macro,macro,BUY,160,8.000000,True,942.7445,968,971,969.5000,3,1.932484,-0.026602,0.000000,-8.0000,,,,,,,,,,-14.0750,-6.0750,0.155500,0.446000,0.398500,0,0,0,flat,False,
1775839255.141416,entry_blocked,1265,,,160,,,macro,buy_over_fair_px_972_fair_942.7,,0,,-163.00,0.00,-163.00,-163.00,-163.00,macro,macro,BUY,160,8.000000,True,942.7445,968,972,970.0000,4,1.932484,-0.026602,0.000000,-8.0000,,,,,,,,,,-14.0750,-6.0750,0.155500,0.446000,0.398500,0,0,0,flat,False,
1775839255.141744,entry_blocked,1265,,,160,,,macro,buy_over_fair_px_973_fair_942.7,,0,,-163.00,0.00,-163.00,-163.00,-163.00,macro,macro,BUY,160,8.000000,True,942.7445,968,973,970.5000,5,1.932484,-0.026602,0.000000,-8.0000,,,,,,,,,,-14.0750,-6.0750,0.155500,0.446000,0.398500,0,0,0,flat,False,
1775839255.338541,entry_blocked,1265,,,160,,,macro,buy_over_fair_px_974_fair_942.7,,0,,-163.00,0.00,-163.00,-163.00,-163.00,macro,macro,BUY,160,8.000000,True,942.7134,968,974,971.0000,6,1.932484,-0.026602,0.000000,-8.0000,,,,,,,,,,-14.0440,-6.0440,0.155844,0.446553,0.397602,0,0,0,flat,False,
1775839255.737039,news_ignored,1295,,,,,,,non_C_earnings,,0,,-163.00,0.00,-163.00,-163.00,-163.00,macro,macro,BUY,160,8.000000,True,942.7005,968,974,971.0000,6,1.932484,-0.026602,0.000000,-8.0000,,,,,,,structured,earnings,A,-14.0310,-6.0310,0.157157,0.444444,0.398398,0,0,0,flat,False,"{'timestamp': 1295, 'kind': 'structured', 'new_data': {'value': 1.0668208383255515, 'asset': 'A', 'structured_subtype': 'earnings'}}"
1775839255.738806,entry_blocked,1295,,,160,,,macro,buy_over_fair_px_973_fair_942.7,,0,,-163.00,0.00,-163.00,-163.00,-163.00,macro,macro,BUY,160,8.000000,True,942.7005,968,973,970.5000,5,1.932484,-0.026602,0.000000,-8.0000,,,,,,,,,,-14.0310,-6.0310,0.157157,0.444444,0.398398,0,0,0,flat,False,
1775839255.930742,entry_blocked,1295,,,160,,,macro,buy_over_fair_px_974_fair_942.7,,0,,-163.00,0.00,-163.00,-163.00,-163.00,macro,macro,BUY,160,8.000000,True,942.7255,969,974,971.5000,5,1.932484,-0.026602,0.000000,-8.0000,,,,,,,,,,-14.0561,-6.0561,0.157157,0.443443,0.399399,0,0,0,flat,False,
1775839255.931563,entry_blocked,1295,,,160,,,macro,buy_over_fair_px_975_fair_942.7,,0,,-163.00,0.00,-163.00,-163.00,-163.00,macro,macro,BUY,160,8.000000,True,942.7255,969,975,972.0000,6,1.932484,-0.026602,0.000000,-8.0000,,,,,,,,,,-14.0561,-6.0561,0.157157,0.443443,0.399399,0,0,0,flat,False,
1775839255.934372,entry_blocked,1295,,,160,,,macro,buy_over_fair_px_975_fair_942.8,,0,,-163.00,0.00,-163.00,-163.00,-163.00,macro,macro,BUY,160,8.000000,True,942.7946,969,975,972.0000,6,1.932484,-0.026602,0.000000,-8.0000,,,,,,,,,,-14.1250,-6.1250,0.156500,0.442000,0.401500,0,0,0,flat,False,
1775839256.139465,entry_blocked,1295,,,160,,,macro,buy_over_fair_px_976_fair_942.8,,0,,-163.00,0.00,-163.00,-163.00,-163.00,macro,macro,BUY,160,8.000000,True,942.8041,970,976,973.0000,6,1.932484,-0.026602,0.000000,-8.0000,,,,,,,,,,-14.1344,-6.1344,0.155922,0.442779,0.401299,0,0,0,flat,False,
1775839256.322905,entry_blocked,1295,,,160,,,macro,buy_over_fair_px_973_fair_942.8,,0,,-163.00,0.00,-163.00,-163.00,-163.00,macro,macro,BUY,160,8.000000,True,942.8260,970,973,971.5000,3,1.932484,-0.026602,0.000000,-8.0000,,,,,,,,,,-14.1563,-6.1563,0.155844,0.442058,0.402098,0,0,0,flat,False,
1775839256.329271,entry_blocked,1295,,,160,,,macro,buy_over_fair_px_973_fair_942.9,,0,,-163.00,0.00,-163.00,-163.00,-163.00,macro,macro,BUY,160,8.000000,True,942.8511,970,973,971.5000,3,1.932484,-0.026602,0.000000,-8.0000,,,,,,,,,,-14.1813,-6.1813,0.155345,0.442058,0.402597,0,0,0,flat,False,
1775839256.450221,heartbeat,1295,,,,,,,,,0,,-163.00,0.00,-163.00,-163.00,-163.00,macro,macro,BUY,160,8.000000,True,942.8792,967,973,970.0000,6,1.932484,-0.026602,0.000000,-8.0000,,,,,,,,,,-14.2094,-6.2094,0.154923,0.441779,0.403298,0,0,0,flat,False,
1775839256.544312,entry_blocked,1295,,,160,,,macro,buy_over_fair_px_973_fair_943.0,,0,,-163.00,0.00,-163.00,-163.00,-163.00,macro,macro,BUY,160,8.000000,True,942.9512,969,973,971.0000,4,1.932484,-0.026602,0.000000,-8.0000,,,,,,,,,,-14.2812,-6.2812,0.153347,0.442058,0.404595,0,0,0,flat,False,
1775839256.545192,entry_blocked,1295,,,160,,,macro,buy_over_fair_px_973_fair_942.9,,0,,-163.00,0.00,-163.00,-163.00,-163.00,macro,macro,BUY,160,8.000000,True,942.9480,969,973,971.0000,4,1.932484,-0.026602,0.000000,-8.0000,,,,,,,,,,-14.2781,-6.2781,0.153270,0.442336,0.404393,0,0,0,flat,False,
1775839256.548043,entry_blocked,1295,,,160,,,macro,buy_over_fair_px_973_fair_943.0,,0,,-163.00,0.00,-163.00,-163.00,-163.00,macro,macro,BUY,160,8.000000,True,942.9637,969,973,971.0000,4,1.932484,-0.026602,0.000000,-8.0000,,,,,,,,,,-14.2937,-6.2937,0.152847,0.442557,0.404595,0,0,0,flat,False,
1775839256.551596,entry_blocked,1295,,,160,,,macro,buy_over_fair_px_974_fair_943.0,,0,,-163.00,0.00,-163.00,-163.00,-163.00,macro,macro,BUY,160,8.000000,True,942.9794,969,974,971.5000,5,1.932484,-0.026602,0.000000,-8.0000,,,,,,,,,,-14.3093,-6.3093,0.152424,0.442779,0.404798,0,0,0,flat,False,
1775839256.551935,entry_blocked,1295,,,160,,,macro,buy_over_fair_px_975_fair_943.0,,0,,-163.00,0.00,-163.00,-163.00,-163.00,macro,macro,BUY,160,8.000000,True,942.9794,969,975,972.0000,6,1.932484,-0.026602,0.000000,-8.0000,,,,,,,,,,-14.3093,-6.3093,0.152424,0.442779,0.404798,0,0,0,flat,False,
1775839256.726241,entry_blocked,1295,,,160,,,macro,buy_over_fair_px_972_fair_943.0,,0,,-163.00,0.00,-163.00,-163.00,-163.00,macro,macro,BUY,160,8.000000,True,942.9794,969,972,970.5000,3,1.932484,-0.026602,0.000000,-8.0000,,,,,,,,,,-14.3093,-6.3093,0.152424,0.442779,0.404798,0,0,0,flat,False,
1775839256.934898,entry_blocked,1295,,,160,,,macro,buy_over_fair_px_971_fair_943.0,,0,,-163.00,0.00,-163.00,-163.00,-163.00,macro,macro,BUY,160,8.000000,True,942.9669,966,971,968.5000,5,1.932484,-0.026602,0.000000,-8.0000,,,,,,,,,,-14.2969,-6.2969,0.152228,0.443665,0.404106,0,0,0,flat,False,
1775839256.937500,entry_blocked,1295,,,160,,,macro,buy_over_fair_px_971_fair_942.9,,0,,-163.00,0.00,-163.00,-163.00,-163.00,macro,macro,BUY,160,8.000000,True,942.9355,966,971,968.5000,5,1.932484,-0.026602,0.000000,-8.0000,,,,,,,,,,-14.2656,-6.2656,0.153077,0.443222,0.403702,0,0,0,flat,False,
1775839257.142898,entry_blocked,1295,,,160,,,macro,buy_over_fair_px_971_fair_942.8,,0,,-163.00,0.00,-163.00,-163.00,-163.00,macro,macro,BUY,160,8.000000,True,942.8447,967,971,969.0000,4,1.932484,-0.026602,0.000000,-8.0000,,,,,,,,,,-14.1750,-6.1750,0.154500,0.444000,0.401500,0,0,0,flat,False,
1775839257.148188,entry_blocked,1295,,,160,,,macro,buy_over_fair_px_972_fair_942.8,,0,,-163.00,0.00,-163.00,-163.00,-163.00,macro,macro,BUY,160,8.000000,True,942.8164,967,972,969.5000,5,1.932484,-0.026602,0.000000,-8.0000,,,,,,,,,,-14.1467,-6.1467,0.154732,0.444667,0.400601,0,0,0,flat,False,
1775839257.150489,entry_blocked,1295,,,160,,,macro,buy_over_fair_px_973_fair_942.8,,0,,-163.00,0.00,-163.00,-163.00,-163.00,macro,macro,BUY,160,8.000000,True,942.8164,967,973,970.0000,6,1.932484,-0.026602,0.000000,-8.0000,,,,,,,,,,-14.1467,-6.1467,0.154732,0.444667,0.400601,0,0,0,flat,False,
1775839257.321927,entry_blocked,1295,,,160,,,macro,buy_over_fair_px_973_fair_942.7,,0,,-163.00,0.00,-163.00,-163.00,-163.00,macro,macro,BUY,160,8.000000,True,942.7263,967,973,970.0000,6,1.932484,-0.026602,0.000000,-8.0000,,,,,,,,,,-14.0568,-6.0568,0.156530,0.444666,0.398804,0,0,0,flat,False,
1775839257.323496,entry_blocked,1295,,,160,,,macro,buy_over_fair_px_972_fair_942.7,,0,,-163.00,0.00,-163.00,-163.00,-163.00,macro,macro,BUY,160,8.000000,True,942.6789,967,972,969.5000,5,1.932484,-0.026602,0.000000,-8.0000,,,,,,,,,,-14.0095,-6.0095,0.156922,0.445777,0.397301,0,0,0,flat,False,
1775839257.327218,entry_blocked,1295,,,160,,,macro,buy_over_fair_px_972_fair_942.6,,0,,-163.00,0.00,-163.00,-163.00,-163.00,macro,macro,BUY,160,8.000000,True,942.6408,967,972,969.5000,5,1.932484,-0.026602,0.000000,-8.0000,,,,,,,,,,-13.9715,-5.9715,0.157236,0.446670,0.396094,0,0,0,flat,False,
1775839257.522101,entry_blocked,1295,,,160,,,macro,buy_over_fair_px_972_fair_942.5,,0,,-163.00,0.00,-163.00,-163.00,-163.00,macro,macro,BUY,160,8.000000,True,942.5213,966,972,969.0000,6,1.932484,-0.026602,0.000000,-8.0000,,,,,,,,,,-13.8521,-5.8521,0.158897,0.448120,0.392982,0,0,0,flat,False,
1775839257.531010,entry_blocked,1295,,,160,,,macro,buy_over_fair_px_972_fair_942.4,,0,,-163.00,0.00,-163.00,-163.00,-163.00,macro,macro,BUY,160,8.000000,True,942.4373,967,972,969.5000,5,1.932484,-0.026602,0.000000,-8.0000,,,,,,,,,,-13.7683,-5.7683,0.160661,0.447948,0.391391,0,0,0,flat,False,
1775839257.539352,entry_blocked,1295,,,160,,,macro,buy_over_fair_px_973_fair_942.4,,0,,-163.00,0.00,-163.00,-163.00,-163.00,macro,macro,BUY,160,8.000000,True,942.4036,967,973,970.0000,6,1.932484,-0.026602,0.000000,-8.0000,,,,,,,,,,-13.7346,-5.7346,0.161419,0.447776,0.390805,0,0,0,flat,False,
1775839259.471697,heartbeat,1295,,,,,,,,,0,,-163.00,0.00,-163.00,-163.00,-163.00,macro,macro,BUY,160,8.000000,False,934.2724,969,975,972.0000,6,1.932484,-0.026602,0.000000,-8.0000,,,,,,,,,,-5.5750,-5.5750,0.164000,0.449000,0.387000,0,0,0,flat,False,
1775839262.489909,heartbeat,1295,,,,,,,,,0,,-163.00,0.00,-163.00,-163.00,-163.00,macro,macro,BUY,160,8.000000,False,935.4879,973,979,976.0000,6,1.932484,-0.026602,0.000000,-8.0000,,,,,,,,,,-6.8000,-6.8000,0.144000,0.440000,0.416000,0,0,0,flat,False,
1775839264.726790,earnings_signal,1340,,SELL,80,,,,,old=1.932484 new=1.919654 delta=-0.012829,0,,-163.00,0.00,-163.00,-163.00,-163.00,macro,earnings,SELL,80,0.012829,True,928.8608,966,971,968.5000,5,1.919654,-0.012829,0.000000,-8.0000,,,,,,,,,,-4.6079,-4.6079,0.177822,0.460040,0.362138,0,0,0,flat,False,
1775839264.727681,order_placed,1340,C,SELL,40,966,1775839157641,earnings_entry,,,0,,-163.00,0.00,-163.00,-163.00,-163.00,macro,earnings,SELL,80,0.012829,True,928.8608,966,971,968.5000,5,1.919654,-0.012829,0.000000,-8.0000,,,,,,,,,,-4.6079,-4.6079,0.177822,0.460040,0.362138,0,0,0,flat,False,
1775839264.728175,entry_decision,1340,C,SELL,40,966,,earnings,,strength=0.012829 target=80,0,,-163.00,0.00,-163.00,-163.00,-163.00,earnings,earnings,SELL,80,0.012829,True,928.8608,966,971,968.5000,5,1.919654,-0.012829,0.000000,-8.0000,,,,,,,,,,-4.6079,-4.6079,0.177822,0.460040,0.362138,0,0,0,flat,False,
1775839264.728717,heartbeat_forced,1340,,,,,,,,,0,,-163.00,0.00,-163.00,-163.00,-163.00,earnings,earnings,SELL,80,0.012829,True,928.8608,966,971,968.5000,5,1.919654,-0.012829,0.000000,-8.0000,,,,,,,,,,-4.6079,-4.6079,0.177822,0.460040,0.362138,0,0,0,flat,False,
1775839264.931174,fill,1340,C,SELL,37,966,1775839157641,earnings_entry,,,-37,966.0000,-163.00,0.00,-163.00,35579.00,-163.00,earnings,earnings,SELL,80,0.012829,True,928.8139,967,966,966.5000,-1,1.919654,-0.012829,0.000000,-8.0000,,,,,,,,,,-4.5602,-4.5602,0.178411,0.460770,0.360820,0,0,0,book,False,
1775839264.934202,fill,1340,C,SELL,3,966,1775839157641,earnings_entry,,,-40,966.0000,-163.00,0.00,-163.00,38477.00,-163.00,earnings,earnings,SELL,80,0.012829,True,928.8038,966,966,966.0000,0,1.919654,-0.012829,0.000000,-8.0000,,,,,,,,,,-4.5500,-4.5500,0.178500,0.461000,0.360500,0,0,0,book,False,
1775839265.309665,order_placed,1340,C,SELL,40,964,1775839157642,earnings_entry,,,-40,966.0000,-163.00,-80.00,-243.00,38477.00,-243.00,earnings,earnings,SELL,80,0.012829,True,928.5085,964,968,966.0000,4,1.919654,-0.012829,0.000000,-8.0000,,,,,,,,,,-4.2500,-4.2500,0.184500,0.461000,0.354500,0,0,0,book,False,
1775839265.310337,entry_decision,1340,C,SELL,40,964,,earnings,,strength=0.012829 target=80,-40,966.0000,-163.00,-80.00,-243.00,38477.00,-243.00,earnings,earnings,SELL,80,0.012829,True,928.5085,964,968,966.0000,4,1.919654,-0.012829,0.000000,-8.0000,,,,,,,,,,-4.2500,-4.2500,0.184500,0.461000,0.354500,0,0,0,book,False,
1775839265.310874,heartbeat_forced,1340,,,,,,,,,-40,966.0000,-163.00,-80.00,-243.00,38477.00,-243.00,earnings,earnings,SELL,80,0.012829,True,928.5085,964,968,966.0000,4,1.919654,-0.012829,0.000000,-8.0000,,,,,,,,,,-4.2500,-4.2500,0.184500,0.461000,0.354500,0,0,0,book,False,
1775839265.714157,entry_blocked,1340,,,80,,,earnings,live_order,,-40,966.0000,-163.00,80.00,-83.00,38477.00,-83.00,earnings,earnings,SELL,80,0.012829,True,928.0762,960,964,962.0000,4,1.919654,-0.012829,0.000000,-8.0000,,,,,,,,,,-3.8106,-3.8106,0.191904,0.463768,0.344328,0,0,0,book,False,
1775839266.045049,order_placed,1340,C,SELL,40,959,1775839157643,earnings_entry,,,-40,966.0000,-163.00,80.00,-83.00,38477.00,-83.00,earnings,earnings,SELL,80,0.012829,True,927.7953,959,964,961.5000,5,1.919654,-0.012829,0.000000,-8.0000,,,,,,,,,,-3.5250,-3.5250,0.196500,0.466000,0.337500,0,0,0,book,False,
1775839266.045352,entry_decision,1340,C,SELL,40,959,,earnings,,strength=0.012829 target=80,-40,966.0000,-163.00,80.00,-83.00,38477.00,-83.00,earnings,earnings,SELL,80,0.012829,True,927.7953,959,964,961.5000,5,1.919654,-0.012829,0.000000,-8.0000,,,,,,,,,,-3.5250,-3.5250,0.196500,0.466000,0.337500,0,0,0,book,False,
1775839266.045708,heartbeat_forced,1340,,,,,,,,,-40,966.0000,-163.00,80.00,-83.00,38477.00,-83.00,earnings,earnings,SELL,80,0.012829,True,927.7953,959,964,961.5000,5,1.919654,-0.012829,0.000000,-8.0000,,,,,,,,,,-3.5250,-3.5250,0.196500,0.466000,0.337500,0,0,0,book,False,
1775839266.077837,cancel_response,1340,C,SELL,40,964,1775839157642,earnings_entry,,success=True error=None,-40,966.0000,-163.00,40.00,-123.00,38477.00,-123.00,earnings,earnings,SELL,80,0.012829,True,927.7953,959,965,962.0000,6,1.919654,-0.012829,0.000000,-8.0000,,,,,,,,,,-3.5250,-3.5250,0.196500,0.466000,0.337500,0,0,0,book,False,
1775839266.080021,fill,1340,C,SELL,37,959,1775839157643,earnings_entry,,,-77,962.6364,-163.00,280.00,117.00,73960.00,117.00,earnings,earnings,SELL,80,0.012829,True,927.7953,959,959,959.0000,0,1.919654,-0.012829,0.000000,-8.0000,,,,,,,,,,-3.5250,-3.5250,0.196500,0.466000,0.337500,0,0,0,book,False,
1775839266.122846,fill,1340,C,SELL,3,959,1775839157643,earnings_entry,,,-80,962.5000,-163.00,280.00,117.00,76837.00,117.00,earnings,earnings,SELL,80,0.012829,True,927.7742,960,959,959.5000,-1,1.919654,-0.012829,0.000000,-8.0000,,,,,,,,,,-3.5035,-3.5035,0.196697,0.466466,0.336837,0,0,0,book,False,
1775839269.119314,heartbeat,1340,,,,,,,,,-80,962.5000,-163.00,-200.00,-363.00,76837.00,-363.00,earnings,earnings,SELL,80,0.012829,True,928.0621,959,965,962.0000,6,1.919654,-0.012829,0.000000,-8.0000,,,,,,,,,,-3.7962,-3.7962,0.190809,0.466533,0.342657,0,0,0,book,False,
1775839272.120668,heartbeat,1340,,,,,,,,,-80,962.5000,-163.00,40.00,-123.00,76837.00,-123.00,earnings,earnings,SELL,80,0.012829,True,927.8796,956,962,959.0000,6,1.919654,-0.012829,0.000000,-8.0000,,,,,,,,,,-3.6107,-3.6107,0.193403,0.468766,0.337831,0,0,0,book,False,
1775839272.367911,order_placed,1340,C,BUY,40,40,1775839157644,short_profit_full,,,-80,962.5000,-163.00,73800.00,73637.00,76837.00,73637.00,earnings,earnings,SELL,80,0.012829,True,927.7708,954,40,497.0000,-914,1.919654,-0.012829,0.000000,-8.0000,,,,,,,,,,-3.5000,-3.5000,0.195000,0.470000,0.335000,0,0,0,book,False,
1775839272.368042,exit_trigger,1340,,,40,,,short_profit_full,short_profit_full,,-80,962.5000,-163.00,73800.00,73637.00,76837.00,73637.00,earnings,earnings,SELL,80,0.012829,True,927.7708,954,40,497.0000,-914,1.919654,-0.012829,0.000000,-8.0000,,,,,,,,,,-3.5000,-3.5000,0.195000,0.470000,0.335000,0,0,0,book,False,
1775839272.368208,heartbeat_forced,1340,,,,,,,,,-80,962.5000,-163.00,73800.00,73637.00,76837.00,73637.00,earnings,earnings,SELL,80,0.012829,True,927.7708,954,40,497.0000,-914,1.919654,-0.012829,0.000000,-8.0000,,,,,,,,,,-3.5000,-3.5000,0.195000,0.470000,0.335000,0,0,0,book,False,
1775839273.129734,order_placed,1340,C,BUY,40,961,1775839157645,profit_trail,,,-80,962.5000,-163.00,120.00,-43.00,76837.00,-43.00,earnings,earnings,SELL,80,0.012829,False,927.7953,956,961,958.5000,5,1.919654,-0.012829,0.000000,-8.0000,,,,,,,,,,-3.5250,-3.5250,0.195000,0.469000,0.336000,0,0,0,book,False,
1775839273.130041,exit_trigger,1340,,,40,,,profit_trail,profit_trail,,-80,962.5000,-163.00,120.00,-43.00,76837.00,-43.00,earnings,earnings,SELL,80,0.012829,False,927.7953,956,961,958.5000,5,1.919654,-0.012829,0.000000,-8.0000,,,,,,,,,,-3.5250,-3.5250,0.195000,0.469000,0.336000,0,0,0,book,False,
1775839273.130384,heartbeat_forced,1340,,,,,,,,,-80,962.5000,-163.00,120.00,-43.00,76837.00,-43.00,earnings,earnings,SELL,80,0.012829,False,927.7953,956,961,958.5000,5,1.919654,-0.012829,0.000000,-8.0000,,,,,,,,,,-3.5250,-3.5250,0.195000,0.469000,0.336000,0,0,0,book,False,
1775839273.162792,cancel_response,1340,C,BUY,40,40,1775839157644,short_profit_full,,success=True error=None,-80,962.5000,-163.00,40.00,-123.00,76837.00,-123.00,earnings,earnings,SELL,80,0.012829,False,927.9674,956,962,959.0000,6,1.919654,-0.012829,0.000000,-8.0000,,,,,,,,,,-3.7000,-3.7000,0.192000,0.468000,0.340000,0,0,0,book,False,
1775839273.725887,fill,1340,C,BUY,37,961,1775839157645,profit_trail,,,-43,962.5000,-107.50,150.50,43.00,41280.00,43.00,earnings,earnings,SELL,80,0.012829,False,928.2832,961,959,960.0000,-2,1.919654,-0.012829,0.000000,-8.0000,,,,,,,,,,-4.0210,-4.0210,0.186813,0.465534,0.347652,0,0,0,book,False,
1775839273.730837,fill,1340,C,BUY,3,961,1775839157645,profit_trail,,,-40,962.5000,-103.00,100.00,-3.00,38397.00,-3.00,earnings,earnings,SELL,80,0.012829,False,928.2748,961,960,960.5000,-1,1.919654,-0.012829,0.000000,-8.0000,,,,,,,,,,-4.0125,-4.0125,0.187000,0.465500,0.347500,0,0,0,book,False,
1775839273.731495,order_placed,1340,C,BUY,40,960,1775839157646,profit_trail,,,-40,962.5000,-103.00,100.00,-3.00,38397.00,-3.00,earnings,earnings,SELL,80,0.012829,False,928.2748,961,960,960.5000,-1,1.919654,-0.012829,0.000000,-8.0000,,,,,,,,,,-4.0125,-4.0125,0.187000,0.465500,0.347500,0,0,0,book,False,
1775839273.731721,exit_trigger,1340,,,40,,,profit_trail,profit_trail,,-40,962.5000,-103.00,100.00,-3.00,38397.00,-3.00,earnings,earnings,SELL,80,0.012829,False,928.2748,961,960,960.5000,-1,1.919654,-0.012829,0.000000,-8.0000,,,,,,,,,,-4.0125,-4.0125,0.187000,0.465500,0.347500,0,0,0,book,False,
1775839273.732091,heartbeat_forced,1340,,,,,,,,,-40,962.5000,-103.00,100.00,-3.00,38397.00,-3.00,earnings,earnings,SELL,80,0.012829,False,928.2748,961,960,960.5000,-1,1.919654,-0.012829,0.000000,-8.0000,,,,,,,,,,-4.0125,-4.0125,0.187000,0.465500,0.347500,0,0,0,book,False,
1775839273.761332,fill,1340,C,BUY,40,960,1775839157646,profit_trail,,,0,,-3.00,0.00,-3.00,-3.00,-3.00,flat,,,,,,928.2379,960,960,960.0000,0,1.919654,-0.012829,0.000000,-8.0000,,,,,,,,,,-3.9750,-3.9750,0.188000,0.465000,0.347000,0,0,0,flat,False,
1775839276.732371,heartbeat,1340,,,,,,,,,0,,-3.00,0.00,-3.00,-3.00,-3.00,flat,,,,,,928.8106,954,960,957.0000,6,1.919654,-0.012829,0.000000,-8.0000,,,,,,,,,,-4.5568,-4.5568,0.177266,0.463195,0.359539,0,0,0,flat,False,
1775839277.321430,macro_eval,1403,,,0,,,,below_threshold,score=+0.00 headline=Officials describe current policy as appropriate given the uncertain outlook.,0,,-3.00,0.00,-3.00,-3.00,-3.00,flat,,,,,,928.5925,954,960,957.0000,6,1.919654,-0.012829,0.000000,-8.0000,,,0.0000,0,,-0.039431,unstructured,,,-4.3353,-4.3353,0.180910,0.464768,0.354323,0,0,0,flat,False,"{'timestamp': 1403, 'kind': 'unstructured', 'new_data': {'content': 'Officials describe current policy as appropriate given the uncertain outlook.'}}"
1775839277.321571,news_ignored,1403,,,,,,,weak_macro_news,score=+0.00,0,,-3.00,0.00,-3.00,-3.00,-3.00,flat,,,,,,928.5925,954,960,957.0000,6,1.919654,-0.012829,0.000000,-8.0000,,,0.0000,0,,-0.039431,unstructured,,,-4.3353,-4.3353,0.180910,0.464768,0.354323,0,0,0,flat,False,"{'timestamp': 1403, 'kind': 'unstructured', 'new_data': {'content': 'Officials describe current policy as appropriate given the uncertain outlook.'}}"
1775839279.732459,heartbeat,1403,,,,,,,,,0,,-3.00,0.00,-3.00,-3.00,-3.00,flat,,,,,,925.6868,945,949,947.0000,4,1.919654,-0.012829,0.000000,-8.0000,,,,,,,,,,-1.3778,-1.3778,0.231964,0.480962,0.287074,0,0,0,flat,False,
1775839282.732585,heartbeat,1403,,,,,,,,,0,,-3.00,0.00,-3.00,-3.00,-3.00,flat,,,,,,925.6609,945,950,947.5000,5,1.919654,-0.012829,0.000000,-8.0000,,,,,,,,,,-1.3514,-1.3514,0.232733,0.480480,0.286787,0,0,0,flat,False,
1775839285.732846,heartbeat,1403,,,,,,,,,0,,-3.00,0.00,-3.00,-3.00,-3.00,flat,,,,,,925.6234,948,950,949.0000,2,1.919654,-0.012829,0.000000,-8.0000,,,,,,,,,,-1.3132,-1.3132,0.231616,0.484242,0.284142,0,0,0,flat,False,
1775839286.723078,news_ignored,1450,,,,,,,non_signal_news,,0,,-3.00,0.00,-3.00,-3.00,-3.00,flat,,,,,,926.0590,951,957,954.0000,6,1.919654,-0.012829,0.000000,-8.0000,,,,,,,structured,petition,,-1.7572,-1.7572,0.224826,0.480060,0.295115,0,0,0,flat,False,"{'timestamp': 1450, 'kind': 'structured', 'new_data': {'new_signatures': 0, 'cumulative': 0, 'asset': '', 'structured_subtype': 'petition'}}"
1775839288.721246,earnings_signal,1460,,SELL,200,,,,,old=1.919654 new=1.815842 delta=-0.103812,0,,-3.00,0.00,-3.00,-3.00,-3.00,flat,earnings,SELL,200,0.103812,True,888.0284,937,943,940.0000,6,1.815842,-0.103812,0.000000,-8.0000,,,,,,,,,,0.5250,0.5250,0.268000,0.485000,0.247000,0,0,0,flat,False,
1775839288.721925,order_placed,1460,C,SELL,40,937,1775839157647,earnings_entry,,,0,,-3.00,0.00,-3.00,-3.00,-3.00,flat,earnings,SELL,200,0.103812,True,888.0284,937,943,940.0000,6,1.815842,-0.103812,0.000000,-8.0000,,,,,,,,,,0.5250,0.5250,0.268000,0.485000,0.247000,0,0,0,flat,False,
1775839288.722470,entry_decision,1460,C,SELL,40,937,,earnings,,strength=0.103812 target=200,0,,-3.00,0.00,-3.00,-3.00,-3.00,earnings,earnings,SELL,200,0.103812,True,888.0284,937,943,940.0000,6,1.815842,-0.103812,0.000000,-8.0000,,,,,,,,,,0.5250,0.5250,0.268000,0.485000,0.247000,0,0,0,flat,False,
1775839288.722832,heartbeat_forced,1460,,,,,,,,,0,,-3.00,0.00,-3.00,-3.00,-3.00,earnings,earnings,SELL,200,0.103812,True,888.0284,937,943,940.0000,6,1.815842,-0.103812,0.000000,-8.0000,,,,,,,,,,0.5250,0.5250,0.268000,0.485000,0.247000,0,0,0,flat,False,
1775839288.752924,fill,1460,C,SELL,37,938,1775839157647,earnings_entry,,,-37,938.0000,-3.00,37.00,34.00,34703.00,34.00,earnings,earnings,SELL,200,0.103812,True,887.9239,938,937,937.5000,-1,1.815842,-0.103812,0.000000,-8.0000,,,,,,,,,,0.6372,0.6372,0.270365,0.484758,0.244878,0,0,0,book,False,
1775839288.753840,fill,1460,C,SELL,3,937,1775839157647,earnings_entry,,,-40,937.9250,-3.00,37.00,34.00,37514.00,34.00,earnings,earnings,SELL,200,0.103812,True,887.9239,938,937,937.5000,-1,1.815842,-0.103812,0.000000,-8.0000,,,,,,,,,,0.6372,0.6372,0.270365,0.484758,0.244878,0,0,0,book,False,
1775839289.221945,order_placed,1460,C,SELL,40,934,1775839157648,earnings_entry,,,-40,937.9250,-3.00,-83.00,-86.00,37514.00,-86.00,earnings,earnings,SELL,200,0.103812,True,887.8188,934,940,937.0000,6,1.815842,-0.103812,0.000000,-8.0000,,,,,,,,,,0.7500,0.7500,0.272500,0.485000,0.242500,0,0,0,book,False,
1775839289.222250,entry_decision,1460,C,SELL,40,934,,earnings,,strength=0.103812 target=200,-40,937.9250,-3.00,-83.00,-86.00,37514.00,-86.00,earnings,earnings,SELL,200,0.103812,True,887.8188,934,940,937.0000,6,1.815842,-0.103812,0.000000,-8.0000,,,,,,,,,,0.7500,0.7500,0.272500,0.485000,0.242500,0,0,0,book,False,
1775839289.222582,heartbeat_forced,1460,,,,,,,,,-40,937.9250,-3.00,-83.00,-86.00,37514.00,-86.00,earnings,earnings,SELL,200,0.103812,True,887.8188,934,940,937.0000,6,1.815842,-0.103812,0.000000,-8.0000,,,,,,,,,,0.7500,0.7500,0.272500,0.485000,0.242500,0,0,0,book,False,
1775839289.253443,fill,1460,C,SELL,37,934,1775839157648,earnings_entry,,,-77,936.0390,-3.00,157.00,154.00,72072.00,154.00,earnings,earnings,SELL,200,0.103812,True,887.8188,934,934,934.0000,0,1.815842,-0.103812,0.000000,-8.0000,,,,,,,,,,0.7500,0.7500,0.272500,0.485000,0.242500,0,0,0,book,False,
1775839289.322188,fill,1460,C,SELL,3,934,1775839157648,earnings_entry,,,-80,935.9625,-3.00,157.00,154.00,74874.00,154.00,earnings,earnings,SELL,200,0.103812,True,887.8068,935,934,934.5000,-1,1.815842,-0.103812,0.000000,-8.0000,,,,,,,,,,0.7629,0.7629,0.272636,0.485243,0.242121,0,0,0,book,False,
1775839289.722011,order_placed,1460,C,SELL,40,933,1775839157649,earnings_entry,,,-80,935.9625,-3.00,-243.00,-246.00,74874.00,-246.00,earnings,earnings,SELL,200,0.103812,True,887.6807,933,939,936.0000,6,1.815842,-0.103812,0.000000,-8.0000,,,,,,,,,,0.8982,0.8982,0.276447,0.483034,0.240519,0,0,0,book,False,
1775839289.722318,entry_decision,1460,C,SELL,40,933,,earnings,,strength=0.103812 target=200,-80,935.9625,-3.00,-243.00,-246.00,74874.00,-246.00,earnings,earnings,SELL,200,0.103812,True,887.6807,933,939,936.0000,6,1.815842,-0.103812,0.000000,-8.0000,,,,,,,,,,0.8982,0.8982,0.276447,0.483034,0.240519,0,0,0,book,False,
1775839289.722821,heartbeat_forced,1460,,,,,,,,,-80,935.9625,-3.00,-243.00,-246.00,74874.00,-246.00,earnings,earnings,SELL,200,0.103812,True,887.6807,933,939,936.0000,6,1.815842,-0.103812,0.000000,-8.0000,,,,,,,,,,0.8982,0.8982,0.276447,0.483034,0.240519,0,0,0,book,False,
1775839289.921481,fill,1460,C,SELL,40,933,1775839157649,earnings_entry,,,-120,934.9750,-3.00,237.00,234.00,112194.00,234.00,earnings,earnings,SELL,200,0.103812,True,887.5014,934,933,933.5000,-1,1.815842,-0.103812,0.000000,-8.0000,,,,,,,,,,1.0908,1.0908,0.278837,0.485958,0.235206,0,0,0,book,False,
1775839290.229759,order_placed,1460,C,SELL,40,922,1775839157650,earnings_entry,,,-120,934.9750,-3.00,957.00,954.00,112194.00,954.00,earnings,earnings,SELL,200,0.103812,True,887.2588,922,927,924.5000,5,1.815842,-0.103812,0.000000,-8.0000,,,,,,,,,,1.3514,1.3514,0.284284,0.485485,0.230230,0,0,0,book,False,
1775839290.230047,entry_decision,1460,C,SELL,40,922,,earnings,,strength=0.103812 target=200,-120,934.9750,-3.00,957.00,954.00,112194.00,954.00,earnings,earnings,SELL,200,0.103812,True,887.2588,922,927,924.5000,5,1.815842,-0.103812,0.000000,-8.0000,,,,,,,,,,1.3514,1.3514,0.284284,0.485485,0.230230,0,0,0,book,False,
1775839290.230752,heartbeat_forced,1460,,,,,,,,,-120,934.9750,-3.00,957.00,954.00,112194.00,954.00,earnings,earnings,SELL,200,0.103812,True,887.2588,922,927,924.5000,5,1.815842,-0.103812,0.000000,-8.0000,,,,,,,,,,1.3514,1.3514,0.284284,0.485485,0.230230,0,0,0,book,False,
1775839290.258813,fill,1460,C,SELL,40,922,1775839157650,earnings_entry,,,-160,931.7313,-3.00,1557.00,1554.00,149074.00,1554.00,earnings,earnings,SELL,200,0.103812,True,887.2588,922,922,922.0000,0,1.815842,-0.103812,0.000000,-8.0000,,,,,,,,,,1.3514,1.3514,0.284284,0.485485,0.230230,0,0,0,book,False,
1775839290.720759,order_placed,1460,C,BUY,40,922,1775839157651,short_profit_1,,,-160,931.7313,-3.00,1557.00,1554.00,149074.00,1554.00,earnings,earnings,SELL,200,0.103812,True,887.3432,917,922,919.5000,5,1.815842,-0.103812,0.000000,-8.0000,,,,,,,,,,1.2606,1.2606,0.283575,0.483275,0.233150,0,0,0,book,False,
1775839290.721039,exit_trigger,1460,,,40,,,short_profit_1,short_profit_1,,-160,931.7313,-3.00,1557.00,1554.00,149074.00,1554.00,earnings,earnings,SELL,200,0.103812,True,887.3432,917,922,919.5000,5,1.815842,-0.103812,0.000000,-8.0000,,,,,,,,,,1.2606,1.2606,0.283575,0.483275,0.233150,0,0,0,book,False,
1775839290.721435,heartbeat_forced,1460,,,,,,,,,-160,931.7313,-3.00,1557.00,1554.00,149074.00,1554.00,earnings,earnings,SELL,200,0.103812,True,887.3432,917,922,919.5000,5,1.815842,-0.103812,0.000000,-8.0000,,,,,,,,,,1.2606,1.2606,0.283575,0.483275,0.233150,0,0,0,book,False,
1775839290.755827,fill,1460,C,BUY,40,918,1775839157651,short_profit_1,,,-120,931.7313,546.25,1647.75,2194.00,112354.00,2194.00,earnings,earnings,SELL,200,0.103812,True,887.4119,922,918,920.0000,-4,1.815842,-0.103812,0.000000,-8.0000,,,,,,,,,,1.1869,1.1869,0.281859,0.483758,0.234383,0,0,0,book,False,
1775839291.238604,order_placed,1460,C,BUY,40,910,1775839157652,short_profit_2,,,-120,931.7313,546.25,2607.75,3154.00,112354.00,3154.00,earnings,earnings,SELL,200,0.103812,True,887.3531,904,910,907.0000,6,1.815842,-0.103812,0.000000,-8.0000,,,,,,,,,,1.2500,1.2500,0.282000,0.486000,0.232000,0,0,0,book,False,
1775839291.238911,exit_trigger,1460,,,40,,,short_profit_2,short_profit_2,,-120,931.7313,546.25,2607.75,3154.00,112354.00,3154.00,earnings,earnings,SELL,200,0.103812,True,887.3531,904,910,907.0000,6,1.815842,-0.103812,0.000000,-8.0000,,,,,,,,,,1.2500,1.2500,0.282000,0.486000,0.232000,0,0,0,book,False,
1775839291.239271,heartbeat_forced,1460,,,,,,,,,-120,931.7313,546.25,2607.75,3154.00,112354.00,3154.00,earnings,earnings,SELL,200,0.103812,True,887.3531,904,910,907.0000,6,1.815842,-0.103812,0.000000,-8.0000,,,,,,,,,,1.2500,1.2500,0.282000,0.486000,0.232000,0,0,0,book,False,
1775839291.267650,fill,1460,C,BUY,37,910,1775839157652,short_profit_2,,,-83,931.7313,1350.31,1803.69,3154.00,78684.00,3154.00,earnings,earnings,SELL,200,0.103812,True,887.3531,910,910,910.0000,0,1.815842,-0.103812,0.000000,-8.0000,,,,,,,,,,1.2500,1.2500,0.282000,0.486000,0.232000,0,0,0,book,False,
1775839291.322816,fill,1460,C,BUY,3,910,1775839157652,short_profit_2,,,-80,931.7313,1415.50,2778.50,4194.00,75954.00,4194.00,earnings,earnings,SELL,200,0.103812,True,887.3531,910,897,903.5000,-13,1.815842,-0.103812,0.000000,-8.0000,,,,,,,,,,1.2500,1.2500,0.282000,0.486000,0.232000,0,0,0,book,False,
1775839292.246352,order_placed,1460,C,BUY,40,38,1775839157653,short_profit_full,,,-80,931.7313,1415.50,71498.50,72914.00,75954.00,72914.00,earnings,earnings,SELL,200,0.103812,True,887.2821,890,38,464.0000,-852,1.815842,-0.103812,0.000000,-8.0000,,,,,,,,,,1.3263,1.3263,0.284284,0.484484,0.231231,0,0,0,book,False,
1775839292.246631,exit_trigger,1460,,,40,,,short_profit_full,short_profit_full,,-80,931.7313,1415.50,71498.50,72914.00,75954.00,72914.00,earnings,earnings,SELL,200,0.103812,True,887.2821,890,38,464.0000,-852,1.815842,-0.103812,0.000000,-8.0000,,,,,,,,,,1.3263,1.3263,0.284284,0.484484,0.231231,0,0,0,book,False,
1775839292.246938,heartbeat_forced,1460,,,,,,,,,-80,931.7313,1415.50,71498.50,72914.00,75954.00,72914.00,earnings,earnings,SELL,200,0.103812,True,887.2821,890,38,464.0000,-852,1.815842,-0.103812,0.000000,-8.0000,,,,,,,,,,1.3263,1.3263,0.284284,0.484484,0.231231,0,0,0,book,False,
1775839292.949809,order_placed,1460,C,BUY,40,890,1775839157654,profit_trail,,,-80,931.7313,1415.50,3338.50,4754.00,75954.00,4754.00,earnings,earnings,SELL,200,0.103812,True,887.4928,885,890,887.5000,5,1.815842,-0.103812,0.000000,-8.0000,,,,,,,,,,1.1000,1.1000,0.279000,0.486000,0.235000,0,0,0,book,False,
1775839292.950017,exit_trigger,1460,,,40,,,profit_trail,profit_trail,,-80,931.7313,1415.50,3338.50,4754.00,75954.00,4754.00,earnings,earnings,SELL,200,0.103812,True,887.4928,885,890,887.5000,5,1.815842,-0.103812,0.000000,-8.0000,,,,,,,,,,1.1000,1.1000,0.279000,0.486000,0.235000,0,0,0,book,False,
1775839292.950245,heartbeat_forced,1460,,,,,,,,,-80,931.7313,1415.50,3338.50,4754.00,75954.00,4754.00,earnings,earnings,SELL,200,0.103812,True,887.4928,885,890,887.5000,5,1.815842,-0.103812,0.000000,-8.0000,,,,,,,,,,1.1000,1.1000,0.279000,0.486000,0.235000,0,0,0,book,False,
1775839292.983755,cancel_response,1460,C,BUY,40,38,1775839157653,short_profit_full,,success=True error=None,-80,931.7313,1415.50,3338.50,4754.00,75954.00,4754.00,earnings,earnings,SELL,200,0.103812,True,887.4928,885,890,887.5000,5,1.815842,-0.103812,0.000000,-8.0000,,,,,,,,,,1.1000,1.1000,0.279000,0.486000,0.235000,0,0,0,book,False,
1775839292.985645,fill,1460,C,BUY,37,890,1775839157654,profit_trail,,,-43,931.7313,2959.56,1794.44,4754.00,43024.00,4754.00,earnings,earnings,SELL,200,0.103812,True,887.4928,890,890,890.0000,0,1.815842,-0.103812,0.000000,-8.0000,,,,,,,,,,1.1000,1.1000,0.279000,0.486000,0.235000,0,0,0,book,False,
1775839293.125481,fill,1460,C,BUY,3,890,1775839157654,profit_trail,,,-40,931.7313,3084.75,1749.25,4834.00,40354.00,4834.00,earnings,earnings,SELL,200,0.103812,True,887.4579,890,888,889.0000,-2,1.815842,-0.103812,0.000000,-8.0000,,,,,,,,,,1.1375,1.1375,0.280000,0.485500,0.234500,0,0,0,book,False,
1775839293.457312,order_placed,1460,C,BUY,40,889,1775839157655,profit_trail,,,-40,931.7313,3084.75,1709.25,4794.00,40354.00,4794.00,earnings,earnings,SELL,200,0.103812,True,887.3764,883,889,886.0000,6,1.815842,-0.103812,0.000000,-8.0000,,,,,,,,,,1.2250,1.2250,0.282000,0.485000,0.233000,0,0,0,book,False,
1775839293.457647,exit_trigger,1460,,,40,,,profit_trail,profit_trail,,-40,931.7313,3084.75,1709.25,4794.00,40354.00,4794.00,earnings,earnings,SELL,200,0.103812,True,887.3764,883,889,886.0000,6,1.815842,-0.103812,0.000000,-8.0000,,,,,,,,,,1.2250,1.2250,0.282000,0.485000,0.233000,0,0,0,book,False,
1775839293.457967,heartbeat_forced,1460,,,,,,,,,-40,931.7313,3084.75,1709.25,4794.00,40354.00,4794.00,earnings,earnings,SELL,200,0.103812,True,887.3764,883,889,886.0000,6,1.815842,-0.103812,0.000000,-8.0000,,,,,,,,,,1.2250,1.2250,0.282000,0.485000,0.233000,0,0,0,book,False,
1775839293.487398,fill,1460,C,BUY,37,889,1775839157655,profit_trail,,,-3,931.7313,4665.81,128.19,4794.00,7461.00,4794.00,earnings,earnings,SELL,200,0.103812,True,887.3764,889,889,889.0000,0,1.815842,-0.103812,0.000000,-8.0000,,,,,,,,,,1.2250,1.2250,0.282000,0.485000,0.233000,0,0,0,book,False,
1775839293.926492,fill,1460,C,BUY,3,889,1775839157655,profit_trail,,,0,,4794.00,0.00,4794.00,4794.00,4794.00,flat,,,,,,887.5044,889,888,888.5000,-1,1.815842,-0.103812,0.000000,-8.0000,,,,,,,,,,1.0875,1.0875,0.279000,0.485500,0.235500,0,0,0,flat,False,
1775839296.477794,heartbeat,1460,,,,,,,,,0,,4794.00,0.00,4794.00,4794.00,4794.00,flat,,,,,,888.4129,884,890,887.0000,6,1.815842,-0.103812,0.000000,-8.0000,,,,,,,,,,0.1126,0.1126,0.257129,0.490245,0.252626,0,0,0,flat,False,
1775839299.494883,heartbeat,1460,,,,,,,,,0,,4794.00,0.00,4794.00,4794.00,4794.00,flat,,,,,,887.6325,880,886,883.0000,6,1.815842,-0.103812,0.000000,-8.0000,,,,,,,,,,0.9500,0.9500,0.274000,0.490000,0.236000,0,0,0,flat,False,
1775839302.323002,macro_eval,1528,,BUY,0,,,,below_threshold,score=-2.00 headline=Weaker retail sales data strengthens the argument for near-term cuts.,0,,4794.00,0.00,4794.00,4794.00,4794.00,flat,,,,,,888.3429,882,888,885.0000,6,1.815842,-0.103812,0.000000,-8.0000,,,-2.0000,0,BUY,-0.143243,unstructured,,,0.1876,0.1876,0.258129,0.491246,0.250625,0,0,0,flat,False,"{'timestamp': 1528, 'kind': 'unstructured', 'new_data': {'content': 'Weaker retail sales data strengthens the argument for near-term cuts.'}}"
1775839302.323345,news_ignored,1528,,,,,,,weak_macro_news,score=-2.00,0,,4794.00,0.00,4794.00,4794.00,4794.00,flat,,,,,,888.3429,882,888,885.0000,6,1.815842,-0.103812,0.000000,-8.0000,,,-2.0000,0,BUY,-0.143243,unstructured,,,0.1876,0.1876,0.258129,0.491246,0.250625,0,0,0,flat,False,"{'timestamp': 1528, 'kind': 'unstructured', 'new_data': {'content': 'Weaker retail sales data strengthens the argument for near-term cuts.'}}"
1775839302.511825,heartbeat,1528,,,,,,,,,0,,4794.00,0.00,4794.00,4794.00,4794.00,flat,,,,,,888.4243,884,890,887.0000,6,1.815842,-0.103812,0.000000,-8.0000,,,,,,,,,,0.1003,0.1003,0.256770,0.490471,0.252758,0,0,0,flat,False,
1775839305.323611,news_ignored,1543,,,,,,,non_C_earnings,,0,,4794.00,0.00,4794.00,4794.00,4794.00,flat,,,,,,891.6449,898,902,900.0000,4,1.815842,-0.103812,0.000000,-8.0000,,,,,,,structured,earnings,A,-3.3467,-3.3467,0.191808,0.482517,0.325674,0,0,0,flat,False,"{'timestamp': 1543, 'kind': 'structured', 'new_data': {'value': 0.9062436234856012, 'asset': 'A', 'structured_subtype': 'earnings'}}"
1775839305.520187,heartbeat,1543,,,,,,,,,0,,4794.00,0.00,4794.00,4794.00,4794.00,flat,,,,,,891.5646,896,902,899.0000,6,1.815842,-0.103812,0.000000,-8.0000,,,,,,,,,,-3.2609,-3.2609,0.192904,0.483758,0.323338,0,0,0,flat,False,
1775839308.520283,heartbeat,1543,,,,,,,,,0,,4794.00,0.00,4794.00,4794.00,4794.00,flat,,,,,,893.7016,903,909,906.0000,6,1.815842,-0.103812,0.000000,-8.0000,,,,,,,,,,-5.5403,-5.5403,0.155078,0.468234,0.376688,0,0,0,flat,False,
1775839311.520775,heartbeat,1543,,,,,,,,,0,,4794.00,0.00,4794.00,4794.00,4794.00,flat,,,,,,893.8669,898,904,901.0000,6,1.815842,-0.103812,0.000000,-8.0000,,,,,,,,,,-5.7164,-5.7164,0.151273,0.468797,0.379930,0,0,0,flat,False,
1775839314.520862,heartbeat,1543,,,,,,,,,0,,4794.00,0.00,4794.00,4794.00,4794.00,flat,,,,,,894.8851,902,906,904.0000,4,1.815842,-0.103812,0.000000,-8.0000,,,,,,,,,,-6.8000,-6.8000,0.134500,0.459000,0.406500,0,0,0,flat,False,
1775839317.520974,heartbeat,1543,,,,,,,,,0,,4794.00,0.00,4794.00,4794.00,4794.00,flat,,,,,,894.7785,903,909,906.0000,6,1.815842,-0.103812,0.000000,-8.0000,,,,,,,,,,-6.6866,-6.6866,0.136727,0.459082,0.404192,0,0,0,flat,False,
1775839320.521121,heartbeat,1543,,,,,,,,,0,,4794.00,0.00,4794.00,4794.00,4794.00,flat,,,,,,895.6459,910,916,913.0000,6,1.815842,-0.103812,0.000000,-8.0000,,,,,,,,,,-7.6087,-7.6087,0.122939,0.449775,0.427286,0,0,0,flat,False,
1775839323.521089,heartbeat,1543,,,,,,,,,0,,4794.00,0.00,4794.00,4794.00,4794.00,flat,,,,,,896.8295,918,921,919.5000,3,1.815842,-0.103812,0.000000,-8.0000,,,,,,,,,,-8.8653,-8.8653,0.106733,0.431920,0.461347,0,0,0,flat,False,
1775839325.320317,macro_eval,1643,,,0,,,,below_threshold,score=+0.00 headline=A faces potential sanctions due to international regulatory violations.,0,,4794.00,0.00,4794.00,4794.00,4794.00,flat,,,,,,897.5405,924,927,925.5000,3,1.815842,-0.103812,0.000000,-8.0000,,,0.0000,0,,-0.143243,unstructured,,,-9.6192,-9.6192,0.096192,0.422846,0.480962,0,0,0,flat,False,"{'timestamp': 1643, 'kind': 'unstructured', 'new_data': {'content': 'A faces potential sanctions due to international regulatory violations.'}}"
1775839325.320630,news_ignored,1643,,,,,,,weak_macro_news,score=+0.00,0,,4794.00,0.00,4794.00,4794.00,4794.00,flat,,,,,,897.5405,924,927,925.5000,3,1.815842,-0.103812,0.000000,-8.0000,,,0.0000,0,,-0.143243,unstructured,,,-9.6192,-9.6192,0.096192,0.422846,0.480962,0,0,0,flat,False,"{'timestamp': 1643, 'kind': 'unstructured', 'new_data': {'content': 'A faces potential sanctions due to international regulatory violations.'}}"
1775839326.521977,heartbeat,1643,,,,,,,,,0,,4794.00,0.00,4794.00,4794.00,4794.00,flat,,,,,,896.9513,913,919,916.0000,6,1.815842,-0.103812,0.000000,-8.0000,,,,,,,,,,-8.9945,-8.9945,0.105289,0.429641,0.465070,0,0,0,flat,False,
1775839326.722679,cpi_signal,1650,,BUY,160,,,,,actual=0.000300 forecast=0.001500 surprise=-0.001200,0,,4794.00,0.00,4794.00,4794.00,4794.00,flat,cpi,BUY,160,0.001200,True,901.4078,918,922,920.0000,4,1.815842,-0.103812,-0.001200,-4.8000,0.000300,0.001500,,,,,,,,-13.7080,-8.9080,0.106447,0.430785,0.462769,0,0,0,flat,False,"{'timestamp': 1650, 'kind': 'structured', 'new_data': {'new_signatures': 0, 'cumulative': 0, 'asset': '', 'structured_subtype': 'petition'}}"
1775839326.723700,order_placed,1650,C,BUY,40,922,1775839157656,cpi_entry,,,0,,4794.00,0.00,4794.00,4794.00,4794.00,flat,cpi,BUY,160,0.001200,True,901.4078,918,922,920.0000,4,1.815842,-0.103812,-0.001200,-4.8000,,,,,,,,,,-13.7080,-8.9080,0.106447,0.430785,0.462769,0,0,0,flat,False,
1775839326.724073,entry_decision,1650,C,BUY,40,922,,cpi,,strength=0.001200 target=160,0,,4794.00,0.00,4794.00,4794.00,4794.00,cpi,cpi,BUY,160,0.001200,True,901.4078,918,922,920.0000,4,1.815842,-0.103812,-0.001200,-4.8000,,,,,,,,,,-13.7080,-8.9080,0.106447,0.430785,0.462769,0,0,0,flat,False,
1775839326.724579,heartbeat_forced,1650,,,,,,,,,0,,4794.00,0.00,4794.00,4794.00,4794.00,cpi,cpi,BUY,160,0.001200,True,901.4078,918,922,920.0000,4,1.815842,-0.103812,-0.001200,-4.8000,,,,,,,,,,-13.7080,-8.9080,0.106447,0.430785,0.462769,0,0,0,flat,False,
1775839326.753508,fill,1650,C,BUY,37,920,1775839157656,cpi_entry,,,37,920.0000,4794.00,74.00,4868.00,-29246.00,4868.00,cpi,cpi,BUY,160,0.001200,True,901.4476,922,920,921.0000,-2,1.815842,-0.103812,-0.001200,-4.8000,,,,,,,,,,-13.7500,-8.9500,0.106000,0.430000,0.464000,0,0,0,book,False,
1775839326.754617,fill,1650,C,BUY,3,921,1775839157656,cpi_entry,,,40,920.0750,4794.00,77.00,4871.00,-32009.00,4871.00,cpi,cpi,BUY,160,0.001200,True,901.4476,922,920,921.0000,-2,1.815842,-0.103812,-0.001200,-4.8000,,,,,,,,,,-13.7500,-8.9500,0.106000,0.430000,0.464000,0,0,0,book,False,
1775839327.195051,order_placed,1650,C,BUY,40,920,1775839157657,cpi_entry,,,40,920.0750,4794.00,-243.00,4551.00,-32009.00,4551.00,cpi,cpi,BUY,160,0.001200,True,901.3604,914,920,917.0000,6,1.815842,-0.103812,-0.001200,-4.8000,,,,,,,,,,-13.6581,-8.8581,0.105947,0.433783,0.460270,0,0,0,book,False,
1775839327.195411,entry_decision,1650,C,BUY,40,920,,cpi,,strength=0.001200 target=160,40,920.0750,4794.00,-243.00,4551.00,-32009.00,4551.00,cpi,cpi,BUY,160,0.001200,True,901.3604,914,920,917.0000,6,1.815842,-0.103812,-0.001200,-4.8000,,,,,,,,,,-13.6581,-8.8581,0.105947,0.433783,0.460270,0,0,0,book,False,
1775839327.195804,heartbeat_forced,1650,,,,,,,,,40,920.0750,4794.00,-243.00,4551.00,-32009.00,4551.00,cpi,cpi,BUY,160,0.001200,True,901.3604,914,920,917.0000,6,1.815842,-0.103812,-0.001200,-4.8000,,,,,,,,,,-13.6581,-8.8581,0.105947,0.433783,0.460270,0,0,0,book,False,
1775839327.227295,fill,1650,C,BUY,37,920,1775839157657,cpi_entry,,,77,920.0390,4794.00,-3.00,4791.00,-66049.00,4791.00,cpi,cpi,BUY,160,0.001200,True,901.3604,920,920,920.0000,0,1.815842,-0.103812,-0.001200,-4.8000,,,,,,,,,,-13.6581,-8.8581,0.105947,0.433783,0.460270,0,0,0,book,False,
1775839327.332102,fill,1650,C,BUY,3,920,1775839157657,cpi_entry,,,80,920.0375,4794.00,-3.00,4791.00,-68809.00,4791.00,cpi,cpi,BUY,160,0.001200,True,901.4476,920,920,920.0000,0,1.815842,-0.103812,-0.001200,-4.8000,,,,,,,,,,-13.7500,-8.9500,0.104500,0.433000,0.462500,0,0,0,book,False,
1775839327.725679,order_placed,1650,C,BUY,40,919,1775839157658,cpi_entry,,,80,920.0375,4794.00,-563.00,4231.00,-68809.00,4231.00,cpi,cpi,BUY,160,0.001200,True,901.3681,913,919,916.0000,6,1.815842,-0.103812,-0.001200,-4.8000,,,,,,,,,,-13.6661,-8.8661,0.105395,0.434565,0.460040,0,0,0,book,False,
1775839327.726007,entry_decision,1650,C,BUY,40,919,,cpi,,strength=0.001200 target=160,80,920.0375,4794.00,-563.00,4231.00,-68809.00,4231.00,cpi,cpi,BUY,160,0.001200,True,901.3681,913,919,916.0000,6,1.815842,-0.103812,-0.001200,-4.8000,,,,,,,,,,-13.6661,-8.8661,0.105395,0.434565,0.460040,0,0,0,book,False,
1775839327.726700,heartbeat_forced,1650,,,,,,,,,80,920.0375,4794.00,-563.00,4231.00,-68809.00,4231.00,cpi,cpi,BUY,160,0.001200,True,901.3681,913,919,916.0000,6,1.815842,-0.103812,-0.001200,-4.8000,,,,,,,,,,-13.6661,-8.8661,0.105395,0.434565,0.460040,0,0,0,book,False,
1775839327.924141,fill,1650,C,BUY,37,919,1775839157658,cpi_entry,,,117,919.7094,4794.00,-83.00,4711.00,-102812.00,4711.00,cpi,cpi,BUY,160,0.001200,True,901.1002,919,916,917.5000,-3,1.815842,-0.103812,-0.001200,-4.8000,,,,,,,,,,-13.3836,-8.5836,0.108609,0.439439,0.451952,0,0,0,book,False,
1775839327.932789,fill,1650,C,BUY,3,919,1775839157658,cpi_entry,,,120,919.6917,4794.00,-83.00,4711.00,-105569.00,4711.00,cpi,cpi,BUY,160,0.001200,True,901.0687,919,917,918.0000,-2,1.815842,-0.103812,-0.001200,-4.8000,,,,,,,,,,-13.3503,-8.5503,0.109164,0.439659,0.451177,0,0,0,book,False,
1775839328.203555,order_placed,1650,C,BUY,40,918,1775839157659,cpi_entry,,,120,919.6917,4794.00,-923.00,3871.00,-105569.00,3871.00,cpi,cpi,BUY,160,0.001200,True,900.9973,912,918,915.0000,6,1.815842,-0.103812,-0.001200,-4.8000,,,,,,,,,,-13.2750,-8.4750,0.109000,0.443000,0.448000,0,0,0,book,False,
1775839328.204206,entry_decision,1650,C,BUY,40,918,,cpi,,strength=0.001200 target=160,120,919.6917,4794.00,-923.00,3871.00,-105569.00,3871.00,cpi,cpi,BUY,160,0.001200,True,900.9973,912,918,915.0000,6,1.815842,-0.103812,-0.001200,-4.8000,,,,,,,,,,-13.2750,-8.4750,0.109000,0.443000,0.448000,0,0,0,book,False,
1775839328.205090,heartbeat_forced,1650,,,,,,,,,120,919.6917,4794.00,-923.00,3871.00,-105569.00,3871.00,cpi,cpi,BUY,160,0.001200,True,900.9973,912,918,915.0000,6,1.815842,-0.103812,-0.001200,-4.8000,,,,,,,,,,-13.2750,-8.4750,0.109000,0.443000,0.448000,0,0,0,book,False,
1775839328.235360,fill,1650,C,BUY,37,918,1775839157659,cpi_entry,,,157,919.2930,4794.00,-203.00,4591.00,-139535.00,4591.00,cpi,cpi,BUY,160,0.001200,True,900.9973,918,918,918.0000,0,1.815842,-0.103812,-0.001200,-4.8000,,,,,,,,,,-13.2750,-8.4750,0.109000,0.443000,0.448000,0,0,0,book,False,
1775839328.324711,fill,1650,C,BUY,3,918,1775839157659,cpi_entry,,,160,919.2687,4794.00,-203.00,4591.00,-142289.00,4591.00,cpi,cpi,BUY,160,0.001200,True,900.9656,918,918,918.0000,0,1.815842,-0.103812,-0.001200,-4.8000,,,,,,,,,,-13.2416,-8.4416,0.109890,0.442557,0.447552,0,0,0,book,False,
1775839331.227008,heartbeat,1650,,,,,,,,,160,919.2687,4794.00,-2443.00,2351.00,-142289.00,2351.00,cpi,cpi,BUY,160,0.001200,True,900.4414,904,910,907.0000,6,1.815842,-0.103812,-0.001200,-4.8000,,,,,,,,,,-12.6882,-7.8882,0.116825,0.450824,0.432351,0,0,0,book,False,
1775839334.249038,heartbeat,1650,,,,,,,,,160,919.2687,4794.00,-2283.00,2511.00,-142289.00,2511.00,cpi,cpi,BUY,160,0.001200,True,901.0525,905,911,908.0000,6,1.815842,-0.103812,-0.001200,-4.8000,,,,,,,,,,-13.3332,-8.5332,0.108946,0.440780,0.450275,0,0,0,book,False,
1775839337.271438,heartbeat,1650,,,,,,,,,160,919.2687,4794.00,-2923.00,1871.00,-142289.00,1871.00,cpi,cpi,BUY,160,0.001200,True,900.0904,901,907,904.0000,6,1.815842,-0.103812,-0.001200,-4.8000,,,,,,,,,,-12.3175,-7.5175,0.120879,0.457542,0.421578,0,0,0,book,False,
1775839339.720248,cpi_eval,1715,,SELL,160,,,,no_actual_forecast,no actual/forecast; score=+9.50 headline=Housing costs and core services keep underlying inflation elevated.,160,919.2687,4794.00,-3083.00,1711.00,-142289.00,1711.00,cpi,cpi,BUY,160,0.001200,False,895.0412,900,906,903.0000,6,1.815842,-0.103812,-0.001200,-4.8000,,,9.5000,160,SELL,-0.143243,unstructured,,,-6.9660,-6.9660,0.129065,0.463232,0.407704,0,0,0,book,False,"{'timestamp': 1715, 'kind': 'unstructured', 'new_data': {'content': 'Housing costs and core services keep underlying inflation elevated.'}}"
1775839339.720827,macro_eval,1715,,SELL,160,,,,candidate,score=+9.50 headline=Housing costs and core services keep underlying inflation elevated.,160,919.2687,4794.00,-3083.00,1711.00,-142289.00,1711.00,cpi,cpi,BUY,160,0.001200,False,895.0412,900,906,903.0000,6,1.815842,-0.103812,-0.001200,-4.8000,,,9.5000,160,SELL,-0.143243,unstructured,,,-6.9660,-6.9660,0.129065,0.463232,0.407704,0,0,0,book,False,"{'timestamp': 1715, 'kind': 'unstructured', 'new_data': {'content': 'Housing costs and core services keep underlying inflation elevated.'}}"
1775839339.721376,macro_signal,1715,,SELL,160,,,,,score=+9.50 headline=Housing costs and core services keep underlying inflation elevated.,160,919.2687,4794.00,-3083.00,1711.00,-142289.00,1711.00,cpi,macro,SELL,160,9.500000,True,887.5542,900,906,903.0000,6,1.815842,-0.103812,0.000000,8.0000,,,9.5000,160,SELL,-0.143243,,,,1.0340,-6.9660,0.129065,0.463232,0.407704,0,0,0,book,False,"{'timestamp': 1715, 'kind': 'unstructured', 'new_data': {'content': 'Housing costs and core services keep underlying inflation elevated.'}}"
1775839339.722431,order_placed,1715,C,SELL,40,900,1775839157660,contradict_signal,,,160,919.2687,4794.00,-3083.00,1711.00,-142289.00,1711.00,cpi,macro,SELL,160,9.500000,True,887.5542,900,906,903.0000,6,1.815842,-0.103812,0.000000,8.0000,,,,,,,,,,1.0340,-6.9660,0.129065,0.463232,0.407704,0,0,0,book,False,
1775839339.722916,exit_trigger,1715,,,40,,,contradict_signal,contradict_signal,,160,919.2687,4794.00,-3083.00,1711.00,-142289.00,1711.00,cpi,macro,SELL,160,9.500000,True,887.5542,900,906,903.0000,6,1.815842,-0.103812,0.000000,8.0000,,,,,,,,,,1.0340,-6.9660,0.129065,0.463232,0.407704,0,0,0,book,False,
1775839339.723530,heartbeat_forced,1715,,,,,,,,,160,919.2687,4794.00,-3083.00,1711.00,-142289.00,1711.00,cpi,macro,SELL,160,9.500000,True,887.5542,900,906,903.0000,6,1.815842,-0.103812,0.000000,8.0000,,,,,,,,,,1.0340,-6.9660,0.129065,0.463232,0.407704,0,0,0,book,False,
1775839340.499294,order_placed,1715,C,SELL,40,884,1775839157661,stop_loss,,,160,919.2687,4794.00,-5643.00,-849.00,-142289.00,-849.00,cpi,macro,SELL,160,9.500000,True,881.8072,884,890,887.0000,6,1.815842,-0.103812,0.000000,8.0000,,,,,,,,,,7.2282,-0.7718,0.233300,0.502530,0.264170,0,0,0,book,False,
1775839340.499565,exit_trigger,1715,,,40,,,stop_loss,stop_loss,,160,919.2687,4794.00,-5643.00,-849.00,-142289.00,-849.00,cpi,macro,SELL,160,9.500000,True,881.8072,884,890,887.0000,6,1.815842,-0.103812,0.000000,8.0000,,,,,,,,,,7.2282,-0.7718,0.233300,0.502530,0.264170,0,0,0,book,False,
1775839340.499914,heartbeat_forced,1715,,,,,,,,,160,919.2687,4794.00,-5643.00,-849.00,-142289.00,-849.00,cpi,macro,SELL,160,9.500000,True,881.8072,884,890,887.0000,6,1.815842,-0.103812,0.000000,8.0000,,,,,,,,,,7.2282,-0.7718,0.233300,0.502530,0.264170,0,0,0,book,False,
1775839340.539225,cancel_response,1715,C,SELL,40,900,1775839157660,contradict_signal,,success=True error=None,160,919.2687,4794.00,-5963.00,-1169.00,-142289.00,-1169.00,cpi,macro,SELL,160,9.500000,True,881.5907,882,888,885.0000,6,1.815842,-0.103812,0.000000,8.0000,,,,,,,,,,7.4625,-0.5375,0.239500,0.499500,0.261000,0,0,0,book,False,
1775839341.305611,order_placed,1715,C,SELL,40,879,1775839157662,stop_loss,,,160,919.2687,4794.00,-6443.00,-1649.00,-142289.00,-1649.00,cpi,macro,SELL,160,9.500000,True,881.0019,879,884,881.5000,5,1.815842,-0.103812,0.000000,8.0000,,,,,,,,,,8.1000,0.1000,0.250000,0.504000,0.246000,0,0,0,book,False,
1775839341.305861,exit_trigger,1715,,,40,,,stop_loss,stop_loss,,160,919.2687,4794.00,-6443.00,-1649.00,-142289.00,-1649.00,cpi,macro,SELL,160,9.500000,True,881.0019,879,884,881.5000,5,1.815842,-0.103812,0.000000,8.0000,,,,,,,,,,8.1000,0.1000,0.250000,0.504000,0.246000,0,0,0,book,False,
1775839341.306532,heartbeat_forced,1715,,,,,,,,,160,919.2687,4794.00,-6443.00,-1649.00,-142289.00,-1649.00,cpi,macro,SELL,160,9.500000,True,881.0019,879,884,881.5000,5,1.815842,-0.103812,0.000000,8.0000,,,,,,,,,,8.1000,0.1000,0.250000,0.504000,0.246000,0,0,0,book,False,
1775839341.336157,cancel_response,1715,C,SELL,40,884,1775839157661,stop_loss,,success=True error=None,160,919.2687,4794.00,-6763.00,-1969.00,-142289.00,-1969.00,cpi,macro,SELL,160,9.500000,True,880.9557,877,883,880.0000,6,1.815842,-0.103812,0.000000,8.0000,,,,,,,,,,8.1500,0.1500,0.251000,0.504000,0.245000,0,0,0,book,False,
1775839341.522141,fill,1715,C,SELL,37,879,1775839157662,stop_loss,,,123,919.2687,3304.06,-4707.06,-1403.00,-109766.00,-1403.00,cpi,macro,SELL,160,9.500000,True,880.9559,881,879,880.0000,-2,1.815842,-0.103812,0.000000,8.0000,,,,,,,,,,8.1499,0.1499,0.250749,0.504496,0.244755,0,0,0,book,False,
1775839341.525663,fill,1715,C,SELL,3,879,1775839157662,stop_loss,,,120,919.2687,3183.25,-4712.25,-1529.00,-107129.00,-1529.00,cpi,macro,SELL,160,9.500000,True,880.9559,880,879,879.5000,-1,1.815842,-0.103812,0.000000,8.0000,,,,,,,,,,8.1499,0.1499,0.250749,0.504496,0.244755,0,0,0,book,False,
1775839341.911569,order_placed,1715,C,SELL,40,882,1775839157663,stop_loss,,,120,919.2687,3183.25,-4472.25,-1289.00,-107129.00,-1289.00,cpi,macro,SELL,160,9.500000,True,881.0019,882,888,885.0000,6,1.815842,-0.103812,0.000000,8.0000,,,,,,,,,,8.1000,0.1000,0.249000,0.506000,0.245000,0,0,0,book,False,
1775839341.911913,exit_trigger,1715,,,40,,,stop_loss,stop_loss,,120,919.2687,3183.25,-4472.25,-1289.00,-107129.00,-1289.00,cpi,macro,SELL,160,9.500000,True,881.0019,882,888,885.0000,6,1.815842,-0.103812,0.000000,8.0000,,,,,,,,,,8.1000,0.1000,0.249000,0.506000,0.245000,0,0,0,book,False,
1775839341.912409,heartbeat_forced,1715,,,,,,,,,120,919.2687,3183.25,-4472.25,-1289.00,-107129.00,-1289.00,cpi,macro,SELL,160,9.500000,True,881.0019,882,888,885.0000,6,1.815842,-0.103812,0.000000,8.0000,,,,,,,,,,8.1000,0.1000,0.249000,0.506000,0.245000,0,0,0,book,False,
1775839341.942668,fill,1715,C,SELL,37,883,1775839157663,stop_loss,,,83,919.2687,1841.31,-3010.31,-1169.00,-74458.00,-1169.00,cpi,macro,SELL,160,9.500000,True,880.9788,883,882,882.5000,-1,1.815842,-0.103812,0.000000,8.0000,,,,,,,,,,8.1250,0.1250,0.250000,0.505000,0.245000,0,0,0,book,False,
1775839341.943634,fill,1715,C,SELL,3,882,1775839157663,stop_loss,,,80,919.2687,1729.50,-2901.50,-1172.00,-71812.00,-1172.00,cpi,macro,SELL,160,9.500000,True,880.9788,883,882,882.5000,-1,1.815842,-0.103812,0.000000,8.0000,,,,,,,,,,8.1250,0.1250,0.250000,0.505000,0.245000,0,0,0,book,False,
1775839342.517924,order_placed,1715,C,SELL,40,883,1775839157664,stop_loss,,,80,919.2687,1729.50,-2901.50,-1172.00,-71812.00,-1172.00,cpi,macro,SELL,160,9.500000,True,881.1404,883,889,886.0000,6,1.815842,-0.103812,0.000000,8.0000,,,,,,,,,,7.9500,-0.0500,0.245500,0.507000,0.247500,0,0,0,book,False,
1775839342.518200,exit_trigger,1715,,,40,,,stop_loss,stop_loss,,80,919.2687,1729.50,-2901.50,-1172.00,-71812.00,-1172.00,cpi,macro,SELL,160,9.500000,True,881.1404,883,889,886.0000,6,1.815842,-0.103812,0.000000,8.0000,,,,,,,,,,7.9500,-0.0500,0.245500,0.507000,0.247500,0,0,0,book,False,
1775839342.518605,heartbeat_forced,1715,,,,,,,,,80,919.2687,1729.50,-2901.50,-1172.00,-71812.00,-1172.00,cpi,macro,SELL,160,9.500000,True,881.1404,883,889,886.0000,6,1.815842,-0.103812,0.000000,8.0000,,,,,,,,,,7.9500,-0.0500,0.245500,0.507000,0.247500,0,0,0,book,False,
1775839343.321271,order_placed,1715,C,SELL,40,880,1775839157665,stop_loss,,,80,919.2687,1729.50,-3141.50,-1412.00,-71812.00,-1412.00,cpi,macro,SELL,160,9.500000,True,881.4637,880,883,881.5000,3,1.815842,-0.103812,0.000000,8.0000,,,,,,,,,,7.6000,-0.4000,0.238000,0.508000,0.254000,0,0,0,book,False,
1775839343.321622,exit_trigger,1715,,,40,,,stop_loss,stop_loss,,80,919.2687,1729.50,-3141.50,-1412.00,-71812.00,-1412.00,cpi,macro,SELL,160,9.500000,True,881.4637,880,883,881.5000,3,1.815842,-0.103812,0.000000,8.0000,,,,,,,,,,7.6000,-0.4000,0.238000,0.508000,0.254000,0,0,0,book,False,
1775839343.322312,heartbeat_forced,1715,,,,,,,,,80,919.2687,1729.50,-3141.50,-1412.00,-71812.00,-1412.00,cpi,macro,SELL,160,9.500000,True,881.4637,880,883,881.5000,3,1.815842,-0.103812,0.000000,8.0000,,,,,,,,,,7.6000,-0.4000,0.238000,0.508000,0.254000,0,0,0,book,False,
1775839343.352254,cancel_response,1715,C,SELL,40,883,1775839157664,stop_loss,,success=True error=None,80,919.2687,1729.50,-3221.50,-1492.00,-71812.00,-1492.00,cpi,macro,SELL,160,9.500000,True,881.4872,879,885,882.0000,6,1.815842,-0.103812,0.000000,8.0000,,,,,,,,,,7.5746,-0.4254,0.237237,0.508509,0.254254,0,0,0,book,False,
1775839343.520604,fill,1715,C,SELL,37,880,1775839157665,stop_loss,,,43,919.2687,276.56,-1559.56,-1283.00,-39252.00,-1283.00,cpi,macro,SELL,160,9.500000,True,881.5332,883,880,881.5000,-3,1.815842,-0.103812,0.000000,8.0000,,,,,,,,,,7.5248,-0.4752,0.236118,0.508754,0.255128,0,0,0,book,False,
1775839343.523628,fill,1715,C,SELL,3,880,1775839157665,stop_loss,,,40,919.2687,158.75,-1490.75,-1332.00,-36612.00,-1332.00,cpi,macro,SELL,160,9.500000,True,881.5332,882,880,881.0000,-2,1.815842,-0.103812,0.000000,8.0000,,,,,,,,,,7.5248,-0.4752,0.236118,0.508754,0.255128,0,0,0,book,False,
1775839343.921872,order_placed,1715,C,SELL,40,881,1775839157666,stop_loss,,,40,919.2687,158.75,-1530.75,-1372.00,-36612.00,-1372.00,cpi,macro,SELL,160,9.500000,True,881.4520,881,887,884.0000,6,1.815842,-0.103812,0.000000,8.0000,,,,,,,,,,7.6127,-0.3873,0.237881,0.508746,0.253373,0,0,0,book,False,
1775839343.922167,exit_trigger,1715,,,40,,,stop_loss,stop_loss,,40,919.2687,158.75,-1530.75,-1372.00,-36612.00,-1372.00,cpi,macro,SELL,160,9.500000,True,881.4520,881,887,884.0000,6,1.815842,-0.103812,0.000000,8.0000,,,,,,,,,,7.6127,-0.3873,0.237881,0.508746,0.253373,0,0,0,book,False,
1775839343.922554,heartbeat_forced,1715,,,,,,,,,40,919.2687,158.75,-1530.75,-1372.00,-36612.00,-1372.00,cpi,macro,SELL,160,9.500000,True,881.4520,881,887,884.0000,6,1.815842,-0.103812,0.000000,8.0000,,,,,,,,,,7.6127,-0.3873,0.237881,0.508746,0.253373,0,0,0,book,False,
1775839343.952047,fill,1715,C,SELL,37,882,1775839157666,stop_loss,,,3,919.2687,-1220.19,-111.81,-1332.00,-3978.00,-1332.00,cpi,macro,SELL,160,9.500000,True,881.3020,882,881,881.5000,-1,1.815842,-0.103812,0.000000,8.0000,,,,,,,,,,7.7750,-0.2250,0.241000,0.509000,0.250000,0,0,0,book,False,
1775839343.953140,fill,1715,C,SELL,3,881,1775839157666,stop_loss,,,0,,-1335.00,0.00,-1335.00,-1335.00,-1335.00,flat,,,,,,881.3020,882,881,881.5000,-1,1.815842,-0.103812,0.000000,8.0000,,,,,,,,,,7.7750,-0.2250,0.241000,0.509000,0.250000,0,0,0,flat,False,
1775839346.929509,heartbeat,1715,,,,,,,,,0,,-1335.00,0.00,-1335.00,-1335.00,-1335.00,flat,,,,,,880.7942,884,890,887.0000,6,1.815842,-0.103812,0.000000,8.0000,,,,,,,,,,8.3250,0.3250,0.252000,0.509000,0.239000,0,0,0,flat,False,
1775839349.928662,heartbeat,1715,,,,,,,,,0,,-1335.00,0.00,-1335.00,-1335.00,-1335.00,flat,,,,,,888.3546,889,894,891.5000,5,1.815842,-0.103812,0.000000,8.0000,,,,,,,,,,0.1751,0.1751,0.248124,0.510755,0.241121,0,0,0,flat,False,
1775839352.929136,heartbeat,1715,,,,,,,,,0,,-1335.00,0.00,-1335.00,-1335.00,-1335.00,flat,,,,,,889.7648,890,894,892.0000,4,1.815842,-0.103812,0.000000,8.0000,,,,,,,,,,-1.3362,-1.3362,0.217283,0.511988,0.270729,0,0,0,flat,False,
1775839354.733008,earnings_blocked,1790,,BUY,120,,,,weak_buy_against_earnings_trend_-0.1432,old=1.815842 new=1.855540 delta=+0.039698,0,,-1335.00,0.00,-1335.00,-1335.00,-1335.00,flat,,,,,,903.6276,891,895,893.0000,4,1.855540,0.039698,0.000000,8.0000,,,,,,-0.103546,,,,-1.4853,-1.4853,0.213679,0.513230,0.273090,0,0,0,flat,False,
1775839355.930424,heartbeat,1790,,,,,,,,,0,,-1335.00,0.00,-1335.00,-1335.00,-1335.00,flat,,,,,,904.4740,896,901,898.5000,5,1.855540,0.039698,0.000000,8.0000,,,,,,,,,,-2.3738,-2.3738,0.197401,0.510245,0.292354,0,0,0,flat,False,
1775839358.929843,heartbeat,1790,,,,,,,,,0,,-1335.00,0.00,-1335.00,-1335.00,-1335.00,flat,,,,,,904.5597,911,915,913.0000,4,1.855540,0.039698,0.000000,8.0000,,,,,,,,,,-2.4637,-2.4637,0.195598,0.510255,0.294147,0,0,0,flat,False,
1775839361.930634,heartbeat,1790,,,,,,,,,0,,-1335.00,0.00,-1335.00,-1335.00,-1335.00,flat,,,,,,904.1059,912,918,915.0000,6,1.855540,0.039698,0.000000,8.0000,,,,,,,,,,-1.9875,-1.9875,0.204000,0.512500,0.283500,0,0,0,flat,False,
1775839365.004777,heartbeat,1790,,,,,,,,,0,,-1335.00,0.00,-1335.00,-1335.00,-1335.00,flat,,,,,,904.9995,910,916,913.0000,6,1.855540,0.039698,0.000000,8.0000,,,,,,,,,,-2.9250,-2.9250,0.186000,0.511000,0.303000,0,0,0,flat,False,
1775839367.328081,macro_eval,1853,,BUY,160,,,,earnings_trend_conflict_-0.1035,score=-8.50 headline=Officials hint that the next move is more likely a cut than a hike.,0,,-1335.00,0.00,-1335.00,-1335.00,-1335.00,flat,,,,,,906.2065,918,924,921.0000,6,1.855540,0.039698,0.000000,8.0000,,,-8.5000,160,BUY,-0.103546,unstructured,,,-4.1896,-4.1896,0.164082,0.504252,0.331666,0,0,0,flat,False,"{'timestamp': 1853, 'kind': 'unstructured', 'new_data': {'content': 'Officials hint that the next move is more likely a cut than a hike.'}}"
1775839367.328627,macro_blocked,1853,,BUY,160,,,,earnings_trend_conflict_-0.1035,score=-8.50 headline=Officials hint that the next move is more likely a cut than a hike.,0,,-1335.00,0.00,-1335.00,-1335.00,-1335.00,flat,,,,,,906.2065,918,924,921.0000,6,1.855540,0.039698,0.000000,8.0000,,,-8.5000,160,BUY,-0.103546,,,,-4.1896,-4.1896,0.164082,0.504252,0.331666,0,0,0,flat,False,"{'timestamp': 1853, 'kind': 'unstructured', 'new_data': {'content': 'Officials hint that the next move is more likely a cut than a hike.'}}"
1775839368.024273,heartbeat,1853,,,,,,,,,0,,-1335.00,0.00,-1335.00,-1335.00,-1335.00,flat,,,,,,910.6028,933,939,936.0000,6,1.855540,0.039698,0.000000,8.0000,,,,,,,,,,-8.7794,-8.7794,0.103052,0.442721,0.454227,0,0,0,flat,False,
1775839371.044348,heartbeat,1853,,,,,,,,,0,,-1335.00,0.00,-1335.00,-1335.00,-1335.00,flat,,,,,,912.6679,940,946,943.0000,6,1.855540,0.039698,0.000000,8.0000,,,,,,,,,,-10.9266,-10.9266,0.075425,0.412088,0.512488,0,0,0,flat,False,
1775839373.722044,news_ignored,1885,,,,,,,non_C_earnings,,0,,-1335.00,0.00,-1335.00,-1335.00,-1335.00,flat,,,,,,914.1485,951,952,951.5000,1,1.855540,0.039698,0.000000,8.0000,,,,,,,structured,earnings,A,-12.4625,-12.4625,0.060000,0.381500,0.558500,0,0,0,flat,False,"{'timestamp': 1885, 'kind': 'structured', 'new_data': {'value': 0.8771464280518886, 'asset': 'A', 'structured_subtype': 'earnings'}}"
1775839374.064284,heartbeat,1885,,,,,,,,,0,,-1335.00,0.00,-1335.00,-1335.00,-1335.00,flat,,,,,,914.2992,948,952,950.0000,4,1.855540,0.039698,0.000000,8.0000,,,,,,,,,,-12.6187,-12.6187,0.056972,0.381309,0.561719,0,0,0,flat,False,
1775839376.722331,cpi_deadband,1900,,,,,,,,actual=0.002200 forecast=0.002100 surprise=+0.000100,0,,-1335.00,0.00,-1335.00,-1335.00,-1335.00,flat,,,,,,913.7566,946,952,949.0000,6,1.855540,0.039698,0.000100,0.4000,0.002200,0.002100,,,,,,,,-12.0563,-12.4563,0.058471,0.384808,0.556722,0,0,0,flat,False,"{'timestamp': 1900, 'kind': 'structured', 'new_data': {'new_signatures': 0, 'cumulative': 0, 'asset': '', 'structured_subtype': 'petition'}}"
1775839377.085215,heartbeat,1900,,,,,,,,,0,,-1335.00,0.00,-1335.00,-1335.00,-1335.00,flat,,,,,,913.7265,945,951,948.0000,6,1.855540,0.039698,0.000100,0.4000,,,,,,,,,,-12.0250,-12.4250,0.058000,0.387000,0.555000,0,0,0,flat,False,
1775839378.727137,earnings_signal,1910,,SELL,80,,,,,old=1.855540 new=1.843698 delta=-0.011841,0,,-1335.00,0.00,-1335.00,-1335.00,-1335.00,flat,earnings,SELL,80,0.011841,True,908.9477,948,953,950.5000,5,1.843698,-0.011841,0.000100,0.4000,,,,,,,,,,-11.3691,-11.7691,0.064968,0.399300,0.535732,0,0,0,flat,False,
1775839378.728148,order_placed,1910,C,SELL,40,948,1775839157667,earnings_entry,,,0,,-1335.00,0.00,-1335.00,-1335.00,-1335.00,flat,earnings,SELL,80,0.011841,True,908.9477,948,953,950.5000,5,1.843698,-0.011841,0.000100,0.4000,,,,,,,,,,-11.3691,-11.7691,0.064968,0.399300,0.535732,0,0,0,flat,False,
1775839378.728471,entry_decision,1910,C,SELL,40,948,,earnings,,strength=0.011841 target=80,0,,-1335.00,0.00,-1335.00,-1335.00,-1335.00,earnings,earnings,SELL,80,0.011841,True,908.9477,948,953,950.5000,5,1.843698,-0.011841,0.000100,0.4000,,,,,,,,,,-11.3691,-11.7691,0.064968,0.399300,0.535732,0,0,0,flat,False,
1775839378.728881,heartbeat_forced,1910,,,,,,,,,0,,-1335.00,0.00,-1335.00,-1335.00,-1335.00,earnings,earnings,SELL,80,0.011841,True,908.9477,948,953,950.5000,5,1.843698,-0.011841,0.000100,0.4000,,,,,,,,,,-11.3691,-11.7691,0.064968,0.399300,0.535732,0,0,0,flat,False,
1775839378.758662,fill,1910,C,SELL,37,948,1775839157667,earnings_entry,,,-37,948.0000,-1335.00,0.00,-1335.00,33741.00,-1335.00,earnings,earnings,SELL,80,0.011841,True,908.9294,948,948,948.0000,0,1.843698,-0.011841,0.000100,0.4000,,,,,,,,,,-11.3500,-11.7500,0.065000,0.400000,0.535000,0,0,0,book,False,
1775839378.922939,fill,1910,C,SELL,3,948,1775839157667,earnings_entry,,,-40,948.0000,-1335.00,0.00,-1335.00,36585.00,-1335.00,earnings,earnings,SELL,80,0.011841,True,908.8976,948,948,948.0000,0,1.843698,-0.011841,0.000100,0.4000,,,,,,,,,,-11.3168,-11.7168,0.065163,0.401003,0.533835,0,0,0,book,False,
1775839379.302014,order_placed,1910,C,SELL,40,949,1775839157668,earnings_entry,,,-40,948.0000,-1335.00,-280.00,-1615.00,36585.00,-1615.00,earnings,earnings,SELL,80,0.011841,True,908.6245,949,955,952.0000,6,1.843698,-0.011841,0.000100,0.4000,,,,,,,,,,-11.0318,-11.4318,0.069965,0.402799,0.527236,0,0,0,book,False,
1775839379.302986,entry_decision,1910,C,SELL,40,949,,earnings,,strength=0.011841 target=80,-40,948.0000,-1335.00,-280.00,-1615.00,36585.00,-1615.00,earnings,earnings,SELL,80,0.011841,True,908.6245,949,955,952.0000,6,1.843698,-0.011841,0.000100,0.4000,,,,,,,,,,-11.0318,-11.4318,0.069965,0.402799,0.527236,0,0,0,book,False,
1775839379.303824,heartbeat_forced,1910,,,,,,,,,-40,948.0000,-1335.00,-280.00,-1615.00,36585.00,-1615.00,earnings,earnings,SELL,80,0.011841,True,908.6245,949,955,952.0000,6,1.843698,-0.011841,0.000100,0.4000,,,,,,,,,,-11.0318,-11.4318,0.069965,0.402799,0.527236,0,0,0,book,False,
1775839379.337840,fill,1910,C,SELL,37,952,1775839157668,earnings_entry,,,-77,949.9221,-1335.00,71.00,-1264.00,71809.00,-1264.00,earnings,earnings,SELL,80,0.011841,True,908.7489,952,949,950.5000,-3,1.843698,-0.011841,0.000100,0.4000,,,,,,,,,,-11.1616,-11.5616,0.068068,0.401401,0.530531,0,0,0,book,False,
1775839379.338463,fill,1910,C,SELL,3,951,1775839157668,earnings_entry,,,-80,949.9625,-1335.00,77.00,-1258.00,74662.00,-1258.00,earnings,earnings,SELL,80,0.011841,True,908.7489,952,949,950.5000,-3,1.843698,-0.011841,0.000100,0.4000,,,,,,,,,,-11.1616,-11.5616,0.068068,0.401401,0.530531,0,0,0,book,False,
1775839382.326430,heartbeat,1910,,,,,,,,,-80,949.9625,-1335.00,-483.00,-1818.00,74662.00,-1818.00,earnings,earnings,SELL,80,0.011841,True,909.7801,950,956,953.0000,6,1.843698,-0.011841,0.000100,0.4000,,,,,,,,,,-12.2374,-12.6374,0.055944,0.382617,0.561439,0,0,0,book,False,
1775839385.327141,heartbeat,1910,,,,,,,,,-80,949.9625,-1335.00,-83.00,-1418.00,74662.00,-1418.00,earnings,earnings,SELL,80,0.011841,True,909.3618,946,951,948.5000,5,1.843698,-0.011841,0.000100,0.4000,,,,,,,,,,-11.8012,-12.2012,0.060259,0.391434,0.548307,0,0,0,book,False,
1775839387.523701,order_placed,1910,C,BUY,40,939,1775839157669,short_profit_1,,,-80,949.9625,-1335.00,877.00,-458.00,74662.00,-458.00,earnings,earnings,SELL,80,0.011841,False,908.5952,942,939,940.5000,-3,1.843698,-0.011841,0.000100,0.4000,,,,,,,,,,-11.0011,-11.4011,0.066434,0.411089,0.522478,0,0,0,book,False,
1775839387.523975,exit_trigger,1910,,,40,,,short_profit_1,short_profit_1,,-80,949.9625,-1335.00,877.00,-458.00,74662.00,-458.00,earnings,earnings,SELL,80,0.011841,False,908.5952,942,939,940.5000,-3,1.843698,-0.011841,0.000100,0.4000,,,,,,,,,,-11.0011,-11.4011,0.066434,0.411089,0.522478,0,0,0,book,False,
1775839387.524258,heartbeat_forced,1910,,,,,,,,,-80,949.9625,-1335.00,877.00,-458.00,74662.00,-458.00,earnings,earnings,SELL,80,0.011841,False,908.5952,942,939,940.5000,-3,1.843698,-0.011841,0.000100,0.4000,,,,,,,,,,-11.0011,-11.4011,0.066434,0.411089,0.522478,0,0,0,book,False,
1775839388.351957,cancel_response,1910,C,BUY,40,939,1775839157669,short_profit_1,,success=True error=None,-80,949.9625,-1335.00,317.00,-1018.00,74662.00,-1018.00,earnings,earnings,SELL,80,0.011841,False,908.3308,940,946,943.0000,6,1.843698,-0.011841,0.000100,0.4000,,,,,,,,,,-10.7250,-11.1250,0.068000,0.419000,0.513000,0,0,0,book,False,
1775839389.765119,order_placed,1910,C,BUY,40,39,1775839157670,short_profit_full,,,-80,949.9625,-1335.00,72877.00,71542.00,74662.00,71542.00,earnings,earnings,SELL,80,0.011841,False,908.5275,938,39,488.5000,-899,1.843698,-0.011841,0.000100,0.4000,,,,,,,,,,-10.9305,-10.9305,0.072036,0.418709,0.509255,0,0,0,book,False,
1775839389.765279,exit_trigger,1910,,,40,,,short_profit_full,short_profit_full,,-80,949.9625,-1335.00,72877.00,71542.00,74662.00,71542.00,earnings,earnings,SELL,80,0.011841,False,908.5275,938,39,488.5000,-899,1.843698,-0.011841,0.000100,0.4000,,,,,,,,,,-10.9305,-10.9305,0.072036,0.418709,0.509255,0,0,0,book,False,
1775839389.765570,heartbeat_forced,1910,,,,,,,,,-80,949.9625,-1335.00,72877.00,71542.00,74662.00,71542.00,earnings,earnings,SELL,80,0.011841,False,908.5275,938,39,488.5000,-899,1.843698,-0.011841,0.000100,0.4000,,,,,,,,,,-10.9305,-10.9305,0.072036,0.418709,0.509255,0,0,0,book,False,
1775839390.518679,order_placed,1910,C,BUY,40,948,1775839157671,profit_trail,,,-80,949.9625,-1335.00,157.00,-1178.00,74662.00,-1178.00,earnings,earnings,SELL,80,0.011841,False,908.7032,942,948,945.0000,6,1.843698,-0.011841,0.000100,0.4000,,,,,,,,,,-11.1139,-11.1139,0.070929,0.413586,0.515485,0,0,0,book,False,
1775839390.518978,exit_trigger,1910,,,40,,,profit_trail,profit_trail,,-80,949.9625,-1335.00,157.00,-1178.00,74662.00,-1178.00,earnings,earnings,SELL,80,0.011841,False,908.7032,942,948,945.0000,6,1.843698,-0.011841,0.000100,0.4000,,,,,,,,,,-11.1139,-11.1139,0.070929,0.413586,0.515485,0,0,0,book,False,
1775839390.519387,heartbeat_forced,1910,,,,,,,,,-80,949.9625,-1335.00,157.00,-1178.00,74662.00,-1178.00,earnings,earnings,SELL,80,0.011841,False,908.7032,942,948,945.0000,6,1.843698,-0.011841,0.000100,0.4000,,,,,,,,,,-11.1139,-11.1139,0.070929,0.413586,0.515485,0,0,0,book,False,
1775839390.546279,cancel_response,1910,C,BUY,40,39,1775839157670,short_profit_full,,success=True error=None,-80,949.9625,-1335.00,77.00,-1258.00,74662.00,-1258.00,earnings,earnings,SELL,80,0.011841,False,908.7485,943,949,946.0000,6,1.843698,-0.011841,0.000100,0.4000,,,,,,,,,,-11.1612,-11.1612,0.070070,0.413413,0.516517,0,0,0,book,False,
1775839391.319874,order_placed,1910,C,BUY,40,950,1775839157672,profit_trail,,,-80,949.9625,-1335.00,-3.00,-1338.00,74662.00,-1338.00,earnings,earnings,SELL,80,0.011841,False,909.0362,948,950,949.0000,2,1.843698,-0.011841,0.000100,0.4000,,,,,,,,,,-11.4615,-11.4615,0.065065,0.411411,0.523524,0,0,0,book,False,
1775839391.320224,exit_trigger,1910,,,40,,,profit_trail,profit_trail,,-80,949.9625,-1335.00,-3.00,-1338.00,74662.00,-1338.00,earnings,earnings,SELL,80,0.011841,False,909.0362,948,950,949.0000,2,1.843698,-0.011841,0.000100,0.4000,,,,,,,,,,-11.4615,-11.4615,0.065065,0.411411,0.523524,0,0,0,book,False,
1775839391.320747,heartbeat_forced,1910,,,,,,,,,-80,949.9625,-1335.00,-3.00,-1338.00,74662.00,-1338.00,earnings,earnings,SELL,80,0.011841,False,909.0362,948,950,949.0000,2,1.843698,-0.011841,0.000100,0.4000,,,,,,,,,,-11.4615,-11.4615,0.065065,0.411411,0.523524,0,0,0,book,False,
1775839391.347557,cancel_response,1910,C,BUY,40,948,1775839157671,profit_trail,,success=True error=None,-80,949.9625,-1335.00,-243.00,-1578.00,74662.00,-1578.00,earnings,earnings,SELL,80,0.011841,False,909.0013,947,953,950.0000,6,1.843698,-0.011841,0.000100,0.4000,,,,,,,,,,-11.4250,-11.4250,0.065000,0.413000,0.522000,0,0,0,book,False,
1775839391.526765,fill,1910,C,BUY,37,950,1775839157672,profit_trail,,,-43,949.9625,-1336.39,-1.61,-1338.00,39512.00,-1338.00,earnings,earnings,SELL,80,0.011841,False,908.9054,950,950,950.0000,0,1.843698,-0.011841,0.000100,0.4000,,,,,,,,,,-11.3250,-11.3250,0.066000,0.415000,0.519000,0,0,0,book,False,
1775839391.723929,fill,1910,C,BUY,3,950,1775839157672,profit_trail,,,-40,949.9625,-1336.50,38.50,-1298.00,36662.00,-1298.00,earnings,earnings,SELL,80,0.011841,False,908.7989,950,949,949.5000,-1,1.843698,-0.011841,0.000100,0.4000,,,,,,,,,,-11.2138,-11.2138,0.067932,0.415584,0.516484,0,0,0,book,False,
1775839391.947193,order_placed,1910,C,BUY,40,949,1775839157673,profit_trail,,,-40,949.9625,-1336.50,38.50,-1298.00,36662.00,-1298.00,earnings,earnings,SELL,80,0.011841,False,908.7138,943,949,946.0000,6,1.843698,-0.011841,0.000100,0.4000,,,,,,,,,,-11.1250,-11.1250,0.069000,0.417000,0.514000,0,0,0,book,False,
1775839391.947907,exit_trigger,1910,,,40,,,profit_trail,profit_trail,,-40,949.9625,-1336.50,38.50,-1298.00,36662.00,-1298.00,earnings,earnings,SELL,80,0.011841,False,908.7138,943,949,946.0000,6,1.843698,-0.011841,0.000100,0.4000,,,,,,,,,,-11.1250,-11.1250,0.069000,0.417000,0.514000,0,0,0,book,False,
1775839391.948398,heartbeat_forced,1910,,,,,,,,,-40,949.9625,-1336.50,38.50,-1298.00,36662.00,-1298.00,earnings,earnings,SELL,80,0.011841,False,908.7138,943,949,946.0000,6,1.843698,-0.011841,0.000100,0.4000,,,,,,,,,,-11.1250,-11.1250,0.069000,0.417000,0.514000,0,0,0,book,False,
1775839391.981190,fill,1910,C,BUY,37,947,1775839157673,profit_trail,,,-3,949.9625,-1226.89,8.89,-1218.00,1623.00,-1218.00,earnings,earnings,SELL,80,0.011841,False,908.6420,949,947,948.0000,-2,1.843698,-0.011841,0.000100,0.4000,,,,,,,,,,-11.0500,-11.0500,0.069000,0.420000,0.511000,0,0,0,book,False,
1775839391.981724,fill,1910,C,BUY,3,948,1775839157673,profit_trail,,,0,,-1221.00,0.00,-1221.00,-1221.00,-1221.00,flat,,,,,,908.6420,949,947,948.0000,-2,1.843698,-0.011841,0.000100,0.4000,,,,,,,,,,-11.0500,-11.0500,0.069000,0.420000,0.511000,0,0,0,flat,False,
1775839392.322297,macro_eval,1978,,BUY,120,,,,earnings_trend_conflict_-0.0888,"score=-4.00 headline=Wage growth decelerating, easing a key concern for policymakers.",0,,-1221.00,0.00,-1221.00,-1221.00,-1221.00,flat,,,,,,908.4879,941,947,944.0000,6,1.843698,-0.011841,0.000100,0.4000,,,-4.0000,120,BUY,-0.088785,unstructured,,,-10.8891,-10.8891,0.070929,0.422577,0.506494,0,0,0,flat,False,"{'timestamp': 1978, 'kind': 'unstructured', 'new_data': {'content': 'Wage growth decelerating, easing a key concern for policymakers.'}}"
1775839392.322749,macro_blocked,1978,,BUY,120,,,,earnings_trend_conflict_-0.0888,"score=-4.00 headline=Wage growth decelerating, easing a key concern for policymakers.",0,,-1221.00,0.00,-1221.00,-1221.00,-1221.00,flat,,,,,,908.4879,941,947,944.0000,6,1.843698,-0.011841,0.000100,0.4000,,,-4.0000,120,BUY,-0.088785,,,,-10.8891,-10.8891,0.070929,0.422577,0.506494,0,0,0,flat,False,"{'timestamp': 1978, 'kind': 'unstructured', 'new_data': {'content': 'Wage growth decelerating, easing a key concern for policymakers.'}}"
1775839394.965147,heartbeat,1978,,,,,,,,,0,,-1221.00,0.00,-1221.00,-1221.00,-1221.00,flat,,,,,,911.2937,951,955,953.0000,4,1.843698,-0.011841,0.000100,0.4000,,,,,,,,,,-13.8138,-13.8138,0.042042,0.363363,0.594595,0,0,0,flat,False,
1775839397.984021,heartbeat,1978,,,,,,,,,0,,-1221.00,0.00,-1221.00,-1221.00,-1221.00,flat,,,,,,911.4005,942,948,945.0000,6,1.843698,-0.011841,0.000100,0.4000,,,,,,,,,,-13.9250,-13.9250,0.044000,0.355000,0.601000,0,0,0,flat,False,
1775839401.004052,heartbeat,1978,,,,,,,,,0,,-1221.00,0.00,-1221.00,-1221.00,-1221.00,flat,,,,,,911.4165,951,957,954.0000,6,1.843698,-0.011841,0.000100,0.4000,,,,,,,,,,-13.9416,-13.9416,0.044433,0.353470,0.602097,0,0,0,flat,False,
1775839404.024206,heartbeat,1978,,,,,,,,,0,,-1221.00,0.00,-1221.00,-1221.00,-1221.00,flat,,,,,,911.6597,946,952,949.0000,6,1.843698,-0.011841,0.000100,0.4000,,,,,,,,,,-14.1946,-14.1946,0.041021,0.350175,0.608804,0,0,0,flat,False,
1775839407.044998,heartbeat,1978,,,,,,,,,0,,-1221.00,0.00,-1221.00,-1221.00,-1221.00,flat,,,,,,911.8762,946,952,949.0000,6,1.843698,-0.011841,0.000100,0.4000,,,,,,,,,,-14.4197,-14.4197,0.039020,0.345173,0.615808,0,0,0,flat,False,
1775839410.063562,heartbeat,1978,,,,,,,,,0,,-1221.00,0.00,-1221.00,-1221.00,-1221.00,flat,,,,,,913.5619,950,956,953.0000,6,1.843698,-0.011841,0.000100,0.4000,,,,,,,,,,-16.1706,-16.1706,0.027014,0.299150,0.673837,0,0,0,flat,False,
1775839413.083906,heartbeat,1978,,,,,,,,,0,,-1221.00,0.00,-1221.00,-1221.00,-1221.00,flat,,,,,,914.3376,954,960,957.0000,6,1.843698,-0.011841,0.000100,0.4000,,,,,,,,,,-16.9750,-16.9750,0.022000,0.277000,0.701000,0,0,0,flat,False,
1775839416.106086,heartbeat,1978,,,,,,,,,0,,-1221.00,0.00,-1221.00,-1221.00,-1221.00,flat,,,,,,914.3333,953,959,956.0000,6,1.843698,-0.011841,0.000100,0.4000,,,,,,,,,,-16.9705,-16.9705,0.021978,0.277223,0.700799,0,0,0,flat,False,
1775839416.725806,cpi_signal,2100,,SELL,160,,,,,actual=0.003000 forecast=0.001900 surprise=+0.001100,0,,-1221.00,0.00,-1221.00,-1221.00,-1221.00,flat,cpi,SELL,160,0.001100,True,909.8042,951,957,954.0000,6,1.843698,-0.011841,0.001100,4.4000,0.003000,0.001900,,,,,,,,-12.2625,-16.6625,0.023500,0.286500,0.690000,0,0,0,flat,False,"{'timestamp': 2100, 'kind': 'structured', 'new_data': {'new_signatures': 0, 'cumulative': 0, 'asset': '', 'structured_subtype': 'petition'}}"
1775839416.727120,order_placed,2100,C,SELL,40,951,1775839157674,cpi_entry,,,0,,-1221.00,0.00,-1221.00,-1221.00,-1221.00,flat,cpi,SELL,160,0.001100,True,909.8042,951,957,954.0000,6,1.843698,-0.011841,0.001100,4.4000,,,,,,,,,,-12.2625,-16.6625,0.023500,0.286500,0.690000,0,0,0,flat,False,
1775839416.727914,entry_decision,2100,C,SELL,40,951,,cpi,,strength=0.001100 target=160,0,,-1221.00,0.00,-1221.00,-1221.00,-1221.00,cpi,cpi,SELL,160,0.001100,True,909.8042,951,957,954.0000,6,1.843698,-0.011841,0.001100,4.4000,,,,,,,,,,-12.2625,-16.6625,0.023500,0.286500,0.690000,0,0,0,flat,False,
1775839416.728888,heartbeat_forced,2100,,,,,,,,,0,,-1221.00,0.00,-1221.00,-1221.00,-1221.00,cpi,cpi,SELL,160,0.001100,True,909.8042,951,957,954.0000,6,1.843698,-0.011841,0.001100,4.4000,,,,,,,,,,-12.2625,-16.6625,0.023500,0.286500,0.690000,0,0,0,flat,False,
1775839417.114224,entry_blocked,2100,,,160,,,cpi,live_order,,0,,-1221.00,0.00,-1221.00,-1221.00,-1221.00,cpi,cpi,SELL,160,0.001100,True,908.7319,941,948,944.5000,7,1.843698,-0.011841,0.001100,4.4000,,,,,,,,,,-11.1438,-15.5438,0.048160,0.281926,0.669913,0,0,0,flat,False,
1775839417.518333,order_placed,2100,C,SELL,40,937,1775839157675,cpi_entry,,,0,,-1221.00,0.00,-1221.00,-1221.00,-1221.00,cpi,cpi,SELL,160,0.001100,True,905.6794,937,943,940.0000,6,1.843698,-0.011841,0.001100,4.4000,,,,,,,,,,-7.9510,-12.3510,0.056107,0.393744,0.550149,0,0,0,flat,False,
1775839417.518863,entry_decision,2100,C,SELL,40,937,,cpi,,strength=0.001100 target=160,0,,-1221.00,0.00,-1221.00,-1221.00,-1221.00,cpi,cpi,SELL,160,0.001100,True,905.6794,937,943,940.0000,6,1.843698,-0.011841,0.001100,4.4000,,,,,,,,,,-7.9510,-12.3510,0.056107,0.393744,0.550149,0,0,0,flat,False,
1775839417.519439,heartbeat_forced,2100,,,,,,,,,0,,-1221.00,0.00,-1221.00,-1221.00,-1221.00,cpi,cpi,SELL,160,0.001100,True,905.6794,937,943,940.0000,6,1.843698,-0.011841,0.001100,4.4000,,,,,,,,,,-7.9510,-12.3510,0.056107,0.393744,0.550149,0,0,0,flat,False,
1775839417.547275,cancel_response,2100,C,SELL,40,951,1775839157674,cpi_entry,,success=True error=None,0,,-1221.00,0.00,-1221.00,-1221.00,-1221.00,cpi,cpi,SELL,160,0.001100,True,905.3688,938,944,941.0000,6,1.843698,-0.011841,0.001100,4.4000,,,,,,,,,,-7.6255,-12.0255,0.057942,0.403097,0.538961,0,0,0,flat,False,
1775839417.548078,fill,2100,C,SELL,37,938,1775839157675,cpi_entry,,,-37,938.0000,-1221.00,37.00,-1184.00,33485.00,-1184.00,cpi,cpi,SELL,160,0.001100,True,905.3688,938,937,937.5000,-1,1.843698,-0.011841,0.001100,4.4000,,,,,,,,,,-7.6255,-12.0255,0.057942,0.403097,0.538961,0,0,0,book,False,
1775839417.548759,fill,2100,C,SELL,3,937,1775839157675,cpi_entry,,,-40,937.9250,-1221.00,37.00,-1184.00,36296.00,-1184.00,cpi,cpi,SELL,160,0.001100,True,905.3688,938,937,937.5000,-1,1.843698,-0.011841,0.001100,4.4000,,,,,,,,,,-7.6255,-12.0255,0.057942,0.403097,0.538961,0,0,0,book,False,
1775839418.121809,order_placed,2100,C,BUY,40,941,1775839157676,profit_trail,,,-40,937.9250,-1221.00,-123.00,-1344.00,36296.00,-1344.00,cpi,cpi,SELL,160,0.001100,True,905.2140,935,941,938.0000,6,1.843698,-0.011841,0.001100,4.4000,,,,,,,,,,-7.4631,-11.8631,0.057942,0.409590,0.532468,0,0,0,book,False,
1775839418.122254,exit_trigger,2100,,,40,,,profit_trail,profit_trail,,-40,937.9250,-1221.00,-123.00,-1344.00,36296.00,-1344.00,cpi,cpi,SELL,160,0.001100,True,905.2140,935,941,938.0000,6,1.843698,-0.011841,0.001100,4.4000,,,,,,,,,,-7.4631,-11.8631,0.057942,0.409590,0.532468,0,0,0,book,False,
1775839418.123751,heartbeat_forced,2100,,,,,,,,,-40,937.9250,-1221.00,-123.00,-1344.00,36296.00,-1344.00,cpi,cpi,SELL,160,0.001100,True,905.2140,935,941,938.0000,6,1.843698,-0.011841,0.001100,4.4000,,,,,,,,,,-7.4631,-11.8631,0.057942,0.409590,0.532468,0,0,0,book,False,
1775839418.151271,fill,2100,C,BUY,37,941,1775839157676,profit_trail,,,-3,937.9250,-1334.77,-9.23,-1344.00,1479.00,-1344.00,cpi,cpi,SELL,160,0.001100,True,905.1713,941,941,941.0000,0,1.843698,-0.011841,0.001100,4.4000,,,,,,,,,,-7.4184,-11.8184,0.058029,0.411206,0.530765,0,0,0,book,False,
1775839418.325741,fill,2100,C,BUY,3,941,1775839157676,profit_trail,,,0,,-1344.00,0.00,-1344.00,-1344.00,-1344.00,flat,,,,,,905.1292,941,940,940.5000,-1,1.843698,-0.011841,0.001100,4.4000,,,,,,,,,,-7.3743,-11.7743,0.058559,0.411912,0.529530,0,0,0,flat,False,
1775839421.123156,heartbeat,2100,,,,,,,,,0,,-1344.00,0.00,-1344.00,-1344.00,-1344.00,flat,,,,,,903.6485,932,938,935.0000,6,1.843698,-0.011841,0.001100,4.4000,,,,,,,,,,-5.8199,-10.2199,0.072964,0.445277,0.481759,0,0,0,flat,False,
1775839424.123351,heartbeat,2100,,,,,,,,,0,,-1344.00,0.00,-1344.00,-1344.00,-1344.00,flat,,,,,,901.2167,920,924,922.0000,4,1.843698,-0.011841,0.001100,4.4000,,,,,,,,,,-3.2607,-7.6607,0.102641,0.488291,0.409068,0,0,0,flat,False,
1775839427.123952,heartbeat,2100,,,,,,,,,0,,-1344.00,0.00,-1344.00,-1344.00,-1344.00,flat,,,,,,898.2968,914,920,917.0000,6,1.843698,-0.011841,0.001100,4.4000,,,,,,,,,,-0.1773,-4.5773,0.143072,0.530765,0.326163,0,0,0,flat,False,
1775839429.724119,macro_eval,2165,,,0,,,,below_threshold,score=+0.00 headline=Business investment slowing as higher borrowing costs take hold.,0,,-1344.00,0.00,-1344.00,-1344.00,-1344.00,flat,,,,,,898.4600,898,903,900.5000,5,1.843698,-0.011841,0.001100,4.4000,,,0.0000,0,,-0.088785,unstructured,,,-0.3500,-0.3500,0.218500,0.549000,0.232500,0,0,0,flat,False,"{'timestamp': 2165, 'kind': 'unstructured', 'new_data': {'content': 'Business investment slowing as higher borrowing costs take hold.'}}"
1775839429.724499,news_ignored,2165,,,,,,,weak_macro_news,score=+0.00,0,,-1344.00,0.00,-1344.00,-1344.00,-1344.00,flat,,,,,,898.4600,898,903,900.5000,5,1.843698,-0.011841,0.001100,4.4000,,,0.0000,0,,-0.088785,unstructured,,,-0.3500,-0.3500,0.218500,0.549000,0.232500,0,0,0,flat,False,"{'timestamp': 2165, 'kind': 'unstructured', 'new_data': {'content': 'Business investment slowing as higher borrowing costs take hold.'}}"
1775839430.124549,heartbeat,2165,,,,,,,,,0,,-1344.00,0.00,-1344.00,-1344.00,-1344.00,flat,,,,,,899.3749,899,905,902.0000,6,1.843698,-0.011841,0.001100,4.4000,,,,,,,,,,-1.3171,-1.3171,0.201292,0.544732,0.253976,0,0,0,flat,False,
1775839433.124994,heartbeat,2165,,,,,,,,,0,,-1344.00,0.00,-1344.00,-1344.00,-1344.00,flat,,,,,,900.3531,904,908,906.0000,4,1.843698,-0.011841,0.001100,4.4000,,,,,,,,,,-2.3500,-2.3500,0.178500,0.549000,0.272500,0,0,0,flat,False,
1775839436.124957,heartbeat,2165,,,,,,,,,0,,-1344.00,0.00,-1344.00,-1344.00,-1344.00,flat,,,,,,900.4135,901,906,903.5000,5,1.843698,-0.011841,0.001100,4.4000,,,,,,,,,,-2.4137,-2.4137,0.178089,0.547274,0.274637,0,0,0,flat,False,
1775839439.201512,heartbeat,2165,,,,,,,,,0,,-1344.00,0.00,-1344.00,-1344.00,-1344.00,flat,,,,,,899.5717,890,896,893.0000,6,1.843698,-0.011841,0.001100,4.4000,,,,,,,,,,-1.5250,-1.5250,0.192000,0.555000,0.253000,0,0,0,flat,False,
1775839442.228499,heartbeat,2165,,,,,,,,,0,,-1344.00,0.00,-1344.00,-1344.00,-1344.00,flat,,,,,,899.3114,896,901,898.5000,5,1.843698,-0.011841,0.001100,4.4000,,,,,,,,,,-1.2500,-1.2500,0.197000,0.556000,0.247000,0,0,0,flat,False,
1775839443.721711,macro_eval,2235,,,0,,,,below_threshold,score=+0.00 headline=Rising operational costs begin to erode profitability at A.,0,,-1344.00,0.00,-1344.00,-1344.00,-1344.00,flat,,,,,,899.1452,895,898,896.5000,3,1.843698,-0.011841,0.001100,4.4000,,,0.0000,0,,-0.088785,unstructured,,,-1.0745,-1.0745,0.199900,0.557221,0.242879,0,0,0,flat,False,"{'timestamp': 2235, 'kind': 'unstructured', 'new_data': {'content': 'Rising operational costs begin to erode profitability at A.'}}"
1775839443.722304,news_ignored,2235,,,,,,,weak_macro_news,score=+0.00,0,,-1344.00,0.00,-1344.00,-1344.00,-1344.00,flat,,,,,,899.1452,895,898,896.5000,3,1.843698,-0.011841,0.001100,4.4000,,,0.0000,0,,-0.088785,unstructured,,,-1.0745,-1.0745,0.199900,0.557221,0.242879,0,0,0,flat,False,"{'timestamp': 2235, 'kind': 'unstructured', 'new_data': {'content': 'Rising operational costs begin to erode profitability at A.'}}"
1775839444.723113,earnings_deadband,2240,,,,,,,,old=1.843698 new=1.842667 delta=-0.001031,0,,-1344.00,0.00,-1344.00,-1344.00,-1344.00,flat,,,,,,899.1186,898,904,901.0000,6,1.842667,-0.001031,0.001100,4.4000,,,,,,,,,,-1.4229,-1.4229,0.192711,0.557664,0.249626,0,0,0,flat,False,
1775839445.249675,heartbeat,2240,,,,,,,,,0,,-1344.00,0.00,-1344.00,-1344.00,-1344.00,flat,,,,,,899.0148,899,905,902.0000,6,1.842667,-0.001031,0.001100,4.4000,,,,,,,,,,-1.3132,-1.3132,0.194097,0.559280,0.246623,0,0,0,flat,False,
1775839448.270058,heartbeat,2240,,,,,,,,,0,,-1344.00,0.00,-1344.00,-1344.00,-1344.00,flat,,,,,,900.7278,903,909,906.0000,6,1.842667,-0.001031,0.001100,4.4000,,,,,,,,,,-3.1219,-3.1219,0.160839,0.553447,0.285714,0,0,0,flat,False,
1775839451.291147,heartbeat,2240,,,,,,,,,0,,-1344.00,0.00,-1344.00,-1344.00,-1344.00,flat,,,,,,901.1101,907,913,910.0000,6,1.842667,-0.001031,0.001100,4.4000,,,,,,,,,,-3.5250,-3.5250,0.154000,0.551000,0.295000,0,0,0,flat,False,
1775839454.312129,heartbeat,2240,,,,,,,,,0,,-1344.00,0.00,-1344.00,-1344.00,-1344.00,flat,,,,,,901.3235,906,912,909.0000,6,1.842667,-0.001031,0.001100,4.4000,,,,,,,,,,-3.7500,-3.7500,0.150000,0.550000,0.300000,0,0,0,flat,False,
1775839457.324011,heartbeat,2240,,,,,,,,,0,,-1344.00,0.00,-1344.00,-1344.00,-1344.00,flat,,,,,,901.8357,912,918,915.0000,6,1.842667,-0.001031,0.001100,4.4000,,,,,,,,,,-4.2896,-4.2896,0.141071,0.546273,0.312656,0,0,0,flat,False,
1775839457.352892,macro_eval,2303,,,0,,,,below_threshold,score=+0.00 headline=Fed chair says the committee is not in a hurry to adjust rates in either direction.,0,,-1344.00,0.00,-1344.00,-1344.00,-1344.00,flat,,,,,,901.8357,912,918,915.0000,6,1.842667,-0.001031,0.001100,4.4000,,,0.0000,0,,-0.076987,unstructured,,,-4.2896,-4.2896,0.141071,0.546273,0.312656,0,0,0,flat,False,"{'timestamp': 2303, 'kind': 'unstructured', 'new_data': {'content': 'Fed chair says the committee is not in a hurry to adjust rates in either direction.'}}"
1775839457.354055,news_ignored,2303,,,,,,,weak_macro_news,score=+0.00,0,,-1344.00,0.00,-1344.00,-1344.00,-1344.00,flat,,,,,,901.8357,912,918,915.0000,6,1.842667,-0.001031,0.001100,4.4000,,,0.0000,0,,-0.076987,unstructured,,,-4.2896,-4.2896,0.141071,0.546273,0.312656,0,0,0,flat,False,"{'timestamp': 2303, 'kind': 'unstructured', 'new_data': {'content': 'Fed chair says the committee is not in a hurry to adjust rates in either direction.'}}"
1775839460.324775,heartbeat,2303,,,,,,,,,0,,-1344.00,0.00,-1344.00,-1344.00,-1344.00,flat,,,,,,901.3490,913,917,915.0000,4,1.842667,-0.001031,0.001100,4.4000,,,,,,,,,,-3.7769,-3.7769,0.147074,0.554777,0.298149,0,0,0,flat,False,
1775839460.719573,news_ignored,2320,,,,,,,non_C_earnings,,0,,-1344.00,0.00,-1344.00,-1344.00,-1344.00,flat,,,,,,901.6063,911,915,913.0000,4,1.842667,-0.001031,0.001100,4.4000,,,,,,,structured,earnings,A,-4.0480,-4.0480,0.142429,0.553223,0.304348,0,0,0,flat,False,"{'timestamp': 2320, 'kind': 'structured', 'new_data': {'value': 0.9059387658746972, 'asset': 'A', 'structured_subtype': 'earnings'}}"
1775839463.324725,heartbeat,2320,,,,,,,,,0,,-1344.00,0.00,-1344.00,-1344.00,-1344.00,flat,,,,,,901.6775,913,918,915.5000,5,1.842667,-0.001031,0.001100,4.4000,,,,,,,,,,-4.1229,-4.1229,0.141429,0.552224,0.306347,0,0,0,flat,False,
1775839466.325108,heartbeat,2320,,,,,,,,,0,,-1344.00,0.00,-1344.00,-1344.00,-1344.00,flat,,,,,,900.4727,908,914,911.0000,6,1.842667,-0.001031,0.001100,4.4000,,,,,,,,,,-2.8529,-2.8529,0.160160,0.565566,0.274274,0,0,0,flat,False,
1775839466.717499,news_ignored,2350,,,,,,,non_signal_news,,0,,-1344.00,0.00,-1344.00,-1344.00,-1344.00,flat,,,,,,900.3029,907,913,910.0000,6,1.842667,-0.001031,0.001100,4.4000,,,,,,,structured,petition,,-2.6737,-2.6737,0.163918,0.565217,0.270865,0,0,0,flat,False,"{'timestamp': 2350, 'kind': 'structured', 'new_data': {'new_signatures': 0, 'cumulative': 0, 'asset': '', 'structured_subtype': 'petition'}}"
1775839468.718049,earnings_signal,2360,,BUY,120,,,,,old=1.842667 new=1.878381 delta=+0.035714,0,,-1344.00,0.00,-1344.00,-1344.00,-1344.00,flat,earnings,BUY,120,0.035714,True,911.8956,907,913,910.0000,6,1.878381,0.035714,0.001100,4.4000,,,,,,,,,,-1.8713,-1.8713,0.177645,0.569860,0.252495,0,0,0,flat,False,
1775839468.719195,order_placed,2360,C,BUY,40,913,1775839157677,earnings_entry,,,0,,-1344.00,0.00,-1344.00,-1344.00,-1344.00,flat,earnings,BUY,120,0.035714,True,911.8956,907,913,910.0000,6,1.878381,0.035714,0.001100,4.4000,,,,,,,,,,-1.8713,-1.8713,0.177645,0.569860,0.252495,0,0,0,flat,False,
1775839468.719783,entry_decision,2360,C,BUY,40,913,,earnings,,strength=0.035714 target=120,0,,-1344.00,0.00,-1344.00,-1344.00,-1344.00,earnings,earnings,BUY,120,0.035714,True,911.8956,907,913,910.0000,6,1.878381,0.035714,0.001100,4.4000,,,,,,,,,,-1.8713,-1.8713,0.177645,0.569860,0.252495,0,0,0,flat,False,
1775839468.720313,heartbeat_forced,2360,,,,,,,,,0,,-1344.00,0.00,-1344.00,-1344.00,-1344.00,earnings,earnings,BUY,120,0.035714,True,911.8956,907,913,910.0000,6,1.878381,0.035714,0.001100,4.4000,,,,,,,,,,-1.8713,-1.8713,0.177645,0.569860,0.252495,0,0,0,flat,False,
1775839468.747986,fill,2360,C,BUY,37,911,1775839157677,earnings_entry,,,37,911.0000,-1344.00,74.00,-1270.00,-35051.00,-1270.00,earnings,earnings,BUY,120,0.035714,True,911.8141,913,911,912.0000,-2,1.878381,0.035714,0.001100,4.4000,,,,,,,,,,-1.7866,-1.7866,0.178911,0.570715,0.250375,0,0,0,book,False,
1775839468.748938,fill,2360,C,BUY,3,912,1775839157677,earnings_entry,,,40,911.0750,-1344.00,77.00,-1267.00,-37787.00,-1267.00,earnings,earnings,BUY,120,0.035714,True,911.8141,913,911,912.0000,-2,1.878381,0.035714,0.001100,4.4000,,,,,,,,,,-1.7866,-1.7866,0.178911,0.570715,0.250375,0,0,0,book,False,
1775839469.317555,order_placed,2360,C,BUY,40,914,1775839157678,earnings_entry,,,40,911.0750,-1344.00,-123.00,-1467.00,-37787.00,-1467.00,earnings,earnings,BUY,120,0.035714,True,911.8012,908,914,911.0000,6,1.878381,0.035714,0.001100,4.4000,,,,,,,,,,-1.7732,-1.7732,0.178821,0.571429,0.249750,0,0,0,book,False,
1775839469.318232,entry_decision,2360,C,BUY,40,914,,earnings,,strength=0.035714 target=120,40,911.0750,-1344.00,-123.00,-1467.00,-37787.00,-1467.00,earnings,earnings,BUY,120,0.035714,True,911.8012,908,914,911.0000,6,1.878381,0.035714,0.001100,4.4000,,,,,,,,,,-1.7732,-1.7732,0.178821,0.571429,0.249750,0,0,0,book,False,
1775839469.319126,heartbeat_forced,2360,,,,,,,,,40,911.0750,-1344.00,-123.00,-1467.00,-37787.00,-1467.00,earnings,earnings,BUY,120,0.035714,True,911.8012,908,914,911.0000,6,1.878381,0.035714,0.001100,4.4000,,,,,,,,,,-1.7732,-1.7732,0.178821,0.571429,0.249750,0,0,0,book,False,
1775839469.717209,entry_blocked,2360,,,120,,,earnings,live_order,,40,911.0750,-1344.00,117.00,-1227.00,-37787.00,-1227.00,earnings,earnings,BUY,120,0.035714,True,912.0027,914,917,915.5000,3,1.878381,0.035714,0.001100,4.4000,,,,,,,,,,-1.9825,-1.9825,0.174065,0.572569,0.253367,0,0,0,book,False,
1775839470.120265,order_placed,2360,C,BUY,40,917,1775839157679,earnings_entry,,,40,911.0750,-1344.00,117.00,-1227.00,-37787.00,-1227.00,earnings,earnings,BUY,120,0.035714,True,912.0677,914,917,915.5000,3,1.878381,0.035714,0.001100,4.4000,,,,,,,,,,-2.0500,-2.0500,0.173000,0.572000,0.255000,0,0,0,book,False,
1775839470.120715,entry_decision,2360,C,BUY,40,917,,earnings,,strength=0.035714 target=120,40,911.0750,-1344.00,117.00,-1227.00,-37787.00,-1227.00,earnings,earnings,BUY,120,0.035714,True,912.0677,914,917,915.5000,3,1.878381,0.035714,0.001100,4.4000,,,,,,,,,,-2.0500,-2.0500,0.173000,0.572000,0.255000,0,0,0,book,False,
1775839470.121182,heartbeat_forced,2360,,,,,,,,,40,911.0750,-1344.00,117.00,-1227.00,-37787.00,-1227.00,earnings,earnings,BUY,120,0.035714,True,912.0677,914,917,915.5000,3,1.878381,0.035714,0.001100,4.4000,,,,,,,,,,-2.0500,-2.0500,0.173000,0.572000,0.255000,0,0,0,book,False,
1775839470.148221,cancel_response,2360,C,BUY,40,914,1775839157678,earnings_entry,,success=True error=None,40,911.0750,-1344.00,-43.00,-1387.00,-37787.00,-1387.00,earnings,earnings,BUY,120,0.035714,True,911.9955,910,916,913.0000,6,1.878381,0.035714,0.001100,4.4000,,,,,,,,,,-1.9750,-1.9750,0.174000,0.573000,0.253000,0,0,0,book,False,
1775839470.148924,fill,2360,C,BUY,37,916,1775839157679,earnings_entry,,,77,913.4416,-1344.00,274.00,-1070.00,-71679.00,-1070.00,earnings,earnings,BUY,120,0.035714,True,911.9955,917,916,916.5000,-1,1.878381,0.035714,0.001100,4.4000,,,,,,,,,,-1.9750,-1.9750,0.174000,0.573000,0.253000,0,0,0,book,False,
1775839470.149496,fill,2360,C,BUY,3,917,1775839157679,earnings_entry,,,80,913.5750,-1344.00,274.00,-1070.00,-74430.00,-1070.00,earnings,earnings,BUY,120,0.035714,True,911.9955,917,916,916.5000,-1,1.878381,0.035714,0.001100,4.4000,,,,,,,,,,-1.9750,-1.9750,0.174000,0.573000,0.253000,0,0,0,book,False,
1775839470.719763,order_placed,2360,C,BUY,40,921,1775839157680,earnings_entry,,,80,913.5750,-1344.00,114.00,-1230.00,-74430.00,-1230.00,earnings,earnings,BUY,120,0.035714,True,911.6104,915,921,918.0000,6,1.878381,0.035714,0.001100,4.4000,,,,,,,,,,-1.5750,-1.5750,0.180500,0.576000,0.243500,0,0,0,book,False,
1775839470.720787,entry_decision,2360,C,BUY,40,921,,earnings,,strength=0.035714 target=120,80,913.5750,-1344.00,114.00,-1230.00,-74430.00,-1230.00,earnings,earnings,BUY,120,0.035714,True,911.6104,915,921,918.0000,6,1.878381,0.035714,0.001100,4.4000,,,,,,,,,,-1.5750,-1.5750,0.180500,0.576000,0.243500,0,0,0,book,False,
1775839470.721900,heartbeat_forced,2360,,,,,,,,,80,913.5750,-1344.00,114.00,-1230.00,-74430.00,-1230.00,earnings,earnings,BUY,120,0.035714,True,911.6104,915,921,918.0000,6,1.878381,0.035714,0.001100,4.4000,,,,,,,,,,-1.5750,-1.5750,0.180500,0.576000,0.243500,0,0,0,book,False,
1775839470.922571,fill,2360,C,BUY,37,921,1775839157680,earnings_entry,,,117,915.9231,-1344.00,594.00,-750.00,-108507.00,-750.00,earnings,earnings,BUY,120,0.035714,True,911.3825,921,919,920.0000,-2,1.878381,0.035714,0.001100,4.4000,,,,,,,,,,-1.3382,-1.3382,0.185593,0.575288,0.239120,0,0,0,book,False,
1775839470.931478,fill,2360,C,BUY,3,921,1775839157680,earnings_entry,,,120,916.0500,-1344.00,594.00,-750.00,-111270.00,-750.00,earnings,earnings,BUY,120,0.035714,True,911.2387,921,920,920.5000,-1,1.878381,0.035714,0.001100,4.4000,,,,,,,,,,-1.1887,-1.1887,0.188188,0.576076,0.235736,0,0,0,book,False,
1775839473.723736,heartbeat,2360,,,,,,,,,120,916.0500,-1344.00,-366.00,-1710.00,-111270.00,-1710.00,earnings,earnings,BUY,120,0.035714,True,909.7722,913,919,916.0000,6,1.878381,0.035714,0.001100,4.4000,,,,,,,,,,0.3373,0.3373,0.217891,0.577711,0.204398,0,0,0,book,False,
1775839476.723955,heartbeat,2360,,,,,,,,,120,916.0500,-1344.00,234.00,-1110.00,-111270.00,-1110.00,earnings,earnings,BUY,120,0.035714,False,909.9161,918,924,921.0000,6,1.878381,0.035714,0.001100,4.4000,,,,,,,,,,0.1875,0.1875,0.213500,0.580500,0.206000,0,0,0,book,False,
1775839478.319439,order_placed,2360,C,SELL,40,926,1775839157681,long_profit_1,,,120,916.0500,-1344.00,1194.00,-150.00,-111270.00,-150.00,earnings,earnings,BUY,120,0.035714,False,910.6246,926,927,926.5000,1,1.878381,0.035714,0.001100,4.4000,,,,,,,,,,-0.5500,-0.5500,0.199000,0.580000,0.221000,0,0,0,book,False,
1775839478.320147,exit_trigger,2360,,,40,,,long_profit_1,long_profit_1,,120,916.0500,-1344.00,1194.00,-150.00,-111270.00,-150.00,earnings,earnings,BUY,120,0.035714,False,910.6246,926,927,926.5000,1,1.878381,0.035714,0.001100,4.4000,,,,,,,,,,-0.5500,-0.5500,0.199000,0.580000,0.221000,0,0,0,book,False,
1775839478.321057,heartbeat_forced,2360,,,,,,,,,120,916.0500,-1344.00,1194.00,-150.00,-111270.00,-150.00,earnings,earnings,BUY,120,0.035714,False,910.6246,926,927,926.5000,1,1.878381,0.035714,0.001100,4.4000,,,,,,,,,,-0.5500,-0.5500,0.199000,0.580000,0.221000,0,0,0,book,False,
1775839478.349556,fill,2360,C,SELL,37,926,1775839157681,long_profit_1,,,83,916.0500,-975.85,825.85,-150.00,-77008.00,-150.00,earnings,earnings,BUY,120,0.035714,False,910.7928,926,926,926.0000,0,1.878381,0.035714,0.001100,4.4000,,,,,,,,,,-0.7250,-0.7250,0.195500,0.580000,0.224500,0,0,0,book,False,
1775839478.520084,fill,2360,C,SELL,3,926,1775839157681,long_profit_1,,,80,916.0500,-946.00,956.00,10.00,-74230.00,10.00,earnings,earnings,BUY,120,0.035714,False,910.8278,928,926,927.0000,-2,1.878381,0.035714,0.001100,4.4000,,,,,,,,,,-0.7614,-0.7614,0.195207,0.579131,0.225662,0,0,0,book,False,
1775839481.321232,heartbeat,2360,,,,,,,,,80,916.0500,-946.00,556.00,-390.00,-74230.00,-390.00,earnings,earnings,BUY,120,0.035714,False,911.0092,923,928,925.5000,5,1.878381,0.035714,0.001100,4.4000,,,,,,,,,,-0.9500,-0.9500,0.189500,0.583000,0.227500,0,0,0,book,False,
1775839482.316348,cpi_eval,2428,,SELL,80,,,,no_actual_forecast,no actual/forecast; score=+3.00 headline=Fed emphasizes inflation risks; markets reassess path of cuts.,80,916.0500,-946.00,716.00,-230.00,-74230.00,-230.00,earnings,earnings,BUY,120,0.035714,False,911.3205,925,931,928.0000,6,1.878381,0.035714,0.001100,4.4000,,,3.0000,80,SELL,+0.062539,unstructured,,,-1.2737,-1.2737,0.183317,0.582418,0.234266,0,0,0,book,False,"{'timestamp': 2428, 'kind': 'unstructured', 'new_data': {'content': 'Fed emphasizes inflation risks; markets reassess path of cuts.'}}"
1775839482.316664,macro_eval,2428,,SELL,80,,,,earnings_trend_conflict_+0.0625,score=+3.00 headline=Fed emphasizes inflation risks; markets reassess path of cuts.,80,916.0500,-946.00,716.00,-230.00,-74230.00,-230.00,earnings,earnings,BUY,120,0.035714,False,911.3205,925,931,928.0000,6,1.878381,0.035714,0.001100,4.4000,,,3.0000,80,SELL,+0.062539,unstructured,,,-1.2737,-1.2737,0.183317,0.582418,0.234266,0,0,0,book,False,"{'timestamp': 2428, 'kind': 'unstructured', 'new_data': {'content': 'Fed emphasizes inflation risks; markets reassess path of cuts.'}}"
1775839482.316991,macro_blocked,2428,,SELL,80,,,,earnings_trend_conflict_+0.0625,score=+3.00 headline=Fed emphasizes inflation risks; markets reassess path of cuts.,80,916.0500,-946.00,716.00,-230.00,-74230.00,-230.00,earnings,earnings,BUY,120,0.035714,False,911.3205,925,931,928.0000,6,1.878381,0.035714,0.001100,4.4000,,,3.0000,80,SELL,+0.062539,,,,-1.2737,-1.2737,0.183317,0.582418,0.234266,0,0,0,book,False,"{'timestamp': 2428, 'kind': 'unstructured', 'new_data': {'content': 'Fed emphasizes inflation risks; markets reassess path of cuts.'}}"
1775839484.321468,heartbeat,2428,,,,,,,,,80,916.0500,-946.00,-324.00,-1270.00,-74230.00,-1270.00,earnings,earnings,BUY,120,0.035714,False,907.4298,912,918,915.0000,6,1.878381,0.035714,0.001100,4.4000,,,,,,,,,,2.7805,2.7805,0.267332,0.576559,0.156110,0,0,0,book,False,
1775839487.321905,heartbeat,2428,,,,,,,,,80,916.0500,-946.00,-84.00,-1030.00,-74230.00,-1030.00,earnings,earnings,BUY,120,0.035714,False,908.6813,915,921,918.0000,6,1.878381,0.035714,0.001100,4.4000,,,,,,,,,,1.4743,1.4743,0.237881,0.583208,0.178911,0,0,0,book,False,
1775839490.322640,heartbeat,2428,,,,,,,,,80,916.0500,-946.00,236.00,-710.00,-74230.00,-710.00,earnings,earnings,BUY,120,0.035714,False,908.6214,919,923,921.0000,4,1.878381,0.035714,0.001100,4.4000,,,,,,,,,,1.5367,1.5367,0.236882,0.587706,0.175412,0,0,0,book,False,
1775839492.921225,order_placed,2428,C,SELL,40,925,1775839157682,max_hold,,,80,916.0500,-946.00,716.00,-230.00,-74230.00,-230.00,earnings,earnings,BUY,120,0.035714,False,910.9006,925,931,928.0000,6,1.878381,0.035714,0.001100,4.4000,,,,,,,,,,-0.8371,-0.8371,0.187406,0.591704,0.220890,0,0,0,book,False,
1775839492.921808,exit_trigger,2428,,,40,,,max_hold,max_hold,,80,916.0500,-946.00,716.00,-230.00,-74230.00,-230.00,earnings,earnings,BUY,120,0.035714,False,910.9006,925,931,928.0000,6,1.878381,0.035714,0.001100,4.4000,,,,,,,,,,-0.8371,-0.8371,0.187406,0.591704,0.220890,0,0,0,book,False,
1775839492.922710,heartbeat_forced,2428,,,,,,,,,80,916.0500,-946.00,716.00,-230.00,-74230.00,-230.00,earnings,earnings,BUY,120,0.035714,False,910.9006,925,931,928.0000,6,1.878381,0.035714,0.001100,4.4000,,,,,,,,,,-0.8371,-0.8371,0.187406,0.591704,0.220890,0,0,0,book,False,
1775839492.951118,fill,2428,C,SELL,37,928,1775839157682,max_hold,,,43,916.0500,-503.85,513.85,10.00,-39894.00,10.00,earnings,earnings,BUY,120,0.035714,False,911.2983,928,925,926.5000,-3,1.878381,0.035714,0.001100,4.4000,,,,,,,,,,-1.2506,-1.2506,0.180090,0.589795,0.230115,0,0,0,book,False,
1775839492.951747,fill,2428,C,SELL,3,927,1775839157682,max_hold,,,40,916.0500,-471.00,478.00,7.00,-37113.00,7.00,earnings,earnings,BUY,120,0.035714,False,911.2983,928,925,926.5000,-3,1.878381,0.035714,0.001100,4.4000,,,,,,,,,,-1.2506,-1.2506,0.180090,0.589795,0.230115,0,0,0,book,False,
1775839493.520507,order_placed,2428,C,SELL,40,928,1775839157683,max_hold,,,40,916.0500,-471.00,478.00,7.00,-37113.00,7.00,earnings,earnings,BUY,120,0.035714,False,911.5368,928,934,931.0000,6,1.878381,0.035714,0.001100,4.4000,,,,,,,,,,-1.4985,-1.4985,0.174825,0.590410,0.234765,0,0,0,book,False,
1775839493.521045,exit_trigger,2428,,,40,,,max_hold,max_hold,,40,916.0500,-471.00,478.00,7.00,-37113.00,7.00,earnings,earnings,BUY,120,0.035714,False,911.5368,928,934,931.0000,6,1.878381,0.035714,0.001100,4.4000,,,,,,,,,,-1.4985,-1.4985,0.174825,0.590410,0.234765,0,0,0,book,False,
1775839493.521625,heartbeat_forced,2428,,,,,,,,,40,916.0500,-471.00,478.00,7.00,-37113.00,7.00,earnings,earnings,BUY,120,0.035714,False,911.5368,928,934,931.0000,6,1.878381,0.035714,0.001100,4.4000,,,,,,,,,,-1.4985,-1.4985,0.174825,0.590410,0.234765,0,0,0,book,False,
1775839493.553752,fill,2428,C,SELL,37,929,1775839157683,max_hold,,,3,916.0500,8.15,38.85,47.00,-2740.00,47.00,earnings,earnings,BUY,120,0.035714,False,911.5383,929,928,928.5000,-1,1.878381,0.035714,0.001100,4.4000,,,,,,,,,,-1.5000,-1.5000,0.174000,0.592000,0.234000,0,0,0,book,False,
1775839493.554507,fill,2428,C,SELL,3,928,1775839157683,max_hold,,,0,,44.00,0.00,44.00,44.00,44.00,flat,,,,,,911.5383,929,928,928.5000,-1,1.878381,0.035714,0.001100,4.4000,,,,,,,,,,-1.5000,-1.5000,0.174000,0.592000,0.234000,0,0,0,flat,False,
1775839496.521977,heartbeat,2428,,,,,,,,,0,,44.00,0.00,44.00,44.00,44.00,flat,,,,,,913.1351,934,940,937.0000,6,1.878381,0.035714,0.001100,4.4000,,,,,,,,,,-3.1578,-3.1578,0.145781,0.582127,0.272092,0,0,0,flat,False,
1775839499.522239,heartbeat,2428,,,,,,,,,0,,44.00,0.00,44.00,44.00,44.00,flat,,,,,,914.1549,934,939,936.5000,5,1.878381,0.035714,0.001100,4.4000,,,,,,,,,,-4.2146,-4.2146,0.127564,0.576288,0.296148,0,0,0,flat,False,
1775839502.522113,heartbeat,2428,,,,,,,,,0,,44.00,0.00,44.00,44.00,44.00,flat,,,,,,915.1577,938,940,939.0000,2,1.878381,0.035714,0.001100,4.4000,,,,,,,,,,-5.2526,-5.2526,0.112056,0.565783,0.322161,0,0,0,flat,False,
1775839503.315969,macro_eval,2533,,,0,,,,below_threshold,score=+0.00 headline=An innovative virtual reality platform is successfully launched by A.,0,,44.00,0.00,44.00,44.00,44.00,flat,,,,,,915.1431,938,944,941.0000,6,1.878381,0.035714,0.001100,4.4000,,,0.0000,0,,+0.062539,unstructured,,,-5.2375,-5.2375,0.112000,0.566500,0.321500,0,0,0,flat,False,"{'timestamp': 2533, 'kind': 'unstructured', 'new_data': {'content': 'An innovative virtual reality platform is successfully launched by A.'}}"
1775839503.316368,news_ignored,2533,,,,,,,weak_macro_news,score=+0.00,0,,44.00,0.00,44.00,44.00,44.00,flat,,,,,,915.1431,938,944,941.0000,6,1.878381,0.035714,0.001100,4.4000,,,0.0000,0,,+0.062539,unstructured,,,-5.2375,-5.2375,0.112000,0.566500,0.321500,0,0,0,flat,False,"{'timestamp': 2533, 'kind': 'unstructured', 'new_data': {'content': 'An innovative virtual reality platform is successfully launched by A.'}}"
1775839505.522818,heartbeat,2533,,,,,,,,,0,,44.00,0.00,44.00,44.00,44.00,flat,,,,,,915.3417,937,943,940.0000,6,1.878381,0.035714,0.001100,4.4000,,,,,,,,,,-5.4429,-5.4429,0.109109,0.564064,0.326827,0,0,0,flat,False,
1775839506.725597,news_ignored,2550,,,,,,,non_signal_news,,0,,44.00,0.00,44.00,44.00,44.00,flat,,,,,,914.4020,933,939,936.0000,6,1.878381,0.035714,0.001100,4.4000,,,,,,,structured,petition,,-4.4705,-4.4705,0.121878,0.577423,0.300699,0,0,0,flat,False,"{'timestamp': 2550, 'kind': 'structured', 'new_data': {'new_signatures': 0, 'cumulative': 0, 'asset': '', 'structured_subtype': 'petition'}}"
1775839508.523098,heartbeat,2550,,,,,,,,,0,,44.00,0.00,44.00,44.00,44.00,flat,,,,,,915.7056,937,943,940.0000,6,1.878381,0.035714,0.001100,4.4000,,,,,,,,,,-5.8192,-5.8192,0.101898,0.563437,0.334665,0,0,0,flat,False,
1775839511.523803,heartbeat,2550,,,,,,,,,0,,44.00,0.00,44.00,44.00,44.00,flat,,,,,,916.8972,942,948,945.0000,6,1.878381,0.035714,0.001100,4.4000,,,,,,,,,,-7.0500,-7.0500,0.086000,0.546000,0.368000,0,0,0,flat,False,
1775839514.524775,heartbeat,2550,,,,,,,,,0,,44.00,0.00,44.00,44.00,44.00,flat,,,,,,916.2314,940,944,942.0000,4,1.878381,0.035714,0.001100,4.4000,,,,,,,,,,-6.3625,-6.3625,0.093500,0.558500,0.348000,0,0,0,flat,False,
1775839517.524667,heartbeat,2550,,,,,,,,,0,,44.00,0.00,44.00,44.00,44.00,flat,,,,,,916.4645,941,946,943.5000,5,1.878381,0.035714,0.001100,4.4000,,,,,,,,,,-6.6033,-6.6033,0.090045,0.555778,0.354177,0,0,0,flat,False,
1775839519.722087,macro_eval,2615,,BUY,0,,,,below_threshold,"score=-1.50 headline=Manufacturing contraction deepens, adding to evidence of economic softening.",0,,44.00,0.00,44.00,44.00,44.00,flat,,,,,,916.6484,940,947,943.5000,7,1.878381,0.035714,0.001100,4.4000,,,-1.5000,0,BUY,+0.062539,unstructured,,,-6.7932,-6.7932,0.086913,0.554446,0.358641,0,0,0,flat,False,"{'timestamp': 2615, 'kind': 'unstructured', 'new_data': {'content': 'Manufacturing contraction deepens, adding to evidence of economic softening.'}}"
1775839519.722663,news_ignored,2615,,,,,,,weak_macro_news,score=-1.50,0,,44.00,0.00,44.00,44.00,44.00,flat,,,,,,916.6484,940,947,943.5000,7,1.878381,0.035714,0.001100,4.4000,,,-1.5000,0,BUY,+0.062539,unstructured,,,-6.7932,-6.7932,0.086913,0.554446,0.358641,0,0,0,flat,False,"{'timestamp': 2615, 'kind': 'unstructured', 'new_data': {'content': 'Manufacturing contraction deepens, adding to evidence of economic softening.'}}"
1775839520.524905,heartbeat,2615,,,,,,,,,0,,44.00,0.00,44.00,44.00,44.00,flat,,,,,,920.2404,953,958,955.5000,5,1.878381,0.035714,0.001100,4.4000,,,,,,,,,,-10.4935,-10.4935,0.050847,0.478564,0.470588,0,0,0,flat,False,
1775839523.525252,heartbeat,2615,,,,,,,,,0,,44.00,0.00,44.00,44.00,44.00,flat,,,,,,919.5443,949,955,952.0000,6,1.878381,0.035714,0.001100,4.4000,,,,,,,,,,-9.7777,-9.7777,0.055445,0.498002,0.446553,0,0,0,flat,False,
1775839526.525376,heartbeat,2615,,,,,,,,,0,,44.00,0.00,44.00,44.00,44.00,flat,,,,,,919.8188,952,957,954.5000,5,1.878381,0.035714,0.001100,4.4000,,,,,,,,,,-10.0601,-10.0601,0.053053,0.491491,0.455455,0,0,0,flat,False,
1775839529.526128,heartbeat,2615,,,,,,,,,0,,44.00,0.00,44.00,44.00,44.00,flat,,,,,,920.1859,955,959,957.0000,4,1.878381,0.035714,0.001100,4.4000,,,,,,,,,,-10.4375,-10.4375,0.047500,0.487500,0.465000,0,0,0,flat,False,
1775839531.118844,news_ignored,2672,,,,,,,non_C_earnings,,0,,44.00,0.00,44.00,44.00,44.00,flat,,,,,,921.4646,956,962,959.0000,6,1.878381,0.035714,0.001100,4.4000,,,,,,,structured,earnings,A,-11.7507,-11.7507,0.037463,0.455045,0.507493,0,0,0,flat,False,"{'timestamp': 2672, 'kind': 'structured', 'new_data': {'value': 0.8635798508335931, 'asset': 'A', 'structured_subtype': 'earnings'}}"
1775839532.525752,heartbeat,2672,,,,,,,,,0,,44.00,0.00,44.00,44.00,44.00,flat,,,,,,921.3017,957,962,959.5000,5,1.878381,0.035714,0.001100,4.4000,,,,,,,,,,-11.5835,-11.5835,0.038903,0.458853,0.502244,0,0,0,flat,False,
1775839534.722521,earnings_signal,2690,,BUY,200,,,,,old=1.878381 new=2.019695 delta=+0.141314,0,,44.00,0.00,44.00,44.00,44.00,flat,earnings,BUY,200,0.141314,True,969.3535,952,955,953.5000,3,2.019695,0.141314,0.001100,4.4000,,,,,,,,,,-10.1898,-10.1898,0.048452,0.495504,0.456044,0,0,0,flat,False,
1775839534.723671,order_placed,2690,C,BUY,40,955,1775839157684,earnings_entry,,,0,,44.00,0.00,44.00,44.00,44.00,flat,earnings,BUY,200,0.141314,True,969.3535,952,955,953.5000,3,2.019695,0.141314,0.001100,4.4000,,,,,,,,,,-10.1898,-10.1898,0.048452,0.495504,0.456044,0,0,0,flat,False,
1775839534.724274,entry_decision,2690,C,BUY,40,955,,earnings,,strength=0.141314 target=200,0,,44.00,0.00,44.00,44.00,44.00,earnings,earnings,BUY,200,0.141314,True,969.3535,952,955,953.5000,3,2.019695,0.141314,0.001100,4.4000,,,,,,,,,,-10.1898,-10.1898,0.048452,0.495504,0.456044,0,0,0,flat,False,
1775839534.724966,heartbeat_forced,2690,,,,,,,,,0,,44.00,0.00,44.00,44.00,44.00,earnings,earnings,BUY,200,0.141314,True,969.3535,952,955,953.5000,3,2.019695,0.141314,0.001100,4.4000,,,,,,,,,,-10.1898,-10.1898,0.048452,0.495504,0.456044,0,0,0,flat,False,
1775839534.758133,fill,2690,C,BUY,6,955,1775839157684,earnings_entry,,,6,955.0000,44.00,0.00,44.00,-5686.00,44.00,earnings,earnings,BUY,200,0.141314,True,969.4083,955,39,497.0000,-916,2.019695,0.141314,0.001100,4.4000,,,,,,,,,,-10.2426,-10.2426,0.048024,0.494247,0.457729,0,0,0,book,False,
1775839534.759426,fill,2690,C,BUY,6,955,1775839157684,earnings_entry,,,12,955.0000,44.00,0.00,44.00,-11416.00,44.00,earnings,earnings,BUY,200,0.141314,True,969.4083,955,40,497.5000,-915,2.019695,0.141314,0.001100,4.4000,,,,,,,,,,-10.2426,-10.2426,0.048024,0.494247,0.457729,0,0,0,book,False,
1775839534.760401,fill,2690,C,BUY,6,955,1775839157684,earnings_entry,,,18,955.0000,44.00,0.00,44.00,-17146.00,44.00,earnings,earnings,BUY,200,0.141314,True,969.4083,955,41,498.0000,-914,2.019695,0.141314,0.001100,4.4000,,,,,,,,,,-10.2426,-10.2426,0.048024,0.494247,0.457729,0,0,0,book,False,
1775839535.119172,entry_blocked,2690,,,200,,,earnings,live_order,,18,955.0000,44.00,36.00,80.00,-17146.00,80.00,earnings,earnings,BUY,200,0.141314,True,969.4419,957,959,958.0000,2,2.019695,0.141314,0.001100,4.4000,,,,,,,,,,-10.2750,-10.2750,0.048000,0.493000,0.459000,0,0,0,book,False,
1775839535.457707,order_placed,2690,C,BUY,40,961,1775839157685,earnings_entry,,,18,955.0000,44.00,18.00,62.00,-17146.00,62.00,earnings,earnings,BUY,200,0.141314,True,969.5877,956,961,958.5000,5,2.019695,0.141314,0.001100,4.4000,,,,,,,,,,-10.4156,-10.4156,0.046570,0.490235,0.463195,0,0,0,book,False,
1775839535.458726,entry_decision,2690,C,BUY,40,961,,earnings,,strength=0.141314 target=200,18,955.0000,44.00,18.00,62.00,-17146.00,62.00,earnings,earnings,BUY,200,0.141314,True,969.5877,956,961,958.5000,5,2.019695,0.141314,0.001100,4.4000,,,,,,,,,,-10.4156,-10.4156,0.046570,0.490235,0.463195,0,0,0,book,False,
1775839535.459603,heartbeat_forced,2690,,,,,,,,,18,955.0000,44.00,18.00,62.00,-17146.00,62.00,earnings,earnings,BUY,200,0.141314,True,969.5877,956,961,958.5000,5,2.019695,0.141314,0.001100,4.4000,,,,,,,,,,-10.4156,-10.4156,0.046570,0.490235,0.463195,0,0,0,book,False,
1775839535.486257,cancel_response,2690,C,BUY,22,955,1775839157684,earnings_entry,,success=True error=None,18,955.0000,44.00,18.00,62.00,-17146.00,62.00,earnings,earnings,BUY,200,0.141314,True,969.5877,956,961,958.5000,5,2.019695,0.141314,0.001100,4.4000,,,,,,,,,,-10.4156,-10.4156,0.046570,0.490235,0.463195,0,0,0,book,False,
1775839535.487743,fill,2690,C,BUY,40,961,1775839157685,earnings_entry,,,58,959.1379,44.00,108.00,152.00,-55586.00,152.00,earnings,earnings,BUY,200,0.141314,True,969.5877,961,961,961.0000,0,2.019695,0.141314,0.001100,4.4000,,,,,,,,,,-10.4156,-10.4156,0.046570,0.490235,0.463195,0,0,0,book,False,
1775839535.936478,order_placed,2690,C,BUY,40,968,1775839157686,earnings_entry,,,58,959.1379,44.00,282.00,326.00,-55586.00,326.00,earnings,earnings,BUY,200,0.141314,True,969.8864,964,968,966.0000,4,2.019695,0.141314,0.001100,4.4000,,,,,,,,,,-10.7036,-10.7036,0.044910,0.482036,0.473054,0,0,0,book,False,
1775839535.936722,entry_decision,2690,C,BUY,40,968,,earnings,,strength=0.141314 target=200,58,959.1379,44.00,282.00,326.00,-55586.00,326.00,earnings,earnings,BUY,200,0.141314,True,969.8864,964,968,966.0000,4,2.019695,0.141314,0.001100,4.4000,,,,,,,,,,-10.7036,-10.7036,0.044910,0.482036,0.473054,0,0,0,book,False,
1775839535.937055,heartbeat_forced,2690,,,,,,,,,58,959.1379,44.00,282.00,326.00,-55586.00,326.00,earnings,earnings,BUY,200,0.141314,True,969.8864,964,968,966.0000,4,2.019695,0.141314,0.001100,4.4000,,,,,,,,,,-10.7036,-10.7036,0.044910,0.482036,0.473054,0,0,0,book,False,
1775839536.316342,entry_blocked,2690,,,200,,,earnings,live_order,,58,959.1379,44.00,746.00,790.00,-55586.00,790.00,earnings,earnings,BUY,200,0.141314,True,969.9864,972,973,972.5000,1,2.019695,0.141314,0.001100,4.4000,,,,,,,,,,-10.8000,-10.8000,0.043000,0.482000,0.475000,0,0,0,book,False,
1775839536.715715,order_placed,2690,C,SELL,40,975,1775839157687,long_profit_1,,,58,959.1379,44.00,920.00,964.00,-55586.00,964.00,earnings,earnings,BUY,200,0.141314,True,969.8919,975,981,978.0000,6,2.019695,0.141314,0.001100,4.4000,,,,,,,,,,-10.7089,-10.7089,0.044933,0.481777,0.473290,0,0,0,book,False,
1775839536.716170,exit_trigger,2690,,,40,,,long_profit_1,long_profit_1,,58,959.1379,44.00,920.00,964.00,-55586.00,964.00,earnings,earnings,BUY,200,0.141314,True,969.8919,975,981,978.0000,6,2.019695,0.141314,0.001100,4.4000,,,,,,,,,,-10.7089,-10.7089,0.044933,0.481777,0.473290,0,0,0,book,False,
1775839536.716741,heartbeat_forced,2690,,,,,,,,,58,959.1379,44.00,920.00,964.00,-55586.00,964.00,earnings,earnings,BUY,200,0.141314,True,969.8919,975,981,978.0000,6,2.019695,0.141314,0.001100,4.4000,,,,,,,,,,-10.7089,-10.7089,0.044933,0.481777,0.473290,0,0,0,book,False,
1775839536.746133,cancel_response,2690,C,BUY,40,968,1775839157686,earnings_entry,,success=True error=None,58,959.1379,44.00,1152.00,1196.00,-55586.00,1196.00,earnings,earnings,BUY,200,0.141314,True,969.7291,979,984,981.5000,5,2.019695,0.141314,0.001100,4.4000,,,,,,,,,,-10.5519,-10.5519,0.045954,0.486014,0.468032,0,0,0,book,False,
1775839536.747448,fill,2690,C,SELL,37,979,1775839157687,long_profit_1,,,21,959.1379,778.90,417.10,1196.00,-19363.00,1196.00,earnings,earnings,BUY,200,0.141314,True,969.7291,979,975,977.0000,-4,2.019695,0.141314,0.001100,4.4000,,,,,,,,,,-10.5519,-10.5519,0.045954,0.486014,0.468032,0,0,0,book,False,
1775839536.748664,fill,2690,C,SELL,3,978,1775839157687,long_profit_1,,,18,959.1379,835.48,357.52,1193.00,-16429.00,1193.00,earnings,earnings,BUY,200,0.141314,True,969.7291,979,975,977.0000,-4,2.019695,0.141314,0.001100,4.4000,,,,,,,,,,-10.5519,-10.5519,0.045954,0.486014,0.468032,0,0,0,book,False,
1775839537.318836,order_placed,2690,C,SELL,18,987,1775839157688,long_profit_2,,,18,959.1379,835.48,501.52,1337.00,-16429.00,1337.00,earnings,earnings,BUY,200,0.141314,True,969.3094,987,992,989.5000,5,2.019695,0.141314,0.001100,4.4000,,,,,,,,,,-10.1473,-10.1473,0.049925,0.494259,0.455816,0,0,0,book,False,
1775839537.319171,exit_trigger,2690,,,18,,,long_profit_2,long_profit_2,,18,959.1379,835.48,501.52,1337.00,-16429.00,1337.00,earnings,earnings,BUY,200,0.141314,True,969.3094,987,992,989.5000,5,2.019695,0.141314,0.001100,4.4000,,,,,,,,,,-10.1473,-10.1473,0.049925,0.494259,0.455816,0,0,0,book,False,
1775839537.319692,heartbeat_forced,2690,,,,,,,,,18,959.1379,835.48,501.52,1337.00,-16429.00,1337.00,earnings,earnings,BUY,200,0.141314,True,969.3094,987,992,989.5000,5,2.019695,0.141314,0.001100,4.4000,,,,,,,,,,-10.1473,-10.1473,0.049925,0.494259,0.455816,0,0,0,book,False,
1775839537.350641,fill,2690,C,SELL,18,991,1775839157688,long_profit_2,,,0,,1409.00,0.00,1409.00,1409.00,1409.00,flat,,,,,,969.1593,991,987,989.0000,-4,2.019695,0.141314,0.001100,4.4000,,,,,,,,,,-10.0025,-10.0025,0.050949,0.498002,0.451049,0,0,0,flat,False,
1775839540.319990,heartbeat,2690,,,,,,,,,0,,1409.00,0.00,1409.00,1409.00,1409.00,flat,,,,,,968.8250,1022,1028,1025.0000,6,2.019695,0.141314,0.001100,4.4000,,,,,,,,,,-9.6798,-9.6798,0.050525,0.511756,0.437719,0,0,0,flat,False,
1775839543.320441,heartbeat,2690,,,,,,,,,0,,1409.00,0.00,1409.00,1409.00,1409.00,flat,,,,,,967.9989,1016,1020,1018.0000,4,2.019695,0.141314,0.001100,4.4000,,,,,,,,,,-8.8822,-8.8822,0.058383,0.527944,0.413673,0,0,0,flat,False,
1775839546.406250,heartbeat,2690,,,,,,,,,0,,1409.00,0.00,1409.00,1409.00,1409.00,flat,,,,,,966.4340,1014,1020,1017.0000,6,2.019695,0.141314,0.001100,4.4000,,,,,,,,,,-7.3691,-7.3691,0.071820,0.561596,0.366584,0,0,0,flat,False,
1775839547.405448,macro_eval,2753,,SELL,80,,,,earnings_trend_conflict_+0.1642,score=+3.00 headline=Robust consumer spending undermines the case for policy easing.,0,,1409.00,0.00,1409.00,1409.00,1409.00,flat,,,,,,966.9455,1014,1020,1017.0000,6,2.019695,0.141314,0.001100,4.4000,,,3.0000,80,SELL,+0.164156,unstructured,,,-7.8639,-7.8639,0.069292,0.546859,0.383848,0,0,0,flat,False,"{'timestamp': 2753, 'kind': 'unstructured', 'new_data': {'content': 'Robust consumer spending undermines the case for policy easing.'}}"
1775839547.406078,macro_blocked,2753,,SELL,80,,,,earnings_trend_conflict_+0.1642,score=+3.00 headline=Robust consumer spending undermines the case for policy easing.,0,,1409.00,0.00,1409.00,1409.00,1409.00,flat,,,,,,966.9455,1014,1020,1017.0000,6,2.019695,0.141314,0.001100,4.4000,,,3.0000,80,SELL,+0.164156,,,,-7.8639,-7.8639,0.069292,0.546859,0.383848,0,0,0,flat,False,"{'timestamp': 2753, 'kind': 'unstructured', 'new_data': {'content': 'Robust consumer spending undermines the case for policy easing.'}}"
1775839549.406342,heartbeat,2753,,,,,,,,,0,,1409.00,0.00,1409.00,1409.00,1409.00,flat,,,,,,965.9875,1010,1013,1011.5000,3,2.019695,0.141314,0.001100,4.4000,,,,,,,,,,-6.9368,-6.9368,0.075765,0.570998,0.353236,0,0,0,flat,False,
1775839552.406496,heartbeat,2753,,,,,,,,,0,,1409.00,0.00,1409.00,1409.00,1409.00,flat,,,,,,966.1097,1015,1019,1017.0000,4,2.019695,0.141314,0.001100,4.4000,,,,,,,,,,-7.0551,-7.0551,0.072180,0.573434,0.354386,0,0,0,flat,False,
1775839555.407042,heartbeat,2753,,,,,,,,,0,,1409.00,0.00,1409.00,1409.00,1409.00,flat,,,,,,965.9611,1015,1021,1018.0000,6,2.019695,0.141314,0.001100,4.4000,,,,,,,,,,-6.9112,-6.9112,0.074850,0.573852,0.351297,0,0,0,flat,False,
1775839556.803582,news_ignored,2800,,,,,,,non_signal_news,,0,,1409.00,0.00,1409.00,1409.00,1409.00,flat,,,,,,965.2689,1018,1020,1019.0000,2,2.019695,0.141314,0.001100,4.4000,,,,,,,structured,petition,,-6.2406,-6.2406,0.081378,0.587619,0.331003,0,0,0,flat,False,"{'timestamp': 2800, 'kind': 'structured', 'new_data': {'new_signatures': 0, 'cumulative': 0, 'asset': '', 'structured_subtype': 'petition'}}"
1775839558.407022,heartbeat,2800,,,,,,,,,0,,1409.00,0.00,1409.00,1409.00,1409.00,flat,,,,,,969.0013,1026,1031,1028.5000,5,2.019695,0.141314,0.001100,4.4000,,,,,,,,,,-9.8500,-9.8500,0.046000,0.514000,0.440000,0,0,0,flat,False,
1775839558.805027,earnings_deadband,2810,,,,,,,,old=2.019695 new=2.014864 delta=-0.004831,0,,1409.00,0.00,1409.00,1409.00,1409.00,flat,,,,,,967.2096,1026,1032,1029.0000,6,2.014864,-0.004831,0.001100,4.4000,,,,,,,,,,-9.7500,-9.7500,0.048000,0.514000,0.438000,0,0,0,flat,False,
1775839561.410106,heartbeat,2810,,,,,,,,,0,,1409.00,0.00,1409.00,1409.00,1409.00,flat,,,,,,967.0684,1023,1029,1026.0000,6,2.014864,-0.004831,0.001100,4.4000,,,,,,,,,,-9.6135,-9.6135,0.046883,0.521696,0.431421,0,0,0,flat,False,
1775839564.411082,heartbeat,2810,,,,,,,,,0,,1409.00,0.00,1409.00,1409.00,1409.00,flat,,,,,,965.2433,1016,1020,1018.0000,4,2.014864,-0.004831,0.001100,4.4000,,,,,,,,,,-7.8463,-7.8463,0.062377,0.561395,0.376228,0,0,0,flat,False,
1775839567.410840,heartbeat,2810,,,,,,,,,0,,1409.00,0.00,1409.00,1409.00,1409.00,flat,,,,,,963.8652,1013,1016,1014.5000,3,2.014864,-0.004831,0.001100,4.4000,,,,,,,,,,-6.5092,-6.5092,0.074463,0.590705,0.334833,0,0,0,flat,False,
1775839570.411459,heartbeat,2810,,,,,,,,,0,,1409.00,0.00,1409.00,1409.00,1409.00,flat,,,,,,961.6509,1011,1012,1011.5000,1,2.014864,-0.004831,0.001100,4.4000,,,,,,,,,,-4.3565,-4.3565,0.100150,0.625438,0.274412,0,0,0,flat,False,
1775839572.419818,macro_eval,2878,,,0,,,,below_threshold,score=+0.00 headline=Officials note that both upside and downside scenarios remain plausible.,0,,1409.00,0.00,1409.00,1409.00,1409.00,flat,,,,,,960.6193,1006,1007,1006.5000,1,2.014864,-0.004831,0.001100,4.4000,,,0.0000,0,,+0.171166,unstructured,,,-3.3517,-3.3517,0.113057,0.639820,0.247124,0,0,0,flat,False,"{'timestamp': 2878, 'kind': 'unstructured', 'new_data': {'content': 'Officials note that both upside and downside scenarios remain plausible.'}}"
1775839572.420283,news_ignored,2878,,,,,,,weak_macro_news,score=+0.00,0,,1409.00,0.00,1409.00,1409.00,1409.00,flat,,,,,,960.6193,1006,1007,1006.5000,1,2.014864,-0.004831,0.001100,4.4000,,,0.0000,0,,+0.171166,unstructured,,,-3.3517,-3.3517,0.113057,0.639820,0.247124,0,0,0,flat,False,"{'timestamp': 2878, 'kind': 'unstructured', 'new_data': {'content': 'Officials note that both upside and downside scenarios remain plausible.'}}"
1775839573.411561,heartbeat,2878,,,,,,,,,0,,1409.00,0.00,1409.00,1409.00,1409.00,flat,,,,,,962.5605,1009,1013,1011.0000,4,2.014864,-0.004831,0.001100,4.4000,,,,,,,,,,-5.2415,-5.2415,0.087151,0.616036,0.296813,0,0,0,flat,False,
1775839576.411985,heartbeat,2878,,,,,,,,,0,,1409.00,0.00,1409.00,1409.00,1409.00,flat,,,,,,960.1289,996,1002,999.0000,6,2.014864,-0.004831,0.001100,4.4000,,,,,,,,,,-2.8736,-2.8736,0.119440,0.646177,0.234383,0,0,0,flat,False,
1775839579.411901,heartbeat,2878,,,,,,,,,0,,1409.00,0.00,1409.00,1409.00,1409.00,flat,,,,,,959.5410,996,1000,998.0000,4,2.014864,-0.004831,0.001100,4.4000,,,,,,,,,,-2.3000,-2.3000,0.126000,0.656000,0.218000,0,0,0,flat,False,
1775839582.411922,heartbeat,2878,,,,,,,,,0,,1409.00,0.00,1409.00,1409.00,1409.00,flat,,,,,,959.8127,990,994,992.0000,4,2.014864,-0.004831,0.001100,4.4000,,,,,,,,,,-2.5651,-2.5651,0.120621,0.656156,0.223223,0,0,0,flat,False,
1775839585.412313,heartbeat,2878,,,,,,,,,0,,1409.00,0.00,1409.00,1409.00,1409.00,flat,,,,,,959.1973,992,996,994.0000,4,2.014864,-0.004831,0.001100,4.4000,,,,,,,,,,-1.9645,-1.9645,0.129129,0.663163,0.207708,0,0,0,flat,False,
1775839588.412518,heartbeat,2878,,,,,,,,,0,,1409.00,0.00,1409.00,1409.00,1409.00,flat,,,,,,959.2721,997,1001,999.0000,4,2.014864,-0.004831,0.001100,4.4000,,,,,,,,,,-2.0375,-2.0375,0.127500,0.663500,0.209000,0,0,0,flat,False,
1775839591.413182,heartbeat,2878,,,,,,,,,0,,1409.00,0.00,1409.00,1409.00,1409.00,flat,,,,,,960.3436,1005,1009,1007.0000,4,2.014864,-0.004831,0.001100,4.4000,,,,,,,,,,-3.0829,-3.0829,0.107838,0.661008,0.231153,0,0,0,flat,False,
1775839593.805975,news_ignored,2985,,,,,,,non_C_earnings,,0,,1409.00,0.00,1409.00,1409.00,1409.00,flat,,,,,,959.2455,996,1002,999.0000,6,2.014864,-0.004831,0.001100,4.4000,,,,,,,structured,earnings,A,-2.0115,-2.0115,0.123938,0.671664,0.204398,0,0,0,flat,False,"{'timestamp': 2985, 'kind': 'structured', 'new_data': {'value': 1.019488012562424, 'asset': 'A', 'structured_subtype': 'earnings'}}"
1775839594.413208,heartbeat,2985,,,,,,,,,0,,1409.00,0.00,1409.00,1409.00,1409.00,flat,,,,,,958.6244,995,1001,998.0000,6,2.014864,-0.004831,0.001100,4.4000,,,,,,,,,,-1.4049,-1.4049,0.132965,0.677873,0.189162,0,0,0,flat,False,
1775839596.806209,news_ignored,3000,,,,,,,non_signal_news,,0,,1409.00,0.00,1409.00,1409.00,1409.00,flat,,,,,,959.5189,999,1003,1001.0000,4,2.014864,-0.004831,0.001100,4.4000,,,,,,,structured,petition,,-2.2784,-2.2784,0.118678,0.671507,0.209815,0,0,0,flat,False,"{'timestamp': 3000, 'kind': 'structured', 'new_data': {'new_signatures': 0, 'cumulative': 0, 'asset': '', 'structured_subtype': 'petition'}}"
1775839597.413452,heartbeat,3000,,,,,,,,,0,,1409.00,0.00,1409.00,1409.00,1409.00,flat,,,,,,960.6363,1004,1007,1005.5000,3,2.014864,-0.004831,0.001100,4.4000,,,,,,,,,,-3.3683,-3.3683,0.102794,0.659681,0.237525,0,0,0,flat,False,
1775839600.414624,heartbeat,3000,,,,,,,,,0,,1409.00,0.00,1409.00,1409.00,1409.00,flat,,,,,,962.9248,1011,1016,1013.5000,5,2.014864,-0.004831,0.001100,4.4000,,,,,,,,,,-5.5957,-5.5957,0.068794,0.638584,0.292622,0,0,0,flat,False,
1775839603.414921,heartbeat,3000,,,,,,,,,0,,1409.00,0.00,1409.00,1409.00,1409.00,flat,,,,,,961.4302,1003,1007,1005.0000,4,2.014864,-0.004831,0.001100,4.4000,,,,,,,,,,-4.1416,-4.1416,0.088589,0.657157,0.254254,0,0,0,flat,False,
1775839606.415991,heartbeat,3000,,,,,,,,,0,,1409.00,0.00,1409.00,1409.00,1409.00,flat,,,,,,962.8078,1011,1016,1013.5000,5,2.014864,-0.004831,0.001100,4.4000,,,,,,,,,,-5.4820,-5.4820,0.069930,0.640859,0.289211,0,0,0,flat,False,
1775839609.415947,heartbeat,3000,,,,,,,,,0,,1409.00,0.00,1409.00,1409.00,1409.00,flat,,,,,,961.5393,1004,1007,1005.5000,3,2.014864,-0.004831,0.001100,4.4000,,,,,,,,,,-4.2479,-4.2479,0.083958,0.662169,0.253873,0,0,0,flat,False,
1775839609.810056,macro_eval,3065,,BUY,160,,,,candidate,score=-8.50 headline=Minutes reveal a majority of members favoring a shift toward accommodation.,0,,1409.00,0.00,1409.00,1409.00,1409.00,flat,,,,,,961.5778,1006,1007,1006.5000,1,2.014864,-0.004831,0.001100,4.4000,,,-8.5000,160,BUY,+0.171166,unstructured,,,-4.2854,-4.2854,0.082959,0.662669,0.254373,0,0,0,flat,False,"{'timestamp': 3065, 'kind': 'unstructured', 'new_data': {'content': 'Minutes reveal a majority of members favoring a shift toward accommodation.'}}"
1775839609.810580,macro_signal,3065,,BUY,160,,,,,score=-8.50 headline=Minutes reveal a majority of members favoring a shift toward accommodation.,0,,1409.00,0.00,1409.00,1409.00,1409.00,flat,macro,BUY,160,8.500000,True,969.8354,1006,1007,1006.5000,1,2.014864,-0.004831,0.000000,-8.0000,,,-8.5000,160,BUY,+0.171166,,,,-12.2854,-4.2854,0.082959,0.662669,0.254373,0,0,0,flat,False,"{'timestamp': 3065, 'kind': 'unstructured', 'new_data': {'content': 'Minutes reveal a majority of members favoring a shift toward accommodation.'}}"
1775839609.811388,entry_blocked,3065,,,160,,,macro,buy_over_fair_px_1007_fair_969.8,,0,,1409.00,0.00,1409.00,1409.00,1409.00,flat,macro,BUY,160,8.500000,True,969.8354,1006,1007,1006.5000,1,2.014864,-0.004831,0.000000,-8.0000,,,,,,,,,,-12.2854,-4.2854,0.082959,0.662669,0.254373,0,0,0,flat,False,
1775839609.814663,entry_blocked,3065,,,160,,,macro,buy_over_fair_px_1007_fair_969.9,,0,,1409.00,0.00,1409.00,1409.00,1409.00,flat,macro,BUY,160,8.500000,True,969.8802,1006,1007,1006.5000,1,2.014864,-0.004831,0.000000,-8.0000,,,,,,,,,,-12.3286,-4.3286,0.083796,0.659263,0.256941,0,0,0,flat,False,
1775839609.815998,entry_blocked,3065,,,160,,,macro,buy_over_fair_px_1007_fair_969.8,,0,,1409.00,0.00,1409.00,1409.00,1409.00,flat,macro,BUY,160,8.500000,True,969.8376,1006,1007,1006.5000,1,2.014864,-0.004831,0.000000,-8.0000,,,,,,,,,,-12.2875,-4.2875,0.083000,0.662500,0.254500,0,0,0,flat,False,
1775839609.817271,entry_blocked,3065,,,160,,,macro,buy_over_fair_px_1007_fair_970.1,,0,,1409.00,0.00,1409.00,1409.00,1409.00,flat,macro,BUY,160,8.500000,True,970.1447,1006,1007,1006.5000,1,2.014864,-0.004831,0.000000,-8.0000,,,,,,,,,,-12.5835,-4.5835,0.081814,0.653031,0.265155,0,0,0,flat,False,
1775839609.818018,entry_blocked,3065,,,160,,,macro,buy_over_fair_px_1007_fair_970.3,,0,,1409.00,0.00,1409.00,1409.00,1409.00,flat,macro,BUY,160,8.500000,True,970.2968,1006,1007,1006.5000,1,2.014864,-0.004831,0.000000,-8.0000,,,,,,,,,,-12.7301,-4.7301,0.077266,0.656265,0.266469,0,0,0,flat,False,
1775839609.825427,entry_blocked,3065,,,160,,,macro,buy_over_fair_px_1008_fair_970.3,,0,,1409.00,0.00,1409.00,1409.00,1409.00,flat,macro,BUY,160,8.500000,True,970.3175,1006,1008,1007.0000,2,2.014864,-0.004831,0.000000,-8.0000,,,,,,,,,,-12.7500,-4.7500,0.078000,0.654000,0.268000,0,0,0,flat,False,
1775839609.826715,entry_blocked,3065,,,160,,,macro,buy_over_fair_px_1009_fair_970.3,,0,,1409.00,0.00,1409.00,1409.00,1409.00,flat,macro,BUY,160,8.500000,True,970.3175,1006,1009,1007.5000,3,2.014864,-0.004831,0.000000,-8.0000,,,,,,,,,,-12.7500,-4.7500,0.078000,0.654000,0.268000,0,0,0,flat,False,
1775839609.827885,entry_blocked,3065,,,160,,,macro,buy_over_fair_px_1010_fair_970.3,,0,,1409.00,0.00,1409.00,1409.00,1409.00,flat,macro,BUY,160,8.500000,True,970.3175,1006,1010,1008.0000,4,2.014864,-0.004831,0.000000,-8.0000,,,,,,,,,,-12.7500,-4.7500,0.078000,0.654000,0.268000,0,0,0,flat,False,
1775839610.009021,entry_blocked,3065,,,160,,,macro,buy_over_fair_px_1010_fair_970.5,,0,,1409.00,0.00,1409.00,1409.00,1409.00,flat,macro,BUY,160,8.500000,True,970.4726,1007,1010,1008.5000,3,2.014864,-0.004831,0.000000,-8.0000,,,,,,,,,,-12.8995,-4.8995,0.073367,0.657286,0.269347,0,0,0,flat,False,
1775839610.011616,entry_blocked,3065,,,160,,,macro,buy_over_fair_px_1010_fair_970.3,,0,,1409.00,0.00,1409.00,1409.00,1409.00,flat,macro,BUY,160,8.500000,True,970.3175,1007,1010,1008.5000,3,2.014864,-0.004831,0.000000,-8.0000,,,,,,,,,,-12.7500,-4.7500,0.078000,0.654000,0.268000,0,0,0,flat,False,
1775839610.012829,entry_blocked,3065,,,160,,,macro,buy_over_fair_px_1010_fair_970.9,,0,,1409.00,0.00,1409.00,1409.00,1409.00,flat,macro,BUY,160,8.500000,True,970.8702,1007,1010,1008.5000,3,2.014864,-0.004831,0.000000,-8.0000,,,,,,,,,,-13.2824,-5.2824,0.075949,0.636806,0.287244,0,0,0,flat,False,
1775839610.014416,entry_blocked,3065,,,160,,,macro,buy_over_fair_px_1010_fair_970.3,,0,,1409.00,0.00,1409.00,1409.00,1409.00,flat,macro,BUY,160,8.500000,True,970.3175,1007,1010,1008.5000,3,2.014864,-0.004831,0.000000,-8.0000,,,,,,,,,,-12.7500,-4.7500,0.078000,0.654000,0.268000,0,0,0,flat,False,
1775839610.015876,entry_blocked,3065,,,160,,,macro,buy_over_fair_px_1010_fair_970.4,,0,,1409.00,0.00,1409.00,1409.00,1409.00,flat,macro,BUY,160,8.500000,True,970.4134,1007,1010,1008.5000,3,2.014864,-0.004831,0.000000,-8.0000,,,,,,,,,,-12.8424,-4.8424,0.079309,0.647687,0.273005,0,0,0,flat,False,
1775839610.017634,entry_blocked,3065,,,160,,,macro,buy_over_fair_px_1010_fair_970.3,,0,,1409.00,0.00,1409.00,1409.00,1409.00,flat,macro,BUY,160,8.500000,True,970.3304,1007,1010,1008.5000,3,2.014864,-0.004831,0.000000,-8.0000,,,,,,,,,,-12.7625,-4.7625,0.078000,0.653500,0.268500,0,0,0,flat,False,
1775839610.020085,entry_blocked,3065,,,160,,,macro,buy_over_fair_px_1010_fair_970.9,,0,,1409.00,0.00,1409.00,1409.00,1409.00,flat,macro,BUY,160,8.500000,True,970.8728,1007,1010,1008.5000,3,2.014864,-0.004831,0.000000,-8.0000,,,,,,,,,,-13.2849,-5.2849,0.075986,0.636629,0.287384,0,0,0,flat,False,
1775839610.021034,entry_blocked,3065,,,160,,,macro,buy_over_fair_px_1010_fair_970.3,,0,,1409.00,0.00,1409.00,1409.00,1409.00,flat,macro,BUY,160,8.500000,True,970.3304,1007,1010,1008.5000,3,2.014864,-0.004831,0.000000,-8.0000,,,,,,,,,,-12.7625,-4.7625,0.078000,0.653500,0.268500,0,0,0,flat,False,
1775839610.022362,entry_blocked,3065,,,160,,,macro,buy_over_fair_px_1010_fair_970.5,,0,,1409.00,0.00,1409.00,1409.00,1409.00,flat,macro,BUY,160,8.500000,True,970.4806,1007,1010,1008.5000,3,2.014864,-0.004831,0.000000,-8.0000,,,,,,,,,,-12.9071,-4.9071,0.073795,0.656124,0.270080,0,0,0,flat,False,
1775839610.023025,entry_blocked,3065,,,160,,,macro,buy_over_fair_px_1010_fair_970.6,,0,,1409.00,0.00,1409.00,1409.00,1409.00,flat,macro,BUY,160,8.500000,True,970.6372,1007,1010,1008.5000,3,2.014864,-0.004831,0.000000,-8.0000,,,,,,,,,,-13.0580,-5.0580,0.069122,0.659435,0.271443,0,0,0,flat,False,
1775839610.023920,entry_blocked,3065,,,160,,,macro,buy_over_fair_px_1010_fair_970.7,,0,,1409.00,0.00,1409.00,1409.00,1409.00,flat,macro,BUY,160,8.500000,True,970.7261,1007,1010,1008.5000,3,2.014864,-0.004831,0.000000,-8.0000,,,,,,,,,,-13.1437,-5.1437,0.070292,0.653669,0.276039,0,0,0,flat,False,
1775839610.024598,entry_blocked,3065,,,160,,,macro,buy_over_fair_px_1010_fair_970.6,,0,,1409.00,0.00,1409.00,1409.00,1409.00,flat,macro,BUY,160,8.500000,True,970.6399,1007,1010,1008.5000,3,2.014864,-0.004831,0.000000,-8.0000,,,,,,,,,,-13.0606,-5.0606,0.069157,0.659263,0.271580,0,0,0,flat,False,
1775839610.025166,entry_blocked,3065,,,160,,,macro,buy_over_fair_px_1010_fair_971.2,,0,,1409.00,0.00,1409.00,1409.00,1409.00,flat,macro,BUY,160,8.500000,True,971.1695,1007,1010,1008.5000,3,2.014864,-0.004831,0.000000,-8.0000,,,,,,,,,,-13.5706,-5.5706,0.067388,0.642400,0.290212,0,0,0,flat,False,
1775839610.025675,entry_blocked,3065,,,160,,,macro,buy_over_fair_px_1010_fair_970.6,,0,,1409.00,0.00,1409.00,1409.00,1409.00,flat,macro,BUY,160,8.500000,True,970.6399,1007,1010,1008.5000,3,2.014864,-0.004831,0.000000,-8.0000,,,,,,,,,,-13.0606,-5.0606,0.069157,0.659263,0.271580,0,0,0,flat,False,
1775839610.026025,entry_blocked,3065,,,160,,,macro,buy_over_fair_px_1010_fair_970.8,,0,,1409.00,0.00,1409.00,1409.00,1409.00,flat,macro,BUY,160,8.500000,True,970.8263,1007,1010,1008.5000,3,2.014864,-0.004831,0.000000,-8.0000,,,,,,,,,,-13.2401,-5.2401,0.068534,0.653327,0.278139,0,0,0,flat,False,
1775839610.027783,entry_blocked,3065,,,160,,,macro,buy_over_fair_px_1010_fair_970.9,,0,,1409.00,0.00,1409.00,1409.00,1409.00,flat,macro,BUY,160,8.500000,True,970.9148,1007,1010,1008.5000,3,2.014864,-0.004831,0.000000,-8.0000,,,,,,,,,,-13.3254,-5.3254,0.069649,0.647687,0.282664,0,0,0,flat,False,
1775839610.028705,entry_blocked,3065,,,160,,,macro,buy_over_fair_px_1010_fair_970.0,,0,,1409.00,0.00,1409.00,1409.00,1409.00,flat,macro,BUY,160,8.500000,True,969.9584,1007,1010,1008.5000,3,2.014864,-0.004831,0.000000,-8.0000,,,,,,,,,,-12.4039,-4.4039,0.072911,0.678020,0.249069,0,0,0,flat,False,
1775839610.033373,entry_blocked,3065,,,160,,,macro,buy_over_fair_px_1012_fair_970.0,,0,,1409.00,0.00,1409.00,1409.00,1409.00,flat,macro,BUY,160,8.500000,True,969.9909,1007,1012,1009.5000,5,2.014864,-0.004831,0.000000,-8.0000,,,,,,,,,,-12.4353,-4.4353,0.071923,0.678743,0.249334,0,0,0,flat,False,
1775839610.033894,entry_blocked,3065,,,160,,,macro,buy_over_fair_px_1013_fair_970.0,,0,,1409.00,0.00,1409.00,1409.00,1409.00,flat,macro,BUY,160,8.500000,True,969.9909,1007,1013,1010.0000,6,2.014864,-0.004831,0.000000,-8.0000,,,,,,,,,,-12.4353,-4.4353,0.071923,0.678743,0.249334,0,0,0,flat,False,
1775839610.201407,entry_blocked,3065,,,160,,,macro,buy_over_fair_px_1013_fair_971.6,,0,,1409.00,0.00,1409.00,1409.00,1409.00,flat,macro,BUY,160,8.500000,True,971.6102,1007,1013,1010.0000,6,2.014864,-0.004831,0.000000,-8.0000,,,,,,,,,,-13.9946,-5.9946,0.066470,0.627277,0.306253,0,0,0,flat,False,
1775839610.202722,entry_blocked,3065,,,160,,,macro,buy_over_fair_px_1013_fair_970.0,,0,,1409.00,0.00,1409.00,1409.00,1409.00,flat,macro,BUY,160,8.500000,True,969.9909,1007,1013,1010.0000,6,2.014864,-0.004831,0.000000,-8.0000,,,,,,,,,,-12.4353,-4.4353,0.071923,0.678743,0.249334,0,0,0,flat,False,
1775839610.207982,entry_blocked,3065,,,160,,,macro,buy_over_fair_px_1013_fair_971.6,,0,,1409.00,0.00,1409.00,1409.00,1409.00,flat,macro,BUY,160,8.500000,True,971.6102,1008,1013,1010.5000,5,2.014864,-0.004831,0.000000,-8.0000,,,,,,,,,,-13.9946,-5.9946,0.066470,0.627277,0.306253,0,0,0,flat,False,
1775839610.209763,entry_blocked,3065,,,160,,,macro,buy_over_fair_px_1013_fair_970.0,,0,,1409.00,0.00,1409.00,1409.00,1409.00,flat,macro,BUY,160,8.500000,True,970.0022,1008,1013,1010.5000,5,2.014864,-0.004831,0.000000,-8.0000,,,,,,,,,,-12.4462,-4.4462,0.071885,0.678381,0.249734,0,0,0,flat,False,
1775839610.215226,entry_blocked,3065,,,160,,,macro,buy_over_fair_px_1013_fair_971.6,,0,,1409.00,0.00,1409.00,1409.00,1409.00,flat,macro,BUY,160,8.500000,True,971.6102,1008,1013,1010.5000,5,2.014864,-0.004831,0.000000,-8.0000,,,,,,,,,,-13.9946,-5.9946,0.066470,0.627277,0.306253,0,0,0,flat,False,
1775839610.217602,entry_blocked,3065,,,160,,,macro,buy_over_fair_px_1013_fair_971.7,,0,,1409.00,0.00,1409.00,1409.00,1409.00,flat,macro,BUY,160,8.500000,True,971.7216,1008,1013,1010.5000,5,2.014864,-0.004831,0.000000,-8.0000,,,,,,,,,,-14.1018,-6.1018,0.063241,0.629447,0.307312,0,0,0,flat,False,
1775839610.219000,entry_blocked,3065,,,160,,,macro,buy_over_fair_px_1013_fair_971.6,,0,,1409.00,0.00,1409.00,1409.00,1409.00,flat,macro,BUY,160,8.500000,True,971.6102,1008,1013,1010.5000,5,2.014864,-0.004831,0.000000,-8.0000,,,,,,,,,,-13.9946,-5.9946,0.066470,0.627277,0.306253,0,0,0,flat,False,
1775839610.222884,entry_blocked,3065,,,160,,,macro,buy_over_fair_px_1013_fair_971.7,,0,,1409.00,0.00,1409.00,1409.00,1409.00,flat,macro,BUY,160,8.500000,True,971.7056,1008,1013,1010.5000,5,2.014864,-0.004831,0.000000,-8.0000,,,,,,,,,,-14.0864,-6.0864,0.063704,0.629136,0.307160,0,0,0,flat,False,
1775839610.223424,entry_blocked,3065,,,160,,,macro,buy_over_fair_px_1013_fair_971.8,,0,,1409.00,0.00,1409.00,1409.00,1409.00,flat,macro,BUY,160,8.500000,True,971.8017,1008,1013,1010.5000,5,2.014864,-0.004831,0.000000,-8.0000,,,,,,,,,,-14.1788,-6.1788,0.060921,0.631005,0.308073,0,0,0,flat,False,
1775839610.226466,entry_blocked,3065,,,160,,,macro,buy_over_fair_px_1013_fair_971.9,,0,,1409.00,0.00,1409.00,1409.00,1409.00,flat,macro,BUY,160,8.500000,True,971.8595,1008,1013,1010.5000,5,2.014864,-0.004831,0.000000,-8.0000,,,,,,,,,,-14.2344,-6.2344,0.060229,0.630164,0.309607,0,0,0,flat,False,
1775839610.229492,entry_blocked,3065,,,160,,,macro,buy_over_fair_px_1014_fair_971.9,,0,,1409.00,0.00,1409.00,1409.00,1409.00,flat,macro,BUY,160,8.500000,True,971.8985,1008,1014,1011.0000,6,2.014864,-0.004831,0.000000,-8.0000,,,,,,,,,,-14.2719,-6.2719,0.060591,0.627942,0.311467,0,0,0,flat,False,
1775839610.407681,entry_blocked,3065,,,160,,,macro,buy_over_fair_px_1014_fair_972.0,,0,,1409.00,0.00,1409.00,1409.00,1409.00,flat,macro,BUY,160,8.500000,True,971.9665,1008,1014,1011.0000,6,2.014864,-0.004831,0.000000,-8.0000,,,,,,,,,,-14.3373,-6.3373,0.060379,0.625749,0.313872,0,0,0,flat,False,
1775839610.409169,entry_blocked,3065,,,160,,,macro,buy_over_fair_px_1014_fair_971.9,,0,,1409.00,0.00,1409.00,1409.00,1409.00,flat,macro,BUY,160,8.500000,True,971.8985,1008,1014,1011.0000,6,2.014864,-0.004831,0.000000,-8.0000,,,,,,,,,,-14.2719,-6.2719,0.060591,0.627942,0.311467,0,0,0,flat,False,
1775839610.412536,entry_blocked,3065,,,160,,,macro,buy_over_fair_px_1014_fair_972.0,,0,,1409.00,0.00,1409.00,1409.00,1409.00,flat,macro,BUY,160,8.500000,True,971.9637,1008,1014,1011.0000,6,2.014864,-0.004831,0.000000,-8.0000,,,,,,,,,,-14.3347,-6.3347,0.058705,0.629202,0.312092,0,0,0,flat,False,
1775839610.416185,entry_blocked,3065,,,160,,,macro,buy_over_fair_px_1014_fair_972.1,,0,,1409.00,0.00,1409.00,1409.00,1409.00,flat,macro,BUY,160,8.500000,True,972.1183,1009,1014,1011.5000,5,2.014864,-0.004831,0.000000,-8.0000,,,,,,,,,,-14.4833,-6.4833,0.058238,0.624191,0.317571,0,0,0,flat,False,
1775839610.423836,entry_blocked,3065,,,160,,,macro,buy_over_fair_px_1014_fair_972.2,,0,,1409.00,0.00,1409.00,1409.00,1409.00,flat,macro,BUY,160,8.500000,True,972.2096,1009,1014,1011.5000,5,2.014864,-0.004831,0.000000,-8.0000,,,,,,,,,,-14.5711,-6.5711,0.056359,0.624439,0.319202,0,0,0,flat,False,
1775839610.428480,entry_blocked,3065,,,160,,,macro,buy_over_fair_px_1014_fair_972.3,,0,,1409.00,0.00,1409.00,1409.00,1409.00,flat,macro,BUY,160,8.500000,True,972.2596,1009,1014,1011.5000,5,2.014864,-0.004831,0.000000,-8.0000,,,,,,,,,,-14.6191,-6.6191,0.055556,0.624124,0.320320,0,0,0,flat,False,
1775839610.430990,entry_blocked,3065,,,160,,,macro,buy_over_fair_px_1015_fair_972.3,,0,,1409.00,0.00,1409.00,1409.00,1409.00,flat,macro,BUY,160,8.500000,True,972.2630,1009,1015,1012.0000,6,2.014864,-0.004831,0.000000,-8.0000,,,,,,,,,,-14.6224,-6.6224,0.055583,0.623936,0.320481,0,0,0,flat,False,
1775839610.604404,entry_blocked,3065,,,160,,,macro,buy_over_fair_px_1014_fair_972.3,,0,,1409.00,0.00,1409.00,1409.00,1409.00,flat,macro,BUY,160,8.500000,True,972.2821,1009,1014,1011.5000,5,2.014864,-0.004831,0.000000,-8.0000,,,,,,,,,,-14.6408,-6.6408,0.055528,0.623312,0.321161,0,0,0,flat,False,
1775839610.804506,entry_blocked,3065,,,160,,,macro,buy_over_fair_px_1014_fair_972.4,,0,,1409.00,0.00,1409.00,1409.00,1409.00,flat,macro,BUY,160,8.500000,True,972.3747,1008,1014,1011.0000,6,2.014864,-0.004831,0.000000,-8.0000,,,,,,,,,,-14.7298,-6.7298,0.055833,0.619143,0.325025,0,0,0,flat,False,
1775839610.820575,entry_blocked,3065,,,160,,,macro,buy_over_fair_px_1014_fair_972.5,,0,,1409.00,0.00,1409.00,1409.00,1409.00,flat,macro,BUY,160,8.500000,True,972.4537,1011,1014,1012.5000,3,2.014864,-0.004831,0.000000,-8.0000,,,,,,,,,,-14.8057,-6.8057,0.054446,0.618881,0.326673,0,0,0,flat,False,
1775839610.826571,entry_blocked,3065,,,160,,,macro,buy_over_fair_px_1015_fair_972.5,,0,,1409.00,0.00,1409.00,1409.00,1409.00,flat,macro,BUY,160,8.500000,True,972.4868,1011,1015,1013.0000,4,2.014864,-0.004831,0.000000,-8.0000,,,,,,,,,,-14.8375,-6.8375,0.053500,0.619500,0.327000,0,0,0,flat,False,
1775839610.827351,entry_blocked,3065,,,160,,,macro,buy_over_fair_px_1016_fair_972.5,,0,,1409.00,0.00,1409.00,1409.00,1409.00,flat,macro,BUY,160,8.500000,True,972.4868,1011,1016,1013.5000,5,2.014864,-0.004831,0.000000,-8.0000,,,,,,,,,,-14.8375,-6.8375,0.053500,0.619500,0.327000,0,0,0,flat,False,
1775839610.828089,entry_blocked,3065,,,160,,,macro,buy_over_fair_px_1017_fair_972.5,,0,,1409.00,0.00,1409.00,1409.00,1409.00,flat,macro,BUY,160,8.500000,True,972.4868,1011,1017,1014.0000,6,2.014864,-0.004831,0.000000,-8.0000,,,,,,,,,,-14.8375,-6.8375,0.053500,0.619500,0.327000,0,0,0,flat,False,
1775839611.005777,entry_blocked,3065,,,160,,,macro,buy_over_fair_px_1017_fair_972.6,,0,,1409.00,0.00,1409.00,1409.00,1409.00,flat,macro,BUY,160,8.500000,True,972.5692,1011,1017,1014.0000,6,2.014864,-0.004831,0.000000,-8.0000,,,,,,,,,,-14.9167,-6.9167,0.053340,0.616650,0.330010,0,0,0,flat,False,
1775839611.007252,entry_blocked,3065,,,160,,,macro,buy_over_fair_px_1017_fair_972.5,,0,,1409.00,0.00,1409.00,1409.00,1409.00,flat,macro,BUY,160,8.500000,True,972.4939,1011,1017,1014.0000,6,2.014864,-0.004831,0.000000,-8.0000,,,,,,,,,,-14.8443,-6.8443,0.053554,0.619119,0.327327,0,0,0,flat,False,
1775839611.011763,entry_blocked,3065,,,160,,,macro,buy_over_fair_px_1017_fair_972.6,,0,,1409.00,0.00,1409.00,1409.00,1409.00,flat,macro,BUY,160,8.500000,True,972.5599,1011,1017,1014.0000,6,2.014864,-0.004831,0.000000,-8.0000,,,,,,,,,,-14.9077,-6.9077,0.053367,0.616958,0.329676,0,0,0,flat,False,
1775839611.016721,entry_blocked,3065,,,160,,,macro,buy_over_fair_px_1017_fair_972.7,,0,,1409.00,0.00,1409.00,1409.00,1409.00,flat,macro,BUY,160,8.500000,True,972.6782,1011,1017,1014.0000,6,2.014864,-0.004831,0.000000,-8.0000,,,,,,,,,,-15.0215,-7.0215,0.051474,0.616192,0.332334,0,0,0,flat,False,
1775839611.023231,entry_blocked,3065,,,160,,,macro,buy_over_fair_px_1015_fair_972.7,,0,,1409.00,0.00,1409.00,1409.00,1409.00,flat,macro,BUY,160,8.500000,True,972.6912,1011,1015,1013.0000,4,2.014864,-0.004831,0.000000,-8.0000,,,,,,,,,,-15.0340,-7.0340,0.051474,0.615692,0.332834,0,0,0,flat,False,
1775839611.025593,entry_blocked,3065,,,160,,,macro,buy_over_fair_px_1015_fair_972.8,,0,,1409.00,0.00,1409.00,1409.00,1409.00,flat,macro,BUY,160,8.500000,True,972.7506,1011,1015,1013.0000,4,2.014864,-0.004831,0.000000,-8.0000,,,,,,,,,,-15.0910,-7.0910,0.050025,0.616308,0.333667,0,0,0,flat,False,
1775839611.210123,entry_blocked,3065,,,160,,,macro,buy_over_fair_px_1013_fair_972.8,,0,,1409.00,0.00,1409.00,1409.00,1409.00,flat,macro,BUY,160,8.500000,True,972.8232,1009,1013,1011.0000,4,2.014864,-0.004831,0.000000,-8.0000,,,,,,,,,,-15.1607,-7.1607,0.049574,0.614422,0.336004,0,0,0,flat,False,
1775839611.211359,entry_blocked,3065,,,160,,,macro,buy_over_fair_px_1013_fair_972.9,,0,,1409.00,0.00,1409.00,1409.00,1409.00,flat,macro,BUY,160,8.500000,True,972.8788,1009,1013,1011.0000,4,2.014864,-0.004831,0.000000,-8.0000,,,,,,,,,,-15.2142,-7.2142,0.049426,0.612581,0.337993,0,0,0,flat,False,
1775839611.221191,entry_blocked,3065,,,160,,,macro,buy_over_fair_px_1013_fair_973.0,,0,,1409.00,0.00,1409.00,1409.00,1409.00,flat,macro,BUY,160,8.500000,True,972.9551,1009,1013,1011.0000,4,2.014864,-0.004831,0.000000,-8.0000,,,,,,,,,,-15.2875,-7.2875,0.048000,0.612500,0.339500,0,0,0,flat,False,
1775839611.421832,entry_blocked,3065,,,160,,,macro,buy_over_fair_px_1014_fair_973.0,,0,,1409.00,0.00,1409.00,1409.00,1409.00,flat,macro,BUY,160,8.500000,True,972.9980,1008,1014,1011.0000,6,2.014864,-0.004831,0.000000,-8.0000,,,,,,,,,,-15.3287,-7.3287,0.049025,0.608804,0.342171,0,0,0,flat,False,
1775839611.602247,entry_blocked,3065,,,160,,,macro,buy_over_fair_px_1014_fair_973.1,,0,,1409.00,0.00,1409.00,1409.00,1409.00,flat,macro,BUY,160,8.500000,True,973.0675,1008,1014,1011.0000,6,2.014864,-0.004831,0.000000,-8.0000,,,,,,,,,,-15.3954,-7.3954,0.049801,0.604582,0.345618,0,0,0,flat,False,
1775839611.608001,entry_blocked,3065,,,160,,,macro,buy_over_fair_px_1014_fair_973.2,,0,,1409.00,0.00,1409.00,1409.00,1409.00,flat,macro,BUY,160,8.500000,True,973.1569,1010,1014,1012.0000,4,2.014864,-0.004831,0.000000,-8.0000,,,,,,,,,,-15.4813,-7.4813,0.048379,0.603990,0.347631,0,0,0,flat,False,
1775839611.617561,entry_blocked,3065,,,160,,,macro,buy_over_fair_px_1015_fair_973.2,,0,,1409.00,0.00,1409.00,1409.00,1409.00,flat,macro,BUY,160,8.500000,True,973.2194,1010,1015,1012.5000,5,2.014864,-0.004831,0.000000,-8.0000,,,,,,,,,,-15.5413,-7.5413,0.047524,0.603302,0.349175,0,0,0,flat,False,
1775839611.618089,entry_blocked,3065,,,160,,,macro,buy_over_fair_px_1016_fair_973.2,,0,,1409.00,0.00,1409.00,1409.00,1409.00,flat,macro,BUY,160,8.500000,True,973.2194,1010,1016,1013.0000,6,2.014864,-0.004831,0.000000,-8.0000,,,,,,,,,,-15.5413,-7.5413,0.047524,0.603302,0.349175,0,0,0,flat,False,
1775839611.801190,entry_blocked,3065,,,160,,,macro,buy_over_fair_px_1016_fair_973.3,,0,,1409.00,0.00,1409.00,1409.00,1409.00,flat,macro,BUY,160,8.500000,True,973.2506,1010,1016,1013.0000,6,2.014864,-0.004831,0.000000,-8.0000,,,,,,,,,,-15.5712,-7.5712,0.047476,0.602199,0.350325,0,0,0,flat,False,
1775839611.818728,entry_blocked,3065,,,160,,,macro,buy_over_fair_px_1017_fair_973.3,,0,,1409.00,0.00,1409.00,1409.00,1409.00,flat,macro,BUY,160,8.500000,True,973.3416,1011,1017,1014.0000,6,2.014864,-0.004831,0.000000,-8.0000,,,,,,,,,,-15.6587,-7.6587,0.046977,0.599700,0.353323,0,0,0,flat,False,
1775839612.011072,entry_blocked,3065,,,160,,,macro,buy_over_fair_px_1016_fair_973.3,,0,,1409.00,0.00,1409.00,1409.00,1409.00,flat,macro,BUY,160,8.500000,True,973.3377,1011,1016,1013.5000,5,2.014864,-0.004831,0.000000,-8.0000,,,,,,,,,,-15.6548,-7.6548,0.046953,0.599900,0.353147,0,0,0,flat,False,
1775839612.016449,entry_blocked,3065,,,160,,,macro,buy_over_fair_px_1016_fair_973.4,,0,,1409.00,0.00,1409.00,1409.00,1409.00,flat,macro,BUY,160,8.500000,True,973.3717,1011,1016,1013.5000,5,2.014864,-0.004831,0.000000,-8.0000,,,,,,,,,,-15.6875,-7.6875,0.046000,0.600500,0.353500,0,0,0,flat,False,
1775839612.216578,entry_blocked,3065,,,160,,,macro,buy_over_fair_px_1015_fair_973.4,,0,,1409.00,0.00,1409.00,1409.00,1409.00,flat,macro,BUY,160,8.500000,True,973.4238,1010,1015,1012.5000,5,2.014864,-0.004831,0.000000,-8.0000,,,,,,,,,,-15.7375,-7.7375,0.045500,0.599500,0.355000,0,0,0,flat,False,
1775839612.414903,entry_blocked,3065,,,160,,,macro,buy_over_fair_px_1015_fair_973.5,,0,,1409.00,0.00,1409.00,1409.00,1409.00,flat,macro,BUY,160,8.500000,True,973.4978,1010,1015,1012.5000,5,2.014864,-0.004831,0.000000,-8.0000,,,,,,,,,,-15.8086,-7.8086,0.044478,0.598701,0.356822,0,0,0,flat,False,
1775839612.416244,heartbeat,3065,,,,,,,,,0,,1409.00,0.00,1409.00,1409.00,1409.00,flat,macro,BUY,160,8.500000,True,973.4978,1010,1015,1012.5000,5,2.014864,-0.004831,0.000000,-8.0000,,,,,,,,,,-15.8086,-7.8086,0.044478,0.598701,0.356822,0,0,0,flat,False,
1775839612.431043,entry_blocked,3065,,,160,,,macro,buy_over_fair_px_1016_fair_973.5,,0,,1409.00,0.00,1409.00,1409.00,1409.00,flat,macro,BUY,160,8.500000,True,973.5499,1010,1016,1013.0000,6,2.014864,-0.004831,0.000000,-8.0000,,,,,,,,,,-15.8586,-7.8586,0.043478,0.598701,0.357821,0,0,0,flat,False,
1775839612.607498,entry_blocked,3065,,,160,,,macro,buy_over_fair_px_1016_fair_973.6,,0,,1409.00,0.00,1409.00,1409.00,1409.00,flat,macro,BUY,160,8.500000,True,973.6475,1011,1016,1013.5000,5,2.014864,-0.004831,0.000000,-8.0000,,,,,,,,,,-15.9523,-7.9523,0.043241,0.595427,0.361332,0,0,0,flat,False,
1775839612.608424,entry_blocked,3065,,,160,,,macro,buy_over_fair_px_1016_fair_973.5,,0,,1409.00,0.00,1409.00,1409.00,1409.00,flat,macro,BUY,160,8.500000,True,973.5499,1011,1016,1013.5000,5,2.014864,-0.004831,0.000000,-8.0000,,,,,,,,,,-15.8586,-7.8586,0.043478,0.598701,0.357821,0,0,0,flat,False,
1775839612.609194,entry_blocked,3065,,,160,,,macro,buy_over_fair_px_1016_fair_973.6,,0,,1409.00,0.00,1409.00,1409.00,1409.00,flat,macro,BUY,160,8.500000,True,973.6013,1011,1016,1013.5000,5,2.014864,-0.004831,0.000000,-8.0000,,,,,,,,,,-15.9079,-7.9079,0.042042,0.599600,0.358358,0,0,0,flat,False,
1775839612.611675,entry_blocked,3065,,,160,,,macro,buy_over_fair_px_1016_fair_973.7,,0,,1409.00,0.00,1409.00,1409.00,1409.00,flat,macro,BUY,160,8.500000,True,973.7275,1011,1016,1013.5000,5,2.014864,-0.004831,0.000000,-8.0000,,,,,,,,,,-16.0290,-8.0290,0.042021,0.594797,0.363182,0,0,0,flat,False,
1775839612.612565,entry_blocked,3065,,,160,,,macro,buy_over_fair_px_1016_fair_973.6,,0,,1409.00,0.00,1409.00,1409.00,1409.00,flat,macro,BUY,160,8.500000,True,973.6386,1011,1016,1013.5000,5,2.014864,-0.004831,0.000000,-8.0000,,,,,,,,,,-15.9437,-7.9437,0.042232,0.597788,0.359980,0,0,0,flat,False,
1775839612.613187,entry_blocked,3065,,,160,,,macro,buy_over_fair_px_1016_fair_973.7,,0,,1409.00,0.00,1409.00,1409.00,1409.00,flat,macro,BUY,160,8.500000,True,973.6564,1011,1016,1013.5000,5,2.014864,-0.004831,0.000000,-8.0000,,,,,,,,,,-15.9608,-7.9608,0.042190,0.597187,0.360623,0,0,0,flat,False,
1775839612.623639,entry_blocked,3065,,,160,,,macro,buy_over_fair_px_1016_fair_973.8,,0,,1409.00,0.00,1409.00,1409.00,1409.00,flat,macro,BUY,160,8.500000,True,973.7540,1011,1016,1013.5000,5,2.014864,-0.004831,0.000000,-8.0000,,,,,,,,,,-16.0544,-8.0544,0.041958,0.593906,0.364136,0,0,0,flat,False,
1775839612.630696,entry_blocked,3065,,,160,,,macro,buy_over_fair_px_1017_fair_973.8,,0,,1409.00,0.00,1409.00,1409.00,1409.00,flat,macro,BUY,160,8.500000,True,973.8141,1011,1017,1014.0000,6,2.014864,-0.004831,0.000000,-8.0000,,,,,,,,,,-16.1122,-8.1122,0.040561,0.594392,0.365048,0,0,0,flat,False,
1775839612.825462,entry_blocked,3065,,,160,,,macro,buy_over_fair_px_1017_fair_973.9,,0,,1409.00,0.00,1409.00,1409.00,1409.00,flat,macro,BUY,160,8.500000,True,973.9193,1011,1017,1014.0000,6,2.014864,-0.004831,0.000000,-8.0000,,,,,,,,,,-16.2130,-8.2130,0.040319,0.590841,0.368840,0,0,0,flat,False,
1775839612.827005,entry_blocked,3065,,,160,,,macro,buy_over_fair_px_1017_fair_973.8,,0,,1409.00,0.00,1409.00,1409.00,1409.00,flat,macro,BUY,160,8.500000,True,973.8141,1011,1017,1014.0000,6,2.014864,-0.004831,0.000000,-8.0000,,,,,,,,,,-16.1122,-8.1122,0.040561,0.594392,0.365048,0,0,0,flat,False,
1775839612.829448,entry_blocked,3065,,,160,,,macro,buy_over_fair_px_1017_fair_973.9,,0,,1409.00,0.00,1409.00,1409.00,1409.00,flat,macro,BUY,160,8.500000,True,973.9105,1011,1017,1014.0000,6,2.014864,-0.004831,0.000000,-8.0000,,,,,,,,,,-16.2047,-8.2047,0.040339,0.591135,0.368526,0,0,0,flat,False,
1775839612.831260,entry_blocked,3065,,,160,,,macro,buy_over_fair_px_1017_fair_974.0,,0,,1409.00,0.00,1409.00,1409.00,1409.00,flat,macro,BUY,160,8.500000,True,973.9887,1011,1017,1014.0000,6,2.014864,-0.004831,0.000000,-8.0000,,,,,,,,,,-16.2796,-8.2796,0.040159,0.588498,0.371344,0,0,0,flat,False,
1775839612.839417,entry_blocked,3065,,,160,,,macro,buy_over_fair_px_1017_fair_974.1,,0,,1409.00,0.00,1409.00,1409.00,1409.00,flat,macro,BUY,160,8.500000,True,974.0533,1015,1017,1016.0000,2,2.014864,-0.004831,0.000000,-8.0000,,,,,,,,,,-16.3416,-8.3416,0.039343,0.587649,0.373008,0,0,0,flat,False,
1775839612.849985,entry_blocked,3065,,,160,,,macro,buy_over_fair_px_1017_fair_974.2,,0,,1409.00,0.00,1409.00,1409.00,1409.00,flat,macro,BUY,160,8.500000,True,974.1532,1015,1017,1016.0000,2,2.014864,-0.004831,0.000000,-8.0000,,,,,,,,,,-16.4375,-8.4375,0.038000,0.586500,0.375500,0,0,0,flat,False,
1775839612.857327,entry_blocked,3065,,,160,,,macro,buy_over_fair_px_1018_fair_974.2,,0,,1409.00,0.00,1409.00,1409.00,1409.00,flat,macro,BUY,160,8.500000,True,974.1620,1015,1018,1016.5000,3,2.014864,-0.004831,0.000000,-8.0000,,,,,,,,,,-16.4459,-8.4459,0.038038,0.586086,0.375876,0,0,0,flat,False,
1775839612.859365,entry_blocked,3065,,,160,,,macro,buy_over_fair_px_1019_fair_974.2,,0,,1409.00,0.00,1409.00,1409.00,1409.00,flat,macro,BUY,160,8.500000,True,974.1620,1015,1019,1017.0000,4,2.014864,-0.004831,0.000000,-8.0000,,,,,,,,,,-16.4459,-8.4459,0.038038,0.586086,0.375876,0,0,0,flat,False,
1775839612.860977,entry_blocked,3065,,,160,,,macro,buy_over_fair_px_1020_fair_974.2,,0,,1409.00,0.00,1409.00,1409.00,1409.00,flat,macro,BUY,160,8.500000,True,974.1620,1015,1020,1017.5000,5,2.014864,-0.004831,0.000000,-8.0000,,,,,,,,,,-16.4459,-8.4459,0.038038,0.586086,0.375876,0,0,0,flat,False,
1775839613.005371,entry_blocked,3065,,,160,,,macro,buy_over_fair_px_1019_fair_974.2,,0,,1409.00,0.00,1409.00,1409.00,1409.00,flat,macro,BUY,160,8.500000,True,974.1620,1015,1019,1017.0000,4,2.014864,-0.004831,0.000000,-8.0000,,,,,,,,,,-16.4459,-8.4459,0.038038,0.586086,0.375876,0,0,0,flat,False,
1775839613.007635,entry_blocked,3065,,,160,,,macro,buy_over_fair_px_1019_fair_974.3,,0,,1409.00,0.00,1409.00,1409.00,1409.00,flat,macro,BUY,160,8.500000,True,974.2743,1015,1019,1017.0000,4,2.014864,-0.004831,0.000000,-8.0000,,,,,,,,,,-16.5536,-8.5536,0.036908,0.584040,0.379052,0,0,0,flat,False,
1775839613.012000,entry_blocked,3065,,,160,,,macro,buy_over_fair_px_1019_fair_974.4,,0,,1409.00,0.00,1409.00,1409.00,1409.00,flat,macro,BUY,160,8.500000,True,974.3783,1015,1019,1017.0000,4,2.014864,-0.004831,0.000000,-8.0000,,,,,,,,,,-16.6534,-8.6534,0.036908,0.580050,0.383042,0,0,0,flat,False,
1775839613.013544,entry_blocked,3065,,,160,,,macro,buy_over_fair_px_1019_fair_974.3,,0,,1409.00,0.00,1409.00,1409.00,1409.00,flat,macro,BUY,160,8.500000,True,974.3425,1015,1019,1017.0000,4,2.014864,-0.004831,0.000000,-8.0000,,,,,,,,,,-16.6190,-8.6190,0.036761,0.581719,0.381520,0,0,0,flat,False,
1775839613.015348,entry_blocked,3065,,,160,,,macro,buy_over_fair_px_1019_fair_974.4,,0,,1409.00,0.00,1409.00,1409.00,1409.00,flat,macro,BUY,160,8.500000,True,974.3738,1015,1019,1017.0000,4,2.014864,-0.004831,0.000000,-8.0000,,,,,,,,,,-16.6491,-8.6491,0.036889,0.580259,0.382851,0,0,0,flat,False,
1775839613.023542,entry_blocked,3065,,,160,,,macro,buy_over_fair_px_1019_fair_974.5,,0,,1409.00,0.00,1409.00,1409.00,1409.00,flat,macro,BUY,160,8.500000,True,974.4530,1015,1019,1017.0000,4,2.014864,-0.004831,0.000000,-8.0000,,,,,,,,,,-16.7250,-8.7250,0.036000,0.579000,0.385000,0,0,0,flat,False,
1775839613.212155,entry_blocked,3065,,,160,,,macro,buy_over_fair_px_1018_fair_974.5,,0,,1409.00,0.00,1409.00,1409.00,1409.00,flat,macro,BUY,160,8.500000,True,974.5052,1013,1018,1015.5000,5,2.014864,-0.004831,0.000000,-8.0000,,,,,,,,,,-16.7750,-8.7750,0.035500,0.578000,0.386500,0,0,0,flat,False,
1775839613.217709,entry_blocked,3065,,,160,,,macro,buy_over_fair_px_1018_fair_974.6,,0,,1409.00,0.00,1409.00,1409.00,1409.00,flat,macro,BUY,160,8.500000,True,974.5734,1013,1018,1015.5000,5,2.014864,-0.004831,0.000000,-8.0000,,,,,,,,,,-16.8404,-8.8404,0.035411,0.575561,0.389027,0,0,0,flat,False,
1775839613.420977,entry_blocked,3065,,,160,,,macro,buy_over_fair_px_1018_fair_974.5,,0,,1409.00,0.00,1409.00,1409.00,1409.00,flat,macro,BUY,160,8.500000,True,974.5397,1012,1018,1015.0000,6,2.014864,-0.004831,0.000000,-8.0000,,,,,,,,,,-16.8081,-8.8081,0.035982,0.575712,0.388306,0,0,0,flat,False,
1775839613.616727,entry_blocked,3065,,,160,,,macro,buy_over_fair_px_1018_fair_974.4,,0,,1409.00,0.00,1409.00,1409.00,1409.00,flat,macro,BUY,160,8.500000,True,974.4445,1013,1018,1015.5000,5,2.014864,-0.004831,0.000000,-8.0000,,,,,,,,,,-16.7169,-8.7169,0.037019,0.577289,0.385693,0,0,0,flat,False,
1775839613.621952,entry_blocked,3065,,,160,,,macro,buy_over_fair_px_1019_fair_974.4,,0,,1409.00,0.00,1409.00,1409.00,1409.00,flat,macro,BUY,160,8.500000,True,974.4355,1013,1019,1016.0000,6,2.014864,-0.004831,0.000000,-8.0000,,,,,,,,,,-16.7081,-8.7081,0.036982,0.577711,0.385307,0,0,0,flat,False,
1775839613.810309,entry_blocked,3065,,,160,,,macro,buy_over_fair_px_1019_fair_974.5,,0,,1409.00,0.00,1409.00,1409.00,1409.00,flat,macro,BUY,160,8.500000,True,974.4661,1013,1019,1016.0000,6,2.014864,-0.004831,0.000000,-8.0000,,,,,,,,,,-16.7375,-8.7375,0.036500,0.577500,0.386000,0,0,0,flat,False,
1775839614.002576,entry_blocked,3065,,,160,,,macro,buy_over_fair_px_1019_fair_974.6,,0,,1409.00,0.00,1409.00,1409.00,1409.00,flat,macro,BUY,160,8.500000,True,974.5558,1013,1019,1016.0000,6,2.014864,-0.004831,0.000000,-8.0000,,,,,,,,,,-16.8235,-8.8235,0.035892,0.575274,0.388833,0,0,0,flat,False,
1775839614.215357,entry_blocked,3065,,,160,,,macro,buy_over_fair_px_1018_fair_974.6,,0,,1409.00,0.00,1409.00,1409.00,1409.00,flat,macro,BUY,160,8.500000,True,974.6049,1013,1018,1015.5000,5,2.014864,-0.004831,0.000000,-8.0000,,,,,,,,,,-16.8706,-8.8706,0.035982,0.573213,0.390805,0,0,0,flat,False,
1775839614.404067,entry_blocked,3065,,,160,,,macro,buy_over_fair_px_1015_fair_974.6,,0,,1409.00,0.00,1409.00,1409.00,1409.00,flat,macro,BUY,160,8.500000,True,974.6002,1012,1015,1013.5000,3,2.014864,-0.004831,0.000000,-8.0000,,,,,,,,,,-16.8661,-8.8661,0.035964,0.573427,0.390609,0,0,0,flat,False,
1775839614.418314,entry_blocked,3065,,,160,,,macro,buy_over_fair_px_1015_fair_974.5,,0,,1409.00,0.00,1409.00,1409.00,1409.00,flat,macro,BUY,160,8.500000,True,974.5489,1012,1015,1013.5000,3,2.014864,-0.004831,0.000000,-8.0000,,,,,,,,,,-16.8169,-8.8169,0.036018,0.575288,0.388694,0,0,0,flat,False,
1775839614.606061,entry_blocked,3065,,,160,,,macro,buy_over_fair_px_1014_fair_974.5,,0,,1409.00,0.00,1409.00,1409.00,1409.00,flat,macro,BUY,160,8.500000,True,974.5214,1009,1014,1011.5000,5,2.014864,-0.004831,0.000000,-8.0000,,,,,,,,,,-16.7905,-8.7905,0.035910,0.576559,0.387531,0,0,0,flat,False,
1775839614.614895,entry_blocked,3065,,,160,,,macro,buy_over_fair_px_1014_fair_974.4,,0,,1409.00,0.00,1409.00,1409.00,1409.00,flat,macro,BUY,160,8.500000,True,974.4355,1009,1014,1011.5000,5,2.014864,-0.004831,0.000000,-8.0000,,,,,,,,,,-16.7081,-8.7081,0.036982,0.577711,0.385307,0,0,0,flat,False,
1775839614.816435,entry_blocked,3065,,,160,,,macro,buy_over_fair_px_1014_fair_974.3,,0,,1409.00,0.00,1409.00,1409.00,1409.00,flat,macro,BUY,160,8.500000,True,974.3317,1011,1014,1012.5000,3,2.014864,-0.004831,0.000000,-8.0000,,,,,,,,,,-16.6086,-8.6086,0.038038,0.579580,0.382382,0,0,0,flat,False,
1775839614.831230,entry_blocked,3065,,,160,,,macro,buy_over_fair_px_1015_fair_974.3,,0,,1409.00,0.00,1409.00,1409.00,1409.00,flat,macro,BUY,160,8.500000,True,974.3227,1011,1015,1013.0000,4,2.014864,-0.004831,0.000000,-8.0000,,,,,,,,,,-16.6000,-8.6000,0.038000,0.580000,0.382000,0,0,0,flat,False,
1775839614.831787,entry_blocked,3065,,,160,,,macro,buy_over_fair_px_1016_fair_974.3,,0,,1409.00,0.00,1409.00,1409.00,1409.00,flat,macro,BUY,160,8.500000,True,974.3227,1011,1016,1013.5000,5,2.014864,-0.004831,0.000000,-8.0000,,,,,,,,,,-16.6000,-8.6000,0.038000,0.580000,0.382000,0,0,0,flat,False,
1775839614.832327,entry_blocked,3065,,,160,,,macro,buy_over_fair_px_1017_fair_974.3,,0,,1409.00,0.00,1409.00,1409.00,1409.00,flat,macro,BUY,160,8.500000,True,974.3227,1011,1017,1014.0000,6,2.014864,-0.004831,0.000000,-8.0000,,,,,,,,,,-16.6000,-8.6000,0.038000,0.580000,0.382000,0,0,0,flat,False,
1775839615.004133,entry_blocked,3065,,,160,,,macro,buy_over_fair_px_1017_fair_974.2,,0,,1409.00,0.00,1409.00,1409.00,1409.00,flat,macro,BUY,160,8.500000,True,974.2448,1011,1017,1014.0000,6,2.014864,-0.004831,0.000000,-8.0000,,,,,,,,,,-16.5253,-8.5253,0.039059,0.580871,0.380070,0,0,0,flat,False,
1775839615.005041,entry_blocked,3065,,,160,,,macro,buy_over_fair_px_1014_fair_974.2,,0,,1409.00,0.00,1409.00,1409.00,1409.00,flat,macro,BUY,160,8.500000,True,974.2314,1011,1014,1012.5000,3,2.014864,-0.004831,0.000000,-8.0000,,,,,,,,,,-16.5125,-8.5125,0.039000,0.581500,0.379500,0,0,0,flat,False,
1775839615.203794,entry_blocked,3065,,,160,,,macro,buy_over_fair_px_1014_fair_974.1,,0,,1409.00,0.00,1409.00,1409.00,1409.00,flat,macro,BUY,160,8.500000,True,974.1485,1008,1014,1011.0000,6,2.014864,-0.004831,0.000000,-8.0000,,,,,,,,,,-16.4330,-8.4330,0.039860,0.582960,0.377180,0,0,0,flat,False,
1775839615.208919,entry_blocked,3065,,,160,,,macro,buy_over_fair_px_1014_fair_974.2,,0,,1409.00,0.00,1409.00,1409.00,1409.00,flat,macro,BUY,160,8.500000,True,974.1833,1008,1014,1011.0000,6,2.014864,-0.004831,0.000000,-8.0000,,,,,,,,,,-16.4663,-8.4663,0.038903,0.583541,0.377556,0,0,0,flat,False,
1775839615.216811,entry_blocked,3065,,,160,,,macro,buy_over_fair_px_1014_fair_974.1,,0,,1409.00,0.00,1409.00,1409.00,1409.00,flat,macro,BUY,160,8.500000,True,974.1316,1008,1014,1011.0000,6,2.014864,-0.004831,0.000000,-8.0000,,,,,,,,,,-16.4167,-8.4167,0.039020,0.585293,0.375688,0,0,0,flat,False,
1775839615.409895,entry_blocked,3065,,,160,,,macro,buy_over_fair_px_1014_fair_974.0,,0,,1409.00,0.00,1409.00,1409.00,1409.00,flat,macro,BUY,160,8.500000,True,974.0403,1008,1014,1011.0000,6,2.014864,-0.004831,0.000000,-8.0000,,,,,,,,,,-16.3292,-8.3292,0.039020,0.588794,0.372186,0,0,0,flat,False,
1775839615.416676,heartbeat,3065,,,,,,,,,0,,1409.00,0.00,1409.00,1409.00,1409.00,flat,macro,BUY,160,8.500000,True,974.0403,1008,1014,1011.0000,6,2.014864,-0.004831,0.000000,-8.0000,,,,,,,,,,-16.3292,-8.3292,0.039020,0.588794,0.372186,0,0,0,flat,False,
1775839615.604677,entry_blocked,3065,,,160,,,macro,buy_over_fair_px_1014_fair_973.9,,0,,1409.00,0.00,1409.00,1409.00,1409.00,flat,macro,BUY,160,8.500000,True,973.9406,1008,1014,1011.0000,6,2.014864,-0.004831,0.000000,-8.0000,,,,,,,,,,-16.2335,-8.2335,0.040419,0.589820,0.369760,0,0,0,flat,False,
1775839615.622494,entry_blocked,3065,,,160,,,macro,buy_over_fair_px_1014_fair_973.8,,0,,1409.00,0.00,1409.00,1409.00,1409.00,flat,macro,BUY,160,8.500000,True,973.8411,1008,1014,1011.0000,6,2.014864,-0.004831,0.000000,-8.0000,,,,,,,,,,-16.1381,-8.1381,0.040877,0.592722,0.366401,0,0,0,flat,False,
1775839615.823318,entry_blocked,3065,,,160,,,macro,buy_over_fair_px_1015_fair_973.8,,0,,1409.00,0.00,1409.00,1409.00,1409.00,flat,macro,BUY,160,8.500000,True,973.8448,1011,1015,1013.0000,4,2.014864,-0.004831,0.000000,-8.0000,,,,,,,,,,-16.1416,-8.1416,0.041021,0.592296,0.366683,0,0,0,flat,False,
1775839615.823834,entry_blocked,3065,,,160,,,macro,buy_over_fair_px_1016_fair_973.8,,0,,1409.00,0.00,1409.00,1409.00,1409.00,flat,macro,BUY,160,8.500000,True,973.8448,1011,1016,1013.5000,5,2.014864,-0.004831,0.000000,-8.0000,,,,,,,,,,-16.1416,-8.1416,0.041021,0.592296,0.366683,0,0,0,flat,False,
1775839615.824664,entry_blocked,3065,,,160,,,macro,buy_over_fair_px_1017_fair_973.8,,0,,1409.00,0.00,1409.00,1409.00,1409.00,flat,macro,BUY,160,8.500000,True,973.8448,1011,1017,1014.0000,6,2.014864,-0.004831,0.000000,-8.0000,,,,,,,,,,-16.1416,-8.1416,0.041021,0.592296,0.366683,0,0,0,flat,False,
1775839616.006986,entry_blocked,3065,,,160,,,macro,buy_over_fair_px_1017_fair_973.9,,0,,1409.00,0.00,1409.00,1409.00,1409.00,flat,macro,BUY,160,8.500000,True,973.9235,1011,1017,1014.0000,6,2.014864,-0.004831,0.000000,-8.0000,,,,,,,,,,-16.2171,-8.2171,0.040837,0.589641,0.369522,0,0,0,flat,False,
1775839616.008957,entry_blocked,3065,,,160,,,macro,buy_over_fair_px_1017_fair_973.8,,0,,1409.00,0.00,1409.00,1409.00,1409.00,flat,macro,BUY,160,8.500000,True,973.8448,1011,1017,1014.0000,6,2.014864,-0.004831,0.000000,-8.0000,,,,,,,,,,-16.1416,-8.1416,0.041021,0.592296,0.366683,0,0,0,flat,False,
1775839616.012001,entry_blocked,3065,,,160,,,macro,buy_over_fair_px_1017_fair_973.9,,0,,1409.00,0.00,1409.00,1409.00,1409.00,flat,macro,BUY,160,8.500000,True,973.9148,1011,1017,1014.0000,6,2.014864,-0.004831,0.000000,-8.0000,,,,,,,,,,-16.2088,-8.2088,0.040857,0.589935,0.369208,0,0,0,flat,False,
1775839616.016751,entry_blocked,3065,,,160,,,macro,buy_over_fair_px_1017_fair_974.0,,0,,1409.00,0.00,1409.00,1409.00,1409.00,flat,macro,BUY,160,8.500000,True,973.9623,1013,1017,1015.0000,4,2.014864,-0.004831,0.000000,-8.0000,,,,,,,,,,-16.2544,-8.2544,0.040898,0.588030,0.371072,0,0,0,flat,False,
1775839616.027763,entry_blocked,3065,,,160,,,macro,buy_over_fair_px_1017_fair_974.1,,0,,1409.00,0.00,1409.00,1409.00,1409.00,flat,macro,BUY,160,8.500000,True,974.0577,1013,1017,1015.0000,4,2.014864,-0.004831,0.000000,-8.0000,,,,,,,,,,-16.3458,-8.3458,0.039039,0.588088,0.372873,0,0,0,flat,False,
1775839616.032103,entry_blocked,3065,,,160,,,macro,buy_over_fair_px_1018_fair_974.1,,0,,1409.00,0.00,1409.00,1409.00,1409.00,flat,macro,BUY,160,8.500000,True,974.1012,1013,1018,1015.5000,5,2.014864,-0.004831,0.000000,-8.0000,,,,,,,,,,-16.3876,-8.3876,0.038057,0.588383,0.373560,0,0,0,flat,False,
1775839616.033202,entry_blocked,3065,,,160,,,macro,buy_over_fair_px_1019_fair_974.1,,0,,1409.00,0.00,1409.00,1409.00,1409.00,flat,macro,BUY,160,8.500000,True,974.1012,1013,1019,1016.0000,6,2.014864,-0.004831,0.000000,-8.0000,,,,,,,,,,-16.3876,-8.3876,0.038057,0.588383,0.373560,0,0,0,flat,False,
1775839616.205639,entry_blocked,3065,,,160,,,macro,buy_over_fair_px_1017_fair_974.1,,0,,1409.00,0.00,1409.00,1409.00,1409.00,flat,macro,BUY,160,8.500000,True,974.1099,1013,1017,1015.0000,4,2.014864,-0.004831,0.000000,-8.0000,,,,,,,,,,-16.3959,-8.3959,0.038038,0.588088,0.373874,0,0,0,flat,False,
1775839616.217859,entry_blocked,3065,,,160,,,macro,buy_over_fair_px_1017_fair_974.2,,0,,1409.00,0.00,1409.00,1409.00,1409.00,flat,macro,BUY,160,8.500000,True,974.1791,1013,1017,1015.0000,4,2.014864,-0.004831,0.000000,-8.0000,,,,,,,,,,-16.4623,-8.4623,0.037943,0.585622,0.376435,0,0,0,flat,False,
1775839616.406738,entry_blocked,3065,,,160,,,macro,buy_over_fair_px_1017_fair_974.1,,0,,1409.00,0.00,1409.00,1409.00,1409.00,flat,macro,BUY,160,8.500000,True,974.1316,1011,1017,1014.0000,6,2.014864,-0.004831,0.000000,-8.0000,,,,,,,,,,-16.4167,-8.4167,0.038019,0.587294,0.374687,0,0,0,flat,False,
1775839616.610756,entry_blocked,3065,,,160,,,macro,buy_over_fair_px_1017_fair_974.0,,0,,1409.00,0.00,1409.00,1409.00,1409.00,flat,macro,BUY,160,8.500000,True,974.0446,1011,1017,1014.0000,6,2.014864,-0.004831,0.000000,-8.0000,,,,,,,,,,-16.3333,-8.3333,0.038981,0.588706,0.372314,0,0,0,flat,False,
1775839616.614996,entry_blocked,3065,,,160,,,macro,buy_over_fair_px_1016_fair_974.0,,0,,1409.00,0.00,1409.00,1409.00,1409.00,flat,macro,BUY,160,8.500000,True,974.0446,1011,1016,1013.5000,5,2.014864,-0.004831,0.000000,-8.0000,,,,,,,,,,-16.3333,-8.3333,0.038981,0.588706,0.372314,0,0,0,flat,False,
1775839616.804723,entry_blocked,3065,,,160,,,macro,buy_over_fair_px_1016_fair_973.9,,0,,1409.00,0.00,1409.00,1409.00,1409.00,flat,macro,BUY,160,8.500000,True,973.9490,1010,1016,1013.0000,6,2.014864,-0.004831,0.000000,-8.0000,,,,,,,,,,-16.2416,-8.2416,0.040020,0.590295,0.369685,0,0,0,flat,False,
1775839616.805436,macro_eval,3100,,,0,,,,below_threshold,"score=+0.00 headline=Recovery from recent setbacks, A warns, is likely to be a long haul.",0,,1409.00,0.00,1409.00,1409.00,1409.00,flat,macro,BUY,160,8.500000,True,973.9490,1010,1016,1013.0000,6,2.014864,-0.004831,0.000000,-8.0000,,,0.0000,0,,+0.171166,unstructured,,,-16.2416,-8.2416,0.040020,0.590295,0.369685,0,0,0,flat,False,"{'timestamp': 3100, 'kind': 'unstructured', 'new_data': {'content': 'Recovery from recent setbacks, A warns, is likely to be a long haul.'}}"
1775839616.805927,news_ignored,3100,,,,,,,weak_macro_news,score=+0.00,0,,1409.00,0.00,1409.00,1409.00,1409.00,flat,macro,BUY,160,8.500000,True,973.9490,1010,1016,1013.0000,6,2.014864,-0.004831,0.000000,-8.0000,,,0.0000,0,,+0.171166,unstructured,,,-16.2416,-8.2416,0.040020,0.590295,0.369685,0,0,0,flat,False,"{'timestamp': 3100, 'kind': 'unstructured', 'new_data': {'content': 'Recovery from recent setbacks, A warns, is likely to be a long haul.'}}"
1775839616.821741,entry_blocked,3100,,,160,,,macro,buy_over_fair_px_1016_fair_974.0,,0,,1409.00,0.00,1409.00,1409.00,1409.00,flat,macro,BUY,160,8.500000,True,973.9664,1011,1016,1013.5000,5,2.014864,-0.004831,0.000000,-8.0000,,,,,,,,,,-16.2583,-8.2583,0.039039,0.591592,0.369369,0,0,0,flat,False,
1775839616.825338,entry_blocked,3100,,,160,,,macro,buy_over_fair_px_1017_fair_974.0,,0,,1409.00,0.00,1409.00,1409.00,1409.00,flat,macro,BUY,160,8.500000,True,973.9578,1011,1017,1014.0000,6,2.014864,-0.004831,0.000000,-8.0000,,,,,,,,,,-16.2500,-8.2500,0.039000,0.592000,0.369000,0,0,0,flat,False,
1775839617.000805,entry_blocked,3100,,,160,,,macro,buy_over_fair_px_1017_fair_973.9,,0,,1409.00,0.00,1409.00,1409.00,1409.00,flat,macro,BUY,160,8.500000,True,973.9232,1011,1017,1014.0000,6,2.014864,-0.004831,0.000000,-8.0000,,,,,,,,,,-16.2168,-8.2168,0.039960,0.591409,0.368631,0,0,0,flat,False,
1775839617.003915,entry_blocked,3100,,,160,,,macro,buy_over_fair_px_1017_fair_974.0,,0,,1409.00,0.00,1409.00,1409.00,1409.00,flat,macro,BUY,160,8.500000,True,973.9665,1011,1017,1014.0000,6,2.014864,-0.004831,0.000000,-8.0000,,,,,,,,,,-16.2584,-8.2584,0.039980,0.589705,0.370315,0,0,0,flat,False,
1775839617.016596,entry_blocked,3100,,,160,,,macro,buy_over_fair_px_1018_fair_974.0,,0,,1409.00,0.00,1409.00,1409.00,1409.00,flat,macro,BUY,160,8.500000,True,973.9665,1011,1018,1014.5000,7,2.014864,-0.004831,0.000000,-8.0000,,,,,,,,,,-16.2584,-8.2584,0.039980,0.589705,0.370315,0,0,0,flat,False,
1775839617.024202,entry_blocked,3100,,,160,,,macro,buy_over_fair_px_1018_fair_973.9,,0,,1409.00,0.00,1409.00,1409.00,1409.00,flat,macro,BUY,160,8.500000,True,973.9493,1011,1018,1014.5000,7,2.014864,-0.004831,0.000000,-8.0000,,,,,,,,,,-16.2419,-8.2419,0.040898,0.588529,0.370574,0,0,0,flat,False,
1775839617.024703,entry_blocked,3100,,,160,,,macro,buy_over_fair_px_1018_fair_974.0,,0,,1409.00,0.00,1409.00,1409.00,1409.00,flat,macro,BUY,160,8.500000,True,973.9536,1011,1018,1014.5000,7,2.014864,-0.004831,0.000000,-8.0000,,,,,,,,,,-16.2460,-8.2460,0.040918,0.588323,0.370758,0,0,0,flat,False,
1775839617.203811,entry_blocked,3100,,,160,,,macro,buy_over_fair_px_1016_fair_974.0,,0,,1409.00,0.00,1409.00,1409.00,1409.00,flat,macro,BUY,160,8.500000,True,973.9579,1011,1016,1013.5000,5,2.014864,-0.004831,0.000000,-8.0000,,,,,,,,,,-16.2501,-8.2501,0.040939,0.588118,0.370944,0,0,0,flat,False,
1775839617.221616,entry_blocked,3100,,,160,,,macro,buy_over_fair_px_1016_fair_974.1,,0,,1409.00,0.00,1409.00,1409.00,1409.00,flat,macro,BUY,160,8.500000,True,974.0620,1011,1016,1013.5000,5,2.014864,-0.004831,0.000000,-8.0000,,,,,,,,,,-16.3500,-8.3500,0.039000,0.588000,0.373000,0,0,0,flat,False,
1775839617.408459,entry_blocked,3100,,,160,,,macro,buy_over_fair_px_1016_fair_974.2,,0,,1409.00,0.00,1409.00,1409.00,1409.00,flat,macro,BUY,160,8.500000,True,974.1532,1012,1016,1014.0000,4,2.014864,-0.004831,0.000000,-8.0000,,,,,,,,,,-16.4375,-8.4375,0.038000,0.586500,0.375500,0,0,0,flat,False,
1775839617.416269,entry_blocked,3100,,,160,,,macro,buy_over_fair_px_1017_fair_974.2,,0,,1409.00,0.00,1409.00,1409.00,1409.00,flat,macro,BUY,160,8.500000,True,974.1968,1012,1017,1014.5000,5,2.014864,-0.004831,0.000000,-8.0000,,,,,,,,,,-16.4792,-8.4792,0.037019,0.586793,0.376188,0,0,0,flat,False,
1775839617.418636,entry_blocked,3100,,,160,,,macro,buy_over_fair_px_1018_fair_974.2,,0,,1409.00,0.00,1409.00,1409.00,1409.00,flat,macro,BUY,160,8.500000,True,974.2012,1012,1018,1015.0000,6,2.014864,-0.004831,0.000000,-8.0000,,,,,,,,,,-16.4835,-8.4835,0.037037,0.586587,0.376376,0,0,0,flat,False,
1775839617.617201,entry_blocked,3100,,,160,,,macro,buy_over_fair_px_1018_fair_974.1,,0,,1409.00,0.00,1409.00,1409.00,1409.00,flat,macro,BUY,160,8.500000,True,974.1490,1012,1018,1015.0000,6,2.014864,-0.004831,0.000000,-8.0000,,,,,,,,,,-16.4334,-8.4334,0.038038,0.586587,0.375375,0,0,0,flat,False,
1775839617.804608,entry_blocked,3100,,,160,,,macro,buy_over_fair_px_1017_fair_974.1,,0,,1409.00,0.00,1409.00,1409.00,1409.00,flat,macro,BUY,160,8.500000,True,974.0533,1012,1017,1014.5000,5,2.014864,-0.004831,0.000000,-8.0000,,,,,,,,,,-16.3417,-8.3417,0.038019,0.590295,0.371686,0,0,0,flat,False,
1775839617.809437,entry_blocked,3100,,,160,,,macro,buy_over_fair_px_1017_fair_974.0,,0,,1409.00,0.00,1409.00,1409.00,1409.00,flat,macro,BUY,160,8.500000,True,974.0446,1012,1017,1014.5000,5,2.014864,-0.004831,0.000000,-8.0000,,,,,,,,,,-16.3333,-8.3333,0.038038,0.590591,0.371371,0,0,0,flat,False,
1775839618.416776,heartbeat,3100,,,,,,,,,0,,1409.00,0.00,1409.00,1409.00,1409.00,flat,macro,BUY,160,8.500000,False,965.0865,1011,1012,1011.5000,1,2.014864,-0.004831,0.000000,-8.0000,,,,,,,,,,-7.6942,-7.6942,0.044110,0.604010,0.351880,0,0,0,flat,False,
1775839621.416756,heartbeat,3100,,,,,,,,,0,,1409.00,0.00,1409.00,1409.00,1409.00,flat,macro,BUY,160,8.500000,False,966.7945,1025,1029,1027.0000,4,2.014864,-0.004831,0.000000,-8.0000,,,,,,,,,,-9.3485,-9.3485,0.030954,0.564154,0.404893,0,0,0,flat,False,
1775839624.426979,heartbeat,3100,,,,,,,,,0,,1409.00,0.00,1409.00,1409.00,1409.00,flat,macro,BUY,160,8.500000,False,966.9333,1020,1025,1022.5000,5,2.014864,-0.004831,0.000000,-8.0000,,,,,,,,,,-9.4828,-9.4828,0.030485,0.559720,0.409795,0,0,0,flat,False,
1775839624.806602,earnings_signal,3140,,BUY,80,,,,,old=2.014864 new=2.039471 delta=+0.024606,0,,1409.00,0.00,1409.00,1409.00,1409.00,flat,earnings,BUY,80,0.024606,True,975.2594,1019,1022,1020.5000,3,2.039471,0.024606,0.000000,-8.0000,,,,,,,,,,-9.2250,-9.2250,0.032000,0.567000,0.401000,0,0,0,flat,False,
1775839624.807667,entry_blocked,3140,,,80,,,earnings,buy_over_fair_px_1022_fair_975.3,,0,,1409.00,0.00,1409.00,1409.00,1409.00,flat,earnings,BUY,80,0.024606,True,975.2594,1019,1022,1020.5000,3,2.039471,0.024606,0.000000,-8.0000,,,,,,,,,,-9.2250,-9.2250,0.032000,0.567000,0.401000,0,0,0,flat,False,
1775839624.809218,entry_blocked,3140,,,80,,,earnings,buy_over_fair_px_1022_fair_975.2,,0,,1409.00,0.00,1409.00,1409.00,1409.00,flat,earnings,BUY,80,0.024606,True,975.2498,1019,1022,1020.5000,3,2.039471,0.024606,0.000000,-8.0000,,,,,,,,,,-9.2158,-9.2158,0.031968,0.567433,0.400599,0,0,0,flat,False,
1775839624.829039,entry_blocked,3140,,,80,,,earnings,buy_over_fair_px_1023_fair_975.2,,0,,1409.00,0.00,1409.00,1409.00,1409.00,flat,earnings,BUY,80,0.024606,True,975.2072,1019,1023,1021.0000,4,2.039471,0.024606,0.000000,-8.0000,,,,,,,,,,-9.1750,-9.1750,0.032000,0.569000,0.399000,0,0,0,flat,False,
1775839624.829582,entry_blocked,3140,,,80,,,earnings,buy_over_fair_px_1024_fair_975.2,,0,,1409.00,0.00,1409.00,1409.00,1409.00,flat,earnings,BUY,80,0.024606,True,975.2072,1019,1024,1021.5000,5,2.039471,0.024606,0.000000,-8.0000,,,,,,,,,,-9.1750,-9.1750,0.032000,0.569000,0.399000,0,0,0,flat,False,
1775839624.830105,entry_blocked,3140,,,80,,,earnings,buy_over_fair_px_1025_fair_975.2,,0,,1409.00,0.00,1409.00,1409.00,1409.00,flat,earnings,BUY,80,0.024606,True,975.2072,1019,1025,1022.0000,6,2.039471,0.024606,0.000000,-8.0000,,,,,,,,,,-9.1750,-9.1750,0.032000,0.569000,0.399000,0,0,0,flat,False,
1775839624.853641,order_placed,3140,C,BUY,40,41,1775839157689,earnings_entry,,,0,,1409.00,0.00,1409.00,1409.00,1409.00,flat,earnings,BUY,80,0.024606,True,975.2072,1019,41,530.0000,-978,2.039471,0.024606,0.000000,-8.0000,,,,,,,,,,-9.1750,-9.1750,0.032000,0.569000,0.399000,0,0,0,flat,False,
1775839624.853906,entry_decision,3140,C,BUY,40,41,,earnings,,strength=0.024606 target=80,0,,1409.00,0.00,1409.00,1409.00,1409.00,earnings,earnings,BUY,80,0.024606,True,975.2072,1019,41,530.0000,-978,2.039471,0.024606,0.000000,-8.0000,,,,,,,,,,-9.1750,-9.1750,0.032000,0.569000,0.399000,0,0,0,flat,False,
1775839624.854234,heartbeat_forced,3140,,,,,,,,,0,,1409.00,0.00,1409.00,1409.00,1409.00,earnings,earnings,BUY,80,0.024606,True,975.2072,1019,41,530.0000,-978,2.039471,0.024606,0.000000,-8.0000,,,,,,,,,,-9.1750,-9.1750,0.032000,0.569000,0.399000,0,0,0,flat,False,
1775839625.204568,entry_blocked,3140,,,80,,,earnings,live_order,,0,,1409.00,0.00,1409.00,1409.00,1409.00,earnings,earnings,BUY,80,0.024606,True,975.5029,1022,1025,1023.5000,3,2.039471,0.024606,0.000000,-8.0000,,,,,,,,,,-9.4581,-9.4581,0.028098,0.565479,0.406422,0,0,0,flat,False,
1775839625.604632,entry_blocked,3140,,,80,,,earnings,buy_over_fair_px_1031_fair_976.2,,0,,1409.00,0.00,1409.00,1409.00,1409.00,earnings,earnings,BUY,80,0.024606,True,976.2131,1025,1031,1028.0000,6,2.039471,0.024606,0.000000,-8.0000,,,,,,,,,,-10.1375,-10.1375,0.024000,0.546500,0.429500,0,0,0,flat,False,
1775839625.605736,entry_blocked,3140,,,80,,,earnings,buy_over_fair_px_1031_fair_976.3,,0,,1409.00,0.00,1409.00,1409.00,1409.00,earnings,earnings,BUY,80,0.024606,True,976.2750,1025,1031,1028.0000,6,2.039471,0.024606,0.000000,-8.0000,,,,,,,,,,-10.1967,-10.1967,0.023904,0.544323,0.431773,0,0,0,flat,False,
1775839625.607175,entry_blocked,3140,,,80,,,earnings,buy_over_fair_px_1031_fair_976.2,,0,,1409.00,0.00,1409.00,1409.00,1409.00,earnings,earnings,BUY,80,0.024606,True,976.2131,1025,1031,1028.0000,6,2.039471,0.024606,0.000000,-8.0000,,,,,,,,,,-10.1375,-10.1375,0.024000,0.546500,0.429500,0,0,0,flat,False,
1775839625.611355,entry_blocked,3140,,,80,,,earnings,buy_over_fair_px_1031_fair_976.3,,0,,1409.00,0.00,1409.00,1409.00,1409.00,earnings,earnings,BUY,80,0.024606,True,976.3040,1025,1031,1028.0000,6,2.039471,0.024606,0.000000,-8.0000,,,,,,,,,,-10.2244,-10.2244,0.022943,0.545137,0.431920,0,0,0,flat,False,
1775839625.613089,entry_blocked,3140,,,80,,,earnings,buy_over_fair_px_1031_fair_976.4,,0,,1409.00,0.00,1409.00,1409.00,1409.00,earnings,earnings,BUY,80,0.024606,True,976.3654,1025,1031,1028.0000,6,2.039471,0.024606,0.000000,-8.0000,,,,,,,,,,-10.2832,-10.2832,0.022851,0.542971,0.434178,0,0,0,flat,False,
1775839625.623775,entry_blocked,3140,,,80,,,earnings,buy_over_fair_px_1031_fair_976.5,,0,,1409.00,0.00,1409.00,1409.00,1409.00,earnings,earnings,BUY,80,0.024606,True,976.4506,1025,1031,1028.0000,6,2.039471,0.024606,0.000000,-8.0000,,,,,,,,,,-10.3646,-10.3646,0.022977,0.539461,0.437562,0,0,0,flat,False,
1775839625.636904,cancel_response,3140,C,BUY,40,41,1775839157689,earnings_entry,,success=True error=None,0,,1409.00,0.00,1409.00,1409.00,1409.00,earnings,earnings,BUY,80,0.024606,True,976.4985,1025,1031,1028.0000,6,2.039471,0.024606,0.000000,-8.0000,,,,,,,,,,-10.4104,-10.4104,0.022022,0.539540,0.438438,0,0,0,flat,False,
1775839625.825865,entry_blocked,3140,,,80,,,earnings,buy_over_fair_px_1032_fair_976.5,,0,,1409.00,0.00,1409.00,1409.00,1409.00,earnings,earnings,BUY,80,0.024606,True,976.5062,1027,1032,1029.5000,5,2.039471,0.024606,0.000000,-8.0000,,,,,,,,,,-10.4177,-10.4177,0.022011,0.539270,0.438719,0,0,0,flat,False,
1775839625.828293,entry_blocked,3140,,,80,,,earnings,buy_over_fair_px_1033_fair_976.5,,0,,1409.00,0.00,1409.00,1409.00,1409.00,earnings,earnings,BUY,80,0.024606,True,976.5062,1027,1033,1030.0000,6,2.039471,0.024606,0.000000,-8.0000,,,,,,,,,,-10.4177,-10.4177,0.022011,0.539270,0.438719,0,0,0,flat,False,
1775839626.022220,entry_blocked,3140,,,80,,,earnings,buy_over_fair_px_1033_fair_976.4,,0,,1409.00,0.00,1409.00,1409.00,1409.00,earnings,earnings,BUY,80,0.024606,True,976.4462,1029,1033,1031.0000,4,2.039471,0.024606,0.000000,-8.0000,,,,,,,,,,-10.3604,-10.3604,0.023023,0.539540,0.437437,0,0,0,flat,False,
1775839626.023125,entry_blocked,3140,,,80,,,earnings,buy_over_fair_px_1034_fair_976.4,,0,,1409.00,0.00,1409.00,1409.00,1409.00,earnings,earnings,BUY,80,0.024606,True,976.4462,1029,1034,1031.5000,5,2.039471,0.024606,0.000000,-8.0000,,,,,,,,,,-10.3604,-10.3604,0.023023,0.539540,0.437437,0,0,0,flat,False,
1775839626.024825,entry_blocked,3140,,,80,,,earnings,buy_over_fair_px_1035_fair_976.4,,0,,1409.00,0.00,1409.00,1409.00,1409.00,earnings,earnings,BUY,80,0.024606,True,976.4462,1029,1035,1032.0000,6,2.039471,0.024606,0.000000,-8.0000,,,,,,,,,,-10.3604,-10.3604,0.023023,0.539540,0.437437,0,0,0,flat,False,
1775839626.037607,entry_blocked,3140,,,80,,,earnings,buy_over_fair_px_1027_fair_976.4,,0,,1409.00,0.00,1409.00,1409.00,1409.00,earnings,earnings,BUY,80,0.024606,True,976.4092,1029,1027,1028.0000,-2,2.039471,0.024606,0.000000,-8.0000,,,,,,,,,,-10.3250,-10.3250,0.024000,0.539000,0.437000,0,0,0,flat,False,
1775839626.038306,entry_blocked,3140,,,80,,,earnings,buy_over_fair_px_1035_fair_976.4,,0,,1409.00,0.00,1409.00,1409.00,1409.00,earnings,earnings,BUY,80,0.024606,True,976.4092,1029,1035,1032.0000,6,2.039471,0.024606,0.000000,-8.0000,,,,,,,,,,-10.3250,-10.3250,0.024000,0.539000,0.437000,0,0,0,flat,False,
1775839626.203668,entry_blocked,3140,,,80,,,earnings,buy_over_fair_px_1035_fair_976.5,,0,,1409.00,0.00,1409.00,1409.00,1409.00,earnings,earnings,BUY,80,0.024606,True,976.4627,1029,1035,1032.0000,6,2.039471,0.024606,0.000000,-8.0000,,,,,,,,,,-10.3762,-10.3762,0.023916,0.537120,0.438964,0,0,0,flat,False,
1775839626.207196,entry_blocked,3140,,,80,,,earnings,buy_over_fair_px_1034_fair_976.5,,0,,1409.00,0.00,1409.00,1409.00,1409.00,earnings,earnings,BUY,80,0.024606,True,976.5138,1029,1034,1031.5000,5,2.039471,0.024606,0.000000,-8.0000,,,,,,,,,,-10.4250,-10.4250,0.023500,0.536000,0.440500,0,0,0,flat,False,
1775839626.223745,entry_blocked,3140,,,80,,,earnings,buy_over_fair_px_1034_fair_976.6,,0,,1409.00,0.00,1409.00,1409.00,1409.00,earnings,earnings,BUY,80,0.024606,True,976.5530,1029,1034,1031.5000,5,2.039471,0.024606,0.000000,-8.0000,,,,,,,,,,-10.4625,-10.4625,0.023000,0.535500,0.441500,0,0,0,flat,False,
1775839626.411189,entry_blocked,3140,,,80,,,earnings,buy_over_fair_px_1034_fair_976.7,,0,,1409.00,0.00,1409.00,1409.00,1409.00,earnings,earnings,BUY,80,0.024606,True,976.6617,1030,1034,1032.0000,4,2.039471,0.024606,0.000000,-8.0000,,,,,,,,,,-10.5664,-10.5664,0.022455,0.532435,0.445110,0,0,0,flat,False,
1775839626.425310,entry_blocked,3140,,,80,,,earnings,buy_over_fair_px_1035_fair_976.7,,0,,1409.00,0.00,1409.00,1409.00,1409.00,earnings,earnings,BUY,80,0.024606,True,976.7286,1030,1035,1032.5000,5,2.039471,0.024606,0.000000,-8.0000,,,,,,,,,,-10.6303,-10.6303,0.022011,0.530765,0.447224,0,0,0,flat,False,
1775839626.425917,entry_blocked,3140,,,80,,,earnings,buy_over_fair_px_1036_fair_976.7,,0,,1409.00,0.00,1409.00,1409.00,1409.00,earnings,earnings,BUY,80,0.024606,True,976.7286,1030,1036,1033.0000,6,2.039471,0.024606,0.000000,-8.0000,,,,,,,,,,-10.6303,-10.6303,0.022011,0.530765,0.447224,0,0,0,flat,False,
1775839626.439874,order_placed,3140,C,BUY,40,41,1775839157690,earnings_entry,,,0,,1409.00,0.00,1409.00,1409.00,1409.00,earnings,earnings,BUY,80,0.024606,True,976.7286,1030,41,535.5000,-989,2.039471,0.024606,0.000000,-8.0000,,,,,,,,,,-10.6303,-10.6303,0.022011,0.530765,0.447224,0,0,0,flat,False,
1775839626.440167,entry_decision,3140,C,BUY,40,41,,earnings,,strength=0.024606 target=80,0,,1409.00,0.00,1409.00,1409.00,1409.00,earnings,earnings,BUY,80,0.024606,True,976.7286,1030,41,535.5000,-989,2.039471,0.024606,0.000000,-8.0000,,,,,,,,,,-10.6303,-10.6303,0.022011,0.530765,0.447224,0,0,0,flat,False,
1775839626.440509,heartbeat_forced,3140,,,,,,,,,0,,1409.00,0.00,1409.00,1409.00,1409.00,earnings,earnings,BUY,80,0.024606,True,976.7286,1030,41,535.5000,-989,2.039471,0.024606,0.000000,-8.0000,,,,,,,,,,-10.6303,-10.6303,0.022011,0.530765,0.447224,0,0,0,flat,False,
1775839626.806013,entry_blocked,3140,,,80,,,earnings,live_order,,0,,1409.00,0.00,1409.00,1409.00,1409.00,earnings,earnings,BUY,80,0.024606,True,976.6466,1033,1039,1036.0000,6,2.039471,0.024606,0.000000,-8.0000,,,,,,,,,,-10.5519,-10.5519,0.022977,0.531968,0.445055,0,0,0,flat,False,
1775839627.201200,entry_blocked,3140,,,80,,,earnings,buy_over_fair_px_1038_fair_976.7,,0,,1409.00,0.00,1409.00,1409.00,1409.00,earnings,earnings,BUY,80,0.024606,True,976.6632,1034,1038,1036.0000,4,2.039471,0.024606,0.000000,-8.0000,,,,,,,,,,-10.5678,-10.5678,0.022011,0.533267,0.444722,0,0,0,flat,False,
1775839627.218295,entry_blocked,3140,,,80,,,earnings,buy_over_fair_px_1040_fair_976.7,,0,,1409.00,0.00,1409.00,1409.00,1409.00,earnings,earnings,BUY,80,0.024606,True,976.7004,1035,1040,1037.5000,5,2.039471,0.024606,0.000000,-8.0000,,,,,,,,,,-10.6034,-10.6034,0.021032,0.533801,0.445168,0,0,0,flat,False,
1775839627.218817,entry_blocked,3140,,,80,,,earnings,buy_over_fair_px_1041_fair_976.7,,0,,1409.00,0.00,1409.00,1409.00,1409.00,earnings,earnings,BUY,80,0.024606,True,976.7004,1035,1041,1038.0000,6,2.039471,0.024606,0.000000,-8.0000,,,,,,,,,,-10.6034,-10.6034,0.021032,0.533801,0.445168,0,0,0,flat,False,
1775839627.234992,cancel_response,3140,C,BUY,40,41,1775839157690,earnings_entry,,success=True error=None,0,,1409.00,0.00,1409.00,1409.00,1409.00,earnings,earnings,BUY,80,0.024606,True,976.7080,1035,1041,1038.0000,6,2.039471,0.024606,0.000000,-8.0000,,,,,,,,,,-10.6106,-10.6106,0.021021,0.533534,0.445445,0,0,0,flat,False,
1775839627.402802,entry_blocked,3140,,,80,,,earnings,buy_over_fair_px_1040_fair_976.7,,0,,1409.00,0.00,1409.00,1409.00,1409.00,earnings,earnings,BUY,80,0.024606,True,976.7080,1035,1040,1037.5000,5,2.039471,0.024606,0.000000,-8.0000,,,,,,,,,,-10.6106,-10.6106,0.021021,0.533534,0.445445,0,0,0,flat,False,
1775839627.603152,entry_blocked,3140,,,80,,,earnings,buy_over_fair_px_1040_fair_976.6,,0,,1409.00,0.00,1409.00,1409.00,1409.00,earnings,earnings,BUY,80,0.024606,True,976.6486,1034,1040,1037.0000,6,2.039471,0.024606,0.000000,-8.0000,,,,,,,,,,-10.5539,-10.5539,0.021956,0.533932,0.444112,0,0,0,flat,False,
1775839627.627337,entry_blocked,3140,,,80,,,earnings,buy_over_fair_px_1041_fair_976.6,,0,,1409.00,0.00,1409.00,1409.00,1409.00,earnings,earnings,BUY,80,0.024606,True,976.5998,1035,1041,1038.0000,6,2.039471,0.024606,0.000000,-8.0000,,,,,,,,,,-10.5072,-10.5072,0.021989,0.535732,0.442279,0,0,0,flat,False,
1775839627.821532,entry_blocked,3140,,,80,,,earnings,buy_over_fair_px_1042_fair_976.6,,0,,1409.00,0.00,1409.00,1409.00,1409.00,earnings,earnings,BUY,80,0.024606,True,976.5661,1037,1042,1039.5000,5,2.039471,0.024606,0.000000,-8.0000,,,,,,,,,,-10.4750,-10.4750,0.022500,0.536000,0.441500,0,0,0,flat,False,
1775839627.824878,entry_blocked,3140,,,80,,,earnings,buy_over_fair_px_1043_fair_976.6,,0,,1409.00,0.00,1409.00,1409.00,1409.00,earnings,earnings,BUY,80,0.024606,True,976.5585,1037,1043,1040.0000,6,2.039471,0.024606,0.000000,-8.0000,,,,,,,,,,-10.4677,-10.4677,0.022511,0.536268,0.441221,0,0,0,flat,False,
1775839627.825508,entry_blocked,3140,,,80,,,earnings,buy_over_fair_px_1043_fair_976.5,,0,,1409.00,0.00,1409.00,1409.00,1409.00,earnings,earnings,BUY,80,0.024606,True,976.5399,1037,1043,1040.0000,6,2.039471,0.024606,0.000000,-8.0000,,,,,,,,,,-10.4500,-10.4500,0.023000,0.536000,0.441000,0,0,0,flat,False,
1775839628.007116,entry_blocked,3140,,,80,,,earnings,buy_over_fair_px_1043_fair_976.6,,0,,1409.00,0.00,1409.00,1409.00,1409.00,earnings,earnings,BUY,80,0.024606,True,976.5627,1037,1043,1040.0000,6,2.039471,0.024606,0.000000,-8.0000,,,,,,,,,,-10.4718,-10.4718,0.022966,0.535197,0.441837,0,0,0,flat,False,
1775839628.031847,entry_blocked,3140,,,80,,,earnings,buy_over_fair_px_1044_fair_976.6,,0,,1409.00,0.00,1409.00,1409.00,1409.00,earnings,earnings,BUY,80,0.024606,True,976.6370,1039,1044,1041.5000,5,2.039471,0.024606,0.000000,-8.0000,,,,,,,,,,-10.5428,-10.5428,0.022011,0.534267,0.443722,0,0,0,flat,False,
1775839628.032752,entry_blocked,3140,,,80,,,earnings,buy_over_fair_px_1045_fair_976.6,,0,,1409.00,0.00,1409.00,1409.00,1409.00,earnings,earnings,BUY,80,0.024606,True,976.6370,1039,1045,1042.0000,6,2.039471,0.024606,0.000000,-8.0000,,,,,,,,,,-10.5428,-10.5428,0.022011,0.534267,0.443722,0,0,0,flat,False,
1775839628.036504,order_placed,3140,C,BUY,40,41,1775839157691,earnings_entry,,,0,,1409.00,0.00,1409.00,1409.00,1409.00,earnings,earnings,BUY,80,0.024606,True,976.6370,1039,41,540.0000,-998,2.039471,0.024606,0.000000,-8.0000,,,,,,,,,,-10.5428,-10.5428,0.022011,0.534267,0.443722,0,0,0,flat,False,
1775839628.036852,entry_decision,3140,C,BUY,40,41,,earnings,,strength=0.024606 target=80,0,,1409.00,0.00,1409.00,1409.00,1409.00,earnings,earnings,BUY,80,0.024606,True,976.6370,1039,41,540.0000,-998,2.039471,0.024606,0.000000,-8.0000,,,,,,,,,,-10.5428,-10.5428,0.022011,0.534267,0.443722,0,0,0,flat,False,
1775839628.037175,heartbeat_forced,3140,,,,,,,,,0,,1409.00,0.00,1409.00,1409.00,1409.00,earnings,earnings,BUY,80,0.024606,True,976.6370,1039,41,540.0000,-998,2.039471,0.024606,0.000000,-8.0000,,,,,,,,,,-10.5428,-10.5428,0.022011,0.534267,0.443722,0,0,0,flat,False,
1775839628.405558,entry_blocked,3140,,,80,,,earnings,live_order,,0,,1409.00,0.00,1409.00,1409.00,1409.00,earnings,earnings,BUY,80,0.024606,True,976.8687,1038,1044,1041.0000,6,2.039471,0.024606,0.000000,-8.0000,,,,,,,,,,-10.7642,-10.7642,0.019980,0.529471,0.450549,0,0,0,flat,False,
1775839628.802444,entry_blocked,3140,,,80,,,earnings,buy_over_fair_px_1044_fair_977.0,,0,,1409.00,0.00,1409.00,1409.00,1409.00,earnings,earnings,BUY,80,0.024606,True,976.9847,1038,1044,1041.0000,6,2.039471,0.024606,0.000000,-8.0000,,,,,,,,,,-10.8750,-10.8750,0.021000,0.523000,0.456000,0,0,0,flat,False,
1775839628.803990,entry_blocked,3140,,,80,,,earnings,buy_over_fair_px_1044_fair_977.1,,0,,1409.00,0.00,1409.00,1409.00,1409.00,earnings,earnings,BUY,80,0.024606,True,977.0648,1038,1044,1041.0000,6,2.039471,0.024606,0.000000,-8.0000,,,,,,,,,,-10.9515,-10.9515,0.020979,0.519980,0.459041,0,0,0,flat,False,
1775839628.848219,entry_blocked,3140,,,80,,,earnings,buy_over_fair_px_1044_fair_977.2,,0,,1409.00,0.00,1409.00,1409.00,1409.00,earnings,earnings,BUY,80,0.024606,True,977.1548,1039,1044,1041.5000,5,2.039471,0.024606,0.000000,-8.0000,,,,,,,,,,-11.0375,-11.0375,0.019000,0.520500,0.460500,0,0,0,flat,False,
1775839628.853329,entry_blocked,3140,,,80,,,earnings,buy_over_fair_px_1045_fair_977.2,,0,,1409.00,0.00,1409.00,1409.00,1409.00,earnings,earnings,BUY,80,0.024606,True,977.1663,1039,1045,1042.0000,6,2.039471,0.024606,0.000000,-8.0000,,,,,,,,,,-11.0485,-11.0485,0.019019,0.520020,0.460961,0,0,0,flat,False,
1775839628.854565,cancel_response,3140,C,BUY,40,41,1775839157691,earnings_entry,,success=True error=None,0,,1409.00,0.00,1409.00,1409.00,1409.00,earnings,earnings,BUY,80,0.024606,True,977.1663,1039,1045,1042.0000,6,2.039471,0.024606,0.000000,-8.0000,,,,,,,,,,-11.0485,-11.0485,0.019019,0.520020,0.460961,0,0,0,flat,False,
1775839629.026185,entry_blocked,3140,,,80,,,earnings,buy_over_fair_px_1046_fair_977.2,,0,,1409.00,0.00,1409.00,1409.00,1409.00,earnings,earnings,BUY,80,0.024606,True,977.2202,1041,1046,1043.5000,5,2.039471,0.024606,0.000000,-8.0000,,,,,,,,,,-11.1000,-11.1000,0.019000,0.518000,0.463000,0,0,0,flat,False,
1775839629.026739,entry_blocked,3140,,,80,,,earnings,buy_over_fair_px_1047_fair_977.2,,0,,1409.00,0.00,1409.00,1409.00,1409.00,earnings,earnings,BUY,80,0.024606,True,977.2202,1041,1047,1044.0000,6,2.039471,0.024606,0.000000,-8.0000,,,,,,,,,,-11.1000,-11.1000,0.019000,0.518000,0.463000,0,0,0,flat,False,
1775839629.214456,entry_blocked,3140,,,80,,,earnings,buy_over_fair_px_1043_fair_977.2,,0,,1409.00,0.00,1409.00,1409.00,1409.00,earnings,earnings,BUY,80,0.024606,True,977.2086,1041,1043,1042.0000,2,2.039471,0.024606,0.000000,-8.0000,,,,,,,,,,-11.0889,-11.0889,0.019481,0.517483,0.463037,0,0,0,flat,False,
1775839629.405854,entry_blocked,3140,,,80,,,earnings,buy_over_fair_px_1043_fair_977.3,,0,,1409.00,0.00,1409.00,1409.00,1409.00,earnings,earnings,BUY,80,0.024606,True,977.2580,1038,1043,1040.5000,5,2.039471,0.024606,0.000000,-8.0000,,,,,,,,,,-11.1361,-11.1361,0.019019,0.516517,0.464464,0,0,0,flat,False,
1775839629.422582,entry_blocked,3140,,,80,,,earnings,buy_over_fair_px_1043_fair_977.4,,0,,1409.00,0.00,1409.00,1409.00,1409.00,earnings,earnings,BUY,80,0.024606,True,977.3628,1038,1043,1040.5000,5,2.039471,0.024606,0.000000,-8.0000,,,,,,,,,,-11.2362,-11.2362,0.018018,0.514515,0.467467,0,0,0,flat,False,
1775839629.425218,entry_blocked,3140,,,80,,,earnings,buy_over_fair_px_1044_fair_977.4,,0,,1409.00,0.00,1409.00,1409.00,1409.00,earnings,earnings,BUY,80,0.024606,True,977.3628,1038,1044,1041.0000,6,2.039471,0.024606,0.000000,-8.0000,,,,,,,,,,-11.2362,-11.2362,0.018018,0.514515,0.467467,0,0,0,flat,False,
1775839629.606634,entry_blocked,3140,,,80,,,earnings,buy_over_fair_px_1044_fair_977.5,,0,,1409.00,0.00,1409.00,1409.00,1409.00,earnings,earnings,BUY,80,0.024606,True,977.4808,1040,1044,1042.0000,4,2.039471,0.024606,0.000000,-8.0000,,,,,,,,,,-11.3488,-11.3488,0.017017,0.512012,0.470971,0,0,0,flat,False,
1775839629.619216,entry_blocked,3140,,,80,,,earnings,buy_over_fair_px_1045_fair_977.5,,0,,1409.00,0.00,1409.00,1409.00,1409.00,earnings,earnings,BUY,80,0.024606,True,977.5284,1040,1045,1042.5000,5,2.039471,0.024606,0.000000,-8.0000,,,,,,,,,,-11.3943,-11.3943,0.016492,0.511244,0.472264,0,0,0,flat,False,
1775839629.620040,entry_blocked,3140,,,80,,,earnings,buy_over_fair_px_1046_fair_977.5,,0,,1409.00,0.00,1409.00,1409.00,1409.00,earnings,earnings,BUY,80,0.024606,True,977.5284,1040,1046,1043.0000,6,2.039471,0.024606,0.000000,-8.0000,,,,,,,,,,-11.3943,-11.3943,0.016492,0.511244,0.472264,0,0,0,flat,False,
1775839629.622117,entry_blocked,3140,,,80,,,earnings,buy_over_fair_px_1046_fair_977.6,,0,,1409.00,0.00,1409.00,1409.00,1409.00,earnings,earnings,BUY,80,0.024606,True,977.5534,1040,1046,1043.0000,6,2.039471,0.024606,0.000000,-8.0000,,,,,,,,,,-11.4182,-11.4182,0.016008,0.511256,0.472736,0,0,0,flat,False,
1775839629.852631,order_placed,3140,C,BUY,40,41,1775839157692,earnings_entry,,,0,,1409.00,0.00,1409.00,1409.00,1409.00,earnings,earnings,BUY,80,0.024606,True,977.6140,1040,41,540.5000,-999,2.039471,0.024606,0.000000,-8.0000,,,,,,,,,,-11.4760,-11.4760,0.017982,0.504995,0.477023,0,0,0,flat,False,
1775839629.852893,entry_decision,3140,C,BUY,40,41,,earnings,,strength=0.024606 target=80,0,,1409.00,0.00,1409.00,1409.00,1409.00,earnings,earnings,BUY,80,0.024606,True,977.6140,1040,41,540.5000,-999,2.039471,0.024606,0.000000,-8.0000,,,,,,,,,,-11.4760,-11.4760,0.017982,0.504995,0.477023,0,0,0,flat,False,
1775839629.853209,heartbeat_forced,3140,,,,,,,,,0,,1409.00,0.00,1409.00,1409.00,1409.00,earnings,earnings,BUY,80,0.024606,True,977.6140,1040,41,540.5000,-999,2.039471,0.024606,0.000000,-8.0000,,,,,,,,,,-11.4760,-11.4760,0.017982,0.504995,0.477023,0,0,0,flat,False,
1775839630.203229,entry_blocked,3140,,,80,,,earnings,live_order,,0,,1409.00,0.00,1409.00,1409.00,1409.00,earnings,earnings,BUY,80,0.024606,True,977.7518,1041,1047,1044.0000,6,2.039471,0.024606,0.000000,-8.0000,,,,,,,,,,-11.6076,-11.6076,0.016975,0.501747,0.481278,0,0,0,flat,False,
1775839630.602494,entry_blocked,3140,,,80,,,earnings,buy_over_fair_px_1049_fair_978.0,,0,,1409.00,0.00,1409.00,1409.00,1409.00,earnings,earnings,BUY,80,0.024606,True,978.0078,1043,1049,1046.0000,6,2.039471,0.024606,0.000000,-8.0000,,,,,,,,,,-11.8519,-11.8519,0.014955,0.496012,0.489033,0,0,0,flat,False,
1775839630.608845,entry_blocked,3140,,,80,,,earnings,buy_over_fair_px_1049_fair_978.1,,0,,1409.00,0.00,1409.00,1409.00,1409.00,earnings,earnings,BUY,80,0.024606,True,978.0638,1043,1049,1046.0000,6,2.039471,0.024606,0.000000,-8.0000,,,,,,,,,,-11.9054,-11.9054,0.015023,0.493741,0.491237,0,0,0,flat,False,
1775839630.623629,entry_blocked,3140,,,80,,,earnings,buy_over_fair_px_1050_fair_978.1,,0,,1409.00,0.00,1409.00,1409.00,1409.00,earnings,earnings,BUY,80,0.024606,True,978.1174,1044,1050,1047.0000,6,2.039471,0.024606,0.000000,-8.0000,,,,,,,,,,-11.9565,-11.9565,0.014993,0.491754,0.493253,0,0,0,flat,False,
1775839630.634585,cancel_response,3140,C,BUY,40,41,1775839157692,earnings_entry,,success=True error=None,0,,1409.00,0.00,1409.00,1409.00,1409.00,earnings,earnings,BUY,80,0.024606,True,978.1174,1044,1050,1047.0000,6,2.039471,0.024606,0.000000,-8.0000,,,,,,,,,,-11.9565,-11.9565,0.014993,0.491754,0.493253,0,0,0,flat,False,
1775839630.817995,entry_blocked,3140,,,80,,,earnings,buy_over_fair_px_1050_fair_978.0,,0,,1409.00,0.00,1409.00,1409.00,1409.00,earnings,earnings,BUY,80,0.024606,True,978.0320,1046,1050,1048.0000,4,2.039471,0.024606,0.000000,-8.0000,,,,,,,,,,-11.8750,-11.8750,0.016000,0.493000,0.491000,0,0,0,flat,False,
1775839630.824059,entry_blocked,3140,,,80,,,earnings,buy_over_fair_px_1051_fair_978.0,,0,,1409.00,0.00,1409.00,1409.00,1409.00,earnings,earnings,BUY,80,0.024606,True,978.0258,1046,1051,1048.5000,5,2.039471,0.024606,0.000000,-8.0000,,,,,,,,,,-11.8691,-11.8691,0.015992,0.493253,0.490755,0,0,0,flat,False,
1775839630.824812,entry_blocked,3140,,,80,,,earnings,buy_over_fair_px_1052_fair_978.0,,0,,1409.00,0.00,1409.00,1409.00,1409.00,earnings,earnings,BUY,80,0.024606,True,978.0258,1046,1052,1049.0000,6,2.039471,0.024606,0.000000,-8.0000,,,,,,,,,,-11.8691,-11.8691,0.015992,0.493253,0.490755,0,0,0,flat,False,
1775839631.012510,entry_blocked,3140,,,80,,,earnings,buy_over_fair_px_1052_fair_977.9,,0,,1409.00,0.00,1409.00,1409.00,1409.00,earnings,earnings,BUY,80,0.024606,True,977.9447,1046,1052,1049.0000,6,2.039471,0.024606,0.000000,-8.0000,,,,,,,,,,-11.7917,-11.7917,0.016402,0.495527,0.488072,0,0,0,flat,False,
1775839631.025045,entry_blocked,3140,,,80,,,earnings,buy_over_fair_px_1052_fair_977.8,,0,,1409.00,0.00,1409.00,1409.00,1409.00,earnings,earnings,BUY,80,0.024606,True,977.8425,1046,1052,1049.0000,6,2.039471,0.024606,0.000000,-8.0000,,,,,,,,,,-11.6942,-11.6942,0.016992,0.498251,0.484758,0,0,0,flat,False,
1775839631.025563,entry_blocked,3140,,,80,,,earnings,buy_over_fair_px_1049_fair_977.8,,0,,1409.00,0.00,1409.00,1409.00,1409.00,earnings,earnings,BUY,80,0.024606,True,977.8425,1046,1049,1047.5000,3,2.039471,0.024606,0.000000,-8.0000,,,,,,,,,,-11.6942,-11.6942,0.016992,0.498251,0.484758,0,0,0,flat,False,
1775839631.218384,entry_blocked,3140,,,80,,,earnings,buy_over_fair_px_1049_fair_977.7,,0,,1409.00,0.00,1409.00,1409.00,1409.00,earnings,earnings,BUY,80,0.024606,True,977.7295,1043,1049,1046.0000,6,2.039471,0.024606,0.000000,-8.0000,,,,,,,,,,-11.5863,-11.5863,0.017902,0.500746,0.481353,0,0,0,flat,False,
1775839631.224872,entry_blocked,3140,,,80,,,earnings,buy_over_fair_px_1049_fair_977.6,,0,,1409.00,0.00,1409.00,1409.00,1409.00,earnings,earnings,BUY,80,0.024606,True,977.6462,1044,1049,1046.5000,5,2.039471,0.024606,0.000000,-8.0000,,,,,,,,,,-11.5067,-11.5067,0.017991,0.503748,0.478261,0,0,0,flat,False,
1775839631.229244,entry_blocked,3140,,,80,,,earnings,buy_over_fair_px_1050_fair_977.6,,0,,1409.00,0.00,1409.00,1409.00,1409.00,earnings,earnings,BUY,80,0.024606,True,977.6391,1044,1050,1047.0000,6,2.039471,0.024606,0.000000,-8.0000,,,,,,,,,,-11.5000,-11.5000,0.018000,0.504000,0.478000,0,0,0,flat,False,
1775839631.407846,entry_blocked,3140,,,80,,,earnings,buy_over_fair_px_1051_fair_977.6,,0,,1409.00,0.00,1409.00,1409.00,1409.00,earnings,earnings,BUY,80,0.024606,True,977.6391,1044,1051,1047.5000,7,2.039471,0.024606,0.000000,-8.0000,,,,,,,,,,-11.5000,-11.5000,0.018000,0.504000,0.478000,0,0,0,flat,False,
1775839631.409047,entry_blocked,3140,,,80,,,earnings,buy_over_fair_px_1052_fair_977.6,,0,,1409.00,0.00,1409.00,1409.00,1409.00,earnings,earnings,BUY,80,0.024606,True,977.6391,1044,1052,1048.0000,8,2.039471,0.024606,0.000000,-8.0000,,,,,,,,,,-11.5000,-11.5000,0.018000,0.504000,0.478000,0,0,0,flat,False,
1775839631.416155,entry_blocked,3140,,,80,,,earnings,buy_over_fair_px_1049_fair_977.6,,0,,1409.00,0.00,1409.00,1409.00,1409.00,earnings,earnings,BUY,80,0.024606,True,977.5998,1044,1049,1046.5000,5,2.039471,0.024606,0.000000,-8.0000,,,,,,,,,,-11.4625,-11.4625,0.018000,0.505500,0.476500,0,0,0,flat,False,
1775839631.608369,entry_blocked,3140,,,80,,,earnings,buy_over_fair_px_1049_fair_977.5,,0,,1409.00,0.00,1409.00,1409.00,1409.00,earnings,earnings,BUY,80,0.024606,True,977.5105,1045,1049,1047.0000,4,2.039471,0.024606,0.000000,-8.0000,,,,,,,,,,-11.3772,-11.3772,0.019461,0.505988,0.474551,0,0,0,flat,False,
1775839631.623456,entry_blocked,3140,,,80,,,earnings,buy_over_fair_px_1049_fair_977.4,,0,,1409.00,0.00,1409.00,1409.00,1409.00,earnings,earnings,BUY,80,0.024606,True,977.4415,1045,1049,1047.0000,4,2.039471,0.024606,0.000000,-8.0000,,,,,,,,,,-11.3113,-11.3113,0.020020,0.507508,0.472472,0,0,0,flat,False,
1775839631.627996,entry_blocked,3140,,,80,,,earnings,buy_over_fair_px_1050_fair_977.4,,0,,1409.00,0.00,1409.00,1409.00,1409.00,earnings,earnings,BUY,80,0.024606,True,977.4106,1045,1050,1047.5000,5,2.039471,0.024606,0.000000,-8.0000,,,,,,,,,,-11.2819,-11.2819,0.020490,0.507746,0.471764,0,0,0,flat,False,
1775839631.628731,entry_blocked,3140,,,80,,,earnings,buy_over_fair_px_1051_fair_977.4,,0,,1409.00,0.00,1409.00,1409.00,1409.00,earnings,earnings,BUY,80,0.024606,True,977.4106,1045,1051,1048.0000,6,2.039471,0.024606,0.000000,-8.0000,,,,,,,,,,-11.2819,-11.2819,0.020490,0.507746,0.471764,0,0,0,flat,False,
1775839631.810822,entry_blocked,3140,,,80,,,earnings,buy_over_fair_px_1051_fair_977.3,,0,,1409.00,0.00,1409.00,1409.00,1409.00,earnings,earnings,BUY,80,0.024606,True,977.3380,1045,1051,1048.0000,6,2.039471,0.024606,0.000000,-8.0000,,,,,,,,,,-11.2125,-11.2125,0.020500,0.510500,0.469000,0,0,0,flat,False,
1775839631.820439,entry_blocked,3140,,,80,,,earnings,buy_over_fair_px_1049_fair_977.3,,0,,1409.00,0.00,1409.00,1409.00,1409.00,earnings,earnings,BUY,80,0.024606,True,977.3425,1045,1049,1047.0000,4,2.039471,0.024606,0.000000,-8.0000,,,,,,,,,,-11.2168,-11.2168,0.020030,0.511267,0.468703,0,0,0,flat,False,
1775839632.006783,entry_blocked,3140,,,80,,,earnings,buy_over_fair_px_1046_fair_977.3,,0,,1409.00,0.00,1409.00,1409.00,1409.00,earnings,earnings,BUY,80,0.024606,True,977.3060,1043,1046,1044.5000,3,2.039471,0.024606,0.000000,-8.0000,,,,,,,,,,-11.1819,-11.1819,0.020490,0.511744,0.467766,0,0,0,flat,False,
1775839632.022637,entry_blocked,3140,,,80,,,earnings,buy_over_fair_px_1046_fair_977.2,,0,,1409.00,0.00,1409.00,1409.00,1409.00,earnings,earnings,BUY,80,0.024606,True,977.2435,1043,1046,1044.5000,3,2.039471,0.024606,0.000000,-8.0000,,,,,,,,,,-11.1222,-11.1222,0.021042,0.513026,0.465932,0,0,0,flat,False,
1775839632.216177,entry_blocked,3140,,,80,,,earnings,buy_over_fair_px_1047_fair_977.2,,0,,1409.00,0.00,1409.00,1409.00,1409.00,earnings,earnings,BUY,80,0.024606,True,977.1940,1041,1047,1044.0000,6,2.039471,0.024606,0.000000,-8.0000,,,,,,,,,,-11.0750,-11.0750,0.022000,0.513000,0.465000,0,0,0,flat,False,
1775839632.414550,entry_blocked,3140,,,80,,,earnings,buy_over_fair_px_1046_fair_977.2,,0,,1409.00,0.00,1409.00,1409.00,1409.00,earnings,earnings,BUY,80,0.024606,True,977.2275,1041,1046,1043.5000,5,2.039471,0.024606,0.000000,-8.0000,,,,,,,,,,-11.1069,-11.1069,0.020990,0.513743,0.465267,0,0,0,flat,False,
1775839632.423865,entry_blocked,3140,,,80,,,earnings,buy_over_fair_px_1046_fair_977.3,,0,,1409.00,0.00,1409.00,1409.00,1409.00,earnings,earnings,BUY,80,0.024606,True,977.2667,1041,1046,1043.5000,5,2.039471,0.024606,0.000000,-8.0000,,,,,,,,,,-11.1444,-11.1444,0.019990,0.514243,0.465767,0,0,0,flat,False,
1775839632.603575,entry_blocked,3140,,,80,,,earnings,buy_over_fair_px_1046_fair_977.2,,0,,1409.00,0.00,1409.00,1409.00,1409.00,earnings,earnings,BUY,80,0.024606,True,977.2420,1040,1046,1043.0000,6,2.039471,0.024606,0.000000,-8.0000,,,,,,,,,,-11.1208,-11.1208,0.020469,0.514229,0.465302,0,0,0,flat,False,
1775839632.604452,entry_blocked,3140,,,80,,,earnings,buy_over_fair_px_1046_fair_977.3,,0,,1409.00,0.00,1409.00,1409.00,1409.00,earnings,earnings,BUY,80,0.024606,True,977.2565,1040,1046,1043.0000,6,2.039471,0.024606,0.000000,-8.0000,,,,,,,,,,-11.1347,-11.1347,0.020449,0.513716,0.465835,0,0,0,flat,False,
1775839632.623401,entry_blocked,3140,,,80,,,earnings,buy_over_fair_px_1047_fair_977.3,,0,,1409.00,0.00,1409.00,1409.00,1409.00,earnings,earnings,BUY,80,0.024606,True,977.2856,1041,1047,1044.0000,6,2.039471,0.024606,0.000000,-8.0000,,,,,,,,,,-11.1625,-11.1625,0.020500,0.512500,0.467000,0,0,0,flat,False,
1775839632.800531,entry_blocked,3140,,,80,,,earnings,buy_over_fair_px_1046_fair_977.3,,0,,1409.00,0.00,1409.00,1409.00,1409.00,earnings,earnings,BUY,80,0.024606,True,977.2870,1041,1046,1043.5000,5,2.039471,0.024606,0.000000,-8.0000,,,,,,,,,,-11.1638,-11.1638,0.020979,0.511489,0.467532,0,0,0,flat,False,
1775839632.926630,heartbeat,3140,,,,,,,,,0,,1409.00,0.00,1409.00,1409.00,1409.00,earnings,earnings,BUY,80,0.024606,False,977.3249,1040,1046,1043.0000,6,2.039471,0.024606,0.000000,-8.0000,,,,,,,,,,-11.2000,-11.2000,0.020000,0.512000,0.468000,0,0,0,flat,False,
1775839635.948180,heartbeat,3140,,,,,,,,,0,,1409.00,0.00,1409.00,1409.00,1409.00,earnings,earnings,BUY,80,0.024606,False,977.6915,1046,1052,1049.0000,6,2.039471,0.024606,0.000000,-8.0000,,,,,,,,,,-11.5500,-11.5500,0.017000,0.504000,0.479000,0,0,0,flat,False,
1775839637.407391,macro_eval,3203,,BUY,160,,,,candidate,score=-8.50 headline=Minutes reveal a majority of members favoring a shift toward accommodation.,0,,1409.00,0.00,1409.00,1409.00,1409.00,earnings,earnings,BUY,80,0.024606,False,979.2159,1046,1052,1049.0000,6,2.039471,0.024606,0.000000,-8.0000,,,-8.5000,160,BUY,+0.196804,unstructured,,,-13.0040,-13.0040,0.010951,0.457939,0.531110,0,0,0,flat,False,"{'timestamp': 3203, 'kind': 'unstructured', 'new_data': {'content': 'Minutes reveal a majority of members favoring a shift toward accommodation.'}}"
1775839637.408083,macro_signal,3203,,BUY,160,,,,,score=-8.50 headline=Minutes reveal a majority of members favoring a shift toward accommodation.,0,,1409.00,0.00,1409.00,1409.00,1409.00,earnings,macro,BUY,160,8.500000,True,987.6525,1046,1052,1049.0000,6,2.039471,0.024606,0.000000,-8.0000,,,-8.5000,160,BUY,+0.196804,,,,-21.0040,-13.0040,0.010951,0.457939,0.531110,0,0,0,flat,False,"{'timestamp': 3203, 'kind': 'unstructured', 'new_data': {'content': 'Minutes reveal a majority of members favoring a shift toward accommodation.'}}"
1775839637.408906,entry_blocked,3203,,,160,,,macro,buy_over_fair_px_1052_fair_987.7,,0,,1409.00,0.00,1409.00,1409.00,1409.00,earnings,macro,BUY,160,8.500000,True,987.6525,1046,1052,1049.0000,6,2.039471,0.024606,0.000000,-8.0000,,,,,,,,,,-21.0040,-13.0040,0.010951,0.457939,0.531110,0,0,0,flat,False,
1775839637.410397,entry_blocked,3203,,,160,,,macro,buy_over_fair_px_1052_fair_988.0,,0,,1409.00,0.00,1409.00,1409.00,1409.00,earnings,macro,BUY,160,8.500000,True,987.9540,1049,1052,1050.5000,3,2.039471,0.024606,0.000000,-8.0000,,,,,,,,,,-21.2884,-13.2884,0.011190,0.446083,0.542726,0,0,0,flat,False,
1775839637.411960,entry_blocked,3203,,,160,,,macro,buy_over_fair_px_1052_fair_987.7,,0,,1409.00,0.00,1409.00,1409.00,1409.00,earnings,macro,BUY,160,8.500000,True,987.6525,1049,1052,1050.5000,3,2.039471,0.024606,0.000000,-8.0000,,,,,,,,,,-21.0040,-13.0040,0.010951,0.457939,0.531110,0,0,0,flat,False,
1775839637.415791,entry_blocked,3203,,,160,,,macro,buy_over_fair_px_1052_fair_987.9,,0,,1409.00,0.00,1409.00,1409.00,1409.00,earnings,macro,BUY,160,8.500000,True,987.9469,1049,1052,1050.5000,3,2.039471,0.024606,0.000000,-8.0000,,,,,,,,,,-21.2816,-13.2816,0.011185,0.446365,0.542450,0,0,0,flat,False,
1775839637.417405,entry_blocked,3203,,,160,,,macro,buy_over_fair_px_1052_fair_988.0,,0,,1409.00,0.00,1409.00,1409.00,1409.00,earnings,macro,BUY,160,8.500000,True,987.9971,1049,1052,1050.5000,3,2.039471,0.024606,0.000000,-8.0000,,,,,,,,,,-21.3291,-13.3291,0.011224,0.444388,0.544388,0,0,0,flat,False,
1775839637.418106,entry_blocked,3203,,,160,,,macro,buy_over_fair_px_1052_fair_987.7,,0,,1409.00,0.00,1409.00,1409.00,1409.00,earnings,macro,BUY,160,8.500000,True,987.7007,1049,1052,1050.5000,3,2.039471,0.024606,0.000000,-8.0000,,,,,,,,,,-21.0495,-13.0495,0.010989,0.456044,0.532967,0,0,0,flat,False,
1775839637.421806,entry_blocked,3203,,,160,,,macro,buy_over_fair_px_1052_fair_988.0,,0,,1409.00,0.00,1409.00,1409.00,1409.00,earnings,macro,BUY,160,8.500000,True,988.0107,1049,1052,1050.5000,3,2.039471,0.024606,0.000000,-8.0000,,,,,,,,,,-21.3418,-13.3418,0.010714,0.444898,0.544388,0,0,0,flat,False,
1775839637.423015,entry_blocked,3203,,,160,,,macro,buy_over_fair_px_1052_fair_987.7,,0,,1409.00,0.00,1409.00,1409.00,1409.00,earnings,macro,BUY,160,8.500000,True,987.7347,1049,1052,1050.5000,3,2.039471,0.024606,0.000000,-8.0000,,,,,,,,,,-21.0815,-13.0815,0.010505,0.455728,0.533767,0,0,0,flat,False,
1775839637.423424,entry_blocked,3203,,,160,,,macro,buy_over_fair_px_1052_fair_987.8,,0,,1409.00,0.00,1409.00,1409.00,1409.00,earnings,macro,BUY,160,8.500000,True,987.7549,1049,1052,1050.5000,3,2.039471,0.024606,0.000000,-8.0000,,,,,,,,,,-21.1006,-13.1006,0.010010,0.455956,0.534034,0,0,0,flat,False,
1775839637.427609,entry_blocked,3203,,,160,,,macro,buy_over_fair_px_1052_fair_987.7,,0,,1409.00,0.00,1409.00,1409.00,1409.00,earnings,macro,BUY,160,8.500000,True,987.7486,1049,1052,1050.5000,3,2.039471,0.024606,0.000000,-8.0000,,,,,,,,,,-21.0946,-13.0946,0.010015,0.456184,0.533801,0,0,0,flat,False,
1775839637.432855,entry_blocked,3203,,,160,,,macro,buy_over_fair_px_1053_fair_987.7,,0,,1409.00,0.00,1409.00,1409.00,1409.00,earnings,macro,BUY,160,8.500000,True,987.7417,1049,1053,1051.0000,4,2.039471,0.024606,0.000000,-8.0000,,,,,,,,,,-21.0881,-13.0881,0.010010,0.456456,0.533534,0,0,0,flat,False,
1775839637.433411,entry_blocked,3203,,,160,,,macro,buy_over_fair_px_1054_fair_987.7,,0,,1409.00,0.00,1409.00,1409.00,1409.00,earnings,macro,BUY,160,8.500000,True,987.7417,1049,1054,1051.5000,5,2.039471,0.024606,0.000000,-8.0000,,,,,,,,,,-21.0881,-13.0881,0.010010,0.456456,0.533534,0,0,0,flat,False,
1775839637.433946,entry_blocked,3203,,,160,,,macro,buy_over_fair_px_1055_fair_987.7,,0,,1409.00,0.00,1409.00,1409.00,1409.00,earnings,macro,BUY,160,8.500000,True,987.7417,1049,1055,1052.0000,6,2.039471,0.024606,0.000000,-8.0000,,,,,,,,,,-21.0881,-13.0881,0.010010,0.456456,0.533534,0,0,0,flat,False,
1775839637.601933,entry_blocked,3203,,,160,,,macro,buy_over_fair_px_1055_fair_988.2,,0,,1409.00,0.00,1409.00,1409.00,1409.00,earnings,macro,BUY,160,8.500000,True,988.2279,1049,1055,1052.0000,6,2.039471,0.024606,0.000000,-8.0000,,,,,,,,,,-21.5467,-13.5467,0.009625,0.438884,0.551492,0,0,0,flat,False,
1775839637.604490,entry_blocked,3203,,,160,,,macro,buy_over_fair_px_1055_fair_987.7,,0,,1409.00,0.00,1409.00,1409.00,1409.00,earnings,macro,BUY,160,8.500000,True,987.7417,1049,1055,1052.0000,6,2.039471,0.024606,0.000000,-8.0000,,,,,,,,,,-21.0881,-13.0881,0.010010,0.456456,0.533534,0,0,0,flat,False,
1775839637.607300,entry_blocked,3203,,,160,,,macro,buy_over_fair_px_1055_fair_988.3,,0,,1409.00,0.00,1409.00,1409.00,1409.00,earnings,macro,BUY,160,8.500000,True,988.2829,1049,1055,1052.0000,6,2.039471,0.024606,0.000000,-8.0000,,,,,,,,,,-21.5985,-13.5985,0.010400,0.435257,0.554342,0,0,0,flat,False,
1775839637.608921,entry_blocked,3203,,,160,,,macro,buy_over_fair_px_1055_fair_987.7,,0,,1409.00,0.00,1409.00,1409.00,1409.00,earnings,macro,BUY,160,8.500000,True,987.7417,1049,1055,1052.0000,6,2.039471,0.024606,0.000000,-8.0000,,,,,,,,,,-21.0881,-13.0881,0.010010,0.456456,0.533534,0,0,0,flat,False,
1775839637.610375,entry_blocked,3203,,,160,,,macro,buy_over_fair_px_1055_fair_988.2,,0,,1409.00,0.00,1409.00,1409.00,1409.00,earnings,macro,BUY,160,8.500000,True,988.2220,1049,1055,1052.0000,6,2.039471,0.024606,0.000000,-8.0000,,,,,,,,,,-21.5412,-13.5412,0.009629,0.439095,0.551276,0,0,0,flat,False,
1775839637.612283,entry_blocked,3203,,,160,,,macro,buy_over_fair_px_1055_fair_987.7,,0,,1409.00,0.00,1409.00,1409.00,1409.00,earnings,macro,BUY,160,8.500000,True,987.7417,1049,1055,1052.0000,6,2.039471,0.024606,0.000000,-8.0000,,,,,,,,,,-21.0881,-13.0881,0.010010,0.456456,0.533534,0,0,0,flat,False,
1775839637.613113,entry_blocked,3203,,,160,,,macro,buy_over_fair_px_1055_fair_988.0,,0,,1409.00,0.00,1409.00,1409.00,1409.00,earnings,macro,BUY,160,8.500000,True,987.9956,1049,1055,1052.0000,6,2.039471,0.024606,0.000000,-8.0000,,,,,,,,,,-21.3276,-13.3276,0.009809,0.447278,0.542913,0,0,0,flat,False,
1775839637.615167,entry_blocked,3203,,,160,,,macro,buy_over_fair_px_1055_fair_988.1,,0,,1409.00,0.00,1409.00,1409.00,1409.00,earnings,macro,BUY,160,8.500000,True,988.0555,1054,1055,1054.5000,1,2.039471,0.024606,0.000000,-8.0000,,,,,,,,,,-21.3841,-13.3841,0.008350,0.447937,0.543713,0,0,0,flat,False,
1775839637.619689,entry_blocked,3203,,,160,,,macro,buy_over_fair_px_1055_fair_988.6,,0,,1409.00,0.00,1409.00,1409.00,1409.00,earnings,macro,BUY,160,8.500000,True,988.5908,1054,1055,1054.5000,1,2.039471,0.024606,0.000000,-8.0000,,,,,,,,,,-21.8889,-13.8889,0.008665,0.427115,0.564220,0,0,0,flat,False,
1775839637.621280,entry_blocked,3203,,,160,,,macro,buy_over_fair_px_1055_fair_988.9,,0,,1409.00,0.00,1409.00,1409.00,1409.00,earnings,macro,BUY,160,8.500000,True,988.8976,1054,1055,1054.5000,1,2.039471,0.024606,0.000000,-8.0000,,,,,,,,,,-22.1779,-14.1779,0.008845,0.415193,0.575963,0,0,0,flat,False,
1775839637.622226,entry_blocked,3203,,,160,,,macro,buy_over_fair_px_1055_fair_988.3,,0,,1409.00,0.00,1409.00,1409.00,1409.00,earnings,macro,BUY,160,8.500000,True,988.3399,1054,1055,1054.5000,1,2.039471,0.024606,0.000000,-8.0000,,,,,,,,,,-21.6523,-13.6523,0.008517,0.436874,0.554609,0,0,0,flat,False,
1775839637.624828,entry_blocked,3203,,,160,,,macro,buy_over_fair_px_1055_fair_988.8,,0,,1409.00,0.00,1409.00,1409.00,1409.00,earnings,macro,BUY,160,8.500000,True,988.7926,1054,1055,1054.5000,1,2.039471,0.024606,0.000000,-8.0000,,,,,,,,,,-22.0791,-14.0791,0.008197,0.420444,0.571360,0,0,0,flat,False,
1775839637.626781,entry_blocked,3203,,,160,,,macro,buy_over_fair_px_1055_fair_988.3,,0,,1409.00,0.00,1409.00,1409.00,1409.00,earnings,macro,BUY,160,8.500000,True,988.3399,1054,1055,1054.5000,1,2.039471,0.024606,0.000000,-8.0000,,,,,,,,,,-21.6523,-13.6523,0.008517,0.436874,0.554609,0,0,0,flat,False,
1775839637.628086,entry_blocked,3203,,,160,,,macro,buy_over_fair_px_1055_fair_988.4,,0,,1409.00,0.00,1409.00,1409.00,1409.00,earnings,macro,BUY,160,8.500000,True,988.3519,1054,1055,1054.5000,1,2.039471,0.024606,0.000000,-8.0000,,,,,,,,,,-21.6637,-13.6637,0.008509,0.436436,0.555055,0,0,0,flat,False,
1775839637.629648,entry_blocked,3203,,,160,,,macro,buy_over_fair_px_1055_fair_987.0,,0,,1409.00,0.00,1409.00,1409.00,1409.00,earnings,macro,BUY,160,8.500000,True,987.0155,1054,1055,1054.5000,1,2.039471,0.024606,0.000000,-8.0000,,,,,,,,,,-20.4027,-12.4027,0.009455,0.484983,0.505562,0,0,0,flat,False,
1775839637.630873,entry_blocked,3203,,,160,,,macro,buy_over_fair_px_1055_fair_987.6,,0,,1409.00,0.00,1409.00,1409.00,1409.00,earnings,macro,BUY,160,8.500000,True,987.5715,1054,1055,1054.5000,1,2.039471,0.024606,0.000000,-8.0000,,,,,,,,,,-20.9275,-12.9275,0.009855,0.463188,0.526957,0,0,0,flat,False,
1775839637.632845,entry_blocked,3203,,,160,,,macro,buy_over_fair_px_1055_fair_987.0,,0,,1409.00,0.00,1409.00,1409.00,1409.00,earnings,macro,BUY,160,8.500000,True,987.0302,1054,1055,1054.5000,1,2.039471,0.024606,0.000000,-8.0000,,,,,,,,,,-20.4165,-12.4165,0.009465,0.484410,0.506125,0,0,0,flat,False,
1775839637.634290,entry_blocked,3203,,,160,,,macro,buy_over_fair_px_1055_fair_987.5,,0,,1409.00,0.00,1409.00,1409.00,1409.00,earnings,macro,BUY,160,8.500000,True,987.4534,1054,1055,1054.5000,1,2.039471,0.024606,0.000000,-8.0000,,,,,,,,,,-20.8161,-12.8161,0.009770,0.467816,0.522414,0,0,0,flat,False,
1775839637.644271,entry_blocked,3203,,,160,,,macro,buy_over_fair_px_1056_fair_987.5,,0,,1409.00,0.00,1409.00,1409.00,1409.00,earnings,macro,BUY,160,8.500000,True,987.4765,1054,1056,1055.0000,2,2.039471,0.024606,0.000000,-8.0000,,,,,,,,,,-20.8378,-12.8378,0.009201,0.468085,0.522714,0,0,0,flat,False,
1775839637.646992,entry_blocked,3203,,,160,,,macro,buy_over_fair_px_1057_fair_987.5,,0,,1409.00,0.00,1409.00,1409.00,1409.00,earnings,macro,BUY,160,8.500000,True,987.4996,1054,1057,1055.5000,3,2.039471,0.024606,0.000000,-8.0000,,,,,,,,,,-20.8596,-12.8596,0.008631,0.468354,0.523015,0,0,0,flat,False,
1775839637.647651,entry_blocked,3203,,,160,,,macro,buy_over_fair_px_1058_fair_987.5,,0,,1409.00,0.00,1409.00,1409.00,1409.00,earnings,macro,BUY,160,8.500000,True,987.4996,1054,1058,1056.0000,4,2.039471,0.024606,0.000000,-8.0000,,,,,,,,,,-20.8596,-12.8596,0.008631,0.468354,0.523015,0,0,0,flat,False,
1775839637.807119,entry_blocked,3203,,,160,,,macro,buy_over_fair_px_1058_fair_989.4,,0,,1409.00,0.00,1409.00,1409.00,1409.00,earnings,macro,BUY,160,8.500000,True,989.4060,1056,1058,1057.0000,2,2.039471,0.024606,0.000000,-8.0000,,,,,,,,,,-22.6569,-14.6569,0.007353,0.399020,0.593627,0,0,0,flat,False,
1775839637.808469,entry_blocked,3203,,,160,,,macro,buy_over_fair_px_1058_fair_987.5,,0,,1409.00,0.00,1409.00,1409.00,1409.00,earnings,macro,BUY,160,8.500000,True,987.4996,1056,1058,1057.0000,2,2.039471,0.024606,0.000000,-8.0000,,,,,,,,,,-20.8596,-12.8596,0.008631,0.468354,0.523015,0,0,0,flat,False,
1775839637.812910,entry_blocked,3203,,,160,,,macro,buy_over_fair_px_1058_fair_989.4,,0,,1409.00,0.00,1409.00,1409.00,1409.00,earnings,macro,BUY,160,8.500000,True,989.4006,1056,1058,1057.0000,2,2.039471,0.024606,0.000000,-8.0000,,,,,,,,,,-22.6518,-14.6518,0.007357,0.399215,0.593428,0,0,0,flat,False,
1775839637.815451,entry_blocked,3203,,,160,,,macro,buy_over_fair_px_1058_fair_987.5,,0,,1409.00,0.00,1409.00,1409.00,1409.00,earnings,macro,BUY,160,8.500000,True,987.4996,1056,1058,1057.0000,2,2.039471,0.024606,0.000000,-8.0000,,,,,,,,,,-20.8596,-12.8596,0.008631,0.468354,0.523015,0,0,0,flat,False,
1775839637.816265,entry_blocked,3203,,,160,,,macro,buy_over_fair_px_1058_fair_987.7,,0,,1409.00,0.00,1409.00,1409.00,1409.00,earnings,macro,BUY,160,8.500000,True,987.7393,1056,1058,1057.0000,2,2.039471,0.024606,0.000000,-8.0000,,,,,,,,,,-21.0858,-13.0858,0.008470,0.459627,0.531903,0,0,0,flat,False,
1775839637.817683,entry_blocked,3203,,,160,,,macro,buy_over_fair_px_1058_fair_987.8,,0,,1409.00,0.00,1409.00,1409.00,1409.00,earnings,macro,BUY,160,8.500000,True,987.7621,1056,1058,1057.0000,2,2.039471,0.024606,0.000000,-8.0000,,,,,,,,,,-21.1073,-13.1073,0.007910,0.459887,0.532203,0,0,0,flat,False,
1775839637.818466,entry_blocked,3203,,,160,,,macro,buy_over_fair_px_1058_fair_988.1,,0,,1409.00,0.00,1409.00,1409.00,1409.00,earnings,macro,BUY,160,8.500000,True,988.0916,1056,1058,1057.0000,2,2.039471,0.024606,0.000000,-8.0000,,,,,,,,,,-21.4182,-13.4182,0.008097,0.447079,0.544824,0,0,0,flat,False,
1775839637.820053,entry_blocked,3203,,,160,,,macro,buy_over_fair_px_1058_fair_987.8,,0,,1409.00,0.00,1409.00,1409.00,1409.00,earnings,macro,BUY,160,8.500000,True,987.7621,1056,1058,1057.0000,2,2.039471,0.024606,0.000000,-8.0000,,,,,,,,,,-21.1073,-13.1073,0.007910,0.459887,0.532203,0,0,0,flat,False,
1775839637.822391,entry_blocked,3203,,,160,,,macro,buy_over_fair_px_1058_fair_988.1,,0,,1409.00,0.00,1409.00,1409.00,1409.00,earnings,macro,BUY,160,8.500000,True,988.0834,1056,1058,1057.0000,2,2.039471,0.024606,0.000000,-8.0000,,,,,,,,,,-21.4104,-13.4104,0.008092,0.447399,0.544509,0,0,0,flat,False,
1775839637.823567,entry_blocked,3203,,,160,,,macro,buy_over_fair_px_1058_fair_988.3,,0,,1409.00,0.00,1409.00,1409.00,1409.00,earnings,macro,BUY,160,8.500000,True,988.3258,1056,1058,1057.0000,2,2.039471,0.024606,0.000000,-8.0000,,,,,,,,,,-21.6390,-13.6390,0.008230,0.437978,0.553792,0,0,0,flat,False,
1775839637.824214,entry_blocked,3203,,,160,,,macro,buy_over_fair_px_1058_fair_988.2,,0,,1409.00,0.00,1409.00,1409.00,1409.00,earnings,macro,BUY,160,8.500000,True,988.2329,1056,1058,1057.0000,2,2.039471,0.024606,0.000000,-8.0000,,,,,,,,,,-21.5514,-13.5514,0.008178,0.441589,0.550234,0,0,0,flat,False,
1775839637.826972,entry_blocked,3203,,,160,,,macro,buy_over_fair_px_1058_fair_990.0,,0,,1409.00,0.00,1409.00,1409.00,1409.00,earnings,macro,BUY,160,8.500000,True,990.0451,1056,1058,1057.0000,2,2.039471,0.024606,0.000000,-8.0000,,,,,,,,,,-23.2584,-15.2584,0.006958,0.375746,0.617296,0,0,0,flat,False,
1775839637.827940,entry_blocked,3203,,,160,,,macro,buy_over_fair_px_1058_fair_988.2,,0,,1409.00,0.00,1409.00,1409.00,1409.00,earnings,macro,BUY,160,8.500000,True,988.2329,1056,1058,1057.0000,2,2.039471,0.024606,0.000000,-8.0000,,,,,,,,,,-21.5514,-13.5514,0.008178,0.441589,0.550234,0,0,0,flat,False,
1775839637.832552,entry_blocked,3203,,,160,,,macro,buy_over_fair_px_1058_fair_988.3,,0,,1409.00,0.00,1409.00,1409.00,1409.00,earnings,macro,BUY,160,8.500000,True,988.3315,1056,1058,1057.0000,2,2.039471,0.024606,0.000000,-8.0000,,,,,,,,,,-21.6444,-13.6444,0.008216,0.437793,0.553991,0,0,0,flat,False,
1775839637.841756,entry_blocked,3203,,,160,,,macro,buy_over_fair_px_1060_fair_988.3,,0,,1409.00,0.00,1409.00,1409.00,1409.00,earnings,macro,BUY,160,8.500000,True,988.2807,1056,1060,1058.0000,4,2.039471,0.024606,0.000000,-8.0000,,,,,,,,,,-21.5965,-13.5965,0.008187,0.439766,0.552047,0,0,0,flat,False,
1775839637.842557,entry_blocked,3203,,,160,,,macro,buy_over_fair_px_1061_fair_988.3,,0,,1409.00,0.00,1409.00,1409.00,1409.00,earnings,macro,BUY,160,8.500000,True,988.2807,1056,1061,1058.5000,5,2.039471,0.024606,0.000000,-8.0000,,,,,,,,,,-21.5965,-13.5965,0.008187,0.439766,0.552047,0,0,0,flat,False,
1775839637.843100,entry_blocked,3203,,,160,,,macro,buy_over_fair_px_1062_fair_988.3,,0,,1409.00,0.00,1409.00,1409.00,1409.00,earnings,macro,BUY,160,8.500000,True,988.2807,1056,1062,1059.0000,6,2.039471,0.024606,0.000000,-8.0000,,,,,,,,,,-21.5965,-13.5965,0.008187,0.439766,0.552047,0,0,0,flat,False,
1775839637.845423,entry_blocked,3203,,,160,,,macro,buy_over_fair_px_1062_fair_990.1,,0,,1409.00,0.00,1409.00,1409.00,1409.00,earnings,macro,BUY,160,8.500000,True,990.0892,1056,1062,1059.0000,6,2.039471,0.024606,0.000000,-8.0000,,,,,,,,,,-23.3000,-15.3000,0.006000,0.376000,0.618000,0,0,0,flat,False,
1775839637.848846,entry_blocked,3203,,,160,,,macro,buy_over_fair_px_1062_fair_988.1,,0,,1409.00,0.00,1409.00,1409.00,1409.00,earnings,macro,BUY,160,8.500000,True,988.0546,1056,1062,1059.0000,6,2.039471,0.024606,0.000000,-8.0000,,,,,,,,,,-21.3832,-13.3832,0.007186,0.450299,0.542515,0,0,0,flat,False,
1775839638.002155,entry_blocked,3203,,,160,,,macro,buy_over_fair_px_1062_fair_990.2,,0,,1409.00,0.00,1409.00,1409.00,1409.00,earnings,macro,BUY,160,8.500000,True,990.2064,1056,1062,1059.0000,6,2.039471,0.024606,0.000000,-8.0000,,,,,,,,,,-23.4103,-15.4103,0.005932,0.371725,0.622343,0,0,0,flat,False,
1775839638.003461,entry_blocked,3203,,,160,,,macro,buy_over_fair_px_1062_fair_988.1,,0,,1409.00,0.00,1409.00,1409.00,1409.00,earnings,macro,BUY,160,8.500000,True,988.0546,1056,1062,1059.0000,6,2.039471,0.024606,0.000000,-8.0000,,,,,,,,,,-21.3832,-13.3832,0.007186,0.450299,0.542515,0,0,0,flat,False,
1775839638.008214,entry_blocked,3203,,,160,,,macro,buy_over_fair_px_1062_fair_990.2,,0,,1409.00,0.00,1409.00,1409.00,1409.00,earnings,macro,BUY,160,8.500000,True,990.2014,1056,1062,1059.0000,6,2.039471,0.024606,0.000000,-8.0000,,,,,,,,,,-23.4055,-15.4055,0.005935,0.371909,0.622156,0,0,0,flat,False,
1775839638.010168,entry_blocked,3203,,,160,,,macro,buy_over_fair_px_1062_fair_988.1,,0,,1409.00,0.00,1409.00,1409.00,1409.00,earnings,macro,BUY,160,8.500000,True,988.0546,1056,1062,1059.0000,6,2.039471,0.024606,0.000000,-8.0000,,,,,,,,,,-21.3832,-13.3832,0.007186,0.450299,0.542515,0,0,0,flat,False,
1775839638.011738,entry_blocked,3203,,,160,,,macro,buy_over_fair_px_1062_fair_988.2,,0,,1409.00,0.00,1409.00,1409.00,1409.00,earnings,macro,BUY,160,8.500000,True,988.2003,1056,1062,1059.0000,6,2.039471,0.024606,0.000000,-8.0000,,,,,,,,,,-21.5207,-13.5207,0.007101,0.444970,0.547929,0,0,0,flat,False,
1775839638.014898,entry_blocked,3203,,,160,,,macro,buy_over_fair_px_1062_fair_990.3,,0,,1409.00,0.00,1409.00,1409.00,1409.00,earnings,macro,BUY,160,8.500000,True,990.3174,1056,1062,1059.0000,6,2.039471,0.024606,0.000000,-8.0000,,,,,,,,,,-23.5147,-15.5147,0.005392,0.368627,0.625980,0,0,0,flat,False,
1775839638.016342,entry_blocked,3203,,,160,,,macro,buy_over_fair_px_1062_fair_988.2,,0,,1409.00,0.00,1409.00,1409.00,1409.00,earnings,macro,BUY,160,8.500000,True,988.2245,1056,1062,1059.0000,6,2.039471,0.024606,0.000000,-8.0000,,,,,,,,,,-21.5435,-13.5435,0.006513,0.445234,0.548253,0,0,0,flat,False,
1775839638.018604,entry_blocked,3203,,,160,,,macro,buy_over_fair_px_1062_fair_988.4,,0,,1409.00,0.00,1409.00,1409.00,1409.00,earnings,macro,BUY,160,8.500000,True,988.4284,1056,1062,1059.0000,6,2.039471,0.024606,0.000000,-8.0000,,,,,,,,,,-21.7358,-13.7358,0.006591,0.437388,0.556022,0,0,0,flat,False,
1775839638.019446,entry_blocked,3203,,,160,,,macro,buy_over_fair_px_1062_fair_988.2,,0,,1409.00,0.00,1409.00,1409.00,1409.00,earnings,macro,BUY,160,8.500000,True,988.2389,1056,1062,1059.0000,6,2.039471,0.024606,0.000000,-8.0000,,,,,,,,,,-21.5571,-13.5571,0.006505,0.444707,0.548788,0,0,0,flat,False,
1775839638.020798,entry_blocked,3203,,,160,,,macro,buy_over_fair_px_1062_fair_988.4,,0,,1409.00,0.00,1409.00,1409.00,1409.00,earnings,macro,BUY,160,8.500000,True,988.4197,1056,1062,1059.0000,6,2.039471,0.024606,0.000000,-8.0000,,,,,,,,,,-21.7275,-13.7275,0.006587,0.437725,0.555689,0,0,0,flat,False,
1775839638.021957,entry_blocked,3203,,,160,,,macro,buy_over_fair_px_1062_fair_988.6,,0,,1409.00,0.00,1409.00,1409.00,1409.00,earnings,macro,BUY,160,8.500000,True,988.5962,1056,1062,1059.0000,6,2.039471,0.024606,0.000000,-8.0000,,,,,,,,,,-21.8939,-13.8939,0.006667,0.430909,0.562424,0,0,0,flat,False,
1775839638.202163,entry_blocked,3203,,,160,,,macro,buy_over_fair_px_1062_fair_990.7,,0,,1409.00,0.00,1409.00,1409.00,1409.00,earnings,macro,BUY,160,8.500000,True,990.6933,1056,1062,1059.0000,6,2.039471,0.024606,0.000000,-8.0000,,,,,,,,,,-23.8683,-15.8683,0.005489,0.354291,0.640220,0,0,0,flat,False,
1775839638.203180,entry_blocked,3203,,,160,,,macro,buy_over_fair_px_1062_fair_988.6,,0,,1409.00,0.00,1409.00,1409.00,1409.00,earnings,macro,BUY,160,8.500000,True,988.6051,1056,1062,1059.0000,6,2.039471,0.024606,0.000000,-8.0000,,,,,,,,,,-21.9024,-13.9024,0.006671,0.430564,0.562765,0,0,0,flat,False,
1775839638.208059,entry_blocked,3203,,,160,,,macro,buy_over_fair_px_1062_fair_990.7,,0,,1409.00,0.00,1409.00,1409.00,1409.00,earnings,macro,BUY,160,8.500000,True,990.6885,1057,1062,1059.5000,5,2.039471,0.024606,0.000000,-8.0000,,,,,,,,,,-23.8637,-15.8637,0.005492,0.354468,0.640040,0,0,0,flat,False,
1775839638.217439,entry_blocked,3203,,,160,,,macro,buy_over_fair_px_1062_fair_990.8,,0,,1409.00,0.00,1409.00,1409.00,1409.00,earnings,macro,BUY,160,8.500000,True,990.7512,1057,1062,1059.5000,5,2.039471,0.024606,0.000000,-8.0000,,,,,,,,,,-23.9226,-15.9226,0.005456,0.352183,0.642361,0,0,0,flat,False,
1775839638.220197,entry_blocked,3203,,,160,,,macro,buy_over_fair_px_1062_fair_990.7,,0,,1409.00,0.00,1409.00,1409.00,1409.00,earnings,macro,BUY,160,8.500000,True,990.7296,1057,1062,1059.5000,5,2.039471,0.024606,0.000000,-8.0000,,,,,,,,,,-23.9023,-15.9023,0.005949,0.352008,0.642043,0,0,0,flat,False,
1775839638.221736,entry_blocked,3203,,,160,,,macro,buy_over_fair_px_1062_fair_990.8,,0,,1409.00,0.00,1409.00,1409.00,1409.00,earnings,macro,BUY,160,8.500000,True,990.7632,1057,1062,1059.5000,5,2.039471,0.024606,0.000000,-8.0000,,,,,,,,,,-23.9339,-15.9339,0.005961,0.350720,0.643318,0,0,0,flat,False,
1775839638.223999,entry_blocked,3203,,,160,,,macro,buy_over_fair_px_1062_fair_990.9,,0,,1409.00,0.00,1409.00,1409.00,1409.00,earnings,macro,BUY,160,8.500000,True,990.8563,1057,1062,1059.5000,5,2.039471,0.024606,0.000000,-8.0000,,,,,,,,,,-24.0215,-16.0215,0.005994,0.347153,0.646853,0,0,0,flat,False,
1775839638.227395,entry_blocked,3203,,,160,,,macro,buy_over_fair_px_1063_fair_990.9,,0,,1409.00,0.00,1409.00,1409.00,1409.00,earnings,macro,BUY,160,8.500000,True,990.8648,1057,1063,1060.0000,6,2.039471,0.024606,0.000000,-8.0000,,,,,,,,,,-24.0295,-16.0295,0.005997,0.346827,0.647176,0,0,0,flat,False,
1775839638.406363,entry_blocked,3203,,,160,,,macro,buy_over_fair_px_1063_fair_991.0,,0,,1409.00,0.00,1409.00,1409.00,1409.00,earnings,macro,BUY,160,8.500000,True,990.9579,1058,1063,1060.5000,5,2.039471,0.024606,0.000000,-8.0000,,,,,,,,,,-24.1169,-16.1169,0.005497,0.344328,0.650175,0,0,0,flat,False,
1775839638.419339,entry_blocked,3203,,,160,,,macro,buy_over_fair_px_1064_fair_991.0,,0,,1409.00,0.00,1409.00,1409.00,1409.00,earnings,macro,BUY,160,8.500000,True,990.9711,1058,1064,1061.0000,6,2.039471,0.024606,0.000000,-8.0000,,,,,,,,,,-24.1294,-16.1294,0.005497,0.343828,0.650675,0,0,0,flat,False,
1775839638.580426,entry_blocked,3203,,,160,,,macro,buy_over_fair_px_1058_fair_991.0,,0,,1409.00,0.00,1409.00,1409.00,1409.00,earnings,macro,BUY,160,8.500000,True,991.0149,1058,1058,1058.0000,0,2.039471,0.024606,0.000000,-8.0000,,,,,,,,,,-24.1706,-16.1706,0.005003,0.343172,0.651826,0,0,0,flat,False,
1775839638.581886,entry_blocked,3203,,,160,,,macro,buy_over_fair_px_1064_fair_991.0,,0,,1409.00,0.00,1409.00,1409.00,1409.00,earnings,macro,BUY,160,8.500000,True,991.0149,1058,1064,1061.0000,6,2.039471,0.024606,0.000000,-8.0000,,,,,,,,,,-24.1706,-16.1706,0.005003,0.343172,0.651826,0,0,0,flat,False,
1775839638.605913,entry_blocked,3203,,,160,,,macro,buy_over_fair_px_1064_fair_991.1,,0,,1409.00,0.00,1409.00,1409.00,1409.00,earnings,macro,BUY,160,8.500000,True,991.0681,1058,1064,1061.0000,6,2.039471,0.024606,0.000000,-8.0000,,,,,,,,,,-24.2206,-16.2206,0.005003,0.341171,0.653827,0,0,0,flat,False,
1775839638.632561,entry_blocked,3203,,,160,,,macro,buy_over_fair_px_1065_fair_991.1,,0,,1409.00,0.00,1409.00,1409.00,1409.00,earnings,macro,BUY,160,8.500000,True,991.1260,1059,1065,1062.0000,6,2.039471,0.024606,0.000000,-8.0000,,,,,,,,,,-24.2750,-16.2750,0.005000,0.339000,0.656000,0,0,0,flat,False,
1775839638.804679,entry_blocked,3203,,,160,,,macro,buy_over_fair_px_1065_fair_991.2,,0,,1409.00,0.00,1409.00,1409.00,1409.00,earnings,macro,BUY,160,8.500000,True,991.1676,1059,1065,1062.0000,6,2.039471,0.024606,0.000000,-8.0000,,,,,,,,,,-24.3141,-16.3141,0.004978,0.337481,0.657541,0,0,0,flat,False,
1775839638.805360,entry_blocked,3203,,,160,,,macro,buy_over_fair_px_1065_fair_991.1,,0,,1409.00,0.00,1409.00,1409.00,1409.00,earnings,macro,BUY,160,8.500000,True,991.1260,1059,1065,1062.0000,6,2.039471,0.024606,0.000000,-8.0000,,,,,,,,,,-24.2750,-16.2750,0.005000,0.339000,0.656000,0,0,0,flat,False,
1775839638.806144,entry_blocked,3203,,,160,,,macro,buy_over_fair_px_1063_fair_991.1,,0,,1409.00,0.00,1409.00,1409.00,1409.00,earnings,macro,BUY,160,8.500000,True,991.1260,1059,1063,1061.0000,4,2.039471,0.024606,0.000000,-8.0000,,,,,,,,,,-24.2750,-16.2750,0.005000,0.339000,0.656000,0,0,0,flat,False,
1775839638.807867,entry_blocked,3203,,,160,,,macro,buy_over_fair_px_1063_fair_991.2,,0,,1409.00,0.00,1409.00,1409.00,1409.00,earnings,macro,BUY,160,8.500000,True,991.1630,1059,1063,1061.0000,4,2.039471,0.024606,0.000000,-8.0000,,,,,,,,,,-24.3098,-16.3098,0.004980,0.337649,0.657371,0,0,0,flat,False,
1775839638.811095,entry_blocked,3203,,,160,,,macro,buy_over_fair_px_1063_fair_991.3,,0,,1409.00,0.00,1409.00,1409.00,1409.00,earnings,macro,BUY,160,8.500000,True,991.2503,1059,1063,1061.0000,4,2.039471,0.024606,0.000000,-8.0000,,,,,,,,,,-24.3918,-16.3918,0.004998,0.334333,0.660670,0,0,0,flat,False,
1775839638.813541,entry_blocked,3203,,,160,,,macro,buy_over_fair_px_1063_fair_991.2,,0,,1409.00,0.00,1409.00,1409.00,1409.00,earnings,macro,BUY,160,8.500000,True,991.1722,1059,1063,1061.0000,4,2.039471,0.024606,0.000000,-8.0000,,,,,,,,,,-24.3184,-16.3184,0.004975,0.337313,0.657711,0,0,0,flat,False,
1775839638.816031,entry_blocked,3203,,,160,,,macro,buy_over_fair_px_1063_fair_991.3,,0,,1409.00,0.00,1409.00,1409.00,1409.00,earnings,macro,BUY,160,8.500000,True,991.2590,1059,1063,1061.0000,4,2.039471,0.024606,0.000000,-8.0000,,,,,,,,,,-24.4000,-16.4000,0.005000,0.334000,0.661000,0,0,0,flat,False,
1775839638.970947,heartbeat,3203,,,,,,,,,0,,1409.00,0.00,1409.00,1409.00,1409.00,earnings,macro,BUY,160,8.500000,True,991.2856,1057,1063,1060.0000,6,2.039471,0.024606,0.000000,-8.0000,,,,,,,,,,-24.4250,-16.4250,0.005000,0.333000,0.662000,0,0,0,flat,False,
1775839639.014354,entry_blocked,3203,,,160,,,macro,buy_over_fair_px_1063_fair_991.4,,0,,1409.00,0.00,1409.00,1409.00,1409.00,earnings,macro,BUY,160,8.500000,True,991.3840,1057,1063,1060.0000,6,2.039471,0.024606,0.000000,-8.0000,,,,,,,,,,-24.5174,-16.5174,0.003980,0.331343,0.664677,0,0,0,flat,False,
1775839639.016321,entry_blocked,3203,,,160,,,macro,buy_over_fair_px_1062_fair_991.4,,0,,1409.00,0.00,1409.00,1409.00,1409.00,earnings,macro,BUY,160,8.500000,True,991.4103,1057,1062,1059.5000,5,2.039471,0.024606,0.000000,-8.0000,,,,,,,,,,-24.5421,-16.5421,0.003986,0.330344,0.665670,0,0,0,flat,False,
1775839639.021678,entry_blocked,3203,,,160,,,macro,buy_over_fair_px_1062_fair_991.5,,0,,1409.00,0.00,1409.00,1409.00,1409.00,earnings,macro,BUY,160,8.500000,True,991.4719,1057,1062,1059.5000,5,2.039471,0.024606,0.000000,-8.0000,,,,,,,,,,-24.6000,-16.6000,0.004000,0.328000,0.668000,0,0,0,flat,False,
1775839639.037229,entry_blocked,3203,,,160,,,macro,buy_over_fair_px_1062_fair_991.3,,0,,1409.00,0.00,1409.00,1409.00,1409.00,earnings,macro,BUY,160,8.500000,True,991.3046,1057,1062,1059.5000,5,2.039471,0.024606,0.000000,-8.0000,,,,,,,,,,-24.4428,-16.4428,0.007960,0.326368,0.665672,0,0,0,flat,False,
1775839639.047758,order_placed,3203,C,BUY,40,41,1775839157693,macro_entry,,,0,,1409.00,0.00,1409.00,1409.00,1409.00,earnings,macro,BUY,160,8.500000,True,991.3220,1056,41,548.5000,-1015,2.039471,0.024606,0.000000,-8.0000,,,,,,,,,,-24.4592,-16.4592,0.007968,0.325697,0.666335,0,0,0,flat,False,
1775839639.048040,entry_decision,3203,C,BUY,40,41,,macro,,strength=8.500000 target=160,0,,1409.00,0.00,1409.00,1409.00,1409.00,macro,macro,BUY,160,8.500000,True,991.3220,1056,41,548.5000,-1015,2.039471,0.024606,0.000000,-8.0000,,,,,,,,,,-24.4592,-16.4592,0.007968,0.325697,0.666335,0,0,0,flat,False,
1775839639.048396,heartbeat_forced,3203,,,,,,,,,0,,1409.00,0.00,1409.00,1409.00,1409.00,macro,macro,BUY,160,8.500000,True,991.3220,1056,41,548.5000,-1015,2.039471,0.024606,0.000000,-8.0000,,,,,,,,,,-24.4592,-16.4592,0.007968,0.325697,0.666335,0,0,0,flat,False,
1775839639.400347,entry_blocked,3203,,,160,,,macro,live_order,,0,,1409.00,0.00,1409.00,1409.00,1409.00,macro,macro,BUY,160,8.500000,True,991.3046,1056,1062,1059.0000,6,2.039471,0.024606,0.000000,-8.0000,,,,,,,,,,-24.4428,-16.4428,0.007960,0.326368,0.665672,0,0,0,flat,False,
1775839639.777508,entry_blocked,3203,,,160,,,macro,buy_over_fair_px_1064_fair_991.2,,0,,1409.00,0.00,1409.00,1409.00,1409.00,macro,macro,BUY,160,8.500000,True,991.2038,1058,1064,1061.0000,6,2.039471,0.024606,0.000000,-8.0000,,,,,,,,,,-24.3481,-16.3481,0.004469,0.337140,0.658391,0,0,0,flat,False,
1775839639.809987,entry_blocked,3203,,,160,,,macro,buy_over_fair_px_1063_fair_991.2,,0,,1409.00,0.00,1409.00,1409.00,1409.00,macro,macro,BUY,160,8.500000,True,991.1819,1058,1063,1060.5000,5,2.039471,0.024606,0.000000,-8.0000,,,,,,,,,,-24.3275,-16.3275,0.004963,0.336973,0.658065,0,0,0,flat,False,
1775839639.811755,entry_blocked,3203,,,160,,,macro,buy_over_fair_px_1063_fair_991.0,,0,,1409.00,0.00,1409.00,1409.00,1409.00,macro,macro,BUY,160,8.500000,True,991.0451,1058,1063,1060.5000,5,2.039471,0.024606,0.000000,-8.0000,,,,,,,,,,-24.1989,-16.1989,0.004924,0.342196,0.652880,0,0,0,flat,False,
1775839639.813913,entry_blocked,3203,,,160,,,macro,buy_over_fair_px_1063_fair_991.2,,0,,1409.00,0.00,1409.00,1409.00,1409.00,macro,macro,BUY,160,8.500000,True,991.1819,1058,1063,1060.5000,5,2.039471,0.024606,0.000000,-8.0000,,,,,,,,,,-24.3275,-16.3275,0.004963,0.336973,0.658065,0,0,0,flat,False,
1775839639.817365,entry_blocked,3203,,,160,,,macro,buy_over_fair_px_1063_fair_991.0,,0,,1409.00,0.00,1409.00,1409.00,1409.00,macro,macro,BUY,160,8.500000,True,991.0425,1058,1063,1060.5000,5,2.039471,0.024606,0.000000,-8.0000,,,,,,,,,,-24.1965,-16.1965,0.005038,0.342065,0.652897,0,0,0,flat,False,
1775839639.819354,entry_blocked,3203,,,160,,,macro,buy_over_fair_px_1063_fair_991.2,,0,,1409.00,0.00,1409.00,1409.00,1409.00,macro,macro,BUY,160,8.500000,True,991.1819,1058,1063,1060.5000,5,2.039471,0.024606,0.000000,-8.0000,,,,,,,,,,-24.3275,-16.3275,0.004963,0.336973,0.658065,0,0,0,flat,False,
1775839639.821262,entry_blocked,3203,,,160,,,macro,buy_over_fair_px_1063_fair_991.0,,0,,1409.00,0.00,1409.00,1409.00,1409.00,macro,macro,BUY,160,8.500000,True,991.0472,1058,1063,1060.5000,5,2.039471,0.024606,0.000000,-8.0000,,,,,,,,,,-24.2009,-16.2009,0.005035,0.341893,0.653072,0,0,0,flat,False,
1775839639.823252,entry_blocked,3203,,,160,,,macro,buy_over_fair_px_1063_fair_991.1,,0,,1409.00,0.00,1409.00,1409.00,1409.00,macro,macro,BUY,160,8.500000,True,991.1313,1058,1063,1060.5000,5,2.039471,0.024606,0.000000,-8.0000,,,,,,,,,,-24.2799,-16.2799,0.004990,0.338822,0.656188,0,0,0,flat,False,
1775839639.825168,entry_blocked,3203,,,160,,,macro,buy_over_fair_px_1063_fair_991.0,,0,,1409.00,0.00,1409.00,1409.00,1409.00,macro,macro,BUY,160,8.500000,True,990.9998,1058,1063,1060.5000,5,2.039471,0.024606,0.000000,-8.0000,,,,,,,,,,-24.1564,-16.1564,0.005061,0.343623,0.651316,0,0,0,flat,False,
1775839639.826367,entry_blocked,3203,,,160,,,macro,buy_over_fair_px_1063_fair_991.1,,0,,1409.00,0.00,1409.00,1409.00,1409.00,macro,macro,BUY,160,8.500000,True,991.1220,1058,1063,1060.5000,5,2.039471,0.024606,0.000000,-8.0000,,,,,,,,,,-24.2712,-16.2712,0.004995,0.339161,0.655844,0,0,0,flat,False,
1775839639.827322,entry_blocked,3203,,,160,,,macro,buy_over_fair_px_1063_fair_991.0,,0,,1409.00,0.00,1409.00,1409.00,1409.00,macro,macro,BUY,160,8.500000,True,990.9950,1058,1063,1060.5000,5,2.039471,0.024606,0.000000,-8.0000,,,,,,,,,,-24.1519,-16.1519,0.005063,0.343797,0.651139,0,0,0,flat,False,
1775839639.828648,entry_blocked,3203,,,160,,,macro,buy_over_fair_px_1063_fair_990.9,,0,,1409.00,0.00,1409.00,1409.00,1409.00,macro,macro,BUY,160,8.500000,True,990.8655,1058,1063,1060.5000,5,2.039471,0.024606,0.000000,-8.0000,,,,,,,,,,-24.0302,-16.0302,0.005025,0.348744,0.646231,0,0,0,flat,False,
1775839639.830358,entry_blocked,3203,,,160,,,macro,buy_over_fair_px_1063_fair_991.0,,0,,1409.00,0.00,1409.00,1409.00,1409.00,macro,macro,BUY,160,8.500000,True,990.9950,1058,1063,1060.5000,5,2.039471,0.024606,0.000000,-8.0000,,,,,,,,,,-24.1519,-16.1519,0.005063,0.343797,0.651139,0,0,0,flat,False,
1775839639.830805,entry_blocked,3203,,,160,,,macro,buy_over_fair_px_1063_fair_990.9,,0,,1409.00,0.00,1409.00,1409.00,1409.00,macro,macro,BUY,160,8.500000,True,990.9171,1058,1063,1060.5000,5,2.039471,0.024606,0.000000,-8.0000,,,,,,,,,,-24.0786,-16.0786,0.005040,0.346774,0.648185,0,0,0,flat,False,
1775839639.834685,entry_blocked,3203,,,160,,,macro,buy_over_fair_px_1063_fair_990.8,,0,,1409.00,0.00,1409.00,1409.00,1409.00,macro,macro,BUY,160,8.500000,True,990.7537,1058,1063,1060.5000,5,2.039471,0.024606,0.000000,-8.0000,,,,,,,,,,-23.9250,-15.9250,0.006000,0.351000,0.643000,0,0,0,flat,False,
1775839639.835572,entry_blocked,3203,,,160,,,macro,buy_over_fair_px_1063_fair_990.9,,0,,1409.00,0.00,1409.00,1409.00,1409.00,macro,macro,BUY,160,8.500000,True,990.8731,1058,1063,1060.5000,5,2.039471,0.024606,0.000000,-8.0000,,,,,,,,,,-24.0373,-16.0373,0.006042,0.346425,0.647533,0,0,0,flat,False,
1775839639.839486,cancel_response,3203,C,BUY,40,41,1775839157693,macro_entry,,success=True error=None,0,,1409.00,0.00,1409.00,1409.00,1409.00,macro,macro,BUY,160,8.500000,True,990.8559,1057,1063,1060.0000,6,2.039471,0.024606,0.000000,-8.0000,,,,,,,,,,-24.0211,-16.0211,0.006036,0.347082,0.646881,0,0,0,flat,False,
1775839640.012237,entry_blocked,3203,,,160,,,macro,buy_over_fair_px_1063_fair_990.7,,0,,1409.00,0.00,1409.00,1409.00,1409.00,macro,macro,BUY,160,8.500000,True,990.6527,1057,1063,1060.0000,6,2.039471,0.024606,0.000000,-8.0000,,,,,,,,,,-23.8300,-15.8300,0.005964,0.354871,0.639165,0,0,0,flat,False,
1775839640.013570,entry_blocked,3203,,,160,,,macro,buy_over_fair_px_1063_fair_990.9,,0,,1409.00,0.00,1409.00,1409.00,1409.00,macro,macro,BUY,160,8.500000,True,990.8559,1057,1063,1060.0000,6,2.039471,0.024606,0.000000,-8.0000,,,,,,,,,,-24.0211,-16.0211,0.006036,0.347082,0.646881,0,0,0,flat,False,
1775839640.015472,entry_blocked,3203,,,160,,,macro,buy_over_fair_px_1063_fair_990.8,,0,,1409.00,0.00,1409.00,1409.00,1409.00,macro,macro,BUY,160,8.500000,True,990.8028,1057,1063,1060.0000,6,2.039471,0.024606,0.000000,-8.0000,,,,,,,,,,-23.9712,-15.9712,0.006070,0.349014,0.644917,0,0,0,flat,False,
1775839640.016897,entry_blocked,3203,,,160,,,macro,buy_over_fair_px_1063_fair_990.9,,0,,1409.00,0.00,1409.00,1409.00,1409.00,macro,macro,BUY,160,8.500000,True,990.8559,1057,1063,1060.0000,6,2.039471,0.024606,0.000000,-8.0000,,,,,,,,,,-24.0211,-16.0211,0.006036,0.347082,0.646881,0,0,0,flat,False,
1775839640.020582,entry_blocked,3203,,,160,,,macro,buy_over_fair_px_1063_fair_990.7,,0,,1409.00,0.00,1409.00,1409.00,1409.00,macro,macro,BUY,160,8.500000,True,990.6610,1057,1063,1060.0000,6,2.039471,0.024606,0.000000,-8.0000,,,,,,,,,,-23.8379,-15.8379,0.005967,0.354550,0.639483,0,0,0,flat,False,
1775839640.021667,entry_blocked,3203,,,160,,,macro,buy_over_fair_px_1063_fair_990.6,,0,,1409.00,0.00,1409.00,1409.00,1409.00,macro,macro,BUY,160,8.500000,True,990.5611,1057,1063,1060.0000,6,2.039471,0.024606,0.000000,-8.0000,,,,,,,,,,-23.7439,-15.7439,0.005932,0.358379,0.635690,0,0,0,flat,False,
1775839640.022091,entry_blocked,3203,,,160,,,macro,buy_over_fair_px_1063_fair_990.5,,0,,1409.00,0.00,1409.00,1409.00,1409.00,macro,macro,BUY,160,8.500000,True,990.5123,1057,1063,1060.0000,6,2.039471,0.024606,0.000000,-8.0000,,,,,,,,,,-23.6980,-15.6980,0.005961,0.360159,0.633880,0,0,0,flat,False,
1775839640.022637,entry_blocked,3203,,,160,,,macro,buy_over_fair_px_1063_fair_990.4,,0,,1409.00,0.00,1409.00,1409.00,1409.00,macro,macro,BUY,160,8.500000,True,990.4480,1057,1063,1060.0000,6,2.039471,0.024606,0.000000,-8.0000,,,,,,,,,,-23.6375,-15.6375,0.006000,0.362500,0.631500,0,0,0,flat,False,
1775839640.280269,entry_blocked,3203,,,160,,,macro,buy_over_fair_px_1063_fair_990.3,,0,,1409.00,0.00,1409.00,1409.00,1409.00,macro,macro,BUY,160,8.500000,True,990.3063,1057,1063,1060.0000,6,2.039471,0.024606,0.000000,-8.0000,,,,,,,,,,-23.5043,-15.5043,0.007526,0.364777,0.627697,0,0,0,flat,False,
1775839640.282717,entry_blocked,3203,,,160,,,macro,buy_over_fair_px_1063_fair_990.4,,0,,1409.00,0.00,1409.00,1409.00,1409.00,macro,macro,BUY,160,8.500000,True,990.3567,1057,1063,1060.0000,6,2.039471,0.024606,0.000000,-8.0000,,,,,,,,,,-23.5517,-15.5517,0.007489,0.362956,0.629556,0,0,0,flat,False,
1775839640.287521,entry_blocked,3203,,,160,,,macro,buy_over_fair_px_1063_fair_990.3,,0,,1409.00,0.00,1409.00,1409.00,1409.00,macro,macro,BUY,160,8.500000,True,990.2991,1057,1063,1060.0000,6,2.039471,0.024606,0.000000,-8.0000,,,,,,,,,,-23.4975,-15.4975,0.007463,0.365174,0.627363,0,0,0,flat,False,
1775839640.288954,entry_blocked,3203,,,160,,,macro,buy_over_fair_px_1063_fair_990.4,,0,,1409.00,0.00,1409.00,1409.00,1409.00,macro,macro,BUY,160,8.500000,True,990.3567,1057,1063,1060.0000,6,2.039471,0.024606,0.000000,-8.0000,,,,,,,,,,-23.5517,-15.5517,0.007489,0.362956,0.629556,0,0,0,flat,False,
1775839640.290227,entry_blocked,3203,,,160,,,macro,buy_over_fair_px_1063_fair_990.3,,0,,1409.00,0.00,1409.00,1409.00,1409.00,macro,macro,BUY,160,8.500000,True,990.3114,1057,1063,1060.0000,6,2.039471,0.024606,0.000000,-8.0000,,,,,,,,,,-23.5090,-15.5090,0.007523,0.364594,0.627884,0,0,0,flat,False,
1775839640.293189,entry_blocked,3203,,,160,,,macro,buy_over_fair_px_1059_fair_990.3,,0,,1409.00,0.00,1409.00,1409.00,1409.00,macro,macro,BUY,160,8.500000,True,990.2809,1057,1059,1058.0000,2,2.039471,0.024606,0.000000,-8.0000,,,,,,,,,,-23.4804,-15.4804,0.007545,0.365694,0.626761,0,0,0,flat,False,
1775839640.294478,entry_blocked,3203,,,160,,,macro,buy_over_fair_px_1059_fair_990.2,,0,,1409.00,0.00,1409.00,1409.00,1409.00,macro,macro,BUY,160,8.500000,True,990.2314,1057,1059,1058.0000,2,2.039471,0.024606,0.000000,-8.0000,,,,,,,,,,-23.4338,-15.4338,0.007523,0.367603,0.624875,0,0,0,flat,False,
1775839640.302558,entry_blocked,3203,,,160,,,macro,buy_over_fair_px_1059_fair_990.1,,0,,1409.00,0.00,1409.00,1409.00,1409.00,macro,macro,BUY,160,8.500000,True,990.1291,1055,1059,1057.0000,4,2.039471,0.024606,0.000000,-8.0000,,,,,,,,,,-23.3375,-15.3375,0.008500,0.369500,0.622000,0,0,0,flat,False,
1775839640.411692,entry_blocked,3203,,,160,,,macro,buy_over_fair_px_1059_fair_990.0,,0,,1409.00,0.00,1409.00,1409.00,1409.00,macro,macro,BUY,160,8.500000,True,990.0370,1054,1059,1056.5000,5,2.039471,0.024606,0.000000,-8.0000,,,,,,,,,,-23.2509,-15.2509,0.007948,0.374069,0.617983,0,0,0,flat,False,
1775839640.413487,entry_blocked,3203,,,160,,,macro,buy_over_fair_px_1059_fair_990.1,,0,,1409.00,0.00,1409.00,1409.00,1409.00,macro,macro,BUY,160,8.500000,True,990.1342,1054,1059,1056.5000,5,2.039471,0.024606,0.000000,-8.0000,,,,,,,,,,-23.3423,-15.3423,0.007996,0.370315,0.621689,0,0,0,flat,False,
1775839640.422351,entry_blocked,3203,,,160,,,macro,buy_over_fair_px_1059_fair_990.0,,0,,1409.00,0.00,1409.00,1409.00,1409.00,macro,macro,BUY,160,8.500000,True,989.9621,1054,1059,1056.5000,5,2.039471,0.024606,0.000000,-8.0000,,,,,,,,,,-23.1804,-15.1804,0.008016,0.376754,0.615230,0,0,0,flat,False,
1775839640.424113,entry_blocked,3203,,,160,,,macro,buy_over_fair_px_1059_fair_990.1,,0,,1409.00,0.00,1409.00,1409.00,1409.00,macro,macro,BUY,160,8.500000,True,990.0515,1054,1059,1056.5000,5,2.039471,0.024606,0.000000,-8.0000,,,,,,,,,,-23.2645,-15.2645,0.008060,0.373300,0.618640,0,0,0,flat,False,
1775839640.424967,entry_blocked,3203,,,160,,,macro,buy_over_fair_px_1059_fair_990.0,,0,,1409.00,0.00,1409.00,1409.00,1409.00,macro,macro,BUY,160,8.500000,True,990.0188,1054,1059,1056.5000,5,2.039471,0.024606,0.000000,-8.0000,,,,,,,,,,-23.2338,-15.2338,0.008044,0.374560,0.617396,0,0,0,flat,False,
1775839640.426030,entry_blocked,3203,,,160,,,macro,buy_over_fair_px_1059_fair_989.9,,0,,1409.00,0.00,1409.00,1409.00,1409.00,macro,macro,BUY,160,8.500000,True,989.9379,1054,1059,1056.5000,5,2.039471,0.024606,0.000000,-8.0000,,,,,,,,,,-23.1576,-15.1576,0.008004,0.377689,0.614307,0,0,0,flat,False,
1775839640.432305,entry_blocked,3203,,,160,,,macro,buy_over_fair_px_1059_fair_990.0,,0,,1409.00,0.00,1409.00,1409.00,1409.00,macro,macro,BUY,160,8.500000,True,989.9702,1053,1059,1056.0000,6,2.039471,0.024606,0.000000,-8.0000,,,,,,,,,,-23.1880,-15.1880,0.007018,0.378446,0.614536,0,0,0,flat,False,
1775839640.605751,entry_blocked,3203,,,160,,,macro,buy_over_fair_px_1059_fair_989.9,,0,,1409.00,0.00,1409.00,1409.00,1409.00,macro,macro,BUY,160,8.500000,True,989.8657,1053,1059,1056.0000,6,2.039471,0.024606,0.000000,-8.0000,,,,,,,,,,-23.0896,-15.0896,0.006972,0.382470,0.610558,0,0,0,flat,False,
1775839640.612391,entry_blocked,3203,,,160,,,macro,buy_over_fair_px_1059_fair_990.0,,0,,1409.00,0.00,1409.00,1409.00,1409.00,macro,macro,BUY,160,8.500000,True,989.9540,1053,1059,1056.0000,6,2.039471,0.024606,0.000000,-8.0000,,,,,,,,,,-23.1728,-15.1728,0.007011,0.379069,0.613921,0,0,0,flat,False,
1775839640.622233,entry_blocked,3203,,,160,,,macro,buy_over_fair_px_1059_fair_989.9,,0,,1409.00,0.00,1409.00,1409.00,1409.00,macro,macro,BUY,160,8.500000,True,989.9067,1053,1059,1056.0000,6,2.039471,0.024606,0.000000,-8.0000,,,,,,,,,,-23.1283,-15.1283,0.007042,0.380785,0.612173,0,0,0,flat,False,
1775839640.624491,entry_blocked,3203,,,160,,,macro,buy_over_fair_px_1059_fair_990.0,,0,,1409.00,0.00,1409.00,1409.00,1409.00,macro,macro,BUY,160,8.500000,True,989.9540,1053,1059,1056.0000,6,2.039471,0.024606,0.000000,-8.0000,,,,,,,,,,-23.1728,-15.1728,0.007011,0.379069,0.613921,0,0,0,flat,False,
1775839640.626016,entry_blocked,3203,,,160,,,macro,buy_over_fair_px_1059_fair_989.9,,0,,1409.00,0.00,1409.00,1409.00,1409.00,macro,macro,BUY,160,8.500000,True,989.8737,1053,1059,1056.0000,6,2.039471,0.024606,0.000000,-8.0000,,,,,,,,,,-23.0972,-15.0972,0.006976,0.382162,0.610862,0,0,0,flat,False,
1775839640.629568,entry_blocked,3203,,,160,,,macro,buy_over_fair_px_1059_fair_989.8,,0,,1409.00,0.00,1409.00,1409.00,1409.00,macro,macro,BUY,160,8.500000,True,989.8021,1053,1059,1056.0000,6,2.039471,0.024606,0.000000,-8.0000,,,,,,,,,,-23.0298,-15.0298,0.006944,0.384921,0.608135,0,0,0,flat,False,
1775839640.634964,entry_blocked,3203,,,160,,,macro,buy_over_fair_px_1059_fair_989.7,,0,,1409.00,0.00,1409.00,1409.00,1409.00,macro,macro,BUY,160,8.500000,True,989.7227,1053,1059,1056.0000,6,2.039471,0.024606,0.000000,-8.0000,,,,,,,,,,-22.9550,-14.9550,0.006997,0.387806,0.605197,0,0,0,flat,False,
1775839640.649579,entry_blocked,3203,,,160,,,macro,buy_over_fair_px_1060_fair_989.7,,0,,1409.00,0.00,1409.00,1409.00,1409.00,macro,macro,BUY,160,8.500000,True,989.6961,1055,1060,1057.5000,5,2.039471,0.024606,0.000000,-8.0000,,,,,,,,,,-22.9300,-14.9300,0.006997,0.388806,0.604198,0,0,0,flat,False,
1775839640.650866,entry_blocked,3203,,,160,,,macro,buy_over_fair_px_1061_fair_989.7,,0,,1409.00,0.00,1409.00,1409.00,1409.00,macro,macro,BUY,160,8.500000,True,989.6961,1055,1061,1058.0000,6,2.039471,0.024606,0.000000,-8.0000,,,,,,,,,,-22.9300,-14.9300,0.006997,0.388806,0.604198,0,0,0,flat,False,
1775839640.654201,order_placed,3203,C,BUY,40,42,1775839157694,macro_entry,,,0,,1409.00,0.00,1409.00,1409.00,1409.00,macro,macro,BUY,160,8.500000,True,989.6961,1055,42,548.5000,-1013,2.039471,0.024606,0.000000,-8.0000,,,,,,,,,,-22.9300,-14.9300,0.006997,0.388806,0.604198,0,0,0,flat,False,
1775839640.654550,entry_decision,3203,C,BUY,40,42,,macro,,strength=8.500000 target=160,0,,1409.00,0.00,1409.00,1409.00,1409.00,macro,macro,BUY,160,8.500000,True,989.6961,1055,42,548.5000,-1013,2.039471,0.024606,0.000000,-8.0000,,,,,,,,,,-22.9300,-14.9300,0.006997,0.388806,0.604198,0,0,0,flat,False,
1775839640.654897,heartbeat_forced,3203,,,,,,,,,0,,1409.00,0.00,1409.00,1409.00,1409.00,macro,macro,BUY,160,8.500000,True,989.6961,1055,42,548.5000,-1013,2.039471,0.024606,0.000000,-8.0000,,,,,,,,,,-22.9300,-14.9300,0.006997,0.388806,0.604198,0,0,0,flat,False,
1775839641.004801,entry_blocked,3203,,,160,,,macro,live_order,,0,,1409.00,0.00,1409.00,1409.00,1409.00,macro,macro,BUY,160,8.500000,True,989.4760,1053,1056,1054.5000,3,2.039471,0.024606,0.000000,-8.0000,,,,,,,,,,-22.7228,-14.7228,0.008492,0.394106,0.597403,0,0,0,flat,False,
1775839641.390497,entry_blocked,3203,,,160,,,macro,buy_over_fair_px_1058_fair_989.6,,0,,1409.00,0.00,1409.00,1409.00,1409.00,macro,macro,BUY,160,8.500000,True,989.6269,1052,1058,1055.0000,6,2.039471,0.024606,0.000000,-8.0000,,,,,,,,,,-22.8649,-14.8649,0.006006,0.393393,0.600601,0,0,0,flat,False,
1775839641.406232,entry_blocked,3203,,,160,,,macro,buy_over_fair_px_1058_fair_989.7,,0,,1409.00,0.00,1409.00,1409.00,1409.00,macro,macro,BUY,160,8.500000,True,989.6591,1052,1058,1055.0000,6,2.039471,0.024606,0.000000,-8.0000,,,,,,,,,,-22.8952,-14.8952,0.005988,0.392216,0.601796,0,0,0,flat,False,
1775839641.428851,entry_blocked,3203,,,160,,,macro,buy_over_fair_px_1059_fair_989.7,,0,,1409.00,0.00,1409.00,1409.00,1409.00,macro,macro,BUY,160,8.500000,True,989.7439,1053,1059,1056.0000,6,2.039471,0.024606,0.000000,-8.0000,,,,,,,,,,-22.9750,-14.9750,0.006000,0.389000,0.605000,0,0,0,flat,False,
1775839641.430260,cancel_response,3203,C,BUY,40,42,1775839157694,macro_entry,,success=True error=None,0,,1409.00,0.00,1409.00,1409.00,1409.00,macro,macro,BUY,160,8.500000,True,989.7439,1053,1059,1056.0000,6,2.039471,0.024606,0.000000,-8.0000,,,,,,,,,,-22.9750,-14.9750,0.006000,0.389000,0.605000,0,0,0,flat,False,
1775839641.604537,entry_blocked,3203,,,160,,,macro,buy_over_fair_px_1059_fair_989.8,,0,,1409.00,0.00,1409.00,1409.00,1409.00,macro,macro,BUY,160,8.500000,True,989.8179,1055,1059,1057.0000,4,2.039471,0.024606,0.000000,-8.0000,,,,,,,,,,-23.0447,-15.0447,0.005958,0.386296,0.607746,0,0,0,flat,False,
1775839641.605992,entry_blocked,3203,,,160,,,macro,buy_over_fair_px_1059_fair_989.7,,0,,1409.00,0.00,1409.00,1409.00,1409.00,macro,macro,BUY,160,8.500000,True,989.7439,1055,1059,1057.0000,4,2.039471,0.024606,0.000000,-8.0000,,,,,,,,,,-22.9750,-14.9750,0.006000,0.389000,0.605000,0,0,0,flat,False,
1775839641.608000,entry_blocked,3203,,,160,,,macro,buy_over_fair_px_1059_fair_989.8,,0,,1409.00,0.00,1409.00,1409.00,1409.00,macro,macro,BUY,160,8.500000,True,989.8127,1055,1059,1057.0000,4,2.039471,0.024606,0.000000,-8.0000,,,,,,,,,,-23.0397,-15.0397,0.005961,0.386488,0.607551,0,0,0,flat,False,
1775839641.610117,entry_blocked,3203,,,160,,,macro,buy_over_fair_px_1059_fair_989.7,,0,,1409.00,0.00,1409.00,1409.00,1409.00,macro,macro,BUY,160,8.500000,True,989.7439,1055,1059,1057.0000,4,2.039471,0.024606,0.000000,-8.0000,,,,,,,,,,-22.9750,-14.9750,0.006000,0.389000,0.605000,0,0,0,flat,False,
1775839641.612067,entry_blocked,3203,,,160,,,macro,buy_over_fair_px_1059_fair_989.8,,0,,1409.00,0.00,1409.00,1409.00,1409.00,macro,macro,BUY,160,8.500000,True,989.7651,1055,1059,1057.0000,4,2.039471,0.024606,0.000000,-8.0000,,,,,,,,,,-22.9950,-14.9950,0.005988,0.388224,0.605788,0,0,0,flat,False,
1775839641.620257,entry_blocked,3203,,,160,,,macro,buy_over_fair_px_1059_fair_989.9,,0,,1409.00,0.00,1409.00,1409.00,1409.00,macro,macro,BUY,160,8.500000,True,989.9225,1055,1059,1057.0000,4,2.039471,0.024606,0.000000,-8.0000,,,,,,,,,,-23.1431,-15.1431,0.004520,0.385234,0.610246,0,0,0,flat,False,
1775839641.621146,entry_blocked,3203,,,160,,,macro,buy_over_fair_px_1059_fair_989.8,,0,,1409.00,0.00,1409.00,1409.00,1409.00,macro,macro,BUY,160,8.500000,True,989.8341,1055,1059,1057.0000,4,2.039471,0.024606,0.000000,-8.0000,,,,,,,,,,-23.0599,-15.0599,0.004496,0.388611,0.606893,0,0,0,flat,False,
1775839641.623371,entry_blocked,3203,,,160,,,macro,buy_over_fair_px_1059_fair_989.9,,0,,1409.00,0.00,1409.00,1409.00,1409.00,macro,macro,BUY,160,8.500000,True,989.8501,1055,1059,1057.0000,4,2.039471,0.024606,0.000000,-8.0000,,,,,,,,,,-23.0750,-15.0750,0.004000,0.389000,0.607000,0,0,0,flat,False,
1775839641.624443,entry_blocked,3203,,,160,,,macro,buy_over_fair_px_1060_fair_989.9,,0,,1409.00,0.00,1409.00,1409.00,1409.00,macro,macro,BUY,160,8.500000,True,989.8501,1055,1060,1057.5000,5,2.039471,0.024606,0.000000,-8.0000,,,,,,,,,,-23.0750,-15.0750,0.004000,0.389000,0.607000,0,0,0,flat,False,
1775839641.625060,entry_blocked,3203,,,160,,,macro,buy_over_fair_px_1061_fair_989.9,,0,,1409.00,0.00,1409.00,1409.00,1409.00,macro,macro,BUY,160,8.500000,True,989.8501,1055,1061,1058.0000,6,2.039471,0.024606,0.000000,-8.0000,,,,,,,,,,-23.0750,-15.0750,0.004000,0.389000,0.607000,0,0,0,flat,False,
1775839641.627438,entry_blocked,3203,,,160,,,macro,buy_over_fair_px_1061_fair_989.7,,0,,1409.00,0.00,1409.00,1409.00,1409.00,macro,macro,BUY,160,8.500000,True,989.6805,1055,1061,1058.0000,6,2.039471,0.024606,0.000000,-8.0000,,,,,,,,,,-22.9153,-14.9153,0.007968,0.387450,0.604582,0,0,0,flat,False,
1775839641.628185,entry_blocked,3203,,,160,,,macro,buy_over_fair_px_1061_fair_989.8,,0,,1409.00,0.00,1409.00,1409.00,1409.00,macro,macro,BUY,160,8.500000,True,989.7598,1055,1061,1058.0000,6,2.039471,0.024606,0.000000,-8.0000,,,,,,,,,,-22.9900,-14.9900,0.008008,0.384384,0.607608,0,0,0,flat,False,
1775839641.629444,entry_blocked,3203,,,160,,,macro,buy_over_fair_px_1061_fair_989.7,,0,,1409.00,0.00,1409.00,1409.00,1409.00,macro,macro,BUY,160,8.500000,True,989.7121,1055,1061,1058.0000,6,2.039471,0.024606,0.000000,-8.0000,,,,,,,,,,-22.9451,-14.9451,0.007984,0.386228,0.605788,0,0,0,flat,False,
1775839641.630078,entry_blocked,3203,,,160,,,macro,buy_over_fair_px_1061_fair_989.8,,0,,1409.00,0.00,1409.00,1409.00,1409.00,macro,macro,BUY,160,8.500000,True,989.7838,1055,1061,1058.0000,6,2.039471,0.024606,0.000000,-8.0000,,,,,,,,,,-23.0125,-15.0125,0.008020,0.383459,0.608521,0,0,0,flat,False,
1775839641.807577,entry_blocked,3203,,,160,,,macro,buy_over_fair_px_1061_fair_989.9,,0,,1409.00,0.00,1409.00,1409.00,1409.00,macro,macro,BUY,160,8.500000,True,989.8894,1055,1061,1058.0000,6,2.039471,0.024606,0.000000,-8.0000,,,,,,,,,,-23.1119,-15.1119,0.007960,0.379602,0.612438,0,0,0,flat,False,
1775839641.809212,entry_blocked,3203,,,160,,,macro,buy_over_fair_px_1061_fair_989.8,,0,,1409.00,0.00,1409.00,1409.00,1409.00,macro,macro,BUY,160,8.500000,True,989.7998,1055,1061,1058.0000,6,2.039471,0.024606,0.000000,-8.0000,,,,,,,,,,-23.0276,-15.0276,0.008028,0.382840,0.609132,0,0,0,flat,False,
1775839641.812028,entry_blocked,3203,,,160,,,macro,buy_over_fair_px_1061_fair_989.9,,0,,1409.00,0.00,1409.00,1409.00,1409.00,macro,macro,BUY,160,8.500000,True,989.8841,1055,1061,1058.0000,6,2.039471,0.024606,0.000000,-8.0000,,,,,,,,,,-23.1070,-15.1070,0.007964,0.379791,0.612245,0,0,0,flat,False,
1775839641.815963,entry_blocked,3203,,,160,,,macro,buy_over_fair_px_1061_fair_990.0,,0,,1409.00,0.00,1409.00,1409.00,1409.00,macro,macro,BUY,160,8.500000,True,989.9785,1057,1061,1059.0000,4,2.039471,0.024606,0.000000,-8.0000,,,,,,,,,,-23.1958,-15.1958,0.007933,0.376301,0.615766,0,0,0,flat,False,
1775839641.817456,entry_blocked,3203,,,160,,,macro,buy_over_fair_px_1061_fair_989.9,,0,,1409.00,0.00,1409.00,1409.00,1409.00,macro,macro,BUY,160,8.500000,True,989.9466,1057,1061,1059.0000,4,2.039471,0.024606,0.000000,-8.0000,,,,,,,,,,-23.1658,-15.1658,0.007917,0.377536,0.614547,0,0,0,flat,False,
1775839641.825327,entry_blocked,3203,,,160,,,macro,buy_over_fair_px_1061_fair_990.0,,0,,1409.00,0.00,1409.00,1409.00,1409.00,macro,macro,BUY,160,8.500000,True,989.9517,1057,1061,1059.0000,4,2.039471,0.024606,0.000000,-8.0000,,,,,,,,,,-23.1706,-15.1706,0.007913,0.377349,0.614738,0,0,0,flat,False,
1775839641.827495,entry_blocked,3203,,,160,,,macro,buy_over_fair_px_1061_fair_989.9,,0,,1409.00,0.00,1409.00,1409.00,1409.00,macro,macro,BUY,160,8.500000,True,989.9095,1057,1061,1059.0000,4,2.039471,0.024606,0.000000,-8.0000,,,,,,,,,,-23.1309,-15.1309,0.008893,0.376976,0.614130,0,0,0,flat,False,
1775839641.828572,entry_blocked,3203,,,160,,,macro,buy_over_fair_px_1061_fair_990.0,,0,,1409.00,0.00,1409.00,1409.00,1409.00,macro,macro,BUY,160,8.500000,True,990.0054,1057,1061,1059.0000,4,2.039471,0.024606,0.000000,-8.0000,,,,,,,,,,-23.2212,-15.2212,0.008946,0.373260,0.617793,0,0,0,flat,False,
1775839641.831426,entry_blocked,3203,,,160,,,macro,buy_over_fair_px_1062_fair_990.0,,0,,1409.00,0.00,1409.00,1409.00,1409.00,macro,macro,BUY,160,8.500000,True,990.0215,1057,1062,1059.5000,5,2.039471,0.024606,0.000000,-8.0000,,,,,,,,,,-23.2363,-15.2363,0.008955,0.372637,0.618408,0,0,0,flat,False,
1775839641.832689,entry_blocked,3203,,,160,,,macro,buy_over_fair_px_1063_fair_990.0,,0,,1409.00,0.00,1409.00,1409.00,1409.00,macro,macro,BUY,160,8.500000,True,990.0215,1057,1063,1060.0000,6,2.039471,0.024606,0.000000,-8.0000,,,,,,,,,,-23.2363,-15.2363,0.008955,0.372637,0.618408,0,0,0,flat,False,
1775839642.009427,entry_blocked,3203,,,160,,,macro,buy_over_fair_px_1060_fair_990.0,,0,,1409.00,0.00,1409.00,1409.00,1409.00,macro,macro,BUY,160,8.500000,True,990.0319,1057,1060,1058.5000,3,2.039471,0.024606,0.000000,-8.0000,,,,,,,,,,-23.2460,-15.2460,0.008946,0.372266,0.618787,0,0,0,flat,False,
1775839642.217424,entry_blocked,3203,,,160,,,macro,buy_over_fair_px_1060_fair_990.1,,0,,1409.00,0.00,1409.00,1409.00,1409.00,macro,macro,BUY,160,8.500000,True,990.0605,1054,1060,1057.0000,6,2.039471,0.024606,0.000000,-8.0000,,,,,,,,,,-23.2730,-15.2730,0.008933,0.371216,0.619851,0,0,0,flat,False,
1775839642.220954,entry_blocked,3203,,,160,,,macro,buy_over_fair_px_1059_fair_990.1,,0,,1409.00,0.00,1409.00,1409.00,1409.00,macro,macro,BUY,160,8.500000,True,990.0605,1054,1059,1056.5000,5,2.039471,0.024606,0.000000,-8.0000,,,,,,,,,,-23.2730,-15.2730,0.008933,0.371216,0.619851,0,0,0,flat,False,
1775839642.409080,entry_blocked,3203,,,160,,,macro,buy_over_fair_px_1059_fair_990.2,,0,,1409.00,0.00,1409.00,1409.00,1409.00,macro,macro,BUY,160,8.500000,True,990.1761,1053,1059,1056.0000,6,2.039471,0.024606,0.000000,-8.0000,,,,,,,,,,-23.3817,-15.3817,0.008982,0.366766,0.624251,0,0,0,flat,False,
1775839642.415829,entry_blocked,3203,,,160,,,macro,buy_over_fair_px_1059_fair_990.3,,0,,1409.00,0.00,1409.00,1409.00,1409.00,macro,macro,BUY,160,8.500000,True,990.2595,1058,1059,1058.5000,1,2.039471,0.024606,0.000000,-8.0000,,,,,,,,,,-23.4602,-15.4602,0.007960,0.365672,0.626368,0,0,0,flat,False,
1775839642.431996,entry_blocked,3203,,,160,,,macro,buy_over_fair_px_1060_fair_990.3,,0,,1409.00,0.00,1409.00,1409.00,1409.00,macro,macro,BUY,160,8.500000,True,990.3073,1058,1060,1059.0000,2,2.039471,0.024606,0.000000,-8.0000,,,,,,,,,,-23.5052,-15.5052,0.007964,0.363863,0.628173,0,0,0,flat,False,
1775839642.432812,entry_blocked,3203,,,160,,,macro,buy_over_fair_px_1061_fair_990.3,,0,,1409.00,0.00,1409.00,1409.00,1409.00,macro,macro,BUY,160,8.500000,True,990.3073,1058,1061,1059.5000,3,2.039471,0.024606,0.000000,-8.0000,,,,,,,,,,-23.5052,-15.5052,0.007964,0.363863,0.628173,0,0,0,flat,False,
1775839642.433417,entry_blocked,3203,,,160,,,macro,buy_over_fair_px_1062_fair_990.3,,0,,1409.00,0.00,1409.00,1409.00,1409.00,macro,macro,BUY,160,8.500000,True,990.3073,1058,1062,1060.0000,4,2.039471,0.024606,0.000000,-8.0000,,,,,,,,,,-23.5052,-15.5052,0.007964,0.363863,0.628173,0,0,0,flat,False,
1775839642.603599,entry_blocked,3203,,,160,,,macro,buy_over_fair_px_1062_fair_990.4,,0,,1409.00,0.00,1409.00,1409.00,1409.00,macro,macro,BUY,160,8.500000,True,990.3821,1058,1062,1060.0000,4,2.039471,0.024606,0.000000,-8.0000,,,,,,,,,,-23.5756,-15.5756,0.007905,0.361166,0.630929,0,0,0,flat,False,
1775839642.604710,entry_blocked,3203,,,160,,,macro,buy_over_fair_px_1062_fair_990.3,,0,,1409.00,0.00,1409.00,1409.00,1409.00,macro,macro,BUY,160,8.500000,True,990.3073,1058,1062,1060.0000,4,2.039471,0.024606,0.000000,-8.0000,,,,,,,,,,-23.5052,-15.5052,0.007964,0.363863,0.628173,0,0,0,flat,False,
1775839642.606586,entry_blocked,3203,,,160,,,macro,buy_over_fair_px_1062_fair_990.4,,0,,1409.00,0.00,1409.00,1409.00,1409.00,macro,macro,BUY,160,8.500000,True,990.3503,1058,1062,1060.0000,4,2.039471,0.024606,0.000000,-8.0000,,,,,,,,,,-23.5456,-15.5456,0.006976,0.364225,0.628799,0,0,0,flat,False,
1775839642.608270,entry_blocked,3203,,,160,,,macro,buy_over_fair_px_1062_fair_990.5,,0,,1409.00,0.00,1409.00,1409.00,1409.00,macro,macro,BUY,160,8.500000,True,990.4747,1058,1062,1060.0000,4,2.039471,0.024606,0.000000,-8.0000,,,,,,,,,,-23.6627,-15.6627,0.007028,0.359438,0.633534,0,0,0,flat,False,
1775839642.609776,entry_blocked,3203,,,160,,,macro,buy_over_fair_px_1062_fair_990.4,,0,,1409.00,0.00,1409.00,1409.00,1409.00,macro,macro,BUY,160,8.500000,True,990.3503,1058,1062,1060.0000,4,2.039471,0.024606,0.000000,-8.0000,,,,,,,,,,-23.5456,-15.5456,0.006976,0.364225,0.628799,0,0,0,flat,False,
1775839642.618506,entry_blocked,3203,,,160,,,macro,buy_over_fair_px_1062_fair_990.5,,0,,1409.00,0.00,1409.00,1409.00,1409.00,macro,macro,BUY,160,8.500000,True,990.5061,1058,1062,1060.0000,4,2.039471,0.024606,0.000000,-8.0000,,,,,,,,,,-23.6922,-15.6922,0.006997,0.358321,0.634683,0,0,0,flat,False,
1775839642.620768,entry_blocked,3203,,,160,,,macro,buy_over_fair_px_1062_fair_990.4,,0,,1409.00,0.00,1409.00,1409.00,1409.00,macro,macro,BUY,160,8.500000,True,990.4314,1058,1062,1060.0000,4,2.039471,0.024606,0.000000,-8.0000,,,,,,,,,,-23.6219,-15.6219,0.006965,0.361194,0.631841,0,0,0,flat,False,
1775839642.624530,entry_blocked,3203,,,160,,,macro,buy_over_fair_px_1062_fair_990.5,,0,,1409.00,0.00,1409.00,1409.00,1409.00,macro,macro,BUY,160,8.500000,True,990.5346,1058,1062,1060.0000,4,2.039471,0.024606,0.000000,-8.0000,,,,,,,,,,-23.7189,-15.7189,0.007014,0.357214,0.635772,0,0,0,flat,False,
1775839642.625629,entry_blocked,3203,,,160,,,macro,buy_over_fair_px_1062_fair_990.6,,0,,1409.00,0.00,1409.00,1409.00,1409.00,macro,macro,BUY,160,8.500000,True,990.5513,1058,1062,1060.0000,4,2.039471,0.024606,0.000000,-8.0000,,,,,,,,,,-23.7347,-15.7347,0.007021,0.356570,0.636409,0,0,0,flat,False,
1775839642.626085,entry_blocked,3203,,,160,,,macro,buy_over_fair_px_1062_fair_990.4,,0,,1409.00,0.00,1409.00,1409.00,1409.00,macro,macro,BUY,160,8.500000,True,990.4430,1058,1062,1060.0000,4,2.039471,0.024606,0.000000,-8.0000,,,,,,,,,,-23.6328,-15.6328,0.006976,0.360737,0.632287,0,0,0,flat,False,
1775839642.632038,entry_blocked,3203,,,160,,,macro,buy_over_fair_px_1063_fair_990.4,,0,,1409.00,0.00,1409.00,1409.00,1409.00,macro,macro,BUY,160,8.500000,True,990.4214,1058,1063,1060.5000,5,2.039471,0.024606,0.000000,-8.0000,,,,,,,,,,-23.6125,-15.6125,0.006972,0.361554,0.631474,0,0,0,flat,False,
1775839642.804086,entry_blocked,3203,,,160,,,macro,buy_over_fair_px_1063_fair_990.5,,0,,1409.00,0.00,1409.00,1409.00,1409.00,macro,macro,BUY,160,8.500000,True,990.5442,1057,1063,1060.0000,6,2.039471,0.024606,0.000000,-8.0000,,,,,,,,,,-23.7280,-15.7280,0.006886,0.357108,0.636006,0,0,0,flat,False,
1775839642.805348,entry_blocked,3203,,,160,,,macro,buy_over_fair_px_1063_fair_990.4,,0,,1409.00,0.00,1409.00,1409.00,1409.00,macro,macro,BUY,160,8.500000,True,990.4214,1057,1063,1060.0000,6,2.039471,0.024606,0.000000,-8.0000,,,,,,,,,,-23.6125,-15.6125,0.006972,0.361554,0.631474,0,0,0,flat,False,
1775839642.810947,entry_blocked,3203,,,160,,,macro,buy_over_fair_px_1063_fair_990.5,,0,,1409.00,0.00,1409.00,1409.00,1409.00,macro,macro,BUY,160,8.500000,True,990.5393,1057,1063,1060.0000,6,2.039471,0.024606,0.000000,-8.0000,,,,,,,,,,-23.7234,-15.7234,0.006890,0.357283,0.635827,0,0,0,flat,False,
1775839642.812895,entry_blocked,3203,,,160,,,macro,buy_over_fair_px_1063_fair_990.6,,0,,1409.00,0.00,1409.00,1409.00,1409.00,macro,macro,BUY,160,8.500000,True,990.6020,1057,1063,1060.0000,6,2.039471,0.024606,0.000000,-8.0000,,,,,,,,,,-23.7824,-15.7824,0.006846,0.355012,0.638142,0,0,0,flat,False,
1775839642.822659,entry_blocked,3203,,,160,,,macro,buy_over_fair_px_1063_fair_990.8,,0,,1409.00,0.00,1409.00,1409.00,1409.00,macro,macro,BUY,160,8.500000,True,990.7678,1057,1063,1060.0000,6,2.039471,0.024606,0.000000,-8.0000,,,,,,,,,,-23.9383,-15.9383,0.007901,0.346667,0.645432,0,0,0,flat,False,
1775839642.823462,entry_blocked,3203,,,160,,,macro,buy_over_fair_px_1063_fair_990.6,,0,,1409.00,0.00,1409.00,1409.00,1409.00,macro,macro,BUY,160,8.500000,True,990.5693,1057,1063,1060.0000,6,2.039471,0.024606,0.000000,-8.0000,,,,,,,,,,-23.7516,-15.7516,0.007809,0.354319,0.637872,0,0,0,flat,False,
1775839642.824276,entry_blocked,3203,,,160,,,macro,buy_over_fair_px_1063_fair_990.8,,0,,1409.00,0.00,1409.00,1409.00,1409.00,macro,macro,BUY,160,8.500000,True,990.7594,1057,1063,1060.0000,6,2.039471,0.024606,0.000000,-8.0000,,,,,,,,,,-23.9304,-15.9304,0.007897,0.346989,0.645114,0,0,0,flat,False,
1775839642.824887,entry_blocked,3203,,,160,,,macro,buy_over_fair_px_1063_fair_990.9,,0,,1409.00,0.00,1409.00,1409.00,1409.00,macro,macro,BUY,160,8.500000,True,990.8689,1057,1063,1060.0000,6,2.039471,0.024606,0.000000,-8.0000,,,,,,,,,,-24.0333,-16.0333,0.007948,0.342772,0.649280,0,0,0,flat,False,
1775839643.006548,entry_blocked,3203,,,160,,,macro,buy_over_fair_px_1062_fair_990.9,,0,,1409.00,0.00,1409.00,1409.00,1409.00,macro,macro,BUY,160,8.500000,True,990.8858,1057,1062,1059.5000,5,2.039471,0.024606,0.000000,-8.0000,,,,,,,,,,-24.0492,-16.0492,0.007956,0.342118,0.649925,0,0,0,flat,False,
1775839643.009718,entry_blocked,3203,,,160,,,macro,buy_over_fair_px_1062_fair_991.0,,0,,1409.00,0.00,1409.00,1409.00,1409.00,macro,macro,BUY,160,8.500000,True,990.9540,1057,1062,1059.5000,5,2.039471,0.024606,0.000000,-8.0000,,,,,,,,,,-24.1133,-16.1133,0.007988,0.339491,0.652521,0,0,0,flat,False,
1775839643.011909,entry_blocked,3203,,,160,,,macro,buy_over_fair_px_1062_fair_990.9,,0,,1409.00,0.00,1409.00,1409.00,1409.00,macro,macro,BUY,160,8.500000,True,990.8858,1057,1062,1059.5000,5,2.039471,0.024606,0.000000,-8.0000,,,,,,,,,,-24.0492,-16.0492,0.007956,0.342118,0.649925,0,0,0,flat,False,
1775839643.015102,entry_blocked,3203,,,160,,,macro,buy_over_fair_px_1062_fair_991.0,,0,,1409.00,0.00,1409.00,1409.00,1409.00,macro,macro,BUY,160,8.500000,True,990.9883,1057,1062,1059.5000,5,2.039471,0.024606,0.000000,-8.0000,,,,,,,,,,-24.1456,-16.1456,0.008004,0.338169,0.653827,0,0,0,flat,False,
1775839643.023932,entry_blocked,3203,,,160,,,macro,buy_over_fair_px_1062_fair_991.1,,0,,1409.00,0.00,1409.00,1409.00,1409.00,macro,macro,BUY,160,8.500000,True,991.0538,1057,1062,1059.5000,5,2.039471,0.024606,0.000000,-8.0000,,,,,,,,,,-24.2072,-16.2072,0.007948,0.335817,0.656234,0,0,0,flat,False,
1775839643.223357,entry_blocked,3203,,,160,,,macro,buy_over_fair_px_1062_fair_991.2,,0,,1409.00,0.00,1409.00,1409.00,1409.00,macro,macro,BUY,160,8.500000,True,991.2388,1057,1062,1059.5000,5,2.039471,0.024606,0.000000,-8.0000,,,,,,,,,,-24.3810,-16.3810,0.007948,0.328862,0.663189,0,0,0,flat,False,
1775839643.224665,entry_blocked,3203,,,160,,,macro,buy_over_fair_px_1062_fair_991.1,,0,,1409.00,0.00,1409.00,1409.00,1409.00,macro,macro,BUY,160,8.500000,True,991.1355,1057,1062,1059.5000,5,2.039471,0.024606,0.000000,-8.0000,,,,,,,,,,-24.2840,-16.2840,0.007901,0.332840,0.659259,0,0,0,flat,False,
1775839643.228487,entry_blocked,3203,,,160,,,macro,buy_over_fair_px_1062_fair_991.2,,0,,1409.00,0.00,1409.00,1409.00,1409.00,macro,macro,BUY,160,8.500000,True,991.2302,1057,1062,1059.5000,5,2.039471,0.024606,0.000000,-8.0000,,,,,,,,,,-24.3729,-16.3729,0.007944,0.329196,0.662860,0,0,0,flat,False,
1775839643.229480,entry_blocked,3203,,,160,,,macro,buy_over_fair_px_1062_fair_991.3,,0,,1409.00,0.00,1409.00,1409.00,1409.00,macro,macro,BUY,160,8.500000,True,991.2735,1057,1062,1059.5000,5,2.039471,0.024606,0.000000,-8.0000,,,,,,,,,,-24.4136,-16.4136,0.007964,0.327526,0.664510,0,0,0,flat,False,
1775839643.229858,entry_blocked,3203,,,160,,,macro,buy_over_fair_px_1062_fair_991.2,,0,,1409.00,0.00,1409.00,1409.00,1409.00,macro,macro,BUY,160,8.500000,True,991.1784,1057,1062,1059.5000,5,2.039471,0.024606,0.000000,-8.0000,,,,,,,,,,-24.3243,-16.3243,0.007921,0.331188,0.660891,0,0,0,flat,False,
1775839643.230508,entry_blocked,3203,,,160,,,macro,buy_over_fair_px_1063_fair_991.2,,0,,1409.00,0.00,1409.00,1409.00,1409.00,macro,macro,BUY,160,8.500000,True,991.1830,1057,1063,1060.0000,6,2.039471,0.024606,0.000000,-8.0000,,,,,,,,,,-24.3286,-16.3286,0.007917,0.331024,0.661059,0,0,0,flat,False,
1775839643.231544,entry_blocked,3203,,,160,,,macro,buy_over_fair_px_1063_fair_991.3,,0,,1409.00,0.00,1409.00,1409.00,1409.00,macro,macro,BUY,160,8.500000,True,991.2694,1057,1063,1060.0000,6,2.039471,0.024606,0.000000,-8.0000,,,,,,,,,,-24.4097,-16.4097,0.007956,0.327698,0.664346,0,0,0,flat,False,
1775839643.233667,entry_blocked,3203,,,160,,,macro,buy_over_fair_px_1063_fair_991.2,,0,,1409.00,0.00,1409.00,1409.00,1409.00,macro,macro,BUY,160,8.500000,True,991.2302,1057,1063,1060.0000,6,2.039471,0.024606,0.000000,-8.0000,,,,,,,,,,-24.3729,-16.3729,0.008937,0.327210,0.663853,0,0,0,flat,False,
1775839643.400728,entry_blocked,3203,,,160,,,macro,buy_over_fair_px_1063_fair_991.3,,0,,1409.00,0.00,1409.00,1409.00,1409.00,macro,macro,BUY,160,8.500000,True,991.3352,1057,1063,1060.0000,6,2.039471,0.024606,0.000000,-8.0000,,,,,,,,,,-24.4716,-16.4716,0.006972,0.327191,0.665837,0,0,0,flat,False,
1775839643.403250,entry_blocked,3203,,,160,,,macro,buy_over_fair_px_1063_fair_991.4,,0,,1409.00,0.00,1409.00,1409.00,1409.00,macro,macro,BUY,160,8.500000,True,991.3892,1057,1063,1060.0000,6,2.039471,0.024606,0.000000,-8.0000,,,,,,,,,,-24.5223,-16.5223,0.006931,0.325248,0.667822,0,0,0,flat,False,
1775839643.406141,entry_blocked,3203,,,160,,,macro,buy_over_fair_px_1063_fair_991.3,,0,,1409.00,0.00,1409.00,1409.00,1409.00,macro,macro,BUY,160,8.500000,True,991.3352,1057,1063,1060.0000,6,2.039471,0.024606,0.000000,-8.0000,,,,,,,,,,-24.4716,-16.4716,0.006972,0.327191,0.665837,0,0,0,flat,False,
1775839643.414247,entry_blocked,3203,,,160,,,macro,buy_over_fair_px_1063_fair_991.4,,0,,1409.00,0.00,1409.00,1409.00,1409.00,macro,macro,BUY,160,8.500000,True,991.4318,1059,1063,1061.0000,4,2.039471,0.024606,0.000000,-8.0000,,,,,,,,,,-24.5623,-16.5623,0.007011,0.323485,0.669504,0,0,0,flat,False,
1775839643.415905,entry_blocked,3203,,,160,,,macro,buy_over_fair_px_1063_fair_991.3,,0,,1409.00,0.00,1409.00,1409.00,1409.00,macro,macro,BUY,160,8.500000,True,991.3352,1059,1063,1061.0000,4,2.039471,0.024606,0.000000,-8.0000,,,,,,,,,,-24.4716,-16.4716,0.006972,0.327191,0.665837,0,0,0,flat,False,
1775839643.417542,entry_blocked,3203,,,160,,,macro,buy_over_fair_px_1063_fair_991.4,,0,,1409.00,0.00,1409.00,1409.00,1409.00,macro,macro,BUY,160,8.500000,True,991.3847,1059,1063,1061.0000,4,2.039471,0.024606,0.000000,-8.0000,,,,,,,,,,-24.5181,-16.5181,0.006934,0.325409,0.667657,0,0,0,flat,False,
1775839643.418990,entry_blocked,3203,,,160,,,macro,buy_over_fair_px_1063_fair_991.3,,0,,1409.00,0.00,1409.00,1409.00,1409.00,macro,macro,BUY,160,8.500000,True,991.3352,1059,1063,1061.0000,4,2.039471,0.024606,0.000000,-8.0000,,,,,,,,,,-24.4716,-16.4716,0.006972,0.327191,0.665837,0,0,0,flat,False,
1775839643.420113,entry_blocked,3203,,,160,,,macro,buy_over_fair_px_1063_fair_991.4,,0,,1409.00,0.00,1409.00,1409.00,1409.00,macro,macro,BUY,160,8.500000,True,991.3713,1059,1063,1061.0000,4,2.039471,0.024606,0.000000,-8.0000,,,,,,,,,,-24.5055,-16.5055,0.006944,0.325893,0.667163,0,0,0,flat,False,
1775839643.421525,entry_blocked,3203,,,160,,,macro,buy_over_fair_px_1063_fair_991.5,,0,,1409.00,0.00,1409.00,1409.00,1409.00,macro,macro,BUY,160,8.500000,True,991.5033,1059,1063,1061.0000,4,2.039471,0.024606,0.000000,-8.0000,,,,,,,,,,-24.6295,-16.6295,0.006944,0.320933,0.672123,0,0,0,flat,False,
1775839643.422052,entry_blocked,3203,,,160,,,macro,buy_over_fair_px_1063_fair_991.6,,0,,1409.00,0.00,1409.00,1409.00,1409.00,macro,macro,BUY,160,8.500000,True,991.5826,1059,1063,1061.0000,4,2.039471,0.024606,0.000000,-8.0000,,,,,,,,,,-24.7040,-16.7040,0.006976,0.317887,0.675137,0,0,0,flat,False,
1775839643.430439,entry_blocked,3203,,,160,,,macro,buy_over_fair_px_1064_fair_991.6,,0,,1409.00,0.00,1409.00,1409.00,1409.00,macro,macro,BUY,160,8.500000,True,991.6003,1059,1064,1061.5000,5,2.039471,0.024606,0.000000,-8.0000,,,,,,,,,,-24.7206,-16.7206,0.006972,0.317231,0.675797,0,0,0,flat,False,
1775839643.431099,entry_blocked,3203,,,160,,,macro,buy_over_fair_px_1065_fair_991.6,,0,,1409.00,0.00,1409.00,1409.00,1409.00,macro,macro,BUY,160,8.500000,True,991.6003,1059,1065,1062.0000,6,2.039471,0.024606,0.000000,-8.0000,,,,,,,,,,-24.7206,-16.7206,0.006972,0.317231,0.675797,0,0,0,flat,False,
1775839643.606410,entry_blocked,3203,,,160,,,macro,buy_over_fair_px_1063_fair_991.6,,0,,1409.00,0.00,1409.00,1409.00,1409.00,macro,macro,BUY,160,8.500000,True,991.6092,1059,1063,1061.0000,4,2.039471,0.024606,0.000000,-8.0000,,,,,,,,,,-24.7289,-16.7289,0.006976,0.316891,0.676134,0,0,0,flat,False,
1775839643.812362,heartbeat,3203,,,,,,,,,0,,1409.00,0.00,1409.00,1409.00,1409.00,macro,macro,BUY,160,8.500000,True,991.6267,1057,1063,1060.0000,6,2.039471,0.024606,0.000000,-8.0000,,,,,,,,,,-24.7454,-16.7454,0.006962,0.316261,0.676778,0,0,0,flat,False,
1775839643.825329,entry_blocked,3203,,,160,,,macro,buy_over_fair_px_1063_fair_991.5,,0,,1409.00,0.00,1409.00,1409.00,1409.00,macro,macro,BUY,160,8.500000,True,991.5252,1061,1063,1062.0000,2,2.039471,0.024606,0.000000,-8.0000,,,,,,,,,,-24.6500,-16.6500,0.006979,0.320040,0.672981,0,0,0,flat,False,
1775839643.833137,entry_blocked,3203,,,160,,,macro,buy_over_fair_px_1063_fair_991.4,,0,,1409.00,0.00,1409.00,1409.00,1409.00,macro,macro,BUY,160,8.500000,True,991.4369,1061,1063,1062.0000,2,2.039471,0.024606,0.000000,-8.0000,,,,,,,,,,-24.5672,-16.5672,0.007960,0.321393,0.670647,0,0,0,flat,False,
1775839643.835719,entry_blocked,3203,,,160,,,macro,buy_over_fair_px_1064_fair_991.4,,0,,1409.00,0.00,1409.00,1409.00,1409.00,macro,macro,BUY,160,8.500000,True,991.4194,1061,1064,1062.5000,3,2.039471,0.024606,0.000000,-8.0000,,,,,,,,,,-24.5507,-16.5507,0.007952,0.322068,0.669980,0,0,0,flat,False,
1775839643.836240,entry_blocked,3203,,,160,,,macro,buy_over_fair_px_1065_fair_991.4,,0,,1409.00,0.00,1409.00,1409.00,1409.00,macro,macro,BUY,160,8.500000,True,991.4194,1061,1065,1063.0000,4,2.039471,0.024606,0.000000,-8.0000,,,,,,,,,,-24.5507,-16.5507,0.007952,0.322068,0.669980,0,0,0,flat,False,
1775839643.836748,entry_blocked,3203,,,160,,,macro,buy_over_fair_px_1066_fair_991.4,,0,,1409.00,0.00,1409.00,1409.00,1409.00,macro,macro,BUY,160,8.500000,True,991.4194,1061,1066,1063.5000,5,2.039471,0.024606,0.000000,-8.0000,,,,,,,,,,-24.5507,-16.5507,0.007952,0.322068,0.669980,0,0,0,flat,False,
1775839643.861333,entry_blocked,3203,,,160,,,macro,buy_over_fair_px_1061_fair_991.4,,0,,1409.00,0.00,1409.00,1409.00,1409.00,macro,macro,BUY,160,8.500000,True,991.4194,1061,1061,1061.0000,0,2.039471,0.024606,0.000000,-8.0000,,,,,,,,,,-24.5507,-16.5507,0.007952,0.322068,0.669980,0,0,0,flat,False,
1775839643.862066,entry_blocked,3203,,,160,,,macro,buy_over_fair_px_1066_fair_991.4,,0,,1409.00,0.00,1409.00,1409.00,1409.00,macro,macro,BUY,160,8.500000,True,991.4194,1061,1066,1063.5000,5,2.039471,0.024606,0.000000,-8.0000,,,,,,,,,,-24.5507,-16.5507,0.007952,0.322068,0.669980,0,0,0,flat,False,
1775839644.021813,entry_blocked,3203,,,160,,,macro,buy_over_fair_px_1066_fair_991.3,,0,,1409.00,0.00,1409.00,1409.00,1409.00,macro,macro,BUY,160,8.500000,True,991.3395,1061,1066,1063.5000,5,2.039471,0.024606,0.000000,-8.0000,,,,,,,,,,-24.4756,-16.4756,0.007976,0.325025,0.666999,0,0,0,flat,False,
1775839644.030291,entry_blocked,3203,,,160,,,macro,buy_over_fair_px_1067_fair_991.3,,0,,1409.00,0.00,1409.00,1409.00,1409.00,macro,macro,BUY,160,8.500000,True,991.2694,1061,1067,1064.0000,6,2.039471,0.024606,0.000000,-8.0000,,,,,,,,,,-24.4097,-16.4097,0.007956,0.327698,0.664346,0,0,0,flat,False,
1775839644.219886,entry_blocked,3203,,,160,,,macro,buy_over_fair_px_1067_fair_991.4,,0,,1409.00,0.00,1409.00,1409.00,1409.00,macro,macro,BUY,160,8.500000,True,991.4103,1061,1067,1064.0000,6,2.039471,0.024606,0.000000,-8.0000,,,,,,,,,,-24.5421,-16.5421,0.004983,0.328351,0.666667,0,0,0,flat,False,
1775839644.411662,entry_blocked,3203,,,160,,,macro,buy_over_fair_px_1064_fair_991.4,,0,,1409.00,0.00,1409.00,1409.00,1409.00,macro,macro,BUY,160,8.500000,True,991.4011,1061,1064,1062.5000,3,2.039471,0.024606,0.000000,-8.0000,,,,,,,,,,-24.5335,-16.5335,0.004995,0.328671,0.666334,0,0,0,flat,False,
1775839644.423888,entry_blocked,3203,,,160,,,macro,buy_over_fair_px_1064_fair_991.3,,0,,1409.00,0.00,1409.00,1409.00,1409.00,macro,macro,BUY,160,8.500000,True,991.3129,1060,1064,1062.0000,4,2.039471,0.024606,0.000000,-8.0000,,,,,,,,,,-24.4506,-16.4506,0.005982,0.330010,0.664008,0,0,0,flat,False,
1775839644.613862,entry_blocked,3203,,,160,,,macro,buy_over_fair_px_1064_fair_991.2,,0,,1409.00,0.00,1409.00,1409.00,1409.00,macro,macro,BUY,160,8.500000,True,991.2343,1059,1064,1061.5000,5,2.039471,0.024606,0.000000,-8.0000,,,,,,,,,,-24.3767,-16.3767,0.006958,0.331014,0.662028,0,0,0,flat,False,
1775839644.629658,entry_blocked,3203,,,160,,,macro,buy_over_fair_px_1064_fair_991.1,,0,,1409.00,0.00,1409.00,1409.00,1409.00,macro,macro,BUY,160,8.500000,True,991.1492,1059,1064,1061.5000,5,2.039471,0.024606,0.000000,-8.0000,,,,,,,,,,-24.2968,-16.2968,0.007980,0.332170,0.659850,0,0,0,flat,False,
1775839644.637601,entry_blocked,3203,,,160,,,macro,buy_over_fair_px_1065_fair_991.1,,0,,1409.00,0.00,1409.00,1409.00,1409.00,macro,macro,BUY,160,8.500000,True,991.1146,1059,1065,1062.0000,6,2.039471,0.024606,0.000000,-8.0000,,,,,,,,,,-24.2643,-16.2643,0.007964,0.333499,0.658537,0,0,0,flat,False,
1775839645.013139,entry_blocked,3203,,,160,,,macro,buy_over_fair_px_1065_fair_991.2,,0,,1409.00,0.00,1409.00,1409.00,1409.00,macro,macro,BUY,160,8.500000,True,991.1630,1059,1065,1062.0000,6,2.039471,0.024606,0.000000,-8.0000,,,,,,,,,,-24.3098,-16.3098,0.007968,0.331673,0.660359,0,0,0,flat,False,
1775839645.018303,entry_blocked,3203,,,160,,,macro,buy_over_fair_px_1065_fair_991.3,,0,,1409.00,0.00,1409.00,1409.00,1409.00,macro,macro,BUY,160,8.500000,True,991.3388,1059,1065,1062.0000,6,2.039471,0.024606,0.000000,-8.0000,,,,,,,,,,-24.4750,-16.4750,0.004000,0.333000,0.663000,0,0,0,flat,False,
1775839645.041741,order_placed,3203,C,BUY,40,42,1775839157695,macro_entry,,,0,,1409.00,0.00,1409.00,1409.00,1409.00,macro,macro,BUY,160,8.500000,True,991.3122,1059,42,550.5000,-1017,2.039471,0.024606,0.000000,-8.0000,,,,,,,,,,-24.4500,-16.4500,0.005000,0.332000,0.663000,0,0,0,flat,False,
1775839645.042000,entry_decision,3203,C,BUY,40,42,,macro,,strength=8.500000 target=160,0,,1409.00,0.00,1409.00,1409.00,1409.00,macro,macro,BUY,160,8.500000,True,991.3122,1059,42,550.5000,-1017,2.039471,0.024606,0.000000,-8.0000,,,,,,,,,,-24.4500,-16.4500,0.005000,0.332000,0.663000,0,0,0,flat,False,
1775839645.042301,heartbeat_forced,3203,,,,,,,,,0,,1409.00,0.00,1409.00,1409.00,1409.00,macro,macro,BUY,160,8.500000,True,991.3122,1059,42,550.5000,-1017,2.039471,0.024606,0.000000,-8.0000,,,,,,,,,,-24.4500,-16.4500,0.005000,0.332000,0.663000,0,0,0,flat,False,
1775839645.408207,entry_blocked,3203,,,160,,,macro,live_order,,0,,1409.00,0.00,1409.00,1409.00,1409.00,macro,macro,BUY,160,8.500000,False,982.6317,1062,1068,1065.0000,6,2.039471,0.024606,0.000000,-8.0000,,,,,,,,,,-16.2525,-16.2525,0.008946,0.332008,0.659046,0,0,0,flat,False,
1775839645.837829,cancel_response,3203,C,BUY,40,42,1775839157695,macro_entry,,success=True error=None,0,,1409.00,0.00,1409.00,1409.00,1409.00,macro,macro,BUY,160,8.500000,False,982.8060,1061,1067,1064.0000,6,2.039471,0.024606,0.000000,-8.0000,,,,,,,,,,-16.4179,-16.4179,0.008955,0.325373,0.665672,0,0,0,flat,False,
1775839646.805449,news_ignored,3250,,,,,,,non_signal_news,,0,,1409.00,0.00,1409.00,1409.00,1409.00,macro,macro,BUY,160,8.500000,False,983.5349,1064,1070,1067.0000,6,2.039471,0.024606,0.000000,-8.0000,,,,,,,structured,petition,,-17.1092,-17.1092,0.008016,0.299599,0.692385,0,0,0,flat,False,"{'timestamp': 3250, 'kind': 'structured', 'new_data': {'new_signatures': 0, 'cumulative': 0, 'asset': '', 'structured_subtype': 'petition'}}"
1775839648.202495,heartbeat,3250,,,,,,,,,0,,1409.00,0.00,1409.00,1409.00,1409.00,macro,macro,BUY,160,8.500000,False,981.3789,1057,1063,1060.0000,6,2.039471,0.024606,0.000000,-8.0000,,,,,,,,,,-15.0625,-15.0625,0.007500,0.382500,0.610000,0,0,0,flat,False,
1775839648.813428,earnings_signal,3260,,SELL,200,,,,,old=2.039471 new=1.943336 delta=-0.096135,0,,1409.00,0.00,1409.00,1409.00,1409.00,macro,earnings,SELL,200,0.096135,True,947.7932,1059,1061,1060.0000,2,1.943336,-0.096135,0.000000,-8.0000,,,,,,,,,,-15.3008,-15.3008,0.006015,0.375940,0.618045,0,0,0,flat,False,
1775839648.814757,order_placed,3260,C,SELL,40,1059,1775839157696,earnings_entry,,,0,,1409.00,0.00,1409.00,1409.00,1409.00,macro,earnings,SELL,200,0.096135,True,947.7932,1059,1061,1060.0000,2,1.943336,-0.096135,0.000000,-8.0000,,,,,,,,,,-15.3008,-15.3008,0.006015,0.375940,0.618045,0,0,0,flat,False,
1775839648.815333,entry_decision,3260,C,SELL,40,1059,,earnings,,strength=0.096135 target=200,0,,1409.00,0.00,1409.00,1409.00,1409.00,earnings,earnings,SELL,200,0.096135,True,947.7932,1059,1061,1060.0000,2,1.943336,-0.096135,0.000000,-8.0000,,,,,,,,,,-15.3008,-15.3008,0.006015,0.375940,0.618045,0,0,0,flat,False,
1775839648.816248,heartbeat_forced,3260,,,,,,,,,0,,1409.00,0.00,1409.00,1409.00,1409.00,earnings,earnings,SELL,200,0.096135,True,947.7932,1059,1061,1060.0000,2,1.943336,-0.096135,0.000000,-8.0000,,,,,,,,,,-15.3008,-15.3008,0.006015,0.375940,0.618045,0,0,0,flat,False,
1775839648.843084,fill,3260,C,SELL,4,1059,1775839157696,earnings_entry,,,-4,1059.0000,1409.00,0.00,1409.00,5645.00,1409.00,earnings,earnings,SELL,200,0.096135,True,947.8884,1059,1059,1059.0000,0,1.943336,-0.096135,0.000000,-8.0000,,,,,,,,,,-15.3952,-15.3952,0.005003,0.374187,0.620810,0,0,0,book,False,
1775839649.203959,entry_blocked,3260,,,200,,,earnings,live_order,,-4,1059.0000,1409.00,4.00,1413.00,5645.00,1413.00,earnings,earnings,SELL,200,0.096135,True,947.9019,1052,1058,1055.0000,6,1.943336,-0.096135,0.000000,-8.0000,,,,,,,,,,-15.4086,-15.4086,0.005979,0.371699,0.622322,0,0,0,book,False,
1775839649.616200,order_placed,3260,C,SELL,40,1050,1775839157697,earnings_entry,,,-4,1059.0000,1409.00,12.00,1421.00,5645.00,1421.00,earnings,earnings,SELL,200,0.096135,True,947.6655,1050,1056,1053.0000,6,1.943336,-0.096135,0.000000,-8.0000,,,,,,,,,,-15.1741,-15.1741,0.008955,0.375124,0.615920,0,0,0,book,False,
1775839649.616729,entry_decision,3260,C,SELL,40,1050,,earnings,,strength=0.096135 target=200,-4,1059.0000,1409.00,12.00,1421.00,5645.00,1421.00,earnings,earnings,SELL,200,0.096135,True,947.6655,1050,1056,1053.0000,6,1.943336,-0.096135,0.000000,-8.0000,,,,,,,,,,-15.1741,-15.1741,0.008955,0.375124,0.615920,0,0,0,book,False,
1775839649.617583,heartbeat_forced,3260,,,,,,,,,-4,1059.0000,1409.00,12.00,1421.00,5645.00,1421.00,earnings,earnings,SELL,200,0.096135,True,947.6655,1050,1056,1053.0000,6,1.943336,-0.096135,0.000000,-8.0000,,,,,,,,,,-15.1741,-15.1741,0.008955,0.375124,0.615920,0,0,0,book,False,
1775839649.642346,cancel_response,3260,C,SELL,36,1059,1775839157696,earnings_entry,,success=True error=None,-4,1059.0000,1409.00,24.00,1433.00,5645.00,1433.00,earnings,earnings,SELL,200,0.096135,True,947.7316,1047,1053,1050.0000,6,1.943336,-0.096135,0.000000,-8.0000,,,,,,,,,,-15.2396,-15.2396,0.005991,0.378432,0.615577,0,0,0,book,False,
1775839650.210031,fill,3260,C,SELL,40,1050,1775839157697,earnings_entry,,,-44,1050.8182,1409.00,36.00,1445.00,47645.00,1445.00,earnings,earnings,SELL,200,0.096135,True,947.5328,1051,1050,1050.5000,-1,1.943336,-0.096135,0.000000,-8.0000,,,,,,,,,,-15.0425,-15.0425,0.005997,0.386307,0.607696,0,0,0,book,False,
1775839650.211387,order_placed,3260,C,SELL,40,1051,1775839157698,earnings_entry,,,-44,1050.8182,1409.00,36.00,1445.00,47645.00,1445.00,earnings,earnings,SELL,200,0.096135,True,947.5328,1051,1050,1050.5000,-1,1.943336,-0.096135,0.000000,-8.0000,,,,,,,,,,-15.0425,-15.0425,0.005997,0.386307,0.607696,0,0,0,book,False,
1775839650.212046,entry_decision,3260,C,SELL,40,1051,,earnings,,strength=0.096135 target=200,-44,1050.8182,1409.00,36.00,1445.00,47645.00,1445.00,earnings,earnings,SELL,200,0.096135,True,947.5328,1051,1050,1050.5000,-1,1.943336,-0.096135,0.000000,-8.0000,,,,,,,,,,-15.0425,-15.0425,0.005997,0.386307,0.607696,0,0,0,book,False,
1775839650.213020,heartbeat_forced,3260,,,,,,,,,-44,1050.8182,1409.00,36.00,1445.00,47645.00,1445.00,earnings,earnings,SELL,200,0.096135,True,947.5328,1051,1050,1050.5000,-1,1.943336,-0.096135,0.000000,-8.0000,,,,,,,,,,-15.0425,-15.0425,0.005997,0.386307,0.607696,0,0,0,book,False,
1775839650.617313,entry_blocked,3260,,,200,,,earnings,live_order,,-44,1050.8182,1409.00,344.00,1753.00,47645.00,1753.00,earnings,earnings,SELL,200,0.096135,True,947.4623,1039,1043,1041.0000,4,1.943336,-0.096135,0.000000,-8.0000,,,,,,,,,,-14.9725,-14.9725,0.006993,0.387113,0.605894,0,0,0,book,False,
1775839650.936244,order_placed,3260,C,BUY,40,1038,1775839157699,short_profit_1,,,-44,1050.8182,1409.00,564.00,1973.00,47645.00,1973.00,earnings,earnings,SELL,200,0.096135,True,947.4144,1032,1038,1035.0000,6,1.943336,-0.096135,0.000000,-8.0000,,,,,,,,,,-14.9250,-14.9250,0.006000,0.391000,0.603000,0,0,0,book,False,
1775839650.936874,exit_trigger,3260,,,40,,,short_profit_1,short_profit_1,,-44,1050.8182,1409.00,564.00,1973.00,47645.00,1973.00,earnings,earnings,SELL,200,0.096135,True,947.4144,1032,1038,1035.0000,6,1.943336,-0.096135,0.000000,-8.0000,,,,,,,,,,-14.9250,-14.9250,0.006000,0.391000,0.603000,0,0,0,book,False,
1775839650.937738,heartbeat_forced,3260,,,,,,,,,-44,1050.8182,1409.00,564.00,1973.00,47645.00,1973.00,earnings,earnings,SELL,200,0.096135,True,947.4144,1032,1038,1035.0000,6,1.943336,-0.096135,0.000000,-8.0000,,,,,,,,,,-14.9250,-14.9250,0.006000,0.391000,0.603000,0,0,0,book,False,
1775839650.965751,cancel_response,3260,C,SELL,40,1051,1775839157698,earnings_entry,,success=True error=None,-44,1050.8182,1409.00,564.00,1973.00,47645.00,1973.00,earnings,earnings,SELL,200,0.096135,True,947.4144,1032,1038,1035.0000,6,1.943336,-0.096135,0.000000,-8.0000,,,,,,,,,,-14.9250,-14.9250,0.006000,0.391000,0.603000,0,0,0,book,False,
1775839650.967856,fill,3260,C,BUY,37,1038,1775839157699,short_profit_1,,,-7,1050.8182,1883.27,89.73,1973.00,9239.00,1973.00,earnings,earnings,SELL,200,0.096135,True,947.4144,1038,1038,1038.0000,0,1.943336,-0.096135,0.000000,-8.0000,,,,,,,,,,-14.9250,-14.9250,0.006000,0.391000,0.603000,0,0,0,book,False,
1775839651.006779,macro_eval,3271,,,0,,,,below_threshold,score=+0.00 headline=Persistent flaws force A to discontinue its flagship product.,-7,1050.8182,1883.27,82.73,1966.00,9239.00,1966.00,earnings,earnings,SELL,200,0.096135,True,947.4144,1038,1039,1038.5000,1,1.943336,-0.096135,0.000000,-8.0000,,,0.0000,0,,+0.064954,unstructured,,,-14.9250,-14.9250,0.006000,0.391000,0.603000,0,0,0,book,False,"{'timestamp': 3271, 'kind': 'unstructured', 'new_data': {'content': 'Persistent flaws force A to discontinue its flagship product.'}}"
1775839651.007302,news_ignored,3271,,,,,,,weak_macro_news,score=+0.00,-7,1050.8182,1883.27,82.73,1966.00,9239.00,1966.00,earnings,earnings,SELL,200,0.096135,True,947.4144,1038,1039,1038.5000,1,1.943336,-0.096135,0.000000,-8.0000,,,0.0000,0,,+0.064954,unstructured,,,-14.9250,-14.9250,0.006000,0.391000,0.603000,0,0,0,book,False,"{'timestamp': 3271, 'kind': 'unstructured', 'new_data': {'content': 'Persistent flaws force A to discontinue its flagship product.'}}"
1775839651.011110,fill,3271,C,BUY,3,1038,1775839157699,short_profit_1,,,-4,1050.8182,1921.73,67.27,1989.00,6125.00,1989.00,earnings,earnings,SELL,200,0.096135,True,947.2440,1038,1034,1036.0000,-4,1.943336,-0.096135,0.000000,-8.0000,,,,,,,,,,-14.7560,-14.7560,0.006101,0.397560,0.596340,0,0,0,book,False,
1775839651.422912,order_placed,3271,C,BUY,4,1030,1775839157700,short_profit_2,,,-4,1050.8182,1921.73,83.27,2005.00,6125.00,2005.00,earnings,earnings,SELL,200,0.096135,True,946.7397,1025,1030,1027.5000,5,1.943336,-0.096135,0.000000,-8.0000,,,,,,,,,,-14.2554,-14.2554,0.006997,0.415792,0.577211,0,0,0,book,False,
1775839651.423298,exit_trigger,3271,,,4,,,short_profit_2,short_profit_2,,-4,1050.8182,1921.73,83.27,2005.00,6125.00,2005.00,earnings,earnings,SELL,200,0.096135,True,946.7397,1025,1030,1027.5000,5,1.943336,-0.096135,0.000000,-8.0000,,,,,,,,,,-14.2554,-14.2554,0.006997,0.415792,0.577211,0,0,0,book,False,
1775839651.424115,heartbeat_forced,3271,,,,,,,,,-4,1050.8182,1921.73,83.27,2005.00,6125.00,2005.00,earnings,earnings,SELL,200,0.096135,True,946.7397,1025,1030,1027.5000,5,1.943336,-0.096135,0.000000,-8.0000,,,,,,,,,,-14.2554,-14.2554,0.006997,0.415792,0.577211,0,0,0,book,False,
1775839651.457630,fill,3271,C,BUY,4,1025,1775839157700,short_profit_2,,,0,,2025.00,0.00,2025.00,2025.00,2025.00,flat,,,,,,946.5887,1030,1025,1027.5000,-5,1.943336,-0.096135,0.000000,-8.0000,,,,,,,,,,-14.1054,-14.1054,0.006997,0.421789,0.571214,0,0,0,flat,False,
1775839654.444544,heartbeat,3271,,,,,,,,,0,,2025.00,0.00,2025.00,2025.00,2025.00,flat,,,,,,947.7157,1005,1011,1008.0000,6,1.943336,-0.096135,0.000000,-8.0000,,,,,,,,,,-15.2239,-15.2239,0.008955,0.373134,0.617910,0,0,0,flat,False,
1775839657.444792,heartbeat,3271,,,,,,,,,0,,2025.00,0.00,2025.00,2025.00,2025.00,flat,,,,,,947.1087,998,40,519.0000,-958,1.943336,-0.096135,0.000000,-8.0000,,,,,,,,,,-14.6217,-14.6217,0.008960,0.397213,0.593828,0,0,0,flat,False,
1775839660.482196,heartbeat,3271,,,,,,,,,0,,2025.00,0.00,2025.00,2025.00,2025.00,flat,,,,,,946.7005,994,1000,997.0000,6,1.943336,-0.096135,0.000000,-8.0000,,,,,,,,,,-14.2164,-14.2164,0.008955,0.413433,0.577612,0,0,0,flat,False,
1775839662.405484,macro_eval,3328,,,0,,,,below_threshold,score=+0.00 headline=Officials note that both upside and downside scenarios remain plausible.,0,,2025.00,0.00,2025.00,2025.00,2025.00,flat,,,,,,946.0239,988,994,991.0000,6,1.943336,-0.096135,0.000000,-8.0000,,,0.0000,0,,+0.064954,unstructured,,,-13.5443,-13.5443,0.008004,0.442221,0.549775,0,0,0,flat,False,"{'timestamp': 3328, 'kind': 'unstructured', 'new_data': {'content': 'Officials note that both upside and downside scenarios remain plausible.'}}"
1775839662.405924,news_ignored,3328,,,,,,,weak_macro_news,score=+0.00,0,,2025.00,0.00,2025.00,2025.00,2025.00,flat,,,,,,946.0239,988,994,991.0000,6,1.943336,-0.096135,0.000000,-8.0000,,,0.0000,0,,+0.064954,unstructured,,,-13.5443,-13.5443,0.008004,0.442221,0.549775,0,0,0,flat,False,"{'timestamp': 3328, 'kind': 'unstructured', 'new_data': {'content': 'Officials note that both upside and downside scenarios remain plausible.'}}"
1775839663.505018,heartbeat,3328,,,,,,,,,0,,2025.00,0.00,2025.00,2025.00,2025.00,flat,,,,,,948.7365,995,1001,998.0000,6,1.943336,-0.096135,0.000000,-8.0000,,,,,,,,,,-16.2357,-16.2357,0.005967,0.338637,0.655395,0,0,0,flat,False,
1775839666.529336,heartbeat,3328,,,,,,,,,0,,2025.00,0.00,2025.00,2025.00,2025.00,flat,,,,,,950.6429,1001,1007,1004.0000,6,1.943336,-0.096135,0.000000,-8.0000,,,,,,,,,,-18.1219,-18.1219,0.004975,0.265174,0.729851,0,0,0,flat,False,
1775839669.553334,heartbeat,3328,,,,,,,,,0,,2025.00,0.00,2025.00,2025.00,2025.00,flat,,,,,,952.0915,1014,1020,1017.0000,6,1.943336,-0.096135,0.000000,-8.0000,,,,,,,,,,-19.5522,-19.5522,0.005970,0.205970,0.788060,0,0,0,flat,False,
1775839672.575918,heartbeat,3328,,,,,,,,,0,,2025.00,0.00,2025.00,2025.00,2025.00,flat,,,,,,952.1743,1011,1017,1014.0000,6,1.943336,-0.096135,0.000000,-8.0000,,,,,,,,,,-19.6340,-19.6340,0.004980,0.204681,0.790339,0,0,0,flat,False,
1775839675.601274,heartbeat,3328,,,,,,,,,0,,2025.00,0.00,2025.00,2025.00,2025.00,flat,,,,,,952.2428,1013,1019,1016.0000,6,1.943336,-0.096135,0.000000,-8.0000,,,,,,,,,,-19.7015,-19.7015,0.005970,0.200000,0.794030,0,0,0,flat,False,
1775839678.608024,heartbeat,3328,,,,,,,,,0,,2025.00,0.00,2025.00,2025.00,2025.00,flat,,,,,,951.0490,1019,1025,1022.0000,6,1.943336,-0.096135,0.000000,-8.0000,,,,,,,,,,-18.5231,-18.5231,0.005967,0.247141,0.746892,0,0,0,flat,False,
1775839681.615017,heartbeat,3328,,,,,,,,,0,,2025.00,0.00,2025.00,2025.00,2025.00,flat,,,,,,950.6555,1019,1025,1022.0000,6,1.943336,-0.096135,0.000000,-8.0000,,,,,,,,,,-18.1343,-18.1343,0.006965,0.260697,0.732338,0,0,0,flat,False,
1775839684.615446,heartbeat,3328,,,,,,,,,0,,2025.00,0.00,2025.00,2025.00,2025.00,flat,,,,,,950.5569,1021,1025,1023.0000,4,1.943336,-0.096135,0.000000,-8.0000,,,,,,,,,,-18.0369,-18.0369,0.006976,0.264574,0.728450,0,0,0,flat,False,
1775839686.813180,news_ignored,3450,,,,,,,non_signal_news,,0,,2025.00,0.00,2025.00,2025.00,2025.00,flat,,,,,,951.5586,1026,1028,1027.0000,2,1.943336,-0.096135,0.000000,-8.0000,,,,,,,structured,petition,,-19.0263,-19.0263,0.006955,0.225037,0.768008,0,0,0,flat,False,"{'timestamp': 3450, 'kind': 'structured', 'new_data': {'new_signatures': 0, 'cumulative': 0, 'asset': '', 'structured_subtype': 'petition'}}"
1775839687.616141,heartbeat,3450,,,,,,,,,0,,2025.00,0.00,2025.00,2025.00,2025.00,flat,,,,,,948.9201,1014,1017,1015.5000,3,1.943336,-0.096135,0.000000,-8.0000,,,,,,,,,,-16.4175,-16.4175,0.004983,0.333333,0.661684,0,0,0,flat,False,
1775839690.617163,heartbeat,3450,,,,,,,,,0,,2025.00,0.00,2025.00,2025.00,2025.00,flat,,,,,,950.6567,1015,1019,1017.0000,4,1.943336,-0.096135,0.000000,-8.0000,,,,,,,,,,-18.1356,-18.1356,0.004965,0.264647,0.730387,0,0,0,flat,False,
1775839693.617317,heartbeat,3450,,,,,,,,,0,,2025.00,0.00,2025.00,2025.00,2025.00,flat,,,,,,949.4530,1011,1017,1014.0000,6,1.943336,-0.096135,0.000000,-8.0000,,,,,,,,,,-16.9451,-16.9451,0.004988,0.312219,0.682793,0,0,0,flat,False,
1775839696.617840,heartbeat,3450,,,,,,,,,0,,2025.00,0.00,2025.00,2025.00,2025.00,flat,,,,,,947.7442,1004,1009,1006.5000,5,1.943336,-0.096135,0.000000,-8.0000,,,,,,,,,,-15.2521,-15.2521,0.004993,0.379930,0.615077,0,0,0,flat,False,
1775839699.618175,heartbeat,3450,,,,,,,,,0,,2025.00,0.00,2025.00,2025.00,2025.00,flat,,,,,,947.2963,1001,1005,1003.0000,4,1.943336,-0.096135,0.000000,-8.0000,,,,,,,,,,-14.8079,-14.8079,0.004990,0.397705,0.597305,0,0,0,flat,False,
1775839699.804217,macro_eval,3515,,SELL,0,,,,below_threshold,"score=+1.50 headline=Fed opts to hold steady, citing the need to assess cumulative tightening effects.",0,,2025.00,0.00,2025.00,2025.00,2025.00,flat,,,,,,947.3066,1001,1007,1004.0000,6,1.943336,-0.096135,0.000000,-8.0000,,,1.5000,0,SELL,+0.064954,unstructured,,,-14.8180,-14.8180,0.004985,0.397308,0.597707,0,0,0,flat,False,"{'timestamp': 3515, 'kind': 'unstructured', 'new_data': {'content': 'Fed opts to hold steady, citing the need to assess cumulative tightening effects.'}}"
1775839699.804833,news_ignored,3515,,,,,,,weak_macro_news,score=+1.50,0,,2025.00,0.00,2025.00,2025.00,2025.00,flat,,,,,,947.3066,1001,1007,1004.0000,6,1.943336,-0.096135,0.000000,-8.0000,,,1.5000,0,SELL,+0.064954,unstructured,,,-14.8180,-14.8180,0.004985,0.397308,0.597707,0,0,0,flat,False,"{'timestamp': 3515, 'kind': 'unstructured', 'new_data': {'content': 'Fed opts to hold steady, citing the need to assess cumulative tightening effects.'}}"
1775839702.618285,heartbeat,3515,,,,,,,,,0,,2025.00,0.00,2025.00,2025.00,2025.00,flat,,,,,,948.6434,1002,1008,1005.0000,6,1.943336,-0.096135,0.000000,-8.0000,,,,,,,,,,-16.1435,-16.1435,0.004983,0.344295,0.650722,0,0,0,flat,False,
1775839705.618949,heartbeat,3515,,,,,,,,,0,,2025.00,0.00,2025.00,2025.00,2025.00,flat,,,,,,946.5210,1000,1002,1001.0000,2,1.943336,-0.096135,0.000000,-8.0000,,,,,,,,,,-14.0382,-14.0382,0.005023,0.428428,0.566549,0,0,0,flat,False,
1775839706.003509,macro_eval,3546,,,0,,,,below_threshold,score=+0.00 headline=Local governments offer A significant financial incentives.,0,,2025.00,0.00,2025.00,2025.00,2025.00,flat,,,,,,945.9223,994,1000,997.0000,6,1.943336,-0.096135,0.000000,-8.0000,,,0.0000,0,,+0.064954,unstructured,,,-13.4433,-13.4433,0.004998,0.452274,0.542729,0,0,0,flat,False,"{'timestamp': 3546, 'kind': 'unstructured', 'new_data': {'content': 'Local governments offer A significant financial incentives.'}}"
1775839706.004233,news_ignored,3546,,,,,,,weak_macro_news,score=+0.00,0,,2025.00,0.00,2025.00,2025.00,2025.00,flat,,,,,,945.9223,994,1000,997.0000,6,1.943336,-0.096135,0.000000,-8.0000,,,0.0000,0,,+0.064954,unstructured,,,-13.4433,-13.4433,0.004998,0.452274,0.542729,0,0,0,flat,False,"{'timestamp': 3546, 'kind': 'unstructured', 'new_data': {'content': 'Local governments offer A significant financial incentives.'}}"
1775839708.618926,heartbeat,3546,,,,,,,,,0,,2025.00,0.00,2025.00,2025.00,2025.00,flat,,,,,,945.9580,994,1000,997.0000,6,1.943336,-0.096135,0.000000,-8.0000,,,,,,,,,,-13.4788,-13.4788,0.004988,0.450873,0.544140,0,0,0,flat,False,
1775839711.619293,heartbeat,3546,,,,,,,,,0,,2025.00,0.00,2025.00,2025.00,2025.00,flat,,,,,,945.1303,988,993,990.5000,5,1.943336,-0.096135,0.000000,-8.0000,,,,,,,,,,-12.6557,-12.6557,0.004983,0.483807,0.511211,0,0,0,flat,False,
1775839714.619226,heartbeat,3546,,,,,,,,,0,,2025.00,0.00,2025.00,2025.00,2025.00,flat,,,,,,943.7756,986,992,989.0000,6,1.943336,-0.096135,0.000000,-8.0000,,,,,,,,,,-11.3068,-11.3068,0.004998,0.537731,0.457271,0,0,0,flat,False,
1775839714.806242,earnings_blocked,3590,,BUY,120,,,,weak_buy_against_earnings_trend_-0.0764,old=1.943336 new=1.980594 delta=+0.037259,0,,2025.00,0.00,2025.00,2025.00,2025.00,flat,,,,,,956.7858,986,992,989.0000,6,1.980594,0.037259,0.000000,-8.0000,,,,,,-0.039101,,,,-11.2718,-11.2718,0.004988,0.539152,0.455860,0,0,0,flat,False,
1775839717.619482,heartbeat,3590,,,,,,,,,0,,2025.00,0.00,2025.00,2025.00,2025.00,flat,,,,,,955.5481,984,986,985.0000,2,1.980594,0.037259,0.000000,-8.0000,,,,,,,,,,-10.0580,-10.0580,0.005495,0.586691,0.407814,0,0,0,flat,False,
1775839720.622494,heartbeat,3590,,,,,,,,,0,,2025.00,0.00,2025.00,2025.00,2025.00,flat,,,,,,951.1538,981,987,984.0000,6,1.980594,0.037259,0.000000,-8.0000,,,,,,,,,,-5.7336,-5.7336,0.014522,0.741612,0.243866,0,0,0,flat,False,
1775839723.616833,news_ignored,3634,,,,,,,non_C_earnings,,0,,2025.00,0.00,2025.00,2025.00,2025.00,flat,,,,,,950.2841,983,989,986.0000,6,1.980594,0.037259,0.000000,-8.0000,,,,,,,structured,earnings,A,-4.8750,-4.8750,0.014000,0.777000,0.209000,0,0,0,flat,False,"{'timestamp': 3634, 'kind': 'structured', 'new_data': {'value': 0.9588522036969328, 'asset': 'A', 'structured_subtype': 'earnings'}}"
1775839723.622981,heartbeat,3634,,,,,,,,,0,,2025.00,0.00,2025.00,2025.00,2025.00,flat,,,,,,950.3146,984,989,986.5000,5,1.980594,0.037259,0.000000,-8.0000,,,,,,,,,,-4.9051,-4.9051,0.013979,0.775836,0.210185,0,0,0,flat,False,
1775839726.622561,heartbeat,3634,,,,,,,,,0,,2025.00,0.00,2025.00,2025.00,2025.00,flat,,,,,,949.6852,979,984,981.5000,5,1.980594,0.037259,0.000000,-8.0000,,,,,,,,,,-4.2832,-4.2832,0.018981,0.790709,0.190310,0,0,0,flat,False,
1775839727.407731,macro_eval,3653,,BUY,160,,,,earnings_trend_conflict_-0.0391,score=-7.00 headline=Fed officials emphasize they do not want to keep rates elevated longer than necessary.,0,,2025.00,0.00,2025.00,2025.00,2025.00,flat,,,,,,949.5335,980,986,983.0000,6,1.980594,0.037259,0.000000,-8.0000,,,-7.0000,160,BUY,-0.039101,unstructured,,,-4.1333,-4.1333,0.018036,0.798597,0.183367,0,0,0,flat,False,"{'timestamp': 3653, 'kind': 'unstructured', 'new_data': {'content': 'Fed officials emphasize they do not want to keep rates elevated longer than necessary.'}}"
1775839727.408357,macro_blocked,3653,,BUY,160,,,,earnings_trend_conflict_-0.0391,score=-7.00 headline=Fed officials emphasize they do not want to keep rates elevated longer than necessary.,0,,2025.00,0.00,2025.00,2025.00,2025.00,flat,,,,,,949.5335,980,986,983.0000,6,1.980594,0.037259,0.000000,-8.0000,,,-7.0000,160,BUY,-0.039101,,,,-4.1333,-4.1333,0.018036,0.798597,0.183367,0,0,0,flat,False,"{'timestamp': 3653, 'kind': 'unstructured', 'new_data': {'content': 'Fed officials emphasize they do not want to keep rates elevated longer than necessary.'}}"
1775839729.622688,heartbeat,3653,,,,,,,,,0,,2025.00,0.00,2025.00,2025.00,2025.00,flat,,,,,,953.2618,992,998,995.0000,6,1.980594,0.037259,0.000000,-8.0000,,,,,,,,,,-7.8109,-7.8109,0.008955,0.669652,0.321393,0,0,0,flat,False,
1775839732.685685,heartbeat,3653,,,,,,,,,0,,2025.00,0.00,2025.00,2025.00,2025.00,flat,,,,,,953.8603,995,998,996.5000,3,1.980594,0.037259,0.000000,-8.0000,,,,,,,,,,-8.3997,-8.3997,0.008960,0.646093,0.344948,0,0,0,flat,False,
1775839735.713216,heartbeat,3653,,,,,,,,,0,,2025.00,0.00,2025.00,2025.00,2025.00,flat,,,,,,950.3474,980,986,983.0000,6,1.980594,0.037259,0.000000,-8.0000,,,,,,,,,,-4.9375,-4.9375,0.011000,0.780500,0.208500,0,0,0,flat,False,
1775839736.820031,news_ignored,3700,,,,,,,non_signal_news,,0,,2025.00,0.00,2025.00,2025.00,2025.00,flat,,,,,,951.0762,980,987,983.5000,7,1.980594,0.037259,0.000000,-8.0000,,,,,,,structured,petition,,-5.6570,-5.6570,0.008539,0.756641,0.234820,0,0,0,flat,False,"{'timestamp': 3700, 'kind': 'structured', 'new_data': {'new_signatures': 0, 'cumulative': 0, 'asset': '', 'structured_subtype': 'petition'}}"
1775839738.737643,heartbeat,3700,,,,,,,,,0,,2025.00,0.00,2025.00,2025.00,2025.00,flat,,,,,,956.8236,1007,1013,1010.0000,6,1.980594,0.037259,0.000000,-8.0000,,,,,,,,,,-11.3089,-11.3089,0.005015,0.537613,0.457372,0,0,0,flat,False,
1775839738.809630,earnings_signal,3710,,SELL,80,,,,,old=1.980594 new=1.962815 delta=-0.017780,0,,2025.00,0.00,2025.00,2025.00,2025.00,flat,earnings,SELL,80,0.017780,True,950.5982,1007,1013,1010.0000,6,1.962815,-0.017780,0.000000,-8.0000,,,,,,,,,,-11.3089,-11.3089,0.005015,0.537613,0.457372,0,0,0,flat,False,
1775839738.810227,order_placed,3710,C,SELL,40,1007,1775839157701,earnings_entry,,,0,,2025.00,0.00,2025.00,2025.00,2025.00,flat,earnings,SELL,80,0.017780,True,950.5982,1007,1013,1010.0000,6,1.962815,-0.017780,0.000000,-8.0000,,,,,,,,,,-11.3089,-11.3089,0.005015,0.537613,0.457372,0,0,0,flat,False,
1775839738.810566,entry_decision,3710,C,SELL,40,1007,,earnings,,strength=0.017780 target=80,0,,2025.00,0.00,2025.00,2025.00,2025.00,earnings,earnings,SELL,80,0.017780,True,950.5982,1007,1013,1010.0000,6,1.962815,-0.017780,0.000000,-8.0000,,,,,,,,,,-11.3089,-11.3089,0.005015,0.537613,0.457372,0,0,0,flat,False,
1775839738.810944,heartbeat_forced,3710,,,,,,,,,0,,2025.00,0.00,2025.00,2025.00,2025.00,earnings,earnings,SELL,80,0.017780,True,950.5982,1007,1013,1010.0000,6,1.962815,-0.017780,0.000000,-8.0000,,,,,,,,,,-11.3089,-11.3089,0.005015,0.537613,0.457372,0,0,0,flat,False,
1775839738.842430,fill,3710,C,SELL,37,1007,1775839157701,earnings_entry,,,-37,1007.0000,2025.00,0.00,2025.00,39284.00,2025.00,earnings,earnings,SELL,80,0.017780,True,950.4119,1007,1007,1007.0000,0,1.962815,-0.017780,0.000000,-8.0000,,,,,,,,,,-11.1249,-11.1249,0.004978,0.545047,0.449975,0,0,0,book,False,
1775839739.004216,fill,3710,C,SELL,3,1007,1775839157701,earnings_entry,,,-40,1007.0000,2025.00,0.00,2025.00,42305.00,2025.00,earnings,earnings,SELL,80,0.017780,True,950.4119,1007,1007,1007.0000,0,1.962815,-0.017780,0.000000,-8.0000,,,,,,,,,,-11.1249,-11.1249,0.004978,0.545047,0.449975,0,0,0,book,False,
1775839739.345201,order_placed,3710,C,SELL,40,1009,1775839157702,earnings_entry,,,-40,1007.0000,2025.00,-320.00,1705.00,42305.00,1705.00,earnings,earnings,SELL,80,0.017780,True,950.5826,1009,1015,1012.0000,6,1.962815,-0.017780,0.000000,-8.0000,,,,,,,,,,-11.2935,-11.2935,0.004975,0.538308,0.456716,0,0,0,book,False,
1775839739.345813,entry_decision,3710,C,SELL,40,1009,,earnings,,strength=0.017780 target=80,-40,1007.0000,2025.00,-320.00,1705.00,42305.00,1705.00,earnings,earnings,SELL,80,0.017780,True,950.5826,1009,1015,1012.0000,6,1.962815,-0.017780,0.000000,-8.0000,,,,,,,,,,-11.2935,-11.2935,0.004975,0.538308,0.456716,0,0,0,book,False,
1775839739.346651,heartbeat_forced,3710,,,,,,,,,-40,1007.0000,2025.00,-320.00,1705.00,42305.00,1705.00,earnings,earnings,SELL,80,0.017780,True,950.5826,1009,1015,1012.0000,6,1.962815,-0.017780,0.000000,-8.0000,,,,,,,,,,-11.2935,-11.2935,0.004975,0.538308,0.456716,0,0,0,book,False,
1775839739.375654,fill,3710,C,SELL,37,1009,1775839157702,earnings_entry,,,-77,1007.9610,2025.00,-80.00,1945.00,79638.00,1945.00,earnings,earnings,SELL,80,0.017780,True,950.5826,1009,1009,1009.0000,0,1.962815,-0.017780,0.000000,-8.0000,,,,,,,,,,-11.2935,-11.2935,0.004975,0.538308,0.456716,0,0,0,book,False,
1775839739.751078,entry_blocked,3710,,,80,,,earnings,live_order,,-77,1007.9610,2025.00,-80.00,1945.00,79638.00,1945.00,earnings,earnings,SELL,80,0.017780,True,950.9604,1008,1009,1008.5000,1,1.962815,-0.017780,0.000000,-8.0000,,,,,,,,,,-11.6667,-11.6667,0.004975,0.523383,0.471642,0,0,0,book,False,
1775839740.008599,fill,3710,C,SELL,3,1009,1775839157702,earnings_entry,,,-80,1008.0000,2025.00,-80.00,1945.00,82665.00,1945.00,earnings,earnings,SELL,80,0.017780,True,951.0864,1009,1009,1009.0000,0,1.962815,-0.017780,0.000000,-8.0000,,,,,,,,,,-11.7910,-11.7910,0.004975,0.518408,0.476617,0,0,0,book,False,
1775839742.380978,heartbeat,3710,,,,,,,,,-80,1008.0000,2025.00,-1040.00,985.00,82665.00,985.00,earnings,earnings,SELL,80,0.017780,True,954.6848,1015,1021,1018.0000,6,1.962815,-0.017780,0.000000,-8.0000,,,,,,,,,,-15.3358,-15.3358,0.004975,0.376617,0.618408,0,0,0,book,False,
1775839745.407341,heartbeat,3710,,,,,,,,,-80,1008.0000,2025.00,-560.00,1465.00,82665.00,1465.00,earnings,earnings,SELL,80,0.017780,True,955.5077,1009,1015,1012.0000,6,1.962815,-0.017780,0.000000,-8.0000,,,,,,,,,,-16.1443,-16.1443,0.006965,0.340299,0.652736,0,0,0,book,False,
1775839748.407903,heartbeat,3710,,,,,,,,,-80,1008.0000,2025.00,-960.00,1065.00,82665.00,1065.00,earnings,earnings,SELL,80,0.017780,False,955.6426,1014,1020,1017.0000,6,1.962815,-0.017780,0.000000,-8.0000,,,,,,,,,,-16.2768,-16.2768,0.007964,0.333001,0.659034,0,0,0,book,False,
1775839749.626821,order_placed,3710,C,BUY,40,1024,1775839157703,stop_loss,,,-80,1008.0000,2025.00,-1280.00,745.00,82665.00,745.00,earnings,earnings,SELL,80,0.017780,False,956.1707,1018,1024,1021.0000,6,1.962815,-0.017780,0.000000,-8.0000,,,,,,,,,,-16.7951,-16.7951,0.005967,0.316261,0.677772,0,0,0,book,False,
1775839749.627060,exit_trigger,3710,,,40,,,stop_loss,stop_loss,,-80,1008.0000,2025.00,-1280.00,745.00,82665.00,745.00,earnings,earnings,SELL,80,0.017780,False,956.1707,1018,1024,1021.0000,6,1.962815,-0.017780,0.000000,-8.0000,,,,,,,,,,-16.7951,-16.7951,0.005967,0.316261,0.677772,0,0,0,book,False,
1775839749.627441,heartbeat_forced,3710,,,,,,,,,-80,1008.0000,2025.00,-1280.00,745.00,82665.00,745.00,earnings,earnings,SELL,80,0.017780,False,956.1707,1018,1024,1021.0000,6,1.962815,-0.017780,0.000000,-8.0000,,,,,,,,,,-16.7951,-16.7951,0.005967,0.316261,0.677772,0,0,0,book,False,
1775839749.656242,fill,3710,C,BUY,37,1024,1775839157703,stop_loss,,,-43,1008.0000,1433.00,-688.00,745.00,44777.00,745.00,earnings,earnings,SELL,80,0.017780,False,956.1707,1024,1024,1024.0000,0,1.962815,-0.017780,0.000000,-8.0000,,,,,,,,,,-16.7951,-16.7951,0.005967,0.316261,0.677772,0,0,0,book,False,
1775839749.819012,fill,3710,C,BUY,3,1024,1775839157703,stop_loss,,,-40,1008.0000,1385.00,-520.00,865.00,41705.00,865.00,earnings,earnings,SELL,80,0.017780,False,956.2173,1024,1021,1022.5000,-3,1.962815,-0.017780,0.000000,-8.0000,,,,,,,,,,-16.8408,-16.8408,0.004975,0.316418,0.678607,0,0,0,book,False,
1775839751.243651,order_placed,3710,C,BUY,40,1024,1775839157704,stop_loss,,,-40,1008.0000,1385.00,-640.00,745.00,41705.00,745.00,earnings,earnings,SELL,80,0.017780,False,956.6031,1020,1024,1022.0000,4,1.962815,-0.017780,0.000000,-8.0000,,,,,,,,,,-17.2192,-17.2192,0.005938,0.299357,0.694706,0,0,0,book,False,
1775839751.243904,exit_trigger,3710,,,40,,,stop_loss,stop_loss,,-40,1008.0000,1385.00,-640.00,745.00,41705.00,745.00,earnings,earnings,SELL,80,0.017780,False,956.6031,1020,1024,1022.0000,4,1.962815,-0.017780,0.000000,-8.0000,,,,,,,,,,-17.2192,-17.2192,0.005938,0.299357,0.694706,0,0,0,book,False,
1775839751.244282,heartbeat_forced,3710,,,,,,,,,-40,1008.0000,1385.00,-640.00,745.00,41705.00,745.00,earnings,earnings,SELL,80,0.017780,False,956.6031,1020,1024,1022.0000,4,1.962815,-0.017780,0.000000,-8.0000,,,,,,,,,,-17.2192,-17.2192,0.005938,0.299357,0.694706,0,0,0,book,False,
1775839751.412318,fill,3710,C,BUY,37,1024,1775839157704,stop_loss,,,-3,1008.0000,793.00,-45.00,748.00,3817.00,748.00,earnings,earnings,SELL,80,0.017780,False,956.5989,1024,1023,1023.5000,-1,1.962815,-0.017780,0.000000,-8.0000,,,,,,,,,,-17.2151,-17.2151,0.006876,0.297642,0.695481,0,0,0,book,False,
1775839751.415046,fill,3710,C,BUY,3,1024,1775839157704,stop_loss,,,0,,745.00,0.00,745.00,745.00,745.00,flat,,,,,,956.5989,1024,1024,1024.0000,0,1.962815,-0.017780,0.000000,-8.0000,,,,,,,,,,-17.2151,-17.2151,0.006876,0.297642,0.695481,0,0,0,flat,False,
1775839752.406003,macro_eval,3778,,,0,,,,below_threshold,score=+0.00 headline=Officials describe current policy as appropriate given the uncertain outlook.,0,,745.00,0.00,745.00,745.00,745.00,flat,,,,,,957.5380,1019,1025,1022.0000,6,1.962815,-0.017780,0.000000,-8.0000,,,0.0000,0,,-0.052050,unstructured,,,-18.1356,-18.1356,0.005958,0.262661,0.731380,0,0,0,flat,False,"{'timestamp': 3778, 'kind': 'unstructured', 'new_data': {'content': 'Officials describe current policy as appropriate given the uncertain outlook.'}}"
1775839752.406467,news_ignored,3778,,,,,,,weak_macro_news,score=+0.00,0,,745.00,0.00,745.00,745.00,745.00,flat,,,,,,957.5380,1019,1025,1022.0000,6,1.962815,-0.017780,0.000000,-8.0000,,,0.0000,0,,-0.052050,unstructured,,,-18.1356,-18.1356,0.005958,0.262661,0.731380,0,0,0,flat,False,"{'timestamp': 3778, 'kind': 'unstructured', 'new_data': {'content': 'Officials describe current policy as appropriate given the uncertain outlook.'}}"
1775839754.245281,heartbeat,3778,,,,,,,,,0,,745.00,0.00,745.00,745.00,745.00,flat,,,,,,958.9727,1021,1025,1023.0000,4,1.962815,-0.017780,0.000000,-8.0000,,,,,,,,,,-19.5398,-19.5398,0.004975,0.208458,0.786567,0,0,0,flat,False,
1775839757.245010,heartbeat,3778,,,,,,,,,0,,745.00,0.00,745.00,745.00,745.00,flat,,,,,,960.7972,1025,1031,1028.0000,6,1.962815,-0.017780,0.000000,-8.0000,,,,,,,,,,-21.3221,-21.3221,0.007952,0.131213,0.860835,0,0,0,flat,False,
1775839760.285994,heartbeat,3778,,,,,,,,,0,,745.00,0.00,745.00,745.00,745.00,flat,,,,,,960.3730,1032,1037,1034.5000,5,1.962815,-0.017780,0.000000,-8.0000,,,,,,,,,,-20.9080,-20.9080,0.004975,0.153731,0.841294,0,0,0,flat,False,
1775839763.310053,heartbeat,3778,,,,,,,,,0,,745.00,0.00,745.00,745.00,745.00,flat,,,,,,959.3671,1024,1030,1027.0000,6,1.962815,-0.017780,0.000000,-8.0000,,,,,,,,,,-19.9254,-19.9254,0.004975,0.193035,0.801990,0,0,0,flat,False,
1775839766.333883,heartbeat,3778,,,,,,,,,0,,745.00,0.00,745.00,745.00,745.00,flat,,,,,,958.6137,1014,1020,1017.0000,6,1.962815,-0.017780,0.000000,-8.0000,,,,,,,,,,-19.1887,-19.1887,0.005973,0.220508,0.773519,0,0,0,flat,False,
1775839768.605876,news_ignored,3859,,,,,,,non_C_earnings,,0,,745.00,0.00,745.00,745.00,745.00,flat,,,,,,957.7653,1021,1027,1024.0000,6,1.962815,-0.017780,0.000000,-8.0000,,,,,,,structured,earnings,A,-18.3582,-18.3582,0.004975,0.255721,0.739303,0,0,0,flat,False,"{'timestamp': 3859, 'kind': 'structured', 'new_data': {'value': 0.909352564756448, 'asset': 'A', 'structured_subtype': 'earnings'}}"
1775839769.357958,heartbeat,3859,,,,,,,,,0,,745.00,0.00,745.00,745.00,745.00,flat,,,,,,957.5078,1019,1025,1022.0000,6,1.962815,-0.017780,0.000000,-8.0000,,,,,,,,,,-18.1060,-18.1060,0.004978,0.265804,0.729219,0,0,0,flat,False,
1775839772.380579,heartbeat,3859,,,,,,,,,0,,745.00,0.00,745.00,745.00,745.00,flat,,,,,,955.7357,1012,1017,1014.5000,5,1.962815,-0.017780,0.000000,-8.0000,,,,,,,,,,-16.3682,-16.3682,0.004975,0.335323,0.659701,0,0,0,flat,False,
1775839775.404096,heartbeat,3859,,,,,,,,,0,,745.00,0.00,745.00,745.00,745.00,flat,,,,,,956.3441,1013,1019,1016.0000,6,1.962815,-0.017780,0.000000,-8.0000,,,,,,,,,,-16.9652,-16.9652,0.004975,0.311443,0.683582,0,0,0,flat,False,
1775839776.814717,news_ignored,3900,,,,,,,non_signal_news,,0,,745.00,0.00,745.00,745.00,745.00,flat,,,,,,956.4322,1014,1017,1015.5000,3,1.962815,-0.017780,0.000000,-8.0000,,,,,,,structured,petition,,-17.0517,-17.0517,0.006955,0.304024,0.689021,0,0,0,flat,False,"{'timestamp': 3900, 'kind': 'structured', 'new_data': {'new_signatures': 0, 'cumulative': 0, 'asset': '', 'structured_subtype': 'petition'}}"
1775839778.405666,heartbeat,3900,,,,,,,,,0,,745.00,0.00,745.00,745.00,745.00,flat,,,,,,956.5977,1012,1016,1014.0000,4,1.962815,-0.017780,0.000000,-8.0000,,,,,,,,,,-17.2139,-17.2139,0.004975,0.301493,0.693532,0,0,0,flat,False,
1775839781.406000,heartbeat,3900,,,,,,,,,0,,745.00,0.00,745.00,745.00,745.00,flat,,,,,,954.4577,1004,1007,1005.5000,3,1.962815,-0.017780,0.000000,-8.0000,,,,,,,,,,-15.1126,-15.1126,0.004895,0.385707,0.609398,0,0,0,flat,False,
1775839784.407875,heartbeat,3900,,,,,,,,,0,,745.00,0.00,745.00,745.00,745.00,flat,,,,,,953.5546,1002,1007,1004.5000,5,1.962815,-0.017780,0.000000,-8.0000,,,,,,,,,,-14.2241,-14.2241,0.006897,0.417241,0.575862,0,0,0,flat,False,
1775839787.407577,heartbeat,3900,,,,,,,,,0,,745.00,0.00,745.00,745.00,745.00,flat,,,,,,951.3156,1006,1012,1009.0000,6,1.962815,-0.017780,0.000000,-8.0000,,,,,,,,,,-12.0173,-12.0173,0.006715,0.505876,0.487409,0,0,0,flat,False,
1775839789.816163,macro_eval,3965,,,0,,,,below_threshold,score=+0.00 headline=Markets await upcoming data; Fed communication remains cautious.,0,,745.00,0.00,745.00,745.00,745.00,flat,,,,,,953.1854,1013,1017,1015.0000,4,1.962815,-0.017780,0.000000,-8.0000,,,0.0000,0,,-0.052050,unstructured,,,-13.8607,-13.8607,0.005640,0.434292,0.560068,0,0,0,flat,False,"{'timestamp': 3965, 'kind': 'unstructured', 'new_data': {'content': 'Markets await upcoming data; Fed communication remains cautious.'}}"
1775839789.816744,news_ignored,3965,,,,,,,weak_macro_news,score=+0.00,0,,745.00,0.00,745.00,745.00,745.00,flat,,,,,,953.1854,1013,1017,1015.0000,4,1.962815,-0.017780,0.000000,-8.0000,,,0.0000,0,,-0.052050,unstructured,,,-13.8607,-13.8607,0.005640,0.434292,0.560068,0,0,0,flat,False,"{'timestamp': 3965, 'kind': 'unstructured', 'new_data': {'content': 'Markets await upcoming data; Fed communication remains cautious.'}}"
1775839790.409597,heartbeat,3965,,,,,,,,,0,,745.00,0.00,745.00,745.00,745.00,flat,,,,,,957.4697,1015,1021,1018.0000,6,1.962815,-0.017780,0.000000,-8.0000,,,,,,,,,,-18.0687,-18.0687,0.004978,0.267297,0.727725,0,0,0,flat,False,
1775839793.410366,heartbeat,3965,,,,,,,,,0,,745.00,0.00,745.00,745.00,745.00,flat,,,,,,957.3590,1020,1023,1021.5000,3,1.962815,-0.017780,0.000000,-8.0000,,,,,,,,,,-17.9602,-17.9602,0.005970,0.269652,0.724378,0,0,0,flat,False,
1775839796.410882,heartbeat,3965,,,,,,,,,0,,745.00,0.00,745.00,745.00,745.00,flat,,,,,,955.5502,1008,1014,1011.0000,6,1.962815,-0.017780,0.000000,-8.0000,,,,,,,,,,-16.1860,-16.1860,0.004973,0.342616,0.652412,0,0,0,flat,False,
1775839799.432441,heartbeat,3965,,,,,,,,,0,,745.00,0.00,745.00,745.00,745.00,flat,,,,,,953.2688,1007,1013,1010.0000,6,1.962815,-0.017780,0.000000,-8.0000,,,,,,,,,,-13.9428,-13.9428,0.005970,0.430348,0.563682,0,0,0,flat,False,
1775839802.432203,heartbeat,3965,,,,,,,,,0,,745.00,0.00,745.00,745.00,745.00,flat,,,,,,954.8825,1018,1022,1020.0000,4,1.962815,-0.017780,0.000000,-8.0000,,,,,,,,,,-15.5301,-15.5301,0.004978,0.368840,0.626182,0,0,0,flat,False,
1775839804.809170,earnings_signal,4040,,BUY,160,,,,,old=1.962815 new=2.025894 delta=+0.063079,0,,745.00,0.00,745.00,745.00,745.00,flat,earnings,BUY,160,0.063079,True,975.7430,998,1004,1001.0000,6,2.025894,0.063079,0.000000,-8.0000,,,,,,,,,,-14.2410,-14.2410,0.005685,0.418988,0.575327,0,0,0,flat,False,
1775839804.810512,order_placed,4040,C,BUY,40,1004,1775839157705,earnings_entry,,,0,,745.00,0.00,745.00,745.00,745.00,flat,earnings,BUY,160,0.063079,True,975.7430,998,1004,1001.0000,6,2.025894,0.063079,0.000000,-8.0000,,,,,,,,,,-14.2410,-14.2410,0.005685,0.418988,0.575327,0,0,0,flat,False,
1775839804.811276,entry_decision,4040,C,BUY,40,1004,,earnings,,strength=0.063079 target=160,0,,745.00,0.00,745.00,745.00,745.00,earnings,earnings,BUY,160,0.063079,True,975.7430,998,1004,1001.0000,6,2.025894,0.063079,0.000000,-8.0000,,,,,,,,,,-14.2410,-14.2410,0.005685,0.418988,0.575327,0,0,0,flat,False,
1775839804.812371,heartbeat_forced,4040,,,,,,,,,0,,745.00,0.00,745.00,745.00,745.00,earnings,earnings,BUY,160,0.063079,True,975.7430,998,1004,1001.0000,6,2.025894,0.063079,0.000000,-8.0000,,,,,,,,,,-14.2410,-14.2410,0.005685,0.418988,0.575327,0,0,0,flat,False,
1775839804.840136,fill,4040,C,BUY,37,1003,1775839157705,earnings_entry,,,37,1003.0000,745.00,37.00,782.00,-36366.00,782.00,earnings,earnings,BUY,160,0.063079,True,974.8356,1004,1003,1003.5000,-1,2.025894,0.063079,0.000000,-8.0000,,,,,,,,,,-13.3721,-13.3721,0.006977,0.451163,0.541860,0,0,0,book,False,
1775839804.840999,fill,4040,C,BUY,3,1004,1775839157705,earnings_entry,,,40,1003.0750,745.00,37.00,782.00,-39378.00,782.00,earnings,earnings,BUY,160,0.063079,True,974.8356,1004,1003,1003.5000,-1,2.025894,0.063079,0.000000,-8.0000,,,,,,,,,,-13.3721,-13.3721,0.006977,0.451163,0.541860,0,0,0,book,False,
1775839805.359157,order_placed,4040,C,BUY,40,1000,1775839157706,earnings_entry,,,40,1003.0750,745.00,-363.00,382.00,-39378.00,382.00,earnings,earnings,BUY,160,0.063079,True,971.7243,994,1000,997.0000,6,2.025894,0.063079,0.000000,-8.0000,,,,,,,,,,-10.3856,-10.3856,0.004975,0.574627,0.420398,0,0,0,book,False,
1775839805.360302,entry_decision,4040,C,BUY,40,1000,,earnings,,strength=0.063079 target=160,40,1003.0750,745.00,-363.00,382.00,-39378.00,382.00,earnings,earnings,BUY,160,0.063079,True,971.7243,994,1000,997.0000,6,2.025894,0.063079,0.000000,-8.0000,,,,,,,,,,-10.3856,-10.3856,0.004975,0.574627,0.420398,0,0,0,book,False,
1775839805.361131,heartbeat_forced,4040,,,,,,,,,40,1003.0750,745.00,-363.00,382.00,-39378.00,382.00,earnings,earnings,BUY,160,0.063079,True,971.7243,994,1000,997.0000,6,2.025894,0.063079,0.000000,-8.0000,,,,,,,,,,-10.3856,-10.3856,0.004975,0.574627,0.420398,0,0,0,book,False,
1775839805.390263,fill,4040,C,BUY,37,1000,1775839157706,earnings_entry,,,77,1001.5974,745.00,-123.00,622.00,-76378.00,622.00,earnings,earnings,BUY,160,0.063079,True,971.7243,1000,1000,1000.0000,0,2.025894,0.063079,0.000000,-8.0000,,,,,,,,,,-10.3856,-10.3856,0.004975,0.574627,0.420398,0,0,0,book,False,
1775839805.764932,entry_blocked,4040,,,160,,,earnings,live_order,,77,1001.5974,745.00,-123.00,622.00,-76378.00,622.00,earnings,earnings,BUY,160,0.063079,True,971.6261,1000,1004,1002.0000,4,2.025894,0.063079,0.000000,-8.0000,,,,,,,,,,-10.2912,-10.2912,0.004978,0.578397,0.416625,0,0,0,book,False,
1775839806.168872,order_placed,4040,C,BUY,40,1006,1775839157707,earnings_entry,,,77,1001.5974,745.00,185.00,930.00,-76378.00,930.00,earnings,earnings,BUY,160,0.063079,True,971.1683,1004,1006,1005.0000,2,2.025894,0.063079,0.000000,-8.0000,,,,,,,,,,-9.8507,-9.8507,0.004975,0.596020,0.399005,0,0,0,book,False,
1775839806.169509,entry_decision,4040,C,BUY,40,1006,,earnings,,strength=0.063079 target=160,77,1001.5974,745.00,185.00,930.00,-76378.00,930.00,earnings,earnings,BUY,160,0.063079,True,971.1683,1004,1006,1005.0000,2,2.025894,0.063079,0.000000,-8.0000,,,,,,,,,,-9.8507,-9.8507,0.004975,0.596020,0.399005,0,0,0,book,False,
1775839806.170386,heartbeat_forced,4040,,,,,,,,,77,1001.5974,745.00,185.00,930.00,-76378.00,930.00,earnings,earnings,BUY,160,0.063079,True,971.1683,1004,1006,1005.0000,2,2.025894,0.063079,0.000000,-8.0000,,,,,,,,,,-9.8507,-9.8507,0.004975,0.596020,0.399005,0,0,0,book,False,
1775839806.202457,cancel_response,4040,C,BUY,3,1000,1775839157706,earnings_entry,,success=True error=None,77,1001.5974,745.00,185.00,930.00,-76378.00,930.00,earnings,earnings,BUY,160,0.063079,True,971.1683,1004,1006,1005.0000,2,2.025894,0.063079,0.000000,-8.0000,,,,,,,,,,-9.8507,-9.8507,0.004975,0.596020,0.399005,0,0,0,book,False,
1775839806.204397,fill,4040,C,BUY,37,1006,1775839157707,earnings_entry,,,114,1003.0263,745.00,339.00,1084.00,-113600.00,1084.00,earnings,earnings,BUY,160,0.063079,True,971.1683,1006,1006,1006.0000,0,2.025894,0.063079,0.000000,-8.0000,,,,,,,,,,-9.8507,-9.8507,0.004975,0.596020,0.399005,0,0,0,book,False,
1775839806.574186,entry_blocked,4040,,,160,,,earnings,live_order,,114,1003.0263,745.00,339.00,1084.00,-113600.00,1084.00,earnings,earnings,BUY,160,0.063079,True,971.0262,1006,1010,1008.0000,4,2.025894,0.063079,0.000000,-8.0000,,,,,,,,,,-9.7139,-9.7139,0.004975,0.601493,0.393532,0,0,0,book,False,
1775839806.978555,order_placed,4040,C,BUY,40,1014,1775839157708,earnings_entry,,,114,1003.0263,745.00,681.00,1426.00,-113600.00,1426.00,earnings,earnings,BUY,160,0.063079,True,970.6515,1009,1014,1011.5000,5,2.025894,0.063079,0.000000,-8.0000,,,,,,,,,,-9.3532,-9.3532,0.004975,0.615920,0.379104,0,0,0,book,False,
1775839806.979142,entry_decision,4040,C,BUY,40,1014,,earnings,,strength=0.063079 target=160,114,1003.0263,745.00,681.00,1426.00,-113600.00,1426.00,earnings,earnings,BUY,160,0.063079,True,970.6515,1009,1014,1011.5000,5,2.025894,0.063079,0.000000,-8.0000,,,,,,,,,,-9.3532,-9.3532,0.004975,0.615920,0.379104,0,0,0,book,False,
1775839806.979843,heartbeat_forced,4040,,,,,,,,,114,1003.0263,745.00,681.00,1426.00,-113600.00,1426.00,earnings,earnings,BUY,160,0.063079,True,970.6515,1009,1014,1011.5000,5,2.025894,0.063079,0.000000,-8.0000,,,,,,,,,,-9.3532,-9.3532,0.004975,0.615920,0.379104,0,0,0,book,False,
1775839807.031619,cancel_response,4040,C,BUY,3,1006,1775839157707,earnings_entry,,success=True error=None,114,1003.0263,745.00,1251.00,1996.00,-113600.00,1996.00,earnings,earnings,BUY,160,0.063079,True,970.9357,1014,1018,1016.0000,4,2.025894,0.063079,0.000000,-8.0000,,,,,,,,,,-9.6269,-9.6269,0.004975,0.604975,0.390050,0,0,0,book,False,
1775839807.786326,order_placed,4040,C,SELL,40,1022,1775839157709,long_profit_1,,,114,1003.0263,745.00,2163.00,2908.00,-113600.00,2908.00,earnings,earnings,BUY,160,0.063079,True,971.7760,1022,1028,1025.0000,6,2.025894,0.063079,0.000000,-8.0000,,,,,,,,,,-10.4353,-10.4353,0.004975,0.572637,0.422388,0,0,0,book,False,
1775839807.786640,exit_trigger,4040,,,40,,,long_profit_1,long_profit_1,,114,1003.0263,745.00,2163.00,2908.00,-113600.00,2908.00,earnings,earnings,BUY,160,0.063079,True,971.7760,1022,1028,1025.0000,6,2.025894,0.063079,0.000000,-8.0000,,,,,,,,,,-10.4353,-10.4353,0.004975,0.572637,0.422388,0,0,0,book,False,
1775839807.787084,heartbeat_forced,4040,,,,,,,,,114,1003.0263,745.00,2163.00,2908.00,-113600.00,2908.00,earnings,earnings,BUY,160,0.063079,True,971.7760,1022,1028,1025.0000,6,2.025894,0.063079,0.000000,-8.0000,,,,,,,,,,-10.4353,-10.4353,0.004975,0.572637,0.422388,0,0,0,book,False,
1775839807.822831,cancel_response,4040,C,BUY,40,1014,1775839157708,earnings_entry,,success=True error=None,114,1003.0263,745.00,2277.00,3022.00,-113600.00,3022.00,earnings,earnings,BUY,160,0.063079,True,971.8924,1023,1029,1026.0000,6,2.025894,0.063079,0.000000,-8.0000,,,,,,,,,,-10.5473,-10.5473,0.004975,0.568159,0.426866,0,0,0,book,False,
1775839807.823732,fill,4040,C,SELL,37,1023,1775839157709,long_profit_1,,,77,1003.0263,1484.03,1537.97,3022.00,-75749.00,3022.00,earnings,earnings,BUY,160,0.063079,True,971.8924,1023,1022,1022.5000,-1,2.025894,0.063079,0.000000,-8.0000,,,,,,,,,,-10.5473,-10.5473,0.004975,0.568159,0.426866,0,0,0,book,False,
1775839807.824641,fill,4040,C,SELL,3,1022,1775839157709,long_profit_1,,,74,1003.0263,1540.95,1478.05,3019.00,-72683.00,3019.00,earnings,earnings,BUY,160,0.063079,True,971.8924,1023,1022,1022.5000,-1,2.025894,0.063079,0.000000,-8.0000,,,,,,,,,,-10.5473,-10.5473,0.004975,0.568159,0.426866,0,0,0,book,False,
1775839808.394075,order_placed,4040,C,SELL,40,1031,1775839157710,long_profit_2,,,74,1003.0263,1540.95,2070.05,3611.00,-72683.00,3611.00,earnings,earnings,BUY,160,0.063079,True,971.1746,1031,1035,1033.0000,4,2.025894,0.063079,0.000000,-8.0000,,,,,,,,,,-9.8568,-9.8568,0.005507,0.594714,0.399780,0,0,0,book,False,
1775839808.394698,exit_trigger,4040,,,40,,,long_profit_2,long_profit_2,,74,1003.0263,1540.95,2070.05,3611.00,-72683.00,3611.00,earnings,earnings,BUY,160,0.063079,True,971.1746,1031,1035,1033.0000,4,2.025894,0.063079,0.000000,-8.0000,,,,,,,,,,-9.8568,-9.8568,0.005507,0.594714,0.399780,0,0,0,book,False,
1775839808.396300,heartbeat_forced,4040,,,,,,,,,74,1003.0263,1540.95,2070.05,3611.00,-72683.00,3611.00,earnings,earnings,BUY,160,0.063079,True,971.1746,1031,1035,1033.0000,4,2.025894,0.063079,0.000000,-8.0000,,,,,,,,,,-9.8568,-9.8568,0.005507,0.594714,0.399780,0,0,0,book,False,
1775839808.428110,fill,4040,C,SELL,37,1033,1775839157710,long_profit_2,,,37,1003.0263,2649.97,1109.03,3759.00,-34462.00,3759.00,earnings,earnings,BUY,160,0.063079,True,971.4967,1033,1031,1032.0000,-2,2.025894,0.063079,0.000000,-8.0000,,,,,,,,,,-10.1667,-10.1667,0.005556,0.582222,0.412222,0,0,0,book,False,
1775839808.428946,fill,4040,C,SELL,3,1032,1775839157710,long_profit_2,,,34,1003.0263,2736.89,1019.11,3756.00,-31366.00,3756.00,earnings,earnings,BUY,160,0.063079,True,971.4967,1033,1031,1032.0000,-2,2.025894,0.063079,0.000000,-8.0000,,,,,,,,,,-10.1667,-10.1667,0.005556,0.582222,0.412222,0,0,0,book,False,
1775839810.640947,order_placed,4040,C,SELL,34,1020,1775839157711,profit_trail,,,34,1003.0263,2736.89,577.11,3314.00,-31366.00,3314.00,earnings,earnings,BUY,160,0.063079,True,970.8646,1020,1025,1022.5000,5,2.025894,0.063079,0.000000,-8.0000,,,,,,,,,,-9.5584,-9.5584,0.005811,0.606043,0.388146,0,0,0,book,False,
1775839810.641238,exit_trigger,4040,,,34,,,profit_trail,profit_trail,,34,1003.0263,2736.89,577.11,3314.00,-31366.00,3314.00,earnings,earnings,BUY,160,0.063079,True,970.8646,1020,1025,1022.5000,5,2.025894,0.063079,0.000000,-8.0000,,,,,,,,,,-9.5584,-9.5584,0.005811,0.606043,0.388146,0,0,0,book,False,
1775839810.641730,heartbeat_forced,4040,,,,,,,,,34,1003.0263,2736.89,577.11,3314.00,-31366.00,3314.00,earnings,earnings,BUY,160,0.063079,True,970.8646,1020,1025,1022.5000,5,2.025894,0.063079,0.000000,-8.0000,,,,,,,,,,-9.5584,-9.5584,0.005811,0.606043,0.388146,0,0,0,book,False,
1775839810.670977,fill,4040,C,SELL,34,1020,1775839157711,profit_trail,,,0,,3314.00,0.00,3314.00,3314.00,3314.00,flat,,,,,,970.8646,1020,1020,1020.0000,0,2.025894,0.063079,0.000000,-8.0000,,,,,,,,,,-9.5584,-9.5584,0.005811,0.606043,0.388146,0,0,0,flat,False,
1775839813.809837,heartbeat,4040,,,,,,,,,0,,3314.00,0.00,3314.00,3314.00,3314.00,flat,,,,,,962.1415,995,1001,998.0000,6,2.025894,0.063079,0.000000,-8.0000,,,,,,,,,,-1.1177,-1.1177,0.006955,0.941381,0.051664,0,0,0,flat,False,
1775839816.810230,heartbeat,4040,,,,,,,,,0,,3314.00,0.00,3314.00,3314.00,3314.00,flat,,,,,,961.0699,995,996,995.5000,1,2.025894,0.063079,0.000000,-8.0000,,,,,,,,,,-0.0747,-0.0747,0.004980,0.987052,0.007968,0,0,0,flat,False,
1775839817.407849,macro_eval,4103,,BUY,160,,,,candidate,score=-6.00 headline=Fed governor argues the case for a preemptive cut to safeguard growth.,0,,3314.00,0.00,3314.00,3314.00,3314.00,flat,,,,,,961.0947,995,1001,998.0000,6,2.025894,0.063079,0.000000,-8.0000,,,-6.0000,160,BUY,-0.013577,unstructured,,,-0.0989,-0.0989,0.004946,0.986152,0.008902,0,0,0,flat,False,"{'timestamp': 4103, 'kind': 'unstructured', 'new_data': {'content': 'Fed governor argues the case for a preemptive cut to safeguard growth.'}}"
1775839817.408594,macro_signal,4103,,BUY,160,,,,,score=-6.00 headline=Fed governor argues the case for a preemptive cut to safeguard growth.,0,,3314.00,0.00,3314.00,3314.00,3314.00,flat,macro,BUY,160,6.000000,True,969.3498,995,1001,998.0000,6,2.025894,0.063079,0.000000,-8.0000,,,-6.0000,160,BUY,-0.013577,,,,-8.0989,-0.0989,0.004946,0.986152,0.008902,0,0,0,flat,False,"{'timestamp': 4103, 'kind': 'unstructured', 'new_data': {'content': 'Fed governor argues the case for a preemptive cut to safeguard growth.'}}"
1775839817.409631,entry_blocked,4103,,,160,,,macro,buy_over_fair_px_1001_fair_969.3,,0,,3314.00,0.00,3314.00,3314.00,3314.00,flat,macro,BUY,160,6.000000,True,969.3498,995,1001,998.0000,6,2.025894,0.063079,0.000000,-8.0000,,,,,,,,,,-8.0989,-0.0989,0.004946,0.986152,0.008902,0,0,0,flat,False,
1775839817.412680,entry_blocked,4103,,,160,,,macro,buy_over_fair_px_1001_fair_969.4,,0,,3314.00,0.00,3314.00,3314.00,3314.00,flat,macro,BUY,160,6.000000,True,969.3536,995,1001,998.0000,6,2.025894,0.063079,0.000000,-8.0000,,,,,,,,,,-8.1026,-0.1026,0.005131,0.985634,0.009236,0,0,0,flat,False,
1775839817.415294,entry_blocked,4103,,,160,,,macro,buy_over_fair_px_1001_fair_969.3,,0,,3314.00,0.00,3314.00,3314.00,3314.00,flat,macro,BUY,160,6.000000,True,969.3498,995,1001,998.0000,6,2.025894,0.063079,0.000000,-8.0000,,,,,,,,,,-8.0990,-0.0990,0.004948,0.986145,0.008906,0,0,0,flat,False,
1775839817.418421,entry_blocked,4103,,,160,,,macro,buy_over_fair_px_1001_fair_970.1,,0,,3314.00,0.00,3314.00,3314.00,3314.00,flat,macro,BUY,160,6.000000,True,970.0947,1000,1001,1000.5000,1,2.025894,0.063079,0.000000,-8.0000,,,,,,,,,,-8.8169,-0.8169,0.004805,0.957713,0.037482,0,0,0,flat,False,
1775839817.420032,entry_blocked,4103,,,160,,,macro,buy_over_fair_px_1001_fair_969.3,,0,,3314.00,0.00,3314.00,3314.00,3314.00,flat,macro,BUY,160,6.000000,True,969.3498,1000,1001,1000.5000,1,2.025894,0.063079,0.000000,-8.0000,,,,,,,,,,-8.0990,-0.0990,0.004948,0.986145,0.008906,0,0,0,flat,False,
1775839817.420963,entry_blocked,4103,,,160,,,macro,buy_over_fair_px_1001_fair_969.4,,0,,3314.00,0.00,3314.00,3314.00,3314.00,flat,macro,BUY,160,6.000000,True,969.3754,1000,1001,1000.5000,1,2.025894,0.063079,0.000000,-8.0000,,,,,,,,,,-8.1236,-0.1236,0.004943,0.985171,0.009886,0,0,0,flat,False,
1775839817.423493,entry_blocked,4103,,,160,,,macro,buy_over_fair_px_1001_fair_970.1,,0,,3314.00,0.00,3314.00,3314.00,3314.00,flat,macro,BUY,160,6.000000,True,970.0947,1000,1001,1000.5000,1,2.025894,0.063079,0.000000,-8.0000,,,,,,,,,,-8.8169,-0.8169,0.004805,0.957713,0.037482,0,0,0,flat,False,
1775839817.424498,entry_blocked,4103,,,160,,,macro,buy_over_fair_px_1001_fair_969.4,,0,,3314.00,0.00,3314.00,3314.00,3314.00,flat,macro,BUY,160,6.000000,True,969.3754,1000,1001,1000.5000,1,2.025894,0.063079,0.000000,-8.0000,,,,,,,,,,-8.1236,-0.1236,0.004943,0.985171,0.009886,0,0,0,flat,False,
1775839817.432633,entry_blocked,4103,,,160,,,macro,buy_over_fair_px_1001_fair_969.7,,0,,3314.00,0.00,3314.00,3314.00,3314.00,flat,macro,BUY,160,6.000000,True,969.6533,1000,1001,1000.5000,1,2.025894,0.063079,0.000000,-8.0000,,,,,,,,,,-8.3916,-0.3916,0.004895,0.974547,0.020558,0,0,0,flat,False,
1775839817.434108,entry_blocked,4103,,,160,,,macro,buy_over_fair_px_1001_fair_969.6,,0,,3314.00,0.00,3314.00,3314.00,3314.00,flat,macro,BUY,160,6.000000,True,969.6276,1000,1001,1000.5000,1,2.025894,0.063079,0.000000,-8.0000,,,,,,,,,,-8.3667,-0.3667,0.005868,0.973594,0.020538,0,0,0,flat,False,
1775839817.437905,entry_blocked,4103,,,160,,,macro,buy_over_fair_px_1002_fair_969.6,,0,,3314.00,0.00,3314.00,3314.00,3314.00,flat,macro,BUY,160,6.000000,True,969.6407,1000,1002,1001.0000,2,2.025894,0.063079,0.000000,-8.0000,,,,,,,,,,-8.3794,-0.3794,0.006070,0.972686,0.021244,0,0,0,flat,False,
1775839817.438573,entry_blocked,4103,,,160,,,macro,buy_over_fair_px_1003_fair_969.6,,0,,3314.00,0.00,3314.00,3314.00,3314.00,flat,macro,BUY,160,6.000000,True,969.6407,1000,1003,1001.5000,3,2.025894,0.063079,0.000000,-8.0000,,,,,,,,,,-8.3794,-0.3794,0.006070,0.972686,0.021244,0,0,0,flat,False,
1775839817.439213,entry_blocked,4103,,,160,,,macro,buy_over_fair_px_1004_fair_969.6,,0,,3314.00,0.00,3314.00,3314.00,3314.00,flat,macro,BUY,160,6.000000,True,969.6407,1000,1004,1002.0000,4,2.025894,0.063079,0.000000,-8.0000,,,,,,,,,,-8.3794,-0.3794,0.006070,0.972686,0.021244,0,0,0,flat,False,
1775839817.607844,entry_blocked,4103,,,160,,,macro,buy_over_fair_px_1004_fair_970.5,,0,,3314.00,0.00,3314.00,3314.00,3314.00,flat,macro,BUY,160,6.000000,True,970.5265,1000,1004,1002.0000,4,2.025894,0.063079,0.000000,-8.0000,,,,,,,,,,-9.2329,-1.2329,0.005859,0.938965,0.055176,0,0,0,flat,False,
1775839817.610159,entry_blocked,4103,,,160,,,macro,buy_over_fair_px_1004_fair_969.6,,0,,3314.00,0.00,3314.00,3314.00,3314.00,flat,macro,BUY,160,6.000000,True,969.6407,1000,1004,1002.0000,4,2.025894,0.063079,0.000000,-8.0000,,,,,,,,,,-8.3794,-0.3794,0.006070,0.972686,0.021244,0,0,0,flat,False,
1775839817.611571,entry_blocked,4103,,,160,,,macro,buy_over_fair_px_1004_fair_971.1,,0,,3314.00,0.00,3314.00,3314.00,3314.00,flat,macro,BUY,160,6.000000,True,971.0804,1000,1004,1002.0000,4,2.025894,0.063079,0.000000,-8.0000,,,,,,,,,,-9.7661,-1.7661,0.005728,0.917900,0.076372,0,0,0,flat,False,
1775839817.614349,entry_blocked,4103,,,160,,,macro,buy_over_fair_px_1004_fair_971.2,,0,,3314.00,0.00,3314.00,3314.00,3314.00,flat,macro,BUY,160,6.000000,True,971.2065,1000,1004,1002.0000,4,2.025894,0.063079,0.000000,-8.0000,,,,,,,,,,-9.8875,-1.8875,0.005698,0.913105,0.081197,0,0,0,flat,False,
1775839817.617452,entry_blocked,4103,,,160,,,macro,buy_over_fair_px_1004_fair_971.1,,0,,3314.00,0.00,3314.00,3314.00,3314.00,flat,macro,BUY,160,6.000000,True,971.0804,1000,1004,1002.0000,4,2.025894,0.063079,0.000000,-8.0000,,,,,,,,,,-9.7661,-1.7661,0.005728,0.917900,0.076372,0,0,0,flat,False,
1775839817.620347,entry_blocked,4103,,,160,,,macro,buy_over_fair_px_1004_fair_971.2,,0,,3314.00,0.00,3314.00,3314.00,3314.00,flat,macro,BUY,160,6.000000,True,971.1926,1000,1004,1002.0000,4,2.025894,0.063079,0.000000,-8.0000,,,,,,,,,,-9.8741,-1.8741,0.005997,0.913043,0.080960,0,0,0,flat,False,
1775839817.622147,entry_blocked,4103,,,160,,,macro,buy_over_fair_px_1004_fair_971.1,,0,,3314.00,0.00,3314.00,3314.00,3314.00,flat,macro,BUY,160,6.000000,True,971.1043,1000,1004,1002.0000,4,2.025894,0.063079,0.000000,-8.0000,,,,,,,,,,-9.7891,-1.7891,0.005725,0.916985,0.077290,0,0,0,flat,False,
1775839817.624050,entry_blocked,4103,,,160,,,macro,buy_over_fair_px_1004_fair_971.2,,0,,3314.00,0.00,3314.00,3314.00,3314.00,flat,macro,BUY,160,6.000000,True,971.2074,1000,1004,1002.0000,4,2.025894,0.063079,0.000000,-8.0000,,,,,,,,,,-9.8884,-1.8884,0.005701,0.913064,0.081235,0,0,0,flat,False,
1775839817.625279,entry_blocked,4103,,,160,,,macro,buy_over_fair_px_1004_fair_971.1,,0,,3314.00,0.00,3314.00,3314.00,3314.00,flat,macro,BUY,160,6.000000,True,971.1043,1000,1004,1002.0000,4,2.025894,0.063079,0.000000,-8.0000,,,,,,,,,,-9.7891,-1.7891,0.005725,0.916985,0.077290,0,0,0,flat,False,
1775839817.627998,entry_blocked,4103,,,160,,,macro,buy_over_fair_px_1004_fair_971.2,,0,,3314.00,0.00,3314.00,3314.00,3314.00,flat,macro,BUY,160,6.000000,True,971.2165,1000,1004,1002.0000,4,2.025894,0.063079,0.000000,-8.0000,,,,,,,,,,-9.8972,-1.8972,0.005991,0.912132,0.081877,0,0,0,flat,False,
1775839817.629190,entry_blocked,4103,,,160,,,macro,buy_over_fair_px_1004_fair_971.1,,0,,3314.00,0.00,3314.00,3314.00,3314.00,flat,macro,BUY,160,6.000000,True,971.1282,1000,1004,1002.0000,4,2.025894,0.063079,0.000000,-8.0000,,,,,,,,,,-9.8121,-1.8121,0.005722,0.916071,0.078207,0,0,0,flat,False,
1775839817.629749,entry_blocked,4103,,,160,,,macro,buy_over_fair_px_1004_fair_971.2,,0,,3314.00,0.00,3314.00,3314.00,3314.00,flat,macro,BUY,160,6.000000,True,971.1548,1000,1004,1002.0000,4,2.025894,0.063079,0.000000,-8.0000,,,,,,,,,,-9.8377,-1.8377,0.004773,0.916945,0.078282,0,0,0,flat,False,
1775839817.637020,entry_blocked,4103,,,160,,,macro,buy_over_fair_px_1004_fair_971.3,,0,,3314.00,0.00,3314.00,3314.00,3314.00,flat,macro,BUY,160,6.000000,True,971.2637,1000,1004,1002.0000,4,2.025894,0.063079,0.000000,-8.0000,,,,,,,,,,-9.9425,-1.9425,0.005045,0.912210,0.082745,0,0,0,flat,False,
1775839817.637616,entry_blocked,4103,,,160,,,macro,buy_over_fair_px_1004_fair_971.2,,0,,3314.00,0.00,3314.00,3314.00,3314.00,flat,macro,BUY,160,6.000000,True,971.1723,1000,1004,1002.0000,4,2.025894,0.063079,0.000000,-8.0000,,,,,,,,,,-9.8545,-1.8545,0.004817,0.916185,0.078998,0,0,0,flat,False,
1775839817.638357,entry_blocked,4103,,,160,,,macro,buy_over_fair_px_1004_fair_971.3,,0,,3314.00,0.00,3314.00,3314.00,3314.00,flat,macro,BUY,160,6.000000,True,971.2760,1000,1004,1002.0000,4,2.025894,0.063079,0.000000,-8.0000,,,,,,,,,,-9.9543,-1.9543,0.005076,0.911675,0.083249,0,0,0,flat,False,
1775839817.640165,entry_blocked,4103,,,160,,,macro,buy_over_fair_px_1006_fair_971.3,,0,,3314.00,0.00,3314.00,3314.00,3314.00,flat,macro,BUY,160,6.000000,True,971.2760,1000,1006,1003.0000,6,2.025894,0.063079,0.000000,-8.0000,,,,,,,,,,-9.9543,-1.9543,0.005076,0.911675,0.083249,0,0,0,flat,False,
1775839817.660453,entry_blocked,4103,,,160,,,macro,buy_over_fair_px_1006_fair_970.5,,0,,3314.00,0.00,3314.00,3314.00,3314.00,flat,macro,BUY,160,6.000000,True,970.5109,1000,1006,1003.0000,6,2.025894,0.063079,0.000000,-8.0000,,,,,,,,,,-9.2179,-1.2179,0.005238,0.940807,0.053955,0,0,0,flat,False,
1775839817.661109,entry_blocked,4103,,,160,,,macro,buy_over_fair_px_1006_fair_970.6,,0,,3314.00,0.00,3314.00,3314.00,3314.00,flat,macro,BUY,160,6.000000,True,970.5883,1000,1006,1003.0000,6,2.025894,0.063079,0.000000,-8.0000,,,,,,,,,,-9.2924,-1.2924,0.005222,0.937859,0.056919,0,0,0,flat,False,
1775839817.661666,entry_blocked,4103,,,160,,,macro,buy_over_fair_px_1006_fair_970.0,,0,,3314.00,0.00,3314.00,3314.00,3314.00,flat,macro,BUY,160,6.000000,True,969.9961,1000,1006,1003.0000,6,2.025894,0.063079,0.000000,-8.0000,,,,,,,,,,-8.7219,-0.7219,0.005348,0.960428,0.034225,0,0,0,flat,False,
1775839817.808106,entry_blocked,4103,,,160,,,macro,buy_over_fair_px_1006_fair_970.8,,0,,3314.00,0.00,3314.00,3314.00,3314.00,flat,macro,BUY,160,6.000000,True,970.8354,1001,1006,1003.5000,5,2.025894,0.063079,0.000000,-8.0000,,,,,,,,,,-9.5303,-1.5303,0.005144,0.928498,0.066358,0,0,0,flat,False,
1775839817.809339,entry_blocked,4103,,,160,,,macro,buy_over_fair_px_1006_fair_971.4,,0,,3314.00,0.00,3314.00,3314.00,3314.00,flat,macro,BUY,160,6.000000,True,971.3872,1001,1006,1003.5000,5,2.025894,0.063079,0.000000,-8.0000,,,,,,,,,,-10.0613,-2.0613,0.005028,0.907491,0.087481,0,0,0,flat,False,
1775839817.809799,entry_blocked,4103,,,160,,,macro,buy_over_fair_px_1006_fair_971.6,,0,,3314.00,0.00,3314.00,3314.00,3314.00,flat,macro,BUY,160,6.000000,True,971.6246,1001,1006,1003.5000,5,2.025894,0.063079,0.000000,-8.0000,,,,,,,,,,-10.2897,-2.2897,0.004978,0.898457,0.096565,0,0,0,flat,False,
1775839817.821393,entry_blocked,4103,,,160,,,macro,buy_over_fair_px_1007_fair_971.6,,0,,3314.00,0.00,3314.00,3314.00,3314.00,flat,macro,BUY,160,6.000000,True,971.5975,1001,1007,1004.0000,6,2.025894,0.063079,0.000000,-8.0000,,,,,,,,,,-10.2637,-2.2637,0.005970,0.897512,0.096517,0,0,0,flat,False,
1775839818.043551,entry_blocked,4103,,,160,,,macro,buy_over_fair_px_1007_fair_971.5,,0,,3314.00,0.00,3314.00,3314.00,3314.00,flat,macro,BUY,160,6.000000,True,971.4912,1001,1007,1004.0000,6,2.025894,0.063079,0.000000,-8.0000,,,,,,,,,,-10.1614,-2.1614,0.004998,0.903548,0.091454,0,0,0,flat,False,
1775839818.045020,entry_blocked,4103,,,160,,,macro,buy_over_fair_px_1007_fair_971.3,,0,,3314.00,0.00,3314.00,3314.00,3314.00,flat,macro,BUY,160,6.000000,True,971.2999,1001,1007,1004.0000,6,2.025894,0.063079,0.000000,-8.0000,,,,,,,,,,-9.9773,-1.9773,0.005038,0.910831,0.084131,0,0,0,flat,False,
1775839818.046489,entry_blocked,4103,,,160,,,macro,buy_over_fair_px_1007_fair_971.5,,0,,3314.00,0.00,3314.00,3314.00,3314.00,flat,macro,BUY,160,6.000000,True,971.4912,1001,1007,1004.0000,6,2.025894,0.063079,0.000000,-8.0000,,,,,,,,,,-10.1614,-2.1614,0.004998,0.903548,0.091454,0,0,0,flat,False,
1775839818.232569,entry_blocked,4103,,,160,,,macro,buy_over_fair_px_1007_fair_971.4,,0,,3314.00,0.00,3314.00,3314.00,3314.00,flat,macro,BUY,160,6.000000,True,971.4382,1002,1007,1004.5000,5,2.025894,0.063079,0.000000,-8.0000,,,,,,,,,,-10.1104,-2.1104,0.005994,0.903596,0.090410,0,0,0,flat,False,
1775839818.237483,entry_blocked,4103,,,160,,,macro,buy_over_fair_px_1008_fair_971.4,,0,,3314.00,0.00,3314.00,3314.00,3314.00,flat,macro,BUY,160,6.000000,True,971.4090,1002,1008,1005.0000,6,2.025894,0.063079,0.000000,-8.0000,,,,,,,,,,-10.0823,-2.0823,0.006983,0.902743,0.090274,0,0,0,flat,False,
1775839818.429834,entry_blocked,4103,,,160,,,macro,buy_over_fair_px_1007_fair_971.4,,0,,3314.00,0.00,3314.00,3314.00,3314.00,flat,macro,BUY,160,6.000000,True,971.4230,1002,1007,1004.5000,5,2.025894,0.063079,0.000000,-8.0000,,,,,,,,,,-10.0958,-2.0958,0.006986,0.902196,0.090818,0,0,0,flat,False,
1775839818.451787,entry_blocked,4103,,,160,,,macro,buy_over_fair_px_1007_fair_971.5,,0,,3314.00,0.00,3314.00,3314.00,3314.00,flat,macro,BUY,160,6.000000,True,971.5200,1001,1007,1004.0000,6,2.025894,0.063079,0.000000,-8.0000,,,,,,,,,,-10.1891,-2.1891,0.006965,0.898507,0.094527,0,0,0,flat,False,
1775839818.612473,entry_blocked,4103,,,160,,,macro,buy_over_fair_px_1007_fair_971.4,,0,,3314.00,0.00,3314.00,3314.00,3314.00,flat,macro,BUY,160,6.000000,True,971.3656,1003,1007,1005.0000,4,2.025894,0.063079,0.000000,-8.0000,,,,,,,,,,-10.0406,-2.0406,0.007011,0.904357,0.088633,0,0,0,flat,False,
1775839818.614948,entry_blocked,4103,,,160,,,macro,buy_over_fair_px_1007_fair_971.5,,0,,3314.00,0.00,3314.00,3314.00,3314.00,flat,macro,BUY,160,6.000000,True,971.5082,1003,1007,1005.0000,4,2.025894,0.063079,0.000000,-8.0000,,,,,,,,,,-10.1777,-2.1777,0.006969,0.898955,0.094077,0,0,0,flat,False,
1775839818.618294,entry_blocked,4103,,,160,,,macro,buy_over_fair_px_1007_fair_971.4,,0,,3314.00,0.00,3314.00,3314.00,3314.00,flat,macro,BUY,160,6.000000,True,971.3656,1003,1007,1005.0000,4,2.025894,0.063079,0.000000,-8.0000,,,,,,,,,,-10.0406,-2.0406,0.007011,0.904357,0.088633,0,0,0,flat,False,
1775839818.620830,entry_blocked,4103,,,160,,,macro,buy_over_fair_px_1007_fair_971.5,,0,,3314.00,0.00,3314.00,3314.00,3314.00,flat,macro,BUY,160,6.000000,True,971.4963,1003,1007,1005.0000,4,2.025894,0.063079,0.000000,-8.0000,,,,,,,,,,-10.1663,-2.1663,0.006972,0.899402,0.093625,0,0,0,flat,False,
1775839818.625196,entry_blocked,4103,,,160,,,macro,buy_over_fair_px_1007_fair_971.4,,0,,3314.00,0.00,3314.00,3314.00,3314.00,flat,macro,BUY,160,6.000000,True,971.3645,1003,1007,1005.0000,4,2.025894,0.063079,0.000000,-8.0000,,,,,,,,,,-10.0395,-2.0395,0.007007,0.904404,0.088589,0,0,0,flat,False,
1775839818.639081,entry_blocked,4103,,,160,,,macro,buy_over_fair_px_1008_fair_971.4,,0,,3314.00,0.00,3314.00,3314.00,3314.00,flat,macro,BUY,160,6.000000,True,971.3809,1003,1008,1005.5000,5,2.025894,0.063079,0.000000,-8.0000,,,,,,,,,,-10.0553,-2.0553,0.005979,0.905830,0.088191,0,0,0,flat,False,
1775839818.641099,entry_blocked,4103,,,160,,,macro,buy_over_fair_px_1009_fair_971.4,,0,,3314.00,0.00,3314.00,3314.00,3314.00,flat,macro,BUY,160,6.000000,True,971.3809,1003,1009,1006.0000,6,2.025894,0.063079,0.000000,-8.0000,,,,,,,,,,-10.0553,-2.0553,0.005979,0.905830,0.088191,0,0,0,flat,False,
1775839818.807656,entry_blocked,4103,,,160,,,macro,buy_over_fair_px_1009_fair_971.3,,0,,3314.00,0.00,3314.00,3314.00,3314.00,flat,macro,BUY,160,6.000000,True,971.3474,1003,1009,1006.0000,6,2.025894,0.063079,0.000000,-8.0000,,,,,,,,,,-10.0231,-2.0231,0.005885,0.907308,0.086807,0,0,0,flat,False,
1775839818.809276,entry_blocked,4103,,,160,,,macro,buy_over_fair_px_1009_fair_971.4,,0,,3314.00,0.00,3314.00,3314.00,3314.00,flat,macro,BUY,160,6.000000,True,971.3809,1003,1009,1006.0000,6,2.025894,0.063079,0.000000,-8.0000,,,,,,,,,,-10.0553,-2.0553,0.005979,0.905830,0.088191,0,0,0,flat,False,
1775839818.811483,entry_blocked,4103,,,160,,,macro,buy_over_fair_px_1009_fair_971.2,,0,,3314.00,0.00,3314.00,3314.00,3314.00,flat,macro,BUY,160,6.000000,True,971.1642,1003,1009,1006.0000,6,2.025894,0.063079,0.000000,-8.0000,,,,,,,,,,-9.8467,-1.8467,0.006030,0.914070,0.079899,0,0,0,flat,False,
1775839818.813071,entry_blocked,4103,,,160,,,macro,buy_over_fair_px_1009_fair_971.4,,0,,3314.00,0.00,3314.00,3314.00,3314.00,flat,macro,BUY,160,6.000000,True,971.3799,1003,1009,1006.0000,6,2.025894,0.063079,0.000000,-8.0000,,,,,,,,,,-10.0543,-2.0543,0.005976,0.905876,0.088147,0,0,0,flat,False,
1775839818.814174,entry_blocked,4103,,,160,,,macro,buy_over_fair_px_1009_fair_971.3,,0,,3314.00,0.00,3314.00,3314.00,3314.00,flat,macro,BUY,160,6.000000,True,971.3474,1003,1009,1006.0000,6,2.025894,0.063079,0.000000,-8.0000,,,,,,,,,,-10.0231,-2.0231,0.005885,0.907308,0.086807,0,0,0,flat,False,
1775839818.815463,entry_blocked,4103,,,160,,,macro,buy_over_fair_px_1009_fair_971.4,,0,,3314.00,0.00,3314.00,3314.00,3314.00,flat,macro,BUY,160,6.000000,True,971.3799,1003,1009,1006.0000,6,2.025894,0.063079,0.000000,-8.0000,,,,,,,,,,-10.0543,-2.0543,0.005976,0.905876,0.088147,0,0,0,flat,False,
1775839818.821842,entry_blocked,4103,,,160,,,macro,buy_over_fair_px_1009_fair_971.3,,0,,3314.00,0.00,3314.00,3314.00,3314.00,flat,macro,BUY,160,6.000000,True,971.3474,1003,1009,1006.0000,6,2.025894,0.063079,0.000000,-8.0000,,,,,,,,,,-10.0231,-2.0231,0.005885,0.907308,0.086807,0,0,0,flat,False,
1775839818.825393,entry_blocked,4103,,,160,,,macro,buy_over_fair_px_1009_fair_971.4,,0,,3314.00,0.00,3314.00,3314.00,3314.00,flat,macro,BUY,160,6.000000,True,971.3788,1003,1009,1006.0000,6,2.025894,0.063079,0.000000,-8.0000,,,,,,,,,,-10.0533,-2.0533,0.005973,0.905923,0.088104,0,0,0,flat,False,
1775839818.827924,entry_blocked,4103,,,160,,,macro,buy_over_fair_px_1009_fair_971.8,,0,,3314.00,0.00,3314.00,3314.00,3314.00,flat,macro,BUY,160,6.000000,True,971.7802,1003,1009,1006.0000,6,2.025894,0.063079,0.000000,-8.0000,,,,,,,,,,-10.4394,-2.4394,0.007096,0.888232,0.104672,0,0,0,flat,False,
1775839818.828937,entry_blocked,4103,,,160,,,macro,buy_over_fair_px_1005_fair_971.8,,0,,3314.00,0.00,3314.00,3314.00,3314.00,flat,macro,BUY,160,6.000000,True,971.7802,1003,1005,1004.0000,2,2.025894,0.063079,0.000000,-8.0000,,,,,,,,,,-10.4394,-2.4394,0.007096,0.888232,0.104672,0,0,0,flat,False,
1775839818.830470,entry_blocked,4103,,,160,,,macro,buy_over_fair_px_1005_fair_971.5,,0,,3314.00,0.00,3314.00,3314.00,3314.00,flat,macro,BUY,160,6.000000,True,971.5420,1003,1005,1004.0000,2,2.025894,0.063079,0.000000,-8.0000,,,,,,,,,,-10.2103,-2.2103,0.007168,0.897252,0.095579,0,0,0,flat,False,
1775839818.831550,entry_blocked,4103,,,160,,,macro,buy_over_fair_px_1005_fair_971.4,,0,,3314.00,0.00,3314.00,3314.00,3314.00,flat,macro,BUY,160,6.000000,True,971.3853,1003,1005,1004.0000,2,2.025894,0.063079,0.000000,-8.0000,,,,,,,,,,-10.0595,-2.0595,0.007216,0.903187,0.089597,0,0,0,flat,False,
1775839818.834027,entry_blocked,4103,,,160,,,macro,buy_over_fair_px_1005_fair_971.6,,0,,3314.00,0.00,3314.00,3314.00,3314.00,flat,macro,BUY,160,6.000000,True,971.6266,1003,1005,1004.0000,2,2.025894,0.063079,0.000000,-8.0000,,,,,,,,,,-10.2917,-2.2917,0.007143,0.894048,0.098810,0,0,0,flat,False,
1775839818.835916,entry_blocked,4103,,,160,,,macro,buy_over_fair_px_1005_fair_971.4,,0,,3314.00,0.00,3314.00,3314.00,3314.00,flat,macro,BUY,160,6.000000,True,971.3996,1003,1005,1004.0000,2,2.025894,0.063079,0.000000,-8.0000,,,,,,,,,,-10.0733,-2.0733,0.007212,0.902644,0.090144,0,0,0,flat,False,
1775839818.840139,entry_blocked,4103,,,160,,,macro,buy_over_fair_px_1005_fair_971.6,,0,,3314.00,0.00,3314.00,3314.00,3314.00,flat,macro,BUY,160,6.000000,True,971.5985,1003,1005,1004.0000,2,2.025894,0.063079,0.000000,-8.0000,,,,,,,,,,-10.2646,-2.2646,0.007151,0.895113,0.097735,0,0,0,flat,False,
1775839818.851417,entry_blocked,4103,,,160,,,macro,buy_over_fair_px_1005_fair_971.2,,0,,3314.00,0.00,3314.00,3314.00,3314.00,flat,macro,BUY,160,6.000000,True,971.1695,1000,1005,1002.5000,5,2.025894,0.063079,0.000000,-8.0000,,,,,,,,,,-9.8519,-1.8519,0.005848,0.914230,0.079922,0,0,0,flat,False,
1775839818.854051,entry_blocked,4103,,,160,,,macro,buy_over_fair_px_1005_fair_971.6,,0,,3314.00,0.00,3314.00,3314.00,3314.00,flat,macro,BUY,160,6.000000,True,971.5943,1000,1005,1002.5000,5,2.025894,0.063079,0.000000,-8.0000,,,,,,,,,,-10.2606,-2.2606,0.007139,0.895300,0.097561,0,0,0,flat,False,
1775839819.008740,entry_blocked,4103,,,160,,,macro,buy_over_fair_px_1005_fair_971.3,,0,,3314.00,0.00,3314.00,3314.00,3314.00,flat,macro,BUY,160,6.000000,True,971.2808,1000,1005,1002.5000,5,2.025894,0.063079,0.000000,-8.0000,,,,,,,,,,-9.9590,-1.9590,0.007233,0.907173,0.085594,0,0,0,flat,False,
1775839819.011150,entry_blocked,4103,,,160,,,macro,buy_over_fair_px_1005_fair_971.6,,0,,3314.00,0.00,3314.00,3314.00,3314.00,flat,macro,BUY,160,6.000000,True,971.5943,1000,1005,1002.5000,5,2.025894,0.063079,0.000000,-8.0000,,,,,,,,,,-10.2606,-2.2606,0.007139,0.895300,0.097561,0,0,0,flat,False,
1775839819.018530,entry_blocked,4103,,,160,,,macro,buy_over_fair_px_1005_fair_971.2,,0,,3314.00,0.00,3314.00,3314.00,3314.00,flat,macro,BUY,160,6.000000,True,971.1770,1001,1005,1003.0000,4,2.025894,0.063079,0.000000,-8.0000,,,,,,,,,,-9.8591,-1.8591,0.005871,0.913894,0.080235,0,0,0,flat,False,
1775839819.020573,entry_blocked,4103,,,160,,,macro,buy_over_fair_px_1005_fair_970.9,,0,,3314.00,0.00,3314.00,3314.00,3314.00,flat,macro,BUY,160,6.000000,True,970.9274,1001,1005,1003.0000,4,2.025894,0.063079,0.000000,-8.0000,,,,,,,,,,-9.6189,-1.6189,0.005932,0.923381,0.070687,0,0,0,flat,False,
1775839819.021918,entry_blocked,4103,,,160,,,macro,buy_over_fair_px_1005_fair_970.8,,0,,3314.00,0.00,3314.00,3314.00,3314.00,flat,macro,BUY,160,6.000000,True,970.7582,1001,1005,1003.0000,4,2.025894,0.063079,0.000000,-8.0000,,,,,,,,,,-9.4559,-1.4559,0.005973,0.929816,0.064211,0,0,0,flat,False,
1775839819.029800,entry_blocked,4103,,,160,,,macro,buy_over_fair_px_1005_fair_970.7,,0,,3314.00,0.00,3314.00,3314.00,3314.00,flat,macro,BUY,160,6.000000,True,970.7308,1001,1005,1003.0000,4,2.025894,0.063079,0.000000,-8.0000,,,,,,,,,,-9.4296,-1.4296,0.006962,0.928891,0.064147,0,0,0,flat,False,
1775839819.036053,entry_blocked,4103,,,160,,,macro,buy_over_fair_px_1006_fair_970.7,,0,,3314.00,0.00,3314.00,3314.00,3314.00,flat,macro,BUY,160,6.000000,True,970.7021,1001,1006,1003.5000,5,2.025894,0.063079,0.000000,-8.0000,,,,,,,,,,-9.4020,-1.4020,0.007940,0.928040,0.064020,0,0,0,flat,False,
1775839819.036872,entry_blocked,4103,,,160,,,macro,buy_over_fair_px_1007_fair_970.7,,0,,3314.00,0.00,3314.00,3314.00,3314.00,flat,macro,BUY,160,6.000000,True,970.7021,1001,1007,1004.0000,6,2.025894,0.063079,0.000000,-8.0000,,,,,,,,,,-9.4020,-1.4020,0.007940,0.928040,0.064020,0,0,0,flat,False,
1775839819.209591,entry_blocked,4103,,,160,,,macro,buy_over_fair_px_1007_fair_970.8,,0,,3314.00,0.00,3314.00,3314.00,3314.00,flat,macro,BUY,160,6.000000,True,970.7840,1001,1007,1004.0000,6,2.025894,0.063079,0.000000,-8.0000,,,,,,,,,,-9.4808,-1.4808,0.004978,0.930811,0.064211,0,0,0,flat,False,
1775839819.215721,entry_blocked,4103,,,160,,,macro,buy_over_fair_px_1007_fair_970.7,,0,,3314.00,0.00,3314.00,3314.00,3314.00,flat,macro,BUY,160,6.000000,True,970.6863,1001,1007,1004.0000,6,2.025894,0.063079,0.000000,-8.0000,,,,,,,,,,-9.3868,-1.3868,0.004998,0.934533,0.060470,0,0,0,flat,False,
1775839819.226062,entry_blocked,4103,,,160,,,macro,buy_over_fair_px_1007_fair_970.6,,0,,3314.00,0.00,3314.00,3314.00,3314.00,flat,macro,BUY,160,6.000000,True,970.6310,1002,1007,1004.5000,5,2.025894,0.063079,0.000000,-8.0000,,,,,,,,,,-9.3335,-1.3335,0.004985,0.936690,0.058325,0,0,0,flat,False,
1775839819.233083,entry_blocked,4103,,,160,,,macro,buy_over_fair_px_1008_fair_970.6,,0,,3314.00,0.00,3314.00,3314.00,3314.00,flat,macro,BUY,160,6.000000,True,970.6051,1002,1008,1005.0000,6,2.025894,0.063079,0.000000,-8.0000,,,,,,,,,,-9.3086,-1.3086,0.004985,0.937687,0.057328,0,0,0,flat,False,
1775839819.409455,entry_blocked,4103,,,160,,,macro,buy_over_fair_px_1008_fair_970.5,,0,,3314.00,0.00,3314.00,3314.00,3314.00,flat,macro,BUY,160,6.000000,True,970.4694,1002,1008,1005.0000,6,2.025894,0.063079,0.000000,-8.0000,,,,,,,,,,-9.1779,-1.1779,0.005013,0.942857,0.052130,0,0,0,flat,False,
1775839819.412666,entry_blocked,4103,,,160,,,macro,buy_over_fair_px_1008_fair_970.6,,0,,3314.00,0.00,3314.00,3314.00,3314.00,flat,macro,BUY,160,6.000000,True,970.6051,1002,1008,1005.0000,6,2.025894,0.063079,0.000000,-8.0000,,,,,,,,,,-9.3086,-1.3086,0.004985,0.937687,0.057328,0,0,0,flat,False,
1775839819.416403,entry_blocked,4103,,,160,,,macro,buy_over_fair_px_1008_fair_970.5,,0,,3314.00,0.00,3314.00,3314.00,3314.00,flat,macro,BUY,160,6.000000,True,970.4818,1002,1008,1005.0000,6,2.025894,0.063079,0.000000,-8.0000,,,,,,,,,,-9.1899,-1.1899,0.005010,0.942385,0.052605,0,0,0,flat,False,
1775839819.418630,entry_blocked,4103,,,160,,,macro,buy_over_fair_px_1008_fair_970.4,,0,,3314.00,0.00,3314.00,3314.00,3314.00,flat,macro,BUY,160,6.000000,True,970.4198,1002,1008,1005.0000,6,2.025894,0.063079,0.000000,-8.0000,,,,,,,,,,-9.1301,-1.1301,0.005023,0.944751,0.050226,0,0,0,flat,False,
1775839819.420464,entry_blocked,4103,,,160,,,macro,buy_over_fair_px_1008_fair_970.5,,0,,3314.00,0.00,3314.00,3314.00,3314.00,flat,macro,BUY,160,6.000000,True,970.5436,1002,1008,1005.0000,6,2.025894,0.063079,0.000000,-8.0000,,,,,,,,,,-9.2494,-1.2494,0.004998,0.940030,0.054973,0,0,0,flat,False,
1775839819.422197,entry_blocked,4103,,,160,,,macro,buy_over_fair_px_1008_fair_970.4,,0,,3314.00,0.00,3314.00,3314.00,3314.00,flat,macro,BUY,160,6.000000,True,970.4322,1002,1008,1005.0000,6,2.025894,0.063079,0.000000,-8.0000,,,,,,,,,,-9.1421,-1.1421,0.005020,0.944277,0.050703,0,0,0,flat,False,
1775839819.431130,entry_blocked,4103,,,160,,,macro,buy_over_fair_px_1005_fair_970.4,,0,,3314.00,0.00,3314.00,3314.00,3314.00,flat,macro,BUY,160,6.000000,True,970.4073,1002,1005,1003.5000,3,2.025894,0.063079,0.000000,-8.0000,,,,,,,,,,-9.1181,-1.1181,0.005025,0.945226,0.049749,0,0,0,flat,False,
1775839819.610296,entry_blocked,4103,,,160,,,macro,buy_over_fair_px_1005_fair_970.2,,0,,3314.00,0.00,3314.00,3314.00,3314.00,flat,macro,BUY,160,6.000000,True,970.2092,999,1005,1002.0000,6,2.025894,0.063079,0.000000,-8.0000,,,,,,,,,,-8.9273,-0.9273,0.005013,0.952882,0.042105,0,0,0,flat,False,
1775839819.614921,entry_blocked,4103,,,160,,,macro,buy_over_fair_px_1005_fair_970.4,,0,,3314.00,0.00,3314.00,3314.00,3314.00,flat,macro,BUY,160,6.000000,True,970.3957,999,1005,1002.0000,6,2.025894,0.063079,0.000000,-8.0000,,,,,,,,,,-9.1070,-1.1070,0.004975,0.945771,0.049254,0,0,0,flat,False,
1775839819.619457,entry_blocked,4103,,,160,,,macro,buy_over_fair_px_1005_fair_970.2,,0,,3314.00,0.00,3314.00,3314.00,3314.00,flat,macro,BUY,160,6.000000,True,970.2218,999,1005,1002.0000,6,2.025894,0.063079,0.000000,-8.0000,,,,,,,,,,-8.9394,-0.9394,0.005010,0.952405,0.042585,0,0,0,flat,False,
1775839819.622244,entry_blocked,4103,,,160,,,macro,buy_over_fair_px_1005_fair_970.1,,0,,3314.00,0.00,3314.00,3314.00,3314.00,flat,macro,BUY,160,6.000000,True,970.1087,999,1005,1002.0000,6,2.025894,0.063079,0.000000,-8.0000,,,,,,,,,,-8.8304,-0.8304,0.005033,0.956719,0.038249,0,0,0,flat,False,
1775839819.623273,entry_blocked,4103,,,160,,,macro,buy_over_fair_px_1005_fair_970.3,,0,,3314.00,0.00,3314.00,3314.00,3314.00,flat,macro,BUY,160,6.000000,True,970.2842,999,1005,1002.0000,6,2.025894,0.063079,0.000000,-8.0000,,,,,,,,,,-8.9995,-0.9995,0.004998,0.950025,0.044978,0,0,0,flat,False,
1775839819.624749,entry_blocked,4103,,,160,,,macro,buy_over_fair_px_1005_fair_970.1,,0,,3314.00,0.00,3314.00,3314.00,3314.00,flat,macro,BUY,160,6.000000,True,970.1213,1000,1005,1002.5000,5,2.025894,0.063079,0.000000,-8.0000,,,,,,,,,,-8.8426,-0.8426,0.005030,0.956237,0.038732,0,0,0,flat,False,
1775839819.626431,entry_blocked,4103,,,160,,,macro,buy_over_fair_px_1005_fair_970.3,,0,,3314.00,0.00,3314.00,3314.00,3314.00,flat,macro,BUY,160,6.000000,True,970.2717,1000,1005,1002.5000,5,2.025894,0.063079,0.000000,-8.0000,,,,,,,,,,-8.9875,-0.9875,0.005000,0.950500,0.044500,0,0,0,flat,False,
1775839819.639670,entry_blocked,4103,,,160,,,macro,buy_over_fair_px_1006_fair_970.3,,0,,3314.00,0.00,3314.00,3314.00,3314.00,flat,macro,BUY,160,6.000000,True,970.2537,1000,1006,1003.0000,6,2.025894,0.063079,0.000000,-8.0000,,,,,,,,,,-8.9701,-0.9701,0.004975,0.951244,0.043781,0,0,0,flat,False,
1775839819.644226,entry_blocked,4103,,,160,,,macro,buy_over_fair_px_1006_fair_970.2,,0,,3314.00,0.00,3314.00,3314.00,3314.00,flat,macro,BUY,160,6.000000,True,970.2164,1000,1006,1003.0000,6,2.025894,0.063079,0.000000,-8.0000,,,,,,,,,,-8.9342,-0.9342,0.004983,0.952666,0.042352,0,0,0,flat,False,
1775839819.664984,entry_blocked,4103,,,160,,,macro,buy_over_fair_px_1000_fair_970.2,,0,,3314.00,0.00,3314.00,3314.00,3314.00,flat,macro,BUY,160,6.000000,True,970.2040,1000,1000,1000.0000,0,2.025894,0.063079,0.000000,-8.0000,,,,,,,,,,-8.9222,-0.9222,0.004985,0.953141,0.041874,0,0,0,flat,False,
1775839819.665889,entry_blocked,4103,,,160,,,macro,buy_over_fair_px_1006_fair_970.2,,0,,3314.00,0.00,3314.00,3314.00,3314.00,flat,macro,BUY,160,6.000000,True,970.2040,1000,1006,1003.0000,6,2.025894,0.063079,0.000000,-8.0000,,,,,,,,,,-8.9222,-0.9222,0.004985,0.953141,0.041874,0,0,0,flat,False,
1775839819.807955,entry_blocked,4103,,,160,,,macro,buy_over_fair_px_1006_fair_969.9,,0,,3314.00,0.00,3314.00,3314.00,3314.00,flat,macro,BUY,160,6.000000,True,969.9269,1000,1006,1003.0000,6,2.025894,0.063079,0.000000,-8.0000,,,,,,,,,,-8.6552,-0.6552,0.005040,0.963710,0.031250,0,0,0,flat,False,
1775839819.810113,heartbeat,4103,,,,,,,,,0,,3314.00,0.00,3314.00,3314.00,3314.00,flat,macro,BUY,160,6.000000,True,969.9269,1000,1006,1003.0000,6,2.025894,0.063079,0.000000,-8.0000,,,,,,,,,,-8.6552,-0.6552,0.005040,0.963710,0.031250,0,0,0,flat,False,
1775839819.812613,entry_blocked,4103,,,160,,,macro,buy_over_fair_px_1006_fair_970.2,,0,,3314.00,0.00,3314.00,3314.00,3314.00,flat,macro,BUY,160,6.000000,True,970.2040,1000,1006,1003.0000,6,2.025894,0.063079,0.000000,-8.0000,,,,,,,,,,-8.9222,-0.9222,0.004985,0.953141,0.041874,0,0,0,flat,False,
1775839819.817951,entry_blocked,4103,,,160,,,macro,buy_over_fair_px_1002_fair_970.2,,0,,3314.00,0.00,3314.00,3314.00,3314.00,flat,macro,BUY,160,6.000000,True,970.2040,1000,1002,1001.0000,2,2.025894,0.063079,0.000000,-8.0000,,,,,,,,,,-8.9222,-0.9222,0.004985,0.953141,0.041874,0,0,0,flat,False,
1775839819.821227,entry_blocked,4103,,,160,,,macro,buy_over_fair_px_1002_fair_969.9,,0,,3314.00,0.00,3314.00,3314.00,3314.00,flat,macro,BUY,160,6.000000,True,969.9396,1000,1002,1001.0000,2,2.025894,0.063079,0.000000,-8.0000,,,,,,,,,,-8.6675,-0.6675,0.005038,0.963224,0.031738,0,0,0,flat,False,
1775839819.822939,entry_blocked,4103,,,160,,,macro,buy_over_fair_px_1002_fair_969.8,,0,,3314.00,0.00,3314.00,3314.00,3314.00,flat,macro,BUY,160,6.000000,True,969.7989,1000,1002,1001.0000,2,2.025894,0.063079,0.000000,-8.0000,,,,,,,,,,-8.5319,-0.5319,0.005066,0.968592,0.026342,0,0,0,flat,False,
1775839819.824007,entry_blocked,4103,,,160,,,macro,buy_over_fair_px_1002_fair_970.1,,0,,3314.00,0.00,3314.00,3314.00,3314.00,flat,macro,BUY,160,6.000000,True,970.0662,1000,1002,1001.0000,2,2.025894,0.063079,0.000000,-8.0000,,,,,,,,,,-8.7895,-0.7895,0.005013,0.958396,0.036591,0,0,0,flat,False,
1775839819.826562,entry_blocked,4103,,,160,,,macro,buy_over_fair_px_1002_fair_969.8,,0,,3314.00,0.00,3314.00,3314.00,3314.00,flat,macro,BUY,160,6.000000,True,969.8019,1000,1002,1001.0000,2,2.025894,0.063079,0.000000,-8.0000,,,,,,,,,,-8.5348,-0.5348,0.004975,0.968657,0.026368,0,0,0,flat,False,
1775839819.835929,entry_blocked,4103,,,160,,,macro,buy_over_fair_px_1002_fair_969.7,,0,,3314.00,0.00,3314.00,3314.00,3314.00,flat,macro,BUY,160,6.000000,True,969.7498,1000,1002,1001.0000,2,2.025894,0.063079,0.000000,-8.0000,,,,,,,,,,-8.4846,-0.4846,0.005964,0.968688,0.025348,0,0,0,flat,False,
1775839820.010038,entry_blocked,4103,,,160,,,macro,buy_over_fair_px_1002_fair_969.8,,0,,3314.00,0.00,3314.00,3314.00,3314.00,flat,macro,BUY,160,6.000000,True,969.7761,997,1002,999.5000,5,2.025894,0.063079,0.000000,-8.0000,,,,,,,,,,-8.5100,-0.5100,0.004975,0.969652,0.025373,0,0,0,flat,False,
1775839820.013080,entry_blocked,4103,,,160,,,macro,buy_over_fair_px_1002_fair_969.7,,0,,3314.00,0.00,3314.00,3314.00,3314.00,flat,macro,BUY,160,6.000000,True,969.6619,997,1002,999.5000,5,2.025894,0.063079,0.000000,-8.0000,,,,,,,,,,-8.3998,-0.3998,0.004998,0.974013,0.020990,0,0,0,flat,False,
1775839820.015799,entry_blocked,4103,,,160,,,macro,buy_over_fair_px_1002_fair_969.8,,0,,3314.00,0.00,3314.00,3314.00,3314.00,flat,macro,BUY,160,6.000000,True,969.7761,997,1002,999.5000,5,2.025894,0.063079,0.000000,-8.0000,,,,,,,,,,-8.5100,-0.5100,0.004975,0.969652,0.025373,0,0,0,flat,False,
1775839820.022595,entry_blocked,4103,,,160,,,macro,buy_over_fair_px_1001_fair_969.8,,0,,3314.00,0.00,3314.00,3314.00,3314.00,flat,macro,BUY,160,6.000000,True,969.7761,997,1001,999.0000,4,2.025894,0.063079,0.000000,-8.0000,,,,,,,,,,-8.5100,-0.5100,0.004975,0.969652,0.025373,0,0,0,flat,False,
1775839820.025923,entry_blocked,4103,,,160,,,macro,buy_over_fair_px_1001_fair_969.7,,0,,3314.00,0.00,3314.00,3314.00,3314.00,flat,macro,BUY,160,6.000000,True,969.6712,997,1001,999.0000,4,2.025894,0.063079,0.000000,-8.0000,,,,,,,,,,-8.4088,-0.4088,0.004955,0.973736,0.021308,0,0,0,flat,False,
1775839820.026646,entry_blocked,4103,,,160,,,macro,buy_over_fair_px_1001_fair_969.6,,0,,3314.00,0.00,3314.00,3314.00,3314.00,flat,macro,BUY,160,6.000000,True,969.5569,997,1001,999.0000,4,2.025894,0.063079,0.000000,-8.0000,,,,,,,,,,-8.2987,-0.2987,0.004978,0.978099,0.016924,0,0,0,flat,False,
1775839820.029836,entry_blocked,4103,,,160,,,macro,buy_over_fair_px_1001_fair_969.5,,0,,3314.00,0.00,3314.00,3314.00,3314.00,flat,macro,BUY,160,6.000000,True,969.5442,997,1001,999.0000,4,2.025894,0.063079,0.000000,-8.0000,,,,,,,,,,-8.2864,-0.2864,0.004980,0.978586,0.016434,0,0,0,flat,False,
1775839820.041405,entry_blocked,4103,,,160,,,macro,buy_over_fair_px_1001_fair_969.7,,0,,3314.00,0.00,3314.00,3314.00,3314.00,flat,macro,BUY,160,6.000000,True,969.6582,995,1001,998.0000,6,2.025894,0.063079,0.000000,-8.0000,,,,,,,,,,-8.3962,-0.3962,0.004953,0.974245,0.020802,0,0,0,flat,False,
1775839820.042066,entry_blocked,4103,,,160,,,macro,buy_over_fair_px_1001_fair_969.5,,0,,3314.00,0.00,3314.00,3314.00,3314.00,flat,macro,BUY,160,6.000000,True,969.5311,995,1001,998.0000,6,2.025894,0.063079,0.000000,-8.0000,,,,,,,,,,-8.2738,-0.2738,0.004978,0.979094,0.015928,0,0,0,flat,False,
1775839820.208611,entry_blocked,4103,,,160,,,macro,buy_over_fair_px_1001_fair_969.4,,0,,3314.00,0.00,3314.00,3314.00,3314.00,flat,macro,BUY,160,6.000000,True,969.4415,995,1001,998.0000,6,2.025894,0.063079,0.000000,-8.0000,,,,,,,,,,-8.1873,-0.1873,0.004995,0.982517,0.012488,0,0,0,flat,False,
1775839820.210723,entry_blocked,4103,,,160,,,macro,buy_over_fair_px_1001_fair_969.5,,0,,3314.00,0.00,3314.00,3314.00,3314.00,flat,macro,BUY,160,6.000000,True,969.5311,995,1001,998.0000,6,2.025894,0.063079,0.000000,-8.0000,,,,,,,,,,-8.2738,-0.2738,0.004978,0.979094,0.015928,0,0,0,flat,False,
1775839820.215675,entry_blocked,4103,,,160,,,macro,buy_over_fair_px_1000_fair_969.5,,0,,3314.00,0.00,3314.00,3314.00,3314.00,flat,macro,BUY,160,6.000000,True,969.5311,995,1000,997.5000,5,2.025894,0.063079,0.000000,-8.0000,,,,,,,,,,-8.2738,-0.2738,0.004978,0.979094,0.015928,0,0,0,flat,False,
1775839820.217879,entry_blocked,4103,,,160,,,macro,buy_over_fair_px_1000_fair_969.4,,0,,3314.00,0.00,3314.00,3314.00,3314.00,flat,macro,BUY,160,6.000000,True,969.3899,995,1000,997.5000,5,2.025894,0.063079,0.000000,-8.0000,,,,,,,,,,-8.1376,-0.1376,0.005005,0.984484,0.010511,0,0,0,flat,False,
1775839820.230099,entry_blocked,4103,,,160,,,macro,buy_over_fair_px_1000_fair_969.3,,0,,3314.00,0.00,3314.00,3314.00,3314.00,flat,macro,BUY,160,6.000000,True,969.3375,995,1000,997.5000,5,2.025894,0.063079,0.000000,-8.0000,,,,,,,,,,-8.0871,-0.0871,0.005970,0.984577,0.009453,0,0,0,flat,False,
1775839820.415799,entry_blocked,4103,,,160,,,macro,buy_over_fair_px_1000_fair_969.2,,0,,3314.00,0.00,3314.00,3314.00,3314.00,flat,macro,BUY,160,6.000000,True,969.2343,995,1000,997.5000,5,2.025894,0.063079,0.000000,-8.0000,,,,,,,,,,-7.9875,0.0125,0.005982,0.988534,0.005484,0,0,0,flat,False,
1775839820.425574,entry_blocked,4103,,,160,,,macro,buy_over_fair_px_1001_fair_969.2,,0,,3314.00,0.00,3314.00,3314.00,3314.00,flat,macro,BUY,160,6.000000,True,969.2085,995,1001,998.0000,6,2.025894,0.063079,0.000000,-8.0000,,,,,,,,,,-7.9627,0.0373,0.005973,0.989547,0.004480,0,0,0,flat,False,
1775839820.444757,entry_blocked,4103,,,160,,,macro,buy_over_fair_px_1001_fair_969.4,,0,,3314.00,0.00,3314.00,3314.00,3314.00,flat,macro,BUY,160,6.000000,True,969.3754,995,1001,998.0000,6,2.025894,0.063079,0.000000,-8.0000,,,,,,,,,,-8.1236,-0.1236,0.005935,0.983185,0.010880,0,0,0,flat,False,
1775839820.446165,entry_blocked,4103,,,160,,,macro,buy_over_fair_px_1001_fair_969.2,,0,,3314.00,0.00,3314.00,3314.00,3314.00,flat,macro,BUY,160,6.000000,True,969.2085,995,1001,998.0000,6,2.025894,0.063079,0.000000,-8.0000,,,,,,,,,,-7.9627,0.0373,0.005973,0.989547,0.004480,0,0,0,flat,False,
1775839820.446915,entry_blocked,4103,,,160,,,macro,buy_over_fair_px_1001_fair_969.4,,0,,3314.00,0.00,3314.00,3314.00,3314.00,flat,macro,BUY,160,6.000000,True,969.3754,995,1001,998.0000,6,2.025894,0.063079,0.000000,-8.0000,,,,,,,,,,-8.1236,-0.1236,0.005935,0.983185,0.010880,0,0,0,flat,False,
1775839820.447591,entry_blocked,4103,,,160,,,macro,buy_over_fair_px_1001_fair_969.2,,0,,3314.00,0.00,3314.00,3314.00,3314.00,flat,macro,BUY,160,6.000000,True,969.2085,995,1001,998.0000,6,2.025894,0.063079,0.000000,-8.0000,,,,,,,,,,-7.9627,0.0373,0.005973,0.989547,0.004480,0,0,0,flat,False,
1775839820.612436,entry_blocked,4103,,,160,,,macro,buy_over_fair_px_1001_fair_969.3,,0,,3314.00,0.00,3314.00,3314.00,3314.00,flat,macro,BUY,160,6.000000,True,969.2730,996,1001,998.5000,5,2.025894,0.063079,0.000000,-8.0000,,,,,,,,,,-8.0248,-0.0248,0.004965,0.989076,0.005958,0,0,0,flat,False,
1775839820.624428,entry_blocked,4103,,,160,,,macro,buy_over_fair_px_1002_fair_969.3,,0,,3314.00,0.00,3314.00,3314.00,3314.00,flat,macro,BUY,160,6.000000,True,969.2730,996,1002,999.0000,6,2.025894,0.063079,0.000000,-8.0000,,,,,,,,,,-8.0248,-0.0248,0.004965,0.989076,0.005958,0,0,0,flat,False,
1775839820.853717,entry_blocked,4103,,,160,,,macro,buy_over_fair_px_1002_fair_969.5,,0,,3314.00,0.00,3314.00,3314.00,3314.00,flat,macro,BUY,160,6.000000,True,969.5394,996,1002,999.0000,6,2.025894,0.063079,0.000000,-8.0000,,,,,,,,,,-8.2817,-0.2817,0.004900,0.978932,0.016169,0,0,0,flat,False,
1775839820.854491,entry_blocked,4103,,,160,,,macro,buy_over_fair_px_1002_fair_969.3,,0,,3314.00,0.00,3314.00,3314.00,3314.00,flat,macro,BUY,160,6.000000,True,969.2729,996,1002,999.0000,6,2.025894,0.063079,0.000000,-8.0000,,,,,,,,,,-8.0248,-0.0248,0.004950,0.989109,0.005941,0,0,0,flat,False,
1775839821.012353,entry_blocked,4103,,,160,,,macro,buy_over_fair_px_998_fair_969.3,,0,,3314.00,0.00,3314.00,3314.00,3314.00,flat,macro,BUY,160,6.000000,True,969.2729,996,998,997.0000,2,2.025894,0.063079,0.000000,-8.0000,,,,,,,,,,-8.0248,-0.0248,0.004953,0.989104,0.005944,0,0,0,flat,False,
1775839821.017636,entry_blocked,4103,,,160,,,macro,buy_over_fair_px_998_fair_969.2,,0,,3314.00,0.00,3314.00,3314.00,3314.00,flat,macro,BUY,160,6.000000,True,969.2472,996,998,997.0000,2,2.025894,0.063079,0.000000,-8.0000,,,,,,,,,,-8.0000,0.0000,0.005938,0.988125,0.005938,0,0,0,flat,False,
1775839821.228795,entry_blocked,4103,,,160,,,macro,buy_over_fair_px_999_fair_969.2,,0,,3314.00,0.00,3314.00,3314.00,3314.00,flat,macro,BUY,160,6.000000,True,969.2472,996,999,997.5000,3,2.025894,0.063079,0.000000,-8.0000,,,,,,,,,,-8.0000,0.0000,0.005935,0.988131,0.005935,0,0,0,flat,False,
1775839821.229473,entry_blocked,4103,,,160,,,macro,buy_over_fair_px_1000_fair_969.2,,0,,3314.00,0.00,3314.00,3314.00,3314.00,flat,macro,BUY,160,6.000000,True,969.2472,996,1000,998.0000,4,2.025894,0.063079,0.000000,-8.0000,,,,,,,,,,-8.0000,0.0000,0.005935,0.988131,0.005935,0,0,0,flat,False,
1775839821.230113,entry_blocked,4103,,,160,,,macro,buy_over_fair_px_1001_fair_969.2,,0,,3314.00,0.00,3314.00,3314.00,3314.00,flat,macro,BUY,160,6.000000,True,969.2472,996,1001,998.5000,5,2.025894,0.063079,0.000000,-8.0000,,,,,,,,,,-8.0000,0.0000,0.005935,0.988131,0.005935,0,0,0,flat,False,
1775839821.360476,entry_blocked,4103,,,160,,,macro,buy_over_fair_px_1001_fair_969.5,,0,,3314.00,0.00,3314.00,3314.00,3314.00,flat,macro,BUY,160,6.000000,True,969.5137,996,1001,998.5000,5,2.025894,0.063079,0.000000,-8.0000,,,,,,,,,,-8.2570,-0.2570,0.005874,0.977974,0.016153,0,0,0,flat,False,
1775839821.361240,entry_blocked,4103,,,160,,,macro,buy_over_fair_px_1001_fair_969.2,,0,,3314.00,0.00,3314.00,3314.00,3314.00,flat,macro,BUY,160,6.000000,True,969.2472,996,1001,998.5000,5,2.025894,0.063079,0.000000,-8.0000,,,,,,,,,,-8.0000,0.0000,0.005935,0.988131,0.005935,0,0,0,flat,False,
1775839821.405335,entry_blocked,4103,,,160,,,macro,buy_over_fair_px_1001_fair_969.3,,0,,3314.00,0.00,3314.00,3314.00,3314.00,flat,macro,BUY,160,6.000000,True,969.2729,996,1001,998.5000,5,2.025894,0.063079,0.000000,-8.0000,,,,,,,,,,-8.0248,-0.0248,0.004950,0.989109,0.005941,0,0,0,flat,False,
1775839821.416547,entry_blocked,4103,,,160,,,macro,buy_over_fair_px_1002_fair_969.3,,0,,3314.00,0.00,3314.00,3314.00,3314.00,flat,macro,BUY,160,6.000000,True,969.2729,996,1002,999.0000,6,2.025894,0.063079,0.000000,-8.0000,,,,,,,,,,-8.0248,-0.0248,0.004950,0.989109,0.005941,0,0,0,flat,False,
1775839821.612729,entry_blocked,4103,,,160,,,macro,buy_over_fair_px_1002_fair_969.2,,0,,3314.00,0.00,3314.00,3314.00,3314.00,flat,macro,BUY,160,6.000000,True,969.2472,996,1002,999.0000,6,2.025894,0.063079,0.000000,-8.0000,,,,,,,,,,-8.0000,0.0000,0.004953,0.990094,0.004953,0,0,0,flat,False,
1775839821.617037,entry_blocked,4103,,,160,,,macro,buy_over_fair_px_999_fair_969.2,,0,,3314.00,0.00,3314.00,3314.00,3314.00,flat,macro,BUY,160,6.000000,True,969.2472,996,999,997.5000,3,2.025894,0.063079,0.000000,-8.0000,,,,,,,,,,-8.0000,0.0000,0.004953,0.990094,0.004953,0,0,0,flat,False,
1775839821.819648,entry_blocked,4103,,,160,,,macro,buy_over_fair_px_999_fair_969.3,,0,,3314.00,0.00,3314.00,3314.00,3314.00,flat,macro,BUY,160,6.000000,True,969.2729,994,999,996.5000,5,2.025894,0.063079,0.000000,-8.0000,,,,,,,,,,-8.0247,-0.0247,0.004948,0.989114,0.005938,0,0,0,flat,False,
1775839821.830012,entry_blocked,4103,,,160,,,macro,buy_over_fair_px_1000_fair_969.3,,0,,3314.00,0.00,3314.00,3314.00,3314.00,flat,macro,BUY,160,6.000000,True,969.2729,994,1000,997.0000,6,2.025894,0.063079,0.000000,-8.0000,,,,,,,,,,-8.0248,-0.0248,0.004950,0.989109,0.005941,0,0,0,flat,False,
1775839821.858946,entry_blocked,4103,,,160,,,macro,buy_over_fair_px_1000_fair_969.5,,0,,3314.00,0.00,3314.00,3314.00,3314.00,flat,macro,BUY,160,6.000000,True,969.5394,994,1000,997.0000,6,2.025894,0.063079,0.000000,-8.0000,,,,,,,,,,-8.2817,-0.2817,0.004900,0.978932,0.016169,0,0,0,flat,False,
1775839821.860539,entry_blocked,4103,,,160,,,macro,buy_over_fair_px_1000_fair_969.3,,0,,3314.00,0.00,3314.00,3314.00,3314.00,flat,macro,BUY,160,6.000000,True,969.2601,994,1000,997.0000,6,2.025894,0.063079,0.000000,-8.0000,,,,,,,,,,-8.0124,-0.0124,0.004953,0.989599,0.005448,0,0,0,flat,False,
1775839822.006968,entry_blocked,4103,,,160,,,macro,buy_over_fair_px_1000_fair_969.2,,0,,3314.00,0.00,3314.00,3314.00,3314.00,flat,macro,BUY,160,6.000000,True,969.2472,994,1000,997.0000,6,2.025894,0.063079,0.000000,-8.0000,,,,,,,,,,-8.0000,0.0000,0.004953,0.990094,0.004953,0,0,0,flat,False,
1775839822.028895,entry_blocked,4103,,,160,,,macro,buy_over_fair_px_1001_fair_969.2,,0,,3314.00,0.00,3314.00,3314.00,3314.00,flat,macro,BUY,160,6.000000,True,969.2472,995,1001,998.0000,6,2.025894,0.063079,0.000000,-8.0000,,,,,,,,,,-8.0000,0.0000,0.004950,0.990099,0.004950,0,0,0,flat,False,
1775839822.216118,entry_blocked,4103,,,160,,,macro,buy_over_fair_px_1000_fair_969.2,,0,,3314.00,0.00,3314.00,3314.00,3314.00,flat,macro,BUY,160,6.000000,True,969.2472,995,1000,997.5000,5,2.025894,0.063079,0.000000,-8.0000,,,,,,,,,,-8.0000,0.0000,0.004953,0.990094,0.004953,0,0,0,flat,False,
1775839822.251934,entry_blocked,4103,,,160,,,macro,buy_over_fair_px_1000_fair_969.5,,0,,3314.00,0.00,3314.00,3314.00,3314.00,flat,macro,BUY,160,6.000000,True,969.5011,994,1000,997.0000,6,2.025894,0.063079,0.000000,-8.0000,,,,,,,,,,-8.2449,-0.2449,0.005877,0.978452,0.015671,0,0,0,flat,False,
1775839822.252711,entry_blocked,4103,,,160,,,macro,buy_over_fair_px_1000_fair_969.2,,0,,3314.00,0.00,3314.00,3314.00,3314.00,flat,macro,BUY,160,6.000000,True,969.2216,994,1000,997.0000,6,2.025894,0.063079,0.000000,-8.0000,,,,,,,,,,-7.9752,0.0248,0.005941,0.989109,0.004950,0,0,0,flat,False,
1775839822.418255,entry_blocked,4103,,,160,,,macro,buy_over_fair_px_1000_fair_969.3,,0,,3314.00,0.00,3314.00,3314.00,3314.00,flat,macro,BUY,160,6.000000,True,969.2729,997,1000,998.5000,3,2.025894,0.063079,0.000000,-8.0000,,,,,,,,,,-8.0248,-0.0248,0.004950,0.989109,0.005941,0,0,0,flat,False,
1775839822.425827,entry_blocked,4103,,,160,,,macro,buy_over_fair_px_1001_fair_969.3,,0,,3314.00,0.00,3314.00,3314.00,3314.00,flat,macro,BUY,160,6.000000,True,969.2729,997,1001,999.0000,4,2.025894,0.063079,0.000000,-8.0000,,,,,,,,,,-8.0248,-0.0248,0.004950,0.989109,0.005941,0,0,0,flat,False,
1775839822.428640,entry_blocked,4103,,,160,,,macro,buy_over_fair_px_1002_fair_969.3,,0,,3314.00,0.00,3314.00,3314.00,3314.00,flat,macro,BUY,160,6.000000,True,969.2729,997,1002,999.5000,5,2.025894,0.063079,0.000000,-8.0000,,,,,,,,,,-8.0248,-0.0248,0.004950,0.989109,0.005941,0,0,0,flat,False,
1775839822.430639,entry_blocked,4103,,,160,,,macro,buy_over_fair_px_1003_fair_969.3,,0,,3314.00,0.00,3314.00,3314.00,3314.00,flat,macro,BUY,160,6.000000,True,969.2729,997,1003,1000.0000,6,2.025894,0.063079,0.000000,-8.0000,,,,,,,,,,-8.0248,-0.0248,0.004950,0.989109,0.005941,0,0,0,flat,False,
1775839822.605905,entry_blocked,4103,,,160,,,macro,buy_over_fair_px_1001_fair_969.3,,0,,3314.00,0.00,3314.00,3314.00,3314.00,flat,macro,BUY,160,6.000000,True,969.2729,997,1001,999.0000,4,2.025894,0.063079,0.000000,-8.0000,,,,,,,,,,-8.0247,-0.0247,0.004948,0.989114,0.005938,0,0,0,flat,False,
1775839822.606572,entry_blocked,4103,,,160,,,macro,buy_over_fair_px_1001_fair_969.2,,0,,3314.00,0.00,3314.00,3314.00,3314.00,flat,macro,BUY,160,6.000000,True,969.2472,997,1001,999.0000,4,2.025894,0.063079,0.000000,-8.0000,,,,,,,,,,-8.0000,0.0000,0.004953,0.990094,0.004953,0,0,0,flat,False,
1775839822.641722,entry_blocked,4103,,,160,,,macro,buy_over_fair_px_1001_fair_969.3,,0,,3314.00,0.00,3314.00,3314.00,3314.00,flat,macro,BUY,160,6.000000,True,969.2601,995,1001,998.0000,6,2.025894,0.063079,0.000000,-8.0000,,,,,,,,,,-8.0124,-0.0124,0.004948,0.989609,0.005443,0,0,0,flat,False,
1775839822.642382,entry_blocked,4103,,,160,,,macro,buy_over_fair_px_1001_fair_969.2,,0,,3314.00,0.00,3314.00,3314.00,3314.00,flat,macro,BUY,160,6.000000,True,969.2472,995,1001,998.0000,6,2.025894,0.063079,0.000000,-8.0000,,,,,,,,,,-8.0000,0.0000,0.004950,0.990099,0.004950,0,0,0,flat,False,
1775839822.643047,entry_blocked,4103,,,160,,,macro,buy_over_fair_px_1001_fair_969.5,,0,,3314.00,0.00,3314.00,3314.00,3314.00,flat,macro,BUY,160,6.000000,True,969.5265,995,1001,998.0000,6,2.025894,0.063079,0.000000,-8.0000,,,,,,,,,,-8.2693,-0.2693,0.004897,0.979432,0.015671,0,0,0,flat,False,
1775839822.643716,entry_blocked,4103,,,160,,,macro,buy_over_fair_px_1001_fair_969.2,,0,,3314.00,0.00,3314.00,3314.00,3314.00,flat,macro,BUY,160,6.000000,True,969.2472,995,1001,998.0000,6,2.025894,0.063079,0.000000,-8.0000,,,,,,,,,,-8.0000,0.0000,0.004950,0.990099,0.004950,0,0,0,flat,False,
1775839822.803917,entry_blocked,4103,,,160,,,macro,buy_over_fair_px_999_fair_969.2,,0,,3314.00,0.00,3314.00,3314.00,3314.00,flat,macro,BUY,160,6.000000,True,969.2472,995,999,997.0000,4,2.025894,0.063079,0.000000,-8.0000,,,,,,,,,,-8.0000,0.0000,0.004950,0.990099,0.004950,0,0,0,flat,False,
1775839822.811403,heartbeat,4103,,,,,,,,,0,,3314.00,0.00,3314.00,3314.00,3314.00,flat,macro,BUY,160,6.000000,True,969.2472,995,999,997.0000,4,2.025894,0.063079,0.000000,-8.0000,,,,,,,,,,-8.0000,0.0000,0.004953,0.990094,0.004953,0,0,0,flat,False,
1775839822.841992,entry_blocked,4103,,,160,,,macro,buy_over_fair_px_999_fair_969.3,,0,,3314.00,0.00,3314.00,3314.00,3314.00,flat,macro,BUY,160,6.000000,True,969.2729,993,999,996.0000,6,2.025894,0.063079,0.000000,-8.0000,,,,,,,,,,-8.0248,-0.0248,0.004950,0.989109,0.005941,0,0,0,flat,False,
1775839822.843984,entry_blocked,4103,,,160,,,macro,buy_over_fair_px_999_fair_969.2,,0,,3314.00,0.00,3314.00,3314.00,3314.00,flat,macro,BUY,160,6.000000,True,969.2472,993,999,996.0000,6,2.025894,0.063079,0.000000,-8.0000,,,,,,,,,,-8.0000,0.0000,0.005935,0.988131,0.005935,0,0,0,flat,False,
1775839823.018564,entry_blocked,4103,,,160,,,macro,buy_over_fair_px_998_fair_969.2,,0,,3314.00,0.00,3314.00,3314.00,3314.00,flat,macro,BUY,160,6.000000,True,969.2472,993,998,995.5000,5,2.025894,0.063079,0.000000,-8.0000,,,,,,,,,,-8.0000,0.0000,0.005941,0.988119,0.005941,0,0,0,flat,False,
1775839823.046832,entry_blocked,4103,,,160,,,macro,buy_over_fair_px_998_fair_969.5,,0,,3314.00,0.00,3314.00,3314.00,3314.00,flat,macro,BUY,160,6.000000,True,969.4886,992,998,995.0000,6,2.025894,0.063079,0.000000,-8.0000,,,,,,,,,,-8.2327,-0.2327,0.006859,0.976972,0.016169,0,0,0,flat,False,
1775839823.047584,entry_blocked,4103,,,160,,,macro,buy_over_fair_px_998_fair_969.2,,0,,3314.00,0.00,3314.00,3314.00,3314.00,flat,macro,BUY,160,6.000000,True,969.2216,992,998,995.0000,6,2.025894,0.063079,0.000000,-8.0000,,,,,,,,,,-7.9752,0.0248,0.006931,0.987129,0.005941,0,0,0,flat,False,
1775839823.216971,entry_blocked,4103,,,160,,,macro,buy_over_fair_px_999_fair_969.2,,0,,3314.00,0.00,3314.00,3314.00,3314.00,flat,macro,BUY,160,6.000000,True,969.2216,992,999,995.5000,7,2.025894,0.063079,0.000000,-8.0000,,,,,,,,,,-7.9752,0.0248,0.006931,0.987129,0.005941,0,0,0,flat,False,
1775839823.218552,entry_blocked,4103,,,160,,,macro,buy_over_fair_px_1000_fair_969.2,,0,,3314.00,0.00,3314.00,3314.00,3314.00,flat,macro,BUY,160,6.000000,True,969.2216,992,1000,996.0000,8,2.025894,0.063079,0.000000,-8.0000,,,,,,,,,,-7.9752,0.0248,0.006931,0.987129,0.005941,0,0,0,flat,False,
1775839823.224925,entry_blocked,4103,,,160,,,macro,buy_over_fair_px_999_fair_969.2,,0,,3314.00,0.00,3314.00,3314.00,3314.00,flat,macro,BUY,160,6.000000,True,969.2216,993,999,996.0000,6,2.025894,0.063079,0.000000,-8.0000,,,,,,,,,,-7.9752,0.0248,0.006931,0.987129,0.005941,0,0,0,flat,False,
1775839823.406331,entry_blocked,4103,,,160,,,macro,buy_over_fair_px_992_fair_969.2,,0,,3314.00,0.00,3314.00,3314.00,3314.00,flat,macro,BUY,160,6.000000,True,969.2216,993,992,992.5000,-1,2.025894,0.063079,0.000000,-8.0000,,,,,,,,,,-7.9752,0.0248,0.006931,0.987129,0.005941,0,0,0,flat,False,
1775839823.411212,entry_blocked,4103,,,160,,,macro,buy_over_fair_px_992_fair_969.3,,0,,3314.00,0.00,3314.00,3314.00,3314.00,flat,macro,BUY,160,6.000000,True,969.2729,991,992,991.5000,1,2.025894,0.063079,0.000000,-8.0000,,,,,,,,,,-8.0248,-0.0248,0.004960,0.989087,0.005952,0,0,0,flat,False,
1775839823.412522,entry_blocked,4103,,,160,,,macro,buy_over_fair_px_999_fair_969.3,,0,,3314.00,0.00,3314.00,3314.00,3314.00,flat,macro,BUY,160,6.000000,True,969.2729,991,999,995.0000,8,2.025894,0.063079,0.000000,-8.0000,,,,,,,,,,-8.0248,-0.0248,0.004960,0.989087,0.005952,0,0,0,flat,False,
1775839823.429547,entry_blocked,4103,,,160,,,macro,buy_over_fair_px_1000_fair_969.3,,0,,3314.00,0.00,3314.00,3314.00,3314.00,flat,macro,BUY,160,6.000000,True,969.2729,995,1000,997.5000,5,2.025894,0.063079,0.000000,-8.0000,,,,,,,,,,-8.0248,-0.0248,0.004950,0.989109,0.005941,0,0,0,flat,False,
1775839823.430022,entry_blocked,4103,,,160,,,macro,buy_over_fair_px_1001_fair_969.3,,0,,3314.00,0.00,3314.00,3314.00,3314.00,flat,macro,BUY,160,6.000000,True,969.2729,995,1001,998.0000,6,2.025894,0.063079,0.000000,-8.0000,,,,,,,,,,-8.0248,-0.0248,0.004950,0.989109,0.005941,0,0,0,flat,False,
1775839823.444195,entry_blocked,4103,,,160,,,macro,buy_over_fair_px_1001_fair_969.5,,0,,3314.00,0.00,3314.00,3314.00,3314.00,flat,macro,BUY,160,6.000000,True,969.5394,995,1001,998.0000,6,2.025894,0.063079,0.000000,-8.0000,,,,,,,,,,-8.2817,-0.2817,0.004900,0.978932,0.016169,0,0,0,flat,False,
1775839823.444929,entry_blocked,4103,,,160,,,macro,buy_over_fair_px_1001_fair_969.3,,0,,3314.00,0.00,3314.00,3314.00,3314.00,flat,macro,BUY,160,6.000000,True,969.2729,995,1001,998.0000,6,2.025894,0.063079,0.000000,-8.0000,,,,,,,,,,-8.0248,-0.0248,0.004950,0.989109,0.005941,0,0,0,flat,False,
1775839823.608237,entry_blocked,4103,,,160,,,macro,buy_over_fair_px_1000_fair_969.3,,0,,3314.00,0.00,3314.00,3314.00,3314.00,flat,macro,BUY,160,6.000000,True,969.2729,995,1000,997.5000,5,2.025894,0.063079,0.000000,-8.0000,,,,,,,,,,-8.0248,-0.0248,0.004950,0.989109,0.005941,0,0,0,flat,False,
1775839823.821031,entry_blocked,4103,,,160,,,macro,buy_over_fair_px_1001_fair_969.3,,0,,3314.00,0.00,3314.00,3314.00,3314.00,flat,macro,BUY,160,6.000000,True,969.2729,995,1001,998.0000,6,2.025894,0.063079,0.000000,-8.0000,,,,,,,,,,-8.0248,-0.0248,0.004950,0.989109,0.005941,0,0,0,flat,False,
1775839823.942224,entry_blocked,4103,,,160,,,macro,buy_over_fair_px_1001_fair_969.5,,0,,3314.00,0.00,3314.00,3314.00,3314.00,flat,macro,BUY,160,6.000000,True,969.5394,995,1001,998.0000,6,2.025894,0.063079,0.000000,-8.0000,,,,,,,,,,-8.2817,-0.2817,0.004900,0.978932,0.016169,0,0,0,flat,False,
1775839823.944055,entry_blocked,4103,,,160,,,macro,buy_over_fair_px_1001_fair_969.3,,0,,3314.00,0.00,3314.00,3314.00,3314.00,flat,macro,BUY,160,6.000000,True,969.2729,995,1001,998.0000,6,2.025894,0.063079,0.000000,-8.0000,,,,,,,,,,-8.0248,-0.0248,0.004950,0.989109,0.005941,0,0,0,flat,False,
1775839824.010860,entry_blocked,4103,,,160,,,macro,buy_over_fair_px_1000_fair_969.3,,0,,3314.00,0.00,3314.00,3314.00,3314.00,flat,macro,BUY,160,6.000000,True,969.2729,995,1000,997.5000,5,2.025894,0.063079,0.000000,-8.0000,,,,,,,,,,-8.0248,-0.0248,0.004950,0.989109,0.005941,0,0,0,flat,False,
1775839824.243824,entry_blocked,4103,,,160,,,macro,buy_over_fair_px_1000_fair_969.5,,0,,3314.00,0.00,3314.00,3314.00,3314.00,flat,macro,BUY,160,6.000000,True,969.5268,994,1000,997.0000,6,2.025894,0.063079,0.000000,-8.0000,,,,,,,,,,-8.2696,-0.2696,0.005882,0.977451,0.016667,0,0,0,flat,False,
1775839824.244485,entry_blocked,4103,,,160,,,macro,buy_over_fair_px_1000_fair_969.3,,0,,3314.00,0.00,3314.00,3314.00,3314.00,flat,macro,BUY,160,6.000000,True,969.2729,994,1000,997.0000,6,2.025894,0.063079,0.000000,-8.0000,,,,,,,,,,-8.0248,-0.0248,0.005941,0.987129,0.006931,0,0,0,flat,False,
1775839824.408860,entry_blocked,4103,,,160,,,macro,buy_over_fair_px_999_fair_969.3,,0,,3314.00,0.00,3314.00,3314.00,3314.00,flat,macro,BUY,160,6.000000,True,969.2729,994,999,996.5000,5,2.025894,0.063079,0.000000,-8.0000,,,,,,,,,,-8.0247,-0.0247,0.005938,0.987135,0.006927,0,0,0,flat,False,
1775839824.605562,entry_blocked,4103,,,160,,,macro,buy_over_fair_px_999_fair_969.2,,0,,3314.00,0.00,3314.00,3314.00,3314.00,flat,macro,BUY,160,6.000000,True,969.2472,993,999,996.0000,6,2.025894,0.063079,0.000000,-8.0000,,,,,,,,,,-8.0000,0.0000,0.005941,0.988119,0.005941,0,0,0,flat,False,
1775839824.622031,entry_blocked,4103,,,160,,,macro,buy_over_fair_px_1000_fair_969.2,,0,,3314.00,0.00,3314.00,3314.00,3314.00,flat,macro,BUY,160,6.000000,True,969.2216,995,1000,997.5000,5,2.025894,0.063079,0.000000,-8.0000,,,,,,,,,,-7.9752,0.0248,0.006931,0.987129,0.005941,0,0,0,flat,False,
1775839824.622860,entry_blocked,4103,,,160,,,macro,buy_over_fair_px_1001_fair_969.2,,0,,3314.00,0.00,3314.00,3314.00,3314.00,flat,macro,BUY,160,6.000000,True,969.2216,995,1001,998.0000,6,2.025894,0.063079,0.000000,-8.0000,,,,,,,,,,-7.9752,0.0248,0.006931,0.987129,0.005941,0,0,0,flat,False,
1775839824.644208,entry_blocked,4103,,,160,,,macro,buy_over_fair_px_1001_fair_969.5,,0,,3314.00,0.00,3314.00,3314.00,3314.00,flat,macro,BUY,160,6.000000,True,969.4886,995,1001,998.0000,6,2.025894,0.063079,0.000000,-8.0000,,,,,,,,,,-8.2327,-0.2327,0.006859,0.976972,0.016169,0,0,0,flat,False,
1775839824.644884,entry_blocked,4103,,,160,,,macro,buy_over_fair_px_1001_fair_969.2,,0,,3314.00,0.00,3314.00,3314.00,3314.00,flat,macro,BUY,160,6.000000,True,969.2216,995,1001,998.0000,6,2.025894,0.063079,0.000000,-8.0000,,,,,,,,,,-7.9752,0.0248,0.006931,0.987129,0.005941,0,0,0,flat,False,
1775839824.670205,entry_blocked,4103,,,160,,,macro,buy_over_fair_px_995_fair_969.2,,0,,3314.00,0.00,3314.00,3314.00,3314.00,flat,macro,BUY,160,6.000000,True,969.2216,995,995,995.0000,0,2.025894,0.063079,0.000000,-8.0000,,,,,,,,,,-7.9752,0.0248,0.006931,0.987129,0.005941,0,0,0,flat,False,
1775839824.671068,entry_blocked,4103,,,160,,,macro,buy_over_fair_px_1001_fair_969.2,,0,,3314.00,0.00,3314.00,3314.00,3314.00,flat,macro,BUY,160,6.000000,True,969.2216,995,1001,998.0000,6,2.025894,0.063079,0.000000,-8.0000,,,,,,,,,,-7.9752,0.0248,0.006931,0.987129,0.005941,0,0,0,flat,False,
1775839824.817407,entry_blocked,4103,,,160,,,macro,buy_over_fair_px_1000_fair_969.2,,0,,3314.00,0.00,3314.00,3314.00,3314.00,flat,macro,BUY,160,6.000000,True,969.1959,995,1000,997.5000,5,2.025894,0.063079,0.000000,-8.0000,,,,,,,,,,-7.9505,0.0495,0.006934,0.988113,0.004953,0,0,0,flat,False,
1775839825.027653,entry_blocked,4103,,,160,,,macro,buy_over_fair_px_1001_fair_969.2,,0,,3314.00,0.00,3314.00,3314.00,3314.00,flat,macro,BUY,160,6.000000,True,969.2472,997,1001,999.0000,4,2.025894,0.063079,0.000000,-8.0000,,,,,,,,,,-8.0000,0.0000,0.004950,0.990099,0.004950,0,0,0,flat,False,
1775839825.028711,entry_blocked,4103,,,160,,,macro,buy_over_fair_px_1002_fair_969.2,,0,,3314.00,0.00,3314.00,3314.00,3314.00,flat,macro,BUY,160,6.000000,True,969.2472,997,1002,999.5000,5,2.025894,0.063079,0.000000,-8.0000,,,,,,,,,,-8.0000,0.0000,0.004950,0.990099,0.004950,0,0,0,flat,False,
1775839825.029355,entry_blocked,4103,,,160,,,macro,buy_over_fair_px_1003_fair_969.2,,0,,3314.00,0.00,3314.00,3314.00,3314.00,flat,macro,BUY,160,6.000000,True,969.2472,997,1003,1000.0000,6,2.025894,0.063079,0.000000,-8.0000,,,,,,,,,,-8.0000,0.0000,0.004950,0.990099,0.004950,0,0,0,flat,False,
1775839825.046997,entry_blocked,4103,,,160,,,macro,buy_over_fair_px_1003_fair_969.5,,0,,3314.00,0.00,3314.00,3314.00,3314.00,flat,macro,BUY,160,6.000000,True,969.5265,997,1003,1000.0000,6,2.025894,0.063079,0.000000,-8.0000,,,,,,,,,,-8.2693,-0.2693,0.004897,0.979432,0.015671,0,0,0,flat,False,
1775839825.047711,entry_blocked,4103,,,160,,,macro,buy_over_fair_px_1003_fair_969.2,,0,,3314.00,0.00,3314.00,3314.00,3314.00,flat,macro,BUY,160,6.000000,True,969.2472,997,1003,1000.0000,6,2.025894,0.063079,0.000000,-8.0000,,,,,,,,,,-8.0000,0.0000,0.004950,0.990099,0.004950,0,0,0,flat,False,
1775839825.208980,entry_blocked,4103,,,160,,,macro,buy_over_fair_px_1002_fair_969.2,,0,,3314.00,0.00,3314.00,3314.00,3314.00,flat,macro,BUY,160,6.000000,True,969.2472,997,1002,999.5000,5,2.025894,0.063079,0.000000,-8.0000,,,,,,,,,,-8.0000,0.0000,0.004950,0.990099,0.004950,0,0,0,flat,False,
1775839825.811930,heartbeat,4103,,,,,,,,,0,,3314.00,0.00,3314.00,3314.00,3314.00,flat,macro,BUY,160,6.000000,False,960.9932,998,1003,1000.5000,5,2.025894,0.063079,0.000000,-8.0000,,,,,,,,,,0.0000,0.0000,0.004950,0.990099,0.004950,0,0,0,flat,False,
1775839828.809048,earnings_blocked,4160,,SELL,80,,,,weak_sell_against_earnings_trend_+0.0826,old=2.025894 new=2.006044 delta=-0.019850,0,,3314.00,0.00,3314.00,3314.00,3314.00,flat,,,,,,,991,997,994.0000,6,2.006044,-0.019850,0.000000,-8.0000,,,,,,+0.062708,,,,,,,,,0,0,0,flat,False,
1775839828.811641,heartbeat,4160,,,,,,,,,0,,3314.00,0.00,3314.00,3314.00,3314.00,flat,,,,,,,991,997,994.0000,6,2.006044,-0.019850,0.000000,-8.0000,,,,,,,,,,,,,,,0,0,0,flat,False,
1775839831.811827,heartbeat,4160,,,,,,,,,0,,3314.00,0.00,3314.00,3314.00,3314.00,flat,,,,,,,988,994,991.0000,6,2.006044,-0.019850,0.000000,-8.0000,,,,,,,,,,,,,,,0,0,0,flat,False,
1775839834.812724,heartbeat,4160,,,,,,,,,0,,3314.00,0.00,3314.00,3314.00,3314.00,flat,,,,,,,981,987,984.0000,6,2.006044,-0.019850,0.000000,-8.0000,,,,,,,,,,,,,,,0,0,0,flat,False,
1775839837.207828,news_ignored,4202,,,,,,,non_C_earnings,,0,,3314.00,0.00,3314.00,3314.00,3314.00,flat,,,,,,,983,989,986.0000,6,2.006044,-0.019850,0.000000,-8.0000,,,,,,,structured,earnings,A,,,,,,0,0,0,flat,False,"{'timestamp': 4202, 'kind': 'structured', 'new_data': {'value': 0.925931096889246, 'asset': 'A', 'structured_subtype': 'earnings'}}"
1775839837.812522,heartbeat,4202,,,,,,,,,0,,3314.00,0.00,3314.00,3314.00,3314.00,flat,,,,,,,984,990,987.0000,6,2.006044,-0.019850,0.000000,-8.0000,,,,,,,,,,,,,,,0,0,0,flat,False,
1775839840.813601,heartbeat,4202,,,,,,,,,0,,3314.00,0.00,3314.00,3314.00,3314.00,flat,,,,,,,980,985,982.5000,5,2.006044,-0.019850,0.000000,-8.0000,,,,,,,,,,,,,,,0,0,0,flat,False,
1775839843.814627,heartbeat,4202,,,,,,,,,0,,3314.00,0.00,3314.00,3314.00,3314.00,flat,,,,,,,980,986,983.0000,6,2.006044,-0.019850,0.000000,-8.0000,,,,,,,,,,,,,,,0,0,0,flat,False,
1775839846.814856,heartbeat,4202,,,,,,,,,0,,3314.00,0.00,3314.00,3314.00,3314.00,flat,,,,,,,979,983,981.0000,4,2.006044,-0.019850,0.000000,-8.0000,,,,,,,,,,,,,,,0,0,0,flat,False,
1775839849.816115,heartbeat,4202,,,,,,,,,0,,3314.00,0.00,3314.00,3314.00,3314.00,flat,,,,,,,974,980,977.0000,6,2.006044,-0.019850,0.000000,-8.0000,,,,,,,,,,,,,,,0,0,0,flat,False,
1775839852.830390,heartbeat,4202,,,,,,,,,0,,3314.00,0.00,3314.00,3314.00,3314.00,flat,,,,,,,976,982,979.0000,6,2.006044,-0.019850,0.000000,-8.0000,,,,,,,,,,,,,,,0,0,0,flat,False,
1775839855.845888,heartbeat,4202,,,,,,,,,0,,3314.00,0.00,3314.00,3314.00,3314.00,flat,,,,,,,979,985,982.0000,6,2.006044,-0.019850,0.000000,-8.0000,,,,,,,,,,,,,,,0,0,0,flat,False,
1775839858.866717,heartbeat,4202,,,,,,,,,0,,3314.00,0.00,3314.00,3314.00,3314.00,flat,,,,,,,981,987,984.0000,6,2.006044,-0.019850,0.000000,-8.0000,,,,,,,,,,,,,,,0,0,0,flat,False,
1775839860.376926,startup,4202,,,,,,,,C-only mode; PM read-only,0,,3314.00,0.00,3314.00,3314.00,3314.00,flat,,,,,,,983,989,986.0000,6,2.006044,-0.019850,0.000000,-8.0000,,,,,,,,,,,,,,,0,0,0,flat,False,
1775839861.885004,heartbeat,4202,,,,,,,,,0,,3314.00,0.00,3314.00,3314.00,3314.00,flat,,,,,,,982,988,985.0000,6,2.006044,-0.019850,0.000000,-8.0000,,,,,,,,,,,,,,,0,0,0,flat,False,
1775839864.903400,heartbeat,4202,,,,,,,,,0,,3314.00,0.00,3314.00,3314.00,3314.00,flat,,,,,,,984,990,987.0000,6,2.006044,-0.019850,0.000000,-8.0000,,,,,,,,,,,,,,,0,0,0,flat,False,
1775839867.919869,heartbeat,4202,,,,,,,,,0,,3314.00,0.00,3314.00,3314.00,3314.00,flat,,,,,,,982,988,985.0000,6,2.006044,-0.019850,0.000000,-8.0000,,,,,,,,,,,,,,,0,0,0,flat,False,
1775839870.937178,heartbeat,4202,,,,,,,,,0,,3314.00,0.00,3314.00,3314.00,3314.00,flat,,,,,,,978,984,981.0000,6,2.006044,-0.019850,0.000000,-8.0000,,,,,,,,,,,,,,,0,0,0,flat,False,
1775839873.952200,heartbeat,4202,,,,,,,,,0,,3314.00,0.00,3314.00,3314.00,3314.00,flat,,,,,,,975,981,978.0000,6,2.006044,-0.019850,0.000000,-8.0000,,,,,,,,,,,,,,,0,0,0,flat,False,
1775839876.968933,heartbeat,4202,,,,,,,,,0,,3314.00,0.00,3314.00,3314.00,3314.00,flat,,,,,,,979,985,982.0000,6,2.006044,-0.019850,0.000000,-8.0000,,,,,,,,,,,,,,,0,0,0,flat,False,
1775839879.986421,heartbeat,4202,,,,,,,,,0,,3314.00,0.00,3314.00,3314.00,3314.00,flat,,,,,,,984,990,987.0000,6,2.006044,-0.019850,0.000000,-8.0000,,,,,,,,,,,,,,,0,0,0,flat,False,
1775839883.003716,heartbeat,4202,,,,,,,,,0,,3314.00,0.00,3314.00,3314.00,3314.00,flat,,,,,,,987,993,990.0000,6,2.006044,-0.019850,0.000000,-8.0000,,,,,,,,,,,,,,,0,0,0,flat,False,
1775839886.010168,heartbeat,4202,,,,,,,,,0,,3314.00,0.00,3314.00,3314.00,3314.00,flat,,,,,,,987,991,989.0000,4,2.006044,-0.019850,0.000000,-8.0000,,,,,,,,,,,,,,,0,0,0,flat,False,
1775839889.011008,heartbeat,4202,,,,,,,,,0,,3314.00,0.00,3314.00,3314.00,3314.00,flat,,,,,,,985,990,987.5000,5,2.006044,-0.019850,0.000000,-8.0000,,,,,,,,,,,,,,,0,0,0,flat,False,
1775839892.011360,heartbeat,4202,,,,,,,,,0,,3314.00,0.00,3314.00,3314.00,3314.00,flat,,,,,,,984,990,987.0000,6,2.006044,-0.019850,0.000000,-8.0000,,,,,,,,,,,,,,,0,0,0,flat,False,
1775839894.807783,earnings_signal,4490,,SELL,120,,,,,old=2.006044 new=1.963487 delta=-0.042557,0,,3314.00,0.00,3314.00,3314.00,3314.00,flat,earnings,SELL,120,0.042557,True,,981,987,984.0000,6,1.963487,-0.042557,0.000000,-8.0000,,,,,,,,,,,,,,,0,0,0,flat,False,
1775839894.808686,order_placed,4490,C,SELL,40,981,1775839157712,earnings_entry,,,0,,3314.00,0.00,3314.00,3314.00,3314.00,flat,earnings,SELL,120,0.042557,True,,981,987,984.0000,6,1.963487,-0.042557,0.000000,-8.0000,,,,,,,,,,,,,,,0,0,0,flat,False,
1775839894.808938,entry_decision,4490,C,SELL,40,981,,earnings,,strength=0.042557 target=120,0,,3314.00,0.00,3314.00,3314.00,3314.00,earnings,earnings,SELL,120,0.042557,True,,981,987,984.0000,6,1.963487,-0.042557,0.000000,-8.0000,,,,,,,,,,,,,,,0,0,0,flat,False,
1775839894.809147,heartbeat_forced,4490,,,,,,,,,0,,3314.00,0.00,3314.00,3314.00,3314.00,earnings,earnings,SELL,120,0.042557,True,,981,987,984.0000,6,1.963487,-0.042557,0.000000,-8.0000,,,,,,,,,,,,,,,0,0,0,flat,False,
1775839895.207678,entry_blocked,4490,,,120,,,earnings,live_order,,0,,3314.00,0.00,3314.00,3314.00,3314.00,earnings,earnings,SELL,120,0.042557,True,,977,981,979.0000,4,1.963487,-0.042557,0.000000,-8.0000,,,,,,,,,,,,,,,0,0,0,flat,False,
1775839895.606655,order_placed,4490,C,SELL,40,971,1775839157713,earnings_entry,,,0,,3314.00,0.00,3314.00,3314.00,3314.00,earnings,earnings,SELL,120,0.042557,True,,971,975,973.0000,4,1.963487,-0.042557,0.000000,-8.0000,,,,,,,,,,,,,,,0,0,0,flat,False,
1775839895.606823,entry_decision,4490,C,SELL,40,971,,earnings,,strength=0.042557 target=120,0,,3314.00,0.00,3314.00,3314.00,3314.00,earnings,earnings,SELL,120,0.042557,True,,971,975,973.0000,4,1.963487,-0.042557,0.000000,-8.0000,,,,,,,,,,,,,,,0,0,0,flat,False,
1775839895.606952,heartbeat_forced,4490,,,,,,,,,0,,3314.00,0.00,3314.00,3314.00,3314.00,earnings,earnings,SELL,120,0.042557,True,,971,975,973.0000,4,1.963487,-0.042557,0.000000,-8.0000,,,,,,,,,,,,,,,0,0,0,flat,False,
1775839895.635626,cancel_response,4490,C,SELL,40,981,1775839157712,earnings_entry,,success=True error=None,0,,3314.00,0.00,3314.00,3314.00,3314.00,earnings,earnings,SELL,120,0.042557,True,,965,971,968.0000,6,1.963487,-0.042557,0.000000,-8.0000,,,,,,,,,,,,,,,0,0,0,flat,False,
1775839896.407273,order_placed,4490,C,SELL,40,963,1775839157714,earnings_entry,,,0,,3314.00,0.00,3314.00,3314.00,3314.00,earnings,earnings,SELL,120,0.042557,True,,963,968,965.5000,5,1.963487,-0.042557,0.000000,-8.0000,,,,,,,,,,,,,,,0,0,0,flat,False,
1775839896.407583,entry_decision,4490,C,SELL,40,963,,earnings,,strength=0.042557 target=120,0,,3314.00,0.00,3314.00,3314.00,3314.00,earnings,earnings,SELL,120,0.042557,True,,963,968,965.5000,5,1.963487,-0.042557,0.000000,-8.0000,,,,,,,,,,,,,,,0,0,0,flat,False,
1775839896.407731,heartbeat_forced,4490,,,,,,,,,0,,3314.00,0.00,3314.00,3314.00,3314.00,earnings,earnings,SELL,120,0.042557,True,,963,968,965.5000,5,1.963487,-0.042557,0.000000,-8.0000,,,,,,,,,,,,,,,0,0,0,flat,False,
1775839896.434788,cancel_response,4490,C,SELL,40,971,1775839157713,earnings_entry,,success=True error=None,0,,3314.00,0.00,3314.00,3314.00,3314.00,earnings,earnings,SELL,120,0.042557,True,,963,969,966.0000,6,1.963487,-0.042557,0.000000,-8.0000,,,,,,,,,,,,,,,0,0,0,flat,False,
1775839896.438726,fill,4490,C,SELL,37,963,1775839157714,earnings_entry,,,-37,963.0000,3314.00,0.00,3314.00,38945.00,3314.00,earnings,earnings,SELL,120,0.042557,True,,963,963,963.0000,0,1.963487,-0.042557,0.000000,-8.0000,,,,,,,,,,,,,,,0,0,0,book,False,
1775839896.606255,fill,4490,C,SELL,3,963,1775839157714,earnings_entry,,,-40,963.0000,3314.00,0.00,3314.00,41834.00,3314.00,earnings,earnings,SELL,120,0.042557,True,,964,963,963.5000,-1,1.963487,-0.042557,0.000000,-8.0000,,,,,,,,,,,,,,,0,0,0,book,False,
1775839896.814340,entry_blocked,4490,,,120,,,earnings,missing_C_book,,-40,963.0000,3314.00,-40.00,3274.00,41834.00,3274.00,earnings,earnings,SELL,120,0.042557,True,,964,,964.0000,,1.963487,-0.042557,0.000000,-8.0000,,,,,,,,,,,,,,,0,0,0,fallback,False,
1775839898.449529,entry_blocked,4490,,,120,,,earnings,missing_C_book,,-40,963.0000,3314.00,0.00,3314.00,41834.00,3314.00,earnings,earnings,SELL,120,0.042557,True,,,,,,1.963487,-0.042557,0.000000,-8.0000,,,,,,,,,,,,,,,0,0,0,fallback,False,
1775839899.456360,heartbeat,4490,,,,,,,,,-40,963.0000,3314.00,0.00,3314.00,41834.00,3314.00,earnings,earnings,SELL,120,0.042557,True,,,,,,1.963487,-0.042557,0.000000,-8.0000,,,,,,,,,,,,,,,0,0,0,fallback,False,
1775839899.910015,startup,4490,,,,,,,,C-only mode; PM read-only,-40,963.0000,3314.00,0.00,3314.00,41834.00,3314.00,earnings,earnings,SELL,120,0.042557,True,,,,,,1.963487,-0.042557,0.000000,-8.0000,,,,,,,,,,,,,,,0,0,0,fallback,False,
1775839900.058923,entry_blocked,4490,,,120,,,earnings,missing_C_book,,-40,963.0000,3314.00,0.00,3314.00,41834.00,3314.00,earnings,earnings,SELL,120,0.042557,True,,,,,,1.963487,-0.042557,0.000000,-8.0000,,,,,,,,,,,,,,,0,0,0,fallback,False,
1775839901.668158,entry_blocked,4490,,,120,,,earnings,missing_C_book,,-40,963.0000,3314.00,0.00,3314.00,41834.00,3314.00,earnings,earnings,SELL,120,0.042557,True,,,,,,1.963487,-0.042557,0.000000,-8.0000,,,,,,,,,,,,,,,0,0,0,fallback,False,
