wall_ts,event,tick,symbol,side,qty,price,order_id,tag,reason,message,pos_C,avg_C,realized_pnl,unrealized_pnl,total_pnl,cash,session_mtm,thesis,signal_thesis,signal_side,signal_target,signal_strength,signal_fresh,fair,c_bid,c_ask,c_mid,c_spread,eps,earnings_delta,cpi_surprise,cpi_bias_bp,cpi_actual,cpi_forecast,macro_score,macro_target,macro_direction,earnings_trend,news_kind,news_subtype,news_asset,rate_bp,market_rate_bp,q_hike,q_hold,q_cut,pm_pos_hike,pm_pos_hold,pm_pos_cut,mark_source,kill_switch,raw_news
1775841734.597218,startup,0,,,,,,,,C-only mode; PM read-only,0,,0.00,0.00,0.00,0.00,0.00,flat,,,,,,,,,,,2.000000,0.000000,0.000000,0.0000,,,,,,,,,,,,,,,0,0,0,flat,False,
1775841734.597911,heartbeat,0,,,,,,,,,0,,0.00,0.00,0.00,0.00,0.00,flat,,,,,,,980,984,982.0000,4,2.000000,0.000000,0.000000,0.0000,,,,,,,,,,,,,,,0,0,0,flat,False,
1775841734.598202,anchor_init,0,,,,,,,,default_eps,0,,0.00,0.00,0.00,0.00,0.00,flat,,,,,,982.0000,980,984,982.0000,4,2.000000,0.000000,0.000000,0.0000,,,,,,,,,,0.0000,0.0000,0.300000,0.400000,0.300000,0,0,0,flat,False,
1775841734.635595,startup,0,,,,,,,,C-only mode; PM read-only,0,,0.00,0.00,0.00,0.00,0.00,flat,,,,,,982.0000,980,984,982.0000,4,2.000000,0.000000,0.000000,0.0000,,,,,,,,,,0.0000,0.0000,0.300000,0.400000,0.300000,0,0,0,flat,False,
1775841734.904830,startup,0,,,,,,,,C-only mode; PM read-only,0,,0.00,0.00,0.00,0.00,0.00,flat,,,,,,982.0000,980,984,982.0000,4,2.000000,0.000000,0.000000,0.0000,,,,,,,,,,0.0000,0.0000,0.300000,0.400000,0.300000,0,0,0,flat,False,
1775841735.260809,startup,0,,,,,,,,C-only mode; PM read-only,0,,0.00,0.00,0.00,0.00,0.00,flat,,,,,,982.0000,980,984,982.0000,4,2.000000,0.000000,0.000000,0.0000,,,,,,,,,,0.0000,0.0000,0.300000,0.400000,0.300000,0,0,0,flat,False,
1775841735.263957,startup,0,,,,,,,,C-only mode; PM read-only,0,,0.00,0.00,0.00,0.00,0.00,flat,,,,,,982.0000,980,984,982.0000,4,2.000000,0.000000,0.000000,0.0000,,,,,,,,,,0.0000,0.0000,0.300000,0.400000,0.300000,0,0,0,flat,False,
1775841737.661020,heartbeat,0,,,,,,,,,0,,0.00,0.00,0.00,0.00,0.00,flat,,,,,,982.0000,980,984,982.0000,4,2.000000,0.000000,0.000000,0.0000,,,,,,,,,,0.0000,0.0000,0.300000,0.400000,0.300000,0,0,0,flat,False,
1775841739.535935,startup,0,,,,,,,,C-only mode; PM read-only,0,,0.00,0.00,0.00,0.00,0.00,flat,,,,,,982.0000,980,984,982.0000,4,2.000000,0.000000,0.000000,0.0000,,,,,,,,,,0.0000,0.0000,0.300000,0.400000,0.300000,0,0,0,flat,False,
1775841740.677899,heartbeat,0,,,,,,,,,0,,0.00,0.00,0.00,0.00,0.00,flat,,,,,,982.0000,980,984,982.0000,4,2.000000,0.000000,0.000000,0.0000,,,,,,,,,,0.0000,0.0000,0.300000,0.400000,0.300000,0,0,0,flat,False,
1775841743.691298,heartbeat,0,,,,,,,,,0,,0.00,0.00,0.00,0.00,0.00,flat,,,,,,981.9348,981,985,983.0000,4,2.000000,0.000000,0.000000,0.0000,,,,,,,,,,0.0625,0.0625,0.301500,0.399500,0.299000,0,0,0,flat,False,
1775841743.706411,startup,0,,,,,,,,C-only mode; PM read-only,0,,0.00,0.00,0.00,0.00,0.00,flat,,,,,,981.9348,981,985,983.0000,4,2.000000,0.000000,0.000000,0.0000,,,,,,,,,,0.0625,0.0625,0.301500,0.399500,0.299000,0,0,0,flat,False,
1775841746.706358,heartbeat,0,,,,,,,,,0,,0.00,0.00,0.00,0.00,0.00,flat,,,,,,980.4233,974,978,976.0000,4,2.000000,0.000000,0.000000,0.0000,,,,,,,,,,1.5133,1.5133,0.330165,0.400200,0.269635,0,0,0,flat,False,
1775841748.122276,startup,0,,,,,,,,C-only mode; PM read-only,0,,0.00,0.00,0.00,0.00,0.00,flat,,,,,,980.0338,975,979,977.0000,4,2.000000,0.000000,0.000000,0.0000,,,,,,,,,,1.8875,1.8875,0.338500,0.398500,0.263000,0,0,0,flat,False,
1775841748.192751,startup,0,,,,,,,,C-only mode; PM read-only,0,,0.00,0.00,0.00,0.00,0.00,flat,,,,,,980.0338,975,979,977.0000,4,2.000000,0.000000,0.000000,0.0000,,,,,,,,,,1.8875,1.8875,0.338500,0.398500,0.263000,0,0,0,flat,False,
1775841749.721370,heartbeat,0,,,,,,,,,0,,0.00,0.00,0.00,0.00,0.00,flat,,,,,,982.2087,979,983,981.0000,4,2.000000,0.000000,0.000000,0.0000,,,,,,,,,,-0.2001,-0.2001,0.295148,0.401701,0.303152,0,0,0,flat,False,
1775841752.047026,cpi_eval,48,,,0,,,,no_actual_forecast,no actual/forecast; score=+0.00 headline=Fed minutes reveal broad agreement that inflation remains too high.,0,,0.00,0.00,0.00,0.00,0.00,flat,,,,,,982.6781,980,984,982.0000,4,2.000000,0.000000,0.000000,0.0000,,,0.0000,0,,+0.000000,unstructured,,,-0.6500,-0.6500,0.286000,0.402000,0.312000,0,0,0,flat,False,"{'timestamp': 48, 'kind': 'unstructured', 'new_data': {'content': 'Fed minutes reveal broad agreement that inflation remains too high.'}}"
1775841752.047185,macro_eval,48,,,0,,,,below_threshold,score=+0.00 headline=Fed minutes reveal broad agreement that inflation remains too high.,0,,0.00,0.00,0.00,0.00,0.00,flat,,,,,,982.6781,980,984,982.0000,4,2.000000,0.000000,0.000000,0.0000,,,0.0000,0,,+0.000000,unstructured,,,-0.6500,-0.6500,0.286000,0.402000,0.312000,0,0,0,flat,False,"{'timestamp': 48, 'kind': 'unstructured', 'new_data': {'content': 'Fed minutes reveal broad agreement that inflation remains too high.'}}"
1775841752.047324,news_ignored,48,,,,,,,weak_macro_news,score=+0.00,0,,0.00,0.00,0.00,0.00,0.00,flat,,,,,,982.6781,980,984,982.0000,4,2.000000,0.000000,0.000000,0.0000,,,0.0000,0,,+0.000000,unstructured,,,-0.6500,-0.6500,0.286000,0.402000,0.312000,0,0,0,flat,False,"{'timestamp': 48, 'kind': 'unstructured', 'new_data': {'content': 'Fed minutes reveal broad agreement that inflation remains too high.'}}"
1775841752.736087,heartbeat,48,,,,,,,,,0,,0.00,0.00,0.00,0.00,0.00,flat,,,,,,977.8906,966,970,968.0000,4,2.000000,0.000000,0.000000,0.0000,,,,,,,,,,3.9500,3.9500,0.382500,0.393000,0.224500,0,0,0,flat,False,
1775841755.751972,heartbeat,48,,,,,,,,,0,,0.00,0.00,0.00,0.00,0.00,flat,,,,,,978.8350,963,970,966.5000,7,2.000000,0.000000,0.000000,0.0000,,,,,,,,,,3.0405,3.0405,0.361862,0.397898,0.240240,0,0,0,flat,False,
1775841758.768694,heartbeat,48,,,,,,,,,0,,0.00,0.00,0.00,0.00,0.00,flat,,,,,,978.7472,969,974,971.5000,5,2.000000,0.000000,0.000000,0.0000,,,,,,,,,,3.1250,3.1250,0.363500,0.398000,0.238500,0,0,0,flat,False,
1775841761.786457,heartbeat,48,,,,,,,,,0,,0.00,0.00,0.00,0.00,0.00,flat,,,,,,976.7989,961,965,963.0000,4,2.000000,0.000000,0.000000,0.0000,,,,,,,,,,5.0025,5.0025,0.405203,0.389695,0.205103,0,0,0,flat,False,
1775841762.449889,cpi_blocked,100,,SELL,200,,,,no_real_c_baseline,actual=0.003000 forecast=0.001900 surprise=+0.001100,0,,0.00,0.00,0.00,0.00,0.00,flat,,,,,,973.0075,964,968,966.0000,4,2.000000,0.000000,0.001100,4.4000,0.003000,0.001900,,,,,,,,8.6686,4.2686,0.388917,0.392911,0.218173,0,0,0,flat,False,"{'timestamp': 100, 'kind': 'structured', 'new_data': {'new_signatures': 0, 'cumulative': 0, 'asset': '', 'structured_subtype': 'petition'}}"
1775841764.456879,anchor_init,110,,,,,,,,real_earnings,0,,0.00,0.00,0.00,0.00,0.00,flat,,,,,,968.0000,966,970,968.0000,4,2.004205,0.000000,0.001100,4.4000,,,,,,,,,,8.6521,4.2521,0.388194,0.393697,0.218109,0,0,0,flat,False,
1775841764.457214,earnings_baseline,110,,,,,,,,eps=2.004205,0,,0.00,0.00,0.00,0.00,0.00,flat,,,,,,968.0000,966,970,968.0000,4,2.004205,0.000000,0.001100,4.4000,,,,,,,,,,8.6521,4.2521,0.388194,0.393697,0.218109,0,0,0,flat,False,
1775841764.804162,heartbeat,110,,,,,,,,,0,,0.00,0.00,0.00,0.00,0.00,flat,,,,,,967.7663,966,970,968.0000,4,2.004205,0.000000,0.001100,4.4000,,,,,,,,,,8.8795,4.4795,0.393393,0.392392,0.214214,0,0,0,flat,False,
1775841767.821062,heartbeat,110,,,,,,,,,0,,0.00,0.00,0.00,0.00,0.00,flat,,,,,,968.0814,968,972,970.0000,4,2.004205,0.000000,0.001100,4.4000,,,,,,,,,,8.5729,4.1729,0.385807,0.395302,0.218891,0,0,0,flat,False,
1775841770.840212,heartbeat,110,,,,,,,,,0,,0.00,0.00,0.00,0.00,0.00,flat,,,,,,966.5642,962,966,964.0000,4,2.004205,0.000000,0.001100,4.4000,,,,,,,,,,10.0500,5.6500,0.420000,0.386000,0.194000,0,0,0,flat,False,
1775841773.842906,heartbeat,110,,,,,,,,,0,,0.00,0.00,0.00,0.00,0.00,flat,,,,,,967.0801,962,966,964.0000,4,2.004205,0.000000,0.001100,4.4000,,,,,,,,,,9.5474,5.1474,0.406797,0.392304,0.200900,0,0,0,flat,False,
1775841775.245289,macro_eval,164,,,0,,,,below_threshold,"score=+0.00 headline=For its outstanding employee benefits, A receives recognition.",0,,0.00,0.00,0.00,0.00,0.00,flat,,,,,,967.4956,960,964,962.0000,4,2.004205,0.000000,0.001100,4.4000,,,0.0000,0,,+0.000000,unstructured,,,9.1429,4.7429,0.398402,0.392911,0.208687,0,0,0,flat,False,"{'timestamp': 164, 'kind': 'unstructured', 'new_data': {'content': 'For its outstanding employee benefits, A receives recognition.'}}"
1775841775.245658,news_ignored,164,,,,,,,weak_macro_news,score=+0.00,0,,0.00,0.00,0.00,0.00,0.00,flat,,,,,,967.4956,960,964,962.0000,4,2.004205,0.000000,0.001100,4.4000,,,0.0000,0,,+0.000000,unstructured,,,9.1429,4.7429,0.398402,0.392911,0.208687,0,0,0,flat,False,"{'timestamp': 164, 'kind': 'unstructured', 'new_data': {'content': 'For its outstanding employee benefits, A receives recognition.'}}"
1775841775.647709,macro_eval,166,,BUY,160,,,,candidate,score=-7.00 headline=Fed minutes show growing consensus that restrictive stance may no longer be needed.,0,,0.00,0.00,0.00,0.00,0.00,flat,,,,,,968.0471,958,963,960.5000,5,2.004205,0.000000,0.001100,4.4000,,,-7.0000,160,BUY,+0.000000,unstructured,,,8.6063,4.2063,0.383575,0.401102,0.215323,0,0,0,flat,False,"{'timestamp': 166, 'kind': 'unstructured', 'new_data': {'content': 'Fed minutes show growing consensus that restrictive stance may no longer be needed.'}}"
1775841775.647969,macro_signal,166,,BUY,160,,,,,score=-7.00 headline=Fed minutes show growing consensus that restrictive stance may no longer be needed.,0,,0.00,0.00,0.00,0.00,0.00,flat,macro,BUY,160,7.000000,True,980.8925,958,963,960.5000,5,2.004205,0.000000,0.000000,-8.0000,,,-7.0000,160,BUY,+0.000000,,,,-3.7937,4.2063,0.383575,0.401102,0.215323,0,0,0,flat,False,"{'timestamp': 166, 'kind': 'unstructured', 'new_data': {'content': 'Fed minutes show growing consensus that restrictive stance may no longer be needed.'}}"
1775841775.649086,order_placed,166,C,BUY,40,963,1775841734449,macro_entry,,,0,,0.00,0.00,0.00,0.00,0.00,flat,macro,BUY,160,7.000000,True,980.8925,958,963,960.5000,5,2.004205,0.000000,0.000000,-8.0000,,,,,,,,,,-3.7937,4.2063,0.383575,0.401102,0.215323,0,0,0,flat,False,
1775841775.649405,entry_decision,166,C,BUY,40,963,,macro,,strength=7.000000 target=160,0,,0.00,0.00,0.00,0.00,0.00,macro,macro,BUY,160,7.000000,True,980.8925,958,963,960.5000,5,2.004205,0.000000,0.000000,-8.0000,,,,,,,,,,-3.7937,4.2063,0.383575,0.401102,0.215323,0,0,0,flat,False,
1775841775.649719,heartbeat_forced,166,,,,,,,,,0,,0.00,0.00,0.00,0.00,0.00,macro,macro,BUY,160,7.000000,True,980.8925,958,963,960.5000,5,2.004205,0.000000,0.000000,-8.0000,,,,,,,,,,-3.7937,4.2063,0.383575,0.401102,0.215323,0,0,0,flat,False,
1775841775.850073,entry_blocked,166,,,160,,,macro,live_order,,0,,0.00,0.00,0.00,0.00,0.00,macro,macro,BUY,160,7.000000,True,982.2111,963,969,966.0000,6,2.004205,0.000000,0.000000,-8.0000,,,,,,,,,,-5.0560,2.9440,0.366683,0.384394,0.248923,0,0,0,flat,False,
1775841776.247326,order_placed,166,C,BUY,40,970,1775841734450,macro_entry,,,0,,0.00,0.00,0.00,0.00,0.00,macro,macro,BUY,160,7.000000,True,982.9643,966,970,968.0000,4,2.004205,0.000000,0.000000,-8.0000,,,,,,,,,,-5.7761,2.2239,0.341829,0.405297,0.252874,0,0,0,flat,False,
1775841776.247668,entry_decision,166,C,BUY,40,970,,macro,,strength=7.000000 target=160,0,,0.00,0.00,0.00,0.00,0.00,macro,macro,BUY,160,7.000000,True,982.9643,966,970,968.0000,4,2.004205,0.000000,0.000000,-8.0000,,,,,,,,,,-5.7761,2.2239,0.341829,0.405297,0.252874,0,0,0,flat,False,
1775841776.248003,heartbeat_forced,166,,,,,,,,,0,,0.00,0.00,0.00,0.00,0.00,macro,macro,BUY,160,7.000000,True,982.9643,966,970,968.0000,4,2.004205,0.000000,0.000000,-8.0000,,,,,,,,,,-5.7761,2.2239,0.341829,0.405297,0.252874,0,0,0,flat,False,
1775841776.276559,cancel_response,166,C,BUY,40,963,1775841734449,macro_entry,,success=True error=None,0,,0.00,0.00,0.00,0.00,0.00,macro,macro,BUY,160,7.000000,True,982.9108,965,969,967.0000,4,2.004205,0.000000,0.000000,-8.0000,,,,,,,,,,-5.7250,2.2750,0.343000,0.405000,0.252000,0,0,0,flat,False,
1775841776.277096,fill,166,C,BUY,40,969,1775841734450,macro_entry,,,40,969.0000,0.00,40.00,40.00,-38760.00,40.00,macro,macro,BUY,160,7.000000,True,982.9108,970,969,969.5000,-1,2.004205,0.000000,0.000000,-8.0000,,,,,,,,,,-5.7250,2.2750,0.343000,0.405000,0.252000,0,0,0,book,False,
1775841776.643887,order_placed,166,C,BUY,40,971,1775841734451,macro_entry,,,40,969.0000,0.00,-80.00,-80.00,-38760.00,-80.00,macro,macro,BUY,160,7.000000,True,982.7993,967,971,969.0000,4,2.004205,0.000000,0.000000,-8.0000,,,,,,,,,,-5.6185,2.3815,0.345636,0.403990,0.250374,0,0,0,book,False,
1775841776.644148,entry_decision,166,C,BUY,40,971,,macro,,strength=7.000000 target=160,40,969.0000,0.00,-80.00,-80.00,-38760.00,-80.00,macro,macro,BUY,160,7.000000,True,982.7993,967,971,969.0000,4,2.004205,0.000000,0.000000,-8.0000,,,,,,,,,,-5.6185,2.3815,0.345636,0.403990,0.250374,0,0,0,book,False,
1775841776.644525,heartbeat_forced,166,,,,,,,,,40,969.0000,0.00,-80.00,-80.00,-38760.00,-80.00,macro,macro,BUY,160,7.000000,True,982.7993,967,971,969.0000,4,2.004205,0.000000,0.000000,-8.0000,,,,,,,,,,-5.6185,2.3815,0.345636,0.403990,0.250374,0,0,0,book,False,
1775841776.674864,fill,166,C,BUY,40,967,1775841734451,macro_entry,,,80,968.0000,0.00,240.00,240.00,-77440.00,240.00,macro,macro,BUY,160,7.000000,True,982.7408,971,967,969.0000,-4,2.004205,0.000000,0.000000,-8.0000,,,,,,,,,,-5.5625,2.4375,0.346500,0.404500,0.249000,0,0,0,book,False,
1775841777.041002,order_placed,166,C,BUY,40,969,1775841734452,macro_entry,,,80,968.0000,0.00,-240.00,-240.00,-77440.00,-240.00,macro,macro,BUY,160,7.000000,True,982.7159,965,969,967.0000,4,2.004205,0.000000,0.000000,-8.0000,,,,,,,,,,-5.5387,2.4613,0.346827,0.404798,0.248376,0,0,0,book,False,
1775841777.041198,entry_decision,166,C,BUY,40,969,,macro,,strength=7.000000 target=160,80,968.0000,0.00,-240.00,-240.00,-77440.00,-240.00,macro,macro,BUY,160,7.000000,True,982.7159,965,969,967.0000,4,2.004205,0.000000,0.000000,-8.0000,,,,,,,,,,-5.5387,2.4613,0.346827,0.404798,0.248376,0,0,0,book,False,
1775841777.041374,heartbeat_forced,166,,,,,,,,,80,968.0000,0.00,-240.00,-240.00,-77440.00,-240.00,macro,macro,BUY,160,7.000000,True,982.7159,965,969,967.0000,4,2.004205,0.000000,0.000000,-8.0000,,,,,,,,,,-5.5387,2.4613,0.346827,0.404798,0.248376,0,0,0,book,False,
1775841777.069459,fill,166,C,BUY,40,967,1775841734452,macro_entry,,,120,967.6667,0.00,160.00,160.00,-116120.00,160.00,macro,macro,BUY,160,7.000000,True,982.8074,969,967,968.0000,-2,2.004205,0.000000,0.000000,-8.0000,,,,,,,,,,-5.6262,2.3738,0.344828,0.405297,0.249875,0,0,0,book,False,
1775841777.442027,order_placed,166,C,BUY,40,963,1775841734453,macro_entry,,,120,967.6667,0.00,-1040.00,-1040.00,-116120.00,-1040.00,macro,macro,BUY,160,7.000000,True,982.8847,959,963,961.0000,4,2.004205,0.000000,0.000000,-8.0000,,,,,,,,,,-5.7000,2.3000,0.343000,0.406000,0.251000,0,0,0,book,False,
1775841777.442300,entry_decision,166,C,BUY,40,963,,macro,,strength=7.000000 target=160,120,967.6667,0.00,-1040.00,-1040.00,-116120.00,-1040.00,macro,macro,BUY,160,7.000000,True,982.8847,959,963,961.0000,4,2.004205,0.000000,0.000000,-8.0000,,,,,,,,,,-5.7000,2.3000,0.343000,0.406000,0.251000,0,0,0,book,False,
1775841777.442508,heartbeat_forced,166,,,,,,,,,120,967.6667,0.00,-1040.00,-1040.00,-116120.00,-1040.00,macro,macro,BUY,160,7.000000,True,982.8847,959,963,961.0000,4,2.004205,0.000000,0.000000,-8.0000,,,,,,,,,,-5.7000,2.3000,0.343000,0.406000,0.251000,0,0,0,book,False,
1775841777.501389,fill,166,C,BUY,40,963,1775841734453,macro_entry,,,160,966.5000,0.00,-560.00,-560.00,-154640.00,-560.00,macro,macro,BUY,160,7.000000,True,983.0035,963,963,963.0000,0,2.004205,0.000000,0.000000,-8.0000,,,,,,,,,,-5.8136,2.1864,0.341329,0.404798,0.253873,0,0,0,book,False,
1775841780.443759,heartbeat,166,,,,,,,,,160,966.5000,0.00,-1680.00,-1680.00,-154640.00,-1680.00,macro,macro,BUY,160,7.000000,True,983.1300,956,961,958.5000,5,2.004205,0.000000,0.000000,-8.0000,,,,,,,,,,-5.9345,2.0655,0.336524,0.409572,0.253904,0,0,0,book,False,
1775841783.052725,order_placed,166,C,SELL,40,950,1775841734454,stop_loss,,,160,966.5000,0.00,-2640.00,-2640.00,-154640.00,-2640.00,macro,macro,BUY,160,7.000000,True,981.9827,950,947,948.5000,-3,2.004205,0.000000,0.000000,-8.0000,,,,,,,,,,-4.8375,3.1625,0.362000,0.402500,0.235500,0,0,0,book,False,
1775841783.053066,exit_trigger,166,,,40,,,stop_loss,stop_loss,,160,966.5000,0.00,-2640.00,-2640.00,-154640.00,-2640.00,macro,macro,BUY,160,7.000000,True,981.9827,950,947,948.5000,-3,2.004205,0.000000,0.000000,-8.0000,,,,,,,,,,-4.8375,3.1625,0.362000,0.402500,0.235500,0,0,0,book,False,
1775841783.053376,heartbeat_forced,166,,,,,,,,,160,966.5000,0.00,-2640.00,-2640.00,-154640.00,-2640.00,macro,macro,BUY,160,7.000000,True,981.9827,950,947,948.5000,-3,2.004205,0.000000,0.000000,-8.0000,,,,,,,,,,-4.8375,3.1625,0.362000,0.402500,0.235500,0,0,0,book,False,
1775841783.080557,fill,166,C,SELL,40,955,1775841734454,stop_loss,,,120,966.5000,-460.00,-1380.00,-1840.00,-116440.00,-1840.00,macro,macro,BUY,160,7.000000,True,981.8514,955,950,952.5000,-5,2.004205,0.000000,0.000000,-8.0000,,,,,,,,,,-4.7118,3.2882,0.364458,0.402610,0.232932,0,0,0,book,False,
1775841784.446151,order_placed,166,C,SELL,40,962,1775841734455,gap_compress,,,120,966.5000,-460.00,-540.00,-1000.00,-116440.00,-1000.00,macro,macro,BUY,160,7.000000,False,974.2461,962,971,966.5000,9,2.004205,0.000000,0.000000,-8.0000,,,,,,,,,,2.5987,2.5987,0.348826,0.406297,0.244878,0,0,0,book,False,
1775841784.446555,exit_trigger,166,,,40,,,gap_compress,gap_compress,,120,966.5000,-460.00,-540.00,-1000.00,-116440.00,-1000.00,macro,macro,BUY,160,7.000000,False,974.2461,962,971,966.5000,9,2.004205,0.000000,0.000000,-8.0000,,,,,,,,,,2.5987,2.5987,0.348826,0.406297,0.244878,0,0,0,book,False,
1775841784.447030,heartbeat_forced,166,,,,,,,,,120,966.5000,-460.00,-540.00,-1000.00,-116440.00,-1000.00,macro,macro,BUY,160,7.000000,False,974.2461,962,971,966.5000,9,2.004205,0.000000,0.000000,-8.0000,,,,,,,,,,2.5987,2.5987,0.348826,0.406297,0.244878,0,0,0,book,False,
1775841784.640715,fill,166,C,SELL,40,962,1775841734455,gap_compress,,,80,966.5000,-640.00,-200.00,-840.00,-77960.00,-840.00,macro,macro,BUY,160,7.000000,False,974.4766,964,962,963.0000,-2,2.004205,0.000000,0.000000,-8.0000,,,,,,,,,,2.3762,2.3762,0.344172,0.406703,0.249125,0,0,0,book,False,
1775841787.447045,heartbeat,166,,,,,,,,,80,966.5000,-640.00,-40.00,-680.00,-77960.00,-680.00,macro,macro,BUY,160,7.000000,False,976.1755,966,968,967.0000,2,2.004205,0.000000,0.000000,-8.0000,,,,,,,,,,0.7379,0.7379,0.309155,0.411206,0.279640,0,0,0,book,False,
1775841788.442570,order_placed,166,C,SELL,40,963,1775841734456,max_hold,,,80,966.5000,-640.00,-280.00,-920.00,-77960.00,-920.00,macro,macro,BUY,160,7.000000,False,976.5134,963,967,965.0000,4,2.004205,0.000000,0.000000,-8.0000,,,,,,,,,,0.4125,0.4125,0.303000,0.410500,0.286500,0,0,0,book,False,
1775841788.443095,exit_trigger,166,,,40,,,max_hold,max_hold,,80,966.5000,-640.00,-280.00,-920.00,-77960.00,-920.00,macro,macro,BUY,160,7.000000,False,976.5134,963,967,965.0000,4,2.004205,0.000000,0.000000,-8.0000,,,,,,,,,,0.4125,0.4125,0.303000,0.410500,0.286500,0,0,0,book,False,
1775841788.443648,heartbeat_forced,166,,,,,,,,,80,966.5000,-640.00,-280.00,-920.00,-77960.00,-920.00,macro,macro,BUY,160,7.000000,False,976.5134,963,967,965.0000,4,2.004205,0.000000,0.000000,-8.0000,,,,,,,,,,0.4125,0.4125,0.303000,0.410500,0.286500,0,0,0,book,False,
1775841788.479427,fill,166,C,SELL,40,966,1775841734456,max_hold,,,40,966.5000,-660.00,-20.00,-680.00,-39320.00,-680.00,macro,macro,BUY,160,7.000000,False,976.7080,966,963,964.5000,-3,2.004205,0.000000,0.000000,-8.0000,,,,,,,,,,0.2251,0.2251,0.299150,0.410705,0.290145,0,0,0,book,False,
1775841788.479872,order_placed,166,C,SELL,40,966,1775841734457,max_hold,,,40,966.5000,-660.00,-20.00,-680.00,-39320.00,-680.00,macro,macro,BUY,160,7.000000,False,976.7080,966,963,964.5000,-3,2.004205,0.000000,0.000000,-8.0000,,,,,,,,,,0.2251,0.2251,0.299150,0.410705,0.290145,0,0,0,book,False,
1775841788.480014,exit_trigger,166,,,40,,,max_hold,max_hold,,40,966.5000,-660.00,-20.00,-680.00,-39320.00,-680.00,macro,macro,BUY,160,7.000000,False,976.7080,966,963,964.5000,-3,2.004205,0.000000,0.000000,-8.0000,,,,,,,,,,0.2251,0.2251,0.299150,0.410705,0.290145,0,0,0,book,False,
1775841788.480202,heartbeat_forced,166,,,,,,,,,40,966.5000,-660.00,-20.00,-680.00,-39320.00,-680.00,macro,macro,BUY,160,7.000000,False,976.7080,966,963,964.5000,-3,2.004205,0.000000,0.000000,-8.0000,,,,,,,,,,0.2251,0.2251,0.299150,0.410705,0.290145,0,0,0,book,False,
1775841788.508590,fill,166,C,SELL,40,966,1775841734457,max_hold,,,0,,-680.00,0.00,-680.00,-680.00,-680.00,flat,,,,,,976.7080,966,966,966.0000,0,2.004205,0.000000,0.000000,-8.0000,,,,,,,,,,0.2251,0.2251,0.299150,0.410705,0.290145,0,0,0,flat,False,
1775841791.484572,heartbeat,166,,,,,,,,,0,,-680.00,0.00,-680.00,-680.00,-680.00,flat,,,,,,976.8769,973,977,975.0000,4,2.004205,0.000000,0.000000,-8.0000,,,,,,,,,,0.0625,0.0625,0.295852,0.410795,0.293353,0,0,0,flat,False,
1775841794.500048,heartbeat,166,,,,,,,,,0,,-680.00,0.00,-680.00,-680.00,-680.00,flat,,,,,,976.7861,974,978,976.0000,4,2.004205,0.000000,0.000000,-8.0000,,,,,,,,,,0.1499,0.1499,0.296852,0.412294,0.290855,0,0,0,flat,False,
1775841797.517561,heartbeat,166,,,,,,,,,0,,-680.00,0.00,-680.00,-680.00,-680.00,flat,,,,,,976.3576,973,977,975.0000,4,2.004205,0.000000,0.000000,-8.0000,,,,,,,,,,0.5625,0.5625,0.305500,0.411500,0.283000,0,0,0,flat,False,
1775841800.535396,heartbeat,166,,,,,,,,,0,,-680.00,0.00,-680.00,-680.00,-680.00,flat,,,,,,976.1504,973,977,975.0000,4,2.004205,0.000000,0.000000,-8.0000,,,,,,,,,,0.7621,0.7621,0.308346,0.413793,0.277861,0,0,0,flat,False,
1775841802.446619,news_ignored,300,,,,,,,non_signal_news,,0,,-680.00,0.00,-680.00,-680.00,-680.00,flat,,,,,,974.7369,970,971,970.5000,1,2.004205,0.000000,0.000000,-8.0000,,,,,,,structured,petition,,2.1250,2.1250,0.337000,0.411000,0.252000,0,0,0,flat,False,"{'timestamp': 300, 'kind': 'structured', 'new_data': {'new_signatures': 0, 'cumulative': 0, 'asset': '', 'structured_subtype': 'petition'}}"
1775841803.552484,heartbeat,300,,,,,,,,,0,,-680.00,0.00,-680.00,-680.00,-680.00,flat,,,,,,972.7832,968,972,970.0000,4,2.004205,0.000000,0.000000,-8.0000,,,,,,,,,,4.0125,4.0125,0.378500,0.403500,0.218000,0,0,0,flat,False,
1775841806.570950,heartbeat,300,,,,,,,,,0,,-680.00,0.00,-680.00,-680.00,-680.00,flat,,,,,,972.1178,966,970,968.0000,4,2.004205,0.000000,0.000000,-8.0000,,,,,,,,,,4.6564,4.6564,0.392430,0.401394,0.206175,0,0,0,flat,False,
1775841809.587719,heartbeat,300,,,,,,,,,0,,-680.00,0.00,-680.00,-680.00,-680.00,flat,,,,,,971.7035,964,968,966.0000,4,2.004205,0.000000,0.000000,-8.0000,,,,,,,,,,5.0574,5.0574,0.401099,0.400100,0.198801,0,0,0,flat,False,
1775841812.606527,heartbeat,300,,,,,,,,,0,,-680.00,0.00,-680.00,-680.00,-680.00,flat,,,,,,971.9357,967,971,969.0000,4,2.004205,0.000000,0.000000,-8.0000,,,,,,,,,,4.8327,4.8327,0.395604,0.402098,0.202298,0,0,0,flat,False,
1775841815.624800,heartbeat,300,,,,,,,,,0,,-680.00,0.00,-680.00,-680.00,-680.00,flat,,,,,,972.4507,964,968,966.0000,4,2.004205,0.000000,0.000000,-8.0000,,,,,,,,,,4.3342,4.3342,0.382915,0.407538,0.209548,0,0,0,flat,False,
1775841816.845461,macro_eval,372,,BUY,0,,,,below_threshold,"score=-1.50 headline=Manufacturing contraction deepens, adding to evidence of economic softening.",0,,-680.00,0.00,-680.00,-680.00,-680.00,flat,,,,,,973.4032,973,977,975.0000,4,2.004205,0.000000,0.000000,-8.0000,,,-1.5000,0,BUY,+0.000000,unstructured,,,3.4131,3.4131,0.363727,0.409068,0.227205,0,0,0,flat,False,"{'timestamp': 372, 'kind': 'unstructured', 'new_data': {'content': 'Manufacturing contraction deepens, adding to evidence of economic softening.'}}"
1775841816.845758,news_ignored,372,,,,,,,weak_macro_news,score=-1.50,0,,-680.00,0.00,-680.00,-680.00,-680.00,flat,,,,,,973.4032,973,977,975.0000,4,2.004205,0.000000,0.000000,-8.0000,,,-1.5000,0,BUY,+0.000000,unstructured,,,3.4131,3.4131,0.363727,0.409068,0.227205,0,0,0,flat,False,"{'timestamp': 372, 'kind': 'unstructured', 'new_data': {'content': 'Manufacturing contraction deepens, adding to evidence of economic softening.'}}"
1775841818.639757,heartbeat,372,,,,,,,,,0,,-680.00,0.00,-680.00,-680.00,-680.00,flat,,,,,,976.3706,979,983,981.0000,4,2.004205,0.000000,0.000000,-8.0000,,,,,,,,,,0.5500,0.5500,0.302000,0.418000,0.280000,0,0,0,flat,False,
1775841821.642858,heartbeat,372,,,,,,,,,0,,-680.00,0.00,-680.00,-680.00,-680.00,flat,,,,,,975.5656,972,976,974.0000,4,2.004205,0.000000,0.000000,-8.0000,,,,,,,,,,1.3257,1.3257,0.316658,0.419710,0.263632,0,0,0,flat,False,
1775841824.642962,heartbeat,372,,,,,,,,,0,,-680.00,0.00,-680.00,-680.00,-680.00,flat,,,,,,975.7585,978,978,978.0000,0,2.004205,0.000000,0.000000,-8.0000,,,,,,,,,,1.1398,1.1398,0.313126,0.419339,0.267535,0,0,0,flat,False,
1775841827.643123,heartbeat,372,,,,,,,,,0,,-680.00,0.00,-680.00,-680.00,-680.00,flat,,,,,,976.7084,978,979,978.5000,1,2.004205,0.000000,0.000000,-8.0000,,,,,,,,,,0.2247,0.2247,0.294558,0.419870,0.285572,0,0,0,flat,False,
1775841830.445329,earnings_signal,440,,SELL,160,,,,,old=2.004205 new=1.975989 delta=-0.028217,0,,-680.00,0.00,-680.00,-680.00,-680.00,flat,earnings,SELL,160,0.028217,True,966.1211,980,984,982.0000,4,1.975989,-0.028217,0.000000,-8.0000,,,,,,,,,,0.8750,0.8750,0.307000,0.421000,0.272000,0,0,0,flat,False,
1775841830.446444,order_placed,440,C,SELL,40,980,1775841734458,earnings_entry,,,0,,-680.00,0.00,-680.00,-680.00,-680.00,flat,earnings,SELL,160,0.028217,True,966.1211,980,984,982.0000,4,1.975989,-0.028217,0.000000,-8.0000,,,,,,,,,,0.8750,0.8750,0.307000,0.421000,0.272000,0,0,0,flat,False,
1775841830.447188,entry_decision,440,C,SELL,40,980,,earnings,,strength=0.028217 target=160,0,,-680.00,0.00,-680.00,-680.00,-680.00,earnings,earnings,SELL,160,0.028217,True,966.1211,980,984,982.0000,4,1.975989,-0.028217,0.000000,-8.0000,,,,,,,,,,0.8750,0.8750,0.307000,0.421000,0.272000,0,0,0,flat,False,
1775841830.448198,heartbeat_forced,440,,,,,,,,,0,,-680.00,0.00,-680.00,-680.00,-680.00,earnings,earnings,SELL,160,0.028217,True,966.1211,980,984,982.0000,4,1.975989,-0.028217,0.000000,-8.0000,,,,,,,,,,0.8750,0.8750,0.307000,0.421000,0.272000,0,0,0,flat,False,
1775841830.476530,fill,440,C,SELL,40,983,1775841734458,earnings_entry,,,-40,983.0000,-680.00,120.00,-560.00,38640.00,-560.00,earnings,earnings,SELL,160,0.028217,True,966.2489,983,980,981.5000,-3,1.975989,-0.028217,0.000000,-8.0000,,,,,,,,,,0.7504,0.7504,0.304652,0.420710,0.274637,0,0,0,book,False,
1775841830.840479,order_placed,440,C,SELL,40,982,1775841734459,earnings_entry,,,-40,983.0000,-680.00,-80.00,-760.00,38640.00,-760.00,earnings,earnings,SELL,160,0.028217,True,966.3258,982,985,983.5000,3,1.975989,-0.028217,0.000000,-8.0000,,,,,,,,,,0.6753,0.6753,0.303152,0.420710,0.276138,0,0,0,book,False,
1775841830.840724,entry_decision,440,C,SELL,40,982,,earnings,,strength=0.028217 target=160,-40,983.0000,-680.00,-80.00,-760.00,38640.00,-760.00,earnings,earnings,SELL,160,0.028217,True,966.3258,982,985,983.5000,3,1.975989,-0.028217,0.000000,-8.0000,,,,,,,,,,0.6753,0.6753,0.303152,0.420710,0.276138,0,0,0,book,False,
1775841830.840969,heartbeat_forced,440,,,,,,,,,-40,983.0000,-680.00,-80.00,-760.00,38640.00,-760.00,earnings,earnings,SELL,160,0.028217,True,966.3258,982,985,983.5000,3,1.975989,-0.028217,0.000000,-8.0000,,,,,,,,,,0.6753,0.6753,0.303152,0.420710,0.276138,0,0,0,book,False,
1775841830.871861,fill,440,C,SELL,40,982,1775841734459,earnings_entry,,,-80,982.5000,-680.00,40.00,-640.00,77920.00,-640.00,earnings,earnings,SELL,160,0.028217,True,966.5310,982,982,982.0000,0,1.975989,-0.028217,0.000000,-8.0000,,,,,,,,,,0.4752,0.4752,0.299150,0.420710,0.280140,0,0,0,book,False,
1775841831.257498,order_placed,440,C,SELL,40,980,1775841734460,earnings_entry,,,-80,982.5000,-680.00,-120.00,-800.00,77920.00,-800.00,earnings,earnings,SELL,160,0.028217,True,966.6851,980,984,982.0000,4,1.975989,-0.028217,0.000000,-8.0000,,,,,,,,,,0.3250,0.3250,0.296000,0.421000,0.283000,0,0,0,book,False,
1775841831.257725,entry_decision,440,C,SELL,40,980,,earnings,,strength=0.028217 target=160,-80,982.5000,-680.00,-120.00,-800.00,77920.00,-800.00,earnings,earnings,SELL,160,0.028217,True,966.6851,980,984,982.0000,4,1.975989,-0.028217,0.000000,-8.0000,,,,,,,,,,0.3250,0.3250,0.296000,0.421000,0.283000,0,0,0,book,False,
1775841831.258178,heartbeat_forced,440,,,,,,,,,-80,982.5000,-680.00,-120.00,-800.00,77920.00,-800.00,earnings,earnings,SELL,160,0.028217,True,966.6851,980,984,982.0000,4,1.975989,-0.028217,0.000000,-8.0000,,,,,,,,,,0.3250,0.3250,0.296000,0.421000,0.283000,0,0,0,book,False,
1775841831.290343,fill,440,C,SELL,40,980,1775841734460,earnings_entry,,,-120,981.6667,-680.00,200.00,-480.00,117120.00,-480.00,earnings,earnings,SELL,160,0.028217,True,966.9672,980,980,980.0000,0,1.975989,-0.028217,0.000000,-8.0000,,,,,,,,,,0.0500,0.0500,0.290000,0.422000,0.288000,0,0,0,book,False,
1775841831.641656,order_placed,440,C,SELL,40,980,1775841734461,earnings_entry,,,-120,981.6667,-680.00,-280.00,-960.00,117120.00,-960.00,earnings,earnings,SELL,160,0.028217,True,967.0826,980,984,982.0000,4,1.975989,-0.028217,0.000000,-8.0000,,,,,,,,,,-0.0625,-0.0625,0.287500,0.422500,0.290000,0,0,0,book,False,
1775841831.641898,entry_decision,440,C,SELL,40,980,,earnings,,strength=0.028217 target=160,-120,981.6667,-680.00,-280.00,-960.00,117120.00,-960.00,earnings,earnings,SELL,160,0.028217,True,967.0826,980,984,982.0000,4,1.975989,-0.028217,0.000000,-8.0000,,,,,,,,,,-0.0625,-0.0625,0.287500,0.422500,0.290000,0,0,0,book,False,
1775841831.642654,heartbeat_forced,440,,,,,,,,,-120,981.6667,-680.00,-280.00,-960.00,117120.00,-960.00,earnings,earnings,SELL,160,0.028217,True,967.0826,980,984,982.0000,4,1.975989,-0.028217,0.000000,-8.0000,,,,,,,,,,-0.0625,-0.0625,0.287500,0.422500,0.290000,0,0,0,book,False,
1775841831.672570,fill,440,C,SELL,40,980,1775841734461,earnings_entry,,,-160,981.2500,-680.00,200.00,-480.00,156320.00,-480.00,earnings,earnings,SELL,160,0.028217,True,967.2615,980,980,980.0000,0,1.975989,-0.028217,0.000000,-8.0000,,,,,,,,,,-0.2368,-0.2368,0.284148,0.422233,0.293619,0,0,0,book,False,
1775841834.642478,heartbeat,440,,,,,,,,,-160,981.2500,-680.00,-280.00,-960.00,156320.00,-960.00,earnings,earnings,SELL,160,0.028217,True,968.7372,979,983,981.0000,4,1.975989,-0.028217,0.000000,-8.0000,,,,,,,,,,-1.6733,-1.6733,0.256743,0.419580,0.323676,0,0,0,book,False,
1775841837.642733,heartbeat,440,,,,,,,,,-160,981.2500,-680.00,1000.00,320.00,156320.00,320.00,earnings,earnings,SELL,160,0.028217,True,967.5850,971,975,973.0000,4,1.975989,-0.028217,0.000000,-8.0000,,,,,,,,,,-0.5519,-0.5519,0.276969,0.423984,0.299047,0,0,0,book,False,
1775841840.644812,heartbeat,440,,,,,,,,,-160,981.2500,-680.00,-120.00,-800.00,156320.00,-800.00,earnings,earnings,SELL,160,0.028217,True,967.7985,977,982,979.5000,5,1.975989,-0.028217,0.000000,-8.0000,,,,,,,,,,-0.7598,-0.7598,0.273543,0.422521,0.303936,0,0,0,book,False,
1775841842.047298,macro_eval,498,,,0,,,,below_threshold,score=+0.00 headline=Officials acknowledge that policy is weighing on the economy more than anticipated.,-160,981.2500,-680.00,-120.00,-800.00,156320.00,-800.00,earnings,earnings,SELL,160,0.028217,True,967.9066,977,982,979.5000,5,1.975989,-0.028217,0.000000,-8.0000,,,0.0000,0,,-0.028217,unstructured,,,-0.8651,-0.8651,0.270812,0.423771,0.305416,0,0,0,book,False,"{'timestamp': 498, 'kind': 'unstructured', 'new_data': {'content': 'Officials acknowledge that policy is weighing on the economy more than anticipated.'}}"
1775841842.047678,news_ignored,498,,,,,,,weak_macro_news,score=+0.00,-160,981.2500,-680.00,-120.00,-800.00,156320.00,-800.00,earnings,earnings,SELL,160,0.028217,True,967.9066,977,982,979.5000,5,1.975989,-0.028217,0.000000,-8.0000,,,0.0000,0,,-0.028217,unstructured,,,-0.8651,-0.8651,0.270812,0.423771,0.305416,0,0,0,book,False,"{'timestamp': 498, 'kind': 'unstructured', 'new_data': {'content': 'Officials acknowledge that policy is weighing on the economy more than anticipated.'}}"
1775841843.645302,heartbeat,498,,,,,,,,,-160,981.2500,-680.00,-760.00,-1440.00,156320.00,-1440.00,earnings,earnings,SELL,160,0.028217,True,969.9578,982,986,984.0000,4,1.975989,-0.028217,0.000000,-8.0000,,,,,,,,,,-2.8596,-2.8596,0.233267,0.419081,0.347652,0,0,0,book,False,
1775841846.645959,heartbeat,498,,,,,,,,,-160,981.2500,-680.00,-120.00,-800.00,156320.00,-800.00,earnings,earnings,SELL,160,0.028217,True,971.2553,978,982,980.0000,4,1.975989,-0.028217,0.000000,-8.0000,,,,,,,,,,-4.1188,-4.1188,0.209685,0.415876,0.374438,0,0,0,book,False,
1775841849.645963,heartbeat,498,,,,,,,,,-160,981.2500,-680.00,-280.00,-960.00,156320.00,-960.00,earnings,earnings,SELL,160,0.028217,True,971.6872,980,983,981.5000,3,1.975989,-0.028217,0.000000,-8.0000,,,,,,,,,,-4.5375,-4.5375,0.203000,0.412500,0.384500,0,0,0,book,False,
1775841852.446547,news_ignored,550,,,,,,,non_signal_news,,-160,981.2500,-680.00,-760.00,-1440.00,156320.00,-1440.00,earnings,earnings,SELL,160,0.028217,False,971.8315,982,986,984.0000,4,1.975989,-0.028217,0.000000,-8.0000,,,,,,,structured,petition,,-4.6773,-4.6773,0.200600,0.411706,0.387694,0,0,0,book,False,"{'timestamp': 550, 'kind': 'structured', 'new_data': {'new_signatures': 0, 'cumulative': 0, 'asset': '', 'structured_subtype': 'petition'}}"
1775841852.645710,heartbeat,550,,,,,,,,,-160,981.2500,-680.00,-120.00,-800.00,156320.00,-800.00,earnings,earnings,SELL,160,0.028217,False,971.8105,981,982,981.5000,1,1.975989,-0.028217,0.000000,-8.0000,,,,,,,,,,-4.6570,-4.6570,0.200801,0.412118,0.387081,0,0,0,book,False,
1775841854.440562,earnings_signal,560,,BUY,160,,,,,old=1.975989 new=2.012622 delta=+0.036634,-160,981.2500,-680.00,-760.00,-1440.00,156320.00,-1440.00,earnings,earnings,BUY,160,0.036634,True,984.9699,982,986,984.0000,4,2.012622,0.036634,0.000000,-8.0000,,,,,,,,,,-4.8455,-4.8455,0.197808,0.410563,0.391629,0,0,0,book,False,
1775841854.441423,order_placed,560,C,BUY,40,986,1775841734462,contradict_signal,,,-160,981.2500,-680.00,-760.00,-1440.00,156320.00,-1440.00,earnings,earnings,BUY,160,0.036634,True,984.9699,982,986,984.0000,4,2.012622,0.036634,0.000000,-8.0000,,,,,,,,,,-4.8455,-4.8455,0.197808,0.410563,0.391629,0,0,0,book,False,
1775841854.441751,exit_trigger,560,,,40,,,contradict_signal,contradict_signal,,-160,981.2500,-680.00,-760.00,-1440.00,156320.00,-1440.00,earnings,earnings,BUY,160,0.036634,True,984.9699,982,986,984.0000,4,2.012622,0.036634,0.000000,-8.0000,,,,,,,,,,-4.8455,-4.8455,0.197808,0.410563,0.391629,0,0,0,book,False,
1775841854.442107,heartbeat_forced,560,,,,,,,,,-160,981.2500,-680.00,-760.00,-1440.00,156320.00,-1440.00,earnings,earnings,BUY,160,0.036634,True,984.9699,982,986,984.0000,4,2.012622,0.036634,0.000000,-8.0000,,,,,,,,,,-4.8455,-4.8455,0.197808,0.410563,0.391629,0,0,0,book,False,
1775841854.469694,fill,560,C,BUY,40,985,1775841734462,contradict_signal,,,-120,981.2500,-830.00,-450.00,-1280.00,116920.00,-1280.00,earnings,earnings,BUY,160,0.036634,True,984.6264,986,985,985.5000,-1,2.012622,0.036634,0.000000,-8.0000,,,,,,,,,,-4.5181,-4.5181,0.201807,0.415663,0.382530,0,0,0,book,False,
1775841854.470036,order_placed,560,C,BUY,40,985,1775841734463,contradict_signal,,,-120,981.2500,-830.00,-450.00,-1280.00,116920.00,-1280.00,earnings,earnings,BUY,160,0.036634,True,984.6264,986,985,985.5000,-1,2.012622,0.036634,0.000000,-8.0000,,,,,,,,,,-4.5181,-4.5181,0.201807,0.415663,0.382530,0,0,0,book,False,
1775841854.470122,exit_trigger,560,,,40,,,contradict_signal,contradict_signal,,-120,981.2500,-830.00,-450.00,-1280.00,116920.00,-1280.00,earnings,earnings,BUY,160,0.036634,True,984.6264,986,985,985.5000,-1,2.012622,0.036634,0.000000,-8.0000,,,,,,,,,,-4.5181,-4.5181,0.201807,0.415663,0.382530,0,0,0,book,False,
1775841854.470286,heartbeat_forced,560,,,,,,,,,-120,981.2500,-830.00,-450.00,-1280.00,116920.00,-1280.00,earnings,earnings,BUY,160,0.036634,True,984.6264,986,985,985.5000,-1,2.012622,0.036634,0.000000,-8.0000,,,,,,,,,,-4.5181,-4.5181,0.201807,0.415663,0.382530,0,0,0,book,False,
1775841854.501192,fill,560,C,BUY,40,985,1775841734463,contradict_signal,,,-80,981.2500,-980.00,-300.00,-1280.00,77520.00,-1280.00,earnings,earnings,BUY,160,0.036634,True,984.6264,985,985,985.0000,0,2.012622,0.036634,0.000000,-8.0000,,,,,,,,,,-4.5181,-4.5181,0.201807,0.415663,0.382530,0,0,0,book,False,
1775841854.501811,order_placed,560,C,BUY,40,985,1775841734464,contradict_signal,,,-80,981.2500,-980.00,-300.00,-1280.00,77520.00,-1280.00,earnings,earnings,BUY,160,0.036634,True,984.6264,985,985,985.0000,0,2.012622,0.036634,0.000000,-8.0000,,,,,,,,,,-4.5181,-4.5181,0.201807,0.415663,0.382530,0,0,0,book,False,
1775841854.502008,exit_trigger,560,,,40,,,contradict_signal,contradict_signal,,-80,981.2500,-980.00,-300.00,-1280.00,77520.00,-1280.00,earnings,earnings,BUY,160,0.036634,True,984.6264,985,985,985.0000,0,2.012622,0.036634,0.000000,-8.0000,,,,,,,,,,-4.5181,-4.5181,0.201807,0.415663,0.382530,0,0,0,book,False,
1775841854.502358,heartbeat_forced,560,,,,,,,,,-80,981.2500,-980.00,-300.00,-1280.00,77520.00,-1280.00,earnings,earnings,BUY,160,0.036634,True,984.6264,985,985,985.0000,0,2.012622,0.036634,0.000000,-8.0000,,,,,,,,,,-4.5181,-4.5181,0.201807,0.415663,0.382530,0,0,0,book,False,
1775841854.532255,fill,560,C,BUY,35,985,1775841734464,contradict_signal,,,-45,981.2500,-1111.25,-168.75,-1280.00,43045.00,-1280.00,earnings,earnings,BUY,160,0.036634,True,984.6264,985,985,985.0000,0,2.012622,0.036634,0.000000,-8.0000,,,,,,,,,,-4.5181,-4.5181,0.201807,0.415663,0.382530,0,0,0,book,False,
1775841854.651205,fill,560,C,BUY,5,985,1775841734464,contradict_signal,,,-40,981.2500,-1130.00,-110.00,-1240.00,38120.00,-1240.00,earnings,earnings,BUY,160,0.036634,True,984.6264,985,984,984.5000,-1,2.012622,0.036634,0.000000,-8.0000,,,,,,,,,,-4.5181,-4.5181,0.201807,0.415663,0.382530,0,0,0,book,False,
1775841854.651862,order_placed,560,C,BUY,40,984,1775841734465,contradict_signal,,,-40,981.2500,-1130.00,-110.00,-1240.00,38120.00,-1240.00,earnings,earnings,BUY,160,0.036634,True,984.6264,985,984,984.5000,-1,2.012622,0.036634,0.000000,-8.0000,,,,,,,,,,-4.5181,-4.5181,0.201807,0.415663,0.382530,0,0,0,book,False,
1775841854.652120,exit_trigger,560,,,40,,,contradict_signal,contradict_signal,,-40,981.2500,-1130.00,-110.00,-1240.00,38120.00,-1240.00,earnings,earnings,BUY,160,0.036634,True,984.6264,985,984,984.5000,-1,2.012622,0.036634,0.000000,-8.0000,,,,,,,,,,-4.5181,-4.5181,0.201807,0.415663,0.382530,0,0,0,book,False,
1775841854.652442,heartbeat_forced,560,,,,,,,,,-40,981.2500,-1130.00,-110.00,-1240.00,38120.00,-1240.00,earnings,earnings,BUY,160,0.036634,True,984.6264,985,984,984.5000,-1,2.012622,0.036634,0.000000,-8.0000,,,,,,,,,,-4.5181,-4.5181,0.201807,0.415663,0.382530,0,0,0,book,False,
1775841854.679732,fill,560,C,BUY,40,984,1775841734465,contradict_signal,,,0,,-1240.00,0.00,-1240.00,-1240.00,-1240.00,flat,,,,,,984.1396,984,984,984.0000,0,2.012622,0.036634,0.000000,-8.0000,,,,,,,,,,-4.0537,-4.0537,0.210341,0.417169,0.372490,0,0,0,flat,False,
1775841857.653743,heartbeat,560,,,,,,,,,0,,-1240.00,0.00,-1240.00,-1240.00,-1240.00,flat,,,,,,984.7910,993,997,995.0000,4,2.012622,0.036634,0.000000,-8.0000,,,,,,,,,,-4.6750,-4.6750,0.199500,0.414000,0.386500,0,0,0,flat,False,
1775841860.653616,heartbeat,560,,,,,,,,,0,,-1240.00,0.00,-1240.00,-1240.00,-1240.00,flat,,,,,,984.3300,1003,1005,1004.0000,2,2.012622,0.036634,0.000000,-8.0000,,,,,,,,,,-4.2354,-4.2354,0.205897,0.418791,0.375312,0,0,0,flat,False,
1775841863.654551,heartbeat,560,,,,,,,,,0,,-1240.00,0.00,-1240.00,-1240.00,-1240.00,flat,,,,,,984.5681,999,1003,1001.0000,4,2.012622,0.036634,0.000000,-8.0000,,,,,,,,,,-4.4625,-4.4625,0.203000,0.415500,0.381500,0,0,0,flat,False,
1775841865.645484,macro_eval,616,,SELL,0,,,,below_threshold,score=+1.50 headline=Credit conditions tightening sharply as rate-sensitive sectors show strain.,0,,-1240.00,0.00,-1240.00,-1240.00,-1240.00,flat,,,,,,986.1865,1003,1010,1006.5000,7,2.012622,0.036634,0.000000,-8.0000,,,1.5000,0,SELL,+0.008417,unstructured,,,-6.0045,-6.0045,0.177524,0.404774,0.417703,0,0,0,flat,False,"{'timestamp': 616, 'kind': 'unstructured', 'new_data': {'content': 'Credit conditions tightening sharply as rate-sensitive sectors show strain.'}}"
1775841865.645853,news_ignored,616,,,,,,,weak_macro_news,score=+1.50,0,,-1240.00,0.00,-1240.00,-1240.00,-1240.00,flat,,,,,,986.1865,1003,1010,1006.5000,7,2.012622,0.036634,0.000000,-8.0000,,,1.5000,0,SELL,+0.008417,unstructured,,,-6.0045,-6.0045,0.177524,0.404774,0.417703,0,0,0,flat,False,"{'timestamp': 616, 'kind': 'unstructured', 'new_data': {'content': 'Credit conditions tightening sharply as rate-sensitive sectors show strain.'}}"
1775841866.654570,heartbeat,616,,,,,,,,,0,,-1240.00,0.00,-1240.00,-1240.00,-1240.00,flat,,,,,,989.2026,1009,1013,1011.0000,4,2.012622,0.036634,0.000000,-8.0000,,,,,,,,,,-8.8706,-8.8706,0.133933,0.377311,0.488756,0,0,0,flat,False,
1775841869.656331,heartbeat,616,,,,,,,,,0,,-1240.00,0.00,-1240.00,-1240.00,-1240.00,flat,,,,,,988.4170,1007,1010,1008.5000,3,2.012622,0.036634,0.000000,-8.0000,,,,,,,,,,-8.1250,-8.1250,0.143500,0.388000,0.468500,0,0,0,flat,False,
1775841872.656673,heartbeat,616,,,,,,,,,0,,-1240.00,0.00,-1240.00,-1240.00,-1240.00,flat,,,,,,988.0181,999,1003,1001.0000,4,2.012622,0.036634,0.000000,-8.0000,,,,,,,,,,-7.7461,-7.7461,0.149425,0.391304,0.459270,0,0,0,flat,False,
1775841875.522724,startup,616,,,,,,,,C-only mode; PM read-only,0,,-1240.00,0.00,-1240.00,-1240.00,-1240.00,flat,,,,,,987.5748,999,1003,1001.0000,4,2.012622,0.036634,0.000000,-8.0000,,,,,,,,,,-7.3250,-7.3250,0.155500,0.396000,0.448500,0,0,0,flat,False,
1775841875.658162,heartbeat,616,,,,,,,,,0,,-1240.00,0.00,-1240.00,-1240.00,-1240.00,flat,,,,,,987.6932,999,1003,1001.0000,4,2.012622,0.036634,0.000000,-8.0000,,,,,,,,,,-7.4375,-7.4375,0.153500,0.395500,0.451000,0,0,0,flat,False,
1775841878.663961,heartbeat,616,,,,,,,,,0,,-1240.00,0.00,-1240.00,-1240.00,-1240.00,flat,,,,,,989.0452,1005,1011,1008.0000,6,2.012622,0.036634,0.000000,-8.0000,,,,,,,,,,-8.7212,-8.7212,0.133634,0.383884,0.482482,0,0,0,flat,False,
1775841881.680348,heartbeat,616,,,,,,,,,0,,-1240.00,0.00,-1240.00,-1240.00,-1240.00,flat,,,,,,990.4997,1011,1015,1013.0000,4,2.012622,0.036634,0.000000,-8.0000,,,,,,,,,,-10.1000,-10.1000,0.115000,0.366000,0.519000,0,0,0,flat,False,
1775841884.701721,heartbeat,616,,,,,,,,,0,,-1240.00,0.00,-1240.00,-1240.00,-1240.00,flat,,,,,,989.3251,1006,1010,1008.0000,4,2.012622,0.036634,0.000000,-8.0000,,,,,,,,,,-8.9868,-8.9868,0.128310,0.383910,0.487780,0,0,0,flat,False,
1775841887.719627,heartbeat,616,,,,,,,,,0,,-1240.00,0.00,-1240.00,-1240.00,-1240.00,flat,,,,,,988.1537,1000,1004,1002.0000,4,2.012622,0.036634,0.000000,-8.0000,,,,,,,,,,-7.8750,-7.8750,0.144500,0.396000,0.459500,0,0,0,flat,False,
1775841890.738711,heartbeat,616,,,,,,,,,0,,-1240.00,0.00,-1240.00,-1240.00,-1240.00,flat,,,,,,988.3741,1002,1006,1004.0000,4,2.012622,0.036634,0.000000,-8.0000,,,,,,,,,,-8.0842,-8.0842,0.142003,0.392626,0.465371,0,0,0,flat,False,
1775841892.445512,news_ignored,750,,,,,,,non_signal_news,,0,,-1240.00,0.00,-1240.00,-1240.00,-1240.00,flat,,,,,,988.2327,1002,1012,1007.0000,10,2.012622,0.036634,0.000000,-8.0000,,,,,,,structured,petition,,-7.9500,-7.9500,0.143000,0.396000,0.461000,0,0,0,flat,False,"{'timestamp': 750, 'kind': 'structured', 'new_data': {'new_signatures': 0, 'cumulative': 0, 'asset': '', 'structured_subtype': 'petition'}}"
1775841893.755276,heartbeat,750,,,,,,,,,0,,-1240.00,0.00,-1240.00,-1240.00,-1240.00,flat,,,,,,992.7265,1023,1027,1025.0000,4,2.012622,0.036634,0.000000,-8.0000,,,,,,,,,,-12.2064,-12.2064,0.087456,0.336832,0.575712,0,0,0,flat,False,
1775841896.773161,heartbeat,750,,,,,,,,,0,,-1240.00,0.00,-1240.00,-1240.00,-1240.00,flat,,,,,,993.0969,1021,1025,1023.0000,4,2.012622,0.036634,0.000000,-8.0000,,,,,,,,,,-12.5562,-12.5562,0.082959,0.331834,0.585207,0,0,0,flat,False,
1775841899.789688,heartbeat,750,,,,,,,,,0,,-1240.00,0.00,-1240.00,-1240.00,-1240.00,flat,,,,,,993.1565,1033,1037,1035.0000,4,2.012622,0.036634,0.000000,-8.0000,,,,,,,,,,-12.6125,-12.6125,0.083000,0.329500,0.587500,0,0,0,flat,False,
1775841902.807739,heartbeat,750,,,,,,,,,0,,-1240.00,0.00,-1240.00,-1240.00,-1240.00,flat,,,,,,992.6536,1032,1037,1034.5000,5,2.012622,0.036634,0.000000,-8.0000,,,,,,,,,,-12.1375,-12.1375,0.087500,0.339500,0.573000,0,0,0,flat,False,
1775841905.824289,heartbeat,750,,,,,,,,,0,,-1240.00,0.00,-1240.00,-1240.00,-1240.00,flat,,,,,,993.7789,1036,1040,1038.0000,4,2.012622,0.036634,0.000000,-8.0000,,,,,,,,,,-13.2000,-13.2000,0.075500,0.321000,0.603500,0,0,0,flat,False,
1775841906.842231,macro_eval,822,,,0,,,,below_threshold,"score=+0.00 headline=Fed holds rates steady, offering little guidance on future direction.",0,,-1240.00,0.00,-1240.00,-1240.00,-1240.00,flat,,,,,,993.4337,1037,1041,1039.0000,4,2.012622,0.036634,0.000000,-8.0000,,,0.0000,0,,+0.008417,unstructured,,,-12.8743,-12.8743,0.079341,0.326347,0.594311,0,0,0,flat,False,"{'timestamp': 822, 'kind': 'unstructured', 'new_data': {'content': 'Fed holds rates steady, offering little guidance on future direction.'}}"
1775841906.842914,news_ignored,822,,,,,,,weak_macro_news,score=+0.00,0,,-1240.00,0.00,-1240.00,-1240.00,-1240.00,flat,,,,,,993.4337,1037,1041,1039.0000,4,2.012622,0.036634,0.000000,-8.0000,,,0.0000,0,,+0.008417,unstructured,,,-12.8743,-12.8743,0.079341,0.326347,0.594311,0,0,0,flat,False,"{'timestamp': 822, 'kind': 'unstructured', 'new_data': {'content': 'Fed holds rates steady, offering little guidance on future direction.'}}"
1775841908.840492,heartbeat,822,,,,,,,,,0,,-1240.00,0.00,-1240.00,-1240.00,-1240.00,flat,,,,,,993.5680,1037,1043,1040.0000,6,2.012622,0.036634,0.000000,-8.0000,,,,,,,,,,-13.0010,-13.0010,0.077154,0.325651,0.597194,0,0,0,flat,False,
1775841911.840939,heartbeat,822,,,,,,,,,0,,-1240.00,0.00,-1240.00,-1240.00,-1240.00,flat,,,,,,992.1165,1035,1039,1037.0000,4,2.012622,0.036634,0.000000,-8.0000,,,,,,,,,,-11.6299,-11.6299,0.092138,0.350526,0.557336,0,0,0,flat,False,
1775841914.842649,heartbeat,822,,,,,,,,,0,,-1240.00,0.00,-1240.00,-1240.00,-1240.00,flat,,,,,,991.9455,1034,1036,1035.0000,2,2.012622,0.036634,0.000000,-8.0000,,,,,,,,,,-11.4682,-11.4682,0.094047,0.353177,0.552776,0,0,0,flat,False,
1775841915.243807,macro_eval,864,,,0,,,,below_threshold,score=+0.00 headline=A announces dividend increase following exceptional quarter.,0,,-1240.00,0.00,-1240.00,-1240.00,-1240.00,flat,,,,,,992.0391,1033,1037,1035.0000,4,2.012622,0.036634,0.000000,-8.0000,,,0.0000,0,,+0.008417,unstructured,,,-11.5567,-11.5567,0.093453,0.350825,0.555722,0,0,0,flat,False,"{'timestamp': 864, 'kind': 'unstructured', 'new_data': {'content': 'A announces dividend increase following exceptional quarter.'}}"
1775841915.244062,news_ignored,864,,,,,,,weak_macro_news,score=+0.00,0,,-1240.00,0.00,-1240.00,-1240.00,-1240.00,flat,,,,,,992.0391,1033,1037,1035.0000,4,2.012622,0.036634,0.000000,-8.0000,,,0.0000,0,,+0.008417,unstructured,,,-11.5567,-11.5567,0.093453,0.350825,0.555722,0,0,0,flat,False,"{'timestamp': 864, 'kind': 'unstructured', 'new_data': {'content': 'A announces dividend increase following exceptional quarter.'}}"
1775841917.843156,heartbeat,864,,,,,,,,,0,,-1240.00,0.00,-1240.00,-1240.00,-1240.00,flat,,,,,,992.4323,1025,1029,1027.0000,4,2.012622,0.036634,0.000000,-8.0000,,,,,,,,,,-11.9284,-11.9284,0.087475,0.347913,0.564612,0,0,0,flat,False,
1775841920.445808,earnings_signal,890,,BUY,120,,,,,old=2.012622 new=2.032694 delta=+0.020072,0,,-1240.00,0.00,-1240.00,-1240.00,-1240.00,flat,earnings,BUY,120,0.020072,True,999.8042,1028,1030,1029.0000,2,2.032694,0.020072,0.000000,-8.0000,,,,,,,,,,-12.1182,-12.1182,0.086630,0.342013,0.571357,0,0,0,flat,False,
1775841920.446441,order_placed,890,C,BUY,40,1030,1775841734466,earnings_entry,,,0,,-1240.00,0.00,-1240.00,-1240.00,-1240.00,flat,earnings,BUY,120,0.020072,True,999.8042,1028,1030,1029.0000,2,2.032694,0.020072,0.000000,-8.0000,,,,,,,,,,-12.1182,-12.1182,0.086630,0.342013,0.571357,0,0,0,flat,False,
1775841920.446777,entry_decision,890,C,BUY,40,1030,,earnings,,strength=0.020072 target=120,0,,-1240.00,0.00,-1240.00,-1240.00,-1240.00,earnings,earnings,BUY,120,0.020072,True,999.8042,1028,1030,1029.0000,2,2.032694,0.020072,0.000000,-8.0000,,,,,,,,,,-12.1182,-12.1182,0.086630,0.342013,0.571357,0,0,0,flat,False,
1775841920.447124,heartbeat_forced,890,,,,,,,,,0,,-1240.00,0.00,-1240.00,-1240.00,-1240.00,earnings,earnings,BUY,120,0.020072,True,999.8042,1028,1030,1029.0000,2,2.032694,0.020072,0.000000,-8.0000,,,,,,,,,,-12.1182,-12.1182,0.086630,0.342013,0.571357,0,0,0,flat,False,
1775841920.646831,entry_blocked,890,,,120,,,earnings,live_order,,0,,-1240.00,0.00,-1240.00,-1240.00,-1240.00,earnings,earnings,BUY,120,0.020072,True,999.8050,1030,1032,1031.0000,2,2.032694,0.020072,0.000000,-8.0000,,,,,,,,,,-12.1189,-12.1189,0.086457,0.342329,0.571214,0,0,0,flat,False,
1775841921.041790,order_placed,890,C,BUY,40,1033,1775841734467,earnings_entry,,,0,,-1240.00,0.00,-1240.00,-1240.00,-1240.00,earnings,earnings,BUY,120,0.020072,True,1000.0311,1030,1033,1031.5000,3,2.032694,0.020072,0.000000,-8.0000,,,,,,,,,,-12.3307,-12.3307,0.082790,0.341194,0.576016,0,0,0,flat,False,
1775841921.042444,entry_decision,890,C,BUY,40,1033,,earnings,,strength=0.020072 target=120,0,,-1240.00,0.00,-1240.00,-1240.00,-1240.00,earnings,earnings,BUY,120,0.020072,True,1000.0311,1030,1033,1031.5000,3,2.032694,0.020072,0.000000,-8.0000,,,,,,,,,,-12.3307,-12.3307,0.082790,0.341194,0.576016,0,0,0,flat,False,
1775841921.042850,heartbeat_forced,890,,,,,,,,,0,,-1240.00,0.00,-1240.00,-1240.00,-1240.00,earnings,earnings,BUY,120,0.020072,True,1000.0311,1030,1033,1031.5000,3,2.032694,0.020072,0.000000,-8.0000,,,,,,,,,,-12.3307,-12.3307,0.082790,0.341194,0.576016,0,0,0,flat,False,
1775841921.068971,cancel_response,890,C,BUY,40,1030,1775841734466,earnings_entry,,success=True error=None,0,,-1240.00,0.00,-1240.00,-1240.00,-1240.00,earnings,earnings,BUY,120,0.020072,True,1000.0447,1027,1031,1029.0000,4,2.032694,0.020072,0.000000,-8.0000,,,,,,,,,,-12.3434,-12.3434,0.082707,0.340852,0.576441,0,0,0,flat,False,
1775841921.069951,fill,890,C,BUY,40,1031,1775841734467,earnings_entry,,,40,1031.0000,-1240.00,80.00,-1160.00,-42480.00,-1160.00,earnings,earnings,BUY,120,0.020072,True,1000.0447,1033,1031,1032.0000,-2,2.032694,0.020072,0.000000,-8.0000,,,,,,,,,,-12.3434,-12.3434,0.082707,0.340852,0.576441,0,0,0,book,False,
1775841921.441253,order_placed,890,C,BUY,40,1032,1775841734468,earnings_entry,,,40,1031.0000,-1240.00,-120.00,-1360.00,-42480.00,-1360.00,earnings,earnings,BUY,120,0.020072,True,999.7535,1028,1032,1030.0000,4,2.032694,0.020072,0.000000,-8.0000,,,,,,,,,,-12.0707,-12.0707,0.085117,0.346939,0.567944,0,0,0,book,False,
1775841921.441943,entry_decision,890,C,BUY,40,1032,,earnings,,strength=0.020072 target=120,40,1031.0000,-1240.00,-120.00,-1360.00,-42480.00,-1360.00,earnings,earnings,BUY,120,0.020072,True,999.7535,1028,1032,1030.0000,4,2.032694,0.020072,0.000000,-8.0000,,,,,,,,,,-12.0707,-12.0707,0.085117,0.346939,0.567944,0,0,0,book,False,
1775841921.442177,heartbeat_forced,890,,,,,,,,,40,1031.0000,-1240.00,-120.00,-1360.00,-42480.00,-1360.00,earnings,earnings,BUY,120,0.020072,True,999.7535,1028,1032,1030.0000,4,2.032694,0.020072,0.000000,-8.0000,,,,,,,,,,-12.0707,-12.0707,0.085117,0.346939,0.567944,0,0,0,book,False,
1775841921.473060,fill,890,C,BUY,40,1030,1775841734468,earnings_entry,,,80,1030.5000,-1240.00,120.00,-1120.00,-83680.00,-1120.00,earnings,earnings,BUY,120,0.020072,True,999.5529,1032,1030,1031.0000,-2,2.032694,0.020072,0.000000,-8.0000,,,,,,,,,,-11.8828,-11.8828,0.089277,0.346135,0.564589,0,0,0,book,False,
1775841921.842061,order_placed,890,C,BUY,40,1029,1775841734469,earnings_entry,,,80,1030.5000,-1240.00,-520.00,-1760.00,-83680.00,-1760.00,earnings,earnings,BUY,120,0.020072,True,999.0014,1024,1029,1026.5000,5,2.032694,0.020072,0.000000,-8.0000,,,,,,,,,,-11.3659,-11.3659,0.093734,0.357895,0.548371,0,0,0,book,False,
1775841921.842704,entry_decision,890,C,BUY,40,1029,,earnings,,strength=0.020072 target=120,80,1030.5000,-1240.00,-520.00,-1760.00,-83680.00,-1760.00,earnings,earnings,BUY,120,0.020072,True,999.0014,1024,1029,1026.5000,5,2.032694,0.020072,0.000000,-8.0000,,,,,,,,,,-11.3659,-11.3659,0.093734,0.357895,0.548371,0,0,0,book,False,
1775841921.843219,heartbeat_forced,890,,,,,,,,,80,1030.5000,-1240.00,-520.00,-1760.00,-83680.00,-1760.00,earnings,earnings,BUY,120,0.020072,True,999.0014,1024,1029,1026.5000,5,2.032694,0.020072,0.000000,-8.0000,,,,,,,,,,-11.3659,-11.3659,0.093734,0.357895,0.548371,0,0,0,book,False,
1775841921.880000,fill,890,C,BUY,40,1029,1775841734469,earnings_entry,,,120,1030.0000,-1240.00,-120.00,-1360.00,-124840.00,-1360.00,earnings,earnings,BUY,120,0.020072,True,998.9311,1029,1029,1029.0000,0,2.032694,0.020072,0.000000,-8.0000,,,,,,,,,,-11.3000,-11.3000,0.095500,0.357000,0.547500,0,0,0,book,False,
1775841924.843112,heartbeat,890,,,,,,,,,120,1030.0000,-1240.00,840.00,-400.00,-124840.00,-400.00,earnings,earnings,BUY,120,0.020072,True,999.5116,1037,1041,1039.0000,4,2.032694,0.020072,0.000000,-8.0000,,,,,,,,,,-11.8441,-11.8441,0.087956,0.350325,0.561719,0,0,0,book,False,
1775841927.849164,heartbeat,890,,,,,,,,,120,1030.0000,-1240.00,1560.00,320.00,-124840.00,320.00,earnings,earnings,BUY,120,0.020072,True,998.9577,1043,1046,1044.5000,3,2.032694,0.020072,0.000000,-8.0000,,,,,,,,,,-11.3250,-11.3250,0.094500,0.358000,0.547500,0,0,0,book,False,
1775841930.848798,heartbeat,890,,,,,,,,,120,1030.0000,-1240.00,960.00,-280.00,-124840.00,-280.00,earnings,earnings,BUY,120,0.020072,True,996.1829,1038,1040,1039.0000,2,2.032694,0.020072,0.000000,-8.0000,,,,,,,,,,-8.7195,-8.7195,0.128550,0.394121,0.477329,0,0,0,book,False,
1775841932.051033,macro_eval,948,,BUY,160,,,,candidate,score=-5.50 headline=Rising unemployment claims add urgency to the case for rate relief.,120,1030.0000,-1240.00,720.00,-520.00,-124840.00,-520.00,earnings,earnings,BUY,120,0.020072,True,995.8432,1036,1042,1039.0000,6,2.032694,0.020072,0.000000,-8.0000,,,-5.5000,160,BUY,+0.028489,unstructured,,,-8.4000,-8.4000,0.132000,0.400000,0.468000,0,0,0,book,False,"{'timestamp': 948, 'kind': 'unstructured', 'new_data': {'content': 'Rising unemployment claims add urgency to the case for rate relief.'}}"
1775841932.051464,macro_signal,948,,BUY,160,,,,,score=-5.50 headline=Rising unemployment claims add urgency to the case for rate relief.,120,1030.0000,-1240.00,720.00,-520.00,-124840.00,-520.00,earnings,macro,BUY,160,5.500000,True,1004.3881,1036,1042,1039.0000,6,2.032694,0.020072,0.000000,-8.0000,,,-5.5000,160,BUY,+0.028489,,,,-16.4000,-8.4000,0.132000,0.400000,0.468000,0,0,0,book,False,"{'timestamp': 948, 'kind': 'unstructured', 'new_data': {'content': 'Rising unemployment claims add urgency to the case for rate relief.'}}"
1775841932.052211,order_placed,948,C,BUY,40,1042,1775841734470,macro_entry,,,120,1030.0000,-1240.00,720.00,-520.00,-124840.00,-520.00,earnings,macro,BUY,160,5.500000,True,1004.3881,1036,1042,1039.0000,6,2.032694,0.020072,0.000000,-8.0000,,,,,,,,,,-16.4000,-8.4000,0.132000,0.400000,0.468000,0,0,0,book,False,
1775841932.052428,entry_decision,948,C,BUY,40,1042,,macro,,strength=5.500000 target=160,120,1030.0000,-1240.00,720.00,-520.00,-124840.00,-520.00,macro,macro,BUY,160,5.500000,True,1004.3881,1036,1042,1039.0000,6,2.032694,0.020072,0.000000,-8.0000,,,,,,,,,,-16.4000,-8.4000,0.132000,0.400000,0.468000,0,0,0,book,False,
1775841932.052637,heartbeat_forced,948,,,,,,,,,120,1030.0000,-1240.00,720.00,-520.00,-124840.00,-520.00,macro,macro,BUY,160,5.500000,True,1004.3881,1036,1042,1039.0000,6,2.032694,0.020072,0.000000,-8.0000,,,,,,,,,,-16.4000,-8.4000,0.132000,0.400000,0.468000,0,0,0,book,False,
1775841932.243569,fill,948,C,BUY,40,1042,1775841734470,macro_entry,,,160,1033.0000,-1240.00,1600.00,360.00,-166520.00,360.00,macro,macro,BUY,160,5.500000,True,1004.5807,1043,1040,1041.5000,-3,2.032694,0.020072,0.000000,-8.0000,,,,,,,,,,-16.5794,-8.5794,0.133401,0.390020,0.476578,0,0,0,book,False,
1775841932.244307,order_placed,948,C,SELL,40,1043,1775841734471,long_profit_1,,,160,1033.0000,-1240.00,1600.00,360.00,-166520.00,360.00,macro,macro,BUY,160,5.500000,True,1004.5807,1043,1040,1041.5000,-3,2.032694,0.020072,0.000000,-8.0000,,,,,,,,,,-16.5794,-8.5794,0.133401,0.390020,0.476578,0,0,0,book,False,
1775841932.244500,exit_trigger,948,,,40,,,long_profit_1,long_profit_1,,160,1033.0000,-1240.00,1600.00,360.00,-166520.00,360.00,macro,macro,BUY,160,5.500000,True,1004.5807,1043,1040,1041.5000,-3,2.032694,0.020072,0.000000,-8.0000,,,,,,,,,,-16.5794,-8.5794,0.133401,0.390020,0.476578,0,0,0,book,False,
1775841932.244744,heartbeat_forced,948,,,,,,,,,160,1033.0000,-1240.00,1600.00,360.00,-166520.00,360.00,macro,macro,BUY,160,5.500000,True,1004.5807,1043,1040,1041.5000,-3,2.032694,0.020072,0.000000,-8.0000,,,,,,,,,,-16.5794,-8.5794,0.133401,0.390020,0.476578,0,0,0,book,False,
1775841932.275030,fill,948,C,SELL,40,1048,1775841734471,long_profit_1,,,120,1033.0000,-640.00,1800.00,1160.00,-124600.00,1160.00,macro,macro,BUY,160,5.500000,True,1007.3870,1048,1043,1045.5000,-5,2.032694,0.020072,0.000000,-8.0000,,,,,,,,,,-19.1892,-11.1892,0.094330,0.363773,0.541897,0,0,0,book,False,
1775841932.275551,order_placed,948,C,SELL,40,1048,1775841734472,gap_compress,,,120,1033.0000,-640.00,1800.00,1160.00,-124600.00,1160.00,macro,macro,BUY,160,5.500000,True,1007.3870,1048,1043,1045.5000,-5,2.032694,0.020072,0.000000,-8.0000,,,,,,,,,,-19.1892,-11.1892,0.094330,0.363773,0.541897,0,0,0,book,False,
1775841932.275717,exit_trigger,948,,,40,,,gap_compress,gap_compress,,120,1033.0000,-640.00,1800.00,1160.00,-124600.00,1160.00,macro,macro,BUY,160,5.500000,True,1007.3870,1048,1043,1045.5000,-5,2.032694,0.020072,0.000000,-8.0000,,,,,,,,,,-19.1892,-11.1892,0.094330,0.363773,0.541897,0,0,0,book,False,
1775841932.275888,heartbeat_forced,948,,,,,,,,,120,1033.0000,-640.00,1800.00,1160.00,-124600.00,1160.00,macro,macro,BUY,160,5.500000,True,1007.3870,1048,1043,1045.5000,-5,2.032694,0.020072,0.000000,-8.0000,,,,,,,,,,-19.1892,-11.1892,0.094330,0.363773,0.541897,0,0,0,book,False,
1775841932.308449,fill,948,C,SELL,40,1048,1775841734472,gap_compress,,,80,1033.0000,-40.00,1200.00,1160.00,-82680.00,1160.00,macro,macro,BUY,160,5.500000,True,1007.3870,1048,1048,1048.0000,0,2.032694,0.020072,0.000000,-8.0000,,,,,,,,,,-19.1892,-11.1892,0.094330,0.363773,0.541897,0,0,0,book,False,
1775841932.309276,order_placed,948,C,SELL,40,1048,1775841734473,gap_compress,,,80,1033.0000,-40.00,1200.00,1160.00,-82680.00,1160.00,macro,macro,BUY,160,5.500000,True,1007.3870,1048,1048,1048.0000,0,2.032694,0.020072,0.000000,-8.0000,,,,,,,,,,-19.1892,-11.1892,0.094330,0.363773,0.541897,0,0,0,book,False,
1775841932.309507,exit_trigger,948,,,40,,,gap_compress,gap_compress,,80,1033.0000,-40.00,1200.00,1160.00,-82680.00,1160.00,macro,macro,BUY,160,5.500000,True,1007.3870,1048,1048,1048.0000,0,2.032694,0.020072,0.000000,-8.0000,,,,,,,,,,-19.1892,-11.1892,0.094330,0.363773,0.541897,0,0,0,book,False,
1775841932.309786,heartbeat_forced,948,,,,,,,,,80,1033.0000,-40.00,1200.00,1160.00,-82680.00,1160.00,macro,macro,BUY,160,5.500000,True,1007.3870,1048,1048,1048.0000,0,2.032694,0.020072,0.000000,-8.0000,,,,,,,,,,-19.1892,-11.1892,0.094330,0.363773,0.541897,0,0,0,book,False,
1775841932.338277,fill,948,C,SELL,35,1048,1775841734473,gap_compress,,,45,1033.0000,485.00,675.00,1160.00,-46000.00,1160.00,macro,macro,BUY,160,5.500000,True,1007.3870,1048,1048,1048.0000,0,2.032694,0.020072,0.000000,-8.0000,,,,,,,,,,-19.1892,-11.1892,0.094330,0.363773,0.541897,0,0,0,book,False,
1775841932.453655,fill,948,C,SELL,5,1048,1775841734473,gap_compress,,,40,1033.0000,560.00,720.00,1280.00,-40760.00,1280.00,macro,macro,BUY,160,5.500000,True,1007.6663,1051,1048,1049.5000,-3,2.032694,0.020072,0.000000,-8.0000,,,,,,,,,,-19.4485,-11.4485,0.092583,0.356894,0.550523,0,0,0,book,False,
1775841932.454303,order_placed,948,C,SELL,40,1051,1775841734474,gap_compress,,,40,1033.0000,560.00,720.00,1280.00,-40760.00,1280.00,macro,macro,BUY,160,5.500000,True,1007.6663,1051,1048,1049.5000,-3,2.032694,0.020072,0.000000,-8.0000,,,,,,,,,,-19.4485,-11.4485,0.092583,0.356894,0.550523,0,0,0,book,False,
1775841932.454620,exit_trigger,948,,,40,,,gap_compress,gap_compress,,40,1033.0000,560.00,720.00,1280.00,-40760.00,1280.00,macro,macro,BUY,160,5.500000,True,1007.6663,1051,1048,1049.5000,-3,2.032694,0.020072,0.000000,-8.0000,,,,,,,,,,-19.4485,-11.4485,0.092583,0.356894,0.550523,0,0,0,book,False,
1775841932.455082,heartbeat_forced,948,,,,,,,,,40,1033.0000,560.00,720.00,1280.00,-40760.00,1280.00,macro,macro,BUY,160,5.500000,True,1007.6663,1051,1048,1049.5000,-3,2.032694,0.020072,0.000000,-8.0000,,,,,,,,,,-19.4485,-11.4485,0.092583,0.356894,0.550523,0,0,0,book,False,
1775841932.483682,fill,948,C,SELL,40,1051,1775841734474,gap_compress,,,0,,1280.00,0.00,1280.00,1280.00,1280.00,flat,,,,,,1007.6663,1051,1051,1051.0000,0,2.032694,0.020072,0.000000,-8.0000,,,,,,,,,,-19.4485,-11.4485,0.092583,0.356894,0.550523,0,0,0,flat,False,
1775841935.456928,heartbeat,948,,,,,,,,,0,,1280.00,0.00,1280.00,1280.00,1280.00,flat,,,,,,1008.1273,1050,1053,1051.5000,3,2.032694,0.020072,0.000000,-8.0000,,,,,,,,,,-19.8762,-11.8762,0.087325,0.350299,0.562375,0,0,0,flat,False,
1775841938.457009,heartbeat,948,,,,,,,,,0,,1280.00,0.00,1280.00,1280.00,1280.00,flat,,,,,,1007.6606,1043,1046,1044.5000,3,2.032694,0.020072,0.000000,-8.0000,,,,,,,,,,-19.4432,-11.4432,0.092046,0.358179,0.549775,0,0,0,flat,False,
1775841941.457164,heartbeat,948,,,,,,,,,0,,1280.00,0.00,1280.00,1280.00,1280.00,flat,,,,,,998.1714,1038,1040,1039.0000,2,2.032694,0.020072,0.000000,-8.0000,,,,,,,,,,-10.5875,-10.5875,0.102000,0.372500,0.525500,0,0,0,flat,False,
1775841942.440489,news_ignored,1000,,,,,,,non_signal_news,,0,,1280.00,0.00,1280.00,1280.00,1280.00,flat,,,,,,998.3483,1039,1043,1041.0000,4,2.032694,0.020072,0.000000,-8.0000,,,,,,,structured,petition,,-10.7535,-10.7535,0.099800,0.370259,0.529940,0,0,0,flat,False,"{'timestamp': 1000, 'kind': 'structured', 'new_data': {'new_signatures': 0, 'cumulative': 0, 'asset': '', 'structured_subtype': 'petition'}}"
1775841943.243965,macro_eval,1004,,,0,,,,below_threshold,score=+0.00 headline=A loses key distribution partnership unexpectedly.,0,,1280.00,0.00,1280.00,1280.00,1280.00,flat,,,,,,994.9403,1027,1032,1029.5000,5,2.032694,0.020072,0.000000,-8.0000,,,0.0000,0,,+0.028489,unstructured,,,-7.5500,-7.5500,0.143000,0.412000,0.445000,0,0,0,flat,False,"{'timestamp': 1004, 'kind': 'unstructured', 'new_data': {'content': 'A loses key distribution partnership unexpectedly.'}}"
1775841943.244267,news_ignored,1004,,,,,,,weak_macro_news,score=+0.00,0,,1280.00,0.00,1280.00,1280.00,1280.00,flat,,,,,,994.9403,1027,1032,1029.5000,5,2.032694,0.020072,0.000000,-8.0000,,,0.0000,0,,+0.028489,unstructured,,,-7.5500,-7.5500,0.143000,0.412000,0.445000,0,0,0,flat,False,"{'timestamp': 1004, 'kind': 'unstructured', 'new_data': {'content': 'A loses key distribution partnership unexpectedly.'}}"
1775841944.444035,earnings_signal,1010,,BUY,120,,,,,old=2.032694 new=2.050808 delta=+0.018114,0,,1280.00,0.00,1280.00,1280.00,1280.00,flat,earnings,BUY,120,0.018114,True,1002.3278,1024,1027,1025.5000,3,2.050808,0.018114,0.000000,-8.0000,,,,,,,,,,-8.4414,-8.4414,0.129676,0.402993,0.467332,0,0,0,flat,False,
1775841944.445642,order_placed,1010,C,BUY,40,1027,1775841734475,earnings_entry,,,0,,1280.00,0.00,1280.00,1280.00,1280.00,flat,earnings,BUY,120,0.018114,True,1002.3278,1024,1027,1025.5000,3,2.050808,0.018114,0.000000,-8.0000,,,,,,,,,,-8.4414,-8.4414,0.129676,0.402993,0.467332,0,0,0,flat,False,
1775841944.446002,entry_decision,1010,C,BUY,40,1027,,earnings,,strength=0.018114 target=120,0,,1280.00,0.00,1280.00,1280.00,1280.00,earnings,earnings,BUY,120,0.018114,True,1002.3278,1024,1027,1025.5000,3,2.050808,0.018114,0.000000,-8.0000,,,,,,,,,,-8.4414,-8.4414,0.129676,0.402993,0.467332,0,0,0,flat,False,
1775841944.446293,heartbeat_forced,1010,,,,,,,,,0,,1280.00,0.00,1280.00,1280.00,1280.00,earnings,earnings,BUY,120,0.018114,True,1002.3278,1024,1027,1025.5000,3,2.050808,0.018114,0.000000,-8.0000,,,,,,,,,,-8.4414,-8.4414,0.129676,0.402993,0.467332,0,0,0,flat,False,
1775841944.478204,fill,1010,C,BUY,40,1027,1775841734475,earnings_entry,,,40,1027.0000,1280.00,0.00,1280.00,-39800.00,1280.00,earnings,earnings,BUY,120,0.018114,True,1002.3994,1027,1027,1027.0000,0,2.050808,0.018114,0.000000,-8.0000,,,,,,,,,,-8.5082,-8.5082,0.127936,0.403798,0.468266,0,0,0,book,False,
1775841944.759815,order_placed,1010,C,BUY,40,1027,1775841734476,earnings_entry,,,40,1027.0000,1280.00,-160.00,1120.00,-39800.00,1120.00,earnings,earnings,BUY,120,0.018114,True,1002.2254,1023,1027,1025.0000,4,2.050808,0.018114,0.000000,-8.0000,,,,,,,,,,-8.3458,-8.3458,0.130935,0.404298,0.464768,0,0,0,book,False,
1775841944.760290,entry_decision,1010,C,BUY,40,1027,,earnings,,strength=0.018114 target=120,40,1027.0000,1280.00,-160.00,1120.00,-39800.00,1120.00,earnings,earnings,BUY,120,0.018114,True,1002.2254,1023,1027,1025.0000,4,2.050808,0.018114,0.000000,-8.0000,,,,,,,,,,-8.3458,-8.3458,0.130935,0.404298,0.464768,0,0,0,book,False,
1775841944.760578,heartbeat_forced,1010,,,,,,,,,40,1027.0000,1280.00,-160.00,1120.00,-39800.00,1120.00,earnings,earnings,BUY,120,0.018114,True,1002.2254,1023,1027,1025.0000,4,2.050808,0.018114,0.000000,-8.0000,,,,,,,,,,-8.3458,-8.3458,0.130935,0.404298,0.464768,0,0,0,book,False,
1775841944.789407,fill,1010,C,BUY,40,1027,1775841734476,earnings_entry,,,80,1027.0000,1280.00,0.00,1280.00,-80880.00,1280.00,earnings,earnings,BUY,120,0.018114,True,1002.2254,1027,1027,1027.0000,0,2.050808,0.018114,0.000000,-8.0000,,,,,,,,,,-8.3458,-8.3458,0.130935,0.404298,0.464768,0,0,0,book,False,
1775841945.041052,order_placed,1010,C,BUY,40,1025,1775841734477,earnings_entry,,,80,1027.0000,1280.00,-480.00,800.00,-80880.00,800.00,earnings,earnings,BUY,120,0.018114,True,1001.9806,1021,1025,1023.0000,4,2.050808,0.018114,0.000000,-8.0000,,,,,,,,,,-8.1172,-8.1172,0.134165,0.406983,0.458853,0,0,0,book,False,
1775841945.041291,entry_decision,1010,C,BUY,40,1025,,earnings,,strength=0.018114 target=120,80,1027.0000,1280.00,-480.00,800.00,-80880.00,800.00,earnings,earnings,BUY,120,0.018114,True,1001.9806,1021,1025,1023.0000,4,2.050808,0.018114,0.000000,-8.0000,,,,,,,,,,-8.1172,-8.1172,0.134165,0.406983,0.458853,0,0,0,book,False,
1775841945.041580,heartbeat_forced,1010,,,,,,,,,80,1027.0000,1280.00,-480.00,800.00,-80880.00,800.00,earnings,earnings,BUY,120,0.018114,True,1001.9806,1021,1025,1023.0000,4,2.050808,0.018114,0.000000,-8.0000,,,,,,,,,,-8.1172,-8.1172,0.134165,0.406983,0.458853,0,0,0,book,False,
1775841945.241467,entry_blocked,1010,,,120,,,earnings,live_order,,80,1027.0000,1280.00,-160.00,1120.00,-80880.00,1120.00,earnings,earnings,BUY,120,0.018114,True,1001.7656,1025,1026,1025.5000,1,2.050808,0.018114,0.000000,-8.0000,,,,,,,,,,-7.9165,-7.9165,0.137569,0.408204,0.454227,0,0,0,book,False,
1775841945.245611,fill,1010,C,BUY,40,1025,1775841734477,earnings_entry,,,120,1026.3333,1280.00,-160.00,1120.00,-121880.00,1120.00,earnings,earnings,BUY,120,0.018114,True,1001.7656,1025,1022,1023.5000,-3,2.050808,0.018114,0.000000,-8.0000,,,,,,,,,,-7.9165,-7.9165,0.137569,0.408204,0.454227,0,0,0,book,False,
1775841948.042458,heartbeat,1010,,,,,,,,,120,1026.3333,1280.00,-280.00,1000.00,-121880.00,1000.00,earnings,earnings,BUY,120,0.018114,True,1001.5524,1024,1028,1026.0000,4,2.050808,0.018114,0.000000,-8.0000,,,,,,,,,,-7.7173,-7.7173,0.139361,0.412587,0.448052,0,0,0,book,False,
1775841951.043727,heartbeat,1010,,,,,,,,,120,1026.3333,1280.00,1160.00,2440.00,-121880.00,2440.00,earnings,earnings,BUY,120,0.018114,True,1002.8356,1036,1038,1037.0000,2,2.050808,0.018114,0.000000,-8.0000,,,,,,,,,,-8.9152,-8.9152,0.122693,0.398005,0.479302,0,0,0,book,False,
1775841954.044989,heartbeat,1010,,,,,,,,,120,1026.3333,1280.00,800.00,2080.00,-121880.00,2080.00,earnings,earnings,BUY,120,0.018114,True,1002.6464,1033,1037,1035.0000,4,2.050808,0.018114,0.000000,-8.0000,,,,,,,,,,-8.7387,-8.7387,0.124373,0.401705,0.473922,0,0,0,book,False,
1775841955.650717,macro_eval,1066,,BUY,0,,,,below_threshold,"score=-1.50 headline=Manufacturing contraction deepens, adding to evidence of economic softening.",120,1026.3333,1280.00,1760.00,3040.00,-121880.00,3040.00,earnings,earnings,BUY,120,0.018114,True,1004.2193,1041,1045,1043.0000,4,2.050808,0.018114,0.000000,-8.0000,,,-1.5000,0,BUY,+0.046603,unstructured,,,-10.2051,-10.2051,0.105053,0.381691,0.513257,0,0,0,book,False,"{'timestamp': 1066, 'kind': 'unstructured', 'new_data': {'content': 'Manufacturing contraction deepens, adding to evidence of economic softening.'}}"
1775841955.651023,news_ignored,1066,,,,,,,weak_macro_news,score=-1.50,120,1026.3333,1280.00,1760.00,3040.00,-121880.00,3040.00,earnings,earnings,BUY,120,0.018114,True,1004.2193,1041,1045,1043.0000,4,2.050808,0.018114,0.000000,-8.0000,,,-1.5000,0,BUY,+0.046603,unstructured,,,-10.2051,-10.2051,0.105053,0.381691,0.513257,0,0,0,book,False,"{'timestamp': 1066, 'kind': 'unstructured', 'new_data': {'content': 'Manufacturing contraction deepens, adding to evidence of economic softening.'}}"
1775841955.665211,order_placed,1066,C,SELL,40,1054,1775841734478,long_profit_1,,,120,1026.3333,1280.00,3320.00,4600.00,-121880.00,4600.00,earnings,earnings,BUY,120,0.018114,True,1004.8754,1054,1045,1049.5000,-9,2.050808,0.018114,0.000000,-8.0000,,,,,,,,,,-10.8160,-10.8160,0.089985,0.387392,0.522623,0,0,0,book,False,
1775841955.665463,exit_trigger,1066,,,40,,,long_profit_1,long_profit_1,,120,1026.3333,1280.00,3320.00,4600.00,-121880.00,4600.00,earnings,earnings,BUY,120,0.018114,True,1004.8754,1054,1045,1049.5000,-9,2.050808,0.018114,0.000000,-8.0000,,,,,,,,,,-10.8160,-10.8160,0.089985,0.387392,0.522623,0,0,0,book,False,
1775841955.665670,heartbeat_forced,1066,,,,,,,,,120,1026.3333,1280.00,3320.00,4600.00,-121880.00,4600.00,earnings,earnings,BUY,120,0.018114,True,1004.8754,1054,1045,1049.5000,-9,2.050808,0.018114,0.000000,-8.0000,,,,,,,,,,-10.8160,-10.8160,0.089985,0.387392,0.522623,0,0,0,book,False,
1775841956.242614,fill,1066,C,SELL,40,1054,1775841734478,long_profit_1,,,80,1026.3333,2386.67,2213.33,4600.00,-79720.00,4600.00,earnings,earnings,BUY,120,0.018114,True,1007.7267,1054,1054,1054.0000,0,2.050808,0.018114,0.000000,-8.0000,,,,,,,,,,-13.4654,-13.4654,0.068706,0.323972,0.607322,0,0,0,book,False,
1775841956.269378,cancel_response,1066,,,,,1775841734478,,,success=False error=No such order: 1775841734478,80,1026.3333,2386.67,2213.33,4600.00,-79720.00,4600.00,earnings,earnings,BUY,120,0.018114,True,1007.7971,1054,1058,1056.0000,4,2.050808,0.018114,0.000000,-8.0000,,,,,,,,,,-13.5307,-13.5307,0.066967,0.324838,0.608196,0,0,0,book,False,
1775841958.844687,heartbeat,1066,,,,,,,,,80,1026.3333,2386.67,2133.33,4520.00,-79720.00,4520.00,earnings,earnings,BUY,120,0.018114,True,1008.2042,1053,1057,1055.0000,4,2.050808,0.018114,0.000000,-8.0000,,,,,,,,,,-13.9083,-13.9083,0.062812,0.318046,0.619143,0,0,0,book,False,
1775841961.847427,heartbeat,1066,,,,,,,,,80,1026.3333,2386.67,2533.33,4920.00,-79720.00,4920.00,earnings,earnings,BUY,120,0.018114,True,1009.4579,1058,1062,1060.0000,4,2.050808,0.018114,0.000000,-8.0000,,,,,,,,,,-15.0699,-15.0699,0.051896,0.293413,0.654691,0,0,0,book,False,
1775841964.852387,heartbeat,1066,,,,,,,,,80,1026.3333,2386.67,2773.33,5160.00,-79720.00,5160.00,earnings,earnings,BUY,120,0.018114,False,1010.7699,1061,1064,1062.5000,3,2.050808,0.018114,0.000000,-8.0000,,,,,,,,,,-16.2837,-16.2837,0.041958,0.264735,0.693307,0,0,0,book,False,
1775841967.852983,heartbeat,1066,,,,,,,,,80,1026.3333,2386.67,2453.33,4840.00,-79720.00,4840.00,earnings,earnings,BUY,120,0.018114,False,1011.6533,1057,1058,1057.5000,1,2.050808,0.018114,0.000000,-8.0000,,,,,,,,,,-17.1000,-17.1000,0.034000,0.248000,0.718000,0,0,0,book,False,
1775841970.853080,heartbeat,1066,,,,,,,,,80,1026.3333,2386.67,2613.33,5000.00,-79720.00,5000.00,earnings,earnings,BUY,120,0.018114,False,1011.2473,1059,1062,1060.5000,3,2.050808,0.018114,0.000000,-8.0000,,,,,,,,,,-16.7250,-16.7250,0.037500,0.256000,0.706500,0,0,0,book,False,
1775841971.444262,order_placed,1066,C,SELL,40,1065,1775841734479,long_profit_2,,,80,1026.3333,2386.67,3093.33,5480.00,-79720.00,5480.00,earnings,earnings,BUY,120,0.018114,False,1011.4594,1065,1065,1065.0000,0,2.050808,0.018114,0.000000,-8.0000,,,,,,,,,,-16.9210,-16.9210,0.036018,0.251126,0.712856,0,0,0,book,False,
1775841971.444674,exit_trigger,1066,,,40,,,long_profit_2,long_profit_2,,80,1026.3333,2386.67,3093.33,5480.00,-79720.00,5480.00,earnings,earnings,BUY,120,0.018114,False,1011.4594,1065,1065,1065.0000,0,2.050808,0.018114,0.000000,-8.0000,,,,,,,,,,-16.9210,-16.9210,0.036018,0.251126,0.712856,0,0,0,book,False,
1775841971.445602,heartbeat_forced,1066,,,,,,,,,80,1026.3333,2386.67,3093.33,5480.00,-79720.00,5480.00,earnings,earnings,BUY,120,0.018114,False,1011.4594,1065,1065,1065.0000,0,2.050808,0.018114,0.000000,-8.0000,,,,,,,,,,-16.9210,-16.9210,0.036018,0.251126,0.712856,0,0,0,book,False,
1775841972.072956,cancel_response,1066,C,SELL,40,1065,1775841734479,long_profit_2,,success=True error=None,80,1026.3333,2386.67,2613.33,5000.00,-79720.00,5000.00,earnings,earnings,BUY,120,0.018114,False,1011.0355,1059,1063,1061.0000,4,2.050808,0.018114,0.000000,-8.0000,,,,,,,,,,-16.5292,-16.5292,0.037981,0.262869,0.699150,0,0,0,book,False,
1775841974.445243,heartbeat,1066,,,,,,,,,80,1026.3333,2386.67,2853.33,5240.00,-79720.00,5240.00,earnings,earnings,BUY,120,0.018114,False,1011.1616,1062,1065,1063.5000,3,2.050808,0.018114,0.000000,-8.0000,,,,,,,,,,-16.6458,-16.6458,0.037632,0.258906,0.703462,0,0,0,book,False,
1775841977.445722,heartbeat,1066,,,,,,,,,80,1026.3333,2386.67,2933.33,5320.00,-79720.00,5320.00,earnings,earnings,BUY,120,0.018114,False,1012.0540,1063,1067,1065.0000,4,2.050808,0.018114,0.000000,-8.0000,,,,,,,,,,-17.4700,-17.4700,0.031469,0.238262,0.730270,0,0,0,book,False,
1775841980.446262,heartbeat,1066,,,,,,,,,80,1026.3333,2386.67,2933.33,5320.00,-79720.00,5320.00,earnings,earnings,BUY,120,0.018114,False,1012.1772,1063,1067,1065.0000,4,2.050808,0.018114,0.000000,-8.0000,,,,,,,,,,-17.5838,-17.5838,0.030515,0.235618,0.733867,0,0,0,book,False,
1775841982.441487,news_ignored,1200,,,,,,,non_signal_news,,80,1026.3333,2386.67,2613.33,5000.00,-79720.00,5000.00,earnings,earnings,BUY,120,0.018114,False,1011.6384,1059,1063,1061.0000,4,2.050808,0.018114,0.000000,-8.0000,,,,,,,structured,petition,,-17.0862,-17.0862,0.034397,0.247757,0.717846,0,0,0,book,False,"{'timestamp': 1200, 'kind': 'structured', 'new_data': {'new_signatures': 0, 'cumulative': 0, 'asset': '', 'structured_subtype': 'petition'}}"
1775841983.446878,heartbeat,1200,,,,,,,,,80,1026.3333,2386.67,2373.33,4760.00,-79720.00,4760.00,earnings,earnings,BUY,120,0.018114,False,1011.0490,1056,1059,1057.5000,3,2.050808,0.018114,0.000000,-8.0000,,,,,,,,,,-16.5417,-16.5417,0.037481,0.263368,0.699150,0,0,0,book,False,
1775841986.448025,heartbeat,1200,,,,,,,,,80,1026.3333,2386.67,2053.33,4440.00,-79720.00,4440.00,earnings,earnings,BUY,120,0.018114,False,1011.7074,1052,1056,1054.0000,4,2.050808,0.018114,0.000000,-8.0000,,,,,,,,,,-17.1500,-17.1500,0.033000,0.248000,0.719000,0,0,0,book,False,
1775841989.447996,heartbeat,1200,,,,,,,,,80,1026.3333,2386.67,1733.33,4120.00,-79720.00,4120.00,earnings,earnings,BUY,120,0.018114,False,1009.4797,1048,1052,1050.0000,4,2.050808,0.018114,0.000000,-8.0000,,,,,,,,,,-15.0901,-15.0901,0.046547,0.303303,0.650150,0,0,0,book,False,
1775841992.448941,heartbeat,1200,,,,,,,,,80,1026.3333,2386.67,1893.33,4280.00,-79720.00,4280.00,earnings,earnings,BUY,120,0.018114,False,1008.8234,1050,1052,1051.0000,2,2.050808,0.018114,0.000000,-8.0000,,,,,,,,,,-14.4822,-14.4822,0.054027,0.312656,0.633317,0,0,0,book,False,
1775841995.449582,heartbeat,1200,,,,,,,,,80,1026.3333,2386.67,2053.33,4440.00,-79720.00,4440.00,earnings,earnings,BUY,120,0.018114,False,1008.8696,1052,1056,1054.0000,4,2.050808,0.018114,0.000000,-8.0000,,,,,,,,,,-14.5250,-14.5250,0.053000,0.313000,0.634000,0,0,0,book,False,
1775841996.851867,macro_eval,1272,,,0,,,,below_threshold,score=+0.00 headline=Committee members express a wide range of views on the neutral rate.,80,1026.3333,2386.67,2213.33,4600.00,-79720.00,4600.00,earnings,earnings,BUY,120,0.018114,False,1009.3986,1054,1059,1056.5000,5,2.050808,0.018114,0.000000,-8.0000,,,0.0000,0,,+0.046603,unstructured,,,-15.0150,-15.0150,0.049426,0.300549,0.650025,0,0,0,book,False,"{'timestamp': 1272, 'kind': 'unstructured', 'new_data': {'content': 'Committee members express a wide range of views on the neutral rate.'}}"
1775841996.852178,news_ignored,1272,,,,,,,weak_macro_news,score=+0.00,80,1026.3333,2386.67,2213.33,4600.00,-79720.00,4600.00,earnings,earnings,BUY,120,0.018114,False,1009.3986,1054,1059,1056.5000,5,2.050808,0.018114,0.000000,-8.0000,,,0.0000,0,,+0.046603,unstructured,,,-15.0150,-15.0150,0.049426,0.300549,0.650025,0,0,0,book,False,"{'timestamp': 1272, 'kind': 'unstructured', 'new_data': {'content': 'Committee members express a wide range of views on the neutral rate.'}}"
1775841998.449618,heartbeat,1272,,,,,,,,,80,1026.3333,2386.67,2773.33,5160.00,-79720.00,5160.00,earnings,earnings,BUY,120,0.018114,False,1011.2339,1061,1064,1062.5000,3,2.050808,0.018114,0.000000,-8.0000,,,,,,,,,,-16.7126,-16.7126,0.034552,0.262394,0.703055,0,0,0,book,False,
1775842001.449589,heartbeat,1272,,,,,,,,,80,1026.3333,2386.67,2773.33,5160.00,-79720.00,5160.00,earnings,earnings,BUY,120,0.018114,False,1011.1797,1061,1062,1061.5000,1,2.050808,0.018114,0.000000,-8.0000,,,,,,,,,,-16.6625,-16.6625,0.035660,0.262180,0.702160,0,0,0,book,False,
1775842002.043395,macro_eval,1298,,,0,,,,below_threshold,score=+0.00 headline=A key role in a major renewable energy project has been assigned to A.,80,1026.3333,2386.67,2853.33,5240.00,-79720.00,5240.00,earnings,earnings,BUY,120,0.018114,False,1011.6262,1062,1064,1063.0000,2,2.050808,0.018114,0.000000,-8.0000,,,0.0000,0,,+0.046603,unstructured,,,-17.0750,-17.0750,0.032500,0.252000,0.715500,0,0,0,book,False,"{'timestamp': 1298, 'kind': 'unstructured', 'new_data': {'content': 'A key role in a major renewable energy project has been assigned to A.'}}"
1775842002.043869,news_ignored,1298,,,,,,,weak_macro_news,score=+0.00,80,1026.3333,2386.67,2853.33,5240.00,-79720.00,5240.00,earnings,earnings,BUY,120,0.018114,False,1011.6262,1062,1064,1063.0000,2,2.050808,0.018114,0.000000,-8.0000,,,0.0000,0,,+0.046603,unstructured,,,-17.0750,-17.0750,0.032500,0.252000,0.715500,0,0,0,book,False,"{'timestamp': 1298, 'kind': 'unstructured', 'new_data': {'content': 'A key role in a major renewable energy project has been assigned to A.'}}"
1775842004.451583,heartbeat,1298,,,,,,,,,80,1026.3333,2386.67,2293.33,4680.00,-79720.00,4680.00,earnings,earnings,BUY,120,0.018114,False,1009.0259,1055,1059,1057.0000,4,2.050808,0.018114,0.000000,-8.0000,,,,,,,,,,-14.6698,-14.6698,0.052026,0.309155,0.638819,0,0,0,book,False,
1775842004.642580,order_placed,1298,C,SELL,40,1056,1775841734480,max_hold,,,80,1026.3333,2386.67,2373.33,4760.00,-79720.00,4760.00,earnings,earnings,BUY,120,0.018114,False,1009.0259,1056,1060,1058.0000,4,2.050808,0.018114,0.000000,-8.0000,,,,,,,,,,-14.6698,-14.6698,0.052026,0.309155,0.638819,0,0,0,book,False,
1775842004.643313,exit_trigger,1298,,,40,,,max_hold,max_hold,,80,1026.3333,2386.67,2373.33,4760.00,-79720.00,4760.00,earnings,earnings,BUY,120,0.018114,False,1009.0259,1056,1060,1058.0000,4,2.050808,0.018114,0.000000,-8.0000,,,,,,,,,,-14.6698,-14.6698,0.052026,0.309155,0.638819,0,0,0,book,False,
1775842004.643765,heartbeat_forced,1298,,,,,,,,,80,1026.3333,2386.67,2373.33,4760.00,-79720.00,4760.00,earnings,earnings,BUY,120,0.018114,False,1009.0259,1056,1060,1058.0000,4,2.050808,0.018114,0.000000,-8.0000,,,,,,,,,,-14.6698,-14.6698,0.052026,0.309155,0.638819,0,0,0,book,False,
1775842005.243112,order_placed,1298,C,SELL,40,1054,1775841734481,max_hold,,,80,1026.3333,2386.67,2213.33,4600.00,-79720.00,4600.00,earnings,earnings,BUY,120,0.018114,False,1009.2150,1054,1056,1055.0000,2,2.050808,0.018114,0.000000,-8.0000,,,,,,,,,,-14.8449,-14.8449,0.050025,0.306153,0.643822,0,0,0,book,False,
1775842005.243375,exit_trigger,1298,,,40,,,max_hold,max_hold,,80,1026.3333,2386.67,2213.33,4600.00,-79720.00,4600.00,earnings,earnings,BUY,120,0.018114,False,1009.2150,1054,1056,1055.0000,2,2.050808,0.018114,0.000000,-8.0000,,,,,,,,,,-14.8449,-14.8449,0.050025,0.306153,0.643822,0,0,0,book,False,
1775842005.243699,heartbeat_forced,1298,,,,,,,,,80,1026.3333,2386.67,2213.33,4600.00,-79720.00,4600.00,earnings,earnings,BUY,120,0.018114,False,1009.2150,1054,1056,1055.0000,2,2.050808,0.018114,0.000000,-8.0000,,,,,,,,,,-14.8449,-14.8449,0.050025,0.306153,0.643822,0,0,0,book,False,
1775842005.270864,cancel_response,1298,C,SELL,40,1056,1775841734480,max_hold,,success=True error=None,80,1026.3333,2386.67,2213.33,4600.00,-79720.00,4600.00,earnings,earnings,BUY,120,0.018114,False,1009.3095,1054,1058,1056.0000,4,2.050808,0.018114,0.000000,-8.0000,,,,,,,,,,-14.9325,-14.9325,0.049025,0.304652,0.646323,0,0,0,book,False,
1775842005.273683,fill,1298,C,SELL,40,1054,1775841734481,max_hold,,,40,1026.3333,3493.33,1106.67,4600.00,-37560.00,4600.00,earnings,earnings,BUY,120,0.018114,False,1009.3095,1054,1054,1054.0000,0,2.050808,0.018114,0.000000,-8.0000,,,,,,,,,,-14.9325,-14.9325,0.049025,0.304652,0.646323,0,0,0,book,False,
1775842005.274472,order_placed,1298,C,SELL,40,1054,1775841734482,max_hold,,,40,1026.3333,3493.33,1106.67,4600.00,-37560.00,4600.00,earnings,earnings,BUY,120,0.018114,False,1009.3095,1054,1054,1054.0000,0,2.050808,0.018114,0.000000,-8.0000,,,,,,,,,,-14.9325,-14.9325,0.049025,0.304652,0.646323,0,0,0,book,False,
1775842005.274746,exit_trigger,1298,,,40,,,max_hold,max_hold,,40,1026.3333,3493.33,1106.67,4600.00,-37560.00,4600.00,earnings,earnings,BUY,120,0.018114,False,1009.3095,1054,1054,1054.0000,0,2.050808,0.018114,0.000000,-8.0000,,,,,,,,,,-14.9325,-14.9325,0.049025,0.304652,0.646323,0,0,0,book,False,
1775842005.275162,heartbeat_forced,1298,,,,,,,,,40,1026.3333,3493.33,1106.67,4600.00,-37560.00,4600.00,earnings,earnings,BUY,120,0.018114,False,1009.3095,1054,1054,1054.0000,0,2.050808,0.018114,0.000000,-8.0000,,,,,,,,,,-14.9325,-14.9325,0.049025,0.304652,0.646323,0,0,0,book,False,
1775842005.305952,fill,1298,C,SELL,40,1054,1775841734482,max_hold,,,0,,4600.00,0.00,4600.00,4600.00,4600.00,flat,,,,,,1009.3095,1054,1054,1054.0000,0,2.050808,0.018114,0.000000,-8.0000,,,,,,,,,,-14.9325,-14.9325,0.049025,0.304652,0.646323,0,0,0,flat,False,
1775842008.286863,heartbeat,1298,,,,,,,,,0,,4600.00,0.00,4600.00,4600.00,4600.00,flat,,,,,,1006.4916,1048,1052,1050.0000,4,2.050808,0.018114,0.000000,-8.0000,,,,,,,,,,-12.3188,-12.3188,0.073963,0.359320,0.566717,0,0,0,flat,False,
1775842010.445789,earnings_signal,1340,,BUY,200,,,,,old=2.050808 new=2.124208 delta=+0.073400,0,,4600.00,0.00,4600.00,4600.00,4600.00,flat,earnings,BUY,200,0.073400,True,1032.1911,1042,1048,1045.0000,6,2.124208,0.073400,0.000000,-8.0000,,,,,,,,,,-11.8408,-11.8408,0.078353,0.369663,0.551984,0,0,0,flat,False,
1775842010.446626,order_placed,1340,C,BUY,40,1048,1775841734483,earnings_entry,,,0,,4600.00,0.00,4600.00,4600.00,4600.00,flat,earnings,BUY,200,0.073400,True,1032.1911,1042,1048,1045.0000,6,2.124208,0.073400,0.000000,-8.0000,,,,,,,,,,-11.8408,-11.8408,0.078353,0.369663,0.551984,0,0,0,flat,False,
1775842010.446967,entry_decision,1340,C,BUY,40,1048,,earnings,,strength=0.073400 target=200,0,,4600.00,0.00,4600.00,4600.00,4600.00,earnings,earnings,BUY,200,0.073400,True,1032.1911,1042,1048,1045.0000,6,2.124208,0.073400,0.000000,-8.0000,,,,,,,,,,-11.8408,-11.8408,0.078353,0.369663,0.551984,0,0,0,flat,False,
1775842010.447295,heartbeat_forced,1340,,,,,,,,,0,,4600.00,0.00,4600.00,4600.00,4600.00,earnings,earnings,BUY,200,0.073400,True,1032.1911,1042,1048,1045.0000,6,2.124208,0.073400,0.000000,-8.0000,,,,,,,,,,-11.8408,-11.8408,0.078353,0.369663,0.551984,0,0,0,flat,False,
1775842010.487268,fill,1340,C,BUY,40,1047,1775841734483,earnings_entry,,,40,1047.0000,4600.00,40.00,4640.00,-37280.00,4640.00,earnings,earnings,BUY,200,0.073400,True,1032.1091,1048,1047,1047.5000,-1,2.124208,0.073400,0.000000,-8.0000,,,,,,,,,,-11.7669,-11.7669,0.080201,0.368922,0.550877,0,0,0,book,False,
1775842010.702507,order_placed,1340,C,BUY,40,1047,1775841734484,earnings_entry,,,40,1047.0000,4600.00,-160.00,4440.00,-37280.00,4440.00,earnings,earnings,BUY,200,0.073400,True,1031.8843,1043,1047,1045.0000,4,2.124208,0.073400,0.000000,-8.0000,,,,,,,,,,-11.5644,-11.5644,0.081337,0.374750,0.543912,0,0,0,book,False,
1775842010.702850,entry_decision,1340,C,BUY,40,1047,,earnings,,strength=0.073400 target=200,40,1047.0000,4600.00,-160.00,4440.00,-37280.00,4440.00,earnings,earnings,BUY,200,0.073400,True,1031.8843,1043,1047,1045.0000,4,2.124208,0.073400,0.000000,-8.0000,,,,,,,,,,-11.5644,-11.5644,0.081337,0.374750,0.543912,0,0,0,book,False,
1775842010.703219,heartbeat_forced,1340,,,,,,,,,40,1047.0000,4600.00,-160.00,4440.00,-37280.00,4440.00,earnings,earnings,BUY,200,0.073400,True,1031.8843,1043,1047,1045.0000,4,2.124208,0.073400,0.000000,-8.0000,,,,,,,,,,-11.5644,-11.5644,0.081337,0.374750,0.543912,0,0,0,book,False,
1775842010.731825,fill,1340,C,BUY,40,1047,1775841734484,earnings_entry,,,80,1047.0000,4600.00,0.00,4600.00,-79160.00,4600.00,earnings,earnings,BUY,200,0.073400,True,1031.8843,1047,1047,1047.0000,0,2.124208,0.073400,0.000000,-8.0000,,,,,,,,,,-11.5644,-11.5644,0.081337,0.374750,0.543912,0,0,0,book,False,
1775842011.044920,order_placed,1340,C,BUY,40,1048,1775841734485,earnings_entry,,,80,1047.0000,4600.00,-240.00,4360.00,-79160.00,4360.00,earnings,earnings,BUY,200,0.073400,True,1031.6138,1044,1048,1046.0000,4,2.124208,0.073400,0.000000,-8.0000,,,,,,,,,,-11.3205,-11.3205,0.083375,0.380429,0.536196,0,0,0,book,False,
1775842011.045482,entry_decision,1340,C,BUY,40,1048,,earnings,,strength=0.073400 target=200,80,1047.0000,4600.00,-240.00,4360.00,-79160.00,4360.00,earnings,earnings,BUY,200,0.073400,True,1031.6138,1044,1048,1046.0000,4,2.124208,0.073400,0.000000,-8.0000,,,,,,,,,,-11.3205,-11.3205,0.083375,0.380429,0.536196,0,0,0,book,False,
1775842011.046059,heartbeat_forced,1340,,,,,,,,,80,1047.0000,4600.00,-240.00,4360.00,-79160.00,4360.00,earnings,earnings,BUY,200,0.073400,True,1031.6138,1044,1048,1046.0000,4,2.124208,0.073400,0.000000,-8.0000,,,,,,,,,,-11.3205,-11.3205,0.083375,0.380429,0.536196,0,0,0,book,False,
1775842011.245960,entry_blocked,1340,,,200,,,earnings,live_order,,80,1047.0000,4600.00,80.00,4680.00,-79160.00,4680.00,earnings,earnings,BUY,200,0.073400,True,1031.1361,1048,1049,1048.5000,1,2.124208,0.073400,0.000000,-8.0000,,,,,,,,,,-10.8897,-10.8897,0.090226,0.383960,0.525815,0,0,0,book,False,
1775842011.452997,fill,1340,C,BUY,40,1048,1775841734485,earnings_entry,,,120,1047.3333,4600.00,80.00,4680.00,-121080.00,4680.00,earnings,earnings,BUY,200,0.073400,True,1031.0699,1048,1048,1048.0000,0,2.124208,0.073400,0.000000,-8.0000,,,,,,,,,,-10.8300,-10.8300,0.089731,0.387338,0.522931,0,0,0,book,False,
1775842011.453696,order_placed,1340,C,BUY,40,1048,1775841734486,earnings_entry,,,120,1047.3333,4600.00,80.00,4680.00,-121080.00,4680.00,earnings,earnings,BUY,200,0.073400,True,1031.0699,1048,1048,1048.0000,0,2.124208,0.073400,0.000000,-8.0000,,,,,,,,,,-10.8300,-10.8300,0.089731,0.387338,0.522931,0,0,0,book,False,
1775842011.453997,entry_decision,1340,C,BUY,40,1048,,earnings,,strength=0.073400 target=200,120,1047.3333,4600.00,80.00,4680.00,-121080.00,4680.00,earnings,earnings,BUY,200,0.073400,True,1031.0699,1048,1048,1048.0000,0,2.124208,0.073400,0.000000,-8.0000,,,,,,,,,,-10.8300,-10.8300,0.089731,0.387338,0.522931,0,0,0,book,False,
1775842011.454402,heartbeat_forced,1340,,,,,,,,,120,1047.3333,4600.00,80.00,4680.00,-121080.00,4680.00,earnings,earnings,BUY,200,0.073400,True,1031.0699,1048,1048,1048.0000,0,2.124208,0.073400,0.000000,-8.0000,,,,,,,,,,-10.8300,-10.8300,0.089731,0.387338,0.522931,0,0,0,book,False,
1775842011.484372,fill,1340,C,BUY,40,1048,1775841734486,earnings_entry,,,160,1047.5000,4600.00,80.00,4680.00,-163000.00,4680.00,earnings,earnings,BUY,200,0.073400,True,1030.9951,1048,1048,1048.0000,0,2.124208,0.073400,0.000000,-8.0000,,,,,,,,,,-10.7625,-10.7625,0.090500,0.388500,0.521000,0,0,0,book,False,
1775842011.711117,order_placed,1340,C,BUY,40,1053,1775841734487,earnings_entry,,,160,1047.5000,4600.00,80.00,4680.00,-163000.00,4680.00,earnings,earnings,BUY,200,0.073400,True,1030.9338,1048,1053,1050.5000,5,2.124208,0.073400,0.000000,-8.0000,,,,,,,,,,-10.7071,-10.7071,0.090955,0.389805,0.519240,0,0,0,book,False,
1775842011.712261,entry_decision,1340,C,BUY,40,1053,,earnings,,strength=0.073400 target=200,160,1047.5000,4600.00,80.00,4680.00,-163000.00,4680.00,earnings,earnings,BUY,200,0.073400,True,1030.9338,1048,1053,1050.5000,5,2.124208,0.073400,0.000000,-8.0000,,,,,,,,,,-10.7071,-10.7071,0.090955,0.389805,0.519240,0,0,0,book,False,
1775842011.712635,heartbeat_forced,1340,,,,,,,,,160,1047.5000,4600.00,80.00,4680.00,-163000.00,4680.00,earnings,earnings,BUY,200,0.073400,True,1030.9338,1048,1053,1050.5000,5,2.124208,0.073400,0.000000,-8.0000,,,,,,,,,,-10.7071,-10.7071,0.090955,0.389805,0.519240,0,0,0,book,False,
1775842011.741619,fill,1340,C,BUY,40,1053,1775841734487,earnings_entry,,,200,1048.6000,4600.00,880.00,5480.00,-205120.00,5480.00,earnings,earnings,BUY,200,0.073400,True,1030.9338,1053,1053,1053.0000,0,2.124208,0.073400,0.000000,-8.0000,,,,,,,,,,-10.7071,-10.7071,0.090955,0.389805,0.519240,0,0,0,book,False,
1775842013.445181,order_placed,1340,C,SELL,40,1068,1775841734488,long_profit_1,,,200,1048.6000,4600.00,3880.00,8480.00,-205120.00,8480.00,earnings,earnings,BUY,200,0.073400,True,1030.9476,1068,1067,1067.5000,-1,2.124208,0.073400,0.000000,-8.0000,,,,,,,,,,-10.7196,-10.7196,0.090955,0.389305,0.519740,0,0,0,book,False,
1775842013.445455,exit_trigger,1340,,,40,,,long_profit_1,long_profit_1,,200,1048.6000,4600.00,3880.00,8480.00,-205120.00,8480.00,earnings,earnings,BUY,200,0.073400,True,1030.9476,1068,1067,1067.5000,-1,2.124208,0.073400,0.000000,-8.0000,,,,,,,,,,-10.7196,-10.7196,0.090955,0.389305,0.519740,0,0,0,book,False,
1775842013.445881,heartbeat_forced,1340,,,,,,,,,200,1048.6000,4600.00,3880.00,8480.00,-205120.00,8480.00,earnings,earnings,BUY,200,0.073400,True,1030.9476,1068,1067,1067.5000,-1,2.124208,0.073400,0.000000,-8.0000,,,,,,,,,,-10.7196,-10.7196,0.090955,0.389305,0.519740,0,0,0,book,False,
1775842013.643705,fill,1340,C,SELL,40,1068,1775841734488,long_profit_1,,,160,1048.6000,5376.00,4864.00,10240.00,-162400.00,10240.00,earnings,earnings,BUY,200,0.073400,True,1031.0722,1079,1068,1073.5000,-11,2.124208,0.073400,0.000000,-8.0000,,,,,,,,,,-10.8321,-10.8321,0.089455,0.387806,0.522739,0,0,0,book,False,
1775842016.042740,order_placed,1340,C,SELL,40,1093,1775841734489,long_profit_2,,,160,1048.6000,5376.00,7104.00,12480.00,-162400.00,12480.00,earnings,earnings,BUY,200,0.073400,True,1030.9160,1093,1082,1087.5000,-11,2.124208,0.073400,0.000000,-8.0000,,,,,,,,,,-10.6911,-10.6911,0.091317,0.389721,0.518962,0,0,0,book,False,
1775842016.043087,exit_trigger,1340,,,40,,,long_profit_2,long_profit_2,,160,1048.6000,5376.00,7104.00,12480.00,-162400.00,12480.00,earnings,earnings,BUY,200,0.073400,True,1030.9160,1093,1082,1087.5000,-11,2.124208,0.073400,0.000000,-8.0000,,,,,,,,,,-10.6911,-10.6911,0.091317,0.389721,0.518962,0,0,0,book,False,
1775842016.043633,heartbeat_forced,1340,,,,,,,,,160,1048.6000,5376.00,7104.00,12480.00,-162400.00,12480.00,earnings,earnings,BUY,200,0.073400,True,1030.9160,1093,1082,1087.5000,-11,2.124208,0.073400,0.000000,-8.0000,,,,,,,,,,-10.6911,-10.6911,0.091317,0.389721,0.518962,0,0,0,book,False,
1775842016.576515,cancel_response,1340,C,SELL,40,1093,1775841734489,long_profit_2,,success=True error=None,160,1048.6000,5376.00,5184.00,10560.00,-162400.00,10560.00,earnings,earnings,BUY,200,0.073400,True,1031.4264,1081,1085,1083.0000,4,2.124208,0.073400,0.000000,-8.0000,,,,,,,,,,-11.1515,-11.1515,0.084797,0.384345,0.530858,0,0,0,book,False,
1775842019.043991,heartbeat,1340,,,,,,,,,160,1048.6000,5376.00,3904.00,9280.00,-162400.00,9280.00,earnings,earnings,BUY,200,0.073400,True,1029.7214,1073,1077,1075.0000,4,2.124208,0.073400,0.000000,-8.0000,,,,,,,,,,-9.6125,-9.6125,0.103000,0.409500,0.487500,0,0,0,book,False,
1775842019.063540,order_placed,1340,C,SELL,40,1071,1775841734490,profit_trail,,,160,1048.6000,5376.00,3584.00,8960.00,-162400.00,8960.00,earnings,earnings,BUY,200,0.073400,True,1029.6245,1071,1074,1072.5000,3,2.124208,0.073400,0.000000,-8.0000,,,,,,,,,,-9.5250,-9.5250,0.104000,0.411000,0.485000,0,0,0,book,False,
1775842019.063694,exit_trigger,1340,,,40,,,profit_trail,profit_trail,,160,1048.6000,5376.00,3584.00,8960.00,-162400.00,8960.00,earnings,earnings,BUY,200,0.073400,True,1029.6245,1071,1074,1072.5000,3,2.124208,0.073400,0.000000,-8.0000,,,,,,,,,,-9.5250,-9.5250,0.104000,0.411000,0.485000,0,0,0,book,False,
1775842019.063899,heartbeat_forced,1340,,,,,,,,,160,1048.6000,5376.00,3584.00,8960.00,-162400.00,8960.00,earnings,earnings,BUY,200,0.073400,True,1029.6245,1071,1074,1072.5000,3,2.124208,0.073400,0.000000,-8.0000,,,,,,,,,,-9.5250,-9.5250,0.104000,0.411000,0.485000,0,0,0,book,False,
1775842019.569035,order_placed,1340,C,SELL,40,1070,1775841734491,profit_trail,,,160,1048.6000,5376.00,3424.00,8800.00,-162400.00,8800.00,earnings,earnings,BUY,200,0.073400,True,1029.4447,1070,1071,1070.5000,1,2.124208,0.073400,0.000000,-8.0000,,,,,,,,,,-9.3625,-9.3625,0.107000,0.411500,0.481500,0,0,0,book,False,
1775842019.569301,exit_trigger,1340,,,40,,,profit_trail,profit_trail,,160,1048.6000,5376.00,3424.00,8800.00,-162400.00,8800.00,earnings,earnings,BUY,200,0.073400,True,1029.4447,1070,1071,1070.5000,1,2.124208,0.073400,0.000000,-8.0000,,,,,,,,,,-9.3625,-9.3625,0.107000,0.411500,0.481500,0,0,0,book,False,
1775842019.569645,heartbeat_forced,1340,,,,,,,,,160,1048.6000,5376.00,3424.00,8800.00,-162400.00,8800.00,earnings,earnings,BUY,200,0.073400,True,1029.4447,1070,1071,1070.5000,1,2.124208,0.073400,0.000000,-8.0000,,,,,,,,,,-9.3625,-9.3625,0.107000,0.411500,0.481500,0,0,0,book,False,
1775842019.596867,cancel_response,1340,C,SELL,40,1071,1775841734490,profit_trail,,success=True error=None,160,1048.6000,5376.00,3424.00,8800.00,-162400.00,8800.00,earnings,earnings,BUY,200,0.073400,True,1029.4447,1070,1074,1072.0000,4,2.124208,0.073400,0.000000,-8.0000,,,,,,,,,,-9.3625,-9.3625,0.107000,0.411500,0.481500,0,0,0,book,False,
1775842019.603747,fill,1340,C,SELL,40,1070,1775841734491,profit_trail,,,120,1048.6000,6232.00,2568.00,8800.00,-119600.00,8800.00,earnings,earnings,BUY,200,0.073400,True,1029.4447,1070,1070,1070.0000,0,2.124208,0.073400,0.000000,-8.0000,,,,,,,,,,-9.3625,-9.3625,0.107000,0.411500,0.481500,0,0,0,book,False,
1775842019.604859,order_placed,1340,C,SELL,40,1070,1775841734492,profit_trail,,,120,1048.6000,6232.00,2568.00,8800.00,-119600.00,8800.00,earnings,earnings,BUY,200,0.073400,True,1029.4447,1070,1070,1070.0000,0,2.124208,0.073400,0.000000,-8.0000,,,,,,,,,,-9.3625,-9.3625,0.107000,0.411500,0.481500,0,0,0,book,False,
1775842019.605119,exit_trigger,1340,,,40,,,profit_trail,profit_trail,,120,1048.6000,6232.00,2568.00,8800.00,-119600.00,8800.00,earnings,earnings,BUY,200,0.073400,True,1029.4447,1070,1070,1070.0000,0,2.124208,0.073400,0.000000,-8.0000,,,,,,,,,,-9.3625,-9.3625,0.107000,0.411500,0.481500,0,0,0,book,False,
1775842019.605498,heartbeat_forced,1340,,,,,,,,,120,1048.6000,6232.00,2568.00,8800.00,-119600.00,8800.00,earnings,earnings,BUY,200,0.073400,True,1029.4447,1070,1070,1070.0000,0,2.124208,0.073400,0.000000,-8.0000,,,,,,,,,,-9.3625,-9.3625,0.107000,0.411500,0.481500,0,0,0,book,False,
1775842019.634442,fill,1340,C,SELL,40,1070,1775841734492,profit_trail,,,80,1048.6000,7088.00,1712.00,8800.00,-76800.00,8800.00,earnings,earnings,BUY,200,0.073400,True,1029.4447,1070,1070,1070.0000,0,2.124208,0.073400,0.000000,-8.0000,,,,,,,,,,-9.3625,-9.3625,0.107000,0.411500,0.481500,0,0,0,book,False,
1775842019.635163,order_placed,1340,C,SELL,40,1070,1775841734493,profit_trail,,,80,1048.6000,7088.00,1712.00,8800.00,-76800.00,8800.00,earnings,earnings,BUY,200,0.073400,True,1029.4447,1070,1070,1070.0000,0,2.124208,0.073400,0.000000,-8.0000,,,,,,,,,,-9.3625,-9.3625,0.107000,0.411500,0.481500,0,0,0,book,False,
1775842019.635500,exit_trigger,1340,,,40,,,profit_trail,profit_trail,,80,1048.6000,7088.00,1712.00,8800.00,-76800.00,8800.00,earnings,earnings,BUY,200,0.073400,True,1029.4447,1070,1070,1070.0000,0,2.124208,0.073400,0.000000,-8.0000,,,,,,,,,,-9.3625,-9.3625,0.107000,0.411500,0.481500,0,0,0,book,False,
1775842019.635968,heartbeat_forced,1340,,,,,,,,,80,1048.6000,7088.00,1712.00,8800.00,-76800.00,8800.00,earnings,earnings,BUY,200,0.073400,True,1029.4447,1070,1070,1070.0000,0,2.124208,0.073400,0.000000,-8.0000,,,,,,,,,,-9.3625,-9.3625,0.107000,0.411500,0.481500,0,0,0,book,False,
1775842020.174107,order_placed,1340,C,SELL,40,1065,1775841734494,profit_trail,,,80,1048.6000,7088.00,1312.00,8400.00,-76800.00,8400.00,earnings,earnings,BUY,200,0.073400,True,1028.4309,1065,1069,1067.0000,4,2.124208,0.073400,0.000000,-8.0000,,,,,,,,,,-8.4458,-8.4458,0.118441,0.425287,0.456272,0,0,0,book,False,
1775842020.174347,exit_trigger,1340,,,40,,,profit_trail,profit_trail,,80,1048.6000,7088.00,1312.00,8400.00,-76800.00,8400.00,earnings,earnings,BUY,200,0.073400,True,1028.4309,1065,1069,1067.0000,4,2.124208,0.073400,0.000000,-8.0000,,,,,,,,,,-8.4458,-8.4458,0.118441,0.425287,0.456272,0,0,0,book,False,
1775842020.174900,heartbeat_forced,1340,,,,,,,,,80,1048.6000,7088.00,1312.00,8400.00,-76800.00,8400.00,earnings,earnings,BUY,200,0.073400,True,1028.4309,1065,1069,1067.0000,4,2.124208,0.073400,0.000000,-8.0000,,,,,,,,,,-8.4458,-8.4458,0.118441,0.425287,0.456272,0,0,0,book,False,
1775842020.204793,cancel_response,1340,C,SELL,40,1070,1775841734493,profit_trail,,success=True error=None,80,1048.6000,7088.00,1312.00,8400.00,-76800.00,8400.00,earnings,earnings,BUY,200,0.073400,True,1028.4309,1065,1069,1067.0000,4,2.124208,0.073400,0.000000,-8.0000,,,,,,,,,,-8.4458,-8.4458,0.118441,0.425287,0.456272,0,0,0,book,False,
1775842020.205956,fill,1340,C,SELL,40,1065,1775841734494,profit_trail,,,40,1048.6000,7744.00,656.00,8400.00,-34200.00,8400.00,earnings,earnings,BUY,200,0.073400,True,1028.4309,1065,1065,1065.0000,0,2.124208,0.073400,0.000000,-8.0000,,,,,,,,,,-8.4458,-8.4458,0.118441,0.425287,0.456272,0,0,0,book,False,
1775842020.206772,order_placed,1340,C,SELL,40,1065,1775841734495,profit_trail,,,40,1048.6000,7744.00,656.00,8400.00,-34200.00,8400.00,earnings,earnings,BUY,200,0.073400,True,1028.4309,1065,1065,1065.0000,0,2.124208,0.073400,0.000000,-8.0000,,,,,,,,,,-8.4458,-8.4458,0.118441,0.425287,0.456272,0,0,0,book,False,
1775842020.207077,exit_trigger,1340,,,40,,,profit_trail,profit_trail,,40,1048.6000,7744.00,656.00,8400.00,-34200.00,8400.00,earnings,earnings,BUY,200,0.073400,True,1028.4309,1065,1065,1065.0000,0,2.124208,0.073400,0.000000,-8.0000,,,,,,,,,,-8.4458,-8.4458,0.118441,0.425287,0.456272,0,0,0,book,False,
1775842020.207491,heartbeat_forced,1340,,,,,,,,,40,1048.6000,7744.00,656.00,8400.00,-34200.00,8400.00,earnings,earnings,BUY,200,0.073400,True,1028.4309,1065,1065,1065.0000,0,2.124208,0.073400,0.000000,-8.0000,,,,,,,,,,-8.4458,-8.4458,0.118441,0.425287,0.456272,0,0,0,book,False,
1775842020.236592,fill,1340,C,SELL,40,1065,1775841734495,profit_trail,,,0,,8400.00,0.00,8400.00,8400.00,8400.00,flat,,,,,,1028.4309,1065,1065,1065.0000,0,2.124208,0.073400,0.000000,-8.0000,,,,,,,,,,-8.4458,-8.4458,0.118441,0.425287,0.456272,0,0,0,flat,False,
1775842022.044009,macro_eval,1398,,BUY,120,,,,candidate,score=-4.50 headline=Slowing GDP growth raises questions about how long the Fed can hold steady.,0,,8400.00,0.00,8400.00,8400.00,8400.00,flat,,,,,,1028.4956,1061,1065,1063.0000,4,2.124208,0.073400,0.000000,-8.0000,,,-4.5000,120,BUY,+0.148219,unstructured,,,-8.5043,-8.5043,0.117059,0.425713,0.457229,0,0,0,flat,False,"{'timestamp': 1398, 'kind': 'unstructured', 'new_data': {'content': 'Slowing GDP growth raises questions about how long the Fed can hold steady.'}}"
1775842022.044648,macro_signal,1398,,BUY,120,,,,,score=-4.50 headline=Slowing GDP growth raises questions about how long the Fed can hold steady.,0,,8400.00,0.00,8400.00,8400.00,8400.00,flat,macro,BUY,120,4.500000,True,1035.9875,1061,1065,1063.0000,4,2.124208,0.073400,0.000000,-6.7500,,,-4.5000,120,BUY,+0.148219,,,,-15.2543,-8.5043,0.117059,0.425713,0.457229,0,0,0,flat,False,"{'timestamp': 1398, 'kind': 'unstructured', 'new_data': {'content': 'Slowing GDP growth raises questions about how long the Fed can hold steady.'}}"
1775842022.045767,order_placed,1398,C,BUY,40,1065,1775841734496,macro_entry,,,0,,8400.00,0.00,8400.00,8400.00,8400.00,flat,macro,BUY,120,4.500000,True,1035.9875,1061,1065,1063.0000,4,2.124208,0.073400,0.000000,-6.7500,,,,,,,,,,-15.2543,-8.5043,0.117059,0.425713,0.457229,0,0,0,flat,False,
1775842022.046287,entry_decision,1398,C,BUY,40,1065,,macro,,strength=4.500000 target=120,0,,8400.00,0.00,8400.00,8400.00,8400.00,macro,macro,BUY,120,4.500000,True,1035.9875,1061,1065,1063.0000,4,2.124208,0.073400,0.000000,-6.7500,,,,,,,,,,-15.2543,-8.5043,0.117059,0.425713,0.457229,0,0,0,flat,False,
1775842022.046807,heartbeat_forced,1398,,,,,,,,,0,,8400.00,0.00,8400.00,8400.00,8400.00,macro,macro,BUY,120,4.500000,True,1035.9875,1061,1065,1063.0000,4,2.124208,0.073400,0.000000,-6.7500,,,,,,,,,,-15.2543,-8.5043,0.117059,0.425713,0.457229,0,0,0,flat,False,
1775842022.246184,entry_blocked,1398,,,120,,,macro,live_order,,0,,8400.00,0.00,8400.00,8400.00,8400.00,macro,macro,BUY,120,4.500000,True,1037.3351,1066,1073,1069.5000,7,2.124208,0.073400,0.000000,-6.7500,,,,,,,,,,-16.4625,-9.7125,0.102500,0.406500,0.491000,0,0,0,flat,False,
1775842022.590678,entry_blocked,1398,,,120,,,macro,buy_over_fair_px_1079_fair_1039.5,,0,,8400.00,0.00,8400.00,8400.00,8400.00,macro,macro,BUY,120,4.500000,True,1039.5245,1075,1079,1077.0000,4,2.124208,0.073400,0.000000,-6.7500,,,,,,,,,,-18.4216,-11.6716,0.077728,0.377678,0.544594,0,0,0,flat,False,
1775842022.620142,cancel_response,1398,C,BUY,40,1065,1775841734496,macro_entry,,success=True error=None,0,,8400.00,0.00,8400.00,8400.00,8400.00,macro,macro,BUY,120,4.500000,True,1039.5245,1075,1079,1077.0000,4,2.124208,0.073400,0.000000,-6.7500,,,,,,,,,,-18.4216,-11.6716,0.077728,0.377678,0.544594,0,0,0,flat,False,
1775842022.660641,entry_blocked,1398,,,120,,,macro,buy_over_fair_px_1079_fair_1039.6,,0,,8400.00,0.00,8400.00,8400.00,8400.00,macro,macro,BUY,120,4.500000,True,1039.5663,1075,1079,1077.0000,4,2.124208,0.073400,0.000000,-6.7500,,,,,,,,,,-18.4590,-11.7090,0.077728,0.376183,0.546089,0,0,0,flat,False,
1775842022.844165,entry_blocked,1398,,,120,,,macro,buy_over_fair_px_1079_fair_1039.5,,0,,8400.00,0.00,8400.00,8400.00,8400.00,macro,macro,BUY,120,4.500000,True,1039.5143,1075,1079,1077.0000,4,2.124208,0.073400,0.000000,-6.7500,,,,,,,,,,-18.4125,-11.6625,0.077419,0.378660,0.543921,0,0,0,flat,False,
1775842022.845033,entry_blocked,1398,,,120,,,macro,buy_over_fair_px_1079_fair_1039.6,,0,,8400.00,0.00,8400.00,8400.00,8400.00,macro,macro,BUY,120,4.500000,True,1039.5859,1075,1079,1077.0000,4,2.124208,0.073400,0.000000,-6.7500,,,,,,,,,,-18.4765,-11.7265,0.077844,0.375250,0.546906,0,0,0,flat,False,
1775842022.845971,entry_blocked,1398,,,120,,,macro,buy_over_fair_px_1079_fair_1039.7,,0,,8400.00,0.00,8400.00,8400.00,8400.00,macro,macro,BUY,120,4.500000,True,1039.6517,1075,1079,1077.0000,4,2.124208,0.073400,0.000000,-6.7500,,,,,,,,,,-18.5354,-11.7854,0.078235,0.372116,0.549649,0,0,0,flat,False,
1775842022.846970,entry_blocked,1398,,,120,,,macro,buy_over_fair_px_1079_fair_1039.5,,0,,8400.00,0.00,8400.00,8400.00,8400.00,macro,macro,BUY,120,4.500000,True,1039.4873,1075,1079,1077.0000,4,2.124208,0.073400,0.000000,-6.7500,,,,,,,,,,-18.3884,-11.6384,0.081918,0.370629,0.547453,0,0,0,flat,False,
1775842022.849886,entry_blocked,1398,,,120,,,macro,buy_over_fair_px_1079_fair_1039.3,,0,,8400.00,0.00,8400.00,8400.00,8400.00,macro,macro,BUY,120,4.500000,True,1039.3440,1077,1079,1078.0000,2,2.124208,0.073400,0.000000,-6.7500,,,,,,,,,,-18.2603,-11.5103,0.082703,0.374181,0.543116,0,0,0,flat,False,
1775842022.851095,entry_blocked,1398,,,120,,,macro,buy_over_fair_px_1079_fair_1039.5,,0,,8400.00,0.00,8400.00,8400.00,8400.00,macro,macro,BUY,120,4.500000,True,1039.4573,1077,1079,1078.0000,2,2.124208,0.073400,0.000000,-6.7500,,,,,,,,,,-18.3616,-11.6116,0.082082,0.371371,0.546547,0,0,0,flat,False,
1775842022.854899,entry_blocked,1398,,,120,,,macro,buy_over_fair_px_1079_fair_1039.3,,0,,8400.00,0.00,8400.00,8400.00,8400.00,macro,macro,BUY,120,4.500000,True,1039.3222,1077,1079,1078.0000,2,2.124208,0.073400,0.000000,-6.7500,,,,,,,,,,-18.2408,-11.4908,0.081228,0.377910,0.540862,0,0,0,flat,False,
1775842022.865557,entry_blocked,1398,,,120,,,macro,buy_over_fair_px_1080_fair_1039.3,,0,,8400.00,0.00,8400.00,8400.00,8400.00,macro,macro,BUY,120,4.500000,True,1039.3222,1077,1080,1078.5000,3,2.124208,0.073400,0.000000,-6.7500,,,,,,,,,,-18.2408,-11.4908,0.081228,0.377910,0.540862,0,0,0,flat,False,
1775842022.865993,entry_blocked,1398,,,120,,,macro,buy_over_fair_px_1081_fair_1039.3,,0,,8400.00,0.00,8400.00,8400.00,8400.00,macro,macro,BUY,120,4.500000,True,1039.3222,1077,1081,1079.0000,4,2.124208,0.073400,0.000000,-6.7500,,,,,,,,,,-18.2408,-11.4908,0.081228,0.377910,0.540862,0,0,0,flat,False,
1775842023.044155,entry_blocked,1398,,,120,,,macro,buy_over_fair_px_1081_fair_1039.2,,0,,8400.00,0.00,8400.00,8400.00,8400.00,macro,macro,BUY,120,4.500000,True,1039.2463,1077,1081,1079.0000,4,2.124208,0.073400,0.000000,-6.7500,,,,,,,,,,-18.1729,-11.4229,0.080748,0.381585,0.537666,0,0,0,flat,False,
1775842023.044540,entry_blocked,1398,,,120,,,macro,buy_over_fair_px_1079_fair_1039.2,,0,,8400.00,0.00,8400.00,8400.00,8400.00,macro,macro,BUY,120,4.500000,True,1039.2463,1077,1079,1078.0000,2,2.124208,0.073400,0.000000,-6.7500,,,,,,,,,,-18.1729,-11.4229,0.080748,0.381585,0.537666,0,0,0,flat,False,
1775842023.045945,entry_blocked,1398,,,120,,,macro,buy_over_fair_px_1079_fair_1039.1,,0,,8400.00,0.00,8400.00,8400.00,8400.00,macro,macro,BUY,120,4.500000,True,1039.0953,1077,1079,1078.0000,2,2.124208,0.073400,0.000000,-6.7500,,,,,,,,,,-18.0379,-11.2879,0.081551,0.385380,0.533068,0,0,0,flat,False,
1775842023.046367,entry_blocked,1398,,,120,,,macro,buy_over_fair_px_1079_fair_1038.9,,0,,8400.00,0.00,8400.00,8400.00,8400.00,macro,macro,BUY,120,4.500000,True,1038.9490,1077,1079,1078.0000,2,2.124208,0.073400,0.000000,-6.7500,,,,,,,,,,-17.9071,-11.1571,0.082329,0.389056,0.528614,0,0,0,flat,False,
1775842023.046653,entry_blocked,1398,,,120,,,macro,buy_over_fair_px_1079_fair_1039.1,,0,,8400.00,0.00,8400.00,8400.00,8400.00,macro,macro,BUY,120,4.500000,True,1039.1029,1077,1079,1078.0000,2,2.124208,0.073400,0.000000,-6.7500,,,,,,,,,,-18.0447,-11.2947,0.081511,0.385189,0.533300,0,0,0,flat,False,
1775842023.047027,entry_blocked,1398,,,120,,,macro,buy_over_fair_px_1079_fair_1038.9,,0,,8400.00,0.00,8400.00,8400.00,8400.00,macro,macro,BUY,120,4.500000,True,1038.8788,1077,1079,1078.0000,2,2.124208,0.073400,0.000000,-6.7500,,,,,,,,,,-17.8443,-11.0943,0.082703,0.390822,0.526475,0,0,0,flat,False,
1775842023.048162,entry_blocked,1398,,,120,,,macro,buy_over_fair_px_1079_fair_1038.7,,0,,8400.00,0.00,8400.00,8400.00,8400.00,macro,macro,BUY,120,4.500000,True,1038.7166,1077,1079,1078.0000,2,2.124208,0.073400,0.000000,-6.7500,,,,,,,,,,-17.6993,-10.9493,0.086389,0.389252,0.524360,0,0,0,flat,False,
1775842023.250712,entry_blocked,1398,,,120,,,macro,buy_over_fair_px_1079_fair_1038.8,,0,,8400.00,0.00,8400.00,8400.00,8400.00,macro,macro,BUY,120,4.500000,True,1038.7593,1075,1079,1077.0000,4,2.124208,0.073400,0.000000,-6.7500,,,,,,,,,,-17.7375,-10.9875,0.086500,0.387500,0.526000,0,0,0,flat,False,
1775842023.254740,entry_blocked,1398,,,120,,,macro,buy_over_fair_px_1079_fair_1038.7,,0,,8400.00,0.00,8400.00,8400.00,8400.00,macro,macro,BUY,120,4.500000,True,1038.7454,1075,1079,1077.0000,4,2.124208,0.073400,0.000000,-6.7500,,,,,,,,,,-17.7250,-10.9750,0.086500,0.388000,0.525500,0,0,0,flat,False,
1775842023.267961,entry_blocked,1398,,,120,,,macro,buy_over_fair_px_1080_fair_1038.7,,0,,8400.00,0.00,8400.00,8400.00,8400.00,macro,macro,BUY,120,4.500000,True,1038.7454,1077,1080,1078.5000,3,2.124208,0.073400,0.000000,-6.7500,,,,,,,,,,-17.7250,-10.9750,0.086500,0.388000,0.525500,0,0,0,flat,False,
1775842023.268769,entry_blocked,1398,,,120,,,macro,buy_over_fair_px_1081_fair_1038.7,,0,,8400.00,0.00,8400.00,8400.00,8400.00,macro,macro,BUY,120,4.500000,True,1038.7454,1077,1081,1079.0000,4,2.124208,0.073400,0.000000,-6.7500,,,,,,,,,,-17.7250,-10.9750,0.086500,0.388000,0.525500,0,0,0,flat,False,
1775842023.442808,entry_blocked,1398,,,120,,,macro,buy_over_fair_px_1081_fair_1038.8,,0,,8400.00,0.00,8400.00,8400.00,8400.00,macro,macro,BUY,120,4.500000,True,1038.7532,1077,1081,1079.0000,4,2.124208,0.073400,0.000000,-6.7500,,,,,,,,,,-17.7320,-10.9820,0.086457,0.387806,0.525737,0,0,0,flat,False,
1775842023.448895,entry_blocked,1398,,,120,,,macro,buy_over_fair_px_1081_fair_1038.7,,0,,8400.00,0.00,8400.00,8400.00,8400.00,macro,macro,BUY,120,4.500000,True,1038.7454,1078,1081,1079.5000,3,2.124208,0.073400,0.000000,-6.7500,,,,,,,,,,-17.7250,-10.9750,0.087000,0.387000,0.526000,0,0,0,flat,False,
1775842023.461315,entry_blocked,1398,,,120,,,macro,buy_over_fair_px_1082_fair_1038.7,,0,,8400.00,0.00,8400.00,8400.00,8400.00,macro,macro,BUY,120,4.500000,True,1038.7454,1078,1082,1080.0000,4,2.124208,0.073400,0.000000,-6.7500,,,,,,,,,,-17.7250,-10.9750,0.087000,0.387000,0.526000,0,0,0,flat,False,
1775842023.645997,entry_blocked,1398,,,120,,,macro,buy_over_fair_px_1082_fair_1038.6,,0,,8400.00,0.00,8400.00,8400.00,8400.00,macro,macro,BUY,120,4.500000,True,1038.6336,1078,1082,1080.0000,4,2.124208,0.073400,0.000000,-6.7500,,,,,,,,,,-17.6250,-10.8750,0.088000,0.389000,0.523000,0,0,0,flat,False,
1775842023.647626,entry_blocked,1398,,,120,,,macro,buy_over_fair_px_1079_fair_1038.6,,0,,8400.00,0.00,8400.00,8400.00,8400.00,macro,macro,BUY,120,4.500000,True,1038.6336,1078,1079,1078.5000,1,2.124208,0.073400,0.000000,-6.7500,,,,,,,,,,-17.6250,-10.8750,0.088000,0.389000,0.523000,0,0,0,flat,False,
1775842023.846358,entry_blocked,1398,,,120,,,macro,buy_over_fair_px_1079_fair_1038.5,,0,,8400.00,0.00,8400.00,8400.00,8400.00,macro,macro,BUY,120,4.500000,True,1038.5440,1075,1079,1077.0000,4,2.124208,0.073400,0.000000,-6.7500,,,,,,,,,,-17.5449,-10.7949,0.088766,0.390672,0.520562,0,0,0,flat,False,
1775842023.863547,entry_blocked,1398,,,120,,,macro,buy_over_fair_px_1080_fair_1038.5,,0,,8400.00,0.00,8400.00,8400.00,8400.00,macro,macro,BUY,120,4.500000,True,1038.4679,1077,1080,1078.5000,3,2.124208,0.073400,0.000000,-6.7500,,,,,,,,,,-17.4768,-10.7268,0.089411,0.392108,0.518482,0,0,0,flat,False,
1775842023.863955,entry_blocked,1398,,,120,,,macro,buy_over_fair_px_1081_fair_1038.5,,0,,8400.00,0.00,8400.00,8400.00,8400.00,macro,macro,BUY,120,4.500000,True,1038.4679,1077,1081,1079.0000,4,2.124208,0.073400,0.000000,-6.7500,,,,,,,,,,-17.4768,-10.7268,0.089411,0.392108,0.518482,0,0,0,flat,False,
1775842024.043891,entry_blocked,1398,,,120,,,macro,buy_over_fair_px_1081_fair_1038.4,,0,,8400.00,0.00,8400.00,8400.00,8400.00,macro,macro,BUY,120,4.500000,True,1038.4200,1077,1081,1079.0000,4,2.124208,0.073400,0.000000,-6.7500,,,,,,,,,,-17.4339,-10.6839,0.089679,0.393287,0.517034,0,0,0,flat,False,
1775842024.052443,entry_blocked,1398,,,120,,,macro,buy_over_fair_px_1081_fair_1038.3,,0,,8400.00,0.00,8400.00,8400.00,8400.00,macro,macro,BUY,120,4.500000,True,1038.3462,1077,1081,1079.0000,4,2.124208,0.073400,0.000000,-6.7500,,,,,,,,,,-17.3678,-10.6178,0.090545,0.394197,0.515258,0,0,0,flat,False,
1775842024.055016,entry_blocked,1398,,,120,,,macro,buy_over_fair_px_1078_fair_1038.3,,0,,8400.00,0.00,8400.00,8400.00,8400.00,macro,macro,BUY,120,4.500000,True,1038.3402,1077,1078,1077.5000,1,2.124208,0.073400,0.000000,-6.7500,,,,,,,,,,-17.3625,-10.6125,0.090500,0.394500,0.515000,0,0,0,flat,False,
1775842024.254916,entry_blocked,1398,,,120,,,macro,buy_over_fair_px_1079_fair_1038.3,,0,,8400.00,0.00,8400.00,8400.00,8400.00,macro,macro,BUY,120,4.500000,True,1038.3263,1077,1079,1078.0000,2,2.124208,0.073400,0.000000,-6.7500,,,,,,,,,,-17.3500,-10.6000,0.090500,0.395000,0.514500,0,0,0,flat,False,
1775842024.255723,entry_blocked,1398,,,120,,,macro,buy_over_fair_px_1080_fair_1038.3,,0,,8400.00,0.00,8400.00,8400.00,8400.00,macro,macro,BUY,120,4.500000,True,1038.3263,1077,1080,1078.5000,3,2.124208,0.073400,0.000000,-6.7500,,,,,,,,,,-17.3500,-10.6000,0.090500,0.395000,0.514500,0,0,0,flat,False,
1775842024.256427,entry_blocked,1398,,,120,,,macro,buy_over_fair_px_1081_fair_1038.3,,0,,8400.00,0.00,8400.00,8400.00,8400.00,macro,macro,BUY,120,4.500000,True,1038.3263,1077,1081,1079.0000,4,2.124208,0.073400,0.000000,-6.7500,,,,,,,,,,-17.3500,-10.6000,0.090500,0.395000,0.514500,0,0,0,flat,False,
1775842024.448642,entry_blocked,1398,,,120,,,macro,buy_over_fair_px_1078_fair_1038.3,,0,,8400.00,0.00,8400.00,8400.00,8400.00,macro,macro,BUY,120,4.500000,True,1038.3263,1077,1078,1077.5000,1,2.124208,0.073400,0.000000,-6.7500,,,,,,,,,,-17.3500,-10.6000,0.090500,0.395000,0.514500,0,0,0,flat,False,
1775842024.450235,entry_blocked,1398,,,120,,,macro,buy_over_fair_px_1078_fair_1038.4,,0,,8400.00,0.00,8400.00,8400.00,8400.00,macro,macro,BUY,120,4.500000,True,1038.3904,1077,1078,1077.5000,1,2.124208,0.073400,0.000000,-6.7500,,,,,,,,,,-17.4074,-10.6574,0.090139,0.393426,0.516434,0,0,0,flat,False,
1775842024.451027,entry_blocked,1398,,,120,,,macro,buy_over_fair_px_1078_fair_1038.3,,0,,8400.00,0.00,8400.00,8400.00,8400.00,macro,macro,BUY,120,4.500000,True,1038.3263,1077,1078,1077.5000,1,2.124208,0.073400,0.000000,-6.7500,,,,,,,,,,-17.3500,-10.6000,0.090500,0.395000,0.514500,0,0,0,flat,False,
1775842024.451656,entry_blocked,1398,,,120,,,macro,buy_over_fair_px_1078_fair_1038.4,,0,,8400.00,0.00,8400.00,8400.00,8400.00,macro,macro,BUY,120,4.500000,True,1038.3504,1077,1078,1077.5000,1,2.124208,0.073400,0.000000,-6.7500,,,,,,,,,,-17.3716,-10.6216,0.090364,0.394408,0.515227,0,0,0,flat,False,
1775842024.455451,entry_blocked,1398,,,120,,,macro,buy_over_fair_px_1078_fair_1038.5,,0,,8400.00,0.00,8400.00,8400.00,8400.00,macro,macro,BUY,120,4.500000,True,1038.4660,1077,1078,1077.5000,1,2.124208,0.073400,0.000000,-6.7500,,,,,,,,,,-17.4750,-10.7250,0.088811,0.393377,0.517812,0,0,0,flat,False,
1775842024.646173,entry_blocked,1398,,,120,,,macro,buy_over_fair_px_1078_fair_1038.6,,0,,8400.00,0.00,8400.00,8400.00,8400.00,macro,macro,BUY,120,4.500000,True,1038.5935,1074,1078,1076.0000,4,2.124208,0.073400,0.000000,-6.7500,,,,,,,,,,-17.5892,-10.8392,0.087912,0.390609,0.521479,0,0,0,flat,False,
1775842024.663156,entry_blocked,1398,,,120,,,macro,buy_over_fair_px_1079_fair_1038.6,,0,,8400.00,0.00,8400.00,8400.00,8400.00,macro,macro,BUY,120,4.500000,True,1038.6239,1075,1079,1077.0000,4,2.124208,0.073400,0.000000,-6.7500,,,,,,,,,,-17.6163,-10.8663,0.088132,0.389084,0.522784,0,0,0,flat,False,
1775842024.860361,entry_blocked,1398,,,120,,,macro,buy_over_fair_px_1080_fair_1038.6,,0,,8400.00,0.00,8400.00,8400.00,8400.00,macro,macro,BUY,120,4.500000,True,1038.5777,1076,1080,1078.0000,4,2.124208,0.073400,0.000000,-6.7500,,,,,,,,,,-17.5750,-10.8250,0.088500,0.390000,0.521500,0,0,0,flat,False,
1775842025.046860,heartbeat,1398,,,,,,,,,0,,8400.00,0.00,8400.00,8400.00,8400.00,macro,macro,BUY,120,4.500000,True,1038.6251,1077,1080,1078.5000,3,2.124208,0.073400,0.000000,-6.7500,,,,,,,,,,-17.6174,-10.8674,0.088235,0.388833,0.522931,0,0,0,flat,False,
1775842025.048754,entry_blocked,1398,,,120,,,macro,buy_over_fair_px_1080_fair_1038.7,,0,,8400.00,0.00,8400.00,8400.00,8400.00,macro,macro,BUY,120,4.500000,True,1038.6851,1077,1080,1078.5000,3,2.124208,0.073400,0.000000,-6.7500,,,,,,,,,,-17.6711,-10.9211,0.086870,0.389416,0.523714,0,0,0,flat,False,
1775842025.062749,entry_blocked,1398,,,120,,,macro,buy_over_fair_px_1081_fair_1038.7,,0,,8400.00,0.00,8400.00,8400.00,8400.00,macro,macro,BUY,120,4.500000,True,1038.7174,1077,1081,1079.0000,4,2.124208,0.073400,0.000000,-6.7500,,,,,,,,,,-17.7000,-10.9500,0.086500,0.389000,0.524500,0,0,0,flat,False,
1775842025.244086,entry_blocked,1398,,,120,,,macro,buy_over_fair_px_1081_fair_1038.8,,0,,8400.00,0.00,8400.00,8400.00,8400.00,macro,macro,BUY,120,4.500000,True,1038.7800,1077,1081,1079.0000,4,2.124208,0.073400,0.000000,-6.7500,,,,,,,,,,-17.7560,-11.0060,0.086155,0.387450,0.526394,0,0,0,flat,False,
1775842025.245077,entry_blocked,1398,,,120,,,macro,buy_over_fair_px_1081_fair_1038.9,,0,,8400.00,0.00,8400.00,8400.00,8400.00,macro,macro,BUY,120,4.500000,True,1038.8604,1077,1081,1079.0000,4,2.124208,0.073400,0.000000,-6.7500,,,,,,,,,,-17.8278,-11.0778,0.084331,0.388224,0.527445,0,0,0,flat,False,
1775842025.247233,entry_blocked,1398,,,120,,,macro,buy_over_fair_px_1080_fair_1038.9,,0,,8400.00,0.00,8400.00,8400.00,8400.00,macro,macro,BUY,120,4.500000,True,1038.8604,1077,1080,1078.5000,3,2.124208,0.073400,0.000000,-6.7500,,,,,,,,,,-17.8278,-11.0778,0.084331,0.388224,0.527445,0,0,0,flat,False,
1775842025.444104,entry_blocked,1398,,,120,,,macro,buy_over_fair_px_1080_fair_1038.8,,0,,8400.00,0.00,8400.00,8400.00,8400.00,macro,macro,BUY,120,4.500000,True,1038.7840,1076,1080,1078.0000,4,2.124208,0.073400,0.000000,-6.7500,,,,,,,,,,-17.7595,-11.0095,0.084669,0.390281,0.525050,0,0,0,flat,False,
1775842025.446660,entry_blocked,1398,,,120,,,macro,buy_over_fair_px_1079_fair_1038.8,,0,,8400.00,0.00,8400.00,8400.00,8400.00,macro,macro,BUY,120,4.500000,True,1038.8464,1076,1079,1077.5000,3,2.124208,0.073400,0.000000,-6.7500,,,,,,,,,,-17.8154,-11.0654,0.084331,0.388723,0.526946,0,0,0,flat,False,
1775842025.462264,entry_blocked,1398,,,120,,,macro,buy_over_fair_px_1079_fair_1038.7,,0,,8400.00,0.00,8400.00,8400.00,8400.00,macro,macro,BUY,120,4.500000,True,1038.7035,1075,1079,1077.0000,4,2.124208,0.073400,0.000000,-6.7500,,,,,,,,,,-17.6875,-10.9375,0.086500,0.389500,0.524000,0,0,0,flat,False,
1775842025.721636,entry_blocked,1398,,,120,,,macro,buy_over_fair_px_1079_fair_1038.6,,0,,8400.00,0.00,8400.00,8400.00,8400.00,macro,macro,BUY,120,4.500000,True,1038.5833,1075,1079,1077.0000,4,2.124208,0.073400,0.000000,-6.7500,,,,,,,,,,-17.5800,-10.8300,0.089232,0.388335,0.522433,0,0,0,flat,False,
1775842025.723007,entry_blocked,1398,,,120,,,macro,buy_over_fair_px_1079_fair_1038.7,,0,,8400.00,0.00,8400.00,8400.00,8400.00,macro,macro,BUY,120,4.500000,True,1038.7035,1075,1079,1077.0000,4,2.124208,0.073400,0.000000,-6.7500,,,,,,,,,,-17.6875,-10.9375,0.086500,0.389500,0.524000,0,0,0,flat,False,
1775842025.723891,entry_blocked,1398,,,120,,,macro,buy_over_fair_px_1079_fair_1038.6,,0,,8400.00,0.00,8400.00,8400.00,8400.00,macro,macro,BUY,120,4.500000,True,1038.6033,1075,1079,1077.0000,4,2.124208,0.073400,0.000000,-6.7500,,,,,,,,,,-17.5979,-10.8479,0.088778,0.388529,0.522693,0,0,0,flat,False,
1775842025.725571,entry_blocked,1398,,,120,,,macro,buy_over_fair_px_1079_fair_1038.4,,0,,8400.00,0.00,8400.00,8400.00,8400.00,macro,macro,BUY,120,4.500000,True,1038.4359,1075,1079,1077.0000,4,2.124208,0.073400,0.000000,-6.7500,,,,,,,,,,-17.4481,-10.6981,0.089718,0.392641,0.517641,0,0,0,flat,False,
1775842025.727330,entry_blocked,1398,,,120,,,macro,buy_over_fair_px_1079_fair_1038.3,,0,,8400.00,0.00,8400.00,8400.00,8400.00,macro,macro,BUY,120,4.500000,True,1038.3468,1075,1079,1077.0000,4,2.124208,0.073400,0.000000,-6.7500,,,,,,,,,,-17.3683,-10.6183,0.090218,0.394830,0.514952,0,0,0,flat,False,
1775842025.727909,entry_blocked,1398,,,120,,,macro,buy_over_fair_px_1079_fair_1038.5,,0,,8400.00,0.00,8400.00,8400.00,8400.00,macro,macro,BUY,120,4.500000,True,1038.5160,1075,1079,1077.0000,4,2.124208,0.073400,0.000000,-6.7500,,,,,,,,,,-17.5198,-10.7698,0.089268,0.390672,0.520060,0,0,0,flat,False,
1775842025.730946,entry_blocked,1398,,,120,,,macro,buy_over_fair_px_1075_fair_1038.5,,0,,8400.00,0.00,8400.00,8400.00,8400.00,macro,macro,BUY,120,4.500000,True,1038.5160,1075,1075,1075.0000,0,2.124208,0.073400,0.000000,-6.7500,,,,,,,,,,-17.5198,-10.7698,0.089268,0.390672,0.520060,0,0,0,flat,False,
1775842025.731853,entry_blocked,1398,,,120,,,macro,buy_over_fair_px_1079_fair_1038.5,,0,,8400.00,0.00,8400.00,8400.00,8400.00,macro,macro,BUY,120,4.500000,True,1038.5160,1074,1079,1076.5000,5,2.124208,0.073400,0.000000,-6.7500,,,,,,,,,,-17.5198,-10.7698,0.089268,0.390672,0.520060,0,0,0,flat,False,
1775842025.732867,entry_blocked,1398,,,120,,,macro,buy_over_fair_px_1079_fair_1038.3,,0,,8400.00,0.00,8400.00,8400.00,8400.00,macro,macro,BUY,120,4.500000,True,1038.2649,1074,1079,1076.5000,5,2.124208,0.073400,0.000000,-6.7500,,,,,,,,,,-17.2951,-10.5451,0.090678,0.396842,0.512481,0,0,0,flat,False,
1775842025.733654,entry_blocked,1398,,,120,,,macro,buy_over_fair_px_1079_fair_1038.2,,0,,8400.00,0.00,8400.00,8400.00,8400.00,macro,macro,BUY,120,4.500000,True,1038.2350,1074,1079,1076.5000,5,2.124208,0.073400,0.000000,-6.7500,,,,,,,,,,-17.2683,-10.5183,0.090447,0.398374,0.511179,0,0,0,flat,False,
1775842025.734263,entry_blocked,1398,,,120,,,macro,buy_over_fair_px_1079_fair_1038.3,,0,,8400.00,0.00,8400.00,8400.00,8400.00,macro,macro,BUY,120,4.500000,True,1038.2649,1074,1079,1076.5000,5,2.124208,0.073400,0.000000,-6.7500,,,,,,,,,,-17.2951,-10.5451,0.090678,0.396842,0.512481,0,0,0,flat,False,
1775842025.734676,entry_blocked,1398,,,120,,,macro,buy_over_fair_px_1079_fair_1038.2,,0,,8400.00,0.00,8400.00,8400.00,8400.00,macro,macro,BUY,120,4.500000,True,1038.2350,1074,1079,1076.5000,5,2.124208,0.073400,0.000000,-6.7500,,,,,,,,,,-17.2683,-10.5183,0.090447,0.398374,0.511179,0,0,0,flat,False,
1775842025.737258,entry_blocked,1398,,,120,,,macro,buy_over_fair_px_1076_fair_1038.2,,0,,8400.00,0.00,8400.00,8400.00,8400.00,macro,macro,BUY,120,4.500000,True,1038.2350,1074,1076,1075.0000,2,2.124208,0.073400,0.000000,-6.7500,,,,,,,,,,-17.2683,-10.5183,0.090447,0.398374,0.511179,0,0,0,flat,False,
1775842025.845425,entry_blocked,1398,,,120,,,macro,buy_over_fair_px_1076_fair_1038.1,,0,,8400.00,0.00,8400.00,8400.00,8400.00,macro,macro,BUY,120,4.500000,True,1038.0943,1071,1076,1073.5000,5,2.124208,0.073400,0.000000,-6.7500,,,,,,,,,,-17.1424,-10.3924,0.093671,0.396962,0.509367,0,0,0,flat,False,
1775842025.846992,entry_blocked,1398,,,120,,,macro,buy_over_fair_px_1076_fair_1038.0,,0,,8400.00,0.00,8400.00,8400.00,8400.00,macro,macro,BUY,120,4.500000,True,1038.0475,1072,1076,1074.0000,4,2.124208,0.073400,0.000000,-6.7500,,,,,,,,,,-17.1005,-10.3505,0.093293,0.399395,0.507312,0,0,0,flat,False,
1775842025.848835,entry_blocked,1398,,,120,,,macro,buy_over_fair_px_1076_fair_1038.1,,0,,8400.00,0.00,8400.00,8400.00,8400.00,macro,macro,BUY,120,4.500000,True,1038.0968,1072,1076,1074.0000,4,2.124208,0.073400,0.000000,-6.7500,,,,,,,,,,-17.1447,-10.3947,0.093012,0.398190,0.508798,0,0,0,flat,False,
1775842025.849563,entry_blocked,1398,,,120,,,macro,buy_over_fair_px_1076_fair_1038.0,,0,,8400.00,0.00,8400.00,8400.00,8400.00,macro,macro,BUY,120,4.500000,True,1037.9779,1072,1076,1074.0000,4,2.124208,0.073400,0.000000,-6.7500,,,,,,,,,,-17.0382,-10.2882,0.095739,0.396992,0.507268,0,0,0,flat,False,
1775842025.850482,entry_blocked,1398,,,120,,,macro,buy_over_fair_px_1076_fair_1037.9,,0,,8400.00,0.00,8400.00,8400.00,8400.00,macro,macro,BUY,120,4.500000,True,1037.9492,1072,1076,1074.0000,4,2.124208,0.073400,0.000000,-6.7500,,,,,,,,,,-17.0125,-10.2625,0.095500,0.398500,0.506000,0,0,0,flat,False,
1775842026.042658,entry_blocked,1398,,,120,,,macro,buy_over_fair_px_1076_fair_1037.8,,0,,8400.00,0.00,8400.00,8400.00,8400.00,macro,macro,BUY,120,4.500000,True,1037.8415,1072,1076,1074.0000,4,2.124208,0.073400,0.000000,-6.7500,,,,,,,,,,-16.9161,-10.1661,0.096125,0.401107,0.502768,0,0,0,flat,False,
1775842026.043474,entry_blocked,1398,,,120,,,macro,buy_over_fair_px_1076_fair_1037.9,,0,,8400.00,0.00,8400.00,8400.00,8400.00,macro,macro,BUY,120,4.500000,True,1037.9162,1072,1076,1074.0000,4,2.124208,0.073400,0.000000,-6.7500,,,,,,,,,,-16.9830,-10.2330,0.095691,0.399299,0.505010,0,0,0,flat,False,
1775842026.046911,entry_blocked,1398,,,120,,,macro,buy_over_fair_px_1076_fair_1037.8,,0,,8400.00,0.00,8400.00,8400.00,8400.00,macro,macro,BUY,120,4.500000,True,1037.8231,1072,1076,1074.0000,4,2.124208,0.073400,0.000000,-6.7500,,,,,,,,,,-16.8996,-10.1496,0.096758,0.400499,0.502743,0,0,0,flat,False,
1775842026.047736,entry_blocked,1398,,,120,,,macro,buy_over_fair_px_1075_fair_1037.8,,0,,8400.00,0.00,8400.00,8400.00,8400.00,macro,macro,BUY,120,4.500000,True,1037.8231,1072,1075,1073.5000,3,2.124208,0.073400,0.000000,-6.7500,,,,,,,,,,-16.8996,-10.1496,0.096758,0.400499,0.502743,0,0,0,flat,False,
1775842026.249351,entry_blocked,1398,,,120,,,macro,buy_over_fair_px_1075_fair_1037.7,,0,,8400.00,0.00,8400.00,8400.00,8400.00,macro,macro,BUY,120,4.500000,True,1037.7286,1071,1075,1073.0000,4,2.124208,0.073400,0.000000,-6.7500,,,,,,,,,,-16.8149,-10.0649,0.097403,0.402597,0.500000,0,0,0,flat,False,
1775842026.252335,entry_blocked,1398,,,120,,,macro,buy_over_fair_px_1075_fair_1037.6,,0,,8400.00,0.00,8400.00,8400.00,8400.00,macro,macro,BUY,120,4.500000,True,1037.6421,1071,1075,1073.0000,4,2.124208,0.073400,0.000000,-6.7500,,,,,,,,,,-16.7375,-9.9875,0.097500,0.405500,0.497000,0,0,0,flat,False,
1775842026.254271,entry_blocked,1398,,,120,,,macro,buy_over_fair_px_1073_fair_1037.6,,0,,8400.00,0.00,8400.00,8400.00,8400.00,macro,macro,BUY,120,4.500000,True,1037.6421,1071,1073,1072.0000,2,2.124208,0.073400,0.000000,-6.7500,,,,,,,,,,-16.7375,-9.9875,0.097500,0.405500,0.497000,0,0,0,flat,False,
1775842026.443229,entry_blocked,1398,,,120,,,macro,buy_over_fair_px_1074_fair_1037.6,,0,,8400.00,0.00,8400.00,8400.00,8400.00,macro,macro,BUY,120,4.500000,True,1037.6477,1069,1074,1071.5000,5,2.124208,0.073400,0.000000,-6.7500,,,,,,,,,,-16.7425,-9.9925,0.097804,0.404691,0.497505,0,0,0,flat,False,
1775842026.446066,entry_blocked,1398,,,120,,,macro,buy_over_fair_px_1074_fair_1037.7,,0,,8400.00,0.00,8400.00,8400.00,8400.00,macro,macro,BUY,120,4.500000,True,1037.6672,1073,1074,1073.5000,1,2.124208,0.073400,0.000000,-6.7500,,,,,,,,,,-16.7600,-10.0100,0.097354,0.404893,0.497753,0,0,0,flat,False,
1775842026.457291,entry_blocked,1398,,,120,,,macro,buy_over_fair_px_1075_fair_1037.7,,0,,8400.00,0.00,8400.00,8400.00,8400.00,macro,macro,BUY,120,4.500000,True,1037.7175,1073,1075,1074.0000,2,2.124208,0.073400,0.000000,-6.7500,,,,,,,,,,-16.8050,-10.0550,0.096548,0.404702,0.498749,0,0,0,flat,False,
1775842026.457994,entry_blocked,1398,,,120,,,macro,buy_over_fair_px_1076_fair_1037.7,,0,,8400.00,0.00,8400.00,8400.00,8400.00,macro,macro,BUY,120,4.500000,True,1037.7175,1073,1076,1074.5000,3,2.124208,0.073400,0.000000,-6.7500,,,,,,,,,,-16.8050,-10.0550,0.096548,0.404702,0.498749,0,0,0,flat,False,
1775842026.458562,entry_blocked,1398,,,120,,,macro,buy_over_fair_px_1077_fair_1037.7,,0,,8400.00,0.00,8400.00,8400.00,8400.00,macro,macro,BUY,120,4.500000,True,1037.7175,1073,1077,1075.0000,4,2.124208,0.073400,0.000000,-6.7500,,,,,,,,,,-16.8050,-10.0550,0.096548,0.404702,0.498749,0,0,0,flat,False,
1775842026.459080,entry_blocked,1398,,,120,,,macro,buy_over_fair_px_1078_fair_1037.7,,0,,8400.00,0.00,8400.00,8400.00,8400.00,macro,macro,BUY,120,4.500000,True,1037.7175,1073,1078,1075.5000,5,2.124208,0.073400,0.000000,-6.7500,,,,,,,,,,-16.8050,-10.0550,0.096548,0.404702,0.498749,0,0,0,flat,False,
1775842026.644945,entry_blocked,1398,,,120,,,macro,buy_over_fair_px_1078_fair_1037.8,,0,,8400.00,0.00,8400.00,8400.00,8400.00,macro,macro,BUY,120,4.500000,True,1037.8205,1073,1078,1075.5000,5,2.124208,0.073400,0.000000,-6.7500,,,,,,,,,,-16.8973,-10.1473,0.096355,0.401398,0.502247,0,0,0,flat,False,
1775842026.646403,entry_blocked,1398,,,120,,,macro,buy_over_fair_px_1078_fair_1037.7,,0,,8400.00,0.00,8400.00,8400.00,8400.00,macro,macro,BUY,120,4.500000,True,1037.7457,1073,1078,1075.5000,5,2.124208,0.073400,0.000000,-6.7500,,,,,,,,,,-16.8302,-10.0802,0.096790,0.403210,0.500000,0,0,0,flat,False,
1775842026.646863,entry_blocked,1398,,,120,,,macro,buy_over_fair_px_1078_fair_1037.8,,0,,8400.00,0.00,8400.00,8400.00,8400.00,macro,macro,BUY,120,4.500000,True,1037.7707,1073,1078,1075.5000,5,2.124208,0.073400,0.000000,-6.7500,,,,,,,,,,-16.8527,-10.1027,0.096645,0.402604,0.500751,0,0,0,flat,False,
1775842026.648777,entry_blocked,1398,,,120,,,macro,buy_over_fair_px_1078_fair_1037.9,,0,,8400.00,0.00,8400.00,8400.00,8400.00,macro,macro,BUY,120,4.500000,True,1037.8551,1075,1078,1076.5000,3,2.124208,0.073400,0.000000,-6.7500,,,,,,,,,,-16.9282,-10.1782,0.094880,0.403112,0.502008,0,0,0,flat,False,
1775842026.664730,entry_blocked,1398,,,120,,,macro,buy_over_fair_px_1079_fair_1037.9,,0,,8400.00,0.00,8400.00,8400.00,8400.00,macro,macro,BUY,120,4.500000,True,1037.8748,1075,1079,1077.0000,4,2.124208,0.073400,0.000000,-6.7500,,,,,,,,,,-16.9459,-10.1959,0.094425,0.403315,0.502260,0,0,0,flat,False,
1775842026.847745,entry_blocked,1398,,,120,,,macro,buy_over_fair_px_1079_fair_1037.8,,0,,8400.00,0.00,8400.00,8400.00,8400.00,macro,macro,BUY,120,4.500000,True,1037.8468,1075,1079,1077.0000,4,2.124208,0.073400,0.000000,-6.7500,,,,,,,,,,-16.9208,-10.1708,0.094927,0.403315,0.501758,0,0,0,flat,False,
1775842026.848407,entry_blocked,1398,,,120,,,macro,buy_over_fair_px_1078_fair_1037.8,,0,,8400.00,0.00,8400.00,8400.00,8400.00,macro,macro,BUY,120,4.500000,True,1037.8468,1075,1078,1076.5000,3,2.124208,0.073400,0.000000,-6.7500,,,,,,,,,,-16.9208,-10.1708,0.094927,0.403315,0.501758,0,0,0,flat,False,
1775842027.045972,entry_blocked,1398,,,120,,,macro,buy_over_fair_px_1078_fair_1037.9,,0,,8400.00,0.00,8400.00,8400.00,8400.00,macro,macro,BUY,120,4.500000,True,1037.8577,1074,1078,1076.0000,4,2.124208,0.073400,0.000000,-6.7500,,,,,,,,,,-16.9305,-10.1805,0.094784,0.403210,0.502006,0,0,0,flat,False,
1775842027.048160,entry_blocked,1398,,,120,,,macro,buy_over_fair_px_1078_fair_1037.8,,0,,8400.00,0.00,8400.00,8400.00,8400.00,macro,macro,BUY,120,4.500000,True,1037.8183,1074,1078,1076.0000,4,2.124208,0.073400,0.000000,-6.7500,,,,,,,,,,-16.8953,-10.1453,0.095691,0.402806,0.501503,0,0,0,flat,False,
1775842027.062020,entry_blocked,1398,,,120,,,macro,buy_over_fair_px_1079_fair_1037.8,,0,,8400.00,0.00,8400.00,8400.00,8400.00,macro,macro,BUY,120,4.500000,True,1037.7956,1075,1079,1077.0000,4,2.124208,0.073400,0.000000,-6.7500,,,,,,,,,,-16.8750,-10.1250,0.095500,0.404000,0.500500,0,0,0,flat,False,
1775842027.248228,entry_blocked,1398,,,120,,,macro,buy_over_fair_px_1079_fair_1037.7,,0,,8400.00,0.00,8400.00,8400.00,8400.00,macro,macro,BUY,120,4.500000,True,1037.7175,1075,1079,1077.0000,4,2.124208,0.073400,0.000000,-6.7500,,,,,,,,,,-16.8050,-10.0550,0.096048,0.405703,0.498249,0,0,0,flat,False,
1775842027.445383,entry_blocked,1398,,,120,,,macro,buy_over_fair_px_1077_fair_1037.7,,0,,8400.00,0.00,8400.00,8400.00,8400.00,macro,macro,BUY,120,4.500000,True,1037.7175,1075,1077,1076.0000,2,2.124208,0.073400,0.000000,-6.7500,,,,,,,,,,-16.8050,-10.0550,0.096048,0.405703,0.498249,0,0,0,flat,False,
1775842027.447780,entry_blocked,1398,,,120,,,macro,buy_over_fair_px_1077_fair_1037.6,,0,,8400.00,0.00,8400.00,8400.00,8400.00,macro,macro,BUY,120,4.500000,True,1037.6336,1075,1077,1076.0000,2,2.124208,0.073400,0.000000,-6.7500,,,,,,,,,,-16.7299,-9.9799,0.096531,0.407743,0.495726,0,0,0,flat,False,
1775842027.448883,entry_blocked,1398,,,120,,,macro,buy_over_fair_px_1077_fair_1037.7,,0,,8400.00,0.00,8400.00,8400.00,8400.00,macro,macro,BUY,120,4.500000,True,1037.6505,1075,1077,1076.0000,2,2.124208,0.073400,0.000000,-6.7500,,,,,,,,,,-16.7450,-9.9950,0.096434,0.407333,0.496233,0,0,0,flat,False,
1775842027.464967,entry_blocked,1398,,,120,,,macro,buy_over_fair_px_1077_fair_1037.6,,0,,8400.00,0.00,8400.00,8400.00,8400.00,macro,macro,BUY,120,4.500000,True,1037.5526,1073,1077,1075.0000,4,2.124208,0.073400,0.000000,-6.7500,,,,,,,,,,-16.6573,-9.9073,0.098697,0.406313,0.494990,0,0,0,flat,False,
1775842027.465954,entry_blocked,1398,,,120,,,macro,buy_over_fair_px_1077_fair_1037.5,,0,,8400.00,0.00,8400.00,8400.00,8400.00,macro,macro,BUY,120,4.500000,True,1037.4746,1073,1077,1075.0000,4,2.124208,0.073400,0.000000,-6.7500,,,,,,,,,,-16.5875,-9.8375,0.100500,0.405500,0.494000,0,0,0,flat,False,
1775842027.466171,entry_blocked,1398,,,120,,,macro,buy_over_fair_px_1077_fair_1037.4,,0,,8400.00,0.00,8400.00,8400.00,8400.00,macro,macro,BUY,120,4.500000,True,1037.4473,1073,1077,1075.0000,4,2.124208,0.073400,0.000000,-6.7500,,,,,,,,,,-16.5630,-9.8130,0.100249,0.406983,0.492768,0,0,0,flat,False,
1775842027.466511,entry_blocked,1398,,,120,,,macro,buy_over_fair_px_1077_fair_1037.5,,0,,8400.00,0.00,8400.00,8400.00,8400.00,macro,macro,BUY,120,4.500000,True,1037.4746,1073,1077,1075.0000,4,2.124208,0.073400,0.000000,-6.7500,,,,,,,,,,-16.5875,-9.8375,0.100500,0.405500,0.494000,0,0,0,flat,False,
1775842027.466713,entry_blocked,1398,,,120,,,macro,buy_over_fair_px_1077_fair_1037.4,,0,,8400.00,0.00,8400.00,8400.00,8400.00,macro,macro,BUY,120,4.500000,True,1037.4473,1073,1077,1075.0000,4,2.124208,0.073400,0.000000,-6.7500,,,,,,,,,,-16.5630,-9.8130,0.100249,0.406983,0.492768,0,0,0,flat,False,
1775842027.644879,entry_blocked,1398,,,120,,,macro,buy_over_fair_px_1077_fair_1037.3,,0,,8400.00,0.00,8400.00,8400.00,8400.00,macro,macro,BUY,120,4.500000,True,1037.2653,1073,1077,1075.0000,4,2.124208,0.073400,0.000000,-6.7500,,,,,,,,,,-16.4000,-9.6500,0.101500,0.411000,0.487500,0,0,0,flat,False,
1775842027.646041,entry_blocked,1398,,,120,,,macro,buy_over_fair_px_1077_fair_1037.2,,0,,8400.00,0.00,8400.00,8400.00,8400.00,macro,macro,BUY,120,4.500000,True,1037.1793,1073,1077,1075.0000,4,2.124208,0.073400,0.000000,-6.7500,,,,,,,,,,-16.3229,-9.5729,0.102010,0.413065,0.484925,0,0,0,flat,False,
1775842027.646914,entry_blocked,1398,,,120,,,macro,buy_over_fair_px_1077_fair_1037.3,,0,,8400.00,0.00,8400.00,8400.00,8400.00,macro,macro,BUY,120,4.500000,True,1037.2910,1073,1077,1075.0000,4,2.124208,0.073400,0.000000,-6.7500,,,,,,,,,,-16.4230,-9.6730,0.101348,0.410384,0.488268,0,0,0,flat,False,
1775842027.650506,entry_blocked,1398,,,120,,,macro,buy_over_fair_px_1077_fair_1037.1,,0,,8400.00,0.00,8400.00,8400.00,8400.00,macro,macro,BUY,120,4.500000,True,1037.0918,1073,1077,1075.0000,4,2.124208,0.073400,0.000000,-6.7500,,,,,,,,,,-16.2445,-9.4945,0.102113,0.415996,0.481891,0,0,0,flat,False,
1775842027.653441,entry_blocked,1398,,,120,,,macro,buy_over_fair_px_1077_fair_1037.0,,0,,8400.00,0.00,8400.00,8400.00,8400.00,macro,macro,BUY,120,4.500000,True,1036.9952,1073,1077,1075.0000,4,2.124208,0.073400,0.000000,-6.7500,,,,,,,,,,-16.1579,-9.4079,0.104365,0.414952,0.480682,0,0,0,flat,False,
1775842027.654303,entry_blocked,1398,,,120,,,macro,buy_over_fair_px_1072_fair_1037.0,,0,,8400.00,0.00,8400.00,8400.00,8400.00,macro,macro,BUY,120,4.500000,True,1036.9952,1073,1072,1072.5000,-1,2.124208,0.073400,0.000000,-6.7500,,,,,,,,,,-16.1579,-9.4079,0.104365,0.414952,0.480682,0,0,0,flat,False,
1775842027.655170,entry_blocked,1398,,,120,,,macro,buy_over_fair_px_1077_fair_1037.0,,0,,8400.00,0.00,8400.00,8400.00,8400.00,macro,macro,BUY,120,4.500000,True,1036.9952,1072,1077,1074.5000,5,2.124208,0.073400,0.000000,-6.7500,,,,,,,,,,-16.1579,-9.4079,0.104365,0.414952,0.480682,0,0,0,flat,False,
1775842027.656024,entry_blocked,1398,,,120,,,macro,buy_over_fair_px_1073_fair_1037.0,,0,,8400.00,0.00,8400.00,8400.00,8400.00,macro,macro,BUY,120,4.500000,True,1036.9952,1072,1073,1072.5000,1,2.124208,0.073400,0.000000,-6.7500,,,,,,,,,,-16.1579,-9.4079,0.104365,0.414952,0.480682,0,0,0,flat,False,
1775842027.852441,order_placed,1398,C,BUY,40,1070,1775841734497,macro_entry,,,0,,8400.00,0.00,8400.00,8400.00,8400.00,macro,macro,BUY,120,4.500000,True,1036.9724,1068,1070,1069.0000,2,2.124208,0.073400,0.000000,-6.7500,,,,,,,,,,-16.1375,-9.3875,0.105000,0.414500,0.480500,0,0,0,flat,False,
1775842027.853018,entry_decision,1398,C,BUY,40,1070,,macro,,strength=4.500000 target=120,0,,8400.00,0.00,8400.00,8400.00,8400.00,macro,macro,BUY,120,4.500000,True,1036.9724,1068,1070,1069.0000,2,2.124208,0.073400,0.000000,-6.7500,,,,,,,,,,-16.1375,-9.3875,0.105000,0.414500,0.480500,0,0,0,flat,False,
1775842027.853587,heartbeat_forced,1398,,,,,,,,,0,,8400.00,0.00,8400.00,8400.00,8400.00,macro,macro,BUY,120,4.500000,True,1036.9724,1068,1070,1069.0000,2,2.124208,0.073400,0.000000,-6.7500,,,,,,,,,,-16.1375,-9.3875,0.105000,0.414500,0.480500,0,0,0,flat,False,
1775842027.881307,fill,1398,C,BUY,40,1070,1775841734497,macro_entry,,,40,1070.0000,8400.00,0.00,8400.00,-34400.00,8400.00,macro,macro,BUY,120,4.500000,True,1036.9724,1070,1070,1070.0000,0,2.124208,0.073400,0.000000,-6.7500,,,,,,,,,,-16.1375,-9.3875,0.105000,0.414500,0.480500,0,0,0,book,False,
1775842028.229018,order_placed,1398,C,BUY,40,1071,1775841734498,macro_entry,,,40,1070.0000,8400.00,-120.00,8280.00,-34400.00,8280.00,macro,macro,BUY,120,4.500000,True,1036.9498,1067,1071,1069.0000,4,2.124208,0.073400,0.000000,-6.7500,,,,,,,,,,-16.1172,-9.3672,0.104552,0.416208,0.479240,0,0,0,book,False,
1775842028.229396,entry_decision,1398,C,BUY,40,1071,,macro,,strength=4.500000 target=120,40,1070.0000,8400.00,-120.00,8280.00,-34400.00,8280.00,macro,macro,BUY,120,4.500000,True,1036.9498,1067,1071,1069.0000,4,2.124208,0.073400,0.000000,-6.7500,,,,,,,,,,-16.1172,-9.3672,0.104552,0.416208,0.479240,0,0,0,book,False,
1775842028.229755,heartbeat_forced,1398,,,,,,,,,40,1070.0000,8400.00,-120.00,8280.00,-34400.00,8280.00,macro,macro,BUY,120,4.500000,True,1036.9498,1067,1071,1069.0000,4,2.124208,0.073400,0.000000,-6.7500,,,,,,,,,,-16.1172,-9.3672,0.104552,0.416208,0.479240,0,0,0,book,False,
1775842028.272897,fill,1398,C,BUY,40,1070,1775841734498,macro_entry,,,80,1070.0000,8400.00,80.00,8480.00,-77200.00,8480.00,macro,macro,BUY,120,4.500000,True,1036.8006,1071,1070,1070.5000,-1,2.124208,0.073400,0.000000,-6.7500,,,,,,,,,,-15.9834,-9.2334,0.106521,0.417621,0.475859,0,0,0,book,False,
1775842028.460816,entry_blocked,1398,,,120,,,macro,buy_over_fair_px_1072_fair_1036.7,,80,1070.0000,8400.00,0.00,8400.00,-77200.00,8400.00,macro,macro,BUY,120,4.500000,True,1036.7058,1070,1072,1071.0000,2,2.124208,0.073400,0.000000,-6.7500,,,,,,,,,,-15.8985,-9.1485,0.108739,0.416584,0.474677,0,0,0,book,False,
1775842028.461297,entry_blocked,1398,,,120,,,macro,buy_over_fair_px_1073_fair_1036.7,,80,1070.0000,8400.00,0.00,8400.00,-77200.00,8400.00,macro,macro,BUY,120,4.500000,True,1036.7058,1070,1073,1071.5000,3,2.124208,0.073400,0.000000,-6.7500,,,,,,,,,,-15.8985,-9.1485,0.108739,0.416584,0.474677,0,0,0,book,False,
1775842028.461762,entry_blocked,1398,,,120,,,macro,buy_over_fair_px_1074_fair_1036.7,,80,1070.0000,8400.00,0.00,8400.00,-77200.00,8400.00,macro,macro,BUY,120,4.500000,True,1036.7058,1070,1074,1072.0000,4,2.124208,0.073400,0.000000,-6.7500,,,,,,,,,,-15.8985,-9.1485,0.108739,0.416584,0.474677,0,0,0,book,False,
1775842028.464712,entry_blocked,1398,,,120,,,macro,buy_over_fair_px_1074_fair_1036.6,,80,1070.0000,8400.00,0.00,8400.00,-77200.00,8400.00,macro,macro,BUY,120,4.500000,True,1036.6264,1070,1074,1072.0000,4,2.124208,0.073400,0.000000,-6.7500,,,,,,,,,,-15.8273,-9.0773,0.109227,0.418454,0.472319,0,0,0,book,False,
1775842028.465817,entry_blocked,1398,,,120,,,macro,buy_over_fair_px_1074_fair_1036.5,,80,1070.0000,8400.00,0.00,8400.00,-77200.00,8400.00,macro,macro,BUY,120,4.500000,True,1036.5212,1070,1074,1072.0000,4,2.124208,0.073400,0.000000,-6.7500,,,,,,,,,,-15.7330,-8.9830,0.109445,0.421789,0.468766,0,0,0,book,False,
1775842028.646859,entry_blocked,1398,,,120,,,macro,buy_over_fair_px_1074_fair_1036.4,,80,1070.0000,8400.00,0.00,8400.00,-77200.00,8400.00,macro,macro,BUY,120,4.500000,True,1036.3833,1070,1074,1072.0000,4,2.124208,0.073400,0.000000,-6.7500,,,,,,,,,,-15.6093,-8.8593,0.111829,0.421968,0.466203,0,0,0,book,False,
1775842028.653510,entry_blocked,1398,,,120,,,macro,buy_over_fair_px_1074_fair_1036.3,,80,1070.0000,8400.00,0.00,8400.00,-77200.00,8400.00,macro,macro,BUY,120,4.500000,True,1036.2754,1070,1074,1072.0000,4,2.124208,0.073400,0.000000,-6.7500,,,,,,,,,,-15.5125,-8.7625,0.112500,0.424500,0.463000,0,0,0,book,False,
1775842028.655284,entry_blocked,1398,,,120,,,macro,buy_over_fair_px_1074_fair_1036.4,,80,1070.0000,8400.00,0.00,8400.00,-77200.00,8400.00,macro,macro,BUY,120,4.500000,True,1036.3744,1070,1074,1072.0000,4,2.124208,0.073400,0.000000,-6.7500,,,,,,,,,,-15.6013,-8.8513,0.111885,0.422178,0.465937,0,0,0,book,False,
1775842028.656111,entry_blocked,1398,,,120,,,macro,buy_over_fair_px_1074_fair_1036.3,,80,1070.0000,8400.00,0.00,8400.00,-77200.00,8400.00,macro,macro,BUY,120,4.500000,True,1036.2754,1070,1074,1072.0000,4,2.124208,0.073400,0.000000,-6.7500,,,,,,,,,,-15.5125,-8.7625,0.112500,0.424500,0.463000,0,0,0,book,False,
1775842028.661038,entry_blocked,1398,,,120,,,macro,buy_over_fair_px_1072_fair_1036.3,,80,1070.0000,8400.00,0.00,8400.00,-77200.00,8400.00,macro,macro,BUY,120,4.500000,True,1036.2754,1070,1072,1071.0000,2,2.124208,0.073400,0.000000,-6.7500,,,,,,,,,,-15.5125,-8.7625,0.112500,0.424500,0.463000,0,0,0,book,False,
1775842028.843782,entry_blocked,1398,,,120,,,macro,buy_over_fair_px_1072_fair_1036.2,,80,1070.0000,8400.00,-160.00,8240.00,-77200.00,8240.00,macro,macro,BUY,120,4.500000,True,1036.1844,1068,1072,1070.0000,4,2.124208,0.073400,0.000000,-6.7500,,,,,,,,,,-15.4309,-8.6809,0.113065,0.426633,0.460302,0,0,0,book,False,
1775842028.849632,entry_blocked,1398,,,120,,,macro,buy_over_fair_px_1072_fair_1036.1,,80,1070.0000,8400.00,-160.00,8240.00,-77200.00,8240.00,macro,macro,BUY,120,4.500000,True,1036.0528,1068,1072,1070.0000,4,2.124208,0.073400,0.000000,-6.7500,,,,,,,,,,-15.3128,-8.5628,0.116174,0.425138,0.458688,0,0,0,book,False,
1775842028.851316,entry_blocked,1398,,,120,,,macro,buy_over_fair_px_1072_fair_1036.0,,80,1070.0000,8400.00,-160.00,8240.00,-77200.00,8240.00,macro,macro,BUY,120,4.500000,True,1036.0337,1068,1072,1070.0000,4,2.124208,0.073400,0.000000,-6.7500,,,,,,,,,,-15.2957,-8.5457,0.115942,0.426287,0.457771,0,0,0,book,False,
1775842029.242938,entry_blocked,1398,,,120,,,macro,buy_over_fair_px_1072_fair_1036.1,,80,1070.0000,8400.00,-160.00,8240.00,-77200.00,8240.00,macro,macro,BUY,120,4.500000,True,1036.1067,1068,1072,1070.0000,4,2.124208,0.073400,0.000000,-6.7500,,,,,,,,,,-15.3612,-8.6112,0.115480,0.424589,0.459930,0,0,0,book,False,
1775842029.248603,entry_blocked,1398,,,120,,,macro,buy_over_fair_px_1072_fair_1036.2,,80,1070.0000,8400.00,-160.00,8240.00,-77200.00,8240.00,macro,macro,BUY,120,4.500000,True,1036.2008,1068,1072,1070.0000,4,2.124208,0.073400,0.000000,-6.7500,,,,,,,,,,-15.4457,-8.6957,0.113943,0.424288,0.461769,0,0,0,book,False,
1775842029.452672,entry_blocked,1398,,,120,,,macro,buy_over_fair_px_1072_fair_1036.3,,80,1070.0000,8400.00,-160.00,8240.00,-77200.00,8240.00,macro,macro,BUY,120,4.500000,True,1036.2732,1068,1072,1070.0000,4,2.124208,0.073400,0.000000,-6.7500,,,,,,,,,,-15.5106,-8.7606,0.113489,0.422598,0.463912,0,0,0,book,False,
1775842029.456656,entry_blocked,1398,,,120,,,macro,buy_over_fair_px_1072_fair_1036.4,,80,1070.0000,8400.00,-160.00,8240.00,-77200.00,8240.00,macro,macro,BUY,120,4.500000,True,1036.3680,1068,1072,1070.0000,4,2.124208,0.073400,0.000000,-6.7500,,,,,,,,,,-15.5956,-8.8456,0.111944,0.422289,0.465767,0,0,0,book,False,
1775842029.650660,entry_blocked,1398,,,120,,,macro,buy_over_fair_px_1072_fair_1036.3,,80,1070.0000,8400.00,-160.00,8240.00,-77200.00,8240.00,macro,macro,BUY,120,4.500000,True,1036.3262,1068,1072,1070.0000,4,2.124208,0.073400,0.000000,-6.7500,,,,,,,,,,-15.5581,-8.8081,0.111944,0.423788,0.464268,0,0,0,book,False,
1775842029.841979,entry_blocked,1398,,,120,,,macro,buy_over_fair_px_1072_fair_1036.4,,80,1070.0000,8400.00,-160.00,8240.00,-77200.00,8240.00,macro,macro,BUY,120,4.500000,True,1036.4249,1068,1072,1070.0000,4,2.124208,0.073400,0.000000,-6.7500,,,,,,,,,,-15.6466,-8.8966,0.111332,0.421471,0.467197,0,0,0,book,False,
1775842029.843576,entry_blocked,1398,,,120,,,macro,buy_over_fair_px_1072_fair_1036.3,,80,1070.0000,8400.00,-160.00,8240.00,-77200.00,8240.00,macro,macro,BUY,120,4.500000,True,1036.3262,1068,1072,1070.0000,4,2.124208,0.073400,0.000000,-6.7500,,,,,,,,,,-15.5581,-8.8081,0.111944,0.423788,0.464268,0,0,0,book,False,
1775842029.844420,entry_blocked,1398,,,120,,,macro,buy_over_fair_px_1072_fair_1036.4,,80,1070.0000,8400.00,-160.00,8240.00,-77200.00,8240.00,macro,macro,BUY,120,4.500000,True,1036.3532,1068,1072,1070.0000,4,2.124208,0.073400,0.000000,-6.7500,,,,,,,,,,-15.5823,-8.8323,0.111776,0.423154,0.465070,0,0,0,book,False,
1775842029.854999,entry_blocked,1398,,,120,,,macro,buy_over_fair_px_1072_fair_1036.6,,80,1070.0000,8400.00,-80.00,8320.00,-77200.00,8320.00,macro,macro,BUY,120,4.500000,True,1036.5630,1069,1072,1070.5000,3,2.124208,0.073400,0.000000,-6.7500,,,,,,,,,,-15.7705,-9.0205,0.108946,0.421289,0.469765,0,0,0,book,False,
1775842029.867160,entry_blocked,1398,,,120,,,macro,buy_over_fair_px_1073_fair_1036.6,,80,1070.0000,8400.00,-80.00,8320.00,-77200.00,8320.00,macro,macro,BUY,120,4.500000,True,1036.5630,1069,1073,1071.0000,4,2.124208,0.073400,0.000000,-6.7500,,,,,,,,,,-15.7705,-9.0205,0.108946,0.421289,0.469765,0,0,0,book,False,
1775842030.042178,order_placed,1398,C,SELL,40,1069,1775841734499,gap_compress,,,80,1070.0000,8400.00,-80.00,8320.00,-77200.00,8320.00,macro,macro,BUY,120,4.500000,True,1036.5630,1069,1073,1071.0000,4,2.124208,0.073400,0.000000,-6.7500,,,,,,,,,,-15.7705,-9.0205,0.108946,0.421289,0.469765,0,0,0,book,False,
1775842030.042810,exit_trigger,1398,,,40,,,gap_compress,gap_compress,,80,1070.0000,8400.00,-80.00,8320.00,-77200.00,8320.00,macro,macro,BUY,120,4.500000,True,1036.5630,1069,1073,1071.0000,4,2.124208,0.073400,0.000000,-6.7500,,,,,,,,,,-15.7705,-9.0205,0.108946,0.421289,0.469765,0,0,0,book,False,
1775842030.043284,heartbeat_forced,1398,,,,,,,,,80,1070.0000,8400.00,-80.00,8320.00,-77200.00,8320.00,macro,macro,BUY,120,4.500000,True,1036.5630,1069,1073,1071.0000,4,2.124208,0.073400,0.000000,-6.7500,,,,,,,,,,-15.7705,-9.0205,0.108946,0.421289,0.469765,0,0,0,book,False,
1775842030.252289,fill,1398,C,SELL,40,1069,1775841734499,gap_compress,,,40,1070.0000,8360.00,-40.00,8320.00,-34440.00,8320.00,macro,macro,BUY,120,4.500000,False,1029.3826,1069,1069,1069.0000,0,2.124208,0.073400,0.000000,-6.7500,,,,,,,,,,-9.3064,-9.3064,0.105289,0.417166,0.477545,0,0,0,book,False,
1775842030.253343,order_placed,1398,C,SELL,40,1069,1775841734500,gap_compress,,,40,1070.0000,8360.00,-40.00,8320.00,-34440.00,8320.00,macro,macro,BUY,120,4.500000,False,1029.3826,1069,1069,1069.0000,0,2.124208,0.073400,0.000000,-6.7500,,,,,,,,,,-9.3064,-9.3064,0.105289,0.417166,0.477545,0,0,0,book,False,
1775842030.253929,exit_trigger,1398,,,40,,,gap_compress,gap_compress,,40,1070.0000,8360.00,-40.00,8320.00,-34440.00,8320.00,macro,macro,BUY,120,4.500000,False,1029.3826,1069,1069,1069.0000,0,2.124208,0.073400,0.000000,-6.7500,,,,,,,,,,-9.3064,-9.3064,0.105289,0.417166,0.477545,0,0,0,book,False,
1775842030.254443,heartbeat_forced,1398,,,,,,,,,40,1070.0000,8360.00,-40.00,8320.00,-34440.00,8320.00,macro,macro,BUY,120,4.500000,False,1029.3826,1069,1069,1069.0000,0,2.124208,0.073400,0.000000,-6.7500,,,,,,,,,,-9.3064,-9.3064,0.105289,0.417166,0.477545,0,0,0,book,False,
1775842030.281894,fill,1398,C,SELL,40,1069,1775841734500,gap_compress,,,0,,8320.00,0.00,8320.00,8320.00,8320.00,flat,,,,,,1029.3274,1069,1069,1069.0000,0,2.124208,0.073400,0.000000,-6.7500,,,,,,,,,,-9.2565,-9.2565,0.105788,0.418164,0.476048,0,0,0,flat,False,
1775842032.450785,news_ignored,1450,,,,,,,non_signal_news,,0,,8320.00,0.00,8320.00,8320.00,8320.00,flat,,,,,,1031.7737,1061,1071,1066.0000,10,2.124208,0.073400,0.000000,-6.7500,,,,,,,structured,petition,,-11.4647,-11.4647,0.087038,0.367337,0.545625,0,0,0,flat,False,"{'timestamp': 1450, 'kind': 'structured', 'new_data': {'new_signatures': 0, 'cumulative': 0, 'asset': '', 'structured_subtype': 'petition'}}"
1775842033.255134,heartbeat,1450,,,,,,,,,0,,8320.00,0.00,8320.00,8320.00,8320.00,flat,,,,,,1033.8185,1079,1082,1080.5000,3,2.124208,0.073400,0.000000,-6.7500,,,,,,,,,,-13.3058,-13.3058,0.061469,0.344828,0.593703,0,0,0,flat,False,
1775842034.440553,earnings_signal,1460,,SELL,200,,,,,old=2.124208 new=2.071029 delta=-0.053179,0,,8320.00,0.00,8320.00,8320.00,8320.00,flat,earnings,SELL,200,0.053179,True,1014.8691,1083,1087,1085.0000,4,2.071029,-0.053179,0.000000,-6.7500,,,,,,,,,,-13.3785,-13.3785,0.059237,0.346386,0.594378,0,0,0,flat,False,
1775842034.441399,order_placed,1460,C,SELL,40,1083,1775841734501,earnings_entry,,,0,,8320.00,0.00,8320.00,8320.00,8320.00,flat,earnings,SELL,200,0.053179,True,1014.8691,1083,1087,1085.0000,4,2.071029,-0.053179,0.000000,-6.7500,,,,,,,,,,-13.3785,-13.3785,0.059237,0.346386,0.594378,0,0,0,flat,False,
1775842034.441893,entry_decision,1460,C,SELL,40,1083,,earnings,,strength=0.053179 target=200,0,,8320.00,0.00,8320.00,8320.00,8320.00,earnings,earnings,SELL,200,0.053179,True,1014.8691,1083,1087,1085.0000,4,2.071029,-0.053179,0.000000,-6.7500,,,,,,,,,,-13.3785,-13.3785,0.059237,0.346386,0.594378,0,0,0,flat,False,
1775842034.442473,heartbeat_forced,1460,,,,,,,,,0,,8320.00,0.00,8320.00,8320.00,8320.00,earnings,earnings,SELL,200,0.053179,True,1014.8691,1083,1087,1085.0000,4,2.071029,-0.053179,0.000000,-6.7500,,,,,,,,,,-13.3785,-13.3785,0.059237,0.346386,0.594378,0,0,0,flat,False,
1775842034.471929,fill,1460,C,SELL,40,1086,1775841734501,earnings_entry,,,-40,1086.0000,8320.00,120.00,8440.00,51760.00,8440.00,earnings,earnings,SELL,200,0.053179,True,1015.0905,1086,1083,1084.5000,-3,2.071029,-0.053179,0.000000,-6.7500,,,,,,,,,,-13.5821,-13.5821,0.057711,0.341294,0.600995,0,0,0,book,False,
1775842034.844198,order_placed,1460,C,SELL,40,1084,1775841734502,earnings_entry,,,-40,1086.0000,8320.00,-80.00,8240.00,51760.00,8240.00,earnings,earnings,SELL,200,0.053179,True,1015.1372,1084,1088,1086.0000,4,2.071029,-0.053179,0.000000,-6.7500,,,,,,,,,,-13.6250,-13.6250,0.058000,0.339000,0.603000,0,0,0,book,False,
1775842034.844504,entry_decision,1460,C,SELL,40,1084,,earnings,,strength=0.053179 target=200,-40,1086.0000,8320.00,-80.00,8240.00,51760.00,8240.00,earnings,earnings,SELL,200,0.053179,True,1015.1372,1084,1088,1086.0000,4,2.071029,-0.053179,0.000000,-6.7500,,,,,,,,,,-13.6250,-13.6250,0.058000,0.339000,0.603000,0,0,0,book,False,
1775842034.844950,heartbeat_forced,1460,,,,,,,,,-40,1086.0000,8320.00,-80.00,8240.00,51760.00,8240.00,earnings,earnings,SELL,200,0.053179,True,1015.1372,1084,1088,1086.0000,4,2.071029,-0.053179,0.000000,-6.7500,,,,,,,,,,-13.6250,-13.6250,0.058000,0.339000,0.603000,0,0,0,book,False,
1775842035.044731,entry_blocked,1460,,,200,,,earnings,live_order,,-40,1086.0000,8320.00,80.00,8400.00,51760.00,8400.00,earnings,earnings,SELL,200,0.053179,True,1015.2595,1082,1084,1083.0000,2,2.071029,-0.053179,0.000000,-6.7500,,,,,,,,,,-13.7375,-13.7375,0.057000,0.336500,0.606500,0,0,0,book,False,
1775842035.047024,fill,1460,C,SELL,40,1084,1775841734502,earnings_entry,,,-80,1085.0000,8320.00,80.00,8400.00,95120.00,8400.00,earnings,earnings,SELL,200,0.053179,True,1015.2595,1084,1084,1084.0000,0,2.071029,-0.053179,0.000000,-6.7500,,,,,,,,,,-13.7375,-13.7375,0.057000,0.336500,0.606500,0,0,0,book,False,
1775842035.242526,order_placed,1460,C,SELL,40,1084,1775841734503,earnings_entry,,,-80,1085.0000,8320.00,-240.00,8080.00,95120.00,8080.00,earnings,earnings,SELL,200,0.053179,True,1015.4015,1084,1088,1086.0000,4,2.071029,-0.053179,0.000000,-6.7500,,,,,,,,,,-13.8681,-13.8681,0.055472,0.334333,0.610195,0,0,0,book,False,
1775842035.244044,entry_decision,1460,C,SELL,40,1084,,earnings,,strength=0.053179 target=200,-80,1085.0000,8320.00,-240.00,8080.00,95120.00,8080.00,earnings,earnings,SELL,200,0.053179,True,1015.4015,1084,1088,1086.0000,4,2.071029,-0.053179,0.000000,-6.7500,,,,,,,,,,-13.8681,-13.8681,0.055472,0.334333,0.610195,0,0,0,book,False,
1775842035.244469,heartbeat_forced,1460,,,,,,,,,-80,1085.0000,8320.00,-240.00,8080.00,95120.00,8080.00,earnings,earnings,SELL,200,0.053179,True,1015.4015,1084,1088,1086.0000,4,2.071029,-0.053179,0.000000,-6.7500,,,,,,,,,,-13.8681,-13.8681,0.055472,0.334333,0.610195,0,0,0,book,False,
1775842035.271633,fill,1460,C,SELL,40,1085,1775841734503,earnings_entry,,,-120,1085.0000,8320.00,120.00,8440.00,138520.00,8440.00,earnings,earnings,SELL,200,0.053179,True,1015.4091,1085,1084,1084.5000,-1,2.071029,-0.053179,0.000000,-6.7500,,,,,,,,,,-13.8750,-13.8750,0.055500,0.334000,0.610500,0,0,0,book,False,
1775842035.642971,order_placed,1460,C,SELL,40,1087,1775841734504,earnings_entry,,,-120,1085.0000,8320.00,-720.00,7600.00,138520.00,7600.00,earnings,earnings,SELL,200,0.053179,True,1015.5396,1087,1091,1089.0000,4,2.071029,-0.053179,0.000000,-6.7500,,,,,,,,,,-13.9950,-13.9950,0.054271,0.331658,0.614070,0,0,0,book,False,
1775842035.643928,entry_decision,1460,C,SELL,40,1087,,earnings,,strength=0.053179 target=200,-120,1085.0000,8320.00,-720.00,7600.00,138520.00,7600.00,earnings,earnings,SELL,200,0.053179,True,1015.5396,1087,1091,1089.0000,4,2.071029,-0.053179,0.000000,-6.7500,,,,,,,,,,-13.9950,-13.9950,0.054271,0.331658,0.614070,0,0,0,book,False,
1775842035.644356,heartbeat_forced,1460,,,,,,,,,-120,1085.0000,8320.00,-720.00,7600.00,138520.00,7600.00,earnings,earnings,SELL,200,0.053179,True,1015.5396,1087,1091,1089.0000,4,2.071029,-0.053179,0.000000,-6.7500,,,,,,,,,,-13.9950,-13.9950,0.054271,0.331658,0.614070,0,0,0,book,False,
1775842035.844617,entry_blocked,1460,,,200,,,earnings,live_order,,-120,1085.0000,8320.00,-240.00,8080.00,138520.00,8080.00,earnings,earnings,SELL,200,0.053179,True,1015.6787,1083,1087,1085.0000,4,2.071029,-0.053179,0.000000,-6.7500,,,,,,,,,,-14.1228,-14.1228,0.053133,0.328822,0.618045,0,0,0,book,False,
1775842036.242773,order_placed,1460,C,SELL,40,1082,1775841734505,earnings_entry,,,-120,1085.0000,8320.00,-120.00,8200.00,138520.00,8200.00,earnings,earnings,SELL,200,0.053179,True,1015.6317,1082,1086,1084.0000,4,2.071029,-0.053179,0.000000,-6.7500,,,,,,,,,,-14.0796,-14.0796,0.053731,0.329353,0.616915,0,0,0,book,False,
1775842036.243257,entry_decision,1460,C,SELL,40,1082,,earnings,,strength=0.053179 target=200,-120,1085.0000,8320.00,-120.00,8200.00,138520.00,8200.00,earnings,earnings,SELL,200,0.053179,True,1015.6317,1082,1086,1084.0000,4,2.071029,-0.053179,0.000000,-6.7500,,,,,,,,,,-14.0796,-14.0796,0.053731,0.329353,0.616915,0,0,0,book,False,
1775842036.243815,heartbeat_forced,1460,,,,,,,,,-120,1085.0000,8320.00,-120.00,8200.00,138520.00,8200.00,earnings,earnings,SELL,200,0.053179,True,1015.6317,1082,1086,1084.0000,4,2.071029,-0.053179,0.000000,-6.7500,,,,,,,,,,-14.0796,-14.0796,0.053731,0.329353,0.616915,0,0,0,book,False,
1775842036.271729,cancel_response,1460,C,SELL,40,1087,1775841734504,earnings_entry,,success=True error=None,-120,1085.0000,8320.00,120.00,8440.00,138520.00,8440.00,earnings,earnings,SELL,200,0.053179,True,1015.7355,1080,1084,1082.0000,4,2.071029,-0.053179,0.000000,-6.7500,,,,,,,,,,-14.1750,-14.1750,0.053000,0.327000,0.620000,0,0,0,book,False,
1775842036.842631,order_placed,1460,C,SELL,40,1075,1775841734506,earnings_entry,,,-120,1085.0000,8320.00,720.00,9040.00,138520.00,9040.00,earnings,earnings,SELL,200,0.053179,True,1016.0893,1075,1079,1077.0000,4,2.071029,-0.053179,0.000000,-6.7500,,,,,,,,,,-14.5000,-14.5000,0.050000,0.320000,0.630000,0,0,0,book,False,
1775842036.843183,entry_decision,1460,C,SELL,40,1075,,earnings,,strength=0.053179 target=200,-120,1085.0000,8320.00,720.00,9040.00,138520.00,9040.00,earnings,earnings,SELL,200,0.053179,True,1016.0893,1075,1079,1077.0000,4,2.071029,-0.053179,0.000000,-6.7500,,,,,,,,,,-14.5000,-14.5000,0.050000,0.320000,0.630000,0,0,0,book,False,
1775842036.843854,heartbeat_forced,1460,,,,,,,,,-120,1085.0000,8320.00,720.00,9040.00,138520.00,9040.00,earnings,earnings,SELL,200,0.053179,True,1016.0893,1075,1079,1077.0000,4,2.071029,-0.053179,0.000000,-6.7500,,,,,,,,,,-14.5000,-14.5000,0.050000,0.320000,0.630000,0,0,0,book,False,
1775842036.876561,cancel_response,1460,C,SELL,40,1082,1775841734505,earnings_entry,,success=True error=None,-120,1085.0000,8320.00,840.00,9160.00,138520.00,9160.00,earnings,earnings,SELL,200,0.053179,True,1016.0076,1074,1078,1076.0000,4,2.071029,-0.053179,0.000000,-6.7500,,,,,,,,,,-14.4250,-14.4250,0.050000,0.323000,0.627000,0,0,0,book,False,
1775842037.443614,order_placed,1460,C,SELL,40,1069,1775841734507,earnings_entry,,,-120,1085.0000,8320.00,1440.00,9760.00,138520.00,9760.00,earnings,earnings,SELL,200,0.053179,True,1015.4664,1069,1073,1071.0000,4,2.071029,-0.053179,0.000000,-6.7500,,,,,,,,,,-13.9277,-13.9277,0.054364,0.334165,0.611471,0,0,0,book,False,
1775842037.444162,entry_decision,1460,C,SELL,40,1069,,earnings,,strength=0.053179 target=200,-120,1085.0000,8320.00,1440.00,9760.00,138520.00,9760.00,earnings,earnings,SELL,200,0.053179,True,1015.4664,1069,1073,1071.0000,4,2.071029,-0.053179,0.000000,-6.7500,,,,,,,,,,-13.9277,-13.9277,0.054364,0.334165,0.611471,0,0,0,book,False,
1775842037.444649,heartbeat_forced,1460,,,,,,,,,-120,1085.0000,8320.00,1440.00,9760.00,138520.00,9760.00,earnings,earnings,SELL,200,0.053179,True,1015.4664,1069,1073,1071.0000,4,2.071029,-0.053179,0.000000,-6.7500,,,,,,,,,,-13.9277,-13.9277,0.054364,0.334165,0.611471,0,0,0,book,False,
1775842037.471138,cancel_response,1460,C,SELL,40,1075,1775841734506,earnings_entry,,success=True error=None,-120,1085.0000,8320.00,1560.00,9880.00,138520.00,9880.00,earnings,earnings,SELL,200,0.053179,True,1015.2054,1068,1072,1070.0000,4,2.071029,-0.053179,0.000000,-6.7500,,,,,,,,,,-13.6878,-13.6878,0.056812,0.338864,0.604324,0,0,0,book,False,
1775842037.644816,entry_blocked,1460,,,200,,,earnings,live_order,,-120,1085.0000,8320.00,1920.00,10240.00,138520.00,10240.00,earnings,earnings,SELL,200,0.053179,True,1015.1370,1068,1069,1068.5000,1,2.071029,-0.053179,0.000000,-6.7500,,,,,,,,,,-13.6249,-13.6249,0.057128,0.340748,0.602123,0,0,0,book,False,
1775842038.041854,order_placed,1460,C,BUY,40,1067,1775841734508,short_profit_1,,,-120,1085.0000,8320.00,2160.00,10480.00,138520.00,10480.00,earnings,earnings,SELL,200,0.053179,True,1014.3888,1063,1067,1065.0000,4,2.071029,-0.053179,0.000000,-6.7500,,,,,,,,,,-12.9366,-12.9366,0.064870,0.352794,0.582335,0,0,0,book,False,
1775842038.041990,exit_trigger,1460,,,40,,,short_profit_1,short_profit_1,,-120,1085.0000,8320.00,2160.00,10480.00,138520.00,10480.00,earnings,earnings,SELL,200,0.053179,True,1014.3888,1063,1067,1065.0000,4,2.071029,-0.053179,0.000000,-6.7500,,,,,,,,,,-12.9366,-12.9366,0.064870,0.352794,0.582335,0,0,0,book,False,
1775842038.042167,heartbeat_forced,1460,,,,,,,,,-120,1085.0000,8320.00,2160.00,10480.00,138520.00,10480.00,earnings,earnings,SELL,200,0.053179,True,1014.3888,1063,1067,1065.0000,4,2.071029,-0.053179,0.000000,-6.7500,,,,,,,,,,-12.9366,-12.9366,0.064870,0.352794,0.582335,0,0,0,book,False,
1775842038.071458,cancel_response,1460,C,SELL,40,1069,1775841734507,earnings_entry,,success=True error=None,-120,1085.0000,8320.00,2160.00,10480.00,138520.00,10480.00,earnings,earnings,SELL,200,0.053179,True,1014.4648,1063,1067,1065.0000,4,2.071029,-0.053179,0.000000,-6.7500,,,,,,,,,,-13.0065,-13.0065,0.063532,0.352676,0.583792,0,0,0,book,False,
1775842038.072054,fill,1460,C,BUY,40,1067,1775841734508,short_profit_1,,,-80,1085.0000,9040.00,1440.00,10480.00,95840.00,10480.00,earnings,earnings,SELL,200,0.053179,True,1014.4648,1067,1067,1067.0000,0,2.071029,-0.053179,0.000000,-6.7500,,,,,,,,,,-13.0065,-13.0065,0.063532,0.352676,0.583792,0,0,0,book,False,
1775842039.644000,order_placed,1460,C,BUY,40,1046,1775841734509,short_profit_2,,,-80,1085.0000,9040.00,3120.00,12160.00,95840.00,12160.00,earnings,earnings,SELL,200,0.053179,True,1014.1591,1056,1046,1051.0000,-10,2.071029,-0.053179,0.000000,-6.7500,,,,,,,,,,-12.7252,-12.7252,0.065566,0.359860,0.574575,0,0,0,book,False,
1775842039.644358,exit_trigger,1460,,,40,,,short_profit_2,short_profit_2,,-80,1085.0000,9040.00,3120.00,12160.00,95840.00,12160.00,earnings,earnings,SELL,200,0.053179,True,1014.1591,1056,1046,1051.0000,-10,2.071029,-0.053179,0.000000,-6.7500,,,,,,,,,,-12.7252,-12.7252,0.065566,0.359860,0.574575,0,0,0,book,False,
1775842039.644809,heartbeat_forced,1460,,,,,,,,,-80,1085.0000,9040.00,3120.00,12160.00,95840.00,12160.00,earnings,earnings,SELL,200,0.053179,True,1014.1591,1056,1046,1051.0000,-10,2.071029,-0.053179,0.000000,-6.7500,,,,,,,,,,-12.7252,-12.7252,0.065566,0.359860,0.574575,0,0,0,book,False,
1775842040.245012,macro_eval,1489,,,0,,,,below_threshold,score=+0.00 headline=A faces severe operational disruption after supplier bankruptcy.,-80,1085.0000,9040.00,2160.00,11200.00,95840.00,11200.00,earnings,earnings,SELL,200,0.053179,True,1013.9756,1054,1058,1056.0000,4,2.071029,-0.053179,0.000000,-6.7500,,,0.0000,0,,+0.058407,unstructured,,,-12.5562,-12.5562,0.067466,0.362819,0.569715,0,0,0,book,False,"{'timestamp': 1489, 'kind': 'unstructured', 'new_data': {'content': 'A faces severe operational disruption after supplier bankruptcy.'}}"
1775842040.245641,news_ignored,1489,,,,,,,weak_macro_news,score=+0.00,-80,1085.0000,9040.00,2160.00,11200.00,95840.00,11200.00,earnings,earnings,SELL,200,0.053179,True,1013.9756,1054,1058,1056.0000,4,2.071029,-0.053179,0.000000,-6.7500,,,0.0000,0,,+0.058407,unstructured,,,-12.5562,-12.5562,0.067466,0.362819,0.569715,0,0,0,book,False,"{'timestamp': 1489, 'kind': 'unstructured', 'new_data': {'content': 'A faces severe operational disruption after supplier bankruptcy.'}}"
1775842040.272167,cancel_response,1489,C,BUY,40,1046,1775841734509,short_profit_2,,success=True error=None,-80,1085.0000,9040.00,2160.00,11200.00,95840.00,11200.00,earnings,earnings,SELL,200,0.053179,True,1013.9824,1054,1058,1056.0000,4,2.071029,-0.053179,0.000000,-6.7500,,,,,,,,,,-12.5625,-12.5625,0.067500,0.362500,0.570000,0,0,0,book,False,
1775842042.645161,heartbeat,1489,,,,,,,,,-80,1085.0000,9040.00,2240.00,11280.00,95840.00,11280.00,earnings,earnings,SELL,200,0.053179,True,1012.1785,1052,1057,1054.5000,5,2.071029,-0.053179,0.000000,-6.7500,,,,,,,,,,-10.9000,-10.9000,0.084000,0.396000,0.520000,0,0,0,book,False,
1775842045.645740,heartbeat,1489,,,,,,,,,-80,1085.0000,9040.00,2720.00,11760.00,95840.00,11760.00,earnings,earnings,SELL,200,0.053179,True,1011.4665,1047,1051,1049.0000,4,2.071029,-0.053179,0.000000,-6.7500,,,,,,,,,,-10.2428,-10.2428,0.086495,0.417299,0.496206,0,0,0,book,False,
1775842045.657357,macro_eval,1516,,BUY,160,,,,candidate,score=-5.50 headline=Rising unemployment claims add urgency to the case for rate relief.,-80,1085.0000,9040.00,2720.00,11760.00,95840.00,11760.00,earnings,earnings,SELL,200,0.053179,True,1011.7348,1047,1051,1049.0000,4,2.071029,-0.053179,0.000000,-6.7500,,,-5.5000,160,BUY,+0.058407,unstructured,,,-10.4905,-10.4905,0.087827,0.404725,0.507447,0,0,0,book,False,"{'timestamp': 1516, 'kind': 'unstructured', 'new_data': {'content': 'Rising unemployment claims add urgency to the case for rate relief.'}}"
1775842045.657772,macro_signal,1516,,BUY,160,,,,,score=-5.50 headline=Rising unemployment claims add urgency to the case for rate relief.,-80,1085.0000,9040.00,2720.00,11760.00,95840.00,11760.00,earnings,macro,BUY,160,5.500000,True,1020.4444,1047,1051,1049.0000,4,2.071029,-0.053179,0.000000,-8.0000,,,-5.5000,160,BUY,+0.058407,,,,-18.4905,-10.4905,0.087827,0.404725,0.507447,0,0,0,book,False,"{'timestamp': 1516, 'kind': 'unstructured', 'new_data': {'content': 'Rising unemployment claims add urgency to the case for rate relief.'}}"
1775842045.658924,order_placed,1516,C,BUY,40,1051,1775841734510,contradict_signal,,,-80,1085.0000,9040.00,2720.00,11760.00,95840.00,11760.00,earnings,macro,BUY,160,5.500000,True,1020.4444,1047,1051,1049.0000,4,2.071029,-0.053179,0.000000,-8.0000,,,,,,,,,,-18.4905,-10.4905,0.087827,0.404725,0.507447,0,0,0,book,False,
1775842045.659251,exit_trigger,1516,,,40,,,contradict_signal,contradict_signal,,-80,1085.0000,9040.00,2720.00,11760.00,95840.00,11760.00,earnings,macro,BUY,160,5.500000,True,1020.4444,1047,1051,1049.0000,4,2.071029,-0.053179,0.000000,-8.0000,,,,,,,,,,-18.4905,-10.4905,0.087827,0.404725,0.507447,0,0,0,book,False,
1775842045.659829,heartbeat_forced,1516,,,,,,,,,-80,1085.0000,9040.00,2720.00,11760.00,95840.00,11760.00,earnings,macro,BUY,160,5.500000,True,1020.4444,1047,1051,1049.0000,4,2.071029,-0.053179,0.000000,-8.0000,,,,,,,,,,-18.4905,-10.4905,0.087827,0.404725,0.507447,0,0,0,book,False,
1775842046.242107,order_placed,1516,C,BUY,40,1067,1775841734511,contradict_signal,,,-80,1085.0000,9040.00,1440.00,10480.00,95840.00,10480.00,earnings,macro,BUY,160,5.500000,True,1022.4464,1063,1067,1065.0000,4,2.071029,-0.053179,0.000000,-8.0000,,,,,,,,,,-20.3183,-12.3183,0.067669,0.371930,0.560401,0,0,0,book,False,
1775842046.242427,exit_trigger,1516,,,40,,,contradict_signal,contradict_signal,,-80,1085.0000,9040.00,1440.00,10480.00,95840.00,10480.00,earnings,macro,BUY,160,5.500000,True,1022.4464,1063,1067,1065.0000,4,2.071029,-0.053179,0.000000,-8.0000,,,,,,,,,,-20.3183,-12.3183,0.067669,0.371930,0.560401,0,0,0,book,False,
1775842046.243233,heartbeat_forced,1516,,,,,,,,,-80,1085.0000,9040.00,1440.00,10480.00,95840.00,10480.00,earnings,macro,BUY,160,5.500000,True,1022.4464,1063,1067,1065.0000,4,2.071029,-0.053179,0.000000,-8.0000,,,,,,,,,,-20.3183,-12.3183,0.067669,0.371930,0.560401,0,0,0,book,False,
1775842046.271977,cancel_response,1516,C,BUY,40,1051,1775841734510,contradict_signal,,success=True error=None,-80,1085.0000,9040.00,1280.00,10320.00,95840.00,10320.00,earnings,macro,BUY,160,5.500000,True,1023.1119,1065,1069,1067.0000,4,2.071029,-0.053179,0.000000,-8.0000,,,,,,,,,,-20.9250,-12.9250,0.065000,0.353000,0.582000,0,0,0,book,False,
1775842046.449710,fill,1516,C,BUY,40,1067,1775841734511,contradict_signal,,,-40,1085.0000,9760.00,760.00,10520.00,53160.00,10520.00,earnings,macro,BUY,160,5.500000,True,1023.4004,1067,1066,1066.5000,-1,2.071029,-0.053179,0.000000,-8.0000,,,,,,,,,,-21.1879,-13.1879,0.060486,0.351512,0.588002,0,0,0,book,False,
1775842046.451036,order_placed,1516,C,BUY,40,1066,1775841734512,contradict_signal,,,-40,1085.0000,9760.00,760.00,10520.00,53160.00,10520.00,earnings,macro,BUY,160,5.500000,True,1023.4004,1067,1066,1066.5000,-1,2.071029,-0.053179,0.000000,-8.0000,,,,,,,,,,-21.1879,-13.1879,0.060486,0.351512,0.588002,0,0,0,book,False,
1775842046.451499,exit_trigger,1516,,,40,,,contradict_signal,contradict_signal,,-40,1085.0000,9760.00,760.00,10520.00,53160.00,10520.00,earnings,macro,BUY,160,5.500000,True,1023.4004,1067,1066,1066.5000,-1,2.071029,-0.053179,0.000000,-8.0000,,,,,,,,,,-21.1879,-13.1879,0.060486,0.351512,0.588002,0,0,0,book,False,
1775842046.452121,heartbeat_forced,1516,,,,,,,,,-40,1085.0000,9760.00,760.00,10520.00,53160.00,10520.00,earnings,macro,BUY,160,5.500000,True,1023.4004,1067,1066,1066.5000,-1,2.071029,-0.053179,0.000000,-8.0000,,,,,,,,,,-21.1879,-13.1879,0.060486,0.351512,0.588002,0,0,0,book,False,
1775842046.481385,fill,1516,C,BUY,40,1066,1775841734512,contradict_signal,,,0,,10520.00,0.00,10520.00,10520.00,10520.00,flat,,,,,,1023.4509,1066,1066,1066.0000,0,2.071029,-0.053179,0.000000,-8.0000,,,,,,,,,,-21.2338,-13.2338,0.060697,0.349254,0.590050,0,0,0,flat,False,
1775842049.452454,heartbeat,1516,,,,,,,,,0,,10520.00,0.00,10520.00,10520.00,10520.00,flat,,,,,,1022.5703,1054,1055,1054.5000,1,2.071029,-0.053179,0.000000,-8.0000,,,,,,,,,,-20.4313,-12.4313,0.067466,0.367816,0.564718,0,0,0,flat,False,
1775842052.455503,heartbeat,1516,,,,,,,,,0,,10520.00,0.00,10520.00,10520.00,10520.00,flat,,,,,,1022.4675,1053,1057,1055.0000,4,2.071029,-0.053179,0.000000,-8.0000,,,,,,,,,,-20.3375,-12.3375,0.068500,0.369500,0.562000,0,0,0,flat,False,
1775842055.457225,heartbeat,1516,,,,,,,,,0,,10520.00,0.00,10520.00,10520.00,10520.00,flat,,,,,,1014.4561,1060,1063,1061.5000,3,2.071029,-0.053179,0.000000,-8.0000,,,,,,,,,,-12.9985,-12.9985,0.061316,0.357428,0.581256,0,0,0,flat,False,
1775842058.458813,heartbeat,1516,,,,,,,,,0,,10520.00,0.00,10520.00,10520.00,10520.00,flat,,,,,,1012.1361,1052,1055,1053.5000,3,2.071029,-0.053179,0.000000,-8.0000,,,,,,,,,,-10.8609,-10.8609,0.083083,0.399399,0.517518,0,0,0,flat,False,
1775842061.459727,heartbeat,1516,,,,,,,,,0,,10520.00,0.00,10520.00,10520.00,10520.00,flat,,,,,,1010.4104,1049,1051,1050.0000,2,2.071029,-0.053179,0.000000,-8.0000,,,,,,,,,,-9.2671,-9.2671,0.100550,0.428214,0.471236,0,0,0,flat,False,
1775842064.460010,heartbeat,1516,,,,,,,,,0,,10520.00,0.00,10520.00,10520.00,10520.00,flat,,,,,,1009.9593,1043,1047,1045.0000,4,2.071029,-0.053179,0.000000,-8.0000,,,,,,,,,,-8.8500,-8.8500,0.106000,0.434000,0.460000,0,0,0,flat,False,
1775842067.600452,heartbeat,1516,,,,,,,,,0,,10520.00,0.00,10520.00,10520.00,10520.00,flat,,,,,,1008.8518,1047,1051,1049.0000,4,2.071029,-0.053179,0.000000,-8.0000,,,,,,,,,,-7.8250,-7.8250,0.118500,0.450000,0.431500,0,0,0,flat,False,
1775842070.621368,heartbeat,1516,,,,,,,,,0,,10520.00,0.00,10520.00,10520.00,10520.00,flat,,,,,,1008.7708,1047,1051,1049.0000,4,2.071029,-0.053179,0.000000,-8.0000,,,,,,,,,,-7.7500,-7.7500,0.119000,0.452000,0.429000,0,0,0,flat,False,
1775842072.443111,cpi_signal,1650,,BUY,200,,,,,actual=0.000300 forecast=0.001500 surprise=-0.001200,0,,10520.00,0.00,10520.00,10520.00,10520.00,flat,cpi,BUY,200,0.001200,True,1014.6252,1042,1047,1044.5000,5,2.071029,-0.053179,-0.001200,-4.8000,0.000300,0.001500,,,,,,,,-13.1541,-8.3541,0.110060,0.445717,0.444223,0,0,0,flat,False,"{'timestamp': 1650, 'kind': 'structured', 'new_data': {'new_signatures': 0, 'cumulative': 0, 'asset': '', 'structured_subtype': 'petition'}}"
1775842072.443763,order_placed,1650,C,BUY,40,1047,1775841734513,cpi_entry,,,0,,10520.00,0.00,10520.00,10520.00,10520.00,flat,cpi,BUY,200,0.001200,True,1014.6252,1042,1047,1044.5000,5,2.071029,-0.053179,-0.001200,-4.8000,,,,,,,,,,-13.1541,-8.3541,0.110060,0.445717,0.444223,0,0,0,flat,False,
1775842072.443965,entry_decision,1650,C,BUY,40,1047,,cpi,,strength=0.001200 target=200,0,,10520.00,0.00,10520.00,10520.00,10520.00,cpi,cpi,BUY,200,0.001200,True,1014.6252,1042,1047,1044.5000,5,2.071029,-0.053179,-0.001200,-4.8000,,,,,,,,,,-13.1541,-8.3541,0.110060,0.445717,0.444223,0,0,0,flat,False,
1775842072.444140,heartbeat_forced,1650,,,,,,,,,0,,10520.00,0.00,10520.00,10520.00,10520.00,cpi,cpi,BUY,200,0.001200,True,1014.6252,1042,1047,1044.5000,5,2.071029,-0.053179,-0.001200,-4.8000,,,,,,,,,,-13.1541,-8.3541,0.110060,0.445717,0.444223,0,0,0,flat,False,
1775842072.473748,fill,1650,C,BUY,40,1044,1775841734513,cpi_entry,,,40,1044.0000,10520.00,120.00,10640.00,-31240.00,10640.00,cpi,cpi,BUY,200,0.001200,True,1014.2947,1047,1044,1045.5000,-3,2.071029,-0.053179,-0.001200,-4.8000,,,,,,,,,,-12.8500,-8.0500,0.111000,0.456000,0.433000,0,0,0,book,False,
1775842072.836992,order_placed,1650,C,BUY,40,1041,1775841734514,cpi_entry,,,40,1044.0000,10520.00,-280.00,10240.00,-31240.00,10240.00,cpi,cpi,BUY,200,0.001200,True,1012.6510,1037,1041,1039.0000,4,2.071029,-0.053179,-0.001200,-4.8000,,,,,,,,,,-11.3358,-6.5358,0.136183,0.466203,0.397614,0,0,0,book,False,
1775842072.837713,entry_decision,1650,C,BUY,40,1041,,cpi,,strength=0.001200 target=200,40,1044.0000,10520.00,-280.00,10240.00,-31240.00,10240.00,cpi,cpi,BUY,200,0.001200,True,1012.6510,1037,1041,1039.0000,4,2.071029,-0.053179,-0.001200,-4.8000,,,,,,,,,,-11.3358,-6.5358,0.136183,0.466203,0.397614,0,0,0,book,False,
1775842072.838207,heartbeat_forced,1650,,,,,,,,,40,1044.0000,10520.00,-280.00,10240.00,-31240.00,10240.00,cpi,cpi,BUY,200,0.001200,True,1012.6510,1037,1041,1039.0000,4,2.071029,-0.053179,-0.001200,-4.8000,,,,,,,,,,-11.3358,-6.5358,0.136183,0.466203,0.397614,0,0,0,book,False,
1775842073.039938,entry_blocked,1650,,,200,,,cpi,live_order,,40,1044.0000,10520.00,-120.00,10400.00,-31240.00,10400.00,cpi,cpi,BUY,200,0.001200,True,1012.4576,1041,1042,1041.5000,1,2.071029,-0.053179,-0.001200,-4.8000,,,,,,,,,,-11.1574,-6.3574,0.137007,0.471689,0.391304,0,0,0,book,False,
1775842073.249803,fill,1650,C,BUY,40,1041,1775841734514,cpi_entry,,,80,1042.5000,10520.00,-120.00,10400.00,-72880.00,10400.00,cpi,cpi,BUY,200,0.001200,True,1012.2633,1041,1040,1040.5000,-1,2.071029,-0.053179,-0.001200,-4.8000,,,,,,,,,,-10.9782,-6.1782,0.140290,0.472292,0.387419,0,0,0,book,False,
1775842073.250722,order_placed,1650,C,BUY,40,1040,1775841734515,cpi_entry,,,80,1042.5000,10520.00,-120.00,10400.00,-72880.00,10400.00,cpi,cpi,BUY,200,0.001200,True,1012.2633,1041,1040,1040.5000,-1,2.071029,-0.053179,-0.001200,-4.8000,,,,,,,,,,-10.9782,-6.1782,0.140290,0.472292,0.387419,0,0,0,book,False,
1775842073.251163,entry_decision,1650,C,BUY,40,1040,,cpi,,strength=0.001200 target=200,80,1042.5000,10520.00,-120.00,10400.00,-72880.00,10400.00,cpi,cpi,BUY,200,0.001200,True,1012.2633,1041,1040,1040.5000,-1,2.071029,-0.053179,-0.001200,-4.8000,,,,,,,,,,-10.9782,-6.1782,0.140290,0.472292,0.387419,0,0,0,book,False,
1775842073.251729,heartbeat_forced,1650,,,,,,,,,80,1042.5000,10520.00,-120.00,10400.00,-72880.00,10400.00,cpi,cpi,BUY,200,0.001200,True,1012.2633,1041,1040,1040.5000,-1,2.071029,-0.053179,-0.001200,-4.8000,,,,,,,,,,-10.9782,-6.1782,0.140290,0.472292,0.387419,0,0,0,book,False,
1775842073.281064,fill,1650,C,BUY,40,1040,1775841734515,cpi_entry,,,120,1041.6667,10520.00,-200.00,10320.00,-114480.00,10320.00,cpi,cpi,BUY,200,0.001200,True,1012.2327,1040,1040,1040.0000,0,2.071029,-0.053179,-0.001200,-4.8000,,,,,,,,,,-10.9500,-6.1500,0.140500,0.473000,0.386500,0,0,0,book,False,
1775842073.643298,order_placed,1650,C,BUY,40,1042,1775841734516,cpi_entry,,,120,1041.6667,10520.00,-440.00,10080.00,-114480.00,10080.00,cpi,cpi,BUY,200,0.001200,True,1012.1379,1038,1042,1040.0000,4,2.071029,-0.053179,-0.001200,-4.8000,,,,,,,,,,-10.8625,-6.0625,0.141500,0.474500,0.384000,0,0,0,book,False,
1775842073.643854,entry_decision,1650,C,BUY,40,1042,,cpi,,strength=0.001200 target=200,120,1041.6667,10520.00,-440.00,10080.00,-114480.00,10080.00,cpi,cpi,BUY,200,0.001200,True,1012.1379,1038,1042,1040.0000,4,2.071029,-0.053179,-0.001200,-4.8000,,,,,,,,,,-10.8625,-6.0625,0.141500,0.474500,0.384000,0,0,0,book,False,
1775842073.644214,heartbeat_forced,1650,,,,,,,,,120,1041.6667,10520.00,-440.00,10080.00,-114480.00,10080.00,cpi,cpi,BUY,200,0.001200,True,1012.1379,1038,1042,1040.0000,4,2.071029,-0.053179,-0.001200,-4.8000,,,,,,,,,,-10.8625,-6.0625,0.141500,0.474500,0.384000,0,0,0,book,False,
1775842073.673228,fill,1650,C,BUY,40,1041,1775841734516,cpi_entry,,,160,1041.5000,10520.00,80.00,10600.00,-156120.00,10600.00,cpi,cpi,BUY,200,0.001200,True,1012.0972,1042,1041,1041.5000,-1,2.071029,-0.053179,-0.001200,-4.8000,,,,,,,,,,-10.8250,-6.0250,0.142500,0.474000,0.383500,0,0,0,book,False,
1775842074.043257,order_placed,1650,C,BUY,40,1038,1775841734517,cpi_entry,,,160,1041.5000,10520.00,-1200.00,9320.00,-156120.00,9320.00,cpi,cpi,BUY,200,0.001200,True,1011.9076,1034,1038,1036.0000,4,2.071029,-0.053179,-0.001200,-4.8000,,,,,,,,,,-10.6500,-5.8500,0.145000,0.476000,0.379000,0,0,0,book,False,
1775842074.043581,entry_decision,1650,C,BUY,40,1038,,cpi,,strength=0.001200 target=200,160,1041.5000,10520.00,-1200.00,9320.00,-156120.00,9320.00,cpi,cpi,BUY,200,0.001200,True,1011.9076,1034,1038,1036.0000,4,2.071029,-0.053179,-0.001200,-4.8000,,,,,,,,,,-10.6500,-5.8500,0.145000,0.476000,0.379000,0,0,0,book,False,
1775842074.044089,heartbeat_forced,1650,,,,,,,,,160,1041.5000,10520.00,-1200.00,9320.00,-156120.00,9320.00,cpi,cpi,BUY,200,0.001200,True,1011.9076,1034,1038,1036.0000,4,2.071029,-0.053179,-0.001200,-4.8000,,,,,,,,,,-10.6500,-5.8500,0.145000,0.476000,0.379000,0,0,0,book,False,
1775842074.244248,entry_blocked,1650,,,200,,,cpi,live_order,,160,1041.5000,10520.00,-560.00,9960.00,-156120.00,9960.00,cpi,cpi,BUY,200,0.001200,True,1011.7482,1038,1039,1038.5000,1,2.071029,-0.053179,-0.001200,-4.8000,,,,,,,,,,-10.5029,-5.7029,0.147074,0.477739,0.375188,0,0,0,book,False,
1775842074.676621,cancel_response,1650,C,BUY,40,1038,1775841734517,cpi_entry,,success=True error=None,160,1041.5000,10520.00,-1040.00,9480.00,-156120.00,9480.00,cpi,cpi,BUY,200,0.001200,True,1011.2205,1035,1039,1037.0000,4,2.071029,-0.053179,-0.001200,-4.8000,,,,,,,,,,-10.0156,-5.2156,0.153460,0.484453,0.362086,0,0,0,book,False,
1775842075.042773,order_placed,1650,C,BUY,40,1037,1775841734518,cpi_entry,,,160,1041.5000,10520.00,-1360.00,9160.00,-156120.00,9160.00,cpi,cpi,BUY,200,0.001200,True,1010.7099,1033,1037,1035.0000,4,2.071029,-0.053179,-0.001200,-4.8000,,,,,,,,,,-9.5440,-4.7440,0.161647,0.486948,0.351406,0,0,0,book,False,
1775842075.043358,entry_decision,1650,C,BUY,40,1037,,cpi,,strength=0.001200 target=200,160,1041.5000,10520.00,-1360.00,9160.00,-156120.00,9160.00,cpi,cpi,BUY,200,0.001200,True,1010.7099,1033,1037,1035.0000,4,2.071029,-0.053179,-0.001200,-4.8000,,,,,,,,,,-9.5440,-4.7440,0.161647,0.486948,0.351406,0,0,0,book,False,
1775842075.043844,heartbeat_forced,1650,,,,,,,,,160,1041.5000,10520.00,-1360.00,9160.00,-156120.00,9160.00,cpi,cpi,BUY,200,0.001200,True,1010.7099,1033,1037,1035.0000,4,2.071029,-0.053179,-0.001200,-4.8000,,,,,,,,,,-9.5440,-4.7440,0.161647,0.486948,0.351406,0,0,0,book,False,
1775842075.673735,cancel_response,1650,C,BUY,40,1037,1775841734518,cpi_entry,,success=True error=None,160,1041.5000,10520.00,-1360.00,9160.00,-156120.00,9160.00,cpi,cpi,BUY,200,0.001200,True,1010.6725,1033,1038,1035.5000,5,2.071029,-0.053179,-0.001200,-4.8000,,,,,,,,,,-9.5094,-4.7094,0.162325,0.486974,0.350701,0,0,0,book,False,
1775842075.849341,entry_blocked,1650,,,200,,,cpi,adverse_stop_add,,160,1041.5000,10520.00,-2160.00,8360.00,-156120.00,8360.00,cpi,cpi,BUY,200,0.001200,True,1010.6725,1028,1027,1027.5000,-1,2.071029,-0.053179,-0.001200,-4.8000,,,,,,,,,,-9.5094,-4.7094,0.162325,0.486974,0.350701,0,0,0,book,False,
1775842076.043543,order_placed,1650,C,BUY,40,1039,1775841734519,cpi_entry,,,160,1041.5000,10520.00,-1040.00,9480.00,-156120.00,9480.00,cpi,cpi,BUY,200,0.001200,True,1010.7364,1035,1039,1037.0000,4,2.071029,-0.053179,-0.001200,-4.8000,,,,,,,,,,-9.5684,-4.7684,0.161853,0.485558,0.352590,0,0,0,book,False,
1775842076.044011,entry_decision,1650,C,BUY,40,1039,,cpi,,strength=0.001200 target=200,160,1041.5000,10520.00,-1040.00,9480.00,-156120.00,9480.00,cpi,cpi,BUY,200,0.001200,True,1010.7364,1035,1039,1037.0000,4,2.071029,-0.053179,-0.001200,-4.8000,,,,,,,,,,-9.5684,-4.7684,0.161853,0.485558,0.352590,0,0,0,book,False,
1775842076.044890,heartbeat_forced,1650,,,,,,,,,160,1041.5000,10520.00,-1040.00,9480.00,-156120.00,9480.00,cpi,cpi,BUY,200,0.001200,True,1010.7364,1035,1039,1037.0000,4,2.071029,-0.053179,-0.001200,-4.8000,,,,,,,,,,-9.5684,-4.7684,0.161853,0.485558,0.352590,0,0,0,book,False,
1775842076.074718,fill,1650,C,BUY,40,1039,1775841734519,cpi_entry,,,200,1041.0000,10520.00,-400.00,10120.00,-197680.00,10120.00,cpi,cpi,BUY,200,0.001200,True,1010.6328,1039,1039,1039.0000,0,2.071029,-0.053179,-0.001200,-4.8000,,,,,,,,,,-9.4727,-4.6727,0.162919,0.487256,0.349825,0,0,0,book,False,
1775842079.045405,heartbeat,1650,,,,,,,,,200,1041.0000,10520.00,-2400.00,8120.00,-197680.00,8120.00,cpi,cpi,BUY,200,0.001200,True,1009.8767,1029,1032,1030.5000,3,2.071029,-0.053179,-0.001200,-4.8000,,,,,,,,,,-8.7736,-3.9736,0.173891,0.493274,0.332835,0,0,0,book,False,
1775842081.646631,macro_eval,1696,,,0,,,,below_threshold,score=+0.00 headline=New patents secured by A are projected to generate significant future revenue.,200,1041.0000,10520.00,-400.00,10120.00,-197680.00,10120.00,cpi,cpi,BUY,200,0.001200,True,1011.1514,1039,1044,1041.5000,5,2.071029,-0.053179,-0.001200,-4.8000,,,0.0000,0,,+0.058407,unstructured,,,-9.9518,-5.1518,0.153808,0.486312,0.359881,0,0,0,book,False,"{'timestamp': 1696, 'kind': 'unstructured', 'new_data': {'content': 'New patents secured by A are projected to generate significant future revenue.'}}"
1775842081.647121,news_ignored,1696,,,,,,,weak_macro_news,score=+0.00,200,1041.0000,10520.00,-400.00,10120.00,-197680.00,10120.00,cpi,cpi,BUY,200,0.001200,True,1011.1514,1039,1044,1041.5000,5,2.071029,-0.053179,-0.001200,-4.8000,,,0.0000,0,,+0.058407,unstructured,,,-9.9518,-5.1518,0.153808,0.486312,0.359881,0,0,0,book,False,"{'timestamp': 1696, 'kind': 'unstructured', 'new_data': {'content': 'New patents secured by A are projected to generate significant future revenue.'}}"
1775842082.052306,heartbeat,1696,,,,,,,,,200,1041.0000,10520.00,0.00,10520.00,-197680.00,10520.00,cpi,cpi,BUY,200,0.001200,True,1011.4201,1041,1046,1043.5000,5,2.071029,-0.053179,-0.001200,-4.8000,,,,,,,,,,-10.2000,-5.4000,0.150500,0.483000,0.366500,0,0,0,book,False,
1775842085.056398,heartbeat,1696,,,,,,,,,200,1041.0000,10520.00,0.00,10520.00,-197680.00,10520.00,cpi,cpi,BUY,200,0.001200,True,1012.6429,1041,1045,1043.0000,4,2.071029,-0.053179,-0.001200,-4.8000,,,,,,,,,,-11.3283,-6.5283,0.133067,0.472736,0.394197,0,0,0,book,False,
1775842086.843981,cpi_eval,1722,,,0,,,,no_actual_forecast,no actual/forecast; score=+0.00 headline=Fed chair notes that shelter inflation is finally beginning to moderate.,200,1041.0000,10520.00,-1800.00,8720.00,-197680.00,8720.00,cpi,cpi,BUY,200,0.001200,True,1012.1714,1032,1036,1034.0000,4,2.071029,-0.053179,-0.001200,-4.8000,,,0.0000,0,,+0.058407,unstructured,,,-10.8934,-6.0934,0.143545,0.469171,0.387283,0,0,0,book,False,"{'timestamp': 1722, 'kind': 'unstructured', 'new_data': {'content': 'Fed chair notes that shelter inflation is finally beginning to moderate.'}}"
1775842086.844309,macro_eval,1722,,,0,,,,below_threshold,score=+0.00 headline=Fed chair notes that shelter inflation is finally beginning to moderate.,200,1041.0000,10520.00,-1800.00,8720.00,-197680.00,8720.00,cpi,cpi,BUY,200,0.001200,True,1012.1714,1032,1036,1034.0000,4,2.071029,-0.053179,-0.001200,-4.8000,,,0.0000,0,,+0.058407,unstructured,,,-10.8934,-6.0934,0.143545,0.469171,0.387283,0,0,0,book,False,"{'timestamp': 1722, 'kind': 'unstructured', 'new_data': {'content': 'Fed chair notes that shelter inflation is finally beginning to moderate.'}}"
1775842086.844566,news_ignored,1722,,,,,,,weak_macro_news,score=+0.00,200,1041.0000,10520.00,-1800.00,8720.00,-197680.00,8720.00,cpi,cpi,BUY,200,0.001200,True,1012.1714,1032,1036,1034.0000,4,2.071029,-0.053179,-0.001200,-4.8000,,,0.0000,0,,+0.058407,unstructured,,,-10.8934,-6.0934,0.143545,0.469171,0.387283,0,0,0,book,False,"{'timestamp': 1722, 'kind': 'unstructured', 'new_data': {'content': 'Fed chair notes that shelter inflation is finally beginning to moderate.'}}"
1775842088.055079,heartbeat,1722,,,,,,,,,200,1041.0000,10520.00,1000.00,11520.00,-197680.00,11520.00,cpi,cpi,BUY,200,0.001200,True,1015.2625,1046,1050,1048.0000,4,2.071029,-0.053179,-0.001200,-4.8000,,,,,,,,,,-13.7402,-8.9402,0.099448,0.443496,0.457057,0,0,0,book,False,
1775842091.056784,heartbeat,1722,,,,,,,,,200,1041.0000,10520.00,800.00,11320.00,-197680.00,11320.00,cpi,cpi,BUY,200,0.001200,True,1015.5357,1045,1049,1047.0000,4,2.071029,-0.053179,-0.001200,-4.8000,,,,,,,,,,-13.9914,-9.1914,0.096434,0.439478,0.464088,0,0,0,book,False,
1775842094.056920,heartbeat,1722,,,,,,,,,200,1041.0000,10520.00,1800.00,12320.00,-197680.00,12320.00,cpi,cpi,BUY,200,0.001200,False,1010.3513,1050,1052,1051.0000,2,2.071029,-0.053179,-0.001200,-4.8000,,,,,,,,,,-9.2125,-9.2125,0.096000,0.439500,0.464500,0,0,0,book,False,
1775842097.056978,heartbeat,1722,,,,,,,,,200,1041.0000,10520.00,-400.00,10120.00,-197680.00,10120.00,cpi,cpi,BUY,200,0.001200,False,1008.2777,1039,1043,1041.0000,4,2.071029,-0.053179,-0.001200,-4.8000,,,,,,,,,,-7.2932,-7.2932,0.120301,0.467669,0.412030,0,0,0,book,False,
1775842100.057333,heartbeat,1722,,,,,,,,,200,1041.0000,10520.00,-3000.00,7520.00,-197680.00,7520.00,cpi,cpi,BUY,200,0.001200,False,1005.9410,1026,1030,1028.0000,4,2.071029,-0.053179,-0.001200,-4.8000,,,,,,,,,,-5.1250,-5.1250,0.151000,0.493000,0.356000,0,0,0,book,False,
1775842100.449581,earnings_signal,1790,,SELL,120,,,,,old=2.071029 new=2.051535 delta=-0.019494,200,1041.0000,10520.00,-3000.00,7520.00,-197680.00,7520.00,cpi,earnings,SELL,120,0.019494,True,1000.1978,1026,1030,1028.0000,4,2.051535,-0.019494,-0.001200,-4.8000,,,,,,,,,,-6.2095,-6.2095,0.131671,0.488279,0.380050,0,0,0,book,False,
1775842100.450710,order_placed,1790,C,SELL,40,1026,1775841734520,contradict_signal,,,200,1041.0000,10520.00,-3000.00,7520.00,-197680.00,7520.00,cpi,earnings,SELL,120,0.019494,True,1000.1978,1026,1030,1028.0000,4,2.051535,-0.019494,-0.001200,-4.8000,,,,,,,,,,-6.2095,-6.2095,0.131671,0.488279,0.380050,0,0,0,book,False,
1775842100.451075,exit_trigger,1790,,,40,,,contradict_signal,contradict_signal,,200,1041.0000,10520.00,-3000.00,7520.00,-197680.00,7520.00,cpi,earnings,SELL,120,0.019494,True,1000.1978,1026,1030,1028.0000,4,2.051535,-0.019494,-0.001200,-4.8000,,,,,,,,,,-6.2095,-6.2095,0.131671,0.488279,0.380050,0,0,0,book,False,
1775842100.451591,heartbeat_forced,1790,,,,,,,,,200,1041.0000,10520.00,-3000.00,7520.00,-197680.00,7520.00,cpi,earnings,SELL,120,0.019494,True,1000.1978,1026,1030,1028.0000,4,2.051535,-0.019494,-0.001200,-4.8000,,,,,,,,,,-6.2095,-6.2095,0.131671,0.488279,0.380050,0,0,0,book,False,
1775842100.482959,fill,1790,C,SELL,40,1027,1775841734520,contradict_signal,,,160,1041.0000,9960.00,-2240.00,7720.00,-156600.00,7720.00,cpi,earnings,SELL,120,0.019494,True,1000.2244,1027,1026,1026.5000,-1,2.051535,-0.019494,-0.001200,-4.8000,,,,,,,,,,-6.2344,-6.2344,0.132198,0.486229,0.381572,0,0,0,book,False,
1775842100.483426,order_placed,1790,C,SELL,40,1027,1775841734521,contradict_signal,,,160,1041.0000,9960.00,-2240.00,7720.00,-156600.00,7720.00,cpi,earnings,SELL,120,0.019494,True,1000.2244,1027,1026,1026.5000,-1,2.051535,-0.019494,-0.001200,-4.8000,,,,,,,,,,-6.2344,-6.2344,0.132198,0.486229,0.381572,0,0,0,book,False,
1775842100.483575,exit_trigger,1790,,,40,,,contradict_signal,contradict_signal,,160,1041.0000,9960.00,-2240.00,7720.00,-156600.00,7720.00,cpi,earnings,SELL,120,0.019494,True,1000.2244,1027,1026,1026.5000,-1,2.051535,-0.019494,-0.001200,-4.8000,,,,,,,,,,-6.2344,-6.2344,0.132198,0.486229,0.381572,0,0,0,book,False,
1775842100.484033,heartbeat_forced,1790,,,,,,,,,160,1041.0000,9960.00,-2240.00,7720.00,-156600.00,7720.00,cpi,earnings,SELL,120,0.019494,True,1000.2244,1027,1026,1026.5000,-1,2.051535,-0.019494,-0.001200,-4.8000,,,,,,,,,,-6.2344,-6.2344,0.132198,0.486229,0.381572,0,0,0,book,False,
1775842100.512656,fill,1790,C,SELL,40,1027,1775841734521,contradict_signal,,,120,1041.0000,9400.00,-1680.00,7720.00,-115520.00,7720.00,cpi,earnings,SELL,120,0.019494,True,1000.2244,1027,1027,1027.0000,0,2.051535,-0.019494,-0.001200,-4.8000,,,,,,,,,,-6.2344,-6.2344,0.132198,0.486229,0.381572,0,0,0,book,False,
1775842100.513633,order_placed,1790,C,SELL,40,1027,1775841734522,contradict_signal,,,120,1041.0000,9400.00,-1680.00,7720.00,-115520.00,7720.00,cpi,earnings,SELL,120,0.019494,True,1000.2244,1027,1027,1027.0000,0,2.051535,-0.019494,-0.001200,-4.8000,,,,,,,,,,-6.2344,-6.2344,0.132198,0.486229,0.381572,0,0,0,book,False,
1775842100.514036,exit_trigger,1790,,,40,,,contradict_signal,contradict_signal,,120,1041.0000,9400.00,-1680.00,7720.00,-115520.00,7720.00,cpi,earnings,SELL,120,0.019494,True,1000.2244,1027,1027,1027.0000,0,2.051535,-0.019494,-0.001200,-4.8000,,,,,,,,,,-6.2344,-6.2344,0.132198,0.486229,0.381572,0,0,0,book,False,
1775842100.514536,heartbeat_forced,1790,,,,,,,,,120,1041.0000,9400.00,-1680.00,7720.00,-115520.00,7720.00,cpi,earnings,SELL,120,0.019494,True,1000.2244,1027,1027,1027.0000,0,2.051535,-0.019494,-0.001200,-4.8000,,,,,,,,,,-6.2344,-6.2344,0.132198,0.486229,0.381572,0,0,0,book,False,
1775842100.543352,fill,1790,C,SELL,35,1027,1775841734522,contradict_signal,,,85,1041.0000,8910.00,-1190.00,7720.00,-79575.00,7720.00,cpi,earnings,SELL,120,0.019494,True,1000.2244,1027,1027,1027.0000,0,2.051535,-0.019494,-0.001200,-4.8000,,,,,,,,,,-6.2344,-6.2344,0.132198,0.486229,0.381572,0,0,0,book,False,
1775842100.645230,fill,1790,C,SELL,5,1027,1775841734522,contradict_signal,,,80,1041.0000,8840.00,-960.00,7880.00,-74440.00,7880.00,cpi,earnings,SELL,120,0.019494,True,1000.2244,1029,1027,1028.0000,-2,2.051535,-0.019494,-0.001200,-4.8000,,,,,,,,,,-6.2344,-6.2344,0.132198,0.486229,0.381572,0,0,0,book,False,
1775842100.646168,order_placed,1790,C,SELL,40,1029,1775841734523,contradict_signal,,,80,1041.0000,8840.00,-960.00,7880.00,-74440.00,7880.00,cpi,earnings,SELL,120,0.019494,True,1000.2244,1029,1027,1028.0000,-2,2.051535,-0.019494,-0.001200,-4.8000,,,,,,,,,,-6.2344,-6.2344,0.132198,0.486229,0.381572,0,0,0,book,False,
1775842100.646585,exit_trigger,1790,,,40,,,contradict_signal,contradict_signal,,80,1041.0000,8840.00,-960.00,7880.00,-74440.00,7880.00,cpi,earnings,SELL,120,0.019494,True,1000.2244,1029,1027,1028.0000,-2,2.051535,-0.019494,-0.001200,-4.8000,,,,,,,,,,-6.2344,-6.2344,0.132198,0.486229,0.381572,0,0,0,book,False,
1775842100.647190,heartbeat_forced,1790,,,,,,,,,80,1041.0000,8840.00,-960.00,7880.00,-74440.00,7880.00,cpi,earnings,SELL,120,0.019494,True,1000.2244,1029,1027,1028.0000,-2,2.051535,-0.019494,-0.001200,-4.8000,,,,,,,,,,-6.2344,-6.2344,0.132198,0.486229,0.381572,0,0,0,book,False,
1775842100.676559,fill,1790,C,SELL,40,1029,1775841734523,contradict_signal,,,40,1041.0000,8360.00,-480.00,7880.00,-33280.00,7880.00,cpi,earnings,SELL,120,0.019494,True,1000.4076,1029,1029,1029.0000,0,2.051535,-0.019494,-0.001200,-4.8000,,,,,,,,,,-6.4058,-6.4058,0.130608,0.482552,0.386839,0,0,0,book,False,
1775842100.677131,order_placed,1790,C,SELL,40,1029,1775841734524,contradict_signal,,,40,1041.0000,8360.00,-480.00,7880.00,-33280.00,7880.00,cpi,earnings,SELL,120,0.019494,True,1000.4076,1029,1029,1029.0000,0,2.051535,-0.019494,-0.001200,-4.8000,,,,,,,,,,-6.4058,-6.4058,0.130608,0.482552,0.386839,0,0,0,book,False,
1775842100.677396,exit_trigger,1790,,,40,,,contradict_signal,contradict_signal,,40,1041.0000,8360.00,-480.00,7880.00,-33280.00,7880.00,cpi,earnings,SELL,120,0.019494,True,1000.4076,1029,1029,1029.0000,0,2.051535,-0.019494,-0.001200,-4.8000,,,,,,,,,,-6.4058,-6.4058,0.130608,0.482552,0.386839,0,0,0,book,False,
1775842100.677651,heartbeat_forced,1790,,,,,,,,,40,1041.0000,8360.00,-480.00,7880.00,-33280.00,7880.00,cpi,earnings,SELL,120,0.019494,True,1000.4076,1029,1029,1029.0000,0,2.051535,-0.019494,-0.001200,-4.8000,,,,,,,,,,-6.4058,-6.4058,0.130608,0.482552,0.386839,0,0,0,book,False,
1775842100.707590,fill,1790,C,SELL,40,1029,1775841734524,contradict_signal,,,0,,7880.00,0.00,7880.00,7880.00,7880.00,flat,,,,,,1000.4076,1029,1029,1029.0000,0,2.051535,-0.019494,-0.001200,-4.8000,,,,,,,,,,-6.4058,-6.4058,0.130608,0.482552,0.386839,0,0,0,flat,False,
1775842103.795184,heartbeat,1790,,,,,,,,,0,,7880.00,0.00,7880.00,7880.00,7880.00,flat,,,,,,1002.1177,1025,1029,1027.0000,4,2.051535,-0.019494,-0.001200,-4.8000,,,,,,,,,,-8.0040,-8.0040,0.108054,0.463732,0.428214,0,0,0,flat,False,
1775842106.815722,heartbeat,1790,,,,,,,,,0,,7880.00,0.00,7880.00,7880.00,7880.00,flat,,,,,,1003.2766,1025,1029,1027.0000,4,2.051535,-0.019494,-0.001200,-4.8000,,,,,,,,,,-9.0852,-9.0852,0.095238,0.446115,0.458647,0,0,0,flat,False,
1775842109.837062,heartbeat,1790,,,,,,,,,0,,7880.00,0.00,7880.00,7880.00,7880.00,flat,,,,,,1006.4217,1040,1044,1042.0000,4,2.051535,-0.019494,-0.001200,-4.8000,,,,,,,,,,-12.0125,-12.0125,0.063000,0.393500,0.543500,0,0,0,flat,False,
1775842112.046732,cpi_eval,1848,,,0,,,,no_actual_forecast,no actual/forecast; score=+0.00 headline=Sticky shelter and insurance costs continue to weigh on the inflation outlook.,0,,7880.00,0.00,7880.00,7880.00,7880.00,flat,,,,,,1008.7018,1049,1053,1051.0000,4,2.051535,-0.019494,-0.001200,-4.8000,,,0.0000,0,,+0.018841,unstructured,,,-14.1282,-14.1282,0.044629,0.345615,0.609756,0,0,0,flat,False,"{'timestamp': 1848, 'kind': 'unstructured', 'new_data': {'content': 'Sticky shelter and insurance costs continue to weigh on the inflation outlook.'}}"
1775842112.047334,macro_eval,1848,,,0,,,,below_threshold,score=+0.00 headline=Sticky shelter and insurance costs continue to weigh on the inflation outlook.,0,,7880.00,0.00,7880.00,7880.00,7880.00,flat,,,,,,1008.7018,1049,1053,1051.0000,4,2.051535,-0.019494,-0.001200,-4.8000,,,0.0000,0,,+0.018841,unstructured,,,-14.1282,-14.1282,0.044629,0.345615,0.609756,0,0,0,flat,False,"{'timestamp': 1848, 'kind': 'unstructured', 'new_data': {'content': 'Sticky shelter and insurance costs continue to weigh on the inflation outlook.'}}"
1775842112.047999,news_ignored,1848,,,,,,,weak_macro_news,score=+0.00,0,,7880.00,0.00,7880.00,7880.00,7880.00,flat,,,,,,1008.7018,1049,1053,1051.0000,4,2.051535,-0.019494,-0.001200,-4.8000,,,0.0000,0,,+0.018841,unstructured,,,-14.1282,-14.1282,0.044629,0.345615,0.609756,0,0,0,flat,False,"{'timestamp': 1848, 'kind': 'unstructured', 'new_data': {'content': 'Sticky shelter and insurance costs continue to weigh on the inflation outlook.'}}"
1775842112.848052,heartbeat,1848,,,,,,,,,0,,7880.00,0.00,7880.00,7880.00,7880.00,flat,,,,,,1006.2468,1042,1046,1044.0000,4,2.051535,-0.019494,-0.001200,-4.8000,,,,,,,,,,-11.8500,-11.8500,0.064000,0.398000,0.538000,0,0,0,flat,False,
1775842115.848831,heartbeat,1848,,,,,,,,,0,,7880.00,0.00,7880.00,7880.00,7880.00,flat,,,,,,1005.5866,1046,1049,1047.5000,3,2.051535,-0.019494,-0.001200,-4.8000,,,,,,,,,,-11.2362,-11.2362,0.069069,0.412412,0.518519,0,0,0,flat,False,
1775842116.043974,news_ignored,1868,,,,,,,non_C_earnings,,0,,7880.00,0.00,7880.00,7880.00,7880.00,flat,,,,,,1005.7028,1047,1050,1048.5000,3,2.051535,-0.019494,-0.001200,-4.8000,,,,,,,structured,earnings,A,-11.3443,-11.3443,0.068966,0.408296,0.522739,0,0,0,flat,False,"{'timestamp': 1868, 'kind': 'structured', 'new_data': {'value': 0.4843646190867745, 'asset': 'A', 'structured_subtype': 'earnings'}}"
1775842118.848888,heartbeat,1868,,,,,,,,,0,,7880.00,0.00,7880.00,7880.00,7880.00,flat,,,,,,1007.1556,1052,1056,1054.0000,4,2.051535,-0.019494,-0.001200,-4.8000,,,,,,,,,,-12.6940,-12.6940,0.056084,0.380070,0.563846,0,0,0,flat,False,
1775842121.849084,heartbeat,1868,,,,,,,,,0,,7880.00,0.00,7880.00,7880.00,7880.00,flat,,,,,,1003.5306,1038,1040,1039.0000,2,2.051535,-0.019494,-0.001200,-4.8000,,,,,,,,,,-9.3220,-9.3220,0.089731,0.447657,0.462612,0,0,0,flat,False,
1775842122.443720,cpi_deadband,1900,,,,,,,,actual=0.002200 forecast=0.002100 surprise=+0.000100,0,,7880.00,0.00,7880.00,7880.00,7880.00,flat,,,,,,1003.5554,1039,1043,1041.0000,4,2.051535,-0.019494,0.000100,0.4000,0.002200,0.002100,,,,,,,,-9.3451,-9.7451,0.084458,0.441279,0.474263,0,0,0,flat,False,"{'timestamp': 1900, 'kind': 'structured', 'new_data': {'new_signatures': 0, 'cumulative': 0, 'asset': '', 'structured_subtype': 'petition'}}"
1775842124.444316,earnings_signal,1910,,SELL,120,,,,,old=2.051535 new=2.031769 delta=-0.019766,0,,7880.00,0.00,7880.00,7880.00,7880.00,flat,earnings,SELL,120,0.019766,True,998.0653,1047,1051,1049.0000,4,2.031769,-0.019766,0.000100,0.4000,,,,,,,,,,-10.7974,-11.1974,0.068136,0.415832,0.516032,0,0,0,flat,False,
1775842124.445535,order_placed,1910,C,SELL,40,1047,1775841734525,earnings_entry,,,0,,7880.00,0.00,7880.00,7880.00,7880.00,flat,earnings,SELL,120,0.019766,True,998.0653,1047,1051,1049.0000,4,2.031769,-0.019766,0.000100,0.4000,,,,,,,,,,-10.7974,-11.1974,0.068136,0.415832,0.516032,0,0,0,flat,False,
1775842124.446031,entry_decision,1910,C,SELL,40,1047,,earnings,,strength=0.019766 target=120,0,,7880.00,0.00,7880.00,7880.00,7880.00,earnings,earnings,SELL,120,0.019766,True,998.0653,1047,1051,1049.0000,4,2.031769,-0.019766,0.000100,0.4000,,,,,,,,,,-10.7974,-11.1974,0.068136,0.415832,0.516032,0,0,0,flat,False,
1775842124.446618,heartbeat_forced,1910,,,,,,,,,0,,7880.00,0.00,7880.00,7880.00,7880.00,earnings,earnings,SELL,120,0.019766,True,998.0653,1047,1051,1049.0000,4,2.031769,-0.019766,0.000100,0.4000,,,,,,,,,,-10.7974,-11.1974,0.068136,0.415832,0.516032,0,0,0,flat,False,
1775842124.474300,fill,1910,C,SELL,40,1047,1775841734525,earnings_entry,,,-40,1047.0000,7880.00,0.00,7880.00,49760.00,7880.00,earnings,earnings,SELL,120,0.019766,True,998.3234,1047,1047,1047.0000,0,2.031769,-0.019766,0.000100,0.4000,,,,,,,,,,-11.0396,-11.4396,0.066367,0.409681,0.523952,0,0,0,book,False,
1775842124.845583,order_placed,1910,C,SELL,40,1050,1775841734526,earnings_entry,,,-40,1047.0000,7880.00,-120.00,7760.00,49760.00,7760.00,earnings,earnings,SELL,120,0.019766,True,998.4083,1050,1050,1050.0000,0,2.031769,-0.019766,0.000100,0.4000,,,,,,,,,,-11.1192,-11.5192,0.065467,0.408296,0.526237,0,0,0,book,False,
1775842124.846167,entry_decision,1910,C,SELL,40,1050,,earnings,,strength=0.019766 target=120,-40,1047.0000,7880.00,-120.00,7760.00,49760.00,7760.00,earnings,earnings,SELL,120,0.019766,True,998.4083,1050,1050,1050.0000,0,2.031769,-0.019766,0.000100,0.4000,,,,,,,,,,-11.1192,-11.5192,0.065467,0.408296,0.526237,0,0,0,book,False,
1775842124.846564,heartbeat_forced,1910,,,,,,,,,-40,1047.0000,7880.00,-120.00,7760.00,49760.00,7760.00,earnings,earnings,SELL,120,0.019766,True,998.4083,1050,1050,1050.0000,0,2.031769,-0.019766,0.000100,0.4000,,,,,,,,,,-11.1192,-11.5192,0.065467,0.408296,0.526237,0,0,0,book,False,
1775842125.046041,entry_blocked,1910,,,120,,,earnings,live_order,,-40,1047.0000,7880.00,-120.00,7760.00,49760.00,7760.00,earnings,earnings,SELL,120,0.019766,True,998.4063,1049,1050,1049.5000,1,2.031769,-0.019766,0.000100,0.4000,,,,,,,,,,-11.1174,-11.5174,0.066169,0.406965,0.526866,0,0,0,book,False,
1775842125.443097,order_placed,1910,C,SELL,40,1046,1775841734527,earnings_entry,,,-40,1047.0000,7880.00,-120.00,7760.00,49760.00,7760.00,earnings,earnings,SELL,120,0.019766,True,997.8757,1046,1050,1048.0000,4,2.031769,-0.019766,0.000100,0.4000,,,,,,,,,,-10.6195,-11.0195,0.070465,0.418291,0.511244,0,0,0,book,False,
1775842125.443689,entry_decision,1910,C,SELL,40,1046,,earnings,,strength=0.019766 target=120,-40,1047.0000,7880.00,-120.00,7760.00,49760.00,7760.00,earnings,earnings,SELL,120,0.019766,True,997.8757,1046,1050,1048.0000,4,2.031769,-0.019766,0.000100,0.4000,,,,,,,,,,-10.6195,-11.0195,0.070465,0.418291,0.511244,0,0,0,book,False,
1775842125.444551,heartbeat_forced,1910,,,,,,,,,-40,1047.0000,7880.00,-120.00,7760.00,49760.00,7760.00,earnings,earnings,SELL,120,0.019766,True,997.8757,1046,1050,1048.0000,4,2.031769,-0.019766,0.000100,0.4000,,,,,,,,,,-10.6195,-11.0195,0.070465,0.418291,0.511244,0,0,0,book,False,
1775842125.472171,cancel_response,1910,C,SELL,40,1050,1775841734526,earnings_entry,,success=True error=None,-40,1047.0000,7880.00,-80.00,7800.00,49760.00,7800.00,earnings,earnings,SELL,120,0.019766,True,997.8342,1045,1049,1047.0000,4,2.031769,-0.019766,0.000100,0.4000,,,,,,,,,,-10.5805,-10.9805,0.070535,0.419710,0.509755,0,0,0,book,False,
1775842126.043856,order_placed,1910,C,SELL,40,1042,1775841734528,earnings_entry,,,-40,1047.0000,7880.00,40.00,7920.00,49760.00,7920.00,earnings,earnings,SELL,120,0.019766,True,997.7933,1042,1046,1044.0000,4,2.031769,-0.019766,0.000100,0.4000,,,,,,,,,,-10.5422,-10.9422,0.071286,0.419741,0.508973,0,0,0,book,False,
1775842126.044552,entry_decision,1910,C,SELL,40,1042,,earnings,,strength=0.019766 target=120,-40,1047.0000,7880.00,40.00,7920.00,49760.00,7920.00,earnings,earnings,SELL,120,0.019766,True,997.7933,1042,1046,1044.0000,4,2.031769,-0.019766,0.000100,0.4000,,,,,,,,,,-10.5422,-10.9422,0.071286,0.419741,0.508973,0,0,0,book,False,
1775842126.044981,heartbeat_forced,1910,,,,,,,,,-40,1047.0000,7880.00,40.00,7920.00,49760.00,7920.00,earnings,earnings,SELL,120,0.019766,True,997.7933,1042,1046,1044.0000,4,2.031769,-0.019766,0.000100,0.4000,,,,,,,,,,-10.5422,-10.9422,0.071286,0.419741,0.508973,0,0,0,book,False,
1775842126.072343,cancel_response,1910,C,SELL,40,1046,1775841734527,earnings_entry,,success=True error=None,-40,1047.0000,7880.00,40.00,7920.00,49760.00,7920.00,earnings,earnings,SELL,120,0.019766,True,997.6606,1042,1046,1044.0000,4,2.031769,-0.019766,0.000100,0.4000,,,,,,,,,,-10.4175,-10.8175,0.072782,0.421735,0.505484,0,0,0,book,False,
1775842126.073482,fill,1910,C,SELL,40,1042,1775841734528,earnings_entry,,,-80,1044.5000,7880.00,200.00,8080.00,91440.00,8080.00,earnings,earnings,SELL,120,0.019766,True,997.6606,1042,1042,1042.0000,0,2.031769,-0.019766,0.000100,0.4000,,,,,,,,,,-10.4175,-10.8175,0.072782,0.421735,0.505484,0,0,0,book,False,
1775842126.446777,order_placed,1910,C,SELL,40,1043,1775841734529,earnings_entry,,,-80,1044.5000,7880.00,-200.00,7680.00,91440.00,7680.00,earnings,earnings,SELL,120,0.019766,True,997.8150,1043,1047,1045.0000,4,2.031769,-0.019766,0.000100,0.4000,,,,,,,,,,-10.5625,-10.9625,0.071000,0.419500,0.509500,0,0,0,book,False,
1775842126.447190,entry_decision,1910,C,SELL,40,1043,,earnings,,strength=0.019766 target=120,-80,1044.5000,7880.00,-200.00,7680.00,91440.00,7680.00,earnings,earnings,SELL,120,0.019766,True,997.8150,1043,1047,1045.0000,4,2.031769,-0.019766,0.000100,0.4000,,,,,,,,,,-10.5625,-10.9625,0.071000,0.419500,0.509500,0,0,0,book,False,
1775842126.447572,heartbeat_forced,1910,,,,,,,,,-80,1044.5000,7880.00,-200.00,7680.00,91440.00,7680.00,earnings,earnings,SELL,120,0.019766,True,997.8150,1043,1047,1045.0000,4,2.031769,-0.019766,0.000100,0.4000,,,,,,,,,,-10.5625,-10.9625,0.071000,0.419500,0.509500,0,0,0,book,False,
1775842126.477539,fill,1910,C,SELL,40,1043,1775841734529,earnings_entry,,,-120,1044.0000,7880.00,120.00,8000.00,133160.00,8000.00,earnings,earnings,SELL,120,0.019766,True,997.9467,1043,1043,1043.0000,0,2.031769,-0.019766,0.000100,0.4000,,,,,,,,,,-10.6861,-11.0861,0.069069,0.418418,0.512513,0,0,0,book,False,
1775842129.448066,heartbeat,1910,,,,,,,,,-120,1044.0000,7880.00,480.00,8360.00,133160.00,8360.00,earnings,earnings,SELL,120,0.019766,True,998.0722,1036,1040,1038.0000,4,2.031769,-0.019766,0.000100,0.4000,,,,,,,,,,-10.8039,-11.2039,0.067298,0.417248,0.515454,0,0,0,book,False,
1775842132.448016,heartbeat,1910,,,,,,,,,-120,1044.0000,7880.00,-360.00,7520.00,133160.00,7520.00,earnings,earnings,SELL,120,0.019766,True,999.9417,1043,1047,1045.0000,4,2.031769,-0.019766,0.000100,0.4000,,,,,,,,,,-12.5565,-12.9565,0.050025,0.381691,0.568284,0,0,0,book,False,
1775842135.448252,heartbeat,1910,,,,,,,,,-120,1044.0000,7880.00,0.00,7880.00,133160.00,7880.00,earnings,earnings,SELL,120,0.019766,True,999.5754,1040,1044,1042.0000,4,2.031769,-0.019766,0.000100,0.4000,,,,,,,,,,-12.2134,-12.6134,0.052923,0.389617,0.557460,0,0,0,book,False,
1775842135.644159,macro_eval,1966,,BUY,160,,,,candidate,score=-8.50 headline=Officials hint that the next move is more likely a cut than a hike.,-120,1044.0000,7880.00,360.00,8240.00,133160.00,8240.00,earnings,earnings,SELL,120,0.019766,True,999.3463,1037,1041,1039.0000,4,2.031769,-0.019766,0.000100,0.4000,,,-8.5000,160,BUY,-0.019039,unstructured,,,-11.9987,-12.3987,0.054205,0.395643,0.550152,0,0,0,book,False,"{'timestamp': 1966, 'kind': 'unstructured', 'new_data': {'content': 'Officials hint that the next move is more likely a cut than a hike.'}}"
1775842135.644661,macro_signal,1966,,BUY,160,,,,,score=-8.50 headline=Officials hint that the next move is more likely a cut than a hike.,-120,1044.0000,7880.00,360.00,8240.00,133160.00,8240.00,earnings,macro,BUY,160,8.500000,True,1008.3566,1037,1041,1039.0000,4,2.031769,-0.019766,0.000000,-8.0000,,,-8.5000,160,BUY,-0.019039,,,,-20.3987,-12.3987,0.054205,0.395643,0.550152,0,0,0,book,False,"{'timestamp': 1966, 'kind': 'unstructured', 'new_data': {'content': 'Officials hint that the next move is more likely a cut than a hike.'}}"
1775842135.646178,order_placed,1966,C,BUY,40,1041,1775841734530,contradict_signal,,,-120,1044.0000,7880.00,360.00,8240.00,133160.00,8240.00,earnings,macro,BUY,160,8.500000,True,1008.3566,1037,1041,1039.0000,4,2.031769,-0.019766,0.000000,-8.0000,,,,,,,,,,-20.3987,-12.3987,0.054205,0.395643,0.550152,0,0,0,book,False,
1775842135.647511,exit_trigger,1966,,,40,,,contradict_signal,contradict_signal,,-120,1044.0000,7880.00,360.00,8240.00,133160.00,8240.00,earnings,macro,BUY,160,8.500000,True,1008.3566,1037,1041,1039.0000,4,2.031769,-0.019766,0.000000,-8.0000,,,,,,,,,,-20.3987,-12.3987,0.054205,0.395643,0.550152,0,0,0,book,False,
1775842135.648190,heartbeat_forced,1966,,,,,,,,,-120,1044.0000,7880.00,360.00,8240.00,133160.00,8240.00,earnings,macro,BUY,160,8.500000,True,1008.3566,1037,1041,1039.0000,4,2.031769,-0.019766,0.000000,-8.0000,,,,,,,,,,-20.3987,-12.3987,0.054205,0.395643,0.550152,0,0,0,book,False,
1775842136.135548,order_placed,1966,C,BUY,40,1047,1775841734531,contradict_signal,,,-120,1044.0000,7880.00,-360.00,7520.00,133160.00,7520.00,earnings,macro,BUY,160,8.500000,True,1010.3916,1043,1047,1045.0000,4,2.031769,-0.019766,0.000000,-8.0000,,,,,,,,,,-22.2839,-14.2839,0.039559,0.349524,0.610916,0,0,0,book,False,
1775842136.135814,exit_trigger,1966,,,40,,,contradict_signal,contradict_signal,,-120,1044.0000,7880.00,-360.00,7520.00,133160.00,7520.00,earnings,macro,BUY,160,8.500000,True,1010.3916,1043,1047,1045.0000,4,2.031769,-0.019766,0.000000,-8.0000,,,,,,,,,,-22.2839,-14.2839,0.039559,0.349524,0.610916,0,0,0,book,False,
1775842136.136164,heartbeat_forced,1966,,,,,,,,,-120,1044.0000,7880.00,-360.00,7520.00,133160.00,7520.00,earnings,macro,BUY,160,8.500000,True,1010.3916,1043,1047,1045.0000,4,2.031769,-0.019766,0.000000,-8.0000,,,,,,,,,,-22.2839,-14.2839,0.039559,0.349524,0.610916,0,0,0,book,False,
1775842136.163373,cancel_response,1966,C,BUY,40,1041,1775841734530,contradict_signal,,success=True error=None,-120,1044.0000,7880.00,-360.00,7520.00,133160.00,7520.00,earnings,macro,BUY,160,8.500000,True,1010.3916,1043,1047,1045.0000,4,2.031769,-0.019766,0.000000,-8.0000,,,,,,,,,,-22.2839,-14.2839,0.039559,0.349524,0.610916,0,0,0,book,False,
1775842136.168015,fill,1966,C,BUY,40,1047,1775841734531,contradict_signal,,,-80,1044.0000,7760.00,-240.00,7520.00,91280.00,7520.00,earnings,macro,BUY,160,8.500000,True,1010.3916,1047,1047,1047.0000,0,2.031769,-0.019766,0.000000,-8.0000,,,,,,,,,,-22.2839,-14.2839,0.039559,0.349524,0.610916,0,0,0,book,False,
1775842136.168704,order_placed,1966,C,BUY,40,1047,1775841734532,contradict_signal,,,-80,1044.0000,7760.00,-240.00,7520.00,91280.00,7520.00,earnings,macro,BUY,160,8.500000,True,1010.3916,1047,1047,1047.0000,0,2.031769,-0.019766,0.000000,-8.0000,,,,,,,,,,-22.2839,-14.2839,0.039559,0.349524,0.610916,0,0,0,book,False,
1775842136.168944,exit_trigger,1966,,,40,,,contradict_signal,contradict_signal,,-80,1044.0000,7760.00,-240.00,7520.00,91280.00,7520.00,earnings,macro,BUY,160,8.500000,True,1010.3916,1047,1047,1047.0000,0,2.031769,-0.019766,0.000000,-8.0000,,,,,,,,,,-22.2839,-14.2839,0.039559,0.349524,0.610916,0,0,0,book,False,
1775842136.169380,heartbeat_forced,1966,,,,,,,,,-80,1044.0000,7760.00,-240.00,7520.00,91280.00,7520.00,earnings,macro,BUY,160,8.500000,True,1010.3916,1047,1047,1047.0000,0,2.031769,-0.019766,0.000000,-8.0000,,,,,,,,,,-22.2839,-14.2839,0.039559,0.349524,0.610916,0,0,0,book,False,
1775842136.198271,fill,1966,C,BUY,40,1047,1775841734532,contradict_signal,,,-40,1044.0000,7640.00,-120.00,7520.00,49400.00,7520.00,earnings,macro,BUY,160,8.500000,True,1010.3916,1047,1047,1047.0000,0,2.031769,-0.019766,0.000000,-8.0000,,,,,,,,,,-22.2839,-14.2839,0.039559,0.349524,0.610916,0,0,0,book,False,
1775842136.198908,order_placed,1966,C,BUY,40,1047,1775841734533,contradict_signal,,,-40,1044.0000,7640.00,-120.00,7520.00,49400.00,7520.00,earnings,macro,BUY,160,8.500000,True,1010.3916,1047,1047,1047.0000,0,2.031769,-0.019766,0.000000,-8.0000,,,,,,,,,,-22.2839,-14.2839,0.039559,0.349524,0.610916,0,0,0,book,False,
1775842136.199134,exit_trigger,1966,,,40,,,contradict_signal,contradict_signal,,-40,1044.0000,7640.00,-120.00,7520.00,49400.00,7520.00,earnings,macro,BUY,160,8.500000,True,1010.3916,1047,1047,1047.0000,0,2.031769,-0.019766,0.000000,-8.0000,,,,,,,,,,-22.2839,-14.2839,0.039559,0.349524,0.610916,0,0,0,book,False,
1775842136.199484,heartbeat_forced,1966,,,,,,,,,-40,1044.0000,7640.00,-120.00,7520.00,49400.00,7520.00,earnings,macro,BUY,160,8.500000,True,1010.3916,1047,1047,1047.0000,0,2.031769,-0.019766,0.000000,-8.0000,,,,,,,,,,-22.2839,-14.2839,0.039559,0.349524,0.610916,0,0,0,book,False,
1775842136.229849,fill,1966,C,BUY,35,1047,1775841734533,contradict_signal,,,-5,1044.0000,7535.00,-15.00,7520.00,12755.00,7520.00,earnings,macro,BUY,160,8.500000,True,1010.3916,1047,1047,1047.0000,0,2.031769,-0.019766,0.000000,-8.0000,,,,,,,,,,-22.2839,-14.2839,0.039559,0.349524,0.610916,0,0,0,book,False,
1775842136.649986,order_placed,1966,C,BUY,5,1051,1775841734534,contradict_signal,,,-5,1044.0000,7535.00,-35.00,7500.00,12755.00,7500.00,earnings,macro,BUY,160,8.500000,True,1011.0226,1047,1051,1049.0000,4,2.031769,-0.019766,0.000000,-8.0000,,,,,,,,,,-22.8676,-14.8676,0.035982,0.333333,0.630685,0,0,0,book,False,
1775842136.650419,exit_trigger,1966,,,5,,,contradict_signal,contradict_signal,,-5,1044.0000,7535.00,-35.00,7500.00,12755.00,7500.00,earnings,macro,BUY,160,8.500000,True,1011.0226,1047,1051,1049.0000,4,2.031769,-0.019766,0.000000,-8.0000,,,,,,,,,,-22.8676,-14.8676,0.035982,0.333333,0.630685,0,0,0,book,False,
1775842136.650983,heartbeat_forced,1966,,,,,,,,,-5,1044.0000,7535.00,-35.00,7500.00,12755.00,7500.00,earnings,macro,BUY,160,8.500000,True,1011.0226,1047,1051,1049.0000,4,2.031769,-0.019766,0.000000,-8.0000,,,,,,,,,,-22.8676,-14.8676,0.035982,0.333333,0.630685,0,0,0,book,False,
1775842136.679631,cancel_response,1966,C,BUY,5,1047,1775841734533,contradict_signal,,success=True error=None,-5,1044.0000,7535.00,-35.00,7500.00,12755.00,7500.00,earnings,macro,BUY,160,8.500000,True,1011.0602,1047,1051,1049.0000,4,2.031769,-0.019766,0.000000,-8.0000,,,,,,,,,,-22.9024,-14.9024,0.035536,0.332833,0.631632,0,0,0,book,False,
1775842136.680332,fill,1966,C,BUY,5,1051,1775841734534,contradict_signal,,,0,,7500.00,0.00,7500.00,7500.00,7500.00,flat,,,,,,1011.0602,1051,1051,1051.0000,0,2.031769,-0.019766,0.000000,-8.0000,,,,,,,,,,-22.9024,-14.9024,0.035536,0.332833,0.631632,0,0,0,flat,False,
1775842139.650972,heartbeat,1966,,,,,,,,,0,,7500.00,0.00,7500.00,7500.00,7500.00,flat,,,,,,1012.1386,1061,1064,1062.5000,3,2.031769,-0.019766,0.000000,-8.0000,,,,,,,,,,-23.8988,-15.8988,0.029044,0.305959,0.664997,0,0,0,flat,False,
1775842142.652338,heartbeat,1966,,,,,,,,,0,,7500.00,0.00,7500.00,7500.00,7500.00,flat,,,,,,1012.9523,1061,1063,1062.0000,2,2.031769,-0.019766,0.000000,-8.0000,,,,,,,,,,-24.6500,-16.6500,0.023500,0.287000,0.689500,0,0,0,flat,False,
1775842143.052123,macro_eval,2003,,,0,,,,below_threshold,score=+0.00 headline=Revenue growth surges in a previously underperforming division at A.,0,,7500.00,0.00,7500.00,7500.00,7500.00,flat,,,,,,1012.5952,1059,1063,1061.0000,4,2.031769,-0.019766,0.000000,-8.0000,,,0.0000,0,,-0.019039,unstructured,,,-24.3205,-16.3205,0.026706,0.293769,0.679525,0,0,0,flat,False,"{'timestamp': 2003, 'kind': 'unstructured', 'new_data': {'content': 'Revenue growth surges in a previously underperforming division at A.'}}"
1775842143.052679,news_ignored,2003,,,,,,,weak_macro_news,score=+0.00,0,,7500.00,0.00,7500.00,7500.00,7500.00,flat,,,,,,1012.5952,1059,1063,1061.0000,4,2.031769,-0.019766,0.000000,-8.0000,,,0.0000,0,,-0.019039,unstructured,,,-24.3205,-16.3205,0.026706,0.293769,0.679525,0,0,0,flat,False,"{'timestamp': 2003, 'kind': 'unstructured', 'new_data': {'content': 'Revenue growth surges in a previously underperforming division at A.'}}"
1775842145.652819,heartbeat,2003,,,,,,,,,0,,7500.00,0.00,7500.00,7500.00,7500.00,flat,,,,,,1001.8056,1055,1058,1056.5000,3,2.031769,-0.019766,0.000000,-8.0000,,,,,,,,,,-14.3000,-14.3000,0.039000,0.350000,0.611000,0,0,0,flat,False,
1775842148.653065,heartbeat,2003,,,,,,,,,0,,7500.00,0.00,7500.00,7500.00,7500.00,flat,,,,,,999.6210,1046,1048,1047.0000,2,2.031769,-0.019766,0.000000,-8.0000,,,,,,,,,,-12.2561,-12.2561,0.054027,0.401701,0.544272,0,0,0,flat,False,
1775842151.653404,heartbeat,2003,,,,,,,,,0,,7500.00,0.00,7500.00,7500.00,7500.00,flat,,,,,,1000.7361,1051,1053,1052.0000,2,2.031769,-0.019766,0.000000,-8.0000,,,,,,,,,,-13.3000,-13.3000,0.045500,0.377000,0.577500,0,0,0,flat,False,
1775842154.653796,heartbeat,2003,,,,,,,,,0,,7500.00,0.00,7500.00,7500.00,7500.00,flat,,,,,,1000.7788,1050,1052,1051.0000,2,2.031769,-0.019766,0.000000,-8.0000,,,,,,,,,,-13.3400,-13.3400,0.044634,0.377131,0.578235,0,0,0,flat,False,
1775842157.655596,heartbeat,2003,,,,,,,,,0,,7500.00,0.00,7500.00,7500.00,7500.00,flat,,,,,,1002.1747,1049,1052,1050.5000,3,2.031769,-0.019766,0.000000,-8.0000,,,,,,,,,,-14.6448,-14.6448,0.034517,0.345173,0.620310,0,0,0,flat,False,
1775842160.655565,heartbeat,2003,,,,,,,,,0,,7500.00,0.00,7500.00,7500.00,7500.00,flat,,,,,,1003.3587,1052,1055,1053.5000,3,2.031769,-0.019766,0.000000,-8.0000,,,,,,,,,,-15.7500,-15.7500,0.028000,0.314000,0.658000,0,0,0,flat,False,
1775842162.445247,cpi_signal,2100,,SELL,200,,,,,actual=0.003000 forecast=0.001900 surprise=+0.001100,0,,7500.00,0.00,7500.00,7500.00,7500.00,flat,cpi,SELL,200,0.001100,True,998.3005,1053,1057,1055.0000,4,2.031769,-0.019766,0.001100,4.4000,0.003000,0.001900,,,,,,,,-11.0181,-15.4181,0.029368,0.324540,0.646093,0,0,0,flat,False,"{'timestamp': 2100, 'kind': 'structured', 'new_data': {'new_signatures': 0, 'cumulative': 0, 'asset': '', 'structured_subtype': 'petition'}}"
1775842162.446352,order_placed,2100,C,SELL,40,1053,1775841734535,cpi_entry,,,0,,7500.00,0.00,7500.00,7500.00,7500.00,flat,cpi,SELL,200,0.001100,True,998.3005,1053,1057,1055.0000,4,2.031769,-0.019766,0.001100,4.4000,,,,,,,,,,-11.0181,-15.4181,0.029368,0.324540,0.646093,0,0,0,flat,False,
1775842162.446923,entry_decision,2100,C,SELL,40,1053,,cpi,,strength=0.001100 target=200,0,,7500.00,0.00,7500.00,7500.00,7500.00,cpi,cpi,SELL,200,0.001100,True,998.3005,1053,1057,1055.0000,4,2.031769,-0.019766,0.001100,4.4000,,,,,,,,,,-11.0181,-15.4181,0.029368,0.324540,0.646093,0,0,0,flat,False,
1775842162.447371,heartbeat_forced,2100,,,,,,,,,0,,7500.00,0.00,7500.00,7500.00,7500.00,cpi,cpi,SELL,200,0.001100,True,998.3005,1053,1057,1055.0000,4,2.031769,-0.019766,0.001100,4.4000,,,,,,,,,,-11.0181,-15.4181,0.029368,0.324540,0.646093,0,0,0,flat,False,
1775842162.475663,fill,2100,C,SELL,40,1053,1775841734535,cpi_entry,,,-40,1053.0000,7500.00,0.00,7500.00,49620.00,7500.00,cpi,cpi,SELL,200,0.001100,True,998.2545,1053,1053,1053.0000,0,2.031769,-0.019766,0.001100,4.4000,,,,,,,,,,-10.9750,-15.3750,0.029500,0.326000,0.644500,0,0,0,book,False,
1775842162.842583,order_placed,2100,C,SELL,40,1050,1775841734536,cpi_entry,,,-40,1053.0000,7500.00,-40.00,7460.00,49620.00,7460.00,cpi,cpi,SELL,200,0.001100,True,998.5360,1050,1054,1052.0000,4,2.031769,-0.019766,0.001100,4.4000,,,,,,,,,,-11.2390,-15.6390,0.029955,0.314528,0.655517,0,0,0,book,False,
1775842162.843025,entry_decision,2100,C,SELL,40,1050,,cpi,,strength=0.001100 target=200,-40,1053.0000,7500.00,-40.00,7460.00,49620.00,7460.00,cpi,cpi,SELL,200,0.001100,True,998.5360,1050,1054,1052.0000,4,2.031769,-0.019766,0.001100,4.4000,,,,,,,,,,-11.2390,-15.6390,0.029955,0.314528,0.655517,0,0,0,book,False,
1775842162.843845,heartbeat_forced,2100,,,,,,,,,-40,1053.0000,7500.00,-40.00,7460.00,49620.00,7460.00,cpi,cpi,SELL,200,0.001100,True,998.5360,1050,1054,1052.0000,4,2.031769,-0.019766,0.001100,4.4000,,,,,,,,,,-11.2390,-15.6390,0.029955,0.314528,0.655517,0,0,0,book,False,
1775842162.876536,fill,2100,C,SELL,40,1052,1775841734536,cpi_entry,,,-80,1052.5000,7500.00,200.00,7700.00,91700.00,7700.00,cpi,cpi,SELL,200,0.001100,True,998.5446,1052,1050,1051.0000,-2,2.031769,-0.019766,0.001100,4.4000,,,,,,,,,,-11.2471,-15.6471,0.027300,0.319515,0.653185,0,0,0,book,False,
1775842163.245158,order_placed,2100,C,SELL,40,1056,1775841734537,cpi_entry,,,-80,1052.5000,7500.00,-680.00,6820.00,91700.00,6820.00,cpi,cpi,SELL,200,0.001100,True,999.1644,1056,1061,1058.5000,5,2.031769,-0.019766,0.001100,4.4000,,,,,,,,,,-11.8283,-16.2283,0.023821,0.303226,0.672953,0,0,0,book,False,
1775842163.245621,entry_decision,2100,C,SELL,40,1056,,cpi,,strength=0.001100 target=200,-80,1052.5000,7500.00,-680.00,6820.00,91700.00,6820.00,cpi,cpi,SELL,200,0.001100,True,999.1644,1056,1061,1058.5000,5,2.031769,-0.019766,0.001100,4.4000,,,,,,,,,,-11.8283,-16.2283,0.023821,0.303226,0.672953,0,0,0,book,False,
1775842163.246126,heartbeat_forced,2100,,,,,,,,,-80,1052.5000,7500.00,-680.00,6820.00,91700.00,6820.00,cpi,cpi,SELL,200,0.001100,True,999.1644,1056,1061,1058.5000,5,2.031769,-0.019766,0.001100,4.4000,,,,,,,,,,-11.8283,-16.2283,0.023821,0.303226,0.672953,0,0,0,book,False,
1775842163.445911,entry_blocked,2100,,,200,,,cpi,live_order,,-80,1052.5000,7500.00,-280.00,7220.00,91700.00,7220.00,cpi,cpi,SELL,200,0.001100,True,999.2630,1055,1056,1055.5000,1,2.031769,-0.019766,0.001100,4.4000,,,,,,,,,,-11.9207,-16.3207,0.023512,0.300150,0.676338,0,0,0,book,False,
1775842163.646045,fill,2100,C,SELL,40,1056,1775841734537,cpi_entry,,,-120,1053.6667,7500.00,-280.00,7220.00,133940.00,7220.00,cpi,cpi,SELL,200,0.001100,True,999.2363,1058,1056,1057.0000,-2,2.031769,-0.019766,0.001100,4.4000,,,,,,,,,,-11.8956,-16.2956,0.024012,0.300150,0.675838,0,0,0,book,False,
1775842163.648263,order_placed,2100,C,SELL,40,1058,1775841734538,cpi_entry,,,-120,1053.6667,7500.00,-280.00,7220.00,133940.00,7220.00,cpi,cpi,SELL,200,0.001100,True,999.2363,1058,1056,1057.0000,-2,2.031769,-0.019766,0.001100,4.4000,,,,,,,,,,-11.8956,-16.2956,0.024012,0.300150,0.675838,0,0,0,book,False,
1775842163.649941,entry_decision,2100,C,SELL,40,1058,,cpi,,strength=0.001100 target=200,-120,1053.6667,7500.00,-280.00,7220.00,133940.00,7220.00,cpi,cpi,SELL,200,0.001100,True,999.2363,1058,1056,1057.0000,-2,2.031769,-0.019766,0.001100,4.4000,,,,,,,,,,-11.8956,-16.2956,0.024012,0.300150,0.675838,0,0,0,book,False,
1775842163.650438,heartbeat_forced,2100,,,,,,,,,-120,1053.6667,7500.00,-280.00,7220.00,133940.00,7220.00,cpi,cpi,SELL,200,0.001100,True,999.2363,1058,1056,1057.0000,-2,2.031769,-0.019766,0.001100,4.4000,,,,,,,,,,-11.8956,-16.2956,0.024012,0.300150,0.675838,0,0,0,book,False,
1775842163.851035,entry_blocked,2100,,,200,,,cpi,live_order,,-120,1053.6667,7500.00,-520.00,6980.00,133940.00,6980.00,cpi,cpi,SELL,200,0.001100,True,999.4856,1057,1058,1057.5000,1,2.031769,-0.019766,0.001100,4.4000,,,,,,,,,,-12.1292,-16.5292,0.022989,0.292854,0.684158,0,0,0,book,False,
1775842164.243239,order_placed,2100,C,SELL,40,1057,1775841734539,cpi_entry,,,-120,1053.6667,7500.00,-520.00,6980.00,133940.00,6980.00,cpi,cpi,SELL,200,0.001100,True,999.4544,1057,1058,1057.5000,1,2.031769,-0.019766,0.001100,4.4000,,,,,,,,,,-12.1000,-16.5000,0.023500,0.293000,0.683500,0,0,0,book,False,
1775842164.243663,entry_decision,2100,C,SELL,40,1057,,cpi,,strength=0.001100 target=200,-120,1053.6667,7500.00,-520.00,6980.00,133940.00,6980.00,cpi,cpi,SELL,200,0.001100,True,999.4544,1057,1058,1057.5000,1,2.031769,-0.019766,0.001100,4.4000,,,,,,,,,,-12.1000,-16.5000,0.023500,0.293000,0.683500,0,0,0,book,False,
1775842164.244041,heartbeat_forced,2100,,,,,,,,,-120,1053.6667,7500.00,-520.00,6980.00,133940.00,6980.00,cpi,cpi,SELL,200,0.001100,True,999.4544,1057,1058,1057.5000,1,2.031769,-0.019766,0.001100,4.4000,,,,,,,,,,-12.1000,-16.5000,0.023500,0.293000,0.683500,0,0,0,book,False,
1775842164.272141,cancel_response,2100,C,SELL,40,1058,1775841734538,cpi_entry,,success=True error=None,-120,1053.6667,7500.00,-760.00,6740.00,133940.00,6740.00,cpi,cpi,SELL,200,0.001100,True,999.3743,1056,1060,1058.0000,4,2.031769,-0.019766,0.001100,4.4000,,,,,,,,,,-12.0250,-16.4250,0.024500,0.294000,0.681500,0,0,0,book,False,
1775842164.643868,fill,2100,C,SELL,40,1057,1775841734539,cpi_entry,,,-160,1054.5000,7500.00,-400.00,7100.00,176220.00,7100.00,cpi,cpi,SELL,200,0.001100,True,999.3923,1057,1057,1057.0000,0,2.031769,-0.019766,0.001100,4.4000,,,,,,,,,,-12.0418,-16.4418,0.023988,0.294353,0.681659,0,0,0,book,False,
1775842164.644965,order_placed,2100,C,SELL,40,1057,1775841734540,cpi_entry,,,-160,1054.5000,7500.00,-400.00,7100.00,176220.00,7100.00,cpi,cpi,SELL,200,0.001100,True,999.3923,1057,1057,1057.0000,0,2.031769,-0.019766,0.001100,4.4000,,,,,,,,,,-12.0418,-16.4418,0.023988,0.294353,0.681659,0,0,0,book,False,
1775842164.645302,entry_decision,2100,C,SELL,40,1057,,cpi,,strength=0.001100 target=200,-160,1054.5000,7500.00,-400.00,7100.00,176220.00,7100.00,cpi,cpi,SELL,200,0.001100,True,999.3923,1057,1057,1057.0000,0,2.031769,-0.019766,0.001100,4.4000,,,,,,,,,,-12.0418,-16.4418,0.023988,0.294353,0.681659,0,0,0,book,False,
1775842164.646044,heartbeat_forced,2100,,,,,,,,,-160,1054.5000,7500.00,-400.00,7100.00,176220.00,7100.00,cpi,cpi,SELL,200,0.001100,True,999.3923,1057,1057,1057.0000,0,2.031769,-0.019766,0.001100,4.4000,,,,,,,,,,-12.0418,-16.4418,0.023988,0.294353,0.681659,0,0,0,book,False,
1775842164.676437,fill,2100,C,SELL,40,1057,1775841734540,cpi_entry,,,-200,1055.0000,7500.00,-400.00,7100.00,218500.00,7100.00,cpi,cpi,SELL,200,0.001100,True,999.3389,1057,1057,1057.0000,0,2.031769,-0.019766,0.001100,4.4000,,,,,,,,,,-11.9918,-16.3918,0.023988,0.296352,0.679660,0,0,0,book,False,
1775842167.646436,heartbeat,2100,,,,,,,,,-200,1055.0000,7500.00,0.00,7500.00,218500.00,7500.00,cpi,cpi,SELL,200,0.001100,True,999.8373,1052,1055,1053.5000,3,2.031769,-0.019766,0.001100,4.4000,,,,,,,,,,-12.4587,-16.8587,0.021042,0.283567,0.695391,0,0,0,book,False,
1775842170.646864,heartbeat,2100,,,,,,,,,-200,1055.0000,7500.00,400.00,7900.00,218500.00,7900.00,cpi,cpi,SELL,200,0.001100,True,998.1132,1049,1053,1051.0000,4,2.031769,-0.019766,0.001100,4.4000,,,,,,,,,,-10.8424,-15.2424,0.029985,0.330335,0.639680,0,0,0,book,False,
1775842173.646775,heartbeat,2100,,,,,,,,,-200,1055.0000,7500.00,400.00,7900.00,218500.00,7900.00,cpi,cpi,SELL,200,0.001100,True,998.6978,1049,1053,1051.0000,4,2.031769,-0.019766,0.001100,4.4000,,,,,,,,,,-11.3908,-15.7908,0.027027,0.314314,0.658659,0,0,0,book,False,
1775842176.647277,heartbeat,2100,,,,,,,,,-200,1055.0000,7500.00,1200.00,8700.00,218500.00,8700.00,cpi,cpi,SELL,200,0.001100,True,996.3359,1045,1049,1047.0000,4,2.031769,-0.019766,0.001100,4.4000,,,,,,,,,,-9.1729,-13.5729,0.039920,0.377246,0.582834,0,0,0,book,False,
1775842176.844006,macro_eval,2172,,,0,,,,below_threshold,score=+0.00 headline=Business investment slowing as higher borrowing costs take hold.,-200,1055.0000,7500.00,1200.00,8700.00,218500.00,8700.00,cpi,cpi,SELL,200,0.001100,True,996.2750,1045,1049,1047.0000,4,2.031769,-0.019766,0.001100,4.4000,,,0.0000,0,,-0.019039,unstructured,,,-9.1155,-13.5155,0.040120,0.379137,0.580742,0,0,0,book,False,"{'timestamp': 2172, 'kind': 'unstructured', 'new_data': {'content': 'Business investment slowing as higher borrowing costs take hold.'}}"
1775842176.844411,news_ignored,2172,,,,,,,weak_macro_news,score=+0.00,-200,1055.0000,7500.00,1200.00,8700.00,218500.00,8700.00,cpi,cpi,SELL,200,0.001100,True,996.2750,1045,1049,1047.0000,4,2.031769,-0.019766,0.001100,4.4000,,,0.0000,0,,-0.019039,unstructured,,,-9.1155,-13.5155,0.040120,0.379137,0.580742,0,0,0,book,False,"{'timestamp': 2172, 'kind': 'unstructured', 'new_data': {'content': 'Business investment slowing as higher borrowing costs take hold.'}}"
1775842179.646888,heartbeat,2172,,,,,,,,,-200,1055.0000,7500.00,0.00,7500.00,218500.00,7500.00,cpi,cpi,SELL,200,0.001100,True,999.2096,1064,1055,1059.5000,-9,2.031769,-0.019766,0.001100,4.4000,,,,,,,,,,-11.8706,-16.2706,0.022511,0.304152,0.673337,0,0,0,book,False,
1775842182.647660,heartbeat,2172,,,,,,,,,-200,1055.0000,7500.00,600.00,8100.00,218500.00,8100.00,cpi,cpi,SELL,200,0.001100,False,1003.1291,1059,1052,1055.5000,-7,2.031769,-0.019766,0.001100,4.4000,,,,,,,,,,-15.5358,-15.5358,0.026540,0.325488,0.647972,0,0,0,book,False,
1775842185.647872,heartbeat,2172,,,,,,,,,-200,1055.0000,7500.00,-800.00,6700.00,218500.00,6700.00,cpi,cpi,SELL,200,0.001100,False,1003.4891,1056,1059,1057.5000,3,2.031769,-0.019766,0.001100,4.4000,,,,,,,,,,-15.8716,-15.8716,0.025974,0.313187,0.660839,0,0,0,book,False,
1775842188.647752,heartbeat,2172,,,,,,,,,-200,1055.0000,7500.00,-1400.00,6100.00,218500.00,6100.00,cpi,cpi,SELL,200,0.001100,False,1006.5741,1058,1062,1060.0000,4,2.031769,-0.019766,0.001100,4.4000,,,,,,,,,,-18.7437,-18.7437,0.011011,0.228228,0.760761,0,0,0,book,False,
1775842190.443066,earnings_signal,2240,,SELL,200,,,,,old=2.031769 new=1.946411 delta=-0.085358,-200,1055.0000,7500.00,-200.00,7300.00,218500.00,7300.00,cpi,earnings,SELL,200,0.085358,True,975.7368,1052,1056,1054.0000,4,1.946411,-0.085358,0.001100,4.4000,,,,,,,,,,-18.6687,-18.6687,0.011011,0.231231,0.757758,0,0,0,book,False,
1775842191.052230,macro_eval,2243,,,0,,,,below_threshold,score=+0.00 headline=The health technology segment proves profitable as A expands successfully into it.,-200,1055.0000,7500.00,-600.00,6900.00,218500.00,6900.00,cpi,earnings,SELL,200,0.085358,True,975.3688,1054,1058,1056.0000,4,1.946411,-0.085358,0.001100,4.4000,,,0.0000,0,,-0.177797,unstructured,,,-18.3134,-18.3134,0.012974,0.241517,0.745509,0,0,0,book,False,"{'timestamp': 2243, 'kind': 'unstructured', 'new_data': {'content': 'The health technology segment proves profitable as A expands successfully into it.'}}"
1775842191.052746,news_ignored,2243,,,,,,,weak_macro_news,score=+0.00,-200,1055.0000,7500.00,-600.00,6900.00,218500.00,6900.00,cpi,earnings,SELL,200,0.085358,True,975.3688,1054,1058,1056.0000,4,1.946411,-0.085358,0.001100,4.4000,,,0.0000,0,,-0.177797,unstructured,,,-18.3134,-18.3134,0.012974,0.241517,0.745509,0,0,0,book,False,"{'timestamp': 2243, 'kind': 'unstructured', 'new_data': {'content': 'The health technology segment proves profitable as A expands successfully into it.'}}"
1775842191.647899,heartbeat,2243,,,,,,,,,-200,1055.0000,7500.00,1200.00,8700.00,218500.00,8700.00,cpi,earnings,SELL,200,0.085358,True,974.6610,1045,1049,1047.0000,4,1.946411,-0.085358,0.001100,4.4000,,,,,,,,,,-17.6295,-17.6295,0.014442,0.265936,0.719622,0,0,0,book,False,
1775842192.247481,order_placed,2243,C,BUY,40,1041,1775841734541,short_profit_1,,,-200,1055.0000,7500.00,2800.00,10300.00,218500.00,10300.00,cpi,earnings,SELL,200,0.085358,True,974.2255,1042,1041,1041.5000,-1,1.946411,-0.085358,0.001100,4.4000,,,,,,,,,,-17.2084,-17.2084,0.015881,0.279901,0.704218,0,0,0,book,False,
1775842192.249855,exit_trigger,2243,,,40,,,short_profit_1,short_profit_1,,-200,1055.0000,7500.00,2800.00,10300.00,218500.00,10300.00,cpi,earnings,SELL,200,0.085358,True,974.2255,1042,1041,1041.5000,-1,1.946411,-0.085358,0.001100,4.4000,,,,,,,,,,-17.2084,-17.2084,0.015881,0.279901,0.704218,0,0,0,book,False,
1775842192.250721,heartbeat_forced,2243,,,,,,,,,-200,1055.0000,7500.00,2800.00,10300.00,218500.00,10300.00,cpi,earnings,SELL,200,0.085358,True,974.2255,1042,1041,1041.5000,-1,1.946411,-0.085358,0.001100,4.4000,,,,,,,,,,-17.2084,-17.2084,0.015881,0.279901,0.704218,0,0,0,book,False,
1775842192.447122,fill,2243,C,BUY,40,1041,1775841734541,short_profit_1,,,-160,1055.0000,8060.00,2560.00,10620.00,176860.00,10620.00,cpi,earnings,SELL,200,0.085358,True,974.1004,1041,1039,1040.0000,-2,1.946411,-0.085358,0.001100,4.4000,,,,,,,,,,-17.0875,-17.0875,0.017500,0.281500,0.701000,0,0,0,book,False,
1775842193.848851,order_placed,2243,C,BUY,40,1023,1775841734542,short_profit_2,,,-160,1055.0000,8060.00,5120.00,13180.00,176860.00,13180.00,cpi,earnings,SELL,200,0.085358,True,973.8853,1023,1023,1023.0000,0,1.946411,-0.085358,0.001100,4.4000,,,,,,,,,,-16.8794,-16.8794,0.018519,0.287788,0.693694,0,0,0,book,False,
1775842193.849370,exit_trigger,2243,,,40,,,short_profit_2,short_profit_2,,-160,1055.0000,8060.00,5120.00,13180.00,176860.00,13180.00,cpi,earnings,SELL,200,0.085358,True,973.8853,1023,1023,1023.0000,0,1.946411,-0.085358,0.001100,4.4000,,,,,,,,,,-16.8794,-16.8794,0.018519,0.287788,0.693694,0,0,0,book,False,
1775842193.850233,heartbeat_forced,2243,,,,,,,,,-160,1055.0000,8060.00,5120.00,13180.00,176860.00,13180.00,cpi,earnings,SELL,200,0.085358,True,973.8853,1023,1023,1023.0000,0,1.946411,-0.085358,0.001100,4.4000,,,,,,,,,,-16.8794,-16.8794,0.018519,0.287788,0.693694,0,0,0,book,False,
1775842194.050996,fill,2243,C,BUY,40,1023,1775841734542,short_profit_2,,,-120,1055.0000,9340.00,4080.00,13420.00,135940.00,13420.00,cpi,earnings,SELL,200,0.085358,True,973.5589,1023,1021,1022.0000,-2,1.946411,-0.085358,0.001100,4.4000,,,,,,,,,,-16.5636,-16.5636,0.019297,0.298862,0.681841,0,0,0,book,False,
1775842196.850827,heartbeat,2243,,,,,,,,,-120,1055.0000,9340.00,5400.00,14740.00,135940.00,14740.00,cpi,earnings,SELL,200,0.085358,True,973.2647,1007,1010,1008.5000,3,1.946411,-0.085358,0.001100,4.4000,,,,,,,,,,-16.2788,-16.2788,0.020521,0.307808,0.671672,0,0,0,book,False,
1775842199.851020,heartbeat,2243,,,,,,,,,-120,1055.0000,9340.00,5400.00,14740.00,135940.00,14740.00,cpi,earnings,SELL,200,0.085358,True,973.0680,1004,1010,1007.0000,6,1.946411,-0.085358,0.001100,4.4000,,,,,,,,,,-16.0884,-16.0884,0.022466,0.311533,0.666001,0,0,0,book,False,
1775842202.048141,macro_eval,2298,,BUY,160,,,,earnings_trend_conflict_-0.1778,score=-6.00 headline=Fed governor argues the case for a preemptive cut to safeguard growth.,-120,1055.0000,9340.00,6000.00,15340.00,135940.00,15340.00,cpi,earnings,SELL,200,0.085358,True,971.6468,1001,1005,1003.0000,4,1.946411,-0.085358,0.001100,4.4000,,,-6.0000,160,BUY,-0.177797,unstructured,,,-14.7109,-14.7109,0.030377,0.350808,0.618814,0,0,0,book,False,"{'timestamp': 2298, 'kind': 'unstructured', 'new_data': {'content': 'Fed governor argues the case for a preemptive cut to safeguard growth.'}}"
1775842202.048460,macro_signal,2298,,BUY,160,,,,,score=-6.00 headline=Fed governor argues the case for a preemptive cut to safeguard growth.,-120,1055.0000,9340.00,6000.00,15340.00,135940.00,15340.00,cpi,macro,BUY,160,6.000000,True,979.9347,1001,1005,1003.0000,4,1.946411,-0.085358,0.000000,-8.0000,,,-6.0000,160,BUY,-0.177797,,,,-22.7109,-14.7109,0.030377,0.350808,0.618814,0,0,0,book,False,"{'timestamp': 2298, 'kind': 'unstructured', 'new_data': {'content': 'Fed governor argues the case for a preemptive cut to safeguard growth.'}}"
1775842202.049870,order_placed,2298,C,BUY,40,1005,1775841734543,contradict_signal,,,-120,1055.0000,9340.00,6000.00,15340.00,135940.00,15340.00,cpi,macro,BUY,160,6.000000,True,979.9347,1001,1005,1003.0000,4,1.946411,-0.085358,0.000000,-8.0000,,,,,,,,,,-22.7109,-14.7109,0.030377,0.350808,0.618814,0,0,0,book,False,
1775842202.050367,exit_trigger,2298,,,40,,,contradict_signal,contradict_signal,,-120,1055.0000,9340.00,6000.00,15340.00,135940.00,15340.00,cpi,macro,BUY,160,6.000000,True,979.9347,1001,1005,1003.0000,4,1.946411,-0.085358,0.000000,-8.0000,,,,,,,,,,-22.7109,-14.7109,0.030377,0.350808,0.618814,0,0,0,book,False,
1775842202.051011,heartbeat_forced,2298,,,,,,,,,-120,1055.0000,9340.00,6000.00,15340.00,135940.00,15340.00,cpi,macro,BUY,160,6.000000,True,979.9347,1001,1005,1003.0000,4,1.946411,-0.085358,0.000000,-8.0000,,,,,,,,,,-22.7109,-14.7109,0.030377,0.350808,0.618814,0,0,0,book,False,
1775842202.646720,order_placed,2298,C,BUY,40,1010,1775841734544,contradict_signal,,,-120,1055.0000,9340.00,5400.00,14740.00,135940.00,14740.00,cpi,macro,BUY,160,6.000000,True,980.8754,1006,1010,1008.0000,4,1.946411,-0.085358,0.000000,-8.0000,,,,,,,,,,-23.6141,-15.6141,0.023964,0.327509,0.648527,0,0,0,book,False,
1775842202.647173,exit_trigger,2298,,,40,,,contradict_signal,contradict_signal,,-120,1055.0000,9340.00,5400.00,14740.00,135940.00,14740.00,cpi,macro,BUY,160,6.000000,True,980.8754,1006,1010,1008.0000,4,1.946411,-0.085358,0.000000,-8.0000,,,,,,,,,,-23.6141,-15.6141,0.023964,0.327509,0.648527,0,0,0,book,False,
1775842202.647863,heartbeat_forced,2298,,,,,,,,,-120,1055.0000,9340.00,5400.00,14740.00,135940.00,14740.00,cpi,macro,BUY,160,6.000000,True,980.8754,1006,1010,1008.0000,4,1.946411,-0.085358,0.000000,-8.0000,,,,,,,,,,-23.6141,-15.6141,0.023964,0.327509,0.648527,0,0,0,book,False,
1775842202.715654,cancel_response,2298,C,BUY,40,1005,1775841734543,contradict_signal,,success=True error=None,-120,1055.0000,9340.00,5520.00,14860.00,135940.00,14860.00,cpi,macro,BUY,160,6.000000,True,980.8607,1005,1009,1007.0000,4,1.946411,-0.085358,0.000000,-8.0000,,,,,,,,,,-23.6000,-15.6000,0.023000,0.330000,0.647000,0,0,0,book,False,
1775842202.716865,fill,2298,C,BUY,40,1009,1775841734544,contradict_signal,,,-80,1055.0000,11180.00,3680.00,14860.00,95580.00,14860.00,cpi,macro,BUY,160,6.000000,True,980.8607,1010,1009,1009.5000,-1,1.946411,-0.085358,0.000000,-8.0000,,,,,,,,,,-23.6000,-15.6000,0.023000,0.330000,0.647000,0,0,0,book,False,
1775842202.717634,order_placed,2298,C,BUY,40,1009,1775841734545,contradict_signal,,,-80,1055.0000,11180.00,3680.00,14860.00,95580.00,14860.00,cpi,macro,BUY,160,6.000000,True,980.8607,1010,1009,1009.5000,-1,1.946411,-0.085358,0.000000,-8.0000,,,,,,,,,,-23.6000,-15.6000,0.023000,0.330000,0.647000,0,0,0,book,False,
1775842202.717952,exit_trigger,2298,,,40,,,contradict_signal,contradict_signal,,-80,1055.0000,11180.00,3680.00,14860.00,95580.00,14860.00,cpi,macro,BUY,160,6.000000,True,980.8607,1010,1009,1009.5000,-1,1.946411,-0.085358,0.000000,-8.0000,,,,,,,,,,-23.6000,-15.6000,0.023000,0.330000,0.647000,0,0,0,book,False,
1775842202.718439,heartbeat_forced,2298,,,,,,,,,-80,1055.0000,11180.00,3680.00,14860.00,95580.00,14860.00,cpi,macro,BUY,160,6.000000,True,980.8607,1010,1009,1009.5000,-1,1.946411,-0.085358,0.000000,-8.0000,,,,,,,,,,-23.6000,-15.6000,0.023000,0.330000,0.647000,0,0,0,book,False,
1775842202.752304,fill,2298,C,BUY,40,1009,1775841734545,contradict_signal,,,-40,1055.0000,13020.00,1840.00,14860.00,55220.00,14860.00,cpi,macro,BUY,160,6.000000,True,980.8607,1009,1009,1009.0000,0,1.946411,-0.085358,0.000000,-8.0000,,,,,,,,,,-23.6000,-15.6000,0.023000,0.330000,0.647000,0,0,0,book,False,
1775842202.754325,order_placed,2298,C,BUY,40,1009,1775841734546,contradict_signal,,,-40,1055.0000,13020.00,1840.00,14860.00,55220.00,14860.00,cpi,macro,BUY,160,6.000000,True,980.8607,1009,1009,1009.0000,0,1.946411,-0.085358,0.000000,-8.0000,,,,,,,,,,-23.6000,-15.6000,0.023000,0.330000,0.647000,0,0,0,book,False,
1775842202.754598,exit_trigger,2298,,,40,,,contradict_signal,contradict_signal,,-40,1055.0000,13020.00,1840.00,14860.00,55220.00,14860.00,cpi,macro,BUY,160,6.000000,True,980.8607,1009,1009,1009.0000,0,1.946411,-0.085358,0.000000,-8.0000,,,,,,,,,,-23.6000,-15.6000,0.023000,0.330000,0.647000,0,0,0,book,False,
1775842202.755095,heartbeat_forced,2298,,,,,,,,,-40,1055.0000,13020.00,1840.00,14860.00,55220.00,14860.00,cpi,macro,BUY,160,6.000000,True,980.8607,1009,1009,1009.0000,0,1.946411,-0.085358,0.000000,-8.0000,,,,,,,,,,-23.6000,-15.6000,0.023000,0.330000,0.647000,0,0,0,book,False,
1775842202.839152,fill,2298,C,BUY,35,1009,1775841734546,contradict_signal,,,-5,1055.0000,14630.00,230.00,14860.00,19905.00,14860.00,cpi,macro,BUY,160,6.000000,True,980.8607,1009,1009,1009.0000,0,1.946411,-0.085358,0.000000,-8.0000,,,,,,,,,,-23.6000,-15.6000,0.023000,0.330000,0.647000,0,0,0,book,False,
1775842202.870441,fill,2298,C,BUY,5,1009,1775841734546,contradict_signal,,,0,,14860.00,0.00,14860.00,14860.00,14860.00,flat,,,,,,980.8607,1009,1009,1009.0000,0,1.946411,-0.085358,0.000000,-8.0000,,,,,,,,,,-23.6000,-15.6000,0.023000,0.330000,0.647000,0,0,0,flat,False,
1775842205.843121,heartbeat,2298,,,,,,,,,0,,14860.00,0.00,14860.00,14860.00,14860.00,flat,,,,,,978.9609,998,1002,1000.0000,4,1.946411,-0.085358,0.000000,-8.0000,,,,,,,,,,-21.7750,-13.7750,0.035000,0.379000,0.586000,0,0,0,flat,False,
1775842208.843804,heartbeat,2298,,,,,,,,,0,,14860.00,0.00,14860.00,14860.00,14860.00,flat,,,,,,977.6296,992,996,994.0000,4,1.946411,-0.085358,0.000000,-8.0000,,,,,,,,,,-20.4937,-12.4937,0.041521,0.417209,0.541271,0,0,0,flat,False,
1775842211.844237,heartbeat,2298,,,,,,,,,0,,14860.00,0.00,14860.00,14860.00,14860.00,flat,,,,,,970.3274,999,1001,1000.0000,2,1.946411,-0.085358,0.000000,-8.0000,,,,,,,,,,-13.4301,-13.4301,0.035714,0.391369,0.572917,0,0,0,flat,False,
1775842212.441153,news_ignored,2350,,,,,,,non_signal_news,,0,,14860.00,0.00,14860.00,14860.00,14860.00,flat,,,,,,971.1206,1001,1005,1003.0000,4,1.946411,-0.085358,0.000000,-8.0000,,,,,,,structured,petition,,-14.2003,-14.2003,0.030892,0.370204,0.598904,0,0,0,flat,False,"{'timestamp': 2350, 'kind': 'structured', 'new_data': {'new_signatures': 0, 'cumulative': 0, 'asset': '', 'structured_subtype': 'petition'}}"
1775842214.446363,earnings_signal,2360,,BUY,200,,,,,old=1.946411 new=2.053127 delta=+0.106716,0,,14860.00,0.00,14860.00,14860.00,14860.00,flat,earnings,BUY,200,0.106716,True,1010.7547,1010,1014,1012.0000,4,2.053127,0.106716,0.000000,-8.0000,,,,,,,,,,-15.5000,-15.5000,0.023000,0.334000,0.643000,0,0,0,flat,False,
1775842214.447493,order_placed,2360,C,BUY,40,1014,1775841734547,earnings_entry,,,0,,14860.00,0.00,14860.00,14860.00,14860.00,flat,earnings,BUY,200,0.106716,True,1010.7547,1010,1014,1012.0000,4,2.053127,0.106716,0.000000,-8.0000,,,,,,,,,,-15.5000,-15.5000,0.023000,0.334000,0.643000,0,0,0,flat,False,
1775842214.447883,entry_decision,2360,C,BUY,40,1014,,earnings,,strength=0.106716 target=200,0,,14860.00,0.00,14860.00,14860.00,14860.00,earnings,earnings,BUY,200,0.106716,True,1010.7547,1010,1014,1012.0000,4,2.053127,0.106716,0.000000,-8.0000,,,,,,,,,,-15.5000,-15.5000,0.023000,0.334000,0.643000,0,0,0,flat,False,
1775842214.448605,heartbeat_forced,2360,,,,,,,,,0,,14860.00,0.00,14860.00,14860.00,14860.00,earnings,earnings,BUY,200,0.106716,True,1010.7547,1010,1014,1012.0000,4,2.053127,0.106716,0.000000,-8.0000,,,,,,,,,,-15.5000,-15.5000,0.023000,0.334000,0.643000,0,0,0,flat,False,
1775842214.498782,fill,2360,C,BUY,40,1014,1775841734547,earnings_entry,,,40,1014.0000,14860.00,0.00,14860.00,-25700.00,14860.00,earnings,earnings,BUY,200,0.106716,True,1010.8410,1014,1014,1014.0000,0,2.053127,0.106716,0.000000,-8.0000,,,,,,,,,,-15.5797,-15.5797,0.022989,0.330835,0.646177,0,0,0,book,False,
1775842214.732519,order_placed,2360,C,BUY,40,1011,1775841734548,earnings_entry,,,40,1014.0000,14860.00,-320.00,14540.00,-25700.00,14540.00,earnings,earnings,BUY,200,0.106716,True,1010.9086,1006,1011,1008.5000,5,2.053127,0.106716,0.000000,-8.0000,,,,,,,,,,-15.6422,-15.6422,0.022489,0.329335,0.648176,0,0,0,book,False,
1775842214.732895,entry_decision,2360,C,BUY,40,1011,,earnings,,strength=0.106716 target=200,40,1014.0000,14860.00,-320.00,14540.00,-25700.00,14540.00,earnings,earnings,BUY,200,0.106716,True,1010.9086,1006,1011,1008.5000,5,2.053127,0.106716,0.000000,-8.0000,,,,,,,,,,-15.6422,-15.6422,0.022489,0.329335,0.648176,0,0,0,book,False,
1775842214.733305,heartbeat_forced,2360,,,,,,,,,40,1014.0000,14860.00,-320.00,14540.00,-25700.00,14540.00,earnings,earnings,BUY,200,0.106716,True,1010.9086,1006,1011,1008.5000,5,2.053127,0.106716,0.000000,-8.0000,,,,,,,,,,-15.6422,-15.6422,0.022489,0.329335,0.648176,0,0,0,book,False,
1775842214.762402,fill,2360,C,BUY,40,1011,1775841734548,earnings_entry,,,80,1012.5000,14860.00,-120.00,14740.00,-66140.00,14740.00,earnings,earnings,BUY,200,0.106716,True,1010.9086,1011,1011,1011.0000,0,2.053127,0.106716,0.000000,-8.0000,,,,,,,,,,-15.6422,-15.6422,0.022489,0.329335,0.648176,0,0,0,book,False,
1775842215.044062,order_placed,2360,C,BUY,40,1013,1775841734549,earnings_entry,,,80,1012.5000,14860.00,-280.00,14580.00,-66140.00,14580.00,earnings,earnings,BUY,200,0.106716,True,1010.7674,1009,1013,1011.0000,4,2.053127,0.106716,0.000000,-8.0000,,,,,,,,,,-15.5117,-15.5117,0.023348,0.332837,0.643815,0,0,0,book,False,
1775842215.044629,entry_decision,2360,C,BUY,40,1013,,earnings,,strength=0.106716 target=200,80,1012.5000,14860.00,-280.00,14580.00,-66140.00,14580.00,earnings,earnings,BUY,200,0.106716,True,1010.7674,1009,1013,1011.0000,4,2.053127,0.106716,0.000000,-8.0000,,,,,,,,,,-15.5117,-15.5117,0.023348,0.332837,0.643815,0,0,0,book,False,
1775842215.045594,heartbeat_forced,2360,,,,,,,,,80,1012.5000,14860.00,-280.00,14580.00,-66140.00,14580.00,earnings,earnings,BUY,200,0.106716,True,1010.7674,1009,1013,1011.0000,4,2.053127,0.106716,0.000000,-8.0000,,,,,,,,,,-15.5117,-15.5117,0.023348,0.332837,0.643815,0,0,0,book,False,
1775842215.075997,fill,2360,C,BUY,40,1013,1775841734549,earnings_entry,,,120,1012.6667,14860.00,40.00,14900.00,-106660.00,14900.00,earnings,earnings,BUY,200,0.106716,True,1010.4037,1013,1013,1013.0000,0,2.053127,0.106716,0.000000,-8.0000,,,,,,,,,,-15.1754,-15.1754,0.024561,0.343860,0.631579,0,0,0,book,False,
1775842215.338818,order_placed,2360,C,BUY,40,1015,1775841734550,earnings_entry,,,120,1012.6667,14860.00,-200.00,14660.00,-106660.00,14660.00,earnings,earnings,BUY,200,0.106716,True,1010.4004,1011,1015,1013.0000,4,2.053127,0.106716,0.000000,-8.0000,,,,,,,,,,-15.1723,-15.1723,0.024476,0.344156,0.631369,0,0,0,book,False,
1775842215.339238,entry_decision,2360,C,BUY,40,1015,,earnings,,strength=0.106716 target=200,120,1012.6667,14860.00,-200.00,14660.00,-106660.00,14660.00,earnings,earnings,BUY,200,0.106716,True,1010.4004,1011,1015,1013.0000,4,2.053127,0.106716,0.000000,-8.0000,,,,,,,,,,-15.1723,-15.1723,0.024476,0.344156,0.631369,0,0,0,book,False,
1775842215.339715,heartbeat_forced,2360,,,,,,,,,120,1012.6667,14860.00,-200.00,14660.00,-106660.00,14660.00,earnings,earnings,BUY,200,0.106716,True,1010.4004,1011,1015,1013.0000,4,2.053127,0.106716,0.000000,-8.0000,,,,,,,,,,-15.1723,-15.1723,0.024476,0.344156,0.631369,0,0,0,book,False,
1775842215.368825,fill,2360,C,BUY,40,1015,1775841734550,earnings_entry,,,160,1013.2500,14860.00,280.00,15140.00,-147260.00,15140.00,earnings,earnings,BUY,200,0.106716,True,1010.4004,1015,1015,1015.0000,0,2.053127,0.106716,0.000000,-8.0000,,,,,,,,,,-15.1723,-15.1723,0.024476,0.344156,0.631369,0,0,0,book,False,
1775842215.645145,order_placed,2360,C,BUY,40,1017,1775841734551,earnings_entry,,,160,1013.2500,14860.00,-40.00,14820.00,-147260.00,14820.00,earnings,earnings,BUY,200,0.106716,True,1010.2870,1013,1017,1015.0000,4,2.053127,0.106716,0.000000,-8.0000,,,,,,,,,,-15.0675,-15.0675,0.025487,0.346327,0.628186,0,0,0,book,False,
1775842215.645473,entry_decision,2360,C,BUY,40,1017,,earnings,,strength=0.106716 target=200,160,1013.2500,14860.00,-40.00,14820.00,-147260.00,14820.00,earnings,earnings,BUY,200,0.106716,True,1010.2870,1013,1017,1015.0000,4,2.053127,0.106716,0.000000,-8.0000,,,,,,,,,,-15.0675,-15.0675,0.025487,0.346327,0.628186,0,0,0,book,False,
1775842215.646188,heartbeat_forced,2360,,,,,,,,,160,1013.2500,14860.00,-40.00,14820.00,-147260.00,14820.00,earnings,earnings,BUY,200,0.106716,True,1010.2870,1013,1017,1015.0000,4,2.053127,0.106716,0.000000,-8.0000,,,,,,,,,,-15.0675,-15.0675,0.025487,0.346327,0.628186,0,0,0,book,False,
1775842215.674322,fill,2360,C,BUY,40,1017,1775841734551,earnings_entry,,,200,1014.0000,14860.00,600.00,15460.00,-187940.00,15460.00,earnings,earnings,BUY,200,0.106716,True,1010.1412,1017,1017,1017.0000,0,2.053127,0.106716,0.000000,-8.0000,,,,,,,,,,-14.9326,-14.9326,0.026447,0.349800,0.623752,0,0,0,book,False,
1775842217.041450,order_placed,2360,C,SELL,40,1032,1775841734552,long_profit_1,,,200,1014.0000,14860.00,3600.00,18460.00,-187940.00,18460.00,earnings,earnings,BUY,200,0.106716,True,1010.2735,1032,1032,1032.0000,0,2.053127,0.106716,0.000000,-8.0000,,,,,,,,,,-15.0550,-15.0550,0.025487,0.346827,0.627686,0,0,0,book,False,
1775842217.041791,exit_trigger,2360,,,40,,,long_profit_1,long_profit_1,,200,1014.0000,14860.00,3600.00,18460.00,-187940.00,18460.00,earnings,earnings,BUY,200,0.106716,True,1010.2735,1032,1032,1032.0000,0,2.053127,0.106716,0.000000,-8.0000,,,,,,,,,,-15.0550,-15.0550,0.025487,0.346827,0.627686,0,0,0,book,False,
1775842217.042294,heartbeat_forced,2360,,,,,,,,,200,1014.0000,14860.00,3600.00,18460.00,-187940.00,18460.00,earnings,earnings,BUY,200,0.106716,True,1010.2735,1032,1032,1032.0000,0,2.053127,0.106716,0.000000,-8.0000,,,,,,,,,,-15.0550,-15.0550,0.025487,0.346827,0.627686,0,0,0,book,False,
1775842217.248306,fill,2360,C,SELL,40,1032,1775841734552,long_profit_1,,,160,1014.0000,15580.00,3360.00,18940.00,-146660.00,18940.00,earnings,earnings,BUY,200,0.106716,True,1010.2114,1035,1032,1033.5000,-3,2.053127,0.106716,0.000000,-8.0000,,,,,,,,,,-14.9975,-14.9975,0.025974,0.348152,0.625874,0,0,0,book,False,
1775842218.843299,order_placed,2360,C,SELL,40,1053,1775841734553,long_profit_2,,,160,1014.0000,15580.00,6240.00,21820.00,-146660.00,21820.00,earnings,earnings,BUY,200,0.106716,True,1011.0793,1053,1054,1053.5000,1,2.053127,0.106716,0.000000,-8.0000,,,,,,,,,,-15.8000,-15.8000,0.021000,0.326000,0.653000,0,0,0,book,False,
1775842218.843618,exit_trigger,2360,,,40,,,long_profit_2,long_profit_2,,160,1014.0000,15580.00,6240.00,21820.00,-146660.00,21820.00,earnings,earnings,BUY,200,0.106716,True,1011.0793,1053,1054,1053.5000,1,2.053127,0.106716,0.000000,-8.0000,,,,,,,,,,-15.8000,-15.8000,0.021000,0.326000,0.653000,0,0,0,book,False,
1775842218.843996,heartbeat_forced,2360,,,,,,,,,160,1014.0000,15580.00,6240.00,21820.00,-146660.00,21820.00,earnings,earnings,BUY,200,0.106716,True,1011.0793,1053,1054,1053.5000,1,2.053127,0.106716,0.000000,-8.0000,,,,,,,,,,-15.8000,-15.8000,0.021000,0.326000,0.653000,0,0,0,book,False,
1775842218.874698,fill,2360,C,SELL,40,1053,1775841734553,long_profit_2,,,120,1014.0000,17140.00,4680.00,21820.00,-104540.00,21820.00,earnings,earnings,BUY,200,0.106716,True,1010.6310,1053,1053,1053.0000,0,2.053127,0.106716,0.000000,-8.0000,,,,,,,,,,-15.3856,-15.3856,0.022534,0.339509,0.637957,0,0,0,book,False,
1775842221.844967,heartbeat,2360,,,,,,,,,120,1014.0000,17140.00,4920.00,22060.00,-104540.00,22060.00,earnings,earnings,BUY,200,0.106716,True,1009.4095,1055,1059,1057.0000,4,2.053127,0.106716,0.000000,-8.0000,,,,,,,,,,-14.2554,-14.2554,0.028486,0.372814,0.598701,0,0,0,book,False,
1775842224.845401,heartbeat,2360,,,,,,,,,120,1014.0000,17140.00,6480.00,23620.00,-104540.00,23620.00,earnings,earnings,BUY,200,0.106716,True,1009.2097,1068,1058,1063.0000,-10,2.053127,0.106716,0.000000,-8.0000,,,,,,,,,,-14.0704,-14.0704,0.030151,0.376884,0.592965,0,0,0,book,False,
1775842225.643266,cpi_eval,2416,,,0,,,,no_actual_forecast,no actual/forecast; score=+0.00 headline=Fed signals increasing confidence inflation is moving back to target.,120,1014.0000,17140.00,5040.00,22180.00,-104540.00,22180.00,earnings,earnings,BUY,200,0.106716,True,1010.0129,1056,1060,1058.0000,4,2.053127,0.106716,0.000000,-8.0000,,,0.0000,0,,-0.017902,unstructured,,,-14.8139,-14.8139,0.024486,0.358472,0.617042,0,0,0,book,False,"{'timestamp': 2416, 'kind': 'unstructured', 'new_data': {'content': 'Fed signals increasing confidence inflation is moving back to target.'}}"
1775842225.643725,macro_eval,2416,,,0,,,,below_threshold,score=+0.00 headline=Fed signals increasing confidence inflation is moving back to target.,120,1014.0000,17140.00,5040.00,22180.00,-104540.00,22180.00,earnings,earnings,BUY,200,0.106716,True,1010.0129,1056,1060,1058.0000,4,2.053127,0.106716,0.000000,-8.0000,,,0.0000,0,,-0.017902,unstructured,,,-14.8139,-14.8139,0.024486,0.358472,0.617042,0,0,0,book,False,"{'timestamp': 2416, 'kind': 'unstructured', 'new_data': {'content': 'Fed signals increasing confidence inflation is moving back to target.'}}"
1775842225.643982,news_ignored,2416,,,,,,,weak_macro_news,score=+0.00,120,1014.0000,17140.00,5040.00,22180.00,-104540.00,22180.00,earnings,earnings,BUY,200,0.106716,True,1010.0129,1056,1060,1058.0000,4,2.053127,0.106716,0.000000,-8.0000,,,0.0000,0,,-0.017902,unstructured,,,-14.8139,-14.8139,0.024486,0.358472,0.617042,0,0,0,book,False,"{'timestamp': 2416, 'kind': 'unstructured', 'new_data': {'content': 'Fed signals increasing confidence inflation is moving back to target.'}}"
1775842227.845980,heartbeat,2416,,,,,,,,,120,1014.0000,17140.00,5280.00,22420.00,-104540.00,22420.00,earnings,earnings,BUY,200,0.106716,True,1012.6914,1058,1062,1060.0000,4,2.053127,0.106716,0.000000,-8.0000,,,,,,,,,,-17.2884,-17.2884,0.014021,0.280421,0.705558,0,0,0,book,False,
1775842230.845703,heartbeat,2416,,,,,,,,,120,1014.0000,17140.00,5280.00,22420.00,-104540.00,22420.00,earnings,earnings,BUY,200,0.106716,True,1012.7123,1058,1061,1059.5000,3,2.053127,0.106716,0.000000,-8.0000,,,,,,,,,,-17.3077,-17.3077,0.012987,0.281718,0.705295,0,0,0,book,False,
1775842233.846256,heartbeat,2416,,,,,,,,,120,1014.0000,17140.00,5400.00,22540.00,-104540.00,22540.00,earnings,earnings,BUY,200,0.106716,True,1012.9700,1059,1064,1061.5000,5,2.053127,0.106716,0.000000,-8.0000,,,,,,,,,,-17.5454,-17.5454,0.012614,0.272957,0.714430,0,0,0,book,False,
1775842235.865745,order_placed,2416,C,SELL,40,1049,1775841734554,profit_trail,,,120,1014.0000,17140.00,4200.00,21340.00,-104540.00,21340.00,earnings,earnings,BUY,200,0.106716,False,1011.8596,1049,1054,1051.5000,5,2.053127,0.106716,0.000000,-8.0000,,,,,,,,,,-16.5208,-16.5208,0.016508,0.306153,0.677339,0,0,0,book,False,
1775842235.865901,exit_trigger,2416,,,40,,,profit_trail,profit_trail,,120,1014.0000,17140.00,4200.00,21340.00,-104540.00,21340.00,earnings,earnings,BUY,200,0.106716,False,1011.8596,1049,1054,1051.5000,5,2.053127,0.106716,0.000000,-8.0000,,,,,,,,,,-16.5208,-16.5208,0.016508,0.306153,0.677339,0,0,0,book,False,
1775842235.866116,heartbeat_forced,2416,,,,,,,,,120,1014.0000,17140.00,4200.00,21340.00,-104540.00,21340.00,earnings,earnings,BUY,200,0.106716,False,1011.8596,1049,1054,1051.5000,5,2.053127,0.106716,0.000000,-8.0000,,,,,,,,,,-16.5208,-16.5208,0.016508,0.306153,0.677339,0,0,0,book,False,
1775842235.895589,fill,2416,C,SELL,40,1049,1775841734554,profit_trail,,,80,1014.0000,18540.00,2800.00,21340.00,-62580.00,21340.00,earnings,earnings,BUY,200,0.106716,False,1011.8596,1049,1049,1049.0000,0,2.053127,0.106716,0.000000,-8.0000,,,,,,,,,,-16.5208,-16.5208,0.016508,0.306153,0.677339,0,0,0,book,False,
1775842235.896440,order_placed,2416,C,SELL,40,1049,1775841734555,profit_trail,,,80,1014.0000,18540.00,2800.00,21340.00,-62580.00,21340.00,earnings,earnings,BUY,200,0.106716,False,1011.8596,1049,1049,1049.0000,0,2.053127,0.106716,0.000000,-8.0000,,,,,,,,,,-16.5208,-16.5208,0.016508,0.306153,0.677339,0,0,0,book,False,
1775842235.896741,exit_trigger,2416,,,40,,,profit_trail,profit_trail,,80,1014.0000,18540.00,2800.00,21340.00,-62580.00,21340.00,earnings,earnings,BUY,200,0.106716,False,1011.8596,1049,1049,1049.0000,0,2.053127,0.106716,0.000000,-8.0000,,,,,,,,,,-16.5208,-16.5208,0.016508,0.306153,0.677339,0,0,0,book,False,
1775842235.897220,heartbeat_forced,2416,,,,,,,,,80,1014.0000,18540.00,2800.00,21340.00,-62580.00,21340.00,earnings,earnings,BUY,200,0.106716,False,1011.8596,1049,1049,1049.0000,0,2.053127,0.106716,0.000000,-8.0000,,,,,,,,,,-16.5208,-16.5208,0.016508,0.306153,0.677339,0,0,0,book,False,
1775842235.927556,fill,2416,C,SELL,40,1049,1775841734555,profit_trail,,,40,1014.0000,19940.00,1400.00,21340.00,-20620.00,21340.00,earnings,earnings,BUY,200,0.106716,False,1011.8596,1049,1049,1049.0000,0,2.053127,0.106716,0.000000,-8.0000,,,,,,,,,,-16.5208,-16.5208,0.016508,0.306153,0.677339,0,0,0,book,False,
1775842235.928444,order_placed,2416,C,SELL,40,1049,1775841734556,profit_trail,,,40,1014.0000,19940.00,1400.00,21340.00,-20620.00,21340.00,earnings,earnings,BUY,200,0.106716,False,1011.8596,1049,1049,1049.0000,0,2.053127,0.106716,0.000000,-8.0000,,,,,,,,,,-16.5208,-16.5208,0.016508,0.306153,0.677339,0,0,0,book,False,
1775842235.928734,exit_trigger,2416,,,40,,,profit_trail,profit_trail,,40,1014.0000,19940.00,1400.00,21340.00,-20620.00,21340.00,earnings,earnings,BUY,200,0.106716,False,1011.8596,1049,1049,1049.0000,0,2.053127,0.106716,0.000000,-8.0000,,,,,,,,,,-16.5208,-16.5208,0.016508,0.306153,0.677339,0,0,0,book,False,
1775842235.929174,heartbeat_forced,2416,,,,,,,,,40,1014.0000,19940.00,1400.00,21340.00,-20620.00,21340.00,earnings,earnings,BUY,200,0.106716,False,1011.8596,1049,1049,1049.0000,0,2.053127,0.106716,0.000000,-8.0000,,,,,,,,,,-16.5208,-16.5208,0.016508,0.306153,0.677339,0,0,0,book,False,
1775842235.957680,fill,2416,C,SELL,35,1049,1775841734556,profit_trail,,,5,1014.0000,21165.00,175.00,21340.00,16095.00,21340.00,earnings,earnings,BUY,200,0.106716,False,1011.8596,1049,1049,1049.0000,0,2.053127,0.106716,0.000000,-8.0000,,,,,,,,,,-16.5208,-16.5208,0.016508,0.306153,0.677339,0,0,0,book,False,
1775842236.444803,order_placed,2416,C,SELL,5,1048,1775841734557,profit_trail,,,5,1014.0000,21165.00,170.00,21335.00,16095.00,21335.00,earnings,earnings,BUY,200,0.106716,False,1011.7605,1048,1049,1048.5000,1,2.053127,0.106716,0.000000,-8.0000,,,,,,,,,,-16.4293,-16.4293,0.016492,0.309845,0.673663,0,0,0,book,False,
1775842236.445158,exit_trigger,2416,,,5,,,profit_trail,profit_trail,,5,1014.0000,21165.00,170.00,21335.00,16095.00,21335.00,earnings,earnings,BUY,200,0.106716,False,1011.7605,1048,1049,1048.5000,1,2.053127,0.106716,0.000000,-8.0000,,,,,,,,,,-16.4293,-16.4293,0.016492,0.309845,0.673663,0,0,0,book,False,
1775842236.445678,heartbeat_forced,2416,,,,,,,,,5,1014.0000,21165.00,170.00,21335.00,16095.00,21335.00,earnings,earnings,BUY,200,0.106716,False,1011.7605,1048,1049,1048.5000,1,2.053127,0.106716,0.000000,-8.0000,,,,,,,,,,-16.4293,-16.4293,0.016492,0.309845,0.673663,0,0,0,book,False,
1775842236.472314,cancel_response,2416,C,SELL,5,1049,1775841734556,profit_trail,,success=True error=None,5,1014.0000,21165.00,165.00,21330.00,16095.00,21330.00,earnings,earnings,BUY,200,0.106716,False,1011.6700,1047,1051,1049.0000,4,2.053127,0.106716,0.000000,-8.0000,,,,,,,,,,-16.3457,-16.3457,0.016508,0.313157,0.670335,0,0,0,book,False,
1775842236.848314,fill,2416,C,SELL,5,1048,1775841734557,profit_trail,,,0,,21335.00,0.00,21335.00,21335.00,21335.00,flat,,,,,,1011.8679,1050,1048,1049.0000,-2,2.053127,0.106716,0.000000,-8.0000,,,,,,,,,,-16.5284,-16.5284,0.017597,0.303670,0.678733,0,0,0,flat,False,
1775842239.445927,heartbeat,2416,,,,,,,,,0,,21335.00,0.00,21335.00,21335.00,21335.00,flat,,,,,,1012.3972,1052,1054,1053.0000,2,2.053127,0.106716,0.000000,-8.0000,,,,,,,,,,-17.0170,-17.0170,0.014014,0.291291,0.694695,0,0,0,flat,False,
1775842242.448125,heartbeat,2416,,,,,,,,,0,,21335.00,0.00,21335.00,21335.00,21335.00,flat,,,,,,1010.7007,1047,1052,1049.5000,5,2.053127,0.106716,0.000000,-8.0000,,,,,,,,,,-15.4500,-15.4500,0.019000,0.344000,0.637000,0,0,0,flat,False,
1775842245.447972,heartbeat,2416,,,,,,,,,0,,21335.00,0.00,21335.00,21335.00,21335.00,flat,,,,,,1010.8499,1049,1059,1054.0000,10,2.053127,0.106716,0.000000,-8.0000,,,,,,,,,,-15.5879,-15.5879,0.017787,0.340909,0.641304,0,0,0,flat,False,
1775842248.448693,heartbeat,2416,,,,,,,,,0,,21335.00,0.00,21335.00,21335.00,21335.00,flat,,,,,,1012.8288,1053,1055,1054.0000,2,2.053127,0.106716,0.000000,-8.0000,,,,,,,,,,-17.4152,-17.4152,0.011976,0.279441,0.708583,0,0,0,flat,False,
1775842251.448765,heartbeat,2416,,,,,,,,,0,,21335.00,0.00,21335.00,21335.00,21335.00,flat,,,,,,1013.6395,1061,1068,1064.5000,7,2.053127,0.106716,0.000000,-8.0000,,,,,,,,,,-18.1625,-18.1625,0.009500,0.254500,0.736000,0,0,0,flat,False,
1775842252.445178,news_ignored,2550,,,,,,,non_signal_news,,0,,21335.00,0.00,21335.00,21335.00,21335.00,flat,,,,,,1013.2812,1062,1066,1064.0000,4,2.053127,0.106716,0.000000,-8.0000,,,,,,,structured,petition,,-17.8323,-17.8323,0.007466,0.271777,0.720757,0,0,0,flat,False,"{'timestamp': 2550, 'kind': 'structured', 'new_data': {'new_signatures': 0, 'cumulative': 0, 'asset': '', 'structured_subtype': 'petition'}}"
1775842254.450728,heartbeat,2550,,,,,,,,,0,,21335.00,0.00,21335.00,21335.00,21335.00,flat,,,,,,1014.3107,1064,1065,1064.5000,1,2.053127,0.106716,0.000000,-8.0000,,,,,,,,,,-18.7807,-18.7807,0.006883,0.235005,0.758112,0,0,0,flat,False,
1775842257.451255,heartbeat,2550,,,,,,,,,0,,21335.00,0.00,21335.00,21335.00,21335.00,flat,,,,,,1015.2009,1068,1072,1070.0000,4,2.053127,0.106716,0.000000,-8.0000,,,,,,,,,,-19.6000,-19.6000,0.004500,0.207000,0.788500,0,0,0,flat,False,
1775842260.451367,heartbeat,2550,,,,,,,,,0,,21335.00,0.00,21335.00,21335.00,21335.00,flat,,,,,,1016.3891,1073,1077,1075.0000,4,2.053127,0.106716,0.000000,-8.0000,,,,,,,,,,-20.6922,-20.6922,0.007968,0.156375,0.835657,0,0,0,flat,False,
1775842263.451517,heartbeat,2550,,,,,,,,,0,,21335.00,0.00,21335.00,21335.00,21335.00,flat,,,,,,1017.8725,1081,1085,1083.0000,4,2.053127,0.106716,0.000000,-8.0000,,,,,,,,,,-22.0537,-22.0537,0.005967,0.105917,0.888115,0,0,0,flat,False,
1775842264.043395,macro_eval,2608,,,0,,,,below_threshold,"score=+0.00 headline=A vital contract slips through A's fingers, won by a rival firm instead.",0,,21335.00,0.00,21335.00,21335.00,21335.00,flat,,,,,,1017.4234,1080,1084,1082.0000,4,2.053127,0.106716,0.000000,-8.0000,,,0.0000,0,,-0.017902,unstructured,,,-21.6418,-21.6418,0.005970,0.122388,0.871642,0,0,0,flat,False,"{'timestamp': 2608, 'kind': 'unstructured', 'new_data': {'content': ""A vital contract slips through A's fingers, won by a rival firm instead.""}}"
1775842264.044152,news_ignored,2608,,,,,,,weak_macro_news,score=+0.00,0,,21335.00,0.00,21335.00,21335.00,21335.00,flat,,,,,,1017.4234,1080,1084,1082.0000,4,2.053127,0.106716,0.000000,-8.0000,,,0.0000,0,,-0.017902,unstructured,,,-21.6418,-21.6418,0.005970,0.122388,0.871642,0,0,0,flat,False,"{'timestamp': 2608, 'kind': 'unstructured', 'new_data': {'content': ""A vital contract slips through A's fingers, won by a rival firm instead.""}}"
1775842266.451800,heartbeat,2608,,,,,,,,,0,,21335.00,0.00,21335.00,21335.00,21335.00,flat,,,,,,1017.4894,1077,1080,1078.5000,3,2.053127,0.106716,0.000000,-8.0000,,,,,,,,,,-21.7023,-21.7023,0.007964,0.115978,0.876058,0,0,0,flat,False,
1775842266.842587,macro_eval,2622,,BUY,0,,,,below_threshold,score=-2.00 headline=Weaker retail sales data strengthens the argument for near-term cuts.,0,,21335.00,0.00,21335.00,21335.00,21335.00,flat,,,,,,1017.6216,1077,1081,1079.0000,4,2.053127,0.106716,0.000000,-8.0000,,,-2.0000,0,BUY,-0.017902,unstructured,,,-21.8236,-21.8236,0.004983,0.117090,0.877927,0,0,0,flat,False,"{'timestamp': 2622, 'kind': 'unstructured', 'new_data': {'content': 'Weaker retail sales data strengthens the argument for near-term cuts.'}}"
1775842266.843020,news_ignored,2622,,,,,,,weak_macro_news,score=-2.00,0,,21335.00,0.00,21335.00,21335.00,21335.00,flat,,,,,,1017.6216,1077,1081,1079.0000,4,2.053127,0.106716,0.000000,-8.0000,,,-2.0000,0,BUY,-0.017902,unstructured,,,-21.8236,-21.8236,0.004983,0.117090,0.877927,0,0,0,flat,False,"{'timestamp': 2622, 'kind': 'unstructured', 'new_data': {'content': 'Weaker retail sales data strengthens the argument for near-term cuts.'}}"
1775842269.483404,heartbeat,2622,,,,,,,,,0,,21335.00,0.00,21335.00,21335.00,21335.00,flat,,,,,,1019.1476,1086,1090,1088.0000,4,2.053127,0.106716,0.000000,-8.0000,,,,,,,,,,-23.2223,-23.2223,0.005967,0.059175,0.934858,0,0,0,flat,False,
1775842272.513886,heartbeat,2622,,,,,,,,,0,,21335.00,0.00,21335.00,21335.00,21335.00,flat,,,,,,1018.9429,1083,1087,1085.0000,4,2.053127,0.106716,0.000000,-8.0000,,,,,,,,,,-23.0348,-23.0348,0.004975,0.068657,0.926368,0,0,0,flat,False,
1775842275.547311,heartbeat,2622,,,,,,,,,0,,21335.00,0.00,21335.00,21335.00,21335.00,flat,,,,,,1019.1593,1084,1088,1086.0000,4,2.053127,0.106716,0.000000,-8.0000,,,,,,,,,,-23.2330,-23.2330,0.004978,0.060727,0.934296,0,0,0,flat,False,
1775842278.580652,heartbeat,2622,,,,,,,,,0,,21335.00,0.00,21335.00,21335.00,21335.00,flat,,,,,,1019.3224,1081,1085,1083.0000,4,2.053127,0.106716,0.000000,-8.0000,,,,,,,,,,-23.3823,-23.3823,0.004978,0.054754,0.940269,0,0,0,flat,False,
1775842280.469976,earnings_signal,2690,,BUY,160,,,,,old=2.053127 new=2.098606 delta=+0.045479,0,,21335.00,0.00,21335.00,21335.00,21335.00,flat,earnings,BUY,160,0.045479,True,1036.0072,1085,1089,1087.0000,4,2.098606,0.045479,0.000000,-8.0000,,,,,,,,,,-23.5594,-23.5594,0.004968,0.047690,0.947342,0,0,0,flat,False,
1775842280.470942,entry_blocked,2690,,,160,,,earnings,buy_over_fair_px_1089_fair_1036.0,,0,,21335.00,0.00,21335.00,21335.00,21335.00,flat,earnings,BUY,160,0.045479,True,1036.0072,1085,1089,1087.0000,4,2.098606,0.045479,0.000000,-8.0000,,,,,,,,,,-23.5594,-23.5594,0.004968,0.047690,0.947342,0,0,0,flat,False,
1775842280.487691,entry_blocked,2690,,,160,,,earnings,buy_over_fair_px_1090_fair_1036.0,,0,,21335.00,0.00,21335.00,21335.00,21335.00,flat,earnings,BUY,160,0.045479,True,1035.9632,1086,1090,1088.0000,4,2.098606,0.045479,0.000000,-8.0000,,,,,,,,,,-23.5199,-23.5199,0.004975,0.049254,0.945771,0,0,0,flat,False,
1775842280.648777,entry_blocked,2690,,,160,,,earnings,buy_over_fair_px_1089_fair_1036.0,,0,,21335.00,0.00,21335.00,21335.00,21335.00,flat,earnings,BUY,160,0.045479,True,1035.9632,1086,1089,1087.5000,3,2.098606,0.045479,0.000000,-8.0000,,,,,,,,,,-23.5199,-23.5199,0.004975,0.049254,0.945771,0,0,0,flat,False,
1775842280.656212,entry_blocked,2690,,,160,,,earnings,buy_over_fair_px_1090_fair_1036.0,,0,,21335.00,0.00,21335.00,21335.00,21335.00,flat,earnings,BUY,160,0.045479,True,1035.9624,1086,1090,1088.0000,4,2.098606,0.045479,0.000000,-8.0000,,,,,,,,,,-23.5192,-23.5192,0.004978,0.049278,0.945744,0,0,0,flat,False,
1775842280.657211,entry_blocked,2690,,,160,,,earnings,buy_over_fair_px_1093_fair_1036.0,,0,,21335.00,0.00,21335.00,21335.00,21335.00,flat,earnings,BUY,160,0.045479,True,1035.9624,1086,1093,1089.5000,7,2.098606,0.045479,0.000000,-8.0000,,,,,,,,,,-23.5192,-23.5192,0.004978,0.049278,0.945744,0,0,0,flat,False,
1775842280.658110,entry_blocked,2690,,,160,,,earnings,buy_over_fair_px_1094_fair_1036.0,,0,,21335.00,0.00,21335.00,21335.00,21335.00,flat,earnings,BUY,160,0.045479,True,1035.9624,1086,1094,1090.0000,8,2.098606,0.045479,0.000000,-8.0000,,,,,,,,,,-23.5192,-23.5192,0.004978,0.049278,0.945744,0,0,0,flat,False,
1775842280.659013,entry_blocked,2690,,,160,,,earnings,buy_over_fair_px_1096_fair_1036.0,,0,,21335.00,0.00,21335.00,21335.00,21335.00,flat,earnings,BUY,160,0.045479,True,1035.9624,1086,1096,1091.0000,10,2.098606,0.045479,0.000000,-8.0000,,,,,,,,,,-23.5192,-23.5192,0.004978,0.049278,0.945744,0,0,0,flat,False,
1775842280.660043,entry_blocked,2690,,,160,,,earnings,buy_over_fair_px_1096_fair_1035.9,,0,,21335.00,0.00,21335.00,21335.00,21335.00,flat,earnings,BUY,160,0.045479,True,1035.9494,1086,1096,1091.0000,10,2.098606,0.045479,0.000000,-8.0000,,,,,,,,,,-23.5075,-23.5075,0.004975,0.049751,0.945274,0,0,0,flat,False,
1775842280.663045,entry_blocked,2690,,,160,,,earnings,buy_over_fair_px_1090_fair_1035.9,,0,,21335.00,0.00,21335.00,21335.00,21335.00,flat,earnings,BUY,160,0.045479,True,1035.9469,1086,1090,1088.0000,4,2.098606,0.045479,0.000000,-8.0000,,,,,,,,,,-23.5052,-23.5052,0.004983,0.049826,0.945192,0,0,0,flat,False,
1775842280.841930,entry_blocked,2690,,,160,,,earnings,buy_over_fair_px_1090_fair_1035.8,,0,,21335.00,0.00,21335.00,21335.00,21335.00,flat,earnings,BUY,160,0.045479,True,1035.8171,1085,1090,1087.5000,5,2.098606,0.045479,0.000000,-8.0000,,,,,,,,,,-23.3887,-23.3887,0.004958,0.054536,0.940506,0,0,0,flat,False,
1775842280.863395,entry_blocked,2690,,,160,,,earnings,buy_over_fair_px_1091_fair_1035.8,,0,,21335.00,0.00,21335.00,21335.00,21335.00,flat,earnings,BUY,160,0.045479,True,1035.7961,1089,1091,1090.0000,2,2.098606,0.045479,0.000000,-8.0000,,,,,,,,,,-23.3698,-23.3698,0.004978,0.055251,0.939771,0,0,0,flat,False,
1775842280.863959,entry_blocked,2690,,,160,,,earnings,buy_over_fair_px_1092_fair_1035.8,,0,,21335.00,0.00,21335.00,21335.00,21335.00,flat,earnings,BUY,160,0.045479,True,1035.7961,1089,1092,1090.5000,3,2.098606,0.045479,0.000000,-8.0000,,,,,,,,,,-23.3698,-23.3698,0.004978,0.055251,0.939771,0,0,0,flat,False,
1775842280.864490,entry_blocked,2690,,,160,,,earnings,buy_over_fair_px_1093_fair_1035.8,,0,,21335.00,0.00,21335.00,21335.00,21335.00,flat,earnings,BUY,160,0.045479,True,1035.7961,1089,1093,1091.0000,4,2.098606,0.045479,0.000000,-8.0000,,,,,,,,,,-23.3698,-23.3698,0.004978,0.055251,0.939771,0,0,0,flat,False,
1775842281.049761,entry_blocked,2690,,,160,,,earnings,buy_over_fair_px_1093_fair_1035.7,,0,,21335.00,0.00,21335.00,21335.00,21335.00,flat,earnings,BUY,160,0.045479,True,1035.7130,1091,1093,1092.0000,2,2.098606,0.045479,0.000000,-8.0000,,,,,,,,,,-23.2952,-23.2952,0.004978,0.058238,0.936784,0,0,0,flat,False,
1775842281.063872,entry_blocked,2690,,,160,,,earnings,buy_over_fair_px_1094_fair_1035.7,,0,,21335.00,0.00,21335.00,21335.00,21335.00,flat,earnings,BUY,160,0.045479,True,1035.7130,1091,1094,1092.5000,3,2.098606,0.045479,0.000000,-8.0000,,,,,,,,,,-23.2952,-23.2952,0.004978,0.058238,0.936784,0,0,0,flat,False,
1775842281.064300,entry_blocked,2690,,,160,,,earnings,buy_over_fair_px_1095_fair_1035.7,,0,,21335.00,0.00,21335.00,21335.00,21335.00,flat,earnings,BUY,160,0.045479,True,1035.7130,1091,1095,1093.0000,4,2.098606,0.045479,0.000000,-8.0000,,,,,,,,,,-23.2952,-23.2952,0.004978,0.058238,0.936784,0,0,0,flat,False,
1775842281.247434,entry_blocked,2690,,,160,,,earnings,buy_over_fair_px_1093_fair_1035.7,,0,,21335.00,0.00,21335.00,21335.00,21335.00,flat,earnings,BUY,160,0.045479,True,1035.7001,1091,1093,1092.0000,2,2.098606,0.045479,0.000000,-8.0000,,,,,,,,,,-23.2836,-23.2836,0.004975,0.058706,0.936318,0,0,0,flat,False,
1775842281.444324,entry_blocked,2690,,,160,,,earnings,buy_over_fair_px_1093_fair_1035.6,,0,,21335.00,0.00,21335.00,21335.00,21335.00,flat,earnings,BUY,160,0.045479,True,1035.6357,1091,1093,1092.0000,2,2.098606,0.045479,0.000000,-8.0000,,,,,,,,,,-23.2258,-23.2258,0.004963,0.061042,0.933995,0,0,0,flat,False,
1775842281.460916,entry_blocked,2690,,,160,,,earnings,buy_over_fair_px_1094_fair_1035.6,,0,,21335.00,0.00,21335.00,21335.00,21335.00,flat,earnings,BUY,160,0.045479,True,1035.6031,1091,1094,1092.5000,3,2.098606,0.045479,0.000000,-8.0000,,,,,,,,,,-23.1965,-23.1965,0.004975,0.062189,0.932836,0,0,0,flat,False,
1775842281.461382,entry_blocked,2690,,,160,,,earnings,buy_over_fair_px_1095_fair_1035.6,,0,,21335.00,0.00,21335.00,21335.00,21335.00,flat,earnings,BUY,160,0.045479,True,1035.6031,1091,1095,1093.0000,4,2.098606,0.045479,0.000000,-8.0000,,,,,,,,,,-23.1965,-23.1965,0.004975,0.062189,0.932836,0,0,0,flat,False,
1775842281.613932,heartbeat,2690,,,,,,,,,0,,21335.00,0.00,21335.00,21335.00,21335.00,flat,earnings,BUY,160,0.045479,True,1035.6031,1091,1095,1093.0000,4,2.098606,0.045479,0.000000,-8.0000,,,,,,,,,,-23.1965,-23.1965,0.004975,0.062189,0.932836,0,0,0,flat,False,
1775842281.648314,entry_blocked,2690,,,160,,,earnings,buy_over_fair_px_1095_fair_1035.5,,0,,21335.00,0.00,21335.00,21335.00,21335.00,flat,earnings,BUY,160,0.045479,True,1035.5477,1091,1095,1093.0000,4,2.098606,0.045479,0.000000,-8.0000,,,,,,,,,,-23.1468,-23.1468,0.004975,0.064179,0.930846,0,0,0,flat,False,
1775842281.664991,entry_blocked,2690,,,160,,,earnings,buy_over_fair_px_1096_fair_1035.5,,0,,21335.00,0.00,21335.00,21335.00,21335.00,flat,earnings,BUY,160,0.045479,True,1035.5477,1093,1096,1094.5000,3,2.098606,0.045479,0.000000,-8.0000,,,,,,,,,,-23.1468,-23.1468,0.004975,0.064179,0.930846,0,0,0,flat,False,
1775842281.666360,entry_blocked,2690,,,160,,,earnings,buy_over_fair_px_1097_fair_1035.5,,0,,21335.00,0.00,21335.00,21335.00,21335.00,flat,earnings,BUY,160,0.045479,True,1035.5477,1093,1097,1095.0000,4,2.098606,0.045479,0.000000,-8.0000,,,,,,,,,,-23.1468,-23.1468,0.004975,0.064179,0.930846,0,0,0,flat,False,
1775842281.857231,entry_blocked,2690,,,160,,,earnings,buy_over_fair_px_1097_fair_1035.6,,0,,21335.00,0.00,21335.00,21335.00,21335.00,flat,earnings,BUY,160,0.045479,True,1035.5606,1093,1097,1095.0000,4,2.098606,0.045479,0.000000,-8.0000,,,,,,,,,,-23.1583,-23.1583,0.004978,0.063713,0.931309,0,0,0,flat,False,
1775842282.042919,entry_blocked,2690,,,160,,,earnings,buy_over_fair_px_1095_fair_1035.6,,0,,21335.00,0.00,21335.00,21335.00,21335.00,flat,earnings,BUY,160,0.045479,True,1035.5616,1093,1095,1094.0000,2,2.098606,0.045479,0.000000,-8.0000,,,,,,,,,,-23.1592,-23.1592,0.004975,0.063682,0.931343,0,0,0,flat,False,
1775842282.045456,entry_blocked,2690,,,160,,,earnings,buy_over_fair_px_1095_fair_1035.5,,0,,21335.00,0.00,21335.00,21335.00,21335.00,flat,earnings,BUY,160,0.045479,True,1035.5360,1093,1095,1094.0000,2,2.098606,0.045479,0.000000,-8.0000,,,,,,,,,,-23.1362,-23.1362,0.004970,0.064612,0.930417,0,0,0,flat,False,
1775842282.262365,entry_blocked,2690,,,160,,,earnings,buy_over_fair_px_1096_fair_1035.5,,0,,21335.00,0.00,21335.00,21335.00,21335.00,flat,earnings,BUY,160,0.045479,True,1035.5030,1094,1096,1095.0000,2,2.098606,0.045479,0.000000,-8.0000,,,,,,,,,,-23.1066,-23.1066,0.004983,0.065770,0.929248,0,0,0,flat,False,
1775842282.262929,entry_blocked,2690,,,160,,,earnings,buy_over_fair_px_1097_fair_1035.5,,0,,21335.00,0.00,21335.00,21335.00,21335.00,flat,earnings,BUY,160,0.045479,True,1035.5030,1094,1097,1095.5000,3,2.098606,0.045479,0.000000,-8.0000,,,,,,,,,,-23.1066,-23.1066,0.004983,0.065770,0.929248,0,0,0,flat,False,
1775842282.263525,entry_blocked,2690,,,160,,,earnings,buy_over_fair_px_1098_fair_1035.5,,0,,21335.00,0.00,21335.00,21335.00,21335.00,flat,earnings,BUY,160,0.045479,True,1035.5030,1094,1098,1096.0000,4,2.098606,0.045479,0.000000,-8.0000,,,,,,,,,,-23.1066,-23.1066,0.004983,0.065770,0.929248,0,0,0,flat,False,
1775842282.442800,entry_blocked,2690,,,160,,,earnings,buy_over_fair_px_1098_fair_1035.6,,0,,21335.00,0.00,21335.00,21335.00,21335.00,flat,earnings,BUY,160,0.045479,True,1035.5931,1094,1098,1096.0000,4,2.098606,0.045479,0.000000,-8.0000,,,,,,,,,,-23.1875,-23.1875,0.005000,0.062500,0.932500,0,0,0,flat,False,
1775842282.460436,entry_blocked,2690,,,160,,,earnings,buy_over_fair_px_1099_fair_1035.6,,0,,21335.00,0.00,21335.00,21335.00,21335.00,flat,earnings,BUY,160,0.045479,True,1035.6011,1096,1099,1097.5000,3,2.098606,0.045479,0.000000,-8.0000,,,,,,,,,,-23.1947,-23.1947,0.004980,0.062251,0.932769,0,0,0,flat,False,
1775842282.461086,entry_blocked,2690,,,160,,,earnings,buy_over_fair_px_1100_fair_1035.6,,0,,21335.00,0.00,21335.00,21335.00,21335.00,flat,earnings,BUY,160,0.045479,True,1035.6011,1096,1100,1098.0000,4,2.098606,0.045479,0.000000,-8.0000,,,,,,,,,,-23.1947,-23.1947,0.004980,0.062251,0.932769,0,0,0,flat,False,
1775842282.651674,entry_blocked,2690,,,160,,,earnings,buy_over_fair_px_1100_fair_1035.7,,0,,21335.00,0.00,21335.00,21335.00,21335.00,flat,earnings,BUY,160,0.045479,True,1035.7388,1099,1100,1099.5000,1,2.098606,0.045479,0.000000,-8.0000,,,,,,,,,,-23.3184,-23.3184,0.004983,0.057299,0.937718,0,0,0,flat,False,
1775842282.667887,entry_blocked,2690,,,160,,,earnings,buy_over_fair_px_1101_fair_1035.7,,0,,21335.00,0.00,21335.00,21335.00,21335.00,flat,earnings,BUY,160,0.045479,True,1035.7001,1099,1101,1100.0000,2,2.098606,0.045479,0.000000,-8.0000,,,,,,,,,,-23.2836,-23.2836,0.004975,0.058706,0.936318,0,0,0,flat,False,
1775842282.668479,entry_blocked,2690,,,160,,,earnings,buy_over_fair_px_1102_fair_1035.7,,0,,21335.00,0.00,21335.00,21335.00,21335.00,flat,earnings,BUY,160,0.045479,True,1035.7001,1099,1102,1100.5000,3,2.098606,0.045479,0.000000,-8.0000,,,,,,,,,,-23.2836,-23.2836,0.004975,0.058706,0.936318,0,0,0,flat,False,
1775842282.669451,entry_blocked,2690,,,160,,,earnings,buy_over_fair_px_1103_fair_1035.7,,0,,21335.00,0.00,21335.00,21335.00,21335.00,flat,earnings,BUY,160,0.045479,True,1035.7001,1099,1103,1101.0000,4,2.098606,0.045479,0.000000,-8.0000,,,,,,,,,,-23.2836,-23.2836,0.004975,0.058706,0.936318,0,0,0,flat,False,
1775842282.848814,entry_blocked,2690,,,160,,,earnings,buy_over_fair_px_1103_fair_1035.8,,0,,21335.00,0.00,21335.00,21335.00,21335.00,flat,earnings,BUY,160,0.045479,True,1035.8136,1101,1103,1102.0000,2,2.098606,0.045479,0.000000,-8.0000,,,,,,,,,,-23.3855,-23.3855,0.004968,0.054645,0.940387,0,0,0,flat,False,
1775842282.850163,entry_blocked,2690,,,160,,,earnings,buy_over_fair_px_1103_fair_1035.9,,0,,21335.00,0.00,21335.00,21335.00,21335.00,flat,earnings,BUY,160,0.045479,True,1035.8524,1101,1103,1102.0000,2,2.098606,0.045479,0.000000,-8.0000,,,,,,,,,,-23.4204,-23.4204,0.004975,0.053234,0.941791,0,0,0,flat,False,
1775842282.861529,entry_blocked,2690,,,160,,,earnings,buy_over_fair_px_1104_fair_1035.9,,0,,21335.00,0.00,21335.00,21335.00,21335.00,flat,earnings,BUY,160,0.045479,True,1035.8524,1101,1104,1102.5000,3,2.098606,0.045479,0.000000,-8.0000,,,,,,,,,,-23.4204,-23.4204,0.004975,0.053234,0.941791,0,0,0,flat,False,
1775842282.862092,entry_blocked,2690,,,160,,,earnings,buy_over_fair_px_1105_fair_1035.9,,0,,21335.00,0.00,21335.00,21335.00,21335.00,flat,earnings,BUY,160,0.045479,True,1035.8524,1101,1105,1103.0000,4,2.098606,0.045479,0.000000,-8.0000,,,,,,,,,,-23.4204,-23.4204,0.004975,0.053234,0.941791,0,0,0,flat,False,
1775842283.098563,entry_blocked,2690,,,160,,,earnings,buy_over_fair_px_1106_fair_1035.9,,0,,21335.00,0.00,21335.00,21335.00,21335.00,flat,earnings,BUY,160,0.045479,True,1035.8801,1103,1106,1104.5000,3,2.098606,0.045479,0.000000,-8.0000,,,,,,,,,,-23.4453,-23.4453,0.004975,0.052239,0.942786,0,0,0,flat,False,
1775842283.099073,entry_blocked,2690,,,160,,,earnings,buy_over_fair_px_1107_fair_1035.9,,0,,21335.00,0.00,21335.00,21335.00,21335.00,flat,earnings,BUY,160,0.045479,True,1035.8801,1103,1107,1105.0000,4,2.098606,0.045479,0.000000,-8.0000,,,,,,,,,,-23.4453,-23.4453,0.004975,0.052239,0.942786,0,0,0,flat,False,
1775842283.248394,entry_blocked,2690,,,160,,,earnings,buy_over_fair_px_1108_fair_1035.9,,0,,21335.00,0.00,21335.00,21335.00,21335.00,flat,earnings,BUY,160,0.045479,True,1035.8542,1103,1108,1105.5000,5,2.098606,0.045479,0.000000,-8.0000,,,,,,,,,,-23.4220,-23.4220,0.004970,0.053181,0.941849,0,0,0,flat,False,
1775842283.248772,entry_blocked,2690,,,160,,,earnings,buy_over_fair_px_1109_fair_1035.9,,0,,21335.00,0.00,21335.00,21335.00,21335.00,flat,earnings,BUY,160,0.045479,True,1035.8542,1103,1109,1106.0000,6,2.098606,0.045479,0.000000,-8.0000,,,,,,,,,,-23.4220,-23.4220,0.004970,0.053181,0.941849,0,0,0,flat,False,
1775842283.249703,entry_blocked,2690,,,160,,,earnings,buy_over_fair_px_1111_fair_1035.9,,0,,21335.00,0.00,21335.00,21335.00,21335.00,flat,earnings,BUY,160,0.045479,True,1035.8542,1103,1111,1107.0000,8,2.098606,0.045479,0.000000,-8.0000,,,,,,,,,,-23.4220,-23.4220,0.004970,0.053181,0.941849,0,0,0,flat,False,
1775842283.250131,entry_blocked,2690,,,160,,,earnings,buy_over_fair_px_1113_fair_1035.9,,0,,21335.00,0.00,21335.00,21335.00,21335.00,flat,earnings,BUY,160,0.045479,True,1035.8542,1103,1113,1108.0000,10,2.098606,0.045479,0.000000,-8.0000,,,,,,,,,,-23.4220,-23.4220,0.004970,0.053181,0.941849,0,0,0,flat,False,
1775842283.250823,entry_blocked,2690,,,160,,,earnings,buy_over_fair_px_1113_fair_1035.8,,0,,21335.00,0.00,21335.00,21335.00,21335.00,flat,earnings,BUY,160,0.045479,True,1035.8489,1103,1113,1108.0000,10,2.098606,0.045479,0.000000,-8.0000,,,,,,,,,,-23.4172,-23.4172,0.004985,0.053340,0.941675,0,0,0,flat,False,
1775842283.251981,entry_blocked,2690,,,160,,,earnings,buy_over_fair_px_1106_fair_1035.8,,0,,21335.00,0.00,21335.00,21335.00,21335.00,flat,earnings,BUY,160,0.045479,True,1035.8489,1103,1106,1104.5000,3,2.098606,0.045479,0.000000,-8.0000,,,,,,,,,,-23.4172,-23.4172,0.004985,0.053340,0.941675,0,0,0,flat,False,
1775842283.645773,entry_blocked,2690,,,160,,,earnings,buy_over_fair_px_1106_fair_1035.9,,0,,21335.00,0.00,21335.00,21335.00,21335.00,flat,earnings,BUY,160,0.045479,True,1035.8645,1103,1106,1104.5000,3,2.098606,0.045479,0.000000,-8.0000,,,,,,,,,,-23.4313,-23.4313,0.004980,0.052789,0.942231,0,0,0,flat,False,
1775842283.663347,entry_blocked,2690,,,160,,,earnings,buy_over_fair_px_1107_fair_1035.9,,0,,21335.00,0.00,21335.00,21335.00,21335.00,flat,earnings,BUY,160,0.045479,True,1035.9070,1103,1107,1105.0000,4,2.098606,0.045479,0.000000,-8.0000,,,,,,,,,,-23.4694,-23.4694,0.004978,0.051269,0.943753,0,0,0,flat,False,
1775842283.845331,entry_blocked,2690,,,160,,,earnings,buy_over_fair_px_1106_fair_1035.9,,0,,21335.00,0.00,21335.00,21335.00,21335.00,flat,earnings,BUY,160,0.045479,True,1035.9070,1103,1106,1104.5000,3,2.098606,0.045479,0.000000,-8.0000,,,,,,,,,,-23.4694,-23.4694,0.004978,0.051269,0.943753,0,0,0,flat,False,
1775842284.044224,entry_blocked,2690,,,160,,,earnings,buy_over_fair_px_1106_fair_1036.0,,0,,21335.00,0.00,21335.00,21335.00,21335.00,flat,earnings,BUY,160,0.045479,True,1035.9502,1105,1106,1105.5000,1,2.098606,0.045479,0.000000,-8.0000,,,,,,,,,,-23.5082,-23.5082,0.004973,0.049727,0.945301,0,0,0,flat,False,
1775842284.060873,entry_blocked,2690,,,160,,,earnings,buy_over_fair_px_1107_fair_1036.0,,0,,21335.00,0.00,21335.00,21335.00,21335.00,flat,earnings,BUY,160,0.045479,True,1035.9771,1105,1107,1106.0000,2,2.098606,0.045479,0.000000,-8.0000,,,,,,,,,,-23.5323,-23.5323,0.004975,0.048756,0.946269,0,0,0,flat,False,
1775842284.061293,entry_blocked,2690,,,160,,,earnings,buy_over_fair_px_1108_fair_1036.0,,0,,21335.00,0.00,21335.00,21335.00,21335.00,flat,earnings,BUY,160,0.045479,True,1035.9771,1105,1108,1106.5000,3,2.098606,0.045479,0.000000,-8.0000,,,,,,,,,,-23.5323,-23.5323,0.004975,0.048756,0.946269,0,0,0,flat,False,
1775842284.061741,entry_blocked,2690,,,160,,,earnings,buy_over_fair_px_1109_fair_1036.0,,0,,21335.00,0.00,21335.00,21335.00,21335.00,flat,earnings,BUY,160,0.045479,True,1035.9771,1105,1109,1107.0000,4,2.098606,0.045479,0.000000,-8.0000,,,,,,,,,,-23.5323,-23.5323,0.004975,0.048756,0.946269,0,0,0,flat,False,
1775842284.246857,entry_blocked,2690,,,160,,,earnings,buy_over_fair_px_1105_fair_1036.0,,0,,21335.00,0.00,21335.00,21335.00,21335.00,flat,earnings,BUY,160,0.045479,True,1035.9510,1105,1105,1105.0000,0,2.098606,0.045479,0.000000,-8.0000,,,,,,,,,,-23.5089,-23.5089,0.004970,0.049702,0.945328,0,0,0,flat,False,
1775842284.249076,entry_blocked,2690,,,160,,,earnings,buy_over_fair_px_1109_fair_1036.0,,0,,21335.00,0.00,21335.00,21335.00,21335.00,flat,earnings,BUY,160,0.045479,True,1035.9510,1104,1109,1106.5000,5,2.098606,0.045479,0.000000,-8.0000,,,,,,,,,,-23.5089,-23.5089,0.004970,0.049702,0.945328,0,0,0,flat,False,
1775842284.249866,entry_blocked,2690,,,160,,,earnings,buy_over_fair_px_1109_fair_1035.9,,0,,21335.00,0.00,21335.00,21335.00,21335.00,flat,earnings,BUY,160,0.045479,True,1035.9494,1104,1109,1106.5000,5,2.098606,0.045479,0.000000,-8.0000,,,,,,,,,,-23.5075,-23.5075,0.004975,0.049751,0.945274,0,0,0,flat,False,
1775842284.254188,entry_blocked,2690,,,160,,,earnings,buy_over_fair_px_1106_fair_1035.9,,0,,21335.00,0.00,21335.00,21335.00,21335.00,flat,earnings,BUY,160,0.045479,True,1035.9494,1104,1106,1105.0000,2,2.098606,0.045479,0.000000,-8.0000,,,,,,,,,,-23.5075,-23.5075,0.004975,0.049751,0.945274,0,0,0,flat,False,
1775842284.464327,entry_blocked,2690,,,160,,,earnings,buy_over_fair_px_1107_fair_1035.9,,0,,21335.00,0.00,21335.00,21335.00,21335.00,flat,earnings,BUY,160,0.045479,True,1035.8524,1104,1107,1105.5000,3,2.098606,0.045479,0.000000,-8.0000,,,,,,,,,,-23.4204,-23.4204,0.004975,0.053234,0.941791,0,0,0,flat,False,
1775842284.465278,entry_blocked,2690,,,160,,,earnings,buy_over_fair_px_1108_fair_1035.9,,0,,21335.00,0.00,21335.00,21335.00,21335.00,flat,earnings,BUY,160,0.045479,True,1035.8524,1104,1108,1106.0000,4,2.098606,0.045479,0.000000,-8.0000,,,,,,,,,,-23.4204,-23.4204,0.004975,0.053234,0.941791,0,0,0,flat,False,
1775842284.646574,heartbeat,2690,,,,,,,,,0,,21335.00,0.00,21335.00,21335.00,21335.00,flat,earnings,BUY,160,0.045479,True,1035.8524,1104,1108,1106.0000,4,2.098606,0.045479,0.000000,-8.0000,,,,,,,,,,-23.4204,-23.4204,0.004975,0.053234,0.941791,0,0,0,flat,False,
1775842284.649514,entry_blocked,2690,,,160,,,earnings,buy_over_fair_px_1108_fair_1035.8,,0,,21335.00,0.00,21335.00,21335.00,21335.00,flat,earnings,BUY,160,0.045479,True,1035.8136,1104,1108,1106.0000,4,2.098606,0.045479,0.000000,-8.0000,,,,,,,,,,-23.3855,-23.3855,0.004968,0.054645,0.940387,0,0,0,flat,False,
1775842284.654799,entry_blocked,2690,,,160,,,earnings,buy_over_fair_px_1109_fair_1035.8,,0,,21335.00,0.00,21335.00,21335.00,21335.00,flat,earnings,BUY,160,0.045479,True,1035.8082,1104,1109,1106.5000,5,2.098606,0.045479,0.000000,-8.0000,,,,,,,,,,-23.3807,-23.3807,0.004983,0.054808,0.940209,0,0,0,flat,False,
1775842284.669174,entry_blocked,2690,,,160,,,earnings,buy_over_fair_px_1110_fair_1035.8,,0,,21335.00,0.00,21335.00,21335.00,21335.00,flat,earnings,BUY,160,0.045479,True,1035.7693,1107,1110,1108.5000,3,2.098606,0.045479,0.000000,-8.0000,,,,,,,,,,-23.3458,-23.3458,0.004975,0.056219,0.938806,0,0,0,flat,False,
1775842284.670227,entry_blocked,2690,,,160,,,earnings,buy_over_fair_px_1111_fair_1035.8,,0,,21335.00,0.00,21335.00,21335.00,21335.00,flat,earnings,BUY,160,0.045479,True,1035.7693,1107,1111,1109.0000,4,2.098606,0.045479,0.000000,-8.0000,,,,,,,,,,-23.3458,-23.3458,0.004975,0.056219,0.938806,0,0,0,flat,False,
1775842284.670962,entry_blocked,2690,,,160,,,earnings,buy_over_fair_px_1112_fair_1035.8,,0,,21335.00,0.00,21335.00,21335.00,21335.00,flat,earnings,BUY,160,0.045479,True,1035.7693,1107,1112,1109.5000,5,2.098606,0.045479,0.000000,-8.0000,,,,,,,,,,-23.3458,-23.3458,0.004975,0.056219,0.938806,0,0,0,flat,False,
1775842284.848162,entry_blocked,2690,,,160,,,earnings,buy_over_fair_px_1112_fair_1035.7,,0,,21335.00,0.00,21335.00,21335.00,21335.00,flat,earnings,BUY,160,0.045479,True,1035.7240,1107,1112,1109.5000,5,2.098606,0.045479,0.000000,-8.0000,,,,,,,,,,-23.3051,-23.3051,0.004985,0.057827,0.937188,0,0,0,flat,False,
1775842284.863219,entry_blocked,2690,,,160,,,earnings,buy_over_fair_px_1110_fair_1035.7,,0,,21335.00,0.00,21335.00,21335.00,21335.00,flat,earnings,BUY,160,0.045479,True,1035.6853,1107,1110,1108.5000,3,2.098606,0.045479,0.000000,-8.0000,,,,,,,,,,-23.2703,-23.2703,0.004978,0.059233,0.935789,0,0,0,flat,False,
1775842285.046444,entry_blocked,2690,,,160,,,earnings,buy_over_fair_px_1109_fair_1035.7,,0,,21335.00,0.00,21335.00,21335.00,21335.00,flat,earnings,BUY,160,0.045479,True,1035.6685,1106,1109,1107.5000,3,2.098606,0.045479,0.000000,-8.0000,,,,,,,,,,-23.2552,-23.2552,0.004985,0.059821,0.935194,0,0,0,flat,False,
1775842285.050028,entry_blocked,2690,,,160,,,earnings,buy_over_fair_px_1109_fair_1035.6,,0,,21335.00,0.00,21335.00,21335.00,21335.00,flat,earnings,BUY,160,0.045479,True,1035.6298,1106,1109,1107.5000,3,2.098606,0.045479,0.000000,-8.0000,,,,,,,,,,-23.2205,-23.2205,0.004978,0.061224,0.933798,0,0,0,flat,False,
1775842285.253076,entry_blocked,2690,,,160,,,earnings,buy_over_fair_px_1108_fair_1035.6,,0,,21335.00,0.00,21335.00,21335.00,21335.00,flat,earnings,BUY,160,0.045479,True,1035.5606,1105,1108,1106.5000,3,2.098606,0.045479,0.000000,-8.0000,,,,,,,,,,-23.1583,-23.1583,0.004978,0.063713,0.931309,0,0,0,flat,False,
1775842285.256945,entry_blocked,2690,,,160,,,earnings,buy_over_fair_px_1108_fair_1035.5,,0,,21335.00,0.00,21335.00,21335.00,21335.00,flat,earnings,BUY,160,0.045479,True,1035.5477,1105,1108,1106.5000,3,2.098606,0.045479,0.000000,-8.0000,,,,,,,,,,-23.1468,-23.1468,0.004975,0.064179,0.930846,0,0,0,flat,False,
1775842285.464119,entry_blocked,2690,,,160,,,earnings,buy_over_fair_px_1109_fair_1035.5,,0,,21335.00,0.00,21335.00,21335.00,21335.00,flat,earnings,BUY,160,0.045479,True,1035.4508,1106,1109,1107.5000,3,2.098606,0.045479,0.000000,-8.0000,,,,,,,,,,-23.0597,-23.0597,0.004975,0.067662,0.927363,0,0,0,flat,False,
1775842285.464548,entry_blocked,2690,,,160,,,earnings,buy_over_fair_px_1110_fair_1035.5,,0,,21335.00,0.00,21335.00,21335.00,21335.00,flat,earnings,BUY,160,0.045479,True,1035.4508,1106,1110,1108.0000,4,2.098606,0.045479,0.000000,-8.0000,,,,,,,,,,-23.0597,-23.0597,0.004975,0.067662,0.927363,0,0,0,flat,False,
1775842285.643597,entry_blocked,2690,,,160,,,earnings,buy_over_fair_px_1108_fair_1035.5,,0,,21335.00,0.00,21335.00,21335.00,21335.00,flat,earnings,BUY,160,0.045479,True,1035.4519,1106,1108,1107.0000,2,2.098606,0.045479,0.000000,-8.0000,,,,,,,,,,-23.0607,-23.0607,0.004973,0.067628,0.927399,0,0,0,flat,False,
1775842285.846353,entry_blocked,2690,,,160,,,earnings,buy_over_fair_px_1109_fair_1035.5,,0,,21335.00,0.00,21335.00,21335.00,21335.00,flat,earnings,BUY,160,0.045479,True,1035.4647,1104,1109,1106.5000,5,2.098606,0.045479,0.000000,-8.0000,,,,,,,,,,-23.0721,-23.0721,0.004975,0.067164,0.927861,0,0,0,flat,False,
1775842285.864967,entry_blocked,2690,,,160,,,earnings,buy_over_fair_px_1110_fair_1035.5,,0,,21335.00,0.00,21335.00,21335.00,21335.00,flat,earnings,BUY,160,0.045479,True,1035.4923,1107,1110,1108.5000,3,2.098606,0.045479,0.000000,-8.0000,,,,,,,,,,-23.0970,-23.0970,0.004975,0.066169,0.928856,0,0,0,flat,False,
1775842285.865496,entry_blocked,2690,,,160,,,earnings,buy_over_fair_px_1111_fair_1035.5,,0,,21335.00,0.00,21335.00,21335.00,21335.00,flat,earnings,BUY,160,0.045479,True,1035.4923,1107,1111,1109.0000,4,2.098606,0.045479,0.000000,-8.0000,,,,,,,,,,-23.0970,-23.0970,0.004975,0.066169,0.928856,0,0,0,flat,False,
1775842285.866142,entry_blocked,2690,,,160,,,earnings,buy_over_fair_px_1112_fair_1035.5,,0,,21335.00,0.00,21335.00,21335.00,21335.00,flat,earnings,BUY,160,0.045479,True,1035.4923,1107,1112,1109.5000,5,2.098606,0.045479,0.000000,-8.0000,,,,,,,,,,-23.0970,-23.0970,0.004975,0.066169,0.928856,0,0,0,flat,False,
1775842286.043120,entry_blocked,2690,,,160,,,earnings,buy_over_fair_px_1112_fair_1035.4,,0,,21335.00,0.00,21335.00,21335.00,21335.00,flat,earnings,BUY,160,0.045479,True,1035.4158,1107,1112,1109.5000,5,2.098606,0.045479,0.000000,-8.0000,,,,,,,,,,-23.0283,-23.0283,0.004960,0.068948,0.926091,0,0,0,flat,False,
1775842286.046192,entry_blocked,2690,,,160,,,earnings,buy_over_fair_px_1110_fair_1035.4,,0,,21335.00,0.00,21335.00,21335.00,21335.00,flat,earnings,BUY,160,0.045479,True,1035.4158,1107,1110,1108.5000,3,2.098606,0.045479,0.000000,-8.0000,,,,,,,,,,-23.0283,-23.0283,0.004960,0.068948,0.926091,0,0,0,flat,False,
1775842286.247477,entry_blocked,2690,,,160,,,earnings,buy_over_fair_px_1110_fair_1035.2,,0,,21335.00,0.00,21335.00,21335.00,21335.00,flat,earnings,BUY,160,0.045479,True,1035.2183,1106,1110,1108.0000,4,2.098606,0.045479,0.000000,-8.0000,,,,,,,,,,-22.8508,-22.8508,0.007905,0.070158,0.921937,0,0,0,flat,False,
1775842286.250120,entry_blocked,2690,,,160,,,earnings,buy_over_fair_px_1110_fair_1035.1,,0,,21335.00,0.00,21335.00,21335.00,21335.00,flat,earnings,BUY,160,0.045479,True,1035.1321,1106,1110,1108.0000,4,2.098606,0.045479,0.000000,-8.0000,,,,,,,,,,-22.7734,-22.7734,0.007917,0.073231,0.918852,0,0,0,flat,False,
1775842286.252057,entry_blocked,2690,,,160,,,earnings,buy_over_fair_px_1111_fair_1035.1,,0,,21335.00,0.00,21335.00,21335.00,21335.00,flat,earnings,BUY,160,0.045479,True,1035.1321,1106,1111,1108.5000,5,2.098606,0.045479,0.000000,-8.0000,,,,,,,,,,-22.7734,-22.7734,0.007917,0.073231,0.918852,0,0,0,flat,False,
1775842286.265970,entry_blocked,2690,,,160,,,earnings,buy_over_fair_px_1112_fair_1035.1,,0,,21335.00,0.00,21335.00,21335.00,21335.00,flat,earnings,BUY,160,0.045479,True,1035.1086,1109,1112,1110.5000,3,2.098606,0.045479,0.000000,-8.0000,,,,,,,,,,-22.7522,-22.7522,0.007992,0.073926,0.918082,0,0,0,flat,False,
1775842286.266835,entry_blocked,2690,,,160,,,earnings,buy_over_fair_px_1113_fair_1035.1,,0,,21335.00,0.00,21335.00,21335.00,21335.00,flat,earnings,BUY,160,0.045479,True,1035.1086,1109,1113,1111.0000,4,2.098606,0.045479,0.000000,-8.0000,,,,,,,,,,-22.7522,-22.7522,0.007992,0.073926,0.918082,0,0,0,flat,False,
1775842286.267752,entry_blocked,2690,,,160,,,earnings,buy_over_fair_px_1114_fair_1035.1,,0,,21335.00,0.00,21335.00,21335.00,21335.00,flat,earnings,BUY,160,0.045479,True,1035.1086,1109,1114,1111.5000,5,2.098606,0.045479,0.000000,-8.0000,,,,,,,,,,-22.7522,-22.7522,0.007992,0.073926,0.918082,0,0,0,flat,False,
1775842286.444477,entry_blocked,2690,,,160,,,earnings,buy_over_fair_px_1114_fair_1035.2,,0,,21335.00,0.00,21335.00,21335.00,21335.00,flat,earnings,BUY,160,0.045479,True,1035.1618,1109,1114,1111.5000,5,2.098606,0.045479,0.000000,-8.0000,,,,,,,,,,-22.8000,-22.8000,0.007000,0.074000,0.919000,0,0,0,flat,False,
1775842286.445802,entry_blocked,2690,,,160,,,earnings,buy_over_fair_px_1114_fair_1035.1,,0,,21335.00,0.00,21335.00,21335.00,21335.00,flat,earnings,BUY,160,0.045479,True,1035.1111,1109,1114,1111.5000,5,2.098606,0.045479,0.000000,-8.0000,,,,,,,,,,-22.7545,-22.7545,0.006986,0.075848,0.917166,0,0,0,flat,False,
1775842286.447765,entry_blocked,2690,,,160,,,earnings,buy_over_fair_px_1113_fair_1035.1,,0,,21335.00,0.00,21335.00,21335.00,21335.00,flat,earnings,BUY,160,0.045479,True,1035.1148,1109,1113,1111.0000,4,2.098606,0.045479,0.000000,-8.0000,,,,,,,,,,-22.7578,-22.7578,0.006976,0.075735,0.917289,0,0,0,flat,False,
1775842286.654140,entry_blocked,2690,,,160,,,earnings,buy_over_fair_px_1107_fair_1035.1,,0,,21335.00,0.00,21335.00,21335.00,21335.00,flat,earnings,BUY,160,0.045479,True,1035.0645,1109,1107,1108.0000,-2,2.098606,0.045479,0.000000,-8.0000,,,,,,,,,,-22.7126,-22.7126,0.006962,0.077573,0.915465,0,0,0,flat,False,
1775842286.655439,entry_blocked,2690,,,160,,,earnings,buy_over_fair_px_1113_fair_1035.1,,0,,21335.00,0.00,21335.00,21335.00,21335.00,flat,earnings,BUY,160,0.045479,True,1035.0645,1108,1113,1110.5000,5,2.098606,0.045479,0.000000,-8.0000,,,,,,,,,,-22.7126,-22.7126,0.006962,0.077573,0.915465,0,0,0,flat,False,
1775842286.660443,entry_blocked,2690,,,160,,,earnings,buy_over_fair_px_1108_fair_1035.1,,0,,21335.00,0.00,21335.00,21335.00,21335.00,flat,earnings,BUY,160,0.045479,True,1035.0645,1108,1108,1108.0000,0,2.098606,0.045479,0.000000,-8.0000,,,,,,,,,,-22.7126,-22.7126,0.006962,0.077573,0.915465,0,0,0,flat,False,
1775842286.661477,entry_blocked,2690,,,160,,,earnings,buy_over_fair_px_1113_fair_1035.1,,0,,21335.00,0.00,21335.00,21335.00,21335.00,flat,earnings,BUY,160,0.045479,True,1035.0645,1107,1113,1110.0000,6,2.098606,0.045479,0.000000,-8.0000,,,,,,,,,,-22.7126,-22.7126,0.006962,0.077573,0.915465,0,0,0,flat,False,
1775842286.662235,entry_blocked,2690,,,160,,,earnings,buy_over_fair_px_1109_fair_1035.1,,0,,21335.00,0.00,21335.00,21335.00,21335.00,flat,earnings,BUY,160,0.045479,True,1035.0645,1107,1109,1108.0000,2,2.098606,0.045479,0.000000,-8.0000,,,,,,,,,,-22.7126,-22.7126,0.006962,0.077573,0.915465,0,0,0,flat,False,
1775842286.848504,entry_blocked,2690,,,160,,,earnings,buy_over_fair_px_1109_fair_1035.2,,0,,21335.00,0.00,21335.00,21335.00,21335.00,flat,earnings,BUY,160,0.045479,True,1035.1751,1107,1109,1108.0000,2,2.098606,0.045479,0.000000,-8.0000,,,,,,,,,,-22.8120,-22.8120,0.005967,0.075584,0.918449,0,0,0,flat,False,
1775842286.863478,entry_blocked,2690,,,160,,,earnings,buy_over_fair_px_1110_fair_1035.2,,0,,21335.00,0.00,21335.00,21335.00,21335.00,flat,earnings,BUY,160,0.045479,True,1035.2004,1107,1110,1108.5000,3,2.098606,0.045479,0.000000,-8.0000,,,,,,,,,,-22.8347,-22.8347,0.005973,0.074664,0.919363,0,0,0,flat,False,
1775842286.864026,entry_blocked,2690,,,160,,,earnings,buy_over_fair_px_1111_fair_1035.2,,0,,21335.00,0.00,21335.00,21335.00,21335.00,flat,earnings,BUY,160,0.045479,True,1035.2004,1107,1111,1109.0000,4,2.098606,0.045479,0.000000,-8.0000,,,,,,,,,,-22.8347,-22.8347,0.005973,0.074664,0.919363,0,0,0,flat,False,
1775842287.058906,entry_blocked,2690,,,160,,,earnings,buy_over_fair_px_1112_fair_1035.2,,0,,21335.00,0.00,21335.00,21335.00,21335.00,flat,earnings,BUY,160,0.045479,True,1035.2131,1107,1112,1109.5000,5,2.098606,0.045479,0.000000,-8.0000,,,,,,,,,,-22.8461,-22.8461,0.005976,0.074203,0.919821,0,0,0,flat,False,
1775842287.071694,entry_blocked,2690,,,160,,,earnings,buy_over_fair_px_1113_fair_1035.2,,0,,21335.00,0.00,21335.00,21335.00,21335.00,flat,earnings,BUY,160,0.045479,True,1035.2143,1110,1113,1111.5000,3,2.098606,0.045479,0.000000,-8.0000,,,,,,,,,,-22.8472,-22.8472,0.005973,0.074166,0.919861,0,0,0,flat,False,
1775842287.072123,entry_blocked,2690,,,160,,,earnings,buy_over_fair_px_1114_fair_1035.2,,0,,21335.00,0.00,21335.00,21335.00,21335.00,flat,earnings,BUY,160,0.045479,True,1035.2143,1110,1114,1112.0000,4,2.098606,0.045479,0.000000,-8.0000,,,,,,,,,,-22.8472,-22.8472,0.005973,0.074166,0.919861,0,0,0,flat,False,
1775842287.072730,entry_blocked,2690,,,160,,,earnings,buy_over_fair_px_1115_fair_1035.2,,0,,21335.00,0.00,21335.00,21335.00,21335.00,flat,earnings,BUY,160,0.045479,True,1035.2143,1110,1115,1112.5000,5,2.098606,0.045479,0.000000,-8.0000,,,,,,,,,,-22.8472,-22.8472,0.005973,0.074166,0.919861,0,0,0,flat,False,
1775842287.249556,entry_blocked,2690,,,160,,,earnings,buy_over_fair_px_1115_fair_1035.3,,0,,21335.00,0.00,21335.00,21335.00,21335.00,flat,earnings,BUY,160,0.045479,True,1035.2650,1112,1115,1113.5000,3,2.098606,0.045479,0.000000,-8.0000,,,,,,,,,,-22.8928,-22.8928,0.004988,0.074314,0.920698,0,0,0,flat,False,
1775842287.255887,entry_blocked,2690,,,160,,,earnings,buy_over_fair_px_1115_fair_1035.2,,0,,21335.00,0.00,21335.00,21335.00,21335.00,flat,earnings,BUY,160,0.045479,True,1035.2143,1112,1115,1113.5000,3,2.098606,0.045479,0.000000,-8.0000,,,,,,,,,,-22.8472,-22.8472,0.004978,0.076157,0.918865,0,0,0,flat,False,
1775842287.263732,entry_blocked,2690,,,160,,,earnings,buy_over_fair_px_1116_fair_1035.2,,0,,21335.00,0.00,21335.00,21335.00,21335.00,flat,earnings,BUY,160,0.045479,True,1035.2143,1112,1116,1114.0000,4,2.098606,0.045479,0.000000,-8.0000,,,,,,,,,,-22.8472,-22.8472,0.004978,0.076157,0.918865,0,0,0,flat,False,
1775842287.469281,entry_blocked,2690,,,160,,,earnings,buy_over_fair_px_1117_fair_1035.2,,0,,21335.00,0.00,21335.00,21335.00,21335.00,flat,earnings,BUY,160,0.045479,True,1035.2143,1115,1117,1116.0000,2,2.098606,0.045479,0.000000,-8.0000,,,,,,,,,,-22.8472,-22.8472,0.004978,0.076157,0.918865,0,0,0,flat,False,
1775842287.469909,entry_blocked,2690,,,160,,,earnings,buy_over_fair_px_1118_fair_1035.2,,0,,21335.00,0.00,21335.00,21335.00,21335.00,flat,earnings,BUY,160,0.045479,True,1035.2143,1115,1118,1116.5000,3,2.098606,0.045479,0.000000,-8.0000,,,,,,,,,,-22.8472,-22.8472,0.004978,0.076157,0.918865,0,0,0,flat,False,
1775842287.470410,entry_blocked,2690,,,160,,,earnings,buy_over_fair_px_1119_fair_1035.2,,0,,21335.00,0.00,21335.00,21335.00,21335.00,flat,earnings,BUY,160,0.045479,True,1035.2143,1115,1119,1117.0000,4,2.098606,0.045479,0.000000,-8.0000,,,,,,,,,,-22.8472,-22.8472,0.004978,0.076157,0.918865,0,0,0,flat,False,
1775842287.644062,entry_blocked,2690,,,160,,,earnings,buy_over_fair_px_1117_fair_1035.2,,0,,21335.00,0.00,21335.00,21335.00,21335.00,flat,earnings,BUY,160,0.045479,True,1035.2119,1115,1117,1116.0000,2,2.098606,0.045479,0.000000,-8.0000,,,,,,,,,,-22.8450,-22.8450,0.004983,0.076233,0.918784,0,0,0,flat,False,
1775842287.646730,heartbeat,2690,,,,,,,,,0,,21335.00,0.00,21335.00,21335.00,21335.00,flat,earnings,BUY,160,0.045479,True,1035.1866,1115,1117,1116.0000,2,2.098606,0.045479,0.000000,-8.0000,,,,,,,,,,-22.8223,-22.8223,0.004978,0.077153,0.917870,0,0,0,flat,False,
1775842287.842173,entry_blocked,2690,,,160,,,earnings,buy_over_fair_px_1117_fair_1035.1,,0,,21335.00,0.00,21335.00,21335.00,21335.00,flat,earnings,BUY,160,0.045479,True,1035.1361,1113,1117,1115.0000,4,2.098606,0.045479,0.000000,-8.0000,,,,,,,,,,-22.7769,-22.7769,0.004968,0.078987,0.916046,0,0,0,flat,False,
1775842288.046436,entry_blocked,2690,,,160,,,earnings,buy_over_fair_px_1117_fair_1035.0,,0,,21335.00,0.00,21335.00,21335.00,21335.00,flat,earnings,BUY,160,0.045479,True,1035.0143,1114,1117,1115.5000,3,2.098606,0.045479,0.000000,-8.0000,,,,,,,,,,-22.6675,-22.6675,0.004963,0.083375,0.911663,0,0,0,flat,False,
1775842288.048072,entry_blocked,2690,,,160,,,earnings,buy_over_fair_px_1117_fair_1035.1,,0,,21335.00,0.00,21335.00,21335.00,21335.00,flat,earnings,BUY,160,0.045479,True,1035.0896,1114,1117,1115.5000,3,2.098606,0.045479,0.000000,-8.0000,,,,,,,,,,-22.7352,-22.7352,0.004978,0.080637,0.914385,0,0,0,flat,False,
1775842288.049221,entry_blocked,2690,,,160,,,earnings,buy_over_fair_px_1117_fair_1035.0,,0,,21335.00,0.00,21335.00,21335.00,21335.00,flat,earnings,BUY,160,0.045479,True,1035.0394,1114,1117,1115.5000,3,2.098606,0.045479,0.000000,-8.0000,,,,,,,,,,-22.6900,-22.6900,0.004968,0.082464,0.912568,0,0,0,flat,False,
1775842288.067723,entry_blocked,2690,,,160,,,earnings,buy_over_fair_px_1118_fair_1035.0,,0,,21335.00,0.00,21335.00,21335.00,21335.00,flat,earnings,BUY,160,0.045479,True,1035.0330,1114,1118,1116.0000,4,2.098606,0.045479,0.000000,-8.0000,,,,,,,,,,-22.6843,-22.6843,0.004980,0.082669,0.912351,0,0,0,flat,False,
1775842288.243245,entry_blocked,2690,,,160,,,earnings,buy_over_fair_px_1115_fair_1035.0,,0,,21335.00,0.00,21335.00,21335.00,21335.00,flat,earnings,BUY,160,0.045479,True,1034.9789,1114,1115,1114.5000,1,2.098606,0.045479,0.000000,-8.0000,,,,,,,,,,-22.6356,-22.6356,0.004978,0.084619,0.910403,0,0,0,flat,False,
1775842288.245205,entry_blocked,2690,,,160,,,earnings,buy_over_fair_px_1115_fair_1034.9,,0,,21335.00,0.00,21335.00,21335.00,21335.00,flat,earnings,BUY,160,0.045479,True,1034.9248,1114,1115,1114.5000,1,2.098606,0.045479,0.000000,-8.0000,,,,,,,,,,-22.5871,-22.5871,0.004975,0.086567,0.908458,0,0,0,flat,False,
1775842288.447616,entry_blocked,2690,,,160,,,earnings,buy_over_fair_px_1113_fair_1034.9,,0,,21335.00,0.00,21335.00,21335.00,21335.00,flat,earnings,BUY,160,0.045479,True,1034.8833,1111,1113,1112.0000,2,2.098606,0.045479,0.000000,-8.0000,,,,,,,,,,-22.5498,-22.5498,0.004975,0.088060,0.906965,0,0,0,flat,False,
1775842288.646303,entry_blocked,2690,,,160,,,earnings,buy_over_fair_px_1113_fair_1034.8,,0,,21335.00,0.00,21335.00,21335.00,21335.00,flat,earnings,BUY,160,0.045479,True,1034.8280,1109,1113,1111.0000,4,2.098606,0.045479,0.000000,-8.0000,,,,,,,,,,-22.5000,-22.5000,0.005970,0.088060,0.905970,0,0,0,flat,False,
1775842288.849487,entry_blocked,2690,,,160,,,earnings,buy_over_fair_px_1111_fair_1034.8,,0,,21335.00,0.00,21335.00,21335.00,21335.00,flat,earnings,BUY,160,0.045479,True,1034.8280,1109,1111,1110.0000,2,2.098606,0.045479,0.000000,-8.0000,,,,,,,,,,-22.5000,-22.5000,0.005970,0.088060,0.905970,0,0,0,flat,False,
1775842289.048758,entry_blocked,2690,,,160,,,earnings,buy_over_fair_px_1111_fair_1034.9,,0,,21335.00,0.00,21335.00,21335.00,21335.00,flat,earnings,BUY,160,0.045479,True,1034.8556,1107,1111,1109.0000,4,2.098606,0.045479,0.000000,-8.0000,,,,,,,,,,-22.5249,-22.5249,0.005970,0.087065,0.906965,0,0,0,flat,False,
1775842289.061911,entry_blocked,2690,,,160,,,earnings,buy_over_fair_px_1112_fair_1034.9,,0,,21335.00,0.00,21335.00,21335.00,21335.00,flat,earnings,BUY,160,0.045479,True,1034.8556,1108,1112,1110.0000,4,2.098606,0.045479,0.000000,-8.0000,,,,,,,,,,-22.5249,-22.5249,0.005970,0.087065,0.906965,0,0,0,flat,False,
1775842289.246491,entry_blocked,2690,,,160,,,earnings,buy_over_fair_px_1108_fair_1034.9,,0,,21335.00,0.00,21335.00,21335.00,21335.00,flat,earnings,BUY,160,0.045479,True,1034.8556,1108,1108,1108.0000,0,2.098606,0.045479,0.000000,-8.0000,,,,,,,,,,-22.5249,-22.5249,0.005970,0.087065,0.906965,0,0,0,flat,False,
1775842289.248635,entry_blocked,2690,,,160,,,earnings,buy_over_fair_px_1112_fair_1034.9,,0,,21335.00,0.00,21335.00,21335.00,21335.00,flat,earnings,BUY,160,0.045479,True,1034.8556,1107,1112,1109.5000,5,2.098606,0.045479,0.000000,-8.0000,,,,,,,,,,-22.5249,-22.5249,0.005970,0.087065,0.906965,0,0,0,flat,False,
1775842289.257528,entry_blocked,2690,,,160,,,earnings,buy_over_fair_px_1109_fair_1034.9,,0,,21335.00,0.00,21335.00,21335.00,21335.00,flat,earnings,BUY,160,0.045479,True,1034.9499,1107,1109,1108.0000,2,2.098606,0.045479,0.000000,-8.0000,,,,,,,,,,-22.6096,-22.6096,0.004980,0.085657,0.909363,0,0,0,flat,False,
1775842289.441261,entry_blocked,2690,,,160,,,earnings,buy_over_fair_px_1109_fair_1035.0,,0,,21335.00,0.00,21335.00,21335.00,21335.00,flat,earnings,BUY,160,0.045479,True,1034.9538,1104,1109,1106.5000,5,2.098606,0.045479,0.000000,-8.0000,,,,,,,,,,-22.6131,-22.6131,0.004973,0.085530,0.909498,0,0,0,flat,False,
1775842289.444312,entry_blocked,2690,,,160,,,earnings,buy_over_fair_px_1107_fair_1035.0,,0,,21335.00,0.00,21335.00,21335.00,21335.00,flat,earnings,BUY,160,0.045479,True,1034.9914,1104,1107,1105.5000,3,2.098606,0.045479,0.000000,-8.0000,,,,,,,,,,-22.6469,-22.6469,0.004980,0.084163,0.910857,0,0,0,flat,False,
1775842289.644013,entry_blocked,2690,,,160,,,earnings,buy_over_fair_px_1105_fair_1035.0,,0,,21335.00,0.00,21335.00,21335.00,21335.00,flat,earnings,BUY,160,0.045479,True,1034.9914,1103,1105,1104.0000,2,2.098606,0.045479,0.000000,-8.0000,,,,,,,,,,-22.6469,-22.6469,0.004980,0.084163,0.910857,0,0,0,flat,False,
1775842289.851443,entry_blocked,2690,,,160,,,earnings,buy_over_fair_px_1102_fair_1035.0,,0,,21335.00,0.00,21335.00,21335.00,21335.00,flat,earnings,BUY,160,0.045479,True,1034.9710,1101,1102,1101.5000,1,2.098606,0.045479,0.000000,-8.0000,,,,,,,,,,-22.6286,-22.6286,0.004993,0.084873,0.910135,0,0,0,flat,False,
1775842289.852383,entry_blocked,2690,,,160,,,earnings,buy_over_fair_px_1102_fair_1034.9,,0,,21335.00,0.00,21335.00,21335.00,21335.00,flat,earnings,BUY,160,0.045479,True,1034.9181,1101,1102,1101.5000,1,2.098606,0.045479,0.000000,-8.0000,,,,,,,,,,-22.5810,-22.5810,0.005985,0.084788,0.909227,0,0,0,flat,False,
1775842290.045561,entry_blocked,2690,,,160,,,earnings,buy_over_fair_px_1102_fair_1034.8,,0,,21335.00,0.00,21335.00,21335.00,21335.00,flat,earnings,BUY,160,0.045479,True,1034.8390,1098,1102,1100.0000,4,2.098606,0.045479,0.000000,-8.0000,,,,,,,,,,-22.5100,-22.5100,0.005976,0.087649,0.906375,0,0,0,flat,False,
1775842290.063969,entry_blocked,2690,,,160,,,earnings,buy_over_fair_px_1103_fair_1034.8,,0,,21335.00,0.00,21335.00,21335.00,21335.00,flat,earnings,BUY,160,0.045479,True,1034.7851,1101,1103,1102.0000,2,2.098606,0.045479,0.000000,-8.0000,,,,,,,,,,-22.4614,-22.4614,0.006969,0.087606,0.905426,0,0,0,flat,False,
1775842290.064503,entry_blocked,2690,,,160,,,earnings,buy_over_fair_px_1104_fair_1034.8,,0,,21335.00,0.00,21335.00,21335.00,21335.00,flat,earnings,BUY,160,0.045479,True,1034.7851,1101,1104,1102.5000,3,2.098606,0.045479,0.000000,-8.0000,,,,,,,,,,-22.4614,-22.4614,0.006969,0.087606,0.905426,0,0,0,flat,False,
1775842290.064943,entry_blocked,2690,,,160,,,earnings,buy_over_fair_px_1105_fair_1034.8,,0,,21335.00,0.00,21335.00,21335.00,21335.00,flat,earnings,BUY,160,0.045479,True,1034.7851,1101,1105,1103.0000,4,2.098606,0.045479,0.000000,-8.0000,,,,,,,,,,-22.4614,-22.4614,0.006969,0.087606,0.905426,0,0,0,flat,False,
1775842290.266274,entry_blocked,2690,,,160,,,earnings,buy_over_fair_px_1106_fair_1034.8,,0,,21335.00,0.00,21335.00,21335.00,21335.00,flat,earnings,BUY,160,0.045479,True,1034.7836,1103,1106,1104.5000,3,2.098606,0.045479,0.000000,-8.0000,,,,,,,,,,-22.4602,-22.4602,0.005976,0.089641,0.904382,0,0,0,flat,False,
1775842290.267213,entry_blocked,2690,,,160,,,earnings,buy_over_fair_px_1107_fair_1034.8,,0,,21335.00,0.00,21335.00,21335.00,21335.00,flat,earnings,BUY,160,0.045479,True,1034.7836,1103,1107,1105.0000,4,2.098606,0.045479,0.000000,-8.0000,,,,,,,,,,-22.4602,-22.4602,0.005976,0.089641,0.904382,0,0,0,flat,False,
1775842290.445152,entry_blocked,2690,,,160,,,earnings,buy_over_fair_px_1108_fair_1034.8,,0,,21335.00,0.00,21335.00,21335.00,21335.00,flat,earnings,BUY,160,0.045479,True,1034.7836,1103,1108,1105.5000,5,2.098606,0.045479,0.000000,-8.0000,,,,,,,,,,-22.4602,-22.4602,0.005976,0.089641,0.904382,0,0,0,flat,False,
1775842290.449982,entry_blocked,2690,,,160,,,earnings,buy_over_fair_px_1108_fair_1034.7,,0,,21335.00,0.00,21335.00,21335.00,21335.00,flat,earnings,BUY,160,0.045479,True,1034.7449,1103,1108,1105.5000,5,2.098606,0.045479,0.000000,-8.0000,,,,,,,,,,-22.4254,-22.4254,0.005970,0.091045,0.902985,0,0,0,flat,False,
1775842290.462363,entry_blocked,2690,,,160,,,earnings,buy_over_fair_px_1109_fair_1034.7,,0,,21335.00,0.00,21335.00,21335.00,21335.00,flat,earnings,BUY,160,0.045479,True,1034.7449,1106,1109,1107.5000,3,2.098606,0.045479,0.000000,-8.0000,,,,,,,,,,-22.4254,-22.4254,0.005970,0.091045,0.902985,0,0,0,flat,False,
1775842290.462831,entry_blocked,2690,,,160,,,earnings,buy_over_fair_px_1110_fair_1034.7,,0,,21335.00,0.00,21335.00,21335.00,21335.00,flat,earnings,BUY,160,0.045479,True,1034.7449,1106,1110,1108.0000,4,2.098606,0.045479,0.000000,-8.0000,,,,,,,,,,-22.4254,-22.4254,0.005970,0.091045,0.902985,0,0,0,flat,False,
1775842290.463323,entry_blocked,2690,,,160,,,earnings,buy_over_fair_px_1111_fair_1034.7,,0,,21335.00,0.00,21335.00,21335.00,21335.00,flat,earnings,BUY,160,0.045479,True,1034.7449,1106,1111,1108.5000,5,2.098606,0.045479,0.000000,-8.0000,,,,,,,,,,-22.4254,-22.4254,0.005970,0.091045,0.902985,0,0,0,flat,False,
1775842290.646569,entry_blocked,2690,,,160,,,earnings,buy_over_fair_px_1111_fair_1034.8,,0,,21335.00,0.00,21335.00,21335.00,21335.00,flat,earnings,BUY,160,0.045479,True,1034.7947,1106,1111,1108.5000,5,2.098606,0.045479,0.000000,-8.0000,,,,,,,,,,-22.4701,-22.4701,0.004985,0.091226,0.903789,0,0,0,flat,False,
1775842290.647416,heartbeat,2690,,,,,,,,,0,,21335.00,0.00,21335.00,21335.00,21335.00,flat,earnings,BUY,160,0.045479,True,1034.7947,1106,1111,1108.5000,5,2.098606,0.045479,0.000000,-8.0000,,,,,,,,,,-22.4701,-22.4701,0.004985,0.091226,0.903789,0,0,0,flat,False,
1775842290.650559,entry_blocked,2690,,,160,,,earnings,buy_over_fair_px_1109_fair_1034.8,,0,,21335.00,0.00,21335.00,21335.00,21335.00,flat,earnings,BUY,160,0.045479,True,1034.7559,1106,1109,1107.5000,3,2.098606,0.045479,0.000000,-8.0000,,,,,,,,,,-22.4353,-22.4353,0.004980,0.092629,0.902390,0,0,0,flat,False,
1775842290.654521,entry_blocked,2690,,,160,,,earnings,buy_over_fair_px_1109_fair_1034.7,,0,,21335.00,0.00,21335.00,21335.00,21335.00,flat,earnings,BUY,160,0.045479,True,1034.7435,1106,1109,1107.5000,3,2.098606,0.045479,0.000000,-8.0000,,,,,,,,,,-22.4241,-22.4241,0.004978,0.093081,0.901941,0,0,0,flat,False,
1775842290.855073,entry_blocked,2690,,,160,,,earnings,buy_over_fair_px_1108_fair_1034.7,,0,,21335.00,0.00,21335.00,21335.00,21335.00,flat,earnings,BUY,160,0.045479,True,1034.7435,1105,1108,1106.5000,3,2.098606,0.045479,0.000000,-8.0000,,,,,,,,,,-22.4241,-22.4241,0.004978,0.093081,0.901941,0,0,0,flat,False,
1775842291.063493,entry_blocked,2690,,,160,,,earnings,buy_over_fair_px_1109_fair_1034.7,,0,,21335.00,0.00,21335.00,21335.00,21335.00,flat,earnings,BUY,160,0.045479,True,1034.7435,1107,1109,1108.0000,2,2.098606,0.045479,0.000000,-8.0000,,,,,,,,,,-22.4241,-22.4241,0.004978,0.093081,0.901941,0,0,0,flat,False,
1775842291.063964,entry_blocked,2690,,,160,,,earnings,buy_over_fair_px_1110_fair_1034.7,,0,,21335.00,0.00,21335.00,21335.00,21335.00,flat,earnings,BUY,160,0.045479,True,1034.7435,1107,1110,1108.5000,3,2.098606,0.045479,0.000000,-8.0000,,,,,,,,,,-22.4241,-22.4241,0.004978,0.093081,0.901941,0,0,0,flat,False,
1775842291.064393,entry_blocked,2690,,,160,,,earnings,buy_over_fair_px_1111_fair_1034.7,,0,,21335.00,0.00,21335.00,21335.00,21335.00,flat,earnings,BUY,160,0.045479,True,1034.7435,1107,1111,1109.0000,4,2.098606,0.045479,0.000000,-8.0000,,,,,,,,,,-22.4241,-22.4241,0.004978,0.093081,0.901941,0,0,0,flat,False,
1775842291.245509,entry_blocked,2690,,,160,,,earnings,buy_over_fair_px_1111_fair_1034.6,,0,,21335.00,0.00,21335.00,21335.00,21335.00,flat,earnings,BUY,160,0.045479,True,1034.6372,1107,1111,1109.0000,4,2.098606,0.045479,0.000000,-8.0000,,,,,,,,,,-22.3285,-22.3285,0.004970,0.096918,0.898111,0,0,0,flat,False,
1775842291.246365,entry_blocked,2690,,,160,,,earnings,buy_over_fair_px_1108_fair_1034.6,,0,,21335.00,0.00,21335.00,21335.00,21335.00,flat,earnings,BUY,160,0.045479,True,1034.6372,1107,1108,1107.5000,1,2.098606,0.045479,0.000000,-8.0000,,,,,,,,,,-22.3285,-22.3285,0.004970,0.096918,0.898111,0,0,0,flat,False,
1775842291.644215,entry_blocked,2690,,,160,,,earnings,buy_over_fair_px_1108_fair_1034.5,,0,,21335.00,0.00,21335.00,21335.00,21335.00,flat,earnings,BUY,160,0.045479,True,1034.5467,1104,1108,1106.0000,4,2.098606,0.045479,0.000000,-8.0000,,,,,,,,,,-22.2471,-22.2471,0.004983,0.100149,0.894868,0,0,0,flat,False,
1775842291.645610,entry_blocked,2690,,,160,,,earnings,buy_over_fair_px_1106_fair_1034.5,,0,,21335.00,0.00,21335.00,21335.00,21335.00,flat,earnings,BUY,160,0.045479,True,1034.5467,1104,1106,1105.0000,2,2.098606,0.045479,0.000000,-8.0000,,,,,,,,,,-22.2471,-22.2471,0.004983,0.100149,0.894868,0,0,0,flat,False,
1775842291.862960,entry_blocked,2690,,,160,,,earnings,buy_over_fair_px_1107_fair_1034.5,,0,,21335.00,0.00,21335.00,21335.00,21335.00,flat,earnings,BUY,160,0.045479,True,1034.5052,1105,1107,1106.0000,2,2.098606,0.045479,0.000000,-8.0000,,,,,,,,,,-22.2098,-22.2098,0.005979,0.099651,0.894370,0,0,0,flat,False,
1775842291.863606,entry_blocked,2690,,,160,,,earnings,buy_over_fair_px_1108_fair_1034.5,,0,,21335.00,0.00,21335.00,21335.00,21335.00,flat,earnings,BUY,160,0.045479,True,1034.5052,1105,1108,1106.5000,3,2.098606,0.045479,0.000000,-8.0000,,,,,,,,,,-22.2098,-22.2098,0.005979,0.099651,0.894370,0,0,0,flat,False,
1775842291.864199,entry_blocked,2690,,,160,,,earnings,buy_over_fair_px_1109_fair_1034.5,,0,,21335.00,0.00,21335.00,21335.00,21335.00,flat,earnings,BUY,160,0.045479,True,1034.5052,1105,1109,1107.0000,4,2.098606,0.045479,0.000000,-8.0000,,,,,,,,,,-22.2098,-22.2098,0.005979,0.099651,0.894370,0,0,0,flat,False,
1775842292.043351,entry_blocked,2690,,,160,,,earnings,buy_over_fair_px_1109_fair_1034.6,,0,,21335.00,0.00,21335.00,21335.00,21335.00,flat,earnings,BUY,160,0.045479,True,1034.5643,1105,1109,1107.0000,4,2.098606,0.045479,0.000000,-8.0000,,,,,,,,,,-22.2630,-22.2630,0.005865,0.097752,0.896383,0,0,0,flat,False,
1775842292.044434,entry_blocked,2690,,,160,,,earnings,buy_over_fair_px_1109_fair_1034.5,,0,,21335.00,0.00,21335.00,21335.00,21335.00,flat,earnings,BUY,160,0.045479,True,1034.5052,1105,1109,1107.0000,4,2.098606,0.045479,0.000000,-8.0000,,,,,,,,,,-22.2098,-22.2098,0.005979,0.099651,0.894370,0,0,0,flat,False,
1775842292.046753,entry_blocked,2690,,,160,,,earnings,buy_over_fair_px_1109_fair_1034.6,,0,,21335.00,0.00,21335.00,21335.00,21335.00,flat,earnings,BUY,160,0.045479,True,1034.5621,1105,1109,1107.0000,4,2.098606,0.045479,0.000000,-8.0000,,,,,,,,,,-22.2610,-22.2610,0.004980,0.099602,0.895418,0,0,0,flat,False,
1775842292.049717,entry_blocked,2690,,,160,,,earnings,buy_over_fair_px_1109_fair_1035.0,,0,,21335.00,0.00,21335.00,21335.00,21335.00,flat,earnings,BUY,160,0.045479,True,1035.0269,1107,1109,1108.0000,2,2.098606,0.045479,0.000000,-8.0000,,,,,,,,,,-22.6788,-22.6788,0.005074,0.082699,0.912227,0,0,0,flat,False,
1775842292.051778,entry_blocked,2690,,,160,,,earnings,buy_over_fair_px_1109_fair_1035.1,,0,,21335.00,0.00,21335.00,21335.00,21335.00,flat,earnings,BUY,160,0.045479,True,1035.0526,1107,1109,1108.0000,2,2.098606,0.045479,0.000000,-8.0000,,,,,,,,,,-22.7019,-22.7019,0.005079,0.081767,0.913154,0,0,0,flat,False,
1775842292.052684,entry_blocked,2690,,,160,,,earnings,buy_over_fair_px_1109_fair_1034.6,,0,,21335.00,0.00,21335.00,21335.00,21335.00,flat,earnings,BUY,160,0.045479,True,1034.5868,1107,1109,1108.0000,2,2.098606,0.045479,0.000000,-8.0000,,,,,,,,,,-22.2832,-22.2832,0.004985,0.098704,0.896311,0,0,0,flat,False,
1775842292.053310,macro_eval,2748,,,0,,,,below_threshold,score=+0.00 headline=Declining job openings suggest the labor market is cooling meaningfully.,0,,21335.00,0.00,21335.00,21335.00,21335.00,flat,earnings,BUY,160,0.045479,True,1034.5868,1107,1109,1108.0000,2,2.098606,0.045479,0.000000,-8.0000,,,0.0000,0,,+0.047070,unstructured,,,-22.2832,-22.2832,0.004985,0.098704,0.896311,0,0,0,flat,False,"{'timestamp': 2748, 'kind': 'unstructured', 'new_data': {'content': 'Declining job openings suggest the labor market is cooling meaningfully.'}}"
1775842292.053727,news_ignored,2748,,,,,,,weak_macro_news,score=+0.00,0,,21335.00,0.00,21335.00,21335.00,21335.00,flat,earnings,BUY,160,0.045479,True,1034.5868,1107,1109,1108.0000,2,2.098606,0.045479,0.000000,-8.0000,,,0.0000,0,,+0.047070,unstructured,,,-22.2832,-22.2832,0.004985,0.098704,0.896311,0,0,0,flat,False,"{'timestamp': 2748, 'kind': 'unstructured', 'new_data': {'content': 'Declining job openings suggest the labor market is cooling meaningfully.'}}"
1775842292.064087,entry_blocked,2748,,,160,,,earnings,buy_over_fair_px_1110_fair_1034.6,,0,,21335.00,0.00,21335.00,21335.00,21335.00,flat,earnings,BUY,160,0.045479,True,1034.5868,1107,1110,1108.5000,3,2.098606,0.045479,0.000000,-8.0000,,,,,,,,,,-22.2832,-22.2832,0.004985,0.098704,0.896311,0,0,0,flat,False,
1775842292.064601,entry_blocked,2748,,,160,,,earnings,buy_over_fair_px_1111_fair_1034.6,,0,,21335.00,0.00,21335.00,21335.00,21335.00,flat,earnings,BUY,160,0.045479,True,1034.5868,1107,1111,1109.0000,4,2.098606,0.045479,0.000000,-8.0000,,,,,,,,,,-22.2832,-22.2832,0.004985,0.098704,0.896311,0,0,0,flat,False,
1775842292.248295,entry_blocked,2748,,,160,,,earnings,buy_over_fair_px_1111_fair_1034.7,,0,,21335.00,0.00,21335.00,21335.00,21335.00,flat,earnings,BUY,160,0.045479,True,1034.7138,1108,1111,1109.5000,3,2.098606,0.045479,0.000000,-8.0000,,,,,,,,,,-22.3973,-22.3973,0.004776,0.094556,0.900669,0,0,0,flat,False,
1775842292.249684,entry_blocked,2748,,,160,,,earnings,buy_over_fair_px_1111_fair_1035.2,,0,,21335.00,0.00,21335.00,21335.00,21335.00,flat,earnings,BUY,160,0.045479,True,1035.1743,1108,1111,1109.5000,3,2.098606,0.045479,0.000000,-8.0000,,,,,,,,,,-22.8113,-22.8113,0.004864,0.077821,0.917315,0,0,0,flat,False,
1775842292.251011,entry_blocked,2748,,,160,,,earnings,buy_over_fair_px_1111_fair_1035.6,,0,,21335.00,0.00,21335.00,21335.00,21335.00,flat,earnings,BUY,160,0.045479,True,1035.6396,1108,1111,1109.5000,3,2.098606,0.045479,0.000000,-8.0000,,,,,,,,,,-23.2293,-23.2293,0.004953,0.060921,0.934126,0,0,0,flat,False,
1775842292.252792,entry_blocked,2748,,,160,,,earnings,buy_over_fair_px_1111_fair_1035.2,,0,,21335.00,0.00,21335.00,21335.00,21335.00,flat,earnings,BUY,160,0.045479,True,1035.1620,1108,1111,1109.5000,3,2.098606,0.045479,0.000000,-8.0000,,,,,,,,,,-22.8002,-22.8002,0.004861,0.078269,0.916869,0,0,0,flat,False,
1775842292.255970,entry_blocked,2748,,,160,,,earnings,buy_over_fair_px_1111_fair_1035.8,,0,,21335.00,0.00,21335.00,21335.00,21335.00,flat,earnings,BUY,160,0.045479,True,1035.7555,1108,1111,1109.5000,3,2.098606,0.045479,0.000000,-8.0000,,,,,,,,,,-23.3333,-23.3333,0.004975,0.056716,0.938308,0,0,0,flat,False,
1775842292.263819,entry_blocked,2748,,,160,,,earnings,buy_over_fair_px_1112_fair_1035.8,,0,,21335.00,0.00,21335.00,21335.00,21335.00,flat,earnings,BUY,160,0.045479,True,1035.7555,1108,1112,1110.0000,4,2.098606,0.045479,0.000000,-8.0000,,,,,,,,,,-23.3333,-23.3333,0.004975,0.056716,0.938308,0,0,0,flat,False,
1775842292.442808,entry_blocked,2748,,,160,,,earnings,buy_over_fair_px_1112_fair_1035.7,,0,,21335.00,0.00,21335.00,21335.00,21335.00,flat,earnings,BUY,160,0.045479,True,1035.6525,1108,1112,1110.0000,4,2.098606,0.045479,0.000000,-8.0000,,,,,,,,,,-23.2408,-23.2408,0.004955,0.060456,0.934589,0,0,0,flat,False,
1775842292.444279,entry_blocked,2748,,,160,,,earnings,buy_over_fair_px_1112_fair_1035.6,,0,,21335.00,0.00,21335.00,21335.00,21335.00,flat,earnings,BUY,160,0.045479,True,1035.6378,1108,1112,1110.0000,4,2.098606,0.045479,0.000000,-8.0000,,,,,,,,,,-23.2277,-23.2277,0.004993,0.060909,0.934099,0,0,0,flat,False,
1775842292.445425,entry_blocked,2748,,,160,,,earnings,buy_over_fair_px_1108_fair_1035.6,,0,,21335.00,0.00,21335.00,21335.00,21335.00,flat,earnings,BUY,160,0.045479,True,1035.6329,1108,1108,1108.0000,0,2.098606,0.045479,0.000000,-8.0000,,,,,,,,,,-23.2232,-23.2232,0.005005,0.061061,0.933934,0,0,0,flat,False,
1775842292.446672,entry_blocked,2748,,,160,,,earnings,buy_over_fair_px_1112_fair_1035.6,,0,,21335.00,0.00,21335.00,21335.00,21335.00,flat,earnings,BUY,160,0.045479,True,1035.6329,1107,1112,1109.5000,5,2.098606,0.045479,0.000000,-8.0000,,,,,,,,,,-23.2232,-23.2232,0.005005,0.061061,0.933934,0,0,0,flat,False,
1775842292.450141,entry_blocked,2748,,,160,,,earnings,buy_over_fair_px_1109_fair_1035.6,,0,,21335.00,0.00,21335.00,21335.00,21335.00,flat,earnings,BUY,160,0.045479,True,1035.6329,1107,1109,1108.0000,2,2.098606,0.045479,0.000000,-8.0000,,,,,,,,,,-23.2232,-23.2232,0.005005,0.061061,0.933934,0,0,0,flat,False,
1775842292.450874,entry_blocked,2748,,,160,,,earnings,buy_over_fair_px_1109_fair_1035.5,,0,,21335.00,0.00,21335.00,21335.00,21335.00,flat,earnings,BUY,160,0.045479,True,1035.5041,1107,1109,1108.0000,2,2.098606,0.045479,0.000000,-8.0000,,,,,,,,,,-23.1076,-23.1076,0.004980,0.065737,0.929283,0,0,0,flat,False,
1775842292.644655,entry_blocked,2748,,,160,,,earnings,buy_over_fair_px_1109_fair_1035.4,,0,,21335.00,0.00,21335.00,21335.00,21335.00,flat,earnings,BUY,160,0.045479,True,1035.4220,1104,1109,1106.5000,5,2.098606,0.045479,0.000000,-8.0000,,,,,,,,,,-23.0338,-23.0338,0.004978,0.068691,0.926332,0,0,0,flat,False,
1775842292.649351,entry_blocked,2748,,,160,,,earnings,buy_over_fair_px_1108_fair_1035.4,,0,,21335.00,0.00,21335.00,21335.00,21335.00,flat,earnings,BUY,160,0.045479,True,1035.4220,1104,1108,1106.0000,4,2.098606,0.045479,0.000000,-8.0000,,,,,,,,,,-23.0338,-23.0338,0.004978,0.068691,0.926332,0,0,0,flat,False,
1775842292.849790,entry_blocked,2748,,,160,,,earnings,buy_over_fair_px_1107_fair_1035.4,,0,,21335.00,0.00,21335.00,21335.00,21335.00,flat,earnings,BUY,160,0.045479,True,1035.3954,1104,1107,1105.5000,3,2.098606,0.045479,0.000000,-8.0000,,,,,,,,,,-23.0100,-23.0100,0.004975,0.069652,0.925373,0,0,0,flat,False,
1775842293.068867,entry_blocked,2748,,,160,,,earnings,buy_over_fair_px_1108_fair_1035.4,,0,,21335.00,0.00,21335.00,21335.00,21335.00,flat,earnings,BUY,160,0.045479,True,1035.4231,1106,1108,1107.0000,2,2.098606,0.045479,0.000000,-8.0000,,,,,,,,,,-23.0348,-23.0348,0.004975,0.068657,0.926368,0,0,0,flat,False,
1775842293.069716,entry_blocked,2748,,,160,,,earnings,buy_over_fair_px_1109_fair_1035.4,,0,,21335.00,0.00,21335.00,21335.00,21335.00,flat,earnings,BUY,160,0.045479,True,1035.4231,1106,1109,1107.5000,3,2.098606,0.045479,0.000000,-8.0000,,,,,,,,,,-23.0348,-23.0348,0.004975,0.068657,0.926368,0,0,0,flat,False,
1775842293.070276,entry_blocked,2748,,,160,,,earnings,buy_over_fair_px_1110_fair_1035.4,,0,,21335.00,0.00,21335.00,21335.00,21335.00,flat,earnings,BUY,160,0.045479,True,1035.4231,1106,1110,1108.0000,4,2.098606,0.045479,0.000000,-8.0000,,,,,,,,,,-23.0348,-23.0348,0.004975,0.068657,0.926368,0,0,0,flat,False,
1775842293.244293,entry_blocked,2748,,,160,,,earnings,buy_over_fair_px_1110_fair_1035.5,,0,,21335.00,0.00,21335.00,21335.00,21335.00,flat,earnings,BUY,160,0.045479,True,1035.4742,1106,1110,1108.0000,4,2.098606,0.045479,0.000000,-8.0000,,,,,,,,,,-23.0808,-23.0808,0.004985,0.066800,0.928215,0,0,0,flat,False,
1775842293.246259,entry_blocked,2748,,,160,,,earnings,buy_over_fair_px_1108_fair_1035.5,,0,,21335.00,0.00,21335.00,21335.00,21335.00,flat,earnings,BUY,160,0.045479,True,1035.4742,1106,1108,1107.0000,2,2.098606,0.045479,0.000000,-8.0000,,,,,,,,,,-23.0808,-23.0808,0.004985,0.066800,0.928215,0,0,0,flat,False,
1775842293.647590,heartbeat,2748,,,,,,,,,0,,21335.00,0.00,21335.00,21335.00,21335.00,flat,earnings,BUY,160,0.045479,True,1035.5190,1104,1108,1106.0000,4,2.098606,0.045479,0.000000,-8.0000,,,,,,,,,,-23.1210,-23.1210,0.004978,0.065207,0.929816,0,0,0,flat,False,
1775842293.653104,entry_blocked,2748,,,160,,,earnings,buy_over_fair_px_1108_fair_1035.4,,0,,21335.00,0.00,21335.00,21335.00,21335.00,flat,earnings,BUY,160,0.045479,True,1035.4253,1104,1108,1106.0000,4,2.098606,0.045479,0.000000,-8.0000,,,,,,,,,,-23.0368,-23.0368,0.004970,0.068588,0.926441,0,0,0,flat,False,
1775842293.654490,entry_blocked,2748,,,160,,,earnings,buy_over_fair_px_1108_fair_1035.5,,0,,21335.00,0.00,21335.00,21335.00,21335.00,flat,earnings,BUY,160,0.045479,True,1035.5148,1104,1108,1106.0000,4,2.098606,0.045479,0.000000,-8.0000,,,,,,,,,,-23.1172,-23.1172,0.004988,0.065337,0.929676,0,0,0,flat,False,
1775842293.660638,entry_blocked,2748,,,160,,,earnings,buy_over_fair_px_1108_fair_1035.4,,0,,21335.00,0.00,21335.00,21335.00,21335.00,flat,earnings,BUY,160,0.045479,True,1035.4231,1107,1108,1107.5000,1,2.098606,0.045479,0.000000,-8.0000,,,,,,,,,,-23.0348,-23.0348,0.005970,0.066667,0.927363,0,0,0,flat,False,
1775842293.667740,entry_blocked,2748,,,160,,,earnings,buy_over_fair_px_1109_fair_1035.4,,0,,21335.00,0.00,21335.00,21335.00,21335.00,flat,earnings,BUY,160,0.045479,True,1035.4231,1107,1109,1108.0000,2,2.098606,0.045479,0.000000,-8.0000,,,,,,,,,,-23.0348,-23.0348,0.005970,0.066667,0.927363,0,0,0,flat,False,
1775842293.668202,entry_blocked,2748,,,160,,,earnings,buy_over_fair_px_1110_fair_1035.4,,0,,21335.00,0.00,21335.00,21335.00,21335.00,flat,earnings,BUY,160,0.045479,True,1035.4231,1107,1110,1108.5000,3,2.098606,0.045479,0.000000,-8.0000,,,,,,,,,,-23.0348,-23.0348,0.005970,0.066667,0.927363,0,0,0,flat,False,
1775842293.668692,entry_blocked,2748,,,160,,,earnings,buy_over_fair_px_1111_fair_1035.4,,0,,21335.00,0.00,21335.00,21335.00,21335.00,flat,earnings,BUY,160,0.045479,True,1035.4231,1107,1111,1109.0000,4,2.098606,0.045479,0.000000,-8.0000,,,,,,,,,,-23.0348,-23.0348,0.005970,0.066667,0.927363,0,0,0,flat,False,
1775842293.844899,entry_blocked,2748,,,160,,,earnings,buy_over_fair_px_1111_fair_1035.3,,0,,21335.00,0.00,21335.00,21335.00,21335.00,flat,earnings,BUY,160,0.045479,True,1035.3135,1107,1111,1109.0000,4,2.098606,0.045479,0.000000,-8.0000,,,,,,,,,,-22.9364,-22.9364,0.005967,0.070612,0.923421,0,0,0,flat,False,
1775842293.849977,entry_blocked,2748,,,160,,,earnings,buy_over_fair_px_1106_fair_1035.3,,0,,21335.00,0.00,21335.00,21335.00,21335.00,flat,earnings,BUY,160,0.045479,True,1035.3055,1107,1106,1106.5000,-1,2.098606,0.045479,0.000000,-8.0000,,,,,,,,,,-22.9291,-22.9291,0.005988,0.070858,0.923154,0,0,0,flat,False,
1775842293.851679,entry_blocked,2748,,,160,,,earnings,buy_over_fair_px_1111_fair_1035.3,,0,,21335.00,0.00,21335.00,21335.00,21335.00,flat,earnings,BUY,160,0.045479,True,1035.3055,1106,1111,1108.5000,5,2.098606,0.045479,0.000000,-8.0000,,,,,,,,,,-22.9291,-22.9291,0.005988,0.070858,0.923154,0,0,0,flat,False,
1775842293.852749,entry_blocked,2748,,,160,,,earnings,buy_over_fair_px_1111_fair_1035.4,,0,,21335.00,0.00,21335.00,21335.00,21335.00,flat,earnings,BUY,160,0.045479,True,1035.3588,1106,1111,1108.5000,5,2.098606,0.045479,0.000000,-8.0000,,,,,,,,,,-22.9770,-22.9770,0.004995,0.070929,0.924076,0,0,0,flat,False,
1775842293.854620,entry_blocked,2748,,,160,,,earnings,buy_over_fair_px_1111_fair_1035.3,,0,,21335.00,0.00,21335.00,21335.00,21335.00,flat,earnings,BUY,160,0.045479,True,1035.2697,1106,1111,1108.5000,5,2.098606,0.045479,0.000000,-8.0000,,,,,,,,,,-22.8970,-22.8970,0.004978,0.074166,0.920856,0,0,0,flat,False,
1775842293.856480,entry_blocked,2748,,,160,,,earnings,buy_over_fair_px_1107_fair_1035.3,,0,,21335.00,0.00,21335.00,21335.00,21335.00,flat,earnings,BUY,160,0.045479,True,1035.2697,1106,1107,1106.5000,1,2.098606,0.045479,0.000000,-8.0000,,,,,,,,,,-22.8970,-22.8970,0.004978,0.074166,0.920856,0,0,0,flat,False,
1775842294.047953,entry_blocked,2748,,,160,,,earnings,buy_over_fair_px_1107_fair_1035.2,,0,,21335.00,0.00,21335.00,21335.00,21335.00,flat,earnings,BUY,160,0.045479,True,1035.2190,1102,1107,1104.5000,5,2.098606,0.045479,0.000000,-8.0000,,,,,,,,,,-22.8515,-22.8515,0.004968,0.076006,0.919026,0,0,0,flat,False,
1775842294.066002,entry_blocked,2748,,,160,,,earnings,buy_over_fair_px_1108_fair_1035.2,,0,,21335.00,0.00,21335.00,21335.00,21335.00,flat,earnings,BUY,160,0.045479,True,1035.2016,1106,1108,1107.0000,2,2.098606,0.045479,0.000000,-8.0000,,,,,,,,,,-22.8358,-22.8358,0.004975,0.076617,0.918408,0,0,0,flat,False,
1775842294.066514,entry_blocked,2748,,,160,,,earnings,buy_over_fair_px_1109_fair_1035.2,,0,,21335.00,0.00,21335.00,21335.00,21335.00,flat,earnings,BUY,160,0.045479,True,1035.2016,1106,1109,1107.5000,3,2.098606,0.045479,0.000000,-8.0000,,,,,,,,,,-22.8358,-22.8358,0.004975,0.076617,0.918408,0,0,0,flat,False,
1775842294.067301,entry_blocked,2748,,,160,,,earnings,buy_over_fair_px_1110_fair_1035.2,,0,,21335.00,0.00,21335.00,21335.00,21335.00,flat,earnings,BUY,160,0.045479,True,1035.2016,1106,1110,1108.0000,4,2.098606,0.045479,0.000000,-8.0000,,,,,,,,,,-22.8358,-22.8358,0.004975,0.076617,0.918408,0,0,0,flat,False,
1775842294.068387,entry_blocked,2748,,,160,,,earnings,buy_over_fair_px_1111_fair_1035.2,,0,,21335.00,0.00,21335.00,21335.00,21335.00,flat,earnings,BUY,160,0.045479,True,1035.2016,1106,1111,1108.5000,5,2.098606,0.045479,0.000000,-8.0000,,,,,,,,,,-22.8358,-22.8358,0.004975,0.076617,0.918408,0,0,0,flat,False,
1775842294.071312,news_ignored,2758,,,,,,,non_C_earnings,,0,,21335.00,0.00,21335.00,21335.00,21335.00,flat,earnings,BUY,160,0.045479,True,1035.2016,1106,1111,1108.5000,5,2.098606,0.045479,0.000000,-8.0000,,,,,,,structured,earnings,A,-22.8358,-22.8358,0.004975,0.076617,0.918408,0,0,0,flat,False,"{'timestamp': 2758, 'kind': 'structured', 'new_data': {'value': 0.5751970701635198, 'asset': 'A', 'structured_subtype': 'earnings'}}"
1775842294.249252,entry_blocked,2758,,,160,,,earnings,buy_over_fair_px_1115_fair_1035.2,,0,,21335.00,0.00,21335.00,21335.00,21335.00,flat,earnings,BUY,160,0.045479,True,1035.2016,1114,1115,1114.5000,1,2.098606,0.045479,0.000000,-8.0000,,,,,,,,,,-22.8358,-22.8358,0.004975,0.076617,0.918408,0,0,0,flat,False,
1775842294.253791,entry_blocked,2758,,,160,,,earnings,buy_over_fair_px_1106_fair_1035.2,,0,,21335.00,0.00,21335.00,21335.00,21335.00,flat,earnings,BUY,160,0.045479,True,1035.2016,1106,1106,1106.0000,0,2.098606,0.045479,0.000000,-8.0000,,,,,,,,,,-22.8358,-22.8358,0.004975,0.076617,0.918408,0,0,0,flat,False,
1775842294.255440,entry_blocked,2758,,,160,,,earnings,buy_over_fair_px_1115_fair_1035.2,,0,,21335.00,0.00,21335.00,21335.00,21335.00,flat,earnings,BUY,160,0.045479,True,1035.2016,1106,1115,1110.5000,9,2.098606,0.045479,0.000000,-8.0000,,,,,,,,,,-22.8358,-22.8358,0.004975,0.076617,0.918408,0,0,0,flat,False,
1775842294.260261,entry_blocked,2758,,,160,,,earnings,buy_over_fair_px_1115_fair_1035.1,,0,,21335.00,0.00,21335.00,21335.00,21335.00,flat,earnings,BUY,160,0.045479,True,1035.1022,1106,1115,1110.5000,9,2.098606,0.045479,0.000000,-8.0000,,,,,,,,,,-22.7465,-22.7465,0.004980,0.080179,0.914841,0,0,0,flat,False,
1775842294.263103,entry_blocked,2758,,,160,,,earnings,buy_over_fair_px_1107_fair_1035.1,,0,,21335.00,0.00,21335.00,21335.00,21335.00,flat,earnings,BUY,160,0.045479,True,1035.1022,1106,1107,1106.5000,1,2.098606,0.045479,0.000000,-8.0000,,,,,,,,,,-22.7465,-22.7465,0.004980,0.080179,0.914841,0,0,0,flat,False,
1775842294.448275,entry_blocked,2758,,,160,,,earnings,buy_over_fair_px_1106_fair_1035.1,,0,,21335.00,0.00,21335.00,21335.00,21335.00,flat,earnings,BUY,160,0.045479,True,1035.0695,1102,1106,1104.0000,4,2.098606,0.045479,0.000000,-8.0000,,,,,,,,,,-22.7171,-22.7171,0.004990,0.081337,0.913673,0,0,0,flat,False,
1775842294.454126,entry_blocked,2758,,,160,,,earnings,buy_over_fair_px_1106_fair_1035.0,,0,,21335.00,0.00,21335.00,21335.00,21335.00,flat,earnings,BUY,160,0.045479,True,1035.0165,1102,1106,1104.0000,4,2.098606,0.045479,0.000000,-8.0000,,,,,,,,,,-22.6695,-22.6695,0.005982,0.081256,0.912762,0,0,0,flat,False,
1775842294.659057,entry_blocked,2758,,,160,,,earnings,buy_over_fair_px_1106_fair_1034.9,,0,,21335.00,0.00,21335.00,21335.00,21335.00,flat,earnings,BUY,160,0.045479,True,1034.9400,1102,1106,1104.0000,4,2.098606,0.045479,0.000000,-8.0000,,,,,,,,,,-22.6007,-22.6007,0.005967,0.084038,0.909995,0,0,0,flat,False,
1775842294.664616,entry_blocked,2758,,,160,,,earnings,buy_over_fair_px_1104_fair_1034.9,,0,,21335.00,0.00,21335.00,21335.00,21335.00,flat,earnings,BUY,160,0.045479,True,1034.9387,1102,1104,1103.0000,2,2.098606,0.045479,0.000000,-8.0000,,,,,,,,,,-22.5995,-22.5995,0.005970,0.084080,0.909950,0,0,0,flat,False,
1775842294.851074,entry_blocked,2758,,,160,,,earnings,buy_over_fair_px_1104_fair_1035.0,,0,,21335.00,0.00,21335.00,21335.00,21335.00,flat,earnings,BUY,160,0.045479,True,1035.0330,1103,1104,1103.5000,1,2.098606,0.045479,0.000000,-8.0000,,,,,,,,,,-22.6843,-22.6843,0.005976,0.080677,0.913347,0,0,0,flat,False,
1775842294.865361,entry_blocked,2758,,,160,,,earnings,buy_over_fair_px_1105_fair_1035.0,,0,,21335.00,0.00,21335.00,21335.00,21335.00,flat,earnings,BUY,160,0.045479,True,1034.9802,1103,1105,1104.0000,2,2.098606,0.045479,0.000000,-8.0000,,,,,,,,,,-22.6368,-22.6368,0.006965,0.080597,0.912438,0,0,0,flat,False,
1775842294.866009,entry_blocked,2758,,,160,,,earnings,buy_over_fair_px_1106_fair_1035.0,,0,,21335.00,0.00,21335.00,21335.00,21335.00,flat,earnings,BUY,160,0.045479,True,1034.9802,1103,1106,1104.5000,3,2.098606,0.045479,0.000000,-8.0000,,,,,,,,,,-22.6368,-22.6368,0.006965,0.080597,0.912438,0,0,0,flat,False,
1775842294.866733,entry_blocked,2758,,,160,,,earnings,buy_over_fair_px_1107_fair_1035.0,,0,,21335.00,0.00,21335.00,21335.00,21335.00,flat,earnings,BUY,160,0.045479,True,1034.9802,1103,1107,1105.0000,4,2.098606,0.045479,0.000000,-8.0000,,,,,,,,,,-22.6368,-22.6368,0.006965,0.080597,0.912438,0,0,0,flat,False,
1775842295.048013,entry_blocked,2758,,,160,,,earnings,buy_over_fair_px_1107_fair_1035.1,,0,,21335.00,0.00,21335.00,21335.00,21335.00,flat,earnings,BUY,160,0.045479,True,1035.1389,1103,1107,1105.0000,4,2.098606,0.045479,0.000000,-8.0000,,,,,,,,,,-22.7794,-22.7794,0.006986,0.074850,0.918164,0,0,0,flat,False,
1775842295.052153,entry_blocked,2758,,,160,,,earnings,buy_over_fair_px_1107_fair_1035.2,,0,,21335.00,0.00,21335.00,21335.00,21335.00,flat,earnings,BUY,160,0.045479,True,1035.1944,1103,1107,1105.0000,4,2.098606,0.045479,0.000000,-8.0000,,,,,,,,,,-22.8293,-22.8293,0.004990,0.076846,0.918164,0,0,0,flat,False,
1775842295.253851,entry_blocked,2758,,,160,,,earnings,buy_over_fair_px_1107_fair_1035.3,,0,,21335.00,0.00,21335.00,21335.00,21335.00,flat,earnings,BUY,160,0.045479,True,1035.2546,1104,1107,1105.5000,3,2.098606,0.045479,0.000000,-8.0000,,,,,,,,,,-22.8835,-22.8835,0.004980,0.074701,0.920319,0,0,0,flat,False,
1775842295.265207,entry_blocked,2758,,,160,,,earnings,buy_over_fair_px_1108_fair_1035.3,,0,,21335.00,0.00,21335.00,21335.00,21335.00,flat,earnings,BUY,160,0.045479,True,1035.2546,1104,1108,1106.0000,4,2.098606,0.045479,0.000000,-8.0000,,,,,,,,,,-22.8835,-22.8835,0.004980,0.074701,0.920319,0,0,0,flat,False,
1775842295.443532,entry_blocked,2758,,,160,,,earnings,buy_over_fair_px_1109_fair_1035.3,,0,,21335.00,0.00,21335.00,21335.00,21335.00,flat,earnings,BUY,160,0.045479,True,1035.2546,1104,1109,1106.5000,5,2.098606,0.045479,0.000000,-8.0000,,,,,,,,,,-22.8835,-22.8835,0.004980,0.074701,0.920319,0,0,0,flat,False,
1775842295.444472,entry_blocked,2758,,,160,,,earnings,buy_over_fair_px_1109_fair_1035.2,,0,,21335.00,0.00,21335.00,21335.00,21335.00,flat,earnings,BUY,160,0.045479,True,1035.2420,1104,1109,1106.5000,5,2.098606,0.045479,0.000000,-8.0000,,,,,,,,,,-22.8721,-22.8721,0.004978,0.075162,0.919861,0,0,0,flat,False,
1775842295.461496,entry_blocked,2758,,,160,,,earnings,buy_over_fair_px_1110_fair_1035.2,,0,,21335.00,0.00,21335.00,21335.00,21335.00,flat,earnings,BUY,160,0.045479,True,1035.2408,1107,1110,1108.5000,3,2.098606,0.045479,0.000000,-8.0000,,,,,,,,,,-22.8710,-22.8710,0.004980,0.075199,0.919821,0,0,0,flat,False,
1775842295.462111,entry_blocked,2758,,,160,,,earnings,buy_over_fair_px_1111_fair_1035.2,,0,,21335.00,0.00,21335.00,21335.00,21335.00,flat,earnings,BUY,160,0.045479,True,1035.2408,1107,1111,1109.0000,4,2.098606,0.045479,0.000000,-8.0000,,,,,,,,,,-22.8710,-22.8710,0.004980,0.075199,0.919821,0,0,0,flat,False,
1775842295.462632,entry_blocked,2758,,,160,,,earnings,buy_over_fair_px_1112_fair_1035.2,,0,,21335.00,0.00,21335.00,21335.00,21335.00,flat,earnings,BUY,160,0.045479,True,1035.2408,1107,1112,1109.5000,5,2.098606,0.045479,0.000000,-8.0000,,,,,,,,,,-22.8710,-22.8710,0.004980,0.075199,0.919821,0,0,0,flat,False,
1775842295.648324,entry_blocked,2758,,,160,,,earnings,buy_over_fair_px_1109_fair_1035.2,,0,,21335.00,0.00,21335.00,21335.00,21335.00,flat,earnings,BUY,160,0.045479,True,1035.2396,1107,1109,1108.0000,2,2.098606,0.045479,0.000000,-8.0000,,,,,,,,,,-22.8700,-22.8700,0.004983,0.075237,0.919781,0,0,0,flat,False,
1775842295.850755,entry_blocked,2758,,,160,,,earnings,buy_over_fair_px_1109_fair_1035.1,,0,,21335.00,0.00,21335.00,21335.00,21335.00,flat,earnings,BUY,160,0.045479,True,1035.1324,1106,1109,1107.5000,3,2.098606,0.045479,0.000000,-8.0000,,,,,,,,,,-22.7736,-22.7736,0.005970,0.077114,0.916915,0,0,0,flat,False,
1775842295.863952,entry_blocked,2758,,,160,,,earnings,buy_over_fair_px_1110_fair_1035.1,,0,,21335.00,0.00,21335.00,21335.00,21335.00,flat,earnings,BUY,160,0.045479,True,1035.1324,1106,1110,1108.0000,4,2.098606,0.045479,0.000000,-8.0000,,,,,,,,,,-22.7736,-22.7736,0.005970,0.077114,0.916915,0,0,0,flat,False,
1775842296.076278,entry_blocked,2758,,,160,,,earnings,buy_over_fair_px_1109_fair_1035.1,,0,,21335.00,0.00,21335.00,21335.00,21335.00,flat,earnings,BUY,160,0.045479,True,1035.1324,1106,1109,1107.5000,3,2.098606,0.045479,0.000000,-8.0000,,,,,,,,,,-22.7736,-22.7736,0.005970,0.077114,0.916915,0,0,0,flat,False,
1775842296.249481,entry_blocked,2758,,,160,,,earnings,buy_over_fair_px_1109_fair_1035.0,,0,,21335.00,0.00,21335.00,21335.00,21335.00,flat,earnings,BUY,160,0.045479,True,1034.9802,1107,1109,1108.0000,2,2.098606,0.045479,0.000000,-8.0000,,,,,,,,,,-22.6368,-22.6368,0.007960,0.078607,0.913433,0,0,0,flat,False,
1775842296.260435,entry_blocked,2758,,,160,,,earnings,buy_over_fair_px_1110_fair_1035.0,,0,,21335.00,0.00,21335.00,21335.00,21335.00,flat,earnings,BUY,160,0.045479,True,1034.9802,1107,1110,1108.5000,3,2.098606,0.045479,0.000000,-8.0000,,,,,,,,,,-22.6368,-22.6368,0.007960,0.078607,0.913433,0,0,0,flat,False,
1775842296.261210,entry_blocked,2758,,,160,,,earnings,buy_over_fair_px_1111_fair_1035.0,,0,,21335.00,0.00,21335.00,21335.00,21335.00,flat,earnings,BUY,160,0.045479,True,1034.9802,1107,1111,1109.0000,4,2.098606,0.045479,0.000000,-8.0000,,,,,,,,,,-22.6368,-22.6368,0.007960,0.078607,0.913433,0,0,0,flat,False,
1775842296.447586,entry_blocked,2758,,,160,,,earnings,buy_over_fair_px_1111_fair_1035.1,,0,,21335.00,0.00,21335.00,21335.00,21335.00,flat,earnings,BUY,160,0.045479,True,1035.0871,1107,1111,1109.0000,4,2.098606,0.045479,0.000000,-8.0000,,,,,,,,,,-22.7329,-22.7329,0.005979,0.078724,0.915296,0,0,0,flat,False,
1775842296.451565,entry_blocked,2758,,,160,,,earnings,buy_over_fair_px_1109_fair_1035.1,,0,,21335.00,0.00,21335.00,21335.00,21335.00,flat,earnings,BUY,160,0.045479,True,1035.0745,1107,1109,1108.0000,2,2.098606,0.045479,0.000000,-8.0000,,,,,,,,,,-22.7216,-22.7216,0.005976,0.079183,0.914841,0,0,0,flat,False,
1775842296.645014,entry_blocked,2758,,,160,,,earnings,buy_over_fair_px_1109_fair_1035.0,,0,,21335.00,0.00,21335.00,21335.00,21335.00,flat,earnings,BUY,160,0.045479,True,1035.0117,1105,1109,1107.0000,4,2.098606,0.045479,0.000000,-8.0000,,,,,,,,,,-22.6652,-22.6652,0.005961,0.081470,0.912568,0,0,0,flat,False,
1775842296.648496,heartbeat,2758,,,,,,,,,0,,21335.00,0.00,21335.00,21335.00,21335.00,flat,earnings,BUY,160,0.045479,True,1035.0066,1105,1109,1107.0000,4,2.098606,0.045479,0.000000,-8.0000,,,,,,,,,,-22.6605,-22.6605,0.005973,0.081633,0.912394,0,0,0,flat,False,
1775842296.845006,entry_blocked,2758,,,160,,,earnings,buy_over_fair_px_1108_fair_1035.0,,0,,21335.00,0.00,21335.00,21335.00,21335.00,flat,earnings,BUY,160,0.045479,True,1035.0468,1105,1108,1106.5000,3,2.098606,0.045479,0.000000,-8.0000,,,,,,,,,,-22.6967,-22.6967,0.004980,0.082171,0.912849,0,0,0,flat,False,
1775842297.064490,entry_blocked,2758,,,160,,,earnings,buy_over_fair_px_1109_fair_1035.0,,0,,21335.00,0.00,21335.00,21335.00,21335.00,flat,earnings,BUY,160,0.045479,True,1034.9789,1105,1109,1107.0000,4,2.098606,0.045479,0.000000,-8.0000,,,,,,,,,,-22.6356,-22.6356,0.004978,0.084619,0.910403,0,0,0,flat,False,
1775842297.249358,entry_blocked,2758,,,160,,,earnings,buy_over_fair_px_1109_fair_1034.9,,0,,21335.00,0.00,21335.00,21335.00,21335.00,flat,earnings,BUY,160,0.045479,True,1034.9373,1105,1109,1107.0000,4,2.098606,0.045479,0.000000,-8.0000,,,,,,,,,,-22.5983,-22.5983,0.004978,0.086112,0.908910,0,0,0,flat,False,
1775842297.463979,entry_blocked,2758,,,160,,,earnings,buy_over_fair_px_1110_fair_1034.9,,0,,21335.00,0.00,21335.00,21335.00,21335.00,flat,earnings,BUY,160,0.045479,True,1034.8695,1106,1110,1108.0000,4,2.098606,0.045479,0.000000,-8.0000,,,,,,,,,,-22.5373,-22.5373,0.004975,0.088557,0.906468,0,0,0,flat,False,
1775842297.645685,entry_blocked,2758,,,160,,,earnings,buy_over_fair_px_1109_fair_1034.9,,0,,21335.00,0.00,21335.00,21335.00,21335.00,flat,earnings,BUY,160,0.045479,True,1034.8763,1106,1109,1107.5000,3,2.098606,0.045479,0.000000,-8.0000,,,,,,,,,,-22.5434,-22.5434,0.004963,0.088337,0.906700,0,0,0,flat,False,
1775842297.850706,entry_blocked,2758,,,160,,,earnings,buy_over_fair_px_1107_fair_1034.9,,0,,21335.00,0.00,21335.00,21335.00,21335.00,flat,earnings,BUY,160,0.045479,True,1034.9110,1105,1107,1106.0000,2,2.098606,0.045479,0.000000,-8.0000,,,,,,,,,,-22.5746,-22.5746,0.004975,0.087065,0.907960,0,0,0,flat,False,
1775842298.048741,entry_blocked,2758,,,160,,,earnings,buy_over_fair_px_1107_fair_1034.8,,0,,21335.00,0.00,21335.00,21335.00,21335.00,flat,earnings,BUY,160,0.045479,True,1034.8362,1103,1107,1105.0000,4,2.098606,0.045479,0.000000,-8.0000,,,,,,,,,,-22.5074,-22.5074,0.004960,0.089782,0.905258,0,0,0,flat,False,
1775842298.050056,entry_blocked,2758,,,160,,,earnings,buy_over_fair_px_1107_fair_1034.9,,0,,21335.00,0.00,21335.00,21335.00,21335.00,flat,earnings,BUY,160,0.045479,True,1034.9110,1103,1107,1105.0000,4,2.098606,0.045479,0.000000,-8.0000,,,,,,,,,,-22.5746,-22.5746,0.004975,0.087065,0.907960,0,0,0,flat,False,
1775842298.052723,entry_blocked,2758,,,160,,,earnings,buy_over_fair_px_1107_fair_1034.8,,0,,21335.00,0.00,21335.00,21335.00,21335.00,flat,earnings,BUY,160,0.045479,True,1034.8238,1103,1107,1105.0000,4,2.098606,0.045479,0.000000,-8.0000,,,,,,,,,,-22.4963,-22.4963,0.004958,0.090233,0.904809,0,0,0,flat,False,
1775842298.056820,entry_blocked,2758,,,160,,,earnings,buy_over_fair_px_1103_fair_1034.8,,0,,21335.00,0.00,21335.00,21335.00,21335.00,flat,earnings,BUY,160,0.045479,True,1034.8238,1103,1103,1103.0000,0,2.098606,0.045479,0.000000,-8.0000,,,,,,,,,,-22.4963,-22.4963,0.004958,0.090233,0.904809,0,0,0,flat,False,
1775842298.058223,entry_blocked,2758,,,160,,,earnings,buy_over_fair_px_1107_fair_1034.8,,0,,21335.00,0.00,21335.00,21335.00,21335.00,flat,earnings,BUY,160,0.045479,True,1034.8238,1102,1107,1104.5000,5,2.098606,0.045479,0.000000,-8.0000,,,,,,,,,,-22.4963,-22.4963,0.004958,0.090233,0.904809,0,0,0,flat,False,
1775842298.059995,entry_blocked,2758,,,160,,,earnings,buy_over_fair_px_1104_fair_1034.8,,0,,21335.00,0.00,21335.00,21335.00,21335.00,flat,earnings,BUY,160,0.045479,True,1034.8238,1102,1104,1103.0000,2,2.098606,0.045479,0.000000,-8.0000,,,,,,,,,,-22.4963,-22.4963,0.004958,0.090233,0.904809,0,0,0,flat,False,
1775842298.253852,entry_blocked,2758,,,160,,,earnings,buy_over_fair_px_1104_fair_1034.7,,0,,21335.00,0.00,21335.00,21335.00,21335.00,flat,earnings,BUY,160,0.045479,True,1034.6555,1103,1104,1103.5000,1,2.098606,0.045479,0.000000,-8.0000,,,,,,,,,,-22.3449,-22.3449,0.004963,0.096278,0.898759,0,0,0,flat,False,
1775842298.254833,entry_blocked,2758,,,160,,,earnings,buy_over_fair_px_1104_fair_1034.8,,0,,21335.00,0.00,21335.00,21335.00,21335.00,flat,earnings,BUY,160,0.045479,True,1034.8044,1103,1104,1103.5000,1,2.098606,0.045479,0.000000,-8.0000,,,,,,,,,,-22.4788,-22.4788,0.004993,0.090864,0.904144,0,0,0,flat,False,
1775842298.255482,entry_blocked,2758,,,160,,,earnings,buy_over_fair_px_1104_fair_1034.7,,0,,21335.00,0.00,21335.00,21335.00,21335.00,flat,earnings,BUY,160,0.045479,True,1034.7297,1103,1104,1103.5000,1,2.098606,0.045479,0.000000,-8.0000,,,,,,,,,,-22.4116,-22.4116,0.004978,0.093579,0.901444,0,0,0,flat,False,
1775842298.258352,entry_blocked,2758,,,160,,,earnings,buy_over_fair_px_1104_fair_1034.5,,0,,21335.00,0.00,21335.00,21335.00,21335.00,flat,earnings,BUY,160,0.045479,True,1034.4545,1103,1104,1103.5000,1,2.098606,0.045479,0.000000,-8.0000,,,,,,,,,,-22.1642,-22.1642,0.005970,0.101493,0.892537,0,0,0,flat,False,
1775842298.263846,entry_blocked,2758,,,160,,,earnings,buy_over_fair_px_1105_fair_1034.5,,0,,21335.00,0.00,21335.00,21335.00,21335.00,flat,earnings,BUY,160,0.045479,True,1034.4545,1103,1105,1104.0000,2,2.098606,0.045479,0.000000,-8.0000,,,,,,,,,,-22.1642,-22.1642,0.005970,0.101493,0.892537,0,0,0,flat,False,
1775842298.264552,entry_blocked,2758,,,160,,,earnings,buy_over_fair_px_1106_fair_1034.5,,0,,21335.00,0.00,21335.00,21335.00,21335.00,flat,earnings,BUY,160,0.045479,True,1034.4545,1103,1106,1104.5000,3,2.098606,0.045479,0.000000,-8.0000,,,,,,,,,,-22.1642,-22.1642,0.005970,0.101493,0.892537,0,0,0,flat,False,
1775842298.265229,entry_blocked,2758,,,160,,,earnings,buy_over_fair_px_1107_fair_1034.5,,0,,21335.00,0.00,21335.00,21335.00,21335.00,flat,earnings,BUY,160,0.045479,True,1034.4545,1103,1107,1105.0000,4,2.098606,0.045479,0.000000,-8.0000,,,,,,,,,,-22.1642,-22.1642,0.005970,0.101493,0.892537,0,0,0,flat,False,
1775842298.446818,entry_blocked,2758,,,160,,,earnings,buy_over_fair_px_1107_fair_1034.4,,0,,21335.00,0.00,21335.00,21335.00,21335.00,flat,earnings,BUY,160,0.045479,True,1034.4300,1103,1107,1105.0000,4,2.098606,0.045479,0.000000,-8.0000,,,,,,,,,,-22.1421,-22.1421,0.005964,0.102386,0.891650,0,0,0,flat,False,
1775842298.448030,entry_blocked,2758,,,160,,,earnings,buy_over_fair_px_1107_fair_1034.5,,0,,21335.00,0.00,21335.00,21335.00,21335.00,flat,earnings,BUY,160,0.045479,True,1034.4545,1103,1107,1105.0000,4,2.098606,0.045479,0.000000,-8.0000,,,,,,,,,,-22.1642,-22.1642,0.005970,0.101493,0.892537,0,0,0,flat,False,
1775842298.449110,entry_blocked,2758,,,160,,,earnings,buy_over_fair_px_1107_fair_1034.3,,0,,21335.00,0.00,21335.00,21335.00,21335.00,flat,earnings,BUY,160,0.045479,True,1034.3082,1103,1107,1105.0000,4,2.098606,0.045479,0.000000,-8.0000,,,,,,,,,,-22.0326,-22.0326,0.005935,0.106825,0.887240,0,0,0,flat,False,
1775842298.456647,entry_blocked,2758,,,160,,,earnings,buy_over_fair_px_1102_fair_1034.3,,0,,21335.00,0.00,21335.00,21335.00,21335.00,flat,earnings,BUY,160,0.045479,True,1034.2885,1103,1102,1102.5000,-1,2.098606,0.045479,0.000000,-8.0000,,,,,,,,,,-22.0149,-22.0149,0.005970,0.107463,0.886567,0,0,0,flat,False,
1775842298.457957,entry_blocked,2758,,,160,,,earnings,buy_over_fair_px_1107_fair_1034.3,,0,,21335.00,0.00,21335.00,21335.00,21335.00,flat,earnings,BUY,160,0.045479,True,1034.2885,1102,1107,1104.5000,5,2.098606,0.045479,0.000000,-8.0000,,,,,,,,,,-22.0149,-22.0149,0.005970,0.107463,0.886567,0,0,0,flat,False,
1775842298.460908,entry_blocked,2758,,,160,,,earnings,buy_over_fair_px_1108_fair_1034.3,,0,,21335.00,0.00,21335.00,21335.00,21335.00,flat,earnings,BUY,160,0.045479,True,1034.2885,1110,1108,1109.0000,-2,2.098606,0.045479,0.000000,-8.0000,,,,,,,,,,-22.0149,-22.0149,0.005970,0.107463,0.886567,0,0,0,flat,False,
1775842298.461277,entry_blocked,2758,,,160,,,earnings,buy_over_fair_px_1109_fair_1034.3,,0,,21335.00,0.00,21335.00,21335.00,21335.00,flat,earnings,BUY,160,0.045479,True,1034.2885,1110,1109,1109.5000,-1,2.098606,0.045479,0.000000,-8.0000,,,,,,,,,,-22.0149,-22.0149,0.005970,0.107463,0.886567,0,0,0,flat,False,
1775842298.461716,entry_blocked,2758,,,160,,,earnings,buy_over_fair_px_1111_fair_1034.3,,0,,21335.00,0.00,21335.00,21335.00,21335.00,flat,earnings,BUY,160,0.045479,True,1034.2885,1110,1111,1110.5000,1,2.098606,0.045479,0.000000,-8.0000,,,,,,,,,,-22.0149,-22.0149,0.005970,0.107463,0.886567,0,0,0,flat,False,
1775842298.463435,entry_blocked,2758,,,160,,,earnings,buy_over_fair_px_1103_fair_1034.3,,0,,21335.00,0.00,21335.00,21335.00,21335.00,flat,earnings,BUY,160,0.045479,True,1034.2885,1102,1103,1102.5000,1,2.098606,0.045479,0.000000,-8.0000,,,,,,,,,,-22.0149,-22.0149,0.005970,0.107463,0.886567,0,0,0,flat,False,
1775842298.645685,entry_blocked,2758,,,160,,,earnings,buy_over_fair_px_1103_fair_1034.4,,0,,21335.00,0.00,21335.00,21335.00,21335.00,flat,earnings,BUY,160,0.045479,True,1034.3741,1099,1103,1101.0000,4,2.098606,0.045479,0.000000,-8.0000,,,,,,,,,,-22.0919,-22.0919,0.005991,0.104343,0.889666,0,0,0,flat,False,
1775842298.650978,entry_blocked,2758,,,160,,,earnings,buy_over_fair_px_1103_fair_1034.3,,0,,21335.00,0.00,21335.00,21335.00,21335.00,flat,earnings,BUY,160,0.045479,True,1034.3251,1099,1103,1101.0000,4,2.098606,0.045479,0.000000,-8.0000,,,,,,,,,,-22.0478,-22.0478,0.006976,0.104136,0.888889,0,0,0,flat,False,
1775842298.870826,entry_blocked,2758,,,160,,,earnings,buy_over_fair_px_1104_fair_1034.3,,0,,21335.00,0.00,21335.00,21335.00,21335.00,flat,earnings,BUY,160,0.045479,True,1034.3284,1100,1104,1102.0000,4,2.098606,0.045479,0.000000,-8.0000,,,,,,,,,,-22.0508,-22.0508,0.005973,0.106023,0.888004,0,0,0,flat,False,
1775842299.048490,entry_blocked,2758,,,160,,,earnings,buy_over_fair_px_1105_fair_1034.3,,0,,21335.00,0.00,21335.00,21335.00,21335.00,flat,earnings,BUY,160,0.045479,True,1034.3300,1100,1105,1102.5000,5,2.098606,0.045479,0.000000,-8.0000,,,,,,,,,,-22.0522,-22.0522,0.005970,0.105970,0.888060,0,0,0,flat,False,
1775842299.050997,entry_blocked,2758,,,160,,,earnings,buy_over_fair_px_1106_fair_1034.3,,0,,21335.00,0.00,21335.00,21335.00,21335.00,flat,earnings,BUY,160,0.045479,True,1034.3300,1100,1106,1103.0000,6,2.098606,0.045479,0.000000,-8.0000,,,,,,,,,,-22.0522,-22.0522,0.005970,0.105970,0.888060,0,0,0,flat,False,
1775842299.057599,entry_blocked,2758,,,160,,,earnings,buy_over_fair_px_1107_fair_1034.3,,0,,21335.00,0.00,21335.00,21335.00,21335.00,flat,earnings,BUY,160,0.045479,True,1034.3300,1100,1107,1103.5000,7,2.098606,0.045479,0.000000,-8.0000,,,,,,,,,,-22.0522,-22.0522,0.005970,0.105970,0.888060,0,0,0,flat,False,
1775842299.066068,entry_blocked,2758,,,160,,,earnings,buy_over_fair_px_1108_fair_1034.3,,0,,21335.00,0.00,21335.00,21335.00,21335.00,flat,earnings,BUY,160,0.045479,True,1034.3300,1105,1108,1106.5000,3,2.098606,0.045479,0.000000,-8.0000,,,,,,,,,,-22.0522,-22.0522,0.005970,0.105970,0.888060,0,0,0,flat,False,
1775842299.066559,entry_blocked,2758,,,160,,,earnings,buy_over_fair_px_1109_fair_1034.3,,0,,21335.00,0.00,21335.00,21335.00,21335.00,flat,earnings,BUY,160,0.045479,True,1034.3300,1105,1109,1107.0000,4,2.098606,0.045479,0.000000,-8.0000,,,,,,,,,,-22.0522,-22.0522,0.005970,0.105970,0.888060,0,0,0,flat,False,
1775842299.067096,entry_blocked,2758,,,160,,,earnings,buy_over_fair_px_1110_fair_1034.3,,0,,21335.00,0.00,21335.00,21335.00,21335.00,flat,earnings,BUY,160,0.045479,True,1034.3300,1105,1110,1107.5000,5,2.098606,0.045479,0.000000,-8.0000,,,,,,,,,,-22.0522,-22.0522,0.005970,0.105970,0.888060,0,0,0,flat,False,
1775842299.067560,entry_blocked,2758,,,160,,,earnings,buy_over_fair_px_1111_fair_1034.3,,0,,21335.00,0.00,21335.00,21335.00,21335.00,flat,earnings,BUY,160,0.045479,True,1034.3300,1105,1111,1108.0000,6,2.098606,0.045479,0.000000,-8.0000,,,,,,,,,,-22.0522,-22.0522,0.005970,0.105970,0.888060,0,0,0,flat,False,
1775842299.068014,entry_blocked,2758,,,160,,,earnings,buy_over_fair_px_1112_fair_1034.3,,0,,21335.00,0.00,21335.00,21335.00,21335.00,flat,earnings,BUY,160,0.045479,True,1034.3300,1105,1112,1108.5000,7,2.098606,0.045479,0.000000,-8.0000,,,,,,,,,,-22.0522,-22.0522,0.005970,0.105970,0.888060,0,0,0,flat,False,
1775842299.247707,entry_blocked,2758,,,160,,,earnings,buy_over_fair_px_1112_fair_1034.4,,0,,21335.00,0.00,21335.00,21335.00,21335.00,flat,earnings,BUY,160,0.045479,True,1034.3853,1109,1112,1110.5000,3,2.098606,0.045479,0.000000,-8.0000,,,,,,,,,,-22.1020,-22.1020,0.005970,0.103980,0.890050,0,0,0,flat,False,
1775842299.263244,entry_blocked,2758,,,160,,,earnings,buy_over_fair_px_1113_fair_1034.4,,0,,21335.00,0.00,21335.00,21335.00,21335.00,flat,earnings,BUY,160,0.045479,True,1034.3991,1109,1113,1111.0000,4,2.098606,0.045479,0.000000,-8.0000,,,,,,,,,,-22.1144,-22.1144,0.005970,0.103483,0.890547,0,0,0,flat,False,
1775842299.456101,entry_blocked,2758,,,160,,,earnings,buy_over_fair_px_1114_fair_1034.4,,0,,21335.00,0.00,21335.00,21335.00,21335.00,flat,earnings,BUY,160,0.045479,True,1034.4039,1109,1114,1111.5000,5,2.098606,0.045479,0.000000,-8.0000,,,,,,,,,,-22.1187,-22.1187,0.005961,0.103328,0.890710,0,0,0,flat,False,
1775842299.457574,entry_blocked,2758,,,160,,,earnings,buy_over_fair_px_1116_fair_1034.4,,0,,21335.00,0.00,21335.00,21335.00,21335.00,flat,earnings,BUY,160,0.045479,True,1034.4039,1109,1116,1112.5000,7,2.098606,0.045479,0.000000,-8.0000,,,,,,,,,,-22.1187,-22.1187,0.005961,0.103328,0.890710,0,0,0,flat,False,
1775842299.458249,entry_blocked,2758,,,160,,,earnings,buy_over_fair_px_1119_fair_1034.4,,0,,21335.00,0.00,21335.00,21335.00,21335.00,flat,earnings,BUY,160,0.045479,True,1034.4039,1109,1119,1114.0000,10,2.098606,0.045479,0.000000,-8.0000,,,,,,,,,,-22.1187,-22.1187,0.005961,0.103328,0.890710,0,0,0,flat,False,
1775842299.459433,entry_blocked,2758,,,160,,,earnings,buy_over_fair_px_1119_fair_1034.5,,0,,21335.00,0.00,21335.00,21335.00,21335.00,flat,earnings,BUY,160,0.045479,True,1034.4623,1109,1119,1114.0000,10,2.098606,0.045479,0.000000,-8.0000,,,,,,,,,,-22.1712,-22.1712,0.004963,0.103226,0.891811,0,0,0,flat,False,
1775842299.461916,entry_blocked,2758,,,160,,,earnings,buy_over_fair_px_1111_fair_1034.5,,0,,21335.00,0.00,21335.00,21335.00,21335.00,flat,earnings,BUY,160,0.045479,True,1034.4623,1109,1111,1110.0000,2,2.098606,0.045479,0.000000,-8.0000,,,,,,,,,,-22.1712,-22.1712,0.004963,0.103226,0.891811,0,0,0,flat,False,
1775842299.646286,entry_blocked,2758,,,160,,,earnings,buy_over_fair_px_1108_fair_1034.5,,0,,21335.00,0.00,21335.00,21335.00,21335.00,flat,earnings,BUY,160,0.045479,True,1034.5359,1107,1108,1107.5000,1,2.098606,0.045479,0.000000,-8.0000,,,,,,,,,,-22.2374,-22.2374,0.004978,0.100548,0.894475,0,0,0,flat,False,
1775842299.648736,heartbeat,2758,,,,,,,,,0,,21335.00,0.00,21335.00,21335.00,21335.00,flat,earnings,BUY,160,0.045479,True,1034.5359,1107,1108,1107.5000,1,2.098606,0.045479,0.000000,-8.0000,,,,,,,,,,-22.2374,-22.2374,0.004978,0.100548,0.894475,0,0,0,flat,False,
1775842299.842702,entry_blocked,2758,,,160,,,earnings,buy_over_fair_px_1109_fair_1034.5,,0,,21335.00,0.00,21335.00,21335.00,21335.00,flat,earnings,BUY,160,0.045479,True,1034.5359,1104,1109,1106.5000,5,2.098606,0.045479,0.000000,-8.0000,,,,,,,,,,-22.2374,-22.2374,0.004978,0.100548,0.894475,0,0,0,flat,False,
1775842299.862980,entry_blocked,2758,,,160,,,earnings,buy_over_fair_px_1110_fair_1034.5,,0,,21335.00,0.00,21335.00,21335.00,21335.00,flat,earnings,BUY,160,0.045479,True,1034.5052,1107,1110,1108.5000,3,2.098606,0.045479,0.000000,-8.0000,,,,,,,,,,-22.2098,-22.2098,0.004983,0.101644,0.893373,0,0,0,flat,False,
1775842299.863483,entry_blocked,2758,,,160,,,earnings,buy_over_fair_px_1111_fair_1034.5,,0,,21335.00,0.00,21335.00,21335.00,21335.00,flat,earnings,BUY,160,0.045479,True,1034.5052,1107,1111,1109.0000,4,2.098606,0.045479,0.000000,-8.0000,,,,,,,,,,-22.2098,-22.2098,0.004983,0.101644,0.893373,0,0,0,flat,False,
1775842299.864384,entry_blocked,2758,,,160,,,earnings,buy_over_fair_px_1112_fair_1034.5,,0,,21335.00,0.00,21335.00,21335.00,21335.00,flat,earnings,BUY,160,0.045479,True,1034.5052,1107,1112,1109.5000,5,2.098606,0.045479,0.000000,-8.0000,,,,,,,,,,-22.2098,-22.2098,0.004983,0.101644,0.893373,0,0,0,flat,False,
1775842300.054543,entry_blocked,2758,,,160,,,earnings,buy_over_fair_px_1114_fair_1034.5,,0,,21335.00,0.00,21335.00,21335.00,21335.00,flat,earnings,BUY,160,0.045479,True,1034.4929,1107,1114,1110.5000,7,2.098606,0.045479,0.000000,-8.0000,,,,,,,,,,-22.1987,-22.1987,0.004980,0.102092,0.892928,0,0,0,flat,False,
1775842300.055461,entry_blocked,2758,,,160,,,earnings,buy_over_fair_px_1116_fair_1034.5,,0,,21335.00,0.00,21335.00,21335.00,21335.00,flat,earnings,BUY,160,0.045479,True,1034.4929,1107,1116,1111.5000,9,2.098606,0.045479,0.000000,-8.0000,,,,,,,,,,-22.1987,-22.1987,0.004980,0.102092,0.892928,0,0,0,flat,False,
1775842300.056476,entry_blocked,2758,,,160,,,earnings,buy_over_fair_px_1117_fair_1034.5,,0,,21335.00,0.00,21335.00,21335.00,21335.00,flat,earnings,BUY,160,0.045479,True,1034.4929,1107,1117,1112.0000,10,2.098606,0.045479,0.000000,-8.0000,,,,,,,,,,-22.1987,-22.1987,0.004980,0.102092,0.892928,0,0,0,flat,False,
1775842300.060521,entry_blocked,2758,,,160,,,earnings,buy_over_fair_px_1117_fair_1034.4,,0,,21335.00,0.00,21335.00,21335.00,21335.00,flat,earnings,BUY,160,0.045479,True,1034.4406,1107,1117,1112.0000,10,2.098606,0.045479,0.000000,-8.0000,,,,,,,,,,-22.1517,-22.1517,0.005970,0.101990,0.892040,0,0,0,flat,False,
1775842300.061995,entry_blocked,2758,,,160,,,earnings,buy_over_fair_px_1109_fair_1034.4,,0,,21335.00,0.00,21335.00,21335.00,21335.00,flat,earnings,BUY,160,0.045479,True,1034.4406,1107,1109,1108.0000,2,2.098606,0.045479,0.000000,-8.0000,,,,,,,,,,-22.1517,-22.1517,0.005970,0.101990,0.892040,0,0,0,flat,False,
1775842300.442787,entry_blocked,2758,,,160,,,earnings,buy_over_fair_px_1096_fair_1034.4,,0,,21335.00,0.00,21335.00,21335.00,21335.00,flat,earnings,BUY,160,0.045479,True,1034.4406,1105,1096,1100.5000,-9,2.098606,0.045479,0.000000,-8.0000,,,,,,,,,,-22.1517,-22.1517,0.005970,0.101990,0.892040,0,0,0,flat,False,
1775842300.448994,entry_blocked,2758,,,160,,,earnings,buy_over_fair_px_1109_fair_1034.4,,0,,21335.00,0.00,21335.00,21335.00,21335.00,flat,earnings,BUY,160,0.045479,True,1034.4406,1099,1109,1104.0000,10,2.098606,0.045479,0.000000,-8.0000,,,,,,,,,,-22.1517,-22.1517,0.005970,0.101990,0.892040,0,0,0,flat,False,
1775842300.456020,entry_blocked,2758,,,160,,,earnings,buy_over_fair_px_1109_fair_1034.5,,0,,21335.00,0.00,21335.00,21335.00,21335.00,flat,earnings,BUY,160,0.045479,True,1034.4821,1099,1109,1104.0000,10,2.098606,0.045479,0.000000,-8.0000,,,,,,,,,,-22.1891,-22.1891,0.005970,0.100498,0.893532,0,0,0,flat,False,
1775842300.459163,entry_blocked,2758,,,160,,,earnings,buy_over_fair_px_1108_fair_1034.5,,0,,21335.00,0.00,21335.00,21335.00,21335.00,flat,earnings,BUY,160,0.045479,True,1034.4944,1104,1108,1106.0000,4,2.098606,0.045479,0.000000,-8.0000,,,,,,,,,,-22.2001,-22.2001,0.005973,0.100050,0.893977,0,0,0,flat,False,
1775842302.450524,news_ignored,2800,,,,,,,non_signal_news,,0,,21335.00,0.00,21335.00,21335.00,21335.00,flat,earnings,BUY,160,0.045479,False,1034.5575,1105,1108,1106.5000,3,2.098606,0.045479,0.000000,-8.0000,,,,,,,structured,petition,,-22.2569,-22.2569,0.005985,0.097756,0.896259,0,0,0,flat,False,"{'timestamp': 2800, 'kind': 'structured', 'new_data': {'new_signatures': 0, 'cumulative': 0, 'asset': '', 'structured_subtype': 'petition'}}"
1775842302.648431,heartbeat,2800,,,,,,,,,0,,21335.00,0.00,21335.00,21335.00,21335.00,flat,earnings,BUY,160,0.045479,False,1034.5113,1104,1114,1109.0000,10,2.098606,0.045479,0.000000,-8.0000,,,,,,,,,,-22.2153,-22.2153,0.006021,0.099348,0.894631,0,0,0,flat,False,
1775842304.444043,earnings_signal,2810,,BUY,200,,,,,old=2.098606 new=2.204063 delta=+0.105457,0,,21335.00,0.00,21335.00,21335.00,21335.00,flat,earnings,BUY,200,0.105457,True,1072.7560,1109,1113,1111.0000,4,2.204063,0.105457,0.000000,-8.0000,,,,,,,,,,-22.2761,-22.2761,0.005970,0.097015,0.897015,0,0,0,flat,False,
1775842304.445398,order_placed,2810,C,BUY,40,1113,1775841734558,earnings_entry,,,0,,21335.00,0.00,21335.00,21335.00,21335.00,flat,earnings,BUY,200,0.105457,True,1072.7560,1109,1113,1111.0000,4,2.204063,0.105457,0.000000,-8.0000,,,,,,,,,,-22.2761,-22.2761,0.005970,0.097015,0.897015,0,0,0,flat,False,
1775842304.445804,entry_decision,2810,C,BUY,40,1113,,earnings,,strength=0.105457 target=200,0,,21335.00,0.00,21335.00,21335.00,21335.00,earnings,earnings,BUY,200,0.105457,True,1072.7560,1109,1113,1111.0000,4,2.204063,0.105457,0.000000,-8.0000,,,,,,,,,,-22.2761,-22.2761,0.005970,0.097015,0.897015,0,0,0,flat,False,
1775842304.446561,heartbeat_forced,2810,,,,,,,,,0,,21335.00,0.00,21335.00,21335.00,21335.00,earnings,earnings,BUY,200,0.105457,True,1072.7560,1109,1113,1111.0000,4,2.204063,0.105457,0.000000,-8.0000,,,,,,,,,,-22.2761,-22.2761,0.005970,0.097015,0.897015,0,0,0,flat,False,
1775842304.480213,fill,2810,C,BUY,40,1113,1775841734558,earnings_entry,,,40,1113.0000,21335.00,0.00,21335.00,-23185.00,21335.00,earnings,earnings,BUY,200,0.105457,True,1072.7705,1113,1113,1113.0000,0,2.204063,0.105457,0.000000,-8.0000,,,,,,,,,,-22.2886,-22.2886,0.005970,0.096517,0.897512,0,0,0,book,False,
1775842304.773847,order_placed,2810,C,BUY,40,1113,1775841734559,earnings_entry,,,40,1113.0000,21335.00,-160.00,21175.00,-23185.00,21175.00,earnings,earnings,BUY,200,0.105457,True,1072.8541,1109,1113,1111.0000,4,2.204063,0.105457,0.000000,-8.0000,,,,,,,,,,-22.3606,-22.3606,0.005976,0.093625,0.900398,0,0,0,book,False,
1775842304.774406,entry_decision,2810,C,BUY,40,1113,,earnings,,strength=0.105457 target=200,40,1113.0000,21335.00,-160.00,21175.00,-23185.00,21175.00,earnings,earnings,BUY,200,0.105457,True,1072.8541,1109,1113,1111.0000,4,2.204063,0.105457,0.000000,-8.0000,,,,,,,,,,-22.3606,-22.3606,0.005976,0.093625,0.900398,0,0,0,book,False,
1775842304.775087,heartbeat_forced,2810,,,,,,,,,40,1113.0000,21335.00,-160.00,21175.00,-23185.00,21175.00,earnings,earnings,BUY,200,0.105457,True,1072.8541,1109,1113,1111.0000,4,2.204063,0.105457,0.000000,-8.0000,,,,,,,,,,-22.3606,-22.3606,0.005976,0.093625,0.900398,0,0,0,book,False,
1775842304.805045,fill,2810,C,BUY,40,1113,1775841734559,earnings_entry,,,80,1113.0000,21335.00,0.00,21335.00,-67705.00,21335.00,earnings,earnings,BUY,200,0.105457,True,1072.8541,1113,1113,1113.0000,0,2.204063,0.105457,0.000000,-8.0000,,,,,,,,,,-22.3606,-22.3606,0.005976,0.093625,0.900398,0,0,0,book,False,
1775842305.047496,order_placed,2810,C,BUY,40,1114,1775841734560,earnings_entry,,,80,1113.0000,21335.00,-240.00,21095.00,-67705.00,21095.00,earnings,earnings,BUY,200,0.105457,True,1072.9902,1110,1114,1112.0000,4,2.204063,0.105457,0.000000,-8.0000,,,,,,,,,,-22.4776,-22.4776,0.005964,0.088966,0.905070,0,0,0,book,False,
1775842305.048038,entry_decision,2810,C,BUY,40,1114,,earnings,,strength=0.105457 target=200,80,1113.0000,21335.00,-240.00,21095.00,-67705.00,21095.00,earnings,earnings,BUY,200,0.105457,True,1072.9902,1110,1114,1112.0000,4,2.204063,0.105457,0.000000,-8.0000,,,,,,,,,,-22.4776,-22.4776,0.005964,0.088966,0.905070,0,0,0,book,False,
1775842305.048741,heartbeat_forced,2810,,,,,,,,,80,1113.0000,21335.00,-240.00,21095.00,-67705.00,21095.00,earnings,earnings,BUY,200,0.105457,True,1072.9902,1110,1114,1112.0000,4,2.204063,0.105457,0.000000,-8.0000,,,,,,,,,,-22.4776,-22.4776,0.005964,0.088966,0.905070,0,0,0,book,False,
1775842305.078703,fill,2810,C,BUY,40,1114,1775841734560,earnings_entry,,,120,1113.3333,21335.00,80.00,21415.00,-112265.00,21415.00,earnings,earnings,BUY,200,0.105457,True,1073.1118,1114,1114,1114.0000,0,2.204063,0.105457,0.000000,-8.0000,,,,,,,,,,-22.5823,-22.5823,0.005982,0.084746,0.909272,0,0,0,book,False,
1775842305.384827,order_placed,2810,C,BUY,40,1113,1775841734561,earnings_entry,,,120,1113.3333,21335.00,-520.00,20815.00,-112265.00,20815.00,earnings,earnings,BUY,200,0.105457,True,1073.0452,1109,1113,1111.0000,4,2.204063,0.105457,0.000000,-8.0000,,,,,,,,,,-22.5250,-22.5250,0.006000,0.087000,0.907000,0,0,0,book,False,
1775842305.385315,entry_decision,2810,C,BUY,40,1113,,earnings,,strength=0.105457 target=200,120,1113.3333,21335.00,-520.00,20815.00,-112265.00,20815.00,earnings,earnings,BUY,200,0.105457,True,1073.0452,1109,1113,1111.0000,4,2.204063,0.105457,0.000000,-8.0000,,,,,,,,,,-22.5250,-22.5250,0.006000,0.087000,0.907000,0,0,0,book,False,
1775842305.385887,heartbeat_forced,2810,,,,,,,,,120,1113.3333,21335.00,-520.00,20815.00,-112265.00,20815.00,earnings,earnings,BUY,200,0.105457,True,1073.0452,1109,1113,1111.0000,4,2.204063,0.105457,0.000000,-8.0000,,,,,,,,,,-22.5250,-22.5250,0.006000,0.087000,0.907000,0,0,0,book,False,
1775842305.414874,fill,2810,C,BUY,40,1113,1775841734561,earnings_entry,,,160,1113.2500,21335.00,-40.00,21295.00,-156785.00,21295.00,earnings,earnings,BUY,200,0.105457,True,1073.0452,1113,1113,1113.0000,0,2.204063,0.105457,0.000000,-8.0000,,,,,,,,,,-22.5250,-22.5250,0.006000,0.087000,0.907000,0,0,0,book,False,
1775842305.642450,order_placed,2810,C,BUY,40,1120,1775841734562,earnings_entry,,,160,1113.2500,21335.00,120.00,21455.00,-156785.00,21455.00,earnings,earnings,BUY,200,0.105457,True,1072.9439,1114,1120,1117.0000,6,2.204063,0.105457,0.000000,-8.0000,,,,,,,,,,-22.4378,-22.4378,0.006965,0.088557,0.904478,0,0,0,book,False,
1775842305.642839,entry_decision,2810,C,BUY,40,1120,,earnings,,strength=0.105457 target=200,160,1113.2500,21335.00,120.00,21455.00,-156785.00,21455.00,earnings,earnings,BUY,200,0.105457,True,1072.9439,1114,1120,1117.0000,6,2.204063,0.105457,0.000000,-8.0000,,,,,,,,,,-22.4378,-22.4378,0.006965,0.088557,0.904478,0,0,0,book,False,
1775842305.643265,heartbeat_forced,2810,,,,,,,,,160,1113.2500,21335.00,120.00,21455.00,-156785.00,21455.00,earnings,earnings,BUY,200,0.105457,True,1072.9439,1114,1120,1117.0000,6,2.204063,0.105457,0.000000,-8.0000,,,,,,,,,,-22.4378,-22.4378,0.006965,0.088557,0.904478,0,0,0,book,False,
1775842305.675611,fill,2810,C,BUY,40,1120,1775841734562,earnings_entry,,,200,1114.6000,21335.00,1080.00,22415.00,-201585.00,22415.00,earnings,earnings,BUY,200,0.105457,True,1073.0856,1120,1120,1120.0000,0,2.204063,0.105457,0.000000,-8.0000,,,,,,,,,,-22.5598,-22.5598,0.004980,0.087649,0.907371,0,0,0,book,False,
1775842307.251449,order_placed,2810,C,SELL,40,1133,1775841734563,long_profit_1,,,200,1114.6000,21335.00,3680.00,25015.00,-201585.00,25015.00,earnings,earnings,BUY,200,0.105457,True,1072.8701,1133,1134,1133.5000,1,2.204063,0.105457,0.000000,-8.0000,,,,,,,,,,-22.3743,-22.3743,0.004978,0.095072,0.899950,0,0,0,book,False,
1775842307.252112,exit_trigger,2810,,,40,,,long_profit_1,long_profit_1,,200,1114.6000,21335.00,3680.00,25015.00,-201585.00,25015.00,earnings,earnings,BUY,200,0.105457,True,1072.8701,1133,1134,1133.5000,1,2.204063,0.105457,0.000000,-8.0000,,,,,,,,,,-22.3743,-22.3743,0.004978,0.095072,0.899950,0,0,0,book,False,
1775842307.252718,heartbeat_forced,2810,,,,,,,,,200,1114.6000,21335.00,3680.00,25015.00,-201585.00,25015.00,earnings,earnings,BUY,200,0.105457,True,1072.8701,1133,1134,1133.5000,1,2.204063,0.105457,0.000000,-8.0000,,,,,,,,,,-22.3743,-22.3743,0.004978,0.095072,0.899950,0,0,0,book,False,
1775842307.280948,fill,2810,C,SELL,40,1133,1775841734563,long_profit_1,,,160,1114.6000,22071.00,2944.00,25015.00,-156265.00,25015.00,earnings,earnings,BUY,200,0.105457,True,1072.8701,1133,1133,1133.0000,0,2.204063,0.105457,0.000000,-8.0000,,,,,,,,,,-22.3743,-22.3743,0.004978,0.095072,0.899950,0,0,0,book,False,
1775842308.452182,order_placed,2810,C,SELL,40,1159,1775841734564,long_profit_2,,,160,1114.6000,22071.00,7104.00,29175.00,-156265.00,29175.00,earnings,earnings,BUY,200,0.105457,True,1072.6645,1159,1151,1155.0000,-8,2.204063,0.105457,0.000000,-8.0000,,,,,,,,,,-22.1973,-22.1973,0.004983,0.102143,0.892875,0,0,0,book,False,
1775842308.452658,exit_trigger,2810,,,40,,,long_profit_2,long_profit_2,,160,1114.6000,22071.00,7104.00,29175.00,-156265.00,29175.00,earnings,earnings,BUY,200,0.105457,True,1072.6645,1159,1151,1155.0000,-8,2.204063,0.105457,0.000000,-8.0000,,,,,,,,,,-22.1973,-22.1973,0.004983,0.102143,0.892875,0,0,0,book,False,
1775842308.453200,heartbeat_forced,2810,,,,,,,,,160,1114.6000,22071.00,7104.00,29175.00,-156265.00,29175.00,earnings,earnings,BUY,200,0.105457,True,1072.6645,1159,1151,1155.0000,-8,2.204063,0.105457,0.000000,-8.0000,,,,,,,,,,-22.1973,-22.1973,0.004983,0.102143,0.892875,0,0,0,book,False,
1775842308.849512,fill,2810,C,SELL,40,1159,1775841734564,long_profit_2,,,120,1114.6000,23847.00,6048.00,29895.00,-109905.00,29895.00,earnings,earnings,BUY,200,0.105457,True,1072.6083,1165,1154,1159.5000,-11,2.204063,0.105457,0.000000,-8.0000,,,,,,,,,,-22.1489,-22.1489,0.004980,0.104084,0.890936,0,0,0,book,False,
1775842311.453784,heartbeat,2810,,,,,,,,,120,1114.6000,23847.00,5568.00,29415.00,-109905.00,29415.00,earnings,earnings,BUY,200,0.105457,True,1073.7381,1161,1165,1163.0000,4,2.204063,0.105457,0.000000,-8.0000,,,,,,,,,,-23.1210,-23.1210,0.004978,0.065207,0.929816,0,0,0,book,False,
1775842314.454145,heartbeat,2810,,,,,,,,,120,1114.6000,23847.00,5568.00,29415.00,-109905.00,29415.00,earnings,earnings,BUY,200,0.105457,True,1072.9424,1161,1165,1163.0000,4,2.204063,0.105457,0.000000,-8.0000,,,,,,,,,,-22.4365,-22.4365,0.005973,0.090592,0.903435,0,0,0,book,False,
1775842315.649832,macro_eval,2866,,BUY,160,,,,candidate,score=-7.00 headline=Fed minutes show growing consensus that restrictive stance may no longer be needed.,120,1114.6000,23847.00,6408.00,30255.00,-109905.00,30255.00,earnings,earnings,BUY,200,0.105457,True,1073.4643,1168,1169,1168.5000,1,2.204063,0.105457,0.000000,-8.0000,,,-7.0000,160,BUY,+0.172293,unstructured,,,-22.8856,-22.8856,0.004975,0.074627,0.920398,0,0,0,book,False,"{'timestamp': 2866, 'kind': 'unstructured', 'new_data': {'content': 'Fed minutes show growing consensus that restrictive stance may no longer be needed.'}}"
1775842315.650452,macro_signal,2866,,BUY,160,,,,,score=-7.00 headline=Fed minutes show growing consensus that restrictive stance may no longer be needed.,120,1114.6000,23847.00,6408.00,30255.00,-109905.00,30255.00,earnings,macro,BUY,160,7.000000,True,1082.8113,1168,1169,1168.5000,1,2.204063,0.105457,0.000000,-8.0000,,,-7.0000,160,BUY,+0.172293,,,,-30.8856,-22.8856,0.004975,0.074627,0.920398,0,0,0,book,False,"{'timestamp': 2866, 'kind': 'unstructured', 'new_data': {'content': 'Fed minutes show growing consensus that restrictive stance may no longer be needed.'}}"
1775842317.455582,heartbeat,2866,,,,,,,,,120,1114.6000,23847.00,6888.00,30735.00,-109905.00,30735.00,earnings,macro,BUY,160,7.000000,True,1084.2430,1172,1177,1174.5000,5,2.204063,0.105457,0.000000,-8.0000,,,,,,,,,,-32.1040,-24.1040,0.004978,0.025884,0.969139,0,0,0,book,False,
1775842320.456692,heartbeat,2866,,,,,,,,,120,1114.6000,23847.00,6888.00,30735.00,-109905.00,30735.00,earnings,macro,BUY,160,7.000000,True,1084.3478,1172,1176,1174.0000,4,2.204063,0.105457,0.000000,-8.0000,,,,,,,,,,-32.1931,-24.1931,0.004965,0.022344,0.972691,0,0,0,book,False,
1775842323.457095,heartbeat,2866,,,,,,,,,120,1114.6000,23847.00,5688.00,29535.00,-109905.00,29535.00,earnings,macro,BUY,160,7.000000,True,1084.1704,1162,1163,1162.5000,1,2.204063,0.105457,0.000000,-8.0000,,,,,,,,,,-32.0423,-24.0423,0.004975,0.028358,0.966667,0,0,0,book,False,
1775842326.459373,heartbeat,2866,,,,,,,,,120,1114.6000,23847.00,5568.00,29415.00,-109905.00,29415.00,earnings,macro,BUY,160,7.000000,False,1074.1280,1161,1164,1162.5000,3,2.204063,0.105457,0.000000,-8.0000,,,,,,,,,,-23.4562,-23.4562,0.004980,0.051793,0.943227,0,0,0,book,False,
1775842329.460241,heartbeat,2866,,,,,,,,,120,1114.6000,23847.00,7008.00,30855.00,-109905.00,30855.00,earnings,macro,BUY,160,7.000000,False,1073.7102,1173,1174,1173.5000,1,2.204063,0.105457,0.000000,-8.0000,,,,,,,,,,-23.0970,-23.0970,0.004975,0.066169,0.928856,0,0,0,book,False,
1775842332.460283,heartbeat,2866,,,,,,,,,120,1114.6000,23847.00,7608.00,31455.00,-109905.00,31455.00,earnings,macro,BUY,160,7.000000,False,1073.6668,1178,1179,1178.5000,1,2.204063,0.105457,0.000000,-8.0000,,,,,,,,,,-23.0597,-23.0597,0.004975,0.067662,0.927363,0,0,0,book,False,
1775842333.643558,macro_eval,2956,,,0,,,,below_threshold,score=+0.00 headline=Corporate transparency and accountability earn A wide praise.,120,1114.6000,23847.00,7728.00,31575.00,-109905.00,31575.00,earnings,macro,BUY,160,7.000000,False,1073.8569,1179,1183,1181.0000,4,2.204063,0.105457,0.000000,-8.0000,,,0.0000,0,,+0.172293,unstructured,,,-23.2232,-23.2232,0.004970,0.061133,0.933897,0,0,0,book,False,"{'timestamp': 2956, 'kind': 'unstructured', 'new_data': {'content': 'Corporate transparency and accountability earn A wide praise.'}}"
1775842333.643957,news_ignored,2956,,,,,,,weak_macro_news,score=+0.00,120,1114.6000,23847.00,7728.00,31575.00,-109905.00,31575.00,earnings,macro,BUY,160,7.000000,False,1073.8569,1179,1183,1181.0000,4,2.204063,0.105457,0.000000,-8.0000,,,0.0000,0,,+0.172293,unstructured,,,-23.2232,-23.2232,0.004970,0.061133,0.933897,0,0,0,book,False,"{'timestamp': 2956, 'kind': 'unstructured', 'new_data': {'content': 'Corporate transparency and accountability earn A wide praise.'}}"
1775842335.460362,heartbeat,2956,,,,,,,,,120,1114.6000,23847.00,7728.00,31575.00,-109905.00,31575.00,earnings,macro,BUY,160,7.000000,False,1073.5656,1179,1182,1180.5000,3,2.204063,0.105457,0.000000,-8.0000,,,,,,,,,,-22.9726,-22.9726,0.004975,0.071144,0.923881,0,0,0,book,False,
1775842338.460411,heartbeat,2956,,,,,,,,,120,1114.6000,23847.00,7368.00,31215.00,-109905.00,31215.00,earnings,macro,BUY,160,7.000000,False,1074.4322,1176,1180,1178.0000,4,2.204063,0.105457,0.000000,-8.0000,,,,,,,,,,-23.7176,-23.7176,0.004980,0.041335,0.953685,0,0,0,book,False,
1775842341.460794,heartbeat,2956,,,,,,,,,120,1114.6000,23847.00,7248.00,31095.00,-109905.00,31095.00,earnings,macro,BUY,160,7.000000,False,1074.7233,1175,1178,1176.5000,3,2.204063,0.105457,0.000000,-8.0000,,,,,,,,,,-23.9677,-23.9677,0.004975,0.031343,0.963682,0,0,0,book,False,
1775842342.443249,news_ignored,3000,,,,,,,non_signal_news,,120,1114.6000,23847.00,7488.00,31335.00,-109905.00,31335.00,earnings,macro,BUY,160,7.000000,False,1074.5778,1177,1181,1179.0000,4,2.204063,0.105457,0.000000,-8.0000,,,,,,,structured,petition,,-23.8427,-23.8427,0.004978,0.036336,0.958686,0,0,0,book,False,"{'timestamp': 3000, 'kind': 'structured', 'new_data': {'new_signatures': 0, 'cumulative': 0, 'asset': '', 'structured_subtype': 'petition'}}"
1775842344.460932,heartbeat,3000,,,,,,,,,120,1114.6000,23847.00,7248.00,31095.00,-109905.00,31095.00,earnings,macro,BUY,160,7.000000,False,1074.5350,1175,1177,1176.0000,2,2.204063,0.105457,0.000000,-8.0000,,,,,,,,,,-23.8060,-23.8060,0.004975,0.037811,0.957214,0,0,0,book,False,
1775842347.460984,heartbeat,3000,,,,,,,,,120,1114.6000,23847.00,7128.00,30975.00,-109905.00,30975.00,earnings,macro,BUY,160,7.000000,False,1074.7082,1174,1178,1176.0000,4,2.204063,0.105457,0.000000,-8.0000,,,,,,,,,,-23.9547,-23.9547,0.004978,0.031857,0.963166,0,0,0,book,False,
1775842350.461427,heartbeat,3000,,,,,,,,,120,1114.6000,23847.00,7008.00,30855.00,-109905.00,30855.00,earnings,macro,BUY,160,7.000000,False,1074.8841,1173,1176,1174.5000,3,2.204063,0.105457,0.000000,-8.0000,,,,,,,,,,-24.1058,-24.1058,0.004968,0.025832,0.969200,0,0,0,book,False,
1775842353.461420,heartbeat,3000,,,,,,,,,120,1114.6000,23847.00,7008.00,30855.00,-109905.00,30855.00,earnings,macro,BUY,160,7.000000,False,1074.7082,1173,1177,1175.0000,4,2.204063,0.105457,0.000000,-8.0000,,,,,,,,,,-23.9547,-23.9547,0.004978,0.031857,0.963166,0,0,0,book,False,
1775842356.462772,heartbeat,3000,,,,,,,,,120,1114.6000,23847.00,6888.00,30735.00,-109905.00,30735.00,earnings,macro,BUY,160,7.000000,False,1074.6943,1172,1174,1173.0000,2,2.204063,0.105457,0.000000,-8.0000,,,,,,,,,,-23.9428,-23.9428,0.004975,0.032338,0.962687,0,0,0,book,False,
1775842356.845355,cpi_eval,3072,,BUY,0,,,,no_actual_forecast,no actual/forecast; score=-0.52 headline=Strong GDP paired with falling inflation complicates the policy calculus.,120,1114.6000,23847.00,6528.00,30375.00,-109905.00,30375.00,earnings,macro,BUY,160,7.000000,False,1074.7076,1169,1173,1171.0000,4,2.204063,0.105457,0.000000,-8.0000,,,-0.5250,0,BUY,+0.172293,unstructured,,,-23.9542,-23.9542,0.004980,0.031873,0.963147,0,0,0,book,False,"{'timestamp': 3072, 'kind': 'unstructured', 'new_data': {'content': 'Strong GDP paired with falling inflation complicates the policy calculus.'}}"
1775842356.845707,macro_eval,3072,,BUY,0,,,,below_threshold,score=-0.52 headline=Strong GDP paired with falling inflation complicates the policy calculus.,120,1114.6000,23847.00,6528.00,30375.00,-109905.00,30375.00,earnings,macro,BUY,160,7.000000,False,1074.7076,1169,1173,1171.0000,4,2.204063,0.105457,0.000000,-8.0000,,,-0.5250,0,BUY,+0.172293,unstructured,,,-23.9542,-23.9542,0.004980,0.031873,0.963147,0,0,0,book,False,"{'timestamp': 3072, 'kind': 'unstructured', 'new_data': {'content': 'Strong GDP paired with falling inflation complicates the policy calculus.'}}"
1775842356.846217,news_ignored,3072,,,,,,,weak_macro_news,score=-0.52,120,1114.6000,23847.00,6528.00,30375.00,-109905.00,30375.00,earnings,macro,BUY,160,7.000000,False,1074.7076,1169,1173,1171.0000,4,2.204063,0.105457,0.000000,-8.0000,,,-0.5250,0,BUY,+0.172293,unstructured,,,-23.9542,-23.9542,0.004980,0.031873,0.963147,0,0,0,book,False,"{'timestamp': 3072, 'kind': 'unstructured', 'new_data': {'content': 'Strong GDP paired with falling inflation complicates the policy calculus.'}}"
1775842359.463547,heartbeat,3072,,,,,,,,,120,1114.6000,23847.00,6648.00,30495.00,-109905.00,30495.00,earnings,macro,BUY,160,7.000000,False,1074.0121,1170,1171,1170.5000,1,2.204063,0.105457,0.000000,-8.0000,,,,,,,,,,-23.3566,-23.3566,0.004980,0.055777,0.939243,0,0,0,book,False,
1775842360.656946,order_placed,3072,C,SELL,40,1160,1775841734565,profit_trail,,,120,1114.6000,23847.00,5448.00,29295.00,-109905.00,29295.00,earnings,macro,BUY,160,7.000000,False,1073.8445,1160,1158,1159.0000,-2,2.204063,0.105457,0.000000,-8.0000,,,,,,,,,,-23.2125,-23.2125,0.004965,0.061569,0.933466,0,0,0,book,False,
1775842360.657327,exit_trigger,3072,,,40,,,profit_trail,profit_trail,,120,1114.6000,23847.00,5448.00,29295.00,-109905.00,29295.00,earnings,macro,BUY,160,7.000000,False,1073.8445,1160,1158,1159.0000,-2,2.204063,0.105457,0.000000,-8.0000,,,,,,,,,,-23.2125,-23.2125,0.004965,0.061569,0.933466,0,0,0,book,False,
1775842360.657863,heartbeat_forced,3072,,,,,,,,,120,1114.6000,23847.00,5448.00,29295.00,-109905.00,29295.00,earnings,macro,BUY,160,7.000000,False,1073.8445,1160,1158,1159.0000,-2,2.204063,0.105457,0.000000,-8.0000,,,,,,,,,,-23.2125,-23.2125,0.004965,0.061569,0.933466,0,0,0,book,False,
1775842360.686818,fill,3072,C,SELL,40,1166,1775841734565,profit_trail,,,80,1114.6000,25903.00,4112.00,30015.00,-63265.00,30015.00,earnings,macro,BUY,160,7.000000,False,1073.8404,1166,1160,1163.0000,-6,2.204063,0.105457,0.000000,-8.0000,,,,,,,,,,-23.2090,-23.2090,0.004975,0.061692,0.933333,0,0,0,book,False,
1775842362.870112,order_placed,3072,C,SELL,40,1162,1775841734566,profit_trail,,,80,1114.6000,25903.00,3792.00,29695.00,-63265.00,29695.00,earnings,macro,BUY,160,7.000000,False,1074.0430,1162,1168,1165.0000,6,2.204063,0.105457,0.000000,-8.0000,,,,,,,,,,-23.3831,-23.3831,0.004975,0.054726,0.940299,0,0,0,book,False,
1775842362.870325,exit_trigger,3072,,,40,,,profit_trail,profit_trail,,80,1114.6000,25903.00,3792.00,29695.00,-63265.00,29695.00,earnings,macro,BUY,160,7.000000,False,1074.0430,1162,1168,1165.0000,6,2.204063,0.105457,0.000000,-8.0000,,,,,,,,,,-23.3831,-23.3831,0.004975,0.054726,0.940299,0,0,0,book,False,
1775842362.870610,heartbeat_forced,3072,,,,,,,,,80,1114.6000,25903.00,3792.00,29695.00,-63265.00,29695.00,earnings,macro,BUY,160,7.000000,False,1074.0430,1162,1168,1165.0000,6,2.204063,0.105457,0.000000,-8.0000,,,,,,,,,,-23.3831,-23.3831,0.004975,0.054726,0.940299,0,0,0,book,False,
1775842362.900198,fill,3072,C,SELL,40,1162,1775841734566,profit_trail,,,40,1114.6000,27799.00,1896.00,29695.00,-16785.00,29695.00,earnings,macro,BUY,160,7.000000,False,1074.0430,1162,1162,1162.0000,0,2.204063,0.105457,0.000000,-8.0000,,,,,,,,,,-23.3831,-23.3831,0.004975,0.054726,0.940299,0,0,0,book,False,
1775842362.900872,order_placed,3072,C,SELL,40,1162,1775841734567,profit_trail,,,40,1114.6000,27799.00,1896.00,29695.00,-16785.00,29695.00,earnings,macro,BUY,160,7.000000,False,1074.0430,1162,1162,1162.0000,0,2.204063,0.105457,0.000000,-8.0000,,,,,,,,,,-23.3831,-23.3831,0.004975,0.054726,0.940299,0,0,0,book,False,
1775842362.901051,exit_trigger,3072,,,40,,,profit_trail,profit_trail,,40,1114.6000,27799.00,1896.00,29695.00,-16785.00,29695.00,earnings,macro,BUY,160,7.000000,False,1074.0430,1162,1162,1162.0000,0,2.204063,0.105457,0.000000,-8.0000,,,,,,,,,,-23.3831,-23.3831,0.004975,0.054726,0.940299,0,0,0,book,False,
1775842362.901318,heartbeat_forced,3072,,,,,,,,,40,1114.6000,27799.00,1896.00,29695.00,-16785.00,29695.00,earnings,macro,BUY,160,7.000000,False,1074.0430,1162,1162,1162.0000,0,2.204063,0.105457,0.000000,-8.0000,,,,,,,,,,-23.3831,-23.3831,0.004975,0.054726,0.940299,0,0,0,book,False,
1775842362.932090,fill,3072,C,SELL,40,1162,1775841734567,profit_trail,,,0,,29695.00,0.00,29695.00,29695.00,29695.00,flat,,,,,,1074.0430,1162,1162,1162.0000,0,2.204063,0.105457,0.000000,-8.0000,,,,,,,,,,-23.3831,-23.3831,0.004975,0.054726,0.940299,0,0,0,flat,False,
1775842366.044385,heartbeat,3072,,,,,,,,,0,,29695.00,0.00,29695.00,29695.00,29695.00,flat,,,,,,1074.3461,1166,1171,1168.5000,5,2.204063,0.105457,0.000000,-8.0000,,,,,,,,,,-23.6436,-23.6436,0.004978,0.044301,0.950722,0,0,0,flat,False,
1775842369.045876,heartbeat,3072,,,,,,,,,0,,29695.00,0.00,29695.00,29695.00,29695.00,flat,,,,,,1074.0304,1159,1162,1160.5000,3,2.204063,0.105457,0.000000,-8.0000,,,,,,,,,,-23.3723,-23.3723,0.004970,0.055169,0.939861,0,0,0,flat,False,
1775842370.451620,earnings_signal,3140,,BUY,200,,,,,old=2.204063 new=2.321899 delta=+0.117837,0,,29695.00,0.00,29695.00,29695.00,29695.00,flat,earnings,BUY,200,0.117837,True,1116.8531,1158,1162,1160.0000,4,2.321899,0.117837,0.000000,-8.0000,,,,,,,,,,-23.4569,-23.4569,0.004978,0.051767,0.943255,0,0,0,flat,False,
1775842370.453484,order_placed,3140,C,BUY,40,1162,1775841734568,earnings_entry,,,0,,29695.00,0.00,29695.00,29695.00,29695.00,flat,earnings,BUY,200,0.117837,True,1116.8531,1158,1162,1160.0000,4,2.321899,0.117837,0.000000,-8.0000,,,,,,,,,,-23.4569,-23.4569,0.004978,0.051767,0.943255,0,0,0,flat,False,
1775842370.453929,entry_decision,3140,C,BUY,40,1162,,earnings,,strength=0.117837 target=200,0,,29695.00,0.00,29695.00,29695.00,29695.00,earnings,earnings,BUY,200,0.117837,True,1116.8531,1158,1162,1160.0000,4,2.321899,0.117837,0.000000,-8.0000,,,,,,,,,,-23.4569,-23.4569,0.004978,0.051767,0.943255,0,0,0,flat,False,
1775842370.454561,heartbeat_forced,3140,,,,,,,,,0,,29695.00,0.00,29695.00,29695.00,29695.00,earnings,earnings,BUY,200,0.117837,True,1116.8531,1158,1162,1160.0000,4,2.321899,0.117837,0.000000,-8.0000,,,,,,,,,,-23.4569,-23.4569,0.004978,0.051767,0.943255,0,0,0,flat,False,
1775842370.482125,fill,3140,C,BUY,40,1162,1775841734568,earnings_entry,,,40,1162.0000,29695.00,0.00,29695.00,-16785.00,29695.00,earnings,earnings,BUY,200,0.117837,True,1116.8531,1162,1162,1162.0000,0,2.321899,0.117837,0.000000,-8.0000,,,,,,,,,,-23.4569,-23.4569,0.004978,0.051767,0.943255,0,0,0,book,False,
1775842370.715989,order_placed,3140,C,BUY,40,1164,1775841734569,earnings_entry,,,40,1162.0000,29695.00,-80.00,29615.00,-16785.00,29615.00,earnings,earnings,BUY,200,0.117837,True,1116.8379,1160,1164,1162.0000,4,2.321899,0.117837,0.000000,-8.0000,,,,,,,,,,-23.4445,-23.4445,0.004978,0.052265,0.942758,0,0,0,book,False,
1775842370.716424,entry_decision,3140,C,BUY,40,1164,,earnings,,strength=0.117837 target=200,40,1162.0000,29695.00,-80.00,29615.00,-16785.00,29615.00,earnings,earnings,BUY,200,0.117837,True,1116.8379,1160,1164,1162.0000,4,2.321899,0.117837,0.000000,-8.0000,,,,,,,,,,-23.4445,-23.4445,0.004978,0.052265,0.942758,0,0,0,book,False,
1775842370.716970,heartbeat_forced,3140,,,,,,,,,40,1162.0000,29695.00,-80.00,29615.00,-16785.00,29615.00,earnings,earnings,BUY,200,0.117837,True,1116.8379,1160,1164,1162.0000,4,2.321899,0.117837,0.000000,-8.0000,,,,,,,,,,-23.4445,-23.4445,0.004978,0.052265,0.942758,0,0,0,book,False,
1775842370.748433,fill,3140,C,BUY,40,1164,1775841734569,earnings_entry,,,80,1163.0000,29695.00,80.00,29775.00,-63345.00,29775.00,earnings,earnings,BUY,200,0.117837,True,1116.8379,1164,1164,1164.0000,0,2.321899,0.117837,0.000000,-8.0000,,,,,,,,,,-23.4445,-23.4445,0.004978,0.052265,0.942758,0,0,0,book,False,
1775842371.044363,order_placed,3140,C,BUY,40,1165,1775841734570,earnings_entry,,,80,1163.0000,29695.00,80.00,29775.00,-63345.00,29775.00,earnings,earnings,BUY,200,0.117837,True,1116.8843,1164,1165,1164.5000,1,2.321899,0.117837,0.000000,-8.0000,,,,,,,,,,-23.4826,-23.4826,0.004975,0.050746,0.944279,0,0,0,book,False,
1775842371.045174,entry_decision,3140,C,BUY,40,1165,,earnings,,strength=0.117837 target=200,80,1163.0000,29695.00,80.00,29775.00,-63345.00,29775.00,earnings,earnings,BUY,200,0.117837,True,1116.8843,1164,1165,1164.5000,1,2.321899,0.117837,0.000000,-8.0000,,,,,,,,,,-23.4826,-23.4826,0.004975,0.050746,0.944279,0,0,0,book,False,
1775842371.045905,heartbeat_forced,3140,,,,,,,,,80,1163.0000,29695.00,80.00,29775.00,-63345.00,29775.00,earnings,earnings,BUY,200,0.117837,True,1116.8843,1164,1165,1164.5000,1,2.321899,0.117837,0.000000,-8.0000,,,,,,,,,,-23.4826,-23.4826,0.004975,0.050746,0.944279,0,0,0,book,False,
1775842371.074520,fill,3140,C,BUY,40,1164,1775841734570,earnings_entry,,,120,1163.3333,29695.00,200.00,29895.00,-109905.00,29895.00,earnings,earnings,BUY,200,0.117837,True,1116.8379,1165,1164,1164.5000,-1,2.321899,0.117837,0.000000,-8.0000,,,,,,,,,,-23.4445,-23.4445,0.004978,0.052265,0.942758,0,0,0,book,False,
1775842371.323899,order_placed,3140,C,BUY,40,1168,1775841734571,earnings_entry,,,120,1163.3333,29695.00,80.00,29775.00,-109905.00,29775.00,earnings,earnings,BUY,200,0.117837,True,1116.7772,1164,1168,1166.0000,4,2.321899,0.117837,0.000000,-8.0000,,,,,,,,,,-23.3947,-23.3947,0.004978,0.054256,0.940767,0,0,0,book,False,
1775842371.324139,entry_decision,3140,C,BUY,40,1168,,earnings,,strength=0.117837 target=200,120,1163.3333,29695.00,80.00,29775.00,-109905.00,29775.00,earnings,earnings,BUY,200,0.117837,True,1116.7772,1164,1168,1166.0000,4,2.321899,0.117837,0.000000,-8.0000,,,,,,,,,,-23.3947,-23.3947,0.004978,0.054256,0.940767,0,0,0,book,False,
1775842371.324527,heartbeat_forced,3140,,,,,,,,,120,1163.3333,29695.00,80.00,29775.00,-109905.00,29775.00,earnings,earnings,BUY,200,0.117837,True,1116.7772,1164,1168,1166.0000,4,2.321899,0.117837,0.000000,-8.0000,,,,,,,,,,-23.3947,-23.3947,0.004978,0.054256,0.940767,0,0,0,book,False,
1775842371.354454,fill,3140,C,BUY,40,1168,1775841734571,earnings_entry,,,160,1164.5000,29695.00,560.00,30255.00,-156625.00,30255.00,earnings,earnings,BUY,200,0.117837,True,1116.7772,1168,1168,1168.0000,0,2.321899,0.117837,0.000000,-8.0000,,,,,,,,,,-23.3947,-23.3947,0.004978,0.054256,0.940767,0,0,0,book,False,
1775842371.647139,order_placed,3140,C,BUY,40,1172,1775841734572,earnings_entry,,,160,1164.5000,29695.00,560.00,30255.00,-156625.00,30255.00,earnings,earnings,BUY,200,0.117837,True,1116.8531,1168,1172,1170.0000,4,2.321899,0.117837,0.000000,-8.0000,,,,,,,,,,-23.4569,-23.4569,0.004978,0.051767,0.943255,0,0,0,book,False,
1775842371.648112,entry_decision,3140,C,BUY,40,1172,,earnings,,strength=0.117837 target=200,160,1164.5000,29695.00,560.00,30255.00,-156625.00,30255.00,earnings,earnings,BUY,200,0.117837,True,1116.8531,1168,1172,1170.0000,4,2.321899,0.117837,0.000000,-8.0000,,,,,,,,,,-23.4569,-23.4569,0.004978,0.051767,0.943255,0,0,0,book,False,
1775842371.648959,heartbeat_forced,3140,,,,,,,,,160,1164.5000,29695.00,560.00,30255.00,-156625.00,30255.00,earnings,earnings,BUY,200,0.117837,True,1116.8531,1168,1172,1170.0000,4,2.321899,0.117837,0.000000,-8.0000,,,,,,,,,,-23.4569,-23.4569,0.004978,0.051767,0.943255,0,0,0,book,False,
1775842371.677971,fill,3140,C,BUY,40,1171,1775841734572,earnings_entry,,,200,1165.8000,29695.00,1240.00,30935.00,-203465.00,30935.00,earnings,earnings,BUY,200,0.117837,True,1116.8692,1172,1171,1171.5000,-1,2.321899,0.117837,0.000000,-8.0000,,,,,,,,,,-23.4701,-23.4701,0.005970,0.049254,0.944776,0,0,0,book,False,
1775842372.645714,order_placed,3140,C,SELL,40,1185,1775841734573,long_profit_1,,,200,1165.8000,29695.00,3840.00,33535.00,-203465.00,33535.00,earnings,earnings,BUY,200,0.117837,True,1116.6559,1185,1187,1186.0000,2,2.321899,0.117837,0.000000,-8.0000,,,,,,,,,,-23.2952,-23.2952,0.004978,0.058238,0.936784,0,0,0,book,False,
1775842372.645973,exit_trigger,3140,,,40,,,long_profit_1,long_profit_1,,200,1165.8000,29695.00,3840.00,33535.00,-203465.00,33535.00,earnings,earnings,BUY,200,0.117837,True,1116.6559,1185,1187,1186.0000,2,2.321899,0.117837,0.000000,-8.0000,,,,,,,,,,-23.2952,-23.2952,0.004978,0.058238,0.936784,0,0,0,book,False,
1775842372.646946,heartbeat_forced,3140,,,,,,,,,200,1165.8000,29695.00,3840.00,33535.00,-203465.00,33535.00,earnings,earnings,BUY,200,0.117837,True,1116.6559,1185,1187,1186.0000,2,2.321899,0.117837,0.000000,-8.0000,,,,,,,,,,-23.2952,-23.2952,0.004978,0.058238,0.936784,0,0,0,book,False,
1775842372.677808,fill,3140,C,SELL,40,1185,1775841734573,long_profit_1,,,160,1165.8000,30463.00,3072.00,33535.00,-156065.00,33535.00,earnings,earnings,BUY,200,0.117837,True,1116.6266,1185,1185,1185.0000,0,2.321899,0.117837,0.000000,-8.0000,,,,,,,,,,-23.2711,-23.2711,0.004975,0.059204,0.935821,0,0,0,book,False,
1775842373.648063,order_placed,3140,C,SELL,40,1205,1775841734574,long_profit_2,,,160,1165.8000,30463.00,6272.00,36735.00,-156065.00,36735.00,earnings,earnings,BUY,200,0.117837,True,1116.6590,1205,1206,1205.5000,1,2.321899,0.117837,0.000000,-8.0000,,,,,,,,,,-23.2977,-23.2977,0.005964,0.056163,0.937873,0,0,0,book,False,
1775842373.648627,exit_trigger,3140,,,40,,,long_profit_2,long_profit_2,,160,1165.8000,30463.00,6272.00,36735.00,-156065.00,36735.00,earnings,earnings,BUY,200,0.117837,True,1116.6590,1205,1206,1205.5000,1,2.321899,0.117837,0.000000,-8.0000,,,,,,,,,,-23.2977,-23.2977,0.005964,0.056163,0.937873,0,0,0,book,False,
1775842373.649442,heartbeat_forced,3140,,,,,,,,,160,1165.8000,30463.00,6272.00,36735.00,-156065.00,36735.00,earnings,earnings,BUY,200,0.117837,True,1116.6590,1205,1206,1205.5000,1,2.321899,0.117837,0.000000,-8.0000,,,,,,,,,,-23.2977,-23.2977,0.005964,0.056163,0.937873,0,0,0,book,False,
1775842373.677419,fill,3140,C,SELL,40,1205,1775841734574,long_profit_2,,,120,1165.8000,32031.00,4704.00,36735.00,-107865.00,36735.00,earnings,earnings,BUY,200,0.117837,True,1116.7176,1205,1205,1205.0000,0,2.321899,0.117837,0.000000,-8.0000,,,,,,,,,,-23.3458,-23.3458,0.004975,0.056219,0.938806,0,0,0,book,False,
1775842375.446594,macro_eval,3165,,,0,,,,below_threshold,score=+0.00 headline=Profitability metrics take a sharp downturn at A.,120,1165.8000,32031.00,6504.00,38535.00,-107865.00,38535.00,earnings,earnings,BUY,200,0.117837,True,1116.5205,1220,1225,1222.5000,5,2.321899,0.117837,0.000000,-8.0000,,,0.0000,0,,+0.375488,unstructured,,,-23.1841,-23.1841,0.004975,0.062687,0.932338,0,0,0,book,False,"{'timestamp': 3165, 'kind': 'unstructured', 'new_data': {'content': 'Profitability metrics take a sharp downturn at A.'}}"
1775842375.447804,news_ignored,3165,,,,,,,weak_macro_news,score=+0.00,120,1165.8000,32031.00,6504.00,38535.00,-107865.00,38535.00,earnings,earnings,BUY,200,0.117837,True,1116.5205,1220,1225,1222.5000,5,2.321899,0.117837,0.000000,-8.0000,,,0.0000,0,,+0.375488,unstructured,,,-23.1841,-23.1841,0.004975,0.062687,0.932338,0,0,0,book,False,"{'timestamp': 3165, 'kind': 'unstructured', 'new_data': {'content': 'Profitability metrics take a sharp downturn at A.'}}"
1775842376.649890,heartbeat,3165,,,,,,,,,120,1165.8000,32031.00,7104.00,39135.00,-107865.00,39135.00,earnings,earnings,BUY,200,0.117837,True,1116.2871,1225,1228,1226.5000,3,2.321899,0.117837,0.000000,-8.0000,,,,,,,,,,-22.9925,-22.9925,0.004988,0.070324,0.924688,0,0,0,book,False,
1775842379.650347,heartbeat,3165,,,,,,,,,120,1165.8000,32031.00,6264.00,38295.00,-107865.00,38295.00,earnings,earnings,BUY,200,0.117837,True,1114.9455,1218,1220,1219.0000,2,2.321899,0.117837,0.000000,-8.0000,,,,,,,,,,-21.8905,-21.8905,0.004975,0.114428,0.880597,0,0,0,book,False,
1775842381.067834,order_placed,3165,C,SELL,40,1208,1775841734575,profit_trail,,,120,1165.8000,32031.00,5064.00,37095.00,-107865.00,37095.00,earnings,earnings,BUY,200,0.117837,True,1114.6711,1208,1210,1209.0000,2,2.321899,0.117837,0.000000,-8.0000,,,,,,,,,,-21.6650,-21.6650,0.005973,0.121453,0.872573,0,0,0,book,False,
1775842381.068384,exit_trigger,3165,,,40,,,profit_trail,profit_trail,,120,1165.8000,32031.00,5064.00,37095.00,-107865.00,37095.00,earnings,earnings,BUY,200,0.117837,True,1114.6711,1208,1210,1209.0000,2,2.321899,0.117837,0.000000,-8.0000,,,,,,,,,,-21.6650,-21.6650,0.005973,0.121453,0.872573,0,0,0,book,False,
1775842381.068872,heartbeat_forced,3165,,,,,,,,,120,1165.8000,32031.00,5064.00,37095.00,-107865.00,37095.00,earnings,earnings,BUY,200,0.117837,True,1114.6711,1208,1210,1209.0000,2,2.321899,0.117837,0.000000,-8.0000,,,,,,,,,,-21.6650,-21.6650,0.005973,0.121453,0.872573,0,0,0,book,False,
1775842381.644844,order_placed,3165,C,SELL,40,1206,1775841734576,profit_trail,,,120,1165.8000,32031.00,4824.00,36855.00,-107865.00,36855.00,earnings,earnings,BUY,200,0.117837,True,1114.6208,1206,1208,1207.0000,2,2.321899,0.117837,0.000000,-8.0000,,,,,,,,,,-21.6236,-21.6236,0.004965,0.125124,0.869911,0,0,0,book,False,
1775842381.645486,exit_trigger,3165,,,40,,,profit_trail,profit_trail,,120,1165.8000,32031.00,4824.00,36855.00,-107865.00,36855.00,earnings,earnings,BUY,200,0.117837,True,1114.6208,1206,1208,1207.0000,2,2.321899,0.117837,0.000000,-8.0000,,,,,,,,,,-21.6236,-21.6236,0.004965,0.125124,0.869911,0,0,0,book,False,
1775842381.646591,heartbeat_forced,3165,,,,,,,,,120,1165.8000,32031.00,4824.00,36855.00,-107865.00,36855.00,earnings,earnings,BUY,200,0.117837,True,1114.6208,1206,1208,1207.0000,2,2.321899,0.117837,0.000000,-8.0000,,,,,,,,,,-21.6236,-21.6236,0.004965,0.125124,0.869911,0,0,0,book,False,
1775842381.674975,cancel_response,3165,C,SELL,40,1208,1775841734575,profit_trail,,success=True error=None,120,1165.8000,32031.00,4704.00,36735.00,-107865.00,36735.00,earnings,earnings,BUY,200,0.117837,True,1114.5954,1205,1209,1207.0000,4,2.321899,0.117837,0.000000,-8.0000,,,,,,,,,,-21.6028,-21.6028,0.004978,0.125933,0.869089,0,0,0,book,False,
1775842381.851065,fill,3165,C,SELL,40,1206,1775841734576,profit_trail,,,80,1165.8000,33639.00,3216.00,36855.00,-59625.00,36855.00,earnings,earnings,BUY,200,0.117837,True,1114.5954,1206,1206,1206.0000,0,2.321899,0.117837,0.000000,-8.0000,,,,,,,,,,-21.6028,-21.6028,0.004978,0.125933,0.869089,0,0,0,book,False,
1775842381.852034,order_placed,3165,C,SELL,40,1206,1775841734577,profit_trail,,,80,1165.8000,33639.00,3216.00,36855.00,-59625.00,36855.00,earnings,earnings,BUY,200,0.117837,True,1114.5954,1206,1206,1206.0000,0,2.321899,0.117837,0.000000,-8.0000,,,,,,,,,,-21.6028,-21.6028,0.004978,0.125933,0.869089,0,0,0,book,False,
1775842381.852609,exit_trigger,3165,,,40,,,profit_trail,profit_trail,,80,1165.8000,33639.00,3216.00,36855.00,-59625.00,36855.00,earnings,earnings,BUY,200,0.117837,True,1114.5954,1206,1206,1206.0000,0,2.321899,0.117837,0.000000,-8.0000,,,,,,,,,,-21.6028,-21.6028,0.004978,0.125933,0.869089,0,0,0,book,False,
1775842381.853457,heartbeat_forced,3165,,,,,,,,,80,1165.8000,33639.00,3216.00,36855.00,-59625.00,36855.00,earnings,earnings,BUY,200,0.117837,True,1114.5954,1206,1206,1206.0000,0,2.321899,0.117837,0.000000,-8.0000,,,,,,,,,,-21.6028,-21.6028,0.004978,0.125933,0.869089,0,0,0,book,False,
1775842381.884135,fill,3165,C,SELL,40,1206,1775841734577,profit_trail,,,40,1165.8000,35247.00,1608.00,36855.00,-11385.00,36855.00,earnings,earnings,BUY,200,0.117837,True,1114.5219,1206,1206,1206.0000,0,2.321899,0.117837,0.000000,-8.0000,,,,,,,,,,-21.5423,-21.5423,0.004975,0.128358,0.866667,0,0,0,book,False,
1775842381.885007,order_placed,3165,C,SELL,40,1206,1775841734578,profit_trail,,,40,1165.8000,35247.00,1608.00,36855.00,-11385.00,36855.00,earnings,earnings,BUY,200,0.117837,True,1114.5219,1206,1206,1206.0000,0,2.321899,0.117837,0.000000,-8.0000,,,,,,,,,,-21.5423,-21.5423,0.004975,0.128358,0.866667,0,0,0,book,False,
1775842381.885249,exit_trigger,3165,,,40,,,profit_trail,profit_trail,,40,1165.8000,35247.00,1608.00,36855.00,-11385.00,36855.00,earnings,earnings,BUY,200,0.117837,True,1114.5219,1206,1206,1206.0000,0,2.321899,0.117837,0.000000,-8.0000,,,,,,,,,,-21.5423,-21.5423,0.004975,0.128358,0.866667,0,0,0,book,False,
1775842381.885596,heartbeat_forced,3165,,,,,,,,,40,1165.8000,35247.00,1608.00,36855.00,-11385.00,36855.00,earnings,earnings,BUY,200,0.117837,True,1114.5219,1206,1206,1206.0000,0,2.321899,0.117837,0.000000,-8.0000,,,,,,,,,,-21.5423,-21.5423,0.004975,0.128358,0.866667,0,0,0,book,False,
1775842381.931381,fill,3165,C,SELL,35,1206,1775841734578,profit_trail,,,5,1165.8000,36654.00,201.00,36855.00,30825.00,36855.00,earnings,earnings,BUY,200,0.117837,True,1114.5219,1206,1206,1206.0000,0,2.321899,0.117837,0.000000,-8.0000,,,,,,,,,,-21.5423,-21.5423,0.004975,0.128358,0.866667,0,0,0,book,False,
1775842382.049634,fill,3165,C,SELL,5,1206,1775841734578,profit_trail,,,0,,36855.00,0.00,36855.00,36855.00,36855.00,flat,,,,,,1114.5219,1213,1206,1209.5000,-7,2.321899,0.117837,0.000000,-8.0000,,,,,,,,,,-21.5423,-21.5423,0.004975,0.128358,0.866667,0,0,0,flat,False,
1775842382.053275,macro_eval,3198,,BUY,80,,,,candidate,score=-3.00 headline=Policymakers note that real rates are well above neutral estimates.,0,,36855.00,0.00,36855.00,36855.00,36855.00,flat,,,,,,1114.5219,1205,1210,1207.5000,5,2.321899,0.117837,0.000000,-8.0000,,,-3.0000,80,BUY,+0.375488,unstructured,,,-21.5423,-21.5423,0.004975,0.128358,0.866667,0,0,0,flat,False,"{'timestamp': 3198, 'kind': 'unstructured', 'new_data': {'content': 'Policymakers note that real rates are well above neutral estimates.'}}"
1775842382.053733,macro_signal,3198,,BUY,80,,,,,score=-3.00 headline=Policymakers note that real rates are well above neutral estimates.,0,,36855.00,0.00,36855.00,36855.00,36855.00,flat,macro,BUY,80,3.000000,True,1120.0096,1205,1210,1207.5000,5,2.321899,0.117837,0.000000,-4.5000,,,-3.0000,80,BUY,+0.375488,,,,-26.0423,-21.5423,0.004975,0.128358,0.866667,0,0,0,flat,False,"{'timestamp': 3198, 'kind': 'unstructured', 'new_data': {'content': 'Policymakers note that real rates are well above neutral estimates.'}}"
1775842382.054655,entry_blocked,3198,,,80,,,macro,buy_over_fair_px_1210_fair_1120.0,,0,,36855.00,0.00,36855.00,36855.00,36855.00,flat,macro,BUY,80,3.000000,True,1120.0096,1205,1210,1207.5000,5,2.321899,0.117837,0.000000,-4.5000,,,,,,,,,,-26.0423,-21.5423,0.004975,0.128358,0.866667,0,0,0,flat,False,
1775842382.056271,entry_blocked,3198,,,80,,,macro,buy_over_fair_px_1210_fair_1120.6,,0,,36855.00,0.00,36855.00,36855.00,36855.00,flat,macro,BUY,80,3.000000,True,1120.5720,1205,1210,1207.5000,5,2.321899,0.117837,0.000000,-4.5000,,,,,,,,,,-26.5020,-22.0020,0.005081,0.109756,0.885163,0,0,0,flat,False,
1775842382.058237,entry_blocked,3198,,,80,,,macro,buy_over_fair_px_1210_fair_1120.0,,0,,36855.00,0.00,36855.00,36855.00,36855.00,flat,macro,BUY,80,3.000000,True,1120.0096,1205,1210,1207.5000,5,2.321899,0.117837,0.000000,-4.5000,,,,,,,,,,-26.0423,-21.5423,0.004975,0.128358,0.866667,0,0,0,flat,False,
1775842382.063180,entry_blocked,3198,,,80,,,macro,buy_over_fair_px_1211_fair_1120.0,,0,,36855.00,0.00,36855.00,36855.00,36855.00,flat,macro,BUY,80,3.000000,True,1120.0096,1205,1211,1208.0000,6,2.321899,0.117837,0.000000,-4.5000,,,,,,,,,,-26.0423,-21.5423,0.004975,0.128358,0.866667,0,0,0,flat,False,
1775842382.064067,entry_blocked,3198,,,80,,,macro,buy_over_fair_px_1211_fair_1120.6,,0,,36855.00,0.00,36855.00,36855.00,36855.00,flat,macro,BUY,80,3.000000,True,1120.5720,1205,1211,1208.0000,6,2.321899,0.117837,0.000000,-4.5000,,,,,,,,,,-26.5020,-22.0020,0.005081,0.109756,0.885163,0,0,0,flat,False,
1775842382.065140,entry_blocked,3198,,,80,,,macro,buy_over_fair_px_1212_fair_1120.6,,0,,36855.00,0.00,36855.00,36855.00,36855.00,flat,macro,BUY,80,3.000000,True,1120.5720,1211,1212,1211.5000,1,2.321899,0.117837,0.000000,-4.5000,,,,,,,,,,-26.5020,-22.0020,0.005081,0.109756,0.885163,0,0,0,flat,False,
1775842382.075304,entry_blocked,3198,,,80,,,macro,buy_over_fair_px_1213_fair_1120.6,,0,,36855.00,0.00,36855.00,36855.00,36855.00,flat,macro,BUY,80,3.000000,True,1120.5720,1211,1213,1212.0000,2,2.321899,0.117837,0.000000,-4.5000,,,,,,,,,,-26.5020,-22.0020,0.005081,0.109756,0.885163,0,0,0,flat,False,
1775842382.075876,entry_blocked,3198,,,80,,,macro,buy_over_fair_px_1214_fair_1120.6,,0,,36855.00,0.00,36855.00,36855.00,36855.00,flat,macro,BUY,80,3.000000,True,1120.5720,1211,1214,1212.5000,3,2.321899,0.117837,0.000000,-4.5000,,,,,,,,,,-26.5020,-22.0020,0.005081,0.109756,0.885163,0,0,0,flat,False,
1775842382.076377,entry_blocked,3198,,,80,,,macro,buy_over_fair_px_1215_fair_1120.6,,0,,36855.00,0.00,36855.00,36855.00,36855.00,flat,macro,BUY,80,3.000000,True,1120.5720,1211,1215,1213.0000,4,2.321899,0.117837,0.000000,-4.5000,,,,,,,,,,-26.5020,-22.0020,0.005081,0.109756,0.885163,0,0,0,flat,False,
1775842382.076930,entry_blocked,3198,,,80,,,macro,buy_over_fair_px_1216_fair_1120.6,,0,,36855.00,0.00,36855.00,36855.00,36855.00,flat,macro,BUY,80,3.000000,True,1120.5720,1211,1216,1213.5000,5,2.321899,0.117837,0.000000,-4.5000,,,,,,,,,,-26.5020,-22.0020,0.005081,0.109756,0.885163,0,0,0,flat,False,
1775842382.078457,entry_blocked,3198,,,80,,,macro,buy_over_fair_px_1217_fair_1120.6,,0,,36855.00,0.00,36855.00,36855.00,36855.00,flat,macro,BUY,80,3.000000,True,1120.5720,1211,1217,1214.0000,6,2.321899,0.117837,0.000000,-4.5000,,,,,,,,,,-26.5020,-22.0020,0.005081,0.109756,0.885163,0,0,0,flat,False,
1775842382.244526,entry_blocked,3198,,,80,,,macro,buy_over_fair_px_1216_fair_1120.6,,0,,36855.00,0.00,36855.00,36855.00,36855.00,flat,macro,BUY,80,3.000000,True,1120.5720,1212,1216,1214.0000,4,2.321899,0.117837,0.000000,-4.5000,,,,,,,,,,-26.5020,-22.0020,0.005081,0.109756,0.885163,0,0,0,flat,False,
1775842382.247985,entry_blocked,3198,,,80,,,macro,buy_over_fair_px_1216_fair_1120.7,,0,,36855.00,0.00,36855.00,36855.00,36855.00,flat,macro,BUY,80,3.000000,True,1120.6629,1212,1216,1214.0000,4,2.321899,0.117837,0.000000,-4.5000,,,,,,,,,,-26.5763,-22.0763,0.004955,0.107037,0.888008,0,0,0,flat,False,
1775842382.251406,entry_blocked,3198,,,80,,,macro,buy_over_fair_px_1216_fair_1120.6,,0,,36855.00,0.00,36855.00,36855.00,36855.00,flat,macro,BUY,80,3.000000,True,1120.5720,1212,1216,1214.0000,4,2.321899,0.117837,0.000000,-4.5000,,,,,,,,,,-26.5020,-22.0020,0.005081,0.109756,0.885163,0,0,0,flat,False,
1775842382.259047,entry_blocked,3198,,,80,,,macro,buy_over_fair_px_1216_fair_1121.3,,0,,36855.00,0.00,36855.00,36855.00,36855.00,flat,macro,BUY,80,3.000000,True,1121.3376,1212,1216,1214.0000,4,2.321899,0.117837,0.000000,-4.5000,,,,,,,,,,-27.1276,-22.6276,0.005102,0.084694,0.910204,0,0,0,flat,False,
1775842382.259695,entry_blocked,3198,,,80,,,macro,buy_over_fair_px_1216_fair_1121.4,,0,,36855.00,0.00,36855.00,36855.00,36855.00,flat,macro,BUY,80,3.000000,True,1121.4127,1212,1216,1214.0000,4,2.321899,0.117837,0.000000,-4.5000,,,,,,,,,,-27.1889,-22.6889,0.004970,0.082505,0.912525,0,0,0,flat,False,
1775842382.444397,entry_blocked,3198,,,80,,,macro,buy_over_fair_px_1216_fair_1121.5,,0,,36855.00,0.00,36855.00,36855.00,36855.00,flat,macro,BUY,80,3.000000,True,1121.5237,1212,1216,1214.0000,4,2.321899,0.117837,0.000000,-4.5000,,,,,,,,,,-27.2794,-22.7794,0.004990,0.078842,0.916168,0,0,0,flat,False,
1775842382.446293,entry_blocked,3198,,,80,,,macro,buy_over_fair_px_1216_fair_1121.6,,0,,36855.00,0.00,36855.00,36855.00,36855.00,flat,macro,BUY,80,3.000000,True,1121.6355,1212,1216,1214.0000,4,2.321899,0.117837,0.000000,-4.5000,,,,,,,,,,-27.3707,-22.8707,0.005010,0.075150,0.919840,0,0,0,flat,False,
1775842382.447358,entry_blocked,3198,,,80,,,macro,buy_over_fair_px_1216_fair_1121.5,,0,,36855.00,0.00,36855.00,36855.00,36855.00,flat,macro,BUY,80,3.000000,True,1121.5237,1212,1216,1214.0000,4,2.321899,0.117837,0.000000,-4.5000,,,,,,,,,,-27.2794,-22.7794,0.004990,0.078842,0.916168,0,0,0,flat,False,
1775842382.465222,entry_blocked,3198,,,80,,,macro,buy_over_fair_px_1217_fair_1121.5,,0,,36855.00,0.00,36855.00,36855.00,36855.00,flat,macro,BUY,80,3.000000,True,1121.5452,1213,1217,1215.0000,4,2.321899,0.117837,0.000000,-4.5000,,,,,,,,,,-27.2970,-22.7970,0.004950,0.078218,0.916832,0,0,0,flat,False,
1775842382.644876,entry_blocked,3198,,,80,,,macro,buy_over_fair_px_1217_fair_1121.6,,0,,36855.00,0.00,36855.00,36855.00,36855.00,flat,macro,BUY,80,3.000000,True,1121.6145,1213,1217,1215.0000,4,2.321899,0.117837,0.000000,-4.5000,,,,,,,,,,-27.3536,-22.8536,0.004963,0.075931,0.919107,0,0,0,flat,False,
1775842382.645684,entry_blocked,3198,,,80,,,macro,buy_over_fair_px_1217_fair_1121.7,,0,,36855.00,0.00,36855.00,36855.00,36855.00,flat,macro,BUY,80,3.000000,True,1121.6841,1213,1217,1215.0000,4,2.321899,0.117837,0.000000,-4.5000,,,,,,,,,,-27.4104,-22.9104,0.004975,0.073632,0.921393,0,0,0,flat,False,
1775842382.853586,entry_blocked,3198,,,80,,,macro,buy_over_fair_px_1215_fair_1121.7,,0,,36855.00,0.00,36855.00,36855.00,36855.00,flat,macro,BUY,80,3.000000,True,1121.6841,1213,1215,1214.0000,2,2.321899,0.117837,0.000000,-4.5000,,,,,,,,,,-27.4104,-22.9104,0.004975,0.073632,0.921393,0,0,0,flat,False,
1775842383.050920,entry_blocked,3198,,,80,,,macro,buy_over_fair_px_1216_fair_1121.7,,0,,36855.00,0.00,36855.00,36855.00,36855.00,flat,macro,BUY,80,3.000000,True,1121.6879,1211,1216,1213.5000,5,2.321899,0.117837,0.000000,-4.5000,,,,,,,,,,-27.4136,-22.9136,0.004968,0.073522,0.921510,0,0,0,flat,False,
1775842383.070848,entry_blocked,3198,,,80,,,macro,buy_over_fair_px_1217_fair_1121.7,,0,,36855.00,0.00,36855.00,36855.00,36855.00,flat,macro,BUY,80,3.000000,True,1121.7438,1215,1217,1216.0000,2,2.321899,0.117837,0.000000,-4.5000,,,,,,,,,,-27.4592,-22.9592,0.004978,0.071677,0.923345,0,0,0,flat,False,
1775842383.071545,entry_blocked,3198,,,80,,,macro,buy_over_fair_px_1218_fair_1121.7,,0,,36855.00,0.00,36855.00,36855.00,36855.00,flat,macro,BUY,80,3.000000,True,1121.7438,1215,1218,1216.5000,3,2.321899,0.117837,0.000000,-4.5000,,,,,,,,,,-27.4592,-22.9592,0.004978,0.071677,0.923345,0,0,0,flat,False,
1775842383.072236,entry_blocked,3198,,,80,,,macro,buy_over_fair_px_1219_fair_1121.7,,0,,36855.00,0.00,36855.00,36855.00,36855.00,flat,macro,BUY,80,3.000000,True,1121.7438,1215,1219,1217.0000,4,2.321899,0.117837,0.000000,-4.5000,,,,,,,,,,-27.4592,-22.9592,0.004978,0.071677,0.923345,0,0,0,flat,False,
1775842383.073049,entry_blocked,3198,,,80,,,macro,buy_over_fair_px_1220_fair_1121.7,,0,,36855.00,0.00,36855.00,36855.00,36855.00,flat,macro,BUY,80,3.000000,True,1121.7438,1215,1220,1217.5000,5,2.321899,0.117837,0.000000,-4.5000,,,,,,,,,,-27.4592,-22.9592,0.004978,0.071677,0.923345,0,0,0,flat,False,
1775842383.249133,entry_blocked,3198,,,80,,,macro,buy_over_fair_px_1220_fair_1121.8,,0,,36855.00,0.00,36855.00,36855.00,36855.00,flat,macro,BUY,80,3.000000,True,1121.7999,1215,1220,1217.5000,5,2.321899,0.117837,0.000000,-4.5000,,,,,,,,,,-27.5050,-23.0050,0.004988,0.069825,0.925187,0,0,0,flat,False,
1775842383.252459,entry_blocked,3198,,,80,,,macro,buy_over_fair_px_1218_fair_1121.8,,0,,36855.00,0.00,36855.00,36855.00,36855.00,flat,macro,BUY,80,3.000000,True,1121.8060,1215,1218,1216.5000,3,2.321899,0.117837,0.000000,-4.5000,,,,,,,,,,-27.5100,-23.0100,0.004975,0.069652,0.925373,0,0,0,flat,False,
1775842383.448503,entry_blocked,3198,,,80,,,macro,buy_over_fair_px_1213_fair_1121.8,,0,,36855.00,0.00,36855.00,36855.00,36855.00,flat,macro,BUY,80,3.000000,True,1121.7908,1214,1213,1213.5000,-1,2.321899,0.117837,0.000000,-4.5000,,,,,,,,,,-27.4975,-22.9975,0.004975,0.070149,0.924876,0,0,0,flat,False,
1775842383.449505,entry_blocked,3198,,,80,,,macro,buy_over_fair_px_1218_fair_1121.8,,0,,36855.00,0.00,36855.00,36855.00,36855.00,flat,macro,BUY,80,3.000000,True,1121.7908,1213,1218,1215.5000,5,2.321899,0.117837,0.000000,-4.5000,,,,,,,,,,-27.4975,-22.9975,0.004975,0.070149,0.924876,0,0,0,flat,False,
1775842383.451086,entry_blocked,3198,,,80,,,macro,buy_over_fair_px_1214_fair_1121.8,,0,,36855.00,0.00,36855.00,36855.00,36855.00,flat,macro,BUY,80,3.000000,True,1121.7908,1213,1214,1213.5000,1,2.321899,0.117837,0.000000,-4.5000,,,,,,,,,,-27.4975,-22.9975,0.004975,0.070149,0.924876,0,0,0,flat,False,
1775842383.650101,entry_blocked,3198,,,80,,,macro,buy_over_fair_px_1214_fair_1121.7,,0,,36855.00,0.00,36855.00,36855.00,36855.00,flat,macro,BUY,80,3.000000,True,1121.7133,1212,1214,1213.0000,2,2.321899,0.117837,0.000000,-4.5000,,,,,,,,,,-27.4343,-22.9343,0.004978,0.072673,0.922349,0,0,0,flat,False,
1775842383.664210,entry_blocked,3198,,,80,,,macro,buy_over_fair_px_1215_fair_1121.7,,0,,36855.00,0.00,36855.00,36855.00,36855.00,flat,macro,BUY,80,3.000000,True,1121.6994,1212,1215,1213.5000,3,2.321899,0.117837,0.000000,-4.5000,,,,,,,,,,-27.4229,-22.9229,0.004975,0.073134,0.921891,0,0,0,flat,False,
1775842383.664757,entry_blocked,3198,,,80,,,macro,buy_over_fair_px_1216_fair_1121.7,,0,,36855.00,0.00,36855.00,36855.00,36855.00,flat,macro,BUY,80,3.000000,True,1121.6994,1212,1216,1214.0000,4,2.321899,0.117837,0.000000,-4.5000,,,,,,,,,,-27.4229,-22.9229,0.004975,0.073134,0.921891,0,0,0,flat,False,
1775842383.850442,entry_blocked,3198,,,80,,,macro,buy_over_fair_px_1216_fair_1121.6,,0,,36855.00,0.00,36855.00,36855.00,36855.00,flat,macro,BUY,80,3.000000,True,1121.5927,1213,1216,1214.5000,3,2.321899,0.117837,0.000000,-4.5000,,,,,,,,,,-27.3358,-22.8358,0.004975,0.076617,0.918408,0,0,0,flat,False,
1775842383.864076,entry_blocked,3198,,,80,,,macro,buy_over_fair_px_1217_fair_1121.6,,0,,36855.00,0.00,36855.00,36855.00,36855.00,flat,macro,BUY,80,3.000000,True,1121.5927,1213,1217,1215.0000,4,2.321899,0.117837,0.000000,-4.5000,,,,,,,,,,-27.3358,-22.8358,0.004975,0.076617,0.918408,0,0,0,flat,False,
1775842384.049472,entry_blocked,3198,,,80,,,macro,buy_over_fair_px_1218_fair_1121.6,,0,,36855.00,0.00,36855.00,36855.00,36855.00,flat,macro,BUY,80,3.000000,True,1121.5927,1222,1218,1220.0000,-4,2.321899,0.117837,0.000000,-4.5000,,,,,,,,,,-27.3358,-22.8358,0.004975,0.076617,0.918408,0,0,0,flat,False,
1775842384.051663,entry_blocked,3198,,,80,,,macro,buy_over_fair_px_1223_fair_1121.6,,0,,36855.00,0.00,36855.00,36855.00,36855.00,flat,macro,BUY,80,3.000000,True,1121.5927,1222,1223,1222.5000,1,2.321899,0.117837,0.000000,-4.5000,,,,,,,,,,-27.3358,-22.8358,0.004975,0.076617,0.918408,0,0,0,flat,False,
1775842384.059900,entry_blocked,3198,,,80,,,macro,buy_over_fair_px_1214_fair_1121.6,,0,,36855.00,0.00,36855.00,36855.00,36855.00,flat,macro,BUY,80,3.000000,True,1121.5861,1213,1214,1213.5000,1,2.321899,0.117837,0.000000,-4.5000,,,,,,,,,,-27.3304,-22.8304,0.004988,0.076808,0.918204,0,0,0,flat,False,
1775842384.061764,entry_blocked,3198,,,80,,,macro,buy_over_fair_px_1214_fair_1121.5,,0,,36855.00,0.00,36855.00,36855.00,36855.00,flat,macro,BUY,80,3.000000,True,1121.5443,1213,1214,1213.5000,1,2.321899,0.117837,0.000000,-4.5000,,,,,,,,,,-27.2963,-22.7963,0.004980,0.078187,0.916833,0,0,0,flat,False,
1775842384.264394,entry_blocked,3198,,,80,,,macro,buy_over_fair_px_1215_fair_1121.5,,0,,36855.00,0.00,36855.00,36855.00,36855.00,flat,macro,BUY,80,3.000000,True,1121.4986,1212,1215,1213.5000,3,2.321899,0.117837,0.000000,-4.5000,,,,,,,,,,-27.2590,-22.7590,0.004980,0.079681,0.915339,0,0,0,flat,False,
1775842384.265197,entry_blocked,3198,,,80,,,macro,buy_over_fair_px_1216_fair_1121.5,,0,,36855.00,0.00,36855.00,36855.00,36855.00,flat,macro,BUY,80,3.000000,True,1121.4986,1212,1216,1214.0000,4,2.321899,0.117837,0.000000,-4.5000,,,,,,,,,,-27.2590,-22.7590,0.004980,0.079681,0.915339,0,0,0,flat,False,
1775842384.451996,entry_blocked,3198,,,80,,,macro,buy_over_fair_px_1216_fair_1121.6,,0,,36855.00,0.00,36855.00,36855.00,36855.00,flat,macro,BUY,80,3.000000,True,1121.6079,1212,1216,1214.0000,4,2.321899,0.117837,0.000000,-4.5000,,,,,,,,,,-27.3483,-22.8483,0.004975,0.076119,0.918905,0,0,0,flat,False,
1775842384.648418,entry_blocked,3198,,,80,,,macro,buy_over_fair_px_1216_fair_1121.7,,0,,36855.00,0.00,36855.00,36855.00,36855.00,flat,macro,BUY,80,3.000000,True,1121.7338,1212,1216,1214.0000,4,2.321899,0.117837,0.000000,-4.5000,,,,,,,,,,-27.4510,-22.9510,0.004998,0.071964,0.923038,0,0,0,flat,False,
1775842384.844701,entry_blocked,3198,,,80,,,macro,buy_over_fair_px_1217_fair_1121.7,,0,,36855.00,0.00,36855.00,36855.00,36855.00,flat,macro,BUY,80,3.000000,True,1121.7451,1212,1217,1214.5000,5,2.321899,0.117837,0.000000,-4.5000,,,,,,,,,,-27.4602,-22.9602,0.004975,0.071642,0.923383,0,0,0,flat,False,
1775842384.845659,entry_blocked,3198,,,80,,,macro,buy_over_fair_px_1217_fair_1121.8,,0,,36855.00,0.00,36855.00,36855.00,36855.00,flat,macro,BUY,80,3.000000,True,1121.7562,1212,1217,1214.5000,5,2.321899,0.117837,0.000000,-4.5000,,,,,,,,,,-27.4693,-22.9693,0.004953,0.071322,0.923725,0,0,0,flat,False,
1775842384.851328,entry_blocked,3198,,,80,,,macro,buy_over_fair_px_1217_fair_1121.9,,0,,36855.00,0.00,36855.00,36855.00,36855.00,flat,macro,BUY,80,3.000000,True,1121.8822,1212,1217,1214.5000,5,2.321899,0.117837,0.000000,-4.5000,,,,,,,,,,-27.5721,-23.0721,0.004975,0.067164,0.927861,0,0,0,flat,False,
1775842384.855825,entry_blocked,3198,,,80,,,macro,buy_over_fair_px_1218_fair_1121.9,,0,,36855.00,0.00,36855.00,36855.00,36855.00,flat,macro,BUY,80,3.000000,True,1121.8822,1212,1218,1215.0000,6,2.321899,0.117837,0.000000,-4.5000,,,,,,,,,,-27.5721,-23.0721,0.004975,0.067164,0.927861,0,0,0,flat,False,
1775842384.866448,entry_blocked,3198,,,80,,,macro,buy_over_fair_px_1219_fair_1121.9,,0,,36855.00,0.00,36855.00,36855.00,36855.00,flat,macro,BUY,80,3.000000,True,1121.8822,1216,1219,1217.5000,3,2.321899,0.117837,0.000000,-4.5000,,,,,,,,,,-27.5721,-23.0721,0.004975,0.067164,0.927861,0,0,0,flat,False,
1775842384.867514,entry_blocked,3198,,,80,,,macro,buy_over_fair_px_1220_fair_1121.9,,0,,36855.00,0.00,36855.00,36855.00,36855.00,flat,macro,BUY,80,3.000000,True,1121.8822,1216,1220,1218.0000,4,2.321899,0.117837,0.000000,-4.5000,,,,,,,,,,-27.5721,-23.0721,0.004975,0.067164,0.927861,0,0,0,flat,False,
1775842384.868397,entry_blocked,3198,,,80,,,macro,buy_over_fair_px_1221_fair_1121.9,,0,,36855.00,0.00,36855.00,36855.00,36855.00,flat,macro,BUY,80,3.000000,True,1121.8822,1216,1221,1218.5000,5,2.321899,0.117837,0.000000,-4.5000,,,,,,,,,,-27.5721,-23.0721,0.004975,0.067164,0.927861,0,0,0,flat,False,
1775842384.869005,entry_blocked,3198,,,80,,,macro,buy_over_fair_px_1222_fair_1121.9,,0,,36855.00,0.00,36855.00,36855.00,36855.00,flat,macro,BUY,80,3.000000,True,1121.8822,1216,1222,1219.0000,6,2.321899,0.117837,0.000000,-4.5000,,,,,,,,,,-27.5721,-23.0721,0.004975,0.067164,0.927861,0,0,0,flat,False,
1775842385.046353,heartbeat,3198,,,,,,,,,0,,36855.00,0.00,36855.00,36855.00,36855.00,flat,macro,BUY,80,3.000000,True,1121.8869,1216,1222,1219.0000,6,2.321899,0.117837,0.000000,-4.5000,,,,,,,,,,-27.5760,-23.0760,0.004965,0.067031,0.928004,0,0,0,flat,False,
1775842385.054913,entry_blocked,3198,,,80,,,macro,buy_over_fair_px_1226_fair_1121.9,,0,,36855.00,0.00,36855.00,36855.00,36855.00,flat,macro,BUY,80,3.000000,True,1121.8927,1216,1226,1221.0000,10,2.321899,0.117837,0.000000,-4.5000,,,,,,,,,,-27.5807,-23.0807,0.004953,0.066865,0.928182,0,0,0,flat,False,
1775842385.055887,entry_blocked,3198,,,80,,,macro,buy_over_fair_px_1227_fair_1121.9,,0,,36855.00,0.00,36855.00,36855.00,36855.00,flat,macro,BUY,80,3.000000,True,1121.8927,1216,1227,1221.5000,11,2.321899,0.117837,0.000000,-4.5000,,,,,,,,,,-27.5807,-23.0807,0.004953,0.066865,0.928182,0,0,0,flat,False,
1775842385.059399,entry_blocked,3198,,,80,,,macro,buy_over_fair_px_1219_fair_1121.9,,0,,36855.00,0.00,36855.00,36855.00,36855.00,flat,macro,BUY,80,3.000000,True,1121.8927,1216,1219,1217.5000,3,2.321899,0.117837,0.000000,-4.5000,,,,,,,,,,-27.5807,-23.0807,0.004953,0.066865,0.928182,0,0,0,flat,False,
1775842385.062186,entry_blocked,3198,,,80,,,macro,buy_over_fair_px_1219_fair_1122.1,,0,,36855.00,0.00,36855.00,36855.00,36855.00,flat,macro,BUY,80,3.000000,True,1122.0760,1216,1219,1217.5000,3,2.321899,0.117837,0.000000,-4.5000,,,,,,,,,,-27.7303,-23.2303,0.004985,0.060818,0.934197,0,0,0,flat,False,
1775842385.062803,entry_blocked,3198,,,80,,,macro,buy_over_fair_px_1219_fair_1122.0,,0,,36855.00,0.00,36855.00,36855.00,36855.00,flat,macro,BUY,80,3.000000,True,1122.0194,1216,1219,1217.5000,3,2.321899,0.117837,0.000000,-4.5000,,,,,,,,,,-27.6841,-23.1841,0.004975,0.062687,0.932338,0,0,0,flat,False,
1775842385.248009,entry_blocked,3198,,,80,,,macro,buy_over_fair_px_1216_fair_1122.0,,0,,36855.00,0.00,36855.00,36855.00,36855.00,flat,macro,BUY,80,3.000000,True,1122.0487,1215,1216,1215.5000,1,2.321899,0.117837,0.000000,-4.5000,,,,,,,,,,-27.7081,-23.2081,0.004978,0.061722,0.933300,0,0,0,flat,False,
1775842385.462958,entry_blocked,3198,,,80,,,macro,buy_over_fair_px_1217_fair_1122.0,,0,,36855.00,0.00,36855.00,36855.00,36855.00,flat,macro,BUY,80,3.000000,True,1122.0346,1215,1217,1216.0000,2,2.321899,0.117837,0.000000,-4.5000,,,,,,,,,,-27.6965,-23.1965,0.004975,0.062189,0.932836,0,0,0,flat,False,
1775842385.463585,entry_blocked,3198,,,80,,,macro,buy_over_fair_px_1218_fair_1122.0,,0,,36855.00,0.00,36855.00,36855.00,36855.00,flat,macro,BUY,80,3.000000,True,1122.0346,1215,1218,1216.5000,3,2.321899,0.117837,0.000000,-4.5000,,,,,,,,,,-27.6965,-23.1965,0.004975,0.062189,0.932836,0,0,0,flat,False,
1775842385.464106,entry_blocked,3198,,,80,,,macro,buy_over_fair_px_1219_fair_1122.0,,0,,36855.00,0.00,36855.00,36855.00,36855.00,flat,macro,BUY,80,3.000000,True,1122.0346,1215,1219,1217.0000,4,2.321899,0.117837,0.000000,-4.5000,,,,,,,,,,-27.6965,-23.1965,0.004975,0.062189,0.932836,0,0,0,flat,False,
1775842385.878092,entry_blocked,3198,,,80,,,macro,buy_over_fair_px_1219_fair_1121.9,,0,,36855.00,0.00,36855.00,36855.00,36855.00,flat,macro,BUY,80,3.000000,True,1121.9409,1216,1219,1217.5000,3,2.321899,0.117837,0.000000,-4.5000,,,,,,,,,,-27.6200,-23.1200,0.004980,0.065239,0.929781,0,0,0,flat,False,
1775842385.890601,entry_blocked,3198,,,80,,,macro,buy_over_fair_px_1220_fair_1121.9,,0,,36855.00,0.00,36855.00,36855.00,36855.00,flat,macro,BUY,80,3.000000,True,1121.8822,1216,1220,1218.0000,4,2.321899,0.117837,0.000000,-4.5000,,,,,,,,,,-27.5721,-23.0721,0.005970,0.065174,0.928856,0,0,0,flat,False,
1775842386.047937,entry_blocked,3198,,,80,,,macro,buy_over_fair_px_1220_fair_1121.8,,0,,36855.00,0.00,36855.00,36855.00,36855.00,flat,macro,BUY,80,3.000000,True,1121.7841,1217,1220,1218.5000,3,2.321899,0.117837,0.000000,-4.5000,,,,,,,,,,-27.4921,-22.9921,0.005949,0.068418,0.925632,0,0,0,flat,False,
1775842386.065150,entry_blocked,3198,,,80,,,macro,buy_over_fair_px_1221_fair_1121.8,,0,,36855.00,0.00,36855.00,36855.00,36855.00,flat,macro,BUY,80,3.000000,True,1121.8353,1217,1221,1219.0000,4,2.321899,0.117837,0.000000,-4.5000,,,,,,,,,,-27.5338,-23.0338,0.004978,0.068691,0.926332,0,0,0,flat,False,
1775842386.244387,entry_blocked,3198,,,80,,,macro,buy_over_fair_px_1217_fair_1121.8,,0,,36855.00,0.00,36855.00,36855.00,36855.00,flat,macro,BUY,80,3.000000,True,1121.8353,1217,1217,1217.0000,0,2.321899,0.117837,0.000000,-4.5000,,,,,,,,,,-27.5338,-23.0338,0.004978,0.068691,0.926332,0,0,0,flat,False,
1775842386.246740,entry_blocked,3198,,,80,,,macro,buy_over_fair_px_1221_fair_1121.8,,0,,36855.00,0.00,36855.00,36855.00,36855.00,flat,macro,BUY,80,3.000000,True,1121.8353,1216,1221,1218.5000,5,2.321899,0.117837,0.000000,-4.5000,,,,,,,,,,-27.5338,-23.0338,0.004978,0.068691,0.926332,0,0,0,flat,False,
1775842386.253381,entry_blocked,3198,,,80,,,macro,buy_over_fair_px_1218_fair_1121.8,,0,,36855.00,0.00,36855.00,36855.00,36855.00,flat,macro,BUY,80,3.000000,True,1121.8269,1216,1218,1217.0000,2,2.321899,0.117837,0.000000,-4.5000,,,,,,,,,,-27.5270,-23.0270,0.004995,0.068931,0.926074,0,0,0,flat,False,
1775842386.256910,entry_blocked,3198,,,80,,,macro,buy_over_fair_px_1218_fair_1121.7,,0,,36855.00,0.00,36855.00,36855.00,36855.00,flat,macro,BUY,80,3.000000,True,1121.7146,1216,1218,1217.0000,2,2.321899,0.117837,0.000000,-4.5000,,,,,,,,,,-27.4353,-22.9353,0.004975,0.072637,0.922388,0,0,0,flat,False,
1775842386.446766,entry_blocked,3198,,,80,,,macro,buy_over_fair_px_1218_fair_1121.6,,0,,36855.00,0.00,36855.00,36855.00,36855.00,flat,macro,BUY,80,3.000000,True,1121.6345,1215,1218,1216.5000,3,2.321899,0.117837,0.000000,-4.5000,,,,,,,,,,-27.3700,-22.8700,0.004983,0.075237,0.919781,0,0,0,flat,False,
1775842386.463914,entry_blocked,3198,,,80,,,macro,buy_over_fair_px_1219_fair_1121.6,,0,,36855.00,0.00,36855.00,36855.00,36855.00,flat,macro,BUY,80,3.000000,True,1121.5927,1215,1219,1217.0000,4,2.321899,0.117837,0.000000,-4.5000,,,,,,,,,,-27.3358,-22.8358,0.004975,0.076617,0.918408,0,0,0,flat,False,
1775842386.662858,entry_blocked,3198,,,80,,,macro,buy_over_fair_px_1220_fair_1121.6,,0,,36855.00,0.00,36855.00,36855.00,36855.00,flat,macro,BUY,80,3.000000,True,1121.5622,1217,1220,1218.5000,3,2.321899,0.117837,0.000000,-4.5000,,,,,,,,,,-27.3109,-22.8109,0.004975,0.077612,0.917413,0,0,0,flat,False,
1775842386.663453,entry_blocked,3198,,,80,,,macro,buy_over_fair_px_1221_fair_1121.6,,0,,36855.00,0.00,36855.00,36855.00,36855.00,flat,macro,BUY,80,3.000000,True,1121.5622,1217,1221,1219.0000,4,2.321899,0.117837,0.000000,-4.5000,,,,,,,,,,-27.3109,-22.8109,0.004975,0.077612,0.917413,0,0,0,flat,False,
1775842386.845397,entry_blocked,3198,,,80,,,macro,buy_over_fair_px_1220_fair_1121.6,,0,,36855.00,0.00,36855.00,36855.00,36855.00,flat,macro,BUY,80,3.000000,True,1121.5622,1217,1220,1218.5000,3,2.321899,0.117837,0.000000,-4.5000,,,,,,,,,,-27.3109,-22.8109,0.004975,0.077612,0.917413,0,0,0,flat,False,
1775842386.850798,entry_blocked,3198,,,80,,,macro,buy_over_fair_px_1220_fair_1121.5,,0,,36855.00,0.00,36855.00,36855.00,36855.00,flat,macro,BUY,80,3.000000,True,1121.5345,1217,1220,1218.5000,3,2.321899,0.117837,0.000000,-4.5000,,,,,,,,,,-27.2883,-22.7883,0.004970,0.078529,0.916501,0,0,0,flat,False,
1775842387.056854,entry_blocked,3198,,,80,,,macro,buy_over_fair_px_1220_fair_1121.4,,0,,36855.00,0.00,36855.00,36855.00,36855.00,flat,macro,BUY,80,3.000000,True,1121.4349,1216,1220,1218.0000,4,2.321899,0.117837,0.000000,-4.5000,,,,,,,,,,-27.2070,-22.7070,0.004958,0.081805,0.913237,0,0,0,flat,False,
1775842387.252192,entry_blocked,3198,,,80,,,macro,buy_over_fair_px_1220_fair_1121.3,,0,,36855.00,0.00,36855.00,36855.00,36855.00,flat,macro,BUY,80,3.000000,True,1121.3077,1216,1220,1218.0000,4,2.321899,0.117837,0.000000,-4.5000,,,,,,,,,,-27.1031,-22.6031,0.004968,0.085941,0.909091,0,0,0,flat,False,
1775842387.254209,entry_blocked,3198,,,80,,,macro,buy_over_fair_px_1220_fair_1121.4,,0,,36855.00,0.00,36855.00,36855.00,36855.00,flat,macro,BUY,80,3.000000,True,1121.4181,1216,1220,1218.0000,4,2.321899,0.117837,0.000000,-4.5000,,,,,,,,,,-27.1933,-22.6933,0.004988,0.082294,0.912718,0,0,0,flat,False,
1775842387.255860,entry_blocked,3198,,,80,,,macro,buy_over_fair_px_1220_fair_1121.3,,0,,36855.00,0.00,36855.00,36855.00,36855.00,flat,macro,BUY,80,3.000000,True,1121.3490,1216,1220,1218.0000,4,2.321899,0.117837,0.000000,-4.5000,,,,,,,,,,-27.1368,-22.6368,0.004975,0.084577,0.910448,0,0,0,flat,False,
1775842387.258963,entry_blocked,3198,,,80,,,macro,buy_over_fair_px_1219_fair_1121.3,,0,,36855.00,0.00,36855.00,36855.00,36855.00,flat,macro,BUY,80,3.000000,True,1121.3490,1216,1219,1217.5000,3,2.321899,0.117837,0.000000,-4.5000,,,,,,,,,,-27.1368,-22.6368,0.004975,0.084577,0.910448,0,0,0,flat,False,
1775842387.443134,entry_blocked,3198,,,80,,,macro,buy_over_fair_px_1219_fair_1121.2,,0,,36855.00,0.00,36855.00,36855.00,36855.00,flat,macro,BUY,80,3.000000,True,1121.2254,1215,1219,1217.0000,4,2.321899,0.117837,0.000000,-4.5000,,,,,,,,,,-27.0359,-22.5359,0.004953,0.088658,0.906389,0,0,0,flat,False,
1775842387.453098,entry_blocked,3198,,,80,,,macro,buy_over_fair_px_1219_fair_1121.1,,0,,36855.00,0.00,36855.00,36855.00,36855.00,flat,macro,BUY,80,3.000000,True,1121.0885,1215,1219,1217.0000,4,2.321899,0.117837,0.000000,-4.5000,,,,,,,,,,-26.9241,-22.4241,0.004978,0.093081,0.901941,0,0,0,flat,False,
1775842387.657936,entry_blocked,3198,,,80,,,macro,buy_over_fair_px_1225_fair_1121.1,,0,,36855.00,0.00,36855.00,36855.00,36855.00,flat,macro,BUY,80,3.000000,True,1121.1026,1215,1225,1220.0000,10,2.321899,0.117837,0.000000,-4.5000,,,,,,,,,,-26.9356,-22.4356,0.004955,0.092666,0.902379,0,0,0,flat,False,
1775842387.659713,entry_blocked,3198,,,80,,,macro,buy_over_fair_px_1220_fair_1121.1,,0,,36855.00,0.00,36855.00,36855.00,36855.00,flat,macro,BUY,80,3.000000,True,1121.1026,1216,1220,1218.0000,4,2.321899,0.117837,0.000000,-4.5000,,,,,,,,,,-26.9356,-22.4356,0.004955,0.092666,0.902379,0,0,0,flat,False,
1775842387.660562,entry_blocked,3198,,,80,,,macro,buy_over_fair_px_1220_fair_1121.2,,0,,36855.00,0.00,36855.00,36855.00,36855.00,flat,macro,BUY,80,3.000000,True,1121.2119,1216,1220,1218.0000,4,2.321899,0.117837,0.000000,-4.5000,,,,,,,,,,-27.0249,-22.5249,0.004975,0.089055,0.905970,0,0,0,flat,False,
1775842387.850986,entry_blocked,3198,,,80,,,macro,buy_over_fair_px_1220_fair_1121.3,,0,,36855.00,0.00,36855.00,36855.00,36855.00,flat,macro,BUY,80,3.000000,True,1121.3352,1217,1220,1218.5000,3,2.321899,0.117837,0.000000,-4.5000,,,,,,,,,,-27.1256,-22.6256,0.004973,0.085032,0.909995,0,0,0,flat,False,
1775842387.852258,entry_blocked,3198,,,80,,,macro,buy_over_fair_px_1220_fair_1121.5,,0,,36855.00,0.00,36855.00,36855.00,36855.00,flat,macro,BUY,80,3.000000,True,1121.4598,1217,1220,1218.5000,3,2.321899,0.117837,0.000000,-4.5000,,,,,,,,,,-27.2273,-22.7273,0.004995,0.080919,0.914086,0,0,0,flat,False,
1775842387.853171,entry_blocked,3198,,,80,,,macro,buy_over_fair_px_1220_fair_1121.3,,0,,36855.00,0.00,36855.00,36855.00,36855.00,flat,macro,BUY,80,3.000000,True,1121.3490,1217,1220,1218.5000,3,2.321899,0.117837,0.000000,-4.5000,,,,,,,,,,-27.1368,-22.6368,0.004975,0.084577,0.910448,0,0,0,flat,False,
1775842387.867827,entry_blocked,3198,,,80,,,macro,buy_over_fair_px_1221_fair_1121.3,,0,,36855.00,0.00,36855.00,36855.00,36855.00,flat,macro,BUY,80,3.000000,True,1121.3490,1217,1221,1219.0000,4,2.321899,0.117837,0.000000,-4.5000,,,,,,,,,,-27.1368,-22.6368,0.004975,0.084577,0.910448,0,0,0,flat,False,
1775842388.044133,entry_blocked,3198,,,80,,,macro,buy_over_fair_px_1221_fair_1121.4,,0,,36855.00,0.00,36855.00,36855.00,36855.00,flat,macro,BUY,80,3.000000,True,1121.3718,1217,1221,1219.0000,4,2.321899,0.117837,0.000000,-4.5000,,,,,,,,,,-27.1555,-22.6555,0.004936,0.083909,0.911155,0,0,0,flat,False,
1775842388.045445,entry_blocked,3198,,,80,,,macro,buy_over_fair_px_1221_fair_1121.3,,0,,36855.00,0.00,36855.00,36855.00,36855.00,flat,macro,BUY,80,3.000000,True,1121.3490,1217,1221,1219.0000,4,2.321899,0.117837,0.000000,-4.5000,,,,,,,,,,-27.1368,-22.6368,0.004975,0.084577,0.910448,0,0,0,flat,False,
1775842388.046844,entry_blocked,3198,,,80,,,macro,buy_over_fair_px_1221_fair_1121.4,,0,,36855.00,0.00,36855.00,36855.00,36855.00,flat,macro,BUY,80,3.000000,True,1121.3605,1217,1221,1219.0000,4,2.321899,0.117837,0.000000,-4.5000,,,,,,,,,,-27.1462,-22.6462,0.004955,0.084242,0.910803,0,0,0,flat,False,
1775842388.047851,heartbeat,3198,,,,,,,,,0,,36855.00,0.00,36855.00,36855.00,36855.00,flat,macro,BUY,80,3.000000,True,1121.3605,1217,1221,1219.0000,4,2.321899,0.117837,0.000000,-4.5000,,,,,,,,,,-27.1462,-22.6462,0.004955,0.084242,0.910803,0,0,0,flat,False,
1775842388.053458,entry_blocked,3198,,,80,,,macro,buy_over_fair_px_1221_fair_1121.6,,0,,36855.00,0.00,36855.00,36855.00,36855.00,flat,macro,BUY,80,3.000000,True,1121.6058,1217,1221,1219.0000,4,2.321899,0.117837,0.000000,-4.5000,,,,,,,,,,-27.3465,-22.8465,0.004950,0.076238,0.918812,0,0,0,flat,False,
1775842388.054679,entry_blocked,3198,,,80,,,macro,buy_over_fair_px_1221_fair_1121.7,,0,,36855.00,0.00,36855.00,36855.00,36855.00,flat,macro,BUY,80,3.000000,True,1121.7171,1217,1221,1219.0000,4,2.321899,0.117837,0.000000,-4.5000,,,,,,,,,,-27.4374,-22.9374,0.004970,0.072565,0.922465,0,0,0,flat,False,
1775842388.055458,entry_blocked,3198,,,80,,,macro,buy_over_fair_px_1221_fair_1121.5,,0,,36855.00,0.00,36855.00,36855.00,36855.00,flat,macro,BUY,80,3.000000,True,1121.4954,1217,1221,1219.0000,4,2.321899,0.117837,0.000000,-4.5000,,,,,,,,,,-27.2564,-22.7564,0.004931,0.079882,0.915187,0,0,0,flat,False,
1775842388.057324,entry_blocked,3198,,,80,,,macro,buy_over_fair_px_1221_fair_1121.7,,0,,36855.00,0.00,36855.00,36855.00,36855.00,flat,macro,BUY,80,3.000000,True,1121.7451,1217,1221,1219.0000,4,2.321899,0.117837,0.000000,-4.5000,,,,,,,,,,-27.4602,-22.9602,0.004975,0.071642,0.923383,0,0,0,flat,False,
1775842388.246745,entry_blocked,3198,,,80,,,macro,buy_over_fair_px_1221_fair_1121.8,,0,,36855.00,0.00,36855.00,36855.00,36855.00,flat,macro,BUY,80,3.000000,True,1121.7648,1217,1221,1219.0000,4,2.321899,0.117837,0.000000,-4.5000,,,,,,,,,,-27.4763,-22.9763,0.004936,0.071076,0.923988,0,0,0,flat,False,
1775842388.247848,entry_blocked,3198,,,80,,,macro,buy_over_fair_px_1219_fair_1121.8,,0,,36855.00,0.00,36855.00,36855.00,36855.00,flat,macro,BUY,80,3.000000,True,1121.7648,1217,1219,1218.0000,2,2.321899,0.117837,0.000000,-4.5000,,,,,,,,,,-27.4763,-22.9763,0.004936,0.071076,0.923988,0,0,0,flat,False,
1775842388.253814,entry_blocked,3198,,,80,,,macro,buy_over_fair_px_1219_fair_1121.9,,0,,36855.00,0.00,36855.00,36855.00,36855.00,flat,macro,BUY,80,3.000000,True,1121.8904,1217,1219,1218.0000,2,2.321899,0.117837,0.000000,-4.5000,,,,,,,,,,-27.5788,-23.0788,0.004958,0.066931,0.928111,0,0,0,flat,False,
1775842388.254766,entry_blocked,3198,,,80,,,macro,buy_over_fair_px_1219_fair_1122.0,,0,,36855.00,0.00,36855.00,36855.00,36855.00,flat,macro,BUY,80,3.000000,True,1121.9889,1217,1219,1218.0000,2,2.321899,0.117837,0.000000,-4.5000,,,,,,,,,,-27.6592,-23.1592,0.004975,0.063682,0.931343,0,0,0,flat,False,
1775842388.446899,entry_blocked,3198,,,80,,,macro,buy_over_fair_px_1219_fair_1121.8,,0,,36855.00,0.00,36855.00,36855.00,36855.00,flat,macro,BUY,80,3.000000,True,1121.8365,1217,1219,1218.0000,2,2.321899,0.117837,0.000000,-4.5000,,,,,,,,,,-27.5348,-23.0348,0.004975,0.068657,0.926368,0,0,0,flat,False,
1775842388.458577,entry_blocked,3198,,,80,,,macro,buy_over_fair_px_1220_fair_1121.8,,0,,36855.00,0.00,36855.00,36855.00,36855.00,flat,macro,BUY,80,3.000000,True,1121.8365,1217,1220,1218.5000,3,2.321899,0.117837,0.000000,-4.5000,,,,,,,,,,-27.5348,-23.0348,0.004975,0.068657,0.926368,0,0,0,flat,False,
1775842388.459315,entry_blocked,3198,,,80,,,macro,buy_over_fair_px_1221_fair_1121.8,,0,,36855.00,0.00,36855.00,36855.00,36855.00,flat,macro,BUY,80,3.000000,True,1121.8365,1217,1221,1219.0000,4,2.321899,0.117837,0.000000,-4.5000,,,,,,,,,,-27.5348,-23.0348,0.004975,0.068657,0.926368,0,0,0,flat,False,
1775842388.648573,entry_blocked,3198,,,80,,,macro,buy_over_fair_px_1222_fair_1121.8,,0,,36855.00,0.00,36855.00,36855.00,36855.00,flat,macro,BUY,80,3.000000,True,1121.8341,1217,1222,1219.5000,5,2.321899,0.117837,0.000000,-4.5000,,,,,,,,,,-27.5329,-23.0329,0.004980,0.068725,0.926295,0,0,0,flat,False,
1775842388.665556,entry_blocked,3198,,,80,,,macro,buy_over_fair_px_1223_fair_1121.8,,0,,36855.00,0.00,36855.00,36855.00,36855.00,flat,macro,BUY,80,3.000000,True,1121.8060,1220,1223,1221.5000,3,2.321899,0.117837,0.000000,-4.5000,,,,,,,,,,-27.5100,-23.0100,0.004975,0.069652,0.925373,0,0,0,flat,False,
1775842388.666084,entry_blocked,3198,,,80,,,macro,buy_over_fair_px_1224_fair_1121.8,,0,,36855.00,0.00,36855.00,36855.00,36855.00,flat,macro,BUY,80,3.000000,True,1121.8060,1220,1224,1222.0000,4,2.321899,0.117837,0.000000,-4.5000,,,,,,,,,,-27.5100,-23.0100,0.004975,0.069652,0.925373,0,0,0,flat,False,
1775842388.666842,entry_blocked,3198,,,80,,,macro,buy_over_fair_px_1225_fair_1121.8,,0,,36855.00,0.00,36855.00,36855.00,36855.00,flat,macro,BUY,80,3.000000,True,1121.8060,1220,1225,1222.5000,5,2.321899,0.117837,0.000000,-4.5000,,,,,,,,,,-27.5100,-23.0100,0.004975,0.069652,0.925373,0,0,0,flat,False,
1775842388.848735,entry_blocked,3198,,,80,,,macro,buy_over_fair_px_1226_fair_1121.8,,0,,36855.00,0.00,36855.00,36855.00,36855.00,flat,macro,BUY,80,3.000000,True,1121.8060,1220,1226,1223.0000,6,2.321899,0.117837,0.000000,-4.5000,,,,,,,,,,-27.5100,-23.0100,0.004975,0.069652,0.925373,0,0,0,flat,False,
1775842388.849699,entry_blocked,3198,,,80,,,macro,buy_over_fair_px_1227_fair_1121.8,,0,,36855.00,0.00,36855.00,36855.00,36855.00,flat,macro,BUY,80,3.000000,True,1121.8060,1220,1227,1223.5000,7,2.321899,0.117837,0.000000,-4.5000,,,,,,,,,,-27.5100,-23.0100,0.004975,0.069652,0.925373,0,0,0,flat,False,
1775842388.850826,entry_blocked,3198,,,80,,,macro,buy_over_fair_px_1229_fair_1121.8,,0,,36855.00,0.00,36855.00,36855.00,36855.00,flat,macro,BUY,80,3.000000,True,1121.8060,1220,1229,1224.5000,9,2.321899,0.117837,0.000000,-4.5000,,,,,,,,,,-27.5100,-23.0100,0.004975,0.069652,0.925373,0,0,0,flat,False,
1775842388.851655,entry_blocked,3198,,,80,,,macro,buy_over_fair_px_1230_fair_1121.8,,0,,36855.00,0.00,36855.00,36855.00,36855.00,flat,macro,BUY,80,3.000000,True,1121.8060,1220,1230,1225.0000,10,2.321899,0.117837,0.000000,-4.5000,,,,,,,,,,-27.5100,-23.0100,0.004975,0.069652,0.925373,0,0,0,flat,False,
1775842388.859804,entry_blocked,3198,,,80,,,macro,buy_over_fair_px_1223_fair_1121.8,,0,,36855.00,0.00,36855.00,36855.00,36855.00,flat,macro,BUY,80,3.000000,True,1121.8060,1220,1223,1221.5000,3,2.321899,0.117837,0.000000,-4.5000,,,,,,,,,,-27.5100,-23.0100,0.004975,0.069652,0.925373,0,0,0,flat,False,
1775842389.062903,entry_blocked,3198,,,80,,,macro,buy_over_fair_px_1224_fair_1121.8,,0,,36855.00,0.00,36855.00,36855.00,36855.00,flat,macro,BUY,80,3.000000,True,1121.8060,1222,1224,1223.0000,2,2.321899,0.117837,0.000000,-4.5000,,,,,,,,,,-27.5100,-23.0100,0.004975,0.069652,0.925373,0,0,0,flat,False,
1775842389.063427,entry_blocked,3198,,,80,,,macro,buy_over_fair_px_1225_fair_1121.8,,0,,36855.00,0.00,36855.00,36855.00,36855.00,flat,macro,BUY,80,3.000000,True,1121.8060,1222,1225,1223.5000,3,2.321899,0.117837,0.000000,-4.5000,,,,,,,,,,-27.5100,-23.0100,0.004975,0.069652,0.925373,0,0,0,flat,False,
1775842389.063973,entry_blocked,3198,,,80,,,macro,buy_over_fair_px_1226_fair_1121.8,,0,,36855.00,0.00,36855.00,36855.00,36855.00,flat,macro,BUY,80,3.000000,True,1121.8060,1222,1226,1224.0000,4,2.321899,0.117837,0.000000,-4.5000,,,,,,,,,,-27.5100,-23.0100,0.004975,0.069652,0.925373,0,0,0,flat,False,
1775842389.249655,entry_blocked,3198,,,80,,,macro,buy_over_fair_px_1225_fair_1121.8,,0,,36855.00,0.00,36855.00,36855.00,36855.00,flat,macro,BUY,80,3.000000,True,1121.8365,1222,1225,1223.5000,3,2.321899,0.117837,0.000000,-4.5000,,,,,,,,,,-27.5348,-23.0348,0.004975,0.068657,0.926368,0,0,0,flat,False,
1775842389.449500,entry_blocked,3198,,,80,,,macro,buy_over_fair_px_1225_fair_1121.9,,0,,36855.00,0.00,36855.00,36855.00,36855.00,flat,macro,BUY,80,3.000000,True,1121.8810,1221,1225,1223.0000,4,2.321899,0.117837,0.000000,-4.5000,,,,,,,,,,-27.5712,-23.0712,0.004978,0.067198,0.927825,0,0,0,flat,False,
1775842389.456352,entry_blocked,3198,,,80,,,macro,buy_over_fair_px_1226_fair_1121.9,,0,,36855.00,0.00,36855.00,36855.00,36855.00,flat,macro,BUY,80,3.000000,True,1121.8810,1221,1226,1223.5000,5,2.321899,0.117837,0.000000,-4.5000,,,,,,,,,,-27.5712,-23.0712,0.004978,0.067198,0.927825,0,0,0,flat,False,
1775842389.469141,entry_blocked,3198,,,80,,,macro,buy_over_fair_px_1227_fair_1121.9,,0,,36855.00,0.00,36855.00,36855.00,36855.00,flat,macro,BUY,80,3.000000,True,1121.8810,1224,1227,1225.5000,3,2.321899,0.117837,0.000000,-4.5000,,,,,,,,,,-27.5712,-23.0712,0.004978,0.067198,0.927825,0,0,0,flat,False,
1775842389.469803,entry_blocked,3198,,,80,,,macro,buy_over_fair_px_1228_fair_1121.9,,0,,36855.00,0.00,36855.00,36855.00,36855.00,flat,macro,BUY,80,3.000000,True,1121.8810,1224,1228,1226.0000,4,2.321899,0.117837,0.000000,-4.5000,,,,,,,,,,-27.5712,-23.0712,0.004978,0.067198,0.927825,0,0,0,flat,False,
1775842389.470395,entry_blocked,3198,,,80,,,macro,buy_over_fair_px_1229_fair_1121.9,,0,,36855.00,0.00,36855.00,36855.00,36855.00,flat,macro,BUY,80,3.000000,True,1121.8810,1224,1229,1226.5000,5,2.321899,0.117837,0.000000,-4.5000,,,,,,,,,,-27.5712,-23.0712,0.004978,0.067198,0.927825,0,0,0,flat,False,
1775842389.654071,entry_blocked,3198,,,80,,,macro,buy_over_fair_px_1223_fair_1121.9,,0,,36855.00,0.00,36855.00,36855.00,36855.00,flat,macro,BUY,80,3.000000,True,1121.8787,1224,1223,1223.5000,-1,2.321899,0.117837,0.000000,-4.5000,,,,,,,,,,-27.5693,-23.0693,0.004983,0.067265,0.927753,0,0,0,flat,False,
1775842389.655969,entry_blocked,3198,,,80,,,macro,buy_over_fair_px_1229_fair_1121.9,,0,,36855.00,0.00,36855.00,36855.00,36855.00,flat,macro,BUY,80,3.000000,True,1121.8787,1224,1229,1226.5000,5,2.321899,0.117837,0.000000,-4.5000,,,,,,,,,,-27.5693,-23.0693,0.004983,0.067265,0.927753,0,0,0,flat,False,
1775842389.656965,entry_blocked,3198,,,80,,,macro,buy_over_fair_px_1229_fair_1121.8,,0,,36855.00,0.00,36855.00,36855.00,36855.00,flat,macro,BUY,80,3.000000,True,1121.8200,1224,1229,1226.5000,5,2.321899,0.117837,0.000000,-4.5000,,,,,,,,,,-27.5214,-23.0214,0.005973,0.067198,0.926829,0,0,0,flat,False,
1775842389.658408,entry_blocked,3198,,,80,,,macro,buy_over_fair_px_1224_fair_1121.8,,0,,36855.00,0.00,36855.00,36855.00,36855.00,flat,macro,BUY,80,3.000000,True,1121.8200,1224,1224,1224.0000,0,2.321899,0.117837,0.000000,-4.5000,,,,,,,,,,-27.5214,-23.0214,0.005973,0.067198,0.926829,0,0,0,flat,False,
1775842389.847862,entry_blocked,3198,,,80,,,macro,buy_over_fair_px_1224_fair_1121.7,,0,,36855.00,0.00,36855.00,36855.00,36855.00,flat,macro,BUY,80,3.000000,True,1121.7361,1220,1224,1222.0000,4,2.321899,0.117837,0.000000,-4.5000,,,,,,,,,,-27.4529,-22.9529,0.005955,0.069975,0.924069,0,0,0,flat,False,
1775842389.854173,entry_blocked,3198,,,80,,,macro,buy_over_fair_px_1224_fair_1121.8,,0,,36855.00,0.00,36855.00,36855.00,36855.00,flat,macro,BUY,80,3.000000,True,1121.7883,1220,1224,1222.0000,4,2.321899,0.117837,0.000000,-4.5000,,,,,,,,,,-27.4955,-22.9955,0.004980,0.070219,0.924801,0,0,0,flat,False,
1775842390.045826,entry_blocked,3198,,,80,,,macro,buy_over_fair_px_1224_fair_1121.7,,0,,36855.00,0.00,36855.00,36855.00,36855.00,flat,macro,BUY,80,3.000000,True,1121.7044,1220,1224,1222.0000,4,2.321899,0.117837,0.000000,-4.5000,,,,,,,,,,-27.4270,-22.9270,0.004965,0.072989,0.922046,0,0,0,flat,False,
1775842390.047970,entry_blocked,3198,,,80,,,macro,buy_over_fair_px_1224_fair_1121.8,,0,,36855.00,0.00,36855.00,36855.00,36855.00,flat,macro,BUY,80,3.000000,True,1121.7883,1220,1224,1222.0000,4,2.321899,0.117837,0.000000,-4.5000,,,,,,,,,,-27.4955,-22.9955,0.004980,0.070219,0.924801,0,0,0,flat,False,
1775842390.048991,entry_blocked,3198,,,80,,,macro,buy_over_fair_px_1224_fair_1121.7,,0,,36855.00,0.00,36855.00,36855.00,36855.00,flat,macro,BUY,80,3.000000,True,1121.6905,1220,1224,1222.0000,4,2.321899,0.117837,0.000000,-4.5000,,,,,,,,,,-27.4156,-22.9156,0.004963,0.073449,0.921588,0,0,0,flat,False,
1775842391.048821,heartbeat,3198,,,,,,,,,0,,36855.00,0.00,36855.00,36855.00,36855.00,flat,macro,BUY,80,3.000000,False,1116.1858,1216,1220,1218.0000,4,2.321899,0.117837,0.000000,-4.5000,,,,,,,,,,-22.9094,-22.9094,0.004978,0.073668,0.921354,0,0,0,flat,False,
1775842392.452050,news_ignored,3250,,,,,,,non_signal_news,,0,,36855.00,0.00,36855.00,36855.00,36855.00,flat,macro,BUY,80,3.000000,False,1115.5812,1213,1220,1216.5000,7,2.321899,0.117837,0.000000,-4.5000,,,,,,,structured,petition,,-22.4129,-22.4129,0.004975,0.093532,0.901493,0,0,0,flat,False,"{'timestamp': 3250, 'kind': 'structured', 'new_data': {'new_signatures': 0, 'cumulative': 0, 'asset': '', 'structured_subtype': 'petition'}}"
1775842394.048820,heartbeat,3250,,,,,,,,,0,,36855.00,0.00,36855.00,36855.00,36855.00,flat,macro,BUY,80,3.000000,False,1115.3373,1209,1210,1209.5000,1,2.321899,0.117837,0.000000,-4.5000,,,,,,,,,,-22.2125,-22.2125,0.005973,0.099552,0.894475,0,0,0,flat,False,
1775842394.442416,earnings_signal,3260,,BUY,200,,,,,old=2.321899 new=2.408357 delta=+0.086458,0,,36855.00,0.00,36855.00,36855.00,36855.00,flat,earnings,BUY,200,0.086458,True,1146.6165,1203,1207,1205.0000,4,2.408357,0.086458,0.000000,-4.5000,,,,,,,,,,-22.1987,-22.1987,0.004980,0.102092,0.892928,0,0,0,flat,False,
1775842394.443692,order_placed,3260,C,BUY,40,1207,1775841734579,earnings_entry,,,0,,36855.00,0.00,36855.00,36855.00,36855.00,flat,earnings,BUY,200,0.086458,True,1146.6165,1203,1207,1205.0000,4,2.408357,0.086458,0.000000,-4.5000,,,,,,,,,,-22.1987,-22.1987,0.004980,0.102092,0.892928,0,0,0,flat,False,
1775842394.444569,entry_decision,3260,C,BUY,40,1207,,earnings,,strength=0.086458 target=200,0,,36855.00,0.00,36855.00,36855.00,36855.00,earnings,earnings,BUY,200,0.086458,True,1146.6165,1203,1207,1205.0000,4,2.408357,0.086458,0.000000,-4.5000,,,,,,,,,,-22.1987,-22.1987,0.004980,0.102092,0.892928,0,0,0,flat,False,
1775842394.445410,heartbeat_forced,3260,,,,,,,,,0,,36855.00,0.00,36855.00,36855.00,36855.00,earnings,earnings,BUY,200,0.086458,True,1146.6165,1203,1207,1205.0000,4,2.408357,0.086458,0.000000,-4.5000,,,,,,,,,,-22.1987,-22.1987,0.004980,0.102092,0.892928,0,0,0,flat,False,
1775842394.645731,entry_blocked,3260,,,200,,,earnings,live_order,,0,,36855.00,0.00,36855.00,36855.00,36855.00,earnings,earnings,BUY,200,0.086458,True,1146.7278,1207,1211,1209.0000,4,2.408357,0.086458,0.000000,-4.5000,,,,,,,,,,-22.2872,-22.2872,0.004978,0.098556,0.896466,0,0,0,flat,False,
1775842394.912561,order_placed,3260,C,BUY,40,1218,1775841734580,earnings_entry,,,0,,36855.00,0.00,36855.00,36855.00,36855.00,earnings,earnings,BUY,200,0.086458,True,1147.1334,1212,1218,1215.0000,6,2.408357,0.086458,0.000000,-4.5000,,,,,,,,,,-22.6096,-22.6096,0.004980,0.085657,0.909363,0,0,0,flat,False,
1775842394.913114,entry_decision,3260,C,BUY,40,1218,,earnings,,strength=0.086458 target=200,0,,36855.00,0.00,36855.00,36855.00,36855.00,earnings,earnings,BUY,200,0.086458,True,1147.1334,1212,1218,1215.0000,6,2.408357,0.086458,0.000000,-4.5000,,,,,,,,,,-22.6096,-22.6096,0.004980,0.085657,0.909363,0,0,0,flat,False,
1775842394.913677,heartbeat_forced,3260,,,,,,,,,0,,36855.00,0.00,36855.00,36855.00,36855.00,earnings,earnings,BUY,200,0.086458,True,1147.1334,1212,1218,1215.0000,6,2.408357,0.086458,0.000000,-4.5000,,,,,,,,,,-22.6096,-22.6096,0.004980,0.085657,0.909363,0,0,0,flat,False,
1775842394.940311,cancel_response,3260,C,BUY,40,1207,1775841734579,earnings_entry,,success=True error=None,0,,36855.00,0.00,36855.00,36855.00,36855.00,earnings,earnings,BUY,200,0.086458,True,1147.1334,1212,1218,1215.0000,6,2.408357,0.086458,0.000000,-4.5000,,,,,,,,,,-22.6096,-22.6096,0.004980,0.085657,0.909363,0,0,0,flat,False,
1775842394.942160,fill,3260,C,BUY,40,1218,1775841734580,earnings_entry,,,40,1218.0000,36855.00,0.00,36855.00,-11865.00,36855.00,earnings,earnings,BUY,200,0.086458,True,1147.1334,1218,1218,1218.0000,0,2.408357,0.086458,0.000000,-4.5000,,,,,,,,,,-22.6096,-22.6096,0.004980,0.085657,0.909363,0,0,0,book,False,
1775842395.243133,order_placed,3260,C,BUY,40,1215,1775841734581,earnings_entry,,,40,1218.0000,36855.00,-280.00,36575.00,-11865.00,36575.00,earnings,earnings,BUY,200,0.086458,True,1147.1505,1211,1215,1213.0000,4,2.408357,0.086458,0.000000,-4.5000,,,,,,,,,,-22.6232,-22.6232,0.004978,0.085117,0.909905,0,0,0,book,False,
1775842395.243961,entry_decision,3260,C,BUY,40,1215,,earnings,,strength=0.086458 target=200,40,1218.0000,36855.00,-280.00,36575.00,-11865.00,36575.00,earnings,earnings,BUY,200,0.086458,True,1147.1505,1211,1215,1213.0000,4,2.408357,0.086458,0.000000,-4.5000,,,,,,,,,,-22.6232,-22.6232,0.004978,0.085117,0.909905,0,0,0,book,False,
1775842395.244857,heartbeat_forced,3260,,,,,,,,,40,1218.0000,36855.00,-280.00,36575.00,-11865.00,36575.00,earnings,earnings,BUY,200,0.086458,True,1147.1505,1211,1215,1213.0000,4,2.408357,0.086458,0.000000,-4.5000,,,,,,,,,,-22.6232,-22.6232,0.004978,0.085117,0.909905,0,0,0,book,False,
1775842395.444745,entry_blocked,3260,,,200,,,earnings,live_order,,40,1218.0000,36855.00,-120.00,36735.00,-11865.00,36735.00,earnings,earnings,BUY,200,0.086458,True,1147.2146,1215,1219,1217.0000,4,2.408357,0.086458,0.000000,-4.5000,,,,,,,,,,-22.6741,-22.6741,0.004975,0.083085,0.911940,0,0,0,book,False,
1775842395.724748,order_placed,3260,C,BUY,40,1220,1775841734582,earnings_entry,,,40,1218.0000,36855.00,-80.00,36775.00,-11865.00,36775.00,earnings,earnings,BUY,200,0.086458,True,1147.0112,1216,1220,1218.0000,4,2.408357,0.086458,0.000000,-4.5000,,,,,,,,,,-22.5124,-22.5124,0.004975,0.089552,0.905473,0,0,0,book,False,
1775842395.725224,entry_decision,3260,C,BUY,40,1220,,earnings,,strength=0.086458 target=200,40,1218.0000,36855.00,-80.00,36775.00,-11865.00,36775.00,earnings,earnings,BUY,200,0.086458,True,1147.0112,1216,1220,1218.0000,4,2.408357,0.086458,0.000000,-4.5000,,,,,,,,,,-22.5124,-22.5124,0.004975,0.089552,0.905473,0,0,0,book,False,
1775842395.725774,heartbeat_forced,3260,,,,,,,,,40,1218.0000,36855.00,-80.00,36775.00,-11865.00,36775.00,earnings,earnings,BUY,200,0.086458,True,1147.0112,1216,1220,1218.0000,4,2.408357,0.086458,0.000000,-4.5000,,,,,,,,,,-22.5124,-22.5124,0.004975,0.089552,0.905473,0,0,0,book,False,
1775842395.752732,cancel_response,3260,C,BUY,40,1215,1775841734581,earnings_entry,,success=True error=None,40,1218.0000,36855.00,-80.00,36775.00,-11865.00,36775.00,earnings,earnings,BUY,200,0.086458,True,1147.0112,1216,1220,1218.0000,4,2.408357,0.086458,0.000000,-4.5000,,,,,,,,,,-22.5124,-22.5124,0.004975,0.089552,0.905473,0,0,0,book,False,
1775842395.754100,fill,3260,C,BUY,40,1220,1775841734582,earnings_entry,,,80,1219.0000,36855.00,80.00,36935.00,-60665.00,36935.00,earnings,earnings,BUY,200,0.086458,True,1147.0112,1220,1220,1220.0000,0,2.408357,0.086458,0.000000,-4.5000,,,,,,,,,,-22.5124,-22.5124,0.004975,0.089552,0.905473,0,0,0,book,False,
1775842396.048599,order_placed,3260,C,BUY,40,1218,1775841734583,earnings_entry,,,80,1219.0000,36855.00,-400.00,36455.00,-60665.00,36455.00,earnings,earnings,BUY,200,0.086458,True,1146.8547,1214,1218,1216.0000,4,2.408357,0.086458,0.000000,-4.5000,,,,,,,,,,-22.3881,-22.3881,0.004975,0.094527,0.900498,0,0,0,book,False,
1775842396.049302,entry_decision,3260,C,BUY,40,1218,,earnings,,strength=0.086458 target=200,80,1219.0000,36855.00,-400.00,36455.00,-60665.00,36455.00,earnings,earnings,BUY,200,0.086458,True,1146.8547,1214,1218,1216.0000,4,2.408357,0.086458,0.000000,-4.5000,,,,,,,,,,-22.3881,-22.3881,0.004975,0.094527,0.900498,0,0,0,book,False,
1775842396.050373,heartbeat_forced,3260,,,,,,,,,80,1219.0000,36855.00,-400.00,36455.00,-60665.00,36455.00,earnings,earnings,BUY,200,0.086458,True,1146.8547,1214,1218,1216.0000,4,2.408357,0.086458,0.000000,-4.5000,,,,,,,,,,-22.3881,-22.3881,0.004975,0.094527,0.900498,0,0,0,book,False,
1775842396.249760,entry_blocked,3260,,,200,,,earnings,live_order,,80,1219.0000,36855.00,-80.00,36775.00,-60665.00,36775.00,earnings,earnings,BUY,200,0.086458,True,1146.8547,1218,1220,1219.0000,2,2.408357,0.086458,0.000000,-4.5000,,,,,,,,,,-22.3881,-22.3881,0.004975,0.094527,0.900498,0,0,0,book,False,
1775842396.536953,order_placed,3260,C,BUY,40,1222,1775841734584,earnings_entry,,,80,1219.0000,36855.00,-80.00,36775.00,-60665.00,36775.00,earnings,earnings,BUY,200,0.086458,True,1146.7608,1218,1222,1220.0000,4,2.408357,0.086458,0.000000,-4.5000,,,,,,,,,,-22.3134,-22.3134,0.004975,0.097512,0.897512,0,0,0,book,False,
1775842396.537508,entry_decision,3260,C,BUY,40,1222,,earnings,,strength=0.086458 target=200,80,1219.0000,36855.00,-80.00,36775.00,-60665.00,36775.00,earnings,earnings,BUY,200,0.086458,True,1146.7608,1218,1222,1220.0000,4,2.408357,0.086458,0.000000,-4.5000,,,,,,,,,,-22.3134,-22.3134,0.004975,0.097512,0.897512,0,0,0,book,False,
1775842396.538167,heartbeat_forced,3260,,,,,,,,,80,1219.0000,36855.00,-80.00,36775.00,-60665.00,36775.00,earnings,earnings,BUY,200,0.086458,True,1146.7608,1218,1222,1220.0000,4,2.408357,0.086458,0.000000,-4.5000,,,,,,,,,,-22.3134,-22.3134,0.004975,0.097512,0.897512,0,0,0,book,False,
1775842396.565122,cancel_response,3260,C,BUY,40,1218,1775841734583,earnings_entry,,success=True error=None,80,1219.0000,36855.00,-80.00,36775.00,-60665.00,36775.00,earnings,earnings,BUY,200,0.086458,True,1146.7608,1218,1222,1220.0000,4,2.408357,0.086458,0.000000,-4.5000,,,,,,,,,,-22.3134,-22.3134,0.004975,0.097512,0.897512,0,0,0,book,False,
1775842396.566482,fill,3260,C,BUY,40,1222,1775841734584,earnings_entry,,,120,1220.0000,36855.00,240.00,37095.00,-109545.00,37095.00,earnings,earnings,BUY,200,0.086458,True,1146.7608,1222,1222,1222.0000,0,2.408357,0.086458,0.000000,-4.5000,,,,,,,,,,-22.3134,-22.3134,0.004975,0.097512,0.897512,0,0,0,book,False,
1775842396.844142,order_placed,3260,C,BUY,40,1224,1775841734585,earnings_entry,,,120,1220.0000,36855.00,240.00,37095.00,-109545.00,37095.00,earnings,earnings,BUY,200,0.086458,True,1146.5695,1222,1224,1223.0000,2,2.408357,0.086458,0.000000,-4.5000,,,,,,,,,,-22.1614,-22.1614,0.004980,0.103586,0.891434,0,0,0,book,False,
1775842396.844831,entry_decision,3260,C,BUY,40,1224,,earnings,,strength=0.086458 target=200,120,1220.0000,36855.00,240.00,37095.00,-109545.00,37095.00,earnings,earnings,BUY,200,0.086458,True,1146.5695,1222,1224,1223.0000,2,2.408357,0.086458,0.000000,-4.5000,,,,,,,,,,-22.1614,-22.1614,0.004980,0.103586,0.891434,0,0,0,book,False,
1775842396.845505,heartbeat_forced,3260,,,,,,,,,120,1220.0000,36855.00,240.00,37095.00,-109545.00,37095.00,earnings,earnings,BUY,200,0.086458,True,1146.5695,1222,1224,1223.0000,2,2.408357,0.086458,0.000000,-4.5000,,,,,,,,,,-22.1614,-22.1614,0.004980,0.103586,0.891434,0,0,0,book,False,
1775842396.875392,fill,3260,C,BUY,40,1224,1775841734585,earnings_entry,,,160,1221.0000,36855.00,480.00,37335.00,-158505.00,37335.00,earnings,earnings,BUY,200,0.086458,True,1146.4654,1224,1224,1224.0000,0,2.408357,0.086458,0.000000,-4.5000,,,,,,,,,,-22.0786,-22.0786,0.005967,0.104923,0.889110,0,0,0,book,False,
1775842397.147608,order_placed,3260,C,BUY,40,1230,1775841734586,earnings_entry,,,160,1221.0000,36855.00,640.00,37495.00,-158505.00,37495.00,earnings,earnings,BUY,200,0.086458,True,1146.4636,1225,1230,1227.5000,5,2.408357,0.086458,0.000000,-4.5000,,,,,,,,,,-22.0771,-22.0771,0.004975,0.106965,0.888060,0,0,0,book,False,
1775842397.148169,entry_decision,3260,C,BUY,40,1230,,earnings,,strength=0.086458 target=200,160,1221.0000,36855.00,640.00,37495.00,-158505.00,37495.00,earnings,earnings,BUY,200,0.086458,True,1146.4636,1225,1230,1227.5000,5,2.408357,0.086458,0.000000,-4.5000,,,,,,,,,,-22.0771,-22.0771,0.004975,0.106965,0.888060,0,0,0,book,False,
1775842397.148740,heartbeat_forced,3260,,,,,,,,,160,1221.0000,36855.00,640.00,37495.00,-158505.00,37495.00,earnings,earnings,BUY,200,0.086458,True,1146.4636,1225,1230,1227.5000,5,2.408357,0.086458,0.000000,-4.5000,,,,,,,,,,-22.0771,-22.0771,0.004975,0.106965,0.888060,0,0,0,book,False,
1775842397.177796,fill,3260,C,BUY,40,1230,1775841734586,earnings_entry,,,200,1222.8000,36855.00,1440.00,38295.00,-207705.00,38295.00,earnings,earnings,BUY,200,0.086458,True,1146.4636,1230,1230,1230.0000,0,2.408357,0.086458,0.000000,-4.5000,,,,,,,,,,-22.0771,-22.0771,0.004975,0.106965,0.888060,0,0,0,book,False,
1775842398.049679,order_placed,3260,C,SELL,40,1250,1775841734587,long_profit_1,,,200,1222.8000,36855.00,5440.00,42295.00,-207705.00,42295.00,earnings,earnings,BUY,200,0.086458,True,1146.4894,1250,1242,1246.0000,-8,2.408357,0.086458,0.000000,-4.5000,,,,,,,,,,-22.0977,-22.0977,0.004983,0.106129,0.888889,0,0,0,book,False,
1775842398.050452,exit_trigger,3260,,,40,,,long_profit_1,long_profit_1,,200,1222.8000,36855.00,5440.00,42295.00,-207705.00,42295.00,earnings,earnings,BUY,200,0.086458,True,1146.4894,1250,1242,1246.0000,-8,2.408357,0.086458,0.000000,-4.5000,,,,,,,,,,-22.0977,-22.0977,0.004983,0.106129,0.888889,0,0,0,book,False,
1775842398.051636,heartbeat_forced,3260,,,,,,,,,200,1222.8000,36855.00,5440.00,42295.00,-207705.00,42295.00,earnings,earnings,BUY,200,0.086458,True,1146.4894,1250,1242,1246.0000,-8,2.408357,0.086458,0.000000,-4.5000,,,,,,,,,,-22.0977,-22.0977,0.004983,0.106129,0.888889,0,0,0,book,False,
1775842398.596278,cancel_response,3260,C,SELL,40,1250,1775841734587,long_profit_1,,success=True error=None,200,1222.8000,36855.00,3640.00,40495.00,-207705.00,40495.00,earnings,earnings,BUY,200,0.086458,True,1146.0726,1241,1245,1243.0000,4,2.408357,0.086458,0.000000,-4.5000,,,,,,,,,,-21.7662,-21.7662,0.004975,0.119403,0.875622,0,0,0,book,False,
1775842401.052139,heartbeat,3260,,,,,,,,,200,1222.8000,36855.00,6840.00,43695.00,-207705.00,43695.00,earnings,earnings,BUY,200,0.086458,True,1146.8887,1257,1260,1258.5000,3,2.408357,0.086458,0.000000,-4.5000,,,,,,,,,,-22.4151,-22.4151,0.004995,0.093407,0.901598,0,0,0,book,False,
1775842402.252696,order_placed,3260,C,SELL,40,1263,1775841734588,long_profit_2,,,200,1222.8000,36855.00,8040.00,44895.00,-207705.00,44895.00,earnings,earnings,BUY,200,0.086458,True,1146.9517,1263,1263,1263.0000,0,2.408357,0.086458,0.000000,-4.5000,,,,,,,,,,-22.4652,-22.4652,0.005964,0.089463,0.904573,0,0,0,book,False,
1775842402.253293,exit_trigger,3260,,,40,,,long_profit_2,long_profit_2,,200,1222.8000,36855.00,8040.00,44895.00,-207705.00,44895.00,earnings,earnings,BUY,200,0.086458,True,1146.9517,1263,1263,1263.0000,0,2.408357,0.086458,0.000000,-4.5000,,,,,,,,,,-22.4652,-22.4652,0.005964,0.089463,0.904573,0,0,0,book,False,
1775842402.254232,heartbeat_forced,3260,,,,,,,,,200,1222.8000,36855.00,8040.00,44895.00,-207705.00,44895.00,earnings,earnings,BUY,200,0.086458,True,1146.9517,1263,1263,1263.0000,0,2.408357,0.086458,0.000000,-4.5000,,,,,,,,,,-22.4652,-22.4652,0.005964,0.089463,0.904573,0,0,0,book,False,
1775842402.443892,fill,3260,C,SELL,40,1263,1775841734588,long_profit_2,,,160,1222.8000,38463.00,6432.00,44895.00,-157185.00,44895.00,earnings,earnings,BUY,200,0.086458,True,1146.9517,1263,1263,1263.0000,0,2.408357,0.086458,0.000000,-4.5000,,,,,,,,,,-22.4652,-22.4652,0.005964,0.089463,0.904573,0,0,0,book,False,
1775842405.255752,heartbeat,3260,,,,,,,,,160,1222.8000,38463.00,7232.00,45695.00,-157185.00,45695.00,earnings,earnings,BUY,200,0.086458,True,1147.8096,1268,1271,1269.5000,3,2.408357,0.086458,0.000000,-4.5000,,,,,,,,,,-23.1468,-23.1468,0.004975,0.064179,0.930846,0,0,0,book,False,
1775842405.650339,macro_eval,3316,,BUY,120,,,,candidate,score=-4.00 headline=Softening data raises expectations of policy easing.,160,1222.8000,38463.00,7872.00,46335.00,-157185.00,46335.00,earnings,earnings,BUY,200,0.086458,True,1147.7626,1272,1274,1273.0000,2,2.408357,0.086458,0.000000,-4.5000,,,-4.0000,120,BUY,+0.355230,unstructured,,,-23.1095,-23.1095,0.004975,0.065672,0.929353,0,0,0,book,False,"{'timestamp': 3316, 'kind': 'unstructured', 'new_data': {'content': 'Softening data raises expectations of policy easing.'}}"
1775842405.650929,macro_signal,3316,,BUY,120,,,,,score=-4.00 headline=Softening data raises expectations of policy easing.,160,1222.8000,38463.00,7872.00,46335.00,-157185.00,46335.00,earnings,macro,BUY,120,4.000000,True,1155.3459,1272,1274,1273.0000,2,2.408357,0.086458,0.000000,-6.0000,,,-4.0000,120,BUY,+0.355230,,,,-29.1095,-23.1095,0.004975,0.065672,0.929353,0,0,0,book,False,"{'timestamp': 3316, 'kind': 'unstructured', 'new_data': {'content': 'Softening data raises expectations of policy easing.'}}"
1775842408.255792,heartbeat,3316,,,,,,,,,160,1222.8000,38463.00,8352.00,46815.00,-157185.00,46815.00,earnings,macro,BUY,120,4.000000,True,1155.9290,1275,1279,1277.0000,4,2.408357,0.086458,0.000000,-6.0000,,,,,,,,,,-29.5689,-23.5689,0.004978,0.047287,0.947735,0,0,0,book,False,
1775842411.256377,heartbeat,3316,,,,,,,,,160,1222.8000,38463.00,6752.00,45215.00,-157185.00,45215.00,earnings,macro,BUY,120,4.000000,True,1156.1975,1265,1268,1266.5000,3,2.408357,0.086458,0.000000,-6.0000,,,,,,,,,,-29.7805,-23.7805,0.006969,0.034843,0.958188,0,0,0,book,False,
1775842414.256582,heartbeat,3316,,,,,,,,,160,1222.8000,38463.00,8032.00,46495.00,-157185.00,46495.00,earnings,macro,BUY,120,4.000000,False,1149.0001,1273,1276,1274.5000,3,2.408357,0.086458,0.000000,-6.0000,,,,,,,,,,-24.0916,-24.0916,0.004978,0.026381,0.968641,0,0,0,book,False,
1775842417.256623,heartbeat,3316,,,,,,,,,160,1222.8000,38463.00,8032.00,46495.00,-157185.00,46495.00,earnings,macro,BUY,120,4.000000,False,1148.7120,1273,1279,1276.0000,6,2.408357,0.086458,0.000000,-6.0000,,,,,,,,,,-23.8631,-23.8631,0.005997,0.033483,0.960520,0,0,0,book,False,
1775842420.256735,heartbeat,3316,,,,,,,,,160,1222.8000,38463.00,7232.00,45695.00,-157185.00,45695.00,earnings,macro,BUY,120,4.000000,False,1147.6179,1268,1276,1272.0000,8,2.408357,0.086458,0.000000,-6.0000,,,,,,,,,,-22.9945,-22.9945,0.004983,0.070254,0.924763,0,0,0,book,False,
1775842420.472444,order_placed,3316,C,SELL,40,1262,1775841734589,profit_trail,,,160,1222.8000,38463.00,6272.00,44735.00,-157185.00,44735.00,earnings,macro,BUY,120,4.000000,False,1147.4938,1262,1266,1264.0000,4,2.408357,0.086458,0.000000,-6.0000,,,,,,,,,,-22.8959,-22.8959,0.004980,0.074203,0.920817,0,0,0,book,False,
1775842420.472903,exit_trigger,3316,,,40,,,profit_trail,profit_trail,,160,1222.8000,38463.00,6272.00,44735.00,-157185.00,44735.00,earnings,macro,BUY,120,4.000000,False,1147.4938,1262,1266,1264.0000,4,2.408357,0.086458,0.000000,-6.0000,,,,,,,,,,-22.8959,-22.8959,0.004980,0.074203,0.920817,0,0,0,book,False,
1775842420.473299,heartbeat_forced,3316,,,,,,,,,160,1222.8000,38463.00,6272.00,44735.00,-157185.00,44735.00,earnings,macro,BUY,120,4.000000,False,1147.4938,1262,1266,1264.0000,4,2.408357,0.086458,0.000000,-6.0000,,,,,,,,,,-22.8959,-22.8959,0.004980,0.074203,0.920817,0,0,0,book,False,
1775842420.502225,fill,3316,C,SELL,40,1262,1775841734589,profit_trail,,,120,1222.8000,40031.00,4704.00,44735.00,-106705.00,44735.00,earnings,macro,BUY,120,4.000000,False,1147.4938,1262,1262,1262.0000,0,2.408357,0.086458,0.000000,-6.0000,,,,,,,,,,-22.8959,-22.8959,0.004980,0.074203,0.920817,0,0,0,book,False,
1775842420.502842,order_placed,3316,C,SELL,40,1262,1775841734590,profit_trail,,,120,1222.8000,40031.00,4704.00,44735.00,-106705.00,44735.00,earnings,macro,BUY,120,4.000000,False,1147.4938,1262,1262,1262.0000,0,2.408357,0.086458,0.000000,-6.0000,,,,,,,,,,-22.8959,-22.8959,0.004980,0.074203,0.920817,0,0,0,book,False,
1775842420.503064,exit_trigger,3316,,,40,,,profit_trail,profit_trail,,120,1222.8000,40031.00,4704.00,44735.00,-106705.00,44735.00,earnings,macro,BUY,120,4.000000,False,1147.4938,1262,1262,1262.0000,0,2.408357,0.086458,0.000000,-6.0000,,,,,,,,,,-22.8959,-22.8959,0.004980,0.074203,0.920817,0,0,0,book,False,
1775842420.503374,heartbeat_forced,3316,,,,,,,,,120,1222.8000,40031.00,4704.00,44735.00,-106705.00,44735.00,earnings,macro,BUY,120,4.000000,False,1147.4938,1262,1262,1262.0000,0,2.408357,0.086458,0.000000,-6.0000,,,,,,,,,,-22.8959,-22.8959,0.004980,0.074203,0.920817,0,0,0,book,False,
1775842420.533327,fill,3316,C,SELL,40,1262,1775841734590,profit_trail,,,80,1222.8000,41599.00,3136.00,44735.00,-56225.00,44735.00,earnings,macro,BUY,120,4.000000,False,1147.4938,1262,1262,1262.0000,0,2.408357,0.086458,0.000000,-6.0000,,,,,,,,,,-22.8959,-22.8959,0.004980,0.074203,0.920817,0,0,0,book,False,
1775842420.534250,order_placed,3316,C,SELL,40,1262,1775841734591,profit_trail,,,80,1222.8000,41599.00,3136.00,44735.00,-56225.00,44735.00,earnings,macro,BUY,120,4.000000,False,1147.4938,1262,1262,1262.0000,0,2.408357,0.086458,0.000000,-6.0000,,,,,,,,,,-22.8959,-22.8959,0.004980,0.074203,0.920817,0,0,0,book,False,
1775842420.534596,exit_trigger,3316,,,40,,,profit_trail,profit_trail,,80,1222.8000,41599.00,3136.00,44735.00,-56225.00,44735.00,earnings,macro,BUY,120,4.000000,False,1147.4938,1262,1262,1262.0000,0,2.408357,0.086458,0.000000,-6.0000,,,,,,,,,,-22.8959,-22.8959,0.004980,0.074203,0.920817,0,0,0,book,False,
1775842420.535152,heartbeat_forced,3316,,,,,,,,,80,1222.8000,41599.00,3136.00,44735.00,-56225.00,44735.00,earnings,macro,BUY,120,4.000000,False,1147.4938,1262,1262,1262.0000,0,2.408357,0.086458,0.000000,-6.0000,,,,,,,,,,-22.8959,-22.8959,0.004980,0.074203,0.920817,0,0,0,book,False,
1775842420.563712,fill,3316,C,SELL,35,1262,1775841734591,profit_trail,,,45,1222.8000,42971.00,1764.00,44735.00,-12055.00,44735.00,earnings,macro,BUY,120,4.000000,False,1147.4938,1262,1262,1262.0000,0,2.408357,0.086458,0.000000,-6.0000,,,,,,,,,,-22.8959,-22.8959,0.004980,0.074203,0.920817,0,0,0,book,False,
1775842420.646364,fill,3316,C,SELL,5,1262,1775841734591,profit_trail,,,40,1222.8000,43167.00,1808.00,44975.00,-5745.00,44975.00,earnings,macro,BUY,120,4.000000,False,1147.4938,1268,1262,1265.0000,-6,2.408357,0.086458,0.000000,-6.0000,,,,,,,,,,-22.8959,-22.8959,0.004980,0.074203,0.920817,0,0,0,book,False,
1775842420.648061,order_placed,3316,C,SELL,40,1261,1775841734592,profit_trail,,,40,1222.8000,43167.00,1528.00,44695.00,-5745.00,44695.00,earnings,macro,BUY,120,4.000000,False,1147.4938,1261,1262,1261.5000,1,2.408357,0.086458,0.000000,-6.0000,,,,,,,,,,-22.8959,-22.8959,0.004980,0.074203,0.920817,0,0,0,book,False,
1775842420.648400,exit_trigger,3316,,,40,,,profit_trail,profit_trail,,40,1222.8000,43167.00,1528.00,44695.00,-5745.00,44695.00,earnings,macro,BUY,120,4.000000,False,1147.4938,1261,1262,1261.5000,1,2.408357,0.086458,0.000000,-6.0000,,,,,,,,,,-22.8959,-22.8959,0.004980,0.074203,0.920817,0,0,0,book,False,
1775842420.648906,heartbeat_forced,3316,,,,,,,,,40,1222.8000,43167.00,1528.00,44695.00,-5745.00,44695.00,earnings,macro,BUY,120,4.000000,False,1147.4938,1261,1262,1261.5000,1,2.408357,0.086458,0.000000,-6.0000,,,,,,,,,,-22.8959,-22.8959,0.004980,0.074203,0.920817,0,0,0,book,False,
1775842420.679921,fill,3316,C,SELL,40,1266,1775841734592,profit_trail,,,0,,44895.00,0.00,44895.00,44895.00,44895.00,flat,,,,,,1147.4638,1266,1261,1263.5000,-5,2.408357,0.086458,0.000000,-6.0000,,,,,,,,,,-22.8721,-22.8721,0.004978,0.075162,0.919861,0,0,0,flat,False,
1775842423.649414,heartbeat,3316,,,,,,,,,0,,44895.00,0.00,44895.00,44895.00,44895.00,flat,,,,,,1146.8044,1265,1266,1265.5000,1,2.408357,0.086458,0.000000,-6.0000,,,,,,,,,,-22.3481,-22.3481,0.004980,0.096116,0.898904,0,0,0,flat,False,
1775842426.650246,heartbeat,3316,,,,,,,,,0,,44895.00,0.00,44895.00,44895.00,44895.00,flat,,,,,,1146.3991,1268,1272,1270.0000,4,2.408357,0.086458,0.000000,-6.0000,,,,,,,,,,-22.0259,-22.0259,0.004978,0.109009,0.886013,0,0,0,flat,False,
1775842429.650775,heartbeat,3316,,,,,,,,,0,,44895.00,0.00,44895.00,44895.00,44895.00,flat,,,,,,1145.9433,1268,1270,1269.0000,2,2.408357,0.086458,0.000000,-6.0000,,,,,,,,,,-21.6633,-21.6633,0.004980,0.123506,0.871514,0,0,0,flat,False,
1775842432.451986,news_ignored,3450,,,,,,,non_signal_news,,0,,44895.00,0.00,44895.00,44895.00,44895.00,flat,,,,,,1145.6124,1267,1268,1267.5000,1,2.408357,0.086458,0.000000,-6.0000,,,,,,,structured,petition,,-21.4000,-21.4000,0.005000,0.134000,0.861000,0,0,0,flat,False,"{'timestamp': 3450, 'kind': 'structured', 'new_data': {'new_signatures': 0, 'cumulative': 0, 'asset': '', 'structured_subtype': 'petition'}}"
1775842432.651193,heartbeat,3450,,,,,,,,,0,,44895.00,0.00,44895.00,44895.00,44895.00,flat,,,,,,1145.4725,1264,1268,1266.0000,4,2.408357,0.086458,0.000000,-6.0000,,,,,,,,,,-21.2887,-21.2887,0.005155,0.138144,0.856701,0,0,0,flat,False,
1775842435.651038,heartbeat,3450,,,,,,,,,0,,44895.00,0.00,44895.00,44895.00,44895.00,flat,,,,,,1143.5642,1262,1267,1264.5000,5,2.408357,0.086458,0.000000,-6.0000,,,,,,,,,,-19.7683,-19.7683,0.004983,0.199302,0.795715,0,0,0,flat,False,
1775842438.651351,heartbeat,3450,,,,,,,,,0,,44895.00,0.00,44895.00,44895.00,44895.00,flat,,,,,,1146.9021,1271,1272,1271.5000,1,2.408357,0.086458,0.000000,-6.0000,,,,,,,,,,-22.4257,-22.4257,0.004950,0.093069,0.901980,0,0,0,flat,False,
1775842441.651949,heartbeat,3450,,,,,,,,,0,,44895.00,0.00,44895.00,44895.00,44895.00,flat,,,,,,1147.0738,1275,1276,1275.5000,1,2.408357,0.086458,0.000000,-6.0000,,,,,,,,,,-22.5622,-22.5622,0.004975,0.087562,0.907463,0,0,0,flat,False,
1775842444.654365,heartbeat,3450,,,,,,,,,0,,44895.00,0.00,44895.00,44895.00,44895.00,flat,,,,,,1147.8857,1278,1282,1280.0000,4,2.408357,0.086458,0.000000,-6.0000,,,,,,,,,,-23.2072,-23.2072,0.004980,0.061753,0.933267,0,0,0,flat,False,
1775842446.849472,macro_eval,3522,,SELL,0,,,,below_threshold,score=+1.50 headline=Several officials express concern that overtightening could trigger a recession.,0,,44895.00,0.00,44895.00,44895.00,44895.00,flat,,,,,,1147.5747,1272,1277,1274.5000,5,2.408357,0.086458,0.000000,-6.0000,,,1.5000,0,SELL,+0.355230,unstructured,,,-22.9602,-22.9602,0.004975,0.071642,0.923383,0,0,0,flat,False,"{'timestamp': 3522, 'kind': 'unstructured', 'new_data': {'content': 'Several officials express concern that overtightening could trigger a recession.'}}"
1775842446.850298,news_ignored,3522,,,,,,,weak_macro_news,score=+1.50,0,,44895.00,0.00,44895.00,44895.00,44895.00,flat,,,,,,1147.5747,1272,1277,1274.5000,5,2.408357,0.086458,0.000000,-6.0000,,,1.5000,0,SELL,+0.355230,unstructured,,,-22.9602,-22.9602,0.004975,0.071642,0.923383,0,0,0,flat,False,"{'timestamp': 3522, 'kind': 'unstructured', 'new_data': {'content': 'Several officials express concern that overtightening could trigger a recession.'}}"
1775842447.654947,heartbeat,3522,,,,,,,,,0,,44895.00,0.00,44895.00,44895.00,44895.00,flat,,,,,,1148.9861,1282,1286,1284.0000,4,2.408357,0.086458,0.000000,-6.0000,,,,,,,,,,-24.0805,-24.0805,0.006958,0.022863,0.970179,0,0,0,flat,False,
1775842450.654986,heartbeat,3522,,,,,,,,,0,,44895.00,0.00,44895.00,44895.00,44895.00,flat,,,,,,1149.2982,1281,1283,1282.0000,2,2.408357,0.086458,0.000000,-6.0000,,,,,,,,,,-24.3280,-24.3280,0.004978,0.016924,0.978099,0,0,0,flat,False,
1775842453.655095,heartbeat,3522,,,,,,,,,0,,44895.00,0.00,44895.00,44895.00,44895.00,flat,,,,,,1149.3763,1278,1281,1279.5000,3,2.408357,0.086458,0.000000,-6.0000,,,,,,,,,,-24.3899,-24.3899,0.004980,0.014442,0.980578,0,0,0,flat,False,
1775842456.655395,heartbeat,3522,,,,,,,,,0,,44895.00,0.00,44895.00,44895.00,44895.00,flat,,,,,,1149.3461,1277,1282,1279.5000,5,2.408357,0.086458,0.000000,-6.0000,,,,,,,,,,-24.3660,-24.3660,0.004973,0.015415,0.979612,0,0,0,flat,False,
1775842459.656091,heartbeat,3522,,,,,,,,,0,,44895.00,0.00,44895.00,44895.00,44895.00,flat,,,,,,1149.5810,1283,1286,1284.5000,3,2.408357,0.086458,0.000000,-6.0000,,,,,,,,,,-24.5522,-24.5522,0.004975,0.007960,0.987065,0,0,0,flat,False,
1775842460.445301,earnings_blocked,3590,,SELL,120,,,,weak_sell_against_earnings_trend_+0.3098,old=2.408357 new=2.389218 delta=-0.019139,0,,44895.00,0.00,44895.00,44895.00,44895.00,flat,,,,,,1142.6319,1279,1283,1281.0000,4,2.389218,-0.019139,0.000000,-6.0000,,,,,,+0.290613,,,,-24.5522,-24.5522,0.004975,0.007960,0.987065,0,0,0,flat,False,
1775842462.657849,heartbeat,3590,,,,,,,,,0,,44895.00,0.00,44895.00,44895.00,44895.00,flat,,,,,,1142.4758,1278,1281,1279.5000,3,2.389218,-0.019139,0.000000,-6.0000,,,,,,,,,,-24.4276,-24.4276,0.004978,0.012942,0.982081,0,0,0,flat,False,
1775842465.658363,heartbeat,3590,,,,,,,,,0,,44895.00,0.00,44895.00,44895.00,44895.00,flat,,,,,,1142.5845,1267,1269,1268.0000,2,2.389218,-0.019139,0.000000,-6.0000,,,,,,,,,,-24.5144,-24.5144,0.004980,0.009462,0.985558,0,0,0,flat,False,
1775842468.659263,heartbeat,3590,,,,,,,,,0,,44895.00,0.00,44895.00,44895.00,44895.00,flat,,,,,,1142.5849,1270,1273,1271.5000,3,2.389218,-0.019139,0.000000,-6.0000,,,,,,,,,,-24.5147,-24.5147,0.004978,0.009457,0.985565,0,0,0,flat,False,
1775842471.661902,heartbeat,3590,,,,,,,,,0,,44895.00,0.00,44895.00,44895.00,44895.00,flat,,,,,,1142.6163,1270,1272,1271.0000,2,2.389218,-0.019139,0.000000,-6.0000,,,,,,,,,,-24.5398,-24.5398,0.004975,0.008458,0.986567,0,0,0,flat,False,
1775842472.063156,macro_eval,3648,,BUY,0,,,,below_threshold,score=-2.00 headline=Weaker retail sales data strengthens the argument for near-term cuts.,0,,44895.00,0.00,44895.00,44895.00,44895.00,flat,,,,,,1142.6330,1269,1273,1271.0000,4,2.389218,-0.019139,0.000000,-6.0000,,,-2.0000,0,BUY,+0.290613,unstructured,,,-24.5531,-24.5531,0.004965,0.007944,0.987090,0,0,0,flat,False,"{'timestamp': 3648, 'kind': 'unstructured', 'new_data': {'content': 'Weaker retail sales data strengthens the argument for near-term cuts.'}}"
1775842472.063593,news_ignored,3648,,,,,,,weak_macro_news,score=-2.00,0,,44895.00,0.00,44895.00,44895.00,44895.00,flat,,,,,,1142.6330,1269,1273,1271.0000,4,2.389218,-0.019139,0.000000,-6.0000,,,-2.0000,0,BUY,+0.290613,unstructured,,,-24.5531,-24.5531,0.004965,0.007944,0.987090,0,0,0,flat,False,"{'timestamp': 3648, 'kind': 'unstructured', 'new_data': {'content': 'Weaker retail sales data strengthens the argument for near-term cuts.'}}"
1775842474.661945,heartbeat,3648,,,,,,,,,0,,44895.00,0.00,44895.00,44895.00,44895.00,flat,,,,,,1142.6962,1263,1266,1264.5000,3,2.389218,-0.019139,0.000000,-6.0000,,,,,,,,,,-24.6036,-24.6036,0.004955,0.005946,0.989098,0,0,0,flat,False,
1775842477.684292,heartbeat,3648,,,,,,,,,0,,44895.00,0.00,44895.00,44895.00,44895.00,flat,,,,,,1142.7251,1259,1263,1261.0000,4,2.389218,-0.019139,0.000000,-6.0000,,,,,,,,,,-24.6267,-24.6267,0.004978,0.004978,0.990045,0,0,0,flat,False,
1775842480.702049,heartbeat,3648,,,,,,,,,0,,44895.00,0.00,44895.00,44895.00,44895.00,flat,,,,,,1142.6344,1266,1270,1268.0000,4,2.389218,-0.019139,0.000000,-6.0000,,,,,,,,,,-24.5542,-24.5542,0.004953,0.007925,0.987122,0,0,0,flat,False,
1775842482.447234,news_ignored,3700,,,,,,,non_signal_news,,0,,44895.00,0.00,44895.00,44895.00,44895.00,flat,,,,,,1142.6037,1266,1270,1268.0000,4,2.389218,-0.019139,0.000000,-6.0000,,,,,,,structured,petition,,-24.5297,-24.5297,0.004950,0.008911,0.986139,0,0,0,flat,False,"{'timestamp': 3700, 'kind': 'structured', 'new_data': {'new_signatures': 0, 'cumulative': 0, 'asset': '', 'structured_subtype': 'petition'}}"
1775842483.723229,heartbeat,3700,,,,,,,,,0,,44895.00,0.00,44895.00,44895.00,44895.00,flat,,,,,,1142.6784,1269,1273,1271.0000,4,2.389218,-0.019139,0.000000,-6.0000,,,,,,,,,,-24.5893,-24.5893,0.004978,0.006471,0.988552,0,0,0,flat,False,
1775842484.454593,earnings_signal,3710,,BUY,160,,,,,old=2.389218 new=2.425431 delta=+0.036212,0,,44895.00,0.00,44895.00,44895.00,44895.00,flat,earnings,BUY,160,0.036212,True,1155.8112,1269,1272,1270.5000,3,2.425431,0.036212,0.000000,-6.0000,,,,,,,,,,-24.5767,-24.5767,0.004980,0.006972,0.988048,0,0,0,flat,False,
1775842484.455389,entry_blocked,3710,,,160,,,earnings,buy_over_fair_px_1272_fair_1155.8,,0,,44895.00,0.00,44895.00,44895.00,44895.00,flat,earnings,BUY,160,0.036212,True,1155.8112,1269,1272,1270.5000,3,2.425431,0.036212,0.000000,-6.0000,,,,,,,,,,-24.5767,-24.5767,0.004980,0.006972,0.988048,0,0,0,flat,False,
1775842484.458538,entry_blocked,3710,,,160,,,earnings,buy_over_fair_px_1272_fair_1155.7,,0,,44895.00,0.00,44895.00,44895.00,44895.00,flat,earnings,BUY,160,0.036212,True,1155.7485,1269,1272,1270.5000,3,2.425431,0.036212,0.000000,-6.0000,,,,,,,,,,-24.5274,-24.5274,0.005970,0.006965,0.987065,0,0,0,flat,False,
1775842484.666782,entry_blocked,3710,,,160,,,earnings,buy_over_fair_px_1273_fair_1155.7,,0,,44895.00,0.00,44895.00,44895.00,44895.00,flat,earnings,BUY,160,0.036212,True,1155.7002,1270,1273,1271.5000,3,2.425431,0.036212,0.000000,-6.0000,,,,,,,,,,-24.4893,-24.4893,0.005979,0.008470,0.985551,0,0,0,flat,False,
1775842484.667326,entry_blocked,3710,,,160,,,earnings,buy_over_fair_px_1274_fair_1155.7,,0,,44895.00,0.00,44895.00,44895.00,44895.00,flat,earnings,BUY,160,0.036212,True,1155.7002,1270,1274,1272.0000,4,2.425431,0.036212,0.000000,-6.0000,,,,,,,,,,-24.4893,-24.4893,0.005979,0.008470,0.985551,0,0,0,flat,False,
1775842484.847706,entry_blocked,3710,,,160,,,earnings,buy_over_fair_px_1274_fair_1155.8,,0,,44895.00,0.00,44895.00,44895.00,44895.00,flat,earnings,BUY,160,0.036212,True,1155.7948,1270,1274,1272.0000,4,2.425431,0.036212,0.000000,-6.0000,,,,,,,,,,-24.5638,-24.5638,0.004985,0.007478,0.987537,0,0,0,flat,False,
1775842484.854735,entry_blocked,3710,,,160,,,earnings,buy_over_fair_px_1271_fair_1155.8,,0,,44895.00,0.00,44895.00,44895.00,44895.00,flat,earnings,BUY,160,0.036212,True,1155.7948,1270,1271,1270.5000,1,2.425431,0.036212,0.000000,-6.0000,,,,,,,,,,-24.5638,-24.5638,0.004985,0.007478,0.987537,0,0,0,flat,False,
1775842485.057296,entry_blocked,3710,,,160,,,earnings,buy_over_fair_px_1272_fair_1155.8,,0,,44895.00,0.00,44895.00,44895.00,44895.00,flat,earnings,BUY,160,0.036212,True,1155.8117,1267,1272,1269.5000,5,2.425431,0.036212,0.000000,-6.0000,,,,,,,,,,-24.5771,-24.5771,0.004975,0.006965,0.988060,0,0,0,flat,False,
1775842485.068497,entry_blocked,3710,,,160,,,earnings,buy_over_fair_px_1273_fair_1155.8,,0,,44895.00,0.00,44895.00,44895.00,44895.00,flat,earnings,BUY,160,0.036212,True,1155.8117,1271,1273,1272.0000,2,2.425431,0.036212,0.000000,-6.0000,,,,,,,,,,-24.5771,-24.5771,0.004975,0.006965,0.988060,0,0,0,flat,False,
1775842485.069036,entry_blocked,3710,,,160,,,earnings,buy_over_fair_px_1274_fair_1155.8,,0,,44895.00,0.00,44895.00,44895.00,44895.00,flat,earnings,BUY,160,0.036212,True,1155.8117,1271,1274,1272.5000,3,2.425431,0.036212,0.000000,-6.0000,,,,,,,,,,-24.5771,-24.5771,0.004975,0.006965,0.988060,0,0,0,flat,False,
1775842485.069583,entry_blocked,3710,,,160,,,earnings,buy_over_fair_px_1275_fair_1155.8,,0,,44895.00,0.00,44895.00,44895.00,44895.00,flat,earnings,BUY,160,0.036212,True,1155.8117,1271,1275,1273.0000,4,2.425431,0.036212,0.000000,-6.0000,,,,,,,,,,-24.5771,-24.5771,0.004975,0.006965,0.988060,0,0,0,flat,False,
1775842485.070084,entry_blocked,3710,,,160,,,earnings,buy_over_fair_px_1276_fair_1155.8,,0,,44895.00,0.00,44895.00,44895.00,44895.00,flat,earnings,BUY,160,0.036212,True,1155.8117,1271,1276,1273.5000,5,2.425431,0.036212,0.000000,-6.0000,,,,,,,,,,-24.5771,-24.5771,0.004975,0.006965,0.988060,0,0,0,flat,False,
1775842485.247664,entry_blocked,3710,,,160,,,earnings,buy_over_fair_px_1271_fair_1155.8,,0,,44895.00,0.00,44895.00,44895.00,44895.00,flat,earnings,BUY,160,0.036212,True,1155.8117,1271,1271,1271.0000,0,2.425431,0.036212,0.000000,-6.0000,,,,,,,,,,-24.5771,-24.5771,0.004975,0.006965,0.988060,0,0,0,flat,False,
1775842485.250053,entry_blocked,3710,,,160,,,earnings,buy_over_fair_px_1276_fair_1155.8,,0,,44895.00,0.00,44895.00,44895.00,44895.00,flat,earnings,BUY,160,0.036212,True,1155.8117,1271,1276,1273.5000,5,2.425431,0.036212,0.000000,-6.0000,,,,,,,,,,-24.5771,-24.5771,0.004975,0.006965,0.988060,0,0,0,flat,False,
1775842485.256480,entry_blocked,3710,,,160,,,earnings,buy_over_fair_px_1272_fair_1155.8,,0,,44895.00,0.00,44895.00,44895.00,44895.00,flat,earnings,BUY,160,0.036212,True,1155.8112,1271,1272,1271.5000,1,2.425431,0.036212,0.000000,-6.0000,,,,,,,,,,-24.5767,-24.5767,0.004980,0.006972,0.988048,0,0,0,flat,False,
1775842485.466513,entry_blocked,3710,,,160,,,earnings,buy_over_fair_px_1273_fair_1155.8,,0,,44895.00,0.00,44895.00,44895.00,44895.00,flat,earnings,BUY,160,0.036212,True,1155.8267,1269,1273,1271.0000,4,2.425431,0.036212,0.000000,-6.0000,,,,,,,,,,-24.5889,-24.5889,0.004983,0.006477,0.988540,0,0,0,flat,False,
1775842485.654143,entry_blocked,3710,,,160,,,earnings,buy_over_fair_px_1279_fair_1155.8,,0,,44895.00,0.00,44895.00,44895.00,44895.00,flat,earnings,BUY,160,0.036212,True,1155.8267,1269,1279,1274.0000,10,2.425431,0.036212,0.000000,-6.0000,,,,,,,,,,-24.5889,-24.5889,0.004983,0.006477,0.988540,0,0,0,flat,False,
1775842485.659484,entry_blocked,3710,,,160,,,earnings,buy_over_fair_px_1274_fair_1155.8,,0,,44895.00,0.00,44895.00,44895.00,44895.00,flat,earnings,BUY,160,0.036212,True,1155.8275,1270,1274,1272.0000,4,2.425431,0.036212,0.000000,-6.0000,,,,,,,,,,-24.5896,-24.5896,0.004975,0.006468,0.988557,0,0,0,flat,False,
1775842485.853807,entry_blocked,3710,,,160,,,earnings,buy_over_fair_px_1275_fair_1155.8,,0,,44895.00,0.00,44895.00,44895.00,44895.00,flat,earnings,BUY,160,0.036212,True,1155.8430,1270,1275,1272.5000,5,2.425431,0.036212,0.000000,-6.0000,,,,,,,,,,-24.6018,-24.6018,0.004978,0.005973,0.989049,0,0,0,flat,False,
1775842485.856754,entry_blocked,3710,,,160,,,earnings,buy_over_fair_px_1276_fair_1155.8,,0,,44895.00,0.00,44895.00,44895.00,44895.00,flat,earnings,BUY,160,0.036212,True,1155.8430,1270,1276,1273.0000,6,2.425431,0.036212,0.000000,-6.0000,,,,,,,,,,-24.6018,-24.6018,0.004978,0.005973,0.989049,0,0,0,flat,False,
1775842485.857867,entry_blocked,3710,,,160,,,earnings,buy_over_fair_px_1279_fair_1155.8,,0,,44895.00,0.00,44895.00,44895.00,44895.00,flat,earnings,BUY,160,0.036212,True,1155.8430,1270,1279,1274.5000,9,2.425431,0.036212,0.000000,-6.0000,,,,,,,,,,-24.6018,-24.6018,0.004978,0.005973,0.989049,0,0,0,flat,False,
1775842485.858975,entry_blocked,3710,,,160,,,earnings,buy_over_fair_px_1280_fair_1155.8,,0,,44895.00,0.00,44895.00,44895.00,44895.00,flat,earnings,BUY,160,0.036212,True,1155.8430,1270,1280,1275.0000,10,2.425431,0.036212,0.000000,-6.0000,,,,,,,,,,-24.6018,-24.6018,0.004978,0.005973,0.989049,0,0,0,flat,False,
1775842485.863951,entry_blocked,3710,,,160,,,earnings,buy_over_fair_px_1275_fair_1155.8,,0,,44895.00,0.00,44895.00,44895.00,44895.00,flat,earnings,BUY,160,0.036212,True,1155.8433,1270,1275,1272.5000,5,2.425431,0.036212,0.000000,-6.0000,,,,,,,,,,-24.6020,-24.6020,0.004975,0.005970,0.989055,0,0,0,flat,False,
1775842486.052420,entry_blocked,3710,,,160,,,earnings,buy_over_fair_px_1274_fair_1155.8,,0,,44895.00,0.00,44895.00,44895.00,44895.00,flat,earnings,BUY,160,0.036212,True,1155.8433,1270,1274,1272.0000,4,2.425431,0.036212,0.000000,-6.0000,,,,,,,,,,-24.6020,-24.6020,0.004975,0.005970,0.989055,0,0,0,flat,False,
1775842486.267242,entry_blocked,3710,,,160,,,earnings,buy_over_fair_px_1275_fair_1155.8,,0,,44895.00,0.00,44895.00,44895.00,44895.00,flat,earnings,BUY,160,0.036212,True,1155.8433,1272,1275,1273.5000,3,2.425431,0.036212,0.000000,-6.0000,,,,,,,,,,-24.6020,-24.6020,0.004975,0.005970,0.989055,0,0,0,flat,False,
1775842486.267863,entry_blocked,3710,,,160,,,earnings,buy_over_fair_px_1276_fair_1155.8,,0,,44895.00,0.00,44895.00,44895.00,44895.00,flat,earnings,BUY,160,0.036212,True,1155.8433,1272,1276,1274.0000,4,2.425431,0.036212,0.000000,-6.0000,,,,,,,,,,-24.6020,-24.6020,0.004975,0.005970,0.989055,0,0,0,flat,False,
1775842486.464968,entry_blocked,3710,,,160,,,earnings,buy_over_fair_px_1277_fair_1155.8,,0,,44895.00,0.00,44895.00,44895.00,44895.00,flat,earnings,BUY,160,0.036212,True,1155.7959,1273,1277,1275.0000,4,2.425431,0.036212,0.000000,-6.0000,,,,,,,,,,-24.5647,-24.5647,0.004975,0.007463,0.987562,0,0,0,flat,False,
1775842486.654149,entry_blocked,3710,,,160,,,earnings,buy_over_fair_px_1277_fair_1155.7,,0,,44895.00,0.00,44895.00,44895.00,44895.00,flat,earnings,BUY,160,0.036212,True,1155.7321,1273,1277,1275.0000,4,2.425431,0.036212,0.000000,-6.0000,,,,,,,,,,-24.5144,-24.5144,0.005976,0.007470,0.986554,0,0,0,flat,False,
1775842486.747590,heartbeat,3710,,,,,,,,,0,,44895.00,0.00,44895.00,44895.00,44895.00,flat,earnings,BUY,160,0.036212,True,1155.6857,1273,1277,1275.0000,4,2.425431,0.036212,0.000000,-6.0000,,,,,,,,,,-24.4779,-24.4779,0.005967,0.008951,0.985082,0,0,0,flat,False,
1775842486.860479,entry_blocked,3710,,,160,,,earnings,buy_over_fair_px_1275_fair_1155.7,,0,,44895.00,0.00,44895.00,44895.00,44895.00,flat,earnings,BUY,160,0.036212,True,1155.7008,1273,1275,1274.0000,2,2.425431,0.036212,0.000000,-6.0000,,,,,,,,,,-24.4898,-24.4898,0.005973,0.008462,0.985565,0,0,0,flat,False,
1775842487.047190,entry_blocked,3710,,,160,,,earnings,buy_over_fair_px_1276_fair_1155.7,,0,,44895.00,0.00,44895.00,44895.00,44895.00,flat,earnings,BUY,160,0.036212,True,1155.7008,1271,1276,1273.5000,5,2.425431,0.036212,0.000000,-6.0000,,,,,,,,,,-24.4898,-24.4898,0.005973,0.008462,0.985565,0,0,0,flat,False,
1775842487.056176,entry_blocked,3710,,,160,,,earnings,buy_over_fair_px_1276_fair_1155.8,,0,,44895.00,0.00,44895.00,44895.00,44895.00,flat,earnings,BUY,160,0.036212,True,1155.7643,1274,1276,1275.0000,2,2.425431,0.036212,0.000000,-6.0000,,,,,,,,,,-24.5398,-24.5398,0.005970,0.006468,0.987562,0,0,0,flat,False,
1775842487.066532,entry_blocked,3710,,,160,,,earnings,buy_over_fair_px_1277_fair_1155.8,,0,,44895.00,0.00,44895.00,44895.00,44895.00,flat,earnings,BUY,160,0.036212,True,1155.7643,1274,1277,1275.5000,3,2.425431,0.036212,0.000000,-6.0000,,,,,,,,,,-24.5398,-24.5398,0.005970,0.006468,0.987562,0,0,0,flat,False,
1775842487.067069,entry_blocked,3710,,,160,,,earnings,buy_over_fair_px_1278_fair_1155.8,,0,,44895.00,0.00,44895.00,44895.00,44895.00,flat,earnings,BUY,160,0.036212,True,1155.7643,1274,1278,1276.0000,4,2.425431,0.036212,0.000000,-6.0000,,,,,,,,,,-24.5398,-24.5398,0.005970,0.006468,0.987562,0,0,0,flat,False,
1775842487.067581,entry_blocked,3710,,,160,,,earnings,buy_over_fair_px_1279_fair_1155.8,,0,,44895.00,0.00,44895.00,44895.00,44895.00,flat,earnings,BUY,160,0.036212,True,1155.7643,1274,1279,1276.5000,5,2.425431,0.036212,0.000000,-6.0000,,,,,,,,,,-24.5398,-24.5398,0.005970,0.006468,0.987562,0,0,0,flat,False,
1775842487.268165,entry_blocked,3710,,,160,,,earnings,buy_over_fair_px_1280_fair_1155.8,,0,,44895.00,0.00,44895.00,44895.00,44895.00,flat,earnings,BUY,160,0.036212,True,1155.7804,1276,1280,1278.0000,4,2.425431,0.036212,0.000000,-6.0000,,,,,,,,,,-24.5525,-24.5525,0.005967,0.005967,0.988066,0,0,0,flat,False,
1775842487.449608,entry_blocked,3710,,,160,,,earnings,buy_over_fair_px_1278_fair_1155.8,,0,,44895.00,0.00,44895.00,44895.00,44895.00,flat,earnings,BUY,160,0.036212,True,1155.7804,1276,1278,1277.0000,2,2.425431,0.036212,0.000000,-6.0000,,,,,,,,,,-24.5525,-24.5525,0.005967,0.005967,0.988066,0,0,0,flat,False,
1775842487.650955,entry_blocked,3710,,,160,,,earnings,buy_over_fair_px_1279_fair_1155.8,,0,,44895.00,0.00,44895.00,44895.00,44895.00,flat,earnings,BUY,160,0.036212,True,1155.7962,1274,1279,1276.5000,5,2.425431,0.036212,0.000000,-6.0000,,,,,,,,,,-24.5649,-24.5649,0.005967,0.005470,0.988563,0,0,0,flat,False,
1775842487.654839,entry_blocked,3710,,,160,,,earnings,buy_over_fair_px_1279_fair_1155.9,,0,,44895.00,0.00,44895.00,44895.00,44895.00,flat,earnings,BUY,160,0.036212,True,1155.8746,1274,1279,1276.5000,5,2.425431,0.036212,0.000000,-6.0000,,,,,,,,,,-24.6267,-24.6267,0.004978,0.004978,0.990045,0,0,0,flat,False,
1775842487.666676,entry_blocked,3710,,,160,,,earnings,buy_over_fair_px_1280_fair_1155.9,,0,,44895.00,0.00,44895.00,44895.00,44895.00,flat,earnings,BUY,160,0.036212,True,1155.8746,1278,1280,1279.0000,2,2.425431,0.036212,0.000000,-6.0000,,,,,,,,,,-24.6267,-24.6267,0.004978,0.004978,0.990045,0,0,0,flat,False,
1775842487.667214,entry_blocked,3710,,,160,,,earnings,buy_over_fair_px_1281_fair_1155.9,,0,,44895.00,0.00,44895.00,44895.00,44895.00,flat,earnings,BUY,160,0.036212,True,1155.8746,1278,1281,1279.5000,3,2.425431,0.036212,0.000000,-6.0000,,,,,,,,,,-24.6267,-24.6267,0.004978,0.004978,0.990045,0,0,0,flat,False,
1775842487.667737,entry_blocked,3710,,,160,,,earnings,buy_over_fair_px_1282_fair_1155.9,,0,,44895.00,0.00,44895.00,44895.00,44895.00,flat,earnings,BUY,160,0.036212,True,1155.8746,1278,1282,1280.0000,4,2.425431,0.036212,0.000000,-6.0000,,,,,,,,,,-24.6267,-24.6267,0.004978,0.004978,0.990045,0,0,0,flat,False,
1775842487.668267,entry_blocked,3710,,,160,,,earnings,buy_over_fair_px_1283_fair_1155.9,,0,,44895.00,0.00,44895.00,44895.00,44895.00,flat,earnings,BUY,160,0.036212,True,1155.8746,1278,1283,1280.5000,5,2.425431,0.036212,0.000000,-6.0000,,,,,,,,,,-24.6267,-24.6267,0.004978,0.004978,0.990045,0,0,0,flat,False,
1775842487.855456,entry_blocked,3710,,,160,,,earnings,buy_over_fair_px_1267_fair_1155.9,,0,,44895.00,0.00,44895.00,44895.00,44895.00,flat,earnings,BUY,160,0.036212,True,1155.8746,1278,1267,1272.5000,-11,2.425431,0.036212,0.000000,-6.0000,,,,,,,,,,-24.6267,-24.6267,0.004978,0.004978,0.990045,0,0,0,flat,False,
1775842487.860838,entry_blocked,3710,,,160,,,earnings,buy_over_fair_px_1283_fair_1155.9,,0,,44895.00,0.00,44895.00,44895.00,44895.00,flat,earnings,BUY,160,0.036212,True,1155.8746,1273,1283,1278.0000,10,2.425431,0.036212,0.000000,-6.0000,,,,,,,,,,-24.6267,-24.6267,0.004978,0.004978,0.990045,0,0,0,flat,False,
1775842487.862394,entry_blocked,3710,,,160,,,earnings,buy_over_fair_px_1283_fair_1155.8,,0,,44895.00,0.00,44895.00,44895.00,44895.00,flat,earnings,BUY,160,0.036212,True,1155.7815,1275,1283,1279.0000,8,2.425431,0.036212,0.000000,-6.0000,,,,,,,,,,-24.5533,-24.5533,0.004963,0.007940,0.987097,0,0,0,flat,False,
1775842487.863658,entry_blocked,3710,,,160,,,earnings,buy_over_fair_px_1279_fair_1155.8,,0,,44895.00,0.00,44895.00,44895.00,44895.00,flat,earnings,BUY,160,0.036212,True,1155.7815,1275,1279,1277.0000,4,2.425431,0.036212,0.000000,-6.0000,,,,,,,,,,-24.5533,-24.5533,0.004963,0.007940,0.987097,0,0,0,flat,False,
1775842488.064043,entry_blocked,3710,,,160,,,earnings,buy_over_fair_px_1280_fair_1155.8,,0,,44895.00,0.00,44895.00,44895.00,44895.00,flat,earnings,BUY,160,0.036212,True,1155.7827,1278,1280,1279.0000,2,2.425431,0.036212,0.000000,-6.0000,,,,,,,,,,-24.5542,-24.5542,0.004953,0.007925,0.987122,0,0,0,flat,False,
1775842488.064564,entry_blocked,3710,,,160,,,earnings,buy_over_fair_px_1281_fair_1155.8,,0,,44895.00,0.00,44895.00,44895.00,44895.00,flat,earnings,BUY,160,0.036212,True,1155.7827,1278,1281,1279.5000,3,2.425431,0.036212,0.000000,-6.0000,,,,,,,,,,-24.5542,-24.5542,0.004953,0.007925,0.987122,0,0,0,flat,False,
1775842488.065110,entry_blocked,3710,,,160,,,earnings,buy_over_fair_px_1282_fair_1155.8,,0,,44895.00,0.00,44895.00,44895.00,44895.00,flat,earnings,BUY,160,0.036212,True,1155.7827,1278,1282,1280.0000,4,2.425431,0.036212,0.000000,-6.0000,,,,,,,,,,-24.5542,-24.5542,0.004953,0.007925,0.987122,0,0,0,flat,False,
1775842488.646636,entry_blocked,3710,,,160,,,earnings,buy_over_fair_px_1283_fair_1155.8,,0,,44895.00,0.00,44895.00,44895.00,44895.00,flat,earnings,BUY,160,0.036212,True,1155.7824,1278,1283,1280.5000,5,2.425431,0.036212,0.000000,-6.0000,,,,,,,,,,-24.5540,-24.5540,0.004955,0.007929,0.987116,0,0,0,flat,False,
1775842488.666494,entry_blocked,3710,,,160,,,earnings,buy_over_fair_px_1284_fair_1155.8,,0,,44895.00,0.00,44895.00,44895.00,44895.00,flat,earnings,BUY,160,0.036212,True,1155.7515,1281,1284,1282.5000,3,2.425431,0.036212,0.000000,-6.0000,,,,,,,,,,-24.5297,-24.5297,0.004950,0.008911,0.986139,0,0,0,flat,False,
1775842488.667047,entry_blocked,3710,,,160,,,earnings,buy_over_fair_px_1285_fair_1155.8,,0,,44895.00,0.00,44895.00,44895.00,44895.00,flat,earnings,BUY,160,0.036212,True,1155.7515,1281,1285,1283.0000,4,2.425431,0.036212,0.000000,-6.0000,,,,,,,,,,-24.5297,-24.5297,0.004950,0.008911,0.986139,0,0,0,flat,False,
1775842488.667575,entry_blocked,3710,,,160,,,earnings,buy_over_fair_px_1286_fair_1155.8,,0,,44895.00,0.00,44895.00,44895.00,44895.00,flat,earnings,BUY,160,0.036212,True,1155.7515,1281,1286,1283.5000,5,2.425431,0.036212,0.000000,-6.0000,,,,,,,,,,-24.5297,-24.5297,0.004950,0.008911,0.986139,0,0,0,flat,False,
1775842488.851089,entry_blocked,3710,,,160,,,earnings,buy_over_fair_px_1284_fair_1155.8,,0,,44895.00,0.00,44895.00,44895.00,44895.00,flat,earnings,BUY,160,0.036212,True,1155.7515,1281,1284,1282.5000,3,2.425431,0.036212,0.000000,-6.0000,,,,,,,,,,-24.5297,-24.5297,0.004950,0.008911,0.986139,0,0,0,flat,False,
1775842489.049833,entry_blocked,3710,,,160,,,earnings,buy_over_fair_px_1284_fair_1155.9,,0,,44895.00,0.00,44895.00,44895.00,44895.00,flat,earnings,BUY,160,0.036212,True,1155.8904,1280,1284,1282.0000,4,2.425431,0.036212,0.000000,-6.0000,,,,,,,,,,-24.6391,-24.6391,0.004978,0.004480,0.990543,0,0,0,flat,False,
1775842489.056538,entry_blocked,3710,,,160,,,earnings,buy_over_fair_px_1282_fair_1155.9,,0,,44895.00,0.00,44895.00,44895.00,44895.00,flat,earnings,BUY,160,0.036212,True,1155.8904,1280,1282,1281.0000,2,2.425431,0.036212,0.000000,-6.0000,,,,,,,,,,-24.6391,-24.6391,0.004978,0.004480,0.990543,0,0,0,flat,False,
1775842489.249183,entry_blocked,3710,,,160,,,earnings,buy_over_fair_px_1279_fair_1155.9,,0,,44895.00,0.00,44895.00,44895.00,44895.00,flat,earnings,BUY,160,0.036212,True,1155.8749,1278,1279,1278.5000,1,2.425431,0.036212,0.000000,-6.0000,,,,,,,,,,-24.6269,-24.6269,0.004975,0.004975,0.990050,0,0,0,flat,False,
1775842489.447503,entry_blocked,3710,,,160,,,earnings,buy_over_fair_px_1279_fair_1155.8,,0,,44895.00,0.00,44895.00,44895.00,44895.00,flat,earnings,BUY,160,0.036212,True,1155.8433,1275,1279,1277.0000,4,2.425431,0.036212,0.000000,-6.0000,,,,,,,,,,-24.6020,-24.6020,0.004975,0.005970,0.989055,0,0,0,flat,False,
1775842489.466704,entry_blocked,3710,,,160,,,earnings,buy_over_fair_px_1280_fair_1155.8,,0,,44895.00,0.00,44895.00,44895.00,44895.00,flat,earnings,BUY,160,0.036212,True,1155.7649,1276,1280,1278.0000,4,2.425431,0.036212,0.000000,-6.0000,,,,,,,,,,-24.5403,-24.5403,0.005964,0.006461,0.987575,0,0,0,flat,False,
1775842489.649841,entry_blocked,3710,,,160,,,earnings,buy_over_fair_px_1279_fair_1155.8,,0,,44895.00,0.00,44895.00,44895.00,44895.00,flat,earnings,BUY,160,0.036212,True,1155.7807,1276,1279,1277.5000,3,2.425431,0.036212,0.000000,-6.0000,,,,,,,,,,-24.5527,-24.5527,0.005964,0.005964,0.988072,0,0,0,flat,False,
1775842489.771249,heartbeat,3710,,,,,,,,,0,,44895.00,0.00,44895.00,44895.00,44895.00,flat,earnings,BUY,160,0.036212,True,1155.8433,1275,1279,1277.0000,4,2.425431,0.036212,0.000000,-6.0000,,,,,,,,,,-24.6020,-24.6020,0.004975,0.005970,0.989055,0,0,0,flat,False,
1775842489.860428,entry_blocked,3710,,,160,,,earnings,buy_over_fair_px_1283_fair_1155.8,,0,,44895.00,0.00,44895.00,44895.00,44895.00,flat,earnings,BUY,160,0.036212,True,1155.8433,1278,1283,1280.5000,5,2.425431,0.036212,0.000000,-6.0000,,,,,,,,,,-24.6020,-24.6020,0.004975,0.005970,0.989055,0,0,0,flat,False,
1775842489.861577,entry_blocked,3710,,,160,,,earnings,buy_over_fair_px_1285_fair_1155.8,,0,,44895.00,0.00,44895.00,44895.00,44895.00,flat,earnings,BUY,160,0.036212,True,1155.8433,1278,1285,1281.5000,7,2.425431,0.036212,0.000000,-6.0000,,,,,,,,,,-24.6020,-24.6020,0.004975,0.005970,0.989055,0,0,0,flat,False,
1775842489.862657,entry_blocked,3710,,,160,,,earnings,buy_over_fair_px_1283_fair_1155.8,,0,,44895.00,0.00,44895.00,44895.00,44895.00,flat,earnings,BUY,160,0.036212,True,1155.8433,1278,1283,1280.5000,5,2.425431,0.036212,0.000000,-6.0000,,,,,,,,,,-24.6020,-24.6020,0.004975,0.005970,0.989055,0,0,0,flat,False,
1775842490.051540,entry_blocked,3710,,,160,,,earnings,buy_over_fair_px_1279_fair_1155.8,,0,,44895.00,0.00,44895.00,44895.00,44895.00,flat,earnings,BUY,160,0.036212,True,1155.8433,1278,1279,1278.5000,1,2.425431,0.036212,0.000000,-6.0000,,,,,,,,,,-24.6020,-24.6020,0.004975,0.005970,0.989055,0,0,0,flat,False,
1775842490.267375,entry_blocked,3710,,,160,,,earnings,buy_over_fair_px_1280_fair_1155.8,,0,,44895.00,0.00,44895.00,44895.00,44895.00,flat,earnings,BUY,160,0.036212,True,1155.7640,1278,1280,1279.0000,2,2.425431,0.036212,0.000000,-6.0000,,,,,,,,,,-24.5396,-24.5396,0.004978,0.008462,0.986560,0,0,0,flat,False,
1775842490.267914,entry_blocked,3710,,,160,,,earnings,buy_over_fair_px_1281_fair_1155.8,,0,,44895.00,0.00,44895.00,44895.00,44895.00,flat,earnings,BUY,160,0.036212,True,1155.7640,1278,1281,1279.5000,3,2.425431,0.036212,0.000000,-6.0000,,,,,,,,,,-24.5396,-24.5396,0.004978,0.008462,0.986560,0,0,0,flat,False,
1775842490.268416,entry_blocked,3710,,,160,,,earnings,buy_over_fair_px_1282_fair_1155.8,,0,,44895.00,0.00,44895.00,44895.00,44895.00,flat,earnings,BUY,160,0.036212,True,1155.7640,1278,1282,1280.0000,4,2.425431,0.036212,0.000000,-6.0000,,,,,,,,,,-24.5396,-24.5396,0.004978,0.008462,0.986560,0,0,0,flat,False,
1775842490.445358,entry_blocked,3710,,,160,,,earnings,buy_over_fair_px_1282_fair_1155.7,,0,,44895.00,0.00,44895.00,44895.00,44895.00,flat,earnings,BUY,160,0.036212,True,1155.7485,1278,1282,1280.0000,4,2.425431,0.036212,0.000000,-6.0000,,,,,,,,,,-24.5274,-24.5274,0.004975,0.008955,0.986070,0,0,0,flat,False,
1775842490.452214,entry_blocked,3710,,,160,,,earnings,buy_over_fair_px_1277_fair_1155.7,,0,,44895.00,0.00,44895.00,44895.00,44895.00,flat,earnings,BUY,160,0.036212,True,1155.7005,1278,1277,1277.5000,-1,2.425431,0.036212,0.000000,-6.0000,,,,,,,,,,-24.4895,-24.4895,0.004980,0.010458,0.984562,0,0,0,flat,False,
1775842490.454099,entry_blocked,3710,,,160,,,earnings,buy_over_fair_px_1282_fair_1155.7,,0,,44895.00,0.00,44895.00,44895.00,44895.00,flat,earnings,BUY,160,0.036212,True,1155.7005,1277,1282,1279.5000,5,2.425431,0.036212,0.000000,-6.0000,,,,,,,,,,-24.4895,-24.4895,0.004980,0.010458,0.984562,0,0,0,flat,False,
1775842490.455858,entry_blocked,3710,,,160,,,earnings,buy_over_fair_px_1278_fair_1155.7,,0,,44895.00,0.00,44895.00,44895.00,44895.00,flat,earnings,BUY,160,0.036212,True,1155.7005,1277,1278,1277.5000,1,2.425431,0.036212,0.000000,-6.0000,,,,,,,,,,-24.4895,-24.4895,0.004980,0.010458,0.984562,0,0,0,flat,False,
1775842490.654325,entry_blocked,3710,,,160,,,earnings,buy_over_fair_px_1276_fair_1155.7,,0,,44895.00,0.00,44895.00,44895.00,44895.00,flat,earnings,BUY,160,0.036212,True,1155.6528,1273,1276,1274.5000,3,2.425431,0.036212,0.000000,-6.0000,,,,,,,,,,-24.4519,-24.4519,0.004983,0.011958,0.983059,0,0,0,flat,False,
1775842490.658455,entry_blocked,3710,,,160,,,earnings,buy_over_fair_px_1276_fair_1155.6,,0,,44895.00,0.00,44895.00,44895.00,44895.00,flat,earnings,BUY,160,0.036212,True,1155.6373,1273,1276,1274.5000,3,2.425431,0.036212,0.000000,-6.0000,,,,,,,,,,-24.4397,-24.4397,0.004980,0.012450,0.982570,0,0,0,flat,False,
1775842491.068050,entry_blocked,3710,,,160,,,earnings,buy_over_fair_px_1277_fair_1155.6,,0,,44895.00,0.00,44895.00,44895.00,44895.00,flat,earnings,BUY,160,0.036212,True,1155.5907,1274,1277,1275.5000,3,2.425431,0.036212,0.000000,-6.0000,,,,,,,,,,-24.4030,-24.4030,0.004975,0.013930,0.981095,0,0,0,flat,False,
1775842491.068630,entry_blocked,3710,,,160,,,earnings,buy_over_fair_px_1278_fair_1155.6,,0,,44895.00,0.00,44895.00,44895.00,44895.00,flat,earnings,BUY,160,0.036212,True,1155.5907,1274,1278,1276.0000,4,2.425431,0.036212,0.000000,-6.0000,,,,,,,,,,-24.4030,-24.4030,0.004975,0.013930,0.981095,0,0,0,flat,False,
1775842491.257814,entry_blocked,3710,,,160,,,earnings,buy_over_fair_px_1278_fair_1155.7,,0,,44895.00,0.00,44895.00,44895.00,44895.00,flat,earnings,BUY,160,0.036212,True,1155.6854,1275,1278,1276.5000,3,2.425431,0.036212,0.000000,-6.0000,,,,,,,,,,-24.4776,-24.4776,0.004975,0.010945,0.984080,0,0,0,flat,False,
1775842491.268492,entry_blocked,3710,,,160,,,earnings,buy_over_fair_px_1279_fair_1155.7,,0,,44895.00,0.00,44895.00,44895.00,44895.00,flat,earnings,BUY,160,0.036212,True,1155.6854,1275,1279,1277.0000,4,2.425431,0.036212,0.000000,-6.0000,,,,,,,,,,-24.4776,-24.4776,0.004975,0.010945,0.984080,0,0,0,flat,False,
1775842491.470493,entry_blocked,3710,,,160,,,earnings,buy_over_fair_px_1280_fair_1155.7,,0,,44895.00,0.00,44895.00,44895.00,44895.00,flat,earnings,BUY,160,0.036212,True,1155.7012,1278,1280,1279.0000,2,2.425431,0.036212,0.000000,-6.0000,,,,,,,,,,-24.4900,-24.4900,0.004975,0.010448,0.984577,0,0,0,flat,False,
1775842491.471163,entry_blocked,3710,,,160,,,earnings,buy_over_fair_px_1281_fair_1155.7,,0,,44895.00,0.00,44895.00,44895.00,44895.00,flat,earnings,BUY,160,0.036212,True,1155.7012,1278,1281,1279.5000,3,2.425431,0.036212,0.000000,-6.0000,,,,,,,,,,-24.4900,-24.4900,0.004975,0.010448,0.984577,0,0,0,flat,False,
1775842491.472104,entry_blocked,3710,,,160,,,earnings,buy_over_fair_px_1282_fair_1155.7,,0,,44895.00,0.00,44895.00,44895.00,44895.00,flat,earnings,BUY,160,0.036212,True,1155.7012,1278,1282,1280.0000,4,2.425431,0.036212,0.000000,-6.0000,,,,,,,,,,-24.4900,-24.4900,0.004975,0.010448,0.984577,0,0,0,flat,False,
1775842491.854752,entry_blocked,3710,,,160,,,earnings,buy_over_fair_px_1283_fair_1155.7,,0,,44895.00,0.00,44895.00,44895.00,44895.00,flat,earnings,BUY,160,0.036212,True,1155.6854,1278,1283,1280.5000,5,2.425431,0.036212,0.000000,-6.0000,,,,,,,,,,-24.4776,-24.4776,0.004975,0.010945,0.984080,0,0,0,flat,False,
1775842491.856555,entry_blocked,3710,,,160,,,earnings,buy_over_fair_px_1288_fair_1155.7,,0,,44895.00,0.00,44895.00,44895.00,44895.00,flat,earnings,BUY,160,0.036212,True,1155.6854,1278,1288,1283.0000,10,2.425431,0.036212,0.000000,-6.0000,,,,,,,,,,-24.4776,-24.4776,0.004975,0.010945,0.984080,0,0,0,flat,False,
1775842491.858812,entry_blocked,3710,,,160,,,earnings,buy_over_fair_px_1281_fair_1155.7,,0,,44895.00,0.00,44895.00,44895.00,44895.00,flat,earnings,BUY,160,0.036212,True,1155.6854,1278,1281,1279.5000,3,2.425431,0.036212,0.000000,-6.0000,,,,,,,,,,-24.4776,-24.4776,0.004975,0.010945,0.984080,0,0,0,flat,False,
1775842492.068108,entry_blocked,3710,,,160,,,earnings,buy_over_fair_px_1282_fair_1155.7,,0,,44895.00,0.00,44895.00,44895.00,44895.00,flat,earnings,BUY,160,0.036212,True,1155.6538,1278,1282,1280.0000,4,2.425431,0.036212,0.000000,-6.0000,,,,,,,,,,-24.4527,-24.4527,0.004975,0.011940,0.983085,0,0,0,flat,False,
1775842492.266007,entry_blocked,3710,,,160,,,earnings,buy_over_fair_px_1283_fair_1155.7,,0,,44895.00,0.00,44895.00,44895.00,44895.00,flat,earnings,BUY,160,0.036212,True,1155.6689,1279,1283,1281.0000,4,2.425431,0.036212,0.000000,-6.0000,,,,,,,,,,-24.4646,-24.4646,0.004980,0.011454,0.983566,0,0,0,flat,False,
1775842492.447512,entry_blocked,3710,,,160,,,earnings,buy_over_fair_px_1279_fair_1155.7,,0,,44895.00,0.00,44895.00,44895.00,44895.00,flat,earnings,BUY,160,0.036212,True,1155.6689,1279,1279,1279.0000,0,2.425431,0.036212,0.000000,-6.0000,,,,,,,,,,-24.4646,-24.4646,0.004980,0.011454,0.983566,0,0,0,flat,False,
1775842492.449677,entry_blocked,3710,,,160,,,earnings,buy_over_fair_px_1283_fair_1155.7,,0,,44895.00,0.00,44895.00,44895.00,44895.00,flat,earnings,BUY,160,0.036212,True,1155.6689,1278,1283,1280.5000,5,2.425431,0.036212,0.000000,-6.0000,,,,,,,,,,-24.4646,-24.4646,0.004980,0.011454,0.983566,0,0,0,flat,False,
1775842492.453718,entry_blocked,3710,,,160,,,earnings,buy_over_fair_px_1283_fair_1155.6,,0,,44895.00,0.00,44895.00,44895.00,44895.00,flat,earnings,BUY,160,0.036212,True,1155.6061,1278,1283,1280.5000,5,2.425431,0.036212,0.000000,-6.0000,,,,,,,,,,-24.4151,-24.4151,0.005973,0.011448,0.982578,0,0,0,flat,False,
1775842492.456765,entry_blocked,3710,,,160,,,earnings,buy_over_fair_px_1280_fair_1155.6,,0,,44895.00,0.00,44895.00,44895.00,44895.00,flat,earnings,BUY,160,0.036212,True,1155.6061,1278,1280,1279.0000,2,2.425431,0.036212,0.000000,-6.0000,,,,,,,,,,-24.4151,-24.4151,0.005973,0.011448,0.982578,0,0,0,flat,False,
1775842492.649455,entry_blocked,3710,,,160,,,earnings,buy_over_fair_px_1275_fair_1155.6,,0,,44895.00,0.00,44895.00,44895.00,44895.00,flat,earnings,BUY,160,0.036212,True,1155.5741,1275,1275,1275.0000,0,2.425431,0.036212,0.000000,-6.0000,,,,,,,,,,-24.3899,-24.3899,0.005976,0.012450,0.981574,0,0,0,flat,False,
1775842492.652140,entry_blocked,3710,,,160,,,earnings,buy_over_fair_px_1280_fair_1155.6,,0,,44895.00,0.00,44895.00,44895.00,44895.00,flat,earnings,BUY,160,0.036212,True,1155.5741,1274,1280,1277.0000,6,2.425431,0.036212,0.000000,-6.0000,,,,,,,,,,-24.3899,-24.3899,0.005976,0.012450,0.981574,0,0,0,flat,False,
1775842492.654710,entry_blocked,3710,,,160,,,earnings,buy_over_fair_px_1276_fair_1155.6,,0,,44895.00,0.00,44895.00,44895.00,44895.00,flat,earnings,BUY,160,0.036212,True,1155.5741,1274,1276,1275.0000,2,2.425431,0.036212,0.000000,-6.0000,,,,,,,,,,-24.3899,-24.3899,0.005976,0.012450,0.981574,0,0,0,flat,False,
1775842492.798446,heartbeat,3710,,,,,,,,,0,,44895.00,0.00,44895.00,44895.00,44895.00,flat,earnings,BUY,160,0.036212,True,1155.5587,1271,1276,1273.5000,5,2.425431,0.036212,0.000000,-6.0000,,,,,,,,,,-24.3778,-24.3778,0.005973,0.012942,0.981085,0,0,0,flat,False,
1775842492.849595,entry_blocked,3710,,,160,,,earnings,buy_over_fair_px_1276_fair_1155.5,,0,,44895.00,0.00,44895.00,44895.00,44895.00,flat,earnings,BUY,160,0.036212,True,1155.5433,1273,1276,1274.5000,3,2.425431,0.036212,0.000000,-6.0000,,,,,,,,,,-24.3657,-24.3657,0.005970,0.013433,0.980597,0,0,0,flat,False,
1775842492.857693,entry_blocked,3710,,,160,,,earnings,buy_over_fair_px_1276_fair_1155.6,,0,,44895.00,0.00,44895.00,44895.00,44895.00,flat,earnings,BUY,160,0.036212,True,1155.5745,1273,1276,1274.5000,3,2.425431,0.036212,0.000000,-6.0000,,,,,,,,,,-24.3902,-24.3902,0.004978,0.014435,0.980587,0,0,0,flat,False,
1775842492.868334,entry_blocked,3710,,,160,,,earnings,buy_over_fair_px_1277_fair_1155.6,,0,,44895.00,0.00,44895.00,44895.00,44895.00,flat,earnings,BUY,160,0.036212,True,1155.5745,1273,1277,1275.0000,4,2.425431,0.036212,0.000000,-6.0000,,,,,,,,,,-24.3902,-24.3902,0.004978,0.014435,0.980587,0,0,0,flat,False,
1775842493.051647,entry_blocked,3710,,,160,,,earnings,buy_over_fair_px_1278_fair_1155.6,,0,,44895.00,0.00,44895.00,44895.00,44895.00,flat,earnings,BUY,160,0.036212,True,1155.5737,1273,1278,1275.5000,5,2.425431,0.036212,0.000000,-6.0000,,,,,,,,,,-24.3896,-24.3896,0.004983,0.014449,0.980568,0,0,0,flat,False,
1775842493.060735,entry_blocked,3710,,,160,,,earnings,buy_over_fair_px_1278_fair_1155.5,,0,,44895.00,0.00,44895.00,44895.00,44895.00,flat,earnings,BUY,160,0.036212,True,1155.5429,1276,1278,1277.0000,2,2.425431,0.036212,0.000000,-6.0000,,,,,,,,,,-24.3654,-24.3654,0.004978,0.015431,0.979592,0,0,0,flat,False,
1775842493.071722,entry_blocked,3710,,,160,,,earnings,buy_over_fair_px_1279_fair_1155.5,,0,,44895.00,0.00,44895.00,44895.00,44895.00,flat,earnings,BUY,160,0.036212,True,1155.5429,1276,1279,1277.5000,3,2.425431,0.036212,0.000000,-6.0000,,,,,,,,,,-24.3654,-24.3654,0.004978,0.015431,0.979592,0,0,0,flat,False,
1775842493.072848,entry_blocked,3710,,,160,,,earnings,buy_over_fair_px_1280_fair_1155.5,,0,,44895.00,0.00,44895.00,44895.00,44895.00,flat,earnings,BUY,160,0.036212,True,1155.5429,1276,1280,1278.0000,4,2.425431,0.036212,0.000000,-6.0000,,,,,,,,,,-24.3654,-24.3654,0.004978,0.015431,0.979592,0,0,0,flat,False,
1775842493.073596,entry_blocked,3710,,,160,,,earnings,buy_over_fair_px_1281_fair_1155.5,,0,,44895.00,0.00,44895.00,44895.00,44895.00,flat,earnings,BUY,160,0.036212,True,1155.5429,1276,1281,1278.5000,5,2.425431,0.036212,0.000000,-6.0000,,,,,,,,,,-24.3654,-24.3654,0.004978,0.015431,0.979592,0,0,0,flat,False,
1775842493.247498,entry_blocked,3710,,,160,,,earnings,buy_over_fair_px_1280_fair_1155.5,,0,,44895.00,0.00,44895.00,44895.00,44895.00,flat,earnings,BUY,160,0.036212,True,1155.5429,1276,1280,1278.0000,4,2.425431,0.036212,0.000000,-6.0000,,,,,,,,,,-24.3654,-24.3654,0.004978,0.015431,0.979592,0,0,0,flat,False,
1775842493.251040,entry_blocked,3710,,,160,,,earnings,buy_over_fair_px_1280_fair_1155.6,,0,,44895.00,0.00,44895.00,44895.00,44895.00,flat,earnings,BUY,160,0.036212,True,1155.5583,1276,1280,1278.0000,4,2.425431,0.036212,0.000000,-6.0000,,,,,,,,,,-24.3775,-24.3775,0.004980,0.014940,0.980080,0,0,0,flat,False,
1775842493.255030,entry_blocked,3710,,,160,,,earnings,buy_over_fair_px_1280_fair_1155.5,,0,,44895.00,0.00,44895.00,44895.00,44895.00,flat,earnings,BUY,160,0.036212,True,1155.4955,1276,1280,1278.0000,4,2.425431,0.036212,0.000000,-6.0000,,,,,,,,,,-24.3280,-24.3280,0.005973,0.014933,0.979094,0,0,0,flat,False,
1775842493.444727,entry_blocked,3710,,,160,,,earnings,buy_over_fair_px_1280_fair_1155.6,,0,,44895.00,0.00,44895.00,44895.00,44895.00,flat,earnings,BUY,160,0.036212,True,1155.5587,1276,1280,1278.0000,4,2.425431,0.036212,0.000000,-6.0000,,,,,,,,,,-24.3778,-24.3778,0.004978,0.014933,0.980090,0,0,0,flat,False,
1775842493.450149,entry_blocked,3710,,,160,,,earnings,buy_over_fair_px_1282_fair_1155.6,,0,,44895.00,0.00,44895.00,44895.00,44895.00,flat,earnings,BUY,160,0.036212,True,1155.6053,1278,1282,1280.0000,4,2.425431,0.036212,0.000000,-6.0000,,,,,,,,,,-24.4145,-24.4145,0.004983,0.013453,0.981565,0,0,0,flat,False,
1775842493.450977,entry_blocked,3710,,,160,,,earnings,buy_over_fair_px_1283_fair_1155.6,,0,,44895.00,0.00,44895.00,44895.00,44895.00,flat,earnings,BUY,160,0.036212,True,1155.6053,1278,1283,1280.5000,5,2.425431,0.036212,0.000000,-6.0000,,,,,,,,,,-24.4145,-24.4145,0.004983,0.013453,0.981565,0,0,0,flat,False,
1775842493.451331,entry_blocked,3710,,,160,,,earnings,buy_over_fair_px_1286_fair_1155.6,,0,,44895.00,0.00,44895.00,44895.00,44895.00,flat,earnings,BUY,160,0.036212,True,1155.6053,1278,1286,1282.0000,8,2.425431,0.036212,0.000000,-6.0000,,,,,,,,,,-24.4145,-24.4145,0.004983,0.013453,0.981565,0,0,0,flat,False,
1775842493.451902,entry_blocked,3710,,,160,,,earnings,buy_over_fair_px_1282_fair_1155.6,,0,,44895.00,0.00,44895.00,44895.00,44895.00,flat,earnings,BUY,160,0.036212,True,1155.6053,1278,1282,1280.0000,4,2.425431,0.036212,0.000000,-6.0000,,,,,,,,,,-24.4145,-24.4145,0.004983,0.013453,0.981565,0,0,0,flat,False,
1775842493.648401,entry_blocked,3710,,,160,,,earnings,buy_over_fair_px_1280_fair_1155.6,,0,,44895.00,0.00,44895.00,44895.00,44895.00,flat,earnings,BUY,160,0.036212,True,1155.6068,1278,1280,1279.0000,2,2.425431,0.036212,0.000000,-6.0000,,,,,,,,,,-24.4157,-24.4157,0.004973,0.013426,0.981601,0,0,0,flat,False,
1775842493.654552,entry_blocked,3710,,,160,,,earnings,buy_over_fair_px_1280_fair_1155.7,,0,,44895.00,0.00,44895.00,44895.00,44895.00,flat,earnings,BUY,160,0.036212,True,1155.6538,1278,1280,1279.0000,2,2.425431,0.036212,0.000000,-6.0000,,,,,,,,,,-24.4527,-24.4527,0.004975,0.011940,0.983085,0,0,0,flat,False,
1775842493.864825,entry_blocked,3710,,,160,,,earnings,buy_over_fair_px_1281_fair_1155.7,,0,,44895.00,0.00,44895.00,44895.00,44895.00,flat,earnings,BUY,160,0.036212,True,1155.7170,1279,1281,1280.0000,2,2.425431,0.036212,0.000000,-6.0000,,,,,,,,,,-24.5025,-24.5025,0.004975,0.009950,0.985075,0,0,0,flat,False,
1775842493.865732,entry_blocked,3710,,,160,,,earnings,buy_over_fair_px_1282_fair_1155.7,,0,,44895.00,0.00,44895.00,44895.00,44895.00,flat,earnings,BUY,160,0.036212,True,1155.7170,1279,1282,1280.5000,3,2.425431,0.036212,0.000000,-6.0000,,,,,,,,,,-24.5025,-24.5025,0.004975,0.009950,0.985075,0,0,0,flat,False,
1775842493.866720,entry_blocked,3710,,,160,,,earnings,buy_over_fair_px_1283_fair_1155.7,,0,,44895.00,0.00,44895.00,44895.00,44895.00,flat,earnings,BUY,160,0.036212,True,1155.7170,1279,1283,1281.0000,4,2.425431,0.036212,0.000000,-6.0000,,,,,,,,,,-24.5025,-24.5025,0.004975,0.009950,0.985075,0,0,0,flat,False,
1775842494.065436,entry_blocked,3710,,,160,,,earnings,buy_over_fair_px_1284_fair_1155.7,,0,,44895.00,0.00,44895.00,44895.00,44895.00,flat,earnings,BUY,160,0.036212,True,1155.7163,1280,1284,1282.0000,4,2.425431,0.036212,0.000000,-6.0000,,,,,,,,,,-24.5020,-24.5020,0.004980,0.009960,0.985060,0,0,0,flat,False,
1775842494.268212,entry_blocked,3710,,,160,,,earnings,buy_over_fair_px_1285_fair_1155.7,,0,,44895.00,0.00,44895.00,44895.00,44895.00,flat,earnings,BUY,160,0.036212,True,1155.6689,1281,1285,1283.0000,4,2.425431,0.036212,0.000000,-6.0000,,,,,,,,,,-24.4646,-24.4646,0.004980,0.011454,0.983566,0,0,0,flat,False,
1775842494.450006,entry_blocked,3710,,,160,,,earnings,buy_over_fair_px_1286_fair_1155.7,,0,,44895.00,0.00,44895.00,44895.00,44895.00,flat,earnings,BUY,160,0.036212,True,1155.6689,1281,1286,1283.5000,5,2.425431,0.036212,0.000000,-6.0000,,,,,,,,,,-24.4646,-24.4646,0.004980,0.011454,0.983566,0,0,0,flat,False,
1775842494.460075,entry_blocked,3710,,,160,,,earnings,buy_over_fair_px_1286_fair_1155.6,,0,,44895.00,0.00,44895.00,44895.00,44895.00,flat,earnings,BUY,160,0.036212,True,1155.6064,1284,1286,1285.0000,2,2.425431,0.036212,0.000000,-6.0000,,,,,,,,,,-24.4154,-24.4154,0.004975,0.013433,0.981592,0,0,0,flat,False,
1775842494.466821,entry_blocked,3710,,,160,,,earnings,buy_over_fair_px_1287_fair_1155.6,,0,,44895.00,0.00,44895.00,44895.00,44895.00,flat,earnings,BUY,160,0.036212,True,1155.6064,1284,1287,1285.5000,3,2.425431,0.036212,0.000000,-6.0000,,,,,,,,,,-24.4154,-24.4154,0.004975,0.013433,0.981592,0,0,0,flat,False,
1775842494.467398,entry_blocked,3710,,,160,,,earnings,buy_over_fair_px_1288_fair_1155.6,,0,,44895.00,0.00,44895.00,44895.00,44895.00,flat,earnings,BUY,160,0.036212,True,1155.6064,1284,1288,1286.0000,4,2.425431,0.036212,0.000000,-6.0000,,,,,,,,,,-24.4154,-24.4154,0.004975,0.013433,0.981592,0,0,0,flat,False,
1775842494.467986,entry_blocked,3710,,,160,,,earnings,buy_over_fair_px_1289_fair_1155.6,,0,,44895.00,0.00,44895.00,44895.00,44895.00,flat,earnings,BUY,160,0.036212,True,1155.6064,1284,1289,1286.5000,5,2.425431,0.036212,0.000000,-6.0000,,,,,,,,,,-24.4154,-24.4154,0.004975,0.013433,0.981592,0,0,0,flat,False,
1775842494.647689,entry_blocked,3710,,,160,,,earnings,buy_over_fair_px_1285_fair_1155.6,,0,,44895.00,0.00,44895.00,44895.00,44895.00,flat,earnings,BUY,160,0.036212,True,1155.6075,1284,1285,1284.5000,1,2.425431,0.036212,0.000000,-6.0000,,,,,,,,,,-24.4163,-24.4163,0.004968,0.013413,0.981619,0,0,0,flat,False,
1775842494.651852,entry_blocked,3710,,,160,,,earnings,buy_over_fair_px_1285_fair_1155.7,,0,,44895.00,0.00,44895.00,44895.00,44895.00,flat,earnings,BUY,160,0.036212,True,1155.6538,1284,1285,1284.5000,1,2.425431,0.036212,0.000000,-6.0000,,,,,,,,,,-24.4527,-24.4527,0.004975,0.011940,0.983085,0,0,0,flat,False,
1775842494.847384,entry_blocked,3710,,,160,,,earnings,buy_over_fair_px_1286_fair_1155.7,,0,,44895.00,0.00,44895.00,44895.00,44895.00,flat,earnings,BUY,160,0.036212,True,1155.6538,1281,1286,1283.5000,5,2.425431,0.036212,0.000000,-6.0000,,,,,,,,,,-24.4527,-24.4527,0.004975,0.011940,0.983085,0,0,0,flat,False,
1775842494.869123,entry_blocked,3710,,,160,,,earnings,buy_over_fair_px_1287_fair_1155.7,,0,,44895.00,0.00,44895.00,44895.00,44895.00,flat,earnings,BUY,160,0.036212,True,1155.7170,1284,1287,1285.5000,3,2.425431,0.036212,0.000000,-6.0000,,,,,,,,,,-24.5025,-24.5025,0.004975,0.009950,0.985075,0,0,0,flat,False,
1775842494.871056,entry_blocked,3710,,,160,,,earnings,buy_over_fair_px_1288_fair_1155.7,,0,,44895.00,0.00,44895.00,44895.00,44895.00,flat,earnings,BUY,160,0.036212,True,1155.7170,1284,1288,1286.0000,4,2.425431,0.036212,0.000000,-6.0000,,,,,,,,,,-24.5025,-24.5025,0.004975,0.009950,0.985075,0,0,0,flat,False,
1775842494.871908,entry_blocked,3710,,,160,,,earnings,buy_over_fair_px_1289_fair_1155.7,,0,,44895.00,0.00,44895.00,44895.00,44895.00,flat,earnings,BUY,160,0.036212,True,1155.7170,1284,1289,1286.5000,5,2.425431,0.036212,0.000000,-6.0000,,,,,,,,,,-24.5025,-24.5025,0.004975,0.009950,0.985075,0,0,0,flat,False,
1775842495.266483,entry_blocked,3710,,,160,,,earnings,buy_over_fair_px_1290_fair_1155.7,,0,,44895.00,0.00,44895.00,44895.00,44895.00,flat,earnings,BUY,160,0.036212,True,1155.7482,1286,1290,1288.0000,4,2.425431,0.036212,0.000000,-6.0000,,,,,,,,,,-24.5271,-24.5271,0.004978,0.008960,0.986063,0,0,0,flat,False,
1775842495.451540,entry_blocked,3710,,,160,,,earnings,buy_over_fair_px_1291_fair_1155.7,,0,,44895.00,0.00,44895.00,44895.00,44895.00,flat,earnings,BUY,160,0.036212,True,1155.7482,1286,1291,1288.5000,5,2.425431,0.036212,0.000000,-6.0000,,,,,,,,,,-24.5271,-24.5271,0.004978,0.008960,0.986063,0,0,0,flat,False,
1775842495.467840,entry_blocked,3710,,,160,,,earnings,buy_over_fair_px_1292_fair_1155.7,,0,,44895.00,0.00,44895.00,44895.00,44895.00,flat,earnings,BUY,160,0.036212,True,1155.7170,1289,1292,1290.5000,3,2.425431,0.036212,0.000000,-6.0000,,,,,,,,,,-24.5025,-24.5025,0.004975,0.009950,0.985075,0,0,0,flat,False,
1775842495.469910,entry_blocked,3710,,,160,,,earnings,buy_over_fair_px_1293_fair_1155.7,,0,,44895.00,0.00,44895.00,44895.00,44895.00,flat,earnings,BUY,160,0.036212,True,1155.7170,1289,1293,1291.0000,4,2.425431,0.036212,0.000000,-6.0000,,,,,,,,,,-24.5025,-24.5025,0.004975,0.009950,0.985075,0,0,0,flat,False,
1775842495.471382,entry_blocked,3710,,,160,,,earnings,buy_over_fair_px_1294_fair_1155.7,,0,,44895.00,0.00,44895.00,44895.00,44895.00,flat,earnings,BUY,160,0.036212,True,1155.7170,1289,1294,1291.5000,5,2.425431,0.036212,0.000000,-6.0000,,,,,,,,,,-24.5025,-24.5025,0.004975,0.009950,0.985075,0,0,0,flat,False,
1775842495.645794,entry_blocked,3710,,,160,,,earnings,buy_over_fair_px_1294_fair_1155.8,,0,,44895.00,0.00,44895.00,44895.00,44895.00,flat,earnings,BUY,160,0.036212,True,1155.8275,1289,1294,1291.5000,5,2.425431,0.036212,0.000000,-6.0000,,,,,,,,,,-24.5896,-24.5896,0.004975,0.006468,0.988557,0,0,0,flat,False,
1775842495.648454,macro_eval,3766,,BUY,160,,,,candidate,score=-8.50 headline=Minutes reveal a majority of members favoring a shift toward accommodation.,0,,44895.00,0.00,44895.00,44895.00,44895.00,flat,earnings,BUY,160,0.036212,True,1155.8275,1289,1294,1291.5000,5,2.425431,0.036212,0.000000,-6.0000,,,-8.5000,160,BUY,+0.221368,unstructured,,,-24.5896,-24.5896,0.004975,0.006468,0.988557,0,0,0,flat,False,"{'timestamp': 3766, 'kind': 'unstructured', 'new_data': {'content': 'Minutes reveal a majority of members favoring a shift toward accommodation.'}}"
1775842495.648983,macro_signal,3766,,BUY,160,,,,,score=-8.50 headline=Minutes reveal a majority of members favoring a shift toward accommodation.,0,,44895.00,0.00,44895.00,44895.00,44895.00,flat,macro,BUY,160,8.500000,True,1166.0344,1289,1294,1291.5000,5,2.425431,0.036212,0.000000,-8.0000,,,-8.5000,160,BUY,+0.221368,,,,-32.5896,-24.5896,0.004975,0.006468,0.988557,0,0,0,flat,False,"{'timestamp': 3766, 'kind': 'unstructured', 'new_data': {'content': 'Minutes reveal a majority of members favoring a shift toward accommodation.'}}"
1775842495.651077,order_placed,3766,C,BUY,40,1294,1775841734593,macro_entry,,,0,,44895.00,0.00,44895.00,44895.00,44895.00,flat,macro,BUY,160,8.500000,True,1166.0344,1289,1294,1291.5000,5,2.425431,0.036212,0.000000,-8.0000,,,,,,,,,,-32.5896,-24.5896,0.004975,0.006468,0.988557,0,0,0,flat,False,
1775842495.651927,entry_decision,3766,C,BUY,40,1294,,macro,,strength=8.500000 target=160,0,,44895.00,0.00,44895.00,44895.00,44895.00,macro,macro,BUY,160,8.500000,True,1166.0344,1289,1294,1291.5000,5,2.425431,0.036212,0.000000,-8.0000,,,,,,,,,,-32.5896,-24.5896,0.004975,0.006468,0.988557,0,0,0,flat,False,
1775842495.652924,heartbeat_forced,3766,,,,,,,,,0,,44895.00,0.00,44895.00,44895.00,44895.00,macro,macro,BUY,160,8.500000,True,1166.0344,1289,1294,1291.5000,5,2.425431,0.036212,0.000000,-8.0000,,,,,,,,,,-32.5896,-24.5896,0.004975,0.006468,0.988557,0,0,0,flat,False,
1775842495.853138,entry_blocked,3766,,,160,,,macro,live_order,,0,,44895.00,0.00,44895.00,44895.00,44895.00,macro,macro,BUY,160,8.500000,True,1166.0344,1294,1295,1294.5000,1,2.425431,0.036212,0.000000,-8.0000,,,,,,,,,,-32.5896,-24.5896,0.004975,0.006468,0.988557,0,0,0,flat,False,
1775842496.050134,fill,3766,C,BUY,40,1294,1775841734593,macro_entry,,,40,1294.0000,44895.00,0.00,44895.00,-6865.00,44895.00,macro,macro,BUY,160,8.500000,True,1166.0209,1294,1294,1294.0000,0,2.425431,0.036212,0.000000,-8.0000,,,,,,,,,,-32.5790,-24.5790,0.004953,0.006934,0.988113,0,0,0,book,False,
1775842496.052468,order_placed,3766,C,BUY,40,1294,1775841734594,macro_entry,,,40,1294.0000,44895.00,0.00,44895.00,-6865.00,44895.00,macro,macro,BUY,160,8.500000,True,1166.0209,1294,1294,1294.0000,0,2.425431,0.036212,0.000000,-8.0000,,,,,,,,,,-32.5790,-24.5790,0.004953,0.006934,0.988113,0,0,0,book,False,
1775842496.053096,entry_decision,3766,C,BUY,40,1294,,macro,,strength=8.500000 target=160,40,1294.0000,44895.00,0.00,44895.00,-6865.00,44895.00,macro,macro,BUY,160,8.500000,True,1166.0209,1294,1294,1294.0000,0,2.425431,0.036212,0.000000,-8.0000,,,,,,,,,,-32.5790,-24.5790,0.004953,0.006934,0.988113,0,0,0,book,False,
1775842496.054074,heartbeat_forced,3766,,,,,,,,,40,1294.0000,44895.00,0.00,44895.00,-6865.00,44895.00,macro,macro,BUY,160,8.500000,True,1166.0209,1294,1294,1294.0000,0,2.425431,0.036212,0.000000,-8.0000,,,,,,,,,,-32.5790,-24.5790,0.004953,0.006934,0.988113,0,0,0,book,False,
1775842496.085918,fill,3766,C,BUY,40,1294,1775841734594,macro_entry,,,80,1294.0000,44895.00,0.00,44895.00,-58625.00,44895.00,macro,macro,BUY,160,8.500000,True,1166.0209,1294,1294,1294.0000,0,2.425431,0.036212,0.000000,-8.0000,,,,,,,,,,-32.5790,-24.5790,0.004953,0.006934,0.988113,0,0,0,book,False,
1775842496.428343,order_placed,3766,C,BUY,40,1293,1775841734595,macro_entry,,,80,1294.0000,44895.00,-400.00,44495.00,-58625.00,44495.00,macro,macro,BUY,160,8.500000,True,1166.0524,1289,1293,1291.0000,4,2.425431,0.036212,0.000000,-8.0000,,,,,,,,,,-32.6036,-24.6036,0.004955,0.005946,0.989098,0,0,0,book,False,
1775842496.429028,entry_decision,3766,C,BUY,40,1293,,macro,,strength=8.500000 target=160,80,1294.0000,44895.00,-400.00,44495.00,-58625.00,44495.00,macro,macro,BUY,160,8.500000,True,1166.0524,1289,1293,1291.0000,4,2.425431,0.036212,0.000000,-8.0000,,,,,,,,,,-32.6036,-24.6036,0.004955,0.005946,0.989098,0,0,0,book,False,
1775842496.429849,heartbeat_forced,3766,,,,,,,,,80,1294.0000,44895.00,-400.00,44495.00,-58625.00,44495.00,macro,macro,BUY,160,8.500000,True,1166.0524,1289,1293,1291.0000,4,2.425431,0.036212,0.000000,-8.0000,,,,,,,,,,-32.6036,-24.6036,0.004955,0.005946,0.989098,0,0,0,book,False,
1775842496.632109,entry_blocked,3766,,,160,,,macro,live_order,,80,1294.0000,44895.00,-80.00,44815.00,-58625.00,44815.00,macro,macro,BUY,160,8.500000,True,1166.0524,1293,1296,1294.5000,3,2.425431,0.036212,0.000000,-8.0000,,,,,,,,,,-32.6036,-24.6036,0.004955,0.005946,0.989098,0,0,0,book,False,
1775842496.650688,fill,3766,C,BUY,40,1293,1775841734595,macro_entry,,,120,1293.6667,44895.00,-80.00,44815.00,-110345.00,44815.00,macro,macro,BUY,160,8.500000,True,1166.0524,1293,1284,1288.5000,-9,2.425431,0.036212,0.000000,-8.0000,,,,,,,,,,-32.6036,-24.6036,0.004955,0.005946,0.989098,0,0,0,book,False,
1775842496.678607,order_placed,3766,C,BUY,40,1296,1775841734596,macro_entry,,,120,1293.6667,44895.00,-320.00,44575.00,-110345.00,44575.00,macro,macro,BUY,160,8.500000,True,1166.0211,1291,1296,1293.5000,5,2.425431,0.036212,0.000000,-8.0000,,,,,,,,,,-32.5792,-24.5792,0.004950,0.006931,0.988119,0,0,0,book,False,
1775842496.679186,entry_decision,3766,C,BUY,40,1296,,macro,,strength=8.500000 target=160,120,1293.6667,44895.00,-320.00,44575.00,-110345.00,44575.00,macro,macro,BUY,160,8.500000,True,1166.0211,1291,1296,1293.5000,5,2.425431,0.036212,0.000000,-8.0000,,,,,,,,,,-32.5792,-24.5792,0.004950,0.006931,0.988119,0,0,0,book,False,
1775842496.679775,heartbeat_forced,3766,,,,,,,,,120,1293.6667,44895.00,-320.00,44575.00,-110345.00,44575.00,macro,macro,BUY,160,8.500000,True,1166.0211,1291,1296,1293.5000,5,2.425431,0.036212,0.000000,-8.0000,,,,,,,,,,-32.5792,-24.5792,0.004950,0.006931,0.988119,0,0,0,book,False,
1775842496.708494,fill,3766,C,BUY,40,1296,1775841734596,macro_entry,,,160,1294.2500,44895.00,280.00,45175.00,-162185.00,45175.00,macro,macro,BUY,160,8.500000,True,1166.0211,1296,1296,1296.0000,0,2.425431,0.036212,0.000000,-8.0000,,,,,,,,,,-32.5792,-24.5792,0.004950,0.006931,0.988119,0,0,0,book,False,
1775842498.052622,order_placed,3766,C,SELL,40,1288,1775841734597,gap_compress,,,160,1294.2500,44895.00,-1000.00,43895.00,-162185.00,43895.00,macro,macro,BUY,160,8.500000,True,1165.9571,1288,1292,1290.0000,4,2.425431,0.036212,0.000000,-8.0000,,,,,,,,,,-32.5292,-24.5292,0.006938,0.004955,0.988107,0,0,0,book,False,
1775842498.053184,exit_trigger,3766,,,40,,,gap_compress,gap_compress,,160,1294.2500,44895.00,-1000.00,43895.00,-162185.00,43895.00,macro,macro,BUY,160,8.500000,True,1165.9571,1288,1292,1290.0000,4,2.425431,0.036212,0.000000,-8.0000,,,,,,,,,,-32.5292,-24.5292,0.006938,0.004955,0.988107,0,0,0,book,False,
1775842498.053830,heartbeat_forced,3766,,,,,,,,,160,1294.2500,44895.00,-1000.00,43895.00,-162185.00,43895.00,macro,macro,BUY,160,8.500000,True,1165.9571,1288,1292,1290.0000,4,2.425431,0.036212,0.000000,-8.0000,,,,,,,,,,-32.5292,-24.5292,0.006938,0.004955,0.988107,0,0,0,book,False,
1775842498.081866,fill,3766,C,SELL,40,1290,1775841734597,gap_compress,,,120,1294.2500,44725.00,-510.00,44215.00,-110585.00,44215.00,macro,macro,BUY,160,8.500000,True,1165.9571,1290,1288,1289.0000,-2,2.425431,0.036212,0.000000,-8.0000,,,,,,,,,,-32.5292,-24.5292,0.006938,0.004955,0.988107,0,0,0,book,False,
1775842498.082790,order_placed,3766,C,SELL,40,1290,1775841734598,gap_compress,,,120,1294.2500,44725.00,-510.00,44215.00,-110585.00,44215.00,macro,macro,BUY,160,8.500000,True,1165.9571,1290,1288,1289.0000,-2,2.425431,0.036212,0.000000,-8.0000,,,,,,,,,,-32.5292,-24.5292,0.006938,0.004955,0.988107,0,0,0,book,False,
1775842498.083084,exit_trigger,3766,,,40,,,gap_compress,gap_compress,,120,1294.2500,44725.00,-510.00,44215.00,-110585.00,44215.00,macro,macro,BUY,160,8.500000,True,1165.9571,1290,1288,1289.0000,-2,2.425431,0.036212,0.000000,-8.0000,,,,,,,,,,-32.5292,-24.5292,0.006938,0.004955,0.988107,0,0,0,book,False,
1775842498.083508,heartbeat_forced,3766,,,,,,,,,120,1294.2500,44725.00,-510.00,44215.00,-110585.00,44215.00,macro,macro,BUY,160,8.500000,True,1165.9571,1290,1288,1289.0000,-2,2.425431,0.036212,0.000000,-8.0000,,,,,,,,,,-32.5292,-24.5292,0.006938,0.004955,0.988107,0,0,0,book,False,
1775842498.113955,fill,3766,C,SELL,40,1290,1775841734598,gap_compress,,,80,1294.2500,44555.00,-340.00,44215.00,-58985.00,44215.00,macro,macro,BUY,160,8.500000,True,1165.9571,1290,1290,1290.0000,0,2.425431,0.036212,0.000000,-8.0000,,,,,,,,,,-32.5292,-24.5292,0.006938,0.004955,0.988107,0,0,0,book,False,
1775842498.115250,order_placed,3766,C,SELL,40,1290,1775841734599,gap_compress,,,80,1294.2500,44555.00,-340.00,44215.00,-58985.00,44215.00,macro,macro,BUY,160,8.500000,True,1165.9571,1290,1290,1290.0000,0,2.425431,0.036212,0.000000,-8.0000,,,,,,,,,,-32.5292,-24.5292,0.006938,0.004955,0.988107,0,0,0,book,False,
1775842498.115522,exit_trigger,3766,,,40,,,gap_compress,gap_compress,,80,1294.2500,44555.00,-340.00,44215.00,-58985.00,44215.00,macro,macro,BUY,160,8.500000,True,1165.9571,1290,1290,1290.0000,0,2.425431,0.036212,0.000000,-8.0000,,,,,,,,,,-32.5292,-24.5292,0.006938,0.004955,0.988107,0,0,0,book,False,
1775842498.115895,heartbeat_forced,3766,,,,,,,,,80,1294.2500,44555.00,-340.00,44215.00,-58985.00,44215.00,macro,macro,BUY,160,8.500000,True,1165.9571,1290,1290,1290.0000,0,2.425431,0.036212,0.000000,-8.0000,,,,,,,,,,-32.5292,-24.5292,0.006938,0.004955,0.988107,0,0,0,book,False,
1775842498.147343,fill,3766,C,SELL,35,1290,1775841734599,gap_compress,,,45,1294.2500,44406.25,-191.25,44215.00,-13835.00,44215.00,macro,macro,BUY,160,8.500000,True,1165.9571,1290,1290,1290.0000,0,2.425431,0.036212,0.000000,-8.0000,,,,,,,,,,-32.5292,-24.5292,0.006938,0.004955,0.988107,0,0,0,book,False,
1775842498.646707,order_placed,3766,C,SELL,40,1288,1775841734600,gap_compress,,,45,1294.2500,44406.25,-281.25,44125.00,-13835.00,44125.00,macro,macro,BUY,160,8.500000,True,1166.0844,1288,1290,1289.0000,2,2.425431,0.036212,0.000000,-8.0000,,,,,,,,,,-32.6285,-24.6285,0.004953,0.004953,0.990094,0,0,0,book,False,
1775842498.647390,exit_trigger,3766,,,40,,,gap_compress,gap_compress,,45,1294.2500,44406.25,-281.25,44125.00,-13835.00,44125.00,macro,macro,BUY,160,8.500000,True,1166.0844,1288,1290,1289.0000,2,2.425431,0.036212,0.000000,-8.0000,,,,,,,,,,-32.6285,-24.6285,0.004953,0.004953,0.990094,0,0,0,book,False,
1775842498.648100,heartbeat_forced,3766,,,,,,,,,45,1294.2500,44406.25,-281.25,44125.00,-13835.00,44125.00,macro,macro,BUY,160,8.500000,True,1166.0844,1288,1290,1289.0000,2,2.425431,0.036212,0.000000,-8.0000,,,,,,,,,,-32.6285,-24.6285,0.004953,0.004953,0.990094,0,0,0,book,False,
1775842498.653723,fill,3766,C,SELL,5,1290,1775841734599,gap_compress,,,40,1294.2500,44385.00,-170.00,44215.00,-7385.00,44215.00,macro,macro,BUY,160,8.500000,True,1166.0844,1290,1290,1290.0000,0,2.425431,0.036212,0.000000,-8.0000,,,,,,,,,,-32.6285,-24.6285,0.004953,0.004953,0.990094,0,0,0,book,False,
1775842498.676308,cancel_response,3766,,,,,1775841734599,,,success=False error=No such order: 1775841734599,40,1294.2500,44385.00,-170.00,44215.00,-7385.00,44215.00,macro,macro,BUY,160,8.500000,True,1166.0844,1290,1294,1292.0000,4,2.425431,0.036212,0.000000,-8.0000,,,,,,,,,,-32.6285,-24.6285,0.004953,0.004953,0.990094,0,0,0,book,False,
1775842498.678702,fill,3766,C,SELL,40,1290,1775841734600,gap_compress,,,0,,44215.00,0.00,44215.00,44215.00,44215.00,flat,,,,,,1166.0844,1290,1288,1289.0000,-2,2.425431,0.036212,0.000000,-8.0000,,,,,,,,,,-32.6285,-24.6285,0.004953,0.004953,0.990094,0,0,0,flat,False,
1775842501.650744,heartbeat,3766,,,,,,,,,0,,44215.00,0.00,44215.00,44215.00,44215.00,flat,,,,,,1166.0841,1289,1291,1290.0000,2,2.425431,0.036212,0.000000,-8.0000,,,,,,,,,,-32.6283,-24.6283,0.004955,0.004955,0.990089,0,0,0,flat,False,
1775842504.650881,heartbeat,3766,,,,,,,,,0,,44215.00,0.00,44215.00,44215.00,44215.00,flat,,,,,,1155.8770,1294,1297,1295.5000,3,2.425431,0.036212,0.000000,-8.0000,,,,,,,,,,-24.6285,-24.6285,0.004953,0.004953,0.990094,0,0,0,flat,False,
1775842507.650990,heartbeat,3766,,,,,,,,,0,,44215.00,0.00,44215.00,44215.00,44215.00,flat,,,,,,1155.8770,1301,1303,1302.0000,2,2.425431,0.036212,0.000000,-8.0000,,,,,,,,,,-24.6285,-24.6285,0.004953,0.004953,0.990094,0,0,0,flat,False,
1775842510.650865,heartbeat,3766,,,,,,,,,0,,44215.00,0.00,44215.00,44215.00,44215.00,flat,,,,,,1155.8136,1297,1300,1298.5000,3,2.425431,0.036212,0.000000,-8.0000,,,,,,,,,,-24.5786,-24.5786,0.004958,0.006941,0.988101,0,0,0,flat,False,
1775842513.651572,heartbeat,3766,,,,,,,,,0,,44215.00,0.00,44215.00,44215.00,44215.00,flat,,,,,,1155.8770,1294,1299,1296.5000,5,2.425431,0.036212,0.000000,-8.0000,,,,,,,,,,-24.6285,-24.6285,0.004953,0.004953,0.990094,0,0,0,flat,False,
1775842516.652823,heartbeat,3766,,,,,,,,,0,,44215.00,0.00,44215.00,44215.00,44215.00,flat,,,,,,1155.8136,1292,1296,1294.0000,4,2.425431,0.036212,0.000000,-8.0000,,,,,,,,,,-24.5786,-24.5786,0.005949,0.004958,0.989093,0,0,0,flat,False,
1775842519.652800,heartbeat,3766,,,,,,,,,0,,44215.00,0.00,44215.00,44215.00,44215.00,flat,,,,,,1155.8450,1294,1298,1296.0000,4,2.425431,0.036212,0.000000,-8.0000,,,,,,,,,,-24.6034,-24.6034,0.004958,0.005949,0.989093,0,0,0,flat,False,
1775842522.448115,news_ignored,3900,,,,,,,non_signal_news,,0,,44215.00,0.00,44215.00,44215.00,44215.00,flat,,,,,,1155.8749,1288,1293,1290.5000,5,2.425431,0.036212,0.000000,-8.0000,,,,,,,structured,petition,,-24.6269,-24.6269,0.004975,0.004975,0.990050,0,0,0,flat,False,"{'timestamp': 3900, 'kind': 'structured', 'new_data': {'new_signatures': 0, 'cumulative': 0, 'asset': '', 'structured_subtype': 'petition'}}"
1775842522.653151,heartbeat,3900,,,,,,,,,0,,44215.00,0.00,44215.00,44215.00,44215.00,flat,,,,,,1155.8749,1292,1293,1292.5000,1,2.425431,0.036212,0.000000,-8.0000,,,,,,,,,,-24.6269,-24.6269,0.004975,0.004975,0.990050,0,0,0,flat,False,
1775842525.653569,heartbeat,3900,,,,,,,,,0,,44215.00,0.00,44215.00,44215.00,44215.00,flat,,,,,,1155.8749,1288,1290,1289.0000,2,2.425431,0.036212,0.000000,-8.0000,,,,,,,,,,-24.6269,-24.6269,0.004975,0.004975,0.990050,0,0,0,flat,False,
1775842528.653960,heartbeat,3900,,,,,,,,,0,,44215.00,0.00,44215.00,44215.00,44215.00,flat,,,,,,1155.8904,1285,1288,1286.5000,3,2.425431,0.036212,0.000000,-8.0000,,,,,,,,,,-24.6391,-24.6391,0.004978,0.004480,0.990543,0,0,0,flat,False,
1775842531.653938,heartbeat,3900,,,,,,,,,0,,44215.00,0.00,44215.00,44215.00,44215.00,flat,,,,,,1155.5113,1285,1290,1287.5000,5,2.425431,0.036212,0.000000,-8.0000,,,,,,,,,,-24.3405,-24.3405,0.004978,0.016426,0.978596,0,0,0,flat,False,
1775842534.654412,heartbeat,3900,,,,,,,,,0,,44215.00,0.00,44215.00,44215.00,44215.00,flat,,,,,,1155.8749,1288,1291,1289.5000,3,2.425431,0.036212,0.000000,-8.0000,,,,,,,,,,-24.6269,-24.6269,0.004975,0.004975,0.990050,0,0,0,flat,False,
1775842536.843512,macro_eval,3972,,BUY,120,,,,candidate,"score=-4.00 headline=Wage growth decelerating, easing a key concern for policymakers.",0,,44215.00,0.00,44215.00,44215.00,44215.00,flat,,,,,,1155.8138,1290,1294,1292.0000,4,2.425431,0.036212,0.000000,-8.0000,,,-4.0000,120,BUY,+0.221368,unstructured,,,-24.5788,-24.5788,0.004955,0.006938,0.988107,0,0,0,flat,False,"{'timestamp': 3972, 'kind': 'unstructured', 'new_data': {'content': 'Wage growth decelerating, easing a key concern for policymakers.'}}"
1775842536.843901,macro_signal,3972,,BUY,120,,,,,"score=-4.00 headline=Wage growth decelerating, easing a key concern for policymakers.",0,,44215.00,0.00,44215.00,44215.00,44215.00,flat,macro,BUY,120,4.000000,True,1163.4594,1290,1294,1292.0000,4,2.425431,0.036212,0.000000,-6.0000,,,-4.0000,120,BUY,+0.221368,,,,-30.5788,-24.5788,0.004955,0.006938,0.988107,0,0,0,flat,False,"{'timestamp': 3972, 'kind': 'unstructured', 'new_data': {'content': 'Wage growth decelerating, easing a key concern for policymakers.'}}"
1775842536.844502,entry_blocked,3972,,,120,,,macro,buy_over_fair_px_1294_fair_1163.5,,0,,44215.00,0.00,44215.00,44215.00,44215.00,flat,macro,BUY,120,4.000000,True,1163.4594,1290,1294,1292.0000,4,2.425431,0.036212,0.000000,-6.0000,,,,,,,,,,-30.5788,-24.5788,0.004955,0.006938,0.988107,0,0,0,flat,False,
1775842536.859319,entry_blocked,3972,,,120,,,macro,buy_over_fair_px_1290_fair_1163.5,,0,,44215.00,0.00,44215.00,44215.00,44215.00,flat,macro,BUY,120,4.000000,True,1163.4909,1290,1290,1290.0000,0,2.425431,0.036212,0.000000,-6.0000,,,,,,,,,,-30.6034,-24.6034,0.004958,0.005949,0.989093,0,0,0,flat,False,
1775842536.860617,entry_blocked,3972,,,120,,,macro,buy_over_fair_px_1294_fair_1163.5,,0,,44215.00,0.00,44215.00,44215.00,44215.00,flat,macro,BUY,120,4.000000,True,1163.4909,1289,1294,1291.5000,5,2.425431,0.036212,0.000000,-6.0000,,,,,,,,,,-30.6034,-24.6034,0.004958,0.005949,0.989093,0,0,0,flat,False,
1775842536.861866,entry_blocked,3972,,,120,,,macro,buy_over_fair_px_1291_fair_1163.5,,0,,44215.00,0.00,44215.00,44215.00,44215.00,flat,macro,BUY,120,4.000000,True,1163.4909,1289,1291,1290.0000,2,2.425431,0.036212,0.000000,-6.0000,,,,,,,,,,-30.6034,-24.6034,0.004958,0.005949,0.989093,0,0,0,flat,False,
1775842537.059901,entry_blocked,3972,,,120,,,macro,buy_over_fair_px_1292_fair_1163.5,,0,,44215.00,0.00,44215.00,44215.00,44215.00,flat,macro,BUY,120,4.000000,True,1163.5226,1291,1292,1291.5000,1,2.425431,0.036212,0.000000,-6.0000,,,,,,,,,,-30.6282,-24.6282,0.004958,0.004958,0.990084,0,0,0,flat,False,
1775842537.067165,entry_blocked,3972,,,120,,,macro,buy_over_fair_px_1293_fair_1163.5,,0,,44215.00,0.00,44215.00,44215.00,44215.00,flat,macro,BUY,120,4.000000,True,1163.5226,1291,1293,1292.0000,2,2.425431,0.036212,0.000000,-6.0000,,,,,,,,,,-30.6282,-24.6282,0.004958,0.004958,0.990084,0,0,0,flat,False,
1775842537.067845,entry_blocked,3972,,,120,,,macro,buy_over_fair_px_1294_fair_1163.5,,0,,44215.00,0.00,44215.00,44215.00,44215.00,flat,macro,BUY,120,4.000000,True,1163.5226,1291,1294,1292.5000,3,2.425431,0.036212,0.000000,-6.0000,,,,,,,,,,-30.6282,-24.6282,0.004958,0.004958,0.990084,0,0,0,flat,False,
1775842537.069026,entry_blocked,3972,,,120,,,macro,buy_over_fair_px_1295_fair_1163.5,,0,,44215.00,0.00,44215.00,44215.00,44215.00,flat,macro,BUY,120,4.000000,True,1163.5226,1291,1295,1293.0000,4,2.425431,0.036212,0.000000,-6.0000,,,,,,,,,,-30.6282,-24.6282,0.004958,0.004958,0.990084,0,0,0,flat,False,
1775842537.070756,entry_blocked,3972,,,120,,,macro,buy_over_fair_px_1296_fair_1163.5,,0,,44215.00,0.00,44215.00,44215.00,44215.00,flat,macro,BUY,120,4.000000,True,1163.5226,1291,1296,1293.5000,5,2.425431,0.036212,0.000000,-6.0000,,,,,,,,,,-30.6282,-24.6282,0.004958,0.004958,0.990084,0,0,0,flat,False,
1775842537.248287,entry_blocked,3972,,,120,,,macro,buy_over_fair_px_1295_fair_1163.5,,0,,44215.00,0.00,44215.00,44215.00,44215.00,flat,macro,BUY,120,4.000000,True,1163.5226,1291,1295,1293.0000,4,2.425431,0.036212,0.000000,-6.0000,,,,,,,,,,-30.6282,-24.6282,0.004958,0.004958,0.990084,0,0,0,flat,False,
1775842537.453502,entry_blocked,3972,,,120,,,macro,buy_over_fair_px_1293_fair_1163.5,,0,,44215.00,0.00,44215.00,44215.00,44215.00,flat,macro,BUY,120,4.000000,True,1163.5231,1291,1293,1292.0000,2,2.425431,0.036212,0.000000,-6.0000,,,,,,,,,,-30.6285,-24.6285,0.004953,0.004953,0.990094,0,0,0,flat,False,
1775842537.654321,heartbeat,3972,,,,,,,,,0,,44215.00,0.00,44215.00,44215.00,44215.00,flat,macro,BUY,120,4.000000,True,1163.5221,1289,1293,1291.0000,4,2.425431,0.036212,0.000000,-6.0000,,,,,,,,,,-30.6278,-24.6278,0.004963,0.004963,0.990074,0,0,0,flat,False,
1775842537.874161,entry_blocked,3972,,,120,,,macro,buy_over_fair_px_1294_fair_1163.5,,0,,44215.00,0.00,44215.00,44215.00,44215.00,flat,macro,BUY,120,4.000000,True,1163.5224,1290,1294,1292.0000,4,2.425431,0.036212,0.000000,-6.0000,,,,,,,,,,-30.6280,-24.6280,0.004960,0.004960,0.990079,0,0,0,flat,False,
1775842538.057588,entry_blocked,3972,,,120,,,macro,buy_over_fair_px_1293_fair_1163.5,,0,,44215.00,0.00,44215.00,44215.00,44215.00,flat,macro,BUY,120,4.000000,True,1163.5231,1290,1293,1291.5000,3,2.425431,0.036212,0.000000,-6.0000,,,,,,,,,,-30.6285,-24.6285,0.004953,0.004953,0.990094,0,0,0,flat,False,
1775842538.249696,entry_blocked,3972,,,120,,,macro,buy_over_fair_px_1289_fair_1163.5,,0,,44215.00,0.00,44215.00,44215.00,44215.00,flat,macro,BUY,120,4.000000,True,1163.5231,1289,1289,1289.0000,0,2.425431,0.036212,0.000000,-6.0000,,,,,,,,,,-30.6285,-24.6285,0.004953,0.004953,0.990094,0,0,0,flat,False,
1775842538.251805,entry_blocked,3972,,,120,,,macro,buy_over_fair_px_1293_fair_1163.5,,0,,44215.00,0.00,44215.00,44215.00,44215.00,flat,macro,BUY,120,4.000000,True,1163.5231,1288,1293,1290.5000,5,2.425431,0.036212,0.000000,-6.0000,,,,,,,,,,-30.6285,-24.6285,0.004953,0.004953,0.990094,0,0,0,flat,False,
1775842538.260565,entry_blocked,3972,,,120,,,macro,buy_over_fair_px_1290_fair_1163.5,,0,,44215.00,0.00,44215.00,44215.00,44215.00,flat,macro,BUY,120,4.000000,True,1163.5231,1288,1290,1289.0000,2,2.425431,0.036212,0.000000,-6.0000,,,,,,,,,,-30.6285,-24.6285,0.004953,0.004953,0.990094,0,0,0,flat,False,
1775842538.468981,entry_blocked,3972,,,120,,,macro,buy_over_fair_px_1291_fair_1163.5,,0,,44215.00,0.00,44215.00,44215.00,44215.00,flat,macro,BUY,120,4.000000,True,1163.5233,1289,1291,1290.0000,2,2.425431,0.036212,0.000000,-6.0000,,,,,,,,,,-30.6287,-24.6287,0.004950,0.004950,0.990099,0,0,0,flat,False,
1775842538.469522,entry_blocked,3972,,,120,,,macro,buy_over_fair_px_1292_fair_1163.5,,0,,44215.00,0.00,44215.00,44215.00,44215.00,flat,macro,BUY,120,4.000000,True,1163.5233,1289,1292,1290.5000,3,2.425431,0.036212,0.000000,-6.0000,,,,,,,,,,-30.6287,-24.6287,0.004950,0.004950,0.990099,0,0,0,flat,False,
1775842538.470097,entry_blocked,3972,,,120,,,macro,buy_over_fair_px_1293_fair_1163.5,,0,,44215.00,0.00,44215.00,44215.00,44215.00,flat,macro,BUY,120,4.000000,True,1163.5233,1289,1293,1291.0000,4,2.425431,0.036212,0.000000,-6.0000,,,,,,,,,,-30.6287,-24.6287,0.004950,0.004950,0.990099,0,0,0,flat,False,
1775842538.470593,entry_blocked,3972,,,120,,,macro,buy_over_fair_px_1294_fair_1163.5,,0,,44215.00,0.00,44215.00,44215.00,44215.00,flat,macro,BUY,120,4.000000,True,1163.5233,1289,1294,1291.5000,5,2.425431,0.036212,0.000000,-6.0000,,,,,,,,,,-30.6287,-24.6287,0.004950,0.004950,0.990099,0,0,0,flat,False,
1775842538.669053,entry_blocked,3972,,,120,,,macro,buy_over_fair_px_1295_fair_1163.5,,0,,44215.00,0.00,44215.00,44215.00,44215.00,flat,macro,BUY,120,4.000000,True,1163.5233,1292,1295,1293.5000,3,2.425431,0.036212,0.000000,-6.0000,,,,,,,,,,-30.6287,-24.6287,0.004950,0.004950,0.990099,0,0,0,flat,False,
1775842538.669614,entry_blocked,3972,,,120,,,macro,buy_over_fair_px_1296_fair_1163.5,,0,,44215.00,0.00,44215.00,44215.00,44215.00,flat,macro,BUY,120,4.000000,True,1163.5233,1292,1296,1294.0000,4,2.425431,0.036212,0.000000,-6.0000,,,,,,,,,,-30.6287,-24.6287,0.004950,0.004950,0.990099,0,0,0,flat,False,
1775842539.052057,entry_blocked,3972,,,120,,,macro,buy_over_fair_px_1292_fair_1163.5,,0,,44215.00,0.00,44215.00,44215.00,44215.00,flat,macro,BUY,120,4.000000,True,1163.5231,1292,1292,1292.0000,0,2.425431,0.036212,0.000000,-6.0000,,,,,,,,,,-30.6285,-24.6285,0.004953,0.004953,0.990094,0,0,0,flat,False,
1775842539.054901,entry_blocked,3972,,,120,,,macro,buy_over_fair_px_1296_fair_1163.5,,0,,44215.00,0.00,44215.00,44215.00,44215.00,flat,macro,BUY,120,4.000000,True,1163.5231,1291,1296,1293.5000,5,2.425431,0.036212,0.000000,-6.0000,,,,,,,,,,-30.6285,-24.6285,0.004953,0.004953,0.990094,0,0,0,flat,False,
1775842539.057081,entry_blocked,3972,,,120,,,macro,buy_over_fair_px_1293_fair_1163.5,,0,,44215.00,0.00,44215.00,44215.00,44215.00,flat,macro,BUY,120,4.000000,True,1163.5231,1291,1293,1292.0000,2,2.425431,0.036212,0.000000,-6.0000,,,,,,,,,,-30.6285,-24.6285,0.004953,0.004953,0.990094,0,0,0,flat,False,
1775842539.667965,entry_blocked,3972,,,120,,,macro,buy_over_fair_px_1294_fair_1163.5,,0,,44215.00,0.00,44215.00,44215.00,44215.00,flat,macro,BUY,120,4.000000,True,1163.5228,1290,1294,1292.0000,4,2.425431,0.036212,0.000000,-6.0000,,,,,,,,,,-30.6283,-24.6283,0.004955,0.004955,0.990089,0,0,0,flat,False,
1775842539.868270,entry_blocked,3972,,,120,,,macro,buy_over_fair_px_1295_fair_1163.5,,0,,44215.00,0.00,44215.00,44215.00,44215.00,flat,macro,BUY,120,4.000000,True,1163.5228,1293,1295,1294.0000,2,2.425431,0.036212,0.000000,-6.0000,,,,,,,,,,-30.6283,-24.6283,0.004955,0.004955,0.990089,0,0,0,flat,False,
1775842539.868865,entry_blocked,3972,,,120,,,macro,buy_over_fair_px_1296_fair_1163.5,,0,,44215.00,0.00,44215.00,44215.00,44215.00,flat,macro,BUY,120,4.000000,True,1163.5228,1293,1296,1294.5000,3,2.425431,0.036212,0.000000,-6.0000,,,,,,,,,,-30.6283,-24.6283,0.004955,0.004955,0.990089,0,0,0,flat,False,
1775842539.869395,entry_blocked,3972,,,120,,,macro,buy_over_fair_px_1297_fair_1163.5,,0,,44215.00,0.00,44215.00,44215.00,44215.00,flat,macro,BUY,120,4.000000,True,1163.5228,1293,1297,1295.0000,4,2.425431,0.036212,0.000000,-6.0000,,,,,,,,,,-30.6283,-24.6283,0.004955,0.004955,0.990089,0,0,0,flat,False,
1775842540.055367,entry_blocked,3972,,,120,,,macro,buy_over_fair_px_1282_fair_1163.5,,0,,44215.00,0.00,44215.00,44215.00,44215.00,flat,macro,BUY,120,4.000000,True,1163.5233,1293,1282,1287.5000,-11,2.425431,0.036212,0.000000,-6.0000,,,,,,,,,,-30.6287,-24.6287,0.004950,0.004950,0.990099,0,0,0,flat,False,
1775842540.063316,entry_blocked,3972,,,120,,,macro,buy_over_fair_px_1297_fair_1163.5,,0,,44215.00,0.00,44215.00,44215.00,44215.00,flat,macro,BUY,120,4.000000,True,1163.5233,1287,1297,1292.0000,10,2.425431,0.036212,0.000000,-6.0000,,,,,,,,,,-30.6287,-24.6287,0.004950,0.004950,0.990099,0,0,0,flat,False,
1775842540.068447,entry_blocked,3972,,,120,,,macro,buy_over_fair_px_1294_fair_1163.5,,0,,44215.00,0.00,44215.00,44215.00,44215.00,flat,macro,BUY,120,4.000000,True,1163.5233,1290,1294,1292.0000,4,2.425431,0.036212,0.000000,-6.0000,,,,,,,,,,-30.6287,-24.6287,0.004950,0.004950,0.990099,0,0,0,flat,False,
1775842540.250157,entry_blocked,3972,,,120,,,macro,buy_over_fair_px_1295_fair_1163.5,,0,,44215.00,0.00,44215.00,44215.00,44215.00,flat,macro,BUY,120,4.000000,True,1163.5233,1290,1295,1292.5000,5,2.425431,0.036212,0.000000,-6.0000,,,,,,,,,,-30.6287,-24.6287,0.004950,0.004950,0.990099,0,0,0,flat,False,
1775842540.268057,entry_blocked,3972,,,120,,,macro,buy_over_fair_px_1296_fair_1163.5,,0,,44215.00,0.00,44215.00,44215.00,44215.00,flat,macro,BUY,120,4.000000,True,1163.5233,1293,1296,1294.5000,3,2.425431,0.036212,0.000000,-6.0000,,,,,,,,,,-30.6287,-24.6287,0.004950,0.004950,0.990099,0,0,0,flat,False,
1775842540.268655,entry_blocked,3972,,,120,,,macro,buy_over_fair_px_1297_fair_1163.5,,0,,44215.00,0.00,44215.00,44215.00,44215.00,flat,macro,BUY,120,4.000000,True,1163.5233,1293,1297,1295.0000,4,2.425431,0.036212,0.000000,-6.0000,,,,,,,,,,-30.6287,-24.6287,0.004950,0.004950,0.990099,0,0,0,flat,False,
1775842540.269157,entry_blocked,3972,,,120,,,macro,buy_over_fair_px_1298_fair_1163.5,,0,,44215.00,0.00,44215.00,44215.00,44215.00,flat,macro,BUY,120,4.000000,True,1163.5233,1293,1298,1295.5000,5,2.425431,0.036212,0.000000,-6.0000,,,,,,,,,,-30.6287,-24.6287,0.004950,0.004950,0.990099,0,0,0,flat,False,
1775842540.447273,entry_blocked,3972,,,120,,,macro,buy_over_fair_px_1293_fair_1163.5,,0,,44215.00,0.00,44215.00,44215.00,44215.00,flat,macro,BUY,120,4.000000,True,1163.5228,1293,1293,1293.0000,0,2.425431,0.036212,0.000000,-6.0000,,,,,,,,,,-30.6283,-24.6283,0.004955,0.004955,0.990089,0,0,0,flat,False,
1775842540.449787,entry_blocked,3972,,,120,,,macro,buy_over_fair_px_1298_fair_1163.5,,0,,44215.00,0.00,44215.00,44215.00,44215.00,flat,macro,BUY,120,4.000000,True,1163.5228,1293,1298,1295.5000,5,2.425431,0.036212,0.000000,-6.0000,,,,,,,,,,-30.6283,-24.6283,0.004955,0.004955,0.990089,0,0,0,flat,False,
1775842540.455133,entry_blocked,3972,,,120,,,macro,buy_over_fair_px_1294_fair_1163.5,,0,,44215.00,0.00,44215.00,44215.00,44215.00,flat,macro,BUY,120,4.000000,True,1163.5228,1293,1294,1293.5000,1,2.425431,0.036212,0.000000,-6.0000,,,,,,,,,,-30.6283,-24.6283,0.004955,0.004955,0.990089,0,0,0,flat,False,
1775842540.654619,heartbeat,3972,,,,,,,,,0,,44215.00,0.00,44215.00,44215.00,44215.00,flat,macro,BUY,120,4.000000,True,1163.5224,1293,1294,1293.5000,1,2.425431,0.036212,0.000000,-6.0000,,,,,,,,,,-30.6280,-24.6280,0.004960,0.004960,0.990079,0,0,0,flat,False,
1775842540.657422,entry_blocked,3972,,,120,,,macro,buy_over_fair_px_1294_fair_1163.4,,0,,44215.00,0.00,44215.00,44215.00,44215.00,flat,macro,BUY,120,4.000000,True,1163.3967,1293,1294,1293.5000,1,2.425431,0.036212,0.000000,-6.0000,,,,,,,,,,-30.5297,-24.5297,0.006931,0.004950,0.988119,0,0,0,flat,False,
1775842540.667242,entry_blocked,3972,,,120,,,macro,buy_over_fair_px_1295_fair_1163.4,,0,,44215.00,0.00,44215.00,44215.00,44215.00,flat,macro,BUY,120,4.000000,True,1163.3967,1293,1295,1294.0000,2,2.425431,0.036212,0.000000,-6.0000,,,,,,,,,,-30.5297,-24.5297,0.006931,0.004950,0.988119,0,0,0,flat,False,
1775842540.668044,entry_blocked,3972,,,120,,,macro,buy_over_fair_px_1296_fair_1163.4,,0,,44215.00,0.00,44215.00,44215.00,44215.00,flat,macro,BUY,120,4.000000,True,1163.3967,1293,1296,1294.5000,3,2.425431,0.036212,0.000000,-6.0000,,,,,,,,,,-30.5297,-24.5297,0.006931,0.004950,0.988119,0,0,0,flat,False,
1775842540.669662,entry_blocked,3972,,,120,,,macro,buy_over_fair_px_1297_fair_1163.4,,0,,44215.00,0.00,44215.00,44215.00,44215.00,flat,macro,BUY,120,4.000000,True,1163.3967,1293,1297,1295.0000,4,2.425431,0.036212,0.000000,-6.0000,,,,,,,,,,-30.5297,-24.5297,0.006931,0.004950,0.988119,0,0,0,flat,False,
1775842540.670553,entry_blocked,3972,,,120,,,macro,buy_over_fair_px_1298_fair_1163.4,,0,,44215.00,0.00,44215.00,44215.00,44215.00,flat,macro,BUY,120,4.000000,True,1163.3967,1293,1298,1295.5000,5,2.425431,0.036212,0.000000,-6.0000,,,,,,,,,,-30.5297,-24.5297,0.006931,0.004950,0.988119,0,0,0,flat,False,
1775842540.846664,entry_blocked,3972,,,120,,,macro,buy_over_fair_px_1286_fair_1163.4,,0,,44215.00,0.00,44215.00,44215.00,44215.00,flat,macro,BUY,120,4.000000,True,1163.3967,1293,1286,1289.5000,-7,2.425431,0.036212,0.000000,-6.0000,,,,,,,,,,-30.5297,-24.5297,0.006931,0.004950,0.988119,0,0,0,flat,False,
1775842540.855659,entry_blocked,3972,,,120,,,macro,buy_over_fair_px_1298_fair_1163.4,,0,,44215.00,0.00,44215.00,44215.00,44215.00,flat,macro,BUY,120,4.000000,True,1163.3967,1288,1298,1293.0000,10,2.425431,0.036212,0.000000,-6.0000,,,,,,,,,,-30.5297,-24.5297,0.006931,0.004950,0.988119,0,0,0,flat,False,
1775842540.858825,entry_blocked,3972,,,120,,,macro,buy_over_fair_px_1298_fair_1163.5,,0,,44215.00,0.00,44215.00,44215.00,44215.00,flat,macro,BUY,120,4.000000,True,1163.4594,1288,1298,1293.0000,10,2.425431,0.036212,0.000000,-6.0000,,,,,,,,,,-30.5788,-24.5788,0.005946,0.004955,0.989098,0,0,0,flat,False,
1775842541.050091,entry_blocked,3972,,,120,,,macro,buy_over_fair_px_1295_fair_1163.5,,0,,44215.00,0.00,44215.00,44215.00,44215.00,flat,macro,BUY,120,4.000000,True,1163.4597,1294,1295,1294.5000,1,2.425431,0.036212,0.000000,-6.0000,,,,,,,,,,-30.5790,-24.5790,0.005944,0.004953,0.989104,0,0,0,flat,False,
1775842541.467121,entry_blocked,3972,,,120,,,macro,buy_over_fair_px_1296_fair_1163.5,,0,,44215.00,0.00,44215.00,44215.00,44215.00,flat,macro,BUY,120,4.000000,True,1163.5233,1293,1296,1294.5000,3,2.425431,0.036212,0.000000,-6.0000,,,,,,,,,,-30.6287,-24.6287,0.004950,0.004950,0.990099,0,0,0,flat,False,
1775842541.467793,entry_blocked,3972,,,120,,,macro,buy_over_fair_px_1297_fair_1163.5,,0,,44215.00,0.00,44215.00,44215.00,44215.00,flat,macro,BUY,120,4.000000,True,1163.5233,1293,1297,1295.0000,4,2.425431,0.036212,0.000000,-6.0000,,,,,,,,,,-30.6287,-24.6287,0.004950,0.004950,0.990099,0,0,0,flat,False,
1775842541.648390,entry_blocked,3972,,,120,,,macro,buy_over_fair_px_1295_fair_1163.5,,0,,44215.00,0.00,44215.00,44215.00,44215.00,flat,macro,BUY,120,4.000000,True,1163.5233,1293,1295,1294.0000,2,2.425431,0.036212,0.000000,-6.0000,,,,,,,,,,-30.6287,-24.6287,0.004950,0.004950,0.990099,0,0,0,flat,False,
1775842541.868082,entry_blocked,3972,,,120,,,macro,buy_over_fair_px_1296_fair_1163.5,,0,,44215.00,0.00,44215.00,44215.00,44215.00,flat,macro,BUY,120,4.000000,True,1163.5233,1293,1296,1294.5000,3,2.425431,0.036212,0.000000,-6.0000,,,,,,,,,,-30.6287,-24.6287,0.004950,0.004950,0.990099,0,0,0,flat,False,
1775842541.869834,entry_blocked,3972,,,120,,,macro,buy_over_fair_px_1297_fair_1163.5,,0,,44215.00,0.00,44215.00,44215.00,44215.00,flat,macro,BUY,120,4.000000,True,1163.5233,1293,1297,1295.0000,4,2.425431,0.036212,0.000000,-6.0000,,,,,,,,,,-30.6287,-24.6287,0.004950,0.004950,0.990099,0,0,0,flat,False,
1775842542.046964,entry_blocked,3972,,,120,,,macro,buy_over_fair_px_1283_fair_1163.5,,0,,44215.00,0.00,44215.00,44215.00,44215.00,flat,macro,BUY,120,4.000000,True,1163.5233,1293,1283,1288.0000,-10,2.425431,0.036212,0.000000,-6.0000,,,,,,,,,,-30.6287,-24.6287,0.004950,0.004950,0.990099,0,0,0,flat,False,
1775842542.055094,entry_blocked,3972,,,120,,,macro,buy_over_fair_px_1297_fair_1163.5,,0,,44215.00,0.00,44215.00,44215.00,44215.00,flat,macro,BUY,120,4.000000,True,1163.5233,1287,1297,1292.0000,10,2.425431,0.036212,0.000000,-6.0000,,,,,,,,,,-30.6287,-24.6287,0.004950,0.004950,0.990099,0,0,0,flat,False,
1775842542.057103,entry_blocked,3972,,,120,,,macro,buy_over_fair_px_1295_fair_1163.5,,0,,44215.00,0.00,44215.00,44215.00,44215.00,flat,macro,BUY,120,4.000000,True,1163.5231,1291,1295,1293.0000,4,2.425431,0.036212,0.000000,-6.0000,,,,,,,,,,-30.6285,-24.6285,0.004953,0.004953,0.990094,0,0,0,flat,False,
1775842542.249444,entry_blocked,3972,,,120,,,macro,buy_over_fair_px_1284_fair_1163.5,,0,,44215.00,0.00,44215.00,44215.00,44215.00,flat,macro,BUY,120,4.000000,True,1163.5231,1292,1284,1288.0000,-8,2.425431,0.036212,0.000000,-6.0000,,,,,,,,,,-30.6285,-24.6285,0.004953,0.004953,0.990094,0,0,0,flat,False,
1775842542.260204,entry_blocked,3972,,,120,,,macro,buy_over_fair_px_1295_fair_1163.5,,0,,44215.00,0.00,44215.00,44215.00,44215.00,flat,macro,BUY,120,4.000000,True,1163.5231,1285,1295,1290.0000,10,2.425431,0.036212,0.000000,-6.0000,,,,,,,,,,-30.6285,-24.6285,0.004953,0.004953,0.990094,0,0,0,flat,False,
1775842542.274582,entry_blocked,3972,,,120,,,macro,buy_over_fair_px_1296_fair_1163.5,,0,,44215.00,0.00,44215.00,44215.00,44215.00,flat,macro,BUY,120,4.000000,True,1163.4597,1291,1296,1293.5000,5,2.425431,0.036212,0.000000,-6.0000,,,,,,,,,,-30.5790,-24.5790,0.005944,0.004953,0.989104,0,0,0,flat,False,
1775842542.465216,entry_blocked,3972,,,120,,,macro,buy_over_fair_px_1297_fair_1163.5,,0,,44215.00,0.00,44215.00,44215.00,44215.00,flat,macro,BUY,120,4.000000,True,1163.5228,1294,1297,1295.5000,3,2.425431,0.036212,0.000000,-6.0000,,,,,,,,,,-30.6283,-24.6283,0.004955,0.004955,0.990089,0,0,0,flat,False,
1775842542.467098,entry_blocked,3972,,,120,,,macro,buy_over_fair_px_1298_fair_1163.5,,0,,44215.00,0.00,44215.00,44215.00,44215.00,flat,macro,BUY,120,4.000000,True,1163.5228,1294,1298,1296.0000,4,2.425431,0.036212,0.000000,-6.0000,,,,,,,,,,-30.6283,-24.6283,0.004955,0.004955,0.990089,0,0,0,flat,False,
1775842542.653502,entry_blocked,3972,,,120,,,macro,buy_over_fair_px_1297_fair_1163.5,,0,,44215.00,0.00,44215.00,44215.00,44215.00,flat,macro,BUY,120,4.000000,True,1163.5233,1294,1297,1295.5000,3,2.425431,0.036212,0.000000,-6.0000,,,,,,,,,,-30.6287,-24.6287,0.004950,0.004950,0.990099,0,0,0,flat,False,
1775842542.865870,entry_blocked,3972,,,120,,,macro,buy_over_fair_px_1298_fair_1163.5,,0,,44215.00,0.00,44215.00,44215.00,44215.00,flat,macro,BUY,120,4.000000,True,1163.5228,1294,1298,1296.0000,4,2.425431,0.036212,0.000000,-6.0000,,,,,,,,,,-30.6283,-24.6283,0.004955,0.004955,0.990089,0,0,0,flat,False,
1775842543.050552,entry_blocked,3972,,,120,,,macro,buy_over_fair_px_1296_fair_1163.5,,0,,44215.00,0.00,44215.00,44215.00,44215.00,flat,macro,BUY,120,4.000000,True,1163.5228,1294,1296,1295.0000,2,2.425431,0.036212,0.000000,-6.0000,,,,,,,,,,-30.6283,-24.6283,0.004955,0.004955,0.990089,0,0,0,flat,False,
1775842543.468379,entry_blocked,3972,,,120,,,macro,buy_over_fair_px_1297_fair_1163.5,,0,,44215.00,0.00,44215.00,44215.00,44215.00,flat,macro,BUY,120,4.000000,True,1163.5228,1295,1297,1296.0000,2,2.425431,0.036212,0.000000,-6.0000,,,,,,,,,,-30.6283,-24.6283,0.004955,0.004955,0.990089,0,0,0,flat,False,
1775842543.468955,entry_blocked,3972,,,120,,,macro,buy_over_fair_px_1298_fair_1163.5,,0,,44215.00,0.00,44215.00,44215.00,44215.00,flat,macro,BUY,120,4.000000,True,1163.5228,1295,1298,1296.5000,3,2.425431,0.036212,0.000000,-6.0000,,,,,,,,,,-30.6283,-24.6283,0.004955,0.004955,0.990089,0,0,0,flat,False,
1775842543.469622,entry_blocked,3972,,,120,,,macro,buy_over_fair_px_1299_fair_1163.5,,0,,44215.00,0.00,44215.00,44215.00,44215.00,flat,macro,BUY,120,4.000000,True,1163.5228,1295,1299,1297.0000,4,2.425431,0.036212,0.000000,-6.0000,,,,,,,,,,-30.6283,-24.6283,0.004955,0.004955,0.990089,0,0,0,flat,False,
1775842543.646897,entry_blocked,3972,,,120,,,macro,buy_over_fair_px_1286_fair_1163.5,,0,,44215.00,0.00,44215.00,44215.00,44215.00,flat,macro,BUY,120,4.000000,True,1163.5228,1295,1286,1290.5000,-9,2.425431,0.036212,0.000000,-6.0000,,,,,,,,,,-30.6283,-24.6283,0.004955,0.004955,0.990089,0,0,0,flat,False,
1775842543.654750,heartbeat,3972,,,,,,,,,0,,44215.00,0.00,44215.00,44215.00,44215.00,flat,macro,BUY,120,4.000000,True,1163.5228,1292,1286,1289.0000,-6,2.425431,0.036212,0.000000,-6.0000,,,,,,,,,,-30.6283,-24.6283,0.004955,0.004955,0.990089,0,0,0,flat,False,
1775842543.656319,entry_blocked,3972,,,120,,,macro,buy_over_fair_px_1299_fair_1163.5,,0,,44215.00,0.00,44215.00,44215.00,44215.00,flat,macro,BUY,120,4.000000,True,1163.5228,1289,1299,1294.0000,10,2.425431,0.036212,0.000000,-6.0000,,,,,,,,,,-30.6283,-24.6283,0.004955,0.004955,0.990089,0,0,0,flat,False,
1775842543.663394,entry_blocked,3972,,,120,,,macro,buy_over_fair_px_1298_fair_1163.5,,0,,44215.00,0.00,44215.00,44215.00,44215.00,flat,macro,BUY,120,4.000000,True,1163.4914,1294,1298,1296.0000,4,2.425431,0.036212,0.000000,-6.0000,,,,,,,,,,-30.6038,-24.6038,0.004953,0.005944,0.989104,0,0,0,flat,False,
1775842543.818811,entry_blocked,3972,,,120,,,macro,buy_over_fair_px_1294_fair_1163.5,,0,,44215.00,0.00,44215.00,44215.00,44215.00,flat,macro,BUY,120,4.000000,True,1163.4914,1294,1294,1294.0000,0,2.425431,0.036212,0.000000,-6.0000,,,,,,,,,,-30.6038,-24.6038,0.004953,0.005944,0.989104,0,0,0,flat,False,
1775842543.820584,entry_blocked,3972,,,120,,,macro,buy_over_fair_px_1298_fair_1163.5,,0,,44215.00,0.00,44215.00,44215.00,44215.00,flat,macro,BUY,120,4.000000,True,1163.4914,1294,1298,1296.0000,4,2.425431,0.036212,0.000000,-6.0000,,,,,,,,,,-30.6038,-24.6038,0.004953,0.005944,0.989104,0,0,0,flat,False,
1775842543.844699,entry_blocked,3972,,,120,,,macro,buy_over_fair_px_1296_fair_1163.5,,0,,44215.00,0.00,44215.00,44215.00,44215.00,flat,macro,BUY,120,4.000000,True,1163.4914,1294,1296,1295.0000,2,2.425431,0.036212,0.000000,-6.0000,,,,,,,,,,-30.6038,-24.6038,0.004953,0.005944,0.989104,0,0,0,flat,False,
1775842544.072034,entry_blocked,3972,,,120,,,macro,buy_over_fair_px_1297_fair_1163.5,,0,,44215.00,0.00,44215.00,44215.00,44215.00,flat,macro,BUY,120,4.000000,True,1163.5228,1293,1297,1295.0000,4,2.425431,0.036212,0.000000,-6.0000,,,,,,,,,,-30.6283,-24.6283,0.004955,0.004955,0.990089,0,0,0,flat,False,
1775842544.248950,entry_blocked,3972,,,120,,,macro,buy_over_fair_px_1296_fair_1163.5,,0,,44215.00,0.00,44215.00,44215.00,44215.00,flat,macro,BUY,120,4.000000,True,1163.5228,1293,1296,1294.5000,3,2.425431,0.036212,0.000000,-6.0000,,,,,,,,,,-30.6283,-24.6283,0.004955,0.004955,0.990089,0,0,0,flat,False,
1775842544.466890,entry_blocked,3972,,,120,,,macro,buy_over_fair_px_1297_fair_1163.5,,0,,44215.00,0.00,44215.00,44215.00,44215.00,flat,macro,BUY,120,4.000000,True,1163.5226,1293,1297,1295.0000,4,2.425431,0.036212,0.000000,-6.0000,,,,,,,,,,-30.6282,-24.6282,0.004958,0.004958,0.990084,0,0,0,flat,False,
1775842544.486029,entry_blocked,3972,,,120,,,macro,buy_over_fair_px_1292_fair_1163.5,,0,,44215.00,0.00,44215.00,44215.00,44215.00,flat,macro,BUY,120,4.000000,True,1163.5226,1293,1292,1292.5000,-1,2.425431,0.036212,0.000000,-6.0000,,,,,,,,,,-30.6282,-24.6282,0.004958,0.004958,0.990084,0,0,0,flat,False,
1775842544.487250,entry_blocked,3972,,,120,,,macro,buy_over_fair_px_1297_fair_1163.5,,0,,44215.00,0.00,44215.00,44215.00,44215.00,flat,macro,BUY,120,4.000000,True,1163.5226,1293,1297,1295.0000,4,2.425431,0.036212,0.000000,-6.0000,,,,,,,,,,-30.6282,-24.6282,0.004958,0.004958,0.990084,0,0,0,flat,False,
1775842544.646719,entry_blocked,3972,,,120,,,macro,buy_over_fair_px_1298_fair_1163.5,,0,,44215.00,0.00,44215.00,44215.00,44215.00,flat,macro,BUY,120,4.000000,True,1163.5226,1293,1298,1295.5000,5,2.425431,0.036212,0.000000,-6.0000,,,,,,,,,,-30.6282,-24.6282,0.004958,0.004958,0.990084,0,0,0,flat,False,
1775842544.663940,entry_blocked,3972,,,120,,,macro,buy_over_fair_px_1299_fair_1163.5,,0,,44215.00,0.00,44215.00,44215.00,44215.00,flat,macro,BUY,120,4.000000,True,1163.5228,1296,1299,1297.5000,3,2.425431,0.036212,0.000000,-6.0000,,,,,,,,,,-30.6283,-24.6283,0.004955,0.004955,0.990089,0,0,0,flat,False,
1775842544.664522,entry_blocked,3972,,,120,,,macro,buy_over_fair_px_1300_fair_1163.5,,0,,44215.00,0.00,44215.00,44215.00,44215.00,flat,macro,BUY,120,4.000000,True,1163.5228,1296,1300,1298.0000,4,2.425431,0.036212,0.000000,-6.0000,,,,,,,,,,-30.6283,-24.6283,0.004955,0.004955,0.990089,0,0,0,flat,False,
1775842544.665012,entry_blocked,3972,,,120,,,macro,buy_over_fair_px_1301_fair_1163.5,,0,,44215.00,0.00,44215.00,44215.00,44215.00,flat,macro,BUY,120,4.000000,True,1163.5228,1296,1301,1298.5000,5,2.425431,0.036212,0.000000,-6.0000,,,,,,,,,,-30.6283,-24.6283,0.004955,0.004955,0.990089,0,0,0,flat,False,
1775842546.655036,heartbeat,3972,,,,,,,,,0,,44215.00,0.00,44215.00,44215.00,44215.00,flat,macro,BUY,120,4.000000,False,1155.8770,1296,1297,1296.5000,1,2.425431,0.036212,0.000000,-6.0000,,,,,,,,,,-24.6285,-24.6285,0.004953,0.004953,0.990094,0,0,0,flat,False,
1775842549.655567,heartbeat,3972,,,,,,,,,0,,44215.00,0.00,44215.00,44215.00,44215.00,flat,macro,BUY,120,4.000000,False,,1287,1289,1288.0000,2,2.425431,0.036212,0.000000,-6.0000,,,,,,,,,,,,,,,0,0,0,flat,False,
1775842550.446104,earnings_signal,4040,,BUY,120,,,,,old=2.425431 new=2.447935 delta=+0.022505,0,,44215.00,0.00,44215.00,44215.00,44215.00,flat,earnings,BUY,120,0.022505,True,,1285,1288,1286.5000,3,2.447935,0.022505,0.000000,-6.0000,,,,,,,,,,,,,,,0,0,0,flat,False,
1775842550.447665,order_placed,4040,C,BUY,40,1288,1775841734601,earnings_entry,,,0,,44215.00,0.00,44215.00,44215.00,44215.00,flat,earnings,BUY,120,0.022505,True,,1285,1288,1286.5000,3,2.447935,0.022505,0.000000,-6.0000,,,,,,,,,,,,,,,0,0,0,flat,False,
1775842550.448270,entry_decision,4040,C,BUY,40,1288,,earnings,,strength=0.022505 target=120,0,,44215.00,0.00,44215.00,44215.00,44215.00,earnings,earnings,BUY,120,0.022505,True,,1285,1288,1286.5000,3,2.447935,0.022505,0.000000,-6.0000,,,,,,,,,,,,,,,0,0,0,flat,False,
1775842550.449275,heartbeat_forced,4040,,,,,,,,,0,,44215.00,0.00,44215.00,44215.00,44215.00,earnings,earnings,BUY,120,0.022505,True,,1285,1288,1286.5000,3,2.447935,0.022505,0.000000,-6.0000,,,,,,,,,,,,,,,0,0,0,flat,False,
1775842550.648430,entry_blocked,4040,,,120,,,earnings,live_order,,0,,44215.00,0.00,44215.00,44215.00,44215.00,earnings,earnings,BUY,120,0.022505,True,,1288,1289,1288.5000,1,2.447935,0.022505,0.000000,-6.0000,,,,,,,,,,,,,,,0,0,0,flat,False,
1775842550.907312,order_placed,4040,C,BUY,40,1290,1775841734602,earnings_entry,,,0,,44215.00,0.00,44215.00,44215.00,44215.00,earnings,earnings,BUY,120,0.022505,True,,1288,1290,1289.0000,2,2.447935,0.022505,0.000000,-6.0000,,,,,,,,,,,,,,,0,0,0,flat,False,
1775842550.907825,entry_decision,4040,C,BUY,40,1290,,earnings,,strength=0.022505 target=120,0,,44215.00,0.00,44215.00,44215.00,44215.00,earnings,earnings,BUY,120,0.022505,True,,1288,1290,1289.0000,2,2.447935,0.022505,0.000000,-6.0000,,,,,,,,,,,,,,,0,0,0,flat,False,
1775842550.908437,heartbeat_forced,4040,,,,,,,,,0,,44215.00,0.00,44215.00,44215.00,44215.00,earnings,earnings,BUY,120,0.022505,True,,1288,1290,1289.0000,2,2.447935,0.022505,0.000000,-6.0000,,,,,,,,,,,,,,,0,0,0,flat,False,
1775842550.937302,cancel_response,4040,C,BUY,40,1288,1775841734601,earnings_entry,,success=True error=None,0,,44215.00,0.00,44215.00,44215.00,44215.00,earnings,earnings,BUY,120,0.022505,True,,1286,1290,1288.0000,4,2.447935,0.022505,0.000000,-6.0000,,,,,,,,,,,,,,,0,0,0,flat,False,
1775842550.939234,fill,4040,C,BUY,40,1290,1775841734602,earnings_entry,,,40,1290.0000,44215.00,0.00,44215.00,-7385.00,44215.00,earnings,earnings,BUY,120,0.022505,True,,1290,1290,1290.0000,0,2.447935,0.022505,0.000000,-6.0000,,,,,,,,,,,,,,,0,0,0,book,False,
1775842551.248691,order_placed,4040,C,BUY,40,1292,1775841734603,earnings_entry,,,40,1290.0000,44215.00,-40.00,44175.00,-7385.00,44175.00,earnings,earnings,BUY,120,0.022505,True,,1289,1292,1290.5000,3,2.447935,0.022505,0.000000,-6.0000,,,,,,,,,,,,,,,0,0,0,book,False,
1775842551.249572,entry_decision,4040,C,BUY,40,1292,,earnings,,strength=0.022505 target=120,40,1290.0000,44215.00,-40.00,44175.00,-7385.00,44175.00,earnings,earnings,BUY,120,0.022505,True,,1289,1292,1290.5000,3,2.447935,0.022505,0.000000,-6.0000,,,,,,,,,,,,,,,0,0,0,book,False,
1775842551.251011,heartbeat_forced,4040,,,,,,,,,40,1290.0000,44215.00,-40.00,44175.00,-7385.00,44175.00,earnings,earnings,BUY,120,0.022505,True,,1289,1292,1290.5000,3,2.447935,0.022505,0.000000,-6.0000,,,,,,,,,,,,,,,0,0,0,book,False,
1775842551.451163,entry_blocked,4040,,,120,,,earnings,live_order,,40,1290.0000,44215.00,80.00,44295.00,-7385.00,44295.00,earnings,earnings,BUY,120,0.022505,True,,1292,1293,1292.5000,1,2.447935,0.022505,0.000000,-6.0000,,,,,,,,,,,,,,,0,0,0,book,False,
1775842551.715507,order_placed,4040,C,BUY,40,1296,1775841734604,earnings_entry,,,40,1290.0000,44215.00,80.00,44295.00,-7385.00,44295.00,earnings,earnings,BUY,120,0.022505,True,,1292,1296,1294.0000,4,2.447935,0.022505,0.000000,-6.0000,,,,,,,,,,,,,,,0,0,0,book,False,
1775842551.716375,entry_decision,4040,C,BUY,40,1296,,earnings,,strength=0.022505 target=120,40,1290.0000,44215.00,80.00,44295.00,-7385.00,44295.00,earnings,earnings,BUY,120,0.022505,True,,1292,1296,1294.0000,4,2.447935,0.022505,0.000000,-6.0000,,,,,,,,,,,,,,,0,0,0,book,False,
1775842551.717109,heartbeat_forced,4040,,,,,,,,,40,1290.0000,44215.00,80.00,44295.00,-7385.00,44295.00,earnings,earnings,BUY,120,0.022505,True,,1292,1296,1294.0000,4,2.447935,0.022505,0.000000,-6.0000,,,,,,,,,,,,,,,0,0,0,book,False,
1775842551.744409,cancel_response,4040,C,BUY,40,1292,1775841734603,earnings_entry,,success=True error=None,40,1290.0000,44215.00,80.00,44295.00,-7385.00,44295.00,earnings,earnings,BUY,120,0.022505,True,,1292,1296,1294.0000,4,2.447935,0.022505,0.000000,-6.0000,,,,,,,,,,,,,,,0,0,0,book,False,
1775842551.745714,fill,4040,C,BUY,40,1296,1775841734604,earnings_entry,,,80,1293.0000,44215.00,240.00,44455.00,-59225.00,44455.00,earnings,earnings,BUY,120,0.022505,True,,1296,1296,1296.0000,0,2.447935,0.022505,0.000000,-6.0000,,,,,,,,,,,,,,,0,0,0,book,False,
1775842552.049065,order_placed,4040,C,BUY,40,1298,1775841734605,earnings_entry,,,80,1293.0000,44215.00,240.00,44455.00,-59225.00,44455.00,earnings,earnings,BUY,120,0.022505,True,,1296,1298,1297.0000,2,2.447935,0.022505,0.000000,-6.0000,,,,,,,,,,,,,,,0,0,0,book,False,
1775842552.049672,entry_decision,4040,C,BUY,40,1298,,earnings,,strength=0.022505 target=120,80,1293.0000,44215.00,240.00,44455.00,-59225.00,44455.00,earnings,earnings,BUY,120,0.022505,True,,1296,1298,1297.0000,2,2.447935,0.022505,0.000000,-6.0000,,,,,,,,,,,,,,,0,0,0,book,False,
1775842552.050341,heartbeat_forced,4040,,,,,,,,,80,1293.0000,44215.00,240.00,44455.00,-59225.00,44455.00,earnings,earnings,BUY,120,0.022505,True,,1296,1298,1297.0000,2,2.447935,0.022505,0.000000,-6.0000,,,,,,,,,,,,,,,0,0,0,book,False,
1775842552.248735,fill,4040,C,BUY,40,1298,1775841734605,earnings_entry,,,120,1294.6667,44215.00,400.00,44615.00,-111145.00,44615.00,earnings,earnings,BUY,120,0.022505,True,,1298,1298,1298.0000,0,2.447935,0.022505,0.000000,-6.0000,,,,,,,,,,,,,,,0,0,0,book,False,
1775842555.051179,heartbeat,4040,,,,,,,,,120,1294.6667,44215.00,160.00,44375.00,-111145.00,44375.00,earnings,earnings,BUY,120,0.022505,True,,1296,1300,1298.0000,4,2.447935,0.022505,0.000000,-6.0000,,,,,,,,,,,,,,,0,0,0,book,False,
1775842558.051280,heartbeat,4040,,,,,,,,,120,1294.6667,44215.00,880.00,45095.00,-111145.00,45095.00,earnings,earnings,BUY,120,0.022505,True,,1302,1295,1298.5000,-7,2.447935,0.022505,0.000000,-6.0000,,,,,,,,,,,,,,,0,0,0,book,False,
1775842561.051963,heartbeat,4040,,,,,,,,,120,1294.6667,44215.00,-440.00,43775.00,-111145.00,43775.00,earnings,earnings,BUY,120,0.022505,True,,1291,1293,1292.0000,2,2.447935,0.022505,0.000000,-6.0000,,,,,,,,,,,,,,,0,0,0,book,False,
1775842564.052631,heartbeat,4040,,,,,,,,,120,1294.6667,44215.00,640.00,44855.00,-111145.00,44855.00,earnings,earnings,BUY,120,0.022505,True,,1300,1302,1301.0000,2,2.447935,0.022505,0.000000,-6.0000,,,,,,,,,,,,,,,0,0,0,book,False,
1775842567.056180,heartbeat,4040,,,,,,,,,120,1294.6667,44215.00,760.00,44975.00,-111145.00,44975.00,earnings,earnings,BUY,120,0.022505,True,,1301,1304,1302.5000,3,2.447935,0.022505,0.000000,-6.0000,,,,,,,,,,,,,,,0,0,0,book,False,
1775842570.056831,heartbeat,4040,,,,,,,,,120,1294.6667,44215.00,880.00,45095.00,-111145.00,45095.00,earnings,earnings,BUY,120,0.022505,True,,1302,1305,1303.5000,3,2.447935,0.022505,0.000000,-6.0000,,,,,,,,,,,,,,,0,0,0,book,False,
1775842573.057336,heartbeat,4040,,,,,,,,,120,1294.6667,44215.00,640.00,44855.00,-111145.00,44855.00,earnings,earnings,BUY,120,0.022505,False,,1300,1304,1302.0000,4,2.447935,0.022505,0.000000,-6.0000,,,,,,,,,,,,,,,0,0,0,book,False,
1775842574.446450,earnings_signal,4160,,SELL,200,,,,,old=2.447935 new=2.395983 delta=-0.051953,120,1294.6667,44215.00,160.00,44375.00,-111145.00,44375.00,earnings,earnings,SELL,200,0.051953,True,,1296,1299,1297.5000,3,2.395983,-0.051953,0.000000,-6.0000,,,,,,,,,,,,,,,0,0,0,book,False,
1775842574.448042,order_placed,4160,C,SELL,40,1296,1775841734606,contradict_signal,,,120,1294.6667,44215.00,160.00,44375.00,-111145.00,44375.00,earnings,earnings,SELL,200,0.051953,True,,1296,1299,1297.5000,3,2.395983,-0.051953,0.000000,-6.0000,,,,,,,,,,,,,,,0,0,0,book,False,
1775842574.448806,exit_trigger,4160,,,40,,,contradict_signal,contradict_signal,,120,1294.6667,44215.00,160.00,44375.00,-111145.00,44375.00,earnings,earnings,SELL,200,0.051953,True,,1296,1299,1297.5000,3,2.395983,-0.051953,0.000000,-6.0000,,,,,,,,,,,,,,,0,0,0,book,False,
1775842574.449691,heartbeat_forced,4160,,,,,,,,,120,1294.6667,44215.00,160.00,44375.00,-111145.00,44375.00,earnings,earnings,SELL,200,0.051953,True,,1296,1299,1297.5000,3,2.395983,-0.051953,0.000000,-6.0000,,,,,,,,,,,,,,,0,0,0,book,False,
1775842574.477597,fill,4160,C,SELL,40,1296,1775841734606,contradict_signal,,,80,1294.6667,44268.33,106.67,44375.00,-59305.00,44375.00,earnings,earnings,SELL,200,0.051953,True,,1296,1296,1296.0000,0,2.395983,-0.051953,0.000000,-6.0000,,,,,,,,,,,,,,,0,0,0,book,False,
1775842574.478171,order_placed,4160,C,SELL,40,1296,1775841734607,contradict_signal,,,80,1294.6667,44268.33,106.67,44375.00,-59305.00,44375.00,earnings,earnings,SELL,200,0.051953,True,,1296,1296,1296.0000,0,2.395983,-0.051953,0.000000,-6.0000,,,,,,,,,,,,,,,0,0,0,book,False,
1775842574.478382,exit_trigger,4160,,,40,,,contradict_signal,contradict_signal,,80,1294.6667,44268.33,106.67,44375.00,-59305.00,44375.00,earnings,earnings,SELL,200,0.051953,True,,1296,1296,1296.0000,0,2.395983,-0.051953,0.000000,-6.0000,,,,,,,,,,,,,,,0,0,0,book,False,
1775842574.478695,heartbeat_forced,4160,,,,,,,,,80,1294.6667,44268.33,106.67,44375.00,-59305.00,44375.00,earnings,earnings,SELL,200,0.051953,True,,1296,1296,1296.0000,0,2.395983,-0.051953,0.000000,-6.0000,,,,,,,,,,,,,,,0,0,0,book,False,
1775842574.508509,fill,4160,C,SELL,40,1296,1775841734607,contradict_signal,,,40,1294.6667,44321.67,53.33,44375.00,-7465.00,44375.00,earnings,earnings,SELL,200,0.051953,True,,1296,1296,1296.0000,0,2.395983,-0.051953,0.000000,-6.0000,,,,,,,,,,,,,,,0,0,0,book,False,
1775842574.509489,order_placed,4160,C,SELL,40,1296,1775841734608,contradict_signal,,,40,1294.6667,44321.67,53.33,44375.00,-7465.00,44375.00,earnings,earnings,SELL,200,0.051953,True,,1296,1296,1296.0000,0,2.395983,-0.051953,0.000000,-6.0000,,,,,,,,,,,,,,,0,0,0,book,False,
1775842574.509839,exit_trigger,4160,,,40,,,contradict_signal,contradict_signal,,40,1294.6667,44321.67,53.33,44375.00,-7465.00,44375.00,earnings,earnings,SELL,200,0.051953,True,,1296,1296,1296.0000,0,2.395983,-0.051953,0.000000,-6.0000,,,,,,,,,,,,,,,0,0,0,book,False,
1775842574.510479,heartbeat_forced,4160,,,,,,,,,40,1294.6667,44321.67,53.33,44375.00,-7465.00,44375.00,earnings,earnings,SELL,200,0.051953,True,,1296,1296,1296.0000,0,2.395983,-0.051953,0.000000,-6.0000,,,,,,,,,,,,,,,0,0,0,book,False,
1775842574.539112,fill,4160,C,SELL,35,1296,1775841734608,contradict_signal,,,5,1294.6667,44368.33,6.67,44375.00,37895.00,44375.00,earnings,earnings,SELL,200,0.051953,True,,1296,1296,1296.0000,0,2.395983,-0.051953,0.000000,-6.0000,,,,,,,,,,,,,,,0,0,0,book,False,
1775842575.049931,order_placed,4160,C,SELL,5,1295,1775841734609,contradict_signal,,,5,1294.6667,44368.33,1.67,44370.00,37895.00,44370.00,earnings,earnings,SELL,200,0.051953,True,,1295,1296,1295.5000,1,2.395983,-0.051953,0.000000,-6.0000,,,,,,,,,,,,,,,0,0,0,book,False,
1775842575.050739,exit_trigger,4160,,,5,,,contradict_signal,contradict_signal,,5,1294.6667,44368.33,1.67,44370.00,37895.00,44370.00,earnings,earnings,SELL,200,0.051953,True,,1295,1296,1295.5000,1,2.395983,-0.051953,0.000000,-6.0000,,,,,,,,,,,,,,,0,0,0,book,False,
1775842575.052017,heartbeat_forced,4160,,,,,,,,,5,1294.6667,44368.33,1.67,44370.00,37895.00,44370.00,earnings,earnings,SELL,200,0.051953,True,,1295,1296,1295.5000,1,2.395983,-0.051953,0.000000,-6.0000,,,,,,,,,,,,,,,0,0,0,book,False,
1775842575.077246,cancel_response,4160,C,SELL,5,1296,1775841734608,contradict_signal,,success=True error=None,5,1294.6667,44368.33,1.67,44370.00,37895.00,44370.00,earnings,earnings,SELL,200,0.051953,True,,1295,1299,1297.0000,4,2.395983,-0.051953,0.000000,-6.0000,,,,,,,,,,,,,,,0,0,0,book,False,
1775842575.078061,fill,4160,C,SELL,5,1295,1775841734609,contradict_signal,,,0,,44370.00,0.00,44370.00,44370.00,44370.00,flat,,,,,,,1295,1295,1295.0000,0,2.395983,-0.051953,0.000000,-6.0000,,,,,,,,,,,,,,,0,0,0,flat,False,
1775842578.052893,heartbeat,4160,,,,,,,,,0,,44370.00,0.00,44370.00,44370.00,44370.00,flat,,,,,,,1283,1285,1284.0000,2,2.395983,-0.051953,0.000000,-6.0000,,,,,,,,,,,,,,,0,0,0,flat,False,
1775842581.053825,heartbeat,4160,,,,,,,,,0,,44370.00,0.00,44370.00,44370.00,44370.00,flat,,,,,,,1278,1279,1278.5000,1,2.395983,-0.051953,0.000000,-6.0000,,,,,,,,,,,,,,,0,0,0,flat,False,
1775842584.053836,heartbeat,4160,,,,,,,,,0,,44370.00,0.00,44370.00,44370.00,44370.00,flat,,,,,,,1279,1283,1281.0000,4,2.395983,-0.051953,0.000000,-6.0000,,,,,,,,,,,,,,,0,0,0,flat,False,
1775842587.054945,heartbeat,4160,,,,,,,,,0,,44370.00,0.00,44370.00,44370.00,44370.00,flat,,,,,,,1280,1284,1282.0000,4,2.395983,-0.051953,0.000000,-6.0000,,,,,,,,,,,,,,,0,0,0,flat,False,
1775842590.055803,heartbeat,4160,,,,,,,,,0,,44370.00,0.00,44370.00,44370.00,44370.00,flat,,,,,,,1273,1277,1275.0000,4,2.395983,-0.051953,0.000000,-6.0000,,,,,,,,,,,,,,,0,0,0,flat,False,
1775842593.056298,heartbeat,4160,,,,,,,,,0,,44370.00,0.00,44370.00,44370.00,44370.00,flat,,,,,,,1273,1276,1274.5000,3,2.395983,-0.051953,0.000000,-6.0000,,,,,,,,,,,,,,,0,0,0,flat,False,
1775842596.057459,heartbeat,4160,,,,,,,,,0,,44370.00,0.00,44370.00,44370.00,44370.00,flat,,,,,,,1269,1272,1270.5000,3,2.395983,-0.051953,0.000000,-6.0000,,,,,,,,,,,,,,,0,0,0,flat,False,
1775842599.057620,heartbeat,4160,,,,,,,,,0,,44370.00,0.00,44370.00,44370.00,44370.00,flat,,,,,,,1273,1276,1274.5000,3,2.395983,-0.051953,0.000000,-6.0000,,,,,,,,,,,,,,,0,0,0,flat,False,
1775842602.062859,heartbeat,4160,,,,,,,,,0,,44370.00,0.00,44370.00,44370.00,44370.00,flat,,,,,,,1274,1277,1275.5000,3,2.395983,-0.051953,0.000000,-6.0000,,,,,,,,,,,,,,,0,0,0,flat,False,
1775842605.063015,heartbeat,4160,,,,,,,,,0,,44370.00,0.00,44370.00,44370.00,44370.00,flat,,,,,,,1266,1268,1267.0000,2,2.395983,-0.051953,0.000000,-6.0000,,,,,,,,,,,,,,,0,0,0,flat,False,
1775842608.250927,heartbeat,4160,,,,,,,,,0,,44370.00,0.00,44370.00,44370.00,44370.00,flat,,,,,,,1261,1264,1262.5000,3,2.395983,-0.051953,0.000000,-6.0000,,,,,,,,,,,,,,,0,0,0,flat,False,
1775842609.444888,news_ignored,4335,,,,,,,non_C_earnings,,0,,44370.00,0.00,44370.00,44370.00,44370.00,flat,,,,,,,1262,1266,1264.0000,4,2.395983,-0.051953,0.000000,-6.0000,,,,,,,structured,earnings,A,,,,,,0,0,0,flat,False,"{'timestamp': 4335, 'kind': 'structured', 'new_data': {'value': 0.6021874739743144, 'asset': 'A', 'structured_subtype': 'earnings'}}"
1775842611.254747,heartbeat,4335,,,,,,,,,0,,44370.00,0.00,44370.00,44370.00,44370.00,flat,,,,,,,1263,1265,1264.0000,2,2.395983,-0.051953,0.000000,-6.0000,,,,,,,,,,,,,,,0,0,0,flat,False,
1775842614.256737,heartbeat,4335,,,,,,,,,0,,44370.00,0.00,44370.00,44370.00,44370.00,flat,,,,,,,1269,1272,1270.5000,3,2.395983,-0.051953,0.000000,-6.0000,,,,,,,,,,,,,,,0,0,0,flat,False,
1775842617.257329,heartbeat,4335,,,,,,,,,0,,44370.00,0.00,44370.00,44370.00,44370.00,flat,,,,,,,1269,1272,1270.5000,3,2.395983,-0.051953,0.000000,-6.0000,,,,,,,,,,,,,,,0,0,0,flat,False,
1775842620.257826,heartbeat,4335,,,,,,,,,0,,44370.00,0.00,44370.00,44370.00,44370.00,flat,,,,,,,1272,1274,1273.0000,2,2.395983,-0.051953,0.000000,-6.0000,,,,,,,,,,,,,,,0,0,0,flat,False,
1775842623.257822,heartbeat,4335,,,,,,,,,0,,44370.00,0.00,44370.00,44370.00,44370.00,flat,,,,,,,1271,1275,1273.0000,4,2.395983,-0.051953,0.000000,-6.0000,,,,,,,,,,,,,,,0,0,0,flat,False,
1775842626.259089,heartbeat,4335,,,,,,,,,0,,44370.00,0.00,44370.00,44370.00,44370.00,flat,,,,,,,1272,1275,1273.5000,3,2.395983,-0.051953,0.000000,-6.0000,,,,,,,,,,,,,,,0,0,0,flat,False,
1775842629.264216,heartbeat,4335,,,,,,,,,0,,44370.00,0.00,44370.00,44370.00,44370.00,flat,,,,,,,1269,1271,1270.0000,2,2.395983,-0.051953,0.000000,-6.0000,,,,,,,,,,,,,,,0,0,0,flat,False,
1775842632.263959,heartbeat,4335,,,,,,,,,0,,44370.00,0.00,44370.00,44370.00,44370.00,flat,,,,,,,1269,1273,1271.0000,4,2.395983,-0.051953,0.000000,-6.0000,,,,,,,,,,,,,,,0,0,0,flat,False,
1775842635.263828,heartbeat,4335,,,,,,,,,0,,44370.00,0.00,44370.00,44370.00,44370.00,flat,,,,,,,1270,1274,1272.0000,4,2.395983,-0.051953,0.000000,-6.0000,,,,,,,,,,,,,,,0,0,0,flat,False,
1775842638.264188,heartbeat,4335,,,,,,,,,0,,44370.00,0.00,44370.00,44370.00,44370.00,flat,,,,,,,1267,1271,1269.0000,4,2.395983,-0.051953,0.000000,-6.0000,,,,,,,,,,,,,,,0,0,0,flat,False,
1775842640.450230,earnings_signal,4490,,BUY,200,,,,,old=2.395983 new=2.460389 delta=+0.064406,0,,44370.00,0.00,44370.00,44370.00,44370.00,flat,earnings,BUY,200,0.064406,True,,1267,1269,1268.0000,2,2.460389,0.064406,0.000000,-6.0000,,,,,,,,,,,,,,,0,0,0,flat,False,
1775842640.451681,order_placed,4490,C,BUY,40,1269,1775841734610,earnings_entry,,,0,,44370.00,0.00,44370.00,44370.00,44370.00,flat,earnings,BUY,200,0.064406,True,,1267,1269,1268.0000,2,2.460389,0.064406,0.000000,-6.0000,,,,,,,,,,,,,,,0,0,0,flat,False,
1775842640.452240,entry_decision,4490,C,BUY,40,1269,,earnings,,strength=0.064406 target=200,0,,44370.00,0.00,44370.00,44370.00,44370.00,earnings,earnings,BUY,200,0.064406,True,,1267,1269,1268.0000,2,2.460389,0.064406,0.000000,-6.0000,,,,,,,,,,,,,,,0,0,0,flat,False,
1775842640.452969,heartbeat_forced,4490,,,,,,,,,0,,44370.00,0.00,44370.00,44370.00,44370.00,earnings,earnings,BUY,200,0.064406,True,,1267,1269,1268.0000,2,2.460389,0.064406,0.000000,-6.0000,,,,,,,,,,,,,,,0,0,0,flat,False,
1775842640.654472,entry_blocked,4490,,,200,,,earnings,live_order,,0,,44370.00,0.00,44370.00,44370.00,44370.00,earnings,earnings,BUY,200,0.064406,True,,1270,1271,1270.5000,1,2.460389,0.064406,0.000000,-6.0000,,,,,,,,,,,,,,,0,0,0,flat,False,
1775842640.852056,fill,4490,C,BUY,40,1269,1775841734610,earnings_entry,,,40,1269.0000,44370.00,40.00,44410.00,-6390.00,44410.00,earnings,earnings,BUY,200,0.064406,True,,1270,1267,1268.5000,-3,2.460389,0.064406,0.000000,-6.0000,,,,,,,,,,,,,,,0,0,0,book,False,
1775842640.853947,order_placed,4490,C,BUY,40,1267,1775841734611,earnings_entry,,,40,1269.0000,44370.00,40.00,44410.00,-6390.00,44410.00,earnings,earnings,BUY,200,0.064406,True,,1270,1267,1268.5000,-3,2.460389,0.064406,0.000000,-6.0000,,,,,,,,,,,,,,,0,0,0,book,False,
1775842640.854711,entry_decision,4490,C,BUY,40,1267,,earnings,,strength=0.064406 target=200,40,1269.0000,44370.00,40.00,44410.00,-6390.00,44410.00,earnings,earnings,BUY,200,0.064406,True,,1270,1267,1268.5000,-3,2.460389,0.064406,0.000000,-6.0000,,,,,,,,,,,,,,,0,0,0,book,False,
1775842640.855338,heartbeat_forced,4490,,,,,,,,,40,1269.0000,44370.00,40.00,44410.00,-6390.00,44410.00,earnings,earnings,BUY,200,0.064406,True,,1270,1267,1268.5000,-3,2.460389,0.064406,0.000000,-6.0000,,,,,,,,,,,,,,,0,0,0,book,False,
1775842641.055341,entry_blocked,4490,,,200,,,earnings,live_order,,40,1269.0000,44370.00,200.00,44570.00,-6390.00,44570.00,earnings,earnings,BUY,200,0.064406,True,,1274,1281,1277.5000,7,2.460389,0.064406,0.000000,-6.0000,,,,,,,,,,,,,,,0,0,0,book,False,
1775842641.443625,order_placed,4490,C,SELL,40,1291,1775841734612,long_profit_1,,,40,1269.0000,44370.00,880.00,45250.00,-6390.00,45250.00,earnings,earnings,BUY,200,0.064406,True,,1291,1290,1290.5000,-1,2.460389,0.064406,0.000000,-6.0000,,,,,,,,,,,,,,,0,0,0,book,False,
1775842641.443821,exit_trigger,4490,,,40,,,long_profit_1,long_profit_1,,40,1269.0000,44370.00,880.00,45250.00,-6390.00,45250.00,earnings,earnings,BUY,200,0.064406,True,,1291,1290,1290.5000,-1,2.460389,0.064406,0.000000,-6.0000,,,,,,,,,,,,,,,0,0,0,book,False,
1775842641.444191,heartbeat_forced,4490,,,,,,,,,40,1269.0000,44370.00,880.00,45250.00,-6390.00,45250.00,earnings,earnings,BUY,200,0.064406,True,,1291,1290,1290.5000,-1,2.460389,0.064406,0.000000,-6.0000,,,,,,,,,,,,,,,0,0,0,book,False,
1775842641.473806,cancel_response,4490,C,BUY,40,1267,1775841734611,earnings_entry,,success=True error=None,40,1269.0000,44370.00,840.00,45210.00,-6390.00,45210.00,earnings,earnings,BUY,200,0.064406,True,,1290,1295,1292.5000,5,2.460389,0.064406,0.000000,-6.0000,,,,,,,,,,,,,,,0,0,0,book,False,
1775842641.655132,fill,4490,C,SELL,40,1291,1775841734612,long_profit_1,,,0,,45250.00,0.00,45250.00,45250.00,45250.00,flat,,,,,,,1294,1291,1292.5000,-3,2.460389,0.064406,0.000000,-6.0000,,,,,,,,,,,,,,,0,0,0,flat,False,
1775842644.471379,heartbeat,4490,,,,,,,,,0,,45250.00,0.00,45250.00,45250.00,45250.00,flat,,,,,,,,,,,2.460389,0.064406,0.000000,-6.0000,,,,,,,,,,,,,,,0,0,0,flat,False,
