wall_ts,event,tick,symbol,side,qty,price,order_id,tag,reason,message,pos_C,avg_C,realized_pnl,unrealized_pnl,total_pnl,cash,session_mtm,thesis,signal_thesis,signal_side,signal_target,signal_strength,signal_fresh,fair,c_bid,c_ask,c_mid,c_spread,eps,earnings_delta,cpi_surprise,cpi_bias_bp,cpi_actual,cpi_forecast,macro_score,macro_target,macro_direction,earnings_trend,news_kind,news_subtype,news_asset,rate_bp,market_rate_bp,q_hike,q_hold,q_cut,pm_pos_hike,pm_pos_hold,pm_pos_cut,mark_source,kill_switch,raw_news
1775864044.869269,startup,0,,,,,,,,C-only mode; PM read-only,0,,0.00,0.00,0.00,0.00,0.00,flat,,,,,,,,,,,2.000000,0.000000,0.000000,0.0000,,,,,,,,,,,,,,,0,0,0,flat,False,
1775864044.870858,heartbeat,0,,,,,,,,,0,,0.00,0.00,0.00,0.00,0.00,flat,,,,,,,896,900,898.0000,4,2.000000,0.000000,0.000000,0.0000,,,,,,,,,,,,,,,0,0,0,flat,False,
1775864044.871671,anchor_init,0,,,,,,,,default_eps,0,,0.00,0.00,0.00,0.00,0.00,flat,,,,,,898.0000,896,900,898.0000,4,2.000000,0.000000,0.000000,0.0000,,,,,,,,,,4.7577,4.7577,0.307193,0.575924,0.116883,0,0,0,flat,False,
1775864046.804175,news_ignored,2550,,,,,,,non_signal_news,petition new_signatures=0 cumulative=0,0,,0.00,0.00,0.00,0.00,0.00,flat,,,,,,898.0789,899,903,901.0000,4,2.000000,0.000000,0.000000,0.0000,,,,,,,structured,petition,,4.6750,4.6750,0.303000,0.581000,0.116000,0,0,0,flat,False,"{'timestamp': 2550, 'kind': 'structured', 'new_data': {'new_signatures': 0, 'cumulative': 0, 'asset': '', 'structured_subtype': 'petition'}}"
1775864047.908559,heartbeat,2550,,,,,,,,,0,,0.00,0.00,0.00,0.00,0.00,flat,,,,,,897.5069,901,905,903.0000,4,2.000000,0.000000,0.000000,0.0000,,,,,,,,,,5.2750,5.2750,0.319000,0.573000,0.108000,0,0,0,flat,False,
1775864050.928001,heartbeat,2550,,,,,,,,,0,,0.00,0.00,0.00,0.00,0.00,flat,,,,,,899.0315,900,904,902.0000,4,2.000000,0.000000,0.000000,0.0000,,,,,,,,,,3.6768,3.6768,0.277639,0.591796,0.130565,0,0,0,flat,False,
1775864053.947843,heartbeat,2550,,,,,,,,,0,,0.00,0.00,0.00,0.00,0.00,flat,,,,,,898.4009,903,908,905.5000,5,2.000000,0.000000,0.000000,0.0000,,,,,,,,,,4.3375,4.3375,0.292500,0.588500,0.119000,0,0,0,flat,False,
1775864056.968429,heartbeat,2550,,,,,,,,,0,,0.00,0.00,0.00,0.00,0.00,flat,,,,,,898.7701,900,904,902.0000,4,2.000000,0.000000,0.000000,0.0000,,,,,,,,,,3.9507,3.9507,0.280825,0.596376,0.122798,0,0,0,flat,False,
1775864059.988428,heartbeat,2550,,,,,,,,,0,,0.00,0.00,0.00,0.00,0.00,flat,,,,,,896.5782,896,900,898.0000,4,2.000000,0.000000,0.000000,0.0000,,,,,,,,,,6.2500,6.2500,0.341000,0.568000,0.091000,0,0,0,flat,False,
1775864063.009792,heartbeat,2550,,,,,,,,,0,,0.00,0.00,0.00,0.00,0.00,flat,,,,,,896.9296,895,899,897.0000,4,2.000000,0.000000,0.000000,0.0000,,,,,,,,,,5.8809,5.8809,0.331331,0.572573,0.096096,0,0,0,flat,False,
1775864063.036634,cpi_eval,2631,,,0,,,,no_actual_forecast,no actual/forecast; score=+0.00 headline=Fed keeps options open as inflation and growth signals conflict.,0,,0.00,0.00,0.00,0.00,0.00,flat,,,,,,897.0077,895,899,897.0000,4,2.000000,0.000000,0.000000,0.0000,,,0.0000,0,,+0.000000,unstructured,,,5.7989,5.7989,0.329517,0.572922,0.097561,0,0,0,flat,False,"{'timestamp': 2631, 'kind': 'unstructured', 'new_data': {'content': 'Fed keeps options open as inflation and growth signals conflict.'}}"
1775864063.036879,macro_eval,2631,,,0,,,,below_threshold,score=+0.00 headline=Fed keeps options open as inflation and growth signals conflict.,0,,0.00,0.00,0.00,0.00,0.00,flat,,,,,,897.0077,895,899,897.0000,4,2.000000,0.000000,0.000000,0.0000,,,0.0000,0,,+0.000000,unstructured,,,5.7989,5.7989,0.329517,0.572922,0.097561,0,0,0,flat,False,"{'timestamp': 2631, 'kind': 'unstructured', 'new_data': {'content': 'Fed keeps options open as inflation and growth signals conflict.'}}"
1775864063.037130,news_ignored,2631,,,,,,,weak_macro_news,score=+0.00 headline=Fed keeps options open as inflation and growth signals conflict.,0,,0.00,0.00,0.00,0.00,0.00,flat,,,,,,897.0077,895,899,897.0000,4,2.000000,0.000000,0.000000,0.0000,,,0.0000,0,,+0.000000,unstructured,,,5.7989,5.7989,0.329517,0.572922,0.097561,0,0,0,flat,False,"{'timestamp': 2631, 'kind': 'unstructured', 'new_data': {'content': 'Fed keeps options open as inflation and growth signals conflict.'}}"
1775864066.009599,heartbeat,2631,,,,,,,,,0,,0.00,0.00,0.00,0.00,0.00,flat,,,,,,900.1347,911,913,912.0000,2,2.000000,0.000000,0.000000,0.0000,,,,,,,,,,2.5224,2.5224,0.245527,0.609841,0.144632,0,0,0,flat,False,
1775864069.009789,heartbeat,2631,,,,,,,,,0,,0.00,0.00,0.00,0.00,0.00,flat,,,,,,901.4043,912,916,914.0000,4,2.000000,0.000000,0.000000,0.0000,,,,,,,,,,1.1958,1.1958,0.214748,0.618336,0.166916,0,0,0,flat,False,
1775864072.010076,heartbeat,2631,,,,,,,,,0,,0.00,0.00,0.00,0.00,0.00,flat,,,,,,901.9037,916,918,917.0000,2,2.000000,0.000000,0.000000,0.0000,,,,,,,,,,0.6747,0.6747,0.200900,0.625187,0.173913,0,0,0,flat,False,
1775864074.812975,anchor_init,2690,,,,,,,,real_earnings,0,,0.00,0.00,0.00,0.00,0.00,flat,,,,,,915.5000,915,916,915.5000,1,1.880365,0.000000,0.000000,0.0000,,,,,,,,,,2.1625,2.1625,0.232000,0.622500,0.145500,0,0,0,flat,False,
1775864074.813384,earnings_baseline,2690,,,,,,,,eps=1.880365,0,,0.00,0.00,0.00,0.00,0.00,flat,,,,,,915.5000,915,916,915.5000,1,1.880365,0.000000,0.000000,0.0000,,,,,,,,,,2.1625,2.1625,0.232000,0.622500,0.145500,0,0,0,flat,False,
1775864075.010161,heartbeat,2690,,,,,,,,,0,,0.00,0.00,0.00,0.00,0.00,flat,,,,,,915.5760,914,916,915.0000,2,1.880365,0.000000,0.000000,0.0000,,,,,,,,,,2.0844,2.0844,0.230654,0.622067,0.147279,0,0,0,flat,False,
1775864077.834389,startup,2690,,,,,,,,C-only mode; PM read-only,0,,0.00,0.00,0.00,0.00,0.00,flat,,,,,,916.2904,922,927,924.5000,5,1.880365,0.000000,0.000000,0.0000,,,,,,,,,,1.3500,1.3500,0.212500,0.629000,0.158500,0,0,0,flat,False,
1775864078.010353,heartbeat,2690,,,,,,,,,0,,0.00,0.00,0.00,0.00,0.00,flat,,,,,,916.1816,922,924,923.0000,2,1.880365,0.000000,0.000000,0.0000,,,,,,,,,,1.4618,1.4618,0.214893,0.628686,0.156422,0,0,0,flat,False,
1775864081.010566,heartbeat,2690,,,,,,,,,0,,0.00,0.00,0.00,0.00,0.00,flat,,,,,,915.4138,920,911,915.5000,-9,1.880365,0.000000,0.000000,0.0000,,,,,,,,,,2.2511,2.2511,0.231616,0.626813,0.141571,0,0,0,flat,False,
1775864084.011008,heartbeat,2690,,,,,,,,,0,,0.00,0.00,0.00,0.00,0.00,flat,,,,,,913.6244,908,912,910.0000,4,1.880365,0.000000,0.000000,0.0000,,,,,,,,,,4.0939,4.0939,0.275587,0.612581,0.111832,0,0,0,flat,False,
1775864086.012148,macro_eval,2746,,BUY,160,,,,candidate,score=-8.50 headline=Officials hint that the next move is more likely a cut than a hike.,0,,0.00,0.00,0.00,0.00,0.00,flat,,,,,,914.6010,909,914,911.5000,5,1.880365,0.000000,0.000000,0.0000,,,-8.5000,160,BUY,+0.000000,unstructured,,,3.0876,3.0876,0.250000,0.623506,0.126494,0,0,0,flat,False,"{'timestamp': 2746, 'kind': 'unstructured', 'new_data': {'content': 'Officials hint that the next move is more likely a cut than a hike.'}}"
1775864086.012651,macro_signal,2746,,BUY,80,,,,flat_macro_cap,score=-8.50 flat_cap=True headline=Officials hint that the next move is more likely a cut than a hike.,0,,0.00,0.00,0.00,0.00,0.00,flat,macro,BUY,80,8.500000,True,922.4085,909,914,911.5000,5,1.880365,0.000000,0.000000,-8.0000,,,-8.5000,80,BUY,+0.000000,,,,-4.9124,3.0876,0.250000,0.623506,0.126494,0,0,0,flat,False,"{'timestamp': 2746, 'kind': 'unstructured', 'new_data': {'content': 'Officials hint that the next move is more likely a cut than a hike.'}}"
1775864086.013856,order_placed,2746,C,BUY,40,914,1775864044691,macro_entry,,,0,,0.00,0.00,0.00,0.00,0.00,flat,macro,BUY,80,8.500000,True,922.4085,909,914,911.5000,5,1.880365,0.000000,0.000000,-8.0000,,,,,,,,,,-4.9124,3.0876,0.250000,0.623506,0.126494,0,0,0,flat,False,
1775864086.014238,entry_decision,2746,C,BUY,40,914,,macro,,strength=8.500000 target=80,0,,0.00,0.00,0.00,0.00,0.00,macro,macro,BUY,80,8.500000,True,922.4085,909,914,911.5000,5,1.880365,0.000000,0.000000,-8.0000,,,,,,,,,,-4.9124,3.0876,0.250000,0.623506,0.126494,0,0,0,flat,False,
1775864086.014593,heartbeat_forced,2746,,,,,,,,,0,,0.00,0.00,0.00,0.00,0.00,macro,macro,BUY,80,8.500000,True,922.4085,909,914,911.5000,5,1.880365,0.000000,0.000000,-8.0000,,,,,,,,,,-4.9124,3.0876,0.250000,0.623506,0.126494,0,0,0,flat,False,
1775864086.214742,entry_blocked,2746,,,80,,,macro,live_order,,0,,0.00,0.00,0.00,0.00,0.00,macro,macro,BUY,80,8.500000,True,923.1761,919,920,919.5000,1,1.880365,0.000000,0.000000,-8.0000,,,,,,,,,,-5.6947,2.3053,0.222336,0.647541,0.130123,0,0,0,flat,False,
1775864086.606363,order_placed,2746,C,BUY,40,925,1775864044692,macro_entry,,,0,,0.00,0.00,0.00,0.00,0.00,macro,macro,BUY,80,8.500000,True,924.3848,921,925,923.0000,4,1.880365,0.000000,0.000000,-8.0000,,,,,,,,,,-6.9250,1.0750,0.203000,0.637000,0.160000,0,0,0,flat,False,
1775864086.606780,entry_decision,2746,C,BUY,40,925,,macro,,strength=8.500000 target=80,0,,0.00,0.00,0.00,0.00,0.00,macro,macro,BUY,80,8.500000,True,924.3848,921,925,923.0000,4,1.880365,0.000000,0.000000,-8.0000,,,,,,,,,,-6.9250,1.0750,0.203000,0.637000,0.160000,0,0,0,flat,False,
1775864086.607127,heartbeat_forced,2746,,,,,,,,,0,,0.00,0.00,0.00,0.00,0.00,macro,macro,BUY,80,8.500000,True,924.3848,921,925,923.0000,4,1.880365,0.000000,0.000000,-8.0000,,,,,,,,,,-6.9250,1.0750,0.203000,0.637000,0.160000,0,0,0,flat,False,
1775864086.636812,cancel_response,2746,C,BUY,40,914,1775864044691,macro_entry,,success=True error=None,0,,0.00,0.00,0.00,0.00,0.00,macro,macro,BUY,80,8.500000,True,924.5941,920,924,922.0000,4,1.880365,0.000000,0.000000,-8.0000,,,,,,,,,,-7.1379,0.8621,0.198401,0.637681,0.163918,0,0,0,flat,False,
1775864086.637564,fill,2746,C,BUY,40,924,1775864044692,macro_entry,,,40,924.0000,0.00,40.00,40.00,-36960.00,40.00,macro,macro,BUY,80,8.500000,True,924.5941,925,924,924.5000,-1,1.880365,0.000000,0.000000,-8.0000,,,,,,,,,,-7.1379,0.8621,0.198401,0.637681,0.163918,0,0,0,book,False,
1775864087.006651,order_placed,2746,C,BUY,40,923,1775864044693,macro_entry,,,40,924.0000,0.00,-200.00,-200.00,-36960.00,-200.00,macro,macro,BUY,80,8.500000,True,924.4959,919,923,921.0000,4,1.880365,0.000000,0.000000,-8.0000,,,,,,,,,,-7.0380,0.9620,0.200400,0.637681,0.161919,0,0,0,book,False,
1775864087.007363,entry_decision,2746,C,BUY,40,923,,macro,,strength=8.500000 target=80,40,924.0000,0.00,-200.00,-200.00,-36960.00,-200.00,macro,macro,BUY,80,8.500000,True,924.4959,919,923,921.0000,4,1.880365,0.000000,0.000000,-8.0000,,,,,,,,,,-7.0380,0.9620,0.200400,0.637681,0.161919,0,0,0,book,False,
1775864087.008010,heartbeat_forced,2746,,,,,,,,,40,924.0000,0.00,-200.00,-200.00,-36960.00,-200.00,macro,macro,BUY,80,8.500000,True,924.4959,919,923,921.0000,4,1.880365,0.000000,0.000000,-8.0000,,,,,,,,,,-7.0380,0.9620,0.200400,0.637681,0.161919,0,0,0,book,False,
1775864087.208425,fill,2746,C,BUY,40,923,1775864044693,macro_entry,,,80,923.5000,0.00,-40.00,-40.00,-73880.00,-40.00,macro,macro,BUY,80,8.500000,True,924.3228,923,923,923.0000,0,1.880365,0.000000,0.000000,-8.0000,,,,,,,,,,-6.8619,1.1381,0.204102,0.637319,0.158579,0,0,0,book,False,
1775864088.649937,order_placed,2746,C,SELL,40,917,1775864044694,gap_compress,,,80,923.5000,0.00,-520.00,-520.00,-73880.00,-520.00,macro,macro,BUY,80,8.500000,True,922.9703,917,921,919.0000,4,1.880365,0.000000,0.000000,-8.0000,,,,,,,,,,-5.4850,2.5150,0.235235,0.630130,0.134635,0,0,0,book,False,
1775864088.650144,exit_trigger,2746,,,40,,,gap_compress,gap_compress,,80,923.5000,0.00,-520.00,-520.00,-73880.00,-520.00,macro,macro,BUY,80,8.500000,True,922.9703,917,921,919.0000,4,1.880365,0.000000,0.000000,-8.0000,,,,,,,,,,-5.4850,2.5150,0.235235,0.630130,0.134635,0,0,0,book,False,
1775864088.650345,heartbeat_forced,2746,,,,,,,,,80,923.5000,0.00,-520.00,-520.00,-73880.00,-520.00,macro,macro,BUY,80,8.500000,True,922.9703,917,921,919.0000,4,1.880365,0.000000,0.000000,-8.0000,,,,,,,,,,-5.4850,2.5150,0.235235,0.630130,0.134635,0,0,0,book,False,
1775864088.680867,fill,2746,C,SELL,40,917,1775864044694,gap_compress,,,40,923.5000,-260.00,-260.00,-520.00,-37200.00,-520.00,macro,macro,BUY,80,8.500000,True,922.9703,917,917,917.0000,0,1.880365,0.000000,0.000000,-8.0000,,,,,,,,,,-5.4850,2.5150,0.235235,0.630130,0.134635,0,0,0,book,False,
1775864088.681761,order_placed,2746,C,SELL,40,917,1775864044695,gap_compress,,,40,923.5000,-260.00,-260.00,-520.00,-37200.00,-520.00,macro,macro,BUY,80,8.500000,True,922.9703,917,921,919.0000,4,1.880365,0.000000,0.000000,-8.0000,,,,,,,,,,-5.4850,2.5150,0.235235,0.630130,0.134635,0,0,0,book,False,
1775864088.681955,exit_trigger,2746,,,40,,,gap_compress,gap_compress,,40,923.5000,-260.00,-260.00,-520.00,-37200.00,-520.00,macro,macro,BUY,80,8.500000,True,922.9703,917,921,919.0000,4,1.880365,0.000000,0.000000,-8.0000,,,,,,,,,,-5.4850,2.5150,0.235235,0.630130,0.134635,0,0,0,book,False,
1775864088.682176,heartbeat_forced,2746,,,,,,,,,40,923.5000,-260.00,-260.00,-520.00,-37200.00,-520.00,macro,macro,BUY,80,8.500000,True,922.9703,917,921,919.0000,4,1.880365,0.000000,0.000000,-8.0000,,,,,,,,,,-5.4850,2.5150,0.235235,0.630130,0.134635,0,0,0,book,False,
1775864088.714255,fill,2746,C,SELL,23,917,1775864044695,gap_compress,,,17,923.5000,-409.50,-110.50,-520.00,-16109.00,-520.00,macro,macro,BUY,80,8.500000,True,922.9703,917,917,917.0000,0,1.880365,0.000000,0.000000,-8.0000,,,,,,,,,,-5.4850,2.5150,0.235235,0.630130,0.134635,0,0,0,book,False,
1775864089.009371,fill,2746,C,SELL,17,917,1775864044695,gap_compress,,,0,,-520.00,0.00,-520.00,-520.00,-520.00,flat,,,,,,922.8269,917,917,917.0000,0,1.880365,0.000000,0.000000,-8.0000,,,,,,,,,,-5.3388,2.6612,0.238881,0.628686,0.132434,0,0,0,flat,False,
1775864091.808595,heartbeat,2746,,,,,,,,,0,,-520.00,0.00,-520.00,-520.00,-520.00,flat,,,,,,923.7346,918,922,920.0000,4,1.880365,0.000000,0.000000,-8.0000,,,,,,,,,,-6.2634,1.7366,0.214393,0.640680,0.144928,0,0,0,flat,False,
1775864094.810530,heartbeat,2746,,,,,,,,,0,,-520.00,0.00,-520.00,-520.00,-520.00,flat,,,,,,914.5845,913,917,915.0000,4,1.880365,0.000000,0.000000,-8.0000,,,,,,,,,,3.1047,3.1047,0.244867,0.634452,0.120681,0,0,0,flat,False,
1775864096.814226,news_ignored,2800,,,,,,,non_signal_news,petition new_signatures=0 cumulative=0,0,,-520.00,0.00,-520.00,-520.00,-520.00,flat,,,,,,914.6116,914,919,916.5000,5,1.880365,0.000000,0.000000,-8.0000,,,,,,,structured,petition,,3.0767,3.0767,0.244145,0.634778,0.121076,0,0,0,flat,False,"{'timestamp': 2800, 'kind': 'structured', 'new_data': {'new_signatures': 0, 'cumulative': 0, 'asset': '', 'structured_subtype': 'petition'}}"
1775864097.810751,heartbeat,2800,,,,,,,,,0,,-520.00,0.00,-520.00,-520.00,-520.00,flat,,,,,,911.8595,904,908,906.0000,4,1.880365,0.000000,0.000000,-8.0000,,,,,,,,,,5.9155,5.9155,0.320160,0.596298,0.083542,0,0,0,flat,False,
1775864098.818590,earnings_signal,2810,,SELL,200,,,,,old=1.880365 new=1.822923 delta=-0.057442,0,,-520.00,0.00,-520.00,-520.00,-520.00,flat,earnings,SELL,200,0.057442,True,891.6332,893,894,893.5000,1,1.822923,-0.057442,0.000000,-8.0000,,,,,,,,,,6.1153,6.1153,0.324311,0.595990,0.079699,0,0,0,flat,False,
1775864098.819424,order_placed,2810,C,SELL,40,893,1775864044696,earnings_entry,,,0,,-520.00,0.00,-520.00,-520.00,-520.00,flat,earnings,SELL,200,0.057442,True,891.6332,893,894,893.5000,1,1.822923,-0.057442,0.000000,-8.0000,,,,,,,,,,6.1153,6.1153,0.324311,0.595990,0.079699,0,0,0,flat,False,
1775864098.819801,entry_decision,2810,C,SELL,40,893,,earnings,,strength=0.057442 target=200,0,,-520.00,0.00,-520.00,-520.00,-520.00,earnings,earnings,SELL,200,0.057442,True,891.6332,893,894,893.5000,1,1.822923,-0.057442,0.000000,-8.0000,,,,,,,,,,6.1153,6.1153,0.324311,0.595990,0.079699,0,0,0,flat,False,
1775864098.820161,heartbeat_forced,2810,,,,,,,,,0,,-520.00,0.00,-520.00,-520.00,-520.00,earnings,earnings,SELL,200,0.057442,True,891.6332,893,894,893.5000,1,1.822923,-0.057442,0.000000,-8.0000,,,,,,,,,,6.1153,6.1153,0.324311,0.595990,0.079699,0,0,0,flat,False,
1775864098.849568,fill,2810,C,SELL,40,899,1775864044696,earnings_entry,,,-40,899.0000,-520.00,240.00,-280.00,35440.00,-280.00,earnings,earnings,SELL,200,0.057442,True,891.5004,899,893,896.0000,-6,1.822923,-0.057442,0.000000,-8.0000,,,,,,,,,,6.2563,6.2563,0.328829,0.592593,0.078579,0,0,0,book,False,
1775864099.116206,order_placed,2810,C,SELL,40,900,1775864044697,earnings_entry,,,-40,899.0000,-520.00,-200.00,-720.00,35440.00,-720.00,earnings,earnings,SELL,200,0.057442,True,891.2444,900,904,902.0000,4,1.822923,-0.057442,0.000000,-8.0000,,,,,,,,,,6.5283,6.5283,0.335668,0.589795,0.074537,0,0,0,book,False,
1775864099.116777,entry_decision,2810,C,SELL,40,900,,earnings,,strength=0.057442 target=200,-40,899.0000,-520.00,-200.00,-720.00,35440.00,-720.00,earnings,earnings,SELL,200,0.057442,True,891.2444,900,904,902.0000,4,1.822923,-0.057442,0.000000,-8.0000,,,,,,,,,,6.5283,6.5283,0.335668,0.589795,0.074537,0,0,0,book,False,
1775864099.117358,heartbeat_forced,2810,,,,,,,,,-40,899.0000,-520.00,-200.00,-720.00,35440.00,-720.00,earnings,earnings,SELL,200,0.057442,True,891.2444,900,904,902.0000,4,1.822923,-0.057442,0.000000,-8.0000,,,,,,,,,,6.5283,6.5283,0.335668,0.589795,0.074537,0,0,0,book,False,
1775864099.149394,fill,2810,C,SELL,40,900,1775864044697,earnings_entry,,,-80,899.5000,-520.00,-40.00,-560.00,71440.00,-560.00,earnings,earnings,SELL,200,0.057442,True,891.2444,900,900,900.0000,0,1.822923,-0.057442,0.000000,-8.0000,,,,,,,,,,6.5283,6.5283,0.335668,0.589795,0.074537,0,0,0,book,False,
1775864099.412490,order_placed,2810,C,SELL,40,900,1775864044698,earnings_entry,,,-80,899.5000,-520.00,-360.00,-880.00,71440.00,-880.00,earnings,earnings,SELL,200,0.057442,True,891.0656,900,904,902.0000,4,1.822923,-0.057442,0.000000,-8.0000,,,,,,,,,,6.7183,6.7183,0.340160,0.588412,0.071429,0,0,0,book,False,
1775864099.413275,entry_decision,2810,C,SELL,40,900,,earnings,,strength=0.057442 target=200,-80,899.5000,-520.00,-360.00,-880.00,71440.00,-880.00,earnings,earnings,SELL,200,0.057442,True,891.0656,900,904,902.0000,4,1.822923,-0.057442,0.000000,-8.0000,,,,,,,,,,6.7183,6.7183,0.340160,0.588412,0.071429,0,0,0,book,False,
1775864099.414052,heartbeat_forced,2810,,,,,,,,,-80,899.5000,-520.00,-360.00,-880.00,71440.00,-880.00,earnings,earnings,SELL,200,0.057442,True,891.0656,900,904,902.0000,4,1.822923,-0.057442,0.000000,-8.0000,,,,,,,,,,6.7183,6.7183,0.340160,0.588412,0.071429,0,0,0,book,False,
1775864099.607248,fill,2810,C,SELL,40,900,1775864044698,earnings_entry,,,-120,899.6667,-520.00,-40.00,-560.00,107440.00,-560.00,earnings,earnings,SELL,200,0.057442,True,891.1534,901,900,900.5000,-1,1.822923,-0.057442,0.000000,-8.0000,,,,,,,,,,6.6250,6.6250,0.337500,0.590000,0.072500,0,0,0,book,False,
1775864099.723060,order_placed,2810,C,SELL,40,901,1775864044699,earnings_entry,,,-120,899.6667,-520.00,-640.00,-1160.00,107440.00,-1160.00,earnings,earnings,SELL,200,0.057442,True,891.2035,901,905,903.0000,4,1.822923,-0.057442,0.000000,-8.0000,,,,,,,,,,6.5717,6.5717,0.335832,0.591204,0.072964,0,0,0,book,False,
1775864099.723499,entry_decision,2810,C,SELL,40,901,,earnings,,strength=0.057442 target=200,-120,899.6667,-520.00,-640.00,-1160.00,107440.00,-1160.00,earnings,earnings,SELL,200,0.057442,True,891.2035,901,905,903.0000,4,1.822923,-0.057442,0.000000,-8.0000,,,,,,,,,,6.5717,6.5717,0.335832,0.591204,0.072964,0,0,0,book,False,
1775864099.723899,heartbeat_forced,2810,,,,,,,,,-120,899.6667,-520.00,-640.00,-1160.00,107440.00,-1160.00,earnings,earnings,SELL,200,0.057442,True,891.2035,901,905,903.0000,4,1.822923,-0.057442,0.000000,-8.0000,,,,,,,,,,6.5717,6.5717,0.335832,0.591204,0.072964,0,0,0,book,False,
1775864099.756363,fill,2810,C,SELL,23,901,1775864044699,earnings_entry,,,-143,899.8811,-520.00,-160.00,-680.00,128163.00,-680.00,earnings,earnings,SELL,200,0.057442,True,891.2035,901,901,901.0000,0,1.822923,-0.057442,0.000000,-8.0000,,,,,,,,,,6.5717,6.5717,0.335832,0.591204,0.072964,0,0,0,book,False,
1775864099.926112,entry_blocked,2810,,,200,,,earnings,live_order,,-143,899.8811,-520.00,-160.00,-680.00,128163.00,-680.00,earnings,earnings,SELL,200,0.057442,True,891.3829,900,901,900.5000,1,1.822923,-0.057442,0.000000,-8.0000,,,,,,,,,,6.3811,6.3811,0.330669,0.593906,0.075425,0,0,0,book,False,
1775864100.091560,fill,2810,C,SELL,17,901,1775864044699,earnings_entry,,,-160,900.0000,-520.00,-160.00,-680.00,143480.00,-680.00,earnings,earnings,SELL,200,0.057442,True,891.3829,902,901,901.5000,-1,1.822923,-0.057442,0.000000,-8.0000,,,,,,,,,,6.3811,6.3811,0.330669,0.593906,0.075425,0,0,0,book,False,
1775864100.092667,order_placed,2810,C,SELL,40,902,1775864044700,earnings_entry,,,-160,900.0000,-520.00,-160.00,-680.00,143480.00,-680.00,earnings,earnings,SELL,200,0.057442,True,891.3829,902,901,901.5000,-1,1.822923,-0.057442,0.000000,-8.0000,,,,,,,,,,6.3811,6.3811,0.330669,0.593906,0.075425,0,0,0,book,False,
1775864100.093083,entry_decision,2810,C,SELL,40,902,,earnings,,strength=0.057442 target=200,-160,900.0000,-520.00,-160.00,-680.00,143480.00,-680.00,earnings,earnings,SELL,200,0.057442,True,891.3829,902,901,901.5000,-1,1.822923,-0.057442,0.000000,-8.0000,,,,,,,,,,6.3811,6.3811,0.330669,0.593906,0.075425,0,0,0,book,False,
1775864100.093501,heartbeat_forced,2810,,,,,,,,,-160,900.0000,-520.00,-160.00,-680.00,143480.00,-680.00,earnings,earnings,SELL,200,0.057442,True,891.3829,902,901,901.5000,-1,1.822923,-0.057442,0.000000,-8.0000,,,,,,,,,,6.3811,6.3811,0.330669,0.593906,0.075425,0,0,0,book,False,
1775864100.124161,fill,2810,C,SELL,40,902,1775864044700,earnings_entry,,,-200,900.4000,-520.00,-320.00,-840.00,179560.00,-840.00,earnings,earnings,SELL,200,0.057442,True,891.4034,902,902,902.0000,0,1.822923,-0.057442,0.000000,-8.0000,,,,,,,,,,6.3593,6.3593,0.329335,0.595702,0.074963,0,0,0,book,False,
1775864101.617456,order_placed,2810,C,BUY,40,887,1775864044701,short_profit_1,,,-200,900.4000,-520.00,2680.00,2160.00,179560.00,2160.00,earnings,earnings,SELL,200,0.057442,True,890.5637,889,887,888.0000,-2,1.822923,-0.057442,0.000000,-8.0000,,,,,,,,,,7.2520,7.2520,0.355210,0.579659,0.065130,0,0,0,book,False,
1775864101.617892,exit_trigger,2810,,,40,,,short_profit_1,short_profit_1,,-200,900.4000,-520.00,2680.00,2160.00,179560.00,2160.00,earnings,earnings,SELL,200,0.057442,True,890.5637,889,887,888.0000,-2,1.822923,-0.057442,0.000000,-8.0000,,,,,,,,,,7.2520,7.2520,0.355210,0.579659,0.065130,0,0,0,book,False,
1775864101.618434,heartbeat_forced,2810,,,,,,,,,-200,900.4000,-520.00,2680.00,2160.00,179560.00,2160.00,earnings,earnings,SELL,200,0.057442,True,890.5637,889,887,888.0000,-2,1.822923,-0.057442,0.000000,-8.0000,,,,,,,,,,7.2520,7.2520,0.355210,0.579659,0.065130,0,0,0,book,False,
1775864102.058398,fill,2810,C,BUY,40,887,1775864044701,short_profit_1,,,-160,900.4000,16.00,2464.00,2480.00,144080.00,2480.00,earnings,earnings,SELL,200,0.057442,True,890.4556,887,885,886.0000,-2,1.822923,-0.057442,0.000000,-8.0000,,,,,,,,,,7.3670,7.3670,0.359438,0.575803,0.064759,0,0,0,book,False,
1775864104.618877,heartbeat,2810,,,,,,,,,-160,900.4000,16.00,4704.00,4720.00,144080.00,4720.00,earnings,earnings,SELL,200,0.057442,True,888.3267,870,871,870.5000,1,1.822923,-0.057442,0.000000,-8.0000,,,,,,,,,,9.6346,9.6346,0.429429,0.526527,0.044044,0,0,0,book,False,
1775864104.815450,order_placed,2810,C,BUY,40,868,1775864044702,short_profit_2,,,-160,900.4000,16.00,5184.00,5200.00,144080.00,5200.00,earnings,earnings,SELL,200,0.057442,True,888.3430,867,868,867.5000,1,1.822923,-0.057442,0.000000,-8.0000,,,,,,,,,,9.6173,9.6173,0.429215,0.526263,0.044522,0,0,0,book,False,
1775864104.815854,exit_trigger,2810,,,40,,,short_profit_2,short_profit_2,,-160,900.4000,16.00,5184.00,5200.00,144080.00,5200.00,earnings,earnings,SELL,200,0.057442,True,888.3430,867,868,867.5000,1,1.822923,-0.057442,0.000000,-8.0000,,,,,,,,,,9.6173,9.6173,0.429215,0.526263,0.044522,0,0,0,book,False,
1775864104.816258,heartbeat_forced,2810,,,,,,,,,-160,900.4000,16.00,5184.00,5200.00,144080.00,5200.00,earnings,earnings,SELL,200,0.057442,True,888.3430,867,868,867.5000,1,1.822923,-0.057442,0.000000,-8.0000,,,,,,,,,,9.6173,9.6173,0.429215,0.526263,0.044522,0,0,0,book,False,
1775864104.846648,fill,2810,C,BUY,40,868,1775864044702,short_profit_2,,,-120,900.4000,1312.00,3888.00,5200.00,109360.00,5200.00,earnings,earnings,SELL,200,0.057442,True,888.3592,868,868,868.0000,0,1.822923,-0.057442,0.000000,-8.0000,,,,,,,,,,9.6000,9.6000,0.429000,0.526000,0.045000,0,0,0,book,False,
1775864107.816450,heartbeat,2810,,,,,,,,,-120,900.4000,1312.00,3768.00,5080.00,109360.00,5080.00,earnings,earnings,SELL,200,0.057442,True,888.0734,865,869,867.0000,4,1.822923,-0.057442,0.000000,-8.0000,,,,,,,,,,9.9050,9.9050,0.436718,0.522761,0.040520,0,0,0,book,False,
1775864110.816948,heartbeat,2810,,,,,,,,,-120,900.4000,1312.00,4008.00,5320.00,109360.00,5320.00,earnings,earnings,SELL,200,0.057442,True,887.7852,865,867,866.0000,2,1.822923,-0.057442,0.000000,-8.0000,,,,,,,,,,10.2125,10.2125,0.446000,0.516500,0.037500,0,0,0,book,False,
1775864111.409658,macro_eval,2873,,,0,,,,below_threshold,score=+0.00 headline=Bond markets drift as traders find no actionable signal from the Fed.,-120,900.4000,1312.00,4008.00,5320.00,109360.00,5320.00,earnings,earnings,SELL,200,0.057442,True,887.5529,862,867,864.5000,5,1.822923,-0.057442,0.000000,-8.0000,,,0.0000,0,,-0.057442,unstructured,,,10.4605,10.4605,0.453453,0.511512,0.035035,0,0,0,book,False,"{'timestamp': 2873, 'kind': 'unstructured', 'new_data': {'content': 'Bond markets drift as traders find no actionable signal from the Fed.'}}"
1775864111.410216,news_ignored,2873,,,,,,,weak_macro_news,score=+0.00 headline=Bond markets drift as traders find no actionable signal from the Fed.,-120,900.4000,1312.00,4008.00,5320.00,109360.00,5320.00,earnings,earnings,SELL,200,0.057442,True,887.5529,862,867,864.5000,5,1.822923,-0.057442,0.000000,-8.0000,,,0.0000,0,,-0.057442,unstructured,,,10.4605,10.4605,0.453453,0.511512,0.035035,0,0,0,book,False,"{'timestamp': 2873, 'kind': 'unstructured', 'new_data': {'content': 'Bond markets drift as traders find no actionable signal from the Fed.'}}"
1775864113.816726,heartbeat,2873,,,,,,,,,-120,900.4000,1312.00,3768.00,5080.00,109360.00,5080.00,earnings,earnings,SELL,200,0.057442,True,887.7253,866,869,867.5000,3,1.822923,-0.057442,0.000000,-8.0000,,,,,,,,,,10.2764,10.2764,0.447236,0.516583,0.036181,0,0,0,book,False,
1775864116.816782,heartbeat,2873,,,,,,,,,-120,900.4000,1312.00,4488.00,5800.00,109360.00,5800.00,earnings,earnings,SELL,200,0.057442,True,886.5575,859,863,861.0000,4,1.822923,-0.057442,0.000000,-8.0000,,,,,,,,,,11.5240,11.5240,0.488989,0.482983,0.028028,0,0,0,book,False,
1775864119.818154,heartbeat,2873,,,,,,,,,-120,900.4000,1312.00,4608.00,5920.00,109360.00,5920.00,earnings,earnings,SELL,200,0.057442,False,886.1663,858,862,860.0000,4,1.822923,-0.057442,0.000000,-8.0000,,,,,,,,,,11.9424,11.9424,0.501754,0.474185,0.024060,0,0,0,book,False,
1775864122.818387,heartbeat,2873,,,,,,,,,-120,900.4000,1312.00,4968.00,6280.00,109360.00,6280.00,earnings,earnings,SELL,200,0.057442,False,884.6345,855,859,857.0000,4,1.822923,-0.057442,0.000000,-8.0000,,,,,,,,,,13.5826,13.5826,0.562437,0.418429,0.019134,0,0,0,book,False,
1775864125.819719,heartbeat,2873,,,,,,,,,-120,900.4000,1312.00,4128.00,5440.00,109360.00,5440.00,earnings,earnings,SELL,200,0.057442,False,887.0506,861,866,863.5000,5,1.822923,-0.057442,0.000000,-8.0000,,,,,,,,,,10.9970,10.9970,0.468938,0.502004,0.029058,0,0,0,book,False,
1775864128.819863,heartbeat,2873,,,,,,,,,-120,900.4000,1312.00,4488.00,5800.00,109360.00,5800.00,earnings,earnings,SELL,200,0.057442,False,886.6863,861,863,862.0000,2,1.822923,-0.057442,0.000000,-8.0000,,,,,,,,,,11.3864,11.3864,0.482482,0.490490,0.027027,0,0,0,book,False,
1775864131.820112,heartbeat,2873,,,,,,,,,-120,900.4000,1312.00,4608.00,5920.00,109360.00,5920.00,earnings,earnings,SELL,200,0.057442,False,886.2761,858,862,860.0000,4,1.822923,-0.057442,0.000000,-8.0000,,,,,,,,,,11.8250,11.8250,0.497000,0.479000,0.024000,0,0,0,book,False,
1775864134.235677,order_placed,2873,C,BUY,40,873,1775864044703,profit_trail,,,-120,900.4000,1312.00,3288.00,4600.00,109360.00,4600.00,earnings,earnings,SELL,200,0.057442,False,889.0509,870,873,871.5000,3,1.822923,-0.057442,0.000000,-8.0000,,,,,,,,,,8.8625,8.8625,0.396500,0.561500,0.042000,0,0,0,book,False,
1775864134.235956,exit_trigger,2873,,,40,,,profit_trail,profit_trail,,-120,900.4000,1312.00,3288.00,4600.00,109360.00,4600.00,earnings,earnings,SELL,200,0.057442,False,889.0509,870,873,871.5000,3,1.822923,-0.057442,0.000000,-8.0000,,,,,,,,,,8.8625,8.8625,0.396500,0.561500,0.042000,0,0,0,book,False,
1775864134.236275,heartbeat_forced,2873,,,,,,,,,-120,900.4000,1312.00,3288.00,4600.00,109360.00,4600.00,earnings,earnings,SELL,200,0.057442,False,889.0509,870,873,871.5000,3,1.822923,-0.057442,0.000000,-8.0000,,,,,,,,,,8.8625,8.8625,0.396500,0.561500,0.042000,0,0,0,book,False,
1775864134.409317,fill,2873,C,BUY,40,873,1775864044703,profit_trail,,,-80,900.4000,2408.00,2272.00,4680.00,74440.00,4680.00,earnings,earnings,SELL,200,0.057442,False,889.0509,873,872,872.5000,-1,1.822923,-0.057442,0.000000,-8.0000,,,,,,,,,,8.8625,8.8625,0.396500,0.561500,0.042000,0,0,0,book,False,
1775864134.636882,order_placed,2873,C,BUY,40,873,1775864044704,profit_trail,,,-80,900.4000,2408.00,2192.00,4600.00,74440.00,4600.00,earnings,earnings,SELL,200,0.057442,False,889.0116,869,873,871.0000,4,1.822923,-0.057442,0.000000,-8.0000,,,,,,,,,,8.9045,8.9045,0.396698,0.562781,0.040520,0,0,0,book,False,
1775864134.637129,exit_trigger,2873,,,40,,,profit_trail,profit_trail,,-80,900.4000,2408.00,2192.00,4600.00,74440.00,4600.00,earnings,earnings,SELL,200,0.057442,False,889.0116,869,873,871.0000,4,1.822923,-0.057442,0.000000,-8.0000,,,,,,,,,,8.9045,8.9045,0.396698,0.562781,0.040520,0,0,0,book,False,
1775864134.637442,heartbeat_forced,2873,,,,,,,,,-80,900.4000,2408.00,2192.00,4600.00,74440.00,4600.00,earnings,earnings,SELL,200,0.057442,False,889.0116,869,873,871.0000,4,1.822923,-0.057442,0.000000,-8.0000,,,,,,,,,,8.9045,8.9045,0.396698,0.562781,0.040520,0,0,0,book,False,
1775864134.668029,fill,2873,C,BUY,40,873,1775864044704,profit_trail,,,-40,900.4000,3504.00,1096.00,4600.00,39520.00,4600.00,earnings,earnings,SELL,200,0.057442,False,889.0116,873,873,873.0000,0,1.822923,-0.057442,0.000000,-8.0000,,,,,,,,,,8.9045,8.9045,0.396698,0.562781,0.040520,0,0,0,book,False,
1775864134.668563,order_placed,2873,C,BUY,40,873,1775864044705,profit_trail,,,-40,900.4000,3504.00,1096.00,4600.00,39520.00,4600.00,earnings,earnings,SELL,200,0.057442,False,889.0116,873,873,873.0000,0,1.822923,-0.057442,0.000000,-8.0000,,,,,,,,,,8.9045,8.9045,0.396698,0.562781,0.040520,0,0,0,book,False,
1775864134.668788,exit_trigger,2873,,,40,,,profit_trail,profit_trail,,-40,900.4000,3504.00,1096.00,4600.00,39520.00,4600.00,earnings,earnings,SELL,200,0.057442,False,889.0116,873,873,873.0000,0,1.822923,-0.057442,0.000000,-8.0000,,,,,,,,,,8.9045,8.9045,0.396698,0.562781,0.040520,0,0,0,book,False,
1775864134.669106,heartbeat_forced,2873,,,,,,,,,-40,900.4000,3504.00,1096.00,4600.00,39520.00,4600.00,earnings,earnings,SELL,200,0.057442,False,889.0116,873,873,873.0000,0,1.822923,-0.057442,0.000000,-8.0000,,,,,,,,,,8.9045,8.9045,0.396698,0.562781,0.040520,0,0,0,book,False,
1775864134.698165,fill,2873,C,BUY,23,873,1775864044705,profit_trail,,,-17,900.4000,4134.20,465.80,4600.00,19441.00,4600.00,earnings,earnings,SELL,200,0.057442,False,889.0116,873,873,873.0000,0,1.822923,-0.057442,0.000000,-8.0000,,,,,,,,,,8.9045,8.9045,0.396698,0.562781,0.040520,0,0,0,book,False,
1775864134.811257,fill,2873,C,BUY,17,873,1775864044705,profit_trail,,,0,,4600.00,0.00,4600.00,4600.00,4600.00,flat,,,,,,888.9655,873,873,873.0000,0,1.822923,-0.057442,0.000000,-8.0000,,,,,,,,,,8.9535,8.9535,0.398102,0.561938,0.039960,0,0,0,flat,False,
1775864136.809232,news_ignored,3000,,,,,,,non_signal_news,petition new_signatures=0 cumulative=0,0,,4600.00,0.00,4600.00,4600.00,4600.00,flat,,,,,,889.0744,868,872,870.0000,4,1.822923,-0.057442,0.000000,-8.0000,,,,,,,structured,petition,,8.8375,8.8375,0.393500,0.566500,0.040000,0,0,0,flat,False,"{'timestamp': 3000, 'kind': 'structured', 'new_data': {'new_signatures': 0, 'cumulative': 0, 'asset': '', 'structured_subtype': 'petition'}}"
1775864137.687298,heartbeat,3000,,,,,,,,,0,,4600.00,0.00,4600.00,4600.00,4600.00,flat,,,,,,888.7710,872,876,874.0000,4,1.822923,-0.057442,0.000000,-8.0000,,,,,,,,,,9.1609,9.1609,0.405164,0.556107,0.038729,0,0,0,flat,False,
1775864140.708890,heartbeat,3000,,,,,,,,,0,,4600.00,0.00,4600.00,4600.00,4600.00,flat,,,,,,890.9973,882,886,884.0000,4,1.822923,-0.057442,0.000000,-8.0000,,,,,,,,,,6.7909,6.7909,0.326663,0.618309,0.055028,0,0,0,flat,False,
1775864143.732803,heartbeat,3000,,,,,,,,,0,,4600.00,0.00,4600.00,4600.00,4600.00,flat,,,,,,889.8058,874,878,876.0000,4,1.822923,-0.057442,0.000000,-8.0000,,,,,,,,,,8.0585,8.0585,0.366817,0.588706,0.044478,0,0,0,flat,False,
1775864146.757370,heartbeat,3000,,,,,,,,,0,,4600.00,0.00,4600.00,4600.00,4600.00,flat,,,,,,890.8647,876,881,878.5000,5,1.822923,-0.057442,0.000000,-8.0000,,,,,,,,,,6.9319,6.9319,0.328829,0.619620,0.051552,0,0,0,flat,False,
1775864149.781910,heartbeat,3000,,,,,,,,,0,,4600.00,0.00,4600.00,4600.00,4600.00,flat,,,,,,891.7036,877,881,879.0000,4,1.822923,-0.057442,0.000000,-8.0000,,,,,,,,,,6.0405,6.0405,0.302151,0.637319,0.060530,0,0,0,flat,False,
1775864152.807375,heartbeat,3000,,,,,,,,,0,,4600.00,0.00,4600.00,4600.00,4600.00,flat,,,,,,891.0027,872,876,874.0000,4,1.822923,-0.057442,0.000000,-8.0000,,,,,,,,,,6.7852,6.7852,0.321983,0.627441,0.050576,0,0,0,flat,False,
1775864153.012376,macro_eval,3081,,,0,,,,below_threshold,score=+0.00 headline=Officials emphasize balanced risks amid mixed economic indicators.,0,,4600.00,0.00,4600.00,4600.00,4600.00,flat,,,,,,890.8882,873,877,875.0000,4,1.822923,-0.057442,0.000000,-8.0000,,,0.0000,0,,-0.057442,unstructured,,,6.9069,6.9069,0.324324,0.627628,0.048048,0,0,0,flat,False,"{'timestamp': 3081, 'kind': 'unstructured', 'new_data': {'content': 'Officials emphasize balanced risks amid mixed economic indicators.'}}"
1775864153.012961,news_ignored,3081,,,,,,,weak_macro_news,score=+0.00 headline=Officials emphasize balanced risks amid mixed economic indicators.,0,,4600.00,0.00,4600.00,4600.00,4600.00,flat,,,,,,890.8882,873,877,875.0000,4,1.822923,-0.057442,0.000000,-8.0000,,,0.0000,0,,-0.057442,unstructured,,,6.9069,6.9069,0.324324,0.627628,0.048048,0,0,0,flat,False,"{'timestamp': 3081, 'kind': 'unstructured', 'new_data': {'content': 'Officials emphasize balanced risks amid mixed economic indicators.'}}"
1775864155.807313,heartbeat,3081,,,,,,,,,0,,4600.00,0.00,4600.00,4600.00,4600.00,flat,,,,,,890.7771,870,873,871.5000,3,1.822923,-0.057442,0.000000,-8.0000,,,,,,,,,,7.0250,7.0250,0.328000,0.625000,0.047000,0,0,0,flat,False,
1775864158.408527,macro_eval,3108,,,0,,,,below_threshold,score=+0.00 headline=A loses key distribution partnership unexpectedly.,0,,4600.00,0.00,4600.00,4600.00,4600.00,flat,,,,,,892.4910,875,879,877.0000,4,1.822923,-0.057442,0.000000,-8.0000,,,0.0000,0,,-0.057442,unstructured,,,5.2047,5.2047,0.274588,0.659011,0.066400,0,0,0,flat,False,"{'timestamp': 3108, 'kind': 'unstructured', 'new_data': {'content': 'A loses key distribution partnership unexpectedly.'}}"
1775864158.409174,news_ignored,3108,,,,,,,weak_macro_news,score=+0.00 headline=A loses key distribution partnership unexpectedly.,0,,4600.00,0.00,4600.00,4600.00,4600.00,flat,,,,,,892.4910,875,879,877.0000,4,1.822923,-0.057442,0.000000,-8.0000,,,0.0000,0,,-0.057442,unstructured,,,5.2047,5.2047,0.274588,0.659011,0.066400,0,0,0,flat,False,"{'timestamp': 3108, 'kind': 'unstructured', 'new_data': {'content': 'A loses key distribution partnership unexpectedly.'}}"
1775864158.807852,heartbeat,3108,,,,,,,,,0,,4600.00,0.00,4600.00,4600.00,4600.00,flat,,,,,,892.8136,878,882,880.0000,4,1.822923,-0.057442,0.000000,-8.0000,,,,,,,,,,4.8625,4.8625,0.261500,0.671500,0.067000,0,0,0,flat,False,
1775864161.807282,heartbeat,3108,,,,,,,,,0,,4600.00,0.00,4600.00,4600.00,4600.00,flat,,,,,,893.5645,878,883,880.5000,5,1.822923,-0.057442,0.000000,-8.0000,,,,,,,,,,4.0666,4.0666,0.238238,0.686186,0.075576,0,0,0,flat,False,
1775864164.808341,heartbeat,3108,,,,,,,,,0,,4600.00,0.00,4600.00,4600.00,4600.00,flat,,,,,,895.5213,883,887,885.0000,4,1.822923,-0.057442,0.000000,-8.0000,,,,,,,,,,1.9960,1.9960,0.184132,0.711577,0.104291,0,0,0,flat,False,
1775864164.811518,earnings_signal,3140,,SELL,120,,,,,old=1.822923 new=1.805212 delta=-0.017711,0,,4600.00,0.00,4600.00,4600.00,4600.00,flat,earnings,SELL,120,0.017711,True,889.3115,883,886,884.5000,3,1.805212,-0.017711,0.000000,-8.0000,,,,,,,,,,1.9960,1.9960,0.184132,0.711577,0.104291,0,0,0,flat,False,
1775864164.812178,order_placed,3140,C,SELL,40,883,1775864044706,earnings_entry,,,0,,4600.00,0.00,4600.00,4600.00,4600.00,flat,earnings,SELL,120,0.017711,True,889.3115,883,886,884.5000,3,1.805212,-0.017711,0.000000,-8.0000,,,,,,,,,,1.9960,1.9960,0.184132,0.711577,0.104291,0,0,0,flat,False,
1775864164.812569,entry_decision,3140,C,SELL,40,883,,earnings,,strength=0.017711 target=120,0,,4600.00,0.00,4600.00,4600.00,4600.00,earnings,earnings,SELL,120,0.017711,True,889.3115,883,886,884.5000,3,1.805212,-0.017711,0.000000,-8.0000,,,,,,,,,,1.9960,1.9960,0.184132,0.711577,0.104291,0,0,0,flat,False,
1775864164.813181,heartbeat_forced,3140,,,,,,,,,0,,4600.00,0.00,4600.00,4600.00,4600.00,earnings,earnings,SELL,120,0.017711,True,889.3115,883,886,884.5000,3,1.805212,-0.017711,0.000000,-8.0000,,,,,,,,,,1.9960,1.9960,0.184132,0.711577,0.104291,0,0,0,flat,False,
1775864165.012209,fill,3140,C,SELL,40,883,1775864044706,earnings_entry,,,-40,883.0000,4600.00,0.00,4600.00,39920.00,4600.00,earnings,earnings,SELL,120,0.017711,True,889.2471,884,883,883.5000,-1,1.805212,-0.017711,0.000000,-8.0000,,,,,,,,,,2.0646,2.0646,0.185686,0.711211,0.103103,0,0,0,book,False,
1775864165.205879,order_placed,3140,C,SELL,40,884,1775864044707,earnings_entry,,,-40,883.0000,4600.00,-200.00,4400.00,39920.00,4400.00,earnings,earnings,SELL,120,0.017711,True,889.2159,884,888,886.0000,4,1.805212,-0.017711,0.000000,-8.0000,,,,,,,,,,2.0979,2.0979,0.186813,0.710290,0.102897,0,0,0,book,False,
1775864165.206293,entry_decision,3140,C,SELL,40,884,,earnings,,strength=0.017711 target=120,-40,883.0000,4600.00,-200.00,4400.00,39920.00,4400.00,earnings,earnings,SELL,120,0.017711,True,889.2159,884,888,886.0000,4,1.805212,-0.017711,0.000000,-8.0000,,,,,,,,,,2.0979,2.0979,0.186813,0.710290,0.102897,0,0,0,book,False,
1775864165.206924,heartbeat_forced,3140,,,,,,,,,-40,883.0000,4600.00,-200.00,4400.00,39920.00,4400.00,earnings,earnings,SELL,120,0.017711,True,889.2159,884,888,886.0000,4,1.805212,-0.017711,0.000000,-8.0000,,,,,,,,,,2.0979,2.0979,0.186813,0.710290,0.102897,0,0,0,book,False,
1775864165.241922,fill,3140,C,SELL,40,885,1775864044707,earnings_entry,,,-80,884.0000,4600.00,0.00,4600.00,75320.00,4600.00,earnings,earnings,SELL,120,0.017711,True,889.1211,885,884,884.5000,-1,1.805212,-0.017711,0.000000,-8.0000,,,,,,,,,,2.1989,2.1989,0.188406,0.711144,0.100450,0,0,0,book,False,
1775864165.607865,order_placed,3140,C,SELL,40,882,1775864044708,earnings_entry,,,-80,884.0000,4600.00,-160.00,4440.00,75320.00,4440.00,earnings,earnings,SELL,120,0.017711,True,889.1308,882,886,884.0000,4,1.805212,-0.017711,0.000000,-8.0000,,,,,,,,,,2.1886,2.1886,0.187594,0.712356,0.100050,0,0,0,book,False,
1775864165.608223,entry_decision,3140,C,SELL,40,882,,earnings,,strength=0.017711 target=120,-80,884.0000,4600.00,-160.00,4440.00,75320.00,4440.00,earnings,earnings,SELL,120,0.017711,True,889.1308,882,886,884.0000,4,1.805212,-0.017711,0.000000,-8.0000,,,,,,,,,,2.1886,2.1886,0.187594,0.712356,0.100050,0,0,0,book,False,
1775864165.608580,heartbeat_forced,3140,,,,,,,,,-80,884.0000,4600.00,-160.00,4440.00,75320.00,4440.00,earnings,earnings,SELL,120,0.017711,True,889.1308,882,886,884.0000,4,1.805212,-0.017711,0.000000,-8.0000,,,,,,,,,,2.1886,2.1886,0.187594,0.712356,0.100050,0,0,0,book,False,
1775864165.639041,fill,3140,C,SELL,40,883,1775864044708,earnings_entry,,,-120,883.6667,4600.00,200.00,4800.00,110640.00,4800.00,earnings,earnings,SELL,120,0.017711,True,889.0476,883,882,882.5000,-1,1.805212,-0.017711,0.000000,-8.0000,,,,,,,,,,2.2773,2.2773,0.189690,0.711712,0.098599,0,0,0,book,False,
1775864168.609412,heartbeat,3140,,,,,,,,,-120,883.6667,4600.00,80.00,4680.00,110640.00,4680.00,earnings,earnings,SELL,120,0.017711,True,888.9743,879,883,881.0000,4,1.805212,-0.017711,0.000000,-8.0000,,,,,,,,,,2.3554,2.3554,0.191426,0.711366,0.097208,0,0,0,book,False,
1775864171.619121,heartbeat,3140,,,,,,,,,-120,883.6667,4600.00,-280.00,4320.00,110640.00,4320.00,earnings,earnings,SELL,120,0.017711,True,890.4461,882,886,884.0000,4,1.805212,-0.017711,0.000000,-8.0000,,,,,,,,,,0.7875,0.7875,0.152500,0.726500,0.121000,0,0,0,book,False,
1775864173.611122,order_placed,3140,C,BUY,40,876,1775864044709,short_profit_1,,,-120,883.6667,4600.00,920.00,5520.00,110640.00,5520.00,earnings,earnings,SELL,120,0.017711,True,888.3893,873,876,874.5000,3,1.805212,-0.017711,0.000000,-8.0000,,,,,,,,,,2.9795,2.9795,0.203305,0.712569,0.084126,0,0,0,book,False,
1775864173.611604,exit_trigger,3140,,,40,,,short_profit_1,short_profit_1,,-120,883.6667,4600.00,920.00,5520.00,110640.00,5520.00,earnings,earnings,SELL,120,0.017711,True,888.3893,873,876,874.5000,3,1.805212,-0.017711,0.000000,-8.0000,,,,,,,,,,2.9795,2.9795,0.203305,0.712569,0.084126,0,0,0,book,False,
1775864173.612297,heartbeat_forced,3140,,,,,,,,,-120,883.6667,4600.00,920.00,5520.00,110640.00,5520.00,earnings,earnings,SELL,120,0.017711,True,888.3893,873,876,874.5000,3,1.805212,-0.017711,0.000000,-8.0000,,,,,,,,,,2.9795,2.9795,0.203305,0.712569,0.084126,0,0,0,book,False,
1775864173.640480,fill,3140,C,BUY,40,876,1775864044709,short_profit_1,,,-80,883.6667,4906.67,613.33,5520.00,75600.00,5520.00,earnings,earnings,SELL,120,0.017711,True,887.9352,876,876,876.0000,0,1.805212,-0.017711,0.000000,-8.0000,,,,,,,,,,3.4642,3.4642,0.216108,0.706353,0.077539,0,0,0,book,False,
1775864176.007288,macro_eval,3196,,,0,,,,below_threshold,score=+0.00 headline=Press conference raises more questions than answers on the rate trajectory.,-80,883.6667,4906.67,933.33,5840.00,75600.00,5840.00,earnings,earnings,SELL,120,0.017711,True,886.9541,868,872,870.0000,4,1.805212,-0.017711,0.000000,-8.0000,,,0.0000,0,,-0.075153,unstructured,,,4.5125,4.5125,0.243500,0.693500,0.063000,0,0,0,book,False,"{'timestamp': 3196, 'kind': 'unstructured', 'new_data': {'content': 'Press conference raises more questions than answers on the rate trajectory.'}}"
1775864176.007603,news_ignored,3196,,,,,,,weak_macro_news,score=+0.00 headline=Press conference raises more questions than answers on the rate trajectory.,-80,883.6667,4906.67,933.33,5840.00,75600.00,5840.00,earnings,earnings,SELL,120,0.017711,True,886.9541,868,872,870.0000,4,1.805212,-0.017711,0.000000,-8.0000,,,0.0000,0,,-0.075153,unstructured,,,4.5125,4.5125,0.243500,0.693500,0.063000,0,0,0,book,False,"{'timestamp': 3196, 'kind': 'unstructured', 'new_data': {'content': 'Press conference raises more questions than answers on the rate trajectory.'}}"
1775864176.616842,heartbeat,3196,,,,,,,,,-80,883.6667,4906.67,773.33,5680.00,75600.00,5680.00,earnings,earnings,SELL,120,0.017711,True,886.8956,870,874,872.0000,4,1.805212,-0.017711,0.000000,-8.0000,,,,,,,,,,4.5750,4.5750,0.245000,0.693000,0.062000,0,0,0,book,False,
1775864177.619939,order_placed,3196,C,BUY,40,868,1775864044710,short_profit_2,,,-80,883.6667,4906.67,1253.33,6160.00,75600.00,6160.00,earnings,earnings,SELL,120,0.017711,True,886.5684,866,868,867.0000,2,1.805212,-0.017711,0.000000,-8.0000,,,,,,,,,,4.9250,4.9250,0.253000,0.691000,0.056000,0,0,0,book,False,
1775864177.620264,exit_trigger,3196,,,40,,,short_profit_2,short_profit_2,,-80,883.6667,4906.67,1253.33,6160.00,75600.00,6160.00,earnings,earnings,SELL,120,0.017711,True,886.5684,866,868,867.0000,2,1.805212,-0.017711,0.000000,-8.0000,,,,,,,,,,4.9250,4.9250,0.253000,0.691000,0.056000,0,0,0,book,False,
1775864177.620721,heartbeat_forced,3196,,,,,,,,,-80,883.6667,4906.67,1253.33,6160.00,75600.00,6160.00,earnings,earnings,SELL,120,0.017711,True,886.5684,866,868,867.0000,2,1.805212,-0.017711,0.000000,-8.0000,,,,,,,,,,4.9250,4.9250,0.253000,0.691000,0.056000,0,0,0,book,False,
1775864177.651032,fill,3196,C,BUY,40,868,1775864044710,short_profit_2,,,-40,883.6667,5533.33,626.67,6160.00,40880.00,6160.00,earnings,earnings,SELL,120,0.017711,True,886.5684,868,868,868.0000,0,1.805212,-0.017711,0.000000,-8.0000,,,,,,,,,,4.9250,4.9250,0.253000,0.691000,0.056000,0,0,0,book,False,
1775864179.640218,order_placed,3196,C,BUY,40,875,1775864044711,profit_trail,,,-40,883.6667,5533.33,346.67,5880.00,40880.00,5880.00,earnings,earnings,SELL,120,0.017711,True,888.5783,873,875,874.0000,2,1.805212,-0.017711,0.000000,-8.0000,,,,,,,,,,2.7778,2.7778,0.193193,0.724725,0.082082,0,0,0,book,False,
1775864179.640363,exit_trigger,3196,,,40,,,profit_trail,profit_trail,,-40,883.6667,5533.33,346.67,5880.00,40880.00,5880.00,earnings,earnings,SELL,120,0.017711,True,888.5783,873,875,874.0000,2,1.805212,-0.017711,0.000000,-8.0000,,,,,,,,,,2.7778,2.7778,0.193193,0.724725,0.082082,0,0,0,book,False,
1775864179.640568,heartbeat_forced,3196,,,,,,,,,-40,883.6667,5533.33,346.67,5880.00,40880.00,5880.00,earnings,earnings,SELL,120,0.017711,True,888.5783,873,875,874.0000,2,1.805212,-0.017711,0.000000,-8.0000,,,,,,,,,,2.7778,2.7778,0.193193,0.724725,0.082082,0,0,0,book,False,
1775864180.127884,order_placed,3196,C,BUY,40,876,1775864044712,profit_trail,,,-40,883.6667,5533.33,306.67,5840.00,40880.00,5840.00,earnings,earnings,SELL,120,0.017711,True,888.7919,875,876,875.5000,1,1.805212,-0.017711,0.000000,-8.0000,,,,,,,,,,2.5500,2.5500,0.187000,0.728000,0.085000,0,0,0,book,False,
1775864180.128333,exit_trigger,3196,,,40,,,profit_trail,profit_trail,,-40,883.6667,5533.33,306.67,5840.00,40880.00,5840.00,earnings,earnings,SELL,120,0.017711,True,888.7919,875,876,875.5000,1,1.805212,-0.017711,0.000000,-8.0000,,,,,,,,,,2.5500,2.5500,0.187000,0.728000,0.085000,0,0,0,book,False,
1775864180.128986,heartbeat_forced,3196,,,,,,,,,-40,883.6667,5533.33,306.67,5840.00,40880.00,5840.00,earnings,earnings,SELL,120,0.017711,True,888.7919,875,876,875.5000,1,1.805212,-0.017711,0.000000,-8.0000,,,,,,,,,,2.5500,2.5500,0.187000,0.728000,0.085000,0,0,0,book,False,
1775864180.160429,cancel_response,3196,C,BUY,40,875,1775864044711,profit_trail,,success=True error=None,-40,883.6667,5533.33,306.67,5840.00,40880.00,5840.00,earnings,earnings,SELL,120,0.017711,True,888.7919,872,876,874.0000,4,1.805212,-0.017711,0.000000,-8.0000,,,,,,,,,,2.5500,2.5500,0.187000,0.728000,0.085000,0,0,0,book,False,
1775864180.161978,fill,3196,C,BUY,40,876,1775864044712,profit_trail,,,0,,5840.00,0.00,5840.00,5840.00,5840.00,flat,,,,,,888.7919,876,876,876.0000,0,1.805212,-0.017711,0.000000,-8.0000,,,,,,,,,,2.5500,2.5500,0.187000,0.728000,0.085000,0,0,0,flat,False,
1775864183.150500,heartbeat,3196,,,,,,,,,0,,5840.00,0.00,5840.00,5840.00,5840.00,flat,,,,,,891.0688,879,883,881.0000,4,1.805212,-0.017711,0.000000,-8.0000,,,,,,,,,,0.1251,0.1251,0.131066,0.742871,0.126063,0,0,0,flat,False,
1775864186.168588,heartbeat,3196,,,,,,,,,0,,5840.00,0.00,5840.00,5840.00,5840.00,flat,,,,,,891.5276,874,878,876.0000,4,1.805212,-0.017711,0.000000,-8.0000,,,,,,,,,,-0.3627,-0.3627,0.119060,0.747374,0.133567,0,0,0,flat,False,
1775864186.814654,news_ignored,3250,,,,,,,non_signal_news,petition new_signatures=0 cumulative=0,0,,5840.00,0.00,5840.00,5840.00,5840.00,flat,,,,,,890.8341,874,888,881.0000,14,1.805212,-0.017711,0.000000,-8.0000,,,,,,,structured,petition,,0.3746,0.3746,0.134366,0.746254,0.119381,0,0,0,flat,False,"{'timestamp': 3250, 'kind': 'structured', 'new_data': {'new_signatures': 0, 'cumulative': 0, 'asset': '', 'structured_subtype': 'petition'}}"
1775864188.803987,earnings_signal,3260,,SELL,120,,,,,old=1.805212 new=1.780367 delta=-0.024845,0,,5840.00,0.00,5840.00,5840.00,5840.00,flat,earnings,SELL,120,0.024845,True,884.1225,885,889,887.0000,4,1.780367,-0.024845,0.000000,-8.0000,,,,,,,,,,-1.7955,-1.7955,0.093267,0.741646,0.165087,0,0,0,flat,False,
1775864188.805311,order_placed,3260,C,SELL,40,885,1775864044713,earnings_entry,,,0,,5840.00,0.00,5840.00,5840.00,5840.00,flat,earnings,SELL,120,0.024845,True,884.1225,885,889,887.0000,4,1.780367,-0.024845,0.000000,-8.0000,,,,,,,,,,-1.7955,-1.7955,0.093267,0.741646,0.165087,0,0,0,flat,False,
1775864188.805839,entry_decision,3260,C,SELL,40,885,,earnings,,strength=0.024845 target=120,0,,5840.00,0.00,5840.00,5840.00,5840.00,earnings,earnings,SELL,120,0.024845,True,884.1225,885,889,887.0000,4,1.780367,-0.024845,0.000000,-8.0000,,,,,,,,,,-1.7955,-1.7955,0.093267,0.741646,0.165087,0,0,0,flat,False,
1775864188.806257,heartbeat_forced,3260,,,,,,,,,0,,5840.00,0.00,5840.00,5840.00,5840.00,earnings,earnings,SELL,120,0.024845,True,884.1225,885,889,887.0000,4,1.780367,-0.024845,0.000000,-8.0000,,,,,,,,,,-1.7955,-1.7955,0.093267,0.741646,0.165087,0,0,0,flat,False,
1775864189.006467,entry_blocked,3260,,,120,,,earnings,live_order,,0,,5840.00,0.00,5840.00,5840.00,5840.00,earnings,earnings,SELL,120,0.024845,True,883.8759,881,885,883.0000,4,1.780367,-0.024845,0.000000,-8.0000,,,,,,,,,,-1.5306,-1.5306,0.097561,0.743654,0.158785,0,0,0,flat,False,
1775864189.391223,order_placed,3260,C,SELL,40,882,1775864044714,earnings_entry,,,0,,5840.00,0.00,5840.00,5840.00,5840.00,earnings,earnings,SELL,120,0.024845,True,883.4685,882,885,883.5000,3,1.780367,-0.024845,0.000000,-8.0000,,,,,,,,,,-1.0929,-1.0929,0.105315,0.745653,0.149031,0,0,0,flat,False,
1775864189.391832,entry_decision,3260,C,SELL,40,882,,earnings,,strength=0.024845 target=120,0,,5840.00,0.00,5840.00,5840.00,5840.00,earnings,earnings,SELL,120,0.024845,True,883.4685,882,885,883.5000,3,1.780367,-0.024845,0.000000,-8.0000,,,,,,,,,,-1.0929,-1.0929,0.105315,0.745653,0.149031,0,0,0,flat,False,
1775864189.392253,heartbeat_forced,3260,,,,,,,,,0,,5840.00,0.00,5840.00,5840.00,5840.00,earnings,earnings,SELL,120,0.024845,True,883.4685,882,885,883.5000,3,1.780367,-0.024845,0.000000,-8.0000,,,,,,,,,,-1.0929,-1.0929,0.105315,0.745653,0.149031,0,0,0,flat,False,
1775864189.434777,cancel_response,3260,C,SELL,40,885,1775864044713,earnings_entry,,success=True error=None,0,,5840.00,0.00,5840.00,5840.00,5840.00,earnings,earnings,SELL,120,0.024845,True,882.8588,878,883,880.5000,5,1.780367,-0.024845,0.000000,-8.0000,,,,,,,,,,-0.4373,-0.4373,0.115442,0.751624,0.132934,0,0,0,flat,False,
1775864189.997538,order_placed,3260,C,SELL,40,878,1775864044715,earnings_entry,,,0,,5840.00,0.00,5840.00,5840.00,5840.00,earnings,earnings,SELL,120,0.024845,True,882.6498,878,882,880.0000,4,1.780367,-0.024845,0.000000,-8.0000,,,,,,,,,,-0.2124,-0.2124,0.119440,0.752624,0.127936,0,0,0,flat,False,
1775864189.997938,entry_decision,3260,C,SELL,40,878,,earnings,,strength=0.024845 target=120,0,,5840.00,0.00,5840.00,5840.00,5840.00,earnings,earnings,SELL,120,0.024845,True,882.6498,878,882,880.0000,4,1.780367,-0.024845,0.000000,-8.0000,,,,,,,,,,-0.2124,-0.2124,0.119440,0.752624,0.127936,0,0,0,flat,False,
1775864189.998378,heartbeat_forced,3260,,,,,,,,,0,,5840.00,0.00,5840.00,5840.00,5840.00,earnings,earnings,SELL,120,0.024845,True,882.6498,878,882,880.0000,4,1.780367,-0.024845,0.000000,-8.0000,,,,,,,,,,-0.2124,-0.2124,0.119440,0.752624,0.127936,0,0,0,flat,False,
1775864190.030320,cancel_response,3260,C,SELL,40,882,1775864044714,earnings_entry,,success=True error=None,0,,5840.00,0.00,5840.00,5840.00,5840.00,earnings,earnings,SELL,120,0.024845,True,882.6032,875,879,877.0000,4,1.780367,-0.024845,0.000000,-8.0000,,,,,,,,,,-0.1623,-0.1623,0.119880,0.753746,0.126374,0,0,0,flat,False,
1775864190.204373,fill,3260,C,SELL,40,878,1775864044715,earnings_entry,,,-40,878.0000,5840.00,0.00,5840.00,40960.00,5840.00,earnings,earnings,SELL,120,0.024845,True,882.6032,880,878,879.0000,-2,1.780367,-0.024845,0.000000,-8.0000,,,,,,,,,,-0.1623,-0.1623,0.119880,0.753746,0.126374,0,0,0,book,False,
1775864190.402381,order_placed,3260,C,SELL,40,879,1775864044716,earnings_entry,,,-40,878.0000,5840.00,-240.00,5600.00,40960.00,5600.00,earnings,earnings,SELL,120,0.024845,True,882.5685,879,884,881.5000,5,1.780367,-0.024845,0.000000,-8.0000,,,,,,,,,,-0.1250,-0.1250,0.120000,0.755000,0.125000,0,0,0,book,False,
1775864190.402710,entry_decision,3260,C,SELL,40,879,,earnings,,strength=0.024845 target=120,-40,878.0000,5840.00,-240.00,5600.00,40960.00,5600.00,earnings,earnings,SELL,120,0.024845,True,882.5685,879,884,881.5000,5,1.780367,-0.024845,0.000000,-8.0000,,,,,,,,,,-0.1250,-0.1250,0.120000,0.755000,0.125000,0,0,0,book,False,
1775864190.403485,heartbeat_forced,3260,,,,,,,,,-40,878.0000,5840.00,-240.00,5600.00,40960.00,5600.00,earnings,earnings,SELL,120,0.024845,True,882.5685,879,884,881.5000,5,1.780367,-0.024845,0.000000,-8.0000,,,,,,,,,,-0.1250,-0.1250,0.120000,0.755000,0.125000,0,0,0,book,False,
1775864190.605584,entry_blocked,3260,,,120,,,earnings,live_order,,-40,878.0000,5840.00,-40.00,5800.00,40960.00,5800.00,earnings,earnings,SELL,120,0.024845,True,882.5452,878,879,878.5000,1,1.780367,-0.024845,0.000000,-8.0000,,,,,,,,,,-0.0999,-0.0999,0.120879,0.754246,0.124875,0,0,0,book,False,
1775864191.005505,order_placed,3260,C,SELL,40,874,1775864044717,earnings_entry,,,-40,878.0000,5840.00,0.00,5840.00,40960.00,5840.00,earnings,earnings,SELL,120,0.024845,True,882.4989,874,878,876.0000,4,1.780367,-0.024845,0.000000,-8.0000,,,,,,,,,,-0.0500,-0.0500,0.121061,0.755878,0.123062,0,0,0,book,False,
1775864191.006143,entry_decision,3260,C,SELL,40,874,,earnings,,strength=0.024845 target=120,-40,878.0000,5840.00,0.00,5840.00,40960.00,5840.00,earnings,earnings,SELL,120,0.024845,True,882.4989,874,878,876.0000,4,1.780367,-0.024845,0.000000,-8.0000,,,,,,,,,,-0.0500,-0.0500,0.121061,0.755878,0.123062,0,0,0,book,False,
1775864191.006903,heartbeat_forced,3260,,,,,,,,,-40,878.0000,5840.00,0.00,5840.00,40960.00,5840.00,earnings,earnings,SELL,120,0.024845,True,882.4989,874,878,876.0000,4,1.780367,-0.024845,0.000000,-8.0000,,,,,,,,,,-0.0500,-0.0500,0.121061,0.755878,0.123062,0,0,0,book,False,
1775864191.038459,cancel_response,3260,C,SELL,40,879,1775864044716,earnings_entry,,success=True error=None,-40,878.0000,5840.00,-120.00,5720.00,40960.00,5720.00,earnings,earnings,SELL,120,0.024845,True,882.6615,877,881,879.0000,4,1.780367,-0.024845,0.000000,-8.0000,,,,,,,,,,-0.2250,-0.2250,0.117500,0.756000,0.126500,0,0,0,book,False,
1775864191.039136,fill,3260,C,SELL,40,877,1775864044717,earnings_entry,,,-80,877.5000,5840.00,280.00,6120.00,76040.00,6120.00,earnings,earnings,SELL,120,0.024845,True,882.6615,877,874,875.5000,-3,1.780367,-0.024845,0.000000,-8.0000,,,,,,,,,,-0.2250,-0.2250,0.117500,0.756000,0.126500,0,0,0,book,False,
1775864191.409162,order_placed,3260,C,SELL,40,878,1775864044718,earnings_entry,,,-80,877.5000,5840.00,-360.00,5480.00,76040.00,5480.00,earnings,earnings,SELL,120,0.024845,True,882.8474,878,882,880.0000,4,1.780367,-0.024845,0.000000,-8.0000,,,,,,,,,,-0.4250,-0.4250,0.113500,0.756000,0.130500,0,0,0,book,False,
1775864191.409672,entry_decision,3260,C,SELL,40,878,,earnings,,strength=0.024845 target=120,-80,877.5000,5840.00,-360.00,5480.00,76040.00,5480.00,earnings,earnings,SELL,120,0.024845,True,882.8474,878,882,880.0000,4,1.780367,-0.024845,0.000000,-8.0000,,,,,,,,,,-0.4250,-0.4250,0.113500,0.756000,0.130500,0,0,0,book,False,
1775864191.410429,heartbeat_forced,3260,,,,,,,,,-80,877.5000,5840.00,-360.00,5480.00,76040.00,5480.00,earnings,earnings,SELL,120,0.024845,True,882.8474,878,882,880.0000,4,1.780367,-0.024845,0.000000,-8.0000,,,,,,,,,,-0.4250,-0.4250,0.113500,0.756000,0.130500,0,0,0,book,False,
1775864191.609717,entry_blocked,3260,,,120,,,earnings,live_order,,-80,877.5000,5840.00,-40.00,5800.00,76040.00,5800.00,earnings,earnings,SELL,120,0.024845,True,883.0569,875,878,876.5000,3,1.780367,-0.024845,0.000000,-8.0000,,,,,,,,,,-0.6503,-0.6503,0.109055,0.755878,0.135068,0,0,0,book,False,
1775864192.007104,order_placed,3260,C,SELL,40,873,1775864044719,earnings_entry,,,-80,877.5000,5840.00,40.00,5880.00,76040.00,5880.00,earnings,earnings,SELL,120,0.024845,True,883.1031,873,877,875.0000,4,1.780367,-0.024845,0.000000,-8.0000,,,,,,,,,,-0.7000,-0.7000,0.108000,0.756000,0.136000,0,0,0,book,False,
1775864192.007836,entry_decision,3260,C,SELL,40,873,,earnings,,strength=0.024845 target=120,-80,877.5000,5840.00,40.00,5880.00,76040.00,5880.00,earnings,earnings,SELL,120,0.024845,True,883.1031,873,877,875.0000,4,1.780367,-0.024845,0.000000,-8.0000,,,,,,,,,,-0.7000,-0.7000,0.108000,0.756000,0.136000,0,0,0,book,False,
1775864192.008380,heartbeat_forced,3260,,,,,,,,,-80,877.5000,5840.00,40.00,5880.00,76040.00,5880.00,earnings,earnings,SELL,120,0.024845,True,883.1031,873,877,875.0000,4,1.780367,-0.024845,0.000000,-8.0000,,,,,,,,,,-0.7000,-0.7000,0.108000,0.756000,0.136000,0,0,0,book,False,
1775864192.039160,cancel_response,3260,C,SELL,40,878,1775864044718,earnings_entry,,success=True error=None,-80,877.5000,5840.00,120.00,5960.00,76040.00,5960.00,earnings,earnings,SELL,120,0.024845,True,882.9982,872,876,874.0000,4,1.780367,-0.024845,0.000000,-8.0000,,,,,,,,,,-0.5872,-0.5872,0.109945,0.756622,0.133433,0,0,0,book,False,
1775864192.209353,fill,3260,C,SELL,40,873,1775864044719,earnings_entry,,,-120,876.0000,5840.00,360.00,6200.00,110960.00,6200.00,earnings,earnings,SELL,120,0.024845,True,883.0441,873,873,873.0000,0,1.780367,-0.024845,0.000000,-8.0000,,,,,,,,,,-0.6365,-0.6365,0.109336,0.755866,0.134798,0,0,0,book,False,
1775864193.407652,order_placed,3260,C,BUY,40,868,1775864044720,short_profit_1,,,-120,876.0000,5840.00,960.00,6800.00,110960.00,6800.00,earnings,earnings,SELL,120,0.024845,True,882.4872,867,868,867.5000,1,1.780367,-0.024845,0.000000,-8.0000,,,,,,,,,,-0.0375,-0.0375,0.119560,0.759380,0.121061,0,0,0,book,False,
1775864193.408005,exit_trigger,3260,,,40,,,short_profit_1,short_profit_1,,-120,876.0000,5840.00,960.00,6800.00,110960.00,6800.00,earnings,earnings,SELL,120,0.024845,True,882.4872,867,868,867.5000,1,1.780367,-0.024845,0.000000,-8.0000,,,,,,,,,,-0.0375,-0.0375,0.119560,0.759380,0.121061,0,0,0,book,False,
1775864193.408867,heartbeat_forced,3260,,,,,,,,,-120,876.0000,5840.00,960.00,6800.00,110960.00,6800.00,earnings,earnings,SELL,120,0.024845,True,882.4872,867,868,867.5000,1,1.780367,-0.024845,0.000000,-8.0000,,,,,,,,,,-0.0375,-0.0375,0.119560,0.759380,0.121061,0,0,0,book,False,
1775864193.437251,fill,3260,C,BUY,40,868,1775864044720,short_profit_1,,,-80,876.0000,6160.00,640.00,6800.00,76240.00,6800.00,earnings,earnings,SELL,120,0.024845,True,882.4756,868,868,868.0000,0,1.780367,-0.024845,0.000000,-8.0000,,,,,,,,,,-0.0250,-0.0250,0.120120,0.758759,0.121121,0,0,0,book,False,
1775864195.812724,order_placed,3260,C,BUY,40,861,1775864044721,short_profit_2,,,-80,876.0000,6160.00,1200.00,7360.00,76240.00,7360.00,earnings,earnings,SELL,120,0.024845,True,880.4884,859,861,860.0000,2,1.780367,-0.024845,0.000000,-8.0000,,,,,,,,,,2.1165,2.1165,0.168327,0.748008,0.083665,0,0,0,book,False,
1775864195.813761,exit_trigger,3260,,,40,,,short_profit_2,short_profit_2,,-80,876.0000,6160.00,1200.00,7360.00,76240.00,7360.00,earnings,earnings,SELL,120,0.024845,True,880.4884,859,861,860.0000,2,1.780367,-0.024845,0.000000,-8.0000,,,,,,,,,,2.1165,2.1165,0.168327,0.748008,0.083665,0,0,0,book,False,
1775864195.814428,heartbeat_forced,3260,,,,,,,,,-80,876.0000,6160.00,1200.00,7360.00,76240.00,7360.00,earnings,earnings,SELL,120,0.024845,True,880.4884,859,861,860.0000,2,1.780367,-0.024845,0.000000,-8.0000,,,,,,,,,,2.1165,2.1165,0.168327,0.748008,0.083665,0,0,0,book,False,
1775864195.842272,fill,3260,C,BUY,40,861,1775864044721,short_profit_2,,,-40,876.0000,6760.00,600.00,7360.00,41800.00,7360.00,earnings,earnings,SELL,120,0.024845,True,880.4100,861,861,861.0000,0,1.780367,-0.024845,0.000000,-8.0000,,,,,,,,,,2.2011,2.2011,0.169585,0.748874,0.081541,0,0,0,book,False,
1775864197.616348,order_placed,3260,C,BUY,40,871,1775864044722,profit_trail,,,-40,876.0000,6760.00,200.00,6960.00,41800.00,6960.00,earnings,earnings,SELL,120,0.024845,True,880.6043,870,871,870.5000,1,1.780367,-0.024845,0.000000,-8.0000,,,,,,,,,,1.9915,1.9915,0.160321,0.759018,0.080661,0,0,0,book,False,
1775864197.616656,exit_trigger,3260,,,40,,,profit_trail,profit_trail,,-40,876.0000,6760.00,200.00,6960.00,41800.00,6960.00,earnings,earnings,SELL,120,0.024845,True,880.6043,870,871,870.5000,1,1.780367,-0.024845,0.000000,-8.0000,,,,,,,,,,1.9915,1.9915,0.160321,0.759018,0.080661,0,0,0,book,False,
1775864197.617177,heartbeat_forced,3260,,,,,,,,,-40,876.0000,6760.00,200.00,6960.00,41800.00,6960.00,earnings,earnings,SELL,120,0.024845,True,880.6043,870,871,870.5000,1,1.780367,-0.024845,0.000000,-8.0000,,,,,,,,,,1.9915,1.9915,0.160321,0.759018,0.080661,0,0,0,book,False,
1775864197.646488,fill,3260,C,BUY,40,865,1775864044722,profit_trail,,,0,,7200.00,0.00,7200.00,7200.00,7200.00,flat,,,,,,880.4110,871,865,868.0000,-6,1.780367,-0.024845,0.000000,-8.0000,,,,,,,,,,2.2000,2.2000,0.166000,0.756000,0.078000,0,0,0,flat,False,
1775864200.618064,heartbeat,3260,,,,,,,,,0,,7200.00,0.00,7200.00,7200.00,7200.00,flat,,,,,,879.4719,860,861,860.5000,1,1.780367,-0.024845,0.000000,-8.0000,,,,,,,,,,3.2141,3.2141,0.192596,0.743372,0.064032,0,0,0,flat,False,
1775864201.409151,macro_eval,3323,,BUY,160,,,,earnings_trend_conflict_-0.1000,"score=-7.50 headline=Fed opts to hold steady, citing the need to assess cumulative tightening effects.",0,,7200.00,0.00,7200.00,7200.00,7200.00,flat,,,,,,880.0441,860,863,861.5000,3,1.780367,-0.024845,0.000000,-8.0000,,,-7.5000,160,BUY,-0.099998,unstructured,,,2.5961,2.5961,0.175736,0.752371,0.071892,0,0,0,flat,False,"{'timestamp': 3323, 'kind': 'unstructured', 'new_data': {'content': 'Fed opts to hold steady, citing the need to assess cumulative tightening effects.'}}"
1775864201.409530,macro_blocked,3323,,BUY,80,,,,earnings_trend_conflict_-0.1000,"score=-7.50 flat_cap=True headline=Fed opts to hold steady, citing the need to assess cumulative tightening effects.",0,,7200.00,0.00,7200.00,7200.00,7200.00,flat,,,,,,880.0441,860,863,861.5000,3,1.780367,-0.024845,0.000000,-8.0000,,,-7.5000,80,BUY,-0.099998,,,,2.5961,2.5961,0.175736,0.752371,0.071892,0,0,0,flat,False,"{'timestamp': 3323, 'kind': 'unstructured', 'new_data': {'content': 'Fed opts to hold steady, citing the need to assess cumulative tightening effects.'}}"
1775864203.618204,heartbeat,3323,,,,,,,,,0,,7200.00,0.00,7200.00,7200.00,7200.00,flat,,,,,,879.4611,853,857,855.0000,4,1.780367,-0.024845,0.000000,-8.0000,,,,,,,,,,3.2258,3.2258,0.189516,0.750000,0.060484,0,0,0,flat,False,
1775864206.618466,heartbeat,3323,,,,,,,,,0,,7200.00,0.00,7200.00,7200.00,7200.00,flat,,,,,,876.3647,845,848,846.5000,3,1.780367,-0.024845,0.000000,-8.0000,,,,,,,,,,6.5783,6.5783,0.292146,0.678839,0.029015,0,0,0,flat,False,
1775864209.618492,heartbeat,3323,,,,,,,,,0,,7200.00,0.00,7200.00,7200.00,7200.00,flat,,,,,,877.3970,855,858,856.5000,3,1.780367,-0.024845,0.000000,-8.0000,,,,,,,,,,5.4591,5.4591,0.256079,0.706203,0.037717,0,0,0,flat,False,
1775864212.619274,heartbeat,3323,,,,,,,,,0,,7200.00,0.00,7200.00,7200.00,7200.00,flat,,,,,,878.8276,851,855,853.0000,4,1.780367,-0.024845,0.000000,-8.0000,,,,,,,,,,3.9105,3.9105,0.204898,0.746627,0.048476,0,0,0,flat,False,
1775864215.619572,heartbeat,3323,,,,,,,,,0,,7200.00,0.00,7200.00,7200.00,7200.00,flat,,,,,,879.7871,858,860,859.0000,2,1.780367,-0.024845,0.000000,-8.0000,,,,,,,,,,2.8736,2.8736,0.172414,0.770115,0.057471,0,0,0,flat,False,
1775864218.620798,heartbeat,3323,,,,,,,,,0,,7200.00,0.00,7200.00,7200.00,7200.00,flat,,,,,,879.7715,863,865,864.0000,2,1.780367,-0.024845,0.000000,-8.0000,,,,,,,,,,2.8904,2.8904,0.170671,0.774274,0.055055,0,0,0,flat,False,
1775864221.737129,heartbeat,3323,,,,,,,,,0,,7200.00,0.00,7200.00,7200.00,7200.00,flat,,,,,,878.2502,857,861,859.0000,4,1.780367,-0.024845,0.000000,-8.0000,,,,,,,,,,4.5352,4.5352,0.219390,0.742629,0.037981,0,0,0,flat,False,
1775864224.768121,heartbeat,3323,,,,,,,,,0,,7200.00,0.00,7200.00,7200.00,7200.00,flat,,,,,,878.9894,858,862,860.0000,4,1.780367,-0.024845,0.000000,-8.0000,,,,,,,,,,3.7356,3.7356,0.190905,0.767616,0.041479,0,0,0,flat,False,
1775864226.803835,news_ignored,3450,,,,,,,non_signal_news,petition new_signatures=0 cumulative=0,0,,7200.00,0.00,7200.00,7200.00,7200.00,flat,,,,,,878.5255,857,861,859.0000,4,1.780367,-0.024845,0.000000,-8.0000,,,,,,,structured,petition,,4.2373,4.2373,0.206381,0.756730,0.036889,0,0,0,flat,False,"{'timestamp': 3450, 'kind': 'structured', 'new_data': {'new_signatures': 0, 'cumulative': 0, 'asset': '', 'structured_subtype': 'petition'}}"
1775864227.790510,heartbeat,3450,,,,,,,,,0,,7200.00,0.00,7200.00,7200.00,7200.00,flat,,,,,,878.2848,855,859,857.0000,4,1.780367,-0.024845,0.000000,-8.0000,,,,,,,,,,4.4978,4.4978,0.213393,0.753123,0.033483,0,0,0,flat,False,
1775864230.804879,heartbeat,3450,,,,,,,,,0,,7200.00,0.00,7200.00,7200.00,7200.00,flat,,,,,,878.6409,858,863,860.5000,5,1.780367,-0.024845,0.000000,-8.0000,,,,,,,,,,4.1125,4.1125,0.199000,0.766500,0.034500,0,0,0,flat,False,
1775864233.804897,heartbeat,3450,,,,,,,,,0,,7200.00,0.00,7200.00,7200.00,7200.00,flat,,,,,,878.7467,860,864,862.0000,4,1.780367,-0.024845,0.000000,-8.0000,,,,,,,,,,3.9980,3.9980,0.192904,0.774113,0.032984,0,0,0,flat,False,
1775864236.805248,heartbeat,3450,,,,,,,,,0,,7200.00,0.00,7200.00,7200.00,7200.00,flat,,,,,,878.4078,856,860,858.0000,4,1.780367,-0.024845,0.000000,-8.0000,,,,,,,,,,4.3647,4.3647,0.203602,0.767384,0.029015,0,0,0,flat,False,
1775864239.805849,heartbeat,3450,,,,,,,,,0,,7200.00,0.00,7200.00,7200.00,7200.00,flat,,,,,,878.1116,851,855,853.0000,4,1.780367,-0.024845,0.000000,-8.0000,,,,,,,,,,4.6852,4.6852,0.212394,0.762619,0.024988,0,0,0,flat,False,
1775864242.805841,heartbeat,3450,,,,,,,,,0,,7200.00,0.00,7200.00,7200.00,7200.00,flat,,,,,,878.5754,863,867,865.0000,4,1.780367,-0.024845,0.000000,-8.0000,,,,,,,,,,4.1833,4.1833,0.194306,0.778721,0.026973,0,0,0,flat,False,
1775864243.008538,macro_eval,3531,,BUY,160,,,,earnings_trend_conflict_-0.1000,score=-8.00 headline=Officials note downside growth risks; markets lean toward cuts.,0,,7200.00,0.00,7200.00,7200.00,7200.00,flat,,,,,,878.5042,864,865,864.5000,1,1.780367,-0.024845,0.000000,-8.0000,,,-8.0000,160,BUY,-0.099998,unstructured,,,4.2604,4.2604,0.195902,0.778611,0.025487,0,0,0,flat,False,"{'timestamp': 3531, 'kind': 'unstructured', 'new_data': {'content': 'Officials note downside growth risks; markets lean toward cuts.'}}"
1775864243.009028,macro_blocked,3531,,BUY,80,,,,earnings_trend_conflict_-0.1000,score=-8.00 flat_cap=True headline=Officials note downside growth risks; markets lean toward cuts.,0,,7200.00,0.00,7200.00,7200.00,7200.00,flat,,,,,,878.5042,864,865,864.5000,1,1.780367,-0.024845,0.000000,-8.0000,,,-8.0000,80,BUY,-0.099998,,,,4.2604,4.2604,0.195902,0.778611,0.025487,0,0,0,flat,False,"{'timestamp': 3531, 'kind': 'unstructured', 'new_data': {'content': 'Officials note downside growth risks; markets lean toward cuts.'}}"
1775864245.806181,heartbeat,3531,,,,,,,,,0,,7200.00,0.00,7200.00,7200.00,7200.00,flat,,,,,,881.6982,870,875,872.5000,5,1.780367,-0.024845,0.000000,-8.0000,,,,,,,,,,0.8121,0.8121,0.094953,0.842579,0.062469,0,0,0,flat,False,
1775864248.807613,heartbeat,3531,,,,,,,,,0,,7200.00,0.00,7200.00,7200.00,7200.00,flat,,,,,,881.5229,870,875,872.5000,5,1.780367,-0.024845,0.000000,-8.0000,,,,,,,,,,1.0010,1.0010,0.097598,0.844845,0.057558,0,0,0,flat,False,
1775864249.829864,startup,3531,,,,,,,,C-only mode; PM read-only,0,,7200.00,0.00,7200.00,7200.00,7200.00,flat,,,,,,881.0599,870,874,872.0000,4,1.780367,-0.024845,0.000000,-8.0000,,,,,,,,,,1.5000,1.5000,0.108500,0.843000,0.048500,0,0,0,flat,False,
1775864251.806770,heartbeat,3531,,,,,,,,,0,,7200.00,0.00,7200.00,7200.00,7200.00,flat,,,,,,881.0259,868,872,870.0000,4,1.780367,-0.024845,0.000000,-8.0000,,,,,,,,,,1.5367,1.5367,0.107946,0.845577,0.046477,0,0,0,flat,False,
1775864254.807184,heartbeat,3531,,,,,,,,,0,,7200.00,0.00,7200.00,7200.00,7200.00,flat,,,,,,880.3647,862,866,864.0000,4,1.780367,-0.024845,0.000000,-8.0000,,,,,,,,,,2.2500,2.2500,0.125000,0.840000,0.035000,0,0,0,flat,False,
1775864254.807715,earnings_blocked,3590,,BUY,120,,,,weak_buy_against_earnings_trend_-0.1000,old=1.780367 new=1.792984 delta=+0.012617,0,,7200.00,0.00,7200.00,7200.00,7200.00,flat,,,,,,884.7871,862,866,864.0000,4,1.792984,0.012617,0.000000,-8.0000,,,,,,-0.087381,,,,2.2500,2.2500,0.125000,0.840000,0.035000,0,0,0,flat,False,
1775864257.807629,heartbeat,3590,,,,,,,,,0,,7200.00,0.00,7200.00,7200.00,7200.00,flat,,,,,,885.7990,870,874,872.0000,4,1.792984,0.012617,0.000000,-8.0000,,,,,,,,,,1.1654,1.1654,0.090727,0.865163,0.044110,0,0,0,flat,False,
1775864260.807652,heartbeat,3590,,,,,,,,,0,,7200.00,0.00,7200.00,7200.00,7200.00,flat,,,,,,885.0445,877,881,879.0000,4,1.792984,0.012617,0.000000,-8.0000,,,,,,,,,,1.9740,1.9740,0.113443,0.852074,0.034483,0,0,0,flat,False,
1775864262.618233,macro_eval,3629,,,0,,,,below_threshold,score=+0.00 headline=Diversity in leadership earns A widespread praise.,0,,7200.00,0.00,7200.00,7200.00,7200.00,flat,,,,,,884.0751,870,875,872.5000,5,1.792984,0.012617,0.000000,-8.0000,,,0.0000,0,,-0.087381,unstructured,,,3.0140,3.0140,0.143072,0.834417,0.022511,0,0,0,flat,False,"{'timestamp': 3629, 'kind': 'unstructured', 'new_data': {'content': 'Diversity in leadership earns A widespread praise.'}}"
1775864262.618549,news_ignored,3629,,,,,,,weak_macro_news,score=+0.00 headline=Diversity in leadership earns A widespread praise.,0,,7200.00,0.00,7200.00,7200.00,7200.00,flat,,,,,,884.0751,870,875,872.5000,5,1.792984,0.012617,0.000000,-8.0000,,,0.0000,0,,-0.087381,unstructured,,,3.0140,3.0140,0.143072,0.834417,0.022511,0,0,0,flat,False,"{'timestamp': 3629, 'kind': 'unstructured', 'new_data': {'content': 'Diversity in leadership earns A widespread praise.'}}"
1775864263.911873,heartbeat,3629,,,,,,,,,0,,7200.00,0.00,7200.00,7200.00,7200.00,flat,,,,,,883.5761,869,873,871.0000,4,1.792984,0.012617,0.000000,-8.0000,,,,,,,,,,3.5500,3.5500,0.159000,0.824000,0.017000,0,0,0,flat,False,
1775864266.010958,macro_eval,3646,,,0,,,,below_threshold,score=+0.00 headline=Fed chair says the committee is not in a hurry to adjust rates in either direction.,0,,7200.00,0.00,7200.00,7200.00,7200.00,flat,,,,,,882.1137,861,865,863.0000,4,1.792984,0.012617,0.000000,-8.0000,,,0.0000,0,,-0.087381,unstructured,,,5.1224,5.1224,0.213893,0.777111,0.008996,0,0,0,flat,False,"{'timestamp': 3646, 'kind': 'unstructured', 'new_data': {'content': 'Fed chair says the committee is not in a hurry to adjust rates in either direction.'}}"
1775864266.011203,news_ignored,3646,,,,,,,weak_macro_news,score=+0.00 headline=Fed chair says the committee is not in a hurry to adjust rates in either direction.,0,,7200.00,0.00,7200.00,7200.00,7200.00,flat,,,,,,882.1137,861,865,863.0000,4,1.792984,0.012617,0.000000,-8.0000,,,0.0000,0,,-0.087381,unstructured,,,5.1224,5.1224,0.213893,0.777111,0.008996,0,0,0,flat,False,"{'timestamp': 3646, 'kind': 'unstructured', 'new_data': {'content': 'Fed chair says the committee is not in a hurry to adjust rates in either direction.'}}"
1775864266.931177,heartbeat,3646,,,,,,,,,0,,7200.00,0.00,7200.00,7200.00,7200.00,flat,,,,,,882.5441,863,867,865.0000,4,1.792984,0.012617,0.000000,-8.0000,,,,,,,,,,4.6593,4.6593,0.196393,0.793587,0.010020,0,0,0,flat,False,
1775864269.950540,heartbeat,3646,,,,,,,,,0,,7200.00,0.00,7200.00,7200.00,7200.00,flat,,,,,,882.4178,864,868,866.0000,4,1.792984,0.012617,0.000000,-8.0000,,,,,,,,,,4.7952,4.7952,0.201798,0.788212,0.009990,0,0,0,flat,False,
1775864272.968796,heartbeat,3646,,,,,,,,,0,,7200.00,0.00,7200.00,7200.00,7200.00,flat,,,,,,884.0096,867,871,869.0000,4,1.792984,0.012617,0.000000,-8.0000,,,,,,,,,,3.0844,3.0844,0.138362,0.846653,0.014985,0,0,0,flat,False,
1775864275.985892,heartbeat,3646,,,,,,,,,0,,7200.00,0.00,7200.00,7200.00,7200.00,flat,,,,,,885.1494,866,870,868.0000,4,1.792984,0.012617,0.000000,-8.0000,,,,,,,,,,1.8616,1.8616,0.096452,0.881559,0.021989,0,0,0,flat,False,
1775864276.805698,news_ignored,3700,,,,,,,non_signal_news,petition new_signatures=0 cumulative=0,0,,7200.00,0.00,7200.00,7200.00,7200.00,flat,,,,,,885.0552,863,867,865.0000,4,1.792984,0.012617,0.000000,-8.0000,,,,,,,structured,petition,,1.9625,1.9625,0.099000,0.880500,0.020500,0,0,0,flat,False,"{'timestamp': 3700, 'kind': 'structured', 'new_data': {'new_signatures': 0, 'cumulative': 0, 'asset': '', 'structured_subtype': 'petition'}}"
1775864278.805519,earnings_deadband,3710,,,,,,,,old=1.792984 new=1.785200 delta=-0.007784,0,,7200.00,0.00,7200.00,7200.00,7200.00,flat,,,,,,884.8502,873,879,876.0000,6,1.785200,-0.007784,0.000000,-8.0000,,,,,,,,,,-0.7500,-0.7500,0.034000,0.902000,0.064000,0,0,0,flat,False,
1775864279.002879,heartbeat,3710,,,,,,,,,0,,7200.00,0.00,7200.00,7200.00,7200.00,flat,,,,,,884.9668,874,876,875.0000,2,1.785200,-0.007784,0.000000,-8.0000,,,,,,,,,,-0.8750,-0.8750,0.031500,0.902000,0.066500,0,0,0,flat,False,
1775864282.016375,heartbeat,3710,,,,,,,,,0,,7200.00,0.00,7200.00,7200.00,7200.00,flat,,,,,,885.4564,874,879,876.5000,5,1.785200,-0.007784,0.000000,-8.0000,,,,,,,,,,-1.4000,-1.4000,0.022000,0.900000,0.078000,0,0,0,flat,False,
1775864285.016618,heartbeat,3710,,,,,,,,,0,,7200.00,0.00,7200.00,7200.00,7200.00,flat,,,,,,886.7987,881,885,883.0000,4,1.785200,-0.007784,0.000000,-8.0000,,,,,,,,,,-2.8375,-2.8375,0.008000,0.870500,0.121500,0,0,0,flat,False,
1775864288.162317,heartbeat,3710,,,,,,,,,0,,7200.00,0.00,7200.00,7200.00,7200.00,flat,,,,,,886.3443,879,883,881.0000,4,1.785200,-0.007784,0.000000,-8.0000,,,,,,,,,,-2.3512,-2.3512,0.010005,0.885943,0.104052,0,0,0,flat,False,
1775864291.164406,heartbeat,3710,,,,,,,,,0,,7200.00,0.00,7200.00,7200.00,7200.00,flat,,,,,,887.0908,879,883,881.0000,4,1.785200,-0.007784,0.000000,-8.0000,,,,,,,,,,-3.1500,-3.1500,0.005000,0.864000,0.131000,0,0,0,flat,False,
1775864291.562930,macro_eval,3773,,,0,,,,below_threshold,score=+0.00 headline=Fed chair says the committee is not in a hurry to adjust rates in either direction.,0,,7200.00,0.00,7200.00,7200.00,7200.00,flat,,,,,,887.0104,877,881,879.0000,4,1.785200,-0.007784,0.000000,-8.0000,,,0.0000,0,,-0.037723,unstructured,,,-3.0640,-3.0640,0.005003,0.867434,0.127564,0,0,0,flat,False,"{'timestamp': 3773, 'kind': 'unstructured', 'new_data': {'content': 'Fed chair says the committee is not in a hurry to adjust rates in either direction.'}}"
1775864291.563185,news_ignored,3773,,,,,,,weak_macro_news,score=+0.00 headline=Fed chair says the committee is not in a hurry to adjust rates in either direction.,0,,7200.00,0.00,7200.00,7200.00,7200.00,flat,,,,,,887.0104,877,881,879.0000,4,1.785200,-0.007784,0.000000,-8.0000,,,0.0000,0,,-0.037723,unstructured,,,-3.0640,-3.0640,0.005003,0.867434,0.127564,0,0,0,flat,False,"{'timestamp': 3773, 'kind': 'unstructured', 'new_data': {'content': 'Fed chair says the committee is not in a hurry to adjust rates in either direction.'}}"
1775864294.165066,heartbeat,3773,,,,,,,,,0,,7200.00,0.00,7200.00,7200.00,7200.00,flat,,,,,,887.5182,880,884,882.0000,4,1.785200,-0.007784,0.000000,-8.0000,,,,,,,,,,-3.6070,-3.6070,0.007960,0.839801,0.152239,0,0,0,flat,False,
1775864297.165534,heartbeat,3773,,,,,,,,,0,,7200.00,0.00,7200.00,7200.00,7200.00,flat,,,,,,888.3468,886,888,887.0000,2,1.785200,-0.007784,0.000000,-8.0000,,,,,,,,,,-4.4923,-4.4923,0.006969,0.806371,0.186660,0,0,0,flat,False,
1775864300.167945,heartbeat,3773,,,,,,,,,0,,7200.00,0.00,7200.00,7200.00,7200.00,flat,,,,,,889.8254,896,898,897.0000,2,1.785200,-0.007784,0.000000,-8.0000,,,,,,,,,,-6.0697,-6.0697,0.004975,0.747264,0.247761,0,0,0,flat,False,
1775864303.168056,heartbeat,3773,,,,,,,,,0,,7200.00,0.00,7200.00,7200.00,7200.00,flat,,,,,,887.2280,885,887,886.0000,2,1.785200,-0.007784,0.000000,-8.0000,,,,,,,,,,-3.2967,-3.2967,0.004995,0.858142,0.136863,0,0,0,flat,False,
1775864306.168169,heartbeat,3773,,,,,,,,,0,,7200.00,0.00,7200.00,7200.00,7200.00,flat,,,,,,885.9857,885,889,887.0000,4,1.785200,-0.007784,0.000000,-8.0000,,,,,,,,,,-1.9671,-1.9671,0.006972,0.907371,0.085657,0,0,0,flat,False,
1775864309.168990,heartbeat,3773,,,,,,,,,0,,7200.00,0.00,7200.00,7200.00,7200.00,flat,,,,,,885.4814,883,887,885.0000,4,1.785200,-0.007784,0.000000,-8.0000,,,,,,,,,,-1.4268,-1.4268,0.006948,0.929032,0.064020,0,0,0,flat,False,
1775864312.169517,heartbeat,3773,,,,,,,,,0,,7200.00,0.00,7200.00,7200.00,7200.00,flat,,,,,,885.7641,879,882,880.5000,3,1.785200,-0.007784,0.000000,-8.0000,,,,,,,,,,-1.7297,-1.7297,0.004978,0.920856,0.074166,0,0,0,flat,False,
1775864315.169581,heartbeat,3773,,,,,,,,,0,,7200.00,0.00,7200.00,7200.00,7200.00,flat,,,,,,885.5032,878,883,880.5000,5,1.785200,-0.007784,0.000000,-8.0000,,,,,,,,,,-1.4502,-1.4502,0.006941,0.928111,0.064948,0,0,0,flat,False,
1775864316.966760,news_ignored,3900,,,,,,,non_signal_news,petition new_signatures=0 cumulative=0,0,,7200.00,0.00,7200.00,7200.00,7200.00,flat,,,,,,886.0238,878,883,880.5000,5,1.785200,-0.007784,0.000000,-8.0000,,,,,,,structured,petition,,-2.0079,-2.0079,0.005949,0.907784,0.086267,0,0,0,flat,False,"{'timestamp': 3900, 'kind': 'structured', 'new_data': {'new_signatures': 0, 'cumulative': 0, 'asset': '', 'structured_subtype': 'petition'}}"
1775864318.169799,heartbeat,3900,,,,,,,,,0,,7200.00,0.00,7200.00,7200.00,7200.00,flat,,,,,,886.2774,874,882,878.0000,8,1.785200,-0.007784,0.000000,-8.0000,,,,,,,,,,-2.2795,-2.2795,0.004983,0.898854,0.096163,0,0,0,flat,False,
1775864321.169874,heartbeat,3900,,,,,,,,,0,,7200.00,0.00,7200.00,7200.00,7200.00,flat,,,,,,885.3675,877,878,877.5000,1,1.785200,-0.007784,0.000000,-8.0000,,,,,,,,,,-1.3047,-1.3047,0.006958,0.933897,0.059145,0,0,0,flat,False,
1775864324.170202,heartbeat,3900,,,,,,,,,0,,7200.00,0.00,7200.00,7200.00,7200.00,flat,,,,,,885.6866,875,878,876.5000,3,1.785200,-0.007784,0.000000,-8.0000,,,,,,,,,,-1.6467,-1.6467,0.004990,0.924152,0.070858,0,0,0,flat,False,
1775864327.170405,heartbeat,3900,,,,,,,,,0,,7200.00,0.00,7200.00,7200.00,7200.00,flat,,,,,,885.4060,875,878,876.5000,3,1.785200,-0.007784,0.000000,-8.0000,,,,,,,,,,-1.3460,-1.3460,0.004985,0.936191,0.058824,0,0,0,flat,False,
1775864330.170538,heartbeat,3900,,,,,,,,,0,,7200.00,0.00,7200.00,7200.00,7200.00,flat,,,,,,886.0136,878,880,879.0000,2,1.785200,-0.007784,0.000000,-8.0000,,,,,,,,,,-1.9970,-1.9970,0.004993,0.910135,0.084873,0,0,0,flat,False,
1775864333.171525,heartbeat,3900,,,,,,,,,0,,7200.00,0.00,7200.00,7200.00,7200.00,flat,,,,,,885.2120,869,873,871.0000,4,1.785200,-0.007784,0.000000,-8.0000,,,,,,,,,,-1.1380,-1.1380,0.006708,0.941064,0.052228,0,0,0,flat,False,
1775864333.172222,macro_eval,3981,,BUY,160,,,,earnings_trend_conflict_-0.0377,score=-7.00 headline=Fed minutes show growing consensus that restrictive stance may no longer be needed.,0,,7200.00,0.00,7200.00,7200.00,7200.00,flat,,,,,,885.2120,869,873,871.0000,4,1.785200,-0.007784,0.000000,-8.0000,,,-7.0000,160,BUY,-0.037723,unstructured,,,-1.1380,-1.1380,0.006708,0.941064,0.052228,0,0,0,flat,False,"{'timestamp': 3981, 'kind': 'unstructured', 'new_data': {'content': 'Fed minutes show growing consensus that restrictive stance may no longer be needed.'}}"
1775864333.172480,macro_blocked,3981,,BUY,80,,,,earnings_trend_conflict_-0.0377,score=-7.00 flat_cap=True headline=Fed minutes show growing consensus that restrictive stance may no longer be needed.,0,,7200.00,0.00,7200.00,7200.00,7200.00,flat,,,,,,885.2120,869,873,871.0000,4,1.785200,-0.007784,0.000000,-8.0000,,,-7.0000,80,BUY,-0.037723,,,,-1.1380,-1.1380,0.006708,0.941064,0.052228,0,0,0,flat,False,"{'timestamp': 3981, 'kind': 'unstructured', 'new_data': {'content': 'Fed minutes show growing consensus that restrictive stance may no longer be needed.'}}"
1775864336.171574,heartbeat,3981,,,,,,,,,0,,7200.00,0.00,7200.00,7200.00,7200.00,flat,,,,,,887.5497,884,886,885.0000,2,1.785200,-0.007784,0.000000,-8.0000,,,,,,,,,,-3.6407,-3.6407,0.004970,0.844433,0.150596,0,0,0,flat,False,
1775864339.171897,heartbeat,3981,,,,,,,,,0,,7200.00,0.00,7200.00,7200.00,7200.00,flat,,,,,,885.2875,871,875,873.0000,4,1.785200,-0.007784,0.000000,-8.0000,,,,,,,,,,-1.2189,-1.2189,0.005970,0.939303,0.054726,0,0,0,flat,False,
1775864340.565063,macro_eval,4018,,,0,,,,below_threshold,"score=+0.00 headline=A vital contract slips through A's fingers, won by a rival firm instead.",0,,7200.00,0.00,7200.00,7200.00,7200.00,flat,,,,,,884.7430,873,876,874.5000,3,1.785200,-0.007784,0.000000,-8.0000,,,0.0000,0,,-0.037723,unstructured,,,-0.6350,-0.6350,0.005976,0.962649,0.031375,0,0,0,flat,False,"{'timestamp': 4018, 'kind': 'unstructured', 'new_data': {'content': ""A vital contract slips through A's fingers, won by a rival firm instead.""}}"
1775864340.565417,news_ignored,4018,,,,,,,weak_macro_news,"score=+0.00 headline=A vital contract slips through A's fingers, won by a rival firm instead.",0,,7200.00,0.00,7200.00,7200.00,7200.00,flat,,,,,,884.7430,873,876,874.5000,3,1.785200,-0.007784,0.000000,-8.0000,,,0.0000,0,,-0.037723,unstructured,,,-0.6350,-0.6350,0.005976,0.962649,0.031375,0,0,0,flat,False,"{'timestamp': 4018, 'kind': 'unstructured', 'new_data': {'content': ""A vital contract slips through A's fingers, won by a rival firm instead.""}}"
1775864342.172838,heartbeat,4018,,,,,,,,,0,,7200.00,0.00,7200.00,7200.00,7200.00,flat,,,,,,884.5808,873,877,875.0000,4,1.785200,-0.007784,0.000000,-8.0000,,,,,,,,,,-0.4609,-0.4609,0.005979,0.969606,0.024415,0,0,0,flat,False,
1775864344.962097,earnings_signal,4040,,SELL,120,,,,,old=1.785200 new=1.764025 delta=-0.021175,0,,7200.00,0.00,7200.00,7200.00,7200.00,flat,earnings,SELL,120,0.021175,True,877.0059,876,881,878.5000,5,1.764025,-0.021175,0.000000,-8.0000,,,,,,,,,,-0.3234,-0.3234,0.004975,0.977114,0.017910,0,0,0,flat,False,
1775864344.962817,order_placed,4040,C,SELL,40,876,1775864044723,earnings_entry,,,0,,7200.00,0.00,7200.00,7200.00,7200.00,flat,earnings,SELL,120,0.021175,True,877.0059,876,881,878.5000,5,1.764025,-0.021175,0.000000,-8.0000,,,,,,,,,,-0.3234,-0.3234,0.004975,0.977114,0.017910,0,0,0,flat,False,
1775864344.963083,entry_decision,4040,C,SELL,40,876,,earnings,,strength=0.021175 target=120,0,,7200.00,0.00,7200.00,7200.00,7200.00,earnings,earnings,SELL,120,0.021175,True,877.0059,876,881,878.5000,5,1.764025,-0.021175,0.000000,-8.0000,,,,,,,,,,-0.3234,-0.3234,0.004975,0.977114,0.017910,0,0,0,flat,False,
1775864344.963407,heartbeat_forced,4040,,,,,,,,,0,,7200.00,0.00,7200.00,7200.00,7200.00,earnings,earnings,SELL,120,0.021175,True,877.0059,876,881,878.5000,5,1.764025,-0.021175,0.000000,-8.0000,,,,,,,,,,-0.3234,-0.3234,0.004975,0.977114,0.017910,0,0,0,flat,False,
1775864345.171248,entry_blocked,4040,,,120,,,earnings,live_order,,0,,7200.00,0.00,7200.00,7200.00,7200.00,earnings,earnings,SELL,120,0.021175,True,876.9715,872,876,874.0000,4,1.764025,-0.021175,0.000000,-8.0000,,,,,,,,,,-0.2861,-0.2861,0.004975,0.978607,0.016418,0,0,0,flat,False,
1775864345.564571,order_placed,4040,C,SELL,40,870,1775864044724,earnings_entry,,,0,,7200.00,0.00,7200.00,7200.00,7200.00,earnings,earnings,SELL,120,0.021175,True,876.9138,870,874,872.0000,4,1.764025,-0.021175,0.000000,-8.0000,,,,,,,,,,-0.2235,-0.2235,0.005961,0.979136,0.014903,0,0,0,flat,False,
1775864345.564736,entry_decision,4040,C,SELL,40,870,,earnings,,strength=0.021175 target=120,0,,7200.00,0.00,7200.00,7200.00,7200.00,earnings,earnings,SELL,120,0.021175,True,876.9138,870,874,872.0000,4,1.764025,-0.021175,0.000000,-8.0000,,,,,,,,,,-0.2235,-0.2235,0.005961,0.979136,0.014903,0,0,0,flat,False,
1775864345.564903,heartbeat_forced,4040,,,,,,,,,0,,7200.00,0.00,7200.00,7200.00,7200.00,earnings,earnings,SELL,120,0.021175,True,876.9138,870,874,872.0000,4,1.764025,-0.021175,0.000000,-8.0000,,,,,,,,,,-0.2235,-0.2235,0.005961,0.979136,0.014903,0,0,0,flat,False,
1775864345.597580,cancel_response,4040,C,SELL,40,876,1775864044723,earnings_entry,,success=True error=None,0,,7200.00,0.00,7200.00,7200.00,7200.00,earnings,earnings,SELL,120,0.021175,True,876.8683,870,874,872.0000,4,1.764025,-0.021175,0.000000,-8.0000,,,,,,,,,,-0.1741,-0.1741,0.005970,0.981095,0.012935,0,0,0,flat,False,
1775864345.598352,fill,4040,C,SELL,40,870,1775864044724,earnings_entry,,,-40,870.0000,7200.00,0.00,7200.00,42000.00,7200.00,earnings,earnings,SELL,120,0.021175,True,876.8683,870,870,870.0000,0,1.764025,-0.021175,0.000000,-8.0000,,,,,,,,,,-0.1741,-0.1741,0.005970,0.981095,0.012935,0,0,0,book,False,
1775864345.965312,order_placed,4040,C,SELL,40,871,1775864044725,earnings_entry,,,-40,870.0000,7200.00,-200.00,7000.00,42000.00,7000.00,earnings,earnings,SELL,120,0.021175,True,876.8339,871,875,873.0000,4,1.764025,-0.021175,0.000000,-8.0000,,,,,,,,,,-0.1369,-0.1369,0.004978,0.984569,0.010453,0,0,0,book,False,
1775864345.965696,entry_decision,4040,C,SELL,40,871,,earnings,,strength=0.021175 target=120,-40,870.0000,7200.00,-200.00,7000.00,42000.00,7000.00,earnings,earnings,SELL,120,0.021175,True,876.8339,871,875,873.0000,4,1.764025,-0.021175,0.000000,-8.0000,,,,,,,,,,-0.1369,-0.1369,0.004978,0.984569,0.010453,0,0,0,book,False,
1775864345.966182,heartbeat_forced,4040,,,,,,,,,-40,870.0000,7200.00,-200.00,7000.00,42000.00,7000.00,earnings,earnings,SELL,120,0.021175,True,876.8339,871,875,873.0000,4,1.764025,-0.021175,0.000000,-8.0000,,,,,,,,,,-0.1369,-0.1369,0.004978,0.984569,0.010453,0,0,0,book,False,
1775864346.165992,entry_blocked,4040,,,120,,,earnings,live_order,,-40,870.0000,7200.00,-40.00,7160.00,42000.00,7160.00,earnings,earnings,SELL,120,0.021175,True,876.7880,871,871,871.0000,0,1.764025,-0.021175,0.000000,-8.0000,,,,,,,,,,-0.0871,-0.0871,0.004975,0.986567,0.008458,0,0,0,book,False,
1775864346.167006,fill,4040,C,SELL,40,871,1775864044725,earnings_entry,,,-80,870.5000,7200.00,-40.00,7160.00,76840.00,7160.00,earnings,earnings,SELL,120,0.021175,True,876.7880,871,871,871.0000,0,1.764025,-0.021175,0.000000,-8.0000,,,,,,,,,,-0.0871,-0.0871,0.004975,0.986567,0.008458,0,0,0,book,False,
1775864346.364464,order_placed,4040,C,SELL,40,871,1775864044726,earnings_entry,,,-80,870.5000,7200.00,-360.00,6840.00,76840.00,6840.00,earnings,earnings,SELL,120,0.021175,True,876.7192,871,875,873.0000,4,1.764025,-0.021175,0.000000,-8.0000,,,,,,,,,,-0.0124,-0.0124,0.005973,0.987556,0.006471,0,0,0,book,False,
1775864346.365025,entry_decision,4040,C,SELL,40,871,,earnings,,strength=0.021175 target=120,-80,870.5000,7200.00,-360.00,6840.00,76840.00,6840.00,earnings,earnings,SELL,120,0.021175,True,876.7192,871,875,873.0000,4,1.764025,-0.021175,0.000000,-8.0000,,,,,,,,,,-0.0124,-0.0124,0.005973,0.987556,0.006471,0,0,0,book,False,
1775864346.365496,heartbeat_forced,4040,,,,,,,,,-80,870.5000,7200.00,-360.00,6840.00,76840.00,6840.00,earnings,earnings,SELL,120,0.021175,True,876.7192,871,875,873.0000,4,1.764025,-0.021175,0.000000,-8.0000,,,,,,,,,,-0.0124,-0.0124,0.005973,0.987556,0.006471,0,0,0,book,False,
1775864346.564801,entry_blocked,4040,,,120,,,earnings,live_order,,-80,870.5000,7200.00,-40.00,7160.00,76840.00,7160.00,earnings,earnings,SELL,120,0.021175,True,876.7077,869,871,870.0000,2,1.764025,-0.021175,0.000000,-8.0000,,,,,,,,,,0.0000,0.0000,0.005970,0.988060,0.005970,0,0,0,book,False,
1775864346.966386,order_placed,4040,C,SELL,40,866,1775864044727,earnings_entry,,,-80,870.5000,7200.00,40.00,7240.00,76840.00,7240.00,earnings,earnings,SELL,120,0.021175,True,876.7536,866,870,868.0000,4,1.764025,-0.021175,0.000000,-8.0000,,,,,,,,,,-0.0498,-0.0498,0.004975,0.988060,0.006965,0,0,0,book,False,
1775864346.966739,entry_decision,4040,C,SELL,40,866,,earnings,,strength=0.021175 target=120,-80,870.5000,7200.00,40.00,7240.00,76840.00,7240.00,earnings,earnings,SELL,120,0.021175,True,876.7536,866,870,868.0000,4,1.764025,-0.021175,0.000000,-8.0000,,,,,,,,,,-0.0498,-0.0498,0.004975,0.988060,0.006965,0,0,0,book,False,
1775864346.967050,heartbeat_forced,4040,,,,,,,,,-80,870.5000,7200.00,40.00,7240.00,76840.00,7240.00,earnings,earnings,SELL,120,0.021175,True,876.7536,866,870,868.0000,4,1.764025,-0.021175,0.000000,-8.0000,,,,,,,,,,-0.0498,-0.0498,0.004975,0.988060,0.006965,0,0,0,book,False,
1775864346.997497,cancel_response,4040,C,SELL,40,871,1775864044726,earnings_entry,,success=True error=None,-80,870.5000,7200.00,-40.00,7160.00,76840.00,7160.00,earnings,earnings,SELL,120,0.021175,True,876.7192,867,871,869.0000,4,1.764025,-0.021175,0.000000,-8.0000,,,,,,,,,,-0.0124,-0.0124,0.004975,0.989552,0.005473,0,0,0,book,False,
1775864346.998087,fill,4040,C,SELL,40,867,1775864044727,earnings_entry,,,-120,869.3333,7200.00,400.00,7600.00,111520.00,7600.00,earnings,earnings,SELL,120,0.021175,True,876.7192,867,866,866.5000,-1,1.764025,-0.021175,0.000000,-8.0000,,,,,,,,,,-0.0124,-0.0124,0.004975,0.989552,0.005473,0,0,0,book,False,
1775864348.362005,order_placed,4040,C,BUY,40,857,1775864044728,short_profit_1,,,-120,869.3333,7200.00,1480.00,8680.00,111520.00,8680.00,earnings,earnings,SELL,120,0.021175,True,876.7077,865,857,861.0000,-8,1.764025,-0.021175,0.000000,-8.0000,,,,,,,,,,0.0000,0.0000,0.004953,0.990094,0.004953,0,0,0,book,False,
1775864348.362255,exit_trigger,4040,,,40,,,short_profit_1,short_profit_1,,-120,869.3333,7200.00,1480.00,8680.00,111520.00,8680.00,earnings,earnings,SELL,120,0.021175,True,876.7077,865,857,861.0000,-8,1.764025,-0.021175,0.000000,-8.0000,,,,,,,,,,0.0000,0.0000,0.004953,0.990094,0.004953,0,0,0,book,False,
1775864348.362573,heartbeat_forced,4040,,,,,,,,,-120,869.3333,7200.00,1480.00,8680.00,111520.00,8680.00,earnings,earnings,SELL,120,0.021175,True,876.7077,865,857,861.0000,-8,1.764025,-0.021175,0.000000,-8.0000,,,,,,,,,,0.0000,0.0000,0.004953,0.990094,0.004953,0,0,0,book,False,
1775864348.848983,cancel_response,4040,C,BUY,40,857,1775864044728,short_profit_1,,success=True error=None,-120,869.3333,7200.00,280.00,7480.00,111520.00,7480.00,earnings,earnings,SELL,120,0.021175,True,876.7077,863,867,865.0000,4,1.764025,-0.021175,0.000000,-8.0000,,,,,,,,,,0.0000,0.0000,0.004950,0.990099,0.004950,0,0,0,book,False,
1775864351.365664,heartbeat,4040,,,,,,,,,-120,869.3333,7200.00,640.00,7840.00,111520.00,7840.00,earnings,earnings,SELL,120,0.021175,True,876.7077,860,864,862.0000,4,1.764025,-0.021175,0.000000,-8.0000,,,,,,,,,,0.0000,0.0000,0.004963,0.990074,0.004963,0,0,0,book,False,
1775864354.365676,heartbeat,4040,,,,,,,,,-120,869.3333,7200.00,760.00,7960.00,111520.00,7960.00,earnings,earnings,SELL,120,0.021175,True,876.7077,859,863,861.0000,4,1.764025,-0.021175,0.000000,-8.0000,,,,,,,,,,0.0000,0.0000,0.004955,0.990089,0.004955,0,0,0,book,False,
1775864356.165776,macro_eval,4096,,,0,,,,below_threshold,score=+0.00 headline=Fed chair reiterates data dependence; no clear signal on next move.,-120,869.3333,7200.00,880.00,8080.00,111520.00,8080.00,earnings,earnings,SELL,120,0.021175,True,876.7306,859,862,860.5000,3,1.764025,-0.021175,0.000000,-8.0000,,,0.0000,0,,-0.041187,unstructured,,,-0.0248,-0.0248,0.004953,0.989104,0.005944,0,0,0,book,False,"{'timestamp': 4096, 'kind': 'unstructured', 'new_data': {'content': 'Fed chair reiterates data dependence; no clear signal on next move.'}}"
1775864356.166265,news_ignored,4096,,,,,,,weak_macro_news,score=+0.00 headline=Fed chair reiterates data dependence; no clear signal on next move.,-120,869.3333,7200.00,880.00,8080.00,111520.00,8080.00,earnings,earnings,SELL,120,0.021175,True,876.7306,859,862,860.5000,3,1.764025,-0.021175,0.000000,-8.0000,,,0.0000,0,,-0.041187,unstructured,,,-0.0248,-0.0248,0.004953,0.989104,0.005944,0,0,0,book,False,"{'timestamp': 4096, 'kind': 'unstructured', 'new_data': {'content': 'Fed chair reiterates data dependence; no clear signal on next move.'}}"
1775864357.366445,heartbeat,4096,,,,,,,,,-120,869.3333,7200.00,880.00,8080.00,111520.00,8080.00,earnings,earnings,SELL,120,0.021175,True,876.7077,859,862,860.5000,3,1.764025,-0.021175,0.000000,-8.0000,,,,,,,,,,0.0000,0.0000,0.004950,0.990099,0.004950,0,0,0,book,False,
1775864360.368411,heartbeat,4096,,,,,,,,,-120,869.3333,7200.00,1000.00,8200.00,111520.00,8200.00,earnings,earnings,SELL,120,0.021175,True,,857,861,859.0000,4,1.764025,-0.021175,0.000000,-8.0000,,,,,,,,,,,,,,,0,0,0,book,False,
1775864363.367630,order_placed,4096,C,BUY,40,855,1775864044729,short_profit_2,,,-120,869.3333,7200.00,1720.00,8920.00,111520.00,8920.00,earnings,earnings,SELL,120,0.021175,True,,852,855,853.5000,3,1.764025,-0.021175,0.000000,-8.0000,,,,,,,,,,,,,,,0,0,0,book,False,
1775864363.367924,exit_trigger,4096,,,40,,,short_profit_2,short_profit_2,,-120,869.3333,7200.00,1720.00,8920.00,111520.00,8920.00,earnings,earnings,SELL,120,0.021175,True,,852,855,853.5000,3,1.764025,-0.021175,0.000000,-8.0000,,,,,,,,,,,,,,,0,0,0,book,False,
1775864363.368535,heartbeat_forced,4096,,,,,,,,,-120,869.3333,7200.00,1720.00,8920.00,111520.00,8920.00,earnings,earnings,SELL,120,0.021175,True,,852,855,853.5000,3,1.764025,-0.021175,0.000000,-8.0000,,,,,,,,,,,,,,,0,0,0,book,False,
1775864363.397868,fill,4096,C,BUY,40,855,1775864044729,short_profit_2,,,-80,869.3333,7773.33,1146.67,8920.00,77320.00,8920.00,earnings,earnings,SELL,120,0.021175,True,,855,855,855.0000,0,1.764025,-0.021175,0.000000,-8.0000,,,,,,,,,,,,,,,0,0,0,book,False,
1775864363.721841,order_placed,4096,C,BUY,40,856,1775864044730,max_hold,,,-80,869.3333,7773.33,1066.67,8840.00,77320.00,8840.00,earnings,earnings,SELL,120,0.021175,True,,852,856,854.0000,4,1.764025,-0.021175,0.000000,-8.0000,,,,,,,,,,,,,,,0,0,0,book,False,
1775864363.722386,exit_trigger,4096,,,40,,,max_hold,max_hold,,-80,869.3333,7773.33,1066.67,8840.00,77320.00,8840.00,earnings,earnings,SELL,120,0.021175,True,,852,856,854.0000,4,1.764025,-0.021175,0.000000,-8.0000,,,,,,,,,,,,,,,0,0,0,book,False,
1775864363.723350,heartbeat_forced,4096,,,,,,,,,-80,869.3333,7773.33,1066.67,8840.00,77320.00,8840.00,earnings,earnings,SELL,120,0.021175,True,,852,856,854.0000,4,1.764025,-0.021175,0.000000,-8.0000,,,,,,,,,,,,,,,0,0,0,book,False,
1775864363.753812,fill,4096,C,BUY,40,856,1775864044730,max_hold,,,-40,869.3333,8306.67,533.33,8840.00,43080.00,8840.00,earnings,earnings,SELL,120,0.021175,True,,856,856,856.0000,0,1.764025,-0.021175,0.000000,-8.0000,,,,,,,,,,,,,,,0,0,0,book,False,
1775864363.755131,order_placed,4096,C,BUY,40,856,1775864044731,max_hold,,,-40,869.3333,8306.67,533.33,8840.00,43080.00,8840.00,earnings,earnings,SELL,120,0.021175,True,,856,856,856.0000,0,1.764025,-0.021175,0.000000,-8.0000,,,,,,,,,,,,,,,0,0,0,book,False,
1775864363.755486,exit_trigger,4096,,,40,,,max_hold,max_hold,,-40,869.3333,8306.67,533.33,8840.00,43080.00,8840.00,earnings,earnings,SELL,120,0.021175,True,,856,856,856.0000,0,1.764025,-0.021175,0.000000,-8.0000,,,,,,,,,,,,,,,0,0,0,book,False,
1775864363.756032,heartbeat_forced,4096,,,,,,,,,-40,869.3333,8306.67,533.33,8840.00,43080.00,8840.00,earnings,earnings,SELL,120,0.021175,True,,856,856,856.0000,0,1.764025,-0.021175,0.000000,-8.0000,,,,,,,,,,,,,,,0,0,0,book,False,
1775864364.329357,order_placed,4096,C,BUY,40,857,1775864044732,max_hold,,,-40,869.3333,8306.67,493.33,8800.00,43080.00,8800.00,earnings,earnings,SELL,120,0.021175,True,,856,857,856.5000,1,1.764025,-0.021175,0.000000,-8.0000,,,,,,,,,,,,,,,0,0,0,book,False,
1775864364.329604,exit_trigger,4096,,,40,,,max_hold,max_hold,,-40,869.3333,8306.67,493.33,8800.00,43080.00,8800.00,earnings,earnings,SELL,120,0.021175,True,,856,857,856.5000,1,1.764025,-0.021175,0.000000,-8.0000,,,,,,,,,,,,,,,0,0,0,book,False,
1775864364.329909,heartbeat_forced,4096,,,,,,,,,-40,869.3333,8306.67,493.33,8800.00,43080.00,8800.00,earnings,earnings,SELL,120,0.021175,True,,856,857,856.5000,1,1.764025,-0.021175,0.000000,-8.0000,,,,,,,,,,,,,,,0,0,0,book,False,
1775864364.359367,cancel_response,4096,C,BUY,40,856,1775864044731,max_hold,,success=True error=None,-40,869.3333,8306.67,493.33,8800.00,43080.00,8800.00,earnings,earnings,SELL,120,0.021175,True,,853,857,855.0000,4,1.764025,-0.021175,0.000000,-8.0000,,,,,,,,,,,,,,,0,0,0,book,False,
1775864364.370904,fill,4096,C,BUY,40,857,1775864044732,max_hold,,,0,,8800.00,0.00,8800.00,8800.00,8800.00,flat,,,,,,,857,857,857.0000,0,1.764025,-0.021175,0.000000,-8.0000,,,,,,,,,,,,,,,0,0,0,flat,False,
1775864367.347578,heartbeat,4096,,,,,,,,,0,,8800.00,0.00,8800.00,8800.00,8800.00,flat,,,,,,,850,854,852.0000,4,1.764025,-0.021175,0.000000,-8.0000,,,,,,,,,,,,,,,0,0,0,flat,False,
1775864368.967316,earnings_signal,4160,,SELL,200,,,,,old=1.764025 new=1.656952 delta=-0.107073,0,,8800.00,0.00,8800.00,8800.00,8800.00,flat,earnings,SELL,200,0.107073,True,,854,858,856.0000,4,1.656952,-0.107073,0.000000,-8.0000,,,,,,,,,,,,,,,0,0,0,flat,False,
1775864368.967959,order_placed,4160,C,SELL,40,854,1775864044733,earnings_entry,,,0,,8800.00,0.00,8800.00,8800.00,8800.00,flat,earnings,SELL,200,0.107073,True,,854,858,856.0000,4,1.656952,-0.107073,0.000000,-8.0000,,,,,,,,,,,,,,,0,0,0,flat,False,
1775864368.968412,entry_decision,4160,C,SELL,40,854,,earnings,,strength=0.107073 target=200,0,,8800.00,0.00,8800.00,8800.00,8800.00,earnings,earnings,SELL,200,0.107073,True,,854,858,856.0000,4,1.656952,-0.107073,0.000000,-8.0000,,,,,,,,,,,,,,,0,0,0,flat,False,
1775864368.968917,heartbeat_forced,4160,,,,,,,,,0,,8800.00,0.00,8800.00,8800.00,8800.00,earnings,earnings,SELL,200,0.107073,True,,854,858,856.0000,4,1.656952,-0.107073,0.000000,-8.0000,,,,,,,,,,,,,,,0,0,0,flat,False,
1775864368.998698,fill,4160,C,SELL,40,854,1775864044733,earnings_entry,,,-40,854.0000,8800.00,0.00,8800.00,42960.00,8800.00,earnings,earnings,SELL,200,0.107073,True,,854,854,854.0000,0,1.656952,-0.107073,0.000000,-8.0000,,,,,,,,,,,,,,,0,0,0,book,False,
1775864369.362008,order_placed,4160,C,SELL,40,851,1775864044734,earnings_entry,,,-40,854.0000,8800.00,-120.00,8680.00,42960.00,8680.00,earnings,earnings,SELL,200,0.107073,True,,851,857,854.0000,6,1.656952,-0.107073,0.000000,-8.0000,,,,,,,,,,,,,,,0,0,0,book,False,
1775864369.362283,entry_decision,4160,C,SELL,40,851,,earnings,,strength=0.107073 target=200,-40,854.0000,8800.00,-120.00,8680.00,42960.00,8680.00,earnings,earnings,SELL,200,0.107073,True,,851,857,854.0000,6,1.656952,-0.107073,0.000000,-8.0000,,,,,,,,,,,,,,,0,0,0,book,False,
1775864369.362562,heartbeat_forced,4160,,,,,,,,,-40,854.0000,8800.00,-120.00,8680.00,42960.00,8680.00,earnings,earnings,SELL,200,0.107073,True,,851,857,854.0000,6,1.656952,-0.107073,0.000000,-8.0000,,,,,,,,,,,,,,,0,0,0,book,False,
1775864369.393062,fill,4160,C,SELL,40,851,1775864044734,earnings_entry,,,-80,852.5000,8800.00,120.00,8920.00,77000.00,8920.00,earnings,earnings,SELL,200,0.107073,True,,851,851,851.0000,0,1.656952,-0.107073,0.000000,-8.0000,,,,,,,,,,,,,,,0,0,0,book,False,
1775864369.767325,order_placed,4160,C,SELL,40,849,1775864044735,earnings_entry,,,-80,852.5000,8800.00,-40.00,8760.00,77000.00,8760.00,earnings,earnings,SELL,200,0.107073,True,,849,853,851.0000,4,1.656952,-0.107073,0.000000,-8.0000,,,,,,,,,,,,,,,0,0,0,book,False,
1775864369.768025,entry_decision,4160,C,SELL,40,849,,earnings,,strength=0.107073 target=200,-80,852.5000,8800.00,-40.00,8760.00,77000.00,8760.00,earnings,earnings,SELL,200,0.107073,True,,849,853,851.0000,4,1.656952,-0.107073,0.000000,-8.0000,,,,,,,,,,,,,,,0,0,0,book,False,
1775864369.768494,heartbeat_forced,4160,,,,,,,,,-80,852.5000,8800.00,-40.00,8760.00,77000.00,8760.00,earnings,earnings,SELL,200,0.107073,True,,849,853,851.0000,4,1.656952,-0.107073,0.000000,-8.0000,,,,,,,,,,,,,,,0,0,0,book,False,
1775864369.969025,entry_blocked,4160,,,200,,,earnings,live_order,,-80,852.5000,8800.00,280.00,9080.00,77000.00,9080.00,earnings,earnings,SELL,200,0.107073,True,,848,849,848.5000,1,1.656952,-0.107073,0.000000,-8.0000,,,,,,,,,,,,,,,0,0,0,book,False,
1775864370.366426,order_placed,4160,C,SELL,40,845,1775864044736,earnings_entry,,,-80,852.5000,8800.00,280.00,9080.00,77000.00,9080.00,earnings,earnings,SELL,200,0.107073,True,,845,849,847.0000,4,1.656952,-0.107073,0.000000,-8.0000,,,,,,,,,,,,,,,0,0,0,book,False,
1775864370.366932,entry_decision,4160,C,SELL,40,845,,earnings,,strength=0.107073 target=200,-80,852.5000,8800.00,280.00,9080.00,77000.00,9080.00,earnings,earnings,SELL,200,0.107073,True,,845,849,847.0000,4,1.656952,-0.107073,0.000000,-8.0000,,,,,,,,,,,,,,,0,0,0,book,False,
1775864370.367248,heartbeat_forced,4160,,,,,,,,,-80,852.5000,8800.00,280.00,9080.00,77000.00,9080.00,earnings,earnings,SELL,200,0.107073,True,,845,849,847.0000,4,1.656952,-0.107073,0.000000,-8.0000,,,,,,,,,,,,,,,0,0,0,book,False,
1775864370.398351,cancel_response,4160,C,SELL,40,849,1775864044735,earnings_entry,,success=True error=None,-80,852.5000,8800.00,360.00,9160.00,77000.00,9160.00,earnings,earnings,SELL,200,0.107073,True,,844,848,846.0000,4,1.656952,-0.107073,0.000000,-8.0000,,,,,,,,,,,,,,,0,0,0,book,False,
1775864370.973235,order_placed,4160,C,SELL,40,840,1775864044737,earnings_entry,,,-80,852.5000,8800.00,600.00,9400.00,77000.00,9400.00,earnings,earnings,SELL,200,0.107073,True,,840,845,842.5000,5,1.656952,-0.107073,0.000000,-8.0000,,,,,,,,,,,,,,,0,0,0,book,False,
1775864370.974139,entry_decision,4160,C,SELL,40,840,,earnings,,strength=0.107073 target=200,-80,852.5000,8800.00,600.00,9400.00,77000.00,9400.00,earnings,earnings,SELL,200,0.107073,True,,840,845,842.5000,5,1.656952,-0.107073,0.000000,-8.0000,,,,,,,,,,,,,,,0,0,0,book,False,
1775864370.975035,heartbeat_forced,4160,,,,,,,,,-80,852.5000,8800.00,600.00,9400.00,77000.00,9400.00,earnings,earnings,SELL,200,0.107073,True,,840,845,842.5000,5,1.656952,-0.107073,0.000000,-8.0000,,,,,,,,,,,,,,,0,0,0,book,False,
1775864371.012497,cancel_response,4160,C,SELL,40,845,1775864044736,earnings_entry,,success=True error=None,-80,852.5000,8800.00,920.00,9720.00,77000.00,9720.00,earnings,earnings,SELL,200,0.107073,True,,836,841,838.5000,5,1.656952,-0.107073,0.000000,-8.0000,,,,,,,,,,,,,,,0,0,0,book,False,
1775864371.370468,entry_blocked,4160,,,200,,,earnings,wide_spread_13,,-80,852.5000,8800.00,1240.00,10040.00,77000.00,10040.00,earnings,earnings,SELL,200,0.107073,True,,824,837,830.5000,13,1.656952,-0.107073,0.000000,-8.0000,,,,,,,,,,,,,,,0,0,0,book,False,
1775864371.371521,entry_blocked,4160,,,200,,,earnings,live_order,,-80,852.5000,8800.00,1480.00,10280.00,77000.00,10280.00,earnings,earnings,SELL,200,0.107073,True,,824,834,829.0000,10,1.656952,-0.107073,0.000000,-8.0000,,,,,,,,,,,,,,,0,0,0,book,False,
1775864371.565966,order_placed,4160,C,BUY,40,834,1775864044738,short_profit_1,,,-80,852.5000,8800.00,1480.00,10280.00,77000.00,10280.00,earnings,earnings,SELL,200,0.107073,True,,829,834,831.5000,5,1.656952,-0.107073,0.000000,-8.0000,,,,,,,,,,,,,,,0,0,0,book,False,
1775864371.566204,exit_trigger,4160,,,40,,,short_profit_1,short_profit_1,,-80,852.5000,8800.00,1480.00,10280.00,77000.00,10280.00,earnings,earnings,SELL,200,0.107073,True,,829,834,831.5000,5,1.656952,-0.107073,0.000000,-8.0000,,,,,,,,,,,,,,,0,0,0,book,False,
1775864371.566822,heartbeat_forced,4160,,,,,,,,,-80,852.5000,8800.00,1480.00,10280.00,77000.00,10280.00,earnings,earnings,SELL,200,0.107073,True,,829,834,831.5000,5,1.656952,-0.107073,0.000000,-8.0000,,,,,,,,,,,,,,,0,0,0,book,False,
1775864371.595087,cancel_response,4160,C,SELL,40,840,1775864044737,earnings_entry,,success=True error=None,-80,852.5000,8800.00,1720.00,10520.00,77000.00,10520.00,earnings,earnings,SELL,200,0.107073,True,,827,831,829.0000,4,1.656952,-0.107073,0.000000,-8.0000,,,,,,,,,,,,,,,0,0,0,book,False,
1775864371.597497,fill,4160,C,BUY,40,831,1775864044738,short_profit_1,,,-40,852.5000,9660.00,860.00,10520.00,43760.00,10520.00,earnings,earnings,SELL,200,0.107073,True,,834,831,832.5000,-3,1.656952,-0.107073,0.000000,-8.0000,,,,,,,,,,,,,,,0,0,0,book,False,
1775864372.167038,order_placed,4160,C,BUY,40,822,1775864044739,short_profit_2,,,-40,852.5000,9660.00,1220.00,10880.00,43760.00,10880.00,earnings,earnings,SELL,200,0.107073,True,,821,822,821.5000,1,1.656952,-0.107073,0.000000,-8.0000,,,,,,,,,,,,,,,0,0,0,book,False,
1775864372.167295,exit_trigger,4160,,,40,,,short_profit_2,short_profit_2,,-40,852.5000,9660.00,1220.00,10880.00,43760.00,10880.00,earnings,earnings,SELL,200,0.107073,True,,821,822,821.5000,1,1.656952,-0.107073,0.000000,-8.0000,,,,,,,,,,,,,,,0,0,0,book,False,
1775864372.167733,heartbeat_forced,4160,,,,,,,,,-40,852.5000,9660.00,1220.00,10880.00,43760.00,10880.00,earnings,earnings,SELL,200,0.107073,True,,821,822,821.5000,1,1.656952,-0.107073,0.000000,-8.0000,,,,,,,,,,,,,,,0,0,0,book,False,
1775864372.197571,fill,4160,C,BUY,40,822,1775864044739,short_profit_2,,,0,,10880.00,0.00,10880.00,10880.00,10880.00,flat,,,,,,,822,822,822.0000,0,1.656952,-0.107073,0.000000,-8.0000,,,,,,,,,,,,,,,0,0,0,flat,False,
1775864375.168004,heartbeat,4160,,,,,,,,,0,,10880.00,0.00,10880.00,10880.00,10880.00,flat,,,,,,,806,810,808.0000,4,1.656952,-0.107073,0.000000,-8.0000,,,,,,,,,,,,,,,0,0,0,flat,False,
1775864378.168109,heartbeat,4160,,,,,,,,,0,,10880.00,0.00,10880.00,10880.00,10880.00,flat,,,,,,,810,814,812.0000,4,1.656952,-0.107073,0.000000,-8.0000,,,,,,,,,,,,,,,0,0,0,flat,False,
1775864379.966274,macro_eval,4215,,,0,,,,below_threshold,score=+0.00 headline=Lukewarm market response greets A's much-anticipated new product.,0,,10880.00,0.00,10880.00,10880.00,10880.00,flat,,,,,,,808,812,810.0000,4,1.656952,-0.107073,0.000000,-8.0000,,,0.0000,0,,-0.123415,unstructured,,,,,,,,0,0,0,flat,False,"{'timestamp': 4215, 'kind': 'unstructured', 'new_data': {'content': ""Lukewarm market response greets A's much-anticipated new product.""}}"
1775864379.966873,news_ignored,4215,,,,,,,weak_macro_news,score=+0.00 headline=Lukewarm market response greets A's much-anticipated new product.,0,,10880.00,0.00,10880.00,10880.00,10880.00,flat,,,,,,,808,812,810.0000,4,1.656952,-0.107073,0.000000,-8.0000,,,0.0000,0,,-0.123415,unstructured,,,,,,,,0,0,0,flat,False,"{'timestamp': 4215, 'kind': 'unstructured', 'new_data': {'content': ""Lukewarm market response greets A's much-anticipated new product.""}}"
1775864381.168534,heartbeat,4215,,,,,,,,,0,,10880.00,0.00,10880.00,10880.00,10880.00,flat,,,,,,,809,813,811.0000,4,1.656952,-0.107073,0.000000,-8.0000,,,,,,,,,,,,,,,0,0,0,flat,False,
1775864384.168962,heartbeat,4215,,,,,,,,,0,,10880.00,0.00,10880.00,10880.00,10880.00,flat,,,,,,,814,818,816.0000,4,1.656952,-0.107073,0.000000,-8.0000,,,,,,,,,,,,,,,0,0,0,flat,False,
1775864387.168981,heartbeat,4215,,,,,,,,,0,,10880.00,0.00,10880.00,10880.00,10880.00,flat,,,,,,,812,815,813.5000,3,1.656952,-0.107073,0.000000,-8.0000,,,,,,,,,,,,,,,0,0,0,flat,False,
1775864390.169106,heartbeat,4215,,,,,,,,,0,,10880.00,0.00,10880.00,10880.00,10880.00,flat,,,,,,,810,814,812.0000,4,1.656952,-0.107073,0.000000,-8.0000,,,,,,,,,,,,,,,0,0,0,flat,False,
1775864393.170732,heartbeat,4215,,,,,,,,,0,,10880.00,0.00,10880.00,10880.00,10880.00,flat,,,,,,,811,814,812.5000,3,1.656952,-0.107073,0.000000,-8.0000,,,,,,,,,,,,,,,0,0,0,flat,False,
1775864396.171092,heartbeat,4215,,,,,,,,,0,,10880.00,0.00,10880.00,10880.00,10880.00,flat,,,,,,,804,808,806.0000,4,1.656952,-0.107073,0.000000,-8.0000,,,,,,,,,,,,,,,0,0,0,flat,False,
1775864399.171801,heartbeat,4215,,,,,,,,,0,,10880.00,0.00,10880.00,10880.00,10880.00,flat,,,,,,,804,807,805.5000,3,1.656952,-0.107073,0.000000,-8.0000,,,,,,,,,,,,,,,0,0,0,flat,False,
1775864399.562874,news_ignored,4313,,,,,,,non_C_earnings,A earnings value=0.6689121973819903,0,,10880.00,0.00,10880.00,10880.00,10880.00,flat,,,,,,,804,808,806.0000,4,1.656952,-0.107073,0.000000,-8.0000,,,,,,,structured,earnings,A,,,,,,0,0,0,flat,False,"{'timestamp': 4313, 'kind': 'structured', 'new_data': {'value': 0.6689121973819903, 'asset': 'A', 'structured_subtype': 'earnings'}}"
1775864402.178238,heartbeat,4313,,,,,,,,,0,,10880.00,0.00,10880.00,10880.00,10880.00,flat,,,,,,,808,811,809.5000,3,1.656952,-0.107073,0.000000,-8.0000,,,,,,,,,,,,,,,0,0,0,flat,False,
1775864405.178798,heartbeat,4313,,,,,,,,,0,,10880.00,0.00,10880.00,10880.00,10880.00,flat,,,,,,,809,812,810.5000,3,1.656952,-0.107073,0.000000,-8.0000,,,,,,,,,,,,,,,0,0,0,flat,False,
1775864408.179065,heartbeat,4313,,,,,,,,,0,,10880.00,0.00,10880.00,10880.00,10880.00,flat,,,,,,,809,813,811.0000,4,1.656952,-0.107073,0.000000,-8.0000,,,,,,,,,,,,,,,0,0,0,flat,False,
1775864411.179156,heartbeat,4313,,,,,,,,,0,,10880.00,0.00,10880.00,10880.00,10880.00,flat,,,,,,,810,814,812.0000,4,1.656952,-0.107073,0.000000,-8.0000,,,,,,,,,,,,,,,0,0,0,flat,False,
1775864414.179651,heartbeat,4313,,,,,,,,,0,,10880.00,0.00,10880.00,10880.00,10880.00,flat,,,,,,,811,814,812.5000,3,1.656952,-0.107073,0.000000,-8.0000,,,,,,,,,,,,,,,0,0,0,flat,False,
1775864417.188551,heartbeat,4313,,,,,,,,,0,,10880.00,0.00,10880.00,10880.00,10880.00,flat,,,,,,,809,812,810.5000,3,1.656952,-0.107073,0.000000,-8.0000,,,,,,,,,,,,,,,0,0,0,flat,False,
1775864420.375304,heartbeat,4313,,,,,,,,,0,,10880.00,0.00,10880.00,10880.00,10880.00,flat,,,,,,,809,813,811.0000,4,1.656952,-0.107073,0.000000,-8.0000,,,,,,,,,,,,,,,0,0,0,flat,False,
1775864423.375115,heartbeat,4313,,,,,,,,,0,,10880.00,0.00,10880.00,10880.00,10880.00,flat,,,,,,,809,813,811.0000,4,1.656952,-0.107073,0.000000,-8.0000,,,,,,,,,,,,,,,0,0,0,flat,False,
1775864426.375352,heartbeat,4313,,,,,,,,,0,,10880.00,0.00,10880.00,10880.00,10880.00,flat,,,,,,,813,815,814.0000,2,1.656952,-0.107073,0.000000,-8.0000,,,,,,,,,,,,,,,0,0,0,flat,False,
1775864429.375427,heartbeat,4313,,,,,,,,,0,,10880.00,0.00,10880.00,10880.00,10880.00,flat,,,,,,,808,811,809.5000,3,1.656952,-0.107073,0.000000,-8.0000,,,,,,,,,,,,,,,0,0,0,flat,False,
1775864432.375444,heartbeat,4313,,,,,,,,,0,,10880.00,0.00,10880.00,10880.00,10880.00,flat,,,,,,,810,814,812.0000,4,1.656952,-0.107073,0.000000,-8.0000,,,,,,,,,,,,,,,0,0,0,flat,False,
1775864434.963744,earnings_signal,4490,,SELL,200,,,,,old=1.656952 new=1.563943 delta=-0.093010,0,,10880.00,0.00,10880.00,10880.00,10880.00,flat,earnings,SELL,200,0.093010,True,,808,812,810.0000,4,1.563943,-0.093010,0.000000,-8.0000,,,,,,,,,,,,,,,0,0,0,flat,False,
1775864434.965992,order_placed,4490,C,SELL,40,808,1775864044740,earnings_entry,,,0,,10880.00,0.00,10880.00,10880.00,10880.00,flat,earnings,SELL,200,0.093010,True,,808,812,810.0000,4,1.563943,-0.093010,0.000000,-8.0000,,,,,,,,,,,,,,,0,0,0,flat,False,
1775864434.966470,entry_decision,4490,C,SELL,40,808,,earnings,,strength=0.093010 target=200,0,,10880.00,0.00,10880.00,10880.00,10880.00,earnings,earnings,SELL,200,0.093010,True,,808,812,810.0000,4,1.563943,-0.093010,0.000000,-8.0000,,,,,,,,,,,,,,,0,0,0,flat,False,
1775864434.966789,heartbeat_forced,4490,,,,,,,,,0,,10880.00,0.00,10880.00,10880.00,10880.00,earnings,earnings,SELL,200,0.093010,True,,808,812,810.0000,4,1.563943,-0.093010,0.000000,-8.0000,,,,,,,,,,,,,,,0,0,0,flat,False,
1775864435.166416,entry_blocked,4490,,,200,,,earnings,live_order,,0,,10880.00,0.00,10880.00,10880.00,10880.00,earnings,earnings,SELL,200,0.093010,True,,804,805,804.5000,1,1.563943,-0.093010,0.000000,-8.0000,,,,,,,,,,,,,,,0,0,0,flat,False,
1775864435.564515,order_placed,4490,C,SELL,40,793,1775864044741,earnings_entry,,,0,,10880.00,0.00,10880.00,10880.00,10880.00,earnings,earnings,SELL,200,0.093010,True,,793,800,796.5000,7,1.563943,-0.093010,0.000000,-8.0000,,,,,,,,,,,,,,,0,0,0,flat,False,
1775864435.564803,entry_decision,4490,C,SELL,40,793,,earnings,,strength=0.093010 target=200,0,,10880.00,0.00,10880.00,10880.00,10880.00,earnings,earnings,SELL,200,0.093010,True,,793,800,796.5000,7,1.563943,-0.093010,0.000000,-8.0000,,,,,,,,,,,,,,,0,0,0,flat,False,
1775864435.565384,heartbeat_forced,4490,,,,,,,,,0,,10880.00,0.00,10880.00,10880.00,10880.00,earnings,earnings,SELL,200,0.093010,True,,793,800,796.5000,7,1.563943,-0.093010,0.000000,-8.0000,,,,,,,,,,,,,,,0,0,0,flat,False,
1775864435.593741,cancel_response,4490,C,SELL,40,808,1775864044740,earnings_entry,,success=True error=None,0,,10880.00,0.00,10880.00,10880.00,10880.00,earnings,earnings,SELL,200,0.093010,True,,783,791,787.0000,8,1.563943,-0.093010,0.000000,-8.0000,,,,,,,,,,,,,,,0,0,0,flat,False,
1775864436.019268,order_placed,4490,C,SELL,40,767,1775864044742,earnings_entry,,,0,,10880.00,0.00,10880.00,10880.00,10880.00,earnings,earnings,SELL,200,0.093010,True,,767,773,770.0000,6,1.563943,-0.093010,0.000000,-8.0000,,,,,,,,,,,,,,,0,0,0,flat,False,
1775864436.019679,entry_decision,4490,C,SELL,40,767,,earnings,,strength=0.093010 target=200,0,,10880.00,0.00,10880.00,10880.00,10880.00,earnings,earnings,SELL,200,0.093010,True,,767,773,770.0000,6,1.563943,-0.093010,0.000000,-8.0000,,,,,,,,,,,,,,,0,0,0,flat,False,
1775864436.020020,heartbeat_forced,4490,,,,,,,,,0,,10880.00,0.00,10880.00,10880.00,10880.00,earnings,earnings,SELL,200,0.093010,True,,767,773,770.0000,6,1.563943,-0.093010,0.000000,-8.0000,,,,,,,,,,,,,,,0,0,0,flat,False,
1775864436.048423,cancel_response,4490,C,SELL,40,793,1775864044741,earnings_entry,,success=True error=None,0,,10880.00,0.00,10880.00,10880.00,10880.00,earnings,earnings,SELL,200,0.093010,True,,767,773,770.0000,6,1.563943,-0.093010,0.000000,-8.0000,,,,,,,,,,,,,,,0,0,0,flat,False,
1775864436.054328,fill,4490,C,SELL,40,767,1775864044742,earnings_entry,,,-40,767.0000,10880.00,0.00,10880.00,41560.00,10880.00,earnings,earnings,SELL,200,0.093010,True,,767,767,767.0000,0,1.563943,-0.093010,0.000000,-8.0000,,,,,,,,,,,,,,,0,0,0,book,False,
1775864436.368305,order_placed,4490,C,SELL,40,763,1775864044743,earnings_entry,,,-40,767.0000,10880.00,0.00,10880.00,41560.00,10880.00,earnings,earnings,SELL,200,0.093010,True,,763,767,765.0000,4,1.563943,-0.093010,0.000000,-8.0000,,,,,,,,,,,,,,,0,0,0,book,False,
1775864436.368635,entry_decision,4490,C,SELL,40,763,,earnings,,strength=0.093010 target=200,-40,767.0000,10880.00,0.00,10880.00,41560.00,10880.00,earnings,earnings,SELL,200,0.093010,True,,763,767,765.0000,4,1.563943,-0.093010,0.000000,-8.0000,,,,,,,,,,,,,,,0,0,0,book,False,
1775864436.368983,heartbeat_forced,4490,,,,,,,,,-40,767.0000,10880.00,0.00,10880.00,41560.00,10880.00,earnings,earnings,SELL,200,0.093010,True,,763,767,765.0000,4,1.563943,-0.093010,0.000000,-8.0000,,,,,,,,,,,,,,,0,0,0,book,False,
1775864436.568897,entry_blocked,4490,,,200,,,earnings,live_order,,-40,767.0000,10880.00,160.00,11040.00,41560.00,11040.00,earnings,earnings,SELL,200,0.093010,True,,761,763,762.0000,2,1.563943,-0.093010,0.000000,-8.0000,,,,,,,,,,,,,,,0,0,0,book,False,
1775864436.768337,fill,4490,C,SELL,40,763,1775864044743,earnings_entry,,,-80,765.0000,10880.00,160.00,11040.00,72080.00,11040.00,earnings,earnings,SELL,200,0.093010,True,,771,763,767.0000,-8,1.563943,-0.093010,0.000000,-8.0000,,,,,,,,,,,,,,,0,0,0,book,False,
1775864436.769698,order_placed,4490,C,SELL,40,771,1775864044744,earnings_entry,,,-80,765.0000,10880.00,160.00,11040.00,72080.00,11040.00,earnings,earnings,SELL,200,0.093010,True,,771,763,767.0000,-8,1.563943,-0.093010,0.000000,-8.0000,,,,,,,,,,,,,,,0,0,0,book,False,
1775864436.770243,entry_decision,4490,C,SELL,40,771,,earnings,,strength=0.093010 target=200,-80,765.0000,10880.00,160.00,11040.00,72080.00,11040.00,earnings,earnings,SELL,200,0.093010,True,,771,763,767.0000,-8,1.563943,-0.093010,0.000000,-8.0000,,,,,,,,,,,,,,,0,0,0,book,False,
1775864436.770861,heartbeat_forced,4490,,,,,,,,,-80,765.0000,10880.00,160.00,11040.00,72080.00,11040.00,earnings,earnings,SELL,200,0.093010,True,,771,763,767.0000,-8,1.563943,-0.093010,0.000000,-8.0000,,,,,,,,,,,,,,,0,0,0,book,False,
1775864436.970079,entry_blocked,4490,,,200,,,earnings,live_order,,-80,765.0000,10880.00,-320.00,10560.00,72080.00,10560.00,earnings,earnings,SELL,200,0.093010,True,,760,769,764.5000,9,1.563943,-0.093010,0.000000,-8.0000,,,,,,,,,,,,,,,0,0,0,book,False,
1775864436.970996,entry_blocked,4490,,,200,,,earnings,wide_spread_21,,-80,765.0000,10880.00,-320.00,10560.00,72080.00,10560.00,earnings,earnings,SELL,200,0.093010,True,,748,769,758.5000,21,1.563943,-0.093010,0.000000,-8.0000,,,,,,,,,,,,,,,0,0,0,book,False,
1775864436.971427,entry_blocked,4490,,,200,,,earnings,wide_spread_23,,-80,765.0000,10880.00,-480.00,10400.00,72080.00,10400.00,earnings,earnings,SELL,200,0.093010,True,,748,771,759.5000,23,1.563943,-0.093010,0.000000,-8.0000,,,,,,,,,,,,,,,0,0,0,book,False,
1775864436.971972,entry_blocked,4490,,,200,,,earnings,missing_C_book,,-80,765.0000,10880.00,-480.00,10400.00,72080.00,10400.00,earnings,earnings,SELL,200,0.093010,True,,,771,771.0000,,1.563943,-0.093010,0.000000,-8.0000,,,,,,,,,,,,,,,0,0,0,book,False,
1775864436.972939,cancel_response,4490,C,SELL,40,771,1775864044744,earnings_entry,,success=True error=None,-80,765.0000,10880.00,-480.00,10400.00,72080.00,10400.00,earnings,earnings,SELL,200,0.093010,True,,,,,,1.563943,-0.093010,0.000000,-8.0000,,,,,,,,,,,,,,,0,0,0,fallback,False,
1775864438.639547,entry_blocked,4490,,,200,,,earnings,missing_C_book,,-80,765.0000,10880.00,-480.00,10400.00,72080.00,10400.00,earnings,earnings,SELL,200,0.093010,True,,,,,,1.563943,-0.093010,0.000000,-8.0000,,,,,,,,,,,,,,,0,0,0,fallback,False,
1775864439.850574,heartbeat,4490,,,,,,,,,-80,765.0000,10880.00,-480.00,10400.00,72080.00,10400.00,earnings,earnings,SELL,200,0.093010,True,,,,,,1.563943,-0.093010,0.000000,-8.0000,,,,,,,,,,,,,,,0,0,0,fallback,False,
1775864440.254118,entry_blocked,4490,,,200,,,earnings,missing_C_book,,-80,765.0000,10880.00,-480.00,10400.00,72080.00,10400.00,earnings,earnings,SELL,200,0.093010,True,,,,,,1.563943,-0.093010,0.000000,-8.0000,,,,,,,,,,,,,,,0,0,0,fallback,False,
1775864441.869448,entry_blocked,4490,,,200,,,earnings,missing_C_book,,-80,765.0000,10880.00,-480.00,10400.00,72080.00,10400.00,earnings,earnings,SELL,200,0.093010,True,,,,,,1.563943,-0.093010,0.000000,-8.0000,,,,,,,,,,,,,,,0,0,0,fallback,False,
