event_index,session_id,run_id,wall_time_iso,wall_time_ns,monotonic_ns,exchange_tick,round,day,symbol,trade_px,trade_qty,mid_at_trade,spread_at_trade,time_since_last_symbol_news,latest_known_eps_for_symbol
66,market_research_2026-04-04_21-42-06_live_round,7efc699623d74ac8961a3f76a12cb867,2026-04-05T02:42:07.058859+00:00,1775356927058859000,172637385222625,,,,C,979,40,980.0,-2.0,,
67,market_research_2026-04-04_21-42-06_live_round,7efc699623d74ac8961a3f76a12cb867,2026-04-05T02:42:07.059002+00:00,1775356927059002000,172637385365625,,,,C,980,60,980.0,-2.0,,
68,market_research_2026-04-04_21-42-06_live_round,7efc699623d74ac8961a3f76a12cb867,2026-04-05T02:42:07.059105+00:00,1775356927059105000,172637385469500,,,,C,981,80,980.0,-2.0,,
200,market_research_2026-04-04_21-42-06_live_round,7efc699623d74ac8961a3f76a12cb867,2026-04-05T02:42:07.582772+00:00,1775356927582772000,172637909137083,,,,ETF,2900,40,2900.0,0.0,,
397,market_research_2026-04-04_21-42-06_live_round,7efc699623d74ac8961a3f76a12cb867,2026-04-05T02:42:08.063572+00:00,1775356928063572000,172638389937791,,,,C,981,40,982.5,-3.0,,
398,market_research_2026-04-04_21-42-06_live_round,7efc699623d74ac8961a3f76a12cb867,2026-04-05T02:42:08.063669+00:00,1775356928063669000,172638390035458,,,,C,982,60,982.5,-3.0,,
399,market_research_2026-04-04_21-42-06_live_round,7efc699623d74ac8961a3f76a12cb867,2026-04-05T02:42:08.063746+00:00,1775356928063746000,172638390112166,,,,C,983,80,982.5,-3.0,,
400,market_research_2026-04-04_21-42-06_live_round,7efc699623d74ac8961a3f76a12cb867,2026-04-05T02:42:08.063820+00:00,1775356928063820000,172638390186666,,,,C,984,20,982.5,-3.0,,
409,market_research_2026-04-04_21-42-06_live_round,7efc699623d74ac8961a3f76a12cb867,2026-04-05T02:42:08.188652+00:00,1775356928188652000,172638515018208,,,,ETF,2906,40,2907.5,-5.0,,
416,market_research_2026-04-04_21-42-06_live_round,7efc699623d74ac8961a3f76a12cb867,2026-04-05T02:42:08.191481+00:00,1775356928191481000,172638517847000,,,,ETF,2905,60,2907.0,-4.0,,
424,market_research_2026-04-04_21-42-06_live_round,7efc699623d74ac8961a3f76a12cb867,2026-04-05T02:42:08.194285+00:00,1775356928194285000,172638520651541,,,,ETF,2905,40,2906.5,-3.0,,
425,market_research_2026-04-04_21-42-06_live_round,7efc699623d74ac8961a3f76a12cb867,2026-04-05T02:42:08.194502+00:00,1775356928194502000,172638520868291,,,,ETF,2907,40,2906.5,-3.0,,
438,market_research_2026-04-04_21-42-06_live_round,7efc699623d74ac8961a3f76a12cb867,2026-04-05T02:42:08.198585+00:00,1775356928198585000,172638524951000,,,,ETF,2907,20,2907.0,0.0,,
541,market_research_2026-04-04_21-42-06_live_round,7efc699623d74ac8961a3f76a12cb867,2026-04-05T02:42:08.590871+00:00,1775356928590871000,172638917237541,,,,A,938,40,939.5,-3.0,,
550,market_research_2026-04-04_21-42-06_live_round,7efc699623d74ac8961a3f76a12cb867,2026-04-05T02:42:08.595001+00:00,1775356928595001000,172638921367833,,,,B,987,40,987.0,0.0,,
558,market_research_2026-04-04_21-42-06_live_round,7efc699623d74ac8961a3f76a12cb867,2026-04-05T02:42:08.598119+00:00,1775356928598119000,172638924486416,,,,A,938,60,939.0,-2.0,,
615,market_research_2026-04-04_21-42-06_live_round,7efc699623d74ac8961a3f76a12cb867,2026-04-05T02:42:08.790684+00:00,1775356928790684000,172639117051000,,,,A,943,40,944.5,-3.0,,
623,market_research_2026-04-04_21-42-06_live_round,7efc699623d74ac8961a3f76a12cb867,2026-04-05T02:42:08.794371+00:00,1775356928794371000,172639120738875,,,,A,943,60,944.0,-2.0,,
629,market_research_2026-04-04_21-42-06_live_round,7efc699623d74ac8961a3f76a12cb867,2026-04-05T02:42:08.796623+00:00,1775356928796623000,172639122991041,,,,ETF,2909,40,2911.0,-4.0,,
644,market_research_2026-04-04_21-42-06_live_round,7efc699623d74ac8961a3f76a12cb867,2026-04-05T02:42:08.802027+00:00,1775356928802027000,172639128394916,,,,ETF,2910,60,2911.0,-2.0,,
657,market_research_2026-04-04_21-42-06_live_round,7efc699623d74ac8961a3f76a12cb867,2026-04-05T02:42:08.805922+00:00,1775356928805922000,172639132289583,,,,ETF,2911,80,2911.0,0.0,,
688,market_research_2026-04-04_21-42-06_live_round,7efc699623d74ac8961a3f76a12cb867,2026-04-05T02:42:08.992586+00:00,1775356928992586000,172639318952666,,,,ETF,2912,40,2919.5,-15.0,,
693,market_research_2026-04-04_21-42-06_live_round,7efc699623d74ac8961a3f76a12cb867,2026-04-05T02:42:08.995055+00:00,1775356928995055000,172639321422916,,,,A,950,40,951.0,-2.0,,
699,market_research_2026-04-04_21-42-06_live_round,7efc699623d74ac8961a3f76a12cb867,2026-04-05T02:42:08.997357+00:00,1775356928997357000,172639323725333,,,,ETF,2912,60,2919.0,-14.0,,
704,market_research_2026-04-04_21-42-06_live_round,7efc699623d74ac8961a3f76a12cb867,2026-04-05T02:42:08.999655+00:00,1775356928999655000,172639326023083,,,,A,950,60,950.5,-1.0,,
711,market_research_2026-04-04_21-42-06_live_round,7efc699623d74ac8961a3f76a12cb867,2026-04-05T02:42:09.002671+00:00,1775356929002671000,172639329038625,,,,ETF,2919,40,2922.0,-6.0,,
712,market_research_2026-04-04_21-42-06_live_round,7efc699623d74ac8961a3f76a12cb867,2026-04-05T02:42:09.002817+00:00,1775356929002817000,172639329184833,,,,ETF,2920,40,2922.0,-6.0,,
726,market_research_2026-04-04_21-42-06_live_round,7efc699623d74ac8961a3f76a12cb867,2026-04-05T02:42:09.007821+00:00,1775356929007821000,172639334188541,,,,ETF,2920,20,2922.0,-4.0,,
727,market_research_2026-04-04_21-42-06_live_round,7efc699623d74ac8961a3f76a12cb867,2026-04-05T02:42:09.007925+00:00,1775356929007925000,172639334293000,,,,ETF,2921,80,2922.0,-4.0,,
763,market_research_2026-04-04_21-42-06_live_round,7efc699623d74ac8961a3f76a12cb867,2026-04-05T02:42:09.195246+00:00,1775356929195246000,172639521613708,,,,ETF,2922,40,2925.5,-7.0,,
767,market_research_2026-04-04_21-42-06_live_round,7efc699623d74ac8961a3f76a12cb867,2026-04-05T02:42:09.197763+00:00,1775356929197763000,172639524130500,,,,A,955,40,958.5,-7.0,,
774,market_research_2026-04-04_21-42-06_live_round,7efc699623d74ac8961a3f76a12cb867,2026-04-05T02:42:09.200955+00:00,1775356929200955000,172639527323750,,,,A,955,60,958.0,-6.0,,
781,market_research_2026-04-04_21-42-06_live_round,7efc699623d74ac8961a3f76a12cb867,2026-04-05T02:42:09.204631+00:00,1775356929204631000,172639530998750,,,,ETF,2922,60,2925.0,-6.0,,
790,market_research_2026-04-04_21-42-06_live_round,7efc699623d74ac8961a3f76a12cb867,2026-04-05T02:42:09.207887+00:00,1775356929207887000,172639534255958,,,,A,958,40,959.0,-2.0,,
791,market_research_2026-04-04_21-42-06_live_round,7efc699623d74ac8961a3f76a12cb867,2026-04-05T02:42:09.207997+00:00,1775356929207997000,172639534365833,,,,A,959,40,959.0,-2.0,,
798,market_research_2026-04-04_21-42-06_live_round,7efc699623d74ac8961a3f76a12cb867,2026-04-05T02:42:09.210262+00:00,1775356929210262000,172639536630000,,,,A,959,20,959.0,0.0,,
839,market_research_2026-04-04_21-42-06_live_round,7efc699623d74ac8961a3f76a12cb867,2026-04-05T02:42:09.397708+00:00,1775356929397708000,172639724076125,,,,A,961,40,968.0,-14.0,,
847,market_research_2026-04-04_21-42-06_live_round,7efc699623d74ac8961a3f76a12cb867,2026-04-05T02:42:09.402593+00:00,1775356929402593000,172639728961875,,,,ETF,2935,40,2938.0,-6.0,,
853,market_research_2026-04-04_21-42-06_live_round,7efc699623d74ac8961a3f76a12cb867,2026-04-05T02:42:09.405035+00:00,1775356929405035000,172639731403875,,,,A,961,60,967.5,-13.0,,
860,market_research_2026-04-04_21-42-06_live_round,7efc699623d74ac8961a3f76a12cb867,2026-04-05T02:42:09.407934+00:00,1775356929407934000,172639734302791,,,,ETF,2936,60,2938.0,-4.0,,
864,market_research_2026-04-04_21-42-06_live_round,7efc699623d74ac8961a3f76a12cb867,2026-04-05T02:42:09.409351+00:00,1775356929409351000,172639735719833,,,,A,968,40,970.5,-5.0,,
865,market_research_2026-04-04_21-42-06_live_round,7efc699623d74ac8961a3f76a12cb867,2026-04-05T02:42:09.409456+00:00,1775356929409456000,172639735824500,,,,A,969,40,970.5,-5.0,,
871,market_research_2026-04-04_21-42-06_live_round,7efc699623d74ac8961a3f76a12cb867,2026-04-05T02:42:09.411531+00:00,1775356929411531000,172639737899291,,,,A,969,20,970.5,-3.0,,
872,market_research_2026-04-04_21-42-06_live_round,7efc699623d74ac8961a3f76a12cb867,2026-04-05T02:42:09.411712+00:00,1775356929411712000,172639738081125,,,,A,970,80,970.5,-3.0,,
885,market_research_2026-04-04_21-42-06_live_round,7efc699623d74ac8961a3f76a12cb867,2026-04-05T02:42:09.417589+00:00,1775356929417589000,172639743957541,,,,ETF,2936,40,2937.5,-3.0,,
886,market_research_2026-04-04_21-42-06_live_round,7efc699623d74ac8961a3f76a12cb867,2026-04-05T02:42:09.417706+00:00,1775356929417706000,172639744074708,,,,ETF,2936,40,2937.5,-3.0,,
899,market_research_2026-04-04_21-42-06_live_round,7efc699623d74ac8961a3f76a12cb867,2026-04-05T02:42:09.421552+00:00,1775356929421552000,172639747921166,,,,ETF,2936,20,2937.0,-2.0,,
900,market_research_2026-04-04_21-42-06_live_round,7efc699623d74ac8961a3f76a12cb867,2026-04-05T02:42:09.421677+00:00,1775356929421677000,172639748045208,,,,ETF,2937,80,2937.0,-2.0,,
920,market_research_2026-04-04_21-42-06_live_round,7efc699623d74ac8961a3f76a12cb867,2026-04-05T02:42:09.613710+00:00,1775356929613710000,172639940079333,,,,A,971,40,980.0,-18.0,,
925,market_research_2026-04-04_21-42-06_live_round,7efc699623d74ac8961a3f76a12cb867,2026-04-05T02:42:09.616010+00:00,1775356929616010000,172639942379500,,,,ETF,2938,40,2944.0,-12.0,,
934,market_research_2026-04-04_21-42-06_live_round,7efc699623d74ac8961a3f76a12cb867,2026-04-05T02:42:09.619465+00:00,1775356929619465000,172639945834333,,,,ETF,2938,60,2943.5,-11.0,,
938,market_research_2026-04-04_21-42-06_live_round,7efc699623d74ac8961a3f76a12cb867,2026-04-05T02:42:09.620308+00:00,1775356929620308000,172639946677500,,,,A,971,60,979.5,-17.0,,
943,market_research_2026-04-04_21-42-06_live_round,7efc699623d74ac8961a3f76a12cb867,2026-04-05T02:42:09.621336+00:00,1775356929621336000,172639947705791,,,,A,981,40,984.0,-6.0,,
944,market_research_2026-04-04_21-42-06_live_round,7efc699623d74ac8961a3f76a12cb867,2026-04-05T02:42:09.621422+00:00,1775356929621422000,172639947791083,,,,A,982,40,984.0,-6.0,,
953,market_research_2026-04-04_21-42-06_live_round,7efc699623d74ac8961a3f76a12cb867,2026-04-05T02:42:09.624114+00:00,1775356929624114000,172639950483500,,,,ETF,2947,40,2947.5,-1.0,,
954,market_research_2026-04-04_21-42-06_live_round,7efc699623d74ac8961a3f76a12cb867,2026-04-05T02:42:09.624216+00:00,1775356929624216000,172639950585375,,,,ETF,2948,40,2947.5,-1.0,,
960,market_research_2026-04-04_21-42-06_live_round,7efc699623d74ac8961a3f76a12cb867,2026-04-05T02:42:09.625890+00:00,1775356929625890000,172639952259583,,,,A,982,20,984.0,-4.0,,
961,market_research_2026-04-04_21-42-06_live_round,7efc699623d74ac8961a3f76a12cb867,2026-04-05T02:42:09.626022+00:00,1775356929626022000,172639952391250,,,,A,983,80,984.0,-4.0,,
1007,market_research_2026-04-04_21-42-06_live_round,7efc699623d74ac8961a3f76a12cb867,2026-04-05T02:42:09.797762+00:00,1775356929797762000,172640124131583,,,,A,984,40,994.0,-20.0,,
1012,market_research_2026-04-04_21-42-06_live_round,7efc699623d74ac8961a3f76a12cb867,2026-04-05T02:42:09.800752+00:00,1775356929800752000,172640127121958,,,,A,984,60,993.5,-19.0,,
1016,market_research_2026-04-04_21-42-06_live_round,7efc699623d74ac8961a3f76a12cb867,2026-04-05T02:42:09.802340+00:00,1775356929802340000,172640128709666,,,,ETF,2950,40,2965.5,-31.0,,
1023,market_research_2026-04-04_21-42-06_live_round,7efc699623d74ac8961a3f76a12cb867,2026-04-05T02:42:09.805437+00:00,1775356929805437000,172640131806958,,,,A,995,40,998.5,-7.0,,
1024,market_research_2026-04-04_21-42-06_live_round,7efc699623d74ac8961a3f76a12cb867,2026-04-05T02:42:09.805550+00:00,1775356929805550000,172640131919166,,,,A,996,40,998.5,-7.0,,
1031,market_research_2026-04-04_21-42-06_live_round,7efc699623d74ac8961a3f76a12cb867,2026-04-05T02:42:09.807056+00:00,1775356929807056000,172640133426083,,,,A,996,20,998.5,-5.0,,
1032,market_research_2026-04-04_21-42-06_live_round,7efc699623d74ac8961a3f76a12cb867,2026-04-05T02:42:09.807126+00:00,1775356929807126000,172640133496000,,,,A,997,80,998.5,-5.0,,
1037,market_research_2026-04-04_21-42-06_live_round,7efc699623d74ac8961a3f76a12cb867,2026-04-05T02:42:09.808159+00:00,1775356929808159000,172640134528958,,,,ETF,2950,60,2965.0,-30.0,,
1042,market_research_2026-04-04_21-42-06_live_round,7efc699623d74ac8961a3f76a12cb867,2026-04-05T02:42:09.809841+00:00,1775356929809841000,172640136210083,,,,ETF,2956,40,2967.5,-23.0,,
1043,market_research_2026-04-04_21-42-06_live_round,7efc699623d74ac8961a3f76a12cb867,2026-04-05T02:42:09.810008+00:00,1775356929810008000,172640136377458,,,,ETF,2957,40,2967.5,-23.0,,
1057,market_research_2026-04-04_21-42-06_live_round,7efc699623d74ac8961a3f76a12cb867,2026-04-05T02:42:09.814632+00:00,1775356929814632000,172640141001375,,,,ETF,2957,20,2967.5,-21.0,,
1058,market_research_2026-04-04_21-42-06_live_round,7efc699623d74ac8961a3f76a12cb867,2026-04-05T02:42:09.814738+00:00,1775356929814738000,172640141107833,,,,ETF,2958,80,2967.5,-21.0,,
1087,market_research_2026-04-04_21-42-06_live_round,7efc699623d74ac8961a3f76a12cb867,2026-04-05T02:42:09.999269+00:00,1775356929999269000,172640325639041,,,,A,998,40,1009.0,-22.0,,
1092,market_research_2026-04-04_21-42-06_live_round,7efc699623d74ac8961a3f76a12cb867,2026-04-05T02:42:10.001949+00:00,1775356930001949000,172640328319125,,,,A,998,60,1008.5,-21.0,,
1097,market_research_2026-04-04_21-42-06_live_round,7efc699623d74ac8961a3f76a12cb867,2026-04-05T02:42:10.003946+00:00,1775356930003946000,172640330316458,,,,A,1010,40,1014.0,-8.0,,
1098,market_research_2026-04-04_21-42-06_live_round,7efc699623d74ac8961a3f76a12cb867,2026-04-05T02:42:10.004066+00:00,1775356930004066000,172640330435625,,,,A,1011,40,1014.0,-8.0,,
1104,market_research_2026-04-04_21-42-06_live_round,7efc699623d74ac8961a3f76a12cb867,2026-04-05T02:42:10.006471+00:00,1775356930006471000,172640332840750,,,,ETF,2959,40,2977.0,-36.0,,
1109,market_research_2026-04-04_21-42-06_live_round,7efc699623d74ac8961a3f76a12cb867,2026-04-05T02:42:10.007851+00:00,1775356930007851000,172640334221458,,,,A,1011,20,1014.0,-6.0,,
1110,market_research_2026-04-04_21-42-06_live_round,7efc699623d74ac8961a3f76a12cb867,2026-04-05T02:42:10.007931+00:00,1775356930007931000,172640334301250,,,,A,1012,80,1014.0,-6.0,,
1121,market_research_2026-04-04_21-42-06_live_round,7efc699623d74ac8961a3f76a12cb867,2026-04-05T02:42:10.011404+00:00,1775356930011404000,172640337774208,,,,ETF,2959,60,2976.5,-35.0,,
1132,market_research_2026-04-04_21-42-06_live_round,7efc699623d74ac8961a3f76a12cb867,2026-04-05T02:42:10.015206+00:00,1775356930015206000,172640341576458,,,,ETF,2987,40,2990.0,-6.0,,
1133,market_research_2026-04-04_21-42-06_live_round,7efc699623d74ac8961a3f76a12cb867,2026-04-05T02:42:10.015297+00:00,1775356930015297000,172640341667500,,,,ETF,2988,40,2990.0,-6.0,,
1140,market_research_2026-04-04_21-42-06_live_round,7efc699623d74ac8961a3f76a12cb867,2026-04-05T02:42:10.017299+00:00,1775356930017299000,172640343669125,,,,ETF,2988,20,2990.0,-4.0,,
1141,market_research_2026-04-04_21-42-06_live_round,7efc699623d74ac8961a3f76a12cb867,2026-04-05T02:42:10.017379+00:00,1775356930017379000,172640343748958,,,,ETF,2989,80,2990.0,-4.0,,
1167,market_research_2026-04-04_21-42-06_live_round,7efc699623d74ac8961a3f76a12cb867,2026-04-05T02:42:10.199308+00:00,1775356930199308000,172640525676666,,,,A,1013,40,1026.5,-27.0,,
1171,market_research_2026-04-04_21-42-06_live_round,7efc699623d74ac8961a3f76a12cb867,2026-04-05T02:42:10.202091+00:00,1775356930202091000,172640528460666,,,,ETF,2990,40,3005.0,-30.0,,
1178,market_research_2026-04-04_21-42-06_live_round,7efc699623d74ac8961a3f76a12cb867,2026-04-05T02:42:10.205757+00:00,1775356930205757000,172640532126958,,,,A,1013,60,1026.0,-26.0,,
1185,market_research_2026-04-04_21-42-06_live_round,7efc699623d74ac8961a3f76a12cb867,2026-04-05T02:42:10.209676+00:00,1775356930209676000,172640536046125,,,,A,1026,40,1032.0,-12.0,,
1186,market_research_2026-04-04_21-42-06_live_round,7efc699623d74ac8961a3f76a12cb867,2026-04-05T02:42:10.209821+00:00,1775356930209821000,172640536191708,,,,A,1027,40,1032.0,-12.0,,
1196,market_research_2026-04-04_21-42-06_live_round,7efc699623d74ac8961a3f76a12cb867,2026-04-05T02:42:10.213018+00:00,1775356930213018000,172640539388166,,,,ETF,2990,60,3004.5,-29.0,,
1202,market_research_2026-04-04_21-42-06_live_round,7efc699623d74ac8961a3f76a12cb867,2026-04-05T02:42:10.214995+00:00,1775356930214995000,172640541365291,,,,A,1027,20,1032.0,-10.0,,
1203,market_research_2026-04-04_21-42-06_live_round,7efc699623d74ac8961a3f76a12cb867,2026-04-05T02:42:10.215099+00:00,1775356930215099000,172640541469708,,,,A,1028,80,1032.0,-10.0,,
1212,market_research_2026-04-04_21-42-06_live_round,7efc699623d74ac8961a3f76a12cb867,2026-04-05T02:42:10.217939+00:00,1775356930217939000,172640544309750,,,,ETF,3001,40,3009.5,-17.0,,
1213,market_research_2026-04-04_21-42-06_live_round,7efc699623d74ac8961a3f76a12cb867,2026-04-05T02:42:10.218030+00:00,1775356930218030000,172640544400666,,,,ETF,3002,40,3009.5,-17.0,,
1222,market_research_2026-04-04_21-42-06_live_round,7efc699623d74ac8961a3f76a12cb867,2026-04-05T02:42:10.221140+00:00,1775356930221140000,172640547510541,,,,ETF,3002,20,3009.5,-15.0,,
1223,market_research_2026-04-04_21-42-06_live_round,7efc699623d74ac8961a3f76a12cb867,2026-04-05T02:42:10.221242+00:00,1775356930221242000,172640547612958,,,,ETF,3003,80,3009.5,-15.0,,
1249,market_research_2026-04-04_21-42-06_live_round,7efc699623d74ac8961a3f76a12cb867,2026-04-05T02:42:10.401855+00:00,1775356930401855000,172640728225333,,,,A,1029,40,1047.5,-37.0,,
1253,market_research_2026-04-04_21-42-06_live_round,7efc699623d74ac8961a3f76a12cb867,2026-04-05T02:42:10.404428+00:00,1775356930404428000,172640730797958,,,,ETF,3004,40,3023.0,-38.0,,
1262,market_research_2026-04-04_21-42-06_live_round,7efc699623d74ac8961a3f76a12cb867,2026-04-05T02:42:10.409900+00:00,1775356930409900000,172640736270583,,,,A,1029,60,1047.0,-36.0,,
1269,market_research_2026-04-04_21-42-06_live_round,7efc699623d74ac8961a3f76a12cb867,2026-04-05T02:42:10.412891+00:00,1775356930412891000,172640739261541,,,,A,1046,40,1055.0,-18.0,,
1270,market_research_2026-04-04_21-42-06_live_round,7efc699623d74ac8961a3f76a12cb867,2026-04-05T02:42:10.413057+00:00,1775356930413057000,172640739428041,,,,A,1047,40,1055.0,-18.0,,
1275,market_research_2026-04-04_21-42-06_live_round,7efc699623d74ac8961a3f76a12cb867,2026-04-05T02:42:10.414750+00:00,1775356930414750000,172640741120250,,,,ETF,3004,60,3022.5,-37.0,,
1285,market_research_2026-04-04_21-42-06_live_round,7efc699623d74ac8961a3f76a12cb867,2026-04-05T02:42:10.418398+00:00,1775356930418398000,172640744768291,,,,ETF,3026,40,3033.0,-14.0,,
1286,market_research_2026-04-04_21-42-06_live_round,7efc699623d74ac8961a3f76a12cb867,2026-04-05T02:42:10.418502+00:00,1775356930418502000,172640744872375,,,,ETF,3027,40,3033.0,-14.0,,
1291,market_research_2026-04-04_21-42-06_live_round,7efc699623d74ac8961a3f76a12cb867,2026-04-05T02:42:10.419994+00:00,1775356930419994000,172640746364583,,,,A,1047,20,1055.0,-16.0,,
1292,market_research_2026-04-04_21-42-06_live_round,7efc699623d74ac8961a3f76a12cb867,2026-04-05T02:42:10.420082+00:00,1775356930420082000,172640746452500,,,,A,1048,80,1055.0,-16.0,,
1304,market_research_2026-04-04_21-42-06_live_round,7efc699623d74ac8961a3f76a12cb867,2026-04-05T02:42:10.424183+00:00,1775356930424183000,172640750553875,,,,ETF,3027,20,3033.0,-12.0,,
1305,market_research_2026-04-04_21-42-06_live_round,7efc699623d74ac8961a3f76a12cb867,2026-04-05T02:42:10.424267+00:00,1775356930424267000,172640750638208,,,,ETF,3028,80,3033.0,-12.0,,
1329,market_research_2026-04-04_21-42-06_live_round,7efc699623d74ac8961a3f76a12cb867,2026-04-05T02:42:10.663810+00:00,1775356930663810000,172640990181125,,,,ETF,3029,40,3046.5,-35.0,,
1334,market_research_2026-04-04_21-42-06_live_round,7efc699623d74ac8961a3f76a12cb867,2026-04-05T02:42:10.665780+00:00,1775356930665780000,172640992151583,,,,A,1049,40,1073.5,-49.0,,
1342,market_research_2026-04-04_21-42-06_live_round,7efc699623d74ac8961a3f76a12cb867,2026-04-05T02:42:10.668660+00:00,1775356930668660000,172640995031416,,,,A,1049,60,1073.0,-48.0,,
1349,market_research_2026-04-04_21-42-06_live_round,7efc699623d74ac8961a3f76a12cb867,2026-04-05T02:42:10.670929+00:00,1775356930670929000,172640997300500,,,,ETF,3029,60,3046.0,-34.0,,
1357,market_research_2026-04-04_21-42-06_live_round,7efc699623d74ac8961a3f76a12cb867,2026-04-05T02:42:10.673520+00:00,1775356930673520000,172640999891458,,,,A,1072,40,1084.0,-24.0,,
1358,market_research_2026-04-04_21-42-06_live_round,7efc699623d74ac8961a3f76a12cb867,2026-04-05T02:42:10.673632+00:00,1775356930673632000,172641000003541,,,,A,1073,40,1084.0,-24.0,,
1365,market_research_2026-04-04_21-42-06_live_round,7efc699623d74ac8961a3f76a12cb867,2026-04-05T02:42:10.676831+00:00,1775356930676831000,172641003202166,,,,A,1073,20,1084.0,-22.0,,
1366,market_research_2026-04-04_21-42-06_live_round,7efc699623d74ac8961a3f76a12cb867,2026-04-05T02:42:10.676933+00:00,1775356930676933000,172641003304541,,,,A,1074,80,1084.0,-22.0,,
1372,market_research_2026-04-04_21-42-06_live_round,7efc699623d74ac8961a3f76a12cb867,2026-04-05T02:42:10.678495+00:00,1775356930678495000,172641004866375,,,,ETF,3048,40,3055.0,-14.0,,
1373,market_research_2026-04-04_21-42-06_live_round,7efc699623d74ac8961a3f76a12cb867,2026-04-05T02:42:10.678574+00:00,1775356930678574000,172641004945333,,,,ETF,3049,40,3055.0,-14.0,,
1383,market_research_2026-04-04_21-42-06_live_round,7efc699623d74ac8961a3f76a12cb867,2026-04-05T02:42:10.681071+00:00,1775356930681071000,172641007442291,,,,ETF,3049,20,3055.0,-12.0,,
1384,market_research_2026-04-04_21-42-06_live_round,7efc699623d74ac8961a3f76a12cb867,2026-04-05T02:42:10.681142+00:00,1775356930681142000,172641007513333,,,,ETF,3050,80,3055.0,-12.0,,
1411,market_research_2026-04-04_21-42-06_live_round,7efc699623d74ac8961a3f76a12cb867,2026-04-05T02:42:10.691497+00:00,1775356930691497000,172641017868583,,,,C,984,40,985.5,-3.0,,
1412,market_research_2026-04-04_21-42-06_live_round,7efc699623d74ac8961a3f76a12cb867,2026-04-05T02:42:10.691583+00:00,1775356930691583000,172641017954000,,,,C,985,60,985.5,-3.0,,
1413,market_research_2026-04-04_21-42-06_live_round,7efc699623d74ac8961a3f76a12cb867,2026-04-05T02:42:10.691657+00:00,1775356930691657000,172641018027958,,,,C,986,80,985.5,-3.0,,
1414,market_research_2026-04-04_21-42-06_live_round,7efc699623d74ac8961a3f76a12cb867,2026-04-05T02:42:10.691743+00:00,1775356930691743000,172641018114000,,,,C,987,20,985.5,-3.0,,
1421,market_research_2026-04-04_21-42-06_live_round,7efc699623d74ac8961a3f76a12cb867,2026-04-05T02:42:10.802548+00:00,1775356930802548000,172641128919041,,,,A,1075,40,1105.5,-61.0,,
1426,market_research_2026-04-04_21-42-06_live_round,7efc699623d74ac8961a3f76a12cb867,2026-04-05T02:42:10.804396+00:00,1775356930804396000,172641130767041,,,,ETF,3051,40,3074.0,-46.0,,
1432,market_research_2026-04-04_21-42-06_live_round,7efc699623d74ac8961a3f76a12cb867,2026-04-05T02:42:10.807023+00:00,1775356930807023000,172641133394166,,,,A,1075,60,1105.0,-60.0,,
1442,market_research_2026-04-04_21-42-06_live_round,7efc699623d74ac8961a3f76a12cb867,2026-04-05T02:42:10.811256+00:00,1775356930811256000,172641137627541,,,,A,1104,40,1119.0,-30.0,,
1443,market_research_2026-04-04_21-42-06_live_round,7efc699623d74ac8961a3f76a12cb867,2026-04-05T02:42:10.811347+00:00,1775356930811347000,172641137719000,,,,A,1105,40,1119.0,-30.0,,
1451,market_research_2026-04-04_21-42-06_live_round,7efc699623d74ac8961a3f76a12cb867,2026-04-05T02:42:10.814194+00:00,1775356930814194000,172641140565333,,,,A,1105,20,1119.0,-28.0,,
1452,market_research_2026-04-04_21-42-06_live_round,7efc699623d74ac8961a3f76a12cb867,2026-04-05T02:42:10.814398+00:00,1775356930814398000,172641140769791,,,,A,1106,80,1119.0,-28.0,,
1458,market_research_2026-04-04_21-42-06_live_round,7efc699623d74ac8961a3f76a12cb867,2026-04-05T02:42:10.816411+00:00,1775356930816411000,172641142783083,,,,ETF,3051,60,3073.5,-45.0,,
1466,market_research_2026-04-04_21-42-06_live_round,7efc699623d74ac8961a3f76a12cb867,2026-04-05T02:42:10.819332+00:00,1775356930819332000,172641145703500,,,,ETF,3070,40,3082.5,-25.0,,
1467,market_research_2026-04-04_21-42-06_live_round,7efc699623d74ac8961a3f76a12cb867,2026-04-05T02:42:10.819421+00:00,1775356930819421000,172641145792958,,,,ETF,3071,40,3082.5,-25.0,,
1478,market_research_2026-04-04_21-42-06_live_round,7efc699623d74ac8961a3f76a12cb867,2026-04-05T02:42:10.822636+00:00,1775356930822636000,172641149007541,,,,ETF,3071,20,3082.5,-23.0,,
1479,market_research_2026-04-04_21-42-06_live_round,7efc699623d74ac8961a3f76a12cb867,2026-04-05T02:42:10.822717+00:00,1775356930822717000,172641149088500,,,,ETF,3072,80,3082.5,-23.0,,
1499,market_research_2026-04-04_21-42-06_live_round,7efc699623d74ac8961a3f76a12cb867,2026-04-05T02:42:11.006881+00:00,1775356931006881000,172641333251875,,,,ETF,3073,40,3100.0,-54.0,,
1503,market_research_2026-04-04_21-42-06_live_round,7efc699623d74ac8961a3f76a12cb867,2026-04-05T02:42:11.009531+00:00,1775356931009531000,172641335902333,,,,A,1107,40,1142.0,-70.0,,
1509,market_research_2026-04-04_21-42-06_live_round,7efc699623d74ac8961a3f76a12cb867,2026-04-05T02:42:11.013518+00:00,1775356931013518000,172641339889750,,,,A,1107,60,1141.5,-69.0,,
1515,market_research_2026-04-04_21-42-06_live_round,7efc699623d74ac8961a3f76a12cb867,2026-04-05T02:42:11.016669+00:00,1775356931016669000,172641343040916,,,,A,1142,40,1158.5,-33.0,,
1516,market_research_2026-04-04_21-42-06_live_round,7efc699623d74ac8961a3f76a12cb867,2026-04-05T02:42:11.016822+00:00,1775356931016822000,172641343194291,,,,A,1143,40,1158.5,-33.0,,
1525,market_research_2026-04-04_21-42-06_live_round,7efc699623d74ac8961a3f76a12cb867,2026-04-05T02:42:11.021075+00:00,1775356931021075000,172641347447333,,,,A,1143,20,1158.5,-31.0,,
1526,market_research_2026-04-04_21-42-06_live_round,7efc699623d74ac8961a3f76a12cb867,2026-04-05T02:42:11.021180+00:00,1775356931021180000,172641347552250,,,,A,1144,80,1158.5,-31.0,,
1531,market_research_2026-04-04_21-42-06_live_round,7efc699623d74ac8961a3f76a12cb867,2026-04-05T02:42:11.022631+00:00,1775356931022631000,172641349002625,,,,ETF,3073,60,3099.5,-53.0,,
1541,market_research_2026-04-04_21-42-06_live_round,7efc699623d74ac8961a3f76a12cb867,2026-04-05T02:42:11.026248+00:00,1775356931026248000,172641352619708,,,,ETF,3103,40,3114.0,-22.0,,
1542,market_research_2026-04-04_21-42-06_live_round,7efc699623d74ac8961a3f76a12cb867,2026-04-05T02:42:11.026400+00:00,1775356931026400000,172641352772208,,,,ETF,3104,40,3114.0,-22.0,,
1557,market_research_2026-04-04_21-42-06_live_round,7efc699623d74ac8961a3f76a12cb867,2026-04-05T02:42:11.031256+00:00,1775356931031256000,172641357627833,,,,ETF,3104,20,3114.0,-20.0,,
1558,market_research_2026-04-04_21-42-06_live_round,7efc699623d74ac8961a3f76a12cb867,2026-04-05T02:42:11.031335+00:00,1775356931031335000,172641357706833,,,,ETF,3105,80,3114.0,-20.0,,
1580,market_research_2026-04-04_21-42-06_live_round,7efc699623d74ac8961a3f76a12cb867,2026-04-05T02:42:11.205712+00:00,1775356931205712000,172641532083708,,,,A,1145,40,1161.0,-32.0,,
1588,market_research_2026-04-04_21-42-06_live_round,7efc699623d74ac8961a3f76a12cb867,2026-04-05T02:42:11.211222+00:00,1775356931211222000,172641537593916,,,,ETF,3106,40,3114.5,-17.0,,
1593,market_research_2026-04-04_21-42-06_live_round,7efc699623d74ac8961a3f76a12cb867,2026-04-05T02:42:11.213180+00:00,1775356931213180000,172641539552041,,,,A,1145,60,1160.5,-31.0,,
1603,market_research_2026-04-04_21-42-06_live_round,7efc699623d74ac8961a3f76a12cb867,2026-04-05T02:42:11.217923+00:00,1775356931217923000,172641544295708,,,,ETF,3106,60,3114.0,-16.0,,
1703,market_research_2026-04-04_21-42-06_live_round,7efc699623d74ac8961a3f76a12cb867,2026-04-05T02:42:11.606377+00:00,1775356931606377000,172641932749791,,,,ETF,3125,40,3125.0,0.0,,
1779,market_research_2026-04-04_21-42-06_live_round,7efc699623d74ac8961a3f76a12cb867,2026-04-05T02:42:11.817224+00:00,1775356931817224000,172642143597375,,,,ETF,3122,40,3120.5,-3.0,,
1786,market_research_2026-04-04_21-42-06_live_round,7efc699623d74ac8961a3f76a12cb867,2026-04-05T02:42:11.821097+00:00,1775356931821097000,172642147470500,,,,ETF,3122,60,3121.0,-2.0,,
2290,market_research_2026-04-04_21-42-06_live_round,7efc699623d74ac8961a3f76a12cb867,2026-04-05T02:42:13.328463+00:00,1775356933328463000,172643654839416,,,,A,1190,40,1192.5,-5.0,,
2291,market_research_2026-04-04_21-42-06_live_round,7efc699623d74ac8961a3f76a12cb867,2026-04-05T02:42:13.328577+00:00,1775356933328577000,172643654953458,,,,A,1191,100,1192.5,-5.0,,
2292,market_research_2026-04-04_21-42-06_live_round,7efc699623d74ac8961a3f76a12cb867,2026-04-05T02:42:13.328655+00:00,1775356933328655000,172643655031833,,,,A,1191,60,1192.5,-5.0,,
2563,market_research_2026-04-04_21-42-06_live_round,7efc699623d74ac8961a3f76a12cb867,2026-04-05T02:42:14.239029+00:00,1775356934239029000,172644565407583,,,,ETF,3127,40,3130.0,-6.0,,
2583,market_research_2026-04-04_21-42-06_live_round,7efc699623d74ac8961a3f76a12cb867,2026-04-05T02:42:14.248425+00:00,1775356934248425000,172644574802875,,,,ETF,3128,60,3130.0,-4.0,,
2598,market_research_2026-04-04_21-42-06_live_round,7efc699623d74ac8961a3f76a12cb867,2026-04-05T02:42:14.254816+00:00,1775356934254816000,172644581194583,,,,ETF,3129,80,3130.0,-2.0,,
2617,market_research_2026-04-04_21-42-06_live_round,7efc699623d74ac8961a3f76a12cb867,2026-04-05T02:42:14.262679+00:00,1775356934262679000,172644589057458,,,,ETF,3130,100,3130.0,0.0,,
2757,market_research_2026-04-04_21-42-06_live_round,7efc699623d74ac8961a3f76a12cb867,2026-04-05T02:42:14.868014+00:00,1775356934868014000,172645194393625,,,,ETF,3141,40,3141.5,-1.0,,
2765,market_research_2026-04-04_21-42-06_live_round,7efc699623d74ac8961a3f76a12cb867,2026-04-05T02:42:14.871667+00:00,1775356934871667000,172645198046666,,,,ETF,3141,60,3141.0,0.0,,
2825,market_research_2026-04-04_21-42-06_live_round,7efc699623d74ac8961a3f76a12cb867,2026-04-05T02:42:15.036477+00:00,1775356935036477000,172645362856541,,,,ETF,3144,40,3150.0,-12.0,,
2839,market_research_2026-04-04_21-42-06_live_round,7efc699623d74ac8961a3f76a12cb867,2026-04-05T02:42:15.043021+00:00,1775356935043021000,172645369400333,,,,ETF,3144,60,3149.5,-11.0,,
2864,market_research_2026-04-04_21-42-06_live_round,7efc699623d74ac8961a3f76a12cb867,2026-04-05T02:42:15.055252+00:00,1775356935055252000,172645381632166,,,,ETF,3148,40,3151.0,-6.0,,
2865,market_research_2026-04-04_21-42-06_live_round,7efc699623d74ac8961a3f76a12cb867,2026-04-05T02:42:15.055371+00:00,1775356935055371000,172645381750750,,,,ETF,3149,40,3151.0,-6.0,,
2872,market_research_2026-04-04_21-42-06_live_round,7efc699623d74ac8961a3f76a12cb867,2026-04-05T02:42:15.058282+00:00,1775356935058282000,172645384661833,,,,ETF,3149,20,3151.0,-4.0,,
2873,market_research_2026-04-04_21-42-06_live_round,7efc699623d74ac8961a3f76a12cb867,2026-04-05T02:42:15.058385+00:00,1775356935058385000,172645384764750,,,,ETF,3150,80,3151.0,-4.0,,
2922,market_research_2026-04-04_21-42-06_live_round,7efc699623d74ac8961a3f76a12cb867,2026-04-05T02:42:15.246897+00:00,1775356935246897000,172645573277041,,,,ETF,3151,40,3151.5,-1.0,,
2950,market_research_2026-04-04_21-42-06_live_round,7efc699623d74ac8961a3f76a12cb867,2026-04-05T02:42:15.261029+00:00,1775356935261029000,172645587408625,,,,ETF,3151,60,3151.0,0.0,,
3037,market_research_2026-04-04_21-42-06_live_round,7efc699623d74ac8961a3f76a12cb867,2026-04-05T02:42:15.637643+00:00,1775356935637643000,172645964022791,,,,ETF,3153,40,3150.0,-6.0,,
3043,market_research_2026-04-04_21-42-06_live_round,7efc699623d74ac8961a3f76a12cb867,2026-04-05T02:42:15.641241+00:00,1775356935641241000,172645967622083,,,,ETF,3152,60,3150.0,-4.0,,
3050,market_research_2026-04-04_21-42-06_live_round,7efc699623d74ac8961a3f76a12cb867,2026-04-05T02:42:15.644721+00:00,1775356935644721000,172645971101833,,,,ETF,3151,80,3150.0,-2.0,,
3058,market_research_2026-04-04_21-42-06_live_round,7efc699623d74ac8961a3f76a12cb867,2026-04-05T02:42:15.648273+00:00,1775356935648273000,172645974653875,,,,ETF,3150,100,3150.0,0.0,,
3165,market_research_2026-04-04_21-42-06_live_round,7efc699623d74ac8961a3f76a12cb867,2026-04-05T02:42:16.038801+00:00,1775356936038801000,172646365182458,1500,,,C,987,40,983.0,-8.0,0.087726167,1.861457247224262
3171,market_research_2026-04-04_21-42-06_live_round,7efc699623d74ac8961a3f76a12cb867,2026-04-05T02:42:16.041465+00:00,1775356936041465000,172646367847083,1500,,,C,987,60,983.5,-7.0,0.090390792,1.861457247224262
3175,market_research_2026-04-04_21-42-06_live_round,7efc699623d74ac8961a3f76a12cb867,2026-04-05T02:42:16.043514+00:00,1775356936043514000,172646369896125,1500,,,ETF,3140,40,3136.0,-8.0,0.092439834,
3181,market_research_2026-04-04_21-42-06_live_round,7efc699623d74ac8961a3f76a12cb867,2026-04-05T02:42:16.046013+00:00,1775356936046013000,172646372395166,1500,,,C,987,40,984.0,-6.0,0.094938875,1.861457247224262
3182,market_research_2026-04-04_21-42-06_live_round,7efc699623d74ac8961a3f76a12cb867,2026-04-05T02:42:16.046108+00:00,1775356936046108000,172646372489916,1500,,,C,986,40,984.0,-6.0,0.095033625,1.861457247224262
3188,market_research_2026-04-04_21-42-06_live_round,7efc699623d74ac8961a3f76a12cb867,2026-04-05T02:42:16.048390+00:00,1775356936048390000,172646374772291,1500,,,C,986,20,984.0,-4.0,0.097316,1.861457247224262
3189,market_research_2026-04-04_21-42-06_live_round,7efc699623d74ac8961a3f76a12cb867,2026-04-05T02:42:16.048483+00:00,1775356936048483000,172646374864500,1500,,,C,985,80,984.0,-4.0,0.097408209,1.861457247224262
3195,market_research_2026-04-04_21-42-06_live_round,7efc699623d74ac8961a3f76a12cb867,2026-04-05T02:42:16.050917+00:00,1775356936050917000,172646377298583,1500,,,ETF,3139,60,3136.0,-6.0,0.099842292,
3204,market_research_2026-04-04_21-42-06_live_round,7efc699623d74ac8961a3f76a12cb867,2026-04-05T02:42:16.055812+00:00,1775356936055812000,172646382193750,1500,,,ETF,3138,80,3136.0,-4.0,0.104737459,
3231,market_research_2026-04-04_21-42-06_live_round,7efc699623d74ac8961a3f76a12cb867,2026-04-05T02:42:16.069174+00:00,1775356936069174000,172646395555583,1500,,,ETF,3138,100,3136.5,-3.0,0.118099292,
3251,market_research_2026-04-04_21-42-06_live_round,7efc699623d74ac8961a3f76a12cb867,2026-04-05T02:42:16.247425+00:00,1775356936247425000,172646573806458,1500,,,ETF,3137,40,3127.0,-20.0,0.296350167,
3255,market_research_2026-04-04_21-42-06_live_round,7efc699623d74ac8961a3f76a12cb867,2026-04-05T02:42:16.249110+00:00,1775356936249110000,172646575492291,1500,,,C,984,40,980.0,-8.0,0.298036,1.861457247224262
3265,market_research_2026-04-04_21-42-06_live_round,7efc699623d74ac8961a3f76a12cb867,2026-04-05T02:42:16.254731+00:00,1775356936254731000,172646581113166,1500,,,C,984,60,980.5,-7.0,0.303656875,1.861457247224262
3277,market_research_2026-04-04_21-42-06_live_round,7efc699623d74ac8961a3f76a12cb867,2026-04-05T02:42:16.260233+00:00,1775356936260233000,172646586615041,1500,,,ETF,3137,60,3127.5,-19.0,0.30915875,
3294,market_research_2026-04-04_21-42-06_live_round,7efc699623d74ac8961a3f76a12cb867,2026-04-05T02:42:16.268548+00:00,1775356936268548000,172646594929875,1500,,,ETF,3126,40,3122.5,-7.0,0.317473584,
3295,market_research_2026-04-04_21-42-06_live_round,7efc699623d74ac8961a3f76a12cb867,2026-04-05T02:42:16.268798+00:00,1775356936268798000,172646595179458,1500,,,ETF,3125,40,3122.5,-7.0,0.317723167,
3307,market_research_2026-04-04_21-42-06_live_round,7efc699623d74ac8961a3f76a12cb867,2026-04-05T02:42:16.274380+00:00,1775356936274380000,172646600762458,1500,,,ETF,3125,20,3122.5,-5.0,0.323306167,
3308,market_research_2026-04-04_21-42-06_live_round,7efc699623d74ac8961a3f76a12cb867,2026-04-05T02:42:16.274465+00:00,1775356936274465000,172646600847291,1500,,,ETF,3124,80,3122.5,-5.0,0.323391,
3377,market_research_2026-04-04_21-42-06_live_round,7efc699623d74ac8961a3f76a12cb867,2026-04-05T02:42:16.648869+00:00,1775356936648869000,172646975251916,1500,,,ETF,3123,40,3123.0,0.0,0.697795625,
3464,market_research_2026-04-04_21-42-06_live_round,7efc699623d74ac8961a3f76a12cb867,2026-04-05T02:42:16.859990+00:00,1775356936859990000,172647186373041,1500,,,ETF,3120,40,3118.5,-3.0,0.90891675,
3470,market_research_2026-04-04_21-42-06_live_round,7efc699623d74ac8961a3f76a12cb867,2026-04-05T02:42:16.862672+00:00,1775356936862672000,172647189055458,1500,,,ETF,3120,60,3119.0,-2.0,0.911599167,
3519,market_research_2026-04-04_21-42-06_live_round,7efc699623d74ac8961a3f76a12cb867,2026-04-05T02:42:17.051685+00:00,1775356937051685000,172647378049166,1500,,,ETF,3114,40,3112.0,-4.0,1.100592875,
3534,market_research_2026-04-04_21-42-06_live_round,7efc699623d74ac8961a3f76a12cb867,2026-04-05T02:42:17.059616+00:00,1775356937059616000,172647385999875,1500,,,ETF,3114,60,3112.5,-3.0,1.108543584,
3580,market_research_2026-04-04_21-42-06_live_round,7efc699623d74ac8961a3f76a12cb867,2026-04-05T02:42:17.111079+00:00,1775356937111079000,172647437463166,1500,,,C,975,40,974.5,-1.0,1.160006875,1.861457247224262
3581,market_research_2026-04-04_21-42-06_live_round,7efc699623d74ac8961a3f76a12cb867,2026-04-05T02:42:17.111220+00:00,1775356937111220000,172647437603791,1500,,,C,974,60,974.5,-1.0,1.1601475,1.861457247224262
3649,market_research_2026-04-04_21-42-06_live_round,7efc699623d74ac8961a3f76a12cb867,2026-04-05T02:42:17.501814+00:00,1775356937501814000,172647828198625,1500,,,ETF,3103,40,3101.0,-4.0,1.550742334,
3657,market_research_2026-04-04_21-42-06_live_round,7efc699623d74ac8961a3f76a12cb867,2026-04-05T02:42:17.506473+00:00,1775356937506473000,172647832857833,1500,,,ETF,3102,60,3101.0,-2.0,1.555401542,
3674,market_research_2026-04-04_21-42-06_live_round,7efc699623d74ac8961a3f76a12cb867,2026-04-05T02:42:17.515707+00:00,1775356937515707000,172647842091583,1500,,,ETF,3101,80,3101.0,0.0,1.564635292,
3783,market_research_2026-04-04_21-42-06_live_round,7efc699623d74ac8961a3f76a12cb867,2026-04-05T02:42:17.846934+00:00,1775356937846934000,172648173318708,1500,,,ETF,3102,40,3107.0,-10.0,1.895862417,
3792,market_research_2026-04-04_21-42-06_live_round,7efc699623d74ac8961a3f76a12cb867,2026-04-05T02:42:17.855816+00:00,1775356937855816000,172648182201791,1500,,,ETF,3102,60,3106.5,-9.0,1.9047455,
3811,market_research_2026-04-04_21-42-06_live_round,7efc699623d74ac8961a3f76a12cb867,2026-04-05T02:42:17.865682+00:00,1775356937865682000,172648192066916,1500,,,ETF,3106,40,3108.0,-4.0,1.914610625,
3812,market_research_2026-04-04_21-42-06_live_round,7efc699623d74ac8961a3f76a12cb867,2026-04-05T02:42:17.865765+00:00,1775356937865765000,172648192150291,1500,,,ETF,3107,40,3108.0,-4.0,1.914694,
3822,market_research_2026-04-04_21-42-06_live_round,7efc699623d74ac8961a3f76a12cb867,2026-04-05T02:42:17.871326+00:00,1775356937871326000,172648197711791,1500,,,ETF,3107,20,3108.0,-2.0,1.9202555,
3823,market_research_2026-04-04_21-42-06_live_round,7efc699623d74ac8961a3f76a12cb867,2026-04-05T02:42:17.871436+00:00,1775356937871436000,172648197821125,1500,,,ETF,3108,80,3108.0,-2.0,1.920364834,
3858,market_research_2026-04-04_21-42-06_live_round,7efc699623d74ac8961a3f76a12cb867,2026-04-05T02:42:18.053181+00:00,1775356938053181000,172648379566166,1500,,,ETF,3109,40,3111.0,-4.0,2.102109875,
3874,market_research_2026-04-04_21-42-06_live_round,7efc699623d74ac8961a3f76a12cb867,2026-04-05T02:42:18.065672+00:00,1775356938065672000,172648392057625,1500,,,ETF,3109,60,3110.5,-3.0,2.114601334,
4181,market_research_2026-04-04_21-42-06_live_round,7efc699623d74ac8961a3f76a12cb867,2026-04-05T02:42:18.919671+00:00,1775356938919671000,172649246058666,1500,,,A,1201,40,1201.0,0.0,2.969531958,0.8324129727310562
4198,market_research_2026-04-04_21-42-06_live_round,7efc699623d74ac8961a3f76a12cb867,2026-04-05T02:42:19.076493+00:00,1775356939076493000,172649402880833,1500,,,ETF,3109,40,3108.0,-2.0,3.125424542,
4219,market_research_2026-04-04_21-42-06_live_round,7efc699623d74ac8961a3f76a12cb867,2026-04-05T02:42:19.088817+00:00,1775356939088817000,172649415205083,1500,,,ETF,3108,60,3108.0,0.0,3.137748792,
4265,market_research_2026-04-04_21-42-06_live_round,7efc699623d74ac8961a3f76a12cb867,2026-04-05T02:42:19.269451+00:00,1775356939269451000,172649595838708,1500,,,ETF,3106,40,3106.0,0.0,3.318382417,
4382,market_research_2026-04-04_21-42-06_live_round,7efc699623d74ac8961a3f76a12cb867,2026-04-05T02:42:19.649487+00:00,1775356939649487000,172649975875375,1500,,,ETF,3109,40,3113.5,-9.0,3.698419084,
4389,market_research_2026-04-04_21-42-06_live_round,7efc699623d74ac8961a3f76a12cb867,2026-04-05T02:42:19.657096+00:00,1775356939657096000,172649983484416,1500,,,ETF,3109,60,3113.0,-8.0,3.706028125,
4394,market_research_2026-04-04_21-42-06_live_round,7efc699623d74ac8961a3f76a12cb867,2026-04-05T02:42:19.661599+00:00,1775356939661599000,172649987987416,1500,,,ETF,3112,40,3114.0,-4.0,3.710531125,
4395,market_research_2026-04-04_21-42-06_live_round,7efc699623d74ac8961a3f76a12cb867,2026-04-05T02:42:19.661910+00:00,1775356939661910000,172649988299000,1500,,,ETF,3113,40,3114.0,-4.0,3.710842709,
4410,market_research_2026-04-04_21-42-06_live_round,7efc699623d74ac8961a3f76a12cb867,2026-04-05T02:42:19.676175+00:00,1775356939676175000,172650002563416,1500,,,ETF,3113,20,3114.0,-2.0,3.725107125,
4411,market_research_2026-04-04_21-42-06_live_round,7efc699623d74ac8961a3f76a12cb867,2026-04-05T02:42:19.676511+00:00,1775356939676511000,172650002899291,1500,,,ETF,3114,80,3114.0,-2.0,3.725443,
4465,market_research_2026-04-04_21-42-06_live_round,7efc699623d74ac8961a3f76a12cb867,2026-04-05T02:42:19.852187+00:00,1775356939852187000,172650178576208,1500,,,ETF,3115,40,3123.0,-16.0,3.901119917,
4475,market_research_2026-04-04_21-42-06_live_round,7efc699623d74ac8961a3f76a12cb867,2026-04-05T02:42:19.858003+00:00,1775356939858003000,172650184391958,1500,,,ETF,3115,60,3122.5,-15.0,3.906935667,
4484,market_research_2026-04-04_21-42-06_live_round,7efc699623d74ac8961a3f76a12cb867,2026-04-05T02:42:19.863437+00:00,1775356939863437000,172650189826083,1500,,,ETF,3124,40,3126.5,-5.0,3.912369792,
4485,market_research_2026-04-04_21-42-06_live_round,7efc699623d74ac8961a3f76a12cb867,2026-04-05T02:42:19.863535+00:00,1775356939863535000,172650189924708,1500,,,ETF,3125,40,3126.5,-5.0,3.912468417,
4491,market_research_2026-04-04_21-42-06_live_round,7efc699623d74ac8961a3f76a12cb867,2026-04-05T02:42:19.867441+00:00,1775356939867441000,172650193830458,1500,,,ETF,3125,20,3126.5,-3.0,3.916374167,
4492,market_research_2026-04-04_21-42-06_live_round,7efc699623d74ac8961a3f76a12cb867,2026-04-05T02:42:19.867812+00:00,1775356939867812000,172650194201250,1500,,,ETF,3126,80,3126.5,-3.0,3.916744959,
4536,market_research_2026-04-04_21-42-06_live_round,7efc699623d74ac8961a3f76a12cb867,2026-04-05T02:42:20.116427+00:00,1775356940116427000,172650442816583,1500,,,ETF,3127,40,3131.0,-8.0,4.165360292,
4546,market_research_2026-04-04_21-42-06_live_round,7efc699623d74ac8961a3f76a12cb867,2026-04-05T02:42:20.122502+00:00,1775356940122502000,172650448891291,1500,,,ETF,3127,60,3130.5,-7.0,4.171435,
4562,market_research_2026-04-04_21-42-06_live_round,7efc699623d74ac8961a3f76a12cb867,2026-04-05T02:42:20.132024+00:00,1775356940132024000,172650458413833,1500,,,C,979,40,978.0,-2.0,4.180957542,1.861457247224262
4568,market_research_2026-04-04_21-42-06_live_round,7efc699623d74ac8961a3f76a12cb867,2026-04-05T02:42:20.135175+00:00,1775356940135175000,172650461564583,1500,,,C,978,60,978.0,0.0,4.184108292,1.861457247224262
4629,market_research_2026-04-04_21-42-06_live_round,7efc699623d74ac8961a3f76a12cb867,2026-04-05T02:42:20.280485+00:00,1775356940280485000,172650606874666,1500,,,ETF,3140,40,3143.0,-6.0,4.329418375,
4643,market_research_2026-04-04_21-42-06_live_round,7efc699623d74ac8961a3f76a12cb867,2026-04-05T02:42:20.290880+00:00,1775356940290880000,172650617269750,1500,,,ETF,3140,60,3142.5,-5.0,4.339813459,
4659,market_research_2026-04-04_21-42-06_live_round,7efc699623d74ac8961a3f76a12cb867,2026-04-05T02:42:20.300683+00:00,1775356940300683000,172650627073083,1500,,,ETF,3141,40,3142.5,-3.0,4.349616792,
4660,market_research_2026-04-04_21-42-06_live_round,7efc699623d74ac8961a3f76a12cb867,2026-04-05T02:42:20.300774+00:00,1775356940300774000,172650627163750,1500,,,ETF,3142,40,3142.5,-3.0,4.349707459,
4666,market_research_2026-04-04_21-42-06_live_round,7efc699623d74ac8961a3f76a12cb867,2026-04-05T02:42:20.303756+00:00,1775356940303756000,172650630146500,1500,,,ETF,3142,20,3142.5,-1.0,4.352690209,
4667,market_research_2026-04-04_21-42-06_live_round,7efc699623d74ac8961a3f76a12cb867,2026-04-05T02:42:20.303835+00:00,1775356940303835000,172650630225166,1500,,,ETF,3143,80,3142.5,-1.0,4.352768875,
4930,market_research_2026-04-04_21-42-06_live_round,7efc699623d74ac8961a3f76a12cb867,2026-04-05T02:42:21.149253+00:00,1775356941149253000,172651475645000,1525,,,C,972,40,972.0,0.0,5.198188709,1.861457247224262
5065,market_research_2026-04-04_21-42-06_live_round,7efc699623d74ac8961a3f76a12cb867,2026-04-05T02:42:21.697132+00:00,1775356941697132000,172652023524375,1525,,,ETF,3140,40,3138.0,-4.0,5.746068084,
5073,market_research_2026-04-04_21-42-06_live_round,7efc699623d74ac8961a3f76a12cb867,2026-04-05T02:42:21.702417+00:00,1775356941702417000,172652028809750,1525,,,ETF,3140,60,3138.5,-3.0,5.751353459,
5082,market_research_2026-04-04_21-42-06_live_round,7efc699623d74ac8961a3f76a12cb867,2026-04-05T02:42:21.708362+00:00,1775356941708362000,172652034755166,1525,,,ETF,3138,40,3138.0,0.0,5.757298875,
5271,market_research_2026-04-04_21-42-06_live_round,7efc699623d74ac8961a3f76a12cb867,2026-04-05T02:42:22.285281+00:00,1775356942285281000,172652611674333,1525,,,ETF,3135,40,3131.0,-8.0,6.334218042,
5275,market_research_2026-04-04_21-42-06_live_round,7efc699623d74ac8961a3f76a12cb867,2026-04-05T02:42:22.289214+00:00,1775356942289214000,172652615607625,1525,,,A,1188,40,1188.0,0.0,6.339080917,0.8324129727310562
5292,market_research_2026-04-04_21-42-06_live_round,7efc699623d74ac8961a3f76a12cb867,2026-04-05T02:42:22.303197+00:00,1775356942303197000,172652629591375,1525,,,ETF,3134,60,3131.0,-6.0,6.352135084,
5305,market_research_2026-04-04_21-42-06_live_round,7efc699623d74ac8961a3f76a12cb867,2026-04-05T02:42:22.311897+00:00,1775356942311897000,172652638291000,1525,,,ETF,3133,80,3131.0,-4.0,6.360834709,
5313,market_research_2026-04-04_21-42-06_live_round,7efc699623d74ac8961a3f76a12cb867,2026-04-05T02:42:22.317557+00:00,1775356942317557000,172652643950541,1525,,,ETF,3132,100,3131.0,-2.0,6.36649425,
5532,market_research_2026-04-04_21-42-06_live_round,7efc699623d74ac8961a3f76a12cb867,2026-04-05T02:42:23.078931+00:00,1775356943078931000,172653405326083,1525,,,ETF,3121,40,3118.5,-5.0,7.127869792,
5538,market_research_2026-04-04_21-42-06_live_round,7efc699623d74ac8961a3f76a12cb867,2026-04-05T02:42:23.085577+00:00,1775356943085577000,172653411972541,1525,,,ETF,3120,60,3118.5,-3.0,7.13451625,
5558,market_research_2026-04-04_21-42-06_live_round,7efc699623d74ac8961a3f76a12cb867,2026-04-05T02:42:23.104973+00:00,1775356943104973000,172653431368833,1525,,,ETF,3119,80,3118.5,-1.0,7.153912542,
5611,market_research_2026-04-04_21-42-06_live_round,7efc699623d74ac8961a3f76a12cb867,2026-04-05T02:42:23.296940+00:00,1775356943296940000,172653623335875,1525,,,ETF,3118,40,3115.5,-5.0,7.345879584,
5624,market_research_2026-04-04_21-42-06_live_round,7efc699623d74ac8961a3f76a12cb867,2026-04-05T02:42:23.306913+00:00,1775356943306913000,172653633309250,1525,,,ETF,3118,60,3116.0,-4.0,7.355852959,
5870,market_research_2026-04-04_21-42-06_live_round,7efc699623d74ac8961a3f76a12cb867,2026-04-05T02:42:24.096424+00:00,1775356944096424000,172654422821166,1525,,,ETF,3102,40,3100.5,-3.0,8.145364875,
5876,market_research_2026-04-04_21-42-06_live_round,7efc699623d74ac8961a3f76a12cb867,2026-04-05T02:42:24.103210+00:00,1775356944103210000,172654429607583,1525,,,ETF,3102,60,3101.0,-2.0,8.152151292,
6061,market_research_2026-04-04_21-42-06_live_round,7efc699623d74ac8961a3f76a12cb867,2026-04-05T02:42:24.694218+00:00,1775356944694218000,172655020616041,1525,,,A,1171,40,1170.0,-2.0,8.744089333,0.8324129727310562
6068,market_research_2026-04-04_21-42-06_live_round,7efc699623d74ac8961a3f76a12cb867,2026-04-05T02:42:24.702750+00:00,1775356944702750000,172655029148375,1525,,,A,1171,60,1170.5,-1.0,8.752621667,0.8324129727310562
6128,market_research_2026-04-04_21-42-06_live_round,7efc699623d74ac8961a3f76a12cb867,2026-04-05T02:42:24.816572+00:00,1775356944816572000,172655142971041,1525,,,C,971,100,973.0,-4.0,8.86551475,1.861457247224262
6129,market_research_2026-04-04_21-42-06_live_round,7efc699623d74ac8961a3f76a12cb867,2026-04-05T02:42:24.816703+00:00,1775356944816703000,172655143101791,1525,,,C,973,40,973.0,-4.0,8.8656455,1.861457247224262
6130,market_research_2026-04-04_21-42-06_live_round,7efc699623d74ac8961a3f76a12cb867,2026-04-05T02:42:24.816791+00:00,1775356944816791000,172655143190125,1525,,,C,974,60,973.0,-4.0,8.865733834,1.861457247224262
6138,market_research_2026-04-04_21-42-06_live_round,7efc699623d74ac8961a3f76a12cb867,2026-04-05T02:42:24.888627+00:00,1775356944888627000,172655215026208,1525,,,A,1166,40,1164.0,-4.0,8.9384995,0.8324129727310562
6143,market_research_2026-04-04_21-42-06_live_round,7efc699623d74ac8961a3f76a12cb867,2026-04-05T02:42:24.893073+00:00,1775356944893073000,172655219472083,1525,,,A,1166,60,1164.5,-3.0,8.942945375,0.8324129727310562
6203,market_research_2026-04-04_21-42-06_live_round,7efc699623d74ac8961a3f76a12cb867,2026-04-05T02:42:25.081099+00:00,1775356945081099000,172655407498875,1525,,,A,1160,40,1160.0,0.0,9.130972167,0.8324129727310562
6268,market_research_2026-04-04_21-42-06_live_round,7efc699623d74ac8961a3f76a12cb867,2026-04-05T02:42:25.372825+00:00,1775356945372825000,172655699224916,1525,,,A,1154,40,1150.5,-7.0,9.422698208,0.8324129727310562
6274,market_research_2026-04-04_21-42-06_live_round,7efc699623d74ac8961a3f76a12cb867,2026-04-05T02:42:25.377173+00:00,1775356945377173000,172655703572541,1525,,,A,1153,60,1150.5,-5.0,9.427045833,0.8324129727310562
6280,market_research_2026-04-04_21-42-06_live_round,7efc699623d74ac8961a3f76a12cb867,2026-04-05T02:42:25.380977+00:00,1775356945380977000,172655707377125,1525,,,A,1153,80,1151.0,-4.0,9.430850417,0.8324129727310562
6288,market_research_2026-04-04_21-42-06_live_round,7efc699623d74ac8961a3f76a12cb867,2026-04-05T02:42:25.386220+00:00,1775356945386220000,172655712619958,1525,,,A,1153,20,1151.5,-3.0,9.43609325,0.8324129727310562
6289,market_research_2026-04-04_21-42-06_live_round,7efc699623d74ac8961a3f76a12cb867,2026-04-05T02:42:25.386304+00:00,1775356945386304000,172655712704125,1525,,,A,1152,80,1151.5,-3.0,9.436177417,0.8324129727310562
6298,market_research_2026-04-04_21-42-06_live_round,7efc699623d74ac8961a3f76a12cb867,2026-04-05T02:42:25.392324+00:00,1775356945392324000,172655718724500,1525,,,ETF,3091,40,3088.0,-6.0,9.441268209,
6316,market_research_2026-04-04_21-42-06_live_round,7efc699623d74ac8961a3f76a12cb867,2026-04-05T02:42:25.407109+00:00,1775356945407109000,172655733509458,1525,,,ETF,3090,60,3088.0,-4.0,9.456053167,
6333,market_research_2026-04-04_21-42-06_live_round,7efc699623d74ac8961a3f76a12cb867,2026-04-05T02:42:25.418624+00:00,1775356945418624000,172655745023583,1525,,,ETF,3090,80,3088.5,-3.0,9.467567292,
6338,market_research_2026-04-04_21-42-06_live_round,7efc699623d74ac8961a3f76a12cb867,2026-04-05T02:42:25.421567+00:00,1775356945421567000,172655747967250,1525,,,ETF,3090,20,3089.0,-2.0,9.470510959,
6339,market_research_2026-04-04_21-42-06_live_round,7efc699623d74ac8961a3f76a12cb867,2026-04-05T02:42:25.421648+00:00,1775356945421648000,172655748048333,1525,,,ETF,3089,80,3089.0,-2.0,9.470592042,
6349,market_research_2026-04-04_21-42-06_live_round,7efc699623d74ac8961a3f76a12cb867,2026-04-05T02:42:25.489454+00:00,1775356945489454000,172655815854333,1525,,,A,1151,40,1146.5,-9.0,9.539327625,0.8324129727310562
6355,market_research_2026-04-04_21-42-06_live_round,7efc699623d74ac8961a3f76a12cb867,2026-04-05T02:42:25.497920+00:00,1775356945497920000,172655824319916,1525,,,A,1151,60,1147.0,-8.0,9.547793208,0.8324129727310562
6365,market_research_2026-04-04_21-42-06_live_round,7efc699623d74ac8961a3f76a12cb867,2026-04-05T02:42:25.508547+00:00,1775356945508547000,172655834946958,1525,,,ETF,3088,40,3082.5,-11.0,9.557490667,
6372,market_research_2026-04-04_21-42-06_live_round,7efc699623d74ac8961a3f76a12cb867,2026-04-05T02:42:25.514566+00:00,1775356945514566000,172655840966291,1525,,,ETF,3088,60,3083.0,-10.0,9.56351,
6384,market_research_2026-04-04_21-42-06_live_round,7efc699623d74ac8961a3f76a12cb867,2026-04-05T02:42:25.526176+00:00,1775356945526176000,172655852576125,1525,,,ETF,3079,40,3079.0,0.0,9.575119834,
6422,market_research_2026-04-04_21-42-06_live_round,7efc699623d74ac8961a3f76a12cb867,2026-04-05T02:42:25.699227+00:00,1775356945699227000,172656025627416,1525,,,A,1138,40,1135.5,-5.0,9.749100708,0.8324129727310562
6427,market_research_2026-04-04_21-42-06_live_round,7efc699623d74ac8961a3f76a12cb867,2026-04-05T02:42:25.705471+00:00,1775356945705471000,172656031871416,1525,,,ETF,3076,40,3070.5,-11.0,9.754415125,
6434,market_research_2026-04-04_21-42-06_live_round,7efc699623d74ac8961a3f76a12cb867,2026-04-05T02:42:25.713015+00:00,1775356945713015000,172656039415833,1525,,,ETF,3076,60,3071.0,-10.0,9.761959542,
6439,market_research_2026-04-04_21-42-06_live_round,7efc699623d74ac8961a3f76a12cb867,2026-04-05T02:42:25.716275+00:00,1775356945716275000,172656042675666,1525,,,A,1138,60,1136.0,-4.0,9.766148958,0.8324129727310562
6446,market_research_2026-04-04_21-42-06_live_round,7efc699623d74ac8961a3f76a12cb867,2026-04-05T02:42:25.721144+00:00,1775356945721144000,172656047544625,1525,,,A,1136,40,1135.5,-1.0,9.771017917,0.8324129727310562
6447,market_research_2026-04-04_21-42-06_live_round,7efc699623d74ac8961a3f76a12cb867,2026-04-05T02:42:25.721298+00:00,1775356945721298000,172656047698125,1525,,,A,1135,40,1135.5,-1.0,9.771171417,0.8324129727310562
6458,market_research_2026-04-04_21-42-06_live_round,7efc699623d74ac8961a3f76a12cb867,2026-04-05T02:42:25.730251+00:00,1775356945730251000,172656056651875,1525,,,ETF,3071,40,3069.0,-4.0,9.779195584,
6459,market_research_2026-04-04_21-42-06_live_round,7efc699623d74ac8961a3f76a12cb867,2026-04-05T02:42:25.730339+00:00,1775356945730339000,172656056739458,1525,,,ETF,3070,40,3069.0,-4.0,9.779283167,
6467,market_research_2026-04-04_21-42-06_live_round,7efc699623d74ac8961a3f76a12cb867,2026-04-05T02:42:25.735969+00:00,1775356945735969000,172656062369375,1525,,,ETF,3070,20,3069.0,-2.0,9.784913084,
6468,market_research_2026-04-04_21-42-06_live_round,7efc699623d74ac8961a3f76a12cb867,2026-04-05T02:42:25.736070+00:00,1775356945736070000,172656062470500,1525,,,ETF,3069,80,3069.0,-2.0,9.785014209,
6502,market_research_2026-04-04_21-42-06_live_round,7efc699623d74ac8961a3f76a12cb867,2026-04-05T02:42:25.898259+00:00,1775356945898259000,172656224660166,1525,,,A,1133,40,1128.0,-10.0,9.948133458,0.8324129727310562
6509,market_research_2026-04-04_21-42-06_live_round,7efc699623d74ac8961a3f76a12cb867,2026-04-05T02:42:25.906588+00:00,1775356945906588000,172656232989291,1525,,,A,1133,60,1128.5,-9.0,9.956462583,0.8324129727310562
6515,market_research_2026-04-04_21-42-06_live_round,7efc699623d74ac8961a3f76a12cb867,2026-04-05T02:42:25.911346+00:00,1775356945911346000,172656237746291,1525,,,ETF,3068,40,3065.5,-5.0,9.96029,
6524,market_research_2026-04-04_21-42-06_live_round,7efc699623d74ac8961a3f76a12cb867,2026-04-05T02:42:25.918046+00:00,1775356945918046000,172656244446916,1525,,,A,1127,40,1126.0,-2.0,9.967920208,0.8324129727310562
6525,market_research_2026-04-04_21-42-06_live_round,7efc699623d74ac8961a3f76a12cb867,2026-04-05T02:42:25.918140+00:00,1775356945918140000,172656244540708,1525,,,A,1126,40,1126.0,-2.0,9.968014,0.8324129727310562
6533,market_research_2026-04-04_21-42-06_live_round,7efc699623d74ac8961a3f76a12cb867,2026-04-05T02:42:25.924066+00:00,1775356945924066000,172656250467125,1525,,,A,1126,20,1126.0,0.0,9.973940417,0.8324129727310562
6538,market_research_2026-04-04_21-42-06_live_round,7efc699623d74ac8961a3f76a12cb867,2026-04-05T02:42:25.927312+00:00,1775356945927312000,172656253712916,1525,,,ETF,3068,60,3066.0,-4.0,9.976256625,
6576,market_research_2026-04-04_21-42-06_live_round,7efc699623d74ac8961a3f76a12cb867,2026-04-05T02:42:26.086430+00:00,1775356946086430000,172656412831041,1525,,,A,1124,40,1116.5,-15.0,10.136304333,0.8324129727310562
6582,market_research_2026-04-04_21-42-06_live_round,7efc699623d74ac8961a3f76a12cb867,2026-04-05T02:42:26.093276+00:00,1775356946093276000,172656419677208,1525,,,A,1124,60,1117.0,-14.0,10.1431505,0.8324129727310562
6591,market_research_2026-04-04_21-42-06_live_round,7efc699623d74ac8961a3f76a12cb867,2026-04-05T02:42:26.113200+00:00,1775356946113200000,172656439601333,1525,,,A,1117,40,1114.0,-6.0,10.163074625,0.8324129727310562
6592,market_research_2026-04-04_21-42-06_live_round,7efc699623d74ac8961a3f76a12cb867,2026-04-05T02:42:26.113885+00:00,1775356946113885000,172656440286458,1525,,,A,1116,40,1114.0,-6.0,10.16375975,0.8324129727310562
6601,market_research_2026-04-04_21-42-06_live_round,7efc699623d74ac8961a3f76a12cb867,2026-04-05T02:42:26.127043+00:00,1775356946127043000,172656453443750,1525,,,A,1116,20,1114.0,-4.0,10.176917042,0.8324129727310562
6602,market_research_2026-04-04_21-42-06_live_round,7efc699623d74ac8961a3f76a12cb867,2026-04-05T02:42:26.127454+00:00,1775356946127454000,172656453855250,1525,,,A,1115,80,1114.0,-4.0,10.177328542,0.8324129727310562
6647,market_research_2026-04-04_21-42-06_live_round,7efc699623d74ac8961a3f76a12cb867,2026-04-05T02:42:26.296619+00:00,1775356946296619000,172656623020875,1525,,,ETF,3054,40,3051.0,-6.0,10.345564584,
6654,market_research_2026-04-04_21-42-06_live_round,7efc699623d74ac8961a3f76a12cb867,2026-04-05T02:42:26.305368+00:00,1775356946305368000,172656631769708,1525,,,ETF,3054,60,3051.5,-5.0,10.354313417,
6661,market_research_2026-04-04_21-42-06_live_round,7efc699623d74ac8961a3f76a12cb867,2026-04-05T02:42:26.314400+00:00,1775356946314400000,172656640801250,1525,,,A,1114,40,1104.5,-19.0,10.364274542,0.8324129727310562
6673,market_research_2026-04-04_21-42-06_live_round,7efc699623d74ac8961a3f76a12cb867,2026-04-05T02:42:26.324222+00:00,1775356946324222000,172656650623958,1525,,,ETF,3054,40,3052.0,-4.0,10.373167667,
6674,market_research_2026-04-04_21-42-06_live_round,7efc699623d74ac8961a3f76a12cb867,2026-04-05T02:42:26.324306+00:00,1775356946324306000,172656650707500,1525,,,ETF,3053,40,3052.0,-4.0,10.373251209,
6680,market_research_2026-04-04_21-42-06_live_round,7efc699623d74ac8961a3f76a12cb867,2026-04-05T02:42:26.328254+00:00,1775356946328254000,172656654655625,1525,,,A,1114,60,1105.0,-18.0,10.378128917,0.8324129727310562
6688,market_research_2026-04-04_21-42-06_live_round,7efc699623d74ac8961a3f76a12cb867,2026-04-05T02:42:26.333867+00:00,1775356946333867000,172656660268416,1525,,,A,1103,40,1100.0,-6.0,10.383741708,0.8324129727310562
6689,market_research_2026-04-04_21-42-06_live_round,7efc699623d74ac8961a3f76a12cb867,2026-04-05T02:42:26.333961+00:00,1775356946333961000,172656660362416,1525,,,A,1102,40,1100.0,-6.0,10.383835708,0.8324129727310562
6697,market_research_2026-04-04_21-42-06_live_round,7efc699623d74ac8961a3f76a12cb867,2026-04-05T02:42:26.339466+00:00,1775356946339466000,172656665867458,1525,,,A,1102,20,1100.0,-4.0,10.38934075,0.8324129727310562
6698,market_research_2026-04-04_21-42-06_live_round,7efc699623d74ac8961a3f76a12cb867,2026-04-05T02:42:26.339563+00:00,1775356946339563000,172656665964458,1525,,,A,1101,80,1100.0,-4.0,10.38943775,0.8324129727310562
6708,market_research_2026-04-04_21-42-06_live_round,7efc699623d74ac8961a3f76a12cb867,2026-04-05T02:42:26.346811+00:00,1775356946346811000,172656673213041,1525,,,ETF,3053,20,3052.0,-2.0,10.39575675,
6709,market_research_2026-04-04_21-42-06_live_round,7efc699623d74ac8961a3f76a12cb867,2026-04-05T02:42:26.346907+00:00,1775356946346907000,172656673309375,1525,,,ETF,3052,80,3052.0,-2.0,10.395853084,
6732,market_research_2026-04-04_21-42-06_live_round,7efc699623d74ac8961a3f76a12cb867,2026-04-05T02:42:26.502046+00:00,1775356946502046000,172656828447750,1525,,,ETF,3051,40,3037.5,-27.0,10.550991459,
6740,market_research_2026-04-04_21-42-06_live_round,7efc699623d74ac8961a3f76a12cb867,2026-04-05T02:42:26.512846+00:00,1775356946512846000,172656839248291,1525,,,A,1100,40,1089.0,-22.0,10.562721583,0.8324129727310562
6745,market_research_2026-04-04_21-42-06_live_round,7efc699623d74ac8961a3f76a12cb867,2026-04-05T02:42:26.517405+00:00,1775356946517405000,172656843806708,1525,,,ETF,3051,60,3038.0,-26.0,10.566350417,
6750,market_research_2026-04-04_21-42-06_live_round,7efc699623d74ac8961a3f76a12cb867,2026-04-05T02:42:26.521537+00:00,1775356946521537000,172656847939625,1525,,,A,1100,60,1089.5,-21.0,10.571412917,0.8324129727310562
6757,market_research_2026-04-04_21-42-06_live_round,7efc699623d74ac8961a3f76a12cb867,2026-04-05T02:42:26.526844+00:00,1775356946526844000,172656853246125,1525,,,A,1089,40,1084.5,-9.0,10.576719417,0.8324129727310562
6758,market_research_2026-04-04_21-42-06_live_round,7efc699623d74ac8961a3f76a12cb867,2026-04-05T02:42:26.526951+00:00,1775356946526951000,172656853352791,1525,,,A,1088,40,1084.5,-9.0,10.576826083,0.8324129727310562
6763,market_research_2026-04-04_21-42-06_live_round,7efc699623d74ac8961a3f76a12cb867,2026-04-05T02:42:26.530308+00:00,1775356946530308000,172656856710500,1525,,,ETF,3042,40,3034.0,-16.0,10.579254209,
6764,market_research_2026-04-04_21-42-06_live_round,7efc699623d74ac8961a3f76a12cb867,2026-04-05T02:42:26.530410+00:00,1775356946530410000,172656856812250,1525,,,ETF,3041,40,3034.0,-16.0,10.579355959,
6775,market_research_2026-04-04_21-42-06_live_round,7efc699623d74ac8961a3f76a12cb867,2026-04-05T02:42:26.538645+00:00,1775356946538645000,172656865047083,1525,,,A,1088,20,1084.5,-7.0,10.588520375,0.8324129727310562
6776,market_research_2026-04-04_21-42-06_live_round,7efc699623d74ac8961a3f76a12cb867,2026-04-05T02:42:26.538728+00:00,1775356946538728000,172656865130375,1525,,,A,1087,80,1084.5,-7.0,10.588603667,0.8324129727310562
6792,market_research_2026-04-04_21-42-06_live_round,7efc699623d74ac8961a3f76a12cb867,2026-04-05T02:42:26.550352+00:00,1775356946550352000,172656876754041,1525,,,ETF,3041,20,3034.0,-14.0,10.59929775,
6793,market_research_2026-04-04_21-42-06_live_round,7efc699623d74ac8961a3f76a12cb867,2026-04-05T02:42:26.550440+00:00,1775356946550440000,172656876842333,1525,,,ETF,3040,80,3034.0,-14.0,10.599386042,
6817,market_research_2026-04-04_21-42-06_live_round,7efc699623d74ac8961a3f76a12cb867,2026-04-05T02:42:26.695013+00:00,1775356946695013000,172657021415500,1525,,,A,1086,40,1071.0,-30.0,10.744888792,0.8324129727310562
6822,market_research_2026-04-04_21-42-06_live_round,7efc699623d74ac8961a3f76a12cb867,2026-04-05T02:42:26.700378+00:00,1775356946700378000,172657026780833,1525,,,ETF,3039,40,3019.5,-39.0,10.749324542,
6834,market_research_2026-04-04_21-42-06_live_round,7efc699623d74ac8961a3f76a12cb867,2026-04-05T02:42:26.715620+00:00,1775356946715620000,172657042023083,1525,,,ETF,3039,60,3020.0,-38.0,10.764566792,
6841,market_research_2026-04-04_21-42-06_live_round,7efc699623d74ac8961a3f76a12cb867,2026-04-05T02:42:26.724935+00:00,1775356946724935000,172657051337500,1525,,,A,1086,60,1071.5,-29.0,10.774810792,0.8324129727310562
6846,market_research_2026-04-04_21-42-06_live_round,7efc699623d74ac8961a3f76a12cb867,2026-04-05T02:42:26.730684+00:00,1775356946730684000,172657057086166,1525,,,ETF,3018,40,3010.0,-16.0,10.779629875,
6847,market_research_2026-04-04_21-42-06_live_round,7efc699623d74ac8961a3f76a12cb867,2026-04-05T02:42:26.731302+00:00,1775356946731302000,172657057704291,1525,,,ETF,3017,40,3010.0,-16.0,10.780248,
6853,market_research_2026-04-04_21-42-06_live_round,7efc699623d74ac8961a3f76a12cb867,2026-04-05T02:42:26.738137+00:00,1775356946738137000,172657064539291,1525,,,A,1072,40,1065.0,-14.0,10.788012583,0.8324129727310562
6854,market_research_2026-04-04_21-42-06_live_round,7efc699623d74ac8961a3f76a12cb867,2026-04-05T02:42:26.738479+00:00,1775356946738479000,172657064881750,1525,,,A,1071,40,1065.0,-14.0,10.788355042,0.8324129727310562
6861,market_research_2026-04-04_21-42-06_live_round,7efc699623d74ac8961a3f76a12cb867,2026-04-05T02:42:26.745723+00:00,1775356946745723000,172657072125666,1525,,,ETF,3017,20,3010.0,-14.0,10.794669375,
6862,market_research_2026-04-04_21-42-06_live_round,7efc699623d74ac8961a3f76a12cb867,2026-04-05T02:42:26.745808+00:00,1775356946745808000,172657072211041,1525,,,ETF,3016,80,3010.0,-14.0,10.79475475,
6869,market_research_2026-04-04_21-42-06_live_round,7efc699623d74ac8961a3f76a12cb867,2026-04-05T02:42:26.750462+00:00,1775356946750462000,172657076864625,1525,,,A,1071,20,1065.0,-12.0,10.800337917,0.8324129727310562
6870,market_research_2026-04-04_21-42-06_live_round,7efc699623d74ac8961a3f76a12cb867,2026-04-05T02:42:26.750544+00:00,1775356946750544000,172657076946500,1525,,,A,1070,80,1065.0,-12.0,10.800419792,0.8324129727310562
6896,market_research_2026-04-04_21-42-06_live_round,7efc699623d74ac8961a3f76a12cb867,2026-04-05T02:42:26.935723+00:00,1775356946935723000,172657262125958,1525,,,A,1069,40,1051.5,-35.0,10.98559925,0.8324129727310562
6907,market_research_2026-04-04_21-42-06_live_round,7efc699623d74ac8961a3f76a12cb867,2026-04-05T02:42:26.944692+00:00,1775356946944692000,172657271094750,1525,,,A,1069,60,1052.0,-34.0,10.994568042,0.8324129727310562
6912,market_research_2026-04-04_21-42-06_live_round,7efc699623d74ac8961a3f76a12cb867,2026-04-05T02:42:26.948263+00:00,1775356946948263000,172657274665541,1525,,,ETF,3015,40,3000.0,-30.0,10.99720925,
6918,market_research_2026-04-04_21-42-06_live_round,7efc699623d74ac8961a3f76a12cb867,2026-04-05T02:42:26.952884+00:00,1775356946952884000,172657279286833,1525,,,A,1050,40,1043.0,-14.0,11.002760125,0.8324129727310562
6919,market_research_2026-04-04_21-42-06_live_round,7efc699623d74ac8961a3f76a12cb867,2026-04-05T02:42:26.952992+00:00,1775356946952992000,172657279395375,1525,,,A,1049,40,1043.0,-14.0,11.002868667,0.8324129727310562
6927,market_research_2026-04-04_21-42-06_live_round,7efc699623d74ac8961a3f76a12cb867,2026-04-05T02:42:26.959329+00:00,1775356946959329000,172657285732291,1525,,,ETF,3015,60,3000.5,-29.0,11.008276,
6934,market_research_2026-04-04_21-42-06_live_round,7efc699623d74ac8961a3f76a12cb867,2026-04-05T02:42:26.964303+00:00,1775356946964303000,172657290705708,1525,,,A,1049,20,1043.0,-12.0,11.014179,0.8324129727310562
6935,market_research_2026-04-04_21-42-06_live_round,7efc699623d74ac8961a3f76a12cb867,2026-04-05T02:42:26.964386+00:00,1775356946964386000,172657290789291,1525,,,A,1048,80,1043.0,-12.0,11.014262583,0.8324129727310562
6941,market_research_2026-04-04_21-42-06_live_round,7efc699623d74ac8961a3f76a12cb867,2026-04-05T02:42:26.968465+00:00,1775356946968465000,172657294867625,1525,,,ETF,2994,40,2990.5,-7.0,11.017411334,
6942,market_research_2026-04-04_21-42-06_live_round,7efc699623d74ac8961a3f76a12cb867,2026-04-05T02:42:26.968557+00:00,1775356946968557000,172657294960375,1525,,,ETF,2993,40,2990.5,-7.0,11.017504084,
6954,market_research_2026-04-04_21-42-06_live_round,7efc699623d74ac8961a3f76a12cb867,2026-04-05T02:42:26.977332+00:00,1775356946977332000,172657303735291,1525,,,ETF,2993,20,2990.5,-5.0,11.026279,
6955,market_research_2026-04-04_21-42-06_live_round,7efc699623d74ac8961a3f76a12cb867,2026-04-05T02:42:26.977416+00:00,1775356946977416000,172657303818833,1525,,,ETF,2992,80,2990.5,-5.0,11.026362542,
6976,market_research_2026-04-04_21-42-06_live_round,7efc699623d74ac8961a3f76a12cb867,2026-04-05T02:42:27.103167+00:00,1775356947103167000,172657429569625,1525,,,A,1047,40,1028.5,-37.0,11.153042917,0.8324129727310562
6982,market_research_2026-04-04_21-42-06_live_round,7efc699623d74ac8961a3f76a12cb867,2026-04-05T02:42:27.113473+00:00,1775356947113473000,172657439876416,1525,,,A,1047,60,1029.0,-36.0,11.163349708,0.8324129727310562
6988,market_research_2026-04-04_21-42-06_live_round,7efc699623d74ac8961a3f76a12cb867,2026-04-05T02:42:27.122823+00:00,1775356947122823000,172657449225958,1525,,,ETF,2991,40,2974.5,-33.0,11.171769667,
6995,market_research_2026-04-04_21-42-06_live_round,7efc699623d74ac8961a3f76a12cb867,2026-04-05T02:42:27.128649+00:00,1775356947128649000,172657455052208,1525,,,A,1028,40,1020.0,-16.0,11.1785255,0.8324129727310562
6996,market_research_2026-04-04_21-42-06_live_round,7efc699623d74ac8961a3f76a12cb867,2026-04-05T02:42:27.128779+00:00,1775356947128779000,172657455182833,1525,,,A,1027,40,1020.0,-16.0,11.178656125,0.8324129727310562
7003,market_research_2026-04-04_21-42-06_live_round,7efc699623d74ac8961a3f76a12cb867,2026-04-05T02:42:27.133791+00:00,1775356947133791000,172657460194750,1525,,,A,1027,20,1020.0,-14.0,11.183668042,0.8324129727310562
7004,market_research_2026-04-04_21-42-06_live_round,7efc699623d74ac8961a3f76a12cb867,2026-04-05T02:42:27.133878+00:00,1775356947133878000,172657460281000,1525,,,A,1026,80,1020.0,-14.0,11.183754292,0.8324129727310562
7011,market_research_2026-04-04_21-42-06_live_round,7efc699623d74ac8961a3f76a12cb867,2026-04-05T02:42:27.139580+00:00,1775356947139580000,172657465983708,1525,,,ETF,2991,60,2975.0,-32.0,11.188527417,
7021,market_research_2026-04-04_21-42-06_live_round,7efc699623d74ac8961a3f76a12cb867,2026-04-05T02:42:27.147310+00:00,1775356947147310000,172657473713208,1525,,,ETF,2979,40,2969.5,-19.0,11.196256917,
7022,market_research_2026-04-04_21-42-06_live_round,7efc699623d74ac8961a3f76a12cb867,2026-04-05T02:42:27.147395+00:00,1775356947147395000,172657473798916,1525,,,ETF,2978,40,2969.5,-19.0,11.196342625,
7028,market_research_2026-04-04_21-42-06_live_round,7efc699623d74ac8961a3f76a12cb867,2026-04-05T02:42:27.151763+00:00,1775356947151763000,172657478165833,1525,,,ETF,2978,20,2969.5,-17.0,11.200709542,
7029,market_research_2026-04-04_21-42-06_live_round,7efc699623d74ac8961a3f76a12cb867,2026-04-05T02:42:27.151880+00:00,1775356947151880000,172657478283041,1525,,,ETF,2977,80,2969.5,-17.0,11.20082675,
7059,market_research_2026-04-04_21-42-06_live_round,7efc699623d74ac8961a3f76a12cb867,2026-04-05T02:42:27.302816+00:00,1775356947302816000,172657629219583,1525,,,A,1025,40,1002.5,-45.0,11.352692875,0.8324129727310562
7064,market_research_2026-04-04_21-42-06_live_round,7efc699623d74ac8961a3f76a12cb867,2026-04-05T02:42:27.308525+00:00,1775356947308525000,172657634929041,1525,,,ETF,2976,40,2945.5,-61.0,11.35747275,
7072,market_research_2026-04-04_21-42-06_live_round,7efc699623d74ac8961a3f76a12cb867,2026-04-05T02:42:27.317884+00:00,1775356947317884000,172657644287958,1525,,,A,1025,60,1003.0,-44.0,11.36776125,0.8324129727310562
7077,market_research_2026-04-04_21-42-06_live_round,7efc699623d74ac8961a3f76a12cb867,2026-04-05T02:42:27.323954+00:00,1775356947323954000,172657650358166,1525,,,ETF,2976,60,2946.0,-60.0,11.372901875,
7089,market_research_2026-04-04_21-42-06_live_round,7efc699623d74ac8961a3f76a12cb867,2026-04-05T02:42:27.336644+00:00,1775356947336644000,172657663048166,1525,,,A,1004,40,993.0,-22.0,11.386521458,0.8324129727310562
7090,market_research_2026-04-04_21-42-06_live_round,7efc699623d74ac8961a3f76a12cb867,2026-04-05T02:42:27.336735+00:00,1775356947336735000,172657663138750,1525,,,A,1003,40,993.0,-22.0,11.386612042,0.8324129727310562
7096,market_research_2026-04-04_21-42-06_live_round,7efc699623d74ac8961a3f76a12cb867,2026-04-05T02:42:27.340711+00:00,1775356947340711000,172657667115291,1525,,,ETF,2952,40,2934.5,-35.0,11.389659,
7097,market_research_2026-04-04_21-42-06_live_round,7efc699623d74ac8961a3f76a12cb867,2026-04-05T02:42:27.340799+00:00,1775356947340799000,172657667202875,1525,,,ETF,2951,40,2934.5,-35.0,11.389746584,
7104,market_research_2026-04-04_21-42-06_live_round,7efc699623d74ac8961a3f76a12cb867,2026-04-05T02:42:27.345870+00:00,1775356947345870000,172657672274125,1525,,,A,1003,20,993.0,-20.0,11.395747417,0.8324129727310562
7105,market_research_2026-04-04_21-42-06_live_round,7efc699623d74ac8961a3f76a12cb867,2026-04-05T02:42:27.345958+00:00,1775356947345958000,172657672362333,1525,,,A,1002,80,993.0,-20.0,11.395835625,0.8324129727310562
7110,market_research_2026-04-04_21-42-06_live_round,7efc699623d74ac8961a3f76a12cb867,2026-04-05T02:42:27.349165+00:00,1775356947349165000,172657675568416,1525,,,ETF,2951,20,2934.5,-33.0,11.398112125,
7111,market_research_2026-04-04_21-42-06_live_round,7efc699623d74ac8961a3f76a12cb867,2026-04-05T02:42:27.349250+00:00,1775356947349250000,172657675653791,1525,,,ETF,2950,80,2934.5,-33.0,11.3981975,
7137,market_research_2026-04-04_21-42-06_live_round,7efc699623d74ac8961a3f76a12cb867,2026-04-05T02:42:27.514013+00:00,1775356947514013000,172657840417041,1525,,,A,1001,40,969.5,-63.0,11.563890333,0.8324129727310562
7148,market_research_2026-04-04_21-42-06_live_round,7efc699623d74ac8961a3f76a12cb867,2026-04-05T02:42:27.523917+00:00,1775356947523917000,172657850321041,1525,,,A,1001,60,970.0,-62.0,11.573794333,0.8324129727310562
7154,market_research_2026-04-04_21-42-06_live_round,7efc699623d74ac8961a3f76a12cb867,2026-04-05T02:42:27.528499+00:00,1775356947528499000,172657854903333,1525,,,ETF,2949,40,2914.5,-69.0,11.577447042,
7163,market_research_2026-04-04_21-42-06_live_round,7efc699623d74ac8961a3f76a12cb867,2026-04-05T02:42:27.535839+00:00,1775356947535839000,172657862243333,1525,,,A,974,40,957.0,-34.0,11.585716625,0.8324129727310562
7164,market_research_2026-04-04_21-42-06_live_round,7efc699623d74ac8961a3f76a12cb867,2026-04-05T02:42:27.535985+00:00,1775356947535985000,172657862388791,1525,,,A,973,40,957.0,-34.0,11.585862083,0.8324129727310562
7171,market_research_2026-04-04_21-42-06_live_round,7efc699623d74ac8961a3f76a12cb867,2026-04-05T02:42:27.541463+00:00,1775356947541463000,172657867867125,1525,,,ETF,2949,60,2915.0,-68.0,11.590410834,
7177,market_research_2026-04-04_21-42-06_live_round,7efc699623d74ac8961a3f76a12cb867,2026-04-05T02:42:27.545828+00:00,1775356947545828000,172657872232083,1525,,,ETF,2909,40,2895.5,-27.0,11.594775792,
7178,market_research_2026-04-04_21-42-06_live_round,7efc699623d74ac8961a3f76a12cb867,2026-04-05T02:42:27.545916+00:00,1775356947545916000,172657872320750,1525,,,ETF,2908,40,2895.5,-27.0,11.594864459,
7189,market_research_2026-04-04_21-42-06_live_round,7efc699623d74ac8961a3f76a12cb867,2026-04-05T02:42:27.555669+00:00,1775356947555669000,172657882073208,1525,,,A,973,20,957.0,-32.0,11.6055465,0.8324129727310562
7190,market_research_2026-04-04_21-42-06_live_round,7efc699623d74ac8961a3f76a12cb867,2026-04-05T02:42:27.555786+00:00,1775356947555786000,172657882190458,1525,,,A,972,80,957.0,-32.0,11.60566375,0.8324129727310562
7199,market_research_2026-04-04_21-42-06_live_round,7efc699623d74ac8961a3f76a12cb867,2026-04-05T02:42:27.563394+00:00,1775356947563394000,172657889798166,1525,,,ETF,2908,20,2895.5,-25.0,11.612341875,
7200,market_research_2026-04-04_21-42-06_live_round,7efc699623d74ac8961a3f76a12cb867,2026-04-05T02:42:27.563524+00:00,1775356947563524000,172657889927916,1525,,,ETF,2907,80,2895.5,-25.0,11.612471625,
7219,market_research_2026-04-04_21-42-06_live_round,7efc699623d74ac8961a3f76a12cb867,2026-04-05T02:42:27.696981+00:00,1775356947696981000,172658023385208,1525,,,A,971,40,930.0,-82.0,11.7468585,0.8324129727310562
7231,market_research_2026-04-04_21-42-06_live_round,7efc699623d74ac8961a3f76a12cb867,2026-04-05T02:42:27.707815+00:00,1775356947707815000,172658034219416,1525,,,A,971,60,930.5,-81.0,11.757692708,0.8324129727310562
7236,market_research_2026-04-04_21-42-06_live_round,7efc699623d74ac8961a3f76a12cb867,2026-04-05T02:42:27.711851+00:00,1775356947711851000,172658038255041,1525,,,A,932,40,911.5,-41.0,11.761728333,0.8324129727310562
7237,market_research_2026-04-04_21-42-06_live_round,7efc699623d74ac8961a3f76a12cb867,2026-04-05T02:42:27.711986+00:00,1775356947711986000,172658038390458,1525,,,A,931,40,911.5,-41.0,11.76186375,0.8324129727310562
7244,market_research_2026-04-04_21-42-06_live_round,7efc699623d74ac8961a3f76a12cb867,2026-04-05T02:42:27.717715+00:00,1775356947717715000,172658044119791,1525,,,A,931,20,911.5,-39.0,11.767593083,0.8324129727310562
7245,market_research_2026-04-04_21-42-06_live_round,7efc699623d74ac8961a3f76a12cb867,2026-04-05T02:42:27.717856+00:00,1775356947717856000,172658044260416,1525,,,A,930,80,911.5,-39.0,11.767733708,0.8324129727310562
7265,market_research_2026-04-04_21-42-06_live_round,7efc699623d74ac8961a3f76a12cb867,2026-04-05T02:42:27.736929+00:00,1775356947736929000,172658063333250,1525,,,ETF,2906,40,2865.5,-81.0,11.785876959,
7277,market_research_2026-04-04_21-42-06_live_round,7efc699623d74ac8961a3f76a12cb867,2026-04-05T02:42:27.747186+00:00,1775356947747186000,172658073591041,1525,,,ETF,2906,60,2866.0,-80.0,11.79613475,
7282,market_research_2026-04-04_21-42-06_live_round,7efc699623d74ac8961a3f76a12cb867,2026-04-05T02:42:27.750905+00:00,1775356947750905000,172658077308875,1525,,,ETF,2874,40,2850.5,-47.0,11.799852584,
7283,market_research_2026-04-04_21-42-06_live_round,7efc699623d74ac8961a3f76a12cb867,2026-04-05T02:42:27.751014+00:00,1775356947751014000,172658077419041,1525,,,ETF,2873,40,2850.5,-47.0,11.79996275,
7289,market_research_2026-04-04_21-42-06_live_round,7efc699623d74ac8961a3f76a12cb867,2026-04-05T02:42:27.757020+00:00,1775356947757020000,172658083424000,1525,,,ETF,2873,20,2850.5,-45.0,11.805967709,
7290,market_research_2026-04-04_21-42-06_live_round,7efc699623d74ac8961a3f76a12cb867,2026-04-05T02:42:27.757447+00:00,1775356947757447000,172658083851375,1525,,,ETF,2872,80,2850.5,-45.0,11.806395084,
7303,market_research_2026-04-04_21-42-06_live_round,7efc699623d74ac8961a3f76a12cb867,2026-04-05T02:42:27.997477+00:00,1775356947997477000,172658323882416,1525,,,A,929,40,881.0,-96.0,12.047355708,0.8324129727310562
7308,market_research_2026-04-04_21-42-06_live_round,7efc699623d74ac8961a3f76a12cb867,2026-04-05T02:42:28.001324+00:00,1775356948001324000,172658327728958,1525,,,ETF,2871,40,2821.5,-99.0,12.050272667,
7315,market_research_2026-04-04_21-42-06_live_round,7efc699623d74ac8961a3f76a12cb867,2026-04-05T02:42:28.006417+00:00,1775356948006417000,172658332822166,1525,,,A,929,60,881.5,-95.0,12.056295458,0.8324129727310562
7321,market_research_2026-04-04_21-42-06_live_round,7efc699623d74ac8961a3f76a12cb867,2026-04-05T02:42:28.010738+00:00,1775356948010738000,172658337143458,1525,,,A,883,40,859.0,-48.0,12.06061675,0.8324129727310562
7322,market_research_2026-04-04_21-42-06_live_round,7efc699623d74ac8961a3f76a12cb867,2026-04-05T02:42:28.010854+00:00,1775356948010854000,172658337259000,1525,,,A,882,40,859.0,-48.0,12.060732292,0.8324129727310562
7329,market_research_2026-04-04_21-42-06_live_round,7efc699623d74ac8961a3f76a12cb867,2026-04-05T02:42:28.016091+00:00,1775356948016091000,172658342496416,1525,,,ETF,2871,60,2822.0,-98.0,12.065040125,
7341,market_research_2026-04-04_21-42-06_live_round,7efc699623d74ac8961a3f76a12cb867,2026-04-05T02:42:28.025698+00:00,1775356948025698000,172658352102875,1525,,,ETF,2819,40,2796.5,-45.0,12.074646584,
7342,market_research_2026-04-04_21-42-06_live_round,7efc699623d74ac8961a3f76a12cb867,2026-04-05T02:42:28.025996+00:00,1775356948025996000,172658352401416,1525,,,ETF,2818,40,2796.5,-45.0,12.074945125,
7352,market_research_2026-04-04_21-42-06_live_round,7efc699623d74ac8961a3f76a12cb867,2026-04-05T02:42:28.036171+00:00,1775356948036171000,172658362576000,1525,,,A,882,20,859.0,-46.0,12.086049292,0.8324129727310562
7353,market_research_2026-04-04_21-42-06_live_round,7efc699623d74ac8961a3f76a12cb867,2026-04-05T02:42:28.036310+00:00,1775356948036310000,172658362715250,1525,,,A,881,80,859.0,-46.0,12.086188542,0.8324129727310562
7360,market_research_2026-04-04_21-42-06_live_round,7efc699623d74ac8961a3f76a12cb867,2026-04-05T02:42:28.042222+00:00,1775356948042222000,172658368627083,1525,,,ETF,2818,20,2796.5,-43.0,12.091170792,
7361,market_research_2026-04-04_21-42-06_live_round,7efc699623d74ac8961a3f76a12cb867,2026-04-05T02:42:28.042441+00:00,1775356948042441000,172658368845791,1525,,,ETF,2817,80,2796.5,-43.0,12.0913895,
7380,market_research_2026-04-04_21-42-06_live_round,7efc699623d74ac8961a3f76a12cb867,2026-04-05T02:42:28.105190+00:00,1775356948105190000,172658431594708,1525,,,A,880,40,857.0,-46.0,12.155068,0.8324129727310562
7385,market_research_2026-04-04_21-42-06_live_round,7efc699623d74ac8961a3f76a12cb867,2026-04-05T02:42:28.112694+00:00,1775356948112694000,172658439099333,1525,,,A,880,60,857.5,-45.0,12.162572625,0.8324129727310562
7399,market_research_2026-04-04_21-42-06_live_round,7efc699623d74ac8961a3f76a12cb867,2026-04-05T02:42:28.135197+00:00,1775356948135197000,172658461602791,1525,,,ETF,2816,40,2799.0,-34.0,12.1841465,
7406,market_research_2026-04-04_21-42-06_live_round,7efc699623d74ac8961a3f76a12cb867,2026-04-05T02:42:28.140920+00:00,1775356948140920000,172658467325000,1525,,,ETF,2816,60,2799.5,-33.0,12.189868709,
7636,market_research_2026-04-04_21-42-06_live_round,7efc699623d74ac8961a3f76a12cb867,2026-04-05T02:42:28.909715+00:00,1775356948909715000,172659236120625,1525,,,ETF,2790,40,2790.0,0.0,12.958664334,
8188,market_research_2026-04-04_21-42-06_live_round,7efc699623d74ac8961a3f76a12cb867,2026-04-05T02:42:30.662768+00:00,1775356950662768000,172660989178500,1525,,,ETF,2781,40,2781.0,0.0,14.711722209,
8254,market_research_2026-04-04_21-42-06_live_round,7efc699623d74ac8961a3f76a12cb867,2026-04-05T02:42:30.771128+00:00,1775356950771128000,172661097538583,1525,,,ETF,2784,40,2788.5,-9.0,14.820082292,
8259,market_research_2026-04-04_21-42-06_live_round,7efc699623d74ac8961a3f76a12cb867,2026-04-05T02:42:30.775325+00:00,1775356950775325000,172661101735291,1525,,,ETF,2784,60,2788.0,-8.0,14.824279,
8266,market_research_2026-04-04_21-42-06_live_round,7efc699623d74ac8961a3f76a12cb867,2026-04-05T02:42:30.781599+00:00,1775356950781599000,172661108009916,1525,,,ETF,2787,40,2789.0,-4.0,14.830553625,
8267,market_research_2026-04-04_21-42-06_live_round,7efc699623d74ac8961a3f76a12cb867,2026-04-05T02:42:30.781749+00:00,1775356950781749000,172661108159125,1525,,,ETF,2788,40,2789.0,-4.0,14.830702834,
8275,market_research_2026-04-04_21-42-06_live_round,7efc699623d74ac8961a3f76a12cb867,2026-04-05T02:42:30.788531+00:00,1775356950788531000,172661114941708,1525,,,ETF,2788,20,2789.0,-2.0,14.837485417,
8276,market_research_2026-04-04_21-42-06_live_round,7efc699623d74ac8961a3f76a12cb867,2026-04-05T02:42:30.788648+00:00,1775356950788648000,172661115058166,1525,,,ETF,2789,80,2789.0,-2.0,14.837601875,
8332,market_research_2026-04-04_21-42-06_live_round,7efc699623d74ac8961a3f76a12cb867,2026-04-05T02:42:30.965657+00:00,1775356950965657000,172661292068000,1525,,,ETF,2790,40,2794.5,-9.0,15.014611709,
8339,market_research_2026-04-04_21-42-06_live_round,7efc699623d74ac8961a3f76a12cb867,2026-04-05T02:42:30.971412+00:00,1775356950971412000,172661297823041,1525,,,ETF,2790,60,2794.0,-8.0,15.02036675,
8491,market_research_2026-04-04_21-42-06_live_round,7efc699623d74ac8961a3f76a12cb867,2026-04-05T02:42:31.405619+00:00,1775356951405619000,172661732031000,1525,,,ETF,2804,40,2802.5,-3.0,15.454574709,
8492,market_research_2026-04-04_21-42-06_live_round,7efc699623d74ac8961a3f76a12cb867,2026-04-05T02:42:31.405727+00:00,1775356951405727000,172661732138791,1525,,,ETF,2803,60,2802.5,-3.0,15.4546825,
8493,market_research_2026-04-04_21-42-06_live_round,7efc699623d74ac8961a3f76a12cb867,2026-04-05T02:42:31.405813+00:00,1775356951405813000,172661732225291,1525,,,ETF,2802,80,2802.5,-3.0,15.454769,
8494,market_research_2026-04-04_21-42-06_live_round,7efc699623d74ac8961a3f76a12cb867,2026-04-05T02:42:31.405896+00:00,1775356951405896000,172661732307708,1525,,,ETF,2801,20,2802.5,-3.0,15.454851417,
9037,market_research_2026-04-04_21-42-06_live_round,7efc699623d74ac8961a3f76a12cb867,2026-04-05T02:42:33.275935+00:00,1775356953275935000,172663602350333,1525,,,ETF,2806,40,2802.5,-7.0,17.324894042,
9046,market_research_2026-04-04_21-42-06_live_round,7efc699623d74ac8961a3f76a12cb867,2026-04-05T02:42:33.283480+00:00,1775356953283480000,172663609895375,1525,,,ETF,2805,60,2802.5,-5.0,17.332439084,
9062,market_research_2026-04-04_21-42-06_live_round,7efc699623d74ac8961a3f76a12cb867,2026-04-05T02:42:33.298605+00:00,1775356953298605000,172663625019708,1525,,,ETF,2804,80,2802.5,-3.0,17.347563417,
9077,market_research_2026-04-04_21-42-06_live_round,7efc699623d74ac8961a3f76a12cb867,2026-04-05T02:42:33.316061+00:00,1775356953316061000,172663642475958,1525,,,ETF,2803,100,2802.5,-1.0,17.365019667,
9474,market_research_2026-04-04_21-42-06_live_round,7efc699623d74ac8961a3f76a12cb867,2026-04-05T02:42:34.432495+00:00,1775356954432495000,172664758912208,1525,,,C,976,40,976.5,-1.0,18.481455917,1.861457247224262
9475,market_research_2026-04-04_21-42-06_live_round,7efc699623d74ac8961a3f76a12cb867,2026-04-05T02:42:34.432785+00:00,1775356954432785000,172664759202625,1525,,,C,977,60,976.5,-1.0,18.481746334,1.861457247224262
9487,market_research_2026-04-04_21-42-06_live_round,7efc699623d74ac8961a3f76a12cb867,2026-04-05T02:42:34.538859+00:00,1775356954538859000,172664865276833,1525,,,ETF,2795,40,2794.0,-2.0,18.587820542,
9493,market_research_2026-04-04_21-42-06_live_round,7efc699623d74ac8961a3f76a12cb867,2026-04-05T02:42:34.544981+00:00,1775356954544981000,172664871399041,1525,,,ETF,2794,60,2794.0,0.0,18.59394275,
9549,market_research_2026-04-04_21-42-06_live_round,7efc699623d74ac8961a3f76a12cb867,2026-04-05T02:42:34.806741+00:00,1775356954806741000,172665133159708,1525,,,ETF,2792,40,2784.0,-16.0,18.855703417,
9563,market_research_2026-04-04_21-42-06_live_round,7efc699623d74ac8961a3f76a12cb867,2026-04-05T02:42:34.822117+00:00,1775356954822117000,172665148535416,1525,,,ETF,2792,60,2784.5,-15.0,18.871079125,
9571,market_research_2026-04-04_21-42-06_live_round,7efc699623d74ac8961a3f76a12cb867,2026-04-05T02:42:34.830184+00:00,1775356954830184000,172665156602541,1525,,,ETF,2787,40,2782.5,-9.0,18.87914625,
9572,market_research_2026-04-04_21-42-06_live_round,7efc699623d74ac8961a3f76a12cb867,2026-04-05T02:42:34.830302+00:00,1775356954830302000,172665156720208,1525,,,ETF,2786,40,2782.5,-9.0,18.879263917,
9579,market_research_2026-04-04_21-42-06_live_round,7efc699623d74ac8961a3f76a12cb867,2026-04-05T02:42:34.836568+00:00,1775356954836568000,172665162986666,1525,,,ETF,2786,20,2782.5,-7.0,18.885530375,
9580,market_research_2026-04-04_21-42-06_live_round,7efc699623d74ac8961a3f76a12cb867,2026-04-05T02:42:34.836659+00:00,1775356954836659000,172665163077541,1525,,,ETF,2785,80,2782.5,-7.0,18.88562125,
9749,market_research_2026-04-04_21-42-06_live_round,7efc699623d74ac8961a3f76a12cb867,2026-04-05T02:42:35.351741+00:00,1775356955351741000,172665678159666,1525,,,ETF,2785,40,2785.5,-1.0,19.400703375,
9819,market_research_2026-04-04_21-42-06_live_round,7efc699623d74ac8961a3f76a12cb867,2026-04-05T02:42:35.541546+00:00,1775356955541546000,172665867965208,1525,,,ETF,2788,40,2794.5,-13.0,19.590508917,
9829,market_research_2026-04-04_21-42-06_live_round,7efc699623d74ac8961a3f76a12cb867,2026-04-05T02:42:35.552654+00:00,1775356955552654000,172665879074166,1525,,,ETF,2788,60,2794.0,-12.0,19.601617875,
9836,market_research_2026-04-04_21-42-06_live_round,7efc699623d74ac8961a3f76a12cb867,2026-04-05T02:42:35.559075+00:00,1775356955559075000,172665885494291,1525,,,ETF,2792,40,2795.5,-7.0,19.608038,
9837,market_research_2026-04-04_21-42-06_live_round,7efc699623d74ac8961a3f76a12cb867,2026-04-05T02:42:35.559579+00:00,1775356955559579000,172665885999000,1525,,,ETF,2793,40,2795.5,-7.0,19.608542709,
9846,market_research_2026-04-04_21-42-06_live_round,7efc699623d74ac8961a3f76a12cb867,2026-04-05T02:42:35.568553+00:00,1775356955568553000,172665894973041,1525,,,ETF,2793,20,2795.5,-5.0,19.61751675,
9847,market_research_2026-04-04_21-42-06_live_round,7efc699623d74ac8961a3f76a12cb867,2026-04-05T02:42:35.568721+00:00,1775356955568721000,172665895140708,1525,,,ETF,2794,80,2795.5,-5.0,19.617684417,
9901,market_research_2026-04-04_21-42-06_live_round,7efc699623d74ac8961a3f76a12cb867,2026-04-05T02:42:35.895863+00:00,1775356955895863000,172666222283791,1525,,,ETF,2795,40,2798.0,-6.0,19.9448275,
9910,market_research_2026-04-04_21-42-06_live_round,7efc699623d74ac8961a3f76a12cb867,2026-04-05T02:42:35.904033+00:00,1775356955904033000,172666230453416,1525,,,ETF,2795,60,2797.5,-5.0,19.952997125,
10008,market_research_2026-04-04_21-42-06_live_round,7efc699623d74ac8961a3f76a12cb867,2026-04-05T02:42:36.033009+00:00,1775356956033009000,172666359429625,1525,,,ETF,2807,40,2807.5,-1.0,20.081973334,
10055,market_research_2026-04-04_21-42-06_live_round,7efc699623d74ac8961a3f76a12cb867,2026-04-05T02:42:36.208579+00:00,1775356956208579000,172666535000291,1525,,,ETF,2810,40,2815.0,-10.0,20.257544,
10064,market_research_2026-04-04_21-42-06_live_round,7efc699623d74ac8961a3f76a12cb867,2026-04-05T02:42:36.217409+00:00,1775356956217409000,172666543830250,1525,,,ETF,2810,60,2814.5,-9.0,20.266373959,
10081,market_research_2026-04-04_21-42-06_live_round,7efc699623d74ac8961a3f76a12cb867,2026-04-05T02:42:36.234550+00:00,1775356956234550000,172666560971250,1525,,,ETF,2814,40,2816.0,-4.0,20.283514959,
10082,market_research_2026-04-04_21-42-06_live_round,7efc699623d74ac8961a3f76a12cb867,2026-04-05T02:42:36.234649+00:00,1775356956234649000,172666561070708,1525,,,ETF,2815,40,2816.0,-4.0,20.283614417,
10088,market_research_2026-04-04_21-42-06_live_round,7efc699623d74ac8961a3f76a12cb867,2026-04-05T02:42:36.239970+00:00,1775356956239970000,172666566390875,1525,,,ETF,2815,20,2816.0,-2.0,20.288934584,
10089,market_research_2026-04-04_21-42-06_live_round,7efc699623d74ac8961a3f76a12cb867,2026-04-05T02:42:36.240065+00:00,1775356956240065000,172666566485875,1525,,,ETF,2816,80,2816.0,-2.0,20.289029584,
10098,market_research_2026-04-04_21-42-06_live_round,7efc699623d74ac8961a3f76a12cb867,2026-04-05T02:42:36.251027+00:00,1775356956251027000,172666577448333,1525,,,C,974,40,976.0,-4.0,20.299992042,1.861457247224262
10099,market_research_2026-04-04_21-42-06_live_round,7efc699623d74ac8961a3f76a12cb867,2026-04-05T02:42:36.251118+00:00,1775356956251118000,172666577539333,1525,,,C,975,60,976.0,-4.0,20.300083042,1.861457247224262
10100,market_research_2026-04-04_21-42-06_live_round,7efc699623d74ac8961a3f76a12cb867,2026-04-05T02:42:36.251198+00:00,1775356956251198000,172666577618791,1525,,,C,976,80,976.0,-4.0,20.3001625,1.861457247224262
10101,market_research_2026-04-04_21-42-06_live_round,7efc699623d74ac8961a3f76a12cb867,2026-04-05T02:42:36.251275+00:00,1775356956251275000,172666577696666,1525,,,C,977,20,976.0,-4.0,20.300240375,1.861457247224262
10276,market_research_2026-04-04_21-42-06_live_round,7efc699623d74ac8961a3f76a12cb867,2026-04-05T02:42:36.821176+00:00,1775356956821176000,172667147598250,1525,,,ETF,2812,40,2809.0,-6.0,20.870141959,
10282,market_research_2026-04-04_21-42-06_live_round,7efc699623d74ac8961a3f76a12cb867,2026-04-05T02:42:36.826660+00:00,1775356956826660000,172667153082541,1525,,,ETF,2812,60,2809.5,-5.0,20.87562625,
10288,market_research_2026-04-04_21-42-06_live_round,7efc699623d74ac8961a3f76a12cb867,2026-04-05T02:42:36.832028+00:00,1775356956832028000,172667158450333,1525,,,ETF,2812,40,2810.0,-4.0,20.880994042,
10289,market_research_2026-04-04_21-42-06_live_round,7efc699623d74ac8961a3f76a12cb867,2026-04-05T02:42:36.832120+00:00,1775356956832120000,172667158542166,1525,,,ETF,2811,40,2810.0,-4.0,20.881085875,
10295,market_research_2026-04-04_21-42-06_live_round,7efc699623d74ac8961a3f76a12cb867,2026-04-05T02:42:36.837741+00:00,1775356956837741000,172667164163541,1525,,,ETF,2811,20,2810.0,-2.0,20.88670725,
10296,market_research_2026-04-04_21-42-06_live_round,7efc699623d74ac8961a3f76a12cb867,2026-04-05T02:42:36.837831+00:00,1775356956837831000,172667164253375,1525,,,ETF,2810,80,2810.0,-2.0,20.886797084,
10349,market_research_2026-04-04_21-42-06_live_round,7efc699623d74ac8961a3f76a12cb867,2026-04-05T02:42:37.015895+00:00,1775356957015895000,172667342317291,1525,,,ETF,2809,40,2801.5,-15.0,21.064861,
10361,market_research_2026-04-04_21-42-06_live_round,7efc699623d74ac8961a3f76a12cb867,2026-04-05T02:42:37.027297+00:00,1775356957027297000,172667353719875,1525,,,ETF,2809,60,2802.0,-14.0,21.076263584,
10368,market_research_2026-04-04_21-42-06_live_round,7efc699623d74ac8961a3f76a12cb867,2026-04-05T02:42:37.033594+00:00,1775356957033594000,172667360017041,1525,,,ETF,2800,40,2798.0,-4.0,21.08256075,
10369,market_research_2026-04-04_21-42-06_live_round,7efc699623d74ac8961a3f76a12cb867,2026-04-05T02:42:37.033682+00:00,1775356957033682000,172667360105250,1525,,,ETF,2799,40,2798.0,-4.0,21.082648959,
10375,market_research_2026-04-04_21-42-06_live_round,7efc699623d74ac8961a3f76a12cb867,2026-04-05T02:42:37.039102+00:00,1775356957039102000,172667365524541,1525,,,ETF,2799,20,2798.0,-2.0,21.08806825,
10376,market_research_2026-04-04_21-42-06_live_round,7efc699623d74ac8961a3f76a12cb867,2026-04-05T02:42:37.039188+00:00,1775356957039188000,172667365610875,1525,,,ETF,2798,80,2798.0,-2.0,21.088154584,
10431,market_research_2026-04-04_21-42-06_live_round,7efc699623d74ac8961a3f76a12cb867,2026-04-05T02:42:37.218960+00:00,1775356957218960000,172667545382958,1525,,,ETF,2797,40,2795.0,-4.0,21.267926667,
10436,market_research_2026-04-04_21-42-06_live_round,7efc699623d74ac8961a3f76a12cb867,2026-04-05T02:42:37.226194+00:00,1775356957226194000,172667552617458,1525,,,ETF,2797,60,2795.5,-3.0,21.275161167,
10572,market_research_2026-04-04_21-42-06_live_round,7efc699623d74ac8961a3f76a12cb867,2026-04-05T02:42:37.647578+00:00,1775356957647578000,172667974001500,1525,,,A,828,40,830.0,-4.0,21.697474792,0.8324129727310562
10573,market_research_2026-04-04_21-42-06_live_round,7efc699623d74ac8961a3f76a12cb867,2026-04-05T02:42:37.647672+00:00,1775356957647672000,172667974096291,1525,,,A,829,100,830.0,-4.0,21.697569583,0.8324129727310562
10574,market_research_2026-04-04_21-42-06_live_round,7efc699623d74ac8961a3f76a12cb867,2026-04-05T02:42:37.647756+00:00,1775356957647756000,172667974180416,1525,,,A,829,60,830.0,-4.0,21.697653708,0.8324129727310562
10740,market_research_2026-04-04_21-42-06_live_round,7efc699623d74ac8961a3f76a12cb867,2026-04-05T02:42:38.186806+00:00,1775356958186806000,172668513230875,1525,,,ETF,2800,40,2802.5,-5.0,22.235774584,
10757,market_research_2026-04-04_21-42-06_live_round,7efc699623d74ac8961a3f76a12cb867,2026-04-05T02:42:38.204744+00:00,1775356958204744000,172668531168875,1525,,,ETF,2800,60,2802.0,-4.0,22.253712584,
10766,market_research_2026-04-04_21-42-06_live_round,7efc699623d74ac8961a3f76a12cb867,2026-04-05T02:42:38.213345+00:00,1775356958213345000,172668539770541,1525,,,ETF,2801,40,2802.0,-2.0,22.26231425,
10767,market_research_2026-04-04_21-42-06_live_round,7efc699623d74ac8961a3f76a12cb867,2026-04-05T02:42:38.213432+00:00,1775356958213432000,172668539857583,1525,,,ETF,2802,40,2802.0,-2.0,22.262401292,
10773,market_research_2026-04-04_21-42-06_live_round,7efc699623d74ac8961a3f76a12cb867,2026-04-05T02:42:38.218933+00:00,1775356958218933000,172668545358500,1525,,,ETF,2802,20,2802.0,0.0,22.267902209,
10816,market_research_2026-04-04_21-42-06_live_round,7efc699623d74ac8961a3f76a12cb867,2026-04-05T02:42:38.464463+00:00,1775356958464463000,172668790889000,1525,,,ETF,2802,40,2802.0,0.0,22.513432709,
10894,market_research_2026-04-04_21-42-06_live_round,7efc699623d74ac8961a3f76a12cb867,2026-04-05T02:42:38.635268+00:00,1775356958635268000,172668961693916,1525,,,ETF,2802,40,2798.0,-8.0,22.684237625,
10901,market_research_2026-04-04_21-42-06_live_round,7efc699623d74ac8961a3f76a12cb867,2026-04-05T02:42:38.641822+00:00,1775356958641822000,172668968247708,1525,,,ETF,2796,40,2795.5,-1.0,22.690791417,
10902,market_research_2026-04-04_21-42-06_live_round,7efc699623d74ac8961a3f76a12cb867,2026-04-05T02:42:38.641912+00:00,1775356958641912000,172668968337791,1525,,,ETF,2795,20,2795.5,-1.0,22.6908815,
10962,market_research_2026-04-04_21-42-06_live_round,7efc699623d74ac8961a3f76a12cb867,2026-04-05T02:42:38.843983+00:00,1775356958843983000,172669170408750,1525,,,ETF,2793,40,2791.0,-4.0,22.892952459,
10969,market_research_2026-04-04_21-42-06_live_round,7efc699623d74ac8961a3f76a12cb867,2026-04-05T02:42:38.850584+00:00,1775356958850584000,172669177010750,1525,,,ETF,2793,60,2791.5,-3.0,22.899554459,
11036,market_research_2026-04-04_21-42-06_live_round,7efc699623d74ac8961a3f76a12cb867,2026-04-05T02:42:39.139159+00:00,1775356959139159000,172669465585416,1525,,,ETF,2785,40,2782.0,-6.0,23.188129125,
11041,market_research_2026-04-04_21-42-06_live_round,7efc699623d74ac8961a3f76a12cb867,2026-04-05T02:42:39.144948+00:00,1775356959144948000,172669471374625,1525,,,ETF,2785,60,2782.5,-5.0,23.193918334,
11046,market_research_2026-04-04_21-42-06_live_round,7efc699623d74ac8961a3f76a12cb867,2026-04-05T02:42:39.150841+00:00,1775356959150841000,172669477268208,1525,,,ETF,2783,40,2782.0,-2.0,23.199811917,
11047,market_research_2026-04-04_21-42-06_live_round,7efc699623d74ac8961a3f76a12cb867,2026-04-05T02:42:39.150932+00:00,1775356959150932000,172669477359083,1525,,,ETF,2782,40,2782.0,-2.0,23.199902792,
11053,market_research_2026-04-04_21-42-06_live_round,7efc699623d74ac8961a3f76a12cb867,2026-04-05T02:42:39.157993+00:00,1775356959157993000,172669484420041,1525,,,ETF,2782,20,2782.0,0.0,23.20696375,
11109,market_research_2026-04-04_21-42-06_live_round,7efc699623d74ac8961a3f76a12cb867,2026-04-05T02:42:39.246886+00:00,1775356959246886000,172669573312791,1525,,,ETF,2780,40,2779.0,-2.0,23.2958565,
11114,market_research_2026-04-04_21-42-06_live_round,7efc699623d74ac8961a3f76a12cb867,2026-04-05T02:42:39.251726+00:00,1775356959251726000,172669578152875,1525,,,ETF,2780,60,2779.5,-1.0,23.300696584,
11126,market_research_2026-04-04_21-42-06_live_round,7efc699623d74ac8961a3f76a12cb867,2026-04-05T02:42:39.365580+00:00,1775356959365580000,172669692007375,1525,,,A,832,40,832.0,0.0,23.415480667,0.8324129727310562
11287,market_research_2026-04-04_21-42-06_live_round,7efc699623d74ac8961a3f76a12cb867,2026-04-05T02:42:39.807780+00:00,1775356959807780000,172670134208291,1525,,,ETF,2784,40,2785.0,-2.0,23.856752,
11295,market_research_2026-04-04_21-42-06_live_round,7efc699623d74ac8961a3f76a12cb867,2026-04-05T02:42:39.821853+00:00,1775356959821853000,172670148281208,1525,,,ETF,2784,60,2784.5,-1.0,23.870824917,
11307,market_research_2026-04-04_21-42-06_live_round,7efc699623d74ac8961a3f76a12cb867,2026-04-05T02:42:39.841958+00:00,1775356959841958000,172670168386041,1525,,,ETF,2784,40,2784.0,0.0,23.89092975,
11497,market_research_2026-04-04_21-42-06_live_round,7efc699623d74ac8961a3f76a12cb867,2026-04-05T02:42:40.443850+00:00,1775356960443850000,172670770279125,1525,,,ETF,2790,40,2790.0,0.0,24.492822834,
11564,market_research_2026-04-04_21-42-06_live_round,7efc699623d74ac8961a3f76a12cb867,2026-04-05T02:42:40.653081+00:00,1775356960653081000,172670979511125,1525,,,ETF,2787,40,2783.5,-7.0,24.702054834,
11574,market_research_2026-04-04_21-42-06_live_round,7efc699623d74ac8961a3f76a12cb867,2026-04-05T02:42:40.664015+00:00,1775356960664015000,172670990444500,1525,,,ETF,2787,60,2784.0,-6.0,24.712988209,
11579,market_research_2026-04-04_21-42-06_live_round,7efc699623d74ac8961a3f76a12cb867,2026-04-05T02:42:40.669251+00:00,1775356960669251000,172670995680875,1525,,,ETF,2784,40,2783.0,-2.0,24.718224584,
11580,market_research_2026-04-04_21-42-06_live_round,7efc699623d74ac8961a3f76a12cb867,2026-04-05T02:42:40.669354+00:00,1775356960669354000,172670995783541,1525,,,ETF,2783,40,2783.0,-2.0,24.71832725,
11586,market_research_2026-04-04_21-42-06_live_round,7efc699623d74ac8961a3f76a12cb867,2026-04-05T02:42:40.675318+00:00,1775356960675318000,172671001748333,1525,,,ETF,2783,20,2783.0,0.0,24.724292042,
11655,market_research_2026-04-04_21-42-06_live_round,7efc699623d74ac8961a3f76a12cb867,2026-04-05T02:42:40.850360+00:00,1775356960850360000,172671176789833,1525,,,ETF,2779,40,2777.5,-3.0,24.899333542,
11656,market_research_2026-04-04_21-42-06_live_round,7efc699623d74ac8961a3f76a12cb867,2026-04-05T02:42:40.850458+00:00,1775356960850458000,172671176888666,1525,,,ETF,2778,60,2777.5,-3.0,24.899432375,
11657,market_research_2026-04-04_21-42-06_live_round,7efc699623d74ac8961a3f76a12cb867,2026-04-05T02:42:40.850547+00:00,1775356960850547000,172671176977041,1525,,,ETF,2777,80,2777.5,-3.0,24.89952075,
11658,market_research_2026-04-04_21-42-06_live_round,7efc699623d74ac8961a3f76a12cb867,2026-04-05T02:42:40.850635+00:00,1775356960850635000,172671177064916,1525,,,ETF,2776,20,2777.5,-3.0,24.899608625,
11794,market_research_2026-04-04_21-42-06_live_round,7efc699623d74ac8961a3f76a12cb867,2026-04-05T02:42:41.287434+00:00,1775356961287434000,172671613865333,1525,,,C,968,40,968.5,-1.0,25.336409042,1.861457247224262
11795,market_research_2026-04-04_21-42-06_live_round,7efc699623d74ac8961a3f76a12cb867,2026-04-05T02:42:41.287530+00:00,1775356961287530000,172671613960750,1525,,,C,969,60,968.5,-1.0,25.336504459,1.861457247224262
11801,market_research_2026-04-04_21-42-06_live_round,7efc699623d74ac8961a3f76a12cb867,2026-04-05T02:42:41.293530+00:00,1775356961293530000,172671619961458,1525,,,A,837,40,838.5,-3.0,25.34343475,0.8324129727310562
11802,market_research_2026-04-04_21-42-06_live_round,7efc699623d74ac8961a3f76a12cb867,2026-04-05T02:42:41.293621+00:00,1775356961293621000,172671620052291,1525,,,A,838,60,838.5,-3.0,25.343525583,0.8324129727310562
11803,market_research_2026-04-04_21-42-06_live_round,7efc699623d74ac8961a3f76a12cb867,2026-04-05T02:42:41.293707+00:00,1775356961293707000,172671620137875,1525,,,A,839,80,838.5,-3.0,25.343611167,0.8324129727310562
11804,market_research_2026-04-04_21-42-06_live_round,7efc699623d74ac8961a3f76a12cb867,2026-04-05T02:42:41.293789+00:00,1775356961293789000,172671620219666,1525,,,A,840,20,838.5,-3.0,25.343692958,0.8324129727310562
12006,market_research_2026-04-04_21-42-06_live_round,7efc699623d74ac8961a3f76a12cb867,2026-04-05T02:42:41.981744+00:00,1775356961981744000,172672308176166,1525,,,ETF,2779,40,2780.0,-2.0,26.030719875,
12033,market_research_2026-04-04_21-42-06_live_round,7efc699623d74ac8961a3f76a12cb867,2026-04-05T02:42:42.037793+00:00,1775356962037793000,172672364225083,1525,,,ETF,2780,60,2780.0,0.0,26.086768792,
12070,market_research_2026-04-04_21-42-06_live_round,7efc699623d74ac8961a3f76a12cb867,2026-04-05T02:42:42.118861+00:00,1775356962118861000,172672445294125,1525,,,ETF,2782,100,2789.5,-15.0,26.167837834,
12071,market_research_2026-04-04_21-42-06_live_round,7efc699623d74ac8961a3f76a12cb867,2026-04-05T02:42:42.118956+00:00,1775356962118956000,172672445388291,1525,,,ETF,2787,40,2789.5,-15.0,26.167932,
12072,market_research_2026-04-04_21-42-06_live_round,7efc699623d74ac8961a3f76a12cb867,2026-04-05T02:42:42.119044+00:00,1775356962119044000,172672445477208,1525,,,ETF,2788,60,2789.5,-15.0,26.168020917,
12080,market_research_2026-04-04_21-42-06_live_round,7efc699623d74ac8961a3f76a12cb867,2026-04-05T02:42:42.202133+00:00,1775356962202133000,172672528565875,1525,,,ETF,2789,40,2789.0,0.0,26.251109584,
12163,market_research_2026-04-04_21-42-06_live_round,7efc699623d74ac8961a3f76a12cb867,2026-04-05T02:42:42.406937+00:00,1775356962406937000,172672733370041,1525,,,ETF,2788,40,2786.5,-3.0,26.45591375,
12177,market_research_2026-04-04_21-42-06_live_round,7efc699623d74ac8961a3f76a12cb867,2026-04-05T02:42:42.423337+00:00,1775356962423337000,172672749770416,1525,,,ETF,2788,20,2787.0,-2.0,26.472314125,
12178,market_research_2026-04-04_21-42-06_live_round,7efc699623d74ac8961a3f76a12cb867,2026-04-05T02:42:42.423435+00:00,1775356962423435000,172672749867958,1525,,,ETF,2787,40,2787.0,-2.0,26.472411667,
12188,market_research_2026-04-04_21-42-06_live_round,7efc699623d74ac8961a3f76a12cb867,2026-04-05T02:42:42.437297+00:00,1775356962437297000,172672763730750,1525,,,ETF,2787,40,2787.0,0.0,26.486274459,
12343,market_research_2026-04-04_21-42-06_live_round,7efc699623d74ac8961a3f76a12cb867,2026-04-05T02:42:42.978078+00:00,1775356962978078000,172673304512166,1525,,,ETF,2786,40,2786.0,0.0,27.027055875,
12535,market_research_2026-04-04_21-42-06_live_round,7efc699623d74ac8961a3f76a12cb867,2026-04-05T02:42:43.594553+00:00,1775356963594553000,172673920987500,1525,,,ETF,2794,40,2794.5,-5.0,27.643531209,
12546,market_research_2026-04-04_21-42-06_live_round,7efc699623d74ac8961a3f76a12cb867,2026-04-05T02:42:43.618532+00:00,1775356963618532000,172673944967041,1525,,,ETF,2792,60,2794.0,-4.0,27.66751075,
12554,market_research_2026-04-04_21-42-06_live_round,7efc699623d74ac8961a3f76a12cb867,2026-04-05T02:42:43.634663+00:00,1775356963634663000,172673961098375,1525,,,ETF,2792,40,2793.5,-3.0,27.683642084,
12555,market_research_2026-04-04_21-42-06_live_round,7efc699623d74ac8961a3f76a12cb867,2026-04-05T02:42:43.635219+00:00,1775356963635219000,172673961654416,1525,,,ETF,2795,40,2793.5,-3.0,27.684198125,
12613,market_research_2026-04-04_21-42-06_live_round,7efc699623d74ac8961a3f76a12cb867,2026-04-05T02:42:43.802057+00:00,1775356963802057000,172674128492333,1525,,,ETF,2794,40,2793.5,-1.0,27.851036042,
12630,market_research_2026-04-04_21-42-06_live_round,7efc699623d74ac8961a3f76a12cb867,2026-04-05T02:42:43.831242+00:00,1775356963831242000,172674157677791,1525,,,ETF,2794,60,2794.0,0.0,27.8802215,
12807,market_research_2026-04-04_21-42-06_live_round,7efc699623d74ac8961a3f76a12cb867,2026-04-05T02:42:44.397443+00:00,1775356964397443000,172674723880041,1525,,,ETF,2792,40,2789.5,-5.0,28.44642375,
12826,market_research_2026-04-04_21-42-06_live_round,7efc699623d74ac8961a3f76a12cb867,2026-04-05T02:42:44.433737+00:00,1775356964433737000,172674760174583,1525,,,ETF,2791,60,2789.5,-3.0,28.482718292,
12835,market_research_2026-04-04_21-42-06_live_round,7efc699623d74ac8961a3f76a12cb867,2026-04-05T02:42:44.451956+00:00,1775356964451956000,172674778393458,1525,,,ETF,2790,80,2789.5,-1.0,28.500937167,
12951,market_research_2026-04-04_21-42-06_live_round,7efc699623d74ac8961a3f76a12cb867,2026-04-05T02:42:44.837081+00:00,1775356964837081000,172675163519250,1525,,,ETF,2790,40,2790.0,0.0,28.886062959,
13011,market_research_2026-04-04_21-42-06_live_round,7efc699623d74ac8961a3f76a12cb867,2026-04-05T02:42:44.996689+00:00,1775356964996689000,172675323127625,1525,,,ETF,2796,40,2799.5,-7.0,29.045671334,
13024,market_research_2026-04-04_21-42-06_live_round,7efc699623d74ac8961a3f76a12cb867,2026-04-05T02:42:45.013121+00:00,1775356965013121000,172675339559041,1525,,,ETF,2797,60,2799.5,-5.0,29.06210275,
13036,market_research_2026-04-04_21-42-06_live_round,7efc699623d74ac8961a3f76a12cb867,2026-04-05T02:42:45.027889+00:00,1775356965027889000,172675354327833,1525,,,ETF,2797,40,2799.0,-4.0,29.076871542,
13037,market_research_2026-04-04_21-42-06_live_round,7efc699623d74ac8961a3f76a12cb867,2026-04-05T02:42:45.027982+00:00,1775356965027982000,172675354420541,1525,,,ETF,2797,40,2799.0,-4.0,29.07696425,
13048,market_research_2026-04-04_21-42-06_live_round,7efc699623d74ac8961a3f76a12cb867,2026-04-05T02:42:45.040843+00:00,1775356965040843000,172675367281125,1525,,,ETF,2797,20,2798.5,-3.0,29.089824834,
13049,market_research_2026-04-04_21-42-06_live_round,7efc699623d74ac8961a3f76a12cb867,2026-04-05T02:42:45.040934+00:00,1775356965040934000,172675367372250,1525,,,ETF,2798,80,2798.5,-3.0,29.089915959,
13100,market_research_2026-04-04_21-42-06_live_round,7efc699623d74ac8961a3f76a12cb867,2026-04-05T02:42:45.339772+00:00,1775356965339772000,172675666210708,1525,,,ETF,2799,40,2801.0,-4.0,29.388754417,
13106,market_research_2026-04-04_21-42-06_live_round,7efc699623d74ac8961a3f76a12cb867,2026-04-05T02:42:45.346234+00:00,1775356965346234000,172675672673291,1525,,,ETF,2799,60,2800.5,-3.0,29.395217,
13163,market_research_2026-04-04_21-42-06_live_round,7efc699623d74ac8961a3f76a12cb867,2026-04-05T02:42:45.447969+00:00,1775356965447969000,172675774408125,1525,,,ETF,2801,40,2797.5,-7.0,29.496951834,
13172,market_research_2026-04-04_21-42-06_live_round,7efc699623d74ac8961a3f76a12cb867,2026-04-05T02:42:45.467091+00:00,1775356965467091000,172675793530291,1525,,,C,968,40,967.5,-1.0,29.516074,1.861457247224262
13195,market_research_2026-04-04_21-42-06_live_round,7efc699623d74ac8961a3f76a12cb867,2026-04-05T02:42:45.495333+00:00,1775356965495333000,172675821771791,1525,,,ETF,2801,40,2798.0,-6.0,29.5443155,
13196,market_research_2026-04-04_21-42-06_live_round,7efc699623d74ac8961a3f76a12cb867,2026-04-05T02:42:45.495424+00:00,1775356965495424000,172675821863000,1525,,,ETF,2800,20,2798.0,-6.0,29.544406709,
13206,market_research_2026-04-04_21-42-06_live_round,7efc699623d74ac8961a3f76a12cb867,2026-04-05T02:42:45.507009+00:00,1775356965507009000,172675833448208,1525,,,ETF,2800,80,2798.0,-4.0,29.555991917,
13226,market_research_2026-04-04_21-42-06_live_round,7efc699623d74ac8961a3f76a12cb867,2026-04-05T02:42:45.608086+00:00,1775356965608086000,172675934525250,1525,,,ETF,2797,40,2798.0,-2.0,29.657068959,
13235,market_research_2026-04-04_21-42-06_live_round,7efc699623d74ac8961a3f76a12cb867,2026-04-05T02:42:45.627423+00:00,1775356965627423000,172675953862000,1525,,,ETF,2797,60,2797.5,-1.0,29.676405709,
13424,market_research_2026-04-04_21-42-06_live_round,7efc699623d74ac8961a3f76a12cb867,2026-04-05T02:42:46.224455+00:00,1775356966224455000,172676550896125,1650,,,ETF,2795,40,2793.5,-3.0,0.110754417,
13437,market_research_2026-04-04_21-42-06_live_round,7efc699623d74ac8961a3f76a12cb867,2026-04-05T02:42:46.245808+00:00,1775356966245808000,172676572249041,1650,,,ETF,2794,60,2793.5,-1.0,0.132107333,
13467,market_research_2026-04-04_21-42-06_live_round,7efc699623d74ac8961a3f76a12cb867,2026-04-05T02:42:46.303483+00:00,1775356966303483000,172676629924041,1650,,,ETF,2794,80,2794.0,0.0,0.189782333,
13486,market_research_2026-04-04_21-42-06_live_round,7efc699623d74ac8961a3f76a12cb867,2026-04-05T02:42:46.329338+00:00,1775356966329338000,172676655778916,1650,,,C,967,40,967.5,-1.0,30.378322625,1.861457247224262
13487,market_research_2026-04-04_21-42-06_live_round,7efc699623d74ac8961a3f76a12cb867,2026-04-05T02:42:46.329425+00:00,1775356966329425000,172676655865833,1650,,,C,968,60,967.5,-1.0,30.378409542,1.861457247224262
13623,market_research_2026-04-04_21-42-06_live_round,7efc699623d74ac8961a3f76a12cb867,2026-04-05T02:42:46.850641+00:00,1775356966850641000,172677177082625,1650,,,ETF,2793,40,2793.5,-1.0,0.736940917,
13686,market_research_2026-04-04_21-42-06_live_round,7efc699623d74ac8961a3f76a12cb867,2026-04-05T02:42:46.999913+00:00,1775356966999913000,172677326355083,1650,,,ETF,2796,40,2798.0,-4.0,0.886213375,
13704,market_research_2026-04-04_21-42-06_live_round,7efc699623d74ac8961a3f76a12cb867,2026-04-05T02:42:47.033496+00:00,1775356967033496000,172677359938250,1650,,,ETF,2796,60,2797.5,-3.0,0.919796542,
14021,market_research_2026-04-04_21-42-06_live_round,7efc699623d74ac8961a3f76a12cb867,2026-04-05T02:42:48.094184+00:00,1775356968094184000,172678420628458,1650,,,ETF,2800,40,2798.0,-4.0,1.98048675,
14026,market_research_2026-04-04_21-42-06_live_round,7efc699623d74ac8961a3f76a12cb867,2026-04-05T02:42:48.099967+00:00,1775356968099967000,172678426411583,1650,,,ETF,2799,60,2798.0,-2.0,1.986269875,
14035,market_research_2026-04-04_21-42-06_live_round,7efc699623d74ac8961a3f76a12cb867,2026-04-05T02:42:48.111025+00:00,1775356968111025000,172678437468875,1650,,,ETF,2798,80,2798.0,0.0,1.997327167,
14090,market_research_2026-04-04_21-42-06_live_round,7efc699623d74ac8961a3f76a12cb867,2026-04-05T02:42:48.220467+00:00,1775356968220467000,172678546911916,1650,,,ETF,2797,40,2795.5,-3.0,2.106770208,
14101,market_research_2026-04-04_21-42-06_live_round,7efc699623d74ac8961a3f76a12cb867,2026-04-05T02:42:48.243551+00:00,1775356968243551000,172678569995416,1650,,,ETF,2797,60,2796.0,-2.0,2.129853708,
14224,market_research_2026-04-04_21-42-06_live_round,7efc699623d74ac8961a3f76a12cb867,2026-04-05T02:42:48.641631+00:00,1775356968641631000,172678968076833,1650,,,ETF,2786,40,2784.0,-4.0,2.527935125,
14248,market_research_2026-04-04_21-42-06_live_round,7efc699623d74ac8961a3f76a12cb867,2026-04-05T02:42:48.695053+00:00,1775356968695053000,172679021498000,1650,,,ETF,2785,60,2784.0,-2.0,2.581356292,
14266,market_research_2026-04-04_21-42-06_live_round,7efc699623d74ac8961a3f76a12cb867,2026-04-05T02:42:48.723410+00:00,1775356968723410000,172679049855458,1650,,,ETF,2785,80,2784.5,-1.0,2.60971375,
14276,market_research_2026-04-04_21-42-06_live_round,7efc699623d74ac8961a3f76a12cb867,2026-04-05T02:42:48.735940+00:00,1775356968735940000,172679062385125,1650,,,ETF,2785,20,2785.0,0.0,2.622243417,
14417,market_research_2026-04-04_21-42-06_live_round,7efc699623d74ac8961a3f76a12cb867,2026-04-05T02:42:49.216303+00:00,1775356969216303000,172679542749625,1650,,,ETF,2784,40,2782.0,-4.0,3.102607917,
14431,market_research_2026-04-04_21-42-06_live_round,7efc699623d74ac8961a3f76a12cb867,2026-04-05T02:42:49.237130+00:00,1775356969237130000,172679563576875,1650,,,ETF,2783,60,2782.0,-2.0,3.123435167,
14447,market_research_2026-04-04_21-42-06_live_round,7efc699623d74ac8961a3f76a12cb867,2026-04-05T02:42:49.260531+00:00,1775356969260531000,172679586977958,1650,,,ETF,2782,80,2782.0,0.0,3.14683625,
14492,market_research_2026-04-04_21-42-06_live_round,7efc699623d74ac8961a3f76a12cb867,2026-04-05T02:42:49.532347+00:00,1775356969532347000,172679858794208,1650,,,ETF,2781,40,2781.0,0.0,3.4186525,
14617,market_research_2026-04-04_21-42-06_live_round,7efc699623d74ac8961a3f76a12cb867,2026-04-05T02:42:49.833591+00:00,1775356969833591000,172680160038666,1650,,,ETF,2779,40,2775.5,-7.0,3.719896958,
14622,market_research_2026-04-04_21-42-06_live_round,7efc699623d74ac8961a3f76a12cb867,2026-04-05T02:42:49.842807+00:00,1775356969842807000,172680169254625,1650,,,ETF,2778,60,2775.5,-5.0,3.729112917,
14641,market_research_2026-04-04_21-42-06_live_round,7efc699623d74ac8961a3f76a12cb867,2026-04-05T02:42:49.882458+00:00,1775356969882458000,172680208905333,1650,,,ETF,2777,80,2775.5,-3.0,3.768763625,
14648,market_research_2026-04-04_21-42-06_live_round,7efc699623d74ac8961a3f76a12cb867,2026-04-05T02:42:49.900265+00:00,1775356969900265000,172680226712500,1650,,,ETF,2776,100,2775.5,-1.0,3.786570792,
14754,market_research_2026-04-04_21-42-06_live_round,7efc699623d74ac8961a3f76a12cb867,2026-04-05T02:42:50.227386+00:00,1775356970227386000,172680553834625,1650,,,ETF,2773,40,2775.5,-5.0,4.113692917,
14769,market_research_2026-04-04_21-42-06_live_round,7efc699623d74ac8961a3f76a12cb867,2026-04-05T02:42:50.249636+00:00,1775356970249636000,172680576084166,1650,,,ETF,2774,60,2775.5,-3.0,4.135942458,
14783,market_research_2026-04-04_21-42-06_live_round,7efc699623d74ac8961a3f76a12cb867,2026-04-05T02:42:50.269432+00:00,1775356970269432000,172680595880958,1650,,,ETF,2775,80,2775.5,-1.0,4.15573925,
14819,market_research_2026-04-04_21-42-06_live_round,7efc699623d74ac8961a3f76a12cb867,2026-04-05T02:42:50.476619+00:00,1775356970476619000,172680803068375,1650,,,ETF,2776,40,2782.5,-13.0,4.362926667,
14831,market_research_2026-04-04_21-42-06_live_round,7efc699623d74ac8961a3f76a12cb867,2026-04-05T02:42:50.507128+00:00,1775356970507128000,172680833577041,1650,,,ETF,2776,60,2782.0,-12.0,4.393435333,
14845,market_research_2026-04-04_21-42-06_live_round,7efc699623d74ac8961a3f76a12cb867,2026-04-05T02:42:50.535255+00:00,1775356970535255000,172680861703875,1650,,,ETF,2784,40,2785.5,-3.0,4.421562167,
14846,market_research_2026-04-04_21-42-06_live_round,7efc699623d74ac8961a3f76a12cb867,2026-04-05T02:42:50.535400+00:00,1775356970535400000,172680861848666,1650,,,ETF,2785,40,2785.5,-3.0,4.421706958,
14857,market_research_2026-04-04_21-42-06_live_round,7efc699623d74ac8961a3f76a12cb867,2026-04-05T02:42:50.550998+00:00,1775356970550998000,172680877446875,1650,,,ETF,2785,20,2785.5,-1.0,4.437305167,
14858,market_research_2026-04-04_21-42-06_live_round,7efc699623d74ac8961a3f76a12cb867,2026-04-05T02:42:50.551135+00:00,1775356970551135000,172680877583833,1650,,,ETF,2786,80,2785.5,-1.0,4.437442125,
15151,market_research_2026-04-04_21-42-06_live_round,7efc699623d74ac8961a3f76a12cb867,2026-04-05T02:42:51.445979+00:00,1775356971445979000,172681772430291,1650,,,ETF,2790,40,2788.0,-4.0,5.332288583,
15160,market_research_2026-04-04_21-42-06_live_round,7efc699623d74ac8961a3f76a12cb867,2026-04-05T02:42:51.463777+00:00,1775356971463777000,172681790228291,1650,,,ETF,2790,60,2788.5,-3.0,5.350086583,
15171,market_research_2026-04-04_21-42-06_live_round,7efc699623d74ac8961a3f76a12cb867,2026-04-05T02:42:51.486940+00:00,1775356971486940000,172681813390500,1650,,,ETF,2788,40,2788.0,0.0,5.373248792,
15478,market_research_2026-04-04_21-42-06_live_round,7efc699623d74ac8961a3f76a12cb867,2026-04-05T02:42:52.436199+00:00,1775356972436199000,172682762652208,1650,,,ETF,2780,40,2780.5,-1.0,6.3225105,
15620,market_research_2026-04-04_21-42-06_live_round,7efc699623d74ac8961a3f76a12cb867,2026-04-05T02:42:52.857764+00:00,1775356972857764000,172683184217250,1650,,,B,1000,40,1000.0,0.0,,
15740,market_research_2026-04-04_21-42-06_live_round,7efc699623d74ac8961a3f76a12cb867,2026-04-05T02:42:53.243767+00:00,1775356973243767000,172683570221000,1650,,,ETF,2783,40,2783.0,0.0,7.130079292,
15807,market_research_2026-04-04_21-42-06_live_round,7efc699623d74ac8961a3f76a12cb867,2026-04-05T02:42:53.447835+00:00,1775356973447835000,172683774289750,1650,,,ETF,2782,40,2780.0,-4.0,7.334148042,
15818,market_research_2026-04-04_21-42-06_live_round,7efc699623d74ac8961a3f76a12cb867,2026-04-05T02:42:53.476061+00:00,1775356973476061000,172683802516291,1650,,,ETF,2782,20,2780.5,-3.0,7.362374583,
15819,market_research_2026-04-04_21-42-06_live_round,7efc699623d74ac8961a3f76a12cb867,2026-04-05T02:42:53.476169+00:00,1775356973476169000,172683802623791,1650,,,ETF,2781,40,2780.5,-3.0,7.362482083,
15842,market_research_2026-04-04_21-42-06_live_round,7efc699623d74ac8961a3f76a12cb867,2026-04-05T02:42:53.536654+00:00,1775356973536654000,172683863108791,1650,,,ETF,2781,40,2780.5,-1.0,7.422967083,
15843,market_research_2026-04-04_21-42-06_live_round,7efc699623d74ac8961a3f76a12cb867,2026-04-05T02:42:53.536751+00:00,1775356973536751000,172683863205708,1650,,,ETF,2780,40,2780.5,-1.0,7.423064,
15880,market_research_2026-04-04_21-42-06_live_round,7efc699623d74ac8961a3f76a12cb867,2026-04-05T02:42:53.680289+00:00,1775356973680289000,172684006743958,1650,,,ETF,2780,40,2780.0,0.0,7.56660225,
16136,market_research_2026-04-04_21-42-06_live_round,7efc699623d74ac8961a3f76a12cb867,2026-04-05T02:42:54.441119+00:00,1775356974441119000,172684767576000,1650,,,ETF,2780,40,2782.0,-4.0,8.327434292,
16146,market_research_2026-04-04_21-42-06_live_round,7efc699623d74ac8961a3f76a12cb867,2026-04-05T02:42:54.461431+00:00,1775356974461431000,172684787887833,1650,,,ETF,2781,60,2782.0,-2.0,8.347746125,
16158,market_research_2026-04-04_21-42-06_live_round,7efc699623d74ac8961a3f76a12cb867,2026-04-05T02:42:54.481710+00:00,1775356974481710000,172684808166458,1650,,,ETF,2781,40,2781.5,-1.0,8.36802475,
16159,market_research_2026-04-04_21-42-06_live_round,7efc699623d74ac8961a3f76a12cb867,2026-04-05T02:42:54.481813+00:00,1775356974481813000,172684808270083,1650,,,ETF,2781,40,2781.5,-1.0,8.368128375,
16166,market_research_2026-04-04_21-42-06_live_round,7efc699623d74ac8961a3f76a12cb867,2026-04-05T02:42:54.492768+00:00,1775356974492768000,172684819224458,1650,,,ETF,2781,20,2781.0,0.0,8.37908275,
16210,market_research_2026-04-04_21-42-06_live_round,7efc699623d74ac8961a3f76a12cb867,2026-04-05T02:42:54.740672+00:00,1775356974740672000,172685067128333,1650,,,ETF,2783,40,2783.5,-1.0,8.626986625,
16215,market_research_2026-04-04_21-42-06_live_round,7efc699623d74ac8961a3f76a12cb867,2026-04-05T02:42:54.762464+00:00,1775356974762464000,172685088921833,1650,,,ETF,2783,60,2783.0,0.0,8.648780125,
16474,market_research_2026-04-04_21-42-06_live_round,7efc699623d74ac8961a3f76a12cb867,2026-04-05T02:42:55.455510+00:00,1775356975455510000,172685781968708,1650,,,ETF,2783,40,2782.5,-1.0,9.341827,
16734,market_research_2026-04-04_21-42-06_live_round,7efc699623d74ac8961a3f76a12cb867,2026-04-05T02:42:56.306628+00:00,1775356976306628000,172686633088041,1650,,,ETF,2787,40,2786.0,-2.0,10.192946333,
16739,market_research_2026-04-04_21-42-06_live_round,7efc699623d74ac8961a3f76a12cb867,2026-04-05T02:42:56.316246+00:00,1775356976316246000,172686642695958,1650,,,ETF,2786,60,2786.0,0.0,10.20255425,
16745,market_research_2026-04-04_21-42-06_live_round,7efc699623d74ac8961a3f76a12cb867,2026-04-05T02:42:56.328449+00:00,1775356976328449000,172686654909291,1650,,,C,956,40,956.0,0.0,40.377453,1.861457247224262
17008,market_research_2026-04-04_21-42-06_live_round,7efc699623d74ac8961a3f76a12cb867,2026-04-05T02:42:57.092944+00:00,1775356977092944000,172687419405375,1650,,,ETF,2783,40,2784.5,-3.0,10.979263667,
17029,market_research_2026-04-04_21-42-06_live_round,7efc699623d74ac8961a3f76a12cb867,2026-04-05T02:42:57.137983+00:00,1775356977137983000,172687464445166,1650,,,ETF,2784,60,2784.5,-1.0,11.024303458,
17066,market_research_2026-04-04_21-42-06_live_round,7efc699623d74ac8961a3f76a12cb867,2026-04-05T02:42:57.387701+00:00,1775356977387701000,172687714163041,1650,,,ETF,2784,40,2783.0,-2.0,11.274021333,
17076,market_research_2026-04-04_21-42-06_live_round,7efc699623d74ac8961a3f76a12cb867,2026-04-05T02:42:57.402438+00:00,1775356977402438000,172687728900250,1650,,,ETF,2784,40,2783.5,-1.0,11.288758542,
17077,market_research_2026-04-04_21-42-06_live_round,7efc699623d74ac8961a3f76a12cb867,2026-04-05T02:42:57.402532+00:00,1775356977402532000,172687728994333,1650,,,ETF,2783,20,2783.5,-1.0,11.288852625,
17131,market_research_2026-04-04_21-42-06_live_round,7efc699623d74ac8961a3f76a12cb867,2026-04-05T02:42:57.521163+00:00,1775356977521163000,172687847625750,1650,,,ETF,2784,40,2787.0,-6.0,11.407484042,
17138,market_research_2026-04-04_21-42-06_live_round,7efc699623d74ac8961a3f76a12cb867,2026-04-05T02:42:57.534336+00:00,1775356977534336000,172687860799125,1650,,,A,855,40,855.5,-1.0,11.420657417,0.8838431684903902
17142,market_research_2026-04-04_21-42-06_live_round,7efc699623d74ac8961a3f76a12cb867,2026-04-05T02:42:57.542605+00:00,1775356977542605000,172687869067958,1650,,,ETF,2784,40,2786.5,-5.0,11.42892625,
17143,market_research_2026-04-04_21-42-06_live_round,7efc699623d74ac8961a3f76a12cb867,2026-04-05T02:42:57.543345+00:00,1775356977543345000,172687869808250,1650,,,ETF,2785,20,2786.5,-5.0,11.429666542,
17150,market_research_2026-04-04_21-42-06_live_round,7efc699623d74ac8961a3f76a12cb867,2026-04-05T02:42:57.560889+00:00,1775356977560889000,172687887351750,1650,,,A,855,60,855.0,0.0,11.447210042,0.8838431684903902
17158,market_research_2026-04-04_21-42-06_live_round,7efc699623d74ac8961a3f76a12cb867,2026-04-05T02:42:57.576566+00:00,1775356977576566000,172687903029041,1650,,,ETF,2785,80,2786.5,-3.0,11.462887333,
17208,market_research_2026-04-04_21-42-06_live_round,7efc699623d74ac8961a3f76a12cb867,2026-04-05T02:42:57.662290+00:00,1775356977662290000,172687988753500,1650,,,A,858,40,858.0,0.0,11.548611792,0.8838431684903902
17213,market_research_2026-04-04_21-42-06_live_round,7efc699623d74ac8961a3f76a12cb867,2026-04-05T02:42:57.671835+00:00,1775356977671835000,172687998297833,1650,,,ETF,2796,40,2796.0,0.0,11.558156125,
17271,market_research_2026-04-04_21-42-06_live_round,7efc699623d74ac8961a3f76a12cb867,2026-04-05T02:42:57.872282+00:00,1775356977872282000,172688198744666,1650,,,ETF,2799,40,2802.5,-7.0,11.758602958,
17276,market_research_2026-04-04_21-42-06_live_round,7efc699623d74ac8961a3f76a12cb867,2026-04-05T02:42:57.895326+00:00,1775356977895326000,172688221789375,1650,,,A,864,40,865.5,-3.0,11.781647667,0.8838431684903902
17285,market_research_2026-04-04_21-42-06_live_round,7efc699623d74ac8961a3f76a12cb867,2026-04-05T02:42:57.924638+00:00,1775356977924638000,172688251101500,1650,,,ETF,2799,60,2802.0,-6.0,11.810959792,
17291,market_research_2026-04-04_21-42-06_live_round,7efc699623d74ac8961a3f76a12cb867,2026-04-05T02:42:57.935754+00:00,1775356977935754000,172688262217750,1650,,,A,865,60,865.5,-1.0,11.822076042,0.8838431684903902
17299,market_research_2026-04-04_21-42-06_live_round,7efc699623d74ac8961a3f76a12cb867,2026-04-05T02:42:57.947225+00:00,1775356977947225000,172688273688791,1650,,,A,865,40,865.0,0.0,11.833547083,0.8838431684903902
17300,market_research_2026-04-04_21-42-06_live_round,7efc699623d74ac8961a3f76a12cb867,2026-04-05T02:42:57.947314+00:00,1775356977947314000,172688273777500,1650,,,A,865,40,865.0,0.0,11.833635792,0.8838431684903902
17305,market_research_2026-04-04_21-42-06_live_round,7efc699623d74ac8961a3f76a12cb867,2026-04-05T02:42:57.953848+00:00,1775356977953848000,172688280311500,1650,,,ETF,2802,40,2803.0,-2.0,11.840169792,
17306,market_research_2026-04-04_21-42-06_live_round,7efc699623d74ac8961a3f76a12cb867,2026-04-05T02:42:57.953940+00:00,1775356977953940000,172688280403250,1650,,,ETF,2803,40,2803.0,-2.0,11.840261542,
17313,market_research_2026-04-04_21-42-06_live_round,7efc699623d74ac8961a3f76a12cb867,2026-04-05T02:42:57.963681+00:00,1775356977963681000,172688290145083,1650,,,ETF,2803,20,2803.0,0.0,11.850003375,
17355,market_research_2026-04-04_21-42-06_live_round,7efc699623d74ac8961a3f76a12cb867,2026-04-05T02:42:58.090805+00:00,1775356978090805000,172688417268625,1650,,,ETF,2805,40,2813.5,-17.0,11.977126917,
17359,market_research_2026-04-04_21-42-06_live_round,7efc699623d74ac8961a3f76a12cb867,2026-04-05T02:42:58.099752+00:00,1775356978099752000,172688426215791,1650,,,A,867,40,870.0,-6.0,11.986074083,0.8838431684903902
17366,market_research_2026-04-04_21-42-06_live_round,7efc699623d74ac8961a3f76a12cb867,2026-04-05T02:42:58.116325+00:00,1775356978116325000,172688442788625,1650,,,A,867,60,869.5,-5.0,12.002646917,0.8838431684903902
17375,market_research_2026-04-04_21-42-06_live_round,7efc699623d74ac8961a3f76a12cb867,2026-04-05T02:42:58.134823+00:00,1775356978134823000,172688461287125,1650,,,ETF,2805,60,2813.0,-16.0,12.021145417,
17409,market_research_2026-04-04_21-42-06_live_round,7efc699623d74ac8961a3f76a12cb867,2026-04-05T02:42:58.216494+00:00,1775356978216494000,172688542957791,1650,,,ETF,2812,40,2816.0,-8.0,12.102816083,
17410,market_research_2026-04-04_21-42-06_live_round,7efc699623d74ac8961a3f76a12cb867,2026-04-05T02:42:58.217291+00:00,1775356978217291000,172688543755500,1650,,,ETF,2813,40,2816.0,-8.0,12.103613792,
17417,market_research_2026-04-04_21-42-06_live_round,7efc699623d74ac8961a3f76a12cb867,2026-04-05T02:42:58.228704+00:00,1775356978228704000,172688555168583,1650,,,ETF,2813,20,2816.0,-6.0,12.115026875,
17418,market_research_2026-04-04_21-42-06_live_round,7efc699623d74ac8961a3f76a12cb867,2026-04-05T02:42:58.228808+00:00,1775356978228808000,172688555272541,1650,,,ETF,2814,80,2816.0,-6.0,12.115130833,
17432,market_research_2026-04-04_21-42-06_live_round,7efc699623d74ac8961a3f76a12cb867,2026-04-05T02:42:58.264667+00:00,1775356978264667000,172688591131500,1650,,,ETF,2815,40,2821.0,-12.0,12.150989792,
17444,market_research_2026-04-04_21-42-06_live_round,7efc699623d74ac8961a3f76a12cb867,2026-04-05T02:42:58.297489+00:00,1775356978297489000,172688623953583,1650,,,ETF,2815,60,2820.5,-11.0,12.183811875,
17502,market_research_2026-04-04_21-42-06_live_round,7efc699623d74ac8961a3f76a12cb867,2026-04-05T02:42:58.488444+00:00,1775356978488444000,172688814908583,1650,,,ETF,2831,40,2831.0,0.0,12.374766875,
17638,market_research_2026-04-04_21-42-06_live_round,7efc699623d74ac8961a3f76a12cb867,2026-04-05T02:42:58.973380+00:00,1775356978973380000,172689299845208,1650,,,ETF,2833,40,2831.0,-4.0,12.8597035,
17651,market_research_2026-04-04_21-42-06_live_round,7efc699623d74ac8961a3f76a12cb867,2026-04-05T02:42:58.995062+00:00,1775356978995062000,172689321527500,1650,,,ETF,2832,60,2831.0,-2.0,12.881385792,
17670,market_research_2026-04-04_21-42-06_live_round,7efc699623d74ac8961a3f76a12cb867,2026-04-05T02:42:59.025813+00:00,1775356979025813000,172689352278958,1650,,,ETF,2831,80,2831.0,0.0,12.91213725,
17694,market_research_2026-04-04_21-42-06_live_round,7efc699623d74ac8961a3f76a12cb867,2026-04-05T02:42:59.078282+00:00,1775356979078282000,172689404747750,1650,,,C,953,40,956.5,-7.0,43.127291459,1.861457247224262
17695,market_research_2026-04-04_21-42-06_live_round,7efc699623d74ac8961a3f76a12cb867,2026-04-05T02:42:59.079220+00:00,1775356979079220000,172689405685916,1650,,,C,954,60,956.5,-7.0,43.128229625,1.861457247224262
17696,market_research_2026-04-04_21-42-06_live_round,7efc699623d74ac8961a3f76a12cb867,2026-04-05T02:42:59.079328+00:00,1775356979079328000,172689405794166,1650,,,C,955,80,956.5,-7.0,43.128337875,1.861457247224262
17697,market_research_2026-04-04_21-42-06_live_round,7efc699623d74ac8961a3f76a12cb867,2026-04-05T02:42:59.079416+00:00,1775356979079416000,172689405882208,1650,,,C,956,20,956.5,-7.0,43.128425917,1.861457247224262
17838,market_research_2026-04-04_21-42-06_live_round,7efc699623d74ac8961a3f76a12cb867,2026-04-05T02:42:59.513836+00:00,1775356979513836000,172689840302791,1650,,,ETF,2836,40,2837.5,-3.0,13.400161083,
17845,market_research_2026-04-04_21-42-06_live_round,7efc699623d74ac8961a3f76a12cb867,2026-04-05T02:42:59.532198+00:00,1775356979532198000,172689858664250,1650,,,ETF,2836,60,2837.0,-2.0,13.418522542,
17852,market_research_2026-04-04_21-42-06_live_round,7efc699623d74ac8961a3f76a12cb867,2026-04-05T02:42:59.545591+00:00,1775356979545591000,172689872057708,1650,,,ETF,2836,40,2836.5,-1.0,13.431916,
17853,market_research_2026-04-04_21-42-06_live_round,7efc699623d74ac8961a3f76a12cb867,2026-04-05T02:42:59.545690+00:00,1775356979545690000,172689872156708,1650,,,ETF,2837,40,2836.5,-1.0,13.432015,
17967,market_research_2026-04-04_21-42-06_live_round,7efc699623d74ac8961a3f76a12cb867,2026-04-05T02:43:00.032389+00:00,1775356980032389000,172690358856708,1650,,,ETF,2839,40,2840.0,-2.0,13.918715,
17973,market_research_2026-04-04_21-42-06_live_round,7efc699623d74ac8961a3f76a12cb867,2026-04-05T02:43:00.041186+00:00,1775356980041186000,172690367653333,1650,,,ETF,2840,60,2840.0,0.0,13.927511625,
18040,market_research_2026-04-04_21-42-06_live_round,7efc699623d74ac8961a3f76a12cb867,2026-04-05T02:43:00.208080+00:00,1775356980208080000,172690534548083,1650,,,ETF,2839,40,2837.5,-3.0,14.094406375,
18057,market_research_2026-04-04_21-42-06_live_round,7efc699623d74ac8961a3f76a12cb867,2026-04-05T02:43:00.235247+00:00,1775356980235247000,172690561715125,1650,,,ETF,2839,40,2838.0,-2.0,14.121573417,
18058,market_research_2026-04-04_21-42-06_live_round,7efc699623d74ac8961a3f76a12cb867,2026-04-05T02:43:00.235342+00:00,1775356980235342000,172690561809875,1650,,,ETF,2838,20,2838.0,-2.0,14.121668167,
18074,market_research_2026-04-04_21-42-06_live_round,7efc699623d74ac8961a3f76a12cb867,2026-04-05T02:43:00.261326+00:00,1775356980261326000,172690587794541,1650,,,ETF,2838,80,2838.0,0.0,14.147652833,
18168,market_research_2026-04-04_21-42-06_live_round,7efc699623d74ac8961a3f76a12cb867,2026-04-05T02:43:00.490962+00:00,1775356980490962000,172690817430291,1650,,,ETF,2839,40,2841.5,-5.0,14.377288583,
18173,market_research_2026-04-04_21-42-06_live_round,7efc699623d74ac8961a3f76a12cb867,2026-04-05T02:43:00.502945+00:00,1775356980502945000,172690829413916,1650,,,ETF,2839,60,2841.0,-4.0,14.389272208,
18182,market_research_2026-04-04_21-42-06_live_round,7efc699623d74ac8961a3f76a12cb867,2026-04-05T02:43:00.525440+00:00,1775356980525440000,172690851908916,1650,,,ETF,2842,40,2842.0,0.0,14.411767208,
18311,market_research_2026-04-04_21-42-06_live_round,7efc699623d74ac8961a3f76a12cb867,2026-04-05T02:43:00.912821+00:00,1775356980912821000,172691239290666,1650,,,ETF,2844,40,2848.5,-9.0,14.799148958,
18317,market_research_2026-04-04_21-42-06_live_round,7efc699623d74ac8961a3f76a12cb867,2026-04-05T02:43:00.925146+00:00,1775356980925146000,172691251615750,1650,,,ETF,2845,60,2848.5,-7.0,14.811474042,
18334,market_research_2026-04-04_21-42-06_live_round,7efc699623d74ac8961a3f76a12cb867,2026-04-05T02:43:00.967786+00:00,1775356980967786000,172691294255083,1650,,,ETF,2846,80,2848.5,-5.0,14.854113375,
18340,market_research_2026-04-04_21-42-06_live_round,7efc699623d74ac8961a3f76a12cb867,2026-04-05T02:43:00.984704+00:00,1775356980984704000,172691311173791,1650,,,ETF,2847,100,2848.5,-3.0,14.871032083,
18521,market_research_2026-04-04_21-42-06_live_round,7efc699623d74ac8961a3f76a12cb867,2026-04-05T02:43:01.605163+00:00,1775356981605163000,172691931633500,1725,,,ETF,2858,40,2857.5,-1.0,15.491491792,
18570,market_research_2026-04-04_21-42-06_live_round,7efc699623d74ac8961a3f76a12cb867,2026-04-05T02:43:01.727997+00:00,1775356981727997000,172692054468083,1725,,,ETF,2858,40,2861.0,-6.0,15.614326375,
18576,market_research_2026-04-04_21-42-06_live_round,7efc699623d74ac8961a3f76a12cb867,2026-04-05T02:43:01.744524+00:00,1775356981744524000,172692070995041,1725,,,ETF,2858,20,2860.5,-5.0,15.630853333,
18577,market_research_2026-04-04_21-42-06_live_round,7efc699623d74ac8961a3f76a12cb867,2026-04-05T02:43:01.745376+00:00,1775356981745376000,172692071846666,1725,,,ETF,2859,40,2860.5,-5.0,15.631704958,
18599,market_research_2026-04-04_21-42-06_live_round,7efc699623d74ac8961a3f76a12cb867,2026-04-05T02:43:01.805903+00:00,1775356981805903000,172692132374208,1725,,,ETF,2859,40,2860.5,-3.0,15.6922325,
18600,market_research_2026-04-04_21-42-06_live_round,7efc699623d74ac8961a3f76a12cb867,2026-04-05T02:43:01.806014+00:00,1775356981806014000,172692132485708,1725,,,ETF,2860,40,2860.5,-3.0,15.692344,
18617,market_research_2026-04-04_21-42-06_live_round,7efc699623d74ac8961a3f76a12cb867,2026-04-05T02:43:01.834581+00:00,1775356981834581000,172692161051750,1725,,,ETF,2860,60,2860.5,-1.0,15.720910042,
18648,market_research_2026-04-04_21-42-06_live_round,7efc699623d74ac8961a3f76a12cb867,2026-04-05T02:43:01.901678+00:00,1775356981901678000,172692228148791,1725,,,ETF,2861,40,2859.5,-3.0,15.788007083,
18837,market_research_2026-04-04_21-42-06_live_round,7efc699623d74ac8961a3f76a12cb867,2026-04-05T02:43:02.447312+00:00,1775356982447312000,172692773783916,1725,,,A,881,40,883.0,-4.0,16.333642208,0.8838431684903902
18838,market_research_2026-04-04_21-42-06_live_round,7efc699623d74ac8961a3f76a12cb867,2026-04-05T02:43:02.448151+00:00,1775356982448151000,172692774623541,1725,,,A,882,60,883.0,-4.0,16.334481833,0.8838431684903902
18839,market_research_2026-04-04_21-42-06_live_round,7efc699623d74ac8961a3f76a12cb867,2026-04-05T02:43:02.448244+00:00,1775356982448244000,172692774716166,1725,,,A,883,80,883.0,-4.0,16.334574458,0.8838431684903902
18840,market_research_2026-04-04_21-42-06_live_round,7efc699623d74ac8961a3f76a12cb867,2026-04-05T02:43:02.448331+00:00,1775356982448331000,172692774803833,1725,,,A,884,20,883.0,-4.0,16.334662125,0.8838431684903902
18908,market_research_2026-04-04_21-42-06_live_round,7efc699623d74ac8961a3f76a12cb867,2026-04-05T02:43:02.793996+00:00,1775356982793996000,172693120469250,1725,,,ETF,2853,40,2853.5,-1.0,16.680327542,
19369,market_research_2026-04-04_21-42-06_live_round,7efc699623d74ac8961a3f76a12cb867,2026-04-05T02:43:04.201841+00:00,1775356984201841000,172694528316958,1725,,,ETF,2858,40,2851.5,-13.0,18.08817525,
19375,market_research_2026-04-04_21-42-06_live_round,7efc699623d74ac8961a3f76a12cb867,2026-04-05T02:43:04.219810+00:00,1775356984219810000,172694546285333,1725,,,ETF,2857,60,2851.5,-11.0,18.106143625,
19381,market_research_2026-04-04_21-42-06_live_round,7efc699623d74ac8961a3f76a12cb867,2026-04-05T02:43:04.235089+00:00,1775356984235089000,172694561564583,1725,,,ETF,2856,80,2851.5,-9.0,18.121422875,
19392,market_research_2026-04-04_21-42-06_live_round,7efc699623d74ac8961a3f76a12cb867,2026-04-05T02:43:04.253324+00:00,1775356984253324000,172694579799458,1725,,,ETF,2855,100,2851.5,-7.0,18.13965775,
19561,market_research_2026-04-04_21-42-06_live_round,7efc699623d74ac8961a3f76a12cb867,2026-04-05T02:43:04.688395+00:00,1775356984688395000,172695014872041,1725,,,C,945,40,944.0,-2.0,48.73741575,1.861457247224262
19562,market_research_2026-04-04_21-42-06_live_round,7efc699623d74ac8961a3f76a12cb867,2026-04-05T02:43:04.689148+00:00,1775356984689148000,172695015624791,1725,,,C,944,60,944.0,-2.0,48.7381685,1.861457247224262
19563,market_research_2026-04-04_21-42-06_live_round,7efc699623d74ac8961a3f76a12cb867,2026-04-05T02:43:04.690015+00:00,1775356984690015000,172695016491666,1725,,,C,943,80,944.0,-2.0,48.739035375,1.861457247224262
19631,market_research_2026-04-04_21-42-06_live_round,7efc699623d74ac8961a3f76a12cb867,2026-04-05T02:43:04.859965+00:00,1775356984859965000,172695186442208,1725,,,ETF,2837,40,2834.0,-6.0,18.7463005,
19632,market_research_2026-04-04_21-42-06_live_round,7efc699623d74ac8961a3f76a12cb867,2026-04-05T02:43:04.860067+00:00,1775356984860067000,172695186543833,1725,,,ETF,2836,60,2834.0,-6.0,18.746402125,
19633,market_research_2026-04-04_21-42-06_live_round,7efc699623d74ac8961a3f76a12cb867,2026-04-05T02:43:04.860157+00:00,1775356984860157000,172695186634541,1725,,,ETF,2835,80,2834.0,-6.0,18.746492833,
19634,market_research_2026-04-04_21-42-06_live_round,7efc699623d74ac8961a3f76a12cb867,2026-04-05T02:43:04.860246+00:00,1775356984860246000,172695186723083,1725,,,ETF,2834,20,2834.0,-6.0,18.746581375,
20043,market_research_2026-04-04_21-42-06_live_round,7efc699623d74ac8961a3f76a12cb867,2026-04-05T02:43:06.176056+00:00,1775356986176056000,172696502535208,1725,,,ETF,2839,40,2842.0,-6.0,20.0623935,
20050,market_research_2026-04-04_21-42-06_live_round,7efc699623d74ac8961a3f76a12cb867,2026-04-05T02:43:06.192574+00:00,1775356986192574000,172696519053375,1725,,,ETF,2840,60,2842.0,-4.0,20.078911667,
20055,market_research_2026-04-04_21-42-06_live_round,7efc699623d74ac8961a3f76a12cb867,2026-04-05T02:43:06.202689+00:00,1775356986202689000,172696529168875,1725,,,ETF,2841,80,2842.0,-2.0,20.089027167,
20061,market_research_2026-04-04_21-42-06_live_round,7efc699623d74ac8961a3f76a12cb867,2026-04-05T02:43:06.216107+00:00,1775356986216107000,172696542587125,1725,,,ETF,2842,100,2842.0,0.0,20.102445417,
20123,market_research_2026-04-04_21-42-06_live_round,7efc699623d74ac8961a3f76a12cb867,2026-04-05T02:43:06.379420+00:00,1775356986379420000,172696705899916,1725,,,ETF,2851,40,2852.0,-2.0,20.265758208,
20134,market_research_2026-04-04_21-42-06_live_round,7efc699623d74ac8961a3f76a12cb867,2026-04-05T02:43:06.406164+00:00,1775356986406164000,172696732643791,1725,,,ETF,2852,60,2852.0,0.0,20.292502083,
20198,market_research_2026-04-04_21-42-06_live_round,7efc699623d74ac8961a3f76a12cb867,2026-04-05T02:43:06.575915+00:00,1775356986575915000,172696902395625,1725,,,ETF,2851,40,2849.5,-3.0,20.462253917,
20204,market_research_2026-04-04_21-42-06_live_round,7efc699623d74ac8961a3f76a12cb867,2026-04-05T02:43:06.587923+00:00,1775356986587923000,172696914403916,1725,,,ETF,2851,40,2850.0,-2.0,20.474262208,
20205,market_research_2026-04-04_21-42-06_live_round,7efc699623d74ac8961a3f76a12cb867,2026-04-05T02:43:06.588017+00:00,1775356986588017000,172696914497958,1725,,,ETF,2850,20,2850.0,-2.0,20.47435625,
20220,market_research_2026-04-04_21-42-06_live_round,7efc699623d74ac8961a3f76a12cb867,2026-04-05T02:43:06.630716+00:00,1775356986630716000,172696957196583,1725,,,ETF,2850,80,2850.0,0.0,20.517054875,
20262,market_research_2026-04-04_21-42-06_live_round,7efc699623d74ac8961a3f76a12cb867,2026-04-05T02:43:06.856866+00:00,1775356986856866000,172697183346583,1725,,,ETF,2842,40,2841.5,-1.0,20.743204875,
20579,market_research_2026-04-04_21-42-06_live_round,7efc699623d74ac8961a3f76a12cb867,2026-04-05T02:43:07.803189+00:00,1775356987803189000,172698129671666,1725,,,ETF,2847,40,2847.0,0.0,21.689529958,
20778,market_research_2026-04-04_21-42-06_live_round,7efc699623d74ac8961a3f76a12cb867,2026-04-05T02:43:08.391039+00:00,1775356988391039000,172698717523166,1725,,,ETF,2846,40,2847.0,-2.0,22.277381458,
20783,market_research_2026-04-04_21-42-06_live_round,7efc699623d74ac8961a3f76a12cb867,2026-04-05T02:43:08.401515+00:00,1775356988401515000,172698727998875,1725,,,ETF,2847,60,2847.0,0.0,22.287857167,
21210,market_research_2026-04-04_21-42-06_live_round,7efc699623d74ac8961a3f76a12cb867,2026-04-05T02:43:09.805771+00:00,1775356989805771000,172700132257333,1725,,,A,883,40,886.0,-6.0,23.692115625,0.8838431684903902
21211,market_research_2026-04-04_21-42-06_live_round,7efc699623d74ac8961a3f76a12cb867,2026-04-05T02:43:09.806737+00:00,1775356989806737000,172700133223333,1725,,,A,884,60,886.0,-6.0,23.693081625,0.8838431684903902
21212,market_research_2026-04-04_21-42-06_live_round,7efc699623d74ac8961a3f76a12cb867,2026-04-05T02:43:09.807691+00:00,1775356989807691000,172700134177583,1725,,,A,885,80,886.0,-6.0,23.694035875,0.8838431684903902
21213,market_research_2026-04-04_21-42-06_live_round,7efc699623d74ac8961a3f76a12cb867,2026-04-05T02:43:09.807782+00:00,1775356989807782000,172700134269000,1725,,,A,886,20,886.0,-6.0,23.694127292,0.8838431684903902
21430,market_research_2026-04-04_21-42-06_live_round,7efc699623d74ac8961a3f76a12cb867,2026-04-05T02:43:10.416304+00:00,1775356990416304000,172700742791500,1725,,,ETF,2837,40,2836.0,-2.0,24.302649792,
21439,market_research_2026-04-04_21-42-06_live_round,7efc699623d74ac8961a3f76a12cb867,2026-04-05T02:43:10.438164+00:00,1775356990438164000,172700764652458,1725,,,ETF,2836,60,2836.0,0.0,24.32451075,
21630,market_research_2026-04-04_21-42-06_live_round,7efc699623d74ac8961a3f76a12cb867,2026-04-05T02:43:11.037983+00:00,1775356991037983000,172701364472125,1725,,,ETF,2833,40,2832.5,-1.0,24.924330417,
21642,market_research_2026-04-04_21-42-06_live_round,7efc699623d74ac8961a3f76a12cb867,2026-04-05T02:43:11.075303+00:00,1775356991075303000,172701401791833,1725,,,ETF,2833,60,2833.0,0.0,24.961650125,
21695,market_research_2026-04-04_21-42-06_live_round,7efc699623d74ac8961a3f76a12cb867,2026-04-05T02:43:11.218700+00:00,1775356991218700000,172701545189875,1725,,,ETF,2828,40,2827.0,-2.0,25.105048167,
21706,market_research_2026-04-04_21-42-06_live_round,7efc699623d74ac8961a3f76a12cb867,2026-04-05T02:43:11.245423+00:00,1775356991245423000,172701571912333,1725,,,ETF,2828,60,2827.5,-1.0,25.131770625,
21873,market_research_2026-04-04_21-42-06_live_round,7efc699623d74ac8961a3f76a12cb867,2026-04-05T02:43:11.757426+00:00,1775356991757426000,172702083916916,1725,,,ETF,2822,40,2822.0,0.0,25.643775208,
22028,market_research_2026-04-04_21-42-06_live_round,7efc699623d74ac8961a3f76a12cb867,2026-04-05T02:43:12.308352+00:00,1775356992308352000,172702634843791,1725,,,ETF,2824,40,2820.5,-7.0,26.194702083,
22034,market_research_2026-04-04_21-42-06_live_round,7efc699623d74ac8961a3f76a12cb867,2026-04-05T02:43:12.322692+00:00,1775356992322692000,172702649183500,1725,,,ETF,2823,60,2820.5,-5.0,26.209041792,
22068,market_research_2026-04-04_21-42-06_live_round,7efc699623d74ac8961a3f76a12cb867,2026-04-05T02:43:12.432778+00:00,1775356992432778000,172702759269541,1725,,,ETF,2822,80,2820.5,-3.0,26.319127833,
22073,market_research_2026-04-04_21-42-06_live_round,7efc699623d74ac8961a3f76a12cb867,2026-04-05T02:43:12.445809+00:00,1775356992445809000,172702772301208,1725,,,ETF,2821,100,2820.5,-1.0,26.3321595,
22206,market_research_2026-04-04_21-42-06_live_round,7efc699623d74ac8961a3f76a12cb867,2026-04-05T02:43:12.848804+00:00,1775356992848804000,172703175296958,1725,,,B,994,40,993.5,-1.0,,
22357,market_research_2026-04-04_21-42-06_live_round,7efc699623d74ac8961a3f76a12cb867,2026-04-05T02:43:13.329003+00:00,1775356993329003000,172703655496166,1725,,,C,952,40,952.0,0.0,57.378039875,1.861457247224262
22404,market_research_2026-04-04_21-42-06_live_round,7efc699623d74ac8961a3f76a12cb867,2026-04-05T02:43:13.476768+00:00,1775356993476768000,172703803261583,1725,,,A,891,40,891.5,-1.0,27.363119875,0.8838431684903902
22405,market_research_2026-04-04_21-42-06_live_round,7efc699623d74ac8961a3f76a12cb867,2026-04-05T02:43:13.476877+00:00,1775356993476877000,172703803371041,1725,,,A,892,60,891.5,-1.0,27.363229333,0.8838431684903902
22558,market_research_2026-04-04_21-42-06_live_round,7efc699623d74ac8961a3f76a12cb867,2026-04-05T02:43:13.954121+00:00,1775356993954121000,172704280616208,1725,,,ETF,2822,40,2822.0,0.0,27.8404745,
22623,market_research_2026-04-04_21-42-06_live_round,7efc699623d74ac8961a3f76a12cb867,2026-04-05T02:43:14.177552+00:00,1775356994177552000,172704504046750,1725,,,ETF,2819,40,2819.0,0.0,28.063905042,
22755,market_research_2026-04-04_21-42-06_live_round,7efc699623d74ac8961a3f76a12cb867,2026-04-05T02:43:14.547416+00:00,1775356994547416000,172704873912291,1725,,,ETF,2821,40,2821.0,0.0,28.433770583,
22820,market_research_2026-04-04_21-42-06_live_round,7efc699623d74ac8961a3f76a12cb867,2026-04-05T02:43:14.748830+00:00,1775356994748830000,172705075326708,1725,,,ETF,2824,40,2824.0,0.0,28.635185,
22888,market_research_2026-04-04_21-42-06_live_round,7efc699623d74ac8961a3f76a12cb867,2026-04-05T02:43:14.962600+00:00,1775356994962600000,172705289096916,1725,,,ETF,2830,40,2831.0,-2.0,28.848955208,
22897,market_research_2026-04-04_21-42-06_live_round,7efc699623d74ac8961a3f76a12cb867,2026-04-05T02:43:14.993483+00:00,1775356994993483000,172705319979458,1725,,,ETF,2830,60,2830.5,-1.0,28.87983775,
22916,market_research_2026-04-04_21-42-06_live_round,7efc699623d74ac8961a3f76a12cb867,2026-04-05T02:43:15.057618+00:00,1775356995057618000,172705384115291,1725,,,ETF,2830,40,2830.0,0.0,28.943973583,
22939,market_research_2026-04-04_21-42-06_live_round,7efc699623d74ac8961a3f76a12cb867,2026-04-05T02:43:15.143492+00:00,1775356995143492000,172705469988791,1725,,,A,880,40,879.0,-2.0,29.029847083,0.8838431684903902
22940,market_research_2026-04-04_21-42-06_live_round,7efc699623d74ac8961a3f76a12cb867,2026-04-05T02:43:15.144525+00:00,1775356995144525000,172705471022500,1725,,,A,880,100,879.0,-2.0,29.030880792,0.8838431684903902
22941,market_research_2026-04-04_21-42-06_live_round,7efc699623d74ac8961a3f76a12cb867,2026-04-05T02:43:15.144619+00:00,1775356995144619000,172705471116541,1725,,,A,879,60,879.0,-2.0,29.030974833,0.8838431684903902
23090,market_research_2026-04-04_21-42-06_live_round,7efc699623d74ac8961a3f76a12cb867,2026-04-05T02:43:15.624352+00:00,1775356995624352000,172705950849791,1725,,,ETF,2831,40,2830.5,-1.0,29.510708083,
23155,market_research_2026-04-04_21-42-06_live_round,7efc699623d74ac8961a3f76a12cb867,2026-04-05T02:43:15.841626+00:00,1775356995841626000,172706168124291,1725,,,ETF,2831,40,2831.0,0.0,29.727982583,
23221,market_research_2026-04-04_21-42-06_live_round,7efc699623d74ac8961a3f76a12cb867,2026-04-05T02:43:16.050692+00:00,1775356996050692000,172706377191375,1725,,,ETF,2833,40,2834.5,-3.0,29.937049667,
23226,market_research_2026-04-04_21-42-06_live_round,7efc699623d74ac8961a3f76a12cb867,2026-04-05T02:43:16.063248+00:00,1775356996063248000,172706389746666,1725,,,ETF,2833,60,2834.0,-2.0,29.949604958,
23422,market_research_2026-04-04_21-42-06_live_round,7efc699623d74ac8961a3f76a12cb867,2026-04-05T02:43:16.698400+00:00,1775356996698400000,172707024900083,1725,,,ETF,2839,40,2842.0,-6.0,30.584758375,
23444,market_research_2026-04-04_21-42-06_live_round,7efc699623d74ac8961a3f76a12cb867,2026-04-05T02:43:16.780456+00:00,1775356996780456000,172707106956500,1725,,,ETF,2840,60,2842.0,-4.0,30.666814792,
23455,market_research_2026-04-04_21-42-06_live_round,7efc699623d74ac8961a3f76a12cb867,2026-04-05T02:43:16.819429+00:00,1775356996819429000,172707145929250,1725,,,ETF,2841,80,2842.0,-2.0,30.705787542,
23466,market_research_2026-04-04_21-42-06_live_round,7efc699623d74ac8961a3f76a12cb867,2026-04-05T02:43:16.852097+00:00,1775356996852097000,172707178597833,1725,,,ETF,2841,20,2841.5,-1.0,30.738456125,
23467,market_research_2026-04-04_21-42-06_live_round,7efc699623d74ac8961a3f76a12cb867,2026-04-05T02:43:16.852961+00:00,1775356996852961000,172707179461666,1725,,,ETF,2841,80,2841.5,-1.0,30.739319958,
23885,market_research_2026-04-04_21-42-06_live_round,7efc699623d74ac8961a3f76a12cb867,2026-04-05T02:43:18.220488+00:00,1775356998220488000,172708546990791,1725,,,ETF,2846,40,2843.0,-6.0,32.106849083,
23892,market_research_2026-04-04_21-42-06_live_round,7efc699623d74ac8961a3f76a12cb867,2026-04-05T02:43:18.244377+00:00,1775356998244377000,172708570880458,1725,,,ETF,2845,60,2843.0,-4.0,32.13073875,
23915,market_research_2026-04-04_21-42-06_live_round,7efc699623d74ac8961a3f76a12cb867,2026-04-05T02:43:18.311629+00:00,1775356998311629000,172708638132375,1725,,,ETF,2844,80,2843.0,-2.0,32.197990667,
23922,market_research_2026-04-04_21-42-06_live_round,7efc699623d74ac8961a3f76a12cb867,2026-04-05T02:43:18.329757+00:00,1775356998329757000,172708656260166,1725,,,ETF,2843,100,2843.0,0.0,32.216118458,
24013,market_research_2026-04-04_21-42-06_live_round,7efc699623d74ac8961a3f76a12cb867,2026-04-05T02:43:18.637962+00:00,1775356998637962000,172708964465666,1725,,,ETF,2850,40,2850.5,-1.0,32.524323958,
24081,market_research_2026-04-04_21-42-06_live_round,7efc699623d74ac8961a3f76a12cb867,2026-04-05T02:43:18.862362+00:00,1775356998862362000,172709188866041,1725,,,ETF,2850,40,2849.0,-2.0,32.748724333,
24097,market_research_2026-04-04_21-42-06_live_round,7efc699623d74ac8961a3f76a12cb867,2026-04-05T02:43:18.908789+00:00,1775356998908789000,172709235293000,1725,,,ETF,2850,20,2849.5,-1.0,32.795151292,
24098,market_research_2026-04-04_21-42-06_live_round,7efc699623d74ac8961a3f76a12cb867,2026-04-05T02:43:18.909838+00:00,1775356998909838000,172709236342166,1725,,,ETF,2849,40,2849.5,-1.0,32.796200458,
24152,market_research_2026-04-04_21-42-06_live_round,7efc699623d74ac8961a3f76a12cb867,2026-04-05T02:43:19.087918+00:00,1775356999087918000,172709414422541,1725,,,ETF,2848,40,2847.5,-1.0,32.974280833,
24161,market_research_2026-04-04_21-42-06_live_round,7efc699623d74ac8961a3f76a12cb867,2026-04-05T02:43:19.114977+00:00,1775356999114977000,172709441481833,1725,,,ETF,2848,60,2848.0,0.0,33.001340125,
24199,market_research_2026-04-04_21-42-06_live_round,7efc699623d74ac8961a3f76a12cb867,2026-04-05T02:43:19.254659+00:00,1775356999254659000,172709581164333,1725,,,C,962,40,962.5,-1.0,63.303708042,1.861457247224262
24200,market_research_2026-04-04_21-42-06_live_round,7efc699623d74ac8961a3f76a12cb867,2026-04-05T02:43:19.255727+00:00,1775356999255727000,172709582231791,1725,,,C,963,60,962.5,-1.0,63.3047755,1.861457247224262
24482,market_research_2026-04-04_21-42-06_live_round,7efc699623d74ac8961a3f76a12cb867,2026-04-05T02:43:20.233304+00:00,1775357000233304000,172710559811000,1725,,,ETF,2856,40,2856.0,0.0,34.119669292,
24556,market_research_2026-04-04_21-42-06_live_round,7efc699623d74ac8961a3f76a12cb867,2026-04-05T02:43:20.481738+00:00,1775357000481738000,172710808245916,1725,,,ETF,2855,40,2854.0,-2.0,34.368104208,
24565,market_research_2026-04-04_21-42-06_live_round,7efc699623d74ac8961a3f76a12cb867,2026-04-05T02:43:20.510415+00:00,1775357000510415000,172710836922125,1725,,,ETF,2855,20,2854.5,-1.0,34.396780417,
24570,market_research_2026-04-04_21-42-06_live_round,7efc699623d74ac8961a3f76a12cb867,2026-04-05T02:43:20.523520+00:00,1775357000523520000,172710850028166,1725,,,ETF,2854,40,2854.5,-1.0,34.409886458,
24666,market_research_2026-04-04_21-42-06_live_round,7efc699623d74ac8961a3f76a12cb867,2026-04-05T02:43:20.864826+00:00,1775357000864826000,172711191334000,1725,,,A,882,40,883.5,-3.0,34.751192292,0.8838431684903902
24667,market_research_2026-04-04_21-42-06_live_round,7efc699623d74ac8961a3f76a12cb867,2026-04-05T02:43:20.864932+00:00,1775357000864932000,172711191440583,1725,,,A,883,100,883.5,-3.0,34.751298875,0.8838431684903902
24668,market_research_2026-04-04_21-42-06_live_round,7efc699623d74ac8961a3f76a12cb867,2026-04-05T02:43:20.865024+00:00,1775357000865024000,172711191532333,1725,,,A,883,60,883.5,-3.0,34.751390625,0.8838431684903902
24693,market_research_2026-04-04_21-42-06_live_round,7efc699623d74ac8961a3f76a12cb867,2026-04-05T02:43:20.944658+00:00,1775357000944658000,172711271166000,1725,,,ETF,2856,40,2858.5,-5.0,34.831024292,
24704,market_research_2026-04-04_21-42-06_live_round,7efc699623d74ac8961a3f76a12cb867,2026-04-05T02:43:20.981582+00:00,1775357000981582000,172711308090791,1725,,,ETF,2856,60,2858.0,-4.0,34.867949083,
24716,market_research_2026-04-04_21-42-06_live_round,7efc699623d74ac8961a3f76a12cb867,2026-04-05T02:43:21.020746+00:00,1775357001020746000,172711347254625,1725,,,ETF,2859,40,2859.0,0.0,34.907112917,
24741,market_research_2026-04-04_21-42-06_live_round,7efc699623d74ac8961a3f76a12cb867,2026-04-05T02:43:21.103018+00:00,1775357001103018000,172711429526958,1725,,,C,957,40,956.0,-2.0,65.152070667,1.861457247224262
24742,market_research_2026-04-04_21-42-06_live_round,7efc699623d74ac8961a3f76a12cb867,2026-04-05T02:43:21.103110+00:00,1775357001103110000,172711429618916,1725,,,C,956,60,956.0,-2.0,65.152162625,1.861457247224262
24743,market_research_2026-04-04_21-42-06_live_round,7efc699623d74ac8961a3f76a12cb867,2026-04-05T02:43:21.103190+00:00,1775357001103190000,172711429699166,1725,,,C,955,80,956.0,-2.0,65.152242875,1.861457247224262
25223,market_research_2026-04-04_21-42-06_live_round,7efc699623d74ac8961a3f76a12cb867,2026-04-05T02:43:22.787957+00:00,1775357002787957000,172713114468625,1725,,,ETF,2844,40,2840.5,-7.0,36.674326917,
25232,market_research_2026-04-04_21-42-06_live_round,7efc699623d74ac8961a3f76a12cb867,2026-04-05T02:43:22.820807+00:00,1775357002820807000,172713147319000,1725,,,ETF,2843,60,2840.5,-5.0,36.707177292,
25241,market_research_2026-04-04_21-42-06_live_round,7efc699623d74ac8961a3f76a12cb867,2026-04-05T02:43:22.856204+00:00,1775357002856204000,172713182716000,1725,,,ETF,2842,80,2840.5,-3.0,36.742574292,
25253,market_research_2026-04-04_21-42-06_live_round,7efc699623d74ac8961a3f76a12cb867,2026-04-05T02:43:22.901015+00:00,1775357002901015000,172713227527250,1725,,,ETF,2841,100,2840.5,-1.0,36.787385542,
25484,market_research_2026-04-04_21-42-06_live_round,7efc699623d74ac8961a3f76a12cb867,2026-04-05T02:43:23.721759+00:00,1775357003721759000,172714048272750,1725,,,ETF,2828,40,2830.0,-4.0,37.608131042,
25500,market_research_2026-04-04_21-42-06_live_round,7efc699623d74ac8961a3f76a12cb867,2026-04-05T02:43:23.773500+00:00,1775357003773500000,172714100013666,1725,,,ETF,2829,60,2830.0,-2.0,37.659871958,
25515,market_research_2026-04-04_21-42-06_live_round,7efc699623d74ac8961a3f76a12cb867,2026-04-05T02:43:23.829084+00:00,1775357003829084000,172714155597833,1725,,,ETF,2830,80,2830.0,0.0,37.715456125,
25555,market_research_2026-04-04_21-42-06_live_round,7efc699623d74ac8961a3f76a12cb867,2026-04-05T02:43:23.974057+00:00,1775357003974057000,172714300571083,1725,,,ETF,2829,40,2829.0,0.0,37.860429375,
25623,market_research_2026-04-04_21-42-06_live_round,7efc699623d74ac8961a3f76a12cb867,2026-04-05T02:43:24.210456+00:00,1775357004210456000,172714536971083,1725,,,ETF,2829,40,2828.5,-1.0,38.096829375,
25630,market_research_2026-04-04_21-42-06_live_round,7efc699623d74ac8961a3f76a12cb867,2026-04-05T02:43:24.233604+00:00,1775357004233604000,172714560118833,1725,,,ETF,2829,20,2829.0,0.0,38.119977125,
25757,market_research_2026-04-04_21-42-06_live_round,7efc699623d74ac8961a3f76a12cb867,2026-04-05T02:43:24.689521+00:00,1775357004689521000,172715016037000,1725,,,ETF,2827,40,2827.0,0.0,38.575895292,
25817,market_research_2026-04-04_21-42-06_live_round,7efc699623d74ac8961a3f76a12cb867,2026-04-05T02:43:24.900980+00:00,1775357004900980000,172715227496250,1725,,,ETF,2830,40,2830.5,-1.0,38.787354542,
25824,market_research_2026-04-04_21-42-06_live_round,7efc699623d74ac8961a3f76a12cb867,2026-04-05T02:43:24.922666+00:00,1775357004922666000,172715249181958,1725,,,ETF,2830,60,2830.0,0.0,38.80904025,
25946,market_research_2026-04-04_21-42-06_live_round,7efc699623d74ac8961a3f76a12cb867,2026-04-05T02:43:25.368123+00:00,1775357005368123000,172715694640208,1725,,,ETF,2838,40,2838.5,-1.0,39.2544985,
26016,market_research_2026-04-04_21-42-06_live_round,7efc699623d74ac8961a3f76a12cb867,2026-04-05T02:43:25.625478+00:00,1775357005625478000,172715951995458,1725,,,ETF,2841,40,2843.0,-4.0,39.51185375,
26029,market_research_2026-04-04_21-42-06_live_round,7efc699623d74ac8961a3f76a12cb867,2026-04-05T02:43:25.669785+00:00,1775357005669785000,172715996302250,1725,,,ETF,2841,60,2842.5,-3.0,39.556160542,
26084,market_research_2026-04-04_21-42-06_live_round,7efc699623d74ac8961a3f76a12cb867,2026-04-05T02:43:25.868382+00:00,1775357005868382000,172716194899625,1725,,,ETF,2848,40,2851.5,-7.0,39.754757917,
26090,market_research_2026-04-04_21-42-06_live_round,7efc699623d74ac8961a3f76a12cb867,2026-04-05T02:43:25.884814+00:00,1775357005884814000,172716211332333,1725,,,ETF,2848,60,2851.0,-6.0,39.771190625,
26126,market_research_2026-04-04_21-42-06_live_round,7efc699623d74ac8961a3f76a12cb867,2026-04-05T02:43:26.007581+00:00,1775357006007581000,172716334099083,1725,,,ETF,2851,40,2852.0,-2.0,39.893957375,
26127,market_research_2026-04-04_21-42-06_live_round,7efc699623d74ac8961a3f76a12cb867,2026-04-05T02:43:26.007688+00:00,1775357006007688000,172716334206041,1725,,,ETF,2852,40,2852.0,-2.0,39.894064333,
26133,market_research_2026-04-04_21-42-06_live_round,7efc699623d74ac8961a3f76a12cb867,2026-04-05T02:43:26.024229+00:00,1775357006024229000,172716350747458,1725,,,ETF,2852,20,2852.0,0.0,39.91060575,
26159,market_research_2026-04-04_21-42-06_live_round,7efc699623d74ac8961a3f76a12cb867,2026-04-05T02:43:26.119902+00:00,1775357006119902000,172716446420083,1725,,,ETF,2854,40,2854.5,-1.0,40.006278375,
26165,market_research_2026-04-04_21-42-06_live_round,7efc699623d74ac8961a3f76a12cb867,2026-04-05T02:43:26.137365+00:00,1775357006137365000,172716463884166,1725,,,ETF,2854,60,2854.0,0.0,40.023742458,
26286,market_research_2026-04-04_21-42-06_live_round,7efc699623d74ac8961a3f76a12cb867,2026-04-05T02:43:26.594783+00:00,1775357006594783000,172716921302375,1725,,,ETF,2852,40,2850.5,-3.0,40.481160667,
26301,market_research_2026-04-04_21-42-06_live_round,7efc699623d74ac8961a3f76a12cb867,2026-04-05T02:43:26.642819+00:00,1775357006642819000,172716969338833,1725,,,ETF,2852,60,2851.0,-2.0,40.529197125,
26306,market_research_2026-04-04_21-42-06_live_round,7efc699623d74ac8961a3f76a12cb867,2026-04-05T02:43:26.656761+00:00,1775357006656761000,172716983280416,1725,,,ETF,2851,40,2851.0,0.0,40.543138708,
26366,market_research_2026-04-04_21-42-06_live_round,7efc699623d74ac8961a3f76a12cb867,2026-04-05T02:43:26.877927+00:00,1775357006877927000,172717204446916,1725,,,ETF,2848,40,2847.5,-1.0,40.764305208,
26382,market_research_2026-04-04_21-42-06_live_round,7efc699623d74ac8961a3f76a12cb867,2026-04-05T02:43:26.930176+00:00,1775357006930176000,172717256696375,1725,,,ETF,2848,60,2848.0,0.0,40.816554667,
26411,market_research_2026-04-04_21-42-06_live_round,7efc699623d74ac8961a3f76a12cb867,2026-04-05T02:43:27.025215+00:00,1775357007025215000,172717351735041,1725,,,A,895,40,896.0,-2.0,40.911593333,0.8838431684903902
26412,market_research_2026-04-04_21-42-06_live_round,7efc699623d74ac8961a3f76a12cb867,2026-04-05T02:43:27.025313+00:00,1775357007025313000,172717351833750,1725,,,A,896,60,896.0,-2.0,40.911692042,0.8838431684903902
26413,market_research_2026-04-04_21-42-06_live_round,7efc699623d74ac8961a3f76a12cb867,2026-04-05T02:43:27.025401+00:00,1775357007025401000,172717351921375,1725,,,A,897,100,896.0,-2.0,40.911779667,0.8838431684903902
26435,market_research_2026-04-04_21-42-06_live_round,7efc699623d74ac8961a3f76a12cb867,2026-04-05T02:43:27.103059+00:00,1775357007103059000,172717429579458,1725,,,ETF,2849,40,2849.0,0.0,40.98943775,
26481,market_research_2026-04-04_21-42-06_live_round,7efc699623d74ac8961a3f76a12cb867,2026-04-05T02:43:27.279918+00:00,1775357007279918000,172717606438625,1725,,,ETF,2850,100,2852.0,-4.0,41.166296917,
26696,market_research_2026-04-04_21-42-06_live_round,7efc699623d74ac8961a3f76a12cb867,2026-04-05T02:43:28.080110+00:00,1775357008080110000,172718406632500,1725,,,ETF,2847,40,2848.5,-3.0,41.966490792,
26717,market_research_2026-04-04_21-42-06_live_round,7efc699623d74ac8961a3f76a12cb867,2026-04-05T02:43:28.155694+00:00,1775357008155694000,172718482216541,1725,,,ETF,2848,60,2848.5,-1.0,42.042074833,
26765,market_research_2026-04-04_21-42-06_live_round,7efc699623d74ac8961a3f76a12cb867,2026-04-05T02:43:28.333866+00:00,1775357008333866000,172718660388541,1850,,,ETF,2850,40,2852.5,-5.0,42.220246833,
26785,market_research_2026-04-04_21-42-06_live_round,7efc699623d74ac8961a3f76a12cb867,2026-04-05T02:43:28.400051+00:00,1775357008400051000,172718726574416,1850,,,ETF,2850,60,2852.0,-4.0,42.286432708,
26898,market_research_2026-04-04_21-42-06_live_round,7efc699623d74ac8961a3f76a12cb867,2026-04-05T02:43:28.817190+00:00,1775357008817190000,172719143713416,1850,,,ETF,2861,40,2861.5,-1.0,42.703571708,
27028,market_research_2026-04-04_21-42-06_live_round,7efc699623d74ac8961a3f76a12cb867,2026-04-05T02:43:29.316989+00:00,1775357009316989000,172719643513875,1850,,,ETF,2859,40,2858.5,-1.0,43.203372167,
27037,market_research_2026-04-04_21-42-06_live_round,7efc699623d74ac8961a3f76a12cb867,2026-04-05T02:43:29.351890+00:00,1775357009351890000,172719678414416,1850,,,ETF,2859,60,2859.0,0.0,43.238272708,
27079,market_research_2026-04-04_21-42-06_live_round,7efc699623d74ac8961a3f76a12cb867,2026-04-05T02:43:29.517067+00:00,1775357009517067000,172719843591875,1850,,,ETF,2860,80,2861.5,-3.0,43.403450167,
27080,market_research_2026-04-04_21-42-06_live_round,7efc699623d74ac8961a3f76a12cb867,2026-04-05T02:43:29.517202+00:00,1775357009517202000,172719843726916,1850,,,ETF,2861,100,2861.5,-3.0,43.403585208,
27184,market_research_2026-04-04_21-42-06_live_round,7efc699623d74ac8961a3f76a12cb867,2026-04-05T02:43:29.904344+00:00,1775357009904344000,172720230869708,1850,,,ETF,2855,40,2855.0,0.0,43.790728,
27217,market_research_2026-04-04_21-42-06_live_round,7efc699623d74ac8961a3f76a12cb867,2026-04-05T02:43:30.030796+00:00,1775357010030796000,172720357322625,1850,,,B,1014,40,1014.0,0.0,,
27252,market_research_2026-04-04_21-42-06_live_round,7efc699623d74ac8961a3f76a12cb867,2026-04-05T02:43:30.153688+00:00,1775357010153688000,172720480214958,1850,,,ETF,2852,40,2848.0,-8.0,44.04007325,
27257,market_research_2026-04-04_21-42-06_live_round,7efc699623d74ac8961a3f76a12cb867,2026-04-05T02:43:30.168255+00:00,1775357010168255000,172720494781166,1850,,,ETF,2852,60,2848.5,-7.0,44.054639458,
27262,market_research_2026-04-04_21-42-06_live_round,7efc699623d74ac8961a3f76a12cb867,2026-04-05T02:43:30.183887+00:00,1775357010183887000,172720510414041,1850,,,ETF,2849,40,2847.5,-3.0,44.070272333,
27263,market_research_2026-04-04_21-42-06_live_round,7efc699623d74ac8961a3f76a12cb867,2026-04-05T02:43:30.183989+00:00,1775357010183989000,172720510515375,1850,,,ETF,2848,40,2847.5,-3.0,44.070373667,
27269,market_research_2026-04-04_21-42-06_live_round,7efc699623d74ac8961a3f76a12cb867,2026-04-05T02:43:30.202074+00:00,1775357010202074000,172720528600458,1850,,,ETF,2848,20,2847.5,-1.0,44.08845875,
27270,market_research_2026-04-04_21-42-06_live_round,7efc699623d74ac8961a3f76a12cb867,2026-04-05T02:43:30.202173+00:00,1775357010202173000,172720528700083,1850,,,ETF,2847,80,2847.5,-1.0,44.088558375,
27294,market_research_2026-04-04_21-42-06_live_round,7efc699623d74ac8961a3f76a12cb867,2026-04-05T02:43:30.294544+00:00,1775357010294544000,172720621071083,1850,,,A,896,40,896.0,0.0,44.180929375,0.8838431684903902
27330,market_research_2026-04-04_21-42-06_live_round,7efc699623d74ac8961a3f76a12cb867,2026-04-05T02:43:30.421585+00:00,1775357010421585000,172720748111958,1850,,,ETF,2846,40,2844.0,-4.0,44.30797025,
27336,market_research_2026-04-04_21-42-06_live_round,7efc699623d74ac8961a3f76a12cb867,2026-04-05T02:43:30.438610+00:00,1775357010438610000,172720765137166,1850,,,ETF,2846,60,2844.5,-3.0,44.324995458,
27577,market_research_2026-04-04_21-42-06_live_round,7efc699623d74ac8961a3f76a12cb867,2026-04-05T02:43:31.354242+00:00,1775357011354242000,172721680770833,1850,,,ETF,2847,40,2849.0,-4.0,45.240629125,
27585,market_research_2026-04-04_21-42-06_live_round,7efc699623d74ac8961a3f76a12cb867,2026-04-05T02:43:31.381220+00:00,1775357011381220000,172721707748875,1850,,,ETF,2847,60,2848.5,-3.0,45.267607167,
27591,market_research_2026-04-04_21-42-06_live_round,7efc699623d74ac8961a3f76a12cb867,2026-04-05T02:43:31.401993+00:00,1775357011401993000,172721728521625,1850,,,ETF,2849,40,2849.0,0.0,45.288379917,
27715,market_research_2026-04-04_21-42-06_live_round,7efc699623d74ac8961a3f76a12cb867,2026-04-05T02:43:31.881566+00:00,1775357011881566000,172722208095500,1850,,,ETF,2851,40,2850.5,-1.0,45.767953792,
27903,market_research_2026-04-04_21-42-06_live_round,7efc699623d74ac8961a3f76a12cb867,2026-04-05T02:43:32.595428+00:00,1775357012595428000,172722921959416,1850,,,ETF,2853,40,2854.0,-2.0,46.481817708,
27908,market_research_2026-04-04_21-42-06_live_round,7efc699623d74ac8961a3f76a12cb867,2026-04-05T02:43:32.610470+00:00,1775357012610470000,172722937001750,1850,,,ETF,2854,60,2854.0,0.0,46.496860042,
27991,market_research_2026-04-04_21-42-06_live_round,7efc699623d74ac8961a3f76a12cb867,2026-04-05T02:43:32.932349+00:00,1775357012932349000,172723258881291,1850,,,ETF,2853,40,2853.0,0.0,46.818739583,
28040,market_research_2026-04-04_21-42-06_live_round,7efc699623d74ac8961a3f76a12cb867,2026-04-05T02:43:33.112885+00:00,1775357013112885000,172723439417333,1850,,,ETF,2854,40,2855.5,-3.0,46.999275625,
28045,market_research_2026-04-04_21-42-06_live_round,7efc699623d74ac8961a3f76a12cb867,2026-04-05T02:43:33.128866+00:00,1775357013128866000,172723455398083,1850,,,ETF,2854,20,2855.0,-2.0,47.015256375,
28046,market_research_2026-04-04_21-42-06_live_round,7efc699623d74ac8961a3f76a12cb867,2026-04-05T02:43:33.128966+00:00,1775357013128966000,172723455498083,1850,,,ETF,2855,40,2855.0,-2.0,47.015356375,
28054,market_research_2026-04-04_21-42-06_live_round,7efc699623d74ac8961a3f76a12cb867,2026-04-05T02:43:33.156439+00:00,1775357013156439000,172723482971291,1850,,,ETF,2855,40,2855.0,0.0,47.042829583,
28190,market_research_2026-04-04_21-42-06_live_round,7efc699623d74ac8961a3f76a12cb867,2026-04-05T02:43:33.678785+00:00,1775357013678785000,172724005317750,1850,,,ETF,2854,40,2853.5,-1.0,47.565176042,
28195,market_research_2026-04-04_21-42-06_live_round,7efc699623d74ac8961a3f76a12cb867,2026-04-05T02:43:33.697830+00:00,1775357013697830000,172724024363708,1850,,,ETF,2854,60,2854.0,0.0,47.584222,
28247,market_research_2026-04-04_21-42-06_live_round,7efc699623d74ac8961a3f76a12cb867,2026-04-05T02:43:33.904293+00:00,1775357013904293000,172724230827000,1850,,,ETF,2849,40,2849.0,0.0,47.790685292,
28445,market_research_2026-04-04_21-42-06_live_round,7efc699623d74ac8961a3f76a12cb867,2026-04-05T02:43:34.663930+00:00,1775357014663930000,172724990464333,1850,,,ETF,2844,40,2844.0,0.0,48.550322625,
28540,market_research_2026-04-04_21-42-06_live_round,7efc699623d74ac8961a3f76a12cb867,2026-04-05T02:43:35.043874+00:00,1775357015043874000,172725370410416,1850,,,A,884,40,884.0,0.0,48.930268708,0.8838431684903902
28580,market_research_2026-04-04_21-42-06_live_round,7efc699623d74ac8961a3f76a12cb867,2026-04-05T02:43:35.201079+00:00,1775357015201079000,172725527615000,1850,,,ETF,2840,40,2845.0,-10.0,49.087473292,
28595,market_research_2026-04-04_21-42-06_live_round,7efc699623d74ac8961a3f76a12cb867,2026-04-05T02:43:35.253667+00:00,1775357015253667000,172725580203958,1850,,,ETF,2841,60,2845.0,-8.0,49.14006225,
28600,market_research_2026-04-04_21-42-06_live_round,7efc699623d74ac8961a3f76a12cb867,2026-04-05T02:43:35.269000+00:00,1775357015269000000,172725595536375,1850,,,ETF,2842,80,2845.0,-6.0,49.155394667,
28605,market_research_2026-04-04_21-42-06_live_round,7efc699623d74ac8961a3f76a12cb867,2026-04-05T02:43:35.285171+00:00,1775357015285171000,172725611707458,1850,,,ETF,2843,100,2845.0,-4.0,49.17156575,
28615,market_research_2026-04-04_21-42-06_live_round,7efc699623d74ac8961a3f76a12cb867,2026-04-05T02:43:35.322580+00:00,1775357015322580000,172725649116125,1850,,,A,887,40,887.0,0.0,49.208974417,0.8838431684903902
28856,market_research_2026-04-04_21-42-06_live_round,7efc699623d74ac8961a3f76a12cb867,2026-04-05T02:43:36.391848+00:00,1775357016391848000,172726718386208,1850,,,ETF,2849,40,2849.0,0.0,50.2782445,
28914,market_research_2026-04-04_21-42-06_live_round,7efc699623d74ac8961a3f76a12cb867,2026-04-05T02:43:36.619787+00:00,1775357016619787000,172726946326541,1850,,,ETF,2850,40,2851.0,-2.0,50.506184833,
28920,market_research_2026-04-04_21-42-06_live_round,7efc699623d74ac8961a3f76a12cb867,2026-04-05T02:43:36.638494+00:00,1775357016638494000,172726965033375,1850,,,ETF,2850,20,2850.5,-1.0,50.524891667,
28921,market_research_2026-04-04_21-42-06_live_round,7efc699623d74ac8961a3f76a12cb867,2026-04-05T02:43:36.638593+00:00,1775357016638593000,172726965132750,1850,,,ETF,2851,40,2850.5,-1.0,50.524991042,
29050,market_research_2026-04-04_21-42-06_live_round,7efc699623d74ac8961a3f76a12cb867,2026-04-05T02:43:37.140993+00:00,1775357017140993000,172727467532625,1850,,,ETF,2849,40,2844.5,-9.0,51.027390917,
29056,market_research_2026-04-04_21-42-06_live_round,7efc699623d74ac8961a3f76a12cb867,2026-04-05T02:43:37.162157+00:00,1775357017162157000,172727488697250,1850,,,ETF,2849,60,2845.0,-8.0,51.048555542,
29079,market_research_2026-04-04_21-42-06_live_round,7efc699623d74ac8961a3f76a12cb867,2026-04-05T02:43:37.250653+00:00,1775357017250653000,172727577193583,1850,,,ETF,2848,40,2845.0,-6.0,51.137051875,
29080,market_research_2026-04-04_21-42-06_live_round,7efc699623d74ac8961a3f76a12cb867,2026-04-05T02:43:37.250761+00:00,1775357017250761000,172727577301666,1850,,,ETF,2847,40,2845.0,-6.0,51.137159958,
29086,market_research_2026-04-04_21-42-06_live_round,7efc699623d74ac8961a3f76a12cb867,2026-04-05T02:43:37.270069+00:00,1775357017270069000,172727596609000,1850,,,ETF,2847,20,2845.0,-4.0,51.156467292,
29087,market_research_2026-04-04_21-42-06_live_round,7efc699623d74ac8961a3f76a12cb867,2026-04-05T02:43:37.270164+00:00,1775357017270164000,172727596704500,1850,,,ETF,2846,80,2845.0,-4.0,51.156562792,
29261,market_research_2026-04-04_21-42-06_live_round,7efc699623d74ac8961a3f76a12cb867,2026-04-05T02:43:37.994763+00:00,1775357017994763000,172728321304541,1850,,,ETF,2843,40,2844.0,-2.0,51.881162833,
29278,market_research_2026-04-04_21-42-06_live_round,7efc699623d74ac8961a3f76a12cb867,2026-04-05T02:43:38.058261+00:00,1775357018058261000,172728384802875,1850,,,ETF,2844,60,2844.0,0.0,51.944661167,
29443,market_research_2026-04-04_21-42-06_live_round,7efc699623d74ac8961a3f76a12cb867,2026-04-05T02:43:38.741534+00:00,1775357018741534000,172729068077375,1850,,,ETF,2842,40,2842.0,0.0,52.627935667,
29511,market_research_2026-04-04_21-42-06_live_round,7efc699623d74ac8961a3f76a12cb867,2026-04-05T02:43:39.017972+00:00,1775357019017972000,172729344515416,1850,,,ETF,2843,40,2847.0,-8.0,52.904373708,
29536,market_research_2026-04-04_21-42-06_live_round,7efc699623d74ac8961a3f76a12cb867,2026-04-05T02:43:39.124113+00:00,1775357019124113000,172729450656625,1850,,,ETF,2843,20,2846.5,-7.0,53.010514917,
29537,market_research_2026-04-04_21-42-06_live_round,7efc699623d74ac8961a3f76a12cb867,2026-04-05T02:43:39.125423+00:00,1775357019125423000,172729451966625,1850,,,ETF,2844,40,2846.5,-7.0,53.011824917,
29554,market_research_2026-04-04_21-42-06_live_round,7efc699623d74ac8961a3f76a12cb867,2026-04-05T02:43:39.202568+00:00,1775357019202568000,172729529111791,1850,,,ETF,2844,40,2846.5,-5.0,53.088970083,
29555,market_research_2026-04-04_21-42-06_live_round,7efc699623d74ac8961a3f76a12cb867,2026-04-05T02:43:39.202680+00:00,1775357019202680000,172729529224625,1850,,,ETF,2845,40,2846.5,-5.0,53.089082917,
29562,market_research_2026-04-04_21-42-06_live_round,7efc699623d74ac8961a3f76a12cb867,2026-04-05T02:43:39.226424+00:00,1775357019226424000,172729552968166,1850,,,ETF,2845,60,2846.5,-3.0,53.112826458,
29650,market_research_2026-04-04_21-42-06_live_round,7efc699623d74ac8961a3f76a12cb867,2026-04-05T02:43:39.595680+00:00,1775357019595680000,172729922224541,1850,,,ETF,2859,40,2861.0,-4.0,53.482082833,
29666,market_research_2026-04-04_21-42-06_live_round,7efc699623d74ac8961a3f76a12cb867,2026-04-05T02:43:39.656295+00:00,1775357019656295000,172729982839500,1850,,,ETF,2860,60,2861.0,-2.0,53.542697792,
29678,market_research_2026-04-04_21-42-06_live_round,7efc699623d74ac8961a3f76a12cb867,2026-04-05T02:43:39.694776+00:00,1775357019694776000,172730021320625,1850,,,ETF,2860,40,2860.5,-1.0,53.581178917,
29679,market_research_2026-04-04_21-42-06_live_round,7efc699623d74ac8961a3f76a12cb867,2026-04-05T02:43:39.694878+00:00,1775357019694878000,172730021423291,1850,,,ETF,2860,40,2860.5,-1.0,53.581281583,
29691,market_research_2026-04-04_21-42-06_live_round,7efc699623d74ac8961a3f76a12cb867,2026-04-05T02:43:39.741949+00:00,1775357019741949000,172730068494166,1850,,,ETF,2860,20,2860.0,0.0,53.628352458,
29734,market_research_2026-04-04_21-42-06_live_round,7efc699623d74ac8961a3f76a12cb867,2026-04-05T02:43:39.911049+00:00,1775357019911049000,172730237594250,1850,,,ETF,2860,40,2858.5,-3.0,53.797452542,
29741,market_research_2026-04-04_21-42-06_live_round,7efc699623d74ac8961a3f76a12cb867,2026-04-05T02:43:39.940660+00:00,1775357019940660000,172730267205250,1850,,,ETF,2860,40,2859.0,-2.0,53.827063542,
29856,market_research_2026-04-04_21-42-06_live_round,7efc699623d74ac8961a3f76a12cb867,2026-04-05T02:43:40.409376+00:00,1775357020409376000,172730735922791,1850,,,ETF,2854,40,2858.0,-8.0,54.295781083,
29862,market_research_2026-04-04_21-42-06_live_round,7efc699623d74ac8961a3f76a12cb867,2026-04-05T02:43:40.429158+00:00,1775357020429158000,172730755704750,1850,,,ETF,2855,60,2858.0,-6.0,54.315563042,
29874,market_research_2026-04-04_21-42-06_live_round,7efc699623d74ac8961a3f76a12cb867,2026-04-05T02:43:40.469836+00:00,1775357020469836000,172730796382625,1850,,,ETF,2856,80,2858.0,-4.0,54.356240917,
29893,market_research_2026-04-04_21-42-06_live_round,7efc699623d74ac8961a3f76a12cb867,2026-04-05T02:43:40.522289+00:00,1775357020522289000,172730848836083,1850,,,ETF,2857,100,2858.0,-2.0,54.408694375,
29928,market_research_2026-04-04_21-42-06_live_round,7efc699623d74ac8961a3f76a12cb867,2026-04-05T02:43:40.650127+00:00,1775357020650127000,172730976674083,1850,,,ETF,2868,40,2869.0,-2.0,54.536532375,
29942,market_research_2026-04-04_21-42-06_live_round,7efc699623d74ac8961a3f76a12cb867,2026-04-05T02:43:40.698281+00:00,1775357020698281000,172731024828000,1850,,,ETF,2869,60,2869.0,0.0,54.584686292,
30060,market_research_2026-04-04_21-42-06_live_round,7efc699623d74ac8961a3f76a12cb867,2026-04-05T02:43:41.195458+00:00,1775357021195458000,172731522006125,1850,,,ETF,2867,40,2863.5,-7.0,55.081864417,
30067,market_research_2026-04-04_21-42-06_live_round,7efc699623d74ac8961a3f76a12cb867,2026-04-05T02:43:41.219097+00:00,1775357021219097000,172731545645375,1850,,,ETF,2867,60,2864.0,-6.0,55.105503667,
30075,market_research_2026-04-04_21-42-06_live_round,7efc699623d74ac8961a3f76a12cb867,2026-04-05T02:43:41.246811+00:00,1775357021246811000,172731573358875,1850,,,ETF,2863,40,2862.5,-1.0,55.133217167,
30076,market_research_2026-04-04_21-42-06_live_round,7efc699623d74ac8961a3f76a12cb867,2026-04-05T02:43:41.246911+00:00,1775357021246911000,172731573459375,1850,,,ETF,2862,40,2862.5,-1.0,55.133317667,
30133,market_research_2026-04-04_21-42-06_live_round,7efc699623d74ac8961a3f76a12cb867,2026-04-05T02:43:41.469788+00:00,1775357021469788000,172731796336708,1900,,,ETF,2860,40,2858.0,-4.0,55.356195,
30140,market_research_2026-04-04_21-42-06_live_round,7efc699623d74ac8961a3f76a12cb867,2026-04-05T02:43:41.496915+00:00,1775357021496915000,172731823463458,1900,,,ETF,2860,60,2858.5,-3.0,55.38332175,
30266,market_research_2026-04-04_21-42-06_live_round,7efc699623d74ac8961a3f76a12cb867,2026-04-05T02:43:42.051355+00:00,1775357022051355000,172732377904250,1900,,,ETF,2859,40,2859.5,-1.0,55.937762542,
30275,market_research_2026-04-04_21-42-06_live_round,7efc699623d74ac8961a3f76a12cb867,2026-04-05T02:43:42.086287+00:00,1775357022086287000,172732412837166,1900,,,ETF,2859,60,2859.0,0.0,55.972695458,
30332,market_research_2026-04-04_21-42-06_live_round,7efc699623d74ac8961a3f76a12cb867,2026-04-05T02:43:42.319552+00:00,1775357022319552000,172732646101458,1900,,,ETF,2863,40,2866.0,-6.0,56.20595975,
30353,market_research_2026-04-04_21-42-06_live_round,7efc699623d74ac8961a3f76a12cb867,2026-04-05T02:43:42.408770+00:00,1775357022408770000,172732735320083,1900,,,ETF,2863,60,2865.5,-5.0,56.295178375,
30373,market_research_2026-04-04_21-42-06_live_round,7efc699623d74ac8961a3f76a12cb867,2026-04-05T02:43:42.488215+00:00,1775357022488215000,172732814766041,1900,,,ETF,2866,40,2866.5,-1.0,56.374624333,
30374,market_research_2026-04-04_21-42-06_live_round,7efc699623d74ac8961a3f76a12cb867,2026-04-05T02:43:42.488338+00:00,1775357022488338000,172732814888375,1900,,,ETF,2867,40,2866.5,-1.0,56.374746667,
30404,market_research_2026-04-04_21-42-06_live_round,7efc699623d74ac8961a3f76a12cb867,2026-04-05T02:43:42.604264+00:00,1775357022604264000,172732930814666,1900,,,A,896,40,896.0,0.0,56.490672958,0.8838431684903902
30467,market_research_2026-04-04_21-42-06_live_round,7efc699623d74ac8961a3f76a12cb867,2026-04-05T02:43:42.867088+00:00,1775357022867088000,172733193639083,1900,,,ETF,2866,40,2866.0,0.0,56.753497375,
30599,market_research_2026-04-04_21-42-06_live_round,7efc699623d74ac8961a3f76a12cb867,2026-04-05T02:43:43.423278+00:00,1775357023423278000,172733749830375,1900,,,ETF,2866,40,2867.0,-2.0,57.309688667,
30606,market_research_2026-04-04_21-42-06_live_round,7efc699623d74ac8961a3f76a12cb867,2026-04-05T02:43:43.448241+00:00,1775357023448241000,172733774793416,1900,,,ETF,2867,60,2867.0,0.0,57.334651708,
30675,market_research_2026-04-04_21-42-06_live_round,7efc699623d74ac8961a3f76a12cb867,2026-04-05T02:43:43.749460+00:00,1775357023749460000,172734076012916,1900,,,ETF,2866,40,2864.0,-4.0,57.635871208,
30687,market_research_2026-04-04_21-42-06_live_round,7efc699623d74ac8961a3f76a12cb867,2026-04-05T02:43:43.804253+00:00,1775357023804253000,172734130805708,1900,,,ETF,2866,40,2864.5,-3.0,57.690664,
30688,market_research_2026-04-04_21-42-06_live_round,7efc699623d74ac8961a3f76a12cb867,2026-04-05T02:43:43.804379+00:00,1775357023804379000,172734130931875,1900,,,ETF,2865,20,2864.5,-3.0,57.690790167,
30706,market_research_2026-04-04_21-42-06_live_round,7efc699623d74ac8961a3f76a12cb867,2026-04-05T02:43:43.876405+00:00,1775357023876405000,172734202958666,1900,,,ETF,2865,80,2864.5,-1.0,57.762816958,
30752,market_research_2026-04-04_21-42-06_live_round,7efc699623d74ac8961a3f76a12cb867,2026-04-05T02:43:44.059000+00:00,1775357024059000000,172734385553500,1900,,,ETF,2856,40,2854.5,-3.0,57.945411792,
30765,market_research_2026-04-04_21-42-06_live_round,7efc699623d74ac8961a3f76a12cb867,2026-04-05T02:43:44.109716+00:00,1775357024109716000,172734436269916,1900,,,ETF,2855,60,2854.5,-1.0,57.996128208,
30868,market_research_2026-04-04_21-42-06_live_round,7efc699623d74ac8961a3f76a12cb867,2026-04-05T02:43:44.534445+00:00,1775357024534445000,172734860999458,1900,,,ETF,2856,40,2856.0,0.0,58.42085775,
31267,market_research_2026-04-04_21-42-06_live_round,7efc699623d74ac8961a3f76a12cb867,2026-04-05T02:43:46.307148+00:00,1775357026307148000,172736633705958,1900,,,ETF,2873,40,2873.0,0.0,60.19356425,
31331,market_research_2026-04-04_21-42-06_live_round,7efc699623d74ac8961a3f76a12cb867,2026-04-05T02:43:46.580323+00:00,1775357026580323000,172736906881708,1900,,,ETF,2872,40,2869.0,-6.0,60.46674,
31336,market_research_2026-04-04_21-42-06_live_round,7efc699623d74ac8961a3f76a12cb867,2026-04-05T02:43:46.598958+00:00,1775357026598958000,172736925516916,1900,,,ETF,2872,20,2869.5,-5.0,60.485375208,
31337,market_research_2026-04-04_21-42-06_live_round,7efc699623d74ac8961a3f76a12cb867,2026-04-05T02:43:46.599058+00:00,1775357026599058000,172736925616666,1900,,,ETF,2871,40,2869.5,-5.0,60.485474958,
31347,market_research_2026-04-04_21-42-06_live_round,7efc699623d74ac8961a3f76a12cb867,2026-04-05T02:43:46.640970+00:00,1775357026640970000,172736967528666,1900,,,ETF,2871,40,2869.5,-3.0,60.527386958,
31348,market_research_2026-04-04_21-42-06_live_round,7efc699623d74ac8961a3f76a12cb867,2026-04-05T02:43:46.642618+00:00,1775357026642618000,172736969176750,1900,,,ETF,2870,40,2869.5,-3.0,60.529035042,
31365,market_research_2026-04-04_21-42-06_live_round,7efc699623d74ac8961a3f76a12cb867,2026-04-05T02:43:46.712722+00:00,1775357026712722000,172737039280833,1900,,,ETF,2870,60,2869.5,-1.0,60.599139125,
31405,market_research_2026-04-04_21-42-06_live_round,7efc699623d74ac8961a3f76a12cb867,2026-04-05T02:43:46.893509+00:00,1775357026893509000,172737220067916,1900,,,A,887,40,887.0,0.0,60.779926208,0.8838431684903902
31609,market_research_2026-04-04_21-42-06_live_round,7efc699623d74ac8961a3f76a12cb867,2026-04-05T02:43:47.796189+00:00,1775357027796189000,172738122749625,1900,,,ETF,2861,40,2860.0,-2.0,61.682607917,
31636,market_research_2026-04-04_21-42-06_live_round,7efc699623d74ac8961a3f76a12cb867,2026-04-05T02:43:47.913140+00:00,1775357027913140000,172738239700750,1900,,,ETF,2861,60,2860.5,-1.0,61.799559042,
31641,market_research_2026-04-04_21-42-06_live_round,7efc699623d74ac8961a3f76a12cb867,2026-04-05T02:43:47.928611+00:00,1775357027928611000,172738255172625,1900,,,ETF,2861,40,2861.0,0.0,61.815030917,
31680,market_research_2026-04-04_21-42-06_live_round,7efc699623d74ac8961a3f76a12cb867,2026-04-05T02:43:48.096447+00:00,1775357028096447000,172738423008666,1900,,,ETF,2858,40,2853.0,-10.0,61.982866958,
31685,market_research_2026-04-04_21-42-06_live_round,7efc699623d74ac8961a3f76a12cb867,2026-04-05T02:43:48.113168+00:00,1775357028113168000,172738439730041,1900,,,ETF,2858,60,2853.5,-9.0,61.999588333,
31705,market_research_2026-04-04_21-42-06_live_round,7efc699623d74ac8961a3f76a12cb867,2026-04-05T02:43:48.195182+00:00,1775357028195182000,172738521743250,1900,,,ETF,2853,40,2851.5,-3.0,62.081601542,
31706,market_research_2026-04-04_21-42-06_live_round,7efc699623d74ac8961a3f76a12cb867,2026-04-05T02:43:48.197175+00:00,1775357028197175000,172738523736916,1900,,,ETF,2852,40,2851.5,-3.0,62.083595208,
31716,market_research_2026-04-04_21-42-06_live_round,7efc699623d74ac8961a3f76a12cb867,2026-04-05T02:43:48.241222+00:00,1775357028241222000,172738567784375,1900,,,ETF,2852,20,2851.5,-1.0,62.127642667,
31717,market_research_2026-04-04_21-42-06_live_round,7efc699623d74ac8961a3f76a12cb867,2026-04-05T02:43:48.241343+00:00,1775357028241343000,172738567905125,1900,,,ETF,2851,80,2851.5,-1.0,62.127763417,
31759,market_research_2026-04-04_21-42-06_live_round,7efc699623d74ac8961a3f76a12cb867,2026-04-05T02:43:48.428115+00:00,1775357028428115000,172738754676916,1900,,,ETF,2850,40,2848.0,-4.0,62.314535208,
31775,market_research_2026-04-04_21-42-06_live_round,7efc699623d74ac8961a3f76a12cb867,2026-04-05T02:43:48.493959+00:00,1775357028493959000,172738820521583,1900,,,ETF,2850,60,2848.5,-3.0,62.380379875,
31859,market_research_2026-04-04_21-42-06_live_round,7efc699623d74ac8961a3f76a12cb867,2026-04-05T02:43:48.865444+00:00,1775357028865444000,172739192007625,1900,,,B,1005,40,1004.5,-1.0,,
31864,market_research_2026-04-04_21-42-06_live_round,7efc699623d74ac8961a3f76a12cb867,2026-04-05T02:43:48.882928+00:00,1775357028882928000,172739209490958,1900,,,B,1005,60,1005.0,0.0,,
32014,market_research_2026-04-04_21-42-06_live_round,7efc699623d74ac8961a3f76a12cb867,2026-04-05T02:43:49.541314+00:00,1775357029541314000,172739867877875,1900,,,ETF,2842,40,2842.0,0.0,63.427736167,
32075,market_research_2026-04-04_21-42-06_live_round,7efc699623d74ac8961a3f76a12cb867,2026-04-05T02:43:49.826179+00:00,1775357029826179000,172740152744375,1900,,,ETF,2845,40,2846.5,-3.0,63.712602667,
32099,market_research_2026-04-04_21-42-06_live_round,7efc699623d74ac8961a3f76a12cb867,2026-04-05T02:43:49.926851+00:00,1775357029926851000,172740253416166,1900,,,ETF,2845,60,2846.0,-2.0,63.813274458,
32553,market_research_2026-04-04_21-42-06_live_round,7efc699623d74ac8961a3f76a12cb867,2026-04-05T02:43:51.933921+00:00,1775357031933921000,172742260490250,1900,,,ETF,2840,40,2840.0,0.0,65.820348542,
32801,market_research_2026-04-04_21-42-06_live_round,7efc699623d74ac8961a3f76a12cb867,2026-04-05T02:43:53.055147+00:00,1775357033055147000,172743381718125,1900,,,ETF,2842,40,2844.0,-4.0,66.941576417,
32808,market_research_2026-04-04_21-42-06_live_round,7efc699623d74ac8961a3f76a12cb867,2026-04-05T02:43:53.082934+00:00,1775357033082934000,172743409505583,1900,,,ETF,2843,60,2844.0,-2.0,66.969363875,
32818,market_research_2026-04-04_21-42-06_live_round,7efc699623d74ac8961a3f76a12cb867,2026-04-05T02:43:53.122286+00:00,1775357033122286000,172743448857125,1900,,,ETF,2844,80,2844.0,0.0,67.008715417,
32873,market_research_2026-04-04_21-42-06_live_round,7efc699623d74ac8961a3f76a12cb867,2026-04-05T02:43:53.371021+00:00,1775357033371021000,172743697593000,1900,,,ETF,2845,40,2847.0,-4.0,67.257451292,
32880,market_research_2026-04-04_21-42-06_live_round,7efc699623d74ac8961a3f76a12cb867,2026-04-05T02:43:53.395657+00:00,1775357033395657000,172743722228875,1900,,,ETF,2845,60,2846.5,-3.0,67.282087167,
33006,market_research_2026-04-04_21-42-06_live_round,7efc699623d74ac8961a3f76a12cb867,2026-04-05T02:43:53.960170+00:00,1775357033960170000,172744286743083,1900,,,ETF,2847,40,2842.0,-10.0,67.846601375,
33016,market_research_2026-04-04_21-42-06_live_round,7efc699623d74ac8961a3f76a12cb867,2026-04-05T02:43:54.002664+00:00,1775357034002664000,172744329237125,1900,,,ETF,2846,60,2842.0,-8.0,67.889095417,
33025,market_research_2026-04-04_21-42-06_live_round,7efc699623d74ac8961a3f76a12cb867,2026-04-05T02:43:54.040338+00:00,1775357034040338000,172744366910666,1900,,,ETF,2846,80,2842.5,-7.0,67.926768958,
33040,market_research_2026-04-04_21-42-06_live_round,7efc699623d74ac8961a3f76a12cb867,2026-04-05T02:43:54.102430+00:00,1775357034102430000,172744429002708,1900,,,ETF,2846,20,2843.0,-6.0,67.988861,
33041,market_research_2026-04-04_21-42-06_live_round,7efc699623d74ac8961a3f76a12cb867,2026-04-05T02:43:54.103831+00:00,1775357034103831000,172744430404000,1900,,,ETF,2845,80,2843.0,-6.0,67.990262292,
33055,market_research_2026-04-04_21-42-06_live_round,7efc699623d74ac8961a3f76a12cb867,2026-04-05T02:43:54.163085+00:00,1775357034163085000,172744489658375,1900,,,B,987,40,987.0,0.0,,
33989,market_research_2026-04-04_21-42-06_live_round,7efc699623d74ac8961a3f76a12cb867,2026-04-05T02:43:58.567217+00:00,1775357038567217000,172748893798583,1950,,,ETF,2839,40,2838.5,-1.0,2.588670833,
34052,market_research_2026-04-04_21-42-06_live_round,7efc699623d74ac8961a3f76a12cb867,2026-04-05T02:43:58.850884+00:00,1775357038850884000,172749177466416,1950,,,ETF,2839,40,2842.0,-6.0,2.872338666,
34059,market_research_2026-04-04_21-42-06_live_round,7efc699623d74ac8961a3f76a12cb867,2026-04-05T02:43:58.881269+00:00,1775357038881269000,172749207851958,1950,,,ETF,2839,20,2841.5,-5.0,2.902724208,
34060,market_research_2026-04-04_21-42-06_live_round,7efc699623d74ac8961a3f76a12cb867,2026-04-05T02:43:58.881373+00:00,1775357038881373000,172749207955250,1950,,,ETF,2840,40,2841.5,-5.0,2.9028275,
34069,market_research_2026-04-04_21-42-06_live_round,7efc699623d74ac8961a3f76a12cb867,2026-04-05T02:43:58.919888+00:00,1775357038919888000,172749246470500,1950,,,ETF,2840,40,2841.5,-3.0,2.94134275,
34070,market_research_2026-04-04_21-42-06_live_round,7efc699623d74ac8961a3f76a12cb867,2026-04-05T02:43:58.921452+00:00,1775357038921452000,172749248035041,1950,,,ETF,2841,40,2841.5,-3.0,2.942907291,
34077,market_research_2026-04-04_21-42-06_live_round,7efc699623d74ac8961a3f76a12cb867,2026-04-05T02:43:58.947098+00:00,1775357038947098000,172749273681083,1950,,,ETF,2841,60,2841.5,-1.0,2.968553333,
34195,market_research_2026-04-04_21-42-06_live_round,7efc699623d74ac8961a3f76a12cb867,2026-04-05T02:43:59.504486+00:00,1775357039504486000,172749831069958,1950,,,ETF,2842,40,2842.0,0.0,3.525942208,
34390,market_research_2026-04-04_21-42-06_live_round,7efc699623d74ac8961a3f76a12cb867,2026-04-05T02:44:00.430818+00:00,1775357040430818000,172750757403958,1950,,,ETF,2849,40,2849.0,0.0,4.452276208,
34595,market_research_2026-04-04_21-42-06_live_round,7efc699623d74ac8961a3f76a12cb867,2026-04-05T02:44:01.399215+00:00,1775357041399215000,172751725802625,1950,,,ETF,2852,40,2852.5,-1.0,5.420674875,
34917,market_research_2026-04-04_21-42-06_live_round,7efc699623d74ac8961a3f76a12cb867,2026-04-05T02:44:02.958325+00:00,1775357042958325000,172753284915333,1950,,,ETF,2854,40,2854.0,0.0,6.979787583,
34982,market_research_2026-04-04_21-42-06_live_round,7efc699623d74ac8961a3f76a12cb867,2026-04-05T02:44:03.260620+00:00,1775357043260620000,172753587211041,1950,,,ETF,2851,40,2851.0,0.0,7.282083291,
35055,market_research_2026-04-04_21-42-06_live_round,7efc699623d74ac8961a3f76a12cb867,2026-04-05T02:44:03.610234+00:00,1775357043610234000,172753936825708,1950,,,ETF,2852,40,2852.0,0.0,7.631697958,
35126,market_research_2026-04-04_21-42-06_live_round,7efc699623d74ac8961a3f76a12cb867,2026-04-05T02:44:03.968630+00:00,1775357043968630000,172754295222083,1975,,,ETF,2851,40,2850.5,-1.0,7.990094333,
35138,market_research_2026-04-04_21-42-06_live_round,7efc699623d74ac8961a3f76a12cb867,2026-04-05T02:44:04.019541+00:00,1775357044019541000,172754346133708,1975,,,ETF,2851,20,2851.0,0.0,8.041005958,
35185,market_research_2026-04-04_21-42-06_live_round,7efc699623d74ac8961a3f76a12cb867,2026-04-05T02:44:04.247448+00:00,1775357044247448000,172754574041125,1975,,,ETF,2851,40,2851.5,-1.0,8.268913375,
35382,market_research_2026-04-04_21-42-06_live_round,7efc699623d74ac8961a3f76a12cb867,2026-04-05T02:44:05.227464+00:00,1775357045227464000,172755554059125,1975,,,ETF,2852,40,2853.5,-3.0,9.248931375,
35390,market_research_2026-04-04_21-42-06_live_round,7efc699623d74ac8961a3f76a12cb867,2026-04-05T02:44:05.268171+00:00,1775357045268171000,172755594766208,1975,,,ETF,2853,60,2853.5,-1.0,9.289638458,
35648,market_research_2026-04-04_21-42-06_live_round,7efc699623d74ac8961a3f76a12cb867,2026-04-05T02:44:06.565629+00:00,1775357046565629000,172756892226083,1975,,,ETF,2851,40,2851.0,0.0,10.587098333,
35786,market_research_2026-04-04_21-42-06_live_round,7efc699623d74ac8961a3f76a12cb867,2026-04-05T02:44:07.263118+00:00,1775357047263118000,172757589716625,1975,,,ETF,2852,40,2852.0,0.0,11.284588875,
35909,market_research_2026-04-04_21-42-06_live_round,7efc699623d74ac8961a3f76a12cb867,2026-04-05T02:44:07.898590+00:00,1775357047898590000,172758225190500,1975,,,ETF,2855,40,2856.5,-3.0,11.92006275,
35926,market_research_2026-04-04_21-42-06_live_round,7efc699623d74ac8961a3f76a12cb867,2026-04-05T02:44:07.977237+00:00,1775357047977237000,172758303837375,1975,,,ETF,2856,60,2856.5,-1.0,11.998709625,
35978,market_research_2026-04-04_21-42-06_live_round,7efc699623d74ac8961a3f76a12cb867,2026-04-05T02:44:08.223695+00:00,1775357048223695000,172758550295791,1975,,,ETF,2858,40,2858.0,0.0,12.245168041,
36046,market_research_2026-04-04_21-42-06_live_round,7efc699623d74ac8961a3f76a12cb867,2026-04-05T02:44:08.585766+00:00,1775357048585766000,172758912367166,1975,,,ETF,2864,40,2864.0,0.0,12.607239416,
36174,market_research_2026-04-04_21-42-06_live_round,7efc699623d74ac8961a3f76a12cb867,2026-04-05T02:44:09.202213+00:00,1775357049202213000,172759528815666,1975,,,A,899,40,899.0,0.0,13.233072583,1.3925929733903109
36181,market_research_2026-04-04_21-42-06_live_round,7efc699623d74ac8961a3f76a12cb867,2026-04-05T02:44:09.234508+00:00,1775357049234508000,172759561110875,1975,,,ETF,2863,40,2861.5,-3.0,13.255983125,
36189,market_research_2026-04-04_21-42-06_live_round,7efc699623d74ac8961a3f76a12cb867,2026-04-05T02:44:09.270682+00:00,1775357049270682000,172759597285291,1975,,,ETF,2862,60,2861.5,-1.0,13.292157541,
36251,market_research_2026-04-04_21-42-06_live_round,7efc699623d74ac8961a3f76a12cb867,2026-04-05T02:44:09.586079+00:00,1775357049586079000,172759912682500,1975,,,A,903,40,905.0,-4.0,13.616939417,1.3925929733903109
36256,market_research_2026-04-04_21-42-06_live_round,7efc699623d74ac8961a3f76a12cb867,2026-04-05T02:44:09.605325+00:00,1775357049605325000,172759931928166,1975,,,A,903,60,904.5,-3.0,13.636185083,1.3925929733903109
36263,market_research_2026-04-04_21-42-06_live_round,7efc699623d74ac8961a3f76a12cb867,2026-04-05T02:44:09.633844+00:00,1775357049633844000,172759960447291,1975,,,A,905,40,905.0,0.0,13.664704208,1.3925929733903109
36267,market_research_2026-04-04_21-42-06_live_round,7efc699623d74ac8961a3f76a12cb867,2026-04-05T02:44:09.648510+00:00,1775357049648510000,172759975113833,1975,,,ETF,2860,40,2860.0,0.0,13.669986083,
36320,market_research_2026-04-04_21-42-06_live_round,7efc699623d74ac8961a3f76a12cb867,2026-04-05T02:44:09.891349+00:00,1775357049891349000,172760217952625,1975,,,ETF,2861,40,2863.5,-5.0,13.912824875,
36325,market_research_2026-04-04_21-42-06_live_round,7efc699623d74ac8961a3f76a12cb867,2026-04-05T02:44:09.913408+00:00,1775357049913408000,172760240012041,1975,,,A,908,40,910.0,-4.0,13.944268958,1.3925929733903109
36331,market_research_2026-04-04_21-42-06_live_round,7efc699623d74ac8961a3f76a12cb867,2026-04-05T02:44:09.937279+00:00,1775357049937279000,172760263882958,1975,,,A,908,60,909.5,-3.0,13.968139875,1.3925929733903109
36343,market_research_2026-04-04_21-42-06_live_round,7efc699623d74ac8961a3f76a12cb867,2026-04-05T02:44:09.992213+00:00,1775357049992213000,172760318817208,1975,,,ETF,2861,20,2863.0,-4.0,14.013689458,
36344,market_research_2026-04-04_21-42-06_live_round,7efc699623d74ac8961a3f76a12cb867,2026-04-05T02:44:09.994550+00:00,1775357049994550000,172760321154000,1975,,,ETF,2862,40,2863.0,-4.0,14.01602625,
36350,market_research_2026-04-04_21-42-06_live_round,7efc699623d74ac8961a3f76a12cb867,2026-04-05T02:44:10.020543+00:00,1775357050020543000,172760347147791,1975,,,ETF,2862,40,2863.0,-2.0,14.042020041,
36351,market_research_2026-04-04_21-42-06_live_round,7efc699623d74ac8961a3f76a12cb867,2026-04-05T02:44:10.020650+00:00,1775357050020650000,172760347254166,1975,,,ETF,2863,40,2863.0,-2.0,14.042126416,
36359,market_research_2026-04-04_21-42-06_live_round,7efc699623d74ac8961a3f76a12cb867,2026-04-05T02:44:10.054320+00:00,1775357050054320000,172760380924916,1975,,,ETF,2863,60,2863.0,0.0,14.075797166,
36360,market_research_2026-04-04_21-42-06_live_round,7efc699623d74ac8961a3f76a12cb867,2026-04-05T02:44:10.054423+00:00,1775357050054423000,172760381027375,1975,,,ETF,2863,40,2863.0,0.0,14.075899625,
36400,market_research_2026-04-04_21-42-06_live_round,7efc699623d74ac8961a3f76a12cb867,2026-04-05T02:44:10.245933+00:00,1775357050245933000,172760572537916,1975,,,A,916,40,918.5,-5.0,14.276794833,1.3925929733903109
36405,market_research_2026-04-04_21-42-06_live_round,7efc699623d74ac8961a3f76a12cb867,2026-04-05T02:44:10.265813+00:00,1775357050265813000,172760592417583,1975,,,ETF,2863,40,2867.5,-9.0,14.287289833,
36409,market_research_2026-04-04_21-42-06_live_round,7efc699623d74ac8961a3f76a12cb867,2026-04-05T02:44:10.288651+00:00,1775357050288651000,172760615255833,1975,,,A,916,60,918.0,-4.0,14.31951275,1.3925929733903109
36414,market_research_2026-04-04_21-42-06_live_round,7efc699623d74ac8961a3f76a12cb867,2026-04-05T02:44:10.319191+00:00,1775357050319191000,172760645796083,1975,,,ETF,2863,20,2867.0,-8.0,14.340668333,
36421,market_research_2026-04-04_21-42-06_live_round,7efc699623d74ac8961a3f76a12cb867,2026-04-05T02:44:10.353055+00:00,1775357050353055000,172760679659833,1975,,,A,918,40,918.5,-1.0,14.38391675,1.3925929733903109
36422,market_research_2026-04-04_21-42-06_live_round,7efc699623d74ac8961a3f76a12cb867,2026-04-05T02:44:10.353164+00:00,1775357050353164000,172760679768791,1975,,,A,919,40,918.5,-1.0,14.384025708,1.3925929733903109
36478,market_research_2026-04-04_21-42-06_live_round,7efc699623d74ac8961a3f76a12cb867,2026-04-05T02:44:10.624933+00:00,1775357050624933000,172760951538250,1975,,,A,921,40,925.0,-8.0,14.655795167,1.3925929733903109
36483,market_research_2026-04-04_21-42-06_live_round,7efc699623d74ac8961a3f76a12cb867,2026-04-05T02:44:10.642698+00:00,1775357050642698000,172760969303791,1975,,,ETF,2875,40,2882.5,-15.0,14.664176041,
36489,market_research_2026-04-04_21-42-06_live_round,7efc699623d74ac8961a3f76a12cb867,2026-04-05T02:44:10.663845+00:00,1775357050663845000,172760990450375,1975,,,A,921,60,924.5,-7.0,14.694707292,1.3925929733903109
36493,market_research_2026-04-04_21-42-06_live_round,7efc699623d74ac8961a3f76a12cb867,2026-04-05T02:44:10.676802+00:00,1775357050676802000,172761003407541,1975,,,ETF,2875,60,2882.0,-14.0,14.698279791,
36499,market_research_2026-04-04_21-42-06_live_round,7efc699623d74ac8961a3f76a12cb867,2026-04-05T02:44:10.697753+00:00,1775357050697753000,172761024359083,1975,,,A,927,40,927.0,0.0,14.728616,1.3925929733903109
36514,market_research_2026-04-04_21-42-06_live_round,7efc699623d74ac8961a3f76a12cb867,2026-04-05T02:44:10.765923+00:00,1775357050765923000,172761092528416,1975,,,ETF,2878,40,2883.0,-10.0,14.787400666,
36515,market_research_2026-04-04_21-42-06_live_round,7efc699623d74ac8961a3f76a12cb867,2026-04-05T02:44:10.766056+00:00,1775357050766056000,172761092661458,1975,,,ETF,2879,40,2883.0,-10.0,14.787533708,
36530,market_research_2026-04-04_21-42-06_live_round,7efc699623d74ac8961a3f76a12cb867,2026-04-05T02:44:10.835073+00:00,1775357050835073000,172761161678666,1975,,,ETF,2879,20,2883.0,-8.0,14.856550916,
36531,market_research_2026-04-04_21-42-06_live_round,7efc699623d74ac8961a3f76a12cb867,2026-04-05T02:44:10.836574+00:00,1775357050836574000,172761163179791,1975,,,ETF,2880,80,2883.0,-8.0,14.858052041,
36555,market_research_2026-04-04_21-42-06_live_round,7efc699623d74ac8961a3f76a12cb867,2026-04-05T02:44:10.952290+00:00,1775357050952290000,172761278895750,1975,,,ETF,2881,40,2887.5,-13.0,14.973768,
36559,market_research_2026-04-04_21-42-06_live_round,7efc699623d74ac8961a3f76a12cb867,2026-04-05T02:44:10.969276+00:00,1775357050969276000,172761295882208,1975,,,A,930,40,933.0,-6.0,15.000139125,1.3925929733903109
36565,market_research_2026-04-04_21-42-06_live_round,7efc699623d74ac8961a3f76a12cb867,2026-04-05T02:44:10.995590+00:00,1775357050995590000,172761322196083,1975,,,ETF,2881,60,2887.0,-12.0,15.017068333,
36572,market_research_2026-04-04_21-42-06_live_round,7efc699623d74ac8961a3f76a12cb867,2026-04-05T02:44:11.026518+00:00,1775357051026518000,172761353123875,1975,,,A,930,60,932.5,-5.0,15.057380792,1.3925929733903109
36625,market_research_2026-04-04_21-42-06_live_round,7efc699623d74ac8961a3f76a12cb867,2026-04-05T02:44:11.296035+00:00,1775357051296035000,172761622640958,1975,,,A,938,40,939.5,-3.0,15.326897875,1.3925929733903109
36632,market_research_2026-04-04_21-42-06_live_round,7efc699623d74ac8961a3f76a12cb867,2026-04-05T02:44:11.333040+00:00,1775357051333040000,172761659646666,1975,,,A,938,60,939.0,-2.0,15.363903583,1.3925929733903109
36636,market_research_2026-04-04_21-42-06_live_round,7efc699623d74ac8961a3f76a12cb867,2026-04-05T02:44:11.349814+00:00,1775357051349814000,172761676420416,1975,,,ETF,2899,40,2905.5,-13.0,15.371292666,
36651,market_research_2026-04-04_21-42-06_live_round,7efc699623d74ac8961a3f76a12cb867,2026-04-05T02:44:11.422183+00:00,1775357051422183000,172761748790291,1975,,,ETF,2899,60,2905.0,-12.0,15.443662541,
36657,market_research_2026-04-04_21-42-06_live_round,7efc699623d74ac8961a3f76a12cb867,2026-04-05T02:44:11.447548+00:00,1775357051447548000,172761774154791,1975,,,ETF,2900,40,2905.0,-10.0,15.469027041,
36658,market_research_2026-04-04_21-42-06_live_round,7efc699623d74ac8961a3f76a12cb867,2026-04-05T02:44:11.447652+00:00,1775357051447652000,172761774259333,1975,,,ETF,2901,40,2905.0,-10.0,15.469131583,
36672,market_research_2026-04-04_21-42-06_live_round,7efc699623d74ac8961a3f76a12cb867,2026-04-05T02:44:11.519117+00:00,1775357051519117000,172761845724125,1975,,,ETF,2901,20,2905.0,-8.0,15.540596375,
36673,market_research_2026-04-04_21-42-06_live_round,7efc699623d74ac8961a3f76a12cb867,2026-04-05T02:44:11.519256+00:00,1775357051519256000,172761845862958,1975,,,ETF,2902,80,2905.0,-8.0,15.540735208,
36704,market_research_2026-04-04_21-42-06_live_round,7efc699623d74ac8961a3f76a12cb867,2026-04-05T02:44:11.664415+00:00,1775357051664415000,172761991022625,1975,,,A,945,40,949.0,-8.0,15.695279542,1.3925929733903109
36708,market_research_2026-04-04_21-42-06_live_round,7efc699623d74ac8961a3f76a12cb867,2026-04-05T02:44:11.680578+00:00,1775357051680578000,172762007184875,1975,,,ETF,2903,40,2912.0,-18.0,15.702057125,
36715,market_research_2026-04-04_21-42-06_live_round,7efc699623d74ac8961a3f76a12cb867,2026-04-05T02:44:11.716728+00:00,1775357051716728000,172762043336041,1975,,,ETF,2903,60,2911.5,-17.0,15.738208291,
36721,market_research_2026-04-04_21-42-06_live_round,7efc699623d74ac8961a3f76a12cb867,2026-04-05T02:44:11.745360+00:00,1775357051745360000,172762071967833,1975,,,ETF,2918,40,2918.5,-1.0,15.766840083,
36722,market_research_2026-04-04_21-42-06_live_round,7efc699623d74ac8961a3f76a12cb867,2026-04-05T02:44:11.746874+00:00,1775357051746874000,172762073482250,1975,,,ETF,2919,40,2918.5,-1.0,15.7683545,
36727,market_research_2026-04-04_21-42-06_live_round,7efc699623d74ac8961a3f76a12cb867,2026-04-05T02:44:11.766765+00:00,1775357051766765000,172762093372583,1975,,,A,945,60,948.5,-7.0,15.7976295,1.3925929733903109
36732,market_research_2026-04-04_21-42-06_live_round,7efc699623d74ac8961a3f76a12cb867,2026-04-05T02:44:11.784608+00:00,1775357051784608000,172762111215791,1975,,,A,947,40,949.0,-4.0,15.815472708,1.3925929733903109
36733,market_research_2026-04-04_21-42-06_live_round,7efc699623d74ac8961a3f76a12cb867,2026-04-05T02:44:11.784713+00:00,1775357051784713000,172762111320958,1975,,,A,948,40,949.0,-4.0,15.815577875,1.3925929733903109
36742,market_research_2026-04-04_21-42-06_live_round,7efc699623d74ac8961a3f76a12cb867,2026-04-05T02:44:11.822889+00:00,1775357051822889000,172762149497125,1975,,,A,948,20,949.0,-2.0,15.853754042,1.3925929733903109
36743,market_research_2026-04-04_21-42-06_live_round,7efc699623d74ac8961a3f76a12cb867,2026-04-05T02:44:11.822988+00:00,1775357051822988000,172762149596250,1975,,,A,949,80,949.0,-2.0,15.853853167,1.3925929733903109
36784,market_research_2026-04-04_21-42-06_live_round,7efc699623d74ac8961a3f76a12cb867,2026-04-05T02:44:12.031148+00:00,1775357052031148000,172762357756375,1975,,,A,950,40,959.5,-19.0,16.062013292,1.3925929733903109
36790,market_research_2026-04-04_21-42-06_live_round,7efc699623d74ac8961a3f76a12cb867,2026-04-05T02:44:12.055905+00:00,1775357052055905000,172762382512958,1975,,,A,950,60,959.0,-18.0,16.086769875,1.3925929733903109
36795,market_research_2026-04-04_21-42-06_live_round,7efc699623d74ac8961a3f76a12cb867,2026-04-05T02:44:12.078177+00:00,1775357052078177000,172762404784625,1975,,,A,959,40,963.0,-8.0,16.109041542,1.3925929733903109
36796,market_research_2026-04-04_21-42-06_live_round,7efc699623d74ac8961a3f76a12cb867,2026-04-05T02:44:12.078344+00:00,1775357052078344000,172762404952416,1975,,,A,960,40,963.0,-8.0,16.109209333,1.3925929733903109
36803,market_research_2026-04-04_21-42-06_live_round,7efc699623d74ac8961a3f76a12cb867,2026-04-05T02:44:12.108572+00:00,1775357052108572000,172762435180791,1975,,,A,960,20,963.0,-6.0,16.139437708,1.3925929733903109
36804,market_research_2026-04-04_21-42-06_live_round,7efc699623d74ac8961a3f76a12cb867,2026-04-05T02:44:12.108673+00:00,1775357052108673000,172762435281916,1975,,,A,961,80,963.0,-6.0,16.139538833,1.3925929733903109
36809,market_research_2026-04-04_21-42-06_live_round,7efc699623d74ac8961a3f76a12cb867,2026-04-05T02:44:12.126866+00:00,1775357052126866000,172762453474791,1975,,,ETF,2921,40,2929.5,-17.0,16.148347041,
36816,market_research_2026-04-04_21-42-06_live_round,7efc699623d74ac8961a3f76a12cb867,2026-04-05T02:44:12.156970+00:00,1775357052156970000,172762483577958,1975,,,ETF,2921,60,2929.0,-16.0,16.178450208,
36823,market_research_2026-04-04_21-42-06_live_round,7efc699623d74ac8961a3f76a12cb867,2026-04-05T02:44:12.186524+00:00,1775357052186524000,172762513132541,1975,,,ETF,2927,40,2931.5,-9.0,16.208004791,
36824,market_research_2026-04-04_21-42-06_live_round,7efc699623d74ac8961a3f76a12cb867,2026-04-05T02:44:12.187992+00:00,1775357052187992000,172762514601041,1975,,,ETF,2928,40,2931.5,-9.0,16.209473291,
36831,market_research_2026-04-04_21-42-06_live_round,7efc699623d74ac8961a3f76a12cb867,2026-04-05T02:44:12.225307+00:00,1775357052225307000,172762551915041,1975,,,ETF,2928,20,2931.5,-7.0,16.246787291,
36832,market_research_2026-04-04_21-42-06_live_round,7efc699623d74ac8961a3f76a12cb867,2026-04-05T02:44:12.225449+00:00,1775357052225449000,172762552057208,1975,,,ETF,2929,80,2931.5,-7.0,16.246929458,
36881,market_research_2026-04-04_21-42-06_live_round,7efc699623d74ac8961a3f76a12cb867,2026-04-05T02:44:12.457026+00:00,1775357052457026000,172762783634625,1975,,,ETF,2930,40,2943.0,-26.0,16.478506875,
36885,market_research_2026-04-04_21-42-06_live_round,7efc699623d74ac8961a3f76a12cb867,2026-04-05T02:44:12.470960+00:00,1775357052470960000,172762797568916,1975,,,A,962,40,976.0,-28.0,16.501825833,1.3925929733903109
36891,market_research_2026-04-04_21-42-06_live_round,7efc699623d74ac8961a3f76a12cb867,2026-04-05T02:44:12.499129+00:00,1775357052499129000,172762825738291,1975,,,ETF,2930,60,2942.5,-25.0,16.520610541,
36895,market_research_2026-04-04_21-42-06_live_round,7efc699623d74ac8961a3f76a12cb867,2026-04-05T02:44:12.516915+00:00,1775357052516915000,172762843523916,1975,,,A,962,60,975.5,-27.0,16.547780833,1.3925929733903109
36901,market_research_2026-04-04_21-42-06_live_round,7efc699623d74ac8961a3f76a12cb867,2026-04-05T02:44:12.544275+00:00,1775357052544275000,172762870884500,1975,,,A,975,40,981.5,-13.0,16.575141417,1.3925929733903109
36902,market_research_2026-04-04_21-42-06_live_round,7efc699623d74ac8961a3f76a12cb867,2026-04-05T02:44:12.545876+00:00,1775357052545876000,172762872484958,1975,,,A,976,40,981.5,-13.0,16.576741875,1.3925929733903109
36907,market_research_2026-04-04_21-42-06_live_round,7efc699623d74ac8961a3f76a12cb867,2026-04-05T02:44:12.565128+00:00,1775357052565128000,172762891737000,1975,,,ETF,2944,40,2949.0,-10.0,16.58660925,
36908,market_research_2026-04-04_21-42-06_live_round,7efc699623d74ac8961a3f76a12cb867,2026-04-05T02:44:12.566718+00:00,1775357052566718000,172762893326916,1975,,,ETF,2945,40,2949.0,-10.0,16.588199166,
36914,market_research_2026-04-04_21-42-06_live_round,7efc699623d74ac8961a3f76a12cb867,2026-04-05T02:44:12.588051+00:00,1775357052588051000,172762914660583,1975,,,ETF,2945,20,2949.0,-8.0,16.609532833,
36915,market_research_2026-04-04_21-42-06_live_round,7efc699623d74ac8961a3f76a12cb867,2026-04-05T02:44:12.588151+00:00,1775357052588151000,172762914760708,1975,,,ETF,2946,80,2949.0,-8.0,16.609632958,
36921,market_research_2026-04-04_21-42-06_live_round,7efc699623d74ac8961a3f76a12cb867,2026-04-05T02:44:12.613369+00:00,1775357052613369000,172762939978875,1975,,,A,976,20,981.5,-11.0,16.644235792,1.3925929733903109
36922,market_research_2026-04-04_21-42-06_live_round,7efc699623d74ac8961a3f76a12cb867,2026-04-05T02:44:12.613468+00:00,1775357052613468000,172762940077416,1975,,,A,977,80,981.5,-11.0,16.644334333,1.3925929733903109
36951,market_research_2026-04-04_21-42-06_live_round,7efc699623d74ac8961a3f76a12cb867,2026-04-05T02:44:12.756244+00:00,1775357052756244000,172763082853625,1975,,,C,961,40,961.0,0.0,16.777725875,1.8629055547812696
36968,market_research_2026-04-04_21-42-06_live_round,7efc699623d74ac8961a3f76a12cb867,2026-04-05T02:44:12.830574+00:00,1775357052830574000,172763157183916,1975,,,A,978,40,994.5,-33.0,16.861440833,1.3925929733903109
36973,market_research_2026-04-04_21-42-06_live_round,7efc699623d74ac8961a3f76a12cb867,2026-04-05T02:44:12.850211+00:00,1775357052850211000,172763176821375,1975,,,ETF,2947,40,2957.5,-21.0,16.871693625,
36978,market_research_2026-04-04_21-42-06_live_round,7efc699623d74ac8961a3f76a12cb867,2026-04-05T02:44:12.870048+00:00,1775357052870048000,172763196658250,1975,,,A,978,60,994.0,-32.0,16.900915167,1.3925929733903109
36982,market_research_2026-04-04_21-42-06_live_round,7efc699623d74ac8961a3f76a12cb867,2026-04-05T02:44:12.890967+00:00,1775357052890967000,172763217576791,1975,,,ETF,2947,60,2957.0,-20.0,16.912449041,
36987,market_research_2026-04-04_21-42-06_live_round,7efc699623d74ac8961a3f76a12cb867,2026-04-05T02:44:12.919424+00:00,1775357052919424000,172763246033833,1975,,,ETF,2962,40,2964.0,-4.0,16.940906083,
36988,market_research_2026-04-04_21-42-06_live_round,7efc699623d74ac8961a3f76a12cb867,2026-04-05T02:44:12.919619+00:00,1775357052919619000,172763246228708,1975,,,ETF,2963,40,2964.0,-4.0,16.941100958,
36995,market_research_2026-04-04_21-42-06_live_round,7efc699623d74ac8961a3f76a12cb867,2026-04-05T02:44:12.952914+00:00,1775357052952914000,172763279524500,1975,,,A,996,40,1002.5,-13.0,16.983781417,1.3925929733903109
36996,market_research_2026-04-04_21-42-06_live_round,7efc699623d74ac8961a3f76a12cb867,2026-04-05T02:44:12.953024+00:00,1775357052953024000,172763279634083,1975,,,A,997,40,1002.5,-13.0,16.983891,1.3925929733903109
37002,market_research_2026-04-04_21-42-06_live_round,7efc699623d74ac8961a3f76a12cb867,2026-04-05T02:44:12.977265+00:00,1775357052977265000,172763303875375,1975,,,ETF,2963,20,2964.0,-2.0,16.998747625,
37003,market_research_2026-04-04_21-42-06_live_round,7efc699623d74ac8961a3f76a12cb867,2026-04-05T02:44:12.977371+00:00,1775357052977371000,172763303980875,1975,,,ETF,2964,80,2964.0,-2.0,16.998853125,
37008,market_research_2026-04-04_21-42-06_live_round,7efc699623d74ac8961a3f76a12cb867,2026-04-05T02:44:12.998334+00:00,1775357052998334000,172763324943958,1975,,,A,997,20,1002.5,-11.0,17.029200875,1.3925929733903109
37009,market_research_2026-04-04_21-42-06_live_round,7efc699623d74ac8961a3f76a12cb867,2026-04-05T02:44:12.998477+00:00,1775357052998477000,172763325087583,1975,,,A,998,80,1002.5,-11.0,17.0293445,1.3925929733903109
37047,market_research_2026-04-04_21-42-06_live_round,7efc699623d74ac8961a3f76a12cb867,2026-04-05T02:44:13.194508+00:00,1775357053194508000,172763521118875,1975,,,ETF,2965,40,2979.0,-28.0,17.215991125,
37052,market_research_2026-04-04_21-42-06_live_round,7efc699623d74ac8961a3f76a12cb867,2026-04-05T02:44:13.215761+00:00,1775357053215761000,172763542371541,1975,,,ETF,2965,60,2978.5,-27.0,17.237243791,
37057,market_research_2026-04-04_21-42-06_live_round,7efc699623d74ac8961a3f76a12cb867,2026-04-05T02:44:13.234054+00:00,1775357053234054000,172763560664208,1975,,,A,999,40,1016.0,-34.0,17.264921125,1.3925929733903109
37061,market_research_2026-04-04_21-42-06_live_round,7efc699623d74ac8961a3f76a12cb867,2026-04-05T02:44:13.247160+00:00,1775357053247160000,172763573770208,1975,,,ETF,2974,40,2982.5,-17.0,17.268642458,
37062,market_research_2026-04-04_21-42-06_live_round,7efc699623d74ac8961a3f76a12cb867,2026-04-05T02:44:13.247263+00:00,1775357053247263000,172763573873833,1975,,,ETF,2975,40,2982.5,-17.0,17.268746083,
37069,market_research_2026-04-04_21-42-06_live_round,7efc699623d74ac8961a3f76a12cb867,2026-04-05T02:44:13.273970+00:00,1775357053273970000,172763600580500,1975,,,ETF,2975,20,2982.5,-15.0,17.29545275,
37070,market_research_2026-04-04_21-42-06_live_round,7efc699623d74ac8961a3f76a12cb867,2026-04-05T02:44:13.274078+00:00,1775357053274078000,172763600688875,1975,,,ETF,2976,80,2982.5,-15.0,17.295561125,
37076,market_research_2026-04-04_21-42-06_live_round,7efc699623d74ac8961a3f76a12cb867,2026-04-05T02:44:13.296901+00:00,1775357053296901000,172763623511250,1975,,,A,999,60,1015.5,-33.0,17.327768167,1.3925929733903109
37081,market_research_2026-04-04_21-42-06_live_round,7efc699623d74ac8961a3f76a12cb867,2026-04-05T02:44:13.316389+00:00,1775357053316389000,172763642999916,1975,,,A,1017,40,1024.0,-14.0,17.347256833,1.3925929733903109
37082,market_research_2026-04-04_21-42-06_live_round,7efc699623d74ac8961a3f76a12cb867,2026-04-05T02:44:13.316487+00:00,1775357053316487000,172763643097833,1975,,,A,1018,40,1024.0,-14.0,17.34735475,1.3925929733903109
37088,market_research_2026-04-04_21-42-06_live_round,7efc699623d74ac8961a3f76a12cb867,2026-04-05T02:44:13.340606+00:00,1775357053340606000,172763667216916,1975,,,A,1018,20,1024.0,-12.0,17.371473833,1.3925929733903109
37089,market_research_2026-04-04_21-42-06_live_round,7efc699623d74ac8961a3f76a12cb867,2026-04-05T02:44:13.340706+00:00,1775357053340706000,172763667316500,1975,,,A,1019,80,1024.0,-12.0,17.371573417,1.3925929733903109
37127,market_research_2026-04-04_21-42-06_live_round,7efc699623d74ac8961a3f76a12cb867,2026-04-05T02:44:13.529888+00:00,1775357053529888000,172763856498791,1975,,,A,1020,40,1039.5,-39.0,17.560755708,1.3925929733903109
37131,market_research_2026-04-04_21-42-06_live_round,7efc699623d74ac8961a3f76a12cb867,2026-04-05T02:44:13.547021+00:00,1775357053547021000,172763873631666,1975,,,ETF,2977,40,2995.0,-36.0,17.568503916,
37136,market_research_2026-04-04_21-42-06_live_round,7efc699623d74ac8961a3f76a12cb867,2026-04-05T02:44:13.565358+00:00,1775357053565358000,172763891969833,1975,,,A,1020,60,1039.0,-38.0,17.59622675,1.3925929733903109
37142,market_research_2026-04-04_21-42-06_live_round,7efc699623d74ac8961a3f76a12cb867,2026-04-05T02:44:13.590038+00:00,1775357053590038000,172763916648875,1975,,,A,1039,40,1048.0,-18.0,17.620905792,1.3925929733903109
37143,market_research_2026-04-04_21-42-06_live_round,7efc699623d74ac8961a3f76a12cb867,2026-04-05T02:44:13.590138+00:00,1775357053590138000,172763916749750,1975,,,A,1040,40,1048.0,-18.0,17.621006667,1.3925929733903109
37148,market_research_2026-04-04_21-42-06_live_round,7efc699623d74ac8961a3f76a12cb867,2026-04-05T02:44:13.609804+00:00,1775357053609804000,172763936415583,1975,,,ETF,2977,60,2994.5,-35.0,17.631287833,
37153,market_research_2026-04-04_21-42-06_live_round,7efc699623d74ac8961a3f76a12cb867,2026-04-05T02:44:13.629256+00:00,1775357053629256000,172763955867125,1975,,,A,1040,20,1048.0,-16.0,17.660124042,1.3925929733903109
37154,market_research_2026-04-04_21-42-06_live_round,7efc699623d74ac8961a3f76a12cb867,2026-04-05T02:44:13.629352+00:00,1775357053629352000,172763955963375,1975,,,A,1041,80,1048.0,-16.0,17.660220292,1.3925929733903109
37160,market_research_2026-04-04_21-42-06_live_round,7efc699623d74ac8961a3f76a12cb867,2026-04-05T02:44:13.654980+00:00,1775357053654980000,172763981591416,1975,,,ETF,2999,40,3005.0,-12.0,17.676463666,
37161,market_research_2026-04-04_21-42-06_live_round,7efc699623d74ac8961a3f76a12cb867,2026-04-05T02:44:13.656553+00:00,1775357053656553000,172763983164875,1975,,,ETF,3000,40,3005.0,-12.0,17.678037125,
37171,market_research_2026-04-04_21-42-06_live_round,7efc699623d74ac8961a3f76a12cb867,2026-04-05T02:44:13.704419+00:00,1775357053704419000,172764031030875,1975,,,ETF,3000,20,3005.0,-10.0,17.725903125,
37172,market_research_2026-04-04_21-42-06_live_round,7efc699623d74ac8961a3f76a12cb867,2026-04-05T02:44:13.704533+00:00,1775357053704533000,172764031144375,1975,,,ETF,3001,80,3005.0,-10.0,17.726016625,
37211,market_research_2026-04-04_21-42-06_live_round,7efc699623d74ac8961a3f76a12cb867,2026-04-05T02:44:13.896194+00:00,1775357053896194000,172764222806125,1975,,,A,1042,40,1067.5,-51.0,17.927063042,1.3925929733903109
37216,market_research_2026-04-04_21-42-06_live_round,7efc699623d74ac8961a3f76a12cb867,2026-04-05T02:44:13.917229+00:00,1775357053917229000,172764243841125,1975,,,ETF,3002,40,3022.5,-41.0,17.938713375,
37220,market_research_2026-04-04_21-42-06_live_round,7efc699623d74ac8961a3f76a12cb867,2026-04-05T02:44:13.932152+00:00,1775357053932152000,172764258764041,1975,,,A,1042,60,1067.0,-50.0,17.963020958,1.3925929733903109
37225,market_research_2026-04-04_21-42-06_live_round,7efc699623d74ac8961a3f76a12cb867,2026-04-05T02:44:13.950089+00:00,1775357053950089000,172764276701333,1975,,,A,1065,40,1078.0,-26.0,17.98095825,1.3925929733903109
37226,market_research_2026-04-04_21-42-06_live_round,7efc699623d74ac8961a3f76a12cb867,2026-04-05T02:44:13.951556+00:00,1775357053951556000,172764278168458,1975,,,A,1066,40,1078.0,-26.0,17.982425375,1.3925929733903109
37232,market_research_2026-04-04_21-42-06_live_round,7efc699623d74ac8961a3f76a12cb867,2026-04-05T02:44:13.977367+00:00,1775357053977367000,172764303978875,1975,,,ETF,3002,60,3022.0,-40.0,17.998851125,
37238,market_research_2026-04-04_21-42-06_live_round,7efc699623d74ac8961a3f76a12cb867,2026-04-05T02:44:14.002611+00:00,1775357054002611000,172764329223333,1975,,,A,1066,20,1078.0,-24.0,18.03348025,1.3925929733903109
37239,market_research_2026-04-04_21-42-06_live_round,7efc699623d74ac8961a3f76a12cb867,2026-04-05T02:44:14.002712+00:00,1775357054002712000,172764329324541,1975,,,A,1067,80,1078.0,-24.0,18.033581458,1.3925929733903109
37245,market_research_2026-04-04_21-42-06_live_round,7efc699623d74ac8961a3f76a12cb867,2026-04-05T02:44:14.027085+00:00,1775357054027085000,172764353697333,1975,,,ETF,3019,40,3030.0,-22.0,18.048569583,
37246,market_research_2026-04-04_21-42-06_live_round,7efc699623d74ac8961a3f76a12cb867,2026-04-05T02:44:14.027191+00:00,1775357054027191000,172764353803333,1975,,,ETF,3020,40,3030.0,-22.0,18.048675583,
37252,market_research_2026-04-04_21-42-06_live_round,7efc699623d74ac8961a3f76a12cb867,2026-04-05T02:44:14.051508+00:00,1775357054051508000,172764378119916,1975,,,ETF,3020,20,3030.0,-20.0,18.072992166,
37253,market_research_2026-04-04_21-42-06_live_round,7efc699623d74ac8961a3f76a12cb867,2026-04-05T02:44:14.053267+00:00,1775357054053267000,172764379879791,1975,,,ETF,3021,80,3030.0,-20.0,18.074752041,
37291,market_research_2026-04-04_21-42-06_live_round,7efc699623d74ac8961a3f76a12cb867,2026-04-05T02:44:14.253613+00:00,1775357054253613000,172764580225458,1975,,,ETF,3022,40,3052.0,-60.0,18.275097708,
37295,market_research_2026-04-04_21-42-06_live_round,7efc699623d74ac8961a3f76a12cb867,2026-04-05T02:44:14.268904+00:00,1775357054268904000,172764595517041,1975,,,A,1068,40,1101.5,-67.0,18.299773958,1.3925929733903109
37300,market_research_2026-04-04_21-42-06_live_round,7efc699623d74ac8961a3f76a12cb867,2026-04-05T02:44:14.291386+00:00,1775357054291386000,172764617998791,1975,,,A,1068,60,1101.0,-66.0,18.322255708,1.3925929733903109
37306,market_research_2026-04-04_21-42-06_live_round,7efc699623d74ac8961a3f76a12cb867,2026-04-05T02:44:14.320606+00:00,1775357054320606000,172764647218541,1975,,,A,1099,40,1116.0,-34.0,18.351475458,1.3925929733903109
37307,market_research_2026-04-04_21-42-06_live_round,7efc699623d74ac8961a3f76a12cb867,2026-04-05T02:44:14.322850+00:00,1775357054322850000,172764649462416,1975,,,A,1100,40,1116.0,-34.0,18.353719333,1.3925929733903109
37313,market_research_2026-04-04_21-42-06_live_round,7efc699623d74ac8961a3f76a12cb867,2026-04-05T02:44:14.347495+00:00,1775357054347495000,172764674108166,1975,,,ETF,3022,60,3051.5,-59.0,18.368980416,
37318,market_research_2026-04-04_21-42-06_live_round,7efc699623d74ac8961a3f76a12cb867,2026-04-05T02:44:14.367640+00:00,1775357054367640000,172764694252958,1975,,,ETF,3049,40,3064.5,-31.0,18.389125208,
37319,market_research_2026-04-04_21-42-06_live_round,7efc699623d74ac8961a3f76a12cb867,2026-04-05T02:44:14.367747+00:00,1775357054367747000,172764694359583,1975,,,ETF,3050,40,3064.5,-31.0,18.389231833,
37325,market_research_2026-04-04_21-42-06_live_round,7efc699623d74ac8961a3f76a12cb867,2026-04-05T02:44:14.392334+00:00,1775357054392334000,172764718947166,1975,,,ETF,3050,20,3064.5,-29.0,18.413819416,
37326,market_research_2026-04-04_21-42-06_live_round,7efc699623d74ac8961a3f76a12cb867,2026-04-05T02:44:14.392436+00:00,1775357054392436000,172764719049083,1975,,,ETF,3051,80,3064.5,-29.0,18.413921333,
37331,market_research_2026-04-04_21-42-06_live_round,7efc699623d74ac8961a3f76a12cb867,2026-04-05T02:44:14.412232+00:00,1775357054412232000,172764738845000,1975,,,A,1100,20,1116.0,-32.0,18.443101917,1.3925929733903109
37332,market_research_2026-04-04_21-42-06_live_round,7efc699623d74ac8961a3f76a12cb867,2026-04-05T02:44:14.413804+00:00,1775357054413804000,172764740417000,1975,,,A,1101,80,1116.0,-32.0,18.444673917,1.3925929733903109
37371,market_research_2026-04-04_21-42-06_live_round,7efc699623d74ac8961a3f76a12cb867,2026-04-05T02:44:14.594942+00:00,1775357054594942000,172764921555333,1975,,,ETF,3052,40,3088.5,-73.0,18.616427583,
37375,market_research_2026-04-04_21-42-06_live_round,7efc699623d74ac8961a3f76a12cb867,2026-04-05T02:44:14.610605+00:00,1775357054610605000,172764937217875,1975,,,A,1102,40,1142.5,-81.0,18.641474792,1.3925929733903109
37380,market_research_2026-04-04_21-42-06_live_round,7efc699623d74ac8961a3f76a12cb867,2026-04-05T02:44:14.631802+00:00,1775357054631802000,172764958415333,1975,,,ETF,3052,60,3088.0,-72.0,18.653287583,
37385,market_research_2026-04-04_21-42-06_live_round,7efc699623d74ac8961a3f76a12cb867,2026-04-05T02:44:14.651563+00:00,1775357054651563000,172764978176666,1975,,,A,1102,60,1142.0,-80.0,18.682433583,1.3925929733903109
37391,market_research_2026-04-04_21-42-06_live_round,7efc699623d74ac8961a3f76a12cb867,2026-04-05T02:44:14.679059+00:00,1775357054679059000,172765005672666,1975,,,A,1141,40,1161.0,-40.0,18.709929583,1.3925929733903109
37392,market_research_2026-04-04_21-42-06_live_round,7efc699623d74ac8961a3f76a12cb867,2026-04-05T02:44:14.679163+00:00,1775357054679163000,172765005776125,1975,,,A,1142,40,1161.0,-40.0,18.710033042,1.3925929733903109
37401,market_research_2026-04-04_21-42-06_live_round,7efc699623d74ac8961a3f76a12cb867,2026-04-05T02:44:14.725939+00:00,1775357054725939000,172765052552083,1975,,,ETF,3088,40,3105.5,-35.0,18.747424333,
37402,market_research_2026-04-04_21-42-06_live_round,7efc699623d74ac8961a3f76a12cb867,2026-04-05T02:44:14.727615+00:00,1775357054727615000,172765054228625,1975,,,ETF,3089,40,3105.5,-35.0,18.749100875,
37409,market_research_2026-04-04_21-42-06_live_round,7efc699623d74ac8961a3f76a12cb867,2026-04-05T02:44:14.757587+00:00,1775357054757587000,172765084200500,1975,,,ETF,3089,20,3105.5,-33.0,18.77907275,
37410,market_research_2026-04-04_21-42-06_live_round,7efc699623d74ac8961a3f76a12cb867,2026-04-05T02:44:14.757691+00:00,1775357054757691000,172765084304791,1975,,,ETF,3090,80,3105.5,-33.0,18.779177041,
37416,market_research_2026-04-04_21-42-06_live_round,7efc699623d74ac8961a3f76a12cb867,2026-04-05T02:44:14.787185+00:00,1775357054787185000,172765113798958,1975,,,A,1142,20,1161.0,-38.0,18.818055875,1.3925929733903109
37417,market_research_2026-04-04_21-42-06_live_round,7efc699623d74ac8961a3f76a12cb867,2026-04-05T02:44:14.788903+00:00,1775357054788903000,172765115516583,1975,,,A,1143,80,1161.0,-38.0,18.8197735,1.3925929733903109
37439,market_research_2026-04-04_21-42-06_live_round,7efc699623d74ac8961a3f76a12cb867,2026-04-05T02:44:14.890320+00:00,1775357054890320000,172765216933500,1975,,,A,1144,40,1193.5,-99.0,18.921190417,1.3925929733903109
37443,market_research_2026-04-04_21-42-06_live_round,7efc699623d74ac8961a3f76a12cb867,2026-04-05T02:44:14.905625+00:00,1775357054905625000,172765232238416,1975,,,ETF,3091,40,3138.5,-95.0,18.927110666,
37449,market_research_2026-04-04_21-42-06_live_round,7efc699623d74ac8961a3f76a12cb867,2026-04-05T02:44:14.930885+00:00,1775357054930885000,172765257499333,1975,,,A,1144,60,1193.0,-98.0,18.96175625,1.3925929733903109
37457,market_research_2026-04-04_21-42-06_live_round,7efc699623d74ac8961a3f76a12cb867,2026-04-05T02:44:14.971418+00:00,1775357054971418000,172765298032375,1975,,,A,1189,40,1215.0,-52.0,19.002289292,1.3925929733903109
37458,market_research_2026-04-04_21-42-06_live_round,7efc699623d74ac8961a3f76a12cb867,2026-04-05T02:44:14.973379+00:00,1775357054973379000,172765299992750,1975,,,A,1190,40,1215.0,-52.0,19.004249667,1.3925929733903109
37467,market_research_2026-04-04_21-42-06_live_round,7efc699623d74ac8961a3f76a12cb867,2026-04-05T02:44:15.009545+00:00,1775357055009545000,172765336159500,1975,,,A,1190,20,1215.0,-50.0,19.040416417,1.3925929733903109
37468,market_research_2026-04-04_21-42-06_live_round,7efc699623d74ac8961a3f76a12cb867,2026-04-05T02:44:15.011120+00:00,1775357055011120000,172765337734500,1975,,,A,1191,80,1215.0,-50.0,19.041991417,1.3925929733903109
37475,market_research_2026-04-04_21-42-06_live_round,7efc699623d74ac8961a3f76a12cb867,2026-04-05T02:44:15.039519+00:00,1775357055039519000,172765366132708,1975,,,ETF,3091,60,3138.0,-94.0,19.061004958,
37488,market_research_2026-04-04_21-42-06_live_round,7efc699623d74ac8961a3f76a12cb867,2026-04-05T02:44:15.108336+00:00,1775357055108336000,172765434950166,1975,,,ETF,3131,40,3157.5,-53.0,19.129822416,
37489,market_research_2026-04-04_21-42-06_live_round,7efc699623d74ac8961a3f76a12cb867,2026-04-05T02:44:15.110479+00:00,1775357055110479000,172765437092958,1975,,,ETF,3132,40,3157.5,-53.0,19.131965208,
37496,market_research_2026-04-04_21-42-06_live_round,7efc699623d74ac8961a3f76a12cb867,2026-04-05T02:44:15.148956+00:00,1775357055148956000,172765475570583,1975,,,ETF,3132,20,3157.5,-51.0,19.170442833,
37497,market_research_2026-04-04_21-42-06_live_round,7efc699623d74ac8961a3f76a12cb867,2026-04-05T02:44:15.149082+00:00,1775357055149082000,172765475696250,1975,,,ETF,3133,80,3157.5,-51.0,19.1705685,
37520,market_research_2026-04-04_21-42-06_live_round,7efc699623d74ac8961a3f76a12cb867,2026-04-05T02:44:15.259292+00:00,1775357055259292000,172765585906666,1975,,,A,1192,40,1252.0,-120.0,19.290163583,1.3925929733903109
37525,market_research_2026-04-04_21-42-06_live_round,7efc699623d74ac8961a3f76a12cb867,2026-04-05T02:44:15.279490+00:00,1775357055279490000,172765606104208,1975,,,A,1192,60,1251.5,-119.0,19.310361125,1.3925929733903109
37529,market_research_2026-04-04_21-42-06_live_round,7efc699623d74ac8961a3f76a12cb867,2026-04-05T02:44:15.290406+00:00,1775357055290406000,172765617020708,1975,,,ETF,3134,40,3185.5,-103.0,19.311892958,
37536,market_research_2026-04-04_21-42-06_live_round,7efc699623d74ac8961a3f76a12cb867,2026-04-05T02:44:15.323812+00:00,1775357055323812000,172765650427083,1975,,,A,1249,40,1279.5,-61.0,19.354684,1.3925929733903109
37537,market_research_2026-04-04_21-42-06_live_round,7efc699623d74ac8961a3f76a12cb867,2026-04-05T02:44:15.323925+00:00,1775357055323925000,172765650539500,1975,,,A,1250,40,1279.5,-61.0,19.354796417,1.3925929733903109
37543,market_research_2026-04-04_21-42-06_live_round,7efc699623d74ac8961a3f76a12cb867,2026-04-05T02:44:15.347710+00:00,1775357055347710000,172765674324500,1975,,,A,1250,20,1279.5,-59.0,19.378581417,1.3925929733903109
37544,market_research_2026-04-04_21-42-06_live_round,7efc699623d74ac8961a3f76a12cb867,2026-04-05T02:44:15.347809+00:00,1775357055347809000,172765674423958,1975,,,A,1251,80,1279.5,-59.0,19.378680875,1.3925929733903109
37550,market_research_2026-04-04_21-42-06_live_round,7efc699623d74ac8961a3f76a12cb867,2026-04-05T02:44:15.372519+00:00,1775357055372519000,172765699133375,1975,,,ETF,3134,60,3185.0,-102.0,19.394005625,
37556,market_research_2026-04-04_21-42-06_live_round,7efc699623d74ac8961a3f76a12cb867,2026-04-05T02:44:15.396830+00:00,1775357055396830000,172765723444875,1975,,,ETF,3176,18,3205.5,-59.0,19.418317125,
37557,market_research_2026-04-04_21-42-06_live_round,7efc699623d74ac8961a3f76a12cb867,2026-04-05T02:44:15.396933+00:00,1775357055396933000,172765723547541,1975,,,ETF,3176,18,3205.5,-59.0,19.418419791,
37558,market_research_2026-04-04_21-42-06_live_round,7efc699623d74ac8961a3f76a12cb867,2026-04-05T02:44:15.398865+00:00,1775357055398865000,172765725479541,1975,,,ETF,3176,18,3205.5,-59.0,19.420351791,
37559,market_research_2026-04-04_21-42-06_live_round,7efc699623d74ac8961a3f76a12cb867,2026-04-05T02:44:15.398960+00:00,1775357055398960000,172765725575333,1975,,,ETF,3176,18,3205.5,-59.0,19.420447583,
37560,market_research_2026-04-04_21-42-06_live_round,7efc699623d74ac8961a3f76a12cb867,2026-04-05T02:44:15.399052+00:00,1775357055399052000,172765725666791,1975,,,ETF,3176,8,3205.5,-59.0,19.420539041,
37567,market_research_2026-04-04_21-42-06_live_round,7efc699623d74ac8961a3f76a12cb867,2026-04-05T02:44:15.430243+00:00,1775357055430243000,172765756857958,1975,,,ETF,3176,10,3205.0,-58.0,19.451730208,
37568,market_research_2026-04-04_21-42-06_live_round,7efc699623d74ac8961a3f76a12cb867,2026-04-05T02:44:15.431836+00:00,1775357055431836000,172765758451375,1975,,,ETF,3192,40,3205.0,-58.0,19.453323625,
37569,market_research_2026-04-04_21-42-06_live_round,7efc699623d74ac8961a3f76a12cb867,2026-04-05T02:44:15.431931+00:00,1775357055431931000,172765758545833,1975,,,ETF,3193,50,3205.0,-58.0,19.453418083,
37605,market_research_2026-04-04_21-42-06_live_round,7efc699623d74ac8961a3f76a12cb867,2026-04-05T02:44:15.606656+00:00,1775357055606656000,172765933271416,1975,,,A,1252,40,1321.0,-138.0,19.637528333,1.3925929733903109
37611,market_research_2026-04-04_21-42-06_live_round,7efc699623d74ac8961a3f76a12cb867,2026-04-05T02:44:15.633586+00:00,1775357055633586000,172765960201333,1975,,,A,1252,60,1320.5,-137.0,19.66445825,1.3925929733903109
37616,market_research_2026-04-04_21-42-06_live_round,7efc699623d74ac8961a3f76a12cb867,2026-04-05T02:44:15.654981+00:00,1775357055654981000,172765981596458,1975,,,A,1318,40,1353.0,-70.0,19.685853375,1.3925929733903109
37617,market_research_2026-04-04_21-42-06_live_round,7efc699623d74ac8961a3f76a12cb867,2026-04-05T02:44:15.656841+00:00,1775357055656841000,172765983456208,1975,,,A,1319,40,1353.0,-70.0,19.687713125,1.3925929733903109
37623,market_research_2026-04-04_21-42-06_live_round,7efc699623d74ac8961a3f76a12cb867,2026-04-05T02:44:15.681481+00:00,1775357055681481000,172766008096750,1975,,,ETF,3195,40,3263.5,-137.0,19.702969,
37630,market_research_2026-04-04_21-42-06_live_round,7efc699623d74ac8961a3f76a12cb867,2026-04-05T02:44:15.723750+00:00,1775357055723750000,172766050364625,1975,,,A,1319,20,1353.0,-68.0,19.754621542,1.3925929733903109
37635,market_research_2026-04-04_21-42-06_live_round,7efc699623d74ac8961a3f76a12cb867,2026-04-05T02:44:15.748417+00:00,1775357055748417000,172766075032708,1975,,,A,1320,80,1353.0,-68.0,19.779289625,1.3925929733903109
37641,market_research_2026-04-04_21-42-06_live_round,7efc699623d74ac8961a3f76a12cb867,2026-04-05T02:44:15.774241+00:00,1775357055774241000,172766100856166,1975,,,ETF,3195,60,3263.0,-136.0,19.795728416,
37649,market_research_2026-04-04_21-42-06_live_round,7efc699623d74ac8961a3f76a12cb867,2026-04-05T02:44:15.808496+00:00,1775357055808496000,172766135111125,1975,,,ETF,3243,40,3286.5,-87.0,19.829983375,
37650,market_research_2026-04-04_21-42-06_live_round,7efc699623d74ac8961a3f76a12cb867,2026-04-05T02:44:15.808605+00:00,1775357055808605000,172766135220916,1975,,,ETF,3244,40,3286.5,-87.0,19.830093166,
37666,market_research_2026-04-04_21-42-06_live_round,7efc699623d74ac8961a3f76a12cb867,2026-04-05T02:44:15.887327+00:00,1775357055887327000,172766213942416,1975,,,ETF,3244,20,3286.5,-85.0,19.908814666,
37667,market_research_2026-04-04_21-42-06_live_round,7efc699623d74ac8961a3f76a12cb867,2026-04-05T02:44:15.887529+00:00,1775357055887529000,172766214144833,1975,,,ETF,3245,80,3286.5,-85.0,19.909017083,
37689,market_research_2026-04-04_21-42-06_live_round,7efc699623d74ac8961a3f76a12cb867,2026-04-05T02:44:16.002773+00:00,1775357056002773000,172766329389125,1975,,,A,1321,40,1356.0,-70.0,20.033646042,1.3925929733903109
37694,market_research_2026-04-04_21-42-06_live_round,7efc699623d74ac8961a3f76a12cb867,2026-04-05T02:44:16.024967+00:00,1775357056024967000,172766351583291,1975,,,ETF,3246,40,3292.0,-92.0,20.046455541,
37698,market_research_2026-04-04_21-42-06_live_round,7efc699623d74ac8961a3f76a12cb867,2026-04-05T02:44:16.039814+00:00,1775357056039814000,172766366430291,1975,,,A,1321,60,1355.5,-69.0,20.070687208,1.3925929733903109
37705,market_research_2026-04-04_21-42-06_live_round,7efc699623d74ac8961a3f76a12cb867,2026-04-05T02:44:16.070073+00:00,1775357056070073000,172766396689000,1975,,,ETF,3246,60,3291.5,-91.0,20.09156125,
37816,market_research_2026-04-04_21-42-06_live_round,7efc699623d74ac8961a3f76a12cb867,2026-04-05T02:44:16.627181+00:00,1775357056627181000,172766953797833,1975,,,ETF,3340,40,3336.5,-7.0,20.648670083,
37827,market_research_2026-04-04_21-42-06_live_round,7efc699623d74ac8961a3f76a12cb867,2026-04-05T02:44:16.679966+00:00,1775357056679966000,172767006583083,1975,,,ETF,3339,60,3336.5,-5.0,20.701455333,
37833,market_research_2026-04-04_21-42-06_live_round,7efc699623d74ac8961a3f76a12cb867,2026-04-05T02:44:16.712188+00:00,1775357056712188000,172767038805750,1975,,,ETF,3338,80,3336.5,-3.0,20.733678,
37846,market_research_2026-04-04_21-42-06_live_round,7efc699623d74ac8961a3f76a12cb867,2026-04-05T02:44:16.786290+00:00,1775357056786290000,172767112907541,1975,,,ETF,3337,100,3336.5,-1.0,20.807779791,
37997,market_research_2026-04-04_21-42-06_live_round,7efc699623d74ac8961a3f76a12cb867,2026-04-05T02:44:17.561580+00:00,1775357057561580000,172767888199166,1975,,,C,951,40,950.5,-1.0,21.583071416,1.8629055547812696
37998,market_research_2026-04-04_21-42-06_live_round,7efc699623d74ac8961a3f76a12cb867,2026-04-05T02:44:17.563734+00:00,1775357057563734000,172767890353291,1975,,,C,951,100,950.5,-1.0,21.585225541,1.8629055547812696
37999,market_research_2026-04-04_21-42-06_live_round,7efc699623d74ac8961a3f76a12cb867,2026-04-05T02:44:17.563822+00:00,1775357057563822000,172767890440625,1975,,,C,950,60,950.5,-1.0,21.585312875,1.8629055547812696
38197,market_research_2026-04-04_21-42-06_live_round,7efc699623d74ac8961a3f76a12cb867,2026-04-05T02:44:18.609301+00:00,1775357058609301000,172768935922416,1975,,,ETF,3330,40,3334.5,-9.0,22.630794666,
38198,market_research_2026-04-04_21-42-06_live_round,7efc699623d74ac8961a3f76a12cb867,2026-04-05T02:44:18.609414+00:00,1775357058609414000,172768936035583,1975,,,ETF,3331,60,3334.5,-9.0,22.630907833,
38199,market_research_2026-04-04_21-42-06_live_round,7efc699623d74ac8961a3f76a12cb867,2026-04-05T02:44:18.609514+00:00,1775357058609514000,172768936135125,1975,,,ETF,3332,80,3334.5,-9.0,22.631007375,
38200,market_research_2026-04-04_21-42-06_live_round,7efc699623d74ac8961a3f76a12cb867,2026-04-05T02:44:18.609611+00:00,1775357058609611000,172768936232125,1975,,,ETF,3333,20,3334.5,-9.0,22.631104375,
38370,market_research_2026-04-04_21-42-06_live_round,7efc699623d74ac8961a3f76a12cb867,2026-04-05T02:44:19.521996+00:00,1775357059521996000,172769848618666,1975,,,ETF,3328,40,3326.5,-3.0,23.543490916,
38384,market_research_2026-04-04_21-42-06_live_round,7efc699623d74ac8961a3f76a12cb867,2026-04-05T02:44:19.602077+00:00,1775357059602077000,172769928699666,1975,,,ETF,3328,60,3327.0,-2.0,23.623571916,
38491,market_research_2026-04-04_21-42-06_live_round,7efc699623d74ac8961a3f76a12cb867,2026-04-05T02:44:20.151809+00:00,1775357060151809000,172770478433416,1975,,,ETF,3325,40,3325.0,0.0,24.173305666,
38616,market_research_2026-04-04_21-42-06_live_round,7efc699623d74ac8961a3f76a12cb867,2026-04-05T02:44:20.843161+00:00,1775357060843161000,172771169786583,1975,,,ETF,3327,40,3328.5,-3.0,24.864658833,
38626,market_research_2026-04-04_21-42-06_live_round,7efc699623d74ac8961a3f76a12cb867,2026-04-05T02:44:20.888657+00:00,1775357060888657000,172771215282708,1975,,,ETF,3328,60,3328.5,-1.0,24.910154958,
38692,market_research_2026-04-04_21-42-06_live_round,7efc699623d74ac8961a3f76a12cb867,2026-04-05T02:44:21.234553+00:00,1775357061234553000,172771561178833,1975,,,ETF,3330,40,3339.0,-18.0,25.256051083,
38700,market_research_2026-04-04_21-42-06_live_round,7efc699623d74ac8961a3f76a12cb867,2026-04-05T02:44:21.272653+00:00,1775357061272653000,172771599279625,1975,,,ETF,3330,60,3338.5,-17.0,25.294151875,
38712,market_research_2026-04-04_21-42-06_live_round,7efc699623d74ac8961a3f76a12cb867,2026-04-05T02:44:21.334990+00:00,1775357061334990000,172771661615666,1975,,,ETF,3336,40,3341.0,-10.0,25.356487916,
38713,market_research_2026-04-04_21-42-06_live_round,7efc699623d74ac8961a3f76a12cb867,2026-04-05T02:44:21.336754+00:00,1775357061336754000,172771663379916,1975,,,ETF,3337,40,3341.0,-10.0,25.358252166,
38723,market_research_2026-04-04_21-42-06_live_round,7efc699623d74ac8961a3f76a12cb867,2026-04-05T02:44:21.388881+00:00,1775357061388881000,172771715507333,1975,,,ETF,3337,20,3341.0,-8.0,25.410379583,
38724,market_research_2026-04-04_21-42-06_live_round,7efc699623d74ac8961a3f76a12cb867,2026-04-05T02:44:21.388993+00:00,1775357061388993000,172771715619541,1975,,,ETF,3338,80,3341.0,-8.0,25.410491791,
38765,market_research_2026-04-04_21-42-06_live_round,7efc699623d74ac8961a3f76a12cb867,2026-04-05T02:44:21.612164+00:00,1775357061612164000,172771938790750,1975,,,ETF,3339,40,3340.5,-3.0,25.633663,
38777,market_research_2026-04-04_21-42-06_live_round,7efc699623d74ac8961a3f76a12cb867,2026-04-05T02:44:21.675305+00:00,1775357061675305000,172772001932458,1975,,,ETF,3339,60,3340.0,-2.0,25.696804708,
38838,market_research_2026-04-04_21-42-06_live_round,7efc699623d74ac8961a3f76a12cb867,2026-04-05T02:44:21.989661+00:00,1775357061989661000,172772316288833,1975,,,ETF,3348,40,3350.5,-5.0,26.011161083,
38868,market_research_2026-04-04_21-42-06_live_round,7efc699623d74ac8961a3f76a12cb867,2026-04-05T02:44:22.134858+00:00,1775357062134858000,172772461485583,1975,,,ETF,3349,60,3350.5,-3.0,26.156357833,
38874,market_research_2026-04-04_21-42-06_live_round,7efc699623d74ac8961a3f76a12cb867,2026-04-05T02:44:22.161578+00:00,1775357062161578000,172772488205583,1975,,,ETF,3350,80,3350.5,-1.0,26.183077833,
38900,market_research_2026-04-04_21-42-06_live_round,7efc699623d74ac8961a3f76a12cb867,2026-04-05T02:44:22.288196+00:00,1775357062288196000,172772614824625,1975,,,ETF,3351,40,3355.0,-8.0,26.309696875,
38914,market_research_2026-04-04_21-42-06_live_round,7efc699623d74ac8961a3f76a12cb867,2026-04-05T02:44:22.360588+00:00,1775357062360588000,172772687215583,1975,,,ETF,3351,60,3354.5,-7.0,26.382087833,
39107,market_research_2026-04-04_21-42-06_live_round,7efc699623d74ac8961a3f76a12cb867,2026-04-05T02:44:23.395223+00:00,1775357063395223000,172773721853875,1975,,,ETF,3352,40,3349.5,-5.0,27.416726125,
39118,market_research_2026-04-04_21-42-06_live_round,7efc699623d74ac8961a3f76a12cb867,2026-04-05T02:44:23.446772+00:00,1775357063446772000,172773773402958,1975,,,ETF,3352,60,3350.0,-4.0,27.468275208,
39128,market_research_2026-04-04_21-42-06_live_round,7efc699623d74ac8961a3f76a12cb867,2026-04-05T02:44:23.493216+00:00,1775357063493216000,172773819846791,1975,,,ETF,3352,40,3350.5,-3.0,27.514719041,
39129,market_research_2026-04-04_21-42-06_live_round,7efc699623d74ac8961a3f76a12cb867,2026-04-05T02:44:23.494798+00:00,1775357063494798000,172773821428250,1975,,,ETF,3351,40,3350.5,-3.0,27.5163005,
39143,market_research_2026-04-04_21-42-06_live_round,7efc699623d74ac8961a3f76a12cb867,2026-04-05T02:44:23.579981+00:00,1775357063579981000,172773906611583,1975,,,ETF,3351,20,3350.5,-1.0,27.601483833,
39144,market_research_2026-04-04_21-42-06_live_round,7efc699623d74ac8961a3f76a12cb867,2026-04-05T02:44:23.580126+00:00,1775357063580126000,172773906756375,1975,,,ETF,3350,80,3350.5,-1.0,27.601628625,
39180,market_research_2026-04-04_21-42-06_live_round,7efc699623d74ac8961a3f76a12cb867,2026-04-05T02:44:23.758702+00:00,1775357063758702000,172774085333166,1975,,,ETF,3349,40,3349.0,0.0,27.780205416,
39309,market_research_2026-04-04_21-42-06_live_round,7efc699623d74ac8961a3f76a12cb867,2026-04-05T02:44:24.434683+00:00,1775357064434683000,172774761315625,1975,,,ETF,3352,40,3355.5,-7.0,28.456187875,
39327,market_research_2026-04-04_21-42-06_live_round,7efc699623d74ac8961a3f76a12cb867,2026-04-05T02:44:24.519969+00:00,1775357064519969000,172774846601291,1975,,,ETF,3352,60,3355.0,-6.0,28.541473541,
39343,market_research_2026-04-04_21-42-06_live_round,7efc699623d74ac8961a3f76a12cb867,2026-04-05T02:44:24.609272+00:00,1775357064609272000,172774935904833,1975,,,ETF,3354,40,3355.5,-3.0,28.630777083,
39344,market_research_2026-04-04_21-42-06_live_round,7efc699623d74ac8961a3f76a12cb867,2026-04-05T02:44:24.609432+00:00,1775357064609432000,172774936064500,1975,,,ETF,3355,40,3355.5,-3.0,28.63093675,
39350,market_research_2026-04-04_21-42-06_live_round,7efc699623d74ac8961a3f76a12cb867,2026-04-05T02:44:24.635852+00:00,1775357064635852000,172774962484375,1975,,,ETF,3355,20,3355.5,-1.0,28.657356625,
39351,market_research_2026-04-04_21-42-06_live_round,7efc699623d74ac8961a3f76a12cb867,2026-04-05T02:44:24.635976+00:00,1775357064635976000,172774962609000,1975,,,ETF,3356,80,3355.5,-1.0,28.65748125,
39452,market_research_2026-04-04_21-42-06_live_round,7efc699623d74ac8961a3f76a12cb867,2026-04-05T02:44:25.182749+00:00,1775357065182749000,172775509383333,1975,,,ETF,3348,40,3345.5,-5.0,29.204255583,
39458,market_research_2026-04-04_21-42-06_live_round,7efc699623d74ac8961a3f76a12cb867,2026-04-05T02:44:25.205798+00:00,1775357065205798000,172775532431666,1975,,,ETF,3347,60,3345.5,-3.0,29.227303916,
39467,market_research_2026-04-04_21-42-06_live_round,7efc699623d74ac8961a3f76a12cb867,2026-04-05T02:44:25.247734+00:00,1775357065247734000,172775574367875,1975,,,ETF,3346,80,3345.5,-1.0,29.269240125,
39515,market_research_2026-04-04_21-42-06_live_round,7efc699623d74ac8961a3f76a12cb867,2026-04-05T02:44:25.504926+00:00,1775357065504926000,172775831560666,1975,,,ETF,3345,40,3344.0,-2.0,29.526432916,
39528,market_research_2026-04-04_21-42-06_live_round,7efc699623d74ac8961a3f76a12cb867,2026-04-05T02:44:25.568454+00:00,1775357065568454000,172775895088791,1975,,,ETF,3345,60,3344.5,-1.0,29.589961041,
39839,market_research_2026-04-04_21-42-06_live_round,7efc699623d74ac8961a3f76a12cb867,2026-04-05T02:44:27.675679+00:00,1775357067675679000,172778002317625,1975,,,ETF,3342,40,3346.0,-8.0,31.697189875,
39844,market_research_2026-04-04_21-42-06_live_round,7efc699623d74ac8961a3f76a12cb867,2026-04-05T02:44:27.703912+00:00,1775357067703912000,172778030551000,1975,,,ETF,3343,60,3346.0,-6.0,31.72542325,
39849,market_research_2026-04-04_21-42-06_live_round,7efc699623d74ac8961a3f76a12cb867,2026-04-05T02:44:27.735673+00:00,1775357067735673000,172778062311791,1975,,,ETF,3344,80,3346.0,-4.0,31.757184041,
39854,market_research_2026-04-04_21-42-06_live_round,7efc699623d74ac8961a3f76a12cb867,2026-04-05T02:44:27.772108+00:00,1775357067772108000,172778098746833,1975,,,ETF,3345,100,3346.0,-2.0,31.793619083,
39896,market_research_2026-04-04_21-42-06_live_round,7efc699623d74ac8961a3f76a12cb867,2026-04-05T02:44:28.053335+00:00,1775357068053335000,172778379974166,1975,,,A,1387,40,1388.0,-2.0,32.084231083,1.3925929733903109
39897,market_research_2026-04-04_21-42-06_live_round,7efc699623d74ac8961a3f76a12cb867,2026-04-05T02:44:28.055405+00:00,1775357068055405000,172778382044500,1975,,,A,1388,60,1388.0,-2.0,32.086301417,1.3925929733903109
39898,market_research_2026-04-04_21-42-06_live_round,7efc699623d74ac8961a3f76a12cb867,2026-04-05T02:44:28.055540+00:00,1775357068055540000,172778382179791,1975,,,A,1389,100,1388.0,-2.0,32.086436708,1.3925929733903109
39996,market_research_2026-04-04_21-42-06_live_round,7efc699623d74ac8961a3f76a12cb867,2026-04-05T02:44:28.696621+00:00,1775357068696621000,172779023261708,1975,,,A,1387,40,1387.0,0.0,32.727518625,1.3925929733903109
40031,market_research_2026-04-04_21-42-06_live_round,7efc699623d74ac8961a3f76a12cb867,2026-04-05T02:44:28.952467+00:00,1775357068952467000,172779279107625,1975,,,B,983,40,983.0,0.0,,
40049,market_research_2026-04-04_21-42-06_live_round,7efc699623d74ac8961a3f76a12cb867,2026-04-05T02:44:29.052318+00:00,1775357069052318000,172779378959416,1975,,,ETF,3338,40,3337.5,-1.0,33.073831666,
40117,market_research_2026-04-04_21-42-06_live_round,7efc699623d74ac8961a3f76a12cb867,2026-04-05T02:44:29.538456+00:00,1775357069538456000,172779865098541,1975,,,ETF,3335,40,3333.5,-3.0,33.559970791,
40122,market_research_2026-04-04_21-42-06_live_round,7efc699623d74ac8961a3f76a12cb867,2026-04-05T02:44:29.559077+00:00,1775357069559077000,172779885719625,1975,,,ETF,3335,60,3334.0,-2.0,33.580591875,
40446,market_research_2026-04-04_21-42-06_live_round,7efc699623d74ac8961a3f76a12cb867,2026-04-05T02:44:31.666940+00:00,1775357071666940000,172781993586541,1975,,,ETF,3330,40,3335.5,-11.0,35.688458791,
40451,market_research_2026-04-04_21-42-06_live_round,7efc699623d74ac8961a3f76a12cb867,2026-04-05T02:44:31.689475+00:00,1775357071689475000,172782016121250,1975,,,ETF,3331,60,3335.5,-9.0,35.7109935,
40460,market_research_2026-04-04_21-42-06_live_round,7efc699623d74ac8961a3f76a12cb867,2026-04-05T02:44:31.745160+00:00,1775357071745160000,172782071806666,1975,,,ETF,3332,80,3335.5,-7.0,35.766678916,
40465,market_research_2026-04-04_21-42-06_live_round,7efc699623d74ac8961a3f76a12cb867,2026-04-05T02:44:31.770029+00:00,1775357071770029000,172782096675541,1975,,,ETF,3333,100,3335.5,-5.0,35.791547791,
40848,market_research_2026-04-04_21-42-06_live_round,7efc699623d74ac8961a3f76a12cb867,2026-04-05T02:44:34.346827+00:00,1775357074346827000,172784673477916,1975,,,ETF,3337,40,3336.0,-2.0,38.368350166,
40855,market_research_2026-04-04_21-42-06_live_round,7efc699623d74ac8961a3f76a12cb867,2026-04-05T02:44:34.383787+00:00,1775357074383787000,172784710438208,1975,,,ETF,3336,60,3336.0,0.0,38.405310458,
41047,market_research_2026-04-04_21-42-06_live_round,7efc699623d74ac8961a3f76a12cb867,2026-04-05T02:44:35.706427+00:00,1775357075706427000,172786033080791,1975,,,ETF,3326,40,3326.0,0.0,39.727953041,
41162,market_research_2026-04-04_21-42-06_live_round,7efc699623d74ac8961a3f76a12cb867,2026-04-05T02:44:36.486286+00:00,1775357076486286000,172786812941958,1975,,,C,957,40,957.5,-1.0,40.507814208,1.8629055547812696
41163,market_research_2026-04-04_21-42-06_live_round,7efc699623d74ac8961a3f76a12cb867,2026-04-05T02:44:36.486446+00:00,1775357076486446000,172786813102083,1975,,,C,958,60,957.5,-1.0,40.507974333,1.8629055547812696
41248,market_research_2026-04-04_21-42-06_live_round,7efc699623d74ac8961a3f76a12cb867,2026-04-05T02:44:36.987368+00:00,1775357076987368000,172787314024875,1975,,,ETF,3316,40,3314.5,-3.0,41.008897125,
41253,market_research_2026-04-04_21-42-06_live_round,7efc699623d74ac8961a3f76a12cb867,2026-04-05T02:44:37.011654+00:00,1775357077011654000,172787338310833,1975,,,ETF,3316,60,3315.0,-2.0,41.033183083,
41263,market_research_2026-04-04_21-42-06_live_round,7efc699623d74ac8961a3f76a12cb867,2026-04-05T02:44:37.076839+00:00,1775357077076839000,172787403496000,1975,,,ETF,3315,40,3315.0,0.0,41.09836825,
41326,market_research_2026-04-04_21-42-06_live_round,7efc699623d74ac8961a3f76a12cb867,2026-04-05T02:44:37.460661+00:00,1775357077460661000,172787787318375,1975,,,ETF,3312,40,3310.5,-3.0,41.482190625,
41337,market_research_2026-04-04_21-42-06_live_round,7efc699623d74ac8961a3f76a12cb867,2026-04-05T02:44:37.526917+00:00,1775357077526917000,172787853574625,1975,,,ETF,3312,60,3311.0,-2.0,41.548446875,
41526,market_research_2026-04-04_21-42-06_live_round,7efc699623d74ac8961a3f76a12cb867,2026-04-05T02:44:38.602925+00:00,1775357078602925000,172788929585000,1975,,,ETF,3307,40,3308.5,-3.0,42.62445725,
41532,market_research_2026-04-04_21-42-06_live_round,7efc699623d74ac8961a3f76a12cb867,2026-04-05T02:44:38.635369+00:00,1775357078635369000,172788962029125,1975,,,ETF,3308,60,3308.5,-1.0,42.656901375,
41571,market_research_2026-04-04_21-42-06_live_round,7efc699623d74ac8961a3f76a12cb867,2026-04-05T02:44:38.864461+00:00,1775357078864461000,172789191121291,1975,,,A,1395,100,1397.0,-4.0,42.895378208,1.3925929733903109
41572,market_research_2026-04-04_21-42-06_live_round,7efc699623d74ac8961a3f76a12cb867,2026-04-05T02:44:38.864590+00:00,1775357078864590000,172789191244000,1975,,,A,1395,40,1397.0,-4.0,42.895500917,1.3925929733903109
41573,market_research_2026-04-04_21-42-06_live_round,7efc699623d74ac8961a3f76a12cb867,2026-04-05T02:44:38.864693+00:00,1775357078864693000,172789191353791,1975,,,A,1396,60,1397.0,-4.0,42.895610708,1.3925929733903109
41786,market_research_2026-04-04_21-42-06_live_round,7efc699623d74ac8961a3f76a12cb867,2026-04-05T02:44:40.050527+00:00,1775357080050527000,172790377189458,1975,,,ETF,3310,40,3310.5,-1.0,44.072061708,
41859,market_research_2026-04-04_21-42-06_live_round,7efc699623d74ac8961a3f76a12cb867,2026-04-05T02:44:40.484358+00:00,1775357080484358000,172790811021583,1975,,,ETF,3313,40,3315.5,-5.0,44.505893833,
41876,market_research_2026-04-04_21-42-06_live_round,7efc699623d74ac8961a3f76a12cb867,2026-04-05T02:44:40.573277+00:00,1775357080573277000,172790899941041,1975,,,ETF,3313,60,3315.0,-4.0,44.594813291,
42119,market_research_2026-04-04_21-42-06_live_round,7efc699623d74ac8961a3f76a12cb867,2026-04-05T02:44:41.950537+00:00,1775357081950537000,172792277203833,1975,,,ETF,3320,40,3317.5,-5.0,45.972076083,
42131,market_research_2026-04-04_21-42-06_live_round,7efc699623d74ac8961a3f76a12cb867,2026-04-05T02:44:42.015989+00:00,1775357082015989000,172792342655708,1975,,,ETF,3319,60,3317.5,-3.0,46.037527958,
42141,market_research_2026-04-04_21-42-06_live_round,7efc699623d74ac8961a3f76a12cb867,2026-04-05T02:44:42.065638+00:00,1775357082065638000,172792392304791,1975,,,ETF,3318,80,3317.5,-1.0,46.087177041,
42191,market_research_2026-04-04_21-42-06_live_round,7efc699623d74ac8961a3f76a12cb867,2026-04-05T02:44:42.335737+00:00,1775357082335737000,172792662404625,1975,,,ETF,3317,40,3316.0,-2.0,46.357276875,
42197,market_research_2026-04-04_21-42-06_live_round,7efc699623d74ac8961a3f76a12cb867,2026-04-05T02:44:42.366709+00:00,1775357082366709000,172792693376166,1975,,,ETF,3317,60,3316.5,-1.0,46.388248416,
42241,market_research_2026-04-04_21-42-06_live_round,7efc699623d74ac8961a3f76a12cb867,2026-04-05T02:44:42.616599+00:00,1775357082616599000,172792943267166,1975,,,C,950,40,951.5,-3.0,46.638139416,1.8629055547812696
42242,market_research_2026-04-04_21-42-06_live_round,7efc699623d74ac8961a3f76a12cb867,2026-04-05T02:44:42.616706+00:00,1775357082616706000,172792943374291,1975,,,C,951,60,951.5,-3.0,46.638246541,1.8629055547812696
42243,market_research_2026-04-04_21-42-06_live_round,7efc699623d74ac8961a3f76a12cb867,2026-04-05T02:44:42.616785+00:00,1775357082616785000,172792943453458,1975,,,C,952,80,951.5,-3.0,46.638325708,1.8629055547812696
42244,market_research_2026-04-04_21-42-06_live_round,7efc699623d74ac8961a3f76a12cb867,2026-04-05T02:44:42.616863+00:00,1775357082616863000,172792943530791,1975,,,C,953,20,951.5,-3.0,46.638403041,1.8629055547812696
42271,market_research_2026-04-04_21-42-06_live_round,7efc699623d74ac8961a3f76a12cb867,2026-04-05T02:44:42.771802+00:00,1775357082771802000,172793098470500,1975,,,ETF,3317,40,3319.5,-5.0,46.79334275,
42280,market_research_2026-04-04_21-42-06_live_round,7efc699623d74ac8961a3f76a12cb867,2026-04-05T02:44:42.820865+00:00,1775357082820865000,172793147532875,1975,,,ETF,3317,40,3319.0,-4.0,46.842405125,
42281,market_research_2026-04-04_21-42-06_live_round,7efc699623d74ac8961a3f76a12cb867,2026-04-05T02:44:42.820984+00:00,1775357082820984000,172793147652875,1975,,,ETF,3318,20,3319.0,-4.0,46.842525125,
42288,market_research_2026-04-04_21-42-06_live_round,7efc699623d74ac8961a3f76a12cb867,2026-04-05T02:44:42.864337+00:00,1775357082864337000,172793191005125,1975,,,ETF,3318,80,3319.0,-2.0,46.885877375,
42293,market_research_2026-04-04_21-42-06_live_round,7efc699623d74ac8961a3f76a12cb867,2026-04-05T02:44:42.886579+00:00,1775357082886579000,172793213247208,1975,,,ETF,3318,100,3318.5,-1.0,46.908119458,
42403,market_research_2026-04-04_21-42-06_live_round,7efc699623d74ac8961a3f76a12cb867,2026-04-05T02:44:43.537019+00:00,1775357083537019000,172793863688541,1975,,,ETF,3324,40,3322.0,-4.0,47.558560791,
42425,market_research_2026-04-04_21-42-06_live_round,7efc699623d74ac8961a3f76a12cb867,2026-04-05T02:44:43.677503+00:00,1775357083677503000,172794004173416,1975,,,ETF,3323,60,3322.0,-2.0,47.699045666,
42438,market_research_2026-04-04_21-42-06_live_round,7efc699623d74ac8961a3f76a12cb867,2026-04-05T02:44:43.743670+00:00,1775357083743670000,172794070339750,1975,,,ETF,3322,80,3322.0,0.0,47.765212,
42668,market_research_2026-04-04_21-42-06_live_round,7efc699623d74ac8961a3f76a12cb867,2026-04-05T02:44:45.146658+00:00,1775357085146658000,172795473330791,1975,,,ETF,3320,40,3324.0,-8.0,49.168203041,
42675,market_research_2026-04-04_21-42-06_live_round,7efc699623d74ac8961a3f76a12cb867,2026-04-05T02:44:45.181476+00:00,1775357085181476000,172795508149291,1975,,,ETF,3321,60,3324.0,-6.0,49.203021541,
42685,market_research_2026-04-04_21-42-06_live_round,7efc699623d74ac8961a3f76a12cb867,2026-04-05T02:44:45.232393+00:00,1775357085232393000,172795559066208,1975,,,ETF,3322,80,3324.0,-4.0,49.253938458,
42695,market_research_2026-04-04_21-42-06_live_round,7efc699623d74ac8961a3f76a12cb867,2026-04-05T02:44:45.280721+00:00,1775357085280721000,172795607394000,1975,,,ETF,3323,100,3324.0,-2.0,49.30226625,
42803,market_research_2026-04-04_21-42-06_live_round,7efc699623d74ac8961a3f76a12cb867,2026-04-05T02:44:45.945366+00:00,1775357085945366000,172796272040125,1975,,,ETF,3333,40,3336.5,-7.0,49.966912375,
42813,market_research_2026-04-04_21-42-06_live_round,7efc699623d74ac8961a3f76a12cb867,2026-04-05T02:44:46.000182+00:00,1775357086000182000,172796326856958,1975,,,ETF,3334,60,3336.5,-5.0,50.021729208,
42833,market_research_2026-04-04_21-42-06_live_round,7efc699623d74ac8961a3f76a12cb867,2026-04-05T02:44:46.125549+00:00,1775357086125549000,172796452223541,1975,,,ETF,3335,80,3336.5,-3.0,50.147095791,
42842,market_research_2026-04-04_21-42-06_live_round,7efc699623d74ac8961a3f76a12cb867,2026-04-05T02:44:46.175001+00:00,1775357086175001000,172796501676375,1975,,,ETF,3336,100,3336.5,-1.0,50.196548625,
42940,market_research_2026-04-04_21-42-06_live_round,7efc699623d74ac8961a3f76a12cb867,2026-04-05T02:44:46.809061+00:00,1775357086809061000,172797135737333,1975,,,ETF,3344,40,3343.5,-1.0,50.830609583,
43012,market_research_2026-04-04_21-42-06_live_round,7efc699623d74ac8961a3f76a12cb867,2026-04-05T02:44:47.245278+00:00,1775357087245278000,172797571955333,1975,,,ETF,3341,40,3341.0,0.0,51.266827583,
43121,market_research_2026-04-04_21-42-06_live_round,7efc699623d74ac8961a3f76a12cb867,2026-04-05T02:44:47.921812+00:00,1775357087921812000,172798248489750,1975,,,A,1384,40,1382.0,-4.0,51.952746667,1.3925929733903109
43122,market_research_2026-04-04_21-42-06_live_round,7efc699623d74ac8961a3f76a12cb867,2026-04-05T02:44:47.921953+00:00,1775357087921953000,172798248630958,1975,,,A,1383,60,1382.0,-4.0,51.952887875,1.3925929733903109
43123,market_research_2026-04-04_21-42-06_live_round,7efc699623d74ac8961a3f76a12cb867,2026-04-05T02:44:47.923825+00:00,1775357087923825000,172798250503750,1975,,,A,1382,80,1382.0,-4.0,51.954760667,1.3925929733903109
43124,market_research_2026-04-04_21-42-06_live_round,7efc699623d74ac8961a3f76a12cb867,2026-04-05T02:44:47.923924+00:00,1775357087923924000,172798250602583,1975,,,A,1381,20,1382.0,-4.0,51.9548595,1.3925929733903109
43156,market_research_2026-04-04_21-42-06_live_round,7efc699623d74ac8961a3f76a12cb867,2026-04-05T02:44:48.105716+00:00,1775357088105716000,172798432394375,1975,,,ETF,3339,40,3337.5,-3.0,52.127266625,
43169,market_research_2026-04-04_21-42-06_live_round,7efc699623d74ac8961a3f76a12cb867,2026-04-05T02:44:48.185089+00:00,1775357088185089000,172798511767375,1975,,,ETF,3338,60,3337.5,-1.0,52.206639625,
43286,market_research_2026-04-04_21-42-06_live_round,7efc699623d74ac8961a3f76a12cb867,2026-04-05T02:44:48.892500+00:00,1775357088892500000,172799219179583,1975,,,ETF,3333,40,3328.0,-10.0,52.914051833,
43293,market_research_2026-04-04_21-42-06_live_round,7efc699623d74ac8961a3f76a12cb867,2026-04-05T02:44:48.938488+00:00,1775357088938488000,172799265168125,1975,,,ETF,3332,60,3328.0,-8.0,52.960040375,
43310,market_research_2026-04-04_21-42-06_live_round,7efc699623d74ac8961a3f76a12cb867,2026-04-05T02:44:49.029032+00:00,1775357089029032000,172799355712875,1975,,,ETF,3331,80,3328.0,-6.0,53.050585125,
43319,market_research_2026-04-04_21-42-06_live_round,7efc699623d74ac8961a3f76a12cb867,2026-04-05T02:44:49.079845+00:00,1775357089079845000,172799406525000,1975,,,ETF,3330,100,3328.0,-4.0,53.10139725,
43412,market_research_2026-04-04_21-42-06_live_round,7efc699623d74ac8961a3f76a12cb867,2026-04-05T02:44:49.638085+00:00,1775357089638085000,172799964767125,1975,,,ETF,3330,40,3334.0,-8.0,53.659639375,
43423,market_research_2026-04-04_21-42-06_live_round,7efc699623d74ac8961a3f76a12cb867,2026-04-05T02:44:49.706114+00:00,1775357089706114000,172800032796333,1975,,,ETF,3331,60,3334.0,-6.0,53.727668583,
43429,market_research_2026-04-04_21-42-06_live_round,7efc699623d74ac8961a3f76a12cb867,2026-04-05T02:44:49.746540+00:00,1775357089746540000,172800073221791,1975,,,ETF,3332,80,3334.0,-4.0,53.768094041,
43441,market_research_2026-04-04_21-42-06_live_round,7efc699623d74ac8961a3f76a12cb867,2026-04-05T02:44:49.815772+00:00,1775357089815772000,172800142453875,1975,,,ETF,3333,100,3334.0,-2.0,53.837326125,
43818,market_research_2026-04-04_21-42-06_live_round,7efc699623d74ac8961a3f76a12cb867,2026-04-05T02:44:52.146858+00:00,1775357092146858000,172802473544958,2100,,,ETF,3327,40,3321.5,-11.0,0.588672417,
43828,market_research_2026-04-04_21-42-06_live_round,7efc699623d74ac8961a3f76a12cb867,2026-04-05T02:44:52.213675+00:00,1775357092213675000,172802540361458,2100,,,ETF,3327,60,3322.0,-10.0,0.655488917,
43833,market_research_2026-04-04_21-42-06_live_round,7efc699623d74ac8961a3f76a12cb867,2026-04-05T02:44:52.237444+00:00,1775357092237444000,172802564130833,2100,,,ETF,3326,40,3322.0,-8.0,0.679258292,
43834,market_research_2026-04-04_21-42-06_live_round,7efc699623d74ac8961a3f76a12cb867,2026-04-05T02:44:52.237569+00:00,1775357092237569000,172802564255875,2100,,,ETF,3325,40,3322.0,-8.0,0.679383334,
43846,market_research_2026-04-04_21-42-06_live_round,7efc699623d74ac8961a3f76a12cb867,2026-04-05T02:44:52.313693+00:00,1775357092313693000,172802640379875,2100,,,ETF,3325,20,3322.0,-6.0,0.755507334,
43847,market_research_2026-04-04_21-42-06_live_round,7efc699623d74ac8961a3f76a12cb867,2026-04-05T02:44:52.313887+00:00,1775357092313887000,172802640573958,2100,,,ETF,3324,80,3322.0,-6.0,0.755701417,
43953,market_research_2026-04-04_21-42-06_live_round,7efc699623d74ac8961a3f76a12cb867,2026-04-05T02:44:52.974871+00:00,1775357092974871000,172803301558750,2100,,,A,1397,40,1397.0,0.0,1.416686209,1.205620533476894
44082,market_research_2026-04-04_21-42-06_live_round,7efc699623d74ac8961a3f76a12cb867,2026-04-05T02:44:53.772520+00:00,1775357093772520000,172804099209375,2100,,,ETF,3331,40,3334.5,-7.0,2.214336834,
44092,market_research_2026-04-04_21-42-06_live_round,7efc699623d74ac8961a3f76a12cb867,2026-04-05T02:44:53.829649+00:00,1775357093829649000,172804156338708,2100,,,ETF,3331,60,3334.0,-6.0,2.271466167,
44119,market_research_2026-04-04_21-42-06_live_round,7efc699623d74ac8961a3f76a12cb867,2026-04-05T02:44:53.991496+00:00,1775357093991496000,172804318186166,2100,,,ETF,3332,40,3334.0,-4.0,2.433313625,
44120,market_research_2026-04-04_21-42-06_live_round,7efc699623d74ac8961a3f76a12cb867,2026-04-05T02:44:53.994119+00:00,1775357093994119000,172804320809375,2100,,,ETF,3333,40,3334.0,-4.0,2.435936834,
44135,market_research_2026-04-04_21-42-06_live_round,7efc699623d74ac8961a3f76a12cb867,2026-04-05T02:44:54.078452+00:00,1775357094078452000,172804405142750,2100,,,ETF,3333,20,3334.0,-2.0,2.520270209,
44136,market_research_2026-04-04_21-42-06_live_round,7efc699623d74ac8961a3f76a12cb867,2026-04-05T02:44:54.078616+00:00,1775357094078616000,172804405306500,2100,,,ETF,3334,80,3334.0,-2.0,2.520433959,
44171,market_research_2026-04-04_21-42-06_live_round,7efc699623d74ac8961a3f76a12cb867,2026-04-05T02:44:54.285244+00:00,1775357094285244000,172804611934875,2100,,,ETF,3335,40,3342.5,-15.0,2.727062334,
44180,market_research_2026-04-04_21-42-06_live_round,7efc699623d74ac8961a3f76a12cb867,2026-04-05T02:44:54.342618+00:00,1775357094342618000,172804669308458,2100,,,ETF,3335,60,3342.0,-14.0,2.784435917,
44190,market_research_2026-04-04_21-42-06_live_round,7efc699623d74ac8961a3f76a12cb867,2026-04-05T02:44:54.396941+00:00,1775357094396941000,172804723632041,2100,,,ETF,3344,40,3346.0,-4.0,2.8387595,
44191,market_research_2026-04-04_21-42-06_live_round,7efc699623d74ac8961a3f76a12cb867,2026-04-05T02:44:54.397057+00:00,1775357094397057000,172804723748583,2100,,,ETF,3345,40,3346.0,-4.0,2.838876042,
44197,market_research_2026-04-04_21-42-06_live_round,7efc699623d74ac8961a3f76a12cb867,2026-04-05T02:44:54.426882+00:00,1775357094426882000,172804753573583,2100,,,ETF,3345,20,3346.0,-2.0,2.868701042,
44198,market_research_2026-04-04_21-42-06_live_round,7efc699623d74ac8961a3f76a12cb867,2026-04-05T02:44:54.428598+00:00,1775357094428598000,172804755289125,2100,,,ETF,3346,80,3346.0,-2.0,2.870416584,
44313,market_research_2026-04-04_21-42-06_live_round,7efc699623d74ac8961a3f76a12cb867,2026-04-05T02:44:55.130009+00:00,1775357095130009000,172805456700708,2100,,,ETF,3342,40,3342.0,0.0,3.571828167,
44501,market_research_2026-04-04_21-42-06_live_round,7efc699623d74ac8961a3f76a12cb867,2026-04-05T02:44:56.285321+00:00,1775357096285321000,172806612015208,2100,,,ETF,3342,40,3342.0,0.0,4.727142667,
44632,market_research_2026-04-04_21-42-06_live_round,7efc699623d74ac8961a3f76a12cb867,2026-04-05T02:44:57.117151+00:00,1775357097117151000,172807443846583,2100,,,ETF,3341,40,3338.5,-5.0,5.558974042,
44644,market_research_2026-04-04_21-42-06_live_round,7efc699623d74ac8961a3f76a12cb867,2026-04-05T02:44:57.189419+00:00,1775357097189419000,172807516115291,2100,,,ETF,3340,60,3338.5,-3.0,5.63124275,
44651,market_research_2026-04-04_21-42-06_live_round,7efc699623d74ac8961a3f76a12cb867,2026-04-05T02:44:57.224969+00:00,1775357097224969000,172807551665916,2100,,,ETF,3339,80,3338.5,-1.0,5.666793375,
44700,market_research_2026-04-04_21-42-06_live_round,7efc699623d74ac8961a3f76a12cb867,2026-04-05T02:44:57.542196+00:00,1775357097542196000,172807868892625,2100,,,ETF,3338,40,3338.0,0.0,5.984020084,
44787,market_research_2026-04-04_21-42-06_live_round,7efc699623d74ac8961a3f76a12cb867,2026-04-05T02:44:58.079779+00:00,1775357098079779000,172808406477208,2100,,,ETF,3332,40,3331.5,-1.0,6.521604667,
44835,market_research_2026-04-04_21-42-06_live_round,7efc699623d74ac8961a3f76a12cb867,2026-04-05T02:44:58.389825+00:00,1775357098389825000,172808716523375,2100,,,ETF,3329,40,3326.0,-6.0,6.831650834,
44845,market_research_2026-04-04_21-42-06_live_round,7efc699623d74ac8961a3f76a12cb867,2026-04-05T02:44:58.446118+00:00,1775357098446118000,172808772816750,2100,,,ETF,3329,60,3326.5,-5.0,6.887944209,
44863,market_research_2026-04-04_21-42-06_live_round,7efc699623d74ac8961a3f76a12cb867,2026-04-05T02:44:58.552231+00:00,1775357098552231000,172808878929708,2100,,,ETF,3325,40,3325.0,0.0,6.994057167,
44903,market_research_2026-04-04_21-42-06_live_round,7efc699623d74ac8961a3f76a12cb867,2026-04-05T02:44:58.785900+00:00,1775357098785900000,172809112599333,2100,,,A,1390,40,1390.0,0.0,7.227726792,1.205620533476894
44916,market_research_2026-04-04_21-42-06_live_round,7efc699623d74ac8961a3f76a12cb867,2026-04-05T02:44:58.859446+00:00,1775357098859446000,172809186146083,2100,,,ETF,3322,40,3321.5,-1.0,7.301273542,
44929,market_research_2026-04-04_21-42-06_live_round,7efc699623d74ac8961a3f76a12cb867,2026-04-05T02:44:58.931224+00:00,1775357098931224000,172809257923833,2100,,,ETF,3322,60,3322.0,0.0,7.373051292,
44992,market_research_2026-04-04_21-42-06_live_round,7efc699623d74ac8961a3f76a12cb867,2026-04-05T02:44:59.317836+00:00,1775357099317836000,172809644536291,2100,,,A,1385,40,1384.0,-2.0,7.75966375,1.205620533476894
44998,market_research_2026-04-04_21-42-06_live_round,7efc699623d74ac8961a3f76a12cb867,2026-04-05T02:44:59.349036+00:00,1775357099349036000,172809675736041,2100,,,A,1385,60,1384.5,-1.0,7.7908635,1.205620533476894
45059,market_research_2026-04-04_21-42-06_live_round,7efc699623d74ac8961a3f76a12cb867,2026-04-05T02:44:59.710448+00:00,1775357099710448000,172810037148833,2100,,,A,1381,40,1379.5,-3.0,8.152276292,1.205620533476894
45064,market_research_2026-04-04_21-42-06_live_round,7efc699623d74ac8961a3f76a12cb867,2026-04-05T02:44:59.740967+00:00,1775357099740967000,172810067668041,2100,,,A,1381,60,1380.0,-2.0,8.1827955,1.205620533476894
45068,market_research_2026-04-04_21-42-06_live_round,7efc699623d74ac8961a3f76a12cb867,2026-04-05T02:44:59.766195+00:00,1775357099766195000,172810092895958,2100,,,ETF,3312,40,3310.5,-3.0,8.208023417,
45076,market_research_2026-04-04_21-42-06_live_round,7efc699623d74ac8961a3f76a12cb867,2026-04-05T02:44:59.812971+00:00,1775357099812971000,172810139672250,2100,,,ETF,3312,60,3311.0,-2.0,8.254799709,
45083,market_research_2026-04-04_21-42-06_live_round,7efc699623d74ac8961a3f76a12cb867,2026-04-05T02:44:59.849632+00:00,1775357099849632000,172810176333666,2100,,,ETF,3311,40,3311.0,0.0,8.291461125,
45136,market_research_2026-04-04_21-42-06_live_round,7efc699623d74ac8961a3f76a12cb867,2026-04-05T02:45:00.161018+00:00,1775357100161018000,172810487719333,2100,,,A,1374,40,1374.0,0.0,8.602846792,1.205620533476894
45143,market_research_2026-04-04_21-42-06_live_round,7efc699623d74ac8961a3f76a12cb867,2026-04-05T02:45:00.205652+00:00,1775357100205652000,172810532354125,2100,,,ETF,3308,40,3304.5,-7.0,8.647481584,
45148,market_research_2026-04-04_21-42-06_live_round,7efc699623d74ac8961a3f76a12cb867,2026-04-05T02:45:00.231850+00:00,1775357100231850000,172810558552125,2100,,,ETF,3308,60,3305.0,-6.0,8.673679584,
45153,market_research_2026-04-04_21-42-06_live_round,7efc699623d74ac8961a3f76a12cb867,2026-04-05T02:45:00.259835+00:00,1775357100259835000,172810586537416,2100,,,ETF,3303,40,3303.0,0.0,8.701664875,
45206,market_research_2026-04-04_21-42-06_live_round,7efc699623d74ac8961a3f76a12cb867,2026-04-05T02:45:00.592009+00:00,1775357100592009000,172810918711125,2100,,,ETF,3300,40,3299.5,-1.0,9.033838584,
45212,market_research_2026-04-04_21-42-06_live_round,7efc699623d74ac8961a3f76a12cb867,2026-04-05T02:45:00.622892+00:00,1775357100622892000,172810949595041,2100,,,ETF,3300,60,3300.0,0.0,9.0647225,
45216,market_research_2026-04-04_21-42-06_live_round,7efc699623d74ac8961a3f76a12cb867,2026-04-05T02:45:00.641296+00:00,1775357100641296000,172810967998875,2100,,,A,1369,40,1366.0,-6.0,9.083126334,1.205620533476894
45222,market_research_2026-04-04_21-42-06_live_round,7efc699623d74ac8961a3f76a12cb867,2026-04-05T02:45:00.671866+00:00,1775357100671866000,172810998569541,2100,,,A,1369,60,1366.5,-5.0,9.113697,1.205620533476894
45229,market_research_2026-04-04_21-42-06_live_round,7efc699623d74ac8961a3f76a12cb867,2026-04-05T02:45:00.709967+00:00,1775357100709967000,172811036670750,2100,,,A,1368,40,1366.5,-3.0,9.151798209,1.205620533476894
45230,market_research_2026-04-04_21-42-06_live_round,7efc699623d74ac8961a3f76a12cb867,2026-04-05T02:45:00.710080+00:00,1775357100710080000,172811036783083,2100,,,A,1367,40,1366.5,-3.0,9.151910542,1.205620533476894
45237,market_research_2026-04-04_21-42-06_live_round,7efc699623d74ac8961a3f76a12cb867,2026-04-05T02:45:00.745587+00:00,1775357100745587000,172811072289833,2100,,,A,1367,20,1366.5,-1.0,9.187417292,1.205620533476894
45238,market_research_2026-04-04_21-42-06_live_round,7efc699623d74ac8961a3f76a12cb867,2026-04-05T02:45:00.745765+00:00,1775357100745765000,172811072468250,2100,,,A,1366,80,1366.5,-1.0,9.187595709,1.205620533476894
45268,market_research_2026-04-04_21-42-06_live_round,7efc699623d74ac8961a3f76a12cb867,2026-04-05T02:45:00.949570+00:00,1775357100949570000,172811276273708,2100,,,A,1365,40,1359.5,-11.0,9.391401167,1.205620533476894
45275,market_research_2026-04-04_21-42-06_live_round,7efc699623d74ac8961a3f76a12cb867,2026-04-05T02:45:00.999248+00:00,1775357100999248000,172811325951291,2100,,,ETF,3293,40,3287.5,-11.0,9.44107875,
45282,market_research_2026-04-04_21-42-06_live_round,7efc699623d74ac8961a3f76a12cb867,2026-04-05T02:45:01.048811+00:00,1775357101048811000,172811375514833,2100,,,ETF,3292,60,3287.5,-9.0,9.490642292,
45287,market_research_2026-04-04_21-42-06_live_round,7efc699623d74ac8961a3f76a12cb867,2026-04-05T02:45:01.081995+00:00,1775357101081995000,172811408698958,2100,,,A,1365,60,1360.0,-10.0,9.523826417,1.205620533476894
45291,market_research_2026-04-04_21-42-06_live_round,7efc699623d74ac8961a3f76a12cb867,2026-04-05T02:45:01.105331+00:00,1775357101105331000,172811432034750,2100,,,ETF,3292,80,3288.0,-8.0,9.547162209,
45296,market_research_2026-04-04_21-42-06_live_round,7efc699623d74ac8961a3f76a12cb867,2026-04-05T02:45:01.132388+00:00,1775357101132388000,172811459092000,2100,,,A,1357,40,1356.5,-1.0,9.574219459,1.205620533476894
45301,market_research_2026-04-04_21-42-06_live_round,7efc699623d74ac8961a3f76a12cb867,2026-04-05T02:45:01.170970+00:00,1775357101170970000,172811497674250,2100,,,A,1356,40,1356.5,-1.0,9.612801709,1.205620533476894
45318,market_research_2026-04-04_21-42-06_live_round,7efc699623d74ac8961a3f76a12cb867,2026-04-05T02:45:01.297213+00:00,1775357101297213000,172811623917541,2100,,,ETF,3292,20,3288.5,-7.0,9.739045,
45319,market_research_2026-04-04_21-42-06_live_round,7efc699623d74ac8961a3f76a12cb867,2026-04-05T02:45:01.297380+00:00,1775357101297380000,172811624084916,2100,,,ETF,3291,80,3288.5,-7.0,9.739212375,
45350,market_research_2026-04-04_21-42-06_live_round,7efc699623d74ac8961a3f76a12cb867,2026-04-05T02:45:01.504946+00:00,1775357101504946000,172811831650541,2100,,,ETF,3290,40,3285.5,-9.0,9.946778,
45356,market_research_2026-04-04_21-42-06_live_round,7efc699623d74ac8961a3f76a12cb867,2026-04-05T02:45:01.535102+00:00,1775357101535102000,172811861806458,2100,,,ETF,3290,60,3286.0,-8.0,9.976933917,
45360,market_research_2026-04-04_21-42-06_live_round,7efc699623d74ac8961a3f76a12cb867,2026-04-05T02:45:01.552901+00:00,1775357101552901000,172811879606375,2100,,,A,1354,40,1351.0,-6.0,9.994733834,1.205620533476894
45366,market_research_2026-04-04_21-42-06_live_round,7efc699623d74ac8961a3f76a12cb867,2026-04-05T02:45:01.577736+00:00,1775357101577736000,172811904441083,2100,,,A,1354,60,1351.5,-5.0,10.019568542,1.205620533476894
45418,market_research_2026-04-04_21-42-06_live_round,7efc699623d74ac8961a3f76a12cb867,2026-04-05T02:45:01.911080+00:00,1775357101911080000,172812237786000,2100,,,A,1345,40,1342.5,-5.0,10.352913459,1.205620533476894
45423,market_research_2026-04-04_21-42-06_live_round,7efc699623d74ac8961a3f76a12cb867,2026-04-05T02:45:01.938555+00:00,1775357101938555000,172812265260291,2100,,,A,1345,60,1343.0,-4.0,10.38038775,1.205620533476894
45432,market_research_2026-04-04_21-42-06_live_round,7efc699623d74ac8961a3f76a12cb867,2026-04-05T02:45:02.007943+00:00,1775357102007943000,172812334648541,2100,,,A,1342,40,1342.0,0.0,10.449776,1.205620533476894
45494,market_research_2026-04-04_21-42-06_live_round,7efc699623d74ac8961a3f76a12cb867,2026-04-05T02:45:02.452884+00:00,1775357102452884000,172812779590791,2100,,,A,1339,40,1336.5,-5.0,10.89471825,1.205620533476894
45504,market_research_2026-04-04_21-42-06_live_round,7efc699623d74ac8961a3f76a12cb867,2026-04-05T02:45:02.520996+00:00,1775357102520996000,172812847702500,2100,,,A,1339,60,1337.0,-4.0,10.962829959,1.205620533476894
45557,market_research_2026-04-04_21-42-06_live_round,7efc699623d74ac8961a3f76a12cb867,2026-04-05T02:45:02.885861+00:00,1775357102885861000,172813212568291,2100,,,ETF,3272,40,3268.5,-7.0,11.32769575,
45561,market_research_2026-04-04_21-42-06_live_round,7efc699623d74ac8961a3f76a12cb867,2026-04-05T02:45:02.915675+00:00,1775357102915675000,172813242382041,2100,,,A,1331,40,1328.5,-5.0,11.3575095,1.205620533476894
45568,market_research_2026-04-04_21-42-06_live_round,7efc699623d74ac8961a3f76a12cb867,2026-04-05T02:45:02.961066+00:00,1775357102961066000,172813287773583,2100,,,A,1331,60,1329.0,-4.0,11.402901042,1.205620533476894
45572,market_research_2026-04-04_21-42-06_live_round,7efc699623d74ac8961a3f76a12cb867,2026-04-05T02:45:02.984383+00:00,1775357102984383000,172813311090708,2100,,,ETF,3271,60,3268.5,-5.0,11.426218167,
45577,market_research_2026-04-04_21-42-06_live_round,7efc699623d74ac8961a3f76a12cb867,2026-04-05T02:45:03.014995+00:00,1775357103014995000,172813341702250,2100,,,A,1328,40,1328.0,0.0,11.456829709,1.205620533476894
45586,market_research_2026-04-04_21-42-06_live_round,7efc699623d74ac8961a3f76a12cb867,2026-04-05T02:45:03.066720+00:00,1775357103066720000,172813393428041,2100,,,ETF,3271,80,3269.0,-4.0,11.5085555,
45592,market_research_2026-04-04_21-42-06_live_round,7efc699623d74ac8961a3f76a12cb867,2026-04-05T02:45:03.097684+00:00,1775357103097684000,172813424392375,2100,,,ETF,3271,20,3269.5,-3.0,11.539519834,
45593,market_research_2026-04-04_21-42-06_live_round,7efc699623d74ac8961a3f76a12cb867,2026-04-05T02:45:03.097804+00:00,1775357103097804000,172813424511791,2100,,,ETF,3270,80,3269.5,-3.0,11.53963925,
45637,market_research_2026-04-04_21-42-06_live_round,7efc699623d74ac8961a3f76a12cb867,2026-04-05T02:45:03.366810+00:00,1775357103366810000,172813693518083,2100,,,A,1325,40,1322.0,-6.0,11.808645542,1.205620533476894
45643,market_research_2026-04-04_21-42-06_live_round,7efc699623d74ac8961a3f76a12cb867,2026-04-05T02:45:03.402226+00:00,1775357103402226000,172813728934250,2100,,,A,1325,60,1322.5,-5.0,11.844061709,1.205620533476894
45651,market_research_2026-04-04_21-42-06_live_round,7efc699623d74ac8961a3f76a12cb867,2026-04-05T02:45:03.447274+00:00,1775357103447274000,172813773982875,2100,,,ETF,3269,40,3260.0,-18.0,11.889110334,
45660,market_research_2026-04-04_21-42-06_live_round,7efc699623d74ac8961a3f76a12cb867,2026-04-05T02:45:03.498980+00:00,1775357103498980000,172813825689083,2100,,,ETF,3269,60,3260.5,-17.0,11.940816542,
45666,market_research_2026-04-04_21-42-06_live_round,7efc699623d74ac8961a3f76a12cb867,2026-04-05T02:45:03.530366+00:00,1775357103530366000,172813857074458,2100,,,ETF,3259,40,3256.0,-6.0,11.972201917,
45667,market_research_2026-04-04_21-42-06_live_round,7efc699623d74ac8961a3f76a12cb867,2026-04-05T02:45:03.530488+00:00,1775357103530488000,172813857196625,2100,,,ETF,3258,40,3256.0,-6.0,11.972324084,
45677,market_research_2026-04-04_21-42-06_live_round,7efc699623d74ac8961a3f76a12cb867,2026-04-05T02:45:03.595081+00:00,1775357103595081000,172813921789458,2100,,,ETF,3258,20,3256.0,-4.0,12.036916917,
45678,market_research_2026-04-04_21-42-06_live_round,7efc699623d74ac8961a3f76a12cb867,2026-04-05T02:45:03.596811+00:00,1775357103596811000,172813923519916,2100,,,ETF,3257,80,3256.0,-4.0,12.038647375,
45716,market_research_2026-04-04_21-42-06_live_round,7efc699623d74ac8961a3f76a12cb867,2026-04-05T02:45:03.841384+00:00,1775357103841384000,172814168093666,2100,,,A,1317,40,1314.5,-5.0,12.283221125,1.205620533476894
45723,market_research_2026-04-04_21-42-06_live_round,7efc699623d74ac8961a3f76a12cb867,2026-04-05T02:45:03.881794+00:00,1775357103881794000,172814208503458,2100,,,A,1317,60,1315.0,-4.0,12.323630917,1.205620533476894
45727,market_research_2026-04-04_21-42-06_live_round,7efc699623d74ac8961a3f76a12cb867,2026-04-05T02:45:03.900504+00:00,1775357103900504000,172814227213625,2100,,,ETF,3256,40,3244.5,-23.0,12.342341084,
45741,market_research_2026-04-04_21-42-06_live_round,7efc699623d74ac8961a3f76a12cb867,2026-04-05T02:45:03.994792+00:00,1775357103994792000,172814321501708,2100,,,ETF,3256,60,3245.0,-22.0,12.436629167,
45749,market_research_2026-04-04_21-42-06_live_round,7efc699623d74ac8961a3f76a12cb867,2026-04-05T02:45:04.041360+00:00,1775357104041360000,172814368069458,2100,,,ETF,3245,40,3240.0,-10.0,12.483196917,
45750,market_research_2026-04-04_21-42-06_live_round,7efc699623d74ac8961a3f76a12cb867,2026-04-05T02:45:04.041483+00:00,1775357104041483000,172814368193458,2100,,,ETF,3244,40,3240.0,-10.0,12.483320917,
45758,market_research_2026-04-04_21-42-06_live_round,7efc699623d74ac8961a3f76a12cb867,2026-04-05T02:45:04.087625+00:00,1775357104087625000,172814414334833,2100,,,ETF,3244,20,3240.0,-8.0,12.529462292,
45759,market_research_2026-04-04_21-42-06_live_round,7efc699623d74ac8961a3f76a12cb867,2026-04-05T02:45:04.090109+00:00,1775357104090109000,172814416818500,2100,,,ETF,3243,80,3240.0,-8.0,12.531945959,
45793,market_research_2026-04-04_21-42-06_live_round,7efc699623d74ac8961a3f76a12cb867,2026-04-05T02:45:04.291014+00:00,1775357104291014000,172814617723958,2100,,,A,1310,40,1307.5,-5.0,12.732851417,1.205620533476894
45801,market_research_2026-04-04_21-42-06_live_round,7efc699623d74ac8961a3f76a12cb867,2026-04-05T02:45:04.335191+00:00,1775357104335191000,172814661901291,2100,,,A,1310,60,1308.0,-4.0,12.77702875,1.205620533476894
45807,market_research_2026-04-04_21-42-06_live_round,7efc699623d74ac8961a3f76a12cb867,2026-04-05T02:45:04.370306+00:00,1775357104370306000,172814697015583,2100,,,ETF,3242,40,3233.5,-17.0,12.812143042,
45820,market_research_2026-04-04_21-42-06_live_round,7efc699623d74ac8961a3f76a12cb867,2026-04-05T02:45:04.455879+00:00,1775357104455879000,172814782589708,2100,,,ETF,3242,60,3234.0,-16.0,12.897717167,
45828,market_research_2026-04-04_21-42-06_live_round,7efc699623d74ac8961a3f76a12cb867,2026-04-05T02:45:04.499530+00:00,1775357104499530000,172814826241125,2100,,,ETF,3227,40,3227.0,0.0,12.941368584,
45862,market_research_2026-04-04_21-42-06_live_round,7efc699623d74ac8961a3f76a12cb867,2026-04-05T02:45:04.723956+00:00,1775357104723956000,172815050667250,2100,,,ETF,3224,40,3219.5,-9.0,13.165794709,
45870,market_research_2026-04-04_21-42-06_live_round,7efc699623d74ac8961a3f76a12cb867,2026-04-05T02:45:04.768249+00:00,1775357104768249000,172815094959333,2100,,,A,1303,40,1299.0,-8.0,13.210086792,1.205620533476894
45876,market_research_2026-04-04_21-42-06_live_round,7efc699623d74ac8961a3f76a12cb867,2026-04-05T02:45:04.806879+00:00,1775357104806879000,172815133589958,2100,,,A,1303,60,1299.5,-7.0,13.248717417,1.205620533476894
45881,market_research_2026-04-04_21-42-06_live_round,7efc699623d74ac8961a3f76a12cb867,2026-04-05T02:45:04.836202+00:00,1775357104836202000,172815162912958,2100,,,A,1299,40,1298.0,-2.0,13.278040417,1.205620533476894
45882,market_research_2026-04-04_21-42-06_live_round,7efc699623d74ac8961a3f76a12cb867,2026-04-05T02:45:04.836319+00:00,1775357104836319000,172815163030458,2100,,,A,1298,40,1298.0,-2.0,13.278157917,1.205620533476894
45887,market_research_2026-04-04_21-42-06_live_round,7efc699623d74ac8961a3f76a12cb867,2026-04-05T02:45:04.860684+00:00,1775357104860684000,172815187395583,2100,,,ETF,3224,60,3220.0,-8.0,13.302523042,
45894,market_research_2026-04-04_21-42-06_live_round,7efc699623d74ac8961a3f76a12cb867,2026-04-05T02:45:04.903970+00:00,1775357104903970000,172815230681166,2100,,,A,1298,20,1298.0,0.0,13.345808625,1.205620533476894
45898,market_research_2026-04-04_21-42-06_live_round,7efc699623d74ac8961a3f76a12cb867,2026-04-05T02:45:04.924234+00:00,1775357104924234000,172815250946166,2100,,,ETF,3219,40,3218.0,-2.0,13.366073625,
45899,market_research_2026-04-04_21-42-06_live_round,7efc699623d74ac8961a3f76a12cb867,2026-04-05T02:45:04.924353+00:00,1775357104924353000,172815251065125,2100,,,ETF,3218,40,3218.0,-2.0,13.366192584,
45916,market_research_2026-04-04_21-42-06_live_round,7efc699623d74ac8961a3f76a12cb867,2026-04-05T02:45:05.035706+00:00,1775357105035706000,172815362418041,2100,,,ETF,3218,20,3218.0,0.0,13.4775455,
45944,market_research_2026-04-04_21-42-06_live_round,7efc699623d74ac8961a3f76a12cb867,2026-04-05T02:45:05.206812+00:00,1775357105206812000,172815533524166,2100,,,A,1296,40,1291.0,-10.0,13.648651625,1.205620533476894
45950,market_research_2026-04-04_21-42-06_live_round,7efc699623d74ac8961a3f76a12cb867,2026-04-05T02:45:05.239961+00:00,1775357105239961000,172815566673083,2100,,,ETF,3216,40,3209.0,-14.0,13.681800542,
45956,market_research_2026-04-04_21-42-06_live_round,7efc699623d74ac8961a3f76a12cb867,2026-04-05T02:45:05.268497+00:00,1775357105268497000,172815595208916,2100,,,A,1296,60,1291.5,-9.0,13.710336375,1.205620533476894
45965,market_research_2026-04-04_21-42-06_live_round,7efc699623d74ac8961a3f76a12cb867,2026-04-05T02:45:05.318621+00:00,1775357105318621000,172815645333375,2100,,,ETF,3216,60,3209.5,-13.0,13.760460834,
45969,market_research_2026-04-04_21-42-06_live_round,7efc699623d74ac8961a3f76a12cb867,2026-04-05T02:45:05.336971+00:00,1775357105336971000,172815663683750,2100,,,A,1289,40,1288.5,-1.0,13.778811209,1.205620533476894
45970,market_research_2026-04-04_21-42-06_live_round,7efc699623d74ac8961a3f76a12cb867,2026-04-05T02:45:05.337091+00:00,1775357105337091000,172815663803750,2100,,,A,1288,40,1288.5,-1.0,13.778931209,1.205620533476894
45979,market_research_2026-04-04_21-42-06_live_round,7efc699623d74ac8961a3f76a12cb867,2026-04-05T02:45:05.391381+00:00,1775357105391381000,172815718093291,2100,,,ETF,3209,40,3206.5,-5.0,13.83322075,
45980,market_research_2026-04-04_21-42-06_live_round,7efc699623d74ac8961a3f76a12cb867,2026-04-05T02:45:05.393746+00:00,1775357105393746000,172815720458041,2100,,,ETF,3208,40,3206.5,-5.0,13.8355855,
45986,market_research_2026-04-04_21-42-06_live_round,7efc699623d74ac8961a3f76a12cb867,2026-04-05T02:45:05.425202+00:00,1775357105425202000,172815751914500,2100,,,ETF,3208,20,3206.5,-3.0,13.867041959,
45987,market_research_2026-04-04_21-42-06_live_round,7efc699623d74ac8961a3f76a12cb867,2026-04-05T02:45:05.425330+00:00,1775357105425330000,172815752042500,2100,,,ETF,3207,80,3206.5,-3.0,13.867169959,
46027,market_research_2026-04-04_21-42-06_live_round,7efc699623d74ac8961a3f76a12cb867,2026-04-05T02:45:05.669868+00:00,1775357105669868000,172815996580791,2100,,,A,1286,40,1281.0,-10.0,14.11170825,1.205620533476894
46032,market_research_2026-04-04_21-42-06_live_round,7efc699623d74ac8961a3f76a12cb867,2026-04-05T02:45:05.693338+00:00,1775357105693338000,172816020050666,2100,,,ETF,3206,40,3199.0,-14.0,14.135178125,
46037,market_research_2026-04-04_21-42-06_live_round,7efc699623d74ac8961a3f76a12cb867,2026-04-05T02:45:05.721505+00:00,1775357105721505000,172816048217625,2100,,,A,1286,60,1281.5,-9.0,14.163345084,1.205620533476894
46043,market_research_2026-04-04_21-42-06_live_round,7efc699623d74ac8961a3f76a12cb867,2026-04-05T02:45:05.753196+00:00,1775357105753196000,172816079909166,2100,,,ETF,3206,60,3199.5,-13.0,14.195036625,
46049,market_research_2026-04-04_21-42-06_live_round,7efc699623d74ac8961a3f76a12cb867,2026-04-05T02:45:05.782213+00:00,1775357105782213000,172816108925791,2100,,,A,1280,40,1279.0,-2.0,14.22405325,1.205620533476894
46050,market_research_2026-04-04_21-42-06_live_round,7efc699623d74ac8961a3f76a12cb867,2026-04-05T02:45:05.782327+00:00,1775357105782327000,172816109040458,2100,,,A,1279,40,1279.0,-2.0,14.224167917,1.205620533476894
46055,market_research_2026-04-04_21-42-06_live_round,7efc699623d74ac8961a3f76a12cb867,2026-04-05T02:45:05.816916+00:00,1775357105816916000,172816143629416,2100,,,ETF,3196,40,3195.0,-2.0,14.258756875,
46056,market_research_2026-04-04_21-42-06_live_round,7efc699623d74ac8961a3f76a12cb867,2026-04-05T02:45:05.817212+00:00,1775357105817212000,172816143925083,2100,,,ETF,3195,40,3195.0,-2.0,14.259052542,
46062,market_research_2026-04-04_21-42-06_live_round,7efc699623d74ac8961a3f76a12cb867,2026-04-05T02:45:05.852152+00:00,1775357105852152000,172816178864291,2100,,,ETF,3195,20,3195.0,0.0,14.29399175,
46069,market_research_2026-04-04_21-42-06_live_round,7efc699623d74ac8961a3f76a12cb867,2026-04-05T02:45:05.895059+00:00,1775357105895059000,172816221772541,2100,,,A,1279,20,1279.0,0.0,14.3369,1.205620533476894
46107,market_research_2026-04-04_21-42-06_live_round,7efc699623d74ac8961a3f76a12cb867,2026-04-05T02:45:06.110548+00:00,1775357106110548000,172816437261916,2100,,,ETF,3193,40,3181.5,-23.0,14.552389375,
46113,market_research_2026-04-04_21-42-06_live_round,7efc699623d74ac8961a3f76a12cb867,2026-04-05T02:45:06.140218+00:00,1775357106140218000,172816466931875,2100,,,A,1277,40,1272.0,-10.0,14.582059334,1.205620533476894
46120,market_research_2026-04-04_21-42-06_live_round,7efc699623d74ac8961a3f76a12cb867,2026-04-05T02:45:06.177572+00:00,1775357106177572000,172816504285916,2100,,,ETF,3193,60,3182.0,-22.0,14.619413375,
46124,market_research_2026-04-04_21-42-06_live_round,7efc699623d74ac8961a3f76a12cb867,2026-04-05T02:45:06.196357+00:00,1775357106196357000,172816523071208,2100,,,A,1277,60,1272.5,-9.0,14.638198667,1.205620533476894
46131,market_research_2026-04-04_21-42-06_live_round,7efc699623d74ac8961a3f76a12cb867,2026-04-05T02:45:06.230980+00:00,1775357106230980000,172816557694000,2100,,,A,1270,40,1269.5,-1.0,14.672821459,1.205620533476894
46132,market_research_2026-04-04_21-42-06_live_round,7efc699623d74ac8961a3f76a12cb867,2026-04-05T02:45:06.231096+00:00,1775357106231096000,172816557809833,2100,,,A,1269,40,1269.5,-1.0,14.672937292,1.205620533476894
46144,market_research_2026-04-04_21-42-06_live_round,7efc699623d74ac8961a3f76a12cb867,2026-04-05T02:45:06.294742+00:00,1775357106294742000,172816621456375,2100,,,ETF,3186,40,3179.0,-14.0,14.736583834,
46145,market_research_2026-04-04_21-42-06_live_round,7efc699623d74ac8961a3f76a12cb867,2026-04-05T02:45:06.294861+00:00,1775357106294861000,172816621575583,2100,,,ETF,3185,40,3179.0,-14.0,14.736703042,
46157,market_research_2026-04-04_21-42-06_live_round,7efc699623d74ac8961a3f76a12cb867,2026-04-05T02:45:06.355970+00:00,1775357106355970000,172816682684000,2100,,,ETF,3185,20,3179.0,-12.0,14.797811459,
46158,market_research_2026-04-04_21-42-06_live_round,7efc699623d74ac8961a3f76a12cb867,2026-04-05T02:45:06.358068+00:00,1775357106358068000,172816684782333,2100,,,ETF,3184,80,3179.0,-12.0,14.799909792,
46190,market_research_2026-04-04_21-42-06_live_round,7efc699623d74ac8961a3f76a12cb867,2026-04-05T02:45:06.546379+00:00,1775357106546379000,172816873093333,2100,,,A,1267,40,1261.0,-12.0,14.988220792,1.205620533476894
46195,market_research_2026-04-04_21-42-06_live_round,7efc699623d74ac8961a3f76a12cb867,2026-04-05T02:45:06.572329+00:00,1775357106572329000,172816899044041,2100,,,A,1267,60,1261.5,-11.0,15.0141715,1.205620533476894
46201,market_research_2026-04-04_21-42-06_live_round,7efc699623d74ac8961a3f76a12cb867,2026-04-05T02:45:06.609222+00:00,1775357106609222000,172816935936666,2100,,,A,1261,40,1259.0,-4.0,15.051064125,1.205620533476894
46202,market_research_2026-04-04_21-42-06_live_round,7efc699623d74ac8961a3f76a12cb867,2026-04-05T02:45:06.609355+00:00,1775357106609355000,172816936069583,2100,,,A,1260,40,1259.0,-4.0,15.051197042,1.205620533476894
46207,market_research_2026-04-04_21-42-06_live_round,7efc699623d74ac8961a3f76a12cb867,2026-04-05T02:45:06.631672+00:00,1775357106631672000,172816958386875,2100,,,ETF,3183,40,3166.0,-34.0,15.073514334,
46214,market_research_2026-04-04_21-42-06_live_round,7efc699623d74ac8961a3f76a12cb867,2026-04-05T02:45:06.670669+00:00,1775357106670669000,172816997383916,2100,,,ETF,3183,60,3166.5,-33.0,15.112511375,
46218,market_research_2026-04-04_21-42-06_live_round,7efc699623d74ac8961a3f76a12cb867,2026-04-05T02:45:06.689995+00:00,1775357106689995000,172817016710458,2100,,,A,1260,20,1259.0,-2.0,15.131837917,1.205620533476894
46219,market_research_2026-04-04_21-42-06_live_round,7efc699623d74ac8961a3f76a12cb867,2026-04-05T02:45:06.690114+00:00,1775357106690114000,172817016828625,2100,,,A,1259,80,1259.0,-2.0,15.131956084,1.205620533476894
46230,market_research_2026-04-04_21-42-06_live_round,7efc699623d74ac8961a3f76a12cb867,2026-04-05T02:45:06.754506+00:00,1775357106754506000,172817081221041,2100,,,ETF,3164,40,3157.5,-13.0,15.1963485,
46231,market_research_2026-04-04_21-42-06_live_round,7efc699623d74ac8961a3f76a12cb867,2026-04-05T02:45:06.756541+00:00,1775357106756541000,172817083256208,2100,,,ETF,3163,40,3157.5,-13.0,15.198383667,
46237,market_research_2026-04-04_21-42-06_live_round,7efc699623d74ac8961a3f76a12cb867,2026-04-05T02:45:06.784276+00:00,1775357106784276000,172817110991541,2100,,,ETF,3163,20,3157.5,-11.0,15.226119,
46238,market_research_2026-04-04_21-42-06_live_round,7efc699623d74ac8961a3f76a12cb867,2026-04-05T02:45:06.784389+00:00,1775357106784389000,172817111104750,2100,,,ETF,3162,80,3157.5,-11.0,15.226232209,
46273,market_research_2026-04-04_21-42-06_live_round,7efc699623d74ac8961a3f76a12cb867,2026-04-05T02:45:07.007979+00:00,1775357107007979000,172817334694458,2100,,,A,1258,40,1251.5,-13.0,15.449821917,1.205620533476894
46279,market_research_2026-04-04_21-42-06_live_round,7efc699623d74ac8961a3f76a12cb867,2026-04-05T02:45:07.041224+00:00,1775357107041224000,172817367940000,2100,,,ETF,3161,40,3158.0,-6.0,15.483067459,
46283,market_research_2026-04-04_21-42-06_live_round,7efc699623d74ac8961a3f76a12cb867,2026-04-05T02:45:07.057829+00:00,1775357107057829000,172817384545083,2100,,,A,1258,60,1252.0,-12.0,15.499672542,1.205620533476894
46290,market_research_2026-04-04_21-42-06_live_round,7efc699623d74ac8961a3f76a12cb867,2026-04-05T02:45:07.092480+00:00,1775357107092480000,172817419195333,2100,,,A,1249,40,1248.0,-2.0,15.534322792,1.205620533476894
46291,market_research_2026-04-04_21-42-06_live_round,7efc699623d74ac8961a3f76a12cb867,2026-04-05T02:45:07.092598+00:00,1775357107092598000,172817419314083,2100,,,A,1248,40,1248.0,-2.0,15.534441542,1.205620533476894
46302,market_research_2026-04-04_21-42-06_live_round,7efc699623d74ac8961a3f76a12cb867,2026-04-05T02:45:07.154956+00:00,1775357107154956000,172817481672291,2100,,,A,1248,20,1248.0,0.0,15.59679975,1.205620533476894
46313,market_research_2026-04-04_21-42-06_live_round,7efc699623d74ac8961a3f76a12cb867,2026-04-05T02:45:07.216693+00:00,1775357107216693000,172817543409333,2100,,,ETF,3161,60,3158.5,-5.0,15.658536792,
46348,market_research_2026-04-04_21-42-06_live_round,7efc699623d74ac8961a3f76a12cb867,2026-04-05T02:45:07.420921+00:00,1775357107420921000,172817747636916,2100,,,A,1246,40,1241.0,-10.0,15.862764375,1.205620533476894
46355,market_research_2026-04-04_21-42-06_live_round,7efc699623d74ac8961a3f76a12cb867,2026-04-05T02:45:07.458083+00:00,1775357107458083000,172817784799000,2100,,,A,1246,60,1241.5,-9.0,15.899926459,1.205620533476894
46360,market_research_2026-04-04_21-42-06_live_round,7efc699623d74ac8961a3f76a12cb867,2026-04-05T02:45:07.482410+00:00,1775357107482410000,172817809126583,2100,,,A,1239,40,1238.5,-1.0,15.924254042,1.205620533476894
46361,market_research_2026-04-04_21-42-06_live_round,7efc699623d74ac8961a3f76a12cb867,2026-04-05T02:45:07.482531+00:00,1775357107482531000,172817809247625,2100,,,A,1238,40,1238.5,-1.0,15.924375084,1.205620533476894
46369,market_research_2026-04-04_21-42-06_live_round,7efc699623d74ac8961a3f76a12cb867,2026-04-05T02:45:07.524485+00:00,1775357107524485000,172817851201916,2100,,,ETF,3149,40,3147.5,-3.0,15.966329375,
46374,market_research_2026-04-04_21-42-06_live_round,7efc699623d74ac8961a3f76a12cb867,2026-04-05T02:45:07.549681+00:00,1775357107549681000,172817876397208,2100,,,ETF,3148,60,3147.5,-1.0,15.991524667,
46400,market_research_2026-04-04_21-42-06_live_round,7efc699623d74ac8961a3f76a12cb867,2026-04-05T02:45:07.710880+00:00,1775357107710880000,172818037597041,2100,,,A,1236,100,1227.0,-18.0,16.1527245,1.205620533476894
46401,market_research_2026-04-04_21-42-06_live_round,7efc699623d74ac8961a3f76a12cb867,2026-04-05T02:45:07.713805+00:00,1775357107713805000,172818040522125,2100,,,A,1230,40,1227.0,-18.0,16.155649584,1.205620533476894
46402,market_research_2026-04-04_21-42-06_live_round,7efc699623d74ac8961a3f76a12cb867,2026-04-05T02:45:07.713925+00:00,1775357107713925000,172818040642333,2100,,,A,1229,60,1227.0,-18.0,16.155769792,1.205620533476894
46425,market_research_2026-04-04_21-42-06_live_round,7efc699623d74ac8961a3f76a12cb867,2026-04-05T02:45:07.846625+00:00,1775357107846625000,172818173342666,2100,,,A,1228,40,1227.0,-2.0,16.288470125,1.205620533476894
46431,market_research_2026-04-04_21-42-06_live_round,7efc699623d74ac8961a3f76a12cb867,2026-04-05T02:45:07.876044+00:00,1775357107876044000,172818202761250,2100,,,ETF,3146,40,3135.0,-22.0,16.317888709,
46435,market_research_2026-04-04_21-42-06_live_round,7efc699623d74ac8961a3f76a12cb867,2026-04-05T02:45:07.892785+00:00,1775357107892785000,172818219502833,2100,,,A,1228,40,1227.5,-1.0,16.334630292,1.205620533476894
46436,market_research_2026-04-04_21-42-06_live_round,7efc699623d74ac8961a3f76a12cb867,2026-04-05T02:45:07.892903+00:00,1775357107892903000,172818219620958,2100,,,A,1227,20,1227.5,-1.0,16.334748417,1.205620533476894
46451,market_research_2026-04-04_21-42-06_live_round,7efc699623d74ac8961a3f76a12cb867,2026-04-05T02:45:07.973880+00:00,1775357107973880000,172818300597708,2100,,,ETF,3146,60,3135.5,-21.0,16.415725167,
46464,market_research_2026-04-04_21-42-06_live_round,7efc699623d74ac8961a3f76a12cb867,2026-04-05T02:45:08.052399+00:00,1775357108052399000,172818379116791,2100,,,ETF,3140,40,3133.0,-14.0,16.49424425,
46465,market_research_2026-04-04_21-42-06_live_round,7efc699623d74ac8961a3f76a12cb867,2026-04-05T02:45:08.052530+00:00,1775357108052530000,172818379247458,2100,,,ETF,3139,40,3133.0,-14.0,16.494374917,
46475,market_research_2026-04-04_21-42-06_live_round,7efc699623d74ac8961a3f76a12cb867,2026-04-05T02:45:08.107898+00:00,1775357108107898000,172818434615791,2100,,,ETF,3139,20,3133.0,-12.0,16.54974325,
46476,market_research_2026-04-04_21-42-06_live_round,7efc699623d74ac8961a3f76a12cb867,2026-04-05T02:45:08.108208+00:00,1775357108108208000,172818434926000,2100,,,ETF,3138,80,3133.0,-12.0,16.550053459,
46500,market_research_2026-04-04_21-42-06_live_round,7efc699623d74ac8961a3f76a12cb867,2026-04-05T02:45:08.261221+00:00,1775357108261221000,172818587938500,2100,,,A,1227,40,1220.5,-13.0,16.703065959,1.205620533476894
46506,market_research_2026-04-04_21-42-06_live_round,7efc699623d74ac8961a3f76a12cb867,2026-04-05T02:45:08.293465+00:00,1775357108293465000,172818620183583,2100,,,ETF,3137,40,3122.5,-29.0,16.735311042,
46512,market_research_2026-04-04_21-42-06_live_round,7efc699623d74ac8961a3f76a12cb867,2026-04-05T02:45:08.329511+00:00,1775357108329511000,172818656229041,2100,,,A,1227,40,1221.0,-12.0,16.7713565,1.205620533476894
46513,market_research_2026-04-04_21-42-06_live_round,7efc699623d74ac8961a3f76a12cb867,2026-04-05T02:45:08.329639+00:00,1775357108329639000,172818656357166,2100,,,A,1220,20,1221.0,-12.0,16.771484625,1.205620533476894
46518,market_research_2026-04-04_21-42-06_live_round,7efc699623d74ac8961a3f76a12cb867,2026-04-05T02:45:08.355122+00:00,1775357108355122000,172818681840333,2100,,,ETF,3137,60,3123.0,-28.0,16.796967792,
46524,market_research_2026-04-04_21-42-06_live_round,7efc699623d74ac8961a3f76a12cb867,2026-04-05T02:45:08.387318+00:00,1775357108387318000,172818714036791,2100,,,A,1220,20,1218.0,-4.0,16.82916425,1.205620533476894
46529,market_research_2026-04-04_21-42-06_live_round,7efc699623d74ac8961a3f76a12cb867,2026-04-05T02:45:08.416783+00:00,1775357108416783000,172818743500208,2100,,,A,1219,60,1218.0,-4.0,16.858627667,1.205620533476894
46536,market_research_2026-04-04_21-42-06_live_round,7efc699623d74ac8961a3f76a12cb867,2026-04-05T02:45:08.473813+00:00,1775357108473813000,172818800531083,2100,,,ETF,3118,40,3114.0,-8.0,16.915658542,
46537,market_research_2026-04-04_21-42-06_live_round,7efc699623d74ac8961a3f76a12cb867,2026-04-05T02:45:08.473939+00:00,1775357108473939000,172818800657875,2100,,,ETF,3117,40,3114.0,-8.0,16.915785334,
46543,market_research_2026-04-04_21-42-06_live_round,7efc699623d74ac8961a3f76a12cb867,2026-04-05T02:45:08.504766+00:00,1775357108504766000,172818831484625,2100,,,ETF,3117,20,3114.0,-6.0,16.946612084,
46544,market_research_2026-04-04_21-42-06_live_round,7efc699623d74ac8961a3f76a12cb867,2026-04-05T02:45:08.506706+00:00,1775357108506706000,172818833424458,2100,,,ETF,3116,80,3114.0,-6.0,16.948551917,
46551,market_research_2026-04-04_21-42-06_live_round,7efc699623d74ac8961a3f76a12cb867,2026-04-05T02:45:08.543708+00:00,1775357108543708000,172818870426333,2100,,,A,1218,80,1217.5,-1.0,16.985553792,1.205620533476894
46552,market_research_2026-04-04_21-42-06_live_round,7efc699623d74ac8961a3f76a12cb867,2026-04-05T02:45:08.545789+00:00,1775357108545789000,172818872507833,2100,,,A,1217,20,1217.5,-1.0,16.987635292,1.205620533476894
46591,market_research_2026-04-04_21-42-06_live_round,7efc699623d74ac8961a3f76a12cb867,2026-04-05T02:45:08.792973+00:00,1775357108792973000,172819119691958,2100,,,A,1217,40,1210.0,-14.0,17.234819417,1.205620533476894
46596,market_research_2026-04-04_21-42-06_live_round,7efc699623d74ac8961a3f76a12cb867,2026-04-05T02:45:08.818763+00:00,1775357108818763000,172819145482250,2100,,,ETF,3115,40,3106.5,-17.0,17.260609709,
46600,market_research_2026-04-04_21-42-06_live_round,7efc699623d74ac8961a3f76a12cb867,2026-04-05T02:45:08.839148+00:00,1775357108839148000,172819165866916,2100,,,A,1217,40,1210.5,-13.0,17.280994375,1.205620533476894
46601,market_research_2026-04-04_21-42-06_live_round,7efc699623d74ac8961a3f76a12cb867,2026-04-05T02:45:08.839278+00:00,1775357108839278000,172819165997041,2100,,,A,1208,20,1210.5,-13.0,17.2811245,1.205620533476894
46608,market_research_2026-04-04_21-42-06_live_round,7efc699623d74ac8961a3f76a12cb867,2026-04-05T02:45:08.874073+00:00,1775357108874073000,172819200792333,2100,,,A,1208,20,1206.5,-3.0,17.315919792,1.205620533476894
46609,market_research_2026-04-04_21-42-06_live_round,7efc699623d74ac8961a3f76a12cb867,2026-04-05T02:45:08.874190+00:00,1775357108874190000,172819200909750,2100,,,A,1207,60,1206.5,-3.0,17.316037209,1.205620533476894
46615,market_research_2026-04-04_21-42-06_live_round,7efc699623d74ac8961a3f76a12cb867,2026-04-05T02:45:08.905879+00:00,1775357108905879000,172819232598333,2100,,,A,1206,80,1206.0,0.0,17.347725792,1.205620533476894
46622,market_research_2026-04-04_21-42-06_live_round,7efc699623d74ac8961a3f76a12cb867,2026-04-05T02:45:08.942397+00:00,1775357108942397000,172819269115875,2100,,,ETF,3115,60,3107.0,-16.0,17.384243334,
46640,market_research_2026-04-04_21-42-06_live_round,7efc699623d74ac8961a3f76a12cb867,2026-04-05T02:45:09.046613+00:00,1775357109046613000,172819373332583,2100,,,ETF,3102,40,3101.0,-2.0,17.488460042,
46641,market_research_2026-04-04_21-42-06_live_round,7efc699623d74ac8961a3f76a12cb867,2026-04-05T02:45:09.046735+00:00,1775357109046735000,172819373454291,2100,,,ETF,3101,40,3101.0,-2.0,17.48858175,
46647,market_research_2026-04-04_21-42-06_live_round,7efc699623d74ac8961a3f76a12cb867,2026-04-05T02:45:09.079945+00:00,1775357109079945000,172819406664833,2100,,,ETF,3101,20,3101.0,0.0,17.521792292,
46671,market_research_2026-04-04_21-42-06_live_round,7efc699623d74ac8961a3f76a12cb867,2026-04-05T02:45:09.231782+00:00,1775357109231782000,172819558502125,2100,,,ETF,3099,40,3096.5,-5.0,17.673629584,
46676,market_research_2026-04-04_21-42-06_live_round,7efc699623d74ac8961a3f76a12cb867,2026-04-05T02:45:09.258129+00:00,1775357109258129000,172819584848458,2100,,,A,1205,40,1200.5,-9.0,17.699975917,1.205620533476894
46682,market_research_2026-04-04_21-42-06_live_round,7efc699623d74ac8961a3f76a12cb867,2026-04-05T02:45:09.290637+00:00,1775357109290637000,172819617357416,2100,,,A,1205,60,1201.0,-8.0,17.732484875,1.205620533476894
46687,market_research_2026-04-04_21-42-06_live_round,7efc699623d74ac8961a3f76a12cb867,2026-04-05T02:45:09.316191+00:00,1775357109316191000,172819642911458,2100,,,ETF,3099,60,3097.0,-4.0,17.758038917,
46741,market_research_2026-04-04_21-42-06_live_round,7efc699623d74ac8961a3f76a12cb867,2026-04-05T02:45:09.672218+00:00,1775357109672218000,172819998938708,2100,,,A,1194,40,1189.5,-9.0,18.114066167,1.205620533476894
46750,market_research_2026-04-04_21-42-06_live_round,7efc699623d74ac8961a3f76a12cb867,2026-04-05T02:45:09.729011+00:00,1775357109729011000,172820055732250,2100,,,ETF,3089,40,3086.5,-5.0,18.170859709,
46756,market_research_2026-04-04_21-42-06_live_round,7efc699623d74ac8961a3f76a12cb867,2026-04-05T02:45:09.760880+00:00,1775357109760880000,172820087600958,2100,,,A,1194,60,1190.0,-8.0,18.202728417,1.205620533476894
46761,market_research_2026-04-04_21-42-06_live_round,7efc699623d74ac8961a3f76a12cb867,2026-04-05T02:45:09.782838+00:00,1775357109782838000,172820109558916,2100,,,A,1190,40,1188.5,-3.0,18.224686375,1.205620533476894
46762,market_research_2026-04-04_21-42-06_live_round,7efc699623d74ac8961a3f76a12cb867,2026-04-05T02:45:09.782949+00:00,1775357109782949000,172820109669791,2100,,,A,1189,40,1188.5,-3.0,18.22479725,1.205620533476894
46768,market_research_2026-04-04_21-42-06_live_round,7efc699623d74ac8961a3f76a12cb867,2026-04-05T02:45:09.814389+00:00,1775357109814389000,172820141109416,2100,,,A,1189,20,1188.5,-1.0,18.256236875,1.205620533476894
46769,market_research_2026-04-04_21-42-06_live_round,7efc699623d74ac8961a3f76a12cb867,2026-04-05T02:45:09.814527+00:00,1775357109814527000,172820141248625,2100,,,A,1188,80,1188.5,-1.0,18.256376084,1.205620533476894
46776,market_research_2026-04-04_21-42-06_live_round,7efc699623d74ac8961a3f76a12cb867,2026-04-05T02:45:09.853893+00:00,1775357109853893000,172820180614500,2100,,,ETF,3089,60,3087.0,-4.0,18.295741959,
46783,market_research_2026-04-04_21-42-06_live_round,7efc699623d74ac8961a3f76a12cb867,2026-04-05T02:45:09.893896+00:00,1775357109893896000,172820220616958,2100,,,ETF,3088,40,3087.0,-2.0,18.335744417,
46784,market_research_2026-04-04_21-42-06_live_round,7efc699623d74ac8961a3f76a12cb867,2026-04-05T02:45:09.894023+00:00,1775357109894023000,172820220743958,2100,,,ETF,3087,40,3087.0,-2.0,18.335871417,
46798,market_research_2026-04-04_21-42-06_live_round,7efc699623d74ac8961a3f76a12cb867,2026-04-05T02:45:09.972508+00:00,1775357109972508000,172820299229583,2100,,,ETF,3087,20,3087.0,0.0,18.414357042,
46822,market_research_2026-04-04_21-42-06_live_round,7efc699623d74ac8961a3f76a12cb867,2026-04-05T02:45:10.118557+00:00,1775357110118557000,172820445278333,2100,,,A,1187,40,1182.5,-9.0,18.560405792,1.205620533476894
46829,market_research_2026-04-04_21-42-06_live_round,7efc699623d74ac8961a3f76a12cb867,2026-04-05T02:45:10.161547+00:00,1775357110161547000,172820488268333,2100,,,A,1187,60,1183.0,-8.0,18.603395792,1.205620533476894
46834,market_research_2026-04-04_21-42-06_live_round,7efc699623d74ac8961a3f76a12cb867,2026-04-05T02:45:10.194931+00:00,1775357110194931000,172820521652125,2100,,,ETF,3085,40,3082.0,-6.0,18.636779584,
46847,market_research_2026-04-04_21-42-06_live_round,7efc699623d74ac8961a3f76a12cb867,2026-04-05T02:45:10.285054+00:00,1775357110285054000,172820611776208,2100,,,ETF,3085,60,3082.5,-5.0,18.726903667,
46877,market_research_2026-04-04_21-42-06_live_round,7efc699623d74ac8961a3f76a12cb867,2026-04-05T02:45:10.495354+00:00,1775357110495354000,172820822076875,2100,,,A,1176,100,1167.5,-17.0,18.937204334,1.205620533476894
46878,market_research_2026-04-04_21-42-06_live_round,7efc699623d74ac8961a3f76a12cb867,2026-04-05T02:45:10.497360+00:00,1775357110497360000,172820824082625,2100,,,A,1172,40,1167.5,-17.0,18.939210084,1.205620533476894
46879,market_research_2026-04-04_21-42-06_live_round,7efc699623d74ac8961a3f76a12cb867,2026-04-05T02:45:10.497465+00:00,1775357110497465000,172820824187958,2100,,,A,1171,60,1167.5,-17.0,18.939315417,1.205620533476894
46905,market_research_2026-04-04_21-42-06_live_round,7efc699623d74ac8961a3f76a12cb867,2026-04-05T02:45:10.655214+00:00,1775357110655214000,172820981936708,2100,,,A,1170,40,1168.5,-3.0,19.097064167,1.205620533476894
46910,market_research_2026-04-04_21-42-06_live_round,7efc699623d74ac8961a3f76a12cb867,2026-04-05T02:45:10.681615+00:00,1775357110681615000,172821008337500,2100,,,ETF,3075,40,3075.0,0.0,19.123464959,
46915,market_research_2026-04-04_21-42-06_live_round,7efc699623d74ac8961a3f76a12cb867,2026-04-05T02:45:10.706518+00:00,1775357110706518000,172821033240458,2100,,,A,1170,40,1169.0,-2.0,19.148367917,1.205620533476894
46916,market_research_2026-04-04_21-42-06_live_round,7efc699623d74ac8961a3f76a12cb867,2026-04-05T02:45:10.706634+00:00,1775357110706634000,172821033356750,2100,,,A,1169,20,1169.0,-2.0,19.148484209,1.205620533476894
46923,market_research_2026-04-04_21-42-06_live_round,7efc699623d74ac8961a3f76a12cb867,2026-04-05T02:45:10.745080+00:00,1775357110745080000,172821071802500,2100,,,A,1169,80,1169.0,0.0,19.186929959,1.205620533476894
46972,market_research_2026-04-04_21-42-06_live_round,7efc699623d74ac8961a3f76a12cb867,2026-04-05T02:45:11.062729+00:00,1775357111062729000,172821389452625,2100,,,A,1161,40,1158.5,-5.0,19.504580084,1.205620533476894
46982,market_research_2026-04-04_21-42-06_live_round,7efc699623d74ac8961a3f76a12cb867,2026-04-05T02:45:11.127666+00:00,1775357111127666000,172821454390000,2100,,,A,1160,60,1158.5,-3.0,19.569517459,1.205620533476894
46986,market_research_2026-04-04_21-42-06_live_round,7efc699623d74ac8961a3f76a12cb867,2026-04-05T02:45:11.147133+00:00,1775357111147133000,172821473856583,2100,,,ETF,3070,40,3069.5,-1.0,19.588984042,
46991,market_research_2026-04-04_21-42-06_live_round,7efc699623d74ac8961a3f76a12cb867,2026-04-05T02:45:11.177044+00:00,1775357111177044000,172821503767333,2100,,,A,1159,80,1158.5,-1.0,19.618894792,1.205620533476894
46998,market_research_2026-04-04_21-42-06_live_round,7efc699623d74ac8961a3f76a12cb867,2026-04-05T02:45:11.222205+00:00,1775357111222205000,172821548928583,2100,,,ETF,3070,60,3070.0,0.0,19.664056042,
47024,market_research_2026-04-04_21-42-06_live_round,7efc699623d74ac8961a3f76a12cb867,2026-04-05T02:45:11.396773+00:00,1775357111396773000,172821723497208,2100,,,C,955,40,957.5,-5.0,75.418369458,1.8629055547812696
47025,market_research_2026-04-04_21-42-06_live_round,7efc699623d74ac8961a3f76a12cb867,2026-04-05T02:45:11.398799+00:00,1775357111398799000,172821725522916,2100,,,C,956,60,957.5,-5.0,75.420395166,1.8629055547812696
47026,market_research_2026-04-04_21-42-06_live_round,7efc699623d74ac8961a3f76a12cb867,2026-04-05T02:45:11.398898+00:00,1775357111398898000,172821725622125,2100,,,C,957,80,957.5,-5.0,75.420494375,1.8629055547812696
47027,market_research_2026-04-04_21-42-06_live_round,7efc699623d74ac8961a3f76a12cb867,2026-04-05T02:45:11.398983+00:00,1775357111398983000,172821725707416,2100,,,C,958,20,957.5,-5.0,75.420579666,1.8629055547812696
47034,market_research_2026-04-04_21-42-06_live_round,7efc699623d74ac8961a3f76a12cb867,2026-04-05T02:45:11.438997+00:00,1775357111438997000,172821765721291,2100,,,B,968,40,968.0,0.0,,
47062,market_research_2026-04-04_21-42-06_live_round,7efc699623d74ac8961a3f76a12cb867,2026-04-05T02:45:11.612286+00:00,1775357111612286000,172821939010625,2100,,,ETF,3066,40,3066.0,0.0,20.054138084,
47070,market_research_2026-04-04_21-42-06_live_round,7efc699623d74ac8961a3f76a12cb867,2026-04-05T02:45:11.675896+00:00,1775357111675896000,172822002620791,2100,,,A,1158,40,1154.0,-8.0,20.11774825,1.205620533476894
47077,market_research_2026-04-04_21-42-06_live_round,7efc699623d74ac8961a3f76a12cb867,2026-04-05T02:45:11.716409+00:00,1775357111716409000,172822043133291,2100,,,A,1158,60,1154.5,-7.0,20.15826075,1.205620533476894
47127,market_research_2026-04-04_21-42-06_live_round,7efc699623d74ac8961a3f76a12cb867,2026-04-05T02:45:12.035118+00:00,1775357112035118000,172822361843291,2100,,,A,1147,40,1145.5,-3.0,20.47697075,1.205620533476894
47136,market_research_2026-04-04_21-42-06_live_round,7efc699623d74ac8961a3f76a12cb867,2026-04-05T02:45:12.092747+00:00,1775357112092747000,172822419472000,2100,,,A,1147,60,1146.0,-2.0,20.534599459,1.205620533476894
47186,market_research_2026-04-04_21-42-06_live_round,7efc699623d74ac8961a3f76a12cb867,2026-04-05T02:45:12.431288+00:00,1775357112431288000,172822758013416,2100,,,A,1141,40,1141.0,0.0,20.873140875,1.205620533476894
47257,market_research_2026-04-04_21-42-06_live_round,7efc699623d74ac8961a3f76a12cb867,2026-04-05T02:45:12.918943+00:00,1775357112918943000,172823245670000,2100,,,ETF,3065,40,3069.0,-8.0,21.360797459,
47272,market_research_2026-04-04_21-42-06_live_round,7efc699623d74ac8961a3f76a12cb867,2026-04-05T02:45:13.019685+00:00,1775357113019685000,172823346411625,2100,,,ETF,3065,60,3068.5,-7.0,21.461539084,
47282,market_research_2026-04-04_21-42-06_live_round,7efc699623d74ac8961a3f76a12cb867,2026-04-05T02:45:13.082040+00:00,1775357113082040000,172823408767500,2100,,,ETF,3066,40,3068.5,-5.0,21.523894959,
47283,market_research_2026-04-04_21-42-06_live_round,7efc699623d74ac8961a3f76a12cb867,2026-04-05T02:45:13.082168+00:00,1775357113082168000,172823408895500,2100,,,ETF,3067,40,3068.5,-5.0,21.524022959,
47293,market_research_2026-04-04_21-42-06_live_round,7efc699623d74ac8961a3f76a12cb867,2026-04-05T02:45:13.142414+00:00,1775357113142414000,172823469141458,2100,,,ETF,3067,20,3068.5,-3.0,21.584268917,
47294,market_research_2026-04-04_21-42-06_live_round,7efc699623d74ac8961a3f76a12cb867,2026-04-05T02:45:13.142541+00:00,1775357113142541000,172823469269208,2100,,,ETF,3068,80,3068.5,-3.0,21.584396667,
47399,market_research_2026-04-04_21-42-06_live_round,7efc699623d74ac8961a3f76a12cb867,2026-04-05T02:45:13.847803+00:00,1775357113847803000,172824174532416,2100,,,ETF,3065,40,3062.5,-5.0,22.289659875,
47424,market_research_2026-04-04_21-42-06_live_round,7efc699623d74ac8961a3f76a12cb867,2026-04-05T02:45:14.010179+00:00,1775357114010179000,172824336907666,2100,,,ETF,3064,60,3062.5,-3.0,22.452035125,
47430,market_research_2026-04-04_21-42-06_live_round,7efc699623d74ac8961a3f76a12cb867,2026-04-05T02:45:14.051375+00:00,1775357114051375000,172824378104166,2100,,,ETF,3063,80,3062.5,-1.0,22.493231625,
47528,market_research_2026-04-04_21-42-06_live_round,7efc699623d74ac8961a3f76a12cb867,2026-04-05T02:45:14.698487+00:00,1775357114698487000,172825025217625,2100,,,ETF,3063,40,3064.5,-3.0,23.140345084,
47541,market_research_2026-04-04_21-42-06_live_round,7efc699623d74ac8961a3f76a12cb867,2026-04-05T02:45:14.779126+00:00,1775357114779126000,172825105857000,2100,,,ETF,3063,60,3064.0,-2.0,23.220984459,
47549,market_research_2026-04-04_21-42-06_live_round,7efc699623d74ac8961a3f76a12cb867,2026-04-05T02:45:14.832077+00:00,1775357114832077000,172825158807750,2100,,,C,954,40,954.0,0.0,78.85368,1.8629055547812696
47599,market_research_2026-04-04_21-42-06_live_round,7efc699623d74ac8961a3f76a12cb867,2026-04-05T02:45:15.149255+00:00,1775357115149255000,172825475986666,2100,,,A,1138,40,1138.5,-1.0,23.591114125,1.205620533476894
47604,market_research_2026-04-04_21-42-06_live_round,7efc699623d74ac8961a3f76a12cb867,2026-04-05T02:45:15.173698+00:00,1775357115173698000,172825500429333,2100,,,A,1138,60,1138.0,0.0,23.615556792,1.205620533476894
47665,market_research_2026-04-04_21-42-06_live_round,7efc699623d74ac8961a3f76a12cb867,2026-04-05T02:45:15.574503+00:00,1775357115574503000,172825901235541,2100,,,A,1143,40,1143.5,-1.0,24.016363,1.205620533476894
47671,market_research_2026-04-04_21-42-06_live_round,7efc699623d74ac8961a3f76a12cb867,2026-04-05T02:45:15.612867+00:00,1775357115612867000,172825939599125,2100,,,ETF,3073,40,3073.5,-1.0,24.054726584,
47680,market_research_2026-04-04_21-42-06_live_round,7efc699623d74ac8961a3f76a12cb867,2026-04-05T02:45:15.679704+00:00,1775357115679704000,172826006436583,2100,,,A,1143,60,1143.0,0.0,24.121564042,1.205620533476894
47739,market_research_2026-04-04_21-42-06_live_round,7efc699623d74ac8961a3f76a12cb867,2026-04-05T02:45:16.063035+00:00,1775357116063035000,172826389767875,2100,,,ETF,3076,40,3079.5,-7.0,24.504895334,
47743,market_research_2026-04-04_21-42-06_live_round,7efc699623d74ac8961a3f76a12cb867,2026-04-05T02:45:16.082908+00:00,1775357116082908000,172826409641833,2100,,,A,1148,40,1151.0,-6.0,24.524769292,1.205620533476894
47748,market_research_2026-04-04_21-42-06_live_round,7efc699623d74ac8961a3f76a12cb867,2026-04-05T02:45:16.113146+00:00,1775357116113146000,172826439879166,2100,,,A,1148,60,1150.5,-5.0,24.555006625,1.205620533476894
47756,market_research_2026-04-04_21-42-06_live_round,7efc699623d74ac8961a3f76a12cb867,2026-04-05T02:45:16.167818+00:00,1775357116167818000,172826494551708,2100,,,ETF,3076,60,3079.0,-6.0,24.609679167,
47760,market_research_2026-04-04_21-42-06_live_round,7efc699623d74ac8961a3f76a12cb867,2026-04-05T02:45:16.187019+00:00,1775357116187019000,172826513752333,2100,,,A,1150,40,1151.0,-2.0,24.628879792,1.205620533476894
47761,market_research_2026-04-04_21-42-06_live_round,7efc699623d74ac8961a3f76a12cb867,2026-04-05T02:45:16.187146+00:00,1775357116187146000,172826513879333,2100,,,A,1151,40,1151.0,-2.0,24.629006792,1.205620533476894
47767,market_research_2026-04-04_21-42-06_live_round,7efc699623d74ac8961a3f76a12cb867,2026-04-05T02:45:16.214843+00:00,1775357116214843000,172826541576583,2100,,,A,1151,20,1151.0,0.0,24.656704042,1.205620533476894
47780,market_research_2026-04-04_21-42-06_live_round,7efc699623d74ac8961a3f76a12cb867,2026-04-05T02:45:16.294305+00:00,1775357116294305000,172826621038333,2100,,,ETF,3080,40,3080.5,-1.0,24.736165792,
47781,market_research_2026-04-04_21-42-06_live_round,7efc699623d74ac8961a3f76a12cb867,2026-04-05T02:45:16.296381+00:00,1775357116296381000,172826623114500,2100,,,ETF,3081,40,3080.5,-1.0,24.738241959,
47820,market_research_2026-04-04_21-42-06_live_round,7efc699623d74ac8961a3f76a12cb867,2026-04-05T02:45:16.543176+00:00,1775357116543176000,172826869910458,2100,,,A,1153,40,1159.0,-12.0,24.985037917,1.205620533476894
47827,market_research_2026-04-04_21-42-06_live_round,7efc699623d74ac8961a3f76a12cb867,2026-04-05T02:45:16.585549+00:00,1775357116585549000,172826912282958,2100,,,ETF,3083,40,3086.5,-7.0,25.027410417,
47831,market_research_2026-04-04_21-42-06_live_round,7efc699623d74ac8961a3f76a12cb867,2026-04-05T02:45:16.605586+00:00,1775357116605586000,172826932320208,2100,,,A,1153,60,1158.5,-11.0,25.047447667,1.205620533476894
47838,market_research_2026-04-04_21-42-06_live_round,7efc699623d74ac8961a3f76a12cb867,2026-04-05T02:45:16.648477+00:00,1775357116648477000,172826975211083,2100,,,A,1160,40,1161.5,-3.0,25.090338542,1.205620533476894
47839,market_research_2026-04-04_21-42-06_live_round,7efc699623d74ac8961a3f76a12cb867,2026-04-05T02:45:16.648640+00:00,1775357116648640000,172826975374375,2100,,,A,1161,40,1161.5,-3.0,25.090501834,1.205620533476894
47850,market_research_2026-04-04_21-42-06_live_round,7efc699623d74ac8961a3f76a12cb867,2026-04-05T02:45:16.715097+00:00,1775357116715097000,172827041831541,2100,,,A,1161,20,1161.5,-1.0,25.156959,1.205620533476894
47851,market_research_2026-04-04_21-42-06_live_round,7efc699623d74ac8961a3f76a12cb867,2026-04-05T02:45:16.715220+00:00,1775357116715220000,172827041955000,2100,,,A,1162,80,1161.5,-1.0,25.157082459,1.205620533476894
47861,market_research_2026-04-04_21-42-06_live_round,7efc699623d74ac8961a3f76a12cb867,2026-04-05T02:45:16.775217+00:00,1775357116775217000,172827101951666,2100,,,ETF,3083,60,3086.0,-6.0,25.217079125,
47898,market_research_2026-04-04_21-42-06_live_round,7efc699623d74ac8961a3f76a12cb867,2026-04-05T02:45:17.015394+00:00,1775357117015394000,172827342128708,2100,,,A,1163,40,1168.0,-10.0,25.457256167,1.205620533476894
47905,market_research_2026-04-04_21-42-06_live_round,7efc699623d74ac8961a3f76a12cb867,2026-04-05T02:45:17.068663+00:00,1775357117068663000,172827395397958,2100,,,ETF,3092,40,3098.0,-12.0,25.510525417,
47910,market_research_2026-04-04_21-42-06_live_round,7efc699623d74ac8961a3f76a12cb867,2026-04-05T02:45:17.098331+00:00,1775357117098331000,172827425066000,2100,,,ETF,3092,60,3097.5,-11.0,25.540193459,
47915,market_research_2026-04-04_21-42-06_live_round,7efc699623d74ac8961a3f76a12cb867,2026-04-05T02:45:17.125290+00:00,1775357117125290000,172827452025833,2100,,,A,1163,60,1167.5,-9.0,25.567153292,1.205620533476894
47922,market_research_2026-04-04_21-42-06_live_round,7efc699623d74ac8961a3f76a12cb867,2026-04-05T02:45:17.165541+00:00,1775357117165541000,172827492276250,2100,,,A,1171,40,1171.0,0.0,25.607403709,1.205620533476894
47929,market_research_2026-04-04_21-42-06_live_round,7efc699623d74ac8961a3f76a12cb867,2026-04-05T02:45:17.205726+00:00,1775357117205726000,172827532461750,2100,,,ETF,3096,40,3099.0,-6.0,25.647589209,
47930,market_research_2026-04-04_21-42-06_live_round,7efc699623d74ac8961a3f76a12cb867,2026-04-05T02:45:17.205866+00:00,1775357117205866000,172827532601500,2100,,,ETF,3097,40,3099.0,-6.0,25.647728959,
47949,market_research_2026-04-04_21-42-06_live_round,7efc699623d74ac8961a3f76a12cb867,2026-04-05T02:45:17.329312+00:00,1775357117329312000,172827656047750,2100,,,ETF,3097,20,3099.0,-4.0,25.771175209,
47950,market_research_2026-04-04_21-42-06_live_round,7efc699623d74ac8961a3f76a12cb867,2026-04-05T02:45:17.329440+00:00,1775357117329440000,172827656175625,2100,,,ETF,3098,80,3099.0,-4.0,25.771303084,
47976,market_research_2026-04-04_21-42-06_live_round,7efc699623d74ac8961a3f76a12cb867,2026-04-05T02:45:17.491373+00:00,1775357117491373000,172827818108708,2100,,,A,1174,40,1180.0,-12.0,25.933236167,1.205620533476894
47983,market_research_2026-04-04_21-42-06_live_round,7efc699623d74ac8961a3f76a12cb867,2026-04-05T02:45:17.527122+00:00,1775357117527122000,172827853858541,2100,,,A,1174,60,1179.5,-11.0,25.968986,1.205620533476894
47988,market_research_2026-04-04_21-42-06_live_round,7efc699623d74ac8961a3f76a12cb867,2026-04-05T02:45:17.554692+00:00,1775357117554692000,172827881427875,2100,,,A,1179,40,1181.5,-5.0,25.996555334,1.205620533476894
47989,market_research_2026-04-04_21-42-06_live_round,7efc699623d74ac8961a3f76a12cb867,2026-04-05T02:45:17.554842+00:00,1775357117554842000,172827881578333,2100,,,A,1180,40,1181.5,-5.0,25.996705792,1.205620533476894
47995,market_research_2026-04-04_21-42-06_live_round,7efc699623d74ac8961a3f76a12cb867,2026-04-05T02:45:17.587991+00:00,1775357117587991000,172827914726833,2100,,,A,1180,20,1181.5,-3.0,26.029854292,1.205620533476894
47996,market_research_2026-04-04_21-42-06_live_round,7efc699623d74ac8961a3f76a12cb867,2026-04-05T02:45:17.588114+00:00,1775357117588114000,172827914850083,2100,,,A,1181,80,1181.5,-3.0,26.029977542,1.205620533476894
48001,market_research_2026-04-04_21-42-06_live_round,7efc699623d74ac8961a3f76a12cb867,2026-04-05T02:45:17.612877+00:00,1775357117612877000,172827939613083,2100,,,ETF,3099,40,3105.0,-12.0,26.054740542,
48009,market_research_2026-04-04_21-42-06_live_round,7efc699623d74ac8961a3f76a12cb867,2026-04-05T02:45:17.666315+00:00,1775357117666315000,172827993051791,2100,,,ETF,3099,60,3104.5,-11.0,26.10817925,
48056,market_research_2026-04-04_21-42-06_live_round,7efc699623d74ac8961a3f76a12cb867,2026-04-05T02:45:17.966507+00:00,1775357117966507000,172828293244291,2100,,,A,1182,40,1190.5,-17.0,26.40837175,1.205620533476894
48061,market_research_2026-04-04_21-42-06_live_round,7efc699623d74ac8961a3f76a12cb867,2026-04-05T02:45:17.991839+00:00,1775357117991839000,172828318575625,2100,,,A,1182,60,1190.0,-16.0,26.433703084,1.205620533476894
48066,market_research_2026-04-04_21-42-06_live_round,7efc699623d74ac8961a3f76a12cb867,2026-04-05T02:45:18.017777+00:00,1775357118017777000,172828344514416,2100,,,ETF,3113,40,3122.5,-19.0,26.459641875,
48071,market_research_2026-04-04_21-42-06_live_round,7efc699623d74ac8961a3f76a12cb867,2026-04-05T02:45:18.055625+00:00,1775357118055625000,172828382361916,2100,,,ETF,3113,60,3122.0,-18.0,26.497489375,
48078,market_research_2026-04-04_21-42-06_live_round,7efc699623d74ac8961a3f76a12cb867,2026-04-05T02:45:18.103032+00:00,1775357118103032000,172828429768625,2100,,,A,1192,40,1194.5,-5.0,26.544896084,1.205620533476894
48079,market_research_2026-04-04_21-42-06_live_round,7efc699623d74ac8961a3f76a12cb867,2026-04-05T02:45:18.105049+00:00,1775357118105049000,172828431785916,2100,,,A,1193,40,1194.5,-5.0,26.546913375,1.205620533476894
48087,market_research_2026-04-04_21-42-06_live_round,7efc699623d74ac8961a3f76a12cb867,2026-04-05T02:45:18.149326+00:00,1775357118149326000,172828476062875,2100,,,A,1193,20,1194.5,-3.0,26.591190334,1.205620533476894
48088,market_research_2026-04-04_21-42-06_live_round,7efc699623d74ac8961a3f76a12cb867,2026-04-05T02:45:18.151074+00:00,1775357118151074000,172828477811541,2100,,,A,1194,80,1194.5,-3.0,26.592939,1.205620533476894
48095,market_research_2026-04-04_21-42-06_live_round,7efc699623d74ac8961a3f76a12cb867,2026-04-05T02:45:18.191180+00:00,1775357118191180000,172828517917541,2100,,,ETF,3117,40,3123.5,-13.0,26.633045,
48096,market_research_2026-04-04_21-42-06_live_round,7efc699623d74ac8961a3f76a12cb867,2026-04-05T02:45:18.191309+00:00,1775357118191309000,172828518046166,2100,,,ETF,3118,40,3123.5,-13.0,26.633173625,
48105,market_research_2026-04-04_21-42-06_live_round,7efc699623d74ac8961a3f76a12cb867,2026-04-05T02:45:18.243841+00:00,1775357118243841000,172828570578750,2100,,,ETF,3118,20,3123.5,-11.0,26.685706209,
48106,market_research_2026-04-04_21-42-06_live_round,7efc699623d74ac8961a3f76a12cb867,2026-04-05T02:45:18.243995+00:00,1775357118243995000,172828570732833,2100,,,ETF,3119,80,3123.5,-11.0,26.685860292,
48137,market_research_2026-04-04_21-42-06_live_round,7efc699623d74ac8961a3f76a12cb867,2026-04-05T02:45:18.426466+00:00,1775357118426466000,172828753203750,2100,,,ETF,3120,40,3126.5,-13.0,26.868331209,
48141,market_research_2026-04-04_21-42-06_live_round,7efc699623d74ac8961a3f76a12cb867,2026-04-05T02:45:18.448408+00:00,1775357118448408000,172828775146208,2100,,,A,1195,40,1197.0,-4.0,26.890273667,1.205620533476894
48149,market_research_2026-04-04_21-42-06_live_round,7efc699623d74ac8961a3f76a12cb867,2026-04-05T02:45:18.504251+00:00,1775357118504251000,172828830988583,2100,,,ETF,3120,60,3126.0,-12.0,26.946116042,
48156,market_research_2026-04-04_21-42-06_live_round,7efc699623d74ac8961a3f76a12cb867,2026-04-05T02:45:18.544648+00:00,1775357118544648000,172828871386583,2100,,,A,1195,60,1196.5,-3.0,26.986514042,1.205620533476894
48268,market_research_2026-04-04_21-42-06_live_round,7efc699623d74ac8961a3f76a12cb867,2026-04-05T02:45:19.311189+00:00,1775357119311189000,172829637928333,2100,,,ETF,3141,40,3141.5,-1.0,27.753055792,
48332,market_research_2026-04-04_21-42-06_live_round,7efc699623d74ac8961a3f76a12cb867,2026-04-05T02:45:19.737551+00:00,1775357119737551000,172830064291125,2100,,,ETF,3144,40,3144.5,-1.0,28.179418584,
48347,market_research_2026-04-04_21-42-06_live_round,7efc699623d74ac8961a3f76a12cb867,2026-04-05T02:45:19.836433+00:00,1775357119836433000,172830163173333,2100,,,ETF,3144,60,3144.0,0.0,28.278300792,
48673,market_research_2026-04-04_21-42-06_live_round,7efc699623d74ac8961a3f76a12cb867,2026-04-05T02:45:22.107886+00:00,1775357122107886000,172832434631166,2100,,,ETF,3138,40,3137.0,-2.0,30.549758625,
48690,market_research_2026-04-04_21-42-06_live_round,7efc699623d74ac8961a3f76a12cb867,2026-04-05T02:45:22.211731+00:00,1775357122211731000,172832538475875,2100,,,ETF,3137,60,3137.0,0.0,30.653603334,
48718,market_research_2026-04-04_21-42-06_live_round,7efc699623d74ac8961a3f76a12cb867,2026-04-05T02:45:22.387539+00:00,1775357122387539000,172832714284375,2100,,,ETF,3135,100,3127.5,-15.0,30.829411834,
48719,market_research_2026-04-04_21-42-06_live_round,7efc699623d74ac8961a3f76a12cb867,2026-04-05T02:45:22.390369+00:00,1775357122390369000,172832717114250,2100,,,ETF,3130,40,3127.5,-15.0,30.832241709,
48720,market_research_2026-04-04_21-42-06_live_round,7efc699623d74ac8961a3f76a12cb867,2026-04-05T02:45:22.390481+00:00,1775357122390481000,172832717226875,2100,,,ETF,3129,60,3127.5,-15.0,30.832354334,
48749,market_research_2026-04-04_21-42-06_live_round,7efc699623d74ac8961a3f76a12cb867,2026-04-05T02:45:22.572801+00:00,1775357122572801000,172832899546541,2100,,,ETF,3128,40,3128.0,0.0,31.014674,
48871,market_research_2026-04-04_21-42-06_live_round,7efc699623d74ac8961a3f76a12cb867,2026-04-05T02:45:23.415769+00:00,1775357123415769000,172833742516333,2100,,,ETF,3131,40,3131.5,-1.0,31.857643792,
48879,market_research_2026-04-04_21-42-06_live_round,7efc699623d74ac8961a3f76a12cb867,2026-04-05T02:45:23.472951+00:00,1775357123472951000,172833799698666,2100,,,ETF,3131,60,3131.0,0.0,31.914826125,
49054,market_research_2026-04-04_21-42-06_live_round,7efc699623d74ac8961a3f76a12cb867,2026-04-05T02:45:24.650963+00:00,1775357124650963000,172834977713208,2100,,,C,944,40,946.0,-4.0,88.672585458,1.8629055547812696
49055,market_research_2026-04-04_21-42-06_live_round,7efc699623d74ac8961a3f76a12cb867,2026-04-05T02:45:24.651066+00:00,1775357124651066000,172834977816208,2100,,,C,945,60,946.0,-4.0,88.672688458,1.8629055547812696
49056,market_research_2026-04-04_21-42-06_live_round,7efc699623d74ac8961a3f76a12cb867,2026-04-05T02:45:24.651144+00:00,1775357124651144000,172834977894666,2100,,,C,946,100,946.0,-4.0,88.672766916,1.8629055547812696
49095,market_research_2026-04-04_21-42-06_live_round,7efc699623d74ac8961a3f76a12cb867,2026-04-05T02:45:24.905685+00:00,1775357124905685000,172835232435125,2100,,,ETF,3127,40,3125.5,-3.0,33.347562584,
49108,market_research_2026-04-04_21-42-06_live_round,7efc699623d74ac8961a3f76a12cb867,2026-04-05T02:45:24.994590+00:00,1775357124994590000,172835321341083,2100,,,ETF,3126,60,3125.5,-1.0,33.436468542,
49211,market_research_2026-04-04_21-42-06_live_round,7efc699623d74ac8961a3f76a12cb867,2026-04-05T02:45:25.682001+00:00,1775357125682001000,172836008752666,2175,,,ETF,3127,40,3130.0,-6.0,34.123880125,
49223,market_research_2026-04-04_21-42-06_live_round,7efc699623d74ac8961a3f76a12cb867,2026-04-05T02:45:25.760836+00:00,1775357125760836000,172836087588625,2175,,,ETF,3127,60,3129.5,-5.0,34.202716084,
49232,market_research_2026-04-04_21-42-06_live_round,7efc699623d74ac8961a3f76a12cb867,2026-04-05T02:45:25.814886+00:00,1775357125814886000,172836141638791,2175,,,ETF,3128,40,3129.5,-3.0,34.25676625,
49233,market_research_2026-04-04_21-42-06_live_round,7efc699623d74ac8961a3f76a12cb867,2026-04-05T02:45:25.815018+00:00,1775357125815018000,172836141770833,2175,,,ETF,3129,40,3129.5,-3.0,34.256898292,
49241,market_research_2026-04-04_21-42-06_live_round,7efc699623d74ac8961a3f76a12cb867,2026-04-05T02:45:25.873658+00:00,1775357125873658000,172836200410375,2175,,,ETF,3129,20,3129.5,-1.0,34.315537834,
49242,market_research_2026-04-04_21-42-06_live_round,7efc699623d74ac8961a3f76a12cb867,2026-04-05T02:45:25.877017+00:00,1775357125877017000,172836203769291,2175,,,ETF,3130,80,3129.5,-1.0,34.31889675,
49420,market_research_2026-04-04_21-42-06_live_round,7efc699623d74ac8961a3f76a12cb867,2026-04-05T02:45:27.145392+00:00,1775357127145392000,172837472146833,2175,,,ETF,3126,40,3125.0,-2.0,35.587274292,
49425,market_research_2026-04-04_21-42-06_live_round,7efc699623d74ac8961a3f76a12cb867,2026-04-05T02:45:27.173401+00:00,1775357127173401000,172837500156208,2175,,,ETF,3125,60,3125.0,0.0,35.615283667,
49552,market_research_2026-04-04_21-42-06_live_round,7efc699623d74ac8961a3f76a12cb867,2026-04-05T02:45:28.085896+00:00,1775357128085896000,172838412651625,2175,,,ETF,3124,40,3124.5,-1.0,36.527779084,
49617,market_research_2026-04-04_21-42-06_live_round,7efc699623d74ac8961a3f76a12cb867,2026-04-05T02:45:28.536259+00:00,1775357128536259000,172838863016666,2175,,,ETF,3127,40,3130.0,-6.0,36.978144125,
49625,market_research_2026-04-04_21-42-06_live_round,7efc699623d74ac8961a3f76a12cb867,2026-04-05T02:45:28.589026+00:00,1775357128589026000,172838915783500,2175,,,ETF,3127,60,3129.5,-5.0,37.030910959,
49637,market_research_2026-04-04_21-42-06_live_round,7efc699623d74ac8961a3f76a12cb867,2026-04-05T02:45:28.664872+00:00,1775357128664872000,172838991629416,2175,,,ETF,3131,40,3131.0,0.0,37.106756875,
49672,market_research_2026-04-04_21-42-06_live_round,7efc699623d74ac8961a3f76a12cb867,2026-04-05T02:45:28.926053+00:00,1775357128926053000,172839252810375,2175,,,B,977,40,977.0,0.0,,
49695,market_research_2026-04-04_21-42-06_live_round,7efc699623d74ac8961a3f76a12cb867,2026-04-05T02:45:29.083104+00:00,1775357129083104000,172839409863000,2175,,,ETF,3131,40,3130.0,-2.0,37.524990459,
49715,market_research_2026-04-04_21-42-06_live_round,7efc699623d74ac8961a3f76a12cb867,2026-04-05T02:45:29.228029+00:00,1775357129228029000,172839554787833,2175,,,ETF,3130,60,3130.0,0.0,37.669915292,
49765,market_research_2026-04-04_21-42-06_live_round,7efc699623d74ac8961a3f76a12cb867,2026-04-05T02:45:29.596005+00:00,1775357129596005000,172839922765125,2175,,,ETF,3130,40,3129.0,-2.0,38.037892584,
50023,market_research_2026-04-04_21-42-06_live_round,7efc699623d74ac8961a3f76a12cb867,2026-04-05T02:45:31.482484+00:00,1775357131482484000,172841809247041,2175,,,ETF,3127,40,3129.5,-5.0,39.9243745,
50028,market_research_2026-04-04_21-42-06_live_round,7efc699623d74ac8961a3f76a12cb867,2026-04-05T02:45:31.507853+00:00,1775357131507853000,172841834616375,2175,,,ETF,3127,60,3129.0,-4.0,39.949743834,
50047,market_research_2026-04-04_21-42-06_live_round,7efc699623d74ac8961a3f76a12cb867,2026-04-05T02:45:31.643767+00:00,1775357131643767000,172841970530125,2175,,,ETF,3129,40,3129.5,-1.0,40.085657584,
50048,market_research_2026-04-04_21-42-06_live_round,7efc699623d74ac8961a3f76a12cb867,2026-04-05T02:45:31.643908+00:00,1775357131643908000,172841970671583,2175,,,ETF,3130,40,3129.5,-1.0,40.085799042,
50096,market_research_2026-04-04_21-42-06_live_round,7efc699623d74ac8961a3f76a12cb867,2026-04-05T02:45:31.980684+00:00,1775357131980684000,172842307448666,2175,,,ETF,3132,40,3133.5,-3.0,40.422576125,
50101,market_research_2026-04-04_21-42-06_live_round,7efc699623d74ac8961a3f76a12cb867,2026-04-05T02:45:32.007457+00:00,1775357132007457000,172842334221708,2175,,,ETF,3132,60,3133.0,-2.0,40.449349167,
50359,market_research_2026-04-04_21-42-06_live_round,7efc699623d74ac8961a3f76a12cb867,2026-04-05T02:45:33.895623+00:00,1775357133895623000,172844222391000,2175,,,A,1209,40,1209.0,0.0,42.337518459,1.205620533476894
50363,market_research_2026-04-04_21-42-06_live_round,7efc699623d74ac8961a3f76a12cb867,2026-04-05T02:45:33.919036+00:00,1775357133919036000,172844245803708,2175,,,ETF,3143,40,3144.5,-3.0,42.360931167,
50369,market_research_2026-04-04_21-42-06_live_round,7efc699623d74ac8961a3f76a12cb867,2026-04-05T02:45:33.958218+00:00,1775357133958218000,172844284986416,2175,,,ETF,3144,60,3144.5,-1.0,42.400113875,
50433,market_research_2026-04-04_21-42-06_live_round,7efc699623d74ac8961a3f76a12cb867,2026-04-05T02:45:34.423158+00:00,1775357134423158000,172844749926750,2175,,,A,1212,40,1212.0,0.0,42.865054209,1.205620533476894
50438,market_research_2026-04-04_21-42-06_live_round,7efc699623d74ac8961a3f76a12cb867,2026-04-05T02:45:34.451475+00:00,1775357134451475000,172844778243958,2175,,,ETF,3146,40,3146.5,-1.0,42.893371417,
50461,market_research_2026-04-04_21-42-06_live_round,7efc699623d74ac8961a3f76a12cb867,2026-04-05T02:45:34.606549+00:00,1775357134606549000,172844933318291,2175,,,ETF,3146,60,3146.0,0.0,43.04844575,
50503,market_research_2026-04-04_21-42-06_live_round,7efc699623d74ac8961a3f76a12cb867,2026-04-05T02:45:34.899593+00:00,1775357134899593000,172845226363083,2175,,,ETF,3153,40,3154.5,-3.0,43.341490542,
50516,market_research_2026-04-04_21-42-06_live_round,7efc699623d74ac8961a3f76a12cb867,2026-04-05T02:45:35.008893+00:00,1775357135008893000,172845335662875,2175,,,ETF,3154,60,3154.5,-1.0,43.450790334,
50551,market_research_2026-04-04_21-42-06_live_round,7efc699623d74ac8961a3f76a12cb867,2026-04-05T02:45:35.241952+00:00,1775357135241952000,172845568722708,2175,,,A,1211,40,1209.0,-4.0,43.683850167,1.205620533476894
50552,market_research_2026-04-04_21-42-06_live_round,7efc699623d74ac8961a3f76a12cb867,2026-04-05T02:45:35.242081+00:00,1775357135242081000,172845568851500,2175,,,A,1210,60,1209.0,-4.0,43.683978959,1.205620533476894
50553,market_research_2026-04-04_21-42-06_live_round,7efc699623d74ac8961a3f76a12cb867,2026-04-05T02:45:35.242191+00:00,1775357135242191000,172845568961875,2175,,,A,1209,80,1209.0,-4.0,43.684089334,1.205620533476894
50554,market_research_2026-04-04_21-42-06_live_round,7efc699623d74ac8961a3f76a12cb867,2026-04-05T02:45:35.242298+00:00,1775357135242298000,172845569069375,2175,,,A,1209,20,1209.0,-4.0,43.684196834,1.205620533476894
50623,market_research_2026-04-04_21-42-06_live_round,7efc699623d74ac8961a3f76a12cb867,2026-04-05T02:45:35.762673+00:00,1775357135762673000,172846089444583,2175,,,A,1209,40,1206.5,-5.0,44.204572042,1.205620533476894
50624,market_research_2026-04-04_21-42-06_live_round,7efc699623d74ac8961a3f76a12cb867,2026-04-05T02:45:35.764943+00:00,1775357135764943000,172846091714458,2175,,,A,1208,60,1206.5,-5.0,44.206841917,1.205620533476894
50625,market_research_2026-04-04_21-42-06_live_round,7efc699623d74ac8961a3f76a12cb867,2026-04-05T02:45:35.765072+00:00,1775357135765072000,172846091843666,2175,,,A,1208,100,1206.5,-5.0,44.206971125,1.205620533476894
50781,market_research_2026-04-04_21-42-06_live_round,7efc699623d74ac8961a3f76a12cb867,2026-04-05T02:45:36.933898+00:00,1775357136933898000,172847260671875,2175,,,ETF,3153,40,3152.5,-1.0,45.375799334,
50850,market_research_2026-04-04_21-42-06_live_round,7efc699623d74ac8961a3f76a12cb867,2026-04-05T02:45:37.484117+00:00,1775357137484117000,172847810891666,2175,,,ETF,3150,40,3146.5,-7.0,45.926019125,
50866,market_research_2026-04-04_21-42-06_live_round,7efc699623d74ac8961a3f76a12cb867,2026-04-05T02:45:37.609109+00:00,1775357137609109000,172847935884500,2175,,,ETF,3150,60,3147.0,-6.0,46.051011959,
50877,market_research_2026-04-04_21-42-06_live_round,7efc699623d74ac8961a3f76a12cb867,2026-04-05T02:45:37.679742+00:00,1775357137679742000,172848006517541,2175,,,ETF,3146,40,3145.5,-1.0,46.121645,
50878,market_research_2026-04-04_21-42-06_live_round,7efc699623d74ac8961a3f76a12cb867,2026-04-05T02:45:37.679873+00:00,1775357137679873000,172848006648666,2175,,,ETF,3145,40,3145.5,-1.0,46.121776125,
50925,market_research_2026-04-04_21-42-06_live_round,7efc699623d74ac8961a3f76a12cb867,2026-04-05T02:45:38.019215+00:00,1775357138019215000,172848345991291,2175,,,ETF,3146,40,3147.5,-3.0,46.46111875,
50940,market_research_2026-04-04_21-42-06_live_round,7efc699623d74ac8961a3f76a12cb867,2026-04-05T02:45:38.122259+00:00,1775357138122259000,172848449035416,2175,,,ETF,3146,60,3147.0,-2.0,46.564162875,
51249,market_research_2026-04-04_21-42-06_live_round,7efc699623d74ac8961a3f76a12cb867,2026-04-05T02:45:40.430048+00:00,1775357140430048000,172850756828375,2175,,,ETF,3150,40,3150.0,0.0,48.871955834,
51301,market_research_2026-04-04_21-42-06_live_round,7efc699623d74ac8961a3f76a12cb867,2026-04-05T02:45:40.784143+00:00,1775357140784143000,172851110924625,2175,,,C,946,40,946.5,-1.0,104.805796875,1.8629055547812696
51302,market_research_2026-04-04_21-42-06_live_round,7efc699623d74ac8961a3f76a12cb867,2026-04-05T02:45:40.785937+00:00,1775357140785937000,172851112718500,2175,,,C,947,60,946.5,-1.0,104.80759075,1.8629055547812696
51327,market_research_2026-04-04_21-42-06_live_round,7efc699623d74ac8961a3f76a12cb867,2026-04-05T02:45:40.939895+00:00,1775357140939895000,172851266676291,2175,,,ETF,3147,40,3147.0,0.0,49.38180375,
51389,market_research_2026-04-04_21-42-06_live_round,7efc699623d74ac8961a3f76a12cb867,2026-04-05T02:45:41.413974+00:00,1775357141413974000,172851740756708,2175,,,ETF,3148,40,3148.5,-1.0,49.855884167,
51394,market_research_2026-04-04_21-42-06_live_round,7efc699623d74ac8961a3f76a12cb867,2026-04-05T02:45:41.439930+00:00,1775357141439930000,172851766713166,2175,,,ETF,3148,20,3148.0,0.0,49.881840625,
51525,market_research_2026-04-04_21-42-06_live_round,7efc699623d74ac8961a3f76a12cb867,2026-04-05T02:45:42.430883+00:00,1775357142430883000,172852757667541,2175,,,ETF,3146,40,3141.5,-9.0,50.872795,
51534,market_research_2026-04-04_21-42-06_live_round,7efc699623d74ac8961a3f76a12cb867,2026-04-05T02:45:42.488809+00:00,1775357142488809000,172852815594000,2175,,,ETF,3146,60,3142.0,-8.0,50.930721459,
51550,market_research_2026-04-04_21-42-06_live_round,7efc699623d74ac8961a3f76a12cb867,2026-04-05T02:45:42.585950+00:00,1775357142585950000,172852912735500,2175,,,ETF,3143,40,3141.0,-4.0,51.027862959,
51551,market_research_2026-04-04_21-42-06_live_round,7efc699623d74ac8961a3f76a12cb867,2026-04-05T02:45:42.586094+00:00,1775357142586094000,172852912879291,2175,,,ETF,3142,40,3141.0,-4.0,51.02800675,
51561,market_research_2026-04-04_21-42-06_live_round,7efc699623d74ac8961a3f76a12cb867,2026-04-05T02:45:42.654381+00:00,1775357142654381000,172852981166000,2175,,,ETF,3142,20,3141.0,-2.0,51.096293459,
51562,market_research_2026-04-04_21-42-06_live_round,7efc699623d74ac8961a3f76a12cb867,2026-04-05T02:45:42.656644+00:00,1775357142656644000,172852983429666,2175,,,ETF,3141,80,3141.0,-2.0,51.098557125,
51610,market_research_2026-04-04_21-42-06_live_round,7efc699623d74ac8961a3f76a12cb867,2026-04-05T02:45:42.988892+00:00,1775357142988892000,172853315678333,2175,,,ETF,3140,40,3140.0,0.0,51.430805792,
51929,market_research_2026-04-04_21-42-06_live_round,7efc699623d74ac8961a3f76a12cb867,2026-04-05T02:45:45.407755+00:00,1775357145407755000,172855734545291,2175,,,ETF,3136,40,3137.0,-2.0,53.84967275,
51938,market_research_2026-04-04_21-42-06_live_round,7efc699623d74ac8961a3f76a12cb867,2026-04-05T02:45:45.467291+00:00,1775357145467291000,172855794081500,2175,,,ETF,3137,60,3137.0,0.0,53.909208959,
52002,market_research_2026-04-04_21-42-06_live_round,7efc699623d74ac8961a3f76a12cb867,2026-04-05T02:45:45.940145+00:00,1775357145940145000,172856266936791,2175,,,ETF,3139,40,3140.0,-2.0,54.38206425,
52008,market_research_2026-04-04_21-42-06_live_round,7efc699623d74ac8961a3f76a12cb867,2026-04-05T02:45:45.981513+00:00,1775357145981513000,172856308303541,2175,,,ETF,3139,60,3139.5,-1.0,54.423431,
52069,market_research_2026-04-04_21-42-06_live_round,7efc699623d74ac8961a3f76a12cb867,2026-04-05T02:45:46.419431+00:00,1775357146419431000,172856746223291,2175,,,ETF,3139,40,3137.5,-3.0,54.86135075,
52080,market_research_2026-04-04_21-42-06_live_round,7efc699623d74ac8961a3f76a12cb867,2026-04-05T02:45:46.492888+00:00,1775357146492888000,172856819680458,2175,,,ETF,3139,40,3138.0,-2.0,54.934807917,
52081,market_research_2026-04-04_21-42-06_live_round,7efc699623d74ac8961a3f76a12cb867,2026-04-05T02:45:46.493026+00:00,1775357146493026000,172856819819000,2175,,,ETF,3138,20,3138.0,-2.0,54.934946459,
52097,market_research_2026-04-04_21-42-06_live_round,7efc699623d74ac8961a3f76a12cb867,2026-04-05T02:45:46.599450+00:00,1775357146599450000,172856926242375,2175,,,ETF,3138,80,3138.0,0.0,55.041369834,
52144,market_research_2026-04-04_21-42-06_live_round,7efc699623d74ac8961a3f76a12cb867,2026-04-05T02:45:46.943437+00:00,1775357146943437000,172857270230125,2175,,,ETF,3139,40,3140.5,-3.0,55.385357584,
52149,market_research_2026-04-04_21-42-06_live_round,7efc699623d74ac8961a3f76a12cb867,2026-04-05T02:45:46.971189+00:00,1775357146971189000,172857297982458,2175,,,ETF,3139,60,3140.0,-2.0,55.413109917,
52276,market_research_2026-04-04_21-42-06_live_round,7efc699623d74ac8961a3f76a12cb867,2026-04-05T02:45:47.918714+00:00,1775357147918714000,172858245509458,2175,,,ETF,3142,40,3141.0,-2.0,56.360636917,
52281,market_research_2026-04-04_21-42-06_live_round,7efc699623d74ac8961a3f76a12cb867,2026-04-05T02:45:47.949467+00:00,1775357147949467000,172858276263000,2175,,,ETF,3141,60,3141.0,0.0,56.391390459,
52348,market_research_2026-04-04_21-42-06_live_round,7efc699623d74ac8961a3f76a12cb867,2026-04-05T02:45:48.382388+00:00,1775357148382388000,172858709184291,2175,,,ETF,3139,40,3135.5,-7.0,56.82431175,
52355,market_research_2026-04-04_21-42-06_live_round,7efc699623d74ac8961a3f76a12cb867,2026-04-05T02:45:48.434553+00:00,1775357148434553000,172858761349416,2175,,,ETF,3139,60,3136.0,-6.0,56.876476875,
52362,market_research_2026-04-04_21-42-06_live_round,7efc699623d74ac8961a3f76a12cb867,2026-04-05T02:45:48.480900+00:00,1775357148480900000,172858807696833,2175,,,ETF,3134,40,3134.0,0.0,56.922824292,
52808,market_research_2026-04-04_21-42-06_live_round,7efc699623d74ac8961a3f76a12cb867,2026-04-05T02:45:51.868422+00:00,1775357151868422000,172862195225083,2175,,,ETF,3140,40,3140.5,-1.0,60.310352542,
52814,market_research_2026-04-04_21-42-06_live_round,7efc699623d74ac8961a3f76a12cb867,2026-04-05T02:45:51.909815+00:00,1775357151909815000,172862236618833,2175,,,ETF,3140,60,3140.0,0.0,60.351746292,
52879,market_research_2026-04-04_21-42-06_live_round,7efc699623d74ac8961a3f76a12cb867,2026-04-05T02:45:52.385627+00:00,1775357152385627000,172862712430916,2175,,,ETF,3145,40,3148.0,-6.0,60.827558375,
52886,market_research_2026-04-04_21-42-06_live_round,7efc699623d74ac8961a3f76a12cb867,2026-04-05T02:45:52.427437+00:00,1775357152427437000,172862754241708,2175,,,ETF,3145,60,3147.5,-5.0,60.869369167,
52905,market_research_2026-04-04_21-42-06_live_round,7efc699623d74ac8961a3f76a12cb867,2026-04-05T02:45:52.550648+00:00,1775357152550648000,172862877452750,2175,,,ETF,3147,40,3148.0,-2.0,60.992580209,
52906,market_research_2026-04-04_21-42-06_live_round,7efc699623d74ac8961a3f76a12cb867,2026-04-05T02:45:52.550778+00:00,1775357152550778000,172862877582666,2175,,,ETF,3148,40,3148.0,-2.0,60.992710125,
52912,market_research_2026-04-04_21-42-06_live_round,7efc699623d74ac8961a3f76a12cb867,2026-04-05T02:45:52.586266+00:00,1775357152586266000,172862913071000,2175,,,ETF,3148,20,3148.0,0.0,61.028198459,
52936,market_research_2026-04-04_21-42-06_live_round,7efc699623d74ac8961a3f76a12cb867,2026-04-05T02:45:52.741915+00:00,1775357152741915000,172863068720208,2175,,,C,950,40,951.0,-2.0,116.763592458,1.8629055547812696
52937,market_research_2026-04-04_21-42-06_live_round,7efc699623d74ac8961a3f76a12cb867,2026-04-05T02:45:52.742024+00:00,1775357152742024000,172863068828958,2175,,,C,951,60,951.0,-2.0,116.763701208,1.8629055547812696
52938,market_research_2026-04-04_21-42-06_live_round,7efc699623d74ac8961a3f76a12cb867,2026-04-05T02:45:52.742107+00:00,1775357152742107000,172863068912458,2175,,,C,952,80,951.0,-2.0,116.763784708,1.8629055547812696
52945,market_research_2026-04-04_21-42-06_live_round,7efc699623d74ac8961a3f76a12cb867,2026-04-05T02:45:52.785663+00:00,1775357152785663000,172863112467875,2175,,,ETF,3150,100,3160.0,-20.0,61.227595334,
52946,market_research_2026-04-04_21-42-06_live_round,7efc699623d74ac8961a3f76a12cb867,2026-04-05T02:45:52.785803+00:00,1775357152785803000,172863112607708,2175,,,ETF,3157,40,3160.0,-20.0,61.227735167,
52947,market_research_2026-04-04_21-42-06_live_round,7efc699623d74ac8961a3f76a12cb867,2026-04-05T02:45:52.785937+00:00,1775357152785937000,172863112742125,2175,,,ETF,3158,60,3160.0,-20.0,61.227869584,
52969,market_research_2026-04-04_21-42-06_live_round,7efc699623d74ac8961a3f76a12cb867,2026-04-05T02:45:52.953544+00:00,1775357152953544000,172863280348958,2175,,,ETF,3159,40,3160.5,-3.0,61.395476417,
52975,market_research_2026-04-04_21-42-06_live_round,7efc699623d74ac8961a3f76a12cb867,2026-04-05T02:45:52.989760+00:00,1775357152989760000,172863316566041,2175,,,ETF,3159,40,3160.0,-2.0,61.4316935,
52976,market_research_2026-04-04_21-42-06_live_round,7efc699623d74ac8961a3f76a12cb867,2026-04-05T02:45:52.989884+00:00,1775357152989884000,172863316689125,2175,,,ETF,3160,20,3160.0,-2.0,61.431816584,
52987,market_research_2026-04-04_21-42-06_live_round,7efc699623d74ac8961a3f76a12cb867,2026-04-05T02:45:53.077930+00:00,1775357153077930000,172863404736000,2175,,,ETF,3160,80,3160.0,0.0,61.519863459,
53166,market_research_2026-04-04_21-42-06_live_round,7efc699623d74ac8961a3f76a12cb867,2026-04-05T02:45:54.369168+00:00,1775357154369168000,172864695976041,2175,,,ETF,3161,40,3161.0,0.0,62.8111035,
53234,market_research_2026-04-04_21-42-06_live_round,7efc699623d74ac8961a3f76a12cb867,2026-04-05T02:45:54.814277+00:00,1775357154814277000,172865141085708,2175,,,ETF,3164,40,3164.0,0.0,63.256213167,
53351,market_research_2026-04-04_21-42-06_live_round,7efc699623d74ac8961a3f76a12cb867,2026-04-05T02:45:55.684109+00:00,1775357155684109000,172866010919500,2175,,,ETF,3171,40,3171.5,-1.0,64.126046959,
53352,market_research_2026-04-04_21-42-06_live_round,7efc699623d74ac8961a3f76a12cb867,2026-04-05T02:45:55.684263+00:00,1775357155684263000,172866011074041,2175,,,ETF,3172,60,3171.5,-1.0,64.1262015,
53573,market_research_2026-04-04_21-42-06_live_round,7efc699623d74ac8961a3f76a12cb867,2026-04-05T02:45:57.347188+00:00,1775357157347188000,172867674002375,2175,,,ETF,3174,40,3176.0,-4.0,65.789129834,
53578,market_research_2026-04-04_21-42-06_live_round,7efc699623d74ac8961a3f76a12cb867,2026-04-05T02:45:57.383082+00:00,1775357157383082000,172867709895583,2175,,,ETF,3174,60,3175.5,-3.0,65.825023042,
53584,market_research_2026-04-04_21-42-06_live_round,7efc699623d74ac8961a3f76a12cb867,2026-04-05T02:45:57.420419+00:00,1775357157420419000,172867747233500,2175,,,ETF,3175,40,3175.5,-1.0,65.862360959,
53585,market_research_2026-04-04_21-42-06_live_round,7efc699623d74ac8961a3f76a12cb867,2026-04-05T02:45:57.420551+00:00,1775357157420551000,172867747364666,2175,,,ETF,3176,40,3175.5,-1.0,65.862492125,
53645,market_research_2026-04-04_21-42-06_live_round,7efc699623d74ac8961a3f76a12cb867,2026-04-05T02:45:57.854576+00:00,1775357157854576000,172868181390375,2175,,,ETF,3178,40,3179.5,-3.0,66.296517834,
53651,market_research_2026-04-04_21-42-06_live_round,7efc699623d74ac8961a3f76a12cb867,2026-04-05T02:45:57.901365+00:00,1775357157901365000,172868228180125,2175,,,ETF,3178,60,3179.0,-2.0,66.343307584,
53715,market_research_2026-04-04_21-42-06_live_round,7efc699623d74ac8961a3f76a12cb867,2026-04-05T02:45:58.373781+00:00,1775357158373781000,172868700597250,2175,,,ETF,3187,40,3188.0,-2.0,66.815724709,
53720,market_research_2026-04-04_21-42-06_live_round,7efc699623d74ac8961a3f76a12cb867,2026-04-05T02:45:58.402569+00:00,1775357158402569000,172868729384750,2175,,,ETF,3187,60,3187.5,-1.0,66.844512209,
53726,market_research_2026-04-04_21-42-06_live_round,7efc699623d74ac8961a3f76a12cb867,2026-04-05T02:45:58.446473+00:00,1775357158446473000,172868773289041,2175,,,ETF,3187,40,3187.0,0.0,66.8884165,
53768,market_research_2026-04-04_21-42-06_live_round,7efc699623d74ac8961a3f76a12cb867,2026-04-05T02:45:58.759011+00:00,1775357158759011000,172869085827791,2175,,,B,1004,40,1004.0,0.0,,
53832,market_research_2026-04-04_21-42-06_live_round,7efc699623d74ac8961a3f76a12cb867,2026-04-05T02:45:59.222802+00:00,1775357159222802000,172869549619208,2175,,,ETF,3192,40,3193.5,-3.0,67.664746667,
53833,market_research_2026-04-04_21-42-06_live_round,7efc699623d74ac8961a3f76a12cb867,2026-04-05T02:45:59.225062+00:00,1775357159225062000,172869551879541,2175,,,ETF,3193,60,3193.5,-3.0,67.667007,
53834,market_research_2026-04-04_21-42-06_live_round,7efc699623d74ac8961a3f76a12cb867,2026-04-05T02:45:59.225179+00:00,1775357159225179000,172869551997125,2175,,,ETF,3194,80,3193.5,-3.0,67.667124584,
53835,market_research_2026-04-04_21-42-06_live_round,7efc699623d74ac8961a3f76a12cb867,2026-04-05T02:45:59.225290+00:00,1775357159225290000,172869552107958,2175,,,ETF,3195,20,3193.5,-3.0,67.667235417,
53925,market_research_2026-04-04_21-42-06_live_round,7efc699623d74ac8961a3f76a12cb867,2026-04-05T02:45:59.939279+00:00,1775357159939279000,172870266097625,2175,,,ETF,3187,40,3185.0,-4.0,68.381225084,
53930,market_research_2026-04-04_21-42-06_live_round,7efc699623d74ac8961a3f76a12cb867,2026-04-05T02:45:59.971033+00:00,1775357159971033000,172870297852083,2175,,,ETF,3186,60,3185.0,-2.0,68.412979542,
53947,market_research_2026-04-04_21-42-06_live_round,7efc699623d74ac8961a3f76a12cb867,2026-04-05T02:46:00.093564+00:00,1775357160093564000,172870420383250,2175,,,ETF,3185,80,3185.0,0.0,68.535510709,
54001,market_research_2026-04-04_21-42-06_live_round,7efc699623d74ac8961a3f76a12cb867,2026-04-05T02:46:00.502134+00:00,1775357160502134000,172870828954333,2175,,,ETF,3184,40,3180.0,-8.0,68.944081792,
54006,market_research_2026-04-04_21-42-06_live_round,7efc699623d74ac8961a3f76a12cb867,2026-04-05T02:46:00.530032+00:00,1775357160530032000,172870856852125,2175,,,ETF,3184,60,3180.5,-7.0,68.971979584,
54046,market_research_2026-04-04_21-42-06_live_round,7efc699623d74ac8961a3f76a12cb867,2026-04-05T02:46:00.840971+00:00,1775357160840971000,172871167791875,2175,,,A,1202,40,1201.5,-1.0,69.282919334,1.205620533476894
54047,market_research_2026-04-04_21-42-06_live_round,7efc699623d74ac8961a3f76a12cb867,2026-04-05T02:46:00.841098+00:00,1775357160841098000,172871167919166,2175,,,A,1201,60,1201.5,-1.0,69.283046625,1.205620533476894
54137,market_research_2026-04-04_21-42-06_live_round,7efc699623d74ac8961a3f76a12cb867,2026-04-05T02:46:01.568257+00:00,1775357161568257000,172871895078875,2175,,,ETF,3171,40,3169.0,-4.0,70.010206334,
54143,market_research_2026-04-04_21-42-06_live_round,7efc699623d74ac8961a3f76a12cb867,2026-04-05T02:46:01.607658+00:00,1775357161607658000,172871934480375,2175,,,ETF,3170,60,3169.0,-2.0,70.049607834,
54160,market_research_2026-04-04_21-42-06_live_round,7efc699623d74ac8961a3f76a12cb867,2026-04-05T02:46:01.741628+00:00,1775357161741628000,172872068450708,2175,,,ETF,3169,80,3169.0,0.0,70.183578167,
54204,market_research_2026-04-04_21-42-06_live_round,7efc699623d74ac8961a3f76a12cb867,2026-04-05T02:46:02.069397+00:00,1775357162069397000,172872396219833,2175,,,ETF,3168,40,3163.5,-9.0,70.511347292,
54218,market_research_2026-04-04_21-42-06_live_round,7efc699623d74ac8961a3f76a12cb867,2026-04-05T02:46:02.175255+00:00,1775357162175255000,172872502078500,2175,,,ETF,3168,60,3164.0,-8.0,70.617205959,
54230,market_research_2026-04-04_21-42-06_live_round,7efc699623d74ac8961a3f76a12cb867,2026-04-05T02:46:02.259382+00:00,1775357162259382000,172872586204916,2175,,,ETF,3161,40,3161.0,0.0,70.701332375,
54276,market_research_2026-04-04_21-42-06_live_round,7efc699623d74ac8961a3f76a12cb867,2026-04-05T02:46:02.644941+00:00,1775357162644941000,172872971765375,2175,,,ETF,3158,40,3157.0,-2.0,71.086892834,
54297,market_research_2026-04-04_21-42-06_live_round,7efc699623d74ac8961a3f76a12cb867,2026-04-05T02:46:02.802942+00:00,1775357162802942000,172873129766583,2175,,,ETF,3158,60,3157.5,-1.0,71.244894042,
54737,market_research_2026-04-04_21-42-06_live_round,7efc699623d74ac8961a3f76a12cb867,2026-04-05T02:46:06.332714+00:00,1775357166332714000,172876659545083,2175,,,ETF,3143,40,3139.5,-7.0,74.774672542,
54744,market_research_2026-04-04_21-42-06_live_round,7efc699623d74ac8961a3f76a12cb867,2026-04-05T02:46:06.383087+00:00,1775357166383087000,172876709918458,2175,,,ETF,3142,60,3139.5,-5.0,74.825045917,
54749,market_research_2026-04-04_21-42-06_live_round,7efc699623d74ac8961a3f76a12cb867,2026-04-05T02:46:06.414533+00:00,1775357166414533000,172876741364958,2175,,,ETF,3141,80,3139.5,-3.0,74.856492417,
54763,market_research_2026-04-04_21-42-06_live_round,7efc699623d74ac8961a3f76a12cb867,2026-04-05T02:46:06.516796+00:00,1775357166516796000,172876843627750,2175,,,ETF,3140,100,3139.5,-1.0,74.958755209,
54875,market_research_2026-04-04_21-42-06_live_round,7efc699623d74ac8961a3f76a12cb867,2026-04-05T02:46:07.402483+00:00,1775357167402483000,172877729316541,2175,,,ETF,3145,40,3145.0,0.0,75.844444,
54944,market_research_2026-04-04_21-42-06_live_round,7efc699623d74ac8961a3f76a12cb867,2026-04-05T02:46:07.945499+00:00,1775357167945499000,172878272333041,2175,,,ETF,3144,40,3142.5,-3.0,76.3874605,
54952,market_research_2026-04-04_21-42-06_live_round,7efc699623d74ac8961a3f76a12cb867,2026-04-05T02:46:08.001234+00:00,1775357168001234000,172878328068208,2175,,,ETF,3144,20,3143.0,-2.0,76.443195667,
54953,market_research_2026-04-04_21-42-06_live_round,7efc699623d74ac8961a3f76a12cb867,2026-04-05T02:46:08.001388+00:00,1775357168001388000,172878328223208,2175,,,ETF,3143,40,3143.0,-2.0,76.443350667,
54971,market_research_2026-04-04_21-42-06_live_round,7efc699623d74ac8961a3f76a12cb867,2026-04-05T02:46:08.122039+00:00,1775357168122039000,172878448873916,2175,,,ETF,3143,40,3143.0,0.0,76.564001375,
55017,market_research_2026-04-04_21-42-06_live_round,7efc699623d74ac8961a3f76a12cb867,2026-04-05T02:46:08.480037+00:00,1775357168480037000,172878806872958,2175,,,ETF,3142,40,3141.5,-1.0,76.922000417,
55022,market_research_2026-04-04_21-42-06_live_round,7efc699623d74ac8961a3f76a12cb867,2026-04-05T02:46:08.514433+00:00,1775357168514433000,172878841268833,2175,,,ETF,3142,60,3142.0,0.0,76.956396292,
55085,market_research_2026-04-04_21-42-06_live_round,7efc699623d74ac8961a3f76a12cb867,2026-04-05T02:46:08.993453+00:00,1775357168993453000,172879320289250,2175,,,ETF,3143,40,3143.5,-1.0,77.435416709,
55093,market_research_2026-04-04_21-42-06_live_round,7efc699623d74ac8961a3f76a12cb867,2026-04-05T02:46:09.055877+00:00,1775357169055877000,172879382713500,2175,,,ETF,3143,40,3143.0,0.0,77.497840959,
55155,market_research_2026-04-04_21-42-06_live_round,7efc699623d74ac8961a3f76a12cb867,2026-04-05T02:46:09.575431+00:00,1775357169575431000,172879902268250,2175,,,ETF,3143,20,3141.0,-4.0,78.017395709,
55156,market_research_2026-04-04_21-42-06_live_round,7efc699623d74ac8961a3f76a12cb867,2026-04-05T02:46:09.575570+00:00,1775357169575570000,172879902408125,2175,,,ETF,3142,20,3141.0,-4.0,78.017535584,
55165,market_research_2026-04-04_21-42-06_live_round,7efc699623d74ac8961a3f76a12cb867,2026-04-05T02:46:09.639699+00:00,1775357169639699000,172879966536458,2175,,,ETF,3142,60,3141.0,-2.0,78.081663917,
55172,market_research_2026-04-04_21-42-06_live_round,7efc699623d74ac8961a3f76a12cb867,2026-04-05T02:46:09.684496+00:00,1775357169684496000,172880011334583,2175,,,ETF,3141,80,3141.0,0.0,78.126462042,
55229,market_research_2026-04-04_21-42-06_live_round,7efc699623d74ac8961a3f76a12cb867,2026-04-05T02:46:10.144300+00:00,1775357170144300000,172880471138041,2175,,,C,939,40,939.0,0.0,134.166010291,1.8629055547812696
55242,market_research_2026-04-04_21-42-06_live_round,7efc699623d74ac8961a3f76a12cb867,2026-04-05T02:46:10.240454+00:00,1775357170240454000,172880567292583,2175,,,ETF,3141,20,3136.0,-10.0,78.682420042,
55243,market_research_2026-04-04_21-42-06_live_round,7efc699623d74ac8961a3f76a12cb867,2026-04-05T02:46:10.242507+00:00,1775357170242507000,172880569345833,2175,,,ETF,3133,20,3136.0,-10.0,78.684473292,
55254,market_research_2026-04-04_21-42-06_live_round,7efc699623d74ac8961a3f76a12cb867,2026-04-05T02:46:10.310680+00:00,1775357170310680000,172880637518916,2175,,,ETF,3133,20,3132.5,-1.0,78.752646375,
55255,market_research_2026-04-04_21-42-06_live_round,7efc699623d74ac8961a3f76a12cb867,2026-04-05T02:46:10.314073+00:00,1775357170314073000,172880640912208,2175,,,ETF,3132,40,3132.5,-1.0,78.756039667,
55283,market_research_2026-04-04_21-42-06_live_round,7efc699623d74ac8961a3f76a12cb867,2026-04-05T02:46:10.533020+00:00,1775357170533020000,172880859858916,2175,,,A,1213,40,1214.0,-2.0,78.974986375,1.205620533476894
55284,market_research_2026-04-04_21-42-06_live_round,7efc699623d74ac8961a3f76a12cb867,2026-04-05T02:46:10.533313+00:00,1775357170533313000,172880860152875,2175,,,A,1214,60,1214.0,-2.0,78.975280334,1.205620533476894
55285,market_research_2026-04-04_21-42-06_live_round,7efc699623d74ac8961a3f76a12cb867,2026-04-05T02:46:10.533479+00:00,1775357170533479000,172880860318583,2175,,,A,1215,80,1214.0,-2.0,78.975446042,1.205620533476894
55635,market_research_2026-04-04_21-42-06_live_round,7efc699623d74ac8961a3f76a12cb867,2026-04-05T02:46:13.370427+00:00,1775357173370427000,172883697271583,2175,,,ETF,3139,40,3141.0,-4.0,81.812399042,
55644,market_research_2026-04-04_21-42-06_live_round,7efc699623d74ac8961a3f76a12cb867,2026-04-05T02:46:13.437518+00:00,1775357173437518000,172883764363291,2175,,,ETF,3139,60,3140.5,-3.0,81.87949075,
55651,market_research_2026-04-04_21-42-06_live_round,7efc699623d74ac8961a3f76a12cb867,2026-04-05T02:46:13.479194+00:00,1775357173479194000,172883806038916,2175,,,ETF,3140,40,3140.5,-1.0,81.921166375,
55652,market_research_2026-04-04_21-42-06_live_round,7efc699623d74ac8961a3f76a12cb867,2026-04-05T02:46:13.479321+00:00,1775357173479321000,172883806166083,2175,,,ETF,3141,40,3140.5,-1.0,81.921293542,
55707,market_research_2026-04-04_21-42-06_live_round,7efc699623d74ac8961a3f76a12cb867,2026-04-05T02:46:13.911091+00:00,1775357173911091000,172884237937208,2175,,,ETF,3143,40,3147.0,-8.0,82.353064667,
55716,market_research_2026-04-04_21-42-06_live_round,7efc699623d74ac8961a3f76a12cb867,2026-04-05T02:46:13.987107+00:00,1775357173987107000,172884313952875,2175,,,ETF,3143,60,3146.5,-7.0,82.429080334,
55737,market_research_2026-04-04_21-42-06_live_round,7efc699623d74ac8961a3f76a12cb867,2026-04-05T02:46:14.129580+00:00,1775357174129580000,172884456427000,2175,,,ETF,3149,40,3149.0,0.0,82.571554459,
56174,market_research_2026-04-04_21-42-06_live_round,7efc699623d74ac8961a3f76a12cb867,2026-04-05T02:46:17.614979+00:00,1775357177614979000,172887941832375,2175,,,ETF,3142,40,3138.5,-7.0,86.056959834,
56184,market_research_2026-04-04_21-42-06_live_round,7efc699623d74ac8961a3f76a12cb867,2026-04-05T02:46:17.717363+00:00,1775357177717363000,172888044216250,2175,,,ETF,3141,60,3138.5,-5.0,86.159343709,
56194,market_research_2026-04-04_21-42-06_live_round,7efc699623d74ac8961a3f76a12cb867,2026-04-05T02:46:17.794355+00:00,1775357177794355000,172888121208708,2175,,,ETF,3140,80,3138.5,-3.0,86.236336167,
56205,market_research_2026-04-04_21-42-06_live_round,7efc699623d74ac8961a3f76a12cb867,2026-04-05T02:46:17.872035+00:00,1775357177872035000,172888198889083,2175,,,ETF,3139,100,3138.5,-1.0,86.314016542,
56294,market_research_2026-04-04_21-42-06_live_round,7efc699623d74ac8961a3f76a12cb867,2026-04-05T02:46:18.599264+00:00,1775357178599264000,172888926119583,2175,,,A,1212,40,1212.0,0.0,87.041247042,1.205620533476894
56384,market_research_2026-04-04_21-42-06_live_round,7efc699623d74ac8961a3f76a12cb867,2026-04-05T02:46:19.342099+00:00,1775357179342099000,172889668955791,2175,,,ETF,3135,40,3135.0,0.0,87.78408325,
56450,market_research_2026-04-04_21-42-06_live_round,7efc699623d74ac8961a3f76a12cb867,2026-04-05T02:46:19.864071+00:00,1775357179864071000,172890190928708,2175,,,ETF,3138,40,3138.0,0.0,88.306056167,
56520,market_research_2026-04-04_21-42-06_live_round,7efc699623d74ac8961a3f76a12cb867,2026-04-05T02:46:20.427404+00:00,1775357180427404000,172890754263125,2175,,,ETF,3144,40,3145.0,-2.0,88.869390584,
56537,market_research_2026-04-04_21-42-06_live_round,7efc699623d74ac8961a3f76a12cb867,2026-04-05T02:46:20.567716+00:00,1775357180567716000,172890894574333,2175,,,ETF,3144,60,3144.5,-1.0,89.009701792,
56545,market_research_2026-04-04_21-42-06_live_round,7efc699623d74ac8961a3f76a12cb867,2026-04-05T02:46:20.626249+00:00,1775357180626249000,172890953108333,2175,,,ETF,3144,40,3144.0,0.0,89.068235792,
56656,market_research_2026-04-04_21-42-06_live_round,7efc699623d74ac8961a3f76a12cb867,2026-04-05T02:46:21.493471+00:00,1775357181493471000,172891820331583,2175,,,ETF,3145,40,3150.5,-11.0,89.935459042,
56662,market_research_2026-04-04_21-42-06_live_round,7efc699623d74ac8961a3f76a12cb867,2026-04-05T02:46:21.538942+00:00,1775357181538942000,172891865802958,2175,,,ETF,3146,60,3150.5,-9.0,89.980930417,
56681,market_research_2026-04-04_21-42-06_live_round,7efc699623d74ac8961a3f76a12cb867,2026-04-05T02:46:21.677563+00:00,1775357181677563000,172892004424708,2175,,,ETF,3147,80,3150.5,-7.0,90.119552167,
56686,market_research_2026-04-04_21-42-06_live_round,7efc699623d74ac8961a3f76a12cb867,2026-04-05T02:46:21.710665+00:00,1775357181710665000,172892037526208,2175,,,ETF,3148,100,3150.5,-5.0,90.152653667,
56712,market_research_2026-04-04_21-42-06_live_round,7efc699623d74ac8961a3f76a12cb867,2026-04-05T02:46:21.914154+00:00,1775357181914154000,172892241015291,2175,,,C,934,40,933.0,-2.0,145.935887541,1.8629055547812696
56713,market_research_2026-04-04_21-42-06_live_round,7efc699623d74ac8961a3f76a12cb867,2026-04-05T02:46:21.914259+00:00,1775357181914259000,172892241120666,2175,,,C,933,60,933.0,-2.0,145.935992916,1.8629055547812696
56714,market_research_2026-04-04_21-42-06_live_round,7efc699623d74ac8961a3f76a12cb867,2026-04-05T02:46:21.914354+00:00,1775357181914354000,172892241216416,2175,,,C,932,80,933.0,-2.0,145.936088666,1.8629055547812696
56977,market_research_2026-04-04_21-42-06_live_round,7efc699623d74ac8961a3f76a12cb867,2026-04-05T02:46:24.029109+00:00,1775357184029109000,172894355974583,2175,,,C,934,40,933.5,-1.0,148.050846833,1.8629055547812696
56978,market_research_2026-04-04_21-42-06_live_round,7efc699623d74ac8961a3f76a12cb867,2026-04-05T02:46:24.032631+00:00,1775357184032631000,172894359497125,2175,,,C,933,60,933.5,-1.0,148.054369375,1.8629055547812696
56984,market_research_2026-04-04_21-42-06_live_round,7efc699623d74ac8961a3f76a12cb867,2026-04-05T02:46:24.074306+00:00,1775357184074306000,172894401171625,2175,,,B,1000,40,1000.0,0.0,,
57133,market_research_2026-04-04_21-42-06_live_round,7efc699623d74ac8961a3f76a12cb867,2026-04-05T02:46:25.344820+00:00,1775357185344820000,172895671688916,2175,,,ETF,3168,40,3169.5,-3.0,93.786816375,
57140,market_research_2026-04-04_21-42-06_live_round,7efc699623d74ac8961a3f76a12cb867,2026-04-05T02:46:25.406476+00:00,1775357185406476000,172895733343875,2175,,,ETF,3169,60,3169.5,-1.0,93.848471334,
57188,market_research_2026-04-04_21-42-06_live_round,7efc699623d74ac8961a3f76a12cb867,2026-04-05T02:46:25.774257+00:00,1775357185774257000,172896101126291,2175,,,ETF,3169,80,3167.5,-3.0,94.21625375,
57189,market_research_2026-04-04_21-42-06_live_round,7efc699623d74ac8961a3f76a12cb867,2026-04-05T02:46:25.776727+00:00,1775357185776727000,172896103596458,2175,,,ETF,3168,100,3167.5,-3.0,94.218723917,
57455,market_research_2026-04-04_21-42-06_live_round,7efc699623d74ac8961a3f76a12cb867,2026-04-05T02:46:27.859501+00:00,1775357187859501000,172898186374333,2175,,,ETF,3170,40,3167.0,-6.0,96.301501792,
57456,market_research_2026-04-04_21-42-06_live_round,7efc699623d74ac8961a3f76a12cb867,2026-04-05T02:46:27.859681+00:00,1775357187859681000,172898186554291,2175,,,ETF,3169,60,3167.0,-6.0,96.30168175,
57457,market_research_2026-04-04_21-42-06_live_round,7efc699623d74ac8961a3f76a12cb867,2026-04-05T02:46:27.859818+00:00,1775357187859818000,172898186691833,2175,,,ETF,3168,80,3167.0,-6.0,96.301819292,
57458,market_research_2026-04-04_21-42-06_live_round,7efc699623d74ac8961a3f76a12cb867,2026-04-05T02:46:27.859933+00:00,1775357187859933000,172898186806958,2175,,,ETF,3167,20,3167.0,-6.0,96.301934417,
57675,market_research_2026-04-04_21-42-06_live_round,7efc699623d74ac8961a3f76a12cb867,2026-04-05T02:46:29.520357+00:00,1775357189520357000,172899847233125,2300,,,ETF,3175,40,3176.0,-2.0,97.962360584,
57699,market_research_2026-04-04_21-42-06_live_round,7efc699623d74ac8961a3f76a12cb867,2026-04-05T02:46:29.731498+00:00,1775357189731498000,172900058374791,2300,,,ETF,3176,60,3176.0,0.0,98.17350225,
57816,market_research_2026-04-04_21-42-06_live_round,7efc699623d74ac8961a3f76a12cb867,2026-04-05T02:46:30.794822+00:00,1775357190794822000,172901121701333,2300,,,ETF,3175,40,3171.5,-7.0,99.236828792,
57834,market_research_2026-04-04_21-42-06_live_round,7efc699623d74ac8961a3f76a12cb867,2026-04-05T02:46:30.955850+00:00,1775357190955850000,172901282729875,2300,,,ETF,3174,60,3171.5,-5.0,99.397857334,
57839,market_research_2026-04-04_21-42-06_live_round,7efc699623d74ac8961a3f76a12cb867,2026-04-05T02:46:30.989310+00:00,1775357190989310000,172901316189958,2300,,,ETF,3174,80,3172.0,-4.0,99.431317417,
57844,market_research_2026-04-04_21-42-06_live_round,7efc699623d74ac8961a3f76a12cb867,2026-04-05T02:46:31.034182+00:00,1775357191034182000,172901361060875,2300,,,ETF,3174,20,3172.5,-3.0,99.476188334,
57845,market_research_2026-04-04_21-42-06_live_round,7efc699623d74ac8961a3f76a12cb867,2026-04-05T02:46:31.037726+00:00,1775357191037726000,172901364605541,2300,,,ETF,3173,80,3172.5,-3.0,99.479733,
57889,market_research_2026-04-04_21-42-06_live_round,7efc699623d74ac8961a3f76a12cb867,2026-04-05T02:46:31.393927+00:00,1775357191393927000,172901720806958,2300,,,ETF,3172,40,3167.5,-9.0,99.835934417,
57908,market_research_2026-04-04_21-42-06_live_round,7efc699623d74ac8961a3f76a12cb867,2026-04-05T02:46:31.562279+00:00,1775357191562279000,172901889159250,2300,,,ETF,3172,60,3168.0,-8.0,100.004286709,
57960,market_research_2026-04-04_21-42-06_live_round,7efc699623d74ac8961a3f76a12cb867,2026-04-05T02:46:31.988840+00:00,1775357191988840000,172902315721833,2300,,,ETF,3165,40,3167.0,-4.0,100.430849292,
57973,market_research_2026-04-04_21-42-06_live_round,7efc699623d74ac8961a3f76a12cb867,2026-04-05T02:46:32.100607+00:00,1775357192100607000,172902427488333,2300,,,ETF,3165,40,3166.5,-3.0,100.542615792,
57974,market_research_2026-04-04_21-42-06_live_round,7efc699623d74ac8961a3f76a12cb867,2026-04-05T02:46:32.100770+00:00,1775357192100770000,172902427651625,2300,,,ETF,3166,20,3166.5,-3.0,100.542779084,
57984,market_research_2026-04-04_21-42-06_live_round,7efc699623d74ac8961a3f76a12cb867,2026-04-05T02:46:32.179904+00:00,1775357192179904000,172902506785958,2300,,,ETF,3166,80,3166.5,-1.0,100.621913417,
58289,market_research_2026-04-04_21-42-06_live_round,7efc699623d74ac8961a3f76a12cb867,2026-04-05T02:46:34.769986+00:00,1775357194769986000,172905096872916,2300,,,ETF,3167,40,3167.5,-1.0,103.212000375,
58294,market_research_2026-04-04_21-42-06_live_round,7efc699623d74ac8961a3f76a12cb867,2026-04-05T02:46:34.799832+00:00,1775357194799832000,172905126719291,2300,,,ETF,3167,60,3167.0,0.0,103.24184675,
58408,market_research_2026-04-04_21-42-06_live_round,7efc699623d74ac8961a3f76a12cb867,2026-04-05T02:46:35.728339+00:00,1775357195728339000,172906055228166,2300,,,A,1206,40,1205.0,-2.0,104.170355625,1.205620533476894
58409,market_research_2026-04-04_21-42-06_live_round,7efc699623d74ac8961a3f76a12cb867,2026-04-05T02:46:35.728479+00:00,1775357195728479000,172906055367666,2300,,,A,1205,60,1205.0,-2.0,104.170495125,1.205620533476894
58410,market_research_2026-04-04_21-42-06_live_round,7efc699623d74ac8961a3f76a12cb867,2026-04-05T02:46:35.728590+00:00,1775357195728590000,172906055479416,2300,,,A,1205,100,1205.0,-2.0,104.170606875,1.205620533476894
58435,market_research_2026-04-04_21-42-06_live_round,7efc699623d74ac8961a3f76a12cb867,2026-04-05T02:46:35.921639+00:00,1775357195921639000,172906248528458,2300,,,ETF,3171,40,3171.0,0.0,104.363655917,
58498,market_research_2026-04-04_21-42-06_live_round,7efc699623d74ac8961a3f76a12cb867,2026-04-05T02:46:36.443524+00:00,1775357196443524000,172906770414291,2300,,,ETF,3174,40,3178.0,-8.0,104.88554175,
58503,market_research_2026-04-04_21-42-06_live_round,7efc699623d74ac8961a3f76a12cb867,2026-04-05T02:46:36.470902+00:00,1775357196470902000,172906797792583,2300,,,ETF,3174,60,3177.5,-7.0,104.912920042,
58508,market_research_2026-04-04_21-42-06_live_round,7efc699623d74ac8961a3f76a12cb867,2026-04-05T02:46:36.506295+00:00,1775357196506295000,172906833185250,2300,,,ETF,3177,40,3178.5,-3.0,104.948312709,
58509,market_research_2026-04-04_21-42-06_live_round,7efc699623d74ac8961a3f76a12cb867,2026-04-05T02:46:36.506486+00:00,1775357196506486000,172906833376625,2300,,,ETF,3178,40,3178.5,-3.0,104.948504084,
58515,market_research_2026-04-04_21-42-06_live_round,7efc699623d74ac8961a3f76a12cb867,2026-04-05T02:46:36.548451+00:00,1775357196548451000,172906875341250,2300,,,ETF,3178,20,3178.5,-1.0,104.990468709,
58516,market_research_2026-04-04_21-42-06_live_round,7efc699623d74ac8961a3f76a12cb867,2026-04-05T02:46:36.548587+00:00,1775357196548587000,172906875478000,2300,,,ETF,3179,80,3178.5,-1.0,104.990605459,
58821,market_research_2026-04-04_21-42-06_live_round,7efc699623d74ac8961a3f76a12cb867,2026-04-05T02:46:39.045061+00:00,1775357199045061000,172909371956541,2300,,,ETF,3180,40,3175.0,-10.0,107.487084,
58822,market_research_2026-04-04_21-42-06_live_round,7efc699623d74ac8961a3f76a12cb867,2026-04-05T02:46:39.047949+00:00,1775357199047949000,172909374844041,2300,,,ETF,3179,60,3175.0,-10.0,107.4899715,
58823,market_research_2026-04-04_21-42-06_live_round,7efc699623d74ac8961a3f76a12cb867,2026-04-05T02:46:39.048088+00:00,1775357199048088000,172909374984041,2300,,,ETF,3178,80,3175.0,-10.0,107.4901115,
58824,market_research_2026-04-04_21-42-06_live_round,7efc699623d74ac8961a3f76a12cb867,2026-04-05T02:46:39.048201+00:00,1775357199048201000,172909375096583,2300,,,ETF,3177,20,3175.0,-10.0,107.490224042,
58941,market_research_2026-04-04_21-42-06_live_round,7efc699623d74ac8961a3f76a12cb867,2026-04-05T02:46:40.025006+00:00,1775357200025006000,172910351902625,2300,,,A,1203,40,1203.0,0.0,108.467030084,1.205620533476894
59111,market_research_2026-04-04_21-42-06_live_round,7efc699623d74ac8961a3f76a12cb867,2026-04-05T02:46:41.516023+00:00,1775357201516023000,172911842922250,2300,,,ETF,3172,40,3169.5,-5.0,109.958049709,
59117,market_research_2026-04-04_21-42-06_live_round,7efc699623d74ac8961a3f76a12cb867,2026-04-05T02:46:41.571992+00:00,1775357201571992000,172911898892375,2300,,,ETF,3172,60,3170.0,-4.0,110.014019834,
59127,market_research_2026-04-04_21-42-06_live_round,7efc699623d74ac8961a3f76a12cb867,2026-04-05T02:46:41.651739+00:00,1775357201651739000,172911978639041,2300,,,ETF,3171,40,3170.0,-2.0,110.0937665,
59128,market_research_2026-04-04_21-42-06_live_round,7efc699623d74ac8961a3f76a12cb867,2026-04-05T02:46:41.651910+00:00,1775357201651910000,172911978810000,2300,,,ETF,3170,40,3170.0,-2.0,110.093937459,
59141,market_research_2026-04-04_21-42-06_live_round,7efc699623d74ac8961a3f76a12cb867,2026-04-05T02:46:41.749346+00:00,1775357201749346000,172912076246291,2300,,,ETF,3170,20,3170.0,0.0,110.19137375,
59321,market_research_2026-04-04_21-42-06_live_round,7efc699623d74ac8961a3f76a12cb867,2026-04-05T02:46:43.423732+00:00,1775357203423732000,172913750635125,2300,,,ETF,3164,40,3161.5,-5.0,111.865762584,
59326,market_research_2026-04-04_21-42-06_live_round,7efc699623d74ac8961a3f76a12cb867,2026-04-05T02:46:43.463168+00:00,1775357203463168000,172913790072250,2300,,,ETF,3163,60,3161.5,-3.0,111.905199709,
59342,market_research_2026-04-04_21-42-06_live_round,7efc699623d74ac8961a3f76a12cb867,2026-04-05T02:46:43.617444+00:00,1775357203617444000,172913944348041,2300,,,ETF,3162,80,3161.5,-1.0,112.0594755,
59351,market_research_2026-04-04_21-42-06_live_round,7efc699623d74ac8961a3f76a12cb867,2026-04-05T02:46:43.685448+00:00,1775357203685448000,172914012352000,2300,,,ETF,3162,100,3162.0,0.0,112.127479459,
59394,market_research_2026-04-04_21-42-06_live_round,7efc699623d74ac8961a3f76a12cb867,2026-04-05T02:46:44.105744+00:00,1775357204105744000,172914432648458,2300,,,ETF,3161,40,3154.5,-13.0,112.547775917,
59400,market_research_2026-04-04_21-42-06_live_round,7efc699623d74ac8961a3f76a12cb867,2026-04-05T02:46:44.182527+00:00,1775357204182527000,172914509432250,2300,,,ETF,3161,60,3155.0,-12.0,112.624559709,
59406,market_research_2026-04-04_21-42-06_live_round,7efc699623d74ac8961a3f76a12cb867,2026-04-05T02:46:44.238294+00:00,1775357204238294000,172914565199333,2300,,,ETF,3153,40,3151.5,-3.0,112.680326792,
59407,market_research_2026-04-04_21-42-06_live_round,7efc699623d74ac8961a3f76a12cb867,2026-04-05T02:46:44.238473+00:00,1775357204238473000,172914565378416,2300,,,ETF,3152,40,3151.5,-3.0,112.680505875,
59420,market_research_2026-04-04_21-42-06_live_round,7efc699623d74ac8961a3f76a12cb867,2026-04-05T02:46:44.364960+00:00,1775357204364960000,172914691865666,2300,,,ETF,3152,20,3151.5,-1.0,112.806993125,
59421,market_research_2026-04-04_21-42-06_live_round,7efc699623d74ac8961a3f76a12cb867,2026-04-05T02:46:44.365144+00:00,1775357204365144000,172914692049458,2300,,,ETF,3151,80,3151.5,-1.0,112.807176917,
59598,market_research_2026-04-04_21-42-06_live_round,7efc699623d74ac8961a3f76a12cb867,2026-04-05T02:46:45.828238+00:00,1775357205828238000,172916155146291,2300,,,ETF,3156,40,3156.5,-1.0,114.27027375,
59728,market_research_2026-04-04_21-42-06_live_round,7efc699623d74ac8961a3f76a12cb867,2026-04-05T02:46:46.990679+00:00,1775357206990679000,172917317589541,2300,,,ETF,3160,40,3163.0,-6.0,115.432717,
59737,market_research_2026-04-04_21-42-06_live_round,7efc699623d74ac8961a3f76a12cb867,2026-04-05T02:46:47.074133+00:00,1775357207074133000,172917401044125,2300,,,ETF,3161,60,3163.0,-4.0,115.516171584,
59754,market_research_2026-04-04_21-42-06_live_round,7efc699623d74ac8961a3f76a12cb867,2026-04-05T02:46:47.198989+00:00,1775357207198989000,172917525900291,2300,,,ETF,3162,80,3163.0,-2.0,115.64102775,
59759,market_research_2026-04-04_21-42-06_live_round,7efc699623d74ac8961a3f76a12cb867,2026-04-05T02:46:47.228508+00:00,1775357207228508000,172917555418958,2300,,,ETF,3163,100,3163.0,0.0,115.670546417,
60067,market_research_2026-04-04_21-42-06_live_round,7efc699623d74ac8961a3f76a12cb867,2026-04-05T02:46:49.888321+00:00,1775357209888321000,172920215237625,2300,,,ETF,3169,40,3169.0,0.0,118.330365084,
60133,market_research_2026-04-04_21-42-06_live_round,7efc699623d74ac8961a3f76a12cb867,2026-04-05T02:46:50.475299+00:00,1775357210475299000,172920802216666,2300,,,ETF,3166,40,3164.0,-4.0,118.917344125,
60148,market_research_2026-04-04_21-42-06_live_round,7efc699623d74ac8961a3f76a12cb867,2026-04-05T02:46:50.612595+00:00,1775357210612595000,172920939512916,2300,,,ETF,3166,60,3164.5,-3.0,119.054640375,
60207,market_research_2026-04-04_21-42-06_live_round,7efc699623d74ac8961a3f76a12cb867,2026-04-05T02:46:51.148218+00:00,1775357211148218000,172921475136958,2300,,,ETF,3160,40,3159.0,-2.0,119.590264417,
60214,market_research_2026-04-04_21-42-06_live_round,7efc699623d74ac8961a3f76a12cb867,2026-04-05T02:46:51.209334+00:00,1775357211209334000,172921536252708,2300,,,ETF,3160,60,3159.5,-1.0,119.651380167,
60406,market_research_2026-04-04_21-42-06_live_round,7efc699623d74ac8961a3f76a12cb867,2026-04-05T02:46:52.924061+00:00,1775357212924061000,172923250983708,2300,,,ETF,3153,40,3154.0,-2.0,121.366111167,
60424,market_research_2026-04-04_21-42-06_live_round,7efc699623d74ac8961a3f76a12cb867,2026-04-05T02:46:53.092844+00:00,1775357213092844000,172923419766583,2300,,,ETF,3154,60,3154.0,0.0,121.534894042,
60473,market_research_2026-04-04_21-42-06_live_round,7efc699623d74ac8961a3f76a12cb867,2026-04-05T02:46:53.520872+00:00,1775357213520872000,172923847795333,2300,,,ETF,3156,40,3156.0,0.0,121.962922792,
60741,market_research_2026-04-04_21-42-06_live_round,7efc699623d74ac8961a3f76a12cb867,2026-04-05T02:46:55.919264+00:00,1775357215919264000,172926246191958,2300,,,ETF,3166,40,3170.5,-9.0,124.361319417,
60746,market_research_2026-04-04_21-42-06_live_round,7efc699623d74ac8961a3f76a12cb867,2026-04-05T02:46:55.963425+00:00,1775357215963425000,172926290352625,2300,,,ETF,3167,60,3170.5,-7.0,124.405480084,
60754,market_research_2026-04-04_21-42-06_live_round,7efc699623d74ac8961a3f76a12cb867,2026-04-05T02:46:56.031391+00:00,1775357216031391000,172926358319708,2300,,,ETF,3168,80,3170.5,-5.0,124.473447167,
60769,market_research_2026-04-04_21-42-06_live_round,7efc699623d74ac8961a3f76a12cb867,2026-04-05T02:46:56.147610+00:00,1775357216147610000,172926474539000,2300,,,ETF,3169,100,3170.5,-3.0,124.589666459,
60813,market_research_2026-04-04_21-42-06_live_round,7efc699623d74ac8961a3f76a12cb867,2026-04-05T02:46:56.519582+00:00,1775357216519582000,172926846511208,2300,,,ETF,3169,40,3171.5,-5.0,124.961638667,
60819,market_research_2026-04-04_21-42-06_live_round,7efc699623d74ac8961a3f76a12cb867,2026-04-05T02:46:56.568351+00:00,1775357216568351000,172926895280083,2300,,,ETF,3169,60,3171.0,-4.0,125.010407542,
61128,market_research_2026-04-04_21-42-06_live_round,7efc699623d74ac8961a3f76a12cb867,2026-04-05T02:46:59.311976+00:00,1775357219311976000,172929638911416,2350,,,A,1194,40,1193.0,-2.0,127.754038875,1.205620533476894
61129,market_research_2026-04-04_21-42-06_live_round,7efc699623d74ac8961a3f76a12cb867,2026-04-05T02:46:59.312111+00:00,1775357219312111000,172929639046208,2350,,,A,1193,60,1193.0,-2.0,127.754173667,1.205620533476894
61130,market_research_2026-04-04_21-42-06_live_round,7efc699623d74ac8961a3f76a12cb867,2026-04-05T02:46:59.312218+00:00,1775357219312218000,172929639153208,2350,,,A,1192,80,1193.0,-2.0,127.754280667,1.205620533476894
61154,market_research_2026-04-04_21-42-06_live_round,7efc699623d74ac8961a3f76a12cb867,2026-04-05T02:46:59.517274+00:00,1775357219517274000,172929844209041,2350,,,ETF,3186,40,3189.5,-7.0,127.9593365,
61162,market_research_2026-04-04_21-42-06_live_round,7efc699623d74ac8961a3f76a12cb867,2026-04-05T02:46:59.577706+00:00,1775357219577706000,172929904641125,2350,,,ETF,3186,60,3189.0,-6.0,128.019768584,
61173,market_research_2026-04-04_21-42-06_live_round,7efc699623d74ac8961a3f76a12cb867,2026-04-05T02:46:59.675438+00:00,1775357219675438000,172930002373125,2350,,,ETF,3188,40,3189.5,-3.0,128.117500584,
61174,market_research_2026-04-04_21-42-06_live_round,7efc699623d74ac8961a3f76a12cb867,2026-04-05T02:46:59.677991+00:00,1775357219677991000,172930004927166,2350,,,ETF,3189,40,3189.5,-3.0,128.120054625,
61186,market_research_2026-04-04_21-42-06_live_round,7efc699623d74ac8961a3f76a12cb867,2026-04-05T02:46:59.792509+00:00,1775357219792509000,172930119444791,2350,,,ETF,3189,20,3189.5,-1.0,128.23457225,
61187,market_research_2026-04-04_21-42-06_live_round,7efc699623d74ac8961a3f76a12cb867,2026-04-05T02:46:59.792730+00:00,1775357219792730000,172930119666208,2350,,,ETF,3190,80,3189.5,-1.0,128.234793667,
61230,market_research_2026-04-04_21-42-06_live_round,7efc699623d74ac8961a3f76a12cb867,2026-04-05T02:47:00.195784+00:00,1775357220195784000,172930522720041,2350,,,ETF,3191,40,3194.5,-7.0,128.6378475,
61235,market_research_2026-04-04_21-42-06_live_round,7efc699623d74ac8961a3f76a12cb867,2026-04-05T02:47:00.246293+00:00,1775357220246293000,172930573229500,2350,,,ETF,3191,60,3194.0,-6.0,128.688356959,
61494,market_research_2026-04-04_21-42-06_live_round,7efc699623d74ac8961a3f76a12cb867,2026-04-05T02:47:02.587462+00:00,1775357222587462000,172932914402208,2350,,,ETF,3191,40,3190.0,-2.0,131.029529667,
61515,market_research_2026-04-04_21-42-06_live_round,7efc699623d74ac8961a3f76a12cb867,2026-04-05T02:47:02.770045+00:00,1775357222770045000,172933096986833,2350,,,ETF,3190,60,3190.0,0.0,131.212114292,
61698,market_research_2026-04-04_21-42-06_live_round,7efc699623d74ac8961a3f76a12cb867,2026-04-05T02:47:04.409272+00:00,1775357224409272000,172934736215958,2350,,,ETF,3193,40,3193.0,0.0,132.851343417,
61829,market_research_2026-04-04_21-42-06_live_round,7efc699623d74ac8961a3f76a12cb867,2026-04-05T02:47:05.574715+00:00,1775357225574715000,172935901662125,2350,,,ETF,3194,40,3192.0,-4.0,134.016789584,
61835,market_research_2026-04-04_21-42-06_live_round,7efc699623d74ac8961a3f76a12cb867,2026-04-05T02:47:05.629800+00:00,1775357225629800000,172935956746375,2350,,,ETF,3193,60,3192.0,-2.0,134.071873834,
61850,market_research_2026-04-04_21-42-06_live_round,7efc699623d74ac8961a3f76a12cb867,2026-04-05T02:47:05.766987+00:00,1775357225766987000,172936093933750,2350,,,ETF,3192,80,3192.0,0.0,134.209061209,
61963,market_research_2026-04-04_21-42-06_live_round,7efc699623d74ac8961a3f76a12cb867,2026-04-05T02:47:06.773200+00:00,1775357226773200000,172937100148916,2350,,,ETF,3193,40,3194.0,-2.0,135.215276375,
61968,market_research_2026-04-04_21-42-06_live_round,7efc699623d74ac8961a3f76a12cb867,2026-04-05T02:47:06.811844+00:00,1775357226811844000,172937138793500,2350,,,ETF,3193,60,3193.5,-1.0,135.253920959,
61973,market_research_2026-04-04_21-42-06_live_round,7efc699623d74ac8961a3f76a12cb867,2026-04-05T02:47:06.846756+00:00,1775357226846756000,172937173705291,2350,,,ETF,3193,40,3193.0,0.0,135.28883275,
62038,market_research_2026-04-04_21-42-06_live_round,7efc699623d74ac8961a3f76a12cb867,2026-04-05T02:47:07.445343+00:00,1775357227445343000,172937772293916,2350,,,ETF,3196,40,3197.0,-2.0,135.887421375,
62051,market_research_2026-04-04_21-42-06_live_round,7efc699623d74ac8961a3f76a12cb867,2026-04-05T02:47:07.562733+00:00,1775357227562733000,172937889683958,2350,,,ETF,3196,60,3196.5,-1.0,136.004811417,
62219,market_research_2026-04-04_21-42-06_live_round,7efc699623d74ac8961a3f76a12cb867,2026-04-05T02:47:09.082469+00:00,1775357229082469000,172939409423000,2350,,,C,984,40,985.0,-2.0,193.10429525,1.8629055547812696
62220,market_research_2026-04-04_21-42-06_live_round,7efc699623d74ac8961a3f76a12cb867,2026-04-05T02:47:09.085991+00:00,1775357229085991000,172939412944625,2350,,,C,985,100,985.0,-2.0,193.107816875,1.8629055547812696
62221,market_research_2026-04-04_21-42-06_live_round,7efc699623d74ac8961a3f76a12cb867,2026-04-05T02:47:09.086135+00:00,1775357229086135000,172939413089541,2350,,,C,985,60,985.0,-2.0,193.107961791,1.8629055547812696
62392,market_research_2026-04-04_21-42-06_live_round,7efc699623d74ac8961a3f76a12cb867,2026-04-05T02:47:10.687107+00:00,1775357230687107000,172941014064083,2350,,,ETF,3207,40,3206.5,-1.0,139.129191542,
62458,market_research_2026-04-04_21-42-06_live_round,7efc699623d74ac8961a3f76a12cb867,2026-04-05T02:47:11.261846+00:00,1775357231261846000,172941588803708,2350,,,ETF,3204,40,3202.5,-3.0,139.703931167,
62463,market_research_2026-04-04_21-42-06_live_round,7efc699623d74ac8961a3f76a12cb867,2026-04-05T02:47:11.302765+00:00,1775357231302765000,172941629722500,2350,,,ETF,3204,60,3203.0,-2.0,139.744849959,
62514,market_research_2026-04-04_21-42-06_live_round,7efc699623d74ac8961a3f76a12cb867,2026-04-05T02:47:11.747179+00:00,1775357231747179000,172942074138125,2350,,,ETF,3197,40,3197.0,0.0,140.189265584,
62645,market_research_2026-04-04_21-42-06_live_round,7efc699623d74ac8961a3f76a12cb867,2026-04-05T02:47:12.934337+00:00,1775357232934337000,172943261297916,2350,,,ETF,3200,40,3201.0,-2.0,141.376425375,
62651,market_research_2026-04-04_21-42-06_live_round,7efc699623d74ac8961a3f76a12cb867,2026-04-05T02:47:12.988036+00:00,1775357232988036000,172943314997166,2350,,,ETF,3200,60,3200.5,-1.0,141.430124625,
62714,market_research_2026-04-04_21-42-06_live_round,7efc699623d74ac8961a3f76a12cb867,2026-04-05T02:47:13.534802+00:00,1775357233534802000,172943861764791,2350,,,ETF,3206,40,3206.0,0.0,141.97689225,
62786,market_research_2026-04-04_21-42-06_live_round,7efc699623d74ac8961a3f76a12cb867,2026-04-05T02:47:14.201501+00:00,1775357234201501000,172944528464750,2350,,,ETF,3211,40,3220.0,-18.0,142.643592209,
62792,market_research_2026-04-04_21-42-06_live_round,7efc699623d74ac8961a3f76a12cb867,2026-04-05T02:47:14.247991+00:00,1775357234247991000,172944574955583,2350,,,ETF,3211,60,3219.5,-17.0,142.690083042,
62809,market_research_2026-04-04_21-42-06_live_round,7efc699623d74ac8961a3f76a12cb867,2026-04-05T02:47:14.375989+00:00,1775357234375989000,172944702952750,2350,,,ETF,3212,40,3219.5,-15.0,142.818080209,
62810,market_research_2026-04-04_21-42-06_live_round,7efc699623d74ac8961a3f76a12cb867,2026-04-05T02:47:14.378733+00:00,1775357234378733000,172944705697625,2350,,,ETF,3213,40,3219.5,-15.0,142.820825084,
62816,market_research_2026-04-04_21-42-06_live_round,7efc699623d74ac8961a3f76a12cb867,2026-04-05T02:47:14.416750+00:00,1775357234416750000,172944743700208,2350,,,ETF,3213,20,3219.5,-13.0,142.858827667,
62817,market_research_2026-04-04_21-42-06_live_round,7efc699623d74ac8961a3f76a12cb867,2026-04-05T02:47:14.420353+00:00,1775357234420353000,172944747316916,2350,,,ETF,3214,80,3219.5,-13.0,142.862444375,
62862,market_research_2026-04-04_21-42-06_live_round,7efc699623d74ac8961a3f76a12cb867,2026-04-05T02:47:14.795243+00:00,1775357234795243000,172945122208041,2350,,,ETF,3215,40,3226.0,-22.0,143.2373355,
62868,market_research_2026-04-04_21-42-06_live_round,7efc699623d74ac8961a3f76a12cb867,2026-04-05T02:47:14.842992+00:00,1775357234842992000,172945169957000,2350,,,ETF,3215,60,3225.5,-21.0,143.285084459,
62874,market_research_2026-04-04_21-42-06_live_round,7efc699623d74ac8961a3f76a12cb867,2026-04-05T02:47:14.899117+00:00,1775357234899117000,172945226082250,2350,,,ETF,3235,40,3235.0,0.0,143.341209709,
62933,market_research_2026-04-04_21-42-06_live_round,7efc699623d74ac8961a3f76a12cb867,2026-04-05T02:47:15.421255+00:00,1775357235421255000,172945748220625,2350,,,ETF,3238,40,3243.5,-11.0,143.863348084,
62941,market_research_2026-04-04_21-42-06_live_round,7efc699623d74ac8961a3f76a12cb867,2026-04-05T02:47:15.499203+00:00,1775357235499203000,172945826168875,2350,,,ETF,3238,60,3243.0,-10.0,143.941296334,
62948,market_research_2026-04-04_21-42-06_live_round,7efc699623d74ac8961a3f76a12cb867,2026-04-05T02:47:15.564306+00:00,1775357235564306000,172945891272583,2350,,,ETF,3243,40,3245.0,-4.0,144.006400042,
62949,market_research_2026-04-04_21-42-06_live_round,7efc699623d74ac8961a3f76a12cb867,2026-04-05T02:47:15.564456+00:00,1775357235564456000,172945891422333,2350,,,ETF,3244,40,3245.0,-4.0,144.006549792,
62955,market_research_2026-04-04_21-42-06_live_round,7efc699623d74ac8961a3f76a12cb867,2026-04-05T02:47:15.607510+00:00,1775357235607510000,172945934476708,2350,,,ETF,3244,20,3245.0,-2.0,144.049604167,
62956,market_research_2026-04-04_21-42-06_live_round,7efc699623d74ac8961a3f76a12cb867,2026-04-05T02:47:15.607646+00:00,1775357235607646000,172945934612791,2350,,,ETF,3245,80,3245.0,-2.0,144.04974025,
63071,market_research_2026-04-04_21-42-06_live_round,7efc699623d74ac8961a3f76a12cb867,2026-04-05T02:47:16.643829+00:00,1775357236643829000,172946970797666,2350,,,ETF,3241,40,3240.5,-1.0,145.085925125,
63184,market_research_2026-04-04_21-42-06_live_round,7efc699623d74ac8961a3f76a12cb867,2026-04-05T02:47:17.717915+00:00,1775357237717915000,172948044885375,2350,,,C,978,40,977.0,-2.0,201.739757625,1.8629055547812696
63185,market_research_2026-04-04_21-42-06_live_round,7efc699623d74ac8961a3f76a12cb867,2026-04-05T02:47:17.721355+00:00,1775357237721355000,172948048326125,2350,,,C,977,60,977.0,-2.0,201.743198375,1.8629055547812696
63186,market_research_2026-04-04_21-42-06_live_round,7efc699623d74ac8961a3f76a12cb867,2026-04-05T02:47:17.721486+00:00,1775357237721486000,172948048457250,2350,,,C,977,100,977.0,-2.0,201.7433295,1.8629055547812696
63223,market_research_2026-04-04_21-42-06_live_round,7efc699623d74ac8961a3f76a12cb867,2026-04-05T02:47:18.031362+00:00,1775357238031362000,172948358333750,2350,,,ETF,3236,40,3235.5,-1.0,146.473461209,
63343,market_research_2026-04-04_21-42-06_live_round,7efc699623d74ac8961a3f76a12cb867,2026-04-05T02:47:19.119265+00:00,1775357239119265000,172949446238541,2350,,,ETF,3229,40,3227.0,-4.0,147.561366,
63349,market_research_2026-04-04_21-42-06_live_round,7efc699623d74ac8961a3f76a12cb867,2026-04-05T02:47:19.172273+00:00,1775357239172273000,172949499247041,2350,,,ETF,3228,60,3227.0,-2.0,147.6143745,
63366,market_research_2026-04-04_21-42-06_live_round,7efc699623d74ac8961a3f76a12cb867,2026-04-05T02:47:19.320931+00:00,1775357239320931000,172949647905166,2350,,,ETF,3227,80,3227.0,0.0,147.763032625,
63413,market_research_2026-04-04_21-42-06_live_round,7efc699623d74ac8961a3f76a12cb867,2026-04-05T02:47:19.742999+00:00,1775357239742999000,172950069973958,2350,,,ETF,3226,40,3223.5,-5.0,148.185101417,
63418,market_research_2026-04-04_21-42-06_live_round,7efc699623d74ac8961a3f76a12cb867,2026-04-05T02:47:19.784557+00:00,1775357239784557000,172950111531125,2350,,,ETF,3226,60,3224.0,-4.0,148.226658584,
63482,market_research_2026-04-04_21-42-06_live_round,7efc699623d74ac8961a3f76a12cb867,2026-04-05T02:47:20.356944+00:00,1775357240356944000,172950683919750,2350,,,ETF,3216,40,3214.0,-4.0,148.799047209,
63488,market_research_2026-04-04_21-42-06_live_round,7efc699623d74ac8961a3f76a12cb867,2026-04-05T02:47:20.404271+00:00,1775357240404271000,172950731247000,2350,,,ETF,3216,60,3214.5,-3.0,148.846374459,
63508,market_research_2026-04-04_21-42-06_live_round,7efc699623d74ac8961a3f76a12cb867,2026-04-05T02:47:20.579478+00:00,1775357240579478000,172950906454750,2350,,,ETF,3215,40,3214.5,-1.0,149.021582209,
63509,market_research_2026-04-04_21-42-06_live_round,7efc699623d74ac8961a3f76a12cb867,2026-04-05T02:47:20.579635+00:00,1775357240579635000,172950906611708,2350,,,ETF,3214,40,3214.5,-1.0,149.021739167,
63557,market_research_2026-04-04_21-42-06_live_round,7efc699623d74ac8961a3f76a12cb867,2026-04-05T02:47:21.007395+00:00,1775357241007395000,172951334372041,2350,,,ETF,3212,40,3212.0,0.0,149.4494995,
63735,market_research_2026-04-04_21-42-06_live_round,7efc699623d74ac8961a3f76a12cb867,2026-04-05T02:47:22.848307+00:00,1775357242848307000,172953175287541,2350,,,B,1025,40,1025.0,0.0,,
63755,market_research_2026-04-04_21-42-06_live_round,7efc699623d74ac8961a3f76a12cb867,2026-04-05T02:47:23.079063+00:00,1775357243079063000,172953406044291,2350,,,ETF,3210,40,3209.0,-2.0,151.52117175,
63766,market_research_2026-04-04_21-42-06_live_round,7efc699623d74ac8961a3f76a12cb867,2026-04-05T02:47:23.183734+00:00,1775357243183734000,172953510715916,2350,,,ETF,3209,60,3209.0,0.0,151.625843375,
63893,market_research_2026-04-04_21-42-06_live_round,7efc699623d74ac8961a3f76a12cb867,2026-04-05T02:47:24.547965+00:00,1775357244547965000,172954874949125,2350,,,C,977,40,977.0,0.0,208.569821375,1.8629055547812696
63957,market_research_2026-04-04_21-42-06_live_round,7efc699623d74ac8961a3f76a12cb867,2026-04-05T02:47:25.215054+00:00,1775357245215054000,172955542039833,2350,,,ETF,3206,40,3211.0,-10.0,153.657167292,
63970,market_research_2026-04-04_21-42-06_live_round,7efc699623d74ac8961a3f76a12cb867,2026-04-05T02:47:25.354833+00:00,1775357245354833000,172955681818708,2350,,,ETF,3207,60,3211.0,-8.0,153.796946167,
63986,market_research_2026-04-04_21-42-06_live_round,7efc699623d74ac8961a3f76a12cb867,2026-04-05T02:47:25.541157+00:00,1775357245541157000,172955868142875,2350,,,ETF,3208,80,3211.0,-6.0,153.983270334,
63991,market_research_2026-04-04_21-42-06_live_round,7efc699623d74ac8961a3f76a12cb867,2026-04-05T02:47:25.597246+00:00,1775357245597246000,172955924232125,2350,,,ETF,3209,100,3211.0,-4.0,154.039359584,
64081,market_research_2026-04-04_21-42-06_live_round,7efc699623d74ac8961a3f76a12cb867,2026-04-05T02:47:26.507140+00:00,1775357246507140000,172956834127875,2350,,,C,974,40,973.0,-2.0,210.529000125,1.8629055547812696
64082,market_research_2026-04-04_21-42-06_live_round,7efc699623d74ac8961a3f76a12cb867,2026-04-05T02:47:26.507263+00:00,1775357246507263000,172956834251166,2350,,,C,973,60,973.0,-2.0,210.529123416,1.8629055547812696
64083,market_research_2026-04-04_21-42-06_live_round,7efc699623d74ac8961a3f76a12cb867,2026-04-05T02:47:26.507348+00:00,1775357246507348000,172956834336125,2350,,,C,972,80,973.0,-2.0,210.529208375,1.8629055547812696
64084,market_research_2026-04-04_21-42-06_live_round,7efc699623d74ac8961a3f76a12cb867,2026-04-05T02:47:26.507433+00:00,1775357246507433000,172956834421625,2350,,,C,972,20,973.0,-2.0,210.529293875,1.8629055547812696
64107,market_research_2026-04-04_21-42-06_live_round,7efc699623d74ac8961a3f76a12cb867,2026-04-05T02:47:26.720639+00:00,1775357246720639000,172957047627458,2350,,,ETF,3220,40,3218.0,-4.0,155.162754917,
64113,market_research_2026-04-04_21-42-06_live_round,7efc699623d74ac8961a3f76a12cb867,2026-04-05T02:47:26.781708+00:00,1775357246781708000,172957108696333,2350,,,ETF,3219,60,3218.0,-2.0,155.223823792,
64122,market_research_2026-04-04_21-42-06_live_round,7efc699623d74ac8961a3f76a12cb867,2026-04-05T02:47:26.855512+00:00,1775357246855512000,172957182501000,2350,,,ETF,3218,80,3218.0,0.0,155.297628459,
64237,market_research_2026-04-04_21-42-06_live_round,7efc699623d74ac8961a3f76a12cb867,2026-04-05T02:47:27.830415+00:00,1775357247830415000,172958157404958,2350,,,ETF,3219,40,3222.0,-6.0,156.272532417,
64243,market_research_2026-04-04_21-42-06_live_round,7efc699623d74ac8961a3f76a12cb867,2026-04-05T02:47:27.890078+00:00,1775357247890078000,172958217068500,2350,,,ETF,3219,60,3221.5,-5.0,156.332195959,
64310,market_research_2026-04-04_21-42-06_live_round,7efc699623d74ac8961a3f76a12cb867,2026-04-05T02:47:28.486011+00:00,1775357248486011000,172958813002541,2350,,,ETF,3227,40,3227.5,-1.0,156.92813,
64319,market_research_2026-04-04_21-42-06_live_round,7efc699623d74ac8961a3f76a12cb867,2026-04-05T02:47:28.565742+00:00,1775357248565742000,172958892734208,2350,,,ETF,3227,60,3227.0,0.0,157.007861667,
64379,market_research_2026-04-04_21-42-06_live_round,7efc699623d74ac8961a3f76a12cb867,2026-04-05T02:47:29.123196+00:00,1775357249123196000,172959450188708,2350,,,ETF,3234,40,3234.5,-1.0,157.565316167,
64385,market_research_2026-04-04_21-42-06_live_round,7efc699623d74ac8961a3f76a12cb867,2026-04-05T02:47:29.177743+00:00,1775357249177743000,172959504735500,2350,,,ETF,3234,60,3234.0,0.0,157.619862959,
64448,market_research_2026-04-04_21-42-06_live_round,7efc699623d74ac8961a3f76a12cb867,2026-04-05T02:47:29.767745+00:00,1775357249767745000,172960094738166,2350,,,ETF,3237,40,3240.0,-6.0,158.209865625,
64453,market_research_2026-04-04_21-42-06_live_round,7efc699623d74ac8961a3f76a12cb867,2026-04-05T02:47:29.809281+00:00,1775357249809281000,172960136275333,2350,,,ETF,3237,60,3239.5,-5.0,158.251402792,
64471,market_research_2026-04-04_21-42-06_live_round,7efc699623d74ac8961a3f76a12cb867,2026-04-05T02:47:29.952936+00:00,1775357249952936000,172960279930875,2350,,,ETF,3241,40,3241.0,0.0,158.395058334,
64501,market_research_2026-04-04_21-42-06_live_round,7efc699623d74ac8961a3f76a12cb867,2026-04-05T02:47:30.255038+00:00,1775357250255038000,172960582033083,2400,,,A,1203,40,1205.5,-5.0,0.048061333,1.0006381408560148
64502,market_research_2026-04-04_21-42-06_live_round,7efc699623d74ac8961a3f76a12cb867,2026-04-05T02:47:30.255431+00:00,1775357250255431000,172960582426708,2400,,,A,1204,100,1205.5,-5.0,0.048454958,1.0006381408560148
64503,market_research_2026-04-04_21-42-06_live_round,7efc699623d74ac8961a3f76a12cb867,2026-04-05T02:47:30.255556+00:00,1775357250255556000,172960582551416,2400,,,A,1204,60,1205.5,-5.0,0.048579666,1.0006381408560148
64525,market_research_2026-04-04_21-42-06_live_round,7efc699623d74ac8961a3f76a12cb867,2026-04-05T02:47:30.434539+00:00,1775357250434539000,172960761534041,2400,,,C,974,40,962.0,-24.0,0.210962791,1.807028130150146
64530,market_research_2026-04-04_21-42-06_live_round,7efc699623d74ac8961a3f76a12cb867,2026-04-05T02:47:30.469328+00:00,1775357250469328000,172960796323333,2400,,,ETF,3241,40,3224.5,-33.0,0.245752083,
64539,market_research_2026-04-04_21-42-06_live_round,7efc699623d74ac8961a3f76a12cb867,2026-04-05T02:47:30.536459+00:00,1775357250536459000,172960863454875,2400,,,ETF,3240,60,3224.5,-31.0,0.312883625,
64544,market_research_2026-04-04_21-42-06_live_round,7efc699623d74ac8961a3f76a12cb867,2026-04-05T02:47:30.582689+00:00,1775357250582689000,172960909684250,2400,,,C,973,60,962.0,-22.0,0.359113,1.807028130150146
64550,market_research_2026-04-04_21-42-06_live_round,7efc699623d74ac8961a3f76a12cb867,2026-04-05T02:47:30.631404+00:00,1775357250631404000,172960958399916,2400,,,ETF,3240,40,3225.0,-30.0,0.407828666,
64551,market_research_2026-04-04_21-42-06_live_round,7efc699623d74ac8961a3f76a12cb867,2026-04-05T02:47:30.631573+00:00,1775357250631573000,172960958569166,2400,,,ETF,3232,40,3225.0,-30.0,0.407997916,
64556,market_research_2026-04-04_21-42-06_live_round,7efc699623d74ac8961a3f76a12cb867,2026-04-05T02:47:30.669383+00:00,1775357250669383000,172960996378625,2400,,,C,972,80,962.0,-20.0,0.445807375,1.807028130150146
64562,market_research_2026-04-04_21-42-06_live_round,7efc699623d74ac8961a3f76a12cb867,2026-04-05T02:47:30.718226+00:00,1775357250718226000,172961045222291,2400,,,ETF,3232,60,3221.5,-21.0,0.494651041,
64567,market_research_2026-04-04_21-42-06_live_round,7efc699623d74ac8961a3f76a12cb867,2026-04-05T02:47:30.765879+00:00,1775357250765879000,172961092874958,2400,,,C,971,100,962.0,-18.0,0.542303708,1.807028130150146
64699,market_research_2026-04-04_21-42-06_live_round,7efc699623d74ac8961a3f76a12cb867,2026-04-05T02:47:31.952374+00:00,1775357251952374000,172962279372416,2400,,,A,1209,40,1209.0,0.0,1.745400666,1.0006381408560148
64770,market_research_2026-04-04_21-42-06_live_round,7efc699623d74ac8961a3f76a12cb867,2026-04-05T02:47:32.673243+00:00,1775357252673243000,172963000242333,2400,,,A,1212,40,1214.0,-4.0,2.466270583,1.0006381408560148
64775,market_research_2026-04-04_21-42-06_live_round,7efc699623d74ac8961a3f76a12cb867,2026-04-05T02:47:32.712479+00:00,1775357252712479000,172963039479500,2400,,,A,1212,60,1213.5,-3.0,2.50550775,1.0006381408560148
64807,market_research_2026-04-04_21-42-06_live_round,7efc699623d74ac8961a3f76a12cb867,2026-04-05T02:47:33.038011+00:00,1775357253038011000,172963365011541,2400,,,ETF,3202,40,3202.0,0.0,2.814440291,
64840,market_research_2026-04-04_21-42-06_live_round,7efc699623d74ac8961a3f76a12cb867,2026-04-05T02:47:33.369218+00:00,1775357253369218000,172963696219291,2400,,,A,1218,40,1218.5,-1.0,3.162247541,1.0006381408560148
64845,market_research_2026-04-04_21-42-06_live_round,7efc699623d74ac8961a3f76a12cb867,2026-04-05T02:47:33.414138+00:00,1775357253414138000,172963741139208,2400,,,A,1218,60,1218.0,0.0,3.207167458,1.0006381408560148
64879,market_research_2026-04-04_21-42-06_live_round,7efc699623d74ac8961a3f76a12cb867,2026-04-05T02:47:33.741056+00:00,1775357253741056000,172964068058083,2400,,,ETF,3203,40,3206.0,-6.0,3.517486833,
64884,market_research_2026-04-04_21-42-06_live_round,7efc699623d74ac8961a3f76a12cb867,2026-04-05T02:47:33.772723+00:00,1775357253772723000,172964099724875,2400,,,ETF,3203,20,3205.5,-5.0,3.549153625,
64885,market_research_2026-04-04_21-42-06_live_round,7efc699623d74ac8961a3f76a12cb867,2026-04-05T02:47:33.772882+00:00,1775357253772882000,172964099884083,2400,,,ETF,3204,40,3205.5,-5.0,3.549312833,
64891,market_research_2026-04-04_21-42-06_live_round,7efc699623d74ac8961a3f76a12cb867,2026-04-05T02:47:33.821361+00:00,1775357253821361000,172964148363250,2400,,,ETF,3204,40,3205.5,-3.0,3.597792,
64892,market_research_2026-04-04_21-42-06_live_round,7efc699623d74ac8961a3f76a12cb867,2026-04-05T02:47:33.821514+00:00,1775357253821514000,172964148516375,2400,,,ETF,3205,40,3205.5,-3.0,3.597945125,
64900,market_research_2026-04-04_21-42-06_live_round,7efc699623d74ac8961a3f76a12cb867,2026-04-05T02:47:33.892295+00:00,1775357253892295000,172964219297666,2400,,,ETF,3205,60,3205.5,-1.0,3.668726416,
64955,market_research_2026-04-04_21-42-06_live_round,7efc699623d74ac8961a3f76a12cb867,2026-04-05T02:47:34.462754+00:00,1775357254462754000,172964789757875,2400,,,ETF,3215,40,3216.0,-2.0,4.239186625,
64975,market_research_2026-04-04_21-42-06_live_round,7efc699623d74ac8961a3f76a12cb867,2026-04-05T02:47:34.653536+00:00,1775357254653536000,172964980539958,2400,,,ETF,3216,60,3216.0,0.0,4.429968708,
65204,market_research_2026-04-04_21-42-06_live_round,7efc699623d74ac8961a3f76a12cb867,2026-04-05T02:47:37.029112+00:00,1775357257029112000,172967356120750,2400,,,A,1224,40,1224.5,-1.0,6.822149,1.0006381408560148
65205,market_research_2026-04-04_21-42-06_live_round,7efc699623d74ac8961a3f76a12cb867,2026-04-05T02:47:37.029251+00:00,1775357257029251000,172967356259333,2400,,,A,1225,60,1224.5,-1.0,6.822287583,1.0006381408560148
65426,market_research_2026-04-04_21-42-06_live_round,7efc699623d74ac8961a3f76a12cb867,2026-04-05T02:47:39.128082+00:00,1775357259128082000,172969455094333,2400,,,ETF,3213,40,3209.5,-7.0,8.904523083,
65431,market_research_2026-04-04_21-42-06_live_round,7efc699623d74ac8961a3f76a12cb867,2026-04-05T02:47:39.169378+00:00,1775357259169378000,172969496390791,2400,,,ETF,3213,60,3210.0,-6.0,8.945819541,
65436,market_research_2026-04-04_21-42-06_live_round,7efc699623d74ac8961a3f76a12cb867,2026-04-05T02:47:39.219735+00:00,1775357259219735000,172969546747416,2400,,,ETF,3211,40,3209.5,-3.0,8.996176166,
65437,market_research_2026-04-04_21-42-06_live_round,7efc699623d74ac8961a3f76a12cb867,2026-04-05T02:47:39.222509+00:00,1775357259222509000,172969549521666,2400,,,ETF,3210,40,3209.5,-3.0,8.998950416,
65443,market_research_2026-04-04_21-42-06_live_round,7efc699623d74ac8961a3f76a12cb867,2026-04-05T02:47:39.269496+00:00,1775357259269496000,172969596508916,2400,,,ETF,3210,20,3209.5,-1.0,9.045937666,
65444,market_research_2026-04-04_21-42-06_live_round,7efc699623d74ac8961a3f76a12cb867,2026-04-05T02:47:39.269662+00:00,1775357259269662000,172969596675541,2400,,,ETF,3209,80,3209.5,-1.0,9.046104291,
65502,market_research_2026-04-04_21-42-06_live_round,7efc699623d74ac8961a3f76a12cb867,2026-04-05T02:47:39.848819+00:00,1775357259848819000,172970175833083,2400,,,ETF,3208,40,3199.5,-17.0,9.625261833,
65507,market_research_2026-04-04_21-42-06_live_round,7efc699623d74ac8961a3f76a12cb867,2026-04-05T02:47:39.886494+00:00,1775357259886494000,172970213508583,2400,,,ETF,3208,60,3200.0,-16.0,9.662937333,
65512,market_research_2026-04-04_21-42-06_live_round,7efc699623d74ac8961a3f76a12cb867,2026-04-05T02:47:39.922025+00:00,1775357259922025000,172970249038791,2400,,,ETF,3200,40,3196.5,-7.0,9.698467541,
65513,market_research_2026-04-04_21-42-06_live_round,7efc699623d74ac8961a3f76a12cb867,2026-04-05T02:47:39.922164+00:00,1775357259922164000,172970249178791,2400,,,ETF,3199,40,3196.5,-7.0,9.698607541,
65523,market_research_2026-04-04_21-42-06_live_round,7efc699623d74ac8961a3f76a12cb867,2026-04-05T02:47:40.006434+00:00,1775357260006434000,172970333447833,2400,,,ETF,3199,20,3196.5,-5.0,9.782876583,
65524,market_research_2026-04-04_21-42-06_live_round,7efc699623d74ac8961a3f76a12cb867,2026-04-05T02:47:40.006623+00:00,1775357260006623000,172970333637583,2400,,,ETF,3198,80,3196.5,-5.0,9.783066333,
65547,market_research_2026-04-04_21-42-06_live_round,7efc699623d74ac8961a3f76a12cb867,2026-04-05T02:47:40.206111+00:00,1775357260206111000,172970533126041,2400,,,A,1212,40,1211.0,-2.0,9.999154291,1.0006381408560148
65552,market_research_2026-04-04_21-42-06_live_round,7efc699623d74ac8961a3f76a12cb867,2026-04-05T02:47:40.240185+00:00,1775357260240185000,172970567199416,2400,,,A,1212,60,1211.5,-1.0,10.033227666,1.0006381408560148
65557,market_research_2026-04-04_21-42-06_live_round,7efc699623d74ac8961a3f76a12cb867,2026-04-05T02:47:40.278185+00:00,1775357260278185000,172970605199500,2400,,,A,1212,40,1212.0,0.0,10.07122775,1.0006381408560148
65586,market_research_2026-04-04_21-42-06_live_round,7efc699623d74ac8961a3f76a12cb867,2026-04-05T02:47:40.542619+00:00,1775357260542619000,172970869634541,2400,,,ETF,3197,40,3193.5,-7.0,10.319063291,
65591,market_research_2026-04-04_21-42-06_live_round,7efc699623d74ac8961a3f76a12cb867,2026-04-05T02:47:40.578232+00:00,1775357260578232000,172970905247666,2400,,,ETF,3197,60,3194.0,-6.0,10.354676416,
65619,market_research_2026-04-04_21-42-06_live_round,7efc699623d74ac8961a3f76a12cb867,2026-04-05T02:47:40.842910+00:00,1775357260842910000,172971169926083,2400,,,A,1209,40,1206.0,-6.0,10.635954333,1.0006381408560148
65624,market_research_2026-04-04_21-42-06_live_round,7efc699623d74ac8961a3f76a12cb867,2026-04-05T02:47:40.882290+00:00,1775357260882290000,172971209306166,2400,,,A,1209,60,1206.5,-5.0,10.675334416,1.0006381408560148
65637,market_research_2026-04-04_21-42-06_live_round,7efc699623d74ac8961a3f76a12cb867,2026-04-05T02:47:40.985134+00:00,1775357260985134000,172971312149875,2400,,,A,1201,100,1196.5,-9.0,10.778178125,1.0006381408560148
65638,market_research_2026-04-04_21-42-06_live_round,7efc699623d74ac8961a3f76a12cb867,2026-04-05T02:47:40.985279+00:00,1775357260985279000,172971312295541,2400,,,A,1197,40,1196.5,-9.0,10.778323791,1.0006381408560148
65639,market_research_2026-04-04_21-42-06_live_round,7efc699623d74ac8961a3f76a12cb867,2026-04-05T02:47:40.985391+00:00,1775357260985391000,172971312407791,2400,,,A,1196,60,1196.5,-9.0,10.778436041,1.0006381408560148
65789,market_research_2026-04-04_21-42-06_live_round,7efc699623d74ac8961a3f76a12cb867,2026-04-05T02:47:42.450020+00:00,1775357262450020000,172972777038291,2400,,,ETF,3187,40,3188.5,-3.0,12.226467041,
65794,market_research_2026-04-04_21-42-06_live_round,7efc699623d74ac8961a3f76a12cb867,2026-04-05T02:47:42.489512+00:00,1775357262489512000,172972816531458,2400,,,ETF,3188,60,3188.5,-1.0,12.265960208,
66060,market_research_2026-04-04_21-42-06_live_round,7efc699623d74ac8961a3f76a12cb867,2026-04-05T02:47:45.280695+00:00,1775357265280695000,172975607719208,2400,,,ETF,3185,40,3182.0,-6.0,15.057147958,
66065,market_research_2026-04-04_21-42-06_live_round,7efc699623d74ac8961a3f76a12cb867,2026-04-05T02:47:45.322469+00:00,1775357265322469000,172975649493333,2400,,,ETF,3185,60,3182.5,-5.0,15.098922083,
66070,market_research_2026-04-04_21-42-06_live_round,7efc699623d74ac8961a3f76a12cb867,2026-04-05T02:47:45.358964+00:00,1775357265358964000,172975685988708,2400,,,ETF,3183,40,3182.0,-2.0,15.135417458,
66071,market_research_2026-04-04_21-42-06_live_round,7efc699623d74ac8961a3f76a12cb867,2026-04-05T02:47:45.359108+00:00,1775357265359108000,172975686133333,2400,,,ETF,3182,40,3182.0,-2.0,15.135562083,
66077,market_research_2026-04-04_21-42-06_live_round,7efc699623d74ac8961a3f76a12cb867,2026-04-05T02:47:45.402200+00:00,1775357265402200000,172975729225208,2400,,,ETF,3182,20,3182.0,0.0,15.178653958,
66103,market_research_2026-04-04_21-42-06_live_round,7efc699623d74ac8961a3f76a12cb867,2026-04-05T02:47:45.659149+00:00,1775357265659149000,172975986174041,2400,,,A,1198,40,1196.0,-4.0,15.452202291,1.0006381408560148
66108,market_research_2026-04-04_21-42-06_live_round,7efc699623d74ac8961a3f76a12cb867,2026-04-05T02:47:45.697528+00:00,1775357265697528000,172976024553166,2400,,,A,1198,60,1196.5,-3.0,15.490581416,1.0006381408560148
66113,market_research_2026-04-04_21-42-06_live_round,7efc699623d74ac8961a3f76a12cb867,2026-04-05T02:47:45.732655+00:00,1775357265732655000,172976059680750,2400,,,A,1197,40,1196.5,-1.0,15.525709,1.0006381408560148
66114,market_research_2026-04-04_21-42-06_live_round,7efc699623d74ac8961a3f76a12cb867,2026-04-05T02:47:45.732800+00:00,1775357265732800000,172976059825291,2400,,,A,1196,40,1196.5,-1.0,15.525853541,1.0006381408560148
66144,market_research_2026-04-04_21-42-06_live_round,7efc699623d74ac8961a3f76a12cb867,2026-04-05T02:47:46.008966+00:00,1775357266008966000,172976335992333,2400,,,ETF,3180,40,3168.5,-23.0,15.785421083,
66149,market_research_2026-04-04_21-42-06_live_round,7efc699623d74ac8961a3f76a12cb867,2026-04-05T02:47:46.072470+00:00,1775357266072470000,172976399495375,2400,,,ETF,3180,60,3169.0,-22.0,15.848924125,
66154,market_research_2026-04-04_21-42-06_live_round,7efc699623d74ac8961a3f76a12cb867,2026-04-05T02:47:46.123830+00:00,1775357266123830000,172976450856250,2400,,,ETF,3173,40,3166.0,-14.0,15.900285,
66155,market_research_2026-04-04_21-42-06_live_round,7efc699623d74ac8961a3f76a12cb867,2026-04-05T02:47:46.127103+00:00,1775357266127103000,172976454129000,2400,,,ETF,3172,40,3166.0,-14.0,15.90355775,
66161,market_research_2026-04-04_21-42-06_live_round,7efc699623d74ac8961a3f76a12cb867,2026-04-05T02:47:46.174449+00:00,1775357266174449000,172976501475375,2400,,,ETF,3172,20,3166.0,-12.0,15.950904125,
66162,market_research_2026-04-04_21-42-06_live_round,7efc699623d74ac8961a3f76a12cb867,2026-04-05T02:47:46.174593+00:00,1775357266174593000,172976501619791,2400,,,ETF,3171,80,3166.0,-12.0,15.951048541,
66189,market_research_2026-04-04_21-42-06_live_round,7efc699623d74ac8961a3f76a12cb867,2026-04-05T02:47:46.423532+00:00,1775357266423532000,172976750559000,2400,,,A,1194,40,1187.5,-13.0,16.21658725,1.0006381408560148
66194,market_research_2026-04-04_21-42-06_live_round,7efc699623d74ac8961a3f76a12cb867,2026-04-05T02:47:46.476495+00:00,1775357266476495000,172976803522250,2400,,,A,1194,60,1188.0,-12.0,16.2695505,1.0006381408560148
66199,market_research_2026-04-04_21-42-06_live_round,7efc699623d74ac8961a3f76a12cb867,2026-04-05T02:47:46.512458+00:00,1775357266512458000,172976839484958,2400,,,A,1188,40,1185.5,-5.0,16.305513208,1.0006381408560148
66200,market_research_2026-04-04_21-42-06_live_round,7efc699623d74ac8961a3f76a12cb867,2026-04-05T02:47:46.515431+00:00,1775357266515431000,172976842457791,2400,,,A,1187,40,1185.5,-5.0,16.308486041,1.0006381408560148
66206,market_research_2026-04-04_21-42-06_live_round,7efc699623d74ac8961a3f76a12cb867,2026-04-05T02:47:46.553609+00:00,1775357266553609000,172976880636541,2400,,,A,1187,20,1185.5,-3.0,16.346664791,1.0006381408560148
66207,market_research_2026-04-04_21-42-06_live_round,7efc699623d74ac8961a3f76a12cb867,2026-04-05T02:47:46.553741+00:00,1775357266553741000,172976880768000,2400,,,A,1186,80,1185.5,-3.0,16.34679625,1.0006381408560148
66230,market_research_2026-04-04_21-42-06_live_round,7efc699623d74ac8961a3f76a12cb867,2026-04-05T02:47:46.746552+00:00,1775357266746552000,172977073579416,2400,,,ETF,3170,40,3150.5,-39.0,16.523008166,
66235,market_research_2026-04-04_21-42-06_live_round,7efc699623d74ac8961a3f76a12cb867,2026-04-05T02:47:46.783014+00:00,1775357266783014000,172977110041958,2400,,,ETF,3170,60,3151.0,-38.0,16.559470708,
66240,market_research_2026-04-04_21-42-06_live_round,7efc699623d74ac8961a3f76a12cb867,2026-04-05T02:47:46.814046+00:00,1775357266814046000,172977141074000,2400,,,ETF,3151,40,3142.0,-18.0,16.59050275,
66241,market_research_2026-04-04_21-42-06_live_round,7efc699623d74ac8961a3f76a12cb867,2026-04-05T02:47:46.814180+00:00,1775357266814180000,172977141208125,2400,,,ETF,3150,40,3142.0,-18.0,16.590636875,
66247,market_research_2026-04-04_21-42-06_live_round,7efc699623d74ac8961a3f76a12cb867,2026-04-05T02:47:46.869254+00:00,1775357266869254000,172977196281416,2400,,,ETF,3150,20,3142.0,-16.0,16.645710166,
66248,market_research_2026-04-04_21-42-06_live_round,7efc699623d74ac8961a3f76a12cb867,2026-04-05T02:47:46.872380+00:00,1775357266872380000,172977199407333,2400,,,ETF,3149,80,3142.0,-16.0,16.648836083,
66271,market_research_2026-04-04_21-42-06_live_round,7efc699623d74ac8961a3f76a12cb867,2026-04-05T02:47:47.149622+00:00,1775357267149622000,172977476649666,2400,,,A,1185,40,1170.0,-30.0,16.942677916,1.0006381408560148
66276,market_research_2026-04-04_21-42-06_live_round,7efc699623d74ac8961a3f76a12cb867,2026-04-05T02:47:47.185685+00:00,1775357267185685000,172977512713083,2400,,,A,1185,60,1170.5,-29.0,16.978741333,1.0006381408560148
66281,market_research_2026-04-04_21-42-06_live_round,7efc699623d74ac8961a3f76a12cb867,2026-04-05T02:47:47.221850+00:00,1775357267221850000,172977548877625,2400,,,A,1175,40,1166.0,-18.0,17.014905875,1.0006381408560148
66282,market_research_2026-04-04_21-42-06_live_round,7efc699623d74ac8961a3f76a12cb867,2026-04-05T02:47:47.222035+00:00,1775357267222035000,172977549063166,2400,,,A,1174,40,1166.0,-18.0,17.015091416,1.0006381408560148
66288,market_research_2026-04-04_21-42-06_live_round,7efc699623d74ac8961a3f76a12cb867,2026-04-05T02:47:47.278420+00:00,1775357267278420000,172977605447625,2400,,,A,1174,20,1166.0,-16.0,17.071475875,1.0006381408560148
66293,market_research_2026-04-04_21-42-06_live_round,7efc699623d74ac8961a3f76a12cb867,2026-04-05T02:47:47.323006+00:00,1775357267323006000,172977650033916,2400,,,A,1173,80,1166.0,-16.0,17.116062166,1.0006381408560148
66316,market_research_2026-04-04_21-42-06_live_round,7efc699623d74ac8961a3f76a12cb867,2026-04-05T02:47:47.535484+00:00,1775357267535484000,172977862512750,2425,,,ETF,3148,40,3123.5,-49.0,17.3119415,
66321,market_research_2026-04-04_21-42-06_live_round,7efc699623d74ac8961a3f76a12cb867,2026-04-05T02:47:47.575003+00:00,1775357267575003000,172977902032208,2425,,,ETF,3148,60,3124.0,-48.0,17.351460958,
66326,market_research_2026-04-04_21-42-06_live_round,7efc699623d74ac8961a3f76a12cb867,2026-04-05T02:47:47.611507+00:00,1775357267611507000,172977938536666,2425,,,ETF,3125,40,3113.0,-24.0,17.387965416,
66327,market_research_2026-04-04_21-42-06_live_round,7efc699623d74ac8961a3f76a12cb867,2026-04-05T02:47:47.611661+00:00,1775357267611661000,172977938690125,2425,,,ETF,3124,40,3113.0,-24.0,17.388118875,
66333,market_research_2026-04-04_21-42-06_live_round,7efc699623d74ac8961a3f76a12cb867,2026-04-05T02:47:47.666715+00:00,1775357267666715000,172977993744583,2425,,,ETF,3124,20,3113.0,-22.0,17.443173333,
66334,market_research_2026-04-04_21-42-06_live_round,7efc699623d74ac8961a3f76a12cb867,2026-04-05T02:47:47.666884+00:00,1775357267666884000,172977993913791,2425,,,ETF,3123,80,3113.0,-22.0,17.443342541,
66356,market_research_2026-04-04_21-42-06_live_round,7efc699623d74ac8961a3f76a12cb867,2026-04-05T02:47:47.856134+00:00,1775357267856134000,172978183163458,2425,,,A,1172,40,1152.0,-40.0,17.649191708,1.0006381408560148
66361,market_research_2026-04-04_21-42-06_live_round,7efc699623d74ac8961a3f76a12cb867,2026-04-05T02:47:47.901554+00:00,1775357267901554000,172978228583708,2425,,,A,1172,60,1152.5,-39.0,17.694611958,1.0006381408560148
66366,market_research_2026-04-04_21-42-06_live_round,7efc699623d74ac8961a3f76a12cb867,2026-04-05T02:47:47.987649+00:00,1775357267987649000,172978314678666,2425,,,A,1149,40,1141.5,-15.0,17.780706916,1.0006381408560148
66367,market_research_2026-04-04_21-42-06_live_round,7efc699623d74ac8961a3f76a12cb867,2026-04-05T02:47:47.991474+00:00,1775357267991474000,172978318503791,2425,,,A,1148,40,1141.5,-15.0,17.784532041,1.0006381408560148
66373,market_research_2026-04-04_21-42-06_live_round,7efc699623d74ac8961a3f76a12cb867,2026-04-05T02:47:48.054107+00:00,1775357268054107000,172978381137000,2425,,,A,1148,20,1141.5,-13.0,17.84716525,1.0006381408560148
66374,market_research_2026-04-04_21-42-06_live_round,7efc699623d74ac8961a3f76a12cb867,2026-04-05T02:47:48.054310+00:00,1775357268054310000,172978381340041,2425,,,A,1147,80,1141.5,-13.0,17.847368291,1.0006381408560148
66396,market_research_2026-04-04_21-42-06_live_round,7efc699623d74ac8961a3f76a12cb867,2026-04-05T02:47:48.288294+00:00,1775357268288294000,172978615323916,2425,,,ETF,3122,40,3101.5,-41.0,18.064752666,
66405,market_research_2026-04-04_21-42-06_live_round,7efc699623d74ac8961a3f76a12cb867,2026-04-05T02:47:48.368046+00:00,1775357268368046000,172978695076416,2425,,,ETF,3122,60,3102.0,-40.0,18.144505166,
66410,market_research_2026-04-04_21-42-06_live_round,7efc699623d74ac8961a3f76a12cb867,2026-04-05T02:47:48.411826+00:00,1775357268411826000,172978738857166,2425,,,ETF,3093,40,3088.0,-10.0,18.188285916,
66411,market_research_2026-04-04_21-42-06_live_round,7efc699623d74ac8961a3f76a12cb867,2026-04-05T02:47:48.412031+00:00,1775357268412031000,172978739061416,2425,,,ETF,3092,40,3088.0,-10.0,18.188490166,
66417,market_research_2026-04-04_21-42-06_live_round,7efc699623d74ac8961a3f76a12cb867,2026-04-05T02:47:48.461859+00:00,1775357268461859000,172978788889000,2425,,,ETF,3092,20,3088.0,-8.0,18.23831775,
66418,market_research_2026-04-04_21-42-06_live_round,7efc699623d74ac8961a3f76a12cb867,2026-04-05T02:47:48.462064+00:00,1775357268462064000,172978789095000,2425,,,ETF,3091,80,3088.0,-8.0,18.23852375,
66440,market_research_2026-04-04_21-42-06_live_round,7efc699623d74ac8961a3f76a12cb867,2026-04-05T02:47:48.648810+00:00,1775357268648810000,172978975841125,2425,,,A,1146,40,1127.5,-37.0,18.441869375,1.0006381408560148
66445,market_research_2026-04-04_21-42-06_live_round,7efc699623d74ac8961a3f76a12cb867,2026-04-05T02:47:48.679800+00:00,1775357268679800000,172979006831041,2425,,,A,1146,60,1128.0,-36.0,18.472859291,1.0006381408560148
66450,market_research_2026-04-04_21-42-06_live_round,7efc699623d74ac8961a3f76a12cb867,2026-04-05T02:47:48.710601+00:00,1775357268710601000,172979037632916,2425,,,A,1126,40,1118.5,-15.0,18.503661166,1.0006381408560148
66451,market_research_2026-04-04_21-42-06_live_round,7efc699623d74ac8961a3f76a12cb867,2026-04-05T02:47:48.710729+00:00,1775357268710729000,172979037760875,2425,,,A,1125,40,1118.5,-15.0,18.503789125,1.0006381408560148
66457,market_research_2026-04-04_21-42-06_live_round,7efc699623d74ac8961a3f76a12cb867,2026-04-05T02:47:48.751645+00:00,1775357268751645000,172979078676125,2425,,,A,1125,20,1118.5,-13.0,18.544704375,1.0006381408560148
66458,market_research_2026-04-04_21-42-06_live_round,7efc699623d74ac8961a3f76a12cb867,2026-04-05T02:47:48.751765+00:00,1775357268751765000,172979078796250,2425,,,A,1124,80,1118.5,-13.0,18.5448245,1.0006381408560148
66480,market_research_2026-04-04_21-42-06_live_round,7efc699623d74ac8961a3f76a12cb867,2026-04-05T02:47:48.925406+00:00,1775357268925406000,172979252437875,2425,,,ETF,3090,40,3080.5,-19.0,18.701866625,
66485,market_research_2026-04-04_21-42-06_live_round,7efc699623d74ac8961a3f76a12cb867,2026-04-05T02:47:48.960899+00:00,1775357268960899000,172979287930375,2425,,,ETF,3090,60,3081.0,-18.0,18.737359125,
66490,market_research_2026-04-04_21-42-06_live_round,7efc699623d74ac8961a3f76a12cb867,2026-04-05T02:47:48.996003+00:00,1775357268996003000,172979323034958,2425,,,ETF,3075,40,3074.0,-2.0,18.772463708,
66491,market_research_2026-04-04_21-42-06_live_round,7efc699623d74ac8961a3f76a12cb867,2026-04-05T02:47:48.996133+00:00,1775357268996133000,172979323164625,2425,,,ETF,3074,40,3074.0,-2.0,18.772593375,
66497,market_research_2026-04-04_21-42-06_live_round,7efc699623d74ac8961a3f76a12cb867,2026-04-05T02:47:49.037360+00:00,1775357269037360000,172979364392208,2425,,,ETF,3074,20,3074.0,0.0,18.813820958,
66519,market_research_2026-04-04_21-42-06_live_round,7efc699623d74ac8961a3f76a12cb867,2026-04-05T02:47:49.216329+00:00,1775357269216329000,172979543361208,2425,,,A,1123,40,1110.0,-26.0,19.009389458,1.0006381408560148
66524,market_research_2026-04-04_21-42-06_live_round,7efc699623d74ac8961a3f76a12cb867,2026-04-05T02:47:49.248506+00:00,1775357269248506000,172979575538916,2425,,,A,1123,60,1110.5,-25.0,19.041567166,1.0006381408560148
66529,market_research_2026-04-04_21-42-06_live_round,7efc699623d74ac8961a3f76a12cb867,2026-04-05T02:47:49.303231+00:00,1775357269303231000,172979630262500,2425,,,A,1103,40,1101.0,-4.0,19.09629075,1.0006381408560148
66530,market_research_2026-04-04_21-42-06_live_round,7efc699623d74ac8961a3f76a12cb867,2026-04-05T02:47:49.307142+00:00,1775357269307142000,172979634174166,2425,,,A,1102,40,1101.0,-4.0,19.100202416,1.0006381408560148
66536,market_research_2026-04-04_21-42-06_live_round,7efc699623d74ac8961a3f76a12cb867,2026-04-05T02:47:49.376712+00:00,1775357269376712000,172979703744416,2425,,,A,1102,20,1101.0,-2.0,19.169772666,1.0006381408560148
66541,market_research_2026-04-04_21-42-06_live_round,7efc699623d74ac8961a3f76a12cb867,2026-04-05T02:47:49.429823+00:00,1775357269429823000,172979756855208,2425,,,A,1101,80,1101.0,-2.0,19.222883458,1.0006381408560148
66563,market_research_2026-04-04_21-42-06_live_round,7efc699623d74ac8961a3f76a12cb867,2026-04-05T02:47:49.699224+00:00,1775357269699224000,172980026256583,2425,,,ETF,3072,40,3065.0,-14.0,19.475685333,
66568,market_research_2026-04-04_21-42-06_live_round,7efc699623d74ac8961a3f76a12cb867,2026-04-05T02:47:49.762107+00:00,1775357269762107000,172980089140000,2425,,,ETF,3072,60,3065.5,-13.0,19.53856875,
66573,market_research_2026-04-04_21-42-06_live_round,7efc699623d74ac8961a3f76a12cb867,2026-04-05T02:47:49.810262+00:00,1775357269810262000,172980137295166,2425,,,ETF,3065,40,3062.5,-5.0,19.586723916,
66574,market_research_2026-04-04_21-42-06_live_round,7efc699623d74ac8961a3f76a12cb867,2026-04-05T02:47:49.810464+00:00,1775357269810464000,172980137497750,2425,,,ETF,3064,40,3062.5,-5.0,19.5869265,
66580,market_research_2026-04-04_21-42-06_live_round,7efc699623d74ac8961a3f76a12cb867,2026-04-05T02:47:49.859982+00:00,1775357269859982000,172980187015458,2425,,,ETF,3064,20,3062.5,-3.0,19.636444208,
66581,market_research_2026-04-04_21-42-06_live_round,7efc699623d74ac8961a3f76a12cb867,2026-04-05T02:47:49.860199+00:00,1775357269860199000,172980187232791,2425,,,ETF,3063,80,3062.5,-3.0,19.636661541,
66603,market_research_2026-04-04_21-42-06_live_round,7efc699623d74ac8961a3f76a12cb867,2026-04-05T02:47:50.066023+00:00,1775357270066023000,172980393057166,2425,,,A,1100,40,1097.5,-5.0,19.859085416,1.0006381408560148
66608,market_research_2026-04-04_21-42-06_live_round,7efc699623d74ac8961a3f76a12cb867,2026-04-05T02:47:50.111262+00:00,1775357270111262000,172980438295916,2425,,,A,1100,60,1098.0,-4.0,19.904324166,1.0006381408560148
66668,market_research_2026-04-04_21-42-06_live_round,7efc699623d74ac8961a3f76a12cb867,2026-04-05T02:47:50.758494+00:00,1775357270758494000,172981085528875,2425,,,A,1097,40,1097.5,-1.0,20.551557125,1.0006381408560148
66673,market_research_2026-04-04_21-42-06_live_round,7efc699623d74ac8961a3f76a12cb867,2026-04-05T02:47:50.792316+00:00,1775357270792316000,172981119352041,2425,,,A,1097,40,1097.0,0.0,20.585380291,1.0006381408560148
66702,market_research_2026-04-04_21-42-06_live_round,7efc699623d74ac8961a3f76a12cb867,2026-04-05T02:47:51.045728+00:00,1775357271045728000,172981372764041,2425,,,ETF,3065,40,3068.0,-6.0,20.822192791,
66707,market_research_2026-04-04_21-42-06_live_round,7efc699623d74ac8961a3f76a12cb867,2026-04-05T02:47:51.093253+00:00,1775357271093253000,172981420288458,2425,,,ETF,3066,60,3068.0,-4.0,20.869717208,
66712,market_research_2026-04-04_21-42-06_live_round,7efc699623d74ac8961a3f76a12cb867,2026-04-05T02:47:51.123990+00:00,1775357271123990000,172981451026666,2425,,,ETF,3067,80,3068.0,-2.0,20.900455416,
66717,market_research_2026-04-04_21-42-06_live_round,7efc699623d74ac8961a3f76a12cb867,2026-04-05T02:47:51.156506+00:00,1775357271156506000,172981483542500,2425,,,ETF,3068,100,3068.0,0.0,20.93297125,
66742,market_research_2026-04-04_21-42-06_live_round,7efc699623d74ac8961a3f76a12cb867,2026-04-05T02:47:51.377458+00:00,1775357271377458000,172981704494458,2425,,,A,1098,40,1104.5,-13.0,21.170522708,1.0006381408560148
66747,market_research_2026-04-04_21-42-06_live_round,7efc699623d74ac8961a3f76a12cb867,2026-04-05T02:47:51.415928+00:00,1775357271415928000,172981742965166,2425,,,A,1098,60,1104.0,-12.0,21.208993416,1.0006381408560148
66752,market_research_2026-04-04_21-42-06_live_round,7efc699623d74ac8961a3f76a12cb867,2026-04-05T02:47:51.443904+00:00,1775357271443904000,172981770940583,2425,,,A,1104,40,1106.5,-5.0,21.236968833,1.0006381408560148
66753,market_research_2026-04-04_21-42-06_live_round,7efc699623d74ac8961a3f76a12cb867,2026-04-05T02:47:51.444028+00:00,1775357271444028000,172981771064666,2425,,,A,1105,40,1106.5,-5.0,21.237092916,1.0006381408560148
66763,market_research_2026-04-04_21-42-06_live_round,7efc699623d74ac8961a3f76a12cb867,2026-04-05T02:47:51.518955+00:00,1775357271518955000,172981845991875,2425,,,A,1105,20,1106.5,-3.0,21.312020125,1.0006381408560148
66764,market_research_2026-04-04_21-42-06_live_round,7efc699623d74ac8961a3f76a12cb867,2026-04-05T02:47:51.521922+00:00,1775357271521922000,172981848959166,2425,,,A,1106,80,1106.5,-3.0,21.314987416,1.0006381408560148
66789,market_research_2026-04-04_21-42-06_live_round,7efc699623d74ac8961a3f76a12cb867,2026-04-05T02:47:51.756083+00:00,1775357271756083000,172982083119833,2425,,,ETF,3077,40,3079.0,-4.0,21.532548583,
66794,market_research_2026-04-04_21-42-06_live_round,7efc699623d74ac8961a3f76a12cb867,2026-04-05T02:47:51.791079+00:00,1775357271791079000,172982118116041,2425,,,ETF,3078,60,3079.0,-2.0,21.567544791,
66799,market_research_2026-04-04_21-42-06_live_round,7efc699623d74ac8961a3f76a12cb867,2026-04-05T02:47:51.825316+00:00,1775357271825316000,172982152353125,2425,,,ETF,3079,80,3079.0,0.0,21.601781875,
66823,market_research_2026-04-04_21-42-06_live_round,7efc699623d74ac8961a3f76a12cb867,2026-04-05T02:47:52.031659+00:00,1775357272031659000,172982358696041,2425,,,A,1107,40,1112.5,-11.0,21.824724291,1.0006381408560148
66828,market_research_2026-04-04_21-42-06_live_round,7efc699623d74ac8961a3f76a12cb867,2026-04-05T02:47:52.062507+00:00,1775357272062507000,172982389544625,2425,,,A,1107,60,1112.0,-10.0,21.855572875,1.0006381408560148
66857,market_research_2026-04-04_21-42-06_live_round,7efc699623d74ac8961a3f76a12cb867,2026-04-05T02:47:52.348823+00:00,1775357272348823000,172982675861041,2425,,,ETF,3080,40,3082.5,-5.0,22.125289791,
66862,market_research_2026-04-04_21-42-06_live_round,7efc699623d74ac8961a3f76a12cb867,2026-04-05T02:47:52.388345+00:00,1775357272388345000,172982715382958,2425,,,ETF,3080,60,3082.0,-4.0,22.164811708,
66924,market_research_2026-04-04_21-42-06_live_round,7efc699623d74ac8961a3f76a12cb867,2026-04-05T02:47:52.997673+00:00,1775357272997673000,172983324712875,2425,,,ETF,3083,40,3082.0,-2.0,22.774141625,
66929,market_research_2026-04-04_21-42-06_live_round,7efc699623d74ac8961a3f76a12cb867,2026-04-05T02:47:53.028513+00:00,1775357273028513000,172983355553000,2425,,,ETF,3083,40,3082.5,-1.0,22.80498175,
66930,market_research_2026-04-04_21-42-06_live_round,7efc699623d74ac8961a3f76a12cb867,2026-04-05T02:47:53.028653+00:00,1775357273028653000,172983355693166,2425,,,ETF,3082,20,3082.5,-1.0,22.805121916,
66961,market_research_2026-04-04_21-42-06_live_round,7efc699623d74ac8961a3f76a12cb867,2026-04-05T02:47:53.299684+00:00,1775357273299684000,172983626723583,2425,,,A,1119,40,1114.5,-9.0,23.092751833,1.0006381408560148
66966,market_research_2026-04-04_21-42-06_live_round,7efc699623d74ac8961a3f76a12cb867,2026-04-05T02:47:53.342452+00:00,1775357273342452000,172983669492625,2425,,,A,1118,60,1114.5,-7.0,23.135520875,1.0006381408560148
66971,market_research_2026-04-04_21-42-06_live_round,7efc699623d74ac8961a3f76a12cb867,2026-04-05T02:47:53.378649+00:00,1775357273378649000,172983705689333,2425,,,A,1117,80,1114.5,-5.0,23.171717583,1.0006381408560148
66976,market_research_2026-04-04_21-42-06_live_round,7efc699623d74ac8961a3f76a12cb867,2026-04-05T02:47:53.418390+00:00,1775357273418390000,172983745430958,2425,,,A,1116,100,1114.5,-3.0,23.211459208,1.0006381408560148
67006,market_research_2026-04-04_21-42-06_live_round,7efc699623d74ac8961a3f76a12cb867,2026-04-05T02:47:53.759136+00:00,1775357273759136000,172984086176750,2425,,,ETF,3082,40,3072.5,-19.0,23.5356055,
67011,market_research_2026-04-04_21-42-06_live_round,7efc699623d74ac8961a3f76a12cb867,2026-04-05T02:47:53.797335+00:00,1775357273797335000,172984124376166,2425,,,ETF,3082,40,3073.0,-18.0,23.573804916,
67012,market_research_2026-04-04_21-42-06_live_round,7efc699623d74ac8961a3f76a12cb867,2026-04-05T02:47:53.797499+00:00,1775357273797499000,172984124540250,2425,,,ETF,3075,20,3073.0,-18.0,23.573969,
67018,market_research_2026-04-04_21-42-06_live_round,7efc699623d74ac8961a3f76a12cb867,2026-04-05T02:47:53.844567+00:00,1775357273844567000,172984171607833,2425,,,ETF,3075,20,3070.0,-10.0,23.621036583,
67019,market_research_2026-04-04_21-42-06_live_round,7efc699623d74ac8961a3f76a12cb867,2026-04-05T02:47:53.847372+00:00,1775357273847372000,172984174413291,2425,,,ETF,3074,60,3070.0,-10.0,23.623842041,
67025,market_research_2026-04-04_21-42-06_live_round,7efc699623d74ac8961a3f76a12cb867,2026-04-05T02:47:53.916915+00:00,1775357273916915000,172984243956208,2425,,,ETF,3073,80,3069.5,-7.0,23.693384958,
67026,market_research_2026-04-04_21-42-06_live_round,7efc699623d74ac8961a3f76a12cb867,2026-04-05T02:47:53.919957+00:00,1775357273919957000,172984246998541,2425,,,ETF,3072,20,3069.5,-7.0,23.696427291,
67050,market_research_2026-04-04_21-42-06_live_round,7efc699623d74ac8961a3f76a12cb867,2026-04-05T02:47:54.135815+00:00,1775357274135815000,172984462856583,2425,,,A,1104,40,1095.0,-18.0,23.928884833,1.0006381408560148
67055,market_research_2026-04-04_21-42-06_live_round,7efc699623d74ac8961a3f76a12cb867,2026-04-05T02:47:54.177746+00:00,1775357274177746000,172984504787333,2425,,,A,1103,60,1095.0,-16.0,23.970815583,1.0006381408560148
67060,market_research_2026-04-04_21-42-06_live_round,7efc699623d74ac8961a3f76a12cb867,2026-04-05T02:47:54.223964+00:00,1775357274223964000,172984551005833,2425,,,A,1102,80,1095.0,-14.0,24.017034083,1.0006381408560148
67065,market_research_2026-04-04_21-42-06_live_round,7efc699623d74ac8961a3f76a12cb867,2026-04-05T02:47:54.258817+00:00,1775357274258817000,172984585858833,2425,,,A,1101,100,1095.0,-12.0,24.051887083,1.0006381408560148
67087,market_research_2026-04-04_21-42-06_live_round,7efc699623d74ac8961a3f76a12cb867,2026-04-05T02:47:54.439058+00:00,1775357274439058000,172984766099875,2425,,,ETF,3072,40,3049.5,-45.0,24.215528625,
67092,market_research_2026-04-04_21-42-06_live_round,7efc699623d74ac8961a3f76a12cb867,2026-04-05T02:47:54.473143+00:00,1775357274473143000,172984800185458,2425,,,ETF,3072,40,3050.0,-44.0,24.249614208,
67093,market_research_2026-04-04_21-42-06_live_round,7efc699623d74ac8961a3f76a12cb867,2026-04-05T02:47:54.473338+00:00,1775357274473338000,172984800380416,2425,,,ETF,3057,20,3050.0,-44.0,24.249809166,
67099,market_research_2026-04-04_21-42-06_live_round,7efc699623d74ac8961a3f76a12cb867,2026-04-05T02:47:54.527203+00:00,1775357274527203000,172984854245291,2425,,,ETF,3057,20,3043.0,-28.0,24.303674041,
67100,market_research_2026-04-04_21-42-06_live_round,7efc699623d74ac8961a3f76a12cb867,2026-04-05T02:47:54.527436+00:00,1775357274527436000,172984854478916,2425,,,ETF,3056,60,3043.0,-28.0,24.303907666,
67106,market_research_2026-04-04_21-42-06_live_round,7efc699623d74ac8961a3f76a12cb867,2026-04-05T02:47:54.576432+00:00,1775357274576432000,172984903475041,2425,,,ETF,3055,80,3042.5,-25.0,24.352903791,
67107,market_research_2026-04-04_21-42-06_live_round,7efc699623d74ac8961a3f76a12cb867,2026-04-05T02:47:54.579259+00:00,1775357274579259000,172984906301625,2425,,,ETF,3054,20,3042.5,-25.0,24.355730375,
67134,market_research_2026-04-04_21-42-06_live_round,7efc699623d74ac8961a3f76a12cb867,2026-04-05T02:47:54.817136+00:00,1775357274817136000,172985144179500,2425,,,A,1080,40,1067.5,-25.0,24.61020775,1.0006381408560148
67139,market_research_2026-04-04_21-42-06_live_round,7efc699623d74ac8961a3f76a12cb867,2026-04-05T02:47:54.857030+00:00,1775357274857030000,172985184073500,2425,,,A,1079,60,1067.5,-23.0,24.65010175,1.0006381408560148
67144,market_research_2026-04-04_21-42-06_live_round,7efc699623d74ac8961a3f76a12cb867,2026-04-05T02:47:54.903727+00:00,1775357274903727000,172985230769625,2425,,,A,1078,80,1067.5,-21.0,24.696797875,1.0006381408560148
67149,market_research_2026-04-04_21-42-06_live_round,7efc699623d74ac8961a3f76a12cb867,2026-04-05T02:47:54.946614+00:00,1775357274946614000,172985273657583,2425,,,A,1077,100,1067.5,-19.0,24.739685833,1.0006381408560148
67170,market_research_2026-04-04_21-42-06_live_round,7efc699623d74ac8961a3f76a12cb867,2026-04-05T02:47:55.143507+00:00,1775357275143507000,172985470550416,2425,,,ETF,3054,40,3022.0,-64.0,24.919979166,
67175,market_research_2026-04-04_21-42-06_live_round,7efc699623d74ac8961a3f76a12cb867,2026-04-05T02:47:55.186102+00:00,1775357275186102000,172985513146291,2425,,,ETF,3054,40,3022.5,-63.0,24.962575041,
67176,market_research_2026-04-04_21-42-06_live_round,7efc699623d74ac8961a3f76a12cb867,2026-04-05T02:47:55.186258+00:00,1775357275186258000,172985513302041,2425,,,ETF,3021,20,3022.5,-63.0,24.962730791,
67182,market_research_2026-04-04_21-42-06_live_round,7efc699623d74ac8961a3f76a12cb867,2026-04-05T02:47:55.227388+00:00,1775357275227388000,172985554431833,2425,,,ETF,3021,20,3006.5,-29.0,25.003860583,
67183,market_research_2026-04-04_21-42-06_live_round,7efc699623d74ac8961a3f76a12cb867,2026-04-05T02:47:55.227534+00:00,1775357275227534000,172985554578708,2425,,,ETF,3020,60,3006.5,-29.0,25.004007458,
67189,market_research_2026-04-04_21-42-06_live_round,7efc699623d74ac8961a3f76a12cb867,2026-04-05T02:47:55.268121+00:00,1775357275268121000,172985595164666,2425,,,ETF,3019,80,3006.0,-26.0,25.044593416,
67190,market_research_2026-04-04_21-42-06_live_round,7efc699623d74ac8961a3f76a12cb867,2026-04-05T02:47:55.268353+00:00,1775357275268353000,172985595396833,2425,,,ETF,3018,20,3006.0,-26.0,25.044825583,
67212,market_research_2026-04-04_21-42-06_live_round,7efc699623d74ac8961a3f76a12cb867,2026-04-05T02:47:55.494401+00:00,1775357275494401000,172985821445291,2425,,,A,1049,40,1035.0,-28.0,25.287473541,1.0006381408560148
67217,market_research_2026-04-04_21-42-06_live_round,7efc699623d74ac8961a3f76a12cb867,2026-04-05T02:47:55.543391+00:00,1775357275543391000,172985870435458,2425,,,A,1048,60,1035.0,-26.0,25.336463708,1.0006381408560148
67222,market_research_2026-04-04_21-42-06_live_round,7efc699623d74ac8961a3f76a12cb867,2026-04-05T02:47:55.577983+00:00,1775357275577983000,172985905027541,2425,,,A,1047,80,1035.0,-24.0,25.371055791,1.0006381408560148
67227,market_research_2026-04-04_21-42-06_live_round,7efc699623d74ac8961a3f76a12cb867,2026-04-05T02:47:55.615837+00:00,1775357275615837000,172985942881250,2425,,,A,1046,100,1035.0,-22.0,25.4089095,1.0006381408560148
67252,market_research_2026-04-04_21-42-06_live_round,7efc699623d74ac8961a3f76a12cb867,2026-04-05T02:47:55.864184+00:00,1775357275864184000,172986191229416,2425,,,ETF,3018,40,2991.5,-53.0,25.640658166,
67257,market_research_2026-04-04_21-42-06_live_round,7efc699623d74ac8961a3f76a12cb867,2026-04-05T02:47:55.908146+00:00,1775357275908146000,172986235190916,2425,,,ETF,3018,40,2992.0,-52.0,25.684619666,
67258,market_research_2026-04-04_21-42-06_live_round,7efc699623d74ac8961a3f76a12cb867,2026-04-05T02:47:55.908416+00:00,1775357275908416000,172986235460166,2425,,,ETF,2984,20,2992.0,-52.0,25.684888916,
67264,market_research_2026-04-04_21-42-06_live_round,7efc699623d74ac8961a3f76a12cb867,2026-04-05T02:47:55.966470+00:00,1775357275966470000,172986293515416,2425,,,ETF,2984,20,2975.5,-17.0,25.742944166,
67265,market_research_2026-04-04_21-42-06_live_round,7efc699623d74ac8961a3f76a12cb867,2026-04-05T02:47:55.969298+00:00,1775357275969298000,172986296343500,2425,,,ETF,2983,60,2975.5,-17.0,25.74577225,
67271,market_research_2026-04-04_21-42-06_live_round,7efc699623d74ac8961a3f76a12cb867,2026-04-05T02:47:56.018910+00:00,1775357276018910000,172986345955958,2425,,,ETF,2982,80,2975.0,-14.0,25.795384708,
67272,market_research_2026-04-04_21-42-06_live_round,7efc699623d74ac8961a3f76a12cb867,2026-04-05T02:47:56.019063+00:00,1775357276019063000,172986346109250,2425,,,ETF,2981,20,2975.0,-14.0,25.795538,
67294,market_research_2026-04-04_21-42-06_live_round,7efc699623d74ac8961a3f76a12cb867,2026-04-05T02:47:56.241022+00:00,1775357276241022000,172986568067833,2425,,,A,1015,40,1005.5,-19.0,26.034096083,1.0006381408560148
67299,market_research_2026-04-04_21-42-06_live_round,7efc699623d74ac8961a3f76a12cb867,2026-04-05T02:47:56.273755+00:00,1775357276273755000,172986600800916,2425,,,A,1014,60,1005.5,-17.0,26.066829166,1.0006381408560148
67304,market_research_2026-04-04_21-42-06_live_round,7efc699623d74ac8961a3f76a12cb867,2026-04-05T02:47:56.339004+00:00,1775357276339004000,172986666050375,2425,,,A,1013,80,1005.5,-15.0,26.132078625,1.0006381408560148
67309,market_research_2026-04-04_21-42-06_live_round,7efc699623d74ac8961a3f76a12cb867,2026-04-05T02:47:56.378069+00:00,1775357276378069000,172986705115000,2425,,,A,1012,100,1005.5,-13.0,26.17114325,1.0006381408560148
67330,market_research_2026-04-04_21-42-06_live_round,7efc699623d74ac8961a3f76a12cb867,2026-04-05T02:47:56.581348+00:00,1775357276581348000,172986908394666,2425,,,ETF,2981,40,2962.5,-37.0,26.357823416,
67335,market_research_2026-04-04_21-42-06_live_round,7efc699623d74ac8961a3f76a12cb867,2026-04-05T02:47:56.621746+00:00,1775357276621746000,172986948792750,2425,,,ETF,2981,40,2963.0,-36.0,26.3982215,
67336,market_research_2026-04-04_21-42-06_live_round,7efc699623d74ac8961a3f76a12cb867,2026-04-05T02:47:56.624543+00:00,1775357276624543000,172986951590041,2425,,,ETF,2959,20,2963.0,-36.0,26.401018791,
67342,market_research_2026-04-04_21-42-06_live_round,7efc699623d74ac8961a3f76a12cb867,2026-04-05T02:47:56.670334+00:00,1775357276670334000,172986997381375,2425,,,ETF,2959,20,2952.5,-13.0,26.446810125,
67343,market_research_2026-04-04_21-42-06_live_round,7efc699623d74ac8961a3f76a12cb867,2026-04-05T02:47:56.670480+00:00,1775357276670480000,172986997526916,2425,,,ETF,2958,60,2952.5,-13.0,26.446955666,
67349,market_research_2026-04-04_21-42-06_live_round,7efc699623d74ac8961a3f76a12cb867,2026-04-05T02:47:56.717970+00:00,1775357276717970000,172987045017041,2425,,,ETF,2957,80,2952.0,-10.0,26.494445791,
67354,market_research_2026-04-04_21-42-06_live_round,7efc699623d74ac8961a3f76a12cb867,2026-04-05T02:47:56.763200+00:00,1775357276763200000,172987090246708,2425,,,ETF,2956,20,2952.0,-10.0,26.539675458,
67376,market_research_2026-04-04_21-42-06_live_round,7efc699623d74ac8961a3f76a12cb867,2026-04-05T02:47:56.972966+00:00,1775357276972966000,172987300013250,2425,,,A,990,40,985.5,-9.0,26.7660415,1.0006381408560148
67381,market_research_2026-04-04_21-42-06_live_round,7efc699623d74ac8961a3f76a12cb867,2026-04-05T02:47:57.008557+00:00,1775357277008557000,172987335604166,2425,,,A,989,60,985.5,-7.0,26.801632416,1.0006381408560148
67386,market_research_2026-04-04_21-42-06_live_round,7efc699623d74ac8961a3f76a12cb867,2026-04-05T02:47:57.040136+00:00,1775357277040136000,172987367183208,2425,,,A,988,80,985.5,-5.0,26.833211458,1.0006381408560148
67391,market_research_2026-04-04_21-42-06_live_round,7efc699623d74ac8961a3f76a12cb867,2026-04-05T02:47:57.073506+00:00,1775357277073506000,172987400554083,2425,,,A,987,100,985.5,-3.0,26.866582333,1.0006381408560148
67412,market_research_2026-04-04_21-42-06_live_round,7efc699623d74ac8961a3f76a12cb867,2026-04-05T02:47:57.257585+00:00,1775357277257585000,172987584633625,2425,,,ETF,2956,40,2948.5,-15.0,27.034062375,
67417,market_research_2026-04-04_21-42-06_live_round,7efc699623d74ac8961a3f76a12cb867,2026-04-05T02:47:57.291389+00:00,1775357277291389000,172987618436708,2425,,,ETF,2956,40,2949.0,-14.0,27.067865458,
67536,market_research_2026-04-04_21-42-06_live_round,7efc699623d74ac8961a3f76a12cb867,2026-04-05T02:47:58.515849+00:00,1775357278515849000,172988842899125,2425,,,ETF,2942,40,2944.5,-5.0,28.292327875,
67541,market_research_2026-04-04_21-42-06_live_round,7efc699623d74ac8961a3f76a12cb867,2026-04-05T02:47:58.566860+00:00,1775357278566860000,172988893910958,2425,,,ETF,2943,60,2944.5,-3.0,28.343339708,
67546,market_research_2026-04-04_21-42-06_live_round,7efc699623d74ac8961a3f76a12cb867,2026-04-05T02:47:58.603067+00:00,1775357278603067000,172988930117875,2425,,,ETF,2944,80,2944.5,-1.0,28.379546625,
67551,market_research_2026-04-04_21-42-06_live_round,7efc699623d74ac8961a3f76a12cb867,2026-04-05T02:47:58.637526+00:00,1775357278637526000,172988964576875,2425,,,ETF,2944,20,2944.0,0.0,28.414005625,
67552,market_research_2026-04-04_21-42-06_live_round,7efc699623d74ac8961a3f76a12cb867,2026-04-05T02:47:58.637672+00:00,1775357278637672000,172988964722583,2425,,,ETF,2944,80,2944.0,0.0,28.414151333,
67613,market_research_2026-04-04_21-42-06_live_round,7efc699623d74ac8961a3f76a12cb867,2026-04-05T02:47:59.219278+00:00,1775357279219278000,172989546329958,2425,,,ETF,2945,40,2949.0,-8.0,28.995758708,
67618,market_research_2026-04-04_21-42-06_live_round,7efc699623d74ac8961a3f76a12cb867,2026-04-05T02:47:59.256070+00:00,1775357279256070000,172989583121708,2425,,,ETF,2945,60,2948.5,-7.0,29.032550458,
67647,market_research_2026-04-04_21-42-06_live_round,7efc699623d74ac8961a3f76a12cb867,2026-04-05T02:47:59.563654+00:00,1775357279563654000,172989890706250,2425,,,A,977,40,978.0,-2.0,29.3567345,1.0006381408560148
67652,market_research_2026-04-04_21-42-06_live_round,7efc699623d74ac8961a3f76a12cb867,2026-04-05T02:47:59.605396+00:00,1775357279605396000,172989932448166,2425,,,A,977,60,977.5,-1.0,29.398476416,1.0006381408560148
67717,market_research_2026-04-04_21-42-06_live_round,7efc699623d74ac8961a3f76a12cb867,2026-04-05T02:48:00.278801+00:00,1775357280278801000,172990605854875,2425,,,A,981,40,982.0,-2.0,30.071883125,1.0006381408560148
67722,market_research_2026-04-04_21-42-06_live_round,7efc699623d74ac8961a3f76a12cb867,2026-04-05T02:48:00.317195+00:00,1775357280317195000,172990644248458,2425,,,A,981,60,981.5,-1.0,30.110276708,1.0006381408560148
67737,market_research_2026-04-04_21-42-06_live_round,7efc699623d74ac8961a3f76a12cb867,2026-04-05T02:48:00.449302+00:00,1775357280449302000,172990776356291,2425,,,B,1029,40,1029.0,0.0,,
67755,market_research_2026-04-04_21-42-06_live_round,7efc699623d74ac8961a3f76a12cb867,2026-04-05T02:48:00.616319+00:00,1775357280616319000,172990943373666,2425,,,ETF,2950,40,2948.0,-4.0,30.392802416,
67760,market_research_2026-04-04_21-42-06_live_round,7efc699623d74ac8961a3f76a12cb867,2026-04-05T02:48:00.656102+00:00,1775357280656102000,172990983156500,2425,,,ETF,2950,60,2948.5,-3.0,30.43258525,
67765,market_research_2026-04-04_21-42-06_live_round,7efc699623d74ac8961a3f76a12cb867,2026-04-05T02:48:00.695663+00:00,1775357280695663000,172991022717625,2425,,,ETF,2949,40,2948.5,-1.0,30.472146375,
67766,market_research_2026-04-04_21-42-06_live_round,7efc699623d74ac8961a3f76a12cb867,2026-04-05T02:48:00.695816+00:00,1775357280695816000,172991022871041,2425,,,ETF,2948,40,2948.5,-1.0,30.472299791,
67829,market_research_2026-04-04_21-42-06_live_round,7efc699623d74ac8961a3f76a12cb867,2026-04-05T02:48:01.330321+00:00,1775357281330321000,172991657376875,2425,,,ETF,2946,40,2940.5,-11.0,31.106805625,
67834,market_research_2026-04-04_21-42-06_live_round,7efc699623d74ac8961a3f76a12cb867,2026-04-05T02:48:01.361506+00:00,1775357281361506000,172991688562000,2425,,,ETF,2946,60,2941.0,-10.0,31.13799075,
67842,market_research_2026-04-04_21-42-06_live_round,7efc699623d74ac8961a3f76a12cb867,2026-04-05T02:48:01.435330+00:00,1775357281435330000,172991762386291,2425,,,ETF,2940,40,2938.5,-3.0,31.211815041,
67843,market_research_2026-04-04_21-42-06_live_round,7efc699623d74ac8961a3f76a12cb867,2026-04-05T02:48:01.435489+00:00,1775357281435489000,172991762545791,2425,,,ETF,2939,40,2938.5,-3.0,31.211974541,
67850,market_research_2026-04-04_21-42-06_live_round,7efc699623d74ac8961a3f76a12cb867,2026-04-05T02:48:01.492276+00:00,1775357281492276000,172991819331875,2425,,,ETF,2939,20,2938.5,-1.0,31.268760625,
67851,market_research_2026-04-04_21-42-06_live_round,7efc699623d74ac8961a3f76a12cb867,2026-04-05T02:48:01.492424+00:00,1775357281492424000,172991819480125,2425,,,ETF,2938,80,2938.5,-1.0,31.268908875,
67870,market_research_2026-04-04_21-42-06_live_round,7efc699623d74ac8961a3f76a12cb867,2026-04-05T02:48:01.680707+00:00,1775357281680707000,172992007763250,2425,,,A,981,40,980.0,-2.0,31.4737915,1.0006381408560148
67875,market_research_2026-04-04_21-42-06_live_round,7efc699623d74ac8961a3f76a12cb867,2026-04-05T02:48:01.721580+00:00,1775357281721580000,172992048636416,2425,,,A,980,60,980.0,0.0,31.514664666,1.0006381408560148
67911,market_research_2026-04-04_21-42-06_live_round,7efc699623d74ac8961a3f76a12cb867,2026-04-05T02:48:02.061820+00:00,1775357282061820000,172992388877250,2425,,,ETF,2937,40,2924.0,-26.0,31.838306,
67929,market_research_2026-04-04_21-42-06_live_round,7efc699623d74ac8961a3f76a12cb867,2026-04-05T02:48:02.236372+00:00,1775357282236372000,172992563429708,2425,,,ETF,2937,60,2924.5,-25.0,32.012858458,
67936,market_research_2026-04-04_21-42-06_live_round,7efc699623d74ac8961a3f76a12cb867,2026-04-05T02:48:02.309584+00:00,1775357282309584000,172992636641541,2425,,,ETF,2929,40,2921.0,-16.0,32.086070291,
67937,market_research_2026-04-04_21-42-06_live_round,7efc699623d74ac8961a3f76a12cb867,2026-04-05T02:48:02.309721+00:00,1775357282309721000,172992636778750,2425,,,ETF,2928,40,2921.0,-16.0,32.0862075,
67943,market_research_2026-04-04_21-42-06_live_round,7efc699623d74ac8961a3f76a12cb867,2026-04-05T02:48:02.345087+00:00,1775357282345087000,172992672145375,2425,,,ETF,2928,20,2921.0,-14.0,32.121574125,
67944,market_research_2026-04-04_21-42-06_live_round,7efc699623d74ac8961a3f76a12cb867,2026-04-05T02:48:02.345212+00:00,1775357282345212000,172992672270333,2425,,,ETF,2927,80,2921.0,-14.0,32.121699083,
67951,market_research_2026-04-04_21-42-06_live_round,7efc699623d74ac8961a3f76a12cb867,2026-04-05T02:48:02.402847+00:00,1775357282402847000,172992729904666,2425,,,A,978,40,971.0,-14.0,32.195932916,1.0006381408560148
67956,market_research_2026-04-04_21-42-06_live_round,7efc699623d74ac8961a3f76a12cb867,2026-04-05T02:48:02.436283+00:00,1775357282436283000,172992763340541,2425,,,A,978,60,971.5,-13.0,32.229368791,1.0006381408560148
67961,market_research_2026-04-04_21-42-06_live_round,7efc699623d74ac8961a3f76a12cb867,2026-04-05T02:48:02.487377+00:00,1775357282487377000,172992814435125,2425,,,A,973,40,969.5,-7.0,32.280463375,1.0006381408560148
67962,market_research_2026-04-04_21-42-06_live_round,7efc699623d74ac8961a3f76a12cb867,2026-04-05T02:48:02.490313+00:00,1775357282490313000,172992817370958,2425,,,A,972,40,969.5,-7.0,32.283399208,1.0006381408560148
67968,market_research_2026-04-04_21-42-06_live_round,7efc699623d74ac8961a3f76a12cb867,2026-04-05T02:48:02.537445+00:00,1775357282537445000,172992864503166,2425,,,A,972,20,969.5,-5.0,32.330531416,1.0006381408560148
67969,market_research_2026-04-04_21-42-06_live_round,7efc699623d74ac8961a3f76a12cb867,2026-04-05T02:48:02.537603+00:00,1775357282537603000,172992864661750,2425,,,A,971,80,969.5,-5.0,32.33069,1.0006381408560148
67997,market_research_2026-04-04_21-42-06_live_round,7efc699623d74ac8961a3f76a12cb867,2026-04-05T02:48:02.801257+00:00,1775357282801257000,172993128315208,2425,,,ETF,2926,40,2912.5,-27.0,32.577743958,
68003,market_research_2026-04-04_21-42-06_live_round,7efc699623d74ac8961a3f76a12cb867,2026-04-05T02:48:02.853960+00:00,1775357282853960000,172993181018791,2425,,,ETF,2926,60,2913.0,-26.0,32.630447541,
68011,market_research_2026-04-04_21-42-06_live_round,7efc699623d74ac8961a3f76a12cb867,2026-04-05T02:48:02.918339+00:00,1775357282918339000,172993245397333,2425,,,ETF,2905,40,2903.0,-4.0,32.694826083,
68012,market_research_2026-04-04_21-42-06_live_round,7efc699623d74ac8961a3f76a12cb867,2026-04-05T02:48:02.918585+00:00,1775357282918585000,172993245643708,2425,,,ETF,2904,40,2903.0,-4.0,32.695072458,
68024,market_research_2026-04-04_21-42-06_live_round,7efc699623d74ac8961a3f76a12cb867,2026-04-05T02:48:03.024832+00:00,1775357283024832000,172993351891416,2425,,,ETF,2904,20,2903.0,-2.0,32.801320166,
68025,market_research_2026-04-04_21-42-06_live_round,7efc699623d74ac8961a3f76a12cb867,2026-04-05T02:48:03.028602+00:00,1775357283028602000,172993355661291,2425,,,ETF,2903,80,2903.0,-2.0,32.805090041,
68037,market_research_2026-04-04_21-42-06_live_round,7efc699623d74ac8961a3f76a12cb867,2026-04-05T02:48:03.132227+00:00,1775357283132227000,172993459286416,2425,,,A,970,40,959.5,-21.0,32.925314666,1.0006381408560148
68042,market_research_2026-04-04_21-42-06_live_round,7efc699623d74ac8961a3f76a12cb867,2026-04-05T02:48:03.181250+00:00,1775357283181250000,172993508309583,2425,,,A,970,60,960.0,-20.0,32.974337833,1.0006381408560148
68047,market_research_2026-04-04_21-42-06_live_round,7efc699623d74ac8961a3f76a12cb867,2026-04-05T02:48:03.220155+00:00,1775357283220155000,172993547214250,2425,,,A,958,40,954.5,-7.0,33.0132425,1.0006381408560148
68048,market_research_2026-04-04_21-42-06_live_round,7efc699623d74ac8961a3f76a12cb867,2026-04-05T02:48:03.220305+00:00,1775357283220305000,172993547364666,2425,,,A,957,40,954.5,-7.0,33.013392916,1.0006381408560148
68054,market_research_2026-04-04_21-42-06_live_round,7efc699623d74ac8961a3f76a12cb867,2026-04-05T02:48:03.257171+00:00,1775357283257171000,172993584230583,2425,,,A,957,20,954.5,-5.0,33.050258833,1.0006381408560148
68055,market_research_2026-04-04_21-42-06_live_round,7efc699623d74ac8961a3f76a12cb867,2026-04-05T02:48:03.257297+00:00,1775357283257297000,172993584356833,2425,,,A,956,80,954.5,-5.0,33.050385083,1.0006381408560148
68078,market_research_2026-04-04_21-42-06_live_round,7efc699623d74ac8961a3f76a12cb867,2026-04-05T02:48:03.472288+00:00,1775357283472288000,172993799348250,2425,,,ETF,2902,40,2900.0,-4.0,33.248777,
68084,market_research_2026-04-04_21-42-06_live_round,7efc699623d74ac8961a3f76a12cb867,2026-04-05T02:48:03.524798+00:00,1775357283524798000,172993851858583,2425,,,ETF,2902,60,2900.5,-3.0,33.301287333,
68111,market_research_2026-04-04_21-42-06_live_round,7efc699623d74ac8961a3f76a12cb867,2026-04-05T02:48:03.797518+00:00,1775357283797518000,172994124578875,2425,,,A,955,40,949.0,-12.0,33.590607125,1.0006381408560148
68116,market_research_2026-04-04_21-42-06_live_round,7efc699623d74ac8961a3f76a12cb867,2026-04-05T02:48:03.837666+00:00,1775357283837666000,172994164727291,2425,,,A,955,60,949.5,-11.0,33.630755541,1.0006381408560148
68177,market_research_2026-04-04_21-42-06_live_round,7efc699623d74ac8961a3f76a12cb867,2026-04-05T02:48:04.444598+00:00,1775357284444598000,172994771660208,2425,,,A,940,40,940.0,0.0,34.237688458,1.0006381408560148
68259,market_research_2026-04-04_21-42-06_live_round,7efc699623d74ac8961a3f76a12cb867,2026-04-05T02:48:05.248645+00:00,1775357285248645000,172995575708250,2425,,,A,936,40,935.5,-1.0,35.0417365,1.0006381408560148
68260,market_research_2026-04-04_21-42-06_live_round,7efc699623d74ac8961a3f76a12cb867,2026-04-05T02:48:05.248845+00:00,1775357285248845000,172995575908583,2425,,,A,935,60,935.5,-1.0,35.041936833,1.0006381408560148
68285,market_research_2026-04-04_21-42-06_live_round,7efc699623d74ac8961a3f76a12cb867,2026-04-05T02:48:05.495089+00:00,1775357285495089000,172995822152583,2425,,,ETF,2890,40,2890.0,0.0,35.271581333,
68413,market_research_2026-04-04_21-42-06_live_round,7efc699623d74ac8961a3f76a12cb867,2026-04-05T02:48:06.803928+00:00,1775357286803928000,172997130994458,2425,,,ETF,2893,40,2896.5,-7.0,36.580423208,
68418,market_research_2026-04-04_21-42-06_live_round,7efc699623d74ac8961a3f76a12cb867,2026-04-05T02:48:06.850403+00:00,1775357286850403000,172997177469625,2425,,,ETF,2893,60,2896.0,-6.0,36.626898375,
68428,market_research_2026-04-04_21-42-06_live_round,7efc699623d74ac8961a3f76a12cb867,2026-04-05T02:48:06.951518+00:00,1775357286951518000,172997278585000,2425,,,ETF,2896,40,2897.0,-2.0,36.72801375,
68429,market_research_2026-04-04_21-42-06_live_round,7efc699623d74ac8961a3f76a12cb867,2026-04-05T02:48:06.951726+00:00,1775357286951726000,172997278792833,2425,,,ETF,2897,40,2897.0,-2.0,36.728221583,
68446,market_research_2026-04-04_21-42-06_live_round,7efc699623d74ac8961a3f76a12cb867,2026-04-05T02:48:07.124935+00:00,1775357287124935000,172997452002125,2425,,,ETF,2897,20,2897.0,0.0,36.901430875,
68492,market_research_2026-04-04_21-42-06_live_round,7efc699623d74ac8961a3f76a12cb867,2026-04-05T02:48:07.664407+00:00,1775357287664407000,172997991475666,2425,,,ETF,2899,40,2899.5,-1.0,37.440904416,
68498,market_research_2026-04-04_21-42-06_live_round,7efc699623d74ac8961a3f76a12cb867,2026-04-05T02:48:07.748315+00:00,1775357287748315000,172998075383625,2425,,,ETF,2899,60,2899.0,0.0,37.524812375,
68564,market_research_2026-04-04_21-42-06_live_round,7efc699623d74ac8961a3f76a12cb867,2026-04-05T02:48:08.606896+00:00,1775357288606896000,172998933965750,2425,,,ETF,2906,40,2906.0,0.0,38.3833945,
68636,market_research_2026-04-04_21-42-06_live_round,7efc699623d74ac8961a3f76a12cb867,2026-04-05T02:48:09.602426+00:00,1775357289602426000,172999929497291,2425,,,ETF,2909,40,2910.5,-3.0,39.378926041,
68651,market_research_2026-04-04_21-42-06_live_round,7efc699623d74ac8961a3f76a12cb867,2026-04-05T02:48:09.801851+00:00,1775357289801851000,173000128923208,2425,,,ETF,2909,60,2910.0,-2.0,39.578351958,
68666,market_research_2026-04-04_21-42-06_live_round,7efc699623d74ac8961a3f76a12cb867,2026-04-05T02:48:09.982720+00:00,1775357289982720000,173000309792416,2425,,,A,952,40,952.5,-1.0,39.775820666,1.0006381408560148
68700,market_research_2026-04-04_21-42-06_live_round,7efc699623d74ac8961a3f76a12cb867,2026-04-05T02:48:10.359164+00:00,1775357290359164000,173000686237416,2425,,,ETF,2915,40,2922.5,-15.0,40.135666166,
68705,market_research_2026-04-04_21-42-06_live_round,7efc699623d74ac8961a3f76a12cb867,2026-04-05T02:48:10.401522+00:00,1775357290401522000,173000728595208,2425,,,ETF,2915,60,2922.0,-14.0,40.178023958,
68713,market_research_2026-04-04_21-42-06_live_round,7efc699623d74ac8961a3f76a12cb867,2026-04-05T02:48:10.500549+00:00,1775357290500549000,173000827622250,2425,,,ETF,2918,40,2923.0,-10.0,40.277051,
68718,market_research_2026-04-04_21-42-06_live_round,7efc699623d74ac8961a3f76a12cb867,2026-04-05T02:48:10.558836+00:00,1775357290558836000,173000885909791,2425,,,ETF,2919,40,2923.0,-10.0,40.335338541,
68725,market_research_2026-04-04_21-42-06_live_round,7efc699623d74ac8961a3f76a12cb867,2026-04-05T02:48:10.661529+00:00,1775357290661529000,173000988602583,2425,,,ETF,2919,20,2923.0,-8.0,40.438031333,
68726,market_research_2026-04-04_21-42-06_live_round,7efc699623d74ac8961a3f76a12cb867,2026-04-05T02:48:10.666740+00:00,1775357290666740000,173000993814166,2425,,,ETF,2920,80,2923.0,-8.0,40.443242916,
68746,market_research_2026-04-04_21-42-06_live_round,7efc699623d74ac8961a3f76a12cb867,2026-04-05T02:48:10.973892+00:00,1775357290973892000,173001300966625,2425,,,A,955,40,959.5,-9.0,40.766994875,1.0006381408560148
68751,market_research_2026-04-04_21-42-06_live_round,7efc699623d74ac8961a3f76a12cb867,2026-04-05T02:48:11.030923+00:00,1775357291030923000,173001357997833,2425,,,A,955,60,959.0,-8.0,40.824026083,1.0006381408560148
68756,market_research_2026-04-04_21-42-06_live_round,7efc699623d74ac8961a3f76a12cb867,2026-04-05T02:48:11.095721+00:00,1775357291095721000,173001422795625,2425,,,A,959,40,960.5,-3.0,40.888823875,1.0006381408560148
68757,market_research_2026-04-04_21-42-06_live_round,7efc699623d74ac8961a3f76a12cb867,2026-04-05T02:48:11.100941+00:00,1775357291100941000,173001428016333,2425,,,A,960,40,960.5,-3.0,40.894044583,1.0006381408560148
68763,market_research_2026-04-04_21-42-06_live_round,7efc699623d74ac8961a3f76a12cb867,2026-04-05T02:48:11.178965+00:00,1775357291178965000,173001506039833,2425,,,A,960,20,960.5,-1.0,40.972068083,1.0006381408560148
68764,market_research_2026-04-04_21-42-06_live_round,7efc699623d74ac8961a3f76a12cb867,2026-04-05T02:48:11.183978+00:00,1775357291183978000,173001511053375,2425,,,A,961,80,960.5,-1.0,40.977081625,1.0006381408560148
68793,market_research_2026-04-04_21-42-06_live_round,7efc699623d74ac8961a3f76a12cb867,2026-04-05T02:48:11.557680+00:00,1775357291557680000,173001884755083,2425,,,ETF,2921,40,2931.0,-20.0,41.334183833,
68814,market_research_2026-04-04_21-42-06_live_round,7efc699623d74ac8961a3f76a12cb867,2026-04-05T02:48:11.826994+00:00,1775357291826994000,173002154070500,2425,,,ETF,2921,60,2930.5,-19.0,41.60349925,
68819,market_research_2026-04-04_21-42-06_live_round,7efc699623d74ac8961a3f76a12cb867,2026-04-05T02:48:11.870708+00:00,1775357291870708000,173002197784041,2425,,,ETF,2936,40,2937.5,-3.0,41.647212791,
68820,market_research_2026-04-04_21-42-06_live_round,7efc699623d74ac8961a3f76a12cb867,2026-04-05T02:48:11.870923+00:00,1775357291870923000,173002197999791,2425,,,ETF,2937,40,2937.5,-3.0,41.647428541,
68826,market_research_2026-04-04_21-42-06_live_round,7efc699623d74ac8961a3f76a12cb867,2026-04-05T02:48:11.932368+00:00,1775357291932368000,173002259444250,2425,,,ETF,2937,20,2937.5,-1.0,41.708873,
68827,market_research_2026-04-04_21-42-06_live_round,7efc699623d74ac8961a3f76a12cb867,2026-04-05T02:48:11.932622+00:00,1775357291932622000,173002259698166,2425,,,ETF,2938,80,2937.5,-1.0,41.709126916,
68834,market_research_2026-04-04_21-42-06_live_round,7efc699623d74ac8961a3f76a12cb867,2026-04-05T02:48:11.986689+00:00,1775357291986689000,173002313764958,2425,,,A,962,40,972.0,-20.0,41.779793208,1.0006381408560148
68839,market_research_2026-04-04_21-42-06_live_round,7efc699623d74ac8961a3f76a12cb867,2026-04-05T02:48:12.041912+00:00,1775357292041912000,173002368989208,2425,,,A,962,60,971.5,-19.0,41.835017458,1.0006381408560148
68844,market_research_2026-04-04_21-42-06_live_round,7efc699623d74ac8961a3f76a12cb867,2026-04-05T02:48:12.111318+00:00,1775357292111318000,173002438394583,2425,,,A,970,40,975.0,-10.0,41.904422833,1.0006381408560148
68845,market_research_2026-04-04_21-42-06_live_round,7efc699623d74ac8961a3f76a12cb867,2026-04-05T02:48:12.115633+00:00,1775357292115633000,173002442709208,2425,,,A,971,40,975.0,-10.0,41.908737458,1.0006381408560148
68851,market_research_2026-04-04_21-42-06_live_round,7efc699623d74ac8961a3f76a12cb867,2026-04-05T02:48:12.191007+00:00,1775357292191007000,173002518083541,2425,,,A,971,20,975.0,-8.0,41.984111791,1.0006381408560148
68852,market_research_2026-04-04_21-42-06_live_round,7efc699623d74ac8961a3f76a12cb867,2026-04-05T02:48:12.196216+00:00,1775357292196216000,173002523292541,2425,,,A,972,80,975.0,-8.0,41.989320791,1.0006381408560148
68875,market_research_2026-04-04_21-42-06_live_round,7efc699623d74ac8961a3f76a12cb867,2026-04-05T02:48:12.491495+00:00,1775357292491495000,173002818572041,2425,,,ETF,2939,40,2947.5,-17.0,42.268000791,
68883,market_research_2026-04-04_21-42-06_live_round,7efc699623d74ac8961a3f76a12cb867,2026-04-05T02:48:12.589697+00:00,1775357292589697000,173002916774666,2425,,,ETF,2939,60,2947.0,-16.0,42.366203416,
68895,market_research_2026-04-04_21-42-06_live_round,7efc699623d74ac8961a3f76a12cb867,2026-04-05T02:48:12.739696+00:00,1775357292739696000,173003066774291,2425,,,ETF,2947,40,2950.5,-7.0,42.516203041,
68896,market_research_2026-04-04_21-42-06_live_round,7efc699623d74ac8961a3f76a12cb867,2026-04-05T02:48:12.739891+00:00,1775357292739891000,173003066969875,2425,,,ETF,2948,40,2950.5,-7.0,42.516398625,
68902,market_research_2026-04-04_21-42-06_live_round,7efc699623d74ac8961a3f76a12cb867,2026-04-05T02:48:12.802225+00:00,1775357292802225000,173003129302500,2425,,,ETF,2948,20,2950.5,-5.0,42.57873125,
68903,market_research_2026-04-04_21-42-06_live_round,7efc699623d74ac8961a3f76a12cb867,2026-04-05T02:48:12.805656+00:00,1775357292805656000,173003132734375,2425,,,ETF,2949,80,2950.5,-5.0,42.582163125,
68919,market_research_2026-04-04_21-42-06_live_round,7efc699623d74ac8961a3f76a12cb867,2026-04-05T02:48:12.973297+00:00,1775357292973297000,173003300375750,2425,,,A,973,40,987.5,-29.0,42.766404,1.0006381408560148
68924,market_research_2026-04-04_21-42-06_live_round,7efc699623d74ac8961a3f76a12cb867,2026-04-05T02:48:13.017543+00:00,1775357293017543000,173003344621208,2425,,,A,973,60,987.0,-28.0,42.810649458,1.0006381408560148
68929,market_research_2026-04-04_21-42-06_live_round,7efc699623d74ac8961a3f76a12cb867,2026-04-05T02:48:13.071826+00:00,1775357293071826000,173003398903958,2425,,,A,988,40,994.0,-12.0,42.864932208,1.0006381408560148
68930,market_research_2026-04-04_21-42-06_live_round,7efc699623d74ac8961a3f76a12cb867,2026-04-05T02:48:13.072108+00:00,1775357293072108000,173003399186625,2425,,,A,989,40,994.0,-12.0,42.865214875,1.0006381408560148
68936,market_research_2026-04-04_21-42-06_live_round,7efc699623d74ac8961a3f76a12cb867,2026-04-05T02:48:13.128188+00:00,1775357293128188000,173003455266333,2425,,,A,989,20,994.0,-10.0,42.921294583,1.0006381408560148
68937,market_research_2026-04-04_21-42-06_live_round,7efc699623d74ac8961a3f76a12cb867,2026-04-05T02:48:13.128394+00:00,1775357293128394000,173003455472750,2425,,,A,990,80,994.0,-10.0,42.921501,1.0006381408560148
68959,market_research_2026-04-04_21-42-06_live_round,7efc699623d74ac8961a3f76a12cb867,2026-04-05T02:48:13.358467+00:00,1775357293358467000,173003685545708,2425,,,ETF,2950,40,2966.0,-32.0,43.134974458,
68965,market_research_2026-04-04_21-42-06_live_round,7efc699623d74ac8961a3f76a12cb867,2026-04-05T02:48:13.427635+00:00,1775357293427635000,173003754714791,2425,,,ETF,2950,60,2965.5,-31.0,43.204143541,
68971,market_research_2026-04-04_21-42-06_live_round,7efc699623d74ac8961a3f76a12cb867,2026-04-05T02:48:13.483345+00:00,1775357293483345000,173003810424916,2425,,,ETF,2962,40,2971.0,-18.0,43.259853666,
68972,market_research_2026-04-04_21-42-06_live_round,7efc699623d74ac8961a3f76a12cb867,2026-04-05T02:48:13.486338+00:00,1775357293486338000,173003813418416,2425,,,ETF,2963,40,2971.0,-18.0,43.262847166,
68978,market_research_2026-04-04_21-42-06_live_round,7efc699623d74ac8961a3f76a12cb867,2026-04-05T02:48:13.542765+00:00,1775357293542765000,173003869844416,2425,,,ETF,2963,20,2971.0,-16.0,43.319273166,
68979,market_research_2026-04-04_21-42-06_live_round,7efc699623d74ac8961a3f76a12cb867,2026-04-05T02:48:13.543032+00:00,1775357293543032000,173003870111708,2425,,,ETF,2964,80,2971.0,-16.0,43.319540458,
69003,market_research_2026-04-04_21-42-06_live_round,7efc699623d74ac8961a3f76a12cb867,2026-04-05T02:48:13.841774+00:00,1775357293841774000,173004168853083,2425,,,A,991,40,998.0,-14.0,43.634881333,1.0006381408560148
69008,market_research_2026-04-04_21-42-06_live_round,7efc699623d74ac8961a3f76a12cb867,2026-04-05T02:48:13.889443+00:00,1775357293889443000,173004216523833,2425,,,A,991,60,997.5,-13.0,43.682552083,1.0006381408560148
69036,market_research_2026-04-04_21-42-06_live_round,7efc699623d74ac8961a3f76a12cb867,2026-04-05T02:48:14.213928+00:00,1775357294213928000,173004541008375,2425,,,ETF,2965,40,2974.5,-19.0,43.990437125,
69042,market_research_2026-04-04_21-42-06_live_round,7efc699623d74ac8961a3f76a12cb867,2026-04-05T02:48:14.282101+00:00,1775357294282101000,173004609181791,2425,,,ETF,2965,60,2974.0,-18.0,44.058610541,
69283,market_research_2026-04-04_21-42-06_live_round,7efc699623d74ac8961a3f76a12cb867,2026-04-05T02:48:17.131127+00:00,1775357297131127000,173007458213458,2463,,,ETF,2987,40,2991.0,-8.0,46.907642208,
69284,market_research_2026-04-04_21-42-06_live_round,7efc699623d74ac8961a3f76a12cb867,2026-04-05T02:48:17.131404+00:00,1775357297131404000,173007458490958,2463,,,ETF,2988,60,2991.0,-8.0,46.907919708,
69285,market_research_2026-04-04_21-42-06_live_round,7efc699623d74ac8961a3f76a12cb867,2026-04-05T02:48:17.131566+00:00,1775357297131566000,173007458653250,2463,,,ETF,2989,100,2991.0,-8.0,46.908082,
69576,market_research_2026-04-04_21-42-06_live_round,7efc699623d74ac8961a3f76a12cb867,2026-04-05T02:48:20.774731+00:00,1775357300774731000,173011101825291,2463,,,ETF,2985,40,2983.0,-4.0,50.551254041,
69586,market_research_2026-04-04_21-42-06_live_round,7efc699623d74ac8961a3f76a12cb867,2026-04-05T02:48:20.872064+00:00,1775357300872064000,173011199157833,2463,,,ETF,2985,60,2983.5,-3.0,50.648586583,
69591,market_research_2026-04-04_21-42-06_live_round,7efc699623d74ac8961a3f76a12cb867,2026-04-05T02:48:20.918377+00:00,1775357300918377000,173011245470291,2463,,,ETF,2984,40,2983.5,-1.0,50.694899041,
69592,market_research_2026-04-04_21-42-06_live_round,7efc699623d74ac8961a3f76a12cb867,2026-04-05T02:48:20.922788+00:00,1775357300922788000,173011249882041,2463,,,ETF,2983,40,2983.5,-1.0,50.699310791,
69847,market_research_2026-04-04_21-42-06_live_round,7efc699623d74ac8961a3f76a12cb867,2026-04-05T02:48:23.976478+00:00,1775357303976478000,173014303577750,2463,,,ETF,2987,40,2987.0,0.0,53.7530065,
69880,market_research_2026-04-04_21-42-06_live_round,7efc699623d74ac8961a3f76a12cb867,2026-04-05T02:48:24.358269+00:00,1775357304358269000,173014685369750,2463,,,A,1018,40,1018.0,0.0,8.793490084,1.0006381408560148
69918,market_research_2026-04-04_21-42-06_live_round,7efc699623d74ac8961a3f76a12cb867,2026-04-05T02:48:24.813786+00:00,1775357304813786000,173015140887083,2463,,,ETF,2990,40,2991.0,-2.0,54.590315833,
69924,market_research_2026-04-04_21-42-06_live_round,7efc699623d74ac8961a3f76a12cb867,2026-04-05T02:48:24.888371+00:00,1775357304888371000,173015215472375,2463,,,ETF,2990,60,2990.5,-1.0,54.664901125,
70051,market_research_2026-04-04_21-42-06_live_round,7efc699623d74ac8961a3f76a12cb867,2026-04-05T02:48:26.417563+00:00,1775357306417563000,173016744667708,2463,,,ETF,2997,40,2997.0,0.0,56.194096458,
70288,market_research_2026-04-04_21-42-06_live_round,7efc699623d74ac8961a3f76a12cb867,2026-04-05T02:48:29.334595+00:00,1775357309334595000,173019661705375,2463,,,A,1030,40,1030.0,0.0,13.769825709,1.0006381408560148
70458,market_research_2026-04-04_21-42-06_live_round,7efc699623d74ac8961a3f76a12cb867,2026-04-05T02:48:31.035692+00:00,1775357311035692000,173021362806291,2463,,,ETF,3001,40,3001.0,0.0,60.812235041,
70524,market_research_2026-04-04_21-42-06_live_round,7efc699623d74ac8961a3f76a12cb867,2026-04-05T02:48:31.634434+00:00,1775357311634434000,173021961548708,2463,,,ETF,3004,40,3004.0,0.0,61.410977458,
70594,market_research_2026-04-04_21-42-06_live_round,7efc699623d74ac8961a3f76a12cb867,2026-04-05T02:48:32.317496+00:00,1775357312317496000,173022644612541,2463,,,ETF,3010,40,3012.5,-5.0,62.094041291,
70599,market_research_2026-04-04_21-42-06_live_round,7efc699623d74ac8961a3f76a12cb867,2026-04-05T02:48:32.351620+00:00,1775357312351620000,173022678736000,2463,,,ETF,3010,60,3012.0,-4.0,62.12816475,
70604,market_research_2026-04-04_21-42-06_live_round,7efc699623d74ac8961a3f76a12cb867,2026-04-05T02:48:32.385685+00:00,1775357312385685000,173022712801375,2463,,,ETF,3010,40,3011.5,-3.0,62.162230125,
70605,market_research_2026-04-04_21-42-06_live_round,7efc699623d74ac8961a3f76a12cb867,2026-04-05T02:48:32.385833+00:00,1775357312385833000,173022712950125,2463,,,ETF,3011,40,3011.5,-3.0,62.162378875,
70611,market_research_2026-04-04_21-42-06_live_round,7efc699623d74ac8961a3f76a12cb867,2026-04-05T02:48:32.425974+00:00,1775357312425974000,173022753091250,2463,,,ETF,3011,20,3011.5,-1.0,62.20252,
70612,market_research_2026-04-04_21-42-06_live_round,7efc699623d74ac8961a3f76a12cb867,2026-04-05T02:48:32.426120+00:00,1775357312426120000,173022753236708,2463,,,ETF,3012,80,3011.5,-1.0,62.202665458,
70673,market_research_2026-04-04_21-42-06_live_round,7efc699623d74ac8961a3f76a12cb867,2026-04-05T02:48:32.980605+00:00,1775357312980605000,173023307721958,2463,,,ETF,3013,40,3014.5,-3.0,62.757150708,
70678,market_research_2026-04-04_21-42-06_live_round,7efc699623d74ac8961a3f76a12cb867,2026-04-05T02:48:33.020648+00:00,1775357313020648000,173023347765750,2463,,,ETF,3013,60,3014.0,-2.0,62.7971945,
70804,market_research_2026-04-04_21-42-06_live_round,7efc699623d74ac8961a3f76a12cb867,2026-04-05T02:48:34.247847+00:00,1775357314247847000,173024574966875,2463,,,ETF,3023,40,3026.0,-6.0,64.024395625,
70809,market_research_2026-04-04_21-42-06_live_round,7efc699623d74ac8961a3f76a12cb867,2026-04-05T02:48:34.290781+00:00,1775357314290781000,173024617901541,2463,,,ETF,3024,60,3026.0,-4.0,64.067330291,
70814,market_research_2026-04-04_21-42-06_live_round,7efc699623d74ac8961a3f76a12cb867,2026-04-05T02:48:34.335508+00:00,1775357314335508000,173024662628416,2463,,,ETF,3025,80,3026.0,-2.0,64.112057166,
70819,market_research_2026-04-04_21-42-06_live_round,7efc699623d74ac8961a3f76a12cb867,2026-04-05T02:48:34.379488+00:00,1775357314379488000,173024706608333,2463,,,ETF,3025,20,3025.5,-1.0,64.156037083,
70820,market_research_2026-04-04_21-42-06_live_round,7efc699623d74ac8961a3f76a12cb867,2026-04-05T02:48:34.379675+00:00,1775357314379675000,173024706795958,2463,,,ETF,3025,80,3025.5,-1.0,64.156224708,
70877,market_research_2026-04-04_21-42-06_live_round,7efc699623d74ac8961a3f76a12cb867,2026-04-05T02:48:35.020500+00:00,1775357315020500000,173025347621833,2463,,,ETF,3026,40,3030.0,-8.0,64.797050583,
70886,market_research_2026-04-04_21-42-06_live_round,7efc699623d74ac8961a3f76a12cb867,2026-04-05T02:48:35.116904+00:00,1775357315116904000,173025444025041,2463,,,ETF,3026,60,3029.5,-7.0,64.893453791,
71013,market_research_2026-04-04_21-42-06_live_round,7efc699623d74ac8961a3f76a12cb867,2026-04-05T02:48:36.492897+00:00,1775357316492897000,173026820020916,2463,,,ETF,3033,40,3033.0,0.0,66.269449666,
71086,market_research_2026-04-04_21-42-06_live_round,7efc699623d74ac8961a3f76a12cb867,2026-04-05T02:48:37.284621+00:00,1775357317284621000,173027611746500,2463,,,ETF,3030,40,3028.5,-3.0,67.06117525,
71104,market_research_2026-04-04_21-42-06_live_round,7efc699623d74ac8961a3f76a12cb867,2026-04-05T02:48:37.476666+00:00,1775357317476666000,173027803792000,2463,,,ETF,3030,60,3029.0,-2.0,67.25322075,
71152,market_research_2026-04-04_21-42-06_live_round,7efc699623d74ac8961a3f76a12cb867,2026-04-05T02:48:38.027371+00:00,1775357318027371000,173028354498291,2463,,,ETF,3024,40,3023.0,-2.0,67.803927041,
71159,market_research_2026-04-04_21-42-06_live_round,7efc699623d74ac8961a3f76a12cb867,2026-04-05T02:48:38.087590+00:00,1775357318087590000,173028414717750,2463,,,ETF,3024,60,3023.5,-1.0,67.8641465,
71222,market_research_2026-04-04_21-42-06_live_round,7efc699623d74ac8961a3f76a12cb867,2026-04-05T02:48:38.784411+00:00,1775357318784411000,173029111539375,2463,,,ETF,3024,40,3024.5,-1.0,68.560968125,
71242,market_research_2026-04-04_21-42-06_live_round,7efc699623d74ac8961a3f76a12cb867,2026-04-05T02:48:38.993455+00:00,1775357318993455000,173029320584375,2463,,,ETF,3024,40,3024.0,0.0,68.770013125,
71294,market_research_2026-04-04_21-42-06_live_round,7efc699623d74ac8961a3f76a12cb867,2026-04-05T02:48:39.559884+00:00,1775357319559884000,173029887013916,2463,,,ETF,3025,40,3030.0,-10.0,69.336442666,
71313,market_research_2026-04-04_21-42-06_live_round,7efc699623d74ac8961a3f76a12cb867,2026-04-05T02:48:39.720024+00:00,1775357319720024000,173030047154708,2463,,,ETF,3025,60,3029.5,-9.0,69.496583458,
71318,market_research_2026-04-04_21-42-06_live_round,7efc699623d74ac8961a3f76a12cb867,2026-04-05T02:48:39.757850+00:00,1775357319757850000,173030084980541,2463,,,ETF,3031,40,3032.0,-2.0,69.534409291,
71319,market_research_2026-04-04_21-42-06_live_round,7efc699623d74ac8961a3f76a12cb867,2026-04-05T02:48:39.758012+00:00,1775357319758012000,173030085143125,2463,,,ETF,3032,40,3032.0,-2.0,69.534571875,
71325,market_research_2026-04-04_21-42-06_live_round,7efc699623d74ac8961a3f76a12cb867,2026-04-05T02:48:39.831073+00:00,1775357319831073000,173030158204166,2463,,,ETF,3032,20,3032.0,0.0,69.607632916,
71366,market_research_2026-04-04_21-42-06_live_round,7efc699623d74ac8961a3f76a12cb867,2026-04-05T02:48:40.254834+00:00,1775357320254834000,173030581965541,2463,,,ETF,3034,40,3034.0,0.0,70.031394291,
71437,market_research_2026-04-04_21-42-06_live_round,7efc699623d74ac8961a3f76a12cb867,2026-04-05T02:48:41.029705+00:00,1775357321029705000,173031356838250,2463,,,ETF,3040,40,3041.0,-2.0,70.806267,
71443,market_research_2026-04-04_21-42-06_live_round,7efc699623d74ac8961a3f76a12cb867,2026-04-05T02:48:41.082423+00:00,1775357321082423000,173031409556083,2463,,,ETF,3041,60,3041.0,0.0,70.858984833,
71507,market_research_2026-04-04_21-42-06_live_round,7efc699623d74ac8961a3f76a12cb867,2026-04-05T02:48:41.751623+00:00,1775357321751623000,173032078757541,2463,,,ETF,3043,40,3046.0,-6.0,71.528186291,
71526,market_research_2026-04-04_21-42-06_live_round,7efc699623d74ac8961a3f76a12cb867,2026-04-05T02:48:41.965126+00:00,1775357321965126000,173032292260791,2463,,,ETF,3043,60,3045.5,-5.0,71.741689541,
71838,market_research_2026-04-04_21-42-06_live_round,7efc699623d74ac8961a3f76a12cb867,2026-04-05T02:48:45.171037+00:00,1775357325171037000,173035498178416,2463,,,ETF,3045,40,3045.0,0.0,74.947607166,
71908,market_research_2026-04-04_21-42-06_live_round,7efc699623d74ac8961a3f76a12cb867,2026-04-05T02:48:45.905194+00:00,1775357325905194000,173036232336625,2463,,,ETF,3048,40,3049.0,-2.0,75.681765375,
71914,market_research_2026-04-04_21-42-06_live_round,7efc699623d74ac8961a3f76a12cb867,2026-04-05T02:48:45.962013+00:00,1775357325962013000,173036289155875,2463,,,ETF,3048,60,3048.5,-1.0,75.738584625,
71997,market_research_2026-04-04_21-42-06_live_round,7efc699623d74ac8961a3f76a12cb867,2026-04-05T02:48:46.816573+00:00,1775357326816573000,173037143717625,2463,,,ETF,3048,40,3048.0,0.0,76.593146375,
72190,market_research_2026-04-04_21-42-06_live_round,7efc699623d74ac8961a3f76a12cb867,2026-04-05T02:48:48.892538+00:00,1775357328892538000,173039219686375,2463,,,ETF,3045,40,3044.0,-2.0,78.669115125,
72201,market_research_2026-04-04_21-42-06_live_round,7efc699623d74ac8961a3f76a12cb867,2026-04-05T02:48:48.998169+00:00,1775357328998169000,173039325318208,2463,,,ETF,3044,60,3044.0,0.0,78.774746958,
72385,market_research_2026-04-04_21-42-06_live_round,7efc699623d74ac8961a3f76a12cb867,2026-04-05T02:48:50.959999+00:00,1775357330959999000,173041287152125,2463,,,ETF,3051,40,3053.5,-5.0,80.736580875,
72401,market_research_2026-04-04_21-42-06_live_round,7efc699623d74ac8961a3f76a12cb867,2026-04-05T02:48:51.126574+00:00,1775357331126574000,173041453726666,2463,,,ETF,3051,60,3053.0,-4.0,80.903155416,
72408,market_research_2026-04-04_21-42-06_live_round,7efc699623d74ac8961a3f76a12cb867,2026-04-05T02:48:51.189459+00:00,1775357331189459000,173041516612291,2463,,,ETF,3051,40,3052.5,-3.0,80.966041041,
72409,market_research_2026-04-04_21-42-06_live_round,7efc699623d74ac8961a3f76a12cb867,2026-04-05T02:48:51.189681+00:00,1775357331189681000,173041516834708,2463,,,ETF,3052,40,3052.5,-3.0,80.966263458,
72415,market_research_2026-04-04_21-42-06_live_round,7efc699623d74ac8961a3f76a12cb867,2026-04-05T02:48:51.234737+00:00,1775357331234737000,173041561890375,2463,,,ETF,3052,20,3052.5,-1.0,81.011319125,
72416,market_research_2026-04-04_21-42-06_live_round,7efc699623d74ac8961a3f76a12cb867,2026-04-05T02:48:51.234902+00:00,1775357331234902000,173041562055833,2463,,,ETF,3053,80,3052.5,-1.0,81.011484583,
72507,market_research_2026-04-04_21-42-06_live_round,7efc699623d74ac8961a3f76a12cb867,2026-04-05T02:48:52.178312+00:00,1775357332178312000,173042505467250,2463,,,C,958,40,956.0,-4.0,81.954896,1.807028130150146
72508,market_research_2026-04-04_21-42-06_live_round,7efc699623d74ac8961a3f76a12cb867,2026-04-05T02:48:52.179202+00:00,1775357332179202000,173042506357791,2463,,,C,957,60,956.0,-4.0,81.955786541,1.807028130150146
72509,market_research_2026-04-04_21-42-06_live_round,7efc699623d74ac8961a3f76a12cb867,2026-04-05T02:48:52.179295+00:00,1775357332179295000,173042506450750,2463,,,C,956,80,956.0,-4.0,81.9558795,1.807028130150146
72510,market_research_2026-04-04_21-42-06_live_round,7efc699623d74ac8961a3f76a12cb867,2026-04-05T02:48:52.179381+00:00,1775357332179381000,173042506536833,2463,,,C,955,20,956.0,-4.0,81.955965583,1.807028130150146
72601,market_research_2026-04-04_21-42-06_live_round,7efc699623d74ac8961a3f76a12cb867,2026-04-05T02:48:53.091478+00:00,1775357333091478000,173043418635250,2463,,,ETF,3057,40,3058.5,-3.0,82.868064,
72615,market_research_2026-04-04_21-42-06_live_round,7efc699623d74ac8961a3f76a12cb867,2026-04-05T02:48:53.244157+00:00,1775357333244157000,173043571314000,2463,,,ETF,3058,60,3058.5,-1.0,83.02074275,
72649,market_research_2026-04-04_21-42-06_live_round,7efc699623d74ac8961a3f76a12cb867,2026-04-05T02:48:53.567100+00:00,1775357333567100000,173043894258416,2463,,,ETF,3060,100,3065.5,-11.0,83.343687166,
72650,market_research_2026-04-04_21-42-06_live_round,7efc699623d74ac8961a3f76a12cb867,2026-04-05T02:48:53.571561+00:00,1775357333571561000,173043898718791,2463,,,ETF,3066,40,3065.5,-11.0,83.348147541,
72651,market_research_2026-04-04_21-42-06_live_round,7efc699623d74ac8961a3f76a12cb867,2026-04-05T02:48:53.571700+00:00,1775357333571700000,173043898858500,2463,,,ETF,3067,60,3065.5,-11.0,83.34828725,
72737,market_research_2026-04-04_21-42-06_live_round,7efc699623d74ac8961a3f76a12cb867,2026-04-05T02:48:54.448479+00:00,1775357334448479000,173044775638166,2463,,,ETF,3069,40,3074.0,-10.0,84.225066916,
72749,market_research_2026-04-04_21-42-06_live_round,7efc699623d74ac8961a3f76a12cb867,2026-04-05T02:48:54.567115+00:00,1775357334567115000,173044894274500,2463,,,ETF,3069,60,3073.5,-9.0,84.34370325,
72761,market_research_2026-04-04_21-42-06_live_round,7efc699623d74ac8961a3f76a12cb867,2026-04-05T02:48:54.663985+00:00,1775357334663985000,173044991144958,2463,,,ETF,3069,40,3073.0,-8.0,84.440573708,
72762,market_research_2026-04-04_21-42-06_live_round,7efc699623d74ac8961a3f76a12cb867,2026-04-05T02:48:54.664188+00:00,1775357334664188000,173044991347875,2463,,,ETF,3070,40,3073.0,-8.0,84.440776625,
72769,market_research_2026-04-04_21-42-06_live_round,7efc699623d74ac8961a3f76a12cb867,2026-04-05T02:48:54.731045+00:00,1775357334731045000,173045058205250,2463,,,ETF,3070,20,3073.0,-6.0,84.507634,
72770,market_research_2026-04-04_21-42-06_live_round,7efc699623d74ac8961a3f76a12cb867,2026-04-05T02:48:54.731222+00:00,1775357334731222000,173045058382250,2463,,,ETF,3071,80,3073.0,-6.0,84.507811,
72812,market_research_2026-04-04_21-42-06_live_round,7efc699623d74ac8961a3f76a12cb867,2026-04-05T02:48:55.170917+00:00,1775357335170917000,173045498078291,2463,,,ETF,3072,40,3073.0,-2.0,84.947507041,
72827,market_research_2026-04-04_21-42-06_live_round,7efc699623d74ac8961a3f76a12cb867,2026-04-05T02:48:55.331976+00:00,1775357335331976000,173045659137541,2463,,,ETF,3072,60,3072.5,-1.0,85.108566291,
72883,market_research_2026-04-04_21-42-06_live_round,7efc699623d74ac8961a3f76a12cb867,2026-04-05T02:48:55.879200+00:00,1775357335879200000,173046206362541,2463,,,ETF,3080,40,3080.0,0.0,85.655791291,
72949,market_research_2026-04-04_21-42-06_live_round,7efc699623d74ac8961a3f76a12cb867,2026-04-05T02:48:56.593555+00:00,1775357336593555000,173046920718916,2463,,,ETF,3083,40,3084.0,-2.0,86.370147666,
72954,market_research_2026-04-04_21-42-06_live_round,7efc699623d74ac8961a3f76a12cb867,2026-04-05T02:48:56.642818+00:00,1775357336642818000,173046969981125,2463,,,ETF,3083,60,3083.5,-1.0,86.419409875,
73183,market_research_2026-04-04_21-42-06_live_round,7efc699623d74ac8961a3f76a12cb867,2026-04-05T02:48:59.082523+00:00,1775357339082523000,173049409691125,2463,,,A,1106,40,1106.0,0.0,43.517811459,1.0006381408560148
73253,market_research_2026-04-04_21-42-06_live_round,7efc699623d74ac8961a3f76a12cb867,2026-04-05T02:48:59.817113+00:00,1775357339817113000,173050144282166,2463,,,A,1109,40,1109.5,-1.0,44.2524025,1.0006381408560148
73258,market_research_2026-04-04_21-42-06_live_round,7efc699623d74ac8961a3f76a12cb867,2026-04-05T02:48:59.871557+00:00,1775357339871557000,173050198726458,2463,,,A,1109,60,1109.0,0.0,44.306846792,1.0006381408560148
73603,market_research_2026-04-04_21-42-06_live_round,7efc699623d74ac8961a3f76a12cb867,2026-04-05T02:49:03.530943+00:00,1775357343530943000,173053858120458,2463,,,A,1115,40,1113.5,-3.0,47.966240792,1.0006381408560148
73604,market_research_2026-04-04_21-42-06_live_round,7efc699623d74ac8961a3f76a12cb867,2026-04-05T02:49:03.533908+00:00,1775357343533908000,173053861085833,2463,,,A,1114,60,1113.5,-3.0,47.969206167,1.0006381408560148
73605,market_research_2026-04-04_21-42-06_live_round,7efc699623d74ac8961a3f76a12cb867,2026-04-05T02:49:03.534036+00:00,1775357343534036000,173053861213375,2463,,,A,1113,80,1113.5,-3.0,47.969333709,1.0006381408560148
73606,market_research_2026-04-04_21-42-06_live_round,7efc699623d74ac8961a3f76a12cb867,2026-04-05T02:49:03.534153+00:00,1775357343534153000,173053861330958,2463,,,A,1112,20,1113.5,-3.0,47.969451292,1.0006381408560148
73746,market_research_2026-04-04_21-42-06_live_round,7efc699623d74ac8961a3f76a12cb867,2026-04-05T02:49:04.992424+00:00,1775357344992424000,173055319604458,2463,,,A,1120,40,1122.0,-4.0,49.427724792,1.0006381408560148
73747,market_research_2026-04-04_21-42-06_live_round,7efc699623d74ac8961a3f76a12cb867,2026-04-05T02:49:04.995966+00:00,1775357344995966000,173055323146750,2463,,,A,1121,60,1122.0,-4.0,49.431267084,1.0006381408560148
73748,market_research_2026-04-04_21-42-06_live_round,7efc699623d74ac8961a3f76a12cb867,2026-04-05T02:49:04.996103+00:00,1775357344996103000,173055323283041,2463,,,A,1122,80,1122.0,-4.0,49.431403375,1.0006381408560148
73749,market_research_2026-04-04_21-42-06_live_round,7efc699623d74ac8961a3f76a12cb867,2026-04-05T02:49:04.996229+00:00,1775357344996229000,173055323409458,2463,,,A,1123,20,1122.0,-4.0,49.431529792,1.0006381408560148
73773,market_research_2026-04-04_21-42-06_live_round,7efc699623d74ac8961a3f76a12cb867,2026-04-05T02:49:05.255578+00:00,1775357345255578000,173055582758875,2463,,,ETF,3091,40,3090.5,-1.0,95.032187625,
73902,market_research_2026-04-04_21-42-06_live_round,7efc699623d74ac8961a3f76a12cb867,2026-04-05T02:49:06.763534+00:00,1775357346763534000,173057090716791,2463,,,ETF,3090,40,3094.5,-9.0,96.540145541,
73909,market_research_2026-04-04_21-42-06_live_round,7efc699623d74ac8961a3f76a12cb867,2026-04-05T02:49:06.837235+00:00,1775357346837235000,173057164418833,2463,,,ETF,3091,60,3094.5,-7.0,96.613847583,
73915,market_research_2026-04-04_21-42-06_live_round,7efc699623d74ac8961a3f76a12cb867,2026-04-05T02:49:06.898946+00:00,1775357346898946000,173057226130166,2463,,,ETF,3092,80,3094.5,-5.0,96.675558916,
73937,market_research_2026-04-04_21-42-06_live_round,7efc699623d74ac8961a3f76a12cb867,2026-04-05T02:49:07.146592+00:00,1775357347146592000,173057473776750,2463,,,ETF,3093,100,3094.5,-3.0,96.9232055,
73962,market_research_2026-04-04_21-42-06_live_round,7efc699623d74ac8961a3f76a12cb867,2026-04-05T02:49:07.439996+00:00,1775357347439996000,173057767180833,2463,,,B,1020,40,1020.5,-1.0,,
73967,market_research_2026-04-04_21-42-06_live_round,7efc699623d74ac8961a3f76a12cb867,2026-04-05T02:49:07.494482+00:00,1775357347494482000,173057821667458,2463,,,B,1020,60,1020.0,0.0,,
73983,market_research_2026-04-04_21-42-06_live_round,7efc699623d74ac8961a3f76a12cb867,2026-04-05T02:49:07.643408+00:00,1775357347643408000,173057970593000,2463,,,ETF,3093,40,3097.5,-9.0,97.42002175,
73990,market_research_2026-04-04_21-42-06_live_round,7efc699623d74ac8961a3f76a12cb867,2026-04-05T02:49:07.725338+00:00,1775357347725338000,173058052523208,2463,,,ETF,3093,60,3097.0,-8.0,97.501951958,
74096,market_research_2026-04-04_21-42-06_live_round,7efc699623d74ac8961a3f76a12cb867,2026-04-05T02:49:09.013686+00:00,1775357349013686000,173059340873458,2463,,,A,1125,40,1125.5,-1.0,53.448993792,1.0006381408560148
74097,market_research_2026-04-04_21-42-06_live_round,7efc699623d74ac8961a3f76a12cb867,2026-04-05T02:49:09.016944+00:00,1775357349016944000,173059344132416,2463,,,A,1126,60,1125.5,-1.0,53.45225275,1.0006381408560148
74129,market_research_2026-04-04_21-42-06_live_round,7efc699623d74ac8961a3f76a12cb867,2026-04-05T02:49:09.340557+00:00,1775357349340557000,173059667745750,2463,,,ETF,3099,40,3096.5,-5.0,99.1171745,
74134,market_research_2026-04-04_21-42-06_live_round,7efc699623d74ac8961a3f76a12cb867,2026-04-05T02:49:09.401413+00:00,1775357349401413000,173059728601583,2463,,,ETF,3099,60,3097.0,-4.0,99.178030333,
74150,market_research_2026-04-04_21-42-06_live_round,7efc699623d74ac8961a3f76a12cb867,2026-04-05T02:49:09.563953+00:00,1775357349563953000,173059891141583,2463,,,ETF,3096,40,3096.0,0.0,99.340570333,
74343,market_research_2026-04-04_21-42-06_live_round,7efc699623d74ac8961a3f76a12cb867,2026-04-05T02:49:11.763131+00:00,1775357351763131000,173062090323916,2463,,,ETF,3086,40,3082.5,-7.0,101.539752666,
74348,market_research_2026-04-04_21-42-06_live_round,7efc699623d74ac8961a3f76a12cb867,2026-04-05T02:49:11.801186+00:00,1775357351801186000,173062128379500,2463,,,ETF,3086,60,3083.0,-6.0,101.57780825,
74353,market_research_2026-04-04_21-42-06_live_round,7efc699623d74ac8961a3f76a12cb867,2026-04-05T02:49:11.837291+00:00,1775357351837291000,173062164484291,2463,,,ETF,3084,40,3082.5,-3.0,101.613913041,
74354,market_research_2026-04-04_21-42-06_live_round,7efc699623d74ac8961a3f76a12cb867,2026-04-05T02:49:11.837440+00:00,1775357351837440000,173062164633833,2463,,,ETF,3083,40,3082.5,-3.0,101.614062583,
74360,market_research_2026-04-04_21-42-06_live_round,7efc699623d74ac8961a3f76a12cb867,2026-04-05T02:49:11.892241+00:00,1775357351892241000,173062219434541,2463,,,ETF,3083,20,3082.5,-1.0,101.668863291,
74361,market_research_2026-04-04_21-42-06_live_round,7efc699623d74ac8961a3f76a12cb867,2026-04-05T02:49:11.892378+00:00,1775357351892378000,173062219572250,2463,,,ETF,3082,80,3082.5,-1.0,101.669001,
74409,market_research_2026-04-04_21-42-06_live_round,7efc699623d74ac8961a3f76a12cb867,2026-04-05T02:49:12.431338+00:00,1775357352431338000,173062758532208,2463,,,ETF,3081,40,3078.0,-6.0,102.207960958,
74419,market_research_2026-04-04_21-42-06_live_round,7efc699623d74ac8961a3f76a12cb867,2026-04-05T02:49:12.567982+00:00,1775357352567982000,173062895176166,2463,,,ETF,3081,60,3078.5,-5.0,102.344604916,
74474,market_research_2026-04-04_21-42-06_live_round,7efc699623d74ac8961a3f76a12cb867,2026-04-05T02:49:13.237274+00:00,1775357353237274000,173063564469708,2463,,,ETF,3077,40,3077.0,0.0,103.013898458,
74524,market_research_2026-04-04_21-42-06_live_round,7efc699623d74ac8961a3f76a12cb867,2026-04-05T02:49:13.835665+00:00,1775357353835665000,173064162862375,2463,,,A,1112,40,1111.0,-2.0,58.270982709,1.0006381408560148
74525,market_research_2026-04-04_21-42-06_live_round,7efc699623d74ac8961a3f76a12cb867,2026-04-05T02:49:13.836690+00:00,1775357353836690000,173064163887291,2463,,,A,1111,60,1111.0,-2.0,58.272007625,1.0006381408560148
74526,market_research_2026-04-04_21-42-06_live_round,7efc699623d74ac8961a3f76a12cb867,2026-04-05T02:49:13.836822+00:00,1775357353836822000,173064164020166,2463,,,A,1110,80,1111.0,-2.0,58.2721405,1.0006381408560148
74527,market_research_2026-04-04_21-42-06_live_round,7efc699623d74ac8961a3f76a12cb867,2026-04-05T02:49:13.836940+00:00,1775357353836940000,173064164138083,2463,,,A,1110,20,1111.0,-2.0,58.272258417,1.0006381408560148
74613,market_research_2026-04-04_21-42-06_live_round,7efc699623d74ac8961a3f76a12cb867,2026-04-05T02:49:14.802819+00:00,1775357354802819000,173065130017708,2463,,,ETF,3083,40,3085.0,-4.0,104.579446458,
74622,market_research_2026-04-04_21-42-06_live_round,7efc699623d74ac8961a3f76a12cb867,2026-04-05T02:49:14.890595+00:00,1775357354890595000,173065217793916,2463,,,ETF,3084,60,3085.0,-2.0,104.667222666,
74637,market_research_2026-04-04_21-42-06_live_round,7efc699623d74ac8961a3f76a12cb867,2026-04-05T02:49:15.049619+00:00,1775357355049619000,173065376819208,2463,,,ETF,3085,80,3085.0,0.0,104.826247958,
74687,market_research_2026-04-04_21-42-06_live_round,7efc699623d74ac8961a3f76a12cb867,2026-04-05T02:49:15.608798+00:00,1775357355608798000,173065935999208,2463,,,ETF,3086,40,3088.5,-5.0,105.385427958,
74708,market_research_2026-04-04_21-42-06_live_round,7efc699623d74ac8961a3f76a12cb867,2026-04-05T02:49:15.853416+00:00,1775357355853416000,173066180617125,2463,,,ETF,3086,60,3088.0,-4.0,105.630045875,
74757,market_research_2026-04-04_21-42-06_live_round,7efc699623d74ac8961a3f76a12cb867,2026-04-05T02:49:16.379026+00:00,1775357356379026000,173066706228500,2463,,,ETF,3089,40,3082.5,-13.0,106.15565725,
74764,market_research_2026-04-04_21-42-06_live_round,7efc699623d74ac8961a3f76a12cb867,2026-04-05T02:49:16.446731+00:00,1775357356446731000,173066773933791,2463,,,ETF,3089,40,3083.0,-12.0,106.223362541,
74765,market_research_2026-04-04_21-42-06_live_round,7efc699623d74ac8961a3f76a12cb867,2026-04-05T02:49:16.446900+00:00,1775357356446900000,173066774103125,2463,,,ETF,3088,20,3083.0,-12.0,106.223531875,
74776,market_research_2026-04-04_21-42-06_live_round,7efc699623d74ac8961a3f76a12cb867,2026-04-05T02:49:16.569716+00:00,1775357356569716000,173066896918166,2463,,,ETF,3088,80,3083.0,-10.0,106.346346916,
74791,market_research_2026-04-04_21-42-06_live_round,7efc699623d74ac8961a3f76a12cb867,2026-04-05T02:49:16.719474+00:00,1775357356719474000,173067046676958,2463,,,ETF,3084,100,3081.5,-5.0,106.496105708,
74895,market_research_2026-04-04_21-42-06_live_round,7efc699623d74ac8961a3f76a12cb867,2026-04-05T02:49:17.971165+00:00,1775357357971165000,173068298370458,2463,,,ETF,3079,40,3079.5,-1.0,107.747799208,
75105,market_research_2026-04-04_21-42-06_live_round,7efc699623d74ac8961a3f76a12cb867,2026-04-05T02:49:20.454045+00:00,1775357360454045000,173070781255458,2463,,,ETF,3084,40,3081.5,-5.0,110.230684208,
75115,market_research_2026-04-04_21-42-06_live_round,7efc699623d74ac8961a3f76a12cb867,2026-04-05T02:49:20.564015+00:00,1775357360564015000,173070891225708,2463,,,ETF,3083,60,3081.5,-3.0,110.340654458,
75122,market_research_2026-04-04_21-42-06_live_round,7efc699623d74ac8961a3f76a12cb867,2026-04-05T02:49:20.642087+00:00,1775357360642087000,173070969297250,2463,,,ETF,3082,80,3081.5,-1.0,110.418726,
75172,market_research_2026-04-04_21-42-06_live_round,7efc699623d74ac8961a3f76a12cb867,2026-04-05T02:49:21.250649+00:00,1775357361250649000,173071577861000,2550,,,ETF,3081,40,3078.0,-6.0,0.246202125,
75191,market_research_2026-04-04_21-42-06_live_round,7efc699623d74ac8961a3f76a12cb867,2026-04-05T02:49:21.442822+00:00,1775357361442822000,173071770034291,2550,,,ETF,3081,60,3078.5,-5.0,0.438375416,
75247,market_research_2026-04-04_21-42-06_live_round,7efc699623d74ac8961a3f76a12cb867,2026-04-05T02:49:22.108360+00:00,1775357362108360000,173072435573083,2550,,,ETF,3077,40,3085.0,-16.0,1.103914208,
75260,market_research_2026-04-04_21-42-06_live_round,7efc699623d74ac8961a3f76a12cb867,2026-04-05T02:49:22.241788+00:00,1775357362241788000,173072569002083,2550,,,ETF,3077,40,3084.5,-15.0,1.237343208,
75261,market_research_2026-04-04_21-42-06_live_round,7efc699623d74ac8961a3f76a12cb867,2026-04-05T02:49:22.241972+00:00,1775357362241972000,173072569186208,2550,,,ETF,3078,20,3084.5,-15.0,1.237527333,
75267,market_research_2026-04-04_21-42-06_live_round,7efc699623d74ac8961a3f76a12cb867,2026-04-05T02:49:22.291504+00:00,1775357362291504000,173072618718291,2550,,,ETF,3078,80,3084.5,-13.0,1.287059416,
75272,market_research_2026-04-04_21-42-06_live_round,7efc699623d74ac8961a3f76a12cb867,2026-04-05T02:49:22.331293+00:00,1775357362331293000,173072658506958,2550,,,ETF,3082,100,3086.0,-8.0,1.326848083,
75281,market_research_2026-04-04_21-42-06_live_round,7efc699623d74ac8961a3f76a12cb867,2026-04-05T02:49:22.419199+00:00,1775357362419199000,173072746413500,2550,,,A,1118,40,1119.0,-2.0,1.414754625,0.8801246016836736
75286,market_research_2026-04-04_21-42-06_live_round,7efc699623d74ac8961a3f76a12cb867,2026-04-05T02:49:22.467258+00:00,1775357362467258000,173072794472125,2550,,,A,1119,60,1119.0,0.0,1.46281325,0.8801246016836736
75349,market_research_2026-04-04_21-42-06_live_round,7efc699623d74ac8961a3f76a12cb867,2026-04-05T02:49:23.162514+00:00,1775357363162514000,173073489730083,2550,,,A,1121,40,1122.5,-3.0,2.158071208,0.8801246016836736
75354,market_research_2026-04-04_21-42-06_live_round,7efc699623d74ac8961a3f76a12cb867,2026-04-05T02:49:23.216378+00:00,1775357363216378000,173073543593083,2550,,,A,1121,60,1122.0,-2.0,2.211934208,0.8801246016836736
75384,market_research_2026-04-04_21-42-06_live_round,7efc699623d74ac8961a3f76a12cb867,2026-04-05T02:49:23.541055+00:00,1775357363541055000,173073868271041,2550,,,ETF,3098,40,3100.5,-5.0,2.536612166,
75391,market_research_2026-04-04_21-42-06_live_round,7efc699623d74ac8961a3f76a12cb867,2026-04-05T02:49:23.618919+00:00,1775357363618919000,173073946135083,2550,,,ETF,3099,60,3100.5,-3.0,2.614476208,
75402,market_research_2026-04-04_21-42-06_live_round,7efc699623d74ac8961a3f76a12cb867,2026-04-05T02:49:23.735564+00:00,1775357363735564000,173074062780083,2550,,,ETF,3100,80,3100.5,-1.0,2.731121208,
75455,market_research_2026-04-04_21-42-06_live_round,7efc699623d74ac8961a3f76a12cb867,2026-04-05T02:49:24.313863+00:00,1775357364313863000,173074641081041,2550,,,ETF,3101,40,3104.0,-6.0,3.309422166,
75460,market_research_2026-04-04_21-42-06_live_round,7efc699623d74ac8961a3f76a12cb867,2026-04-05T02:49:24.357044+00:00,1775357364357044000,173074684261708,2550,,,ETF,3101,60,3103.5,-5.0,3.352602833,
75540,market_research_2026-04-04_21-42-06_live_round,7efc699623d74ac8961a3f76a12cb867,2026-04-05T02:49:25.338151+00:00,1775357365338151000,173075665371166,2550,,,ETF,3105,40,3103.5,-3.0,4.333712291,
75547,market_research_2026-04-04_21-42-06_live_round,7efc699623d74ac8961a3f76a12cb867,2026-04-05T02:49:25.406058+00:00,1775357365406058000,173075733277958,2550,,,ETF,3105,40,3104.0,-2.0,4.401619083,
75548,market_research_2026-04-04_21-42-06_live_round,7efc699623d74ac8961a3f76a12cb867,2026-04-05T02:49:25.410027+00:00,1775357365410027000,173075737246833,2550,,,ETF,3104,20,3104.0,-2.0,4.405587958,
75554,market_research_2026-04-04_21-42-06_live_round,7efc699623d74ac8961a3f76a12cb867,2026-04-05T02:49:25.464573+00:00,1775357365464573000,173075791793708,2550,,,ETF,3104,80,3104.0,0.0,4.460134833,
75662,market_research_2026-04-04_21-42-06_live_round,7efc699623d74ac8961a3f76a12cb867,2026-04-05T02:49:26.724512+00:00,1775357366724512000,173077051735000,2550,,,ETF,3094,40,3093.5,-1.0,5.720076125,
75798,market_research_2026-04-04_21-42-06_live_round,7efc699623d74ac8961a3f76a12cb867,2026-04-05T02:49:28.380215+00:00,1775357368380215000,173078707440166,2550,,,ETF,3093,40,3093.5,-1.0,7.375781291,
75866,market_research_2026-04-04_21-42-06_live_round,7efc699623d74ac8961a3f76a12cb867,2026-04-05T02:49:29.179080+00:00,1775357369179080000,173079506307583,2550,,,ETF,3096,40,3102.5,-13.0,8.174648708,
75876,market_research_2026-04-04_21-42-06_live_round,7efc699623d74ac8961a3f76a12cb867,2026-04-05T02:49:29.302763+00:00,1775357369302763000,173079629990833,2550,,,ETF,3096,60,3102.0,-12.0,8.298331958,
75894,market_research_2026-04-04_21-42-06_live_round,7efc699623d74ac8961a3f76a12cb867,2026-04-05T02:49:29.501626+00:00,1775357369501626000,173079828853916,2550,,,ETF,3100,40,3103.5,-7.0,8.497195041,
75895,market_research_2026-04-04_21-42-06_live_round,7efc699623d74ac8961a3f76a12cb867,2026-04-05T02:49:29.501823+00:00,1775357369501823000,173079829050833,2550,,,ETF,3101,40,3103.5,-7.0,8.497391958,
75901,market_research_2026-04-04_21-42-06_live_round,7efc699623d74ac8961a3f76a12cb867,2026-04-05T02:49:29.550994+00:00,1775357369550994000,173079878221625,2550,,,ETF,3101,20,3103.5,-5.0,8.54656275,
75902,market_research_2026-04-04_21-42-06_live_round,7efc699623d74ac8961a3f76a12cb867,2026-04-05T02:49:29.551161+00:00,1775357369551161000,173079878389541,2550,,,ETF,3102,80,3103.5,-5.0,8.546730666,
75946,market_research_2026-04-04_21-42-06_live_round,7efc699623d74ac8961a3f76a12cb867,2026-04-05T02:49:30.014123+00:00,1775357370014123000,173080341351916,2550,,,ETF,3103,40,3109.0,-12.0,9.009693041,
75962,market_research_2026-04-04_21-42-06_live_round,7efc699623d74ac8961a3f76a12cb867,2026-04-05T02:49:30.181863+00:00,1775357370181863000,173080509092083,2550,,,ETF,3103,60,3108.5,-11.0,9.177433208,
76091,market_research_2026-04-04_21-42-06_live_round,7efc699623d74ac8961a3f76a12cb867,2026-04-05T02:49:31.659429+00:00,1775357371659429000,173081986661166,2550,,,ETF,3112,40,3111.5,-1.0,10.655002291,
76100,market_research_2026-04-04_21-42-06_live_round,7efc699623d74ac8961a3f76a12cb867,2026-04-05T02:49:31.773662+00:00,1775357371773662000,173082100894791,2550,,,ETF,3112,60,3112.0,0.0,10.769235916,
76116,market_research_2026-04-04_21-42-06_live_round,7efc699623d74ac8961a3f76a12cb867,2026-04-05T02:49:31.962834+00:00,1775357371962834000,173082290066916,2550,,,A,1132,40,1130.0,-4.0,10.958408041,0.8801246016836736
76121,market_research_2026-04-04_21-42-06_live_round,7efc699623d74ac8961a3f76a12cb867,2026-04-05T02:49:32.013073+00:00,1775357372013073000,173082340305375,2550,,,A,1132,60,1130.5,-3.0,11.0086465,0.8801246016836736
76126,market_research_2026-04-04_21-42-06_live_round,7efc699623d74ac8961a3f76a12cb867,2026-04-05T02:49:32.055916+00:00,1775357372055916000,173082383149000,2550,,,A,1131,40,1130.5,-1.0,11.051490125,0.8801246016836736
76127,market_research_2026-04-04_21-42-06_live_round,7efc699623d74ac8961a3f76a12cb867,2026-04-05T02:49:32.056093+00:00,1775357372056093000,173082383325916,2550,,,A,1130,40,1130.5,-1.0,11.051667041,0.8801246016836736
76177,market_research_2026-04-04_21-42-06_live_round,7efc699623d74ac8961a3f76a12cb867,2026-04-05T02:49:32.596789+00:00,1775357372596789000,173082924023458,2550,,,ETF,3109,40,3100.5,-17.0,11.592364583,
76182,market_research_2026-04-04_21-42-06_live_round,7efc699623d74ac8961a3f76a12cb867,2026-04-05T02:49:32.635896+00:00,1775357372635896000,173082963130000,2550,,,ETF,3109,60,3101.0,-16.0,11.631471125,
76187,market_research_2026-04-04_21-42-06_live_round,7efc699623d74ac8961a3f76a12cb867,2026-04-05T02:49:32.675152+00:00,1775357372675152000,173083002386625,2550,,,ETF,3105,40,3099.5,-11.0,11.67072775,
76188,market_research_2026-04-04_21-42-06_live_round,7efc699623d74ac8961a3f76a12cb867,2026-04-05T02:49:32.675330+00:00,1775357372675330000,173083002565041,2550,,,ETF,3104,40,3099.5,-11.0,11.670906166,
76194,market_research_2026-04-04_21-42-06_live_round,7efc699623d74ac8961a3f76a12cb867,2026-04-05T02:49:32.727923+00:00,1775357372727923000,173083055156958,2550,,,ETF,3104,20,3099.5,-9.0,11.723498083,
76195,market_research_2026-04-04_21-42-06_live_round,7efc699623d74ac8961a3f76a12cb867,2026-04-05T02:49:32.728181+00:00,1775357372728181000,173083055415458,2550,,,ETF,3103,80,3099.5,-9.0,11.723756583,
76203,market_research_2026-04-04_21-42-06_live_round,7efc699623d74ac8961a3f76a12cb867,2026-04-05T02:49:32.829116+00:00,1775357372829116000,173083156350708,2550,,,A,1128,40,1123.5,-9.0,11.824691833,0.8801246016836736
76208,market_research_2026-04-04_21-42-06_live_round,7efc699623d74ac8961a3f76a12cb867,2026-04-05T02:49:32.875439+00:00,1775357372875439000,173083202673250,2550,,,A,1128,60,1124.0,-8.0,11.871014375,0.8801246016836736
76213,market_research_2026-04-04_21-42-06_live_round,7efc699623d74ac8961a3f76a12cb867,2026-04-05T02:49:32.917998+00:00,1775357372917998000,173083245232333,2550,,,A,1122,40,1121.5,-1.0,11.913573458,0.8801246016836736
76214,market_research_2026-04-04_21-42-06_live_round,7efc699623d74ac8961a3f76a12cb867,2026-04-05T02:49:32.918160+00:00,1775357372918160000,173083245394666,2550,,,A,1121,40,1121.5,-1.0,11.913735791,0.8801246016836736
76242,market_research_2026-04-04_21-42-06_live_round,7efc699623d74ac8961a3f76a12cb867,2026-04-05T02:49:33.196024+00:00,1775357373196024000,173083523258833,2550,,,ETF,3102,40,3088.0,-28.0,12.191599958,
76247,market_research_2026-04-04_21-42-06_live_round,7efc699623d74ac8961a3f76a12cb867,2026-04-05T02:49:33.238376+00:00,1775357373238376000,173083565611250,2550,,,ETF,3102,60,3088.5,-27.0,12.233952375,
76257,market_research_2026-04-04_21-42-06_live_round,7efc699623d74ac8961a3f76a12cb867,2026-04-05T02:49:33.347093+00:00,1775357373347093000,173083674328208,2550,,,ETF,3086,40,3081.0,-10.0,12.342669333,
76258,market_research_2026-04-04_21-42-06_live_round,7efc699623d74ac8961a3f76a12cb867,2026-04-05T02:49:33.350359+00:00,1775357373350359000,173083677594000,2550,,,ETF,3085,40,3081.0,-10.0,12.345935125,
76274,market_research_2026-04-04_21-42-06_live_round,7efc699623d74ac8961a3f76a12cb867,2026-04-05T02:49:33.515832+00:00,1775357373515832000,173083843067708,2550,,,ETF,3085,20,3081.0,-8.0,12.511408833,
76275,market_research_2026-04-04_21-42-06_live_round,7efc699623d74ac8961a3f76a12cb867,2026-04-05T02:49:33.516027+00:00,1775357373516027000,173083843263500,2550,,,ETF,3084,80,3081.0,-8.0,12.511604625,
76286,market_research_2026-04-04_21-42-06_live_round,7efc699623d74ac8961a3f76a12cb867,2026-04-05T02:49:33.655389+00:00,1775357373655389000,173083982624750,2550,,,A,1119,40,1116.5,-5.0,12.650965875,0.8801246016836736
76291,market_research_2026-04-04_21-42-06_live_round,7efc699623d74ac8961a3f76a12cb867,2026-04-05T02:49:33.697307+00:00,1775357373697307000,173084024543291,2550,,,A,1119,60,1117.0,-4.0,12.692884416,0.8801246016836736
76323,market_research_2026-04-04_21-42-06_live_round,7efc699623d74ac8961a3f76a12cb867,2026-04-05T02:49:34.041199+00:00,1775357374041199000,173084368435375,2550,,,ETF,3083,40,3076.5,-13.0,13.0367765,
76338,market_research_2026-04-04_21-42-06_live_round,7efc699623d74ac8961a3f76a12cb867,2026-04-05T02:49:34.207256+00:00,1775357374207256000,173084534492750,2550,,,ETF,3083,60,3077.0,-12.0,13.202833875,
76353,market_research_2026-04-04_21-42-06_live_round,7efc699623d74ac8961a3f76a12cb867,2026-04-05T02:49:34.363190+00:00,1775357374363190000,173084690426791,2550,,,A,1110,40,1108.5,-3.0,13.358767916,0.8801246016836736
76358,market_research_2026-04-04_21-42-06_live_round,7efc699623d74ac8961a3f76a12cb867,2026-04-05T02:49:34.410866+00:00,1775357374410866000,173084738103583,2550,,,A,1110,60,1109.0,-2.0,13.406444708,0.8801246016836736
76450,market_research_2026-04-04_21-42-06_live_round,7efc699623d74ac8961a3f76a12cb867,2026-04-05T02:49:35.513149+00:00,1775357375513149000,173085840388708,2550,,,ETF,3073,40,3074.5,-3.0,14.508729833,
76472,market_research_2026-04-04_21-42-06_live_round,7efc699623d74ac8961a3f76a12cb867,2026-04-05T02:49:35.789388+00:00,1775357375789388000,173086116627625,2550,,,ETF,3073,60,3074.0,-2.0,14.78496875,
76660,market_research_2026-04-04_21-42-06_live_round,7efc699623d74ac8961a3f76a12cb867,2026-04-05T02:49:38.020256+00:00,1775357378020256000,173088347500333,2550,,,ETF,3070,40,3066.0,-8.0,17.015841458,
76672,market_research_2026-04-04_21-42-06_live_round,7efc699623d74ac8961a3f76a12cb867,2026-04-05T02:49:38.167856+00:00,1775357378167856000,173088495100791,2550,,,ETF,3070,60,3066.5,-7.0,17.163441916,
76684,market_research_2026-04-04_21-42-06_live_round,7efc699623d74ac8961a3f76a12cb867,2026-04-05T02:49:38.298989+00:00,1775357378298989000,173088626234000,2550,,,ETF,3070,40,3067.0,-6.0,17.294575125,
76685,market_research_2026-04-04_21-42-06_live_round,7efc699623d74ac8961a3f76a12cb867,2026-04-05T02:49:38.299185+00:00,1775357378299185000,173088626430291,2550,,,ETF,3069,40,3067.0,-6.0,17.294771416,
76691,market_research_2026-04-04_21-42-06_live_round,7efc699623d74ac8961a3f76a12cb867,2026-04-05T02:49:38.349739+00:00,1775357378349739000,173088676984375,2550,,,ETF,3069,20,3067.0,-4.0,17.3453255,
76692,market_research_2026-04-04_21-42-06_live_round,7efc699623d74ac8961a3f76a12cb867,2026-04-05T02:49:38.349911+00:00,1775357378349911000,173088677157000,2550,,,ETF,3068,80,3067.0,-4.0,17.345498125,
76702,market_research_2026-04-04_21-42-06_live_round,7efc699623d74ac8961a3f76a12cb867,2026-04-05T02:49:38.455746+00:00,1775357378455746000,173088782990625,2550,,,A,1110,40,1109.5,-1.0,17.45133175,0.8801246016836736
76756,market_research_2026-04-04_21-42-06_live_round,7efc699623d74ac8961a3f76a12cb867,2026-04-05T02:49:39.097698+00:00,1775357379097698000,173089424944458,2550,,,ETF,3067,40,3057.5,-19.0,18.093285583,
76761,market_research_2026-04-04_21-42-06_live_round,7efc699623d74ac8961a3f76a12cb867,2026-04-05T02:49:39.141654+00:00,1775357379141654000,173089468900333,2550,,,ETF,3067,60,3058.0,-18.0,18.137241458,
76766,market_research_2026-04-04_21-42-06_live_round,7efc699623d74ac8961a3f76a12cb867,2026-04-05T02:49:39.187080+00:00,1775357379187080000,173089514326375,2550,,,ETF,3056,40,3053.0,-6.0,18.1826675,
76767,market_research_2026-04-04_21-42-06_live_round,7efc699623d74ac8961a3f76a12cb867,2026-04-05T02:49:39.187272+00:00,1775357379187272000,173089514519000,2550,,,ETF,3055,40,3053.0,-6.0,18.182860125,
76773,market_research_2026-04-04_21-42-06_live_round,7efc699623d74ac8961a3f76a12cb867,2026-04-05T02:49:39.239331+00:00,1775357379239331000,173089566577708,2550,,,ETF,3055,20,3053.0,-4.0,18.234918833,
76774,market_research_2026-04-04_21-42-06_live_round,7efc699623d74ac8961a3f76a12cb867,2026-04-05T02:49:39.243025+00:00,1775357379243025000,173089570271250,2550,,,ETF,3054,80,3053.0,-4.0,18.238612375,
76781,market_research_2026-04-04_21-42-06_live_round,7efc699623d74ac8961a3f76a12cb867,2026-04-05T02:49:39.324471+00:00,1775357379324471000,173089651717708,2550,,,A,1107,40,1101.5,-11.0,18.320058833,0.8801246016836736
76786,market_research_2026-04-04_21-42-06_live_round,7efc699623d74ac8961a3f76a12cb867,2026-04-05T02:49:39.363099+00:00,1775357379363099000,173089690346541,2550,,,A,1107,60,1102.0,-10.0,18.358687666,0.8801246016836736
76791,market_research_2026-04-04_21-42-06_live_round,7efc699623d74ac8961a3f76a12cb867,2026-04-05T02:49:39.397979+00:00,1775357379397979000,173089725226500,2550,,,A,1103,40,1100.5,-5.0,18.393567625,0.8801246016836736
76792,market_research_2026-04-04_21-42-06_live_round,7efc699623d74ac8961a3f76a12cb867,2026-04-05T02:49:39.398125+00:00,1775357379398125000,173089725372708,2550,,,A,1102,40,1100.5,-5.0,18.393713833,0.8801246016836736
76798,market_research_2026-04-04_21-42-06_live_round,7efc699623d74ac8961a3f76a12cb867,2026-04-05T02:49:39.441207+00:00,1775357379441207000,173089768454666,2550,,,A,1102,20,1100.5,-3.0,18.436795791,0.8801246016836736
76799,market_research_2026-04-04_21-42-06_live_round,7efc699623d74ac8961a3f76a12cb867,2026-04-05T02:49:39.441345+00:00,1775357379441345000,173089768592708,2550,,,A,1101,80,1100.5,-3.0,18.436933833,0.8801246016836736
76826,market_research_2026-04-04_21-42-06_live_round,7efc699623d74ac8961a3f76a12cb867,2026-04-05T02:49:39.737323+00:00,1775357379737323000,173090064570583,2550,,,ETF,3053,40,3040.5,-25.0,18.732911708,
76834,market_research_2026-04-04_21-42-06_live_round,7efc699623d74ac8961a3f76a12cb867,2026-04-05T02:49:39.821088+00:00,1775357379821088000,173090148336375,2550,,,ETF,3053,60,3041.0,-24.0,18.8166775,
76847,market_research_2026-04-04_21-42-06_live_round,7efc699623d74ac8961a3f76a12cb867,2026-04-05T02:49:39.946148+00:00,1775357379946148000,173090273395833,2550,,,ETF,3042,40,3036.0,-12.0,18.941736958,
76848,market_research_2026-04-04_21-42-06_live_round,7efc699623d74ac8961a3f76a12cb867,2026-04-05T02:49:39.949497+00:00,1775357379949497000,173090276745750,2550,,,ETF,3041,40,3036.0,-12.0,18.945086875,
76861,market_research_2026-04-04_21-42-06_live_round,7efc699623d74ac8961a3f76a12cb867,2026-04-05T02:49:40.095481+00:00,1775357380095481000,173090422729375,2550,,,ETF,3041,20,3036.0,-10.0,19.0910705,
76862,market_research_2026-04-04_21-42-06_live_round,7efc699623d74ac8961a3f76a12cb867,2026-04-05T02:49:40.095663+00:00,1775357380095663000,173090422912083,2550,,,ETF,3040,80,3036.0,-10.0,19.091253208,
76868,market_research_2026-04-04_21-42-06_live_round,7efc699623d74ac8961a3f76a12cb867,2026-04-05T02:49:40.154101+00:00,1775357380154101000,173090481349666,2550,,,A,1100,40,1088.5,-23.0,19.149690791,0.8801246016836736
76873,market_research_2026-04-04_21-42-06_live_round,7efc699623d74ac8961a3f76a12cb867,2026-04-05T02:49:40.189484+00:00,1775357380189484000,173090516732750,2550,,,A,1100,60,1089.0,-22.0,19.185073875,0.8801246016836736
76878,market_research_2026-04-04_21-42-06_live_round,7efc699623d74ac8961a3f76a12cb867,2026-04-05T02:49:40.226591+00:00,1775357380226591000,173090553839708,2550,,,A,1090,40,1084.5,-11.0,19.222180833,0.8801246016836736
76879,market_research_2026-04-04_21-42-06_live_round,7efc699623d74ac8961a3f76a12cb867,2026-04-05T02:49:40.226743+00:00,1775357380226743000,173090553992750,2550,,,A,1089,40,1084.5,-11.0,19.222333875,0.8801246016836736
76885,market_research_2026-04-04_21-42-06_live_round,7efc699623d74ac8961a3f76a12cb867,2026-04-05T02:49:40.282832+00:00,1775357380282832000,173090610080625,2550,,,A,1089,20,1084.5,-9.0,19.27842175,0.8801246016836736
76886,market_research_2026-04-04_21-42-06_live_round,7efc699623d74ac8961a3f76a12cb867,2026-04-05T02:49:40.286421+00:00,1775357380286421000,173090613670458,2550,,,A,1088,80,1084.5,-9.0,19.282011583,0.8801246016836736
76911,market_research_2026-04-04_21-42-06_live_round,7efc699623d74ac8961a3f76a12cb867,2026-04-05T02:49:40.561618+00:00,1775357380561618000,173090888867208,2550,,,ETF,3039,40,3022.5,-33.0,19.557208333,
76917,market_research_2026-04-04_21-42-06_live_round,7efc699623d74ac8961a3f76a12cb867,2026-04-05T02:49:40.621925+00:00,1775357380621925000,173090949174916,2550,,,ETF,3039,60,3023.0,-32.0,19.617516041,
76935,market_research_2026-04-04_21-42-06_live_round,7efc699623d74ac8961a3f76a12cb867,2026-04-05T02:49:40.796440+00:00,1775357380796440000,173091123689708,2550,,,ETF,3022,40,3015.0,-14.0,19.792030833,
76936,market_research_2026-04-04_21-42-06_live_round,7efc699623d74ac8961a3f76a12cb867,2026-04-05T02:49:40.796612+00:00,1775357380796612000,173091123862708,2550,,,ETF,3021,40,3015.0,-14.0,19.792203833,
76942,market_research_2026-04-04_21-42-06_live_round,7efc699623d74ac8961a3f76a12cb867,2026-04-05T02:49:40.857181+00:00,1775357380857181000,173091184430791,2550,,,ETF,3021,20,3015.0,-12.0,19.852771916,
76943,market_research_2026-04-04_21-42-06_live_round,7efc699623d74ac8961a3f76a12cb867,2026-04-05T02:49:40.857395+00:00,1775357380857395000,173091184645375,2550,,,ETF,3020,80,3015.0,-12.0,19.8529865,
76949,market_research_2026-04-04_21-42-06_live_round,7efc699623d74ac8961a3f76a12cb867,2026-04-05T02:49:40.921435+00:00,1775357380921435000,173091248685041,2550,,,A,1087,40,1067.5,-39.0,19.917026166,0.8801246016836736
76954,market_research_2026-04-04_21-42-06_live_round,7efc699623d74ac8961a3f76a12cb867,2026-04-05T02:49:40.967840+00:00,1775357380967840000,173091295089875,2550,,,A,1087,60,1068.0,-38.0,19.963431,0.8801246016836736
76959,market_research_2026-04-04_21-42-06_live_round,7efc699623d74ac8961a3f76a12cb867,2026-04-05T02:49:41.003740+00:00,1775357381003740000,173091330990375,2550,,,A,1071,40,1060.5,-21.0,19.9993315,0.8801246016836736
76960,market_research_2026-04-04_21-42-06_live_round,7efc699623d74ac8961a3f76a12cb867,2026-04-05T02:49:41.003886+00:00,1775357381003886000,173091331137125,2550,,,A,1070,40,1060.5,-21.0,19.99947825,0.8801246016836736
76966,market_research_2026-04-04_21-42-06_live_round,7efc699623d74ac8961a3f76a12cb867,2026-04-05T02:49:41.045487+00:00,1775357381045487000,173091372737541,2550,,,A,1070,20,1060.5,-19.0,20.041078666,0.8801246016836736
76971,market_research_2026-04-04_21-42-06_live_round,7efc699623d74ac8961a3f76a12cb867,2026-04-05T02:49:41.091676+00:00,1775357381091676000,173091418926625,2550,,,A,1069,80,1060.5,-19.0,20.08726775,0.8801246016836736
76995,market_research_2026-04-04_21-42-06_live_round,7efc699623d74ac8961a3f76a12cb867,2026-04-05T02:49:41.348279+00:00,1775357381348279000,173091675530333,2550,,,ETF,3019,40,2996.5,-45.0,20.343871458,
77003,market_research_2026-04-04_21-42-06_live_round,7efc699623d74ac8961a3f76a12cb867,2026-04-05T02:49:41.422657+00:00,1775357381422657000,173091749908541,2550,,,ETF,3019,60,2997.0,-44.0,20.418249666,
77009,market_research_2026-04-04_21-42-06_live_round,7efc699623d74ac8961a3f76a12cb867,2026-04-05T02:49:41.492552+00:00,1775357381492552000,173091819803541,2550,,,ETF,3000,40,2988.0,-24.0,20.488144666,
77010,market_research_2026-04-04_21-42-06_live_round,7efc699623d74ac8961a3f76a12cb867,2026-04-05T02:49:41.492767+00:00,1775357381492767000,173091820018625,2550,,,ETF,2999,40,2988.0,-24.0,20.48835975,
77026,market_research_2026-04-04_21-42-06_live_round,7efc699623d74ac8961a3f76a12cb867,2026-04-05T02:49:41.653844+00:00,1775357381653844000,173091981096250,2550,,,ETF,2999,20,2988.0,-22.0,20.649437375,
77027,market_research_2026-04-04_21-42-06_live_round,7efc699623d74ac8961a3f76a12cb867,2026-04-05T02:49:41.654030+00:00,1775357381654030000,173091981281666,2550,,,ETF,2998,80,2988.0,-22.0,20.649622791,
77033,market_research_2026-04-04_21-42-06_live_round,7efc699623d74ac8961a3f76a12cb867,2026-04-05T02:49:41.713882+00:00,1775357381713882000,173092041133500,2550,,,A,1068,40,1041.0,-54.0,20.709474625,0.8801246016836736
77038,market_research_2026-04-04_21-42-06_live_round,7efc699623d74ac8961a3f76a12cb867,2026-04-05T02:49:41.758533+00:00,1775357381758533000,173092085784541,2550,,,A,1068,60,1041.5,-53.0,20.754125666,0.8801246016836736
77043,market_research_2026-04-04_21-42-06_live_round,7efc699623d74ac8961a3f76a12cb867,2026-04-05T02:49:41.796487+00:00,1775357381796487000,173092123739083,2550,,,A,1042,40,1029.0,-26.0,20.792080208,0.8801246016836736
77044,market_research_2026-04-04_21-42-06_live_round,7efc699623d74ac8961a3f76a12cb867,2026-04-05T02:49:41.796628+00:00,1775357381796628000,173092123880750,2550,,,A,1041,40,1029.0,-26.0,20.792221875,0.8801246016836736
77050,market_research_2026-04-04_21-42-06_live_round,7efc699623d74ac8961a3f76a12cb867,2026-04-05T02:49:41.846549+00:00,1775357381846549000,173092173801666,2550,,,A,1041,20,1029.0,-24.0,20.842142791,0.8801246016836736
77051,market_research_2026-04-04_21-42-06_live_round,7efc699623d74ac8961a3f76a12cb867,2026-04-05T02:49:41.846693+00:00,1775357381846693000,173092173944958,2550,,,A,1040,80,1029.0,-24.0,20.842286083,0.8801246016836736
77084,market_research_2026-04-04_21-42-06_live_round,7efc699623d74ac8961a3f76a12cb867,2026-04-05T02:49:42.197003+00:00,1775357382197003000,173092524255916,2550,,,ETF,2997,40,2969.0,-56.0,21.192597041,
77098,market_research_2026-04-04_21-42-06_live_round,7efc699623d74ac8961a3f76a12cb867,2026-04-05T02:49:42.327496+00:00,1775357382327496000,173092654748750,2550,,,ETF,2997,60,2969.5,-55.0,21.323089875,
77103,market_research_2026-04-04_21-42-06_live_round,7efc699623d74ac8961a3f76a12cb867,2026-04-05T02:49:42.373825+00:00,1775357382373825000,173092701078541,2550,,,ETF,2968,40,2955.5,-25.0,21.369419666,
77104,market_research_2026-04-04_21-42-06_live_round,7efc699623d74ac8961a3f76a12cb867,2026-04-05T02:49:42.373991+00:00,1775357382373991000,173092701244333,2550,,,ETF,2967,40,2955.5,-25.0,21.369585458,
77110,market_research_2026-04-04_21-42-06_live_round,7efc699623d74ac8961a3f76a12cb867,2026-04-05T02:49:42.422280+00:00,1775357382422280000,173092749533791,2550,,,ETF,2967,20,2955.5,-23.0,21.417874916,
77111,market_research_2026-04-04_21-42-06_live_round,7efc699623d74ac8961a3f76a12cb867,2026-04-05T02:49:42.425565+00:00,1775357382425565000,173092752818208,2550,,,ETF,2966,80,2955.5,-23.0,21.421159333,
77117,market_research_2026-04-04_21-42-06_live_round,7efc699623d74ac8961a3f76a12cb867,2026-04-05T02:49:42.486738+00:00,1775357382486738000,173092813991708,2550,,,A,1039,40,1012.5,-53.0,21.482332833,0.8801246016836736
77122,market_research_2026-04-04_21-42-06_live_round,7efc699623d74ac8961a3f76a12cb867,2026-04-05T02:49:42.533255+00:00,1775357382533255000,173092860508625,2550,,,A,1039,60,1013.0,-52.0,21.52884975,0.8801246016836736
77127,market_research_2026-04-04_21-42-06_live_round,7efc699623d74ac8961a3f76a12cb867,2026-04-05T02:49:42.569511+00:00,1775357382569511000,173092896764041,2550,,,A,1008,40,998.0,-20.0,21.565105166,0.8801246016836736
77128,market_research_2026-04-04_21-42-06_live_round,7efc699623d74ac8961a3f76a12cb867,2026-04-05T02:49:42.569670+00:00,1775357382569670000,173092896923625,2550,,,A,1007,40,998.0,-20.0,21.56526475,0.8801246016836736
77134,market_research_2026-04-04_21-42-06_live_round,7efc699623d74ac8961a3f76a12cb867,2026-04-05T02:49:42.614925+00:00,1775357382614925000,173092942178916,2550,,,A,1007,20,998.0,-18.0,21.610520041,0.8801246016836736
77135,market_research_2026-04-04_21-42-06_live_round,7efc699623d74ac8961a3f76a12cb867,2026-04-05T02:49:42.615065+00:00,1775357382615065000,173092942318916,2550,,,A,1006,80,998.0,-18.0,21.610660041,0.8801246016836736
77161,market_research_2026-04-04_21-42-06_live_round,7efc699623d74ac8961a3f76a12cb867,2026-04-05T02:49:42.880803+00:00,1775357382880803000,173093208056333,2550,,,ETF,2965,40,2947.5,-35.0,21.876397458,
77178,market_research_2026-04-04_21-42-06_live_round,7efc699623d74ac8961a3f76a12cb867,2026-04-05T02:49:43.042188+00:00,1775357383042188000,173093369442250,2550,,,ETF,2965,60,2948.0,-34.0,22.037783375,
77183,market_research_2026-04-04_21-42-06_live_round,7efc699623d74ac8961a3f76a12cb867,2026-04-05T02:49:43.087168+00:00,1775357383087168000,173093414422083,2550,,,ETF,2935,40,2933.5,-3.0,22.082763208,
77184,market_research_2026-04-04_21-42-06_live_round,7efc699623d74ac8961a3f76a12cb867,2026-04-05T02:49:43.087364+00:00,1775357383087364000,173093414618916,2550,,,ETF,2934,40,2933.5,-3.0,22.082960041,
77190,market_research_2026-04-04_21-42-06_live_round,7efc699623d74ac8961a3f76a12cb867,2026-04-05T02:49:43.143541+00:00,1775357383143541000,173093470795083,2550,,,ETF,2934,20,2933.5,-1.0,22.139136208,
77191,market_research_2026-04-04_21-42-06_live_round,7efc699623d74ac8961a3f76a12cb867,2026-04-05T02:49:43.143741+00:00,1775357383143741000,173093470995250,2550,,,ETF,2933,80,2933.5,-1.0,22.139336375,
77201,market_research_2026-04-04_21-42-06_live_round,7efc699623d74ac8961a3f76a12cb867,2026-04-05T02:49:43.254524+00:00,1775357383254524000,173093581779125,2550,,,A,1005,40,987.5,-35.0,22.25012025,0.8801246016836736
77206,market_research_2026-04-04_21-42-06_live_round,7efc699623d74ac8961a3f76a12cb867,2026-04-05T02:49:43.301808+00:00,1775357383301808000,173093629062833,2550,,,A,1005,60,988.0,-34.0,22.297403958,0.8801246016836736
77211,market_research_2026-04-04_21-42-06_live_round,7efc699623d74ac8961a3f76a12cb867,2026-04-05T02:49:43.352038+00:00,1775357383352038000,173093679293208,2550,,,A,980,40,976.0,-8.0,22.347634333,0.8801246016836736
77212,market_research_2026-04-04_21-42-06_live_round,7efc699623d74ac8961a3f76a12cb867,2026-04-05T02:49:43.355501+00:00,1775357383355501000,173093682756333,2550,,,A,979,40,976.0,-8.0,22.351097458,0.8801246016836736
77218,market_research_2026-04-04_21-42-06_live_round,7efc699623d74ac8961a3f76a12cb867,2026-04-05T02:49:43.406637+00:00,1775357383406637000,173093733891875,2550,,,A,979,20,976.0,-6.0,22.402233,0.8801246016836736
77219,market_research_2026-04-04_21-42-06_live_round,7efc699623d74ac8961a3f76a12cb867,2026-04-05T02:49:43.406794+00:00,1775357383406794000,173093734050000,2550,,,A,978,80,976.0,-6.0,22.402391125,0.8801246016836736
77246,market_research_2026-04-04_21-42-06_live_round,7efc699623d74ac8961a3f76a12cb867,2026-04-05T02:49:43.688623+00:00,1775357383688623000,173094015878541,2550,,,ETF,2932,40,2932.0,0.0,22.684219666,
77272,market_research_2026-04-04_21-42-06_live_round,7efc699623d74ac8961a3f76a12cb867,2026-04-05T02:49:43.983172+00:00,1775357383983172000,173094310427833,2550,,,A,977,40,974.5,-5.0,22.978768958,0.8801246016836736
77277,market_research_2026-04-04_21-42-06_live_round,7efc699623d74ac8961a3f76a12cb867,2026-04-05T02:49:44.030881+00:00,1775357384030881000,173094358137583,2550,,,A,977,60,975.0,-4.0,23.026478708,0.8801246016836736
77314,market_research_2026-04-04_21-42-06_live_round,7efc699623d74ac8961a3f76a12cb867,2026-04-05T02:49:44.463318+00:00,1775357384463318000,173094790575458,2550,,,ETF,2933,40,2935.5,-5.0,23.458916583,
77323,market_research_2026-04-04_21-42-06_live_round,7efc699623d74ac8961a3f76a12cb867,2026-04-05T02:49:44.569091+00:00,1775357384569091000,173094896348750,2550,,,ETF,2933,20,2935.0,-4.0,23.564689875,
77324,market_research_2026-04-04_21-42-06_live_round,7efc699623d74ac8961a3f76a12cb867,2026-04-05T02:49:44.569271+00:00,1775357384569271000,173094896529041,2550,,,ETF,2934,40,2935.0,-4.0,23.564870166,
77333,market_research_2026-04-04_21-42-06_live_round,7efc699623d74ac8961a3f76a12cb867,2026-04-05T02:49:44.665003+00:00,1775357384665003000,173094992261000,2550,,,ETF,2934,40,2935.0,-2.0,23.660602125,
77334,market_research_2026-04-04_21-42-06_live_round,7efc699623d74ac8961a3f76a12cb867,2026-04-05T02:49:44.668236+00:00,1775357384668236000,173094995493541,2550,,,ETF,2935,40,2935.0,-2.0,23.663834666,
77343,market_research_2026-04-04_21-42-06_live_round,7efc699623d74ac8961a3f76a12cb867,2026-04-05T02:49:44.765809+00:00,1775357384765809000,173095093067166,2550,,,ETF,2935,60,2935.0,0.0,23.761408291,
77352,market_research_2026-04-04_21-42-06_live_round,7efc699623d74ac8961a3f76a12cb867,2026-04-05T02:49:44.854558+00:00,1775357384854558000,173095181816166,2550,,,A,974,40,975.0,-2.0,23.850157291,0.8801246016836736
77357,market_research_2026-04-04_21-42-06_live_round,7efc699623d74ac8961a3f76a12cb867,2026-04-05T02:49:44.912747+00:00,1775357384912747000,173095240005458,2550,,,A,974,40,974.5,-1.0,23.908346583,0.8801246016836736
77358,market_research_2026-04-04_21-42-06_live_round,7efc699623d74ac8961a3f76a12cb867,2026-04-05T02:49:44.916066+00:00,1775357384916066000,173095243324666,2550,,,A,975,20,974.5,-1.0,23.911665791,0.8801246016836736
77392,market_research_2026-04-04_21-42-06_live_round,7efc699623d74ac8961a3f76a12cb867,2026-04-05T02:49:45.345577+00:00,1775357385345577000,173095672835666,2550,,,ETF,2944,40,2944.5,-1.0,24.341176791,
77422,market_research_2026-04-04_21-42-06_live_round,7efc699623d74ac8961a3f76a12cb867,2026-04-05T02:49:45.689809+00:00,1775357385689809000,173096017068708,2550,,,A,975,40,981.0,-12.0,24.685409833,0.8801246016836736
77427,market_research_2026-04-04_21-42-06_live_round,7efc699623d74ac8961a3f76a12cb867,2026-04-05T02:49:45.750269+00:00,1775357385750269000,173096077528250,2550,,,A,975,40,980.5,-11.0,24.745869375,0.8801246016836736
77428,market_research_2026-04-04_21-42-06_live_round,7efc699623d74ac8961a3f76a12cb867,2026-04-05T02:49:45.753880+00:00,1775357385753880000,173096081139625,2550,,,A,982,20,980.5,-11.0,24.74948075,0.8801246016836736
77434,market_research_2026-04-04_21-42-06_live_round,7efc699623d74ac8961a3f76a12cb867,2026-04-05T02:49:45.815915+00:00,1775357385815915000,173096143174750,2550,,,A,982,20,983.5,-3.0,24.811515875,0.8801246016836736
77435,market_research_2026-04-04_21-42-06_live_round,7efc699623d74ac8961a3f76a12cb867,2026-04-05T02:49:45.816090+00:00,1775357385816090000,173096143350166,2550,,,A,983,60,983.5,-3.0,24.811691291,0.8801246016836736
77441,market_research_2026-04-04_21-42-06_live_round,7efc699623d74ac8961a3f76a12cb867,2026-04-05T02:49:45.866375+00:00,1775357385866375000,173096193635250,2550,,,A,984,80,984.0,0.0,24.861976375,0.8801246016836736
77467,market_research_2026-04-04_21-42-06_live_round,7efc699623d74ac8961a3f76a12cb867,2026-04-05T02:49:46.184973+00:00,1775357386184973000,173096512233750,2550,,,ETF,2947,40,2949.0,-4.0,25.180574875,
77474,market_research_2026-04-04_21-42-06_live_round,7efc699623d74ac8961a3f76a12cb867,2026-04-05T02:49:46.273845+00:00,1775357386273845000,173096601105125,2550,,,ETF,2947,60,2948.5,-3.0,25.26944625,
77504,market_research_2026-04-04_21-42-06_live_round,7efc699623d74ac8961a3f76a12cb867,2026-04-05T02:49:46.623520+00:00,1775357386623520000,173096950781416,2550,,,A,985,40,991.0,-12.0,25.619122541,0.8801246016836736
77509,market_research_2026-04-04_21-42-06_live_round,7efc699623d74ac8961a3f76a12cb867,2026-04-05T02:49:46.674428+00:00,1775357386674428000,173097001689750,2550,,,A,985,60,990.5,-11.0,25.670030875,0.8801246016836736
77514,market_research_2026-04-04_21-42-06_live_round,7efc699623d74ac8961a3f76a12cb867,2026-04-05T02:49:46.726117+00:00,1775357386726117000,173097053378500,2550,,,A,993,40,994.0,-2.0,25.721719625,0.8801246016836736
77515,market_research_2026-04-04_21-42-06_live_round,7efc699623d74ac8961a3f76a12cb867,2026-04-05T02:49:46.726283+00:00,1775357386726283000,173097053544625,2550,,,A,994,40,994.0,-2.0,25.72188575,0.8801246016836736
77521,market_research_2026-04-04_21-42-06_live_round,7efc699623d74ac8961a3f76a12cb867,2026-04-05T02:49:46.776076+00:00,1775357386776076000,173097103337666,2550,,,A,994,20,994.0,0.0,25.771678791,0.8801246016836736
77578,market_research_2026-04-04_21-42-06_live_round,7efc699623d74ac8961a3f76a12cb867,2026-04-05T02:49:47.444002+00:00,1775357387444002000,173097771265000,2550,,,A,996,40,996.0,0.0,26.439606125,0.8801246016836736
77623,market_research_2026-04-04_21-42-06_live_round,7efc699623d74ac8961a3f76a12cb867,2026-04-05T02:49:47.912441+00:00,1775357387912441000,173098239704375,2550,,,ETF,2948,40,2945.5,-5.0,26.9080455,
77632,market_research_2026-04-04_21-42-06_live_round,7efc699623d74ac8961a3f76a12cb867,2026-04-05T02:49:48.012782+00:00,1775357388012782000,173098340045666,2550,,,ETF,2948,60,2946.0,-4.0,27.008386791,
77637,market_research_2026-04-04_21-42-06_live_round,7efc699623d74ac8961a3f76a12cb867,2026-04-05T02:49:48.054282+00:00,1775357388054282000,173098381546833,2550,,,ETF,2948,40,2946.5,-3.0,27.049887958,
77638,market_research_2026-04-04_21-42-06_live_round,7efc699623d74ac8961a3f76a12cb867,2026-04-05T02:49:48.057475+00:00,1775357388057475000,173098384740000,2550,,,ETF,2947,40,2946.5,-3.0,27.053081125,
77644,market_research_2026-04-04_21-42-06_live_round,7efc699623d74ac8961a3f76a12cb867,2026-04-05T02:49:48.110640+00:00,1775357388110640000,173098437903791,2550,,,ETF,2947,20,2946.5,-1.0,27.106244916,
77645,market_research_2026-04-04_21-42-06_live_round,7efc699623d74ac8961a3f76a12cb867,2026-04-05T02:49:48.110897+00:00,1775357388110897000,173098438161666,2550,,,ETF,2946,80,2946.5,-1.0,27.106502791,
77655,market_research_2026-04-04_21-42-06_live_round,7efc699623d74ac8961a3f76a12cb867,2026-04-05T02:49:48.233680+00:00,1775357388233680000,173098560944916,2550,,,A,995,40,992.0,-6.0,27.229286041,0.8801246016836736
77660,market_research_2026-04-04_21-42-06_live_round,7efc699623d74ac8961a3f76a12cb867,2026-04-05T02:49:48.269172+00:00,1775357388269172000,173098596436708,2550,,,A,995,20,992.5,-5.0,27.264777833,0.8801246016836736
77661,market_research_2026-04-04_21-42-06_live_round,7efc699623d74ac8961a3f76a12cb867,2026-04-05T02:49:48.269327+00:00,1775357388269327000,173098596591666,2550,,,A,994,40,992.5,-5.0,27.264932791,0.8801246016836736
77667,market_research_2026-04-04_21-42-06_live_round,7efc699623d74ac8961a3f76a12cb867,2026-04-05T02:49:48.327447+00:00,1775357388327447000,173098654711500,2550,,,A,994,40,992.5,-3.0,27.323052625,0.8801246016836736
77668,market_research_2026-04-04_21-42-06_live_round,7efc699623d74ac8961a3f76a12cb867,2026-04-05T02:49:48.327643+00:00,1775357388327643000,173098654907875,2550,,,A,994,40,992.5,-3.0,27.323249,0.8801246016836736
77673,market_research_2026-04-04_21-42-06_live_round,7efc699623d74ac8961a3f76a12cb867,2026-04-05T02:49:48.373461+00:00,1775357388373461000,173098700726291,2550,,,A,994,40,993.0,-2.0,27.369067416,0.8801246016836736
77674,market_research_2026-04-04_21-42-06_live_round,7efc699623d74ac8961a3f76a12cb867,2026-04-05T02:49:48.373655+00:00,1775357388373655000,173098700920250,2550,,,A,993,60,993.0,-2.0,27.369261375,0.8801246016836736
77720,market_research_2026-04-04_21-42-06_live_round,7efc699623d74ac8961a3f76a12cb867,2026-04-05T02:49:48.866457+00:00,1775357388866457000,173099193722708,2550,,,ETF,2945,40,2923.5,-43.0,27.862063833,
77725,market_research_2026-04-04_21-42-06_live_round,7efc699623d74ac8961a3f76a12cb867,2026-04-05T02:49:48.912393+00:00,1775357388912393000,173099239659083,2550,,,ETF,2945,60,2924.0,-42.0,27.908000208,
77730,market_research_2026-04-04_21-42-06_live_round,7efc699623d74ac8961a3f76a12cb867,2026-04-05T02:49:48.949064+00:00,1775357388949064000,173099276329791,2550,,,ETF,2937,40,2920.5,-33.0,27.944670916,
77731,market_research_2026-04-04_21-42-06_live_round,7efc699623d74ac8961a3f76a12cb867,2026-04-05T02:49:48.949218+00:00,1775357388949218000,173099276484500,2550,,,ETF,2936,40,2920.5,-33.0,27.944825625,
77737,market_research_2026-04-04_21-42-06_live_round,7efc699623d74ac8961a3f76a12cb867,2026-04-05T02:49:49.009449+00:00,1775357389009449000,173099336714500,2550,,,ETF,2936,20,2920.5,-31.0,28.005055625,
77738,market_research_2026-04-04_21-42-06_live_round,7efc699623d74ac8961a3f76a12cb867,2026-04-05T02:49:49.012918+00:00,1775357389012918000,173099340184000,2550,,,ETF,2935,80,2920.5,-31.0,28.008525125,
77745,market_research_2026-04-04_21-42-06_live_round,7efc699623d74ac8961a3f76a12cb867,2026-04-05T02:49:49.084027+00:00,1775357389084027000,173099411293333,2550,,,A,993,40,979.5,-27.0,28.079634458,0.8801246016836736
77750,market_research_2026-04-04_21-42-06_live_round,7efc699623d74ac8961a3f76a12cb867,2026-04-05T02:49:49.126749+00:00,1775357389126749000,173099454015041,2550,,,A,983,40,975.0,-16.0,28.122356166,0.8801246016836736
77751,market_research_2026-04-04_21-42-06_live_round,7efc699623d74ac8961a3f76a12cb867,2026-04-05T02:49:49.130983+00:00,1775357389130983000,173099458249541,2550,,,A,982,20,975.0,-16.0,28.126590666,0.8801246016836736
77757,market_research_2026-04-04_21-42-06_live_round,7efc699623d74ac8961a3f76a12cb867,2026-04-05T02:49:49.188486+00:00,1775357389188486000,173099515752416,2550,,,A,982,40,975.0,-14.0,28.184093541,0.8801246016836736
77758,market_research_2026-04-04_21-42-06_live_round,7efc699623d74ac8961a3f76a12cb867,2026-04-05T02:49:49.191759+00:00,1775357389191759000,173099519025125,2550,,,A,981,40,975.0,-14.0,28.18736625,0.8801246016836736
77764,market_research_2026-04-04_21-42-06_live_round,7efc699623d74ac8961a3f76a12cb867,2026-04-05T02:49:49.241313+00:00,1775357389241313000,173099568579500,2550,,,A,981,40,975.0,-12.0,28.236920625,0.8801246016836736
77765,market_research_2026-04-04_21-42-06_live_round,7efc699623d74ac8961a3f76a12cb867,2026-04-05T02:49:49.241458+00:00,1775357389241458000,173099568724416,2550,,,A,980,60,975.0,-12.0,28.237065541,0.8801246016836736
77788,market_research_2026-04-04_21-42-06_live_round,7efc699623d74ac8961a3f76a12cb867,2026-04-05T02:49:49.471108+00:00,1775357389471108000,173099798375291,2550,,,ETF,2934,40,2900.5,-67.0,28.466716416,
77801,market_research_2026-04-04_21-42-06_live_round,7efc699623d74ac8961a3f76a12cb867,2026-04-05T02:49:49.615904+00:00,1775357389615904000,173099943171208,2550,,,ETF,2934,60,2901.0,-66.0,28.611512333,
77809,market_research_2026-04-04_21-42-06_live_round,7efc699623d74ac8961a3f76a12cb867,2026-04-05T02:49:49.693554+00:00,1775357389693554000,173100020821791,2550,,,ETF,2896,40,2882.5,-27.0,28.689162916,
77810,market_research_2026-04-04_21-42-06_live_round,7efc699623d74ac8961a3f76a12cb867,2026-04-05T02:49:49.693806+00:00,1775357389693806000,173100021073583,2550,,,ETF,2895,40,2882.5,-27.0,28.689414708,
77825,market_research_2026-04-04_21-42-06_live_round,7efc699623d74ac8961a3f76a12cb867,2026-04-05T02:49:49.867726+00:00,1775357389867726000,173100194993208,2550,,,ETF,2895,20,2882.5,-25.0,28.863334333,
77826,market_research_2026-04-04_21-42-06_live_round,7efc699623d74ac8961a3f76a12cb867,2026-04-05T02:49:49.871225+00:00,1775357389871225000,173100198492833,2550,,,ETF,2894,80,2882.5,-25.0,28.866833958,
77832,market_research_2026-04-04_21-42-06_live_round,7efc699623d74ac8961a3f76a12cb867,2026-04-05T02:49:49.927247+00:00,1775357389927247000,173100254514625,2550,,,A,980,40,955.0,-50.0,28.92285575,0.8801246016836736
77837,market_research_2026-04-04_21-42-06_live_round,7efc699623d74ac8961a3f76a12cb867,2026-04-05T02:49:49.967533+00:00,1775357389967533000,173100294800541,2550,,,A,960,40,945.5,-29.0,28.963141666,0.8801246016836736
77838,market_research_2026-04-04_21-42-06_live_round,7efc699623d74ac8961a3f76a12cb867,2026-04-05T02:49:49.967686+00:00,1775357389967686000,173100294954416,2550,,,A,959,20,945.5,-29.0,28.963295541,0.8801246016836736
77844,market_research_2026-04-04_21-42-06_live_round,7efc699623d74ac8961a3f76a12cb867,2026-04-05T02:49:50.017085+00:00,1775357390017085000,173100344352875,2550,,,A,959,40,945.5,-27.0,29.012694,0.8801246016836736
77845,market_research_2026-04-04_21-42-06_live_round,7efc699623d74ac8961a3f76a12cb867,2026-04-05T02:49:50.017230+00:00,1775357390017230000,173100344497958,2550,,,A,958,40,945.5,-27.0,29.012839083,0.8801246016836736
77851,market_research_2026-04-04_21-42-06_live_round,7efc699623d74ac8961a3f76a12cb867,2026-04-05T02:49:50.065413+00:00,1775357390065413000,173100392680958,2550,,,A,958,40,945.5,-25.0,29.061022083,0.8801246016836736
77852,market_research_2026-04-04_21-42-06_live_round,7efc699623d74ac8961a3f76a12cb867,2026-04-05T02:49:50.065559+00:00,1775357390065559000,173100392827750,2550,,,A,957,60,945.5,-25.0,29.061168875,0.8801246016836736
77890,market_research_2026-04-04_21-42-06_live_round,7efc699623d74ac8961a3f76a12cb867,2026-04-05T02:49:50.452588+00:00,1775357390452588000,173100779856666,2550,,,ETF,2893,40,2864.5,-57.0,29.448197791,
77895,market_research_2026-04-04_21-42-06_live_round,7efc699623d74ac8961a3f76a12cb867,2026-04-05T02:49:50.497235+00:00,1775357390497235000,173100824503625,2550,,,ETF,2893,60,2865.0,-56.0,29.49284475,
77900,market_research_2026-04-04_21-42-06_live_round,7efc699623d74ac8961a3f76a12cb867,2026-04-05T02:49:50.537199+00:00,1775357390537199000,173100864468083,2550,,,ETF,2861,40,2849.5,-23.0,29.532809208,
77901,market_research_2026-04-04_21-42-06_live_round,7efc699623d74ac8961a3f76a12cb867,2026-04-05T02:49:50.540551+00:00,1775357390540551000,173100867820250,2550,,,ETF,2860,40,2849.5,-23.0,29.536161375,
77911,market_research_2026-04-04_21-42-06_live_round,7efc699623d74ac8961a3f76a12cb867,2026-04-05T02:49:50.658840+00:00,1775357390658840000,173100986109500,2550,,,ETF,2860,20,2849.5,-21.0,29.654450625,
77912,market_research_2026-04-04_21-42-06_live_round,7efc699623d74ac8961a3f76a12cb867,2026-04-05T02:49:50.659013+00:00,1775357390659013000,173100986282750,2550,,,ETF,2859,80,2849.5,-21.0,29.654623875,
77918,market_research_2026-04-04_21-42-06_live_round,7efc699623d74ac8961a3f76a12cb867,2026-04-05T02:49:50.708270+00:00,1775357390708270000,173101035538958,2550,,,A,957,40,926.5,-61.0,29.703880083,0.8801246016836736
77923,market_research_2026-04-04_21-42-06_live_round,7efc699623d74ac8961a3f76a12cb867,2026-04-05T02:49:50.753568+00:00,1775357390753568000,173101080837625,2550,,,A,924,40,910.5,-27.0,29.74917875,0.8801246016836736
77924,market_research_2026-04-04_21-42-06_live_round,7efc699623d74ac8961a3f76a12cb867,2026-04-05T02:49:50.753734+00:00,1775357390753734000,173101081004000,2550,,,A,923,20,910.5,-27.0,29.749345125,0.8801246016836736
77930,market_research_2026-04-04_21-42-06_live_round,7efc699623d74ac8961a3f76a12cb867,2026-04-05T02:49:50.799751+00:00,1775357390799751000,173101127020666,2550,,,A,923,40,910.5,-25.0,29.795361791,0.8801246016836736
77931,market_research_2026-04-04_21-42-06_live_round,7efc699623d74ac8961a3f76a12cb867,2026-04-05T02:49:50.799893+00:00,1775357390799893000,173101127162541,2550,,,A,922,40,910.5,-25.0,29.795503666,0.8801246016836736
77937,market_research_2026-04-04_21-42-06_live_round,7efc699623d74ac8961a3f76a12cb867,2026-04-05T02:49:50.845983+00:00,1775357390845983000,173101173252541,2550,,,A,922,40,910.5,-23.0,29.841593666,0.8801246016836736
77938,market_research_2026-04-04_21-42-06_live_round,7efc699623d74ac8961a3f76a12cb867,2026-04-05T02:49:50.846119+00:00,1775357390846119000,173101173388958,2550,,,A,921,60,910.5,-23.0,29.841730083,0.8801246016836736
77962,market_research_2026-04-04_21-42-06_live_round,7efc699623d74ac8961a3f76a12cb867,2026-04-05T02:49:51.085169+00:00,1775357391085169000,173101412439041,2550,,,ETF,2858,40,2833.0,-50.0,30.080780166,
77968,market_research_2026-04-04_21-42-06_live_round,7efc699623d74ac8961a3f76a12cb867,2026-04-05T02:49:51.160356+00:00,1775357391160356000,173101487626208,2550,,,ETF,2858,60,2833.5,-49.0,30.155967333,
77977,market_research_2026-04-04_21-42-06_live_round,7efc699623d74ac8961a3f76a12cb867,2026-04-05T02:49:51.253614+00:00,1775357391253614000,173101580884375,2550,,,ETF,2830,40,2820.0,-20.0,30.2492255,
77978,market_research_2026-04-04_21-42-06_live_round,7efc699623d74ac8961a3f76a12cb867,2026-04-05T02:49:51.253789+00:00,1775357391253789000,173101581059708,2550,,,ETF,2829,40,2820.0,-20.0,30.249400833,
77993,market_research_2026-04-04_21-42-06_live_round,7efc699623d74ac8961a3f76a12cb867,2026-04-05T02:49:51.420454+00:00,1775357391420454000,173101747725125,2550,,,ETF,2829,20,2820.0,-18.0,30.41606625,
77994,market_research_2026-04-04_21-42-06_live_round,7efc699623d74ac8961a3f76a12cb867,2026-04-05T02:49:51.420627+00:00,1775357391420627000,173101747898333,2550,,,ETF,2828,80,2820.0,-18.0,30.416239458,
78000,market_research_2026-04-04_21-42-06_live_round,7efc699623d74ac8961a3f76a12cb867,2026-04-05T02:49:51.482656+00:00,1775357391482656000,173101809926708,2550,,,A,921,40,894.0,-54.0,30.478267833,0.8801246016836736
78005,market_research_2026-04-04_21-42-06_live_round,7efc699623d74ac8961a3f76a12cb867,2026-04-05T02:49:51.533988+00:00,1775357391533988000,173101861258458,2550,,,A,890,40,879.0,-22.0,30.529599583,0.8801246016836736
78006,market_research_2026-04-04_21-42-06_live_round,7efc699623d74ac8961a3f76a12cb867,2026-04-05T02:49:51.537676+00:00,1775357391537676000,173101864946958,2550,,,A,889,20,879.0,-22.0,30.533288083,0.8801246016836736
78012,market_research_2026-04-04_21-42-06_live_round,7efc699623d74ac8961a3f76a12cb867,2026-04-05T02:49:51.585792+00:00,1775357391585792000,173101913063625,2550,,,A,889,40,879.0,-20.0,30.58140475,0.8801246016836736
78013,market_research_2026-04-04_21-42-06_live_round,7efc699623d74ac8961a3f76a12cb867,2026-04-05T02:49:51.585950+00:00,1775357391585950000,173101913221791,2550,,,A,888,40,879.0,-20.0,30.581562916,0.8801246016836736
78019,market_research_2026-04-04_21-42-06_live_round,7efc699623d74ac8961a3f76a12cb867,2026-04-05T02:49:51.635558+00:00,1775357391635558000,173101962829583,2550,,,A,888,40,879.0,-18.0,30.631170708,0.8801246016836736
78024,market_research_2026-04-04_21-42-06_live_round,7efc699623d74ac8961a3f76a12cb867,2026-04-05T02:49:51.685300+00:00,1775357391685300000,173102012572083,2550,,,A,887,60,879.0,-18.0,30.680913208,0.8801246016836736
78053,market_research_2026-04-04_21-42-06_live_round,7efc699623d74ac8961a3f76a12cb867,2026-04-05T02:49:52.034277+00:00,1775357392034277000,173102361548541,2550,,,ETF,2827,40,2807.0,-40.0,31.029889666,
78059,market_research_2026-04-04_21-42-06_live_round,7efc699623d74ac8961a3f76a12cb867,2026-04-05T02:49:52.092369+00:00,1775357392092369000,173102419641416,2550,,,ETF,2827,60,2807.5,-39.0,31.087982541,
78072,market_research_2026-04-04_21-42-06_live_round,7efc699623d74ac8961a3f76a12cb867,2026-04-05T02:49:52.228581+00:00,1775357392228581000,173102555853333,2550,,,ETF,2802,40,2795.5,-13.0,31.224194458,
78073,market_research_2026-04-04_21-42-06_live_round,7efc699623d74ac8961a3f76a12cb867,2026-04-05T02:49:52.228746+00:00,1775357392228746000,173102556019166,2550,,,ETF,2801,40,2795.5,-13.0,31.224360291,
78079,market_research_2026-04-04_21-42-06_live_round,7efc699623d74ac8961a3f76a12cb867,2026-04-05T02:49:52.287923+00:00,1775357392287923000,173102615195041,2550,,,ETF,2801,20,2795.5,-11.0,31.283536166,
78080,market_research_2026-04-04_21-42-06_live_round,7efc699623d74ac8961a3f76a12cb867,2026-04-05T02:49:52.288098+00:00,1775357392288098000,173102615370666,2550,,,ETF,2800,80,2795.5,-11.0,31.283711791,
78086,market_research_2026-04-04_21-42-06_live_round,7efc699623d74ac8961a3f76a12cb867,2026-04-05T02:49:52.353851+00:00,1775357392353851000,173102681123083,2550,,,A,887,40,868.0,-38.0,31.349464208,0.8801246016836736
78091,market_research_2026-04-04_21-42-06_live_round,7efc699623d74ac8961a3f76a12cb867,2026-04-05T02:49:52.396643+00:00,1775357392396643000,173102723916000,2550,,,A,861,40,855.5,-11.0,31.392257125,0.8801246016836736
78092,market_research_2026-04-04_21-42-06_live_round,7efc699623d74ac8961a3f76a12cb867,2026-04-05T02:49:52.396786+00:00,1775357392396786000,173102724058625,2550,,,A,860,20,855.5,-11.0,31.39239975,0.8801246016836736
78098,market_research_2026-04-04_21-42-06_live_round,7efc699623d74ac8961a3f76a12cb867,2026-04-05T02:49:52.449283+00:00,1775357392449283000,173102776556000,2550,,,A,860,40,855.5,-9.0,31.444897125,0.8801246016836736
78099,market_research_2026-04-04_21-42-06_live_round,7efc699623d74ac8961a3f76a12cb867,2026-04-05T02:49:52.449436+00:00,1775357392449436000,173102776709625,2550,,,A,859,40,855.5,-9.0,31.44505075,0.8801246016836736
78105,market_research_2026-04-04_21-42-06_live_round,7efc699623d74ac8961a3f76a12cb867,2026-04-05T02:49:52.495556+00:00,1775357392495556000,173102822829416,2550,,,A,859,40,855.5,-7.0,31.491170541,0.8801246016836736
78106,market_research_2026-04-04_21-42-06_live_round,7efc699623d74ac8961a3f76a12cb867,2026-04-05T02:49:52.495697+00:00,1775357392495697000,173102822970041,2550,,,A,858,60,855.5,-7.0,31.491311166,0.8801246016836736
78138,market_research_2026-04-04_21-42-06_live_round,7efc699623d74ac8961a3f76a12cb867,2026-04-05T02:49:52.841530+00:00,1775357392841530000,173103168803250,2550,,,ETF,2799,40,2791.5,-15.0,31.837144375,
78150,market_research_2026-04-04_21-42-06_live_round,7efc699623d74ac8961a3f76a12cb867,2026-04-05T02:49:52.980319+00:00,1775357392980319000,173103307592583,2550,,,ETF,2799,60,2792.0,-14.0,31.975933708,
78165,market_research_2026-04-04_21-42-06_live_round,7efc699623d74ac8961a3f76a12cb867,2026-04-05T02:49:53.130597+00:00,1775357393130597000,173103457870958,2550,,,A,858,40,848.5,-19.0,32.126212083,0.8801246016836736
78170,market_research_2026-04-04_21-42-06_live_round,7efc699623d74ac8961a3f76a12cb867,2026-04-05T02:49:53.166801+00:00,1775357393166801000,173103494075041,2550,,,A,843,40,841.5,-3.0,32.162416166,0.8801246016836736
78171,market_research_2026-04-04_21-42-06_live_round,7efc699623d74ac8961a3f76a12cb867,2026-04-05T02:49:53.166978+00:00,1775357393166978000,173103494252375,2550,,,A,842,20,841.5,-3.0,32.1625935,0.8801246016836736
78177,market_research_2026-04-04_21-42-06_live_round,7efc699623d74ac8961a3f76a12cb867,2026-04-05T02:49:53.241787+00:00,1775357393241787000,173103569060875,2550,,,A,842,40,841.5,-1.0,32.237402,0.8801246016836736
78178,market_research_2026-04-04_21-42-06_live_round,7efc699623d74ac8961a3f76a12cb867,2026-04-05T02:49:53.245133+00:00,1775357393245133000,173103572407500,2550,,,A,841,40,841.5,-1.0,32.240748625,0.8801246016836736
78203,market_research_2026-04-04_21-42-06_live_round,7efc699623d74ac8961a3f76a12cb867,2026-04-05T02:49:53.539293+00:00,1775357393539293000,173103866568000,2550,,,ETF,2786,40,2787.5,-3.0,32.534909125,
78208,market_research_2026-04-04_21-42-06_live_round,7efc699623d74ac8961a3f76a12cb867,2026-04-05T02:49:53.599801+00:00,1775357393599801000,173103927076416,2550,,,ETF,2786,40,2787.0,-2.0,32.595417541,
78209,market_research_2026-04-04_21-42-06_live_round,7efc699623d74ac8961a3f76a12cb867,2026-04-05T02:49:53.599980+00:00,1775357393599980000,173103927255666,2550,,,ETF,2787,20,2787.0,-2.0,32.595596791,
78215,market_research_2026-04-04_21-42-06_live_round,7efc699623d74ac8961a3f76a12cb867,2026-04-05T02:49:53.660087+00:00,1775357393660087000,173103987362250,2550,,,ETF,2787,80,2787.0,0.0,32.655703375,
78246,market_research_2026-04-04_21-42-06_live_round,7efc699623d74ac8961a3f76a12cb867,2026-04-05T02:49:54.025652+00:00,1775357394025652000,173104352927666,2550,,,A,840,40,839.5,-1.0,33.021268791,0.8801246016836736
78251,market_research_2026-04-04_21-42-06_live_round,7efc699623d74ac8961a3f76a12cb867,2026-04-05T02:49:54.069189+00:00,1775357394069189000,173104396465166,2550,,,A,840,60,840.0,0.0,33.064806291,0.8801246016836736
78345,market_research_2026-04-04_21-42-06_live_round,7efc699623d74ac8961a3f76a12cb867,2026-04-05T02:49:55.226217+00:00,1775357395226217000,173105553495000,2550,,,ETF,2792,40,2795.0,-6.0,34.221836125,
78351,market_research_2026-04-04_21-42-06_live_round,7efc699623d74ac8961a3f76a12cb867,2026-04-05T02:49:55.292639+00:00,1775357395292639000,173105619917416,2550,,,ETF,2793,60,2795.0,-4.0,34.288258541,
78363,market_research_2026-04-04_21-42-06_live_round,7efc699623d74ac8961a3f76a12cb867,2026-04-05T02:49:55.425945+00:00,1775357395425945000,173105753223625,2550,,,ETF,2794,80,2795.0,-2.0,34.42156475,
78371,market_research_2026-04-04_21-42-06_live_round,7efc699623d74ac8961a3f76a12cb867,2026-04-05T02:49:55.506602+00:00,1775357395506602000,173105833881083,2550,,,ETF,2795,100,2795.0,0.0,34.502222208,
78381,market_research_2026-04-04_21-42-06_live_round,7efc699623d74ac8961a3f76a12cb867,2026-04-05T02:49:55.610464+00:00,1775357395610464000,173105937743000,2550,,,A,842,40,844.5,-5.0,34.606084125,0.8801246016836736
78386,market_research_2026-04-04_21-42-06_live_round,7efc699623d74ac8961a3f76a12cb867,2026-04-05T02:49:55.656305+00:00,1775357395656305000,173105983583833,2550,,,A,842,60,844.0,-4.0,34.651924958,0.8801246016836736
78391,market_research_2026-04-04_21-42-06_live_round,7efc699623d74ac8961a3f76a12cb867,2026-04-05T02:49:55.700977+00:00,1775357395700977000,173106028255583,2550,,,A,845,40,845.0,0.0,34.696596708,0.8801246016836736
78424,market_research_2026-04-04_21-42-06_live_round,7efc699623d74ac8961a3f76a12cb867,2026-04-05T02:49:56.071450+00:00,1775357396071450000,173106398730333,2550,,,ETF,2804,40,2805.0,-2.0,35.067071458,
78430,market_research_2026-04-04_21-42-06_live_round,7efc699623d74ac8961a3f76a12cb867,2026-04-05T02:49:56.124954+00:00,1775357396124954000,173106452234583,2550,,,ETF,2805,60,2805.0,0.0,35.120575708,
78456,market_research_2026-04-04_21-42-06_live_round,7efc699623d74ac8961a3f76a12cb867,2026-04-05T02:49:56.433647+00:00,1775357396433647000,173106760927958,2550,,,A,848,40,851.0,-6.0,35.429269083,0.8801246016836736
78461,market_research_2026-04-04_21-42-06_live_round,7efc699623d74ac8961a3f76a12cb867,2026-04-05T02:49:56.477471+00:00,1775357396477471000,173106804751500,2550,,,A,848,60,850.5,-5.0,35.473092625,0.8801246016836736
78492,market_research_2026-04-04_21-42-06_live_round,7efc699623d74ac8961a3f76a12cb867,2026-04-05T02:49:56.805678+00:00,1775357396805678000,173107132959458,2550,,,ETF,2804,40,2802.0,-4.0,35.801300583,
78502,market_research_2026-04-04_21-42-06_live_round,7efc699623d74ac8961a3f76a12cb867,2026-04-05T02:49:56.921764+00:00,1775357396921764000,173107249045416,2550,,,ETF,2804,40,2802.5,-3.0,35.917386541,
78503,market_research_2026-04-04_21-42-06_live_round,7efc699623d74ac8961a3f76a12cb867,2026-04-05T02:49:56.921944+00:00,1775357396921944000,173107249225833,2550,,,ETF,2803,20,2802.5,-3.0,35.917566958,
78524,market_research_2026-04-04_21-42-06_live_round,7efc699623d74ac8961a3f76a12cb867,2026-04-05T02:49:57.155922+00:00,1775357397155922000,173107483203250,2550,,,ETF,2803,80,2802.5,-1.0,36.151544375,
78570,market_research_2026-04-04_21-42-06_live_round,7efc699623d74ac8961a3f76a12cb867,2026-04-05T02:49:57.685530+00:00,1775357397685530000,173108012812500,2550,,,ETF,2794,40,2788.0,-12.0,36.681153625,
78578,market_research_2026-04-04_21-42-06_live_round,7efc699623d74ac8961a3f76a12cb867,2026-04-05T02:49:57.785158+00:00,1775357397785158000,173108112441333,2550,,,ETF,2793,60,2788.0,-10.0,36.780782458,
78587,market_research_2026-04-04_21-42-06_live_round,7efc699623d74ac8961a3f76a12cb867,2026-04-05T02:49:57.876811+00:00,1775357397876811000,173108204094000,2550,,,ETF,2792,80,2788.0,-8.0,36.872435125,
78596,market_research_2026-04-04_21-42-06_live_round,7efc699623d74ac8961a3f76a12cb867,2026-04-05T02:49:57.961798+00:00,1775357397961798000,173108289081625,2550,,,ETF,2791,100,2788.0,-6.0,36.95742275,
78602,market_research_2026-04-04_21-42-06_live_round,7efc699623d74ac8961a3f76a12cb867,2026-04-05T02:49:58.025258+00:00,1775357398025258000,173108352542083,2550,,,A,851,40,845.0,-12.0,37.020883208,0.8801246016836736
78611,market_research_2026-04-04_21-42-06_live_round,7efc699623d74ac8961a3f76a12cb867,2026-04-05T02:49:58.130790+00:00,1775357398130790000,173108458074416,2550,,,A,851,60,845.5,-11.0,37.126415541,0.8801246016836736
78616,market_research_2026-04-04_21-42-06_live_round,7efc699623d74ac8961a3f76a12cb867,2026-04-05T02:49:58.192152+00:00,1775357398192152000,173108519435333,2550,,,A,850,40,845.5,-9.0,37.187776458,0.8801246016836736
78617,market_research_2026-04-04_21-42-06_live_round,7efc699623d74ac8961a3f76a12cb867,2026-04-05T02:49:58.192394+00:00,1775357398192394000,173108519678166,2550,,,A,849,40,845.5,-9.0,37.188019291,0.8801246016836736
78623,market_research_2026-04-04_21-42-06_live_round,7efc699623d74ac8961a3f76a12cb867,2026-04-05T02:49:58.253013+00:00,1775357398253013000,173108580297250,2550,,,A,849,20,845.5,-7.0,37.248638375,0.8801246016836736
78624,market_research_2026-04-04_21-42-06_live_round,7efc699623d74ac8961a3f76a12cb867,2026-04-05T02:49:58.253210+00:00,1775357398253210000,173108580494583,2550,,,A,848,80,845.5,-7.0,37.248835708,0.8801246016836736
78652,market_research_2026-04-04_21-42-06_live_round,7efc699623d74ac8961a3f76a12cb867,2026-04-05T02:49:58.524086+00:00,1775357398524086000,173108851370916,2550,,,ETF,2776,40,2774.5,-3.0,37.519712041,
78657,market_research_2026-04-04_21-42-06_live_round,7efc699623d74ac8961a3f76a12cb867,2026-04-05T02:49:58.570949+00:00,1775357398570949000,173108898233916,2550,,,ETF,2775,60,2774.5,-1.0,37.566575041,
78682,market_research_2026-04-04_21-42-06_live_round,7efc699623d74ac8961a3f76a12cb867,2026-04-05T02:49:58.849812+00:00,1775357398849812000,173109177097458,2550,,,A,847,40,834.5,-25.0,37.845438583,0.8801246016836736
78687,market_research_2026-04-04_21-42-06_live_round,7efc699623d74ac8961a3f76a12cb867,2026-04-05T02:49:58.901604+00:00,1775357398901604000,173109228889083,2550,,,A,847,60,835.0,-24.0,37.897230208,0.8801246016836736
78692,market_research_2026-04-04_21-42-06_live_round,7efc699623d74ac8961a3f76a12cb867,2026-04-05T02:49:58.947394+00:00,1775357398947394000,173109274679666,2550,,,A,833,40,828.5,-9.0,37.943020791,0.8801246016836736
78693,market_research_2026-04-04_21-42-06_live_round,7efc699623d74ac8961a3f76a12cb867,2026-04-05T02:49:58.947565+00:00,1775357398947565000,173109274850458,2550,,,A,832,40,828.5,-9.0,37.943191583,0.8801246016836736
78699,market_research_2026-04-04_21-42-06_live_round,7efc699623d74ac8961a3f76a12cb867,2026-04-05T02:49:59.013775+00:00,1775357399013775000,173109341060333,2550,,,A,832,20,828.5,-7.0,38.009401458,0.8801246016836736
78700,market_research_2026-04-04_21-42-06_live_round,7efc699623d74ac8961a3f76a12cb867,2026-04-05T02:49:59.013933+00:00,1775357399013933000,173109341218791,2550,,,A,831,80,828.5,-7.0,38.009559916,0.8801246016836736
78737,market_research_2026-04-04_21-42-06_live_round,7efc699623d74ac8961a3f76a12cb867,2026-04-05T02:49:59.442178+00:00,1775357399442178000,173109769464500,2550,,,ETF,2773,40,2764.0,-18.0,38.437805625,
78748,market_research_2026-04-04_21-42-06_live_round,7efc699623d74ac8961a3f76a12cb867,2026-04-05T02:49:59.543393+00:00,1775357399543393000,173109870679458,2550,,,ETF,2773,60,2764.5,-17.0,38.539020583,
78753,market_research_2026-04-04_21-42-06_live_round,7efc699623d74ac8961a3f76a12cb867,2026-04-05T02:49:59.607234+00:00,1775357399607234000,173109934521083,2550,,,ETF,2767,40,2762.0,-10.0,38.602862208,
78754,market_research_2026-04-04_21-42-06_live_round,7efc699623d74ac8961a3f76a12cb867,2026-04-05T02:49:59.607442+00:00,1775357399607442000,173109934729208,2550,,,ETF,2766,40,2762.0,-10.0,38.603070333,
78760,market_research_2026-04-04_21-42-06_live_round,7efc699623d74ac8961a3f76a12cb867,2026-04-05T02:49:59.666065+00:00,1775357399666065000,173109993351833,2550,,,ETF,2766,20,2762.0,-8.0,38.661692958,
78761,market_research_2026-04-04_21-42-06_live_round,7efc699623d74ac8961a3f76a12cb867,2026-04-05T02:49:59.666242+00:00,1775357399666242000,173109993528791,2550,,,ETF,2765,80,2762.0,-8.0,38.661869916,
78768,market_research_2026-04-04_21-42-06_live_round,7efc699623d74ac8961a3f76a12cb867,2026-04-05T02:49:59.737310+00:00,1775357399737310000,173110064596625,2550,,,A,830,40,819.5,-21.0,38.73293775,0.8801246016836736
78773,market_research_2026-04-04_21-42-06_live_round,7efc699623d74ac8961a3f76a12cb867,2026-04-05T02:49:59.780065+00:00,1775357399780065000,173110107352541,2550,,,A,830,60,820.0,-20.0,38.775693666,0.8801246016836736
78778,market_research_2026-04-04_21-42-06_live_round,7efc699623d74ac8961a3f76a12cb867,2026-04-05T02:49:59.822562+00:00,1775357399822562000,173110149849083,2550,,,A,816,40,813.5,-5.0,38.818190208,0.8801246016836736
78779,market_research_2026-04-04_21-42-06_live_round,7efc699623d74ac8961a3f76a12cb867,2026-04-05T02:49:59.822721+00:00,1775357399822721000,173110150008833,2550,,,A,815,40,813.5,-5.0,38.818349958,0.8801246016836736
78785,market_research_2026-04-04_21-42-06_live_round,7efc699623d74ac8961a3f76a12cb867,2026-04-05T02:49:59.877096+00:00,1775357399877096000,173110204383791,2550,,,A,815,20,813.5,-3.0,38.872724916,0.8801246016836736
78786,market_research_2026-04-04_21-42-06_live_round,7efc699623d74ac8961a3f76a12cb867,2026-04-05T02:49:59.877256+00:00,1775357399877256000,173110204544166,2550,,,A,814,80,813.5,-3.0,38.872885291,0.8801246016836736
78808,market_research_2026-04-04_21-42-06_live_round,7efc699623d74ac8961a3f76a12cb867,2026-04-05T02:50:00.088110+00:00,1775357400088110000,173110415397375,2550,,,ETF,2764,40,2757.5,-13.0,39.0837385,
78814,market_research_2026-04-04_21-42-06_live_round,7efc699623d74ac8961a3f76a12cb867,2026-04-05T02:50:00.147429+00:00,1775357400147429000,173110474717083,2550,,,ETF,2764,60,2758.0,-12.0,39.143058208,
78846,market_research_2026-04-04_21-42-06_live_round,7efc699623d74ac8961a3f76a12cb867,2026-04-05T02:50:00.528814+00:00,1775357400528814000,173110856102416,2550,,,A,813,40,805.5,-15.0,39.524443541,0.8801246016836736
78851,market_research_2026-04-04_21-42-06_live_round,7efc699623d74ac8961a3f76a12cb867,2026-04-05T02:50:00.586394+00:00,1775357400586394000,173110913682875,2550,,,A,813,60,806.0,-14.0,39.582024,0.8801246016836736
78856,market_research_2026-04-04_21-42-06_live_round,7efc699623d74ac8961a3f76a12cb867,2026-04-05T02:50:00.632591+00:00,1775357400632591000,173110959878958,2550,,,A,803,40,801.5,-3.0,39.628220083,0.8801246016836736
78857,market_research_2026-04-04_21-42-06_live_round,7efc699623d74ac8961a3f76a12cb867,2026-04-05T02:50:00.632835+00:00,1775357400632835000,173110960124000,2550,,,A,802,40,801.5,-3.0,39.628465125,0.8801246016836736
78863,market_research_2026-04-04_21-42-06_live_round,7efc699623d74ac8961a3f76a12cb867,2026-04-05T02:50:00.688577+00:00,1775357400688577000,173111015866333,2550,,,A,802,20,801.5,-1.0,39.684207458,0.8801246016836736
78864,market_research_2026-04-04_21-42-06_live_round,7efc699623d74ac8961a3f76a12cb867,2026-04-05T02:50:00.688737+00:00,1775357400688737000,173111016026666,2550,,,A,801,80,801.5,-1.0,39.684367791,0.8801246016836736
78887,market_research_2026-04-04_21-42-06_live_round,7efc699623d74ac8961a3f76a12cb867,2026-04-05T02:50:00.937996+00:00,1775357400937996000,173111265285000,2550,,,ETF,2746,40,2746.0,0.0,39.933626125,
78922,market_research_2026-04-04_21-42-06_live_round,7efc699623d74ac8961a3f76a12cb867,2026-04-05T02:50:01.349021+00:00,1775357401349021000,173111676311333,2550,,,A,800,40,798.0,-4.0,40.344652458,0.8801246016836736
78927,market_research_2026-04-04_21-42-06_live_round,7efc699623d74ac8961a3f76a12cb867,2026-04-05T02:50:01.396325+00:00,1775357401396325000,173111723615750,2550,,,A,800,60,798.5,-3.0,40.391956875,0.8801246016836736
78954,market_research_2026-04-04_21-42-06_live_round,7efc699623d74ac8961a3f76a12cb867,2026-04-05T02:50:01.703740+00:00,1775357401703740000,173112031030625,2550,,,ETF,2747,40,2748.0,-2.0,40.69937175,
78969,market_research_2026-04-04_21-42-06_live_round,7efc699623d74ac8961a3f76a12cb867,2026-04-05T02:50:01.883424+00:00,1775357401883424000,173112210715500,2550,,,ETF,2747,20,2747.5,-1.0,40.879056625,
78970,market_research_2026-04-04_21-42-06_live_round,7efc699623d74ac8961a3f76a12cb867,2026-04-05T02:50:01.883618+00:00,1775357401883618000,173112210909833,2550,,,ETF,2748,40,2747.5,-1.0,40.879250958,
79025,market_research_2026-04-04_21-42-06_live_round,7efc699623d74ac8961a3f76a12cb867,2026-04-05T02:50:02.556652+00:00,1775357402556652000,173112883944791,2550,,,ETF,2749,40,2751.0,-4.0,41.552285916,
79033,market_research_2026-04-04_21-42-06_live_round,7efc699623d74ac8961a3f76a12cb867,2026-04-05T02:50:02.643997+00:00,1775357402643997000,173112971289291,2550,,,ETF,2749,60,2750.5,-3.0,41.639630416,
79160,market_research_2026-04-04_21-42-06_live_round,7efc699623d74ac8961a3f76a12cb867,2026-04-05T02:50:04.155163+00:00,1775357404155163000,173114482458166,2550,,,ETF,2760,40,2760.5,-1.0,43.150799291,
79228,market_research_2026-04-04_21-42-06_live_round,7efc699623d74ac8961a3f76a12cb867,2026-04-05T02:50:04.985530+00:00,1775357404985530000,173115312827208,2550,,,ETF,2763,40,2763.0,0.0,43.981168333,
79329,market_research_2026-04-04_21-42-06_live_round,7efc699623d74ac8961a3f76a12cb867,2026-04-05T02:50:06.197789+00:00,1775357406197789000,173116525088250,2550,,,A,802,40,802.0,0.0,45.193429375,0.8801246016836736
79368,market_research_2026-04-04_21-42-06_live_round,7efc699623d74ac8961a3f76a12cb867,2026-04-05T02:50:06.636751+00:00,1775357406636751000,173116964051750,2550,,,ETF,2772,40,2775.0,-6.0,45.632392875,
79374,market_research_2026-04-04_21-42-06_live_round,7efc699623d74ac8961a3f76a12cb867,2026-04-05T02:50:06.705629+00:00,1775357406705629000,173117032929625,2550,,,ETF,2772,60,2774.5,-5.0,45.70127075,
79381,market_research_2026-04-04_21-42-06_live_round,7efc699623d74ac8961a3f76a12cb867,2026-04-05T02:50:06.772607+00:00,1775357406772607000,173117099907625,2550,,,ETF,2774,40,2775.0,-2.0,45.76824875,
79382,market_research_2026-04-04_21-42-06_live_round,7efc699623d74ac8961a3f76a12cb867,2026-04-05T02:50:06.772789+00:00,1775357406772789000,173117100090291,2550,,,ETF,2775,40,2775.0,-2.0,45.768431416,
79392,market_research_2026-04-04_21-42-06_live_round,7efc699623d74ac8961a3f76a12cb867,2026-04-05T02:50:06.887013+00:00,1775357406887013000,173117214313291,2550,,,ETF,2775,20,2775.0,0.0,45.882654416,
79411,market_research_2026-04-04_21-42-06_live_round,7efc699623d74ac8961a3f76a12cb867,2026-04-05T02:50:07.111306+00:00,1775357407111306000,173117438607291,2550,,,A,806,40,809.5,-7.0,46.106948416,0.8801246016836736
79416,market_research_2026-04-04_21-42-06_live_round,7efc699623d74ac8961a3f76a12cb867,2026-04-05T02:50:07.146768+00:00,1775357407146768000,173117474069208,2550,,,A,806,60,809.0,-6.0,46.142410333,0.8801246016836736
79421,market_research_2026-04-04_21-42-06_live_round,7efc699623d74ac8961a3f76a12cb867,2026-04-05T02:50:07.182713+00:00,1775357407182713000,173117510015208,2550,,,A,808,40,809.5,-3.0,46.178356333,0.8801246016836736
79422,market_research_2026-04-04_21-42-06_live_round,7efc699623d74ac8961a3f76a12cb867,2026-04-05T02:50:07.186046+00:00,1775357407186046000,173117513347500,2550,,,A,809,40,809.5,-3.0,46.181688625,0.8801246016836736
79428,market_research_2026-04-04_21-42-06_live_round,7efc699623d74ac8961a3f76a12cb867,2026-04-05T02:50:07.239490+00:00,1775357407239490000,173117566791500,2550,,,A,809,20,809.5,-1.0,46.235132625,0.8801246016836736
79429,market_research_2026-04-04_21-42-06_live_round,7efc699623d74ac8961a3f76a12cb867,2026-04-05T02:50:07.239700+00:00,1775357407239700000,173117567002291,2550,,,A,810,80,809.5,-1.0,46.235343416,0.8801246016836736
79455,market_research_2026-04-04_21-42-06_live_round,7efc699623d74ac8961a3f76a12cb867,2026-04-05T02:50:07.498224+00:00,1775357407498224000,173117825526166,2550,,,ETF,2777,40,2782.5,-11.0,46.493867291,
79476,market_research_2026-04-04_21-42-06_live_round,7efc699623d74ac8961a3f76a12cb867,2026-04-05T02:50:07.749609+00:00,1775357407749609000,173118076911291,2550,,,ETF,2777,60,2782.0,-10.0,46.745252416,
79484,market_research_2026-04-04_21-42-06_live_round,7efc699623d74ac8961a3f76a12cb867,2026-04-05T02:50:07.831140+00:00,1775357407831140000,173118158443125,2550,,,ETF,2784,40,2785.0,-2.0,46.82678425,
79485,market_research_2026-04-04_21-42-06_live_round,7efc699623d74ac8961a3f76a12cb867,2026-04-05T02:50:07.831328+00:00,1775357407831328000,173118158631041,2550,,,ETF,2785,40,2785.0,-2.0,46.826972166,
79491,market_research_2026-04-04_21-42-06_live_round,7efc699623d74ac8961a3f76a12cb867,2026-04-05T02:50:07.901556+00:00,1775357407901556000,173118228858291,2550,,,ETF,2785,20,2785.0,0.0,46.897199416,
79498,market_research_2026-04-04_21-42-06_live_round,7efc699623d74ac8961a3f76a12cb867,2026-04-05T02:50:07.983840+00:00,1775357407983840000,173118311143416,2550,,,A,811,40,818.5,-15.0,46.979484541,0.8801246016836736
79503,market_research_2026-04-04_21-42-06_live_round,7efc699623d74ac8961a3f76a12cb867,2026-04-05T02:50:08.033676+00:00,1775357408033676000,173118360978541,2550,,,A,811,60,818.0,-14.0,47.029319666,0.8801246016836736
79508,market_research_2026-04-04_21-42-06_live_round,7efc699623d74ac8961a3f76a12cb867,2026-04-05T02:50:08.074142+00:00,1775357408074142000,173118401445416,2550,,,A,819,40,821.5,-5.0,47.069786541,0.8801246016836736
79509,market_research_2026-04-04_21-42-06_live_round,7efc699623d74ac8961a3f76a12cb867,2026-04-05T02:50:08.074294+00:00,1775357408074294000,173118401597333,2550,,,A,820,40,821.5,-5.0,47.069938458,0.8801246016836736
79515,market_research_2026-04-04_21-42-06_live_round,7efc699623d74ac8961a3f76a12cb867,2026-04-05T02:50:08.124574+00:00,1775357408124574000,173118451877250,2550,,,A,820,20,821.5,-3.0,47.120218375,0.8801246016836736
79516,market_research_2026-04-04_21-42-06_live_round,7efc699623d74ac8961a3f76a12cb867,2026-04-05T02:50:08.129654+00:00,1775357408129654000,173118456957458,2550,,,A,821,80,821.5,-3.0,47.125298583,0.8801246016836736
79540,market_research_2026-04-04_21-42-06_live_round,7efc699623d74ac8961a3f76a12cb867,2026-04-05T02:50:08.376567+00:00,1775357408376567000,173118703870916,2550,,,ETF,2787,40,2798.0,-22.0,47.372212041,
79547,market_research_2026-04-04_21-42-06_live_round,7efc699623d74ac8961a3f76a12cb867,2026-04-05T02:50:08.446216+00:00,1775357408446216000,173118773520291,2550,,,ETF,2787,60,2797.5,-21.0,47.441861416,
79554,market_research_2026-04-04_21-42-06_live_round,7efc699623d74ac8961a3f76a12cb867,2026-04-05T02:50:08.511699+00:00,1775357408511699000,173118839002791,2550,,,ETF,2794,40,2800.5,-13.0,47.507343916,
79555,market_research_2026-04-04_21-42-06_live_round,7efc699623d74ac8961a3f76a12cb867,2026-04-05T02:50:08.511894+00:00,1775357408511894000,173118839198958,2550,,,ETF,2795,40,2800.5,-13.0,47.507540083,
79564,market_research_2026-04-04_21-42-06_live_round,7efc699623d74ac8961a3f76a12cb867,2026-04-05T02:50:08.598816+00:00,1775357408598816000,173118926119625,2550,,,ETF,2795,20,2800.5,-11.0,47.59446075,
79565,market_research_2026-04-04_21-42-06_live_round,7efc699623d74ac8961a3f76a12cb867,2026-04-05T02:50:08.599005+00:00,1775357408599005000,173118926309375,2550,,,ETF,2796,80,2800.5,-11.0,47.5946505,
79584,market_research_2026-04-04_21-42-06_live_round,7efc699623d74ac8961a3f76a12cb867,2026-04-05T02:50:08.825231+00:00,1775357408825231000,173119152535833,2550,,,A,822,40,834.0,-24.0,47.820876958,0.8801246016836736
79589,market_research_2026-04-04_21-42-06_live_round,7efc699623d74ac8961a3f76a12cb867,2026-04-05T02:50:08.870220+00:00,1775357408870220000,173119197524625,2550,,,A,822,60,833.5,-23.0,47.86586575,0.8801246016836736
79594,market_research_2026-04-04_21-42-06_live_round,7efc699623d74ac8961a3f76a12cb867,2026-04-05T02:50:08.909446+00:00,1775357408909446000,173119236751250,2550,,,A,832,40,838.0,-12.0,47.905092375,0.8801246016836736
79595,market_research_2026-04-04_21-42-06_live_round,7efc699623d74ac8961a3f76a12cb867,2026-04-05T02:50:08.912806+00:00,1775357408912806000,173119240110916,2550,,,A,833,40,838.0,-12.0,47.908452041,0.8801246016836736
79601,market_research_2026-04-04_21-42-06_live_round,7efc699623d74ac8961a3f76a12cb867,2026-04-05T02:50:08.965067+00:00,1775357408965067000,173119292371750,2550,,,A,833,20,838.0,-10.0,47.960712875,0.8801246016836736
79602,market_research_2026-04-04_21-42-06_live_round,7efc699623d74ac8961a3f76a12cb867,2026-04-05T02:50:08.965237+00:00,1775357408965237000,173119292542291,2550,,,A,834,80,838.0,-10.0,47.960883416,0.8801246016836736
79624,market_research_2026-04-04_21-42-06_live_round,7efc699623d74ac8961a3f76a12cb867,2026-04-05T02:50:09.199998+00:00,1775357409199998000,173119527303041,2550,,,ETF,2797,40,2814.5,-35.0,48.195644166,
79633,market_research_2026-04-04_21-42-06_live_round,7efc699623d74ac8961a3f76a12cb867,2026-04-05T02:50:09.297020+00:00,1775357409297020000,173119624324875,2550,,,ETF,2797,60,2814.0,-34.0,48.292666,
79648,market_research_2026-04-04_21-42-06_live_round,7efc699623d74ac8961a3f76a12cb867,2026-04-05T02:50:09.484991+00:00,1775357409484991000,173119812297208,2550,,,ETF,2815,40,2822.5,-15.0,48.480638333,
79649,market_research_2026-04-04_21-42-06_live_round,7efc699623d74ac8961a3f76a12cb867,2026-04-05T02:50:09.485197+00:00,1775357409485197000,173119812503791,2550,,,ETF,2816,40,2822.5,-15.0,48.480844916,
79657,market_research_2026-04-04_21-42-06_live_round,7efc699623d74ac8961a3f76a12cb867,2026-04-05T02:50:09.560438+00:00,1775357409560438000,173119887744500,2550,,,ETF,2816,20,2822.5,-13.0,48.556085625,
79658,market_research_2026-04-04_21-42-06_live_round,7efc699623d74ac8961a3f76a12cb867,2026-04-05T02:50:09.560609+00:00,1775357409560609000,173119887915833,2550,,,ETF,2817,80,2822.5,-13.0,48.556256958,
79665,market_research_2026-04-04_21-42-06_live_round,7efc699623d74ac8961a3f76a12cb867,2026-04-05T02:50:09.635792+00:00,1775357409635792000,173119963097791,2550,,,A,835,40,852.5,-35.0,48.631438916,0.8801246016836736
79670,market_research_2026-04-04_21-42-06_live_round,7efc699623d74ac8961a3f76a12cb867,2026-04-05T02:50:09.674953+00:00,1775357409674953000,173120002259583,2550,,,A,835,60,852.0,-34.0,48.670600708,0.8801246016836736
79675,market_research_2026-04-04_21-42-06_live_round,7efc699623d74ac8961a3f76a12cb867,2026-04-05T02:50:09.714859+00:00,1775357409714859000,173120042166000,2550,,,A,852,40,860.0,-16.0,48.710507125,0.8801246016836736
79676,market_research_2026-04-04_21-42-06_live_round,7efc699623d74ac8961a3f76a12cb867,2026-04-05T02:50:09.715015+00:00,1775357409715015000,173120042322125,2550,,,A,853,40,860.0,-16.0,48.71066325,0.8801246016836736
79682,market_research_2026-04-04_21-42-06_live_round,7efc699623d74ac8961a3f76a12cb867,2026-04-05T02:50:09.765268+00:00,1775357409765268000,173120092574958,2550,,,A,853,20,860.0,-14.0,48.760916083,0.8801246016836736
79687,market_research_2026-04-04_21-42-06_live_round,7efc699623d74ac8961a3f76a12cb867,2026-04-05T02:50:09.811370+00:00,1775357409811370000,173120138676833,2550,,,A,854,80,860.0,-14.0,48.807017958,0.8801246016836736
79720,market_research_2026-04-04_21-42-06_live_round,7efc699623d74ac8961a3f76a12cb867,2026-04-05T02:50:10.155431+00:00,1775357410155431000,173120482738125,2550,,,ETF,2818,40,2826.5,-17.0,49.15107925,
79730,market_research_2026-04-04_21-42-06_live_round,7efc699623d74ac8961a3f76a12cb867,2026-04-05T02:50:10.265207+00:00,1775357410265207000,173120592514375,2550,,,ETF,2818,60,2826.0,-16.0,49.2608555,
79742,market_research_2026-04-04_21-42-06_live_round,7efc699623d74ac8961a3f76a12cb867,2026-04-05T02:50:10.381067+00:00,1775357410381067000,173120708374375,2550,,,A,855,40,863.5,-17.0,49.3767155,0.8801246016836736
79747,market_research_2026-04-04_21-42-06_live_round,7efc699623d74ac8961a3f76a12cb867,2026-04-05T02:50:10.419372+00:00,1775357410419372000,173120746679625,2550,,,A,855,60,863.0,-16.0,49.41502075,0.8801246016836736
79854,market_research_2026-04-04_21-42-06_live_round,7efc699623d74ac8961a3f76a12cb867,2026-04-05T02:50:11.688469+00:00,1775357411688469000,173122015779125,2550,,,ETF,2836,40,2833.0,-6.0,50.68412025,
79859,market_research_2026-04-04_21-42-06_live_round,7efc699623d74ac8961a3f76a12cb867,2026-04-05T02:50:11.733963+00:00,1775357411733963000,173122061273833,2550,,,ETF,2835,60,2833.0,-4.0,50.729614958,
79864,market_research_2026-04-04_21-42-06_live_round,7efc699623d74ac8961a3f76a12cb867,2026-04-05T02:50:11.779076+00:00,1775357411779076000,173122106386583,2550,,,ETF,2834,80,2833.0,-2.0,50.774727708,
79869,market_research_2026-04-04_21-42-06_live_round,7efc699623d74ac8961a3f76a12cb867,2026-04-05T02:50:11.821770+00:00,1775357411821770000,173122149081291,2550,,,ETF,2833,100,2833.0,0.0,50.817422416,
79962,market_research_2026-04-04_21-42-06_live_round,7efc699623d74ac8961a3f76a12cb867,2026-04-05T02:50:13.019208+00:00,1775357413019208000,173123346521000,2550,,,C,957,40,956.0,-2.0,162.79594975,1.807028130150146
79963,market_research_2026-04-04_21-42-06_live_round,7efc699623d74ac8961a3f76a12cb867,2026-04-05T02:50:13.019348+00:00,1775357413019348000,173123346661458,2550,,,C,956,60,956.0,-2.0,162.796090208,1.807028130150146
79964,market_research_2026-04-04_21-42-06_live_round,7efc699623d74ac8961a3f76a12cb867,2026-04-05T02:50:13.019436+00:00,1775357413019436000,173123346749875,2550,,,C,955,80,956.0,-2.0,162.796178625,1.807028130150146
80167,market_research_2026-04-04_21-42-06_live_round,7efc699623d74ac8961a3f76a12cb867,2026-04-05T02:50:15.546740+00:00,1775357415546740000,173125874057500,2550,,,C,956,40,954.5,-3.0,165.32348625,1.807028130150146
80168,market_research_2026-04-04_21-42-06_live_round,7efc699623d74ac8961a3f76a12cb867,2026-04-05T02:50:15.546858+00:00,1775357415546858000,173125874176083,2550,,,C,955,60,954.5,-3.0,165.323604833,1.807028130150146
80169,market_research_2026-04-04_21-42-06_live_round,7efc699623d74ac8961a3f76a12cb867,2026-04-05T02:50:15.546943+00:00,1775357415546943000,173125874261541,2550,,,C,954,80,954.5,-3.0,165.323690291,1.807028130150146
80170,market_research_2026-04-04_21-42-06_live_round,7efc699623d74ac8961a3f76a12cb867,2026-04-05T02:50:15.547024+00:00,1775357415547024000,173125874342208,2550,,,C,953,20,954.5,-3.0,165.323770958,1.807028130150146
80260,market_research_2026-04-04_21-42-06_live_round,7efc699623d74ac8961a3f76a12cb867,2026-04-05T02:50:16.582585+00:00,1775357416582585000,173126909904875,2550,,,ETF,2828,40,2824.5,-7.0,55.578246,
80280,market_research_2026-04-04_21-42-06_live_round,7efc699623d74ac8961a3f76a12cb867,2026-04-05T02:50:16.809729+00:00,1775357416809729000,173127137049000,2550,,,ETF,2827,60,2824.5,-5.0,55.805390125,
80285,market_research_2026-04-04_21-42-06_live_round,7efc699623d74ac8961a3f76a12cb867,2026-04-05T02:50:16.847437+00:00,1775357416847437000,173127174757833,2550,,,ETF,2826,80,2824.5,-3.0,55.843098958,
80290,market_research_2026-04-04_21-42-06_live_round,7efc699623d74ac8961a3f76a12cb867,2026-04-05T02:50:16.905484+00:00,1775357416905484000,173127232804833,2550,,,ETF,2825,100,2824.5,-1.0,55.901145958,
80782,market_research_2026-04-04_21-42-06_live_round,7efc699623d74ac8961a3f76a12cb867,2026-04-05T02:50:22.998081+00:00,1775357422998081000,173133325413333,2625,,,A,870,40,870.0,0.0,61.993754458,0.8801246016836736
80870,market_research_2026-04-04_21-42-06_live_round,7efc699623d74ac8961a3f76a12cb867,2026-04-05T02:50:24.124340+00:00,1775357424124340000,173134451674291,2625,,,ETF,2821,40,2823.0,-4.0,63.120015416,
80880,market_research_2026-04-04_21-42-06_live_round,7efc699623d74ac8961a3f76a12cb867,2026-04-05T02:50:24.231921+00:00,1775357424231921000,173134559255666,2625,,,ETF,2822,60,2823.0,-2.0,63.227596791,
80896,market_research_2026-04-04_21-42-06_live_round,7efc699623d74ac8961a3f76a12cb867,2026-04-05T02:50:24.433112+00:00,1775357424433112000,173134760447208,2625,,,ETF,2823,80,2823.0,0.0,63.428788333,
80950,market_research_2026-04-04_21-42-06_live_round,7efc699623d74ac8961a3f76a12cb867,2026-04-05T02:50:25.144874+00:00,1775357425144874000,173135472211083,2625,,,ETF,2824,40,2825.5,-3.0,64.140552208,
80965,market_research_2026-04-04_21-42-06_live_round,7efc699623d74ac8961a3f76a12cb867,2026-04-05T02:50:25.320027+00:00,1775357425320027000,173135647364333,2625,,,ETF,2824,60,2825.0,-2.0,64.315705458,
81080,market_research_2026-04-04_21-42-06_live_round,7efc699623d74ac8961a3f76a12cb867,2026-04-05T02:50:26.726953+00:00,1775357426726953000,173137054292708,2625,,,ETF,2830,40,2829.5,-1.0,65.722633833,
81199,market_research_2026-04-04_21-42-06_live_round,7efc699623d74ac8961a3f76a12cb867,2026-04-05T02:50:28.244376+00:00,1775357428244376000,173138571718083,2625,,,ETF,2830,40,2831.0,-2.0,67.240059208,
81200,market_research_2026-04-04_21-42-06_live_round,7efc699623d74ac8961a3f76a12cb867,2026-04-05T02:50:28.244583+00:00,1775357428244583000,173138571925916,2625,,,ETF,2831,60,2831.0,-2.0,67.240267041,
81201,market_research_2026-04-04_21-42-06_live_round,7efc699623d74ac8961a3f76a12cb867,2026-04-05T02:50:28.244716+00:00,1775357428244716000,173138572058625,2625,,,ETF,2832,100,2831.0,-2.0,67.24039975,
81268,market_research_2026-04-04_21-42-06_live_round,7efc699623d74ac8961a3f76a12cb867,2026-04-05T02:50:29.019963+00:00,1775357429019963000,173139347307666,2625,,,A,862,40,860.0,-4.0,68.015648791,0.8801246016836736
81269,market_research_2026-04-04_21-42-06_live_round,7efc699623d74ac8961a3f76a12cb867,2026-04-05T02:50:29.023379+00:00,1775357429023379000,173139350723166,2625,,,A,862,100,860.0,-4.0,68.019064291,0.8801246016836736
81270,market_research_2026-04-04_21-42-06_live_round,7efc699623d74ac8961a3f76a12cb867,2026-04-05T02:50:29.023521+00:00,1775357429023521000,173139350865875,2625,,,A,861,60,860.0,-4.0,68.019207,0.8801246016836736
81297,market_research_2026-04-04_21-42-06_live_round,7efc699623d74ac8961a3f76a12cb867,2026-04-05T02:50:29.364400+00:00,1775357429364400000,173139691744166,2625,,,ETF,2824,40,2819.5,-9.0,68.360085291,
81306,market_research_2026-04-04_21-42-06_live_round,7efc699623d74ac8961a3f76a12cb867,2026-04-05T02:50:29.462260+00:00,1775357429462260000,173139789605333,2625,,,ETF,2823,60,2819.5,-7.0,68.457946458,
81318,market_research_2026-04-04_21-42-06_live_round,7efc699623d74ac8961a3f76a12cb867,2026-04-05T02:50:29.598033+00:00,1775357429598033000,173139925378583,2625,,,ETF,2822,80,2819.5,-5.0,68.593719708,
81327,market_research_2026-04-04_21-42-06_live_round,7efc699623d74ac8961a3f76a12cb867,2026-04-05T02:50:29.702100+00:00,1775357429702100000,173140029444833,2625,,,ETF,2821,100,2819.5,-3.0,68.697785958,
81564,market_research_2026-04-04_21-42-06_live_round,7efc699623d74ac8961a3f76a12cb867,2026-04-05T02:50:32.519420+00:00,1775357432519420000,173142846771750,2625,,,ETF,2822,40,2822.0,0.0,71.515112875,
81697,market_research_2026-04-04_21-42-06_live_round,7efc699623d74ac8961a3f76a12cb867,2026-04-05T02:50:34.156464+00:00,1775357434156464000,173144483818541,2625,,,ETF,2830,40,2831.0,-2.0,73.152159666,
81704,market_research_2026-04-04_21-42-06_live_round,7efc699623d74ac8961a3f76a12cb867,2026-04-05T02:50:34.237226+00:00,1775357434237226000,173144564579666,2625,,,ETF,2831,60,2831.0,0.0,73.232920791,
81771,market_research_2026-04-04_21-42-06_live_round,7efc699623d74ac8961a3f76a12cb867,2026-04-05T02:50:35.071749+00:00,1775357435071749000,173145399104833,2625,,,ETF,2830,40,2828.5,-3.0,74.067445958,
81776,market_research_2026-04-04_21-42-06_live_round,7efc699623d74ac8961a3f76a12cb867,2026-04-05T02:50:35.127459+00:00,1775357435127459000,173145454815208,2625,,,C,961,40,961.0,0.0,184.904243958,1.807028130150146
81792,market_research_2026-04-04_21-42-06_live_round,7efc699623d74ac8961a3f76a12cb867,2026-04-05T02:50:35.316093+00:00,1775357435316093000,173145643449791,2625,,,ETF,2830,40,2829.0,-2.0,74.311790916,
81793,market_research_2026-04-04_21-42-06_live_round,7efc699623d74ac8961a3f76a12cb867,2026-04-05T02:50:35.316287+00:00,1775357435316287000,173145643643375,2625,,,ETF,2829,20,2829.0,-2.0,74.3119845,
81801,market_research_2026-04-04_21-42-06_live_round,7efc699623d74ac8961a3f76a12cb867,2026-04-05T02:50:35.411546+00:00,1775357435411546000,173145738902291,2625,,,ETF,2829,80,2829.0,0.0,74.407243416,
81891,market_research_2026-04-04_21-42-06_live_round,7efc699623d74ac8961a3f76a12cb867,2026-04-05T02:50:36.514012+00:00,1775357436514012000,173146841371000,2625,,,ETF,2818,100,2817.0,-2.0,75.509712125,
81892,market_research_2026-04-04_21-42-06_live_round,7efc699623d74ac8961a3f76a12cb867,2026-04-05T02:50:36.517986+00:00,1775357436517986000,173146845345375,2625,,,ETF,2816,40,2817.0,-2.0,75.5136865,
82050,market_research_2026-04-04_21-42-06_live_round,7efc699623d74ac8961a3f76a12cb867,2026-04-05T02:50:38.410832+00:00,1775357438410832000,173148738194000,2625,,,ETF,2816,40,2815.5,-1.0,77.406535125,
82102,market_research_2026-04-04_21-42-06_live_round,7efc699623d74ac8961a3f76a12cb867,2026-04-05T02:50:39.014067+00:00,1775357439014067000,173149341430083,2625,,,C,963,40,965.0,-4.0,188.790858833,1.807028130150146
82103,market_research_2026-04-04_21-42-06_live_round,7efc699623d74ac8961a3f76a12cb867,2026-04-05T02:50:39.014198+00:00,1775357439014198000,173149341561708,2625,,,C,964,60,965.0,-4.0,188.790990458,1.807028130150146
82104,market_research_2026-04-04_21-42-06_live_round,7efc699623d74ac8961a3f76a12cb867,2026-04-05T02:50:39.014285+00:00,1775357439014285000,173149341649500,2625,,,C,965,80,965.0,-4.0,188.79107825,1.807028130150146
82105,market_research_2026-04-04_21-42-06_live_round,7efc699623d74ac8961a3f76a12cb867,2026-04-05T02:50:39.014367+00:00,1775357439014367000,173149341730958,2625,,,C,966,20,965.0,-4.0,188.791159708,1.807028130150146
82134,market_research_2026-04-04_21-42-06_live_round,7efc699623d74ac8961a3f76a12cb867,2026-04-05T02:50:39.344675+00:00,1775357439344675000,173149672039208,2625,,,ETF,2813,40,2812.0,-2.0,78.340380333,
82147,market_research_2026-04-04_21-42-06_live_round,7efc699623d74ac8961a3f76a12cb867,2026-04-05T02:50:39.524148+00:00,1775357439524148000,173149851512250,2625,,,ETF,2813,60,2812.5,-1.0,78.519853375,
82200,market_research_2026-04-04_21-42-06_live_round,7efc699623d74ac8961a3f76a12cb867,2026-04-05T02:50:40.213547+00:00,1775357440213547000,173150540912666,2625,,,ETF,2806,40,2804.5,-3.0,79.209253791,
82205,market_research_2026-04-04_21-42-06_live_round,7efc699623d74ac8961a3f76a12cb867,2026-04-05T02:50:40.269911+00:00,1775357440269911000,173150597276916,2625,,,ETF,2806,60,2805.0,-2.0,79.265618041,
82218,market_research_2026-04-04_21-42-06_live_round,7efc699623d74ac8961a3f76a12cb867,2026-04-05T02:50:40.417151+00:00,1775357440417151000,173150744516958,2625,,,ETF,2805,40,2805.0,0.0,79.412858083,
82271,market_research_2026-04-04_21-42-06_live_round,7efc699623d74ac8961a3f76a12cb867,2026-04-05T02:50:41.048326+00:00,1775357441048326000,173151375692916,2625,,,ETF,2802,40,2801.0,-2.0,80.044034041,
82279,market_research_2026-04-04_21-42-06_live_round,7efc699623d74ac8961a3f76a12cb867,2026-04-05T02:50:41.131543+00:00,1775357441131543000,173151458910541,2625,,,ETF,2802,60,2801.5,-1.0,80.127251666,
82403,market_research_2026-04-04_21-42-06_live_round,7efc699623d74ac8961a3f76a12cb867,2026-04-05T02:50:42.774537+00:00,1775357442774537000,173153101908250,2625,,,ETF,2796,40,2796.0,0.0,81.770249375,
82676,market_research_2026-04-04_21-42-06_live_round,7efc699623d74ac8961a3f76a12cb867,2026-04-05T02:50:46.499315+00:00,1775357446499315000,173156826693333,2625,,,ETF,2804,40,2805.5,-3.0,85.495034458,
82681,market_research_2026-04-04_21-42-06_live_round,7efc699623d74ac8961a3f76a12cb867,2026-04-05T02:50:46.543674+00:00,1775357446543674000,173156871052791,2625,,,ETF,2805,60,2805.5,-1.0,85.539393916,
82686,market_research_2026-04-04_21-42-06_live_round,7efc699623d74ac8961a3f76a12cb867,2026-04-05T02:50:46.581555+00:00,1775357446581555000,173156908933750,2625,,,ETF,2805,40,2805.0,0.0,85.577274875,
82687,market_research_2026-04-04_21-42-06_live_round,7efc699623d74ac8961a3f76a12cb867,2026-04-05T02:50:46.581720+00:00,1775357446581720000,173156909098916,2625,,,ETF,2805,40,2805.0,0.0,85.577440041,
82753,market_research_2026-04-04_21-42-06_live_round,7efc699623d74ac8961a3f76a12cb867,2026-04-05T02:50:47.432555+00:00,1775357447432555000,173157759935458,2625,,,ETF,2807,40,2807.5,-1.0,86.428276583,
82759,market_research_2026-04-04_21-42-06_live_round,7efc699623d74ac8961a3f76a12cb867,2026-04-05T02:50:47.510429+00:00,1775357447510429000,173157837809083,2625,,,ETF,2807,60,2807.0,0.0,86.506150208,
82802,market_research_2026-04-04_21-42-06_live_round,7efc699623d74ac8961a3f76a12cb867,2026-04-05T02:50:48.038350+00:00,1775357448038350000,173158365730958,2625,,,A,877,40,877.5,-1.0,87.034072083,0.8801246016836736
82803,market_research_2026-04-04_21-42-06_live_round,7efc699623d74ac8961a3f76a12cb867,2026-04-05T02:50:48.044357+00:00,1775357448044357000,173158371738458,2625,,,A,878,60,877.5,-1.0,87.040079583,0.8801246016836736
83163,market_research_2026-04-04_21-42-06_live_round,7efc699623d74ac8961a3f76a12cb867,2026-04-05T02:50:52.836962+00:00,1775357452836962000,173163164352750,2625,,,ETF,2811,40,2810.0,-2.0,91.832693875,
83168,market_research_2026-04-04_21-42-06_live_round,7efc699623d74ac8961a3f76a12cb867,2026-04-05T02:50:52.889364+00:00,1775357452889364000,173163216754416,2625,,,ETF,2810,60,2810.0,0.0,91.885095541,
83568,market_research_2026-04-04_21-42-06_live_round,7efc699623d74ac8961a3f76a12cb867,2026-04-05T02:50:58.129351+00:00,1775357458129351000,173168456751541,2625,,,ETF,2807,40,2807.0,0.0,97.125092666,
83821,market_research_2026-04-04_21-42-06_live_round,7efc699623d74ac8961a3f76a12cb867,2026-04-05T02:51:01.566087+00:00,1775357461566087000,173171893494750,2625,,,ETF,2816,100,2819.5,-7.0,100.561835875,
83822,market_research_2026-04-04_21-42-06_live_round,7efc699623d74ac8961a3f76a12cb867,2026-04-05T02:51:01.570871+00:00,1775357461570871000,173171898278500,2625,,,ETF,2818,40,2819.5,-7.0,100.566619625,
83823,market_research_2026-04-04_21-42-06_live_round,7efc699623d74ac8961a3f76a12cb867,2026-04-05T02:51:01.571025+00:00,1775357461571025000,173171898432791,2625,,,ETF,2819,60,2819.5,-7.0,100.566773916,
84047,market_research_2026-04-04_21-42-06_live_round,7efc699623d74ac8961a3f76a12cb867,2026-04-05T02:51:04.353718+00:00,1775357464353718000,173174681131250,2625,,,ETF,2817,40,2817.0,0.0,103.349472375,
84114,market_research_2026-04-04_21-42-06_live_round,7efc699623d74ac8961a3f76a12cb867,2026-04-05T02:51:05.191459+00:00,1775357465191459000,173175518873791,2625,,,ETF,2814,40,2811.5,-5.0,104.187214916,
84122,market_research_2026-04-04_21-42-06_live_round,7efc699623d74ac8961a3f76a12cb867,2026-04-05T02:51:05.266962+00:00,1775357465266962000,173175594377166,2625,,,ETF,2814,60,2812.0,-4.0,104.262718291,
84130,market_research_2026-04-04_21-42-06_live_round,7efc699623d74ac8961a3f76a12cb867,2026-04-05T02:51:05.342520+00:00,1775357465342520000,173175669935166,2625,,,ETF,2811,40,2811.0,0.0,104.338276291,
84188,market_research_2026-04-04_21-42-06_live_round,7efc699623d74ac8961a3f76a12cb867,2026-04-05T02:51:06.048308+00:00,1775357466048308000,173176375724666,2625,,,ETF,2808,40,2807.5,-1.0,105.044065791,
84194,market_research_2026-04-04_21-42-06_live_round,7efc699623d74ac8961a3f76a12cb867,2026-04-05T02:51:06.103699+00:00,1775357466103699000,173176431115875,2625,,,ETF,2808,60,2808.0,0.0,105.099457,
84319,market_research_2026-04-04_21-42-06_live_round,7efc699623d74ac8961a3f76a12cb867,2026-04-05T02:51:07.549031+00:00,1775357467549031000,173177876449833,2625,,,ETF,2809,40,2810.0,-2.0,106.544790958,
84329,market_research_2026-04-04_21-42-06_live_round,7efc699623d74ac8961a3f76a12cb867,2026-04-05T02:51:07.683609+00:00,1775357467683609000,173178011028958,2625,,,ETF,2810,60,2810.0,0.0,106.679370083,
84376,market_research_2026-04-04_21-42-06_live_round,7efc699623d74ac8961a3f76a12cb867,2026-04-05T02:51:08.228982+00:00,1775357468228982000,173178556403041,2625,,,ETF,2812,100,2815.5,-7.0,107.224744166,
84377,market_research_2026-04-04_21-42-06_live_round,7efc699623d74ac8961a3f76a12cb867,2026-04-05T02:51:08.229168+00:00,1775357468229168000,173178556589375,2625,,,ETF,2817,40,2815.5,-7.0,107.2249305,
84378,market_research_2026-04-04_21-42-06_live_round,7efc699623d74ac8961a3f76a12cb867,2026-04-05T02:51:08.229299+00:00,1775357468229299000,173178556720541,2625,,,ETF,2818,60,2815.5,-7.0,107.225061666,
84466,market_research_2026-04-04_21-42-06_live_round,7efc699623d74ac8961a3f76a12cb867,2026-04-05T02:51:09.288185+00:00,1775357469288185000,173179615607916,2625,,,ETF,2811,40,2811.0,0.0,108.283949041,
84733,market_research_2026-04-04_21-42-06_live_round,7efc699623d74ac8961a3f76a12cb867,2026-04-05T02:51:12.678099+00:00,1775357472678099000,173183005528166,2625,,,ETF,2807,40,2809.0,-4.0,111.673869291,
84739,market_research_2026-04-04_21-42-06_live_round,7efc699623d74ac8961a3f76a12cb867,2026-04-05T02:51:12.748325+00:00,1775357472748325000,173183075754541,2625,,,ETF,2808,60,2809.0,-2.0,111.744095666,
84758,market_research_2026-04-04_21-42-06_live_round,7efc699623d74ac8961a3f76a12cb867,2026-04-05T02:51:12.966415+00:00,1775357472966415000,173183293845208,2625,,,ETF,2809,80,2809.0,0.0,111.962186333,
84810,market_research_2026-04-04_21-42-06_live_round,7efc699623d74ac8961a3f76a12cb867,2026-04-05T02:51:13.633203+00:00,1775357473633203000,173183960634666,2625,,,ETF,2808,40,2807.5,-1.0,112.628975791,
84819,market_research_2026-04-04_21-42-06_live_round,7efc699623d74ac8961a3f76a12cb867,2026-04-05T02:51:13.739381+00:00,1775357473739381000,173184066812250,2625,,,ETF,2808,60,2808.0,0.0,112.735153375,
84942,market_research_2026-04-04_21-42-06_live_round,7efc699623d74ac8961a3f76a12cb867,2026-04-05T02:51:15.414908+00:00,1775357475414908000,173185742342416,2625,,,ETF,2809,40,2812.0,-6.0,114.410683541,
84948,market_research_2026-04-04_21-42-06_live_round,7efc699623d74ac8961a3f76a12cb867,2026-04-05T02:51:15.480631+00:00,1775357475480631000,173185808066250,2625,,,ETF,2810,60,2812.0,-4.0,114.476407375,
84961,market_research_2026-04-04_21-42-06_live_round,7efc699623d74ac8961a3f76a12cb867,2026-04-05T02:51:15.634848+00:00,1775357475634848000,173185962283125,2625,,,ETF,2810,40,2811.5,-3.0,114.63062425,
84962,market_research_2026-04-04_21-42-06_live_round,7efc699623d74ac8961a3f76a12cb867,2026-04-05T02:51:15.635052+00:00,1775357475635052000,173185962487541,2625,,,ETF,2810,40,2811.5,-3.0,114.630828666,
84974,market_research_2026-04-04_21-42-06_live_round,7efc699623d74ac8961a3f76a12cb867,2026-04-05T02:51:15.798532+00:00,1775357475798532000,173186125967125,2625,,,ETF,2810,20,2811.0,-2.0,114.79430825,
84975,market_research_2026-04-04_21-42-06_live_round,7efc699623d74ac8961a3f76a12cb867,2026-04-05T02:51:15.803450+00:00,1775357475803450000,173186130885625,2625,,,ETF,2811,80,2811.0,-2.0,114.79922675,
85023,market_research_2026-04-04_21-42-06_live_round,7efc699623d74ac8961a3f76a12cb867,2026-04-05T02:51:16.441201+00:00,1775357476441201000,173186768637666,2625,,,ETF,2812,40,2816.5,-9.0,115.436978791,
85028,market_research_2026-04-04_21-42-06_live_round,7efc699623d74ac8961a3f76a12cb867,2026-04-05T02:51:16.510094+00:00,1775357476510094000,173186837531458,2625,,,ETF,2812,60,2816.0,-8.0,115.505872583,
85071,market_research_2026-04-04_21-42-06_live_round,7efc699623d74ac8961a3f76a12cb867,2026-04-05T02:51:17.075830+00:00,1775357477075830000,173187403267500,2625,,,A,873,40,873.0,0.0,116.071608625,0.8801246016836736
85099,market_research_2026-04-04_21-42-06_live_round,7efc699623d74ac8961a3f76a12cb867,2026-04-05T02:51:17.425155+00:00,1775357477425155000,173187752594000,2625,,,ETF,2824,40,2825.0,-2.0,116.420935125,
85105,market_research_2026-04-04_21-42-06_live_round,7efc699623d74ac8961a3f76a12cb867,2026-04-05T02:51:17.503052+00:00,1775357477503052000,173187830490500,2625,,,ETF,2824,60,2824.5,-1.0,116.498831625,
85434,market_research_2026-04-04_21-42-06_live_round,7efc699623d74ac8961a3f76a12cb867,2026-04-05T02:51:21.729375+00:00,1775357481729375000,173192056822500,2625,,,ETF,2824,40,2822.5,-3.0,120.725163625,
85442,market_research_2026-04-04_21-42-06_live_round,7efc699623d74ac8961a3f76a12cb867,2026-04-05T02:51:21.814120+00:00,1775357481814120000,173192141567416,2625,,,ETF,2824,60,2823.0,-2.0,120.809908541,
85458,market_research_2026-04-04_21-42-06_live_round,7efc699623d74ac8961a3f76a12cb867,2026-04-05T02:51:22.005516+00:00,1775357482005516000,173192332963166,2625,,,ETF,2823,40,2823.0,0.0,121.001304291,
85486,market_research_2026-04-04_21-42-06_live_round,7efc699623d74ac8961a3f76a12cb867,2026-04-05T02:51:22.357920+00:00,1775357482357920000,173192685368375,2625,,,ETF,2820,100,2816.0,-8.0,121.3537095,
85487,market_research_2026-04-04_21-42-06_live_round,7efc699623d74ac8961a3f76a12cb867,2026-04-05T02:51:22.358108+00:00,1775357482358108000,173192685556375,2625,,,ETF,2815,40,2816.0,-8.0,121.3538975,
85488,market_research_2026-04-04_21-42-06_live_round,7efc699623d74ac8961a3f76a12cb867,2026-04-05T02:51:22.358237+00:00,1775357482358237000,173192685685416,2625,,,ETF,2814,60,2816.0,-8.0,121.354026541,
85574,market_research_2026-04-04_21-42-06_live_round,7efc699623d74ac8961a3f76a12cb867,2026-04-05T02:51:23.483683+00:00,1775357483483683000,173193811134041,2625,,,ETF,2820,40,2820.0,0.0,122.479475166,
85712,market_research_2026-04-04_21-42-06_live_round,7efc699623d74ac8961a3f76a12cb867,2026-04-05T02:51:25.362742+00:00,1775357485362742000,173195690195875,2625,,,ETF,2821,40,2820.0,-2.0,124.358537,
85718,market_research_2026-04-04_21-42-06_live_round,7efc699623d74ac8961a3f76a12cb867,2026-04-05T02:51:25.437545+00:00,1775357485437545000,173195764999625,2625,,,ETF,2820,60,2820.0,0.0,124.43334075,
85785,market_research_2026-04-04_21-42-06_live_round,7efc699623d74ac8961a3f76a12cb867,2026-04-05T02:51:26.354313+00:00,1775357486354313000,173196681768958,2625,,,ETF,2818,40,2815.0,-6.0,125.350110083,
85790,market_research_2026-04-04_21-42-06_live_round,7efc699623d74ac8961a3f76a12cb867,2026-04-05T02:51:26.402336+00:00,1775357486402336000,173196729792208,2625,,,ETF,2818,60,2815.5,-5.0,125.398133333,
85855,market_research_2026-04-04_21-42-06_live_round,7efc699623d74ac8961a3f76a12cb867,2026-04-05T02:51:27.274849+00:00,1775357487274849000,173197602306958,2625,,,ETF,2810,40,2807.5,-5.0,126.270648083,
85863,market_research_2026-04-04_21-42-06_live_round,7efc699623d74ac8961a3f76a12cb867,2026-04-05T02:51:27.384527+00:00,1775357487384527000,173197711985041,2625,,,ETF,2810,60,2808.0,-4.0,126.380326166,
85990,market_research_2026-04-04_21-42-06_live_round,7efc699623d74ac8961a3f76a12cb867,2026-04-05T02:51:29.183198+00:00,1775357489183198000,173199510659041,2625,,,ETF,2808,40,2808.0,0.0,128.179000166,
86266,market_research_2026-04-04_21-42-06_live_round,7efc699623d74ac8961a3f76a12cb867,2026-04-05T02:51:32.754497+00:00,1775357492754497000,173203081965625,2625,,,ETF,2808,40,2807.0,-2.0,131.75030675,
86271,market_research_2026-04-04_21-42-06_live_round,7efc699623d74ac8961a3f76a12cb867,2026-04-05T02:51:32.795086+00:00,1775357492795086000,173203122554958,2625,,,ETF,2807,60,2807.0,0.0,131.790896083,
86336,market_research_2026-04-04_21-42-06_live_round,7efc699623d74ac8961a3f76a12cb867,2026-04-05T02:51:33.604607+00:00,1775357493604607000,173203932076750,2625,,,ETF,2805,40,2802.5,-5.0,132.600417875,
86341,market_research_2026-04-04_21-42-06_live_round,7efc699623d74ac8961a3f76a12cb867,2026-04-05T02:51:33.643215+00:00,1775357493643215000,173203970685916,2625,,,ETF,2805,60,2803.0,-4.0,132.639027041,
86533,market_research_2026-04-04_21-42-06_live_round,7efc699623d74ac8961a3f76a12cb867,2026-04-05T02:51:36.087107+00:00,1775357496087107000,173206414581791,2625,,,ETF,2793,40,2794.0,-2.0,135.082922916,
86539,market_research_2026-04-04_21-42-06_live_round,7efc699623d74ac8961a3f76a12cb867,2026-04-05T02:51:36.157309+00:00,1775357496157309000,173206484784208,2625,,,ETF,2794,60,2794.0,0.0,135.153125333,
86605,market_research_2026-04-04_21-42-06_live_round,7efc699623d74ac8961a3f76a12cb867,2026-04-05T02:51:37.015730+00:00,1775357497015730000,173207343207208,2625,,,ETF,2796,40,2801.0,-10.0,136.011548333,
86612,market_research_2026-04-04_21-42-06_live_round,7efc699623d74ac8961a3f76a12cb867,2026-04-05T02:51:37.096382+00:00,1775357497096382000,173207423858916,2625,,,ETF,2796,60,2800.5,-9.0,136.092200041,
86618,market_research_2026-04-04_21-42-06_live_round,7efc699623d74ac8961a3f76a12cb867,2026-04-05T02:51:37.160462+00:00,1775357497160462000,173207487938750,2625,,,ETF,2801,40,2802.5,-3.0,136.156279875,
86619,market_research_2026-04-04_21-42-06_live_round,7efc699623d74ac8961a3f76a12cb867,2026-04-05T02:51:37.160648+00:00,1775357497160648000,173207488125583,2625,,,ETF,2802,40,2802.5,-3.0,136.156466708,
86638,market_research_2026-04-04_21-42-06_live_round,7efc699623d74ac8961a3f76a12cb867,2026-04-05T02:51:37.373427+00:00,1775357497373427000,173207700905000,2625,,,ETF,2802,20,2802.5,-1.0,136.369246125,
86639,market_research_2026-04-04_21-42-06_live_round,7efc699623d74ac8961a3f76a12cb867,2026-04-05T02:51:37.377104+00:00,1775357497377104000,173207704581583,2625,,,ETF,2803,80,2802.5,-1.0,136.372922708,
86813,market_research_2026-04-04_21-42-06_live_round,7efc699623d74ac8961a3f76a12cb867,2026-04-05T02:51:39.582929+00:00,1775357499582929000,173209910410708,2625,,,ETF,2802,40,2801.5,-1.0,138.578751833,
87032,market_research_2026-04-04_21-42-06_live_round,7efc699623d74ac8961a3f76a12cb867,2026-04-05T02:51:42.562027+00:00,1775357502562027000,173212889514416,2625,,,ETF,2803,40,2805.0,-4.0,141.557855541,
87037,market_research_2026-04-04_21-42-06_live_round,7efc699623d74ac8961a3f76a12cb867,2026-04-05T02:51:42.610191+00:00,1775357502610191000,173212937679208,2625,,,ETF,2804,60,2805.0,-2.0,141.606020333,
87042,market_research_2026-04-04_21-42-06_live_round,7efc699623d74ac8961a3f76a12cb867,2026-04-05T02:51:42.670027+00:00,1775357502670027000,173212997514916,2625,,,ETF,2805,80,2805.0,0.0,141.665856041,
87106,market_research_2026-04-04_21-42-06_live_round,7efc699623d74ac8961a3f76a12cb867,2026-04-05T02:51:43.481888+00:00,1775357503481888000,173213809377250,2625,,,ETF,2806,40,2810.0,-8.0,142.477718375,
87111,market_research_2026-04-04_21-42-06_live_round,7efc699623d74ac8961a3f76a12cb867,2026-04-05T02:51:43.543667+00:00,1775357503543667000,173213871156333,2625,,,ETF,2806,60,2809.5,-7.0,142.539497458,
87307,market_research_2026-04-04_21-42-06_live_round,7efc699623d74ac8961a3f76a12cb867,2026-04-05T02:51:46.112546+00:00,1775357506112546000,173216440040625,2625,,,ETF,2810,40,2807.0,-6.0,145.10838175,
87312,market_research_2026-04-04_21-42-06_live_round,7efc699623d74ac8961a3f76a12cb867,2026-04-05T02:51:46.168069+00:00,1775357506168069000,173216495563583,2625,,,ETF,2809,60,2807.0,-4.0,145.163904708,
87317,market_research_2026-04-04_21-42-06_live_round,7efc699623d74ac8961a3f76a12cb867,2026-04-05T02:51:46.219200+00:00,1775357506219200000,173216546694750,2625,,,ETF,2808,80,2807.0,-2.0,145.215035875,
87326,market_research_2026-04-04_21-42-06_live_round,7efc699623d74ac8961a3f76a12cb867,2026-04-05T02:51:46.323321+00:00,1775357506323321000,173216650816041,2625,,,ETF,2807,100,2807.0,0.0,145.319157166,
87647,market_research_2026-04-04_21-42-06_live_round,7efc699623d74ac8961a3f76a12cb867,2026-04-05T02:51:50.186270+00:00,1775357510186270000,173220513772833,2625,,,ETF,2798,40,2798.0,0.0,149.182113958,
87717,market_research_2026-04-04_21-42-06_live_round,7efc699623d74ac8961a3f76a12cb867,2026-04-05T02:51:51.004077+00:00,1775357511004077000,173221331581208,2625,,,ETF,2795,40,2795.0,0.0,149.999922333,
87849,market_research_2026-04-04_21-42-06_live_round,7efc699623d74ac8961a3f76a12cb867,2026-04-05T02:51:52.646475+00:00,1775357512646475000,173222973982416,2625,,,ETF,2795,40,2797.5,-5.0,151.642323541,
87858,market_research_2026-04-04_21-42-06_live_round,7efc699623d74ac8961a3f76a12cb867,2026-04-05T02:51:52.753977+00:00,1775357512753977000,173223081484708,2625,,,ETF,2796,60,2797.5,-3.0,151.749825833,
87863,market_research_2026-04-04_21-42-06_live_round,7efc699623d74ac8961a3f76a12cb867,2026-04-05T02:51:52.797114+00:00,1775357512797114000,173223124621375,2625,,,ETF,2797,80,2797.5,-1.0,151.7929625,
87923,market_research_2026-04-04_21-42-06_live_round,7efc699623d74ac8961a3f76a12cb867,2026-04-05T02:51:53.522486+00:00,1775357513522486000,173223849995500,2625,,,ETF,2798,40,2801.5,-7.0,152.518336625,
87928,market_research_2026-04-04_21-42-06_live_round,7efc699623d74ac8961a3f76a12cb867,2026-04-05T02:51:53.570141+00:00,1775357513570141000,173223897650500,2625,,,ETF,2798,60,2801.0,-6.0,152.565991625,
88191,market_research_2026-04-04_21-42-06_live_round,7efc699623d74ac8961a3f76a12cb867,2026-04-05T02:51:56.706748+00:00,1775357516706748000,173227034263833,2625,,,ETF,2814,40,2814.0,0.0,155.702604958,
88261,market_research_2026-04-04_21-42-06_live_round,7efc699623d74ac8961a3f76a12cb867,2026-04-05T02:51:57.538928+00:00,1775357517538928000,173227866444958,2625,,,ETF,2817,40,2817.5,-1.0,156.534786083,
88266,market_research_2026-04-04_21-42-06_live_round,7efc699623d74ac8961a3f76a12cb867,2026-04-05T02:51:57.585691+00:00,1775357517585691000,173227913207791,2625,,,ETF,2817,60,2817.0,0.0,156.581548916,
88464,market_research_2026-04-04_21-42-06_live_round,7efc699623d74ac8961a3f76a12cb867,2026-04-05T02:52:00.026102+00:00,1775357520026102000,173230353624000,2625,,,ETF,2818,40,2816.0,-4.0,159.021965125,
88469,market_research_2026-04-04_21-42-06_live_round,7efc699623d74ac8961a3f76a12cb867,2026-04-05T02:52:00.093576+00:00,1775357520093576000,173230421097666,2625,,,ETF,2817,60,2816.0,-2.0,159.089438791,
88474,market_research_2026-04-04_21-42-06_live_round,7efc699623d74ac8961a3f76a12cb867,2026-04-05T02:52:00.144382+00:00,1775357520144382000,173230471904250,2625,,,ETF,2816,80,2816.0,0.0,159.140245375,
88602,market_research_2026-04-04_21-42-06_live_round,7efc699623d74ac8961a3f76a12cb867,2026-04-05T02:52:01.674980+00:00,1775357521674980000,173232002504416,2625,,,ETF,2816,40,2817.5,-3.0,160.670845541,
88607,market_research_2026-04-04_21-42-06_live_round,7efc699623d74ac8961a3f76a12cb867,2026-04-05T02:52:01.730393+00:00,1775357521730393000,173232057918791,2625,,,ETF,2817,60,2817.5,-1.0,160.726259916,
88612,market_research_2026-04-04_21-42-06_live_round,7efc699623d74ac8961a3f76a12cb867,2026-04-05T02:52:01.775230+00:00,1775357521775230000,173232102755416,2625,,,ETF,2817,40,2817.0,0.0,160.771096541,
88613,market_research_2026-04-04_21-42-06_live_round,7efc699623d74ac8961a3f76a12cb867,2026-04-05T02:52:01.775393+00:00,1775357521775393000,173232102919041,2625,,,ETF,2817,40,2817.0,0.0,160.771260166,
88678,market_research_2026-04-04_21-42-06_live_round,7efc699623d74ac8961a3f76a12cb867,2026-04-05T02:52:02.533931+00:00,1775357522533931000,173232861457791,2625,,,ETF,2819,40,2823.0,-8.0,161.529798916,
88683,market_research_2026-04-04_21-42-06_live_round,7efc699623d74ac8961a3f76a12cb867,2026-04-05T02:52:02.583385+00:00,1775357522583385000,173232910911666,2625,,,ETF,2819,60,2822.5,-7.0,161.579252791,
88688,market_research_2026-04-04_21-42-06_live_round,7efc699623d74ac8961a3f76a12cb867,2026-04-05T02:52:02.625436+00:00,1775357522625436000,173232952962750,2625,,,ETF,2825,40,2825.0,0.0,161.621303875,
88881,market_research_2026-04-04_21-42-06_live_round,7efc699623d74ac8961a3f76a12cb867,2026-04-05T02:52:04.901209+00:00,1775357524901209000,173235228740458,2625,,,ETF,2822,40,2822.0,0.0,163.897081583,
88981,market_research_2026-04-04_21-42-06_live_round,7efc699623d74ac8961a3f76a12cb867,2026-04-05T02:52:06.148441+00:00,1775357526148441000,173236475975041,2625,,,ETF,2815,40,2814.0,-2.0,165.144316166,
88982,market_research_2026-04-04_21-42-06_live_round,7efc699623d74ac8961a3f76a12cb867,2026-04-05T02:52:06.148643+00:00,1775357526148643000,173236476176791,2625,,,ETF,2814,60,2814.0,-2.0,165.144517916,
88983,market_research_2026-04-04_21-42-06_live_round,7efc699623d74ac8961a3f76a12cb867,2026-04-05T02:52:06.148773+00:00,1775357526148773000,173236476307416,2625,,,ETF,2813,80,2814.0,-2.0,165.144648541,
88984,market_research_2026-04-04_21-42-06_live_round,7efc699623d74ac8961a3f76a12cb867,2026-04-05T02:52:06.148901+00:00,1775357526148901000,173236476434916,2625,,,ETF,2813,20,2814.0,-2.0,165.144776041,
89055,market_research_2026-04-04_21-42-06_live_round,7efc699623d74ac8961a3f76a12cb867,2026-04-05T02:52:06.994961+00:00,1775357526994961000,173237322496375,2625,,,C,958,40,955.5,-5.0,276.771925125,1.807028130150146
89056,market_research_2026-04-04_21-42-06_live_round,7efc699623d74ac8961a3f76a12cb867,2026-04-05T02:52:06.998440+00:00,1775357526998440000,173237325975666,2625,,,C,957,60,955.5,-5.0,276.775404416,1.807028130150146
89057,market_research_2026-04-04_21-42-06_live_round,7efc699623d74ac8961a3f76a12cb867,2026-04-05T02:52:06.998546+00:00,1775357526998546000,173237326081708,2625,,,C,956,80,955.5,-5.0,276.775510458,1.807028130150146
89058,market_research_2026-04-04_21-42-06_live_round,7efc699623d74ac8961a3f76a12cb867,2026-04-05T02:52:06.998654+00:00,1775357526998654000,173237326190125,2625,,,C,955,20,955.5,-5.0,276.775618875,1.807028130150146
89231,market_research_2026-04-04_21-42-06_live_round,7efc699623d74ac8961a3f76a12cb867,2026-04-05T02:52:09.072630+00:00,1775357529072630000,173239400169125,2625,,,ETF,2816,40,2814.5,-3.0,168.06851025,
89236,market_research_2026-04-04_21-42-06_live_round,7efc699623d74ac8961a3f76a12cb867,2026-04-05T02:52:09.121845+00:00,1775357529121845000,173239449384750,2625,,,ETF,2816,60,2815.0,-2.0,168.117725875,
89241,market_research_2026-04-04_21-42-06_live_round,7efc699623d74ac8961a3f76a12cb867,2026-04-05T02:52:09.161626+00:00,1775357529161626000,173239489165291,2625,,,ETF,2815,40,2815.0,0.0,168.157506416,
89305,market_research_2026-04-04_21-42-06_live_round,7efc699623d74ac8961a3f76a12cb867,2026-04-05T02:52:09.997916+00:00,1775357529997916000,173240325457166,2625,,,ETF,2815,40,2815.5,-1.0,168.993798291,
89437,market_research_2026-04-04_21-42-06_live_round,7efc699623d74ac8961a3f76a12cb867,2026-04-05T02:52:11.577681+00:00,1775357531577681000,173241905225208,2750,,,ETF,2815,40,2815.0,0.0,170.573566333,
89841,market_research_2026-04-04_21-42-06_live_round,7efc699623d74ac8961a3f76a12cb867,2026-04-05T02:52:16.488382+00:00,1775357536488382000,173246815936166,2750,,,ETF,2817,40,2817.5,-1.0,175.484277291,
89875,market_research_2026-04-04_21-42-06_live_round,7efc699623d74ac8961a3f76a12cb867,2026-04-05T02:52:16.868979+00:00,1775357536868979000,173247196533541,2750,,,ETF,2817,60,2812.0,-10.0,175.864874666,
89876,market_research_2026-04-04_21-42-06_live_round,7efc699623d74ac8961a3f76a12cb867,2026-04-05T02:52:16.872559+00:00,1775357536872559000,173247200114333,2750,,,ETF,2816,80,2812.0,-10.0,175.868455458,
89877,market_research_2026-04-04_21-42-06_live_round,7efc699623d74ac8961a3f76a12cb867,2026-04-05T02:52:16.872702+00:00,1775357536872702000,173247200257125,2750,,,ETF,2815,60,2812.0,-10.0,175.86859825,
89916,market_research_2026-04-04_21-42-06_live_round,7efc699623d74ac8961a3f76a12cb867,2026-04-05T02:52:17.335313+00:00,1775357537335313000,173247662868333,2750,,,ETF,2815,40,2815.0,0.0,176.331209458,
89983,market_research_2026-04-04_21-42-06_live_round,7efc699623d74ac8961a3f76a12cb867,2026-04-05T02:52:18.084972+00:00,1775357538084972000,173248412529375,2750,,,ETF,2816,40,2817.5,-3.0,177.0808705,
89988,market_research_2026-04-04_21-42-06_live_round,7efc699623d74ac8961a3f76a12cb867,2026-04-05T02:52:18.141914+00:00,1775357538141914000,173248469470875,2750,,,ETF,2816,20,2817.0,-2.0,177.137812,
89989,market_research_2026-04-04_21-42-06_live_round,7efc699623d74ac8961a3f76a12cb867,2026-04-05T02:52:18.142110+00:00,1775357538142110000,173248469667291,2750,,,ETF,2817,40,2817.0,-2.0,177.138008416,
89995,market_research_2026-04-04_21-42-06_live_round,7efc699623d74ac8961a3f76a12cb867,2026-04-05T02:52:18.196906+00:00,1775357538196906000,173248524463750,2750,,,ETF,2817,40,2817.0,0.0,177.192804875,
90058,market_research_2026-04-04_21-42-06_live_round,7efc699623d74ac8961a3f76a12cb867,2026-04-05T02:52:18.938124+00:00,1775357538938124000,173249265682833,2750,,,ETF,2818,40,2818.5,-1.0,177.934023958,
90063,market_research_2026-04-04_21-42-06_live_round,7efc699623d74ac8961a3f76a12cb867,2026-04-05T02:52:18.983306+00:00,1775357538983306000,173249310865416,2750,,,ETF,2818,60,2818.0,0.0,177.979206541,
90192,market_research_2026-04-04_21-42-06_live_round,7efc699623d74ac8961a3f76a12cb867,2026-04-05T02:52:20.356601+00:00,1775357540356601000,173250684162291,2750,,,ETF,2816,40,2816.0,0.0,179.352503416,
90329,market_research_2026-04-04_21-42-06_live_round,7efc699623d74ac8961a3f76a12cb867,2026-04-05T02:52:21.831436+00:00,1775357541831436000,173252159000666,2750,,,ETF,2811,40,2809.0,-4.0,180.827341791,
90334,market_research_2026-04-04_21-42-06_live_round,7efc699623d74ac8961a3f76a12cb867,2026-04-05T02:52:21.871379+00:00,1775357541871379000,173252198943708,2750,,,ETF,2810,60,2809.0,-2.0,180.867284833,
90339,market_research_2026-04-04_21-42-06_live_round,7efc699623d74ac8961a3f76a12cb867,2026-04-05T02:52:21.909153+00:00,1775357541909153000,173252236717708,2750,,,ETF,2809,80,2809.0,0.0,180.905058833,
90351,market_research_2026-04-04_21-42-06_live_round,7efc699623d74ac8961a3f76a12cb867,2026-04-05T02:52:22.033007+00:00,1775357542033007000,173252360572375,2750,,,A,871,40,871.0,0.0,181.0289135,0.8801246016836736
90400,market_research_2026-04-04_21-42-06_live_round,7efc699623d74ac8961a3f76a12cb867,2026-04-05T02:52:22.537607+00:00,1775357542537607000,173252865172916,2750,,,ETF,2810,40,2810.0,0.0,181.533514041,
90534,market_research_2026-04-04_21-42-06_live_round,7efc699623d74ac8961a3f76a12cb867,2026-04-05T02:52:24.131224+00:00,1775357544131224000,173254458792916,2750,,,ETF,2810,40,2811.5,-3.0,183.127134041,
90539,market_research_2026-04-04_21-42-06_live_round,7efc699623d74ac8961a3f76a12cb867,2026-04-05T02:52:24.178119+00:00,1775357544178119000,173254505688375,2750,,,ETF,2811,60,2811.5,-1.0,183.1740295,
90606,market_research_2026-04-04_21-42-06_live_round,7efc699623d74ac8961a3f76a12cb867,2026-04-05T02:52:25.103315+00:00,1775357545103315000,173255430886000,2750,,,ETF,2813,40,2814.0,-2.0,184.099227125,
90611,market_research_2026-04-04_21-42-06_live_round,7efc699623d74ac8961a3f76a12cb867,2026-04-05T02:52:25.150884+00:00,1775357545150884000,173255478454875,2750,,,ETF,2813,60,2813.5,-1.0,184.146796,
90641,market_research_2026-04-04_21-42-06_live_round,7efc699623d74ac8961a3f76a12cb867,2026-04-05T02:52:25.509235+00:00,1775357545509235000,173255836807083,2750,,,C,957,40,955.5,-3.0,295.286235833,1.807028130150146
90642,market_research_2026-04-04_21-42-06_live_round,7efc699623d74ac8961a3f76a12cb867,2026-04-05T02:52:25.510264+00:00,1775357545510264000,173255837835666,2750,,,C,956,60,955.5,-3.0,295.287264416,1.807028130150146
90643,market_research_2026-04-04_21-42-06_live_round,7efc699623d74ac8961a3f76a12cb867,2026-04-05T02:52:25.510393+00:00,1775357545510393000,173255837964541,2750,,,C,955,80,955.5,-3.0,295.287393291,1.807028130150146
90644,market_research_2026-04-04_21-42-06_live_round,7efc699623d74ac8961a3f76a12cb867,2026-04-05T02:52:25.510522+00:00,1775357545510522000,173255838094041,2750,,,C,954,20,955.5,-3.0,295.287522791,1.807028130150146
90746,market_research_2026-04-04_21-42-06_live_round,7efc699623d74ac8961a3f76a12cb867,2026-04-05T02:52:26.666713+00:00,1775357546666713000,173256994287375,2750,,,ETF,2818,40,2818.5,-1.0,185.6626285,
90947,market_research_2026-04-04_21-42-06_live_round,7efc699623d74ac8961a3f76a12cb867,2026-04-05T02:52:29.051930+00:00,1775357549051930000,173259379508708,2750,,,ETF,2826,40,2826.0,0.0,188.047849833,
91218,market_research_2026-04-04_21-42-06_live_round,7efc699623d74ac8961a3f76a12cb867,2026-04-05T02:52:32.341541+00:00,1775357552341541000,173262669126583,2750,,,ETF,2819,40,2815.0,-8.0,191.337467708,
91227,market_research_2026-04-04_21-42-06_live_round,7efc699623d74ac8961a3f76a12cb867,2026-04-05T02:52:32.458833+00:00,1775357552458833000,173262786418583,2750,,,ETF,2819,60,2815.5,-7.0,191.454759708,
91232,market_research_2026-04-04_21-42-06_live_round,7efc699623d74ac8961a3f76a12cb867,2026-04-05T02:52:32.501114+00:00,1775357552501114000,173262828699041,2750,,,ETF,2817,40,2815.0,-4.0,191.497040166,
91233,market_research_2026-04-04_21-42-06_live_round,7efc699623d74ac8961a3f76a12cb867,2026-04-05T02:52:32.501301+00:00,1775357552501301000,173262828886250,2750,,,ETF,2816,40,2815.0,-4.0,191.497227375,
91239,market_research_2026-04-04_21-42-06_live_round,7efc699623d74ac8961a3f76a12cb867,2026-04-05T02:52:32.552482+00:00,1775357552552482000,173262880067375,2750,,,ETF,2816,20,2815.0,-2.0,191.5484085,
91240,market_research_2026-04-04_21-42-06_live_round,7efc699623d74ac8961a3f76a12cb867,2026-04-05T02:52:32.552648+00:00,1775357552552648000,173262880233666,2750,,,ETF,2815,80,2815.0,-2.0,191.548574791,
91265,market_research_2026-04-04_21-42-06_live_round,7efc699623d74ac8961a3f76a12cb867,2026-04-05T02:52:32.816107+00:00,1775357552816107000,173263143693166,2750,,,C,961,40,963.0,-4.0,302.593121916,1.807028130150146
91266,market_research_2026-04-04_21-42-06_live_round,7efc699623d74ac8961a3f76a12cb867,2026-04-05T02:52:32.816214+00:00,1775357552816214000,173263143800750,2750,,,C,962,60,963.0,-4.0,302.5932295,1.807028130150146
91267,market_research_2026-04-04_21-42-06_live_round,7efc699623d74ac8961a3f76a12cb867,2026-04-05T02:52:32.816299+00:00,1775357552816299000,173263143885083,2750,,,C,963,80,963.0,-4.0,302.593313833,1.807028130150146
91268,market_research_2026-04-04_21-42-06_live_round,7efc699623d74ac8961a3f76a12cb867,2026-04-05T02:52:32.816382+00:00,1775357552816382000,173263143968708,2750,,,C,964,20,963.0,-4.0,302.593397458,1.807028130150146
91436,market_research_2026-04-04_21-42-06_live_round,7efc699623d74ac8961a3f76a12cb867,2026-04-05T02:52:34.718815+00:00,1775357554718815000,173265046404791,2750,,,ETF,2820,40,2820.0,0.0,193.714745916,
91503,market_research_2026-04-04_21-42-06_live_round,7efc699623d74ac8961a3f76a12cb867,2026-04-05T02:52:35.423876+00:00,1775357555423876000,173265751467291,2750,,,ETF,2819,40,2819.0,0.0,194.419808416,
91573,market_research_2026-04-04_21-42-06_live_round,7efc699623d74ac8961a3f76a12cb867,2026-04-05T02:52:36.178659+00:00,1775357556178659000,173266506251250,2750,,,ETF,2817,40,2813.5,-7.0,195.174592375,
91578,market_research_2026-04-04_21-42-06_live_round,7efc699623d74ac8961a3f76a12cb867,2026-04-05T02:52:36.223161+00:00,1775357556223161000,173266550753666,2750,,,ETF,2817,60,2814.0,-6.0,195.219094791,
91583,market_research_2026-04-04_21-42-06_live_round,7efc699623d74ac8961a3f76a12cb867,2026-04-05T02:52:36.267277+00:00,1775357556267277000,173266594869583,2750,,,ETF,2813,40,2812.5,-1.0,195.263210708,
91584,market_research_2026-04-04_21-42-06_live_round,7efc699623d74ac8961a3f76a12cb867,2026-04-05T02:52:36.267439+00:00,1775357556267439000,173266595031541,2750,,,ETF,2812,40,2812.5,-1.0,195.263372666,
91913,market_research_2026-04-04_21-42-06_live_round,7efc699623d74ac8961a3f76a12cb867,2026-04-05T02:52:40.093863+00:00,1775357560093863000,173270421463250,2750,,,ETF,2816,40,2817.0,-2.0,199.089804375,
91918,market_research_2026-04-04_21-42-06_live_round,7efc699623d74ac8961a3f76a12cb867,2026-04-05T02:52:40.144204+00:00,1775357560144204000,173270471803625,2750,,,ETF,2817,60,2817.0,0.0,199.14014475,
92139,market_research_2026-04-04_21-42-06_live_round,7efc699623d74ac8961a3f76a12cb867,2026-04-05T02:52:42.758896+00:00,1775357562758896000,173273086501000,2750,,,A,885,40,886.5,-3.0,201.754842125,0.8801246016836736
92140,market_research_2026-04-04_21-42-06_live_round,7efc699623d74ac8961a3f76a12cb867,2026-04-05T02:52:42.763868+00:00,1775357562763868000,173273091473208,2750,,,A,886,60,886.5,-3.0,201.759814333,0.8801246016836736
92141,market_research_2026-04-04_21-42-06_live_round,7efc699623d74ac8961a3f76a12cb867,2026-04-05T02:52:42.764011+00:00,1775357562764011000,173273091616666,2750,,,A,887,80,886.5,-3.0,201.759957791,0.8801246016836736
92142,market_research_2026-04-04_21-42-06_live_round,7efc699623d74ac8961a3f76a12cb867,2026-04-05T02:52:42.764133+00:00,1775357562764133000,173273091738375,2750,,,A,888,20,886.5,-3.0,201.7600795,0.8801246016836736
92181,market_research_2026-04-04_21-42-06_live_round,7efc699623d74ac8961a3f76a12cb867,2026-04-05T02:52:43.207465+00:00,1775357563207465000,173273535070666,2750,,,ETF,2825,40,2826.5,-3.0,202.203411791,
92186,market_research_2026-04-04_21-42-06_live_round,7efc699623d74ac8961a3f76a12cb867,2026-04-05T02:52:43.258587+00:00,1775357563258587000,173273586193125,2750,,,ETF,2826,60,2826.5,-1.0,202.25453425,
92191,market_research_2026-04-04_21-42-06_live_round,7efc699623d74ac8961a3f76a12cb867,2026-04-05T02:52:43.301897+00:00,1775357563301897000,173273629503750,2750,,,ETF,2826,40,2826.0,0.0,202.297844875,
92192,market_research_2026-04-04_21-42-06_live_round,7efc699623d74ac8961a3f76a12cb867,2026-04-05T02:52:43.302043+00:00,1775357563302043000,173273629649541,2750,,,ETF,2826,40,2826.0,0.0,202.297990666,
92250,market_research_2026-04-04_21-42-06_live_round,7efc699623d74ac8961a3f76a12cb867,2026-04-05T02:52:43.930765+00:00,1775357563930765000,173274258372666,2750,,,ETF,2828,40,2829.5,-3.0,202.926713791,
92255,market_research_2026-04-04_21-42-06_live_round,7efc699623d74ac8961a3f76a12cb867,2026-04-05T02:52:43.975877+00:00,1775357563975877000,173274303484625,2750,,,ETF,2828,60,2829.0,-2.0,202.97182575,
92410,market_research_2026-04-04_21-42-06_live_round,7efc699623d74ac8961a3f76a12cb867,2026-04-05T02:52:45.724254+00:00,1775357565724254000,173276051865458,2750,,,A,882,40,882.0,0.0,204.720206583,0.8801246016836736
92767,market_research_2026-04-04_21-42-06_live_round,7efc699623d74ac8961a3f76a12cb867,2026-04-05T02:52:49.636218+00:00,1775357569636218000,173279963836666,2800,,,ETF,2837,40,2837.0,0.0,208.632177791,
92895,market_research_2026-04-04_21-42-06_live_round,7efc699623d74ac8961a3f76a12cb867,2026-04-05T02:52:50.966890+00:00,1775357570966890000,173281294511333,2800,,,ETF,2840,40,2842.0,-4.0,209.962852458,
92900,market_research_2026-04-04_21-42-06_live_round,7efc699623d74ac8961a3f76a12cb867,2026-04-05T02:52:51.014925+00:00,1775357571014925000,173281342546791,2800,,,ETF,2840,60,2841.5,-3.0,210.010887916,
92905,market_research_2026-04-04_21-42-06_live_round,7efc699623d74ac8961a3f76a12cb867,2026-04-05T02:52:51.055525+00:00,1775357571055525000,173281383147375,2800,,,ETF,2841,40,2841.5,-1.0,210.0514885,
92906,market_research_2026-04-04_21-42-06_live_round,7efc699623d74ac8961a3f76a12cb867,2026-04-05T02:52:51.055667+00:00,1775357571055667000,173281383288625,2800,,,ETF,2842,40,2841.5,-1.0,210.05162975,
93013,market_research_2026-04-04_21-42-06_live_round,7efc699623d74ac8961a3f76a12cb867,2026-04-05T02:52:52.222315+00:00,1775357572222315000,173282549938666,2800,,,C,963,40,963.0,0.0,321.999367416,1.807028130150146
93031,market_research_2026-04-04_21-42-06_live_round,7efc699623d74ac8961a3f76a12cb867,2026-04-05T02:52:52.418255+00:00,1775357572418255000,173282745879375,2800,,,ETF,2846,40,2846.5,-1.0,211.4142205,
93383,market_research_2026-04-04_21-42-06_live_round,7efc699623d74ac8961a3f76a12cb867,2026-04-05T02:52:56.987117+00:00,1775357576987117000,173287314750541,2800,,,ETF,2844,40,2840.5,-7.0,215.983091666,
93384,market_research_2026-04-04_21-42-06_live_round,7efc699623d74ac8961a3f76a12cb867,2026-04-05T02:52:56.990899+00:00,1775357576990899000,173287318532166,2800,,,ETF,2843,60,2840.5,-7.0,215.986873291,
93385,market_research_2026-04-04_21-42-06_live_round,7efc699623d74ac8961a3f76a12cb867,2026-04-05T02:52:56.991053+00:00,1775357576991053000,173287318686458,2800,,,ETF,2842,80,2840.5,-7.0,215.987027583,
93386,market_research_2026-04-04_21-42-06_live_round,7efc699623d74ac8961a3f76a12cb867,2026-04-05T02:52:56.991179+00:00,1775357576991179000,173287318812416,2800,,,ETF,2841,20,2840.5,-7.0,215.987153541,
93615,market_research_2026-04-04_21-42-06_live_round,7efc699623d74ac8961a3f76a12cb867,2026-04-05T02:52:59.491333+00:00,1775357579491333000,173289818971375,2800,,,ETF,2838,40,2838.0,0.0,218.4873125,
93681,market_research_2026-04-04_21-42-06_live_round,7efc699623d74ac8961a3f76a12cb867,2026-04-05T02:53:00.123663+00:00,1775357580123663000,173290451302250,2800,,,ETF,2835,40,2834.5,-1.0,219.119643375,
93686,market_research_2026-04-04_21-42-06_live_round,7efc699623d74ac8961a3f76a12cb867,2026-04-05T02:53:00.163556+00:00,1775357580163556000,173290491196000,2800,,,ETF,2835,60,2835.0,0.0,219.159537125,
93778,market_research_2026-04-04_21-42-06_live_round,7efc699623d74ac8961a3f76a12cb867,2026-04-05T02:53:01.137130+00:00,1775357581137130000,173291464771541,2800,,,B,1005,40,1005.0,0.0,,
93813,market_research_2026-04-04_21-42-06_live_round,7efc699623d74ac8961a3f76a12cb867,2026-04-05T02:53:01.493488+00:00,1775357581493488000,173291821129791,2800,,,ETF,2837,40,2839.0,-4.0,220.489470916,
93818,market_research_2026-04-04_21-42-06_live_round,7efc699623d74ac8961a3f76a12cb867,2026-04-05T02:53:01.536942+00:00,1775357581536942000,173291864583375,2800,,,ETF,2837,60,2838.5,-3.0,220.5329245,
93944,market_research_2026-04-04_21-42-06_live_round,7efc699623d74ac8961a3f76a12cb867,2026-04-05T02:53:02.948794+00:00,1775357582948794000,173293276439333,2800,,,ETF,2843,40,2842.5,-1.0,221.944780458,
94010,market_research_2026-04-04_21-42-06_live_round,7efc699623d74ac8961a3f76a12cb867,2026-04-05T02:53:03.667428+00:00,1775357583667428000,173293995074291,2800,,,ETF,2840,40,2839.5,-1.0,222.663415416,
94015,market_research_2026-04-04_21-42-06_live_round,7efc699623d74ac8961a3f76a12cb867,2026-04-05T02:53:03.717701+00:00,1775357583717701000,173294045346875,2800,,,ETF,2840,60,2840.0,0.0,222.713688,
94077,market_research_2026-04-04_21-42-06_live_round,7efc699623d74ac8961a3f76a12cb867,2026-04-05T02:53:04.410946+00:00,1775357584410946000,173294738593416,2800,,,ETF,2841,40,2842.0,-2.0,223.406934541,
94082,market_research_2026-04-04_21-42-06_live_round,7efc699623d74ac8961a3f76a12cb867,2026-04-05T02:53:04.462882+00:00,1775357584462882000,173294790530208,2800,,,ETF,2841,40,2841.5,-1.0,223.458871333,
94083,market_research_2026-04-04_21-42-06_live_round,7efc699623d74ac8961a3f76a12cb867,2026-04-05T02:53:04.463028+00:00,1775357584463028000,173294790675666,2800,,,ETF,2842,20,2841.5,-1.0,223.459016791,
94114,market_research_2026-04-04_21-42-06_live_round,7efc699623d74ac8961a3f76a12cb867,2026-04-05T02:53:04.798746+00:00,1775357584798746000,173295126394208,2800,,,A,883,40,882.5,-1.0,223.794735333,0.8801246016836736
94115,market_research_2026-04-04_21-42-06_live_round,7efc699623d74ac8961a3f76a12cb867,2026-04-05T02:53:04.798909+00:00,1775357584798909000,173295126557333,2800,,,A,882,60,882.5,-1.0,223.794898458,0.8801246016836736
94215,market_research_2026-04-04_21-42-06_live_round,7efc699623d74ac8961a3f76a12cb867,2026-04-05T02:53:06.271709+00:00,1775357586271709000,173296599359791,2800,,,ETF,2845,40,2845.5,-1.0,225.267700916,
94281,market_research_2026-04-04_21-42-06_live_round,7efc699623d74ac8961a3f76a12cb867,2026-04-05T02:53:07.306715+00:00,1775357587306715000,173297634368166,2800,,,ETF,2848,40,2849.0,-2.0,226.302709291,
94286,market_research_2026-04-04_21-42-06_live_round,7efc699623d74ac8961a3f76a12cb867,2026-04-05T02:53:07.352299+00:00,1775357587352299000,173297679952041,2800,,,ETF,2848,60,2848.5,-1.0,226.348293166,
94539,market_research_2026-04-04_21-42-06_live_round,7efc699623d74ac8961a3f76a12cb867,2026-04-05T02:53:10.521524+00:00,1775357590521524000,173300849183916,2800,,,ETF,2850,40,2850.0,0.0,229.517525041,
