event_index,session_id,run_id,wall_time_iso,wall_time_ns,monotonic_ns,exchange_tick,round,day,symbol,trade_px,trade_qty,mid_at_trade,spread_at_trade,time_since_last_symbol_news,latest_known_eps_for_symbol
23,market_research_2026-04-04_21-22-29_live_round,f974d41e6f2b44c69df8c990afaf26d2,2026-04-05T02:22:30.147986+00:00,1775355750147986000,171460473101375,,,,ETF,2965,40,2964.0,-2.0,,
28,market_research_2026-04-04_21-22-29_live_round,f974d41e6f2b44c69df8c990afaf26d2,2026-04-05T02:22:30.148622+00:00,1775355750148622000,171460473737208,,,,ETF,2964,60,2964.0,0.0,,
89,market_research_2026-04-04_21-22-29_live_round,f974d41e6f2b44c69df8c990afaf26d2,2026-04-05T02:22:30.351927+00:00,1775355750351927000,171460677042791,,,,ETF,2965,40,2965.0,0.0,,
154,market_research_2026-04-04_21-22-29_live_round,f974d41e6f2b44c69df8c990afaf26d2,2026-04-05T02:22:30.552637+00:00,1775355750552637000,171460877753500,,,,ETF,2966,40,2970.5,-9.0,,
159,market_research_2026-04-04_21-22-29_live_round,f974d41e6f2b44c69df8c990afaf26d2,2026-04-05T02:22:30.553555+00:00,1775355750553555000,171460878671416,,,,ETF,2966,60,2970.0,-8.0,,
164,market_research_2026-04-04_21-22-29_live_round,f974d41e6f2b44c69df8c990afaf26d2,2026-04-05T02:22:30.554210+00:00,1775355750554210000,171460879327041,,,,ETF,2971,40,2972.0,-2.0,,
165,market_research_2026-04-04_21-22-29_live_round,f974d41e6f2b44c69df8c990afaf26d2,2026-04-05T02:22:30.554291+00:00,1775355750554291000,171460879407375,,,,ETF,2972,40,2972.0,-2.0,,
171,market_research_2026-04-04_21-22-29_live_round,f974d41e6f2b44c69df8c990afaf26d2,2026-04-05T02:22:30.555060+00:00,1775355750555060000,171460880176541,,,,ETF,2972,20,2972.0,0.0,,
228,market_research_2026-04-04_21-22-29_live_round,f974d41e6f2b44c69df8c990afaf26d2,2026-04-05T02:22:30.680584+00:00,1775355750680584000,171461005701208,,,,ETF,2974,100,2979.0,-10.0,,
229,market_research_2026-04-04_21-22-29_live_round,f974d41e6f2b44c69df8c990afaf26d2,2026-04-05T02:22:30.680720+00:00,1775355750680720000,171461005837041,,,,ETF,2981,40,2979.0,-10.0,,
230,market_research_2026-04-04_21-22-29_live_round,f974d41e6f2b44c69df8c990afaf26d2,2026-04-05T02:22:30.680834+00:00,1775355750680834000,171461005950666,,,,ETF,2982,60,2979.0,-10.0,,
364,market_research_2026-04-04_21-22-29_live_round,f974d41e6f2b44c69df8c990afaf26d2,2026-04-05T02:22:31.153724+00:00,1775355751153724000,171461478842500,,,,ETF,2980,40,2981.0,-2.0,,
369,market_research_2026-04-04_21-22-29_live_round,f974d41e6f2b44c69df8c990afaf26d2,2026-04-05T02:22:31.154617+00:00,1775355751154617000,171461479735000,,,,ETF,2981,60,2981.0,0.0,,
432,market_research_2026-04-04_21-22-29_live_round,f974d41e6f2b44c69df8c990afaf26d2,2026-04-05T02:22:31.355817+00:00,1775355751355817000,171461680935708,,,,ETF,2983,40,2983.0,0.0,,
498,market_research_2026-04-04_21-22-29_live_round,f974d41e6f2b44c69df8c990afaf26d2,2026-04-05T02:22:31.557531+00:00,1775355751557531000,171461882649750,,,,ETF,2982,40,2981.0,-2.0,,
503,market_research_2026-04-04_21-22-29_live_round,f974d41e6f2b44c69df8c990afaf26d2,2026-04-05T02:22:31.559966+00:00,1775355751559966000,171461885084750,,,,ETF,2982,20,2981.5,-1.0,,
504,market_research_2026-04-04_21-22-29_live_round,f974d41e6f2b44c69df8c990afaf26d2,2026-04-05T02:22:31.560143+00:00,1775355751560143000,171461885262208,,,,ETF,2981,40,2981.5,-1.0,,
571,market_research_2026-04-04_21-22-29_live_round,f974d41e6f2b44c69df8c990afaf26d2,2026-04-05T02:22:31.838064+00:00,1775355751838064000,171462163183625,,,,ETF,2982,40,2982.5,-1.0,,
576,market_research_2026-04-04_21-22-29_live_round,f974d41e6f2b44c69df8c990afaf26d2,2026-04-05T02:22:31.839639+00:00,1775355751839639000,171462164758875,,,,ETF,2982,40,2982.0,0.0,,
638,market_research_2026-04-04_21-22-29_live_round,f974d41e6f2b44c69df8c990afaf26d2,2026-04-05T02:22:31.959703+00:00,1775355751959703000,171462284822541,,,,ETF,2983,40,2983.0,0.0,,
832,market_research_2026-04-04_21-22-29_live_round,f974d41e6f2b44c69df8c990afaf26d2,2026-04-05T02:22:32.563168+00:00,1775355752563168000,171462888289208,,,,ETF,2977,40,2975.0,-4.0,,
837,market_research_2026-04-04_21-22-29_live_round,f974d41e6f2b44c69df8c990afaf26d2,2026-04-05T02:22:32.566092+00:00,1775355752566092000,171462891213166,,,,ETF,2977,60,2975.5,-3.0,,
842,market_research_2026-04-04_21-22-29_live_round,f974d41e6f2b44c69df8c990afaf26d2,2026-04-05T02:22:32.568873+00:00,1775355752568873000,171462893994333,,,,ETF,2976,40,2975.5,-1.0,,
843,market_research_2026-04-04_21-22-29_live_round,f974d41e6f2b44c69df8c990afaf26d2,2026-04-05T02:22:32.569206+00:00,1775355752569206000,171462894328291,,,,ETF,2975,40,2975.5,-1.0,,
909,market_research_2026-04-04_21-22-29_live_round,f974d41e6f2b44c69df8c990afaf26d2,2026-04-05T02:22:32.765481+00:00,1775355752765481000,171463090603041,,,,ETF,2973,40,2971.0,-4.0,,
914,market_research_2026-04-04_21-22-29_live_round,f974d41e6f2b44c69df8c990afaf26d2,2026-04-05T02:22:32.767905+00:00,1775355752767905000,171463093027583,,,,ETF,2973,60,2971.5,-3.0,,
974,market_research_2026-04-04_21-22-29_live_round,f974d41e6f2b44c69df8c990afaf26d2,2026-04-05T02:22:32.965812+00:00,1775355752965812000,171463290934500,,,,ETF,2971,40,2971.5,-1.0,,
979,market_research_2026-04-04_21-22-29_live_round,f974d41e6f2b44c69df8c990afaf26d2,2026-04-05T02:22:32.968866+00:00,1775355752968866000,171463293989166,,,,ETF,2971,40,2971.0,0.0,,
1042,market_research_2026-04-04_21-22-29_live_round,f974d41e6f2b44c69df8c990afaf26d2,2026-04-05T02:22:33.167957+00:00,1775355753167957000,171463493080666,,,,ETF,2971,20,2969.5,-3.0,,
1043,market_research_2026-04-04_21-22-29_live_round,f974d41e6f2b44c69df8c990afaf26d2,2026-04-05T02:22:33.168194+00:00,1775355753168194000,171463493317458,,,,ETF,2970,20,2969.5,-3.0,,
1049,market_research_2026-04-04_21-22-29_live_round,f974d41e6f2b44c69df8c990afaf26d2,2026-04-05T02:22:33.170885+00:00,1775355753170885000,171463496008583,,,,ETF,2970,60,2969.5,-1.0,,
1244,market_research_2026-04-04_21-22-29_live_round,f974d41e6f2b44c69df8c990afaf26d2,2026-04-05T02:22:33.768727+00:00,1775355753768727000,171464093850875,,,,ETF,2972,40,2972.5,-1.0,,
1381,market_research_2026-04-04_21-22-29_live_round,f974d41e6f2b44c69df8c990afaf26d2,2026-04-05T02:22:34.175127+00:00,1775355754175127000,171464500253791,175,,,ETF,2973,40,2972.0,-2.0,,
1386,market_research_2026-04-04_21-22-29_live_round,f974d41e6f2b44c69df8c990afaf26d2,2026-04-05T02:22:34.177870+00:00,1775355754177870000,171464502996666,175,,,ETF,2972,60,2972.0,0.0,,
1449,market_research_2026-04-04_21-22-29_live_round,f974d41e6f2b44c69df8c990afaf26d2,2026-04-05T02:22:34.451505+00:00,1775355754451505000,171464776631583,175,,,ETF,2970,40,2968.5,-3.0,,
1454,market_research_2026-04-04_21-22-29_live_round,f974d41e6f2b44c69df8c990afaf26d2,2026-04-05T02:22:34.454905+00:00,1775355754454905000,171464780032458,175,,,ETF,2970,60,2969.0,-2.0,,
1582,market_research_2026-04-04_21-22-29_live_round,f974d41e6f2b44c69df8c990afaf26d2,2026-04-05T02:22:34.778751+00:00,1775355754778751000,171465103878916,175,,,ETF,2964,40,2964.0,0.0,,
1647,market_research_2026-04-04_21-22-29_live_round,f974d41e6f2b44c69df8c990afaf26d2,2026-04-05T02:22:34.980682+00:00,1775355754980682000,171465305809458,175,,,ETF,2965,40,2966.0,-2.0,,
1652,market_research_2026-04-04_21-22-29_live_round,f974d41e6f2b44c69df8c990afaf26d2,2026-04-05T02:22:34.984796+00:00,1775355754984796000,171465309924583,175,,,ETF,2965,20,2965.5,-1.0,,
1653,market_research_2026-04-04_21-22-29_live_round,f974d41e6f2b44c69df8c990afaf26d2,2026-04-05T02:22:34.985008+00:00,1775355754985008000,171465310136500,175,,,ETF,2966,40,2965.5,-1.0,,
1717,market_research_2026-04-04_21-22-29_live_round,f974d41e6f2b44c69df8c990afaf26d2,2026-04-05T02:22:35.183574+00:00,1775355755183574000,171465508701416,175,,,ETF,2967,40,2968.0,-2.0,,
1722,market_research_2026-04-04_21-22-29_live_round,f974d41e6f2b44c69df8c990afaf26d2,2026-04-05T02:22:35.187483+00:00,1775355755187483000,171465512611666,175,,,ETF,2967,60,2967.5,-1.0,,
1785,market_research_2026-04-04_21-22-29_live_round,f974d41e6f2b44c69df8c990afaf26d2,2026-04-05T02:22:35.393895+00:00,1775355755393895000,171465719024416,175,,,ETF,2967,40,2965.5,-3.0,,
1790,market_research_2026-04-04_21-22-29_live_round,f974d41e6f2b44c69df8c990afaf26d2,2026-04-05T02:22:35.397218+00:00,1775355755397218000,171465722347666,175,,,ETF,2967,40,2966.0,-2.0,,
1791,market_research_2026-04-04_21-22-29_live_round,f974d41e6f2b44c69df8c990afaf26d2,2026-04-05T02:22:35.397454+00:00,1775355755397454000,171465722583333,175,,,ETF,2966,20,2966.0,-2.0,,
1797,market_research_2026-04-04_21-22-29_live_round,f974d41e6f2b44c69df8c990afaf26d2,2026-04-05T02:22:35.400101+00:00,1775355755400101000,171465725230500,175,,,ETF,2966,80,2966.0,0.0,,
2116,market_research_2026-04-04_21-22-29_live_round,f974d41e6f2b44c69df8c990afaf26d2,2026-04-05T02:22:36.395915+00:00,1775355756395915000,171466721046125,175,,,ETF,2955,40,2955.0,0.0,,
2183,market_research_2026-04-04_21-22-29_live_round,f974d41e6f2b44c69df8c990afaf26d2,2026-04-05T02:22:36.595929+00:00,1775355756595929000,171466921061208,175,,,ETF,2954,40,2954.0,0.0,,
2253,market_research_2026-04-04_21-22-29_live_round,f974d41e6f2b44c69df8c990afaf26d2,2026-04-05T02:22:36.792019+00:00,1775355756792019000,171467117152291,175,,,ETF,2952,40,2951.0,-2.0,,
2258,market_research_2026-04-04_21-22-29_live_round,f974d41e6f2b44c69df8c990afaf26d2,2026-04-05T02:22:36.795103+00:00,1775355756795103000,171467120236750,175,,,ETF,2952,60,2951.5,-1.0,,
2585,market_research_2026-04-04_21-22-29_live_round,f974d41e6f2b44c69df8c990afaf26d2,2026-04-05T02:22:37.823227+00:00,1775355757823227000,171468148361250,175,,,ETF,2953,40,2954.0,-2.0,,
2590,market_research_2026-04-04_21-22-29_live_round,f974d41e6f2b44c69df8c990afaf26d2,2026-04-05T02:22:37.827285+00:00,1775355757827285000,171468152421500,175,,,ETF,2953,60,2953.5,-1.0,,
2654,market_research_2026-04-04_21-22-29_live_round,f974d41e6f2b44c69df8c990afaf26d2,2026-04-05T02:22:38.009167+00:00,1775355758009167000,171468334302916,175,,,ETF,2957,40,2957.5,-1.0,,
2659,market_research_2026-04-04_21-22-29_live_round,f974d41e6f2b44c69df8c990afaf26d2,2026-04-05T02:22:38.012579+00:00,1775355758012579000,171468337716333,175,,,ETF,2957,60,2957.0,0.0,,
2783,market_research_2026-04-04_21-22-29_live_round,f974d41e6f2b44c69df8c990afaf26d2,2026-04-05T02:22:38.396939+00:00,1775355758396939000,171468722075375,175,,,ETF,2964,40,2964.0,0.0,,
2916,market_research_2026-04-04_21-22-29_live_round,f974d41e6f2b44c69df8c990afaf26d2,2026-04-05T02:22:38.804026+00:00,1775355758804026000,171469129164916,175,,,ETF,2967,40,2968.5,-3.0,,
2921,market_research_2026-04-04_21-22-29_live_round,f974d41e6f2b44c69df8c990afaf26d2,2026-04-05T02:22:38.809483+00:00,1775355758809483000,171469134621958,175,,,ETF,2968,60,2968.5,-1.0,,
2984,market_research_2026-04-04_21-22-29_live_round,f974d41e6f2b44c69df8c990afaf26d2,2026-04-05T02:22:39.010100+00:00,1775355759010100000,171469335238666,175,,,ETF,2970,40,2974.0,-8.0,,
2989,market_research_2026-04-04_21-22-29_live_round,f974d41e6f2b44c69df8c990afaf26d2,2026-04-05T02:22:39.016781+00:00,1775355759016781000,171469341920833,175,,,ETF,2970,60,2973.5,-7.0,,
2994,market_research_2026-04-04_21-22-29_live_round,f974d41e6f2b44c69df8c990afaf26d2,2026-04-05T02:22:39.019678+00:00,1775355759019678000,171469344817291,175,,,ETF,2976,40,2976.0,0.0,,
3252,market_research_2026-04-04_21-22-29_live_round,f974d41e6f2b44c69df8c990afaf26d2,2026-04-05T02:22:39.808771+00:00,1775355759808771000,171470133912541,175,,,ETF,2984,40,2984.0,0.0,,
3318,market_research_2026-04-04_21-22-29_live_round,f974d41e6f2b44c69df8c990afaf26d2,2026-04-05T02:22:40.016030+00:00,1775355760016030000,171470341171500,175,,,ETF,2987,40,2990.0,-6.0,,
3323,market_research_2026-04-04_21-22-29_live_round,f974d41e6f2b44c69df8c990afaf26d2,2026-04-05T02:22:40.021215+00:00,1775355760021215000,171470346356583,175,,,ETF,2987,60,2989.5,-5.0,,
3328,market_research_2026-04-04_21-22-29_live_round,f974d41e6f2b44c69df8c990afaf26d2,2026-04-05T02:22:40.024478+00:00,1775355760024478000,171470349620583,175,,,ETF,2990,40,2990.5,-1.0,,
3329,market_research_2026-04-04_21-22-29_live_round,f974d41e6f2b44c69df8c990afaf26d2,2026-04-05T02:22:40.024580+00:00,1775355760024580000,171470349721916,175,,,ETF,2991,40,2990.5,-1.0,,
3393,market_research_2026-04-04_21-22-29_live_round,f974d41e6f2b44c69df8c990afaf26d2,2026-04-05T02:22:40.227599+00:00,1775355760227599000,171470552740708,175,,,ETF,2993,100,2997.0,-8.0,,
3394,market_research_2026-04-04_21-22-29_live_round,f974d41e6f2b44c69df8c990afaf26d2,2026-04-05T02:22:40.227899+00:00,1775355760227899000,171470553041166,175,,,ETF,2999,40,2997.0,-8.0,,
3395,market_research_2026-04-04_21-22-29_live_round,f974d41e6f2b44c69df8c990afaf26d2,2026-04-05T02:22:40.228083+00:00,1775355760228083000,171470553225291,175,,,ETF,3000,60,2997.0,-8.0,,
3463,market_research_2026-04-04_21-22-29_live_round,f974d41e6f2b44c69df8c990afaf26d2,2026-04-05T02:22:40.412826+00:00,1775355760412826000,171470737969166,175,,,ETF,2999,40,3000.0,-2.0,,
3468,market_research_2026-04-04_21-22-29_live_round,f974d41e6f2b44c69df8c990afaf26d2,2026-04-05T02:22:40.420554+00:00,1775355760420554000,171470745696500,175,,,ETF,3000,60,3000.0,0.0,,
3541,market_research_2026-04-04_21-22-29_live_round,f974d41e6f2b44c69df8c990afaf26d2,2026-04-05T02:22:40.623499+00:00,1775355760623499000,171470948641208,175,,,ETF,3002,40,3009.0,-14.0,,
3546,market_research_2026-04-04_21-22-29_live_round,f974d41e6f2b44c69df8c990afaf26d2,2026-04-05T02:22:40.627754+00:00,1775355760627754000,171470952897375,175,,,ETF,3002,60,3008.5,-13.0,,
3551,market_research_2026-04-04_21-22-29_live_round,f974d41e6f2b44c69df8c990afaf26d2,2026-04-05T02:22:40.631485+00:00,1775355760631485000,171470956628500,175,,,ETF,3007,40,3010.5,-7.0,,
3552,market_research_2026-04-04_21-22-29_live_round,f974d41e6f2b44c69df8c990afaf26d2,2026-04-05T02:22:40.631606+00:00,1775355760631606000,171470956749708,175,,,ETF,3008,40,3010.5,-7.0,,
3558,market_research_2026-04-04_21-22-29_live_round,f974d41e6f2b44c69df8c990afaf26d2,2026-04-05T02:22:40.635099+00:00,1775355760635099000,171470960242333,175,,,ETF,3008,20,3010.5,-5.0,,
3559,market_research_2026-04-04_21-22-29_live_round,f974d41e6f2b44c69df8c990afaf26d2,2026-04-05T02:22:40.635329+00:00,1775355760635329000,171470960472791,175,,,ETF,3009,80,3010.5,-5.0,,
3627,market_research_2026-04-04_21-22-29_live_round,f974d41e6f2b44c69df8c990afaf26d2,2026-04-05T02:22:40.816638+00:00,1775355760816638000,171471141782166,175,,,ETF,3010,40,3016.5,-13.0,,
3632,market_research_2026-04-04_21-22-29_live_round,f974d41e6f2b44c69df8c990afaf26d2,2026-04-05T02:22:40.822775+00:00,1775355760822775000,171471147919291,175,,,ETF,3010,60,3016.0,-12.0,,
3701,market_research_2026-04-04_21-22-29_live_round,f974d41e6f2b44c69df8c990afaf26d2,2026-04-05T02:22:41.014168+00:00,1775355761014168000,171471339311833,175,,,ETF,3025,40,3034.0,-18.0,,
3706,market_research_2026-04-04_21-22-29_live_round,f974d41e6f2b44c69df8c990afaf26d2,2026-04-05T02:22:41.020430+00:00,1775355761020430000,171471345573458,175,,,ETF,3025,60,3033.5,-17.0,,
3711,market_research_2026-04-04_21-22-29_live_round,f974d41e6f2b44c69df8c990afaf26d2,2026-04-05T02:22:41.024336+00:00,1775355761024336000,171471349481000,175,,,ETF,3029,40,3035.0,-12.0,,
3712,market_research_2026-04-04_21-22-29_live_round,f974d41e6f2b44c69df8c990afaf26d2,2026-04-05T02:22:41.024510+00:00,1775355761024510000,171471349654833,175,,,ETF,3030,40,3035.0,-12.0,,
3718,market_research_2026-04-04_21-22-29_live_round,f974d41e6f2b44c69df8c990afaf26d2,2026-04-05T02:22:41.029140+00:00,1775355761029140000,171471354284291,175,,,ETF,3030,20,3035.0,-10.0,,
3719,market_research_2026-04-04_21-22-29_live_round,f974d41e6f2b44c69df8c990afaf26d2,2026-04-05T02:22:41.029267+00:00,1775355761029267000,171471354411916,175,,,ETF,3031,80,3035.0,-10.0,,
3783,market_research_2026-04-04_21-22-29_live_round,f974d41e6f2b44c69df8c990afaf26d2,2026-04-05T02:22:41.285182+00:00,1775355761285182000,171471610325833,175,,,ETF,3032,40,3036.0,-8.0,,
3788,market_research_2026-04-04_21-22-29_live_round,f974d41e6f2b44c69df8c990afaf26d2,2026-04-05T02:22:41.288998+00:00,1775355761288998000,171471614142833,175,,,ETF,3032,60,3035.5,-7.0,,
3909,market_research_2026-04-04_21-22-29_live_round,f974d41e6f2b44c69df8c990afaf26d2,2026-04-05T02:22:41.625943+00:00,1775355761625943000,171471951088833,175,,,ETF,3037,40,3037.0,0.0,,
4042,market_research_2026-04-04_21-22-29_live_round,f974d41e6f2b44c69df8c990afaf26d2,2026-04-05T02:22:42.021680+00:00,1775355762021680000,171472346825708,175,,,ETF,3034,40,3034.5,-1.0,,
4172,market_research_2026-04-04_21-22-29_live_round,f974d41e6f2b44c69df8c990afaf26d2,2026-04-05T02:22:42.425630+00:00,1775355762425630000,171472750778625,175,,,ETF,3032,40,3031.5,-1.0,,
4177,market_research_2026-04-04_21-22-29_live_round,f974d41e6f2b44c69df8c990afaf26d2,2026-04-05T02:22:42.430513+00:00,1775355762430513000,171472755661291,175,,,ETF,3032,60,3032.0,0.0,,
4307,market_research_2026-04-04_21-22-29_live_round,f974d41e6f2b44c69df8c990afaf26d2,2026-04-05T02:22:42.855079+00:00,1775355762855079000,171473180228458,175,,,ETF,3031,40,3031.0,0.0,,
4766,market_research_2026-04-04_21-22-29_live_round,f974d41e6f2b44c69df8c990afaf26d2,2026-04-05T02:22:44.232902+00:00,1775355764232902000,171474558055208,175,,,ETF,3025,40,3026.0,-2.0,,
4771,market_research_2026-04-04_21-22-29_live_round,f974d41e6f2b44c69df8c990afaf26d2,2026-04-05T02:22:44.241986+00:00,1775355764241986000,171474567139416,175,,,ETF,3026,60,3026.0,0.0,,
4834,market_research_2026-04-04_21-22-29_live_round,f974d41e6f2b44c69df8c990afaf26d2,2026-04-05T02:22:44.439041+00:00,1775355764439041000,171474764194208,175,,,ETF,3028,40,3031.5,-7.0,,
4839,market_research_2026-04-04_21-22-29_live_round,f974d41e6f2b44c69df8c990afaf26d2,2026-04-05T02:22:44.446948+00:00,1775355764446948000,171474772101291,175,,,ETF,3028,60,3031.0,-6.0,,
4844,market_research_2026-04-04_21-22-29_live_round,f974d41e6f2b44c69df8c990afaf26d2,2026-04-05T02:22:44.449788+00:00,1775355764449788000,171474774941625,175,,,ETF,3033,40,3033.0,0.0,,
4903,market_research_2026-04-04_21-22-29_live_round,f974d41e6f2b44c69df8c990afaf26d2,2026-04-05T02:22:44.630636+00:00,1775355764630636000,171474955790166,175,,,ETF,3036,40,3036.5,-1.0,,
4908,market_research_2026-04-04_21-22-29_live_round,f974d41e6f2b44c69df8c990afaf26d2,2026-04-05T02:22:44.634702+00:00,1775355764634702000,171474959856541,175,,,ETF,3036,60,3036.0,0.0,,
4974,market_research_2026-04-04_21-22-29_live_round,f974d41e6f2b44c69df8c990afaf26d2,2026-04-05T02:22:44.760478+00:00,1775355764760478000,171475085633041,175,,,ETF,3035,80,3031.0,-8.0,,
4975,market_research_2026-04-04_21-22-29_live_round,f974d41e6f2b44c69df8c990afaf26d2,2026-04-05T02:22:44.760590+00:00,1775355764760590000,171475085744333,175,,,ETF,3034,100,3031.0,-8.0,,
4976,market_research_2026-04-04_21-22-29_live_round,f974d41e6f2b44c69df8c990afaf26d2,2026-04-05T02:22:44.760676+00:00,1775355764760676000,171475085830291,175,,,ETF,3032,20,3031.0,-8.0,,
5240,market_research_2026-04-04_21-22-29_live_round,f974d41e6f2b44c69df8c990afaf26d2,2026-04-05T02:22:45.640873+00:00,1775355765640873000,171475966029500,175,,,ETF,3031,40,3031.0,0.0,,
5310,market_research_2026-04-04_21-22-29_live_round,f974d41e6f2b44c69df8c990afaf26d2,2026-04-05T02:22:45.846711+00:00,1775355765846711000,171476171868833,175,,,ETF,3028,40,3025.0,-6.0,,
5315,market_research_2026-04-04_21-22-29_live_round,f974d41e6f2b44c69df8c990afaf26d2,2026-04-05T02:22:45.852412+00:00,1775355765852412000,171476177569958,175,,,ETF,3028,60,3025.5,-5.0,,
5320,market_research_2026-04-04_21-22-29_live_round,f974d41e6f2b44c69df8c990afaf26d2,2026-04-05T02:22:45.855353+00:00,1775355765855353000,171476180510291,175,,,ETF,3025,40,3024.5,-1.0,,
5321,market_research_2026-04-04_21-22-29_live_round,f974d41e6f2b44c69df8c990afaf26d2,2026-04-05T02:22:45.855442+00:00,1775355765855442000,171476180599791,175,,,ETF,3024,40,3024.5,-1.0,,
5445,market_research_2026-04-04_21-22-29_live_round,f974d41e6f2b44c69df8c990afaf26d2,2026-04-05T02:22:46.239868+00:00,1775355766239868000,171476565026750,175,,,ETF,3020,40,3018.0,-4.0,,
5450,market_research_2026-04-04_21-22-29_live_round,f974d41e6f2b44c69df8c990afaf26d2,2026-04-05T02:22:46.243666+00:00,1775355766243666000,171476568824208,175,,,ETF,3019,60,3018.0,-2.0,,
5455,market_research_2026-04-04_21-22-29_live_round,f974d41e6f2b44c69df8c990afaf26d2,2026-04-05T02:22:46.248138+00:00,1775355766248138000,171476573296000,175,,,ETF,3018,80,3018.0,0.0,,
5516,market_research_2026-04-04_21-22-29_live_round,f974d41e6f2b44c69df8c990afaf26d2,2026-04-05T02:22:46.533316+00:00,1775355766533316000,171476858475375,175,,,ETF,3019,40,3020.0,-2.0,,
5521,market_research_2026-04-04_21-22-29_live_round,f974d41e6f2b44c69df8c990afaf26d2,2026-04-05T02:22:46.536754+00:00,1775355766536754000,171476861913625,175,,,ETF,3019,60,3019.5,-1.0,,
5711,market_research_2026-04-04_21-22-29_live_round,f974d41e6f2b44c69df8c990afaf26d2,2026-04-05T02:22:47.048034+00:00,1775355767048034000,171477373194083,175,,,ETF,3020,40,3023.5,-7.0,,
5716,market_research_2026-04-04_21-22-29_live_round,f974d41e6f2b44c69df8c990afaf26d2,2026-04-05T02:22:47.059808+00:00,1775355767059808000,171477384968958,175,,,ETF,3021,60,3023.5,-5.0,,
5721,market_research_2026-04-04_21-22-29_live_round,f974d41e6f2b44c69df8c990afaf26d2,2026-04-05T02:22:47.063170+00:00,1775355767063170000,171477388330666,175,,,ETF,3022,80,3023.5,-3.0,,
5726,market_research_2026-04-04_21-22-29_live_round,f974d41e6f2b44c69df8c990afaf26d2,2026-04-05T02:22:47.065924+00:00,1775355767065924000,171477391085458,175,,,ETF,3023,100,3023.5,-1.0,,
5844,market_research_2026-04-04_21-22-29_live_round,f974d41e6f2b44c69df8c990afaf26d2,2026-04-05T02:22:47.469811+00:00,1775355767469811000,171477794972250,175,,,ETF,3029,40,3031.5,-5.0,,
5849,market_research_2026-04-04_21-22-29_live_round,f974d41e6f2b44c69df8c990afaf26d2,2026-04-05T02:22:47.480087+00:00,1775355767480087000,171477805249333,175,,,ETF,3030,60,3031.5,-3.0,,
5854,market_research_2026-04-04_21-22-29_live_round,f974d41e6f2b44c69df8c990afaf26d2,2026-04-05T02:22:47.483305+00:00,1775355767483305000,171477808467250,175,,,ETF,3031,80,3031.5,-1.0,,
6111,market_research_2026-04-04_21-22-29_live_round,f974d41e6f2b44c69df8c990afaf26d2,2026-04-05T02:22:48.249041+00:00,1775355768249041000,171478574204958,175,,,ETF,3039,40,3042.0,-6.0,,
6116,market_research_2026-04-04_21-22-29_live_round,f974d41e6f2b44c69df8c990afaf26d2,2026-04-05T02:22:48.256448+00:00,1775355768256448000,171478581612125,175,,,ETF,3040,60,3042.0,-4.0,,
6121,market_research_2026-04-04_21-22-29_live_round,f974d41e6f2b44c69df8c990afaf26d2,2026-04-05T02:22:48.261723+00:00,1775355768261723000,171478586887333,175,,,ETF,3040,40,3041.5,-3.0,,
6122,market_research_2026-04-04_21-22-29_live_round,f974d41e6f2b44c69df8c990afaf26d2,2026-04-05T02:22:48.262181+00:00,1775355768262181000,171478587345333,175,,,ETF,3040,40,3041.5,-3.0,,
6127,market_research_2026-04-04_21-22-29_live_round,f974d41e6f2b44c69df8c990afaf26d2,2026-04-05T02:22:48.266655+00:00,1775355768266655000,171478591818958,175,,,ETF,3040,20,3041.0,-2.0,,
6128,market_research_2026-04-04_21-22-29_live_round,f974d41e6f2b44c69df8c990afaf26d2,2026-04-05T02:22:48.266948+00:00,1775355768266948000,171478592111916,175,,,ETF,3041,80,3041.0,-2.0,,
6186,market_research_2026-04-04_21-22-29_live_round,f974d41e6f2b44c69df8c990afaf26d2,2026-04-05T02:22:48.457764+00:00,1775355768457764000,171478782928000,175,,,ETF,3042,40,3043.5,-3.0,,
6191,market_research_2026-04-04_21-22-29_live_round,f974d41e6f2b44c69df8c990afaf26d2,2026-04-05T02:22:48.467989+00:00,1775355768467989000,171478793153208,175,,,ETF,3042,60,3043.0,-2.0,,
6446,market_research_2026-04-04_21-22-29_live_round,f974d41e6f2b44c69df8c990afaf26d2,2026-04-05T02:22:49.259322+00:00,1775355769259322000,171479584488291,175,,,ETF,3045,40,3042.5,-5.0,,
6451,market_research_2026-04-04_21-22-29_live_round,f974d41e6f2b44c69df8c990afaf26d2,2026-04-05T02:22:49.264651+00:00,1775355769264651000,171479589818166,175,,,ETF,3044,60,3042.5,-3.0,,
6456,market_research_2026-04-04_21-22-29_live_round,f974d41e6f2b44c69df8c990afaf26d2,2026-04-05T02:22:49.269304+00:00,1775355769269304000,171479594470666,175,,,ETF,3043,80,3042.5,-1.0,,
6461,market_research_2026-04-04_21-22-29_live_round,f974d41e6f2b44c69df8c990afaf26d2,2026-04-05T02:22:49.274769+00:00,1775355769274769000,171479599936083,175,,,ETF,3043,100,3043.0,0.0,,
6578,market_research_2026-04-04_21-22-29_live_round,f974d41e6f2b44c69df8c990afaf26d2,2026-04-05T02:22:49.665750+00:00,1775355769665750000,171479990917416,175,,,ETF,3045,40,3045.5,-1.0,,
6842,market_research_2026-04-04_21-22-29_live_round,f974d41e6f2b44c69df8c990afaf26d2,2026-04-05T02:22:50.458959+00:00,1775355770458959000,171480784129000,175,,,ETF,3050,40,3052.0,-4.0,,
6847,market_research_2026-04-04_21-22-29_live_round,f974d41e6f2b44c69df8c990afaf26d2,2026-04-05T02:22:50.463600+00:00,1775355770463600000,171480788769583,175,,,ETF,3051,60,3052.0,-2.0,,
6852,market_research_2026-04-04_21-22-29_live_round,f974d41e6f2b44c69df8c990afaf26d2,2026-04-05T02:22:50.467609+00:00,1775355770467609000,171480792779041,175,,,ETF,3052,80,3052.0,0.0,,
6912,market_research_2026-04-04_21-22-29_live_round,f974d41e6f2b44c69df8c990afaf26d2,2026-04-05T02:22:50.720853+00:00,1775355770720853000,171481046022750,175,,,ETF,3053,40,3055.0,-4.0,,
6917,market_research_2026-04-04_21-22-29_live_round,f974d41e6f2b44c69df8c990afaf26d2,2026-04-05T02:22:50.724403+00:00,1775355770724403000,171481049573125,175,,,ETF,3053,60,3054.5,-3.0,,
7050,market_research_2026-04-04_21-22-29_live_round,f974d41e6f2b44c69df8c990afaf26d2,2026-04-05T02:22:51.079098+00:00,1775355771079098000,171481404269000,175,,,ETF,3059,40,3059.0,0.0,,
7503,market_research_2026-04-04_21-22-29_live_round,f974d41e6f2b44c69df8c990afaf26d2,2026-04-05T02:22:52.470551+00:00,1775355772470551000,171482795726041,175,,,ETF,3058,40,3057.0,-2.0,,
7508,market_research_2026-04-04_21-22-29_live_round,f974d41e6f2b44c69df8c990afaf26d2,2026-04-05T02:22:52.474926+00:00,1775355772474926000,171482800101625,175,,,ETF,3057,60,3057.0,0.0,,
7571,market_research_2026-04-04_21-22-29_live_round,f974d41e6f2b44c69df8c990afaf26d2,2026-04-05T02:22:52.703479+00:00,1775355772703479000,171483028654250,175,,,ETF,3055,40,3054.5,-1.0,,
7576,market_research_2026-04-04_21-22-29_live_round,f974d41e6f2b44c69df8c990afaf26d2,2026-04-05T02:22:52.710549+00:00,1775355772710549000,171483035725041,175,,,ETF,3055,60,3055.0,0.0,,
7703,market_research_2026-04-04_21-22-29_live_round,f974d41e6f2b44c69df8c990afaf26d2,2026-04-05T02:22:53.010144+00:00,1775355773010144000,171483335320500,175,,,ETF,3048,40,3047.5,-1.0,,
7704,market_research_2026-04-04_21-22-29_live_round,f974d41e6f2b44c69df8c990afaf26d2,2026-04-05T02:22:53.010256+00:00,1775355773010256000,171483335432958,175,,,ETF,3047,60,3047.5,-1.0,,
7773,market_research_2026-04-04_21-22-29_live_round,f974d41e6f2b44c69df8c990afaf26d2,2026-04-05T02:22:53.347355+00:00,1775355773347355000,171483672532875,175,,,ETF,3049,40,3049.0,0.0,,
7839,market_research_2026-04-04_21-22-29_live_round,f974d41e6f2b44c69df8c990afaf26d2,2026-04-05T02:22:53.479770+00:00,1775355773479770000,171483804948208,175,,,ETF,3046,40,3045.0,-2.0,,
7844,market_research_2026-04-04_21-22-29_live_round,f974d41e6f2b44c69df8c990afaf26d2,2026-04-05T02:22:53.484984+00:00,1775355773484984000,171483810162000,175,,,ETF,3046,60,3045.5,-1.0,,
7907,market_research_2026-04-04_21-22-29_live_round,f974d41e6f2b44c69df8c990afaf26d2,2026-04-05T02:22:53.679004+00:00,1775355773679004000,171484004182333,175,,,ETF,3040,40,3040.0,0.0,,
8166,market_research_2026-04-04_21-22-29_live_round,f974d41e6f2b44c69df8c990afaf26d2,2026-04-05T02:22:54.484556+00:00,1775355774484556000,171484809736208,175,,,ETF,3039,40,3040.0,-2.0,,
8171,market_research_2026-04-04_21-22-29_live_round,f974d41e6f2b44c69df8c990afaf26d2,2026-04-05T02:22:54.491040+00:00,1775355774491040000,171484816221000,175,,,ETF,3040,60,3040.0,0.0,,
8625,market_research_2026-04-04_21-22-29_live_round,f974d41e6f2b44c69df8c990afaf26d2,2026-04-05T02:22:55.966458+00:00,1775355775966458000,171486291642333,175,,,ETF,3035,40,3034.0,-2.0,,
8630,market_research_2026-04-04_21-22-29_live_round,f974d41e6f2b44c69df8c990afaf26d2,2026-04-05T02:22:55.970452+00:00,1775355775970452000,171486295636958,175,,,ETF,3034,60,3034.0,0.0,,
8754,market_research_2026-04-04_21-22-29_live_round,f974d41e6f2b44c69df8c990afaf26d2,2026-04-05T02:22:56.291383+00:00,1775355776291383000,171486616568666,175,,,ETF,3034,40,3034.0,0.0,,
8821,market_research_2026-04-04_21-22-29_live_round,f974d41e6f2b44c69df8c990afaf26d2,2026-04-05T02:22:56.501461+00:00,1775355776501461000,171486826647291,175,,,ETF,3033,40,3030.5,-5.0,,
8826,market_research_2026-04-04_21-22-29_live_round,f974d41e6f2b44c69df8c990afaf26d2,2026-04-05T02:22:56.509967+00:00,1775355776509967000,171486835152833,175,,,ETF,3033,20,3031.0,-4.0,,
8827,market_research_2026-04-04_21-22-29_live_round,f974d41e6f2b44c69df8c990afaf26d2,2026-04-05T02:22:56.510405+00:00,1775355776510405000,171486835590666,175,,,ETF,3032,40,3031.0,-4.0,,
8833,market_research_2026-04-04_21-22-29_live_round,f974d41e6f2b44c69df8c990afaf26d2,2026-04-05T02:22:56.516902+00:00,1775355776516902000,171486842087875,175,,,ETF,3032,40,3031.0,-2.0,,
8834,market_research_2026-04-04_21-22-29_live_round,f974d41e6f2b44c69df8c990afaf26d2,2026-04-05T02:22:56.516987+00:00,1775355776516987000,171486842172708,175,,,ETF,3031,40,3031.0,-2.0,,
8840,market_research_2026-04-04_21-22-29_live_round,f974d41e6f2b44c69df8c990afaf26d2,2026-04-05T02:22:56.521492+00:00,1775355776521492000,171486846678000,175,,,ETF,3031,60,3031.0,0.0,,
9025,market_research_2026-04-04_21-22-29_live_round,f974d41e6f2b44c69df8c990afaf26d2,2026-04-05T02:22:57.096963+00:00,1775355777096963000,171487422150958,175,,,ETF,3031,40,3033.0,-4.0,,
9030,market_research_2026-04-04_21-22-29_live_round,f974d41e6f2b44c69df8c990afaf26d2,2026-04-05T02:22:57.103785+00:00,1775355777103785000,171487428972208,175,,,ETF,3032,60,3033.0,-2.0,,
9035,market_research_2026-04-04_21-22-29_live_round,f974d41e6f2b44c69df8c990afaf26d2,2026-04-05T02:22:57.111514+00:00,1775355777111514000,171487436701500,175,,,ETF,3033,80,3033.0,0.0,,
9158,market_research_2026-04-04_21-22-29_live_round,f974d41e6f2b44c69df8c990afaf26d2,2026-04-05T02:22:57.551454+00:00,1775355777551454000,171487876642666,175,,,ETF,3032,40,3030.0,-4.0,,
9163,market_research_2026-04-04_21-22-29_live_round,f974d41e6f2b44c69df8c990afaf26d2,2026-04-05T02:22:57.555329+00:00,1775355777555329000,171487880517791,175,,,ETF,3032,60,3030.5,-3.0,,
9168,market_research_2026-04-04_21-22-29_live_round,f974d41e6f2b44c69df8c990afaf26d2,2026-04-05T02:22:57.559128+00:00,1775355777559128000,171487884317125,175,,,ETF,3032,40,3031.0,-2.0,,
9169,market_research_2026-04-04_21-22-29_live_round,f974d41e6f2b44c69df8c990afaf26d2,2026-04-05T02:22:57.559212+00:00,1775355777559212000,171487884400666,175,,,ETF,3031,40,3031.0,-2.0,,
9175,market_research_2026-04-04_21-22-29_live_round,f974d41e6f2b44c69df8c990afaf26d2,2026-04-05T02:22:57.563901+00:00,1775355777563901000,171487889090250,175,,,ETF,3031,20,3031.0,0.0,,
9233,market_research_2026-04-04_21-22-29_live_round,f974d41e6f2b44c69df8c990afaf26d2,2026-04-05T02:22:57.697737+00:00,1775355777697737000,171488022926041,175,,,ETF,3029,40,3020.5,-17.0,,
9238,market_research_2026-04-04_21-22-29_live_round,f974d41e6f2b44c69df8c990afaf26d2,2026-04-05T02:22:57.701477+00:00,1775355777701477000,171488026666208,175,,,ETF,3029,60,3021.0,-16.0,,
9243,market_research_2026-04-04_21-22-29_live_round,f974d41e6f2b44c69df8c990afaf26d2,2026-04-05T02:22:57.705639+00:00,1775355777705639000,171488030828125,175,,,ETF,3022,40,3018.0,-8.0,,
9244,market_research_2026-04-04_21-22-29_live_round,f974d41e6f2b44c69df8c990afaf26d2,2026-04-05T02:22:57.705726+00:00,1775355777705726000,171488030915750,175,,,ETF,3021,40,3018.0,-8.0,,
9250,market_research_2026-04-04_21-22-29_live_round,f974d41e6f2b44c69df8c990afaf26d2,2026-04-05T02:22:57.713275+00:00,1775355777713275000,171488038464250,175,,,ETF,3021,20,3018.0,-6.0,,
9251,market_research_2026-04-04_21-22-29_live_round,f974d41e6f2b44c69df8c990afaf26d2,2026-04-05T02:22:57.713766+00:00,1775355777713766000,171488038955708,175,,,ETF,3020,80,3018.0,-6.0,,
9310,market_research_2026-04-04_21-22-29_live_round,f974d41e6f2b44c69df8c990afaf26d2,2026-04-05T02:22:57.904316+00:00,1775355777904316000,171488229505458,175,,,ETF,3019,40,3015.5,-7.0,,
9315,market_research_2026-04-04_21-22-29_live_round,f974d41e6f2b44c69df8c990afaf26d2,2026-04-05T02:22:57.910340+00:00,1775355777910340000,171488235529750,175,,,ETF,3019,60,3016.0,-6.0,,
9436,market_research_2026-04-04_21-22-29_live_round,f974d41e6f2b44c69df8c990afaf26d2,2026-04-05T02:22:58.298433+00:00,1775355778298433000,171488623624000,175,,,ETF,3015,40,3015.0,0.0,,
9503,market_research_2026-04-04_21-22-29_live_round,f974d41e6f2b44c69df8c990afaf26d2,2026-04-05T02:22:58.601425+00:00,1775355778601425000,171488926616166,175,,,ETF,3019,40,3026.0,-14.0,,
9508,market_research_2026-04-04_21-22-29_live_round,f974d41e6f2b44c69df8c990afaf26d2,2026-04-05T02:22:58.606250+00:00,1775355778606250000,171488931441583,175,,,ETF,3019,60,3025.5,-13.0,,
9513,market_research_2026-04-04_21-22-29_live_round,f974d41e6f2b44c69df8c990afaf26d2,2026-04-05T02:22:58.610211+00:00,1775355778610211000,171488935402958,175,,,ETF,3021,40,3026.0,-10.0,,
9514,market_research_2026-04-04_21-22-29_live_round,f974d41e6f2b44c69df8c990afaf26d2,2026-04-05T02:22:58.610314+00:00,1775355778610314000,171488935505333,175,,,ETF,3022,40,3026.0,-10.0,,
9520,market_research_2026-04-04_21-22-29_live_round,f974d41e6f2b44c69df8c990afaf26d2,2026-04-05T02:22:58.615702+00:00,1775355778615702000,171488940893375,175,,,ETF,3022,20,3026.0,-8.0,,
9521,market_research_2026-04-04_21-22-29_live_round,f974d41e6f2b44c69df8c990afaf26d2,2026-04-05T02:22:58.615786+00:00,1775355778615786000,171488940977750,175,,,ETF,3023,80,3026.0,-8.0,,
9578,market_research_2026-04-04_21-22-29_live_round,f974d41e6f2b44c69df8c990afaf26d2,2026-04-05T02:22:58.704969+00:00,1775355778704969000,171489030160875,175,,,ETF,3024,40,3027.0,-6.0,,
9583,market_research_2026-04-04_21-22-29_live_round,f974d41e6f2b44c69df8c990afaf26d2,2026-04-05T02:22:58.712010+00:00,1775355778712010000,171489037202291,175,,,ETF,3024,60,3026.5,-5.0,,
9648,market_research_2026-04-04_21-22-29_live_round,f974d41e6f2b44c69df8c990afaf26d2,2026-04-05T02:22:58.902756+00:00,1775355778902756000,171489227948791,175,,,ETF,3036,40,3041.5,-11.0,,
9653,market_research_2026-04-04_21-22-29_live_round,f974d41e6f2b44c69df8c990afaf26d2,2026-04-05T02:22:58.910108+00:00,1775355778910108000,171489235300250,175,,,ETF,3037,60,3041.5,-9.0,,
9658,market_research_2026-04-04_21-22-29_live_round,f974d41e6f2b44c69df8c990afaf26d2,2026-04-05T02:22:58.915983+00:00,1775355778915983000,171489241175833,175,,,ETF,3038,80,3041.5,-7.0,,
9663,market_research_2026-04-04_21-22-29_live_round,f974d41e6f2b44c69df8c990afaf26d2,2026-04-05T02:22:58.922539+00:00,1775355778922539000,171489247731541,175,,,ETF,3039,100,3041.5,-5.0,,
9973,market_research_2026-04-04_21-22-29_live_round,f974d41e6f2b44c69df8c990afaf26d2,2026-04-05T02:22:59.905621+00:00,1775355779905621000,171490230816500,300,,,ETF,3049,40,3049.5,-1.0,0.6632615,
10040,market_research_2026-04-04_21-22-29_live_round,f974d41e6f2b44c69df8c990afaf26d2,2026-04-05T02:23:00.128238+00:00,1775355780128238000,171490453433625,300,,,ETF,3049,40,3047.5,-3.0,0.885878625,
10045,market_research_2026-04-04_21-22-29_live_round,f974d41e6f2b44c69df8c990afaf26d2,2026-04-05T02:23:00.137924+00:00,1775355780137924000,171490463119333,300,,,ETF,3049,20,3048.0,-2.0,0.895564333,
10046,market_research_2026-04-04_21-22-29_live_round,f974d41e6f2b44c69df8c990afaf26d2,2026-04-05T02:23:00.138416+00:00,1775355780138416000,171490463612000,300,,,ETF,3048,40,3048.0,-2.0,0.896057,
10052,market_research_2026-04-04_21-22-29_live_round,f974d41e6f2b44c69df8c990afaf26d2,2026-04-05T02:23:00.145505+00:00,1775355780145505000,171490470700541,300,,,ETF,3048,40,3048.0,0.0,0.903145541,
10112,market_research_2026-04-04_21-22-29_live_round,f974d41e6f2b44c69df8c990afaf26d2,2026-04-05T02:23:00.310165+00:00,1775355780310165000,171490635361500,300,,,ETF,3047,40,3047.0,0.0,1.0678065,
10307,market_research_2026-04-04_21-22-29_live_round,f974d41e6f2b44c69df8c990afaf26d2,2026-04-05T02:23:00.911513+00:00,1775355780911513000,171491236710958,300,,,ETF,3046,40,3047.5,-3.0,1.669155958,
10312,market_research_2026-04-04_21-22-29_live_round,f974d41e6f2b44c69df8c990afaf26d2,2026-04-05T02:23:00.915932+00:00,1775355780915932000,171491241129833,300,,,ETF,3047,60,3047.5,-1.0,1.673574833,
10375,market_research_2026-04-04_21-22-29_live_round,f974d41e6f2b44c69df8c990afaf26d2,2026-04-05T02:23:01.128061+00:00,1775355781128061000,171491453259041,300,,,ETF,3049,40,3051.5,-5.0,1.885704041,
10380,market_research_2026-04-04_21-22-29_live_round,f974d41e6f2b44c69df8c990afaf26d2,2026-04-05T02:23:01.137206+00:00,1775355781137206000,171491462404375,300,,,ETF,3049,60,3051.0,-4.0,1.894849375,
10511,market_research_2026-04-04_21-22-29_live_round,f974d41e6f2b44c69df8c990afaf26d2,2026-04-05T02:23:01.618030+00:00,1775355781618030000,171491943229041,300,,,ETF,3060,40,3060.0,0.0,2.375674041,
10776,market_research_2026-04-04_21-22-29_live_round,f974d41e6f2b44c69df8c990afaf26d2,2026-04-05T02:23:02.328143+00:00,1775355782328143000,171492653345041,300,,,ETF,3055,40,3055.0,0.0,3.085790041,
10973,market_research_2026-04-04_21-22-29_live_round,f974d41e6f2b44c69df8c990afaf26d2,2026-04-05T02:23:02.931035+00:00,1775355782931035000,171493256238291,300,,,ETF,3050,40,3045.5,-9.0,3.688683291,
10978,market_research_2026-04-04_21-22-29_live_round,f974d41e6f2b44c69df8c990afaf26d2,2026-04-05T02:23:02.936600+00:00,1775355782936600000,171493261802875,300,,,ETF,3049,60,3045.5,-7.0,3.694247875,
10983,market_research_2026-04-04_21-22-29_live_round,f974d41e6f2b44c69df8c990afaf26d2,2026-04-05T02:23:02.942683+00:00,1775355782942683000,171493267886583,300,,,ETF,3048,80,3045.5,-5.0,3.700331583,
10988,market_research_2026-04-04_21-22-29_live_round,f974d41e6f2b44c69df8c990afaf26d2,2026-04-05T02:23:02.948714+00:00,1775355782948714000,171493273917416,300,,,ETF,3048,100,3046.0,-4.0,3.706362416,
11050,market_research_2026-04-04_21-22-29_live_round,f974d41e6f2b44c69df8c990afaf26d2,2026-04-05T02:23:03.193265+00:00,1775355783193265000,171493518469041,300,,,ETF,3047,40,3045.5,-3.0,3.950914041,
11055,market_research_2026-04-04_21-22-29_live_round,f974d41e6f2b44c69df8c990afaf26d2,2026-04-05T02:23:03.197641+00:00,1775355783197641000,171493522844958,300,,,ETF,3047,60,3046.0,-2.0,3.955289958,
11442,market_research_2026-04-04_21-22-29_live_round,f974d41e6f2b44c69df8c990afaf26d2,2026-04-05T02:23:04.331955+00:00,1775355784331955000,171494657161416,300,,,ETF,3021,40,3019.5,-3.0,5.089606416,
11447,market_research_2026-04-04_21-22-29_live_round,f974d41e6f2b44c69df8c990afaf26d2,2026-04-05T02:23:04.340328+00:00,1775355784340328000,171494665534416,300,,,ETF,3021,60,3020.0,-2.0,5.097979416,
11452,market_research_2026-04-04_21-22-29_live_round,f974d41e6f2b44c69df8c990afaf26d2,2026-04-05T02:23:04.350018+00:00,1775355784350018000,171494675225333,300,,,ETF,3021,40,3020.5,-1.0,5.107670333,
11453,market_research_2026-04-04_21-22-29_live_round,f974d41e6f2b44c69df8c990afaf26d2,2026-04-05T02:23:04.350604+00:00,1775355784350604000,171494675811166,300,,,ETF,3020,40,3020.5,-1.0,5.108256166,
11519,market_research_2026-04-04_21-22-29_live_round,f974d41e6f2b44c69df8c990afaf26d2,2026-04-05T02:23:04.537183+00:00,1775355784537183000,171494862390750,300,,,ETF,3018,40,3014.0,-8.0,5.29483575,
11524,market_research_2026-04-04_21-22-29_live_round,f974d41e6f2b44c69df8c990afaf26d2,2026-04-05T02:23:04.543811+00:00,1775355784543811000,171494869018416,300,,,ETF,3018,60,3014.5,-7.0,5.301463416,
11529,market_research_2026-04-04_21-22-29_live_round,f974d41e6f2b44c69df8c990afaf26d2,2026-04-05T02:23:04.549453+00:00,1775355784549453000,171494874660416,300,,,ETF,3012,40,3012.0,0.0,5.307105416,
11659,market_research_2026-04-04_21-22-29_live_round,f974d41e6f2b44c69df8c990afaf26d2,2026-04-05T02:23:04.939321+00:00,1775355784939321000,171495264529416,300,,,ETF,3006,40,3004.5,-3.0,5.696974416,
11664,market_research_2026-04-04_21-22-29_live_round,f974d41e6f2b44c69df8c990afaf26d2,2026-04-05T02:23:04.944116+00:00,1775355784944116000,171495269324291,300,,,ETF,3005,60,3004.5,-1.0,5.701769291,
11730,market_research_2026-04-04_21-22-29_live_round,f974d41e6f2b44c69df8c990afaf26d2,2026-04-05T02:23:05.204968+00:00,1775355785204968000,171495530176541,300,,,ETF,3003,40,3000.5,-5.0,5.962621541,
11735,market_research_2026-04-04_21-22-29_live_round,f974d41e6f2b44c69df8c990afaf26d2,2026-04-05T02:23:05.219697+00:00,1775355785219697000,171495544906500,300,,,ETF,3003,60,3001.0,-4.0,5.9773515,
11806,market_research_2026-04-04_21-22-29_live_round,f974d41e6f2b44c69df8c990afaf26d2,2026-04-05T02:23:05.350095+00:00,1775355785350095000,171495675304125,300,,,ETF,2994,40,2993.5,-1.0,6.107749125,
11811,market_research_2026-04-04_21-22-29_live_round,f974d41e6f2b44c69df8c990afaf26d2,2026-04-05T02:23:05.357163+00:00,1775355785357163000,171495682372750,300,,,ETF,2994,60,2994.0,0.0,6.11481775,
11875,market_research_2026-04-04_21-22-29_live_round,f974d41e6f2b44c69df8c990afaf26d2,2026-04-05T02:23:05.536074+00:00,1775355785536074000,171495861284083,300,,,ETF,2989,40,2986.5,-5.0,6.293729083,
11880,market_research_2026-04-04_21-22-29_live_round,f974d41e6f2b44c69df8c990afaf26d2,2026-04-05T02:23:05.541166+00:00,1775355785541166000,171495866376458,300,,,ETF,2989,60,2987.0,-4.0,6.298821458,
11885,market_research_2026-04-04_21-22-29_live_round,f974d41e6f2b44c69df8c990afaf26d2,2026-04-05T02:23:05.545796+00:00,1775355785545796000,171495871006166,300,,,ETF,2987,40,2986.5,-1.0,6.303451166,
11886,market_research_2026-04-04_21-22-29_live_round,f974d41e6f2b44c69df8c990afaf26d2,2026-04-05T02:23:05.545879+00:00,1775355785545879000,171495871089541,300,,,ETF,2986,40,2986.5,-1.0,6.303534541,
11956,market_research_2026-04-04_21-22-29_live_round,f974d41e6f2b44c69df8c990afaf26d2,2026-04-05T02:23:05.804942+00:00,1775355785804942000,171496130152458,300,,,ETF,2984,40,2982.5,-3.0,6.562597458,
11961,market_research_2026-04-04_21-22-29_live_round,f974d41e6f2b44c69df8c990afaf26d2,2026-04-05T02:23:05.814819+00:00,1775355785814819000,171496140029625,300,,,ETF,2984,60,2983.0,-2.0,6.572474625,
12167,market_research_2026-04-04_21-22-29_live_round,f974d41e6f2b44c69df8c990afaf26d2,2026-04-05T02:23:06.302486+00:00,1775355786302486000,171496627697833,300,,,ETF,2967,40,2960.0,-14.0,7.060142833,
12168,market_research_2026-04-04_21-22-29_live_round,f974d41e6f2b44c69df8c990afaf26d2,2026-04-05T02:23:06.302621+00:00,1775355786302621000,171496627833208,300,,,ETF,2967,100,2960.0,-14.0,7.060278208,
12169,market_research_2026-04-04_21-22-29_live_round,f974d41e6f2b44c69df8c990afaf26d2,2026-04-05T02:23:06.302721+00:00,1775355786302721000,171496627933416,300,,,ETF,2966,60,2960.0,-14.0,7.060378416,
12177,market_research_2026-04-04_21-22-29_live_round,f974d41e6f2b44c69df8c990afaf26d2,2026-04-05T02:23:06.349505+00:00,1775355786349505000,171496674716875,300,,,ETF,2965,40,2963.0,-4.0,7.107161875,
12182,market_research_2026-04-04_21-22-29_live_round,f974d41e6f2b44c69df8c990afaf26d2,2026-04-05T02:23:06.355644+00:00,1775355786355644000,171496680856208,300,,,ETF,2965,40,2963.5,-3.0,7.113301208,
12183,market_research_2026-04-04_21-22-29_live_round,f974d41e6f2b44c69df8c990afaf26d2,2026-04-05T02:23:06.355748+00:00,1775355786355748000,171496680960708,300,,,ETF,2964,20,2963.5,-3.0,7.113405708,
12189,market_research_2026-04-04_21-22-29_live_round,f974d41e6f2b44c69df8c990afaf26d2,2026-04-05T02:23:06.362310+00:00,1775355786362310000,171496687522375,300,,,ETF,2964,80,2963.5,-1.0,7.119967375,
12250,market_research_2026-04-04_21-22-29_live_round,f974d41e6f2b44c69df8c990afaf26d2,2026-04-05T02:23:06.543068+00:00,1775355786543068000,171496868280375,300,,,ETF,2955,40,2952.5,-5.0,7.300725375,
12255,market_research_2026-04-04_21-22-29_live_round,f974d41e6f2b44c69df8c990afaf26d2,2026-04-05T02:23:06.547918+00:00,1775355786547918000,171496873131458,300,,,ETF,2954,60,2952.5,-3.0,7.305576458,
12260,market_research_2026-04-04_21-22-29_live_round,f974d41e6f2b44c69df8c990afaf26d2,2026-04-05T02:23:06.552778+00:00,1775355786552778000,171496877990625,300,,,ETF,2953,80,2952.5,-1.0,7.310435625,
12319,market_research_2026-04-04_21-22-29_live_round,f974d41e6f2b44c69df8c990afaf26d2,2026-04-05T02:23:06.898261+00:00,1775355786898261000,171497223474416,300,,,ETF,2952,40,2947.5,-9.0,7.655919416,
12324,market_research_2026-04-04_21-22-29_live_round,f974d41e6f2b44c69df8c990afaf26d2,2026-04-05T02:23:06.903234+00:00,1775355786903234000,171497228448291,300,,,ETF,2952,60,2948.0,-8.0,7.660893291,
12392,market_research_2026-04-04_21-22-29_live_round,f974d41e6f2b44c69df8c990afaf26d2,2026-04-05T02:23:07.012742+00:00,1775355787012742000,171497337956250,300,,,ETF,2941,40,2934.5,-13.0,7.77040125,
12397,market_research_2026-04-04_21-22-29_live_round,f974d41e6f2b44c69df8c990afaf26d2,2026-04-05T02:23:07.017565+00:00,1775355787017565000,171497342778750,300,,,ETF,2941,60,2935.0,-12.0,7.77522375,
12402,market_research_2026-04-04_21-22-29_live_round,f974d41e6f2b44c69df8c990afaf26d2,2026-04-05T02:23:07.022414+00:00,1775355787022414000,171497347628125,300,,,ETF,2937,40,2933.5,-7.0,7.780073125,
12403,market_research_2026-04-04_21-22-29_live_round,f974d41e6f2b44c69df8c990afaf26d2,2026-04-05T02:23:07.022504+00:00,1775355787022504000,171497347717875,300,,,ETF,2936,40,2933.5,-7.0,7.780162875,
12409,market_research_2026-04-04_21-22-29_live_round,f974d41e6f2b44c69df8c990afaf26d2,2026-04-05T02:23:07.028514+00:00,1775355787028514000,171497353728125,300,,,ETF,2936,20,2933.5,-5.0,7.786173125,
12410,market_research_2026-04-04_21-22-29_live_round,f974d41e6f2b44c69df8c990afaf26d2,2026-04-05T02:23:07.028617+00:00,1775355787028617000,171497353830833,300,,,ETF,2935,80,2933.5,-5.0,7.786275833,
12469,market_research_2026-04-04_21-22-29_live_round,f974d41e6f2b44c69df8c990afaf26d2,2026-04-05T02:23:07.146787+00:00,1775355787146787000,171497472001833,300,,,ETF,2934,40,2926.5,-15.0,7.904446833,
12474,market_research_2026-04-04_21-22-29_live_round,f974d41e6f2b44c69df8c990afaf26d2,2026-04-05T02:23:07.153780+00:00,1775355787153780000,171497478994416,300,,,ETF,2934,60,2927.0,-14.0,7.911439416,
12479,market_research_2026-04-04_21-22-29_live_round,f974d41e6f2b44c69df8c990afaf26d2,2026-04-05T02:23:07.160708+00:00,1775355787160708000,171497485922500,300,,,ETF,2922,40,2921.5,-1.0,7.9183675,
12480,market_research_2026-04-04_21-22-29_live_round,f974d41e6f2b44c69df8c990afaf26d2,2026-04-05T02:23:07.160791+00:00,1775355787160791000,171497486005625,300,,,ETF,2921,40,2921.5,-1.0,7.918450625,
12548,market_research_2026-04-04_21-22-29_live_round,f974d41e6f2b44c69df8c990afaf26d2,2026-04-05T02:23:07.365147+00:00,1775355787365147000,171497690362166,300,,,ETF,2919,40,2917.5,-3.0,8.122807166,
12553,market_research_2026-04-04_21-22-29_live_round,f974d41e6f2b44c69df8c990afaf26d2,2026-04-05T02:23:07.372195+00:00,1775355787372195000,171497697410250,300,,,ETF,2919,60,2918.0,-2.0,8.12985525,
12680,market_research_2026-04-04_21-22-29_live_round,f974d41e6f2b44c69df8c990afaf26d2,2026-04-05T02:23:07.793101+00:00,1775355787793101000,171498118317083,300,,,ETF,2907,40,2899.5,-15.0,8.550762083,
12685,market_research_2026-04-04_21-22-29_live_round,f974d41e6f2b44c69df8c990afaf26d2,2026-04-05T02:23:07.810064+00:00,1775355787810064000,171498135280333,300,,,ETF,2907,60,2900.0,-14.0,8.567725333,
12690,market_research_2026-04-04_21-22-29_live_round,f974d41e6f2b44c69df8c990afaf26d2,2026-04-05T02:23:07.818001+00:00,1775355787818001000,171498143217541,300,,,ETF,2906,40,2900.0,-12.0,8.575662541,
12691,market_research_2026-04-04_21-22-29_live_round,f974d41e6f2b44c69df8c990afaf26d2,2026-04-05T02:23:07.818100+00:00,1775355787818100000,171498143316333,300,,,ETF,2905,40,2900.0,-12.0,8.575761333,
12697,market_research_2026-04-04_21-22-29_live_round,f974d41e6f2b44c69df8c990afaf26d2,2026-04-05T02:23:07.824589+00:00,1775355787824589000,171498149804791,300,,,ETF,2905,20,2900.0,-10.0,8.582249791,
12698,market_research_2026-04-04_21-22-29_live_round,f974d41e6f2b44c69df8c990afaf26d2,2026-04-05T02:23:07.824687+00:00,1775355787824687000,171498149903208,300,,,ETF,2904,80,2900.0,-10.0,8.582348208,
12763,market_research_2026-04-04_21-22-29_live_round,f974d41e6f2b44c69df8c990afaf26d2,2026-04-05T02:23:07.958215+00:00,1775355787958215000,171498283431125,300,,,ETF,2903,40,2894.0,-18.0,8.715876125,
12768,market_research_2026-04-04_21-22-29_live_round,f974d41e6f2b44c69df8c990afaf26d2,2026-04-05T02:23:07.965364+00:00,1775355787965364000,171498290580250,300,,,ETF,2903,60,2894.5,-17.0,8.72302525,
12834,market_research_2026-04-04_21-22-29_live_round,f974d41e6f2b44c69df8c990afaf26d2,2026-04-05T02:23:08.153332+00:00,1775355788153332000,171498478549458,300,,,ETF,2883,40,2881.0,-4.0,8.910994458,
12839,market_research_2026-04-04_21-22-29_live_round,f974d41e6f2b44c69df8c990afaf26d2,2026-04-05T02:23:08.158884+00:00,1775355788158884000,171498484101000,300,,,ETF,2883,60,2881.5,-3.0,8.916546,
13176,market_research_2026-04-04_21-22-29_live_round,f974d41e6f2b44c69df8c990afaf26d2,2026-04-05T02:23:09.156074+00:00,1775355789156074000,171499481294125,300,,,ETF,2875,40,2878.5,-7.0,9.913739125,
13181,market_research_2026-04-04_21-22-29_live_round,f974d41e6f2b44c69df8c990afaf26d2,2026-04-05T02:23:09.161261+00:00,1775355789161261000,171499486481000,300,,,ETF,2876,60,2878.5,-5.0,9.918926,
13186,market_research_2026-04-04_21-22-29_live_round,f974d41e6f2b44c69df8c990afaf26d2,2026-04-05T02:23:09.166437+00:00,1775355789166437000,171499491657041,300,,,ETF,2877,80,2878.5,-3.0,9.924102041,
13191,market_research_2026-04-04_21-22-29_live_round,f974d41e6f2b44c69df8c990afaf26d2,2026-04-05T02:23:09.171568+00:00,1775355789171568000,171499496787791,300,,,ETF,2878,100,2878.5,-1.0,9.929232791,
13437,market_research_2026-04-04_21-22-29_live_round,f974d41e6f2b44c69df8c990afaf26d2,2026-04-05T02:23:09.981695+00:00,1775355789981695000,171500306917416,300,,,ETF,2875,40,2877.0,-4.0,10.739362416,
13442,market_research_2026-04-04_21-22-29_live_round,f974d41e6f2b44c69df8c990afaf26d2,2026-04-05T02:23:09.994423+00:00,1775355789994423000,171500319645333,300,,,ETF,2876,60,2877.0,-2.0,10.752090333,
13447,market_research_2026-04-04_21-22-29_live_round,f974d41e6f2b44c69df8c990afaf26d2,2026-04-05T02:23:10.002109+00:00,1775355790002109000,171500327331583,300,,,ETF,2877,80,2877.0,0.0,10.759776583,
13507,market_research_2026-04-04_21-22-29_live_round,f974d41e6f2b44c69df8c990afaf26d2,2026-04-05T02:23:10.161341+00:00,1775355790161341000,171500486563958,300,,,ETF,2878,40,2882.0,-8.0,10.919008958,
13512,market_research_2026-04-04_21-22-29_live_round,f974d41e6f2b44c69df8c990afaf26d2,2026-04-05T02:23:10.166552+00:00,1775355790166552000,171500491774375,300,,,ETF,2878,60,2881.5,-7.0,10.924219375,
13573,market_research_2026-04-04_21-22-29_live_round,f974d41e6f2b44c69df8c990afaf26d2,2026-04-05T02:23:10.375401+00:00,1775355790375401000,171500700624333,300,,,ETF,2888,40,2889.5,-3.0,11.133069333,
13578,market_research_2026-04-04_21-22-29_live_round,f974d41e6f2b44c69df8c990afaf26d2,2026-04-05T02:23:10.387687+00:00,1775355790387687000,171500712909750,300,,,ETF,2888,60,2889.0,-2.0,11.14535475,
13645,market_research_2026-04-04_21-22-29_live_round,f974d41e6f2b44c69df8c990afaf26d2,2026-04-05T02:23:10.573444+00:00,1775355790573444000,171500898668041,300,,,ETF,2895,40,2895.0,0.0,11.331113041,
13713,market_research_2026-04-04_21-22-29_live_round,f974d41e6f2b44c69df8c990afaf26d2,2026-04-05T02:23:10.763694+00:00,1775355790763694000,171501088918250,300,,,ETF,2900,40,2900.0,0.0,11.52136325,
13792,market_research_2026-04-04_21-22-29_live_round,f974d41e6f2b44c69df8c990afaf26d2,2026-04-05T02:23:11.041275+00:00,1775355791041275000,171501366499833,300,,,ETF,2904,40,2911.0,-14.0,11.798944833,
13797,market_research_2026-04-04_21-22-29_live_round,f974d41e6f2b44c69df8c990afaf26d2,2026-04-05T02:23:11.049836+00:00,1775355791049836000,171501375061416,300,,,ETF,2904,60,2910.5,-13.0,11.807506416,
13802,market_research_2026-04-04_21-22-29_live_round,f974d41e6f2b44c69df8c990afaf26d2,2026-04-05T02:23:11.055155+00:00,1775355791055155000,171501380379750,300,,,ETF,2906,40,2911.0,-10.0,11.81282475,
13803,market_research_2026-04-04_21-22-29_live_round,f974d41e6f2b44c69df8c990afaf26d2,2026-04-05T02:23:11.055250+00:00,1775355791055250000,171501380474916,300,,,ETF,2907,40,2911.0,-10.0,11.812919916,
13809,market_research_2026-04-04_21-22-29_live_round,f974d41e6f2b44c69df8c990afaf26d2,2026-04-05T02:23:11.061811+00:00,1775355791061811000,171501387035625,300,,,ETF,2907,20,2911.0,-8.0,11.819480625,
13810,market_research_2026-04-04_21-22-29_live_round,f974d41e6f2b44c69df8c990afaf26d2,2026-04-05T02:23:11.061902+00:00,1775355791061902000,171501387127125,300,,,ETF,2908,80,2911.0,-8.0,11.819572125,
13876,market_research_2026-04-04_21-22-29_live_round,f974d41e6f2b44c69df8c990afaf26d2,2026-04-05T02:23:11.171944+00:00,1775355791171944000,171501497168708,300,,,ETF,2909,40,2917.0,-16.0,11.929613708,
13881,market_research_2026-04-04_21-22-29_live_round,f974d41e6f2b44c69df8c990afaf26d2,2026-04-05T02:23:11.182081+00:00,1775355791182081000,171501507306500,300,,,ETF,2909,60,2916.5,-15.0,11.9397515,
13948,market_research_2026-04-04_21-22-29_live_round,f974d41e6f2b44c69df8c990afaf26d2,2026-04-05T02:23:11.382591+00:00,1775355791382591000,171501707816666,300,,,ETF,2927,40,2928.0,-2.0,12.140261666,
13953,market_research_2026-04-04_21-22-29_live_round,f974d41e6f2b44c69df8c990afaf26d2,2026-04-05T02:23:11.394338+00:00,1775355791394338000,171501719563833,300,,,ETF,2927,60,2927.5,-1.0,12.152008833,
14015,market_research_2026-04-04_21-22-29_live_round,f974d41e6f2b44c69df8c990afaf26d2,2026-04-05T02:23:11.575786+00:00,1775355791575786000,171501901012750,300,,,ETF,2934,40,2934.5,-1.0,12.33345775,
14020,market_research_2026-04-04_21-22-29_live_round,f974d41e6f2b44c69df8c990afaf26d2,2026-04-05T02:23:11.590722+00:00,1775355791590722000,171501915948416,300,,,ETF,2934,60,2934.0,0.0,12.348393416,
14080,market_research_2026-04-04_21-22-29_live_round,f974d41e6f2b44c69df8c990afaf26d2,2026-04-05T02:23:11.768126+00:00,1775355791768126000,171502093352666,300,,,ETF,2938,40,2939.5,-3.0,12.525797666,
14085,market_research_2026-04-04_21-22-29_live_round,f974d41e6f2b44c69df8c990afaf26d2,2026-04-05T02:23:11.774765+00:00,1775355791774765000,171502099991708,300,,,ETF,2938,60,2939.0,-2.0,12.532436708,
14277,market_research_2026-04-04_21-22-29_live_round,f974d41e6f2b44c69df8c990afaf26d2,2026-04-05T02:23:12.378115+00:00,1775355792378115000,171502703342916,300,,,ETF,2950,40,2951.0,-2.0,13.135787916,
14282,market_research_2026-04-04_21-22-29_live_round,f974d41e6f2b44c69df8c990afaf26d2,2026-04-05T02:23:12.387371+00:00,1775355792387371000,171502712599416,300,,,ETF,2950,60,2950.5,-1.0,13.145044416,
14348,market_research_2026-04-04_21-22-29_live_round,f974d41e6f2b44c69df8c990afaf26d2,2026-04-05T02:23:12.629074+00:00,1775355792629074000,171502954303541,300,,,ETF,2955,40,2955.0,0.0,13.386748541,
14547,market_research_2026-04-04_21-22-29_live_round,f974d41e6f2b44c69df8c990afaf26d2,2026-04-05T02:23:13.191204+00:00,1775355793191204000,171503516434875,300,,,ETF,2959,40,2957.5,-3.0,13.948879875,
14552,market_research_2026-04-04_21-22-29_live_round,f974d41e6f2b44c69df8c990afaf26d2,2026-04-05T02:23:13.201871+00:00,1775355793201871000,171503527101333,300,,,ETF,2958,60,2957.5,-1.0,13.959546333,
14616,market_research_2026-04-04_21-22-29_live_round,f974d41e6f2b44c69df8c990afaf26d2,2026-04-05T02:23:13.378481+00:00,1775355793378481000,171503703712083,300,,,ETF,2956,40,2950.0,-12.0,14.136157083,
14621,market_research_2026-04-04_21-22-29_live_round,f974d41e6f2b44c69df8c990afaf26d2,2026-04-05T02:23:13.384612+00:00,1775355793384612000,171503709842750,300,,,ETF,2956,60,2950.5,-11.0,14.14228775,
14626,market_research_2026-04-04_21-22-29_live_round,f974d41e6f2b44c69df8c990afaf26d2,2026-04-05T02:23:13.390384+00:00,1775355793390384000,171503715615208,300,,,ETF,2950,40,2948.0,-4.0,14.148060208,
14627,market_research_2026-04-04_21-22-29_live_round,f974d41e6f2b44c69df8c990afaf26d2,2026-04-05T02:23:13.390482+00:00,1775355793390482000,171503715713666,300,,,ETF,2949,40,2948.0,-4.0,14.148158666,
14633,market_research_2026-04-04_21-22-29_live_round,f974d41e6f2b44c69df8c990afaf26d2,2026-04-05T02:23:13.397429+00:00,1775355793397429000,171503722659833,300,,,ETF,2949,20,2948.0,-2.0,14.155104833,
14634,market_research_2026-04-04_21-22-29_live_round,f974d41e6f2b44c69df8c990afaf26d2,2026-04-05T02:23:13.397520+00:00,1775355793397520000,171503722751041,300,,,ETF,2948,80,2948.0,-2.0,14.155196041,
14751,market_research_2026-04-04_21-22-29_live_round,f974d41e6f2b44c69df8c990afaf26d2,2026-04-05T02:23:13.784807+00:00,1775355793784807000,171504110039625,300,,,ETF,2948,40,2947.0,-2.0,14.542484625,
14756,market_research_2026-04-04_21-22-29_live_round,f974d41e6f2b44c69df8c990afaf26d2,2026-04-05T02:23:13.792378+00:00,1775355793792378000,171504117610541,300,,,ETF,2947,60,2947.0,0.0,14.550055541,
14818,market_research_2026-04-04_21-22-29_live_round,f974d41e6f2b44c69df8c990afaf26d2,2026-04-05T02:23:13.996531+00:00,1775355793996531000,171504321764041,300,,,ETF,2945,40,2944.0,-2.0,14.754209041,
14823,market_research_2026-04-04_21-22-29_live_round,f974d41e6f2b44c69df8c990afaf26d2,2026-04-05T02:23:14.005254+00:00,1775355794005254000,171504330487166,300,,,ETF,2945,60,2944.5,-1.0,14.762932166,
15079,market_research_2026-04-04_21-22-29_live_round,f974d41e6f2b44c69df8c990afaf26d2,2026-04-05T02:23:14.789626+00:00,1775355794789626000,171505114861250,375,,,ETF,2949,40,2949.5,-1.0,15.54730625,
15084,market_research_2026-04-04_21-22-29_live_round,f974d41e6f2b44c69df8c990afaf26d2,2026-04-05T02:23:14.797779+00:00,1775355794797779000,171505123014166,375,,,ETF,2949,60,2949.0,0.0,15.555459166,
15148,market_research_2026-04-04_21-22-29_live_round,f974d41e6f2b44c69df8c990afaf26d2,2026-04-05T02:23:14.989170+00:00,1775355794989170000,171505314405375,375,,,ETF,2952,40,2953.5,-3.0,15.746850375,
15153,market_research_2026-04-04_21-22-29_live_round,f974d41e6f2b44c69df8c990afaf26d2,2026-04-05T02:23:14.997837+00:00,1775355794997837000,171505323071958,375,,,ETF,2952,60,2953.0,-2.0,15.755516958,
15282,market_research_2026-04-04_21-22-29_live_round,f974d41e6f2b44c69df8c990afaf26d2,2026-04-05T02:23:15.400330+00:00,1775355795400330000,171505725566458,375,,,ETF,2952,40,2948.5,-7.0,16.158011458,
15287,market_research_2026-04-04_21-22-29_live_round,f974d41e6f2b44c69df8c990afaf26d2,2026-04-05T02:23:15.409887+00:00,1775355795409887000,171505735123625,375,,,ETF,2952,60,2949.0,-6.0,16.167568625,
15292,market_research_2026-04-04_21-22-29_live_round,f974d41e6f2b44c69df8c990afaf26d2,2026-04-05T02:23:15.416335+00:00,1775355795416335000,171505741571958,375,,,ETF,2950,40,2948.5,-3.0,16.174016958,
15293,market_research_2026-04-04_21-22-29_live_round,f974d41e6f2b44c69df8c990afaf26d2,2026-04-05T02:23:15.416430+00:00,1775355795416430000,171505741667083,375,,,ETF,2949,40,2948.5,-3.0,16.174112083,
15299,market_research_2026-04-04_21-22-29_live_round,f974d41e6f2b44c69df8c990afaf26d2,2026-04-05T02:23:15.426718+00:00,1775355795426718000,171505751954500,375,,,ETF,2949,20,2948.5,-1.0,16.1843995,
15300,market_research_2026-04-04_21-22-29_live_round,f974d41e6f2b44c69df8c990afaf26d2,2026-04-05T02:23:15.426811+00:00,1775355795426811000,171505752047541,375,,,ETF,2948,80,2948.5,-1.0,16.184492541,
15358,market_research_2026-04-04_21-22-29_live_round,f974d41e6f2b44c69df8c990afaf26d2,2026-04-05T02:23:15.600607+00:00,1775355795600607000,171505925844458,375,,,ETF,2947,40,2944.0,-6.0,16.358289458,
15363,market_research_2026-04-04_21-22-29_live_round,f974d41e6f2b44c69df8c990afaf26d2,2026-04-05T02:23:15.610172+00:00,1775355795610172000,171505935409208,375,,,ETF,2947,60,2944.5,-5.0,16.367854208,
15430,market_research_2026-04-04_21-22-29_live_round,f974d41e6f2b44c69df8c990afaf26d2,2026-04-05T02:23:15.805715+00:00,1775355795805715000,171506130952250,375,,,ETF,2943,40,2943.5,-1.0,16.56339725,
15435,market_research_2026-04-04_21-22-29_live_round,f974d41e6f2b44c69df8c990afaf26d2,2026-04-05T02:23:15.820998+00:00,1775355795820998000,171506146235583,375,,,ETF,2943,40,2943.0,0.0,16.578680583,
15562,market_research_2026-04-04_21-22-29_live_round,f974d41e6f2b44c69df8c990afaf26d2,2026-04-05T02:23:16.308585+00:00,1775355796308585000,171506633824041,375,,,ETF,2941,40,2941.0,0.0,17.066269041,
15629,market_research_2026-04-04_21-22-29_live_round,f974d41e6f2b44c69df8c990afaf26d2,2026-04-05T02:23:16.417803+00:00,1775355796417803000,171506743042625,375,,,ETF,2936,40,2932.5,-7.0,17.175487625,
15634,market_research_2026-04-04_21-22-29_live_round,f974d41e6f2b44c69df8c990afaf26d2,2026-04-05T02:23:16.425571+00:00,1775355796425571000,171506750810500,375,,,ETF,2936,60,2933.0,-6.0,17.1832555,
15639,market_research_2026-04-04_21-22-29_live_round,f974d41e6f2b44c69df8c990afaf26d2,2026-04-05T02:23:16.434011+00:00,1775355796434011000,171506759250375,375,,,ETF,2935,40,2933.0,-4.0,17.191695375,
15640,market_research_2026-04-04_21-22-29_live_round,f974d41e6f2b44c69df8c990afaf26d2,2026-04-05T02:23:16.434102+00:00,1775355796434102000,171506759341500,375,,,ETF,2934,40,2933.0,-4.0,17.1917865,
15646,market_research_2026-04-04_21-22-29_live_round,f974d41e6f2b44c69df8c990afaf26d2,2026-04-05T02:23:16.444653+00:00,1775355796444653000,171506769892000,375,,,ETF,2934,20,2933.0,-2.0,17.202337,
15647,market_research_2026-04-04_21-22-29_live_round,f974d41e6f2b44c69df8c990afaf26d2,2026-04-05T02:23:16.444765+00:00,1775355796444765000,171506770004583,375,,,ETF,2933,80,2933.0,-2.0,17.202449583,
15765,market_research_2026-04-04_21-22-29_live_round,f974d41e6f2b44c69df8c990afaf26d2,2026-04-05T02:23:16.819041+00:00,1775355796819041000,171507144281500,375,,,ETF,2936,40,2936.0,0.0,17.5767265,
16025,market_research_2026-04-04_21-22-29_live_round,f974d41e6f2b44c69df8c990afaf26d2,2026-04-05T02:23:17.604724+00:00,1775355797604724000,171507929966291,375,,,ETF,2933,40,2932.5,-1.0,18.362411291,
16090,market_research_2026-04-04_21-22-29_live_round,f974d41e6f2b44c69df8c990afaf26d2,2026-04-05T02:23:17.859502+00:00,1775355797859502000,171508184744833,375,,,ETF,2933,40,2935.5,-5.0,18.617189833,
16095,market_research_2026-04-04_21-22-29_live_round,f974d41e6f2b44c69df8c990afaf26d2,2026-04-05T02:23:17.873752+00:00,1775355797873752000,171508198995083,375,,,ETF,2933,20,2935.0,-4.0,18.631440083,
16096,market_research_2026-04-04_21-22-29_live_round,f974d41e6f2b44c69df8c990afaf26d2,2026-04-05T02:23:17.873855+00:00,1775355797873855000,171508199097875,375,,,ETF,2934,40,2935.0,-4.0,18.631542875,
16102,market_research_2026-04-04_21-22-29_live_round,f974d41e6f2b44c69df8c990afaf26d2,2026-04-05T02:23:17.884273+00:00,1775355797884273000,171508209515958,375,,,ETF,2934,40,2935.0,-2.0,18.641960958,
16103,market_research_2026-04-04_21-22-29_live_round,f974d41e6f2b44c69df8c990afaf26d2,2026-04-05T02:23:17.884368+00:00,1775355797884368000,171508209611250,375,,,ETF,2935,40,2935.0,-2.0,18.64205625,
16109,market_research_2026-04-04_21-22-29_live_round,f974d41e6f2b44c69df8c990afaf26d2,2026-04-05T02:23:17.894798+00:00,1775355797894798000,171508220040916,375,,,ETF,2935,60,2935.0,0.0,18.652485916,
16488,market_research_2026-04-04_21-22-29_live_round,f974d41e6f2b44c69df8c990afaf26d2,2026-04-05T02:23:19.060194+00:00,1775355799060194000,171509385440500,375,,,ETF,2941,40,2941.0,0.0,19.8178855,
16558,market_research_2026-04-04_21-22-29_live_round,f974d41e6f2b44c69df8c990afaf26d2,2026-04-05T02:23:19.214869+00:00,1775355799214869000,171509540116166,375,,,ETF,2938,40,2938.0,0.0,19.972561166,
16884,market_research_2026-04-04_21-22-29_live_round,f974d41e6f2b44c69df8c990afaf26d2,2026-04-05T02:23:20.221636+00:00,1775355800221636000,171510546885041,375,,,ETF,2946,40,2946.5,-1.0,20.979330041,
16889,market_research_2026-04-04_21-22-29_live_round,f974d41e6f2b44c69df8c990afaf26d2,2026-04-05T02:23:20.228026+00:00,1775355800228026000,171510553275291,375,,,ETF,2946,60,2946.0,0.0,20.985720291,
17015,market_research_2026-04-04_21-22-29_live_round,f974d41e6f2b44c69df8c990afaf26d2,2026-04-05T02:23:20.630739+00:00,1775355800630739000,171510955989500,375,,,ETF,2948,40,2950.0,-4.0,21.3884345,
17020,market_research_2026-04-04_21-22-29_live_round,f974d41e6f2b44c69df8c990afaf26d2,2026-04-05T02:23:20.641700+00:00,1775355800641700000,171510966950333,375,,,ETF,2949,60,2950.0,-2.0,21.399395333,
17025,market_research_2026-04-04_21-22-29_live_round,f974d41e6f2b44c69df8c990afaf26d2,2026-04-05T02:23:20.651440+00:00,1775355800651440000,171510976690291,375,,,ETF,2950,80,2950.0,0.0,21.409135291,
17085,market_research_2026-04-04_21-22-29_live_round,f974d41e6f2b44c69df8c990afaf26d2,2026-04-05T02:23:20.774105+00:00,1775355800774105000,171511099356083,375,,,ETF,2951,100,2959.0,-16.0,21.531801083,
17086,market_research_2026-04-04_21-22-29_live_round,f974d41e6f2b44c69df8c990afaf26d2,2026-04-05T02:23:20.774205+00:00,1775355800774205000,171511099455833,375,,,ETF,2958,40,2959.0,-16.0,21.531900833,
17087,market_research_2026-04-04_21-22-29_live_round,f974d41e6f2b44c69df8c990afaf26d2,2026-04-05T02:23:20.774299+00:00,1775355800774299000,171511099549583,375,,,ETF,2959,60,2959.0,-16.0,21.531994583,
17151,market_research_2026-04-04_21-22-29_live_round,f974d41e6f2b44c69df8c990afaf26d2,2026-04-05T02:23:21.038652+00:00,1775355801038652000,171511363903208,375,,,ETF,2961,40,2961.0,0.0,21.796348208,
17223,market_research_2026-04-04_21-22-29_live_round,f974d41e6f2b44c69df8c990afaf26d2,2026-04-05T02:23:21.227115+00:00,1775355801227115000,171511552366916,375,,,ETF,2960,40,2958.5,-3.0,21.984811916,
17228,market_research_2026-04-04_21-22-29_live_round,f974d41e6f2b44c69df8c990afaf26d2,2026-04-05T02:23:21.233488+00:00,1775355801233488000,171511558740375,375,,,ETF,2960,20,2959.0,-2.0,21.991185375,
17229,market_research_2026-04-04_21-22-29_live_round,f974d41e6f2b44c69df8c990afaf26d2,2026-04-05T02:23:21.233581+00:00,1775355801233581000,171511558833750,375,,,ETF,2959,40,2959.0,-2.0,21.99127875,
17235,market_research_2026-04-04_21-22-29_live_round,f974d41e6f2b44c69df8c990afaf26d2,2026-04-05T02:23:21.241466+00:00,1775355801241466000,171511566717916,375,,,ETF,2959,40,2959.0,0.0,21.999162916,
17295,market_research_2026-04-04_21-22-29_live_round,f974d41e6f2b44c69df8c990afaf26d2,2026-04-05T02:23:21.575830+00:00,1775355801575830000,171511901083333,375,,,ETF,2958,40,2954.0,-8.0,22.333528333,
17300,market_research_2026-04-04_21-22-29_live_round,f974d41e6f2b44c69df8c990afaf26d2,2026-04-05T02:23:21.582354+00:00,1775355801582354000,171511907606750,375,,,ETF,2958,60,2954.5,-7.0,22.34005175,
17423,market_research_2026-04-04_21-22-29_live_round,f974d41e6f2b44c69df8c990afaf26d2,2026-04-05T02:23:21.829698+00:00,1775355801829698000,171512154951958,375,,,ETF,2951,40,2952.5,-3.0,22.587396958,
17428,market_research_2026-04-04_21-22-29_live_round,f974d41e6f2b44c69df8c990afaf26d2,2026-04-05T02:23:21.839590+00:00,1775355801839590000,171512164843750,375,,,ETF,2952,60,2952.5,-1.0,22.59728875,
17813,market_research_2026-04-04_21-22-29_live_round,f974d41e6f2b44c69df8c990afaf26d2,2026-04-05T02:23:23.103623+00:00,1775355803103623000,171513428880250,375,,,ETF,2959,40,2960.0,-2.0,23.86132525,
17818,market_research_2026-04-04_21-22-29_live_round,f974d41e6f2b44c69df8c990afaf26d2,2026-04-05T02:23:23.128416+00:00,1775355803128416000,171513453673500,375,,,ETF,2960,60,2960.0,0.0,23.8861185,
17886,market_research_2026-04-04_21-22-29_live_round,f974d41e6f2b44c69df8c990afaf26d2,2026-04-05T02:23:23.255622+00:00,1775355803255622000,171513580879250,375,,,ETF,2962,40,2964.0,-4.0,24.01332425,
17891,market_research_2026-04-04_21-22-29_live_round,f974d41e6f2b44c69df8c990afaf26d2,2026-04-05T02:23:23.265184+00:00,1775355803265184000,171513590441666,375,,,ETF,2962,60,2963.5,-3.0,24.022886666,
18079,market_research_2026-04-04_21-22-29_live_round,f974d41e6f2b44c69df8c990afaf26d2,2026-04-05T02:23:23.840576+00:00,1775355803840576000,171514165835041,375,,,ETF,2966,40,2968.0,-4.0,24.598280041,
18084,market_research_2026-04-04_21-22-29_live_round,f974d41e6f2b44c69df8c990afaf26d2,2026-04-05T02:23:23.847183+00:00,1775355803847183000,171514172441875,375,,,ETF,2967,60,2968.0,-2.0,24.604886875,
18089,market_research_2026-04-04_21-22-29_live_round,f974d41e6f2b44c69df8c990afaf26d2,2026-04-05T02:23:23.853760+00:00,1775355803853760000,171514179018666,375,,,ETF,2968,80,2968.0,0.0,24.611463666,
18157,market_research_2026-04-04_21-22-29_live_round,f974d41e6f2b44c69df8c990afaf26d2,2026-04-05T02:23:24.171275+00:00,1775355804171275000,171514496535375,375,,,ETF,2969,40,2970.0,-2.0,24.928980375,
18166,market_research_2026-04-04_21-22-29_live_round,f974d41e6f2b44c69df8c990afaf26d2,2026-04-05T02:23:24.208805+00:00,1775355804208805000,171514534065500,375,,,ETF,2969,60,2969.5,-1.0,24.9665105,
18294,market_research_2026-04-04_21-22-29_live_round,f974d41e6f2b44c69df8c990afaf26d2,2026-04-05T02:23:24.478582+00:00,1775355804478582000,171514803843250,375,,,ETF,2968,40,2967.5,-1.0,25.23628825,
18299,market_research_2026-04-04_21-22-29_live_round,f974d41e6f2b44c69df8c990afaf26d2,2026-04-05T02:23:24.488828+00:00,1775355804488828000,171514814088666,375,,,ETF,2968,60,2968.0,0.0,25.246533666,
18362,market_research_2026-04-04_21-22-29_live_round,f974d41e6f2b44c69df8c990afaf26d2,2026-04-05T02:23:24.667465+00:00,1775355804667465000,171514992726000,375,,,ETF,2969,40,2970.0,-2.0,25.425171,
18367,market_research_2026-04-04_21-22-29_live_round,f974d41e6f2b44c69df8c990afaf26d2,2026-04-05T02:23:24.688541+00:00,1775355804688541000,171515013802083,375,,,ETF,2969,40,2969.5,-1.0,25.446247083,
18368,market_research_2026-04-04_21-22-29_live_round,f974d41e6f2b44c69df8c990afaf26d2,2026-04-05T02:23:24.689296+00:00,1775355804689296000,171515014557291,375,,,ETF,2970,20,2969.5,-1.0,25.447002291,
18431,market_research_2026-04-04_21-22-29_live_round,f974d41e6f2b44c69df8c990afaf26d2,2026-04-05T02:23:24.808925+00:00,1775355804808925000,171515134187041,375,,,ETF,2969,80,2968.0,-2.0,25.566632041,
18432,market_research_2026-04-04_21-22-29_live_round,f974d41e6f2b44c69df8c990afaf26d2,2026-04-05T02:23:24.809018+00:00,1775355804809018000,171515134279500,375,,,ETF,2968,100,2968.0,-2.0,25.5667245,
18566,market_research_2026-04-04_21-22-29_live_round,f974d41e6f2b44c69df8c990afaf26d2,2026-04-05T02:23:25.263425+00:00,1775355805263425000,171515588687833,375,,,ETF,2972,40,2972.0,0.0,26.021132833,
18760,market_research_2026-04-04_21-22-29_live_round,f974d41e6f2b44c69df8c990afaf26d2,2026-04-05T02:23:25.884512+00:00,1775355805884512000,171516209776083,375,,,ETF,2972,40,2971.5,-1.0,26.642221083,
18825,market_research_2026-04-04_21-22-29_live_round,f974d41e6f2b44c69df8c990afaf26d2,2026-04-05T02:23:26.057012+00:00,1775355806057012000,171516382276666,375,,,ETF,2972,40,2974.0,-4.0,26.814721666,
18830,market_research_2026-04-04_21-22-29_live_round,f974d41e6f2b44c69df8c990afaf26d2,2026-04-05T02:23:26.069099+00:00,1775355806069099000,171516394363791,375,,,ETF,2972,20,2973.5,-3.0,26.826808791,
18831,market_research_2026-04-04_21-22-29_live_round,f974d41e6f2b44c69df8c990afaf26d2,2026-04-05T02:23:26.069968+00:00,1775355806069968000,171516395233208,375,,,ETF,2973,40,2973.5,-3.0,26.827678208,
18837,market_research_2026-04-04_21-22-29_live_round,f974d41e6f2b44c69df8c990afaf26d2,2026-04-05T02:23:26.082368+00:00,1775355806082368000,171516407633125,375,,,ETF,2973,40,2973.5,-1.0,26.840078125,
18838,market_research_2026-04-04_21-22-29_live_round,f974d41e6f2b44c69df8c990afaf26d2,2026-04-05T02:23:26.083201+00:00,1775355806083201000,171516408465875,375,,,ETF,2974,40,2973.5,-1.0,26.840910875,
19029,market_research_2026-04-04_21-22-29_live_round,f974d41e6f2b44c69df8c990afaf26d2,2026-04-05T02:23:26.694126+00:00,1775355806694126000,171517019392875,375,,,ETF,2968,40,2967.5,-1.0,27.451837875,
19354,market_research_2026-04-04_21-22-29_live_round,f974d41e6f2b44c69df8c990afaf26d2,2026-04-05T02:23:27.662342+00:00,1775355807662342000,171517987610875,375,,,ETF,2963,40,2962.5,-1.0,28.420055875,
19419,market_research_2026-04-04_21-22-29_live_round,f974d41e6f2b44c69df8c990afaf26d2,2026-04-05T02:23:27.821056+00:00,1775355807821056000,171518146325125,375,,,ETF,2963,60,2969.0,-12.0,28.578770125,
19420,market_research_2026-04-04_21-22-29_live_round,f974d41e6f2b44c69df8c990afaf26d2,2026-04-05T02:23:27.821751+00:00,1775355807821751000,171518147020625,375,,,ETF,2964,80,2969.0,-12.0,28.579465625,
19421,market_research_2026-04-04_21-22-29_live_round,f974d41e6f2b44c69df8c990afaf26d2,2026-04-05T02:23:27.821841+00:00,1775355807821841000,171518147110875,375,,,ETF,2965,60,2969.0,-12.0,28.579555875,
19427,market_research_2026-04-04_21-22-29_live_round,f974d41e6f2b44c69df8c990afaf26d2,2026-04-05T02:23:27.874694+00:00,1775355807874694000,171518199963541,375,,,ETF,2965,40,2966.0,-2.0,28.632408541,
19553,market_research_2026-04-04_21-22-29_live_round,f974d41e6f2b44c69df8c990afaf26d2,2026-04-05T02:23:28.219001+00:00,1775355808219001000,171518544272125,375,,,ETF,2968,40,2969.5,-3.0,28.976717125,
19554,market_research_2026-04-04_21-22-29_live_round,f974d41e6f2b44c69df8c990afaf26d2,2026-04-05T02:23:28.219836+00:00,1775355808219836000,171518545107166,375,,,ETF,2969,60,2969.5,-3.0,28.977552166,
19555,market_research_2026-04-04_21-22-29_live_round,f974d41e6f2b44c69df8c990afaf26d2,2026-04-05T02:23:28.219927+00:00,1775355808219927000,171518545198125,375,,,ETF,2970,80,2969.5,-3.0,28.977643125,
19556,market_research_2026-04-04_21-22-29_live_round,f974d41e6f2b44c69df8c990afaf26d2,2026-04-05T02:23:28.220018+00:00,1775355808220018000,171518545288500,375,,,ETF,2971,20,2969.5,-3.0,28.9777335,
19693,market_research_2026-04-04_21-22-29_live_round,f974d41e6f2b44c69df8c990afaf26d2,2026-04-05T02:23:28.671112+00:00,1775355808671112000,171518996383875,375,,,ETF,2964,40,2964.0,0.0,29.428828875,
19759,market_research_2026-04-04_21-22-29_live_round,f974d41e6f2b44c69df8c990afaf26d2,2026-04-05T02:23:28.893053+00:00,1775355808893053000,171519218325041,375,,,ETF,2961,40,2957.5,-7.0,29.650770041,
19764,market_research_2026-04-04_21-22-29_live_round,f974d41e6f2b44c69df8c990afaf26d2,2026-04-05T02:23:28.902697+00:00,1775355808902697000,171519227969375,375,,,ETF,2961,60,2958.0,-6.0,29.660414375,
19769,market_research_2026-04-04_21-22-29_live_round,f974d41e6f2b44c69df8c990afaf26d2,2026-04-05T02:23:28.915429+00:00,1775355808915429000,171519240701208,375,,,ETF,2958,40,2957.0,-2.0,29.673146208,
19770,market_research_2026-04-04_21-22-29_live_round,f974d41e6f2b44c69df8c990afaf26d2,2026-04-05T02:23:28.916310+00:00,1775355808916310000,171519241583083,375,,,ETF,2957,40,2957.0,-2.0,29.674028083,
19776,market_research_2026-04-04_21-22-29_live_round,f974d41e6f2b44c69df8c990afaf26d2,2026-04-05T02:23:28.932877+00:00,1775355808932877000,171519258149625,375,,,ETF,2957,20,2957.0,0.0,29.690594625,
19833,market_research_2026-04-04_21-22-29_live_round,f974d41e6f2b44c69df8c990afaf26d2,2026-04-05T02:23:29.072178+00:00,1775355809072178000,171519397450625,375,,,ETF,2955,40,2954.0,-2.0,29.829895625,
19838,market_research_2026-04-04_21-22-29_live_round,f974d41e6f2b44c69df8c990afaf26d2,2026-04-05T02:23:29.079559+00:00,1775355809079559000,171519404831875,375,,,ETF,2955,60,2954.5,-1.0,29.837276875,
19902,market_research_2026-04-04_21-22-29_live_round,f974d41e6f2b44c69df8c990afaf26d2,2026-04-05T02:23:29.284429+00:00,1775355809284429000,171519609702708,375,,,ETF,2955,40,2956.0,-2.0,30.042147708,
19907,market_research_2026-04-04_21-22-29_live_round,f974d41e6f2b44c69df8c990afaf26d2,2026-04-05T02:23:29.296500+00:00,1775355809296500000,171519621773750,375,,,ETF,2955,40,2955.5,-1.0,30.05421875,
19908,market_research_2026-04-04_21-22-29_live_round,f974d41e6f2b44c69df8c990afaf26d2,2026-04-05T02:23:29.296607+00:00,1775355809296607000,171519621880916,375,,,ETF,2956,20,2955.5,-1.0,30.054325916,
20097,market_research_2026-04-04_21-22-29_live_round,f974d41e6f2b44c69df8c990afaf26d2,2026-04-05T02:23:29.890892+00:00,1775355809890892000,171520216167500,375,,,ETF,2957,40,2963.5,-13.0,30.6486125,
20098,market_research_2026-04-04_21-22-29_live_round,f974d41e6f2b44c69df8c990afaf26d2,2026-04-05T02:23:29.890998+00:00,1775355809890998000,171520216273625,375,,,ETF,2958,60,2963.5,-13.0,30.648718625,
20099,market_research_2026-04-04_21-22-29_live_round,f974d41e6f2b44c69df8c990afaf26d2,2026-04-05T02:23:29.891093+00:00,1775355809891093000,171520216368000,375,,,ETF,2959,80,2963.5,-13.0,30.648813,
20100,market_research_2026-04-04_21-22-29_live_round,f974d41e6f2b44c69df8c990afaf26d2,2026-04-05T02:23:29.891183+00:00,1775355809891183000,171520216457958,375,,,ETF,2960,20,2963.5,-13.0,30.648902958,
20107,market_research_2026-04-04_21-22-29_live_round,f974d41e6f2b44c69df8c990afaf26d2,2026-04-05T02:23:29.909247+00:00,1775355809909247000,171520234522291,375,,,ETF,2960,40,2961.0,-2.0,30.666967291,
20112,market_research_2026-04-04_21-22-29_live_round,f974d41e6f2b44c69df8c990afaf26d2,2026-04-05T02:23:29.919957+00:00,1775355809919957000,171520245232750,375,,,ETF,2960,40,2960.5,-1.0,30.67767775,
20113,market_research_2026-04-04_21-22-29_live_round,f974d41e6f2b44c69df8c990afaf26d2,2026-04-05T02:23:29.920846+00:00,1775355809920846000,171520246121291,375,,,ETF,2960,20,2960.5,-1.0,30.678566291,
20118,market_research_2026-04-04_21-22-29_live_round,f974d41e6f2b44c69df8c990afaf26d2,2026-04-05T02:23:29.930741+00:00,1775355809930741000,171520256016250,375,,,ETF,2960,80,2960.0,0.0,30.68846125,
20178,market_research_2026-04-04_21-22-29_live_round,f974d41e6f2b44c69df8c990afaf26d2,2026-04-05T02:23:30.085021+00:00,1775355810085021000,171520410297208,375,,,ETF,2959,40,2957.5,-3.0,30.842742208,
20183,market_research_2026-04-04_21-22-29_live_round,f974d41e6f2b44c69df8c990afaf26d2,2026-04-05T02:23:30.096697+00:00,1775355810096697000,171520421972291,375,,,ETF,2959,60,2958.0,-2.0,30.854417291,
20639,market_research_2026-04-04_21-22-29_live_round,f974d41e6f2b44c69df8c990afaf26d2,2026-04-05T02:23:31.510554+00:00,1775355811510554000,171521835833541,375,,,ETF,2961,40,2965.0,-8.0,32.268278541,
20644,market_research_2026-04-04_21-22-29_live_round,f974d41e6f2b44c69df8c990afaf26d2,2026-04-05T02:23:31.524107+00:00,1775355811524107000,171521849386541,375,,,ETF,2962,60,2965.0,-6.0,32.281831541,
20649,market_research_2026-04-04_21-22-29_live_round,f974d41e6f2b44c69df8c990afaf26d2,2026-04-05T02:23:31.537715+00:00,1775355811537715000,171521862994375,375,,,ETF,2963,80,2965.0,-4.0,32.295439375,
20654,market_research_2026-04-04_21-22-29_live_round,f974d41e6f2b44c69df8c990afaf26d2,2026-04-05T02:23:31.550490+00:00,1775355811550490000,171521875770208,375,,,ETF,2964,100,2965.0,-2.0,32.308215208,
20711,market_research_2026-04-04_21-22-29_live_round,f974d41e6f2b44c69df8c990afaf26d2,2026-04-05T02:23:31.684891+00:00,1775355811684891000,171522010171166,375,,,ETF,2964,40,2965.5,-3.0,32.442616166,
20716,market_research_2026-04-04_21-22-29_live_round,f974d41e6f2b44c69df8c990afaf26d2,2026-04-05T02:23:31.692495+00:00,1775355811692495000,171522017775083,375,,,ETF,2964,60,2965.0,-2.0,32.450220083,
20839,market_research_2026-04-04_21-22-29_live_round,f974d41e6f2b44c69df8c990afaf26d2,2026-04-05T02:23:32.089296+00:00,1775355812089296000,171522414577083,375,,,ETF,2966,40,2965.5,-1.0,32.847022083,
21036,market_research_2026-04-04_21-22-29_live_round,f974d41e6f2b44c69df8c990afaf26d2,2026-04-05T02:23:32.714136+00:00,1775355812714136000,171523039418750,375,,,ETF,2968,40,2968.0,0.0,33.47186375,
21298,market_research_2026-04-04_21-22-29_live_round,f974d41e6f2b44c69df8c990afaf26d2,2026-04-05T02:23:33.619038+00:00,1775355813619038000,171523944322708,375,,,ETF,2964,40,2962.0,-4.0,34.376767708,
21303,market_research_2026-04-04_21-22-29_live_round,f974d41e6f2b44c69df8c990afaf26d2,2026-04-05T02:23:33.640826+00:00,1775355813640826000,171523966111208,375,,,ETF,2964,60,2962.5,-3.0,34.398556208,
21308,market_research_2026-04-04_21-22-29_live_round,f974d41e6f2b44c69df8c990afaf26d2,2026-04-05T02:23:33.653762+00:00,1775355813653762000,171523979047083,375,,,ETF,2964,40,2963.0,-2.0,34.411492083,
21309,market_research_2026-04-04_21-22-29_live_round,f974d41e6f2b44c69df8c990afaf26d2,2026-04-05T02:23:33.653855+00:00,1775355813653855000,171523979140375,375,,,ETF,2963,40,2963.0,-2.0,34.411585375,
21315,market_research_2026-04-04_21-22-29_live_round,f974d41e6f2b44c69df8c990afaf26d2,2026-04-05T02:23:33.663326+00:00,1775355813663326000,171523988611666,375,,,ETF,2963,20,2963.0,0.0,34.421056666,
21373,market_research_2026-04-04_21-22-29_live_round,f974d41e6f2b44c69df8c990afaf26d2,2026-04-05T02:23:33.824408+00:00,1775355813824408000,171524149693166,375,,,ETF,2961,40,2959.0,-4.0,34.582138166,
21378,market_research_2026-04-04_21-22-29_live_round,f974d41e6f2b44c69df8c990afaf26d2,2026-04-05T02:23:33.835325+00:00,1775355813835325000,171524160610541,375,,,ETF,2961,60,2959.5,-3.0,34.593055541,
21500,market_research_2026-04-04_21-22-29_live_round,f974d41e6f2b44c69df8c990afaf26d2,2026-04-05T02:23:34.176842+00:00,1775355814176842000,171524502128833,375,,,ETF,2955,40,2955.0,0.0,34.934573833,
21566,market_research_2026-04-04_21-22-29_live_round,f974d41e6f2b44c69df8c990afaf26d2,2026-04-05T02:23:34.324565+00:00,1775355814324565000,171524649851958,375,,,ETF,2958,40,2963.5,-11.0,35.082296958,
21571,market_research_2026-04-04_21-22-29_live_round,f974d41e6f2b44c69df8c990afaf26d2,2026-04-05T02:23:34.333980+00:00,1775355814333980000,171524659267041,375,,,ETF,2958,60,2963.0,-10.0,35.091712041,
21580,market_research_2026-04-04_21-22-29_live_round,f974d41e6f2b44c69df8c990afaf26d2,2026-04-05T02:23:34.349041+00:00,1775355814349041000,171524674328000,375,,,ETF,2961,40,2964.0,-6.0,35.106773,
21581,market_research_2026-04-04_21-22-29_live_round,f974d41e6f2b44c69df8c990afaf26d2,2026-04-05T02:23:34.349138+00:00,1775355814349138000,171524674425458,375,,,ETF,2962,40,2964.0,-6.0,35.106870458,
21587,market_research_2026-04-04_21-22-29_live_round,f974d41e6f2b44c69df8c990afaf26d2,2026-04-05T02:23:34.358862+00:00,1775355814358862000,171524684148791,375,,,ETF,2962,20,2964.0,-4.0,35.116593791,
21588,market_research_2026-04-04_21-22-29_live_round,f974d41e6f2b44c69df8c990afaf26d2,2026-04-05T02:23:34.358958+00:00,1775355814358958000,171524684245125,375,,,ETF,2963,80,2964.0,-4.0,35.116690125,
21645,market_research_2026-04-04_21-22-29_live_round,f974d41e6f2b44c69df8c990afaf26d2,2026-04-05T02:23:34.500778+00:00,1775355814500778000,171524826065750,375,,,ETF,2964,40,2964.0,0.0,35.25851075,
21900,market_research_2026-04-04_21-22-29_live_round,f974d41e6f2b44c69df8c990afaf26d2,2026-04-05T02:23:35.338791+00:00,1775355815338791000,171525664080333,375,,,ETF,2974,40,2974.0,0.0,36.096525333,
21971,market_research_2026-04-04_21-22-29_live_round,f974d41e6f2b44c69df8c990afaf26d2,2026-04-05T02:23:35.532642+00:00,1775355815532642000,171525857932166,375,,,ETF,2975,40,2976.5,-3.0,36.290377166,
21976,market_research_2026-04-04_21-22-29_live_round,f974d41e6f2b44c69df8c990afaf26d2,2026-04-05T02:23:35.543347+00:00,1775355815543347000,171525868637083,375,,,ETF,2975,20,2976.0,-2.0,36.301082083,
21977,market_research_2026-04-04_21-22-29_live_round,f974d41e6f2b44c69df8c990afaf26d2,2026-04-05T02:23:35.543441+00:00,1775355815543441000,171525868731541,375,,,ETF,2976,40,2976.0,-2.0,36.301176541,
21983,market_research_2026-04-04_21-22-29_live_round,f974d41e6f2b44c69df8c990afaf26d2,2026-04-05T02:23:35.559330+00:00,1775355815559330000,171525884619875,375,,,ETF,2976,40,2976.0,0.0,36.317064875,
22043,market_research_2026-04-04_21-22-29_live_round,f974d41e6f2b44c69df8c990afaf26d2,2026-04-05T02:23:35.730357+00:00,1775355815730357000,171526055647750,375,,,ETF,2976,40,2976.0,0.0,36.48809275,
22112,market_research_2026-04-04_21-22-29_live_round,f974d41e6f2b44c69df8c990afaf26d2,2026-04-05T02:23:35.909623+00:00,1775355815909623000,171526234913791,375,,,ETF,2975,40,2971.0,-8.0,36.667358791,
22117,market_research_2026-04-04_21-22-29_live_round,f974d41e6f2b44c69df8c990afaf26d2,2026-04-05T02:23:35.917630+00:00,1775355815917630000,171526242921791,375,,,ETF,2975,60,2971.5,-7.0,36.675366791,
22122,market_research_2026-04-04_21-22-29_live_round,f974d41e6f2b44c69df8c990afaf26d2,2026-04-05T02:23:35.925644+00:00,1775355815925644000,171526250935458,375,,,ETF,2970,40,2969.5,-1.0,36.683380458,
22123,market_research_2026-04-04_21-22-29_live_round,f974d41e6f2b44c69df8c990afaf26d2,2026-04-05T02:23:35.925743+00:00,1775355815925743000,171526251034791,375,,,ETF,2969,40,2969.5,-1.0,36.683479791,
22183,market_research_2026-04-04_21-22-29_live_round,f974d41e6f2b44c69df8c990afaf26d2,2026-04-05T02:23:36.248867+00:00,1775355816248867000,171526574159166,375,,,ETF,2967,40,2965.0,-4.0,37.006604166,
22188,market_research_2026-04-04_21-22-29_live_round,f974d41e6f2b44c69df8c990afaf26d2,2026-04-05T02:23:36.272286+00:00,1775355816272286000,171526597578125,375,,,ETF,2967,60,2965.5,-3.0,37.030023125,
22506,market_research_2026-04-04_21-22-29_live_round,f974d41e6f2b44c69df8c990afaf26d2,2026-04-05T02:23:37.202975+00:00,1775355817202975000,171527528269583,375,,,ETF,2965,40,2965.5,-1.0,37.960714583,
22577,market_research_2026-04-04_21-22-29_live_round,f974d41e6f2b44c69df8c990afaf26d2,2026-04-05T02:23:37.397111+00:00,1775355817397111000,171527722406333,375,,,ETF,2965,40,2962.0,-6.0,38.154851333,
22582,market_research_2026-04-04_21-22-29_live_round,f974d41e6f2b44c69df8c990afaf26d2,2026-04-05T02:23:37.409819+00:00,1775355817409819000,171527735114125,375,,,ETF,2965,20,2962.5,-5.0,38.167559125,
22583,market_research_2026-04-04_21-22-29_live_round,f974d41e6f2b44c69df8c990afaf26d2,2026-04-05T02:23:37.409913+00:00,1775355817409913000,171527735208750,375,,,ETF,2964,40,2962.5,-5.0,38.16765375,
22589,market_research_2026-04-04_21-22-29_live_round,f974d41e6f2b44c69df8c990afaf26d2,2026-04-05T02:23:37.425680+00:00,1775355817425680000,171527750975625,375,,,ETF,2964,40,2962.5,-3.0,38.183420625,
22590,market_research_2026-04-04_21-22-29_live_round,f974d41e6f2b44c69df8c990afaf26d2,2026-04-05T02:23:37.425791+00:00,1775355817425791000,171527751086125,375,,,ETF,2963,40,2962.5,-3.0,38.183531125,
22596,market_research_2026-04-04_21-22-29_live_round,f974d41e6f2b44c69df8c990afaf26d2,2026-04-05T02:23:37.440579+00:00,1775355817440579000,171527765873875,375,,,ETF,2963,60,2962.5,-1.0,38.198318875,
22841,market_research_2026-04-04_21-22-29_live_round,f974d41e6f2b44c69df8c990afaf26d2,2026-04-05T02:23:38.130322+00:00,1775355818130322000,171528455618958,375,,,ETF,2963,40,2966.0,-6.0,38.888063958,
22846,market_research_2026-04-04_21-22-29_live_round,f974d41e6f2b44c69df8c990afaf26d2,2026-04-05T02:23:38.141288+00:00,1775355818141288000,171528466585583,375,,,ETF,2963,60,2965.5,-5.0,38.899030583,
22851,market_research_2026-04-04_21-22-29_live_round,f974d41e6f2b44c69df8c990afaf26d2,2026-04-05T02:23:38.154144+00:00,1775355818154144000,171528479441666,375,,,ETF,2965,40,2966.0,-2.0,38.911886666,
22852,market_research_2026-04-04_21-22-29_live_round,f974d41e6f2b44c69df8c990afaf26d2,2026-04-05T02:23:38.154242+00:00,1775355818154242000,171528479539208,375,,,ETF,2966,40,2966.0,-2.0,38.911984208,
22858,market_research_2026-04-04_21-22-29_live_round,f974d41e6f2b44c69df8c990afaf26d2,2026-04-05T02:23:38.168930+00:00,1775355818168930000,171528494226875,375,,,ETF,2966,20,2966.0,0.0,38.926671875,
22982,market_research_2026-04-04_21-22-29_live_round,f974d41e6f2b44c69df8c990afaf26d2,2026-04-05T02:23:38.522757+00:00,1775355818522757000,171528848055750,375,,,ETF,2966,40,2966.0,0.0,39.28050075,
23048,market_research_2026-04-04_21-22-29_live_round,f974d41e6f2b44c69df8c990afaf26d2,2026-04-05T02:23:38.739099+00:00,1775355818739099000,171529064398166,375,,,ETF,2967,40,2967.5,-1.0,39.496843166,
23053,market_research_2026-04-04_21-22-29_live_round,f974d41e6f2b44c69df8c990afaf26d2,2026-04-05T02:23:38.760016+00:00,1775355818760016000,171529085314708,375,,,ETF,2967,20,2967.0,0.0,39.517759708,
23198,market_research_2026-04-04_21-22-29_live_round,f974d41e6f2b44c69df8c990afaf26d2,2026-04-05T02:23:39.186058+00:00,1775355819186058000,171529511358458,375,,,ETF,2969,40,2970.0,-2.0,39.943803458,
23203,market_research_2026-04-04_21-22-29_live_round,f974d41e6f2b44c69df8c990afaf26d2,2026-04-05T02:23:39.199707+00:00,1775355819199707000,171529525006750,375,,,ETF,2970,60,2970.0,0.0,39.95745175,
23260,market_research_2026-04-04_21-22-29_live_round,f974d41e6f2b44c69df8c990afaf26d2,2026-04-05T02:23:39.399710+00:00,1775355819399710000,171529725010500,375,,,ETF,2972,40,2975.0,-6.0,40.1574555,
23269,market_research_2026-04-04_21-22-29_live_round,f974d41e6f2b44c69df8c990afaf26d2,2026-04-05T02:23:39.426730+00:00,1775355819426730000,171529752030833,375,,,ETF,2972,60,2974.5,-5.0,40.184475833,
23331,market_research_2026-04-04_21-22-29_live_round,f974d41e6f2b44c69df8c990afaf26d2,2026-04-05T02:23:39.612787+00:00,1775355819612787000,171529938087708,500,,,ETF,2980,40,2980.5,-1.0,40.370532708,
23336,market_research_2026-04-04_21-22-29_live_round,f974d41e6f2b44c69df8c990afaf26d2,2026-04-05T02:23:39.626088+00:00,1775355819626088000,171529951389541,500,,,ETF,2980,60,2980.0,0.0,40.383834541,
23461,market_research_2026-04-04_21-22-29_live_round,f974d41e6f2b44c69df8c990afaf26d2,2026-04-05T02:23:39.991451+00:00,1775355819991451000,171530316753000,500,,,ETF,2978,40,2970.0,-16.0,40.749198,
23466,market_research_2026-04-04_21-22-29_live_round,f974d41e6f2b44c69df8c990afaf26d2,2026-04-05T02:23:40.003235+00:00,1775355820003235000,171530328537125,500,,,ETF,2978,60,2970.5,-15.0,40.760982125,
23471,market_research_2026-04-04_21-22-29_live_round,f974d41e6f2b44c69df8c990afaf26d2,2026-04-05T02:23:40.014394+00:00,1775355820014394000,171530339696125,500,,,ETF,2976,40,2970.0,-12.0,40.772141125,
23472,market_research_2026-04-04_21-22-29_live_round,f974d41e6f2b44c69df8c990afaf26d2,2026-04-05T02:23:40.014486+00:00,1775355820014486000,171530339788208,500,,,ETF,2975,40,2970.0,-12.0,40.772233208,
23478,market_research_2026-04-04_21-22-29_live_round,f974d41e6f2b44c69df8c990afaf26d2,2026-04-05T02:23:40.028581+00:00,1775355820028581000,171530353883291,500,,,ETF,2975,20,2970.0,-10.0,40.786328291,
23479,market_research_2026-04-04_21-22-29_live_round,f974d41e6f2b44c69df8c990afaf26d2,2026-04-05T02:23:40.028674+00:00,1775355820028674000,171530353976208,500,,,ETF,2974,80,2970.0,-10.0,40.786421208,
23920,market_research_2026-04-04_21-22-29_live_round,f974d41e6f2b44c69df8c990afaf26d2,2026-04-05T02:23:41.353690+00:00,1775355821353690000,171531678995666,500,,,ETF,2981,40,2981.0,0.0,42.111440666,
23990,market_research_2026-04-04_21-22-29_live_round,f974d41e6f2b44c69df8c990afaf26d2,2026-04-05T02:23:41.627723+00:00,1775355821627723000,171531953029458,500,,,ETF,2984,40,2988.5,-9.0,42.385474458,
23995,market_research_2026-04-04_21-22-29_live_round,f974d41e6f2b44c69df8c990afaf26d2,2026-04-05T02:23:41.643063+00:00,1775355821643063000,171531968369791,500,,,ETF,2984,60,2988.0,-8.0,42.400814791,
24000,market_research_2026-04-04_21-22-29_live_round,f974d41e6f2b44c69df8c990afaf26d2,2026-04-05T02:23:41.657445+00:00,1775355821657445000,171531982751625,500,,,ETF,2987,40,2989.0,-4.0,42.415196625,
24001,market_research_2026-04-04_21-22-29_live_round,f974d41e6f2b44c69df8c990afaf26d2,2026-04-05T02:23:41.657573+00:00,1775355821657573000,171531982879750,500,,,ETF,2988,40,2989.0,-4.0,42.41532475,
24007,market_research_2026-04-04_21-22-29_live_round,f974d41e6f2b44c69df8c990afaf26d2,2026-04-05T02:23:41.676631+00:00,1775355821676631000,171532001937166,500,,,ETF,2988,20,2989.0,-2.0,42.434382166,
24008,market_research_2026-04-04_21-22-29_live_round,f974d41e6f2b44c69df8c990afaf26d2,2026-04-05T02:23:41.677779+00:00,1775355821677779000,171532003085500,500,,,ETF,2989,80,2989.0,-2.0,42.4355305,
24065,market_research_2026-04-04_21-22-29_live_round,f974d41e6f2b44c69df8c990afaf26d2,2026-04-05T02:23:41.882269+00:00,1775355821882269000,171532207575916,500,,,ETF,2990,40,2990.0,0.0,42.640020916,
24130,market_research_2026-04-04_21-22-29_live_round,f974d41e6f2b44c69df8c990afaf26d2,2026-04-05T02:23:42.097226+00:00,1775355822097226000,171532422533333,500,,,ETF,2989,40,2982.0,-14.0,42.854978333,
24135,market_research_2026-04-04_21-22-29_live_round,f974d41e6f2b44c69df8c990afaf26d2,2026-04-05T02:23:42.110437+00:00,1775355822110437000,171532435745041,500,,,ETF,2989,20,2982.5,-13.0,42.868190041,
24136,market_research_2026-04-04_21-22-29_live_round,f974d41e6f2b44c69df8c990afaf26d2,2026-04-05T02:23:42.110544+00:00,1775355822110544000,171532435852000,500,,,ETF,2988,40,2982.5,-13.0,42.868297,
24142,market_research_2026-04-04_21-22-29_live_round,f974d41e6f2b44c69df8c990afaf26d2,2026-04-05T02:23:42.126581+00:00,1775355822126581000,171532451889333,500,,,ETF,2988,40,2982.5,-11.0,42.884334333,
24143,market_research_2026-04-04_21-22-29_live_round,f974d41e6f2b44c69df8c990afaf26d2,2026-04-05T02:23:42.126691+00:00,1775355822126691000,171532451998791,500,,,ETF,2987,40,2982.5,-11.0,42.884443791,
24149,market_research_2026-04-04_21-22-29_live_round,f974d41e6f2b44c69df8c990afaf26d2,2026-04-05T02:23:42.141556+00:00,1775355822141556000,171532466863500,500,,,ETF,2987,60,2982.5,-9.0,42.8993085,
24397,market_research_2026-04-04_21-22-29_live_round,f974d41e6f2b44c69df8c990afaf26d2,2026-04-05T02:23:42.947702+00:00,1775355822947702000,171533273012416,500,,,ETF,2981,40,2981.0,0.0,43.705457416,
24924,market_research_2026-04-04_21-22-29_live_round,f974d41e6f2b44c69df8c990afaf26d2,2026-04-05T02:23:44.623106+00:00,1775355824623106000,171534948420916,500,,,ETF,2983,40,2980.0,-6.0,45.380865916,
24925,market_research_2026-04-04_21-22-29_live_round,f974d41e6f2b44c69df8c990afaf26d2,2026-04-05T02:23:44.624217+00:00,1775355824624217000,171534949531250,500,,,ETF,2983,100,2980.0,-6.0,45.38197625,
24926,market_research_2026-04-04_21-22-29_live_round,f974d41e6f2b44c69df8c990afaf26d2,2026-04-05T02:23:44.624308+00:00,1775355824624308000,171534949622750,500,,,ETF,2982,60,2980.0,-6.0,45.38206775,
24992,market_research_2026-04-04_21-22-29_live_round,f974d41e6f2b44c69df8c990afaf26d2,2026-04-05T02:23:44.838481+00:00,1775355824838481000,171535163796208,500,,,ETF,2985,40,2988.5,-7.0,45.596241208,
24997,market_research_2026-04-04_21-22-29_live_round,f974d41e6f2b44c69df8c990afaf26d2,2026-04-05T02:23:44.852562+00:00,1775355824852562000,171535177877625,500,,,ETF,2986,60,2988.5,-5.0,45.610322625,
25002,market_research_2026-04-04_21-22-29_live_round,f974d41e6f2b44c69df8c990afaf26d2,2026-04-05T02:23:44.865590+00:00,1775355824865590000,171535190905166,500,,,ETF,2987,80,2988.5,-3.0,45.623350166,
25007,market_research_2026-04-04_21-22-29_live_round,f974d41e6f2b44c69df8c990afaf26d2,2026-04-05T02:23:44.878476+00:00,1775355824878476000,171535203791250,500,,,ETF,2988,100,2988.5,-1.0,45.63623625,
25126,market_research_2026-04-04_21-22-29_live_round,f974d41e6f2b44c69df8c990afaf26d2,2026-04-05T02:23:45.284298+00:00,1775355825284298000,171535609614083,500,,,ETF,2989,40,2988.0,-2.0,46.042059083,
25131,market_research_2026-04-04_21-22-29_live_round,f974d41e6f2b44c69df8c990afaf26d2,2026-04-05T02:23:45.298052+00:00,1775355825298052000,171535623367875,500,,,ETF,2988,60,2988.0,0.0,46.055812875,
25193,market_research_2026-04-04_21-22-29_live_round,f974d41e6f2b44c69df8c990afaf26d2,2026-04-05T02:23:45.478424+00:00,1775355825478424000,171535803740333,500,,,ETF,2986,40,2985.5,-1.0,46.236185333,
25198,market_research_2026-04-04_21-22-29_live_round,f974d41e6f2b44c69df8c990afaf26d2,2026-04-05T02:23:45.490403+00:00,1775355825490403000,171535815719833,500,,,ETF,2986,60,2986.0,0.0,46.248164833,
25325,market_research_2026-04-04_21-22-29_live_round,f974d41e6f2b44c69df8c990afaf26d2,2026-04-05T02:23:45.903051+00:00,1775355825903051000,171536228369000,500,,,ETF,2985,40,2985.0,0.0,46.660814,
25391,market_research_2026-04-04_21-22-29_live_round,f974d41e6f2b44c69df8c990afaf26d2,2026-04-05T02:23:46.124638+00:00,1775355826124638000,171536449956541,500,,,ETF,2988,40,2995.0,-14.0,46.882401541,
25396,market_research_2026-04-04_21-22-29_live_round,f974d41e6f2b44c69df8c990afaf26d2,2026-04-05T02:23:46.142693+00:00,1775355826142693000,171536468011791,500,,,ETF,2988,60,2994.5,-13.0,46.900456791,
25401,market_research_2026-04-04_21-22-29_live_round,f974d41e6f2b44c69df8c990afaf26d2,2026-04-05T02:23:46.158561+00:00,1775355826158561000,171536483880041,500,,,ETF,2991,40,2995.5,-9.0,46.916325041,
25402,market_research_2026-04-04_21-22-29_live_round,f974d41e6f2b44c69df8c990afaf26d2,2026-04-05T02:23:46.159603+00:00,1775355826159603000,171536484921750,500,,,ETF,2992,40,2995.5,-9.0,46.91736675,
25408,market_research_2026-04-04_21-22-29_live_round,f974d41e6f2b44c69df8c990afaf26d2,2026-04-05T02:23:46.180270+00:00,1775355826180270000,171536505588250,500,,,ETF,2992,20,2995.5,-7.0,46.93803325,
25409,market_research_2026-04-04_21-22-29_live_round,f974d41e6f2b44c69df8c990afaf26d2,2026-04-05T02:23:46.180376+00:00,1775355826180376000,171536505694916,500,,,ETF,2993,80,2995.5,-7.0,46.938139916,
25466,market_research_2026-04-04_21-22-29_live_round,f974d41e6f2b44c69df8c990afaf26d2,2026-04-05T02:23:46.380548+00:00,1775355826380548000,171536705867666,500,,,ETF,2994,40,3000.5,-13.0,47.138312666,
25471,market_research_2026-04-04_21-22-29_live_round,f974d41e6f2b44c69df8c990afaf26d2,2026-04-05T02:23:46.393678+00:00,1775355826393678000,171536718997333,500,,,ETF,2994,60,3000.0,-12.0,47.151442333,
25537,market_research_2026-04-04_21-22-29_live_round,f974d41e6f2b44c69df8c990afaf26d2,2026-04-05T02:23:46.585625+00:00,1775355826585625000,171536910944750,500,,,ETF,3005,40,3004.5,-1.0,47.34338975,
25542,market_research_2026-04-04_21-22-29_live_round,f974d41e6f2b44c69df8c990afaf26d2,2026-04-05T02:23:46.597448+00:00,1775355826597448000,171536922767541,500,,,ETF,3005,40,3005.0,0.0,47.355212541,
25793,market_research_2026-04-04_21-22-29_live_round,f974d41e6f2b44c69df8c990afaf26d2,2026-04-05T02:23:47.403585+00:00,1775355827403585000,171537728906708,500,,,ETF,3009,40,3009.5,-1.0,48.161351708,
25798,market_research_2026-04-04_21-22-29_live_round,f974d41e6f2b44c69df8c990afaf26d2,2026-04-05T02:23:47.417650+00:00,1775355827417650000,171537742972000,500,,,ETF,3009,60,3009.0,0.0,48.175417,
25992,market_research_2026-04-04_21-22-29_live_round,f974d41e6f2b44c69df8c990afaf26d2,2026-04-05T02:23:48.052743+00:00,1775355828052743000,171538378066625,500,,,ETF,3015,40,3015.0,0.0,48.810511625,
26190,market_research_2026-04-04_21-22-29_live_round,f974d41e6f2b44c69df8c990afaf26d2,2026-04-05T02:23:48.704789+00:00,1775355828704789000,171539030114666,500,,,ETF,3016,40,3014.5,-3.0,49.462559666,
26195,market_research_2026-04-04_21-22-29_live_round,f974d41e6f2b44c69df8c990afaf26d2,2026-04-05T02:23:48.722000+00:00,1775355828722000000,171539047325666,500,,,ETF,3015,60,3014.5,-1.0,49.479770666,
26453,market_research_2026-04-04_21-22-29_live_round,f974d41e6f2b44c69df8c990afaf26d2,2026-04-05T02:23:49.622706+00:00,1775355829622706000,171539948033500,500,,,ETF,3005,40,3000.0,-10.0,50.3804785,
26458,market_research_2026-04-04_21-22-29_live_round,f974d41e6f2b44c69df8c990afaf26d2,2026-04-05T02:23:49.636607+00:00,1775355829636607000,171539961934958,500,,,ETF,3005,60,3000.5,-9.0,50.394379958,
26463,market_research_2026-04-04_21-22-29_live_round,f974d41e6f2b44c69df8c990afaf26d2,2026-04-05T02:23:49.650234+00:00,1775355829650234000,171539975562500,500,,,ETF,3005,40,3001.0,-8.0,50.4080075,
26464,market_research_2026-04-04_21-22-29_live_round,f974d41e6f2b44c69df8c990afaf26d2,2026-04-05T02:23:49.650333+00:00,1775355829650333000,171539975660708,500,,,ETF,3004,40,3001.0,-8.0,50.408105708,
26470,market_research_2026-04-04_21-22-29_live_round,f974d41e6f2b44c69df8c990afaf26d2,2026-04-05T02:23:49.667517+00:00,1775355829667517000,171539992844666,500,,,ETF,3004,20,3001.0,-6.0,50.425289666,
26471,market_research_2026-04-04_21-22-29_live_round,f974d41e6f2b44c69df8c990afaf26d2,2026-04-05T02:23:49.667628+00:00,1775355829667628000,171539992955958,500,,,ETF,3003,80,3001.0,-6.0,50.425400958,
26529,market_research_2026-04-04_21-22-29_live_round,f974d41e6f2b44c69df8c990afaf26d2,2026-04-05T02:23:49.869291+00:00,1775355829869291000,171540194619083,500,,,ETF,3002,40,2998.0,-8.0,50.627064083,
26534,market_research_2026-04-04_21-22-29_live_round,f974d41e6f2b44c69df8c990afaf26d2,2026-04-05T02:23:49.884118+00:00,1775355829884118000,171540209446958,500,,,ETF,3002,60,2998.5,-7.0,50.641891958,
26655,market_research_2026-04-04_21-22-29_live_round,f974d41e6f2b44c69df8c990afaf26d2,2026-04-05T02:23:50.283802+00:00,1775355830283802000,171540609132083,550,,,ETF,2993,40,2994.0,-2.0,51.041577083,
26660,market_research_2026-04-04_21-22-29_live_round,f974d41e6f2b44c69df8c990afaf26d2,2026-04-05T02:23:50.298042+00:00,1775355830298042000,171540623371208,550,,,ETF,2994,60,2994.0,0.0,51.055816208,
26723,market_research_2026-04-04_21-22-29_live_round,f974d41e6f2b44c69df8c990afaf26d2,2026-04-05T02:23:50.530974+00:00,1775355830530974000,171540856304666,550,,,ETF,2996,40,3000.5,-9.0,51.288749666,
26728,market_research_2026-04-04_21-22-29_live_round,f974d41e6f2b44c69df8c990afaf26d2,2026-04-05T02:23:50.543752+00:00,1775355830543752000,171540869082708,550,,,ETF,2996,60,3000.0,-8.0,51.301527708,
26733,market_research_2026-04-04_21-22-29_live_round,f974d41e6f2b44c69df8c990afaf26d2,2026-04-05T02:23:50.558436+00:00,1775355830558436000,171540883766166,550,,,ETF,3001,40,3002.0,-2.0,51.316211166,
26734,market_research_2026-04-04_21-22-29_live_round,f974d41e6f2b44c69df8c990afaf26d2,2026-04-05T02:23:50.558531+00:00,1775355830558531000,171540883861708,550,,,ETF,3002,40,3002.0,-2.0,51.316306708,
26740,market_research_2026-04-04_21-22-29_live_round,f974d41e6f2b44c69df8c990afaf26d2,2026-04-05T02:23:50.575543+00:00,1775355830575543000,171540900873083,550,,,ETF,3002,20,3002.0,0.0,51.333318083,
26933,market_research_2026-04-04_21-22-29_live_round,f974d41e6f2b44c69df8c990afaf26d2,2026-04-05T02:23:51.229579+00:00,1775355831229579000,171541554910791,550,,,ETF,3000,40,2997.5,-5.0,51.987355791,
26938,market_research_2026-04-04_21-22-29_live_round,f974d41e6f2b44c69df8c990afaf26d2,2026-04-05T02:23:51.242440+00:00,1775355831242440000,171541567772500,550,,,ETF,2999,60,2997.5,-3.0,52.0002175,
26943,market_research_2026-04-04_21-22-29_live_round,f974d41e6f2b44c69df8c990afaf26d2,2026-04-05T02:23:51.256347+00:00,1775355831256347000,171541581679416,550,,,ETF,2998,80,2997.5,-1.0,52.014124416,
27002,market_research_2026-04-04_21-22-29_live_round,f974d41e6f2b44c69df8c990afaf26d2,2026-04-05T02:23:51.472360+00:00,1775355831472360000,171541797692875,550,,,ETF,2997,40,2993.0,-8.0,52.230137875,
27007,market_research_2026-04-04_21-22-29_live_round,f974d41e6f2b44c69df8c990afaf26d2,2026-04-05T02:23:51.487105+00:00,1775355831487105000,171541812438166,550,,,ETF,2997,60,2993.5,-7.0,52.244883166,
27071,market_research_2026-04-04_21-22-29_live_round,f974d41e6f2b44c69df8c990afaf26d2,2026-04-05T02:23:51.711660+00:00,1775355831711660000,171542036993083,550,,,ETF,2991,40,2993.0,-4.0,52.469438083,
27076,market_research_2026-04-04_21-22-29_live_round,f974d41e6f2b44c69df8c990afaf26d2,2026-04-05T02:23:51.726986+00:00,1775355831726986000,171542052319250,550,,,ETF,2991,40,2992.5,-3.0,52.48476425,
27077,market_research_2026-04-04_21-22-29_live_round,f974d41e6f2b44c69df8c990afaf26d2,2026-04-05T02:23:51.727095+00:00,1775355831727095000,171542052428708,550,,,ETF,2992,20,2992.5,-3.0,52.484873708,
27083,market_research_2026-04-04_21-22-29_live_round,f974d41e6f2b44c69df8c990afaf26d2,2026-04-05T02:23:51.746068+00:00,1775355831746068000,171542071401375,550,,,ETF,2992,80,2992.5,-1.0,52.503846375,
27203,market_research_2026-04-04_21-22-29_live_round,f974d41e6f2b44c69df8c990afaf26d2,2026-04-05T02:23:52.161350+00:00,1775355832161350000,171542486684833,550,,,ETF,2998,40,3002.0,-8.0,52.919129833,
27208,market_research_2026-04-04_21-22-29_live_round,f974d41e6f2b44c69df8c990afaf26d2,2026-04-05T02:23:52.175929+00:00,1775355832175929000,171542501264041,550,,,ETF,2999,60,3002.0,-6.0,52.933709041,
27213,market_research_2026-04-04_21-22-29_live_round,f974d41e6f2b44c69df8c990afaf26d2,2026-04-05T02:23:52.189303+00:00,1775355832189303000,171542514637291,550,,,ETF,3000,80,3002.0,-4.0,52.947082291,
27218,market_research_2026-04-04_21-22-29_live_round,f974d41e6f2b44c69df8c990afaf26d2,2026-04-05T02:23:52.203110+00:00,1775355832203110000,171542528445208,550,,,ETF,3001,100,3002.0,-2.0,52.960890208,
27533,market_research_2026-04-04_21-22-29_live_round,f974d41e6f2b44c69df8c990afaf26d2,2026-04-05T02:23:53.318347+00:00,1775355833318347000,171543643684333,550,,,ETF,3002,40,3002.0,0.0,54.076129333,
27599,market_research_2026-04-04_21-22-29_live_round,f974d41e6f2b44c69df8c990afaf26d2,2026-04-05T02:23:53.558608+00:00,1775355833558608000,171543883946000,550,,,ETF,2999,40,2996.0,-6.0,54.316391,
27604,market_research_2026-04-04_21-22-29_live_round,f974d41e6f2b44c69df8c990afaf26d2,2026-04-05T02:23:53.575121+00:00,1775355833575121000,171543900459208,550,,,ETF,2999,60,2996.5,-5.0,54.332904208,
27609,market_research_2026-04-04_21-22-29_live_round,f974d41e6f2b44c69df8c990afaf26d2,2026-04-05T02:23:53.590362+00:00,1775355833590362000,171543915699958,550,,,ETF,2996,40,2995.5,-1.0,54.348144958,
27610,market_research_2026-04-04_21-22-29_live_round,f974d41e6f2b44c69df8c990afaf26d2,2026-04-05T02:23:53.590461+00:00,1775355833590461000,171543915799041,550,,,ETF,2995,40,2995.5,-1.0,54.348244041,
27675,market_research_2026-04-04_21-22-29_live_round,f974d41e6f2b44c69df8c990afaf26d2,2026-04-05T02:23:53.816161+00:00,1775355833816161000,171544141500541,550,,,ETF,2993,40,2991.5,-3.0,54.573945541,
27680,market_research_2026-04-04_21-22-29_live_round,f974d41e6f2b44c69df8c990afaf26d2,2026-04-05T02:23:53.829260+00:00,1775355833829260000,171544154599000,550,,,ETF,2993,60,2992.0,-2.0,54.587044,
27868,market_research_2026-04-04_21-22-29_live_round,f974d41e6f2b44c69df8c990afaf26d2,2026-04-05T02:23:54.491815+00:00,1775355834491815000,171544817155458,550,,,ETF,2989,40,2992.5,-7.0,55.249600458,
27873,market_research_2026-04-04_21-22-29_live_round,f974d41e6f2b44c69df8c990afaf26d2,2026-04-05T02:23:54.506007+00:00,1775355834506007000,171544831348291,550,,,ETF,2990,60,2992.5,-5.0,55.263793291,
27878,market_research_2026-04-04_21-22-29_live_round,f974d41e6f2b44c69df8c990afaf26d2,2026-04-05T02:23:54.520225+00:00,1775355834520225000,171544845566458,550,,,ETF,2991,80,2992.5,-3.0,55.278011458,
27883,market_research_2026-04-04_21-22-29_live_round,f974d41e6f2b44c69df8c990afaf26d2,2026-04-05T02:23:54.535465+00:00,1775355834535465000,171544860805625,550,,,ETF,2992,100,2992.5,-1.0,55.293250625,
28266,market_research_2026-04-04_21-22-29_live_round,f974d41e6f2b44c69df8c990afaf26d2,2026-04-05T02:23:55.879862+00:00,1775355835879862000,171546205206125,550,,,ETF,2994,40,2991.0,-6.0,56.637651125,
28271,market_research_2026-04-04_21-22-29_live_round,f974d41e6f2b44c69df8c990afaf26d2,2026-04-05T02:23:55.893987+00:00,1775355835893987000,171546219331958,550,,,ETF,2994,60,2991.5,-5.0,56.651776958,
28276,market_research_2026-04-04_21-22-29_live_round,f974d41e6f2b44c69df8c990afaf26d2,2026-04-05T02:23:55.908173+00:00,1775355835908173000,171546233517791,550,,,ETF,2994,40,2992.0,-4.0,56.665962791,
28277,market_research_2026-04-04_21-22-29_live_round,f974d41e6f2b44c69df8c990afaf26d2,2026-04-05T02:23:55.909328+00:00,1775355835909328000,171546234672500,550,,,ETF,2993,40,2992.0,-4.0,56.6671175,
28283,market_research_2026-04-04_21-22-29_live_round,f974d41e6f2b44c69df8c990afaf26d2,2026-04-05T02:23:55.927316+00:00,1775355835927316000,171546252661208,550,,,ETF,2993,20,2992.0,-2.0,56.685106208,
28284,market_research_2026-04-04_21-22-29_live_round,f974d41e6f2b44c69df8c990afaf26d2,2026-04-05T02:23:55.927409+00:00,1775355835927409000,171546252753750,550,,,ETF,2992,80,2992.0,-2.0,56.68519875,
28342,market_research_2026-04-04_21-22-29_live_round,f974d41e6f2b44c69df8c990afaf26d2,2026-04-05T02:23:56.134268+00:00,1775355836134268000,171546459613250,550,,,ETF,2991,40,2988.5,-5.0,56.89205825,
28347,market_research_2026-04-04_21-22-29_live_round,f974d41e6f2b44c69df8c990afaf26d2,2026-04-05T02:23:56.149714+00:00,1775355836149714000,171546475059708,550,,,ETF,2991,60,2989.0,-4.0,56.907504708,
28468,market_research_2026-04-04_21-22-29_live_round,f974d41e6f2b44c69df8c990afaf26d2,2026-04-05T02:23:56.577432+00:00,1775355836577432000,171546902778583,550,,,ETF,2989,40,2992.5,-7.0,57.335223583,
28473,market_research_2026-04-04_21-22-29_live_round,f974d41e6f2b44c69df8c990afaf26d2,2026-04-05T02:23:56.592002+00:00,1775355836592002000,171546917348083,550,,,ETF,2989,60,2992.0,-6.0,57.349793083,
28478,market_research_2026-04-04_21-22-29_live_round,f974d41e6f2b44c69df8c990afaf26d2,2026-04-05T02:23:56.606394+00:00,1775355836606394000,171546931740833,550,,,ETF,2992,40,2993.0,-2.0,57.364185833,
28479,market_research_2026-04-04_21-22-29_live_round,f974d41e6f2b44c69df8c990afaf26d2,2026-04-05T02:23:56.606495+00:00,1775355836606495000,171546931841375,550,,,ETF,2993,40,2993.0,-2.0,57.364286375,
28485,market_research_2026-04-04_21-22-29_live_round,f974d41e6f2b44c69df8c990afaf26d2,2026-04-05T02:23:56.624444+00:00,1775355836624444000,171546949790750,550,,,ETF,2993,20,2993.0,0.0,57.38223575,
28547,market_research_2026-04-04_21-22-29_live_round,f974d41e6f2b44c69df8c990afaf26d2,2026-04-05T02:23:56.841420+00:00,1775355836841420000,171547166767625,550,,,ETF,2995,40,2995.0,0.0,57.599212625,
28675,market_research_2026-04-04_21-22-29_live_round,f974d41e6f2b44c69df8c990afaf26d2,2026-04-05T02:23:57.300228+00:00,1775355837300228000,171547625576125,550,,,ETF,2997,40,2996.5,-1.0,58.058021125,
28741,market_research_2026-04-04_21-22-29_live_round,f974d41e6f2b44c69df8c990afaf26d2,2026-04-05T02:23:57.536838+00:00,1775355837536838000,171547862186708,550,,,ETF,2994,40,2993.0,-2.0,58.294631708,
28746,market_research_2026-04-04_21-22-29_live_round,f974d41e6f2b44c69df8c990afaf26d2,2026-04-05T02:23:57.551370+00:00,1775355837551370000,171547876719541,550,,,ETF,2994,60,2993.5,-1.0,58.309164541,
29008,market_research_2026-04-04_21-22-29_live_round,f974d41e6f2b44c69df8c990afaf26d2,2026-04-05T02:23:58.507883+00:00,1775355838507883000,171548833234500,550,,,ETF,2989,40,2988.0,-2.0,59.2656795,
29013,market_research_2026-04-04_21-22-29_live_round,f974d41e6f2b44c69df8c990afaf26d2,2026-04-05T02:23:58.523979+00:00,1775355838523979000,171548849330583,550,,,ETF,2988,60,2988.0,0.0,59.281775583,
29080,market_research_2026-04-04_21-22-29_live_round,f974d41e6f2b44c69df8c990afaf26d2,2026-04-05T02:23:58.791568+00:00,1775355838791568000,171549116920666,550,,,ETF,2986,40,2982.5,-7.0,59.549365666,
29085,market_research_2026-04-04_21-22-29_live_round,f974d41e6f2b44c69df8c990afaf26d2,2026-04-05T02:23:58.807553+00:00,1775355838807553000,171549132905291,550,,,ETF,2986,60,2983.0,-6.0,59.565350291,
29090,market_research_2026-04-04_21-22-29_live_round,f974d41e6f2b44c69df8c990afaf26d2,2026-04-05T02:23:58.822853+00:00,1775355838822853000,171549148204916,550,,,ETF,2981,40,2981.0,0.0,59.580649916,
29342,market_research_2026-04-04_21-22-29_live_round,f974d41e6f2b44c69df8c990afaf26d2,2026-04-05T02:23:59.783995+00:00,1775355839783995000,171550109349625,550,,,ETF,2986,40,2990.0,-8.0,60.541794625,
29347,market_research_2026-04-04_21-22-29_live_round,f974d41e6f2b44c69df8c990afaf26d2,2026-04-05T02:23:59.797880+00:00,1775355839797880000,171550123235416,550,,,ETF,2987,60,2990.0,-6.0,60.555680416,
29352,market_research_2026-04-04_21-22-29_live_round,f974d41e6f2b44c69df8c990afaf26d2,2026-04-05T02:23:59.812537+00:00,1775355839812537000,171550137892041,550,,,ETF,2988,80,2990.0,-4.0,60.570337041,
29357,market_research_2026-04-04_21-22-29_live_round,f974d41e6f2b44c69df8c990afaf26d2,2026-04-05T02:23:59.828495+00:00,1775355839828495000,171550153850500,550,,,ETF,2988,20,2989.5,-3.0,60.5862955,
29358,market_research_2026-04-04_21-22-29_live_round,f974d41e6f2b44c69df8c990afaf26d2,2026-04-05T02:23:59.829694+00:00,1775355839829694000,171550155049458,550,,,ETF,2988,80,2989.5,-3.0,60.587494458,
29610,market_research_2026-04-04_21-22-29_live_round,f974d41e6f2b44c69df8c990afaf26d2,2026-04-05T02:24:00.766398+00:00,1775355840766398000,171551091755458,550,,,ETF,2997,40,2997.5,-1.0,61.524200458,
29615,market_research_2026-04-04_21-22-29_live_round,f974d41e6f2b44c69df8c990afaf26d2,2026-04-05T02:24:00.781343+00:00,1775355840781343000,171551106701208,550,,,ETF,2997,60,2997.0,0.0,61.539146208,
29683,market_research_2026-04-04_21-22-29_live_round,f974d41e6f2b44c69df8c990afaf26d2,2026-04-05T02:24:01.036417+00:00,1775355841036417000,171551361775500,550,,,ETF,3002,40,3004.0,-4.0,61.7942205,
29688,market_research_2026-04-04_21-22-29_live_round,f974d41e6f2b44c69df8c990afaf26d2,2026-04-05T02:24:01.051471+00:00,1775355841051471000,171551376829208,550,,,ETF,3002,60,3003.5,-3.0,61.809274208,
29693,market_research_2026-04-04_21-22-29_live_round,f974d41e6f2b44c69df8c990afaf26d2,2026-04-05T02:24:01.066460+00:00,1775355841066460000,171551391818500,550,,,ETF,3004,40,3004.0,0.0,61.8242635,
29814,market_research_2026-04-04_21-22-29_live_round,f974d41e6f2b44c69df8c990afaf26d2,2026-04-05T02:24:01.520673+00:00,1775355841520673000,171551846032500,550,,,ETF,3006,40,3007.5,-3.0,62.2784775,
29819,market_research_2026-04-04_21-22-29_live_round,f974d41e6f2b44c69df8c990afaf26d2,2026-04-05T02:24:01.535382+00:00,1775355841535382000,171551860742208,550,,,ETF,3007,60,3007.5,-1.0,62.293187208,
30015,market_research_2026-04-04_21-22-29_live_round,f974d41e6f2b44c69df8c990afaf26d2,2026-04-05T02:24:02.297742+00:00,1775355842297742000,171552623103291,600,,,ETF,3008,40,2997.5,-21.0,0.017837375,
30020,market_research_2026-04-04_21-22-29_live_round,f974d41e6f2b44c69df8c990afaf26d2,2026-04-05T02:24:02.314274+00:00,1775355842314274000,171552639636291,600,,,ETF,3007,60,2997.5,-19.0,0.034370375,
30025,market_research_2026-04-04_21-22-29_live_round,f974d41e6f2b44c69df8c990afaf26d2,2026-04-05T02:24:02.329518+00:00,1775355842329518000,171552654879625,600,,,ETF,3006,80,2997.5,-17.0,0.049613709,
30030,market_research_2026-04-04_21-22-29_live_round,f974d41e6f2b44c69df8c990afaf26d2,2026-04-05T02:24:02.344686+00:00,1775355842344686000,171552670047500,600,,,ETF,3005,100,2997.5,-15.0,0.064781584,
30284,market_research_2026-04-04_21-22-29_live_round,f974d41e6f2b44c69df8c990afaf26d2,2026-04-05T02:24:03.296957+00:00,1775355843296957000,171553622321375,600,,,ETF,2994,40,2994.0,0.0,1.017055459,
30354,market_research_2026-04-04_21-22-29_live_round,f974d41e6f2b44c69df8c990afaf26d2,2026-04-05T02:24:03.553085+00:00,1775355843553085000,171553878450458,600,,,ETF,2997,40,2998.0,-2.0,1.273184542,
30359,market_research_2026-04-04_21-22-29_live_round,f974d41e6f2b44c69df8c990afaf26d2,2026-04-05T02:24:03.568619+00:00,1775355843568619000,171553893983750,600,,,ETF,2997,60,2997.5,-1.0,1.288717834,
30488,market_research_2026-04-04_21-22-29_live_round,f974d41e6f2b44c69df8c990afaf26d2,2026-04-05T02:24:04.040331+00:00,1775355844040331000,171554365697250,600,,,ETF,3004,40,3004.0,0.0,1.760431334,
30553,market_research_2026-04-04_21-22-29_live_round,f974d41e6f2b44c69df8c990afaf26d2,2026-04-05T02:24:04.278972+00:00,1775355844278972000,171554604338750,600,,,ETF,3007,40,3009.0,-4.0,1.999072834,
30558,market_research_2026-04-04_21-22-29_live_round,f974d41e6f2b44c69df8c990afaf26d2,2026-04-05T02:24:04.294394+00:00,1775355844294394000,171554619760750,600,,,ETF,3007,60,3008.5,-3.0,2.014494834,
30880,market_research_2026-04-04_21-22-29_live_round,f974d41e6f2b44c69df8c990afaf26d2,2026-04-05T02:24:05.515651+00:00,1775355845515651000,171555841021250,600,,,ETF,3020,40,3020.0,0.0,3.235755334,
30947,market_research_2026-04-04_21-22-29_live_round,f974d41e6f2b44c69df8c990afaf26d2,2026-04-05T02:24:05.768657+00:00,1775355845768657000,171556094028250,600,,,ETF,3025,40,3027.0,-4.0,3.488762334,
30952,market_research_2026-04-04_21-22-29_live_round,f974d41e6f2b44c69df8c990afaf26d2,2026-04-05T02:24:05.784204+00:00,1775355845784204000,171556109575500,600,,,ETF,3025,60,3026.5,-3.0,3.504309584,
30957,market_research_2026-04-04_21-22-29_live_round,f974d41e6f2b44c69df8c990afaf26d2,2026-04-05T02:24:05.799972+00:00,1775355845799972000,171556125343375,600,,,ETF,3026,40,3026.5,-1.0,3.520077459,
30958,market_research_2026-04-04_21-22-29_live_round,f974d41e6f2b44c69df8c990afaf26d2,2026-04-05T02:24:05.800064+00:00,1775355845800064000,171556125434791,600,,,ETF,3027,40,3026.5,-1.0,3.520168875,
31152,market_research_2026-04-04_21-22-29_live_round,f974d41e6f2b44c69df8c990afaf26d2,2026-04-05T02:24:06.543717+00:00,1775355846543717000,171556869090166,600,,,ETF,3032,40,3032.5,-1.0,4.26382425,
31157,market_research_2026-04-04_21-22-29_live_round,f974d41e6f2b44c69df8c990afaf26d2,2026-04-05T02:24:06.559236+00:00,1775355846559236000,171556884608916,600,,,ETF,3032,60,3032.0,0.0,4.279343,
31559,market_research_2026-04-04_21-22-29_live_round,f974d41e6f2b44c69df8c990afaf26d2,2026-04-05T02:24:08.104813+00:00,1775355848104813000,171558430190708,600,,,ETF,3044,40,3044.0,0.0,5.824924792,
31625,market_research_2026-04-04_21-22-29_live_round,f974d41e6f2b44c69df8c990afaf26d2,2026-04-05T02:24:08.364556+00:00,1775355848364556000,171558689933583,600,,,ETF,3047,40,3049.0,-4.0,6.084667667,
31630,market_research_2026-04-04_21-22-29_live_round,f974d41e6f2b44c69df8c990afaf26d2,2026-04-05T02:24:08.381500+00:00,1775355848381500000,171558706877750,600,,,ETF,3047,60,3048.5,-3.0,6.101611834,
31693,market_research_2026-04-04_21-22-29_live_round,f974d41e6f2b44c69df8c990afaf26d2,2026-04-05T02:24:08.630081+00:00,1775355848630081000,171558955459791,625,,,ETF,3053,40,3053.0,0.0,6.350193875,
31829,market_research_2026-04-04_21-22-29_live_round,f974d41e6f2b44c69df8c990afaf26d2,2026-04-05T02:24:09.180216+00:00,1775355849180216000,171559505596041,625,,,ETF,3058,40,3058.0,0.0,6.900330125,
32022,market_research_2026-04-04_21-22-29_live_round,f974d41e6f2b44c69df8c990afaf26d2,2026-04-05T02:24:09.956282+00:00,1775355849956282000,171560281664333,625,,,ETF,3057,40,3057.5,-1.0,7.676398417,
32092,market_research_2026-04-04_21-22-29_live_round,f974d41e6f2b44c69df8c990afaf26d2,2026-04-05T02:24:10.234001+00:00,1775355850234001000,171560559383666,625,,,ETF,3060,40,3064.5,-9.0,7.95411775,
32097,market_research_2026-04-04_21-22-29_live_round,f974d41e6f2b44c69df8c990afaf26d2,2026-04-05T02:24:10.249701+00:00,1775355850249701000,171560575084375,625,,,ETF,3060,60,3064.0,-8.0,7.969818459,
32102,market_research_2026-04-04_21-22-29_live_round,f974d41e6f2b44c69df8c990afaf26d2,2026-04-05T02:24:10.266560+00:00,1775355850266560000,171560591943291,625,,,ETF,3064,40,3065.5,-3.0,7.986677375,
32103,market_research_2026-04-04_21-22-29_live_round,f974d41e6f2b44c69df8c990afaf26d2,2026-04-05T02:24:10.266651+00:00,1775355850266651000,171560592034000,625,,,ETF,3065,40,3065.5,-3.0,7.986768084,
32109,market_research_2026-04-04_21-22-29_live_round,f974d41e6f2b44c69df8c990afaf26d2,2026-04-05T02:24:10.286727+00:00,1775355850286727000,171560612109875,625,,,ETF,3065,20,3065.5,-1.0,8.006843959,
32110,market_research_2026-04-04_21-22-29_live_round,f974d41e6f2b44c69df8c990afaf26d2,2026-04-05T02:24:10.286827+00:00,1775355850286827000,171560612210458,625,,,ETF,3066,80,3065.5,-1.0,8.006944542,
32172,market_research_2026-04-04_21-22-29_live_round,f974d41e6f2b44c69df8c990afaf26d2,2026-04-05T02:24:10.529772+00:00,1775355850529772000,171560855155625,625,,,ETF,3067,40,3073.0,-12.0,8.249889709,
32177,market_research_2026-04-04_21-22-29_live_round,f974d41e6f2b44c69df8c990afaf26d2,2026-04-05T02:24:10.545718+00:00,1775355850545718000,171560871101875,625,,,ETF,3067,60,3072.5,-11.0,8.265835959,
32182,market_research_2026-04-04_21-22-29_live_round,f974d41e6f2b44c69df8c990afaf26d2,2026-04-05T02:24:10.561638+00:00,1775355850561638000,171560887021916,625,,,ETF,3075,40,3076.0,-2.0,8.281756,
32183,market_research_2026-04-04_21-22-29_live_round,f974d41e6f2b44c69df8c990afaf26d2,2026-04-05T02:24:10.563005+00:00,1775355850563005000,171560888388541,625,,,ETF,3076,40,3076.0,-2.0,8.283122625,
32189,market_research_2026-04-04_21-22-29_live_round,f974d41e6f2b44c69df8c990afaf26d2,2026-04-05T02:24:10.581627+00:00,1775355850581627000,171560907011166,625,,,ETF,3076,20,3076.0,0.0,8.30174525,
32243,market_research_2026-04-04_21-22-29_live_round,f974d41e6f2b44c69df8c990afaf26d2,2026-04-05T02:24:10.797103+00:00,1775355850797103000,171561122487041,625,,,ETF,3078,40,3080.0,-4.0,8.517221125,
32248,market_research_2026-04-04_21-22-29_live_round,f974d41e6f2b44c69df8c990afaf26d2,2026-04-05T02:24:10.814515+00:00,1775355850814515000,171561139899041,625,,,ETF,3078,60,3079.5,-3.0,8.534633125,
32375,market_research_2026-04-04_21-22-29_live_round,f974d41e6f2b44c69df8c990afaf26d2,2026-04-05T02:24:11.322168+00:00,1775355851322168000,171561647553875,625,,,ETF,3084,40,3084.0,0.0,9.042287959,
32701,market_research_2026-04-04_21-22-29_live_round,f974d41e6f2b44c69df8c990afaf26d2,2026-04-05T02:24:12.666876+00:00,1775355852666876000,171562992265208,625,,,ETF,3085,40,3090.0,-10.0,10.386999292,
32706,market_research_2026-04-04_21-22-29_live_round,f974d41e6f2b44c69df8c990afaf26d2,2026-04-05T02:24:12.683011+00:00,1775355852683011000,171563008400875,625,,,ETF,3086,60,3090.0,-8.0,10.403134959,
32711,market_research_2026-04-04_21-22-29_live_round,f974d41e6f2b44c69df8c990afaf26d2,2026-04-05T02:24:12.699237+00:00,1775355852699237000,171563024626583,625,,,ETF,3087,80,3090.0,-6.0,10.419360667,
32716,market_research_2026-04-04_21-22-29_live_round,f974d41e6f2b44c69df8c990afaf26d2,2026-04-05T02:24:12.715496+00:00,1775355852715496000,171563040885375,625,,,ETF,3088,100,3090.0,-4.0,10.435619459,
32774,market_research_2026-04-04_21-22-29_live_round,f974d41e6f2b44c69df8c990afaf26d2,2026-04-05T02:24:12.950082+00:00,1775355852950082000,171563275472583,625,,,ETF,3101,40,3102.0,-2.0,10.670206667,
32779,market_research_2026-04-04_21-22-29_live_round,f974d41e6f2b44c69df8c990afaf26d2,2026-04-05T02:24:12.966084+00:00,1775355852966084000,171563291474250,625,,,ETF,3102,60,3102.0,0.0,10.686208334,
32842,market_research_2026-04-04_21-22-29_live_round,f974d41e6f2b44c69df8c990afaf26d2,2026-04-05T02:24:13.223082+00:00,1775355853223082000,171563548472625,625,,,ETF,3104,40,3111.0,-14.0,10.943206709,
32847,market_research_2026-04-04_21-22-29_live_round,f974d41e6f2b44c69df8c990afaf26d2,2026-04-05T02:24:13.239568+00:00,1775355853239568000,171563564958541,625,,,ETF,3104,60,3110.5,-13.0,10.959692625,
32852,market_research_2026-04-04_21-22-29_live_round,f974d41e6f2b44c69df8c990afaf26d2,2026-04-05T02:24:13.255843+00:00,1775355853255843000,171563581234458,625,,,ETF,3109,40,3112.5,-7.0,10.975968542,
32853,market_research_2026-04-04_21-22-29_live_round,f974d41e6f2b44c69df8c990afaf26d2,2026-04-05T02:24:13.257016+00:00,1775355853257016000,171563582406958,625,,,ETF,3110,40,3112.5,-7.0,10.977141042,
32859,market_research_2026-04-04_21-22-29_live_round,f974d41e6f2b44c69df8c990afaf26d2,2026-04-05T02:24:13.277321+00:00,1775355853277321000,171563602711625,625,,,ETF,3110,20,3112.5,-5.0,10.997445709,
32860,market_research_2026-04-04_21-22-29_live_round,f974d41e6f2b44c69df8c990afaf26d2,2026-04-05T02:24:13.277413+00:00,1775355853277413000,171563602804166,625,,,ETF,3111,80,3112.5,-5.0,10.99753825,
32915,market_research_2026-04-04_21-22-29_live_round,f974d41e6f2b44c69df8c990afaf26d2,2026-04-05T02:24:13.502508+00:00,1775355853502508000,171563827899833,625,,,ETF,3112,40,3112.5,-1.0,11.222633917,
32920,market_research_2026-04-04_21-22-29_live_round,f974d41e6f2b44c69df8c990afaf26d2,2026-04-05T02:24:13.520322+00:00,1775355853520322000,171563845713208,625,,,ETF,3112,60,3112.0,0.0,11.240447292,
33119,market_research_2026-04-04_21-22-29_live_round,f974d41e6f2b44c69df8c990afaf26d2,2026-04-05T02:24:14.314310+00:00,1775355854314310000,171564639704166,625,,,ETF,3117,40,3119.5,-5.0,12.03443825,
33124,market_research_2026-04-04_21-22-29_live_round,f974d41e6f2b44c69df8c990afaf26d2,2026-04-05T02:24:14.330897+00:00,1775355854330897000,171564656290875,625,,,ETF,3118,60,3119.5,-3.0,12.051024959,
33129,market_research_2026-04-04_21-22-29_live_round,f974d41e6f2b44c69df8c990afaf26d2,2026-04-05T02:24:14.347454+00:00,1775355854347454000,171564672848166,625,,,ETF,3119,80,3119.5,-1.0,12.06758225,
33187,market_research_2026-04-04_21-22-29_live_round,f974d41e6f2b44c69df8c990afaf26d2,2026-04-05T02:24:14.583469+00:00,1775355854583469000,171564908863250,625,,,ETF,3119,40,3118.0,-2.0,12.303597334,
33192,market_research_2026-04-04_21-22-29_live_round,f974d41e6f2b44c69df8c990afaf26d2,2026-04-05T02:24:14.601436+00:00,1775355854601436000,171564926830291,625,,,ETF,3119,60,3118.5,-1.0,12.321564375,
33518,market_research_2026-04-04_21-22-29_live_round,f974d41e6f2b44c69df8c990afaf26d2,2026-04-05T02:24:16.044746+00:00,1775355856044746000,171566370144625,625,,,ETF,3126,40,3130.5,-9.0,13.764878709,
33523,market_research_2026-04-04_21-22-29_live_round,f974d41e6f2b44c69df8c990afaf26d2,2026-04-05T02:24:16.064388+00:00,1775355856064388000,171566389786666,625,,,ETF,3127,60,3130.5,-7.0,13.78452075,
33528,market_research_2026-04-04_21-22-29_live_round,f974d41e6f2b44c69df8c990afaf26d2,2026-04-05T02:24:16.082467+00:00,1775355856082467000,171566407865291,625,,,ETF,3127,40,3130.0,-6.0,13.802599375,
33533,market_research_2026-04-04_21-22-29_live_round,f974d41e6f2b44c69df8c990afaf26d2,2026-04-05T02:24:16.102865+00:00,1775355856102865000,171566428263125,625,,,ETF,3127,40,3130.0,-6.0,13.822997209,
33538,market_research_2026-04-04_21-22-29_live_round,f974d41e6f2b44c69df8c990afaf26d2,2026-04-05T02:24:16.122191+00:00,1775355856122191000,171566447589333,625,,,ETF,3127,20,3129.5,-5.0,13.842323417,
33539,market_research_2026-04-04_21-22-29_live_round,f974d41e6f2b44c69df8c990afaf26d2,2026-04-05T02:24:16.122328+00:00,1775355856122328000,171566447726833,625,,,ETF,3128,80,3129.5,-5.0,13.842460917,
33731,market_research_2026-04-04_21-22-29_live_round,f974d41e6f2b44c69df8c990afaf26d2,2026-04-05T02:24:17.005866+00:00,1775355857005866000,171567331267000,625,,,ETF,3128,40,3128.0,0.0,14.726001084,
33863,market_research_2026-04-04_21-22-29_live_round,f974d41e6f2b44c69df8c990afaf26d2,2026-04-05T02:24:17.644983+00:00,1775355857644983000,171567970385750,625,,,ETF,3131,40,3133.5,-5.0,15.365119834,
33868,market_research_2026-04-04_21-22-29_live_round,f974d41e6f2b44c69df8c990afaf26d2,2026-04-05T02:24:17.664319+00:00,1775355857664319000,171567989721333,625,,,ETF,3131,60,3133.0,-4.0,15.384455417,
33873,market_research_2026-04-04_21-22-29_live_round,f974d41e6f2b44c69df8c990afaf26d2,2026-04-05T02:24:17.681193+00:00,1775355857681193000,171568006595916,625,,,ETF,3134,40,3134.0,0.0,15.40133,
34195,market_research_2026-04-04_21-22-29_live_round,f974d41e6f2b44c69df8c990afaf26d2,2026-04-05T02:24:19.256729+00:00,1775355859256729000,171569582135708,625,,,ETF,3140,40,3142.5,-5.0,16.976869792,
34200,market_research_2026-04-04_21-22-29_live_round,f974d41e6f2b44c69df8c990afaf26d2,2026-04-05T02:24:19.275974+00:00,1775355859275974000,171569601380583,625,,,ETF,3141,60,3142.5,-3.0,16.996114667,
34205,market_research_2026-04-04_21-22-29_live_round,f974d41e6f2b44c69df8c990afaf26d2,2026-04-05T02:24:19.294200+00:00,1775355859294200000,171569619607041,625,,,ETF,3142,80,3142.5,-1.0,17.014341125,
34265,market_research_2026-04-04_21-22-29_live_round,f974d41e6f2b44c69df8c990afaf26d2,2026-04-05T02:24:19.579319+00:00,1775355859579319000,171569904726625,625,,,ETF,3143,40,3144.0,-2.0,17.299460709,
34270,market_research_2026-04-04_21-22-29_live_round,f974d41e6f2b44c69df8c990afaf26d2,2026-04-05T02:24:19.596790+00:00,1775355859596790000,171569922197875,625,,,ETF,3143,60,3143.5,-1.0,17.316931959,
34462,market_research_2026-04-04_21-22-29_live_round,f974d41e6f2b44c69df8c990afaf26d2,2026-04-05T02:24:20.533732+00:00,1775355860533732000,171570859142291,625,,,ETF,3140,40,3139.5,-1.0,18.253876375,
34467,market_research_2026-04-04_21-22-29_live_round,f974d41e6f2b44c69df8c990afaf26d2,2026-04-05T02:24:20.552480+00:00,1775355860552480000,171570877890291,625,,,ETF,3140,60,3140.0,0.0,18.272624375,
34530,market_research_2026-04-04_21-22-29_live_round,f974d41e6f2b44c69df8c990afaf26d2,2026-04-05T02:24:20.836726+00:00,1775355860836726000,171571162136958,625,,,ETF,3141,40,3141.5,-1.0,18.556871042,
34535,market_research_2026-04-04_21-22-29_live_round,f974d41e6f2b44c69df8c990afaf26d2,2026-04-05T02:24:20.856976+00:00,1775355860856976000,171571182387125,625,,,ETF,3141,40,3141.0,0.0,18.577121209,
34598,market_research_2026-04-04_21-22-29_live_round,f974d41e6f2b44c69df8c990afaf26d2,2026-04-05T02:24:21.144404+00:00,1775355861144404000,171571469815833,625,,,ETF,3141,20,3141.0,0.0,18.864549917,
34666,market_research_2026-04-04_21-22-29_live_round,f974d41e6f2b44c69df8c990afaf26d2,2026-04-05T02:24:21.469571+00:00,1775355861469571000,171571794983666,625,,,ETF,3141,20,3144.5,-7.0,19.18971775,
34667,market_research_2026-04-04_21-22-29_live_round,f974d41e6f2b44c69df8c990afaf26d2,2026-04-05T02:24:21.471074+00:00,1775355861471074000,171571796486333,625,,,ETF,3142,20,3144.5,-7.0,19.191220417,
34673,market_research_2026-04-04_21-22-29_live_round,f974d41e6f2b44c69df8c990afaf26d2,2026-04-05T02:24:21.493023+00:00,1775355861493023000,171571818436500,625,,,ETF,3142,40,3144.5,-5.0,19.213170584,
34674,market_research_2026-04-04_21-22-29_live_round,f974d41e6f2b44c69df8c990afaf26d2,2026-04-05T02:24:21.493146+00:00,1775355861493146000,171571818558708,625,,,ETF,3143,20,3144.5,-5.0,19.213292792,
34680,market_research_2026-04-04_21-22-29_live_round,f974d41e6f2b44c69df8c990afaf26d2,2026-04-05T02:24:21.519219+00:00,1775355861519219000,171571844632000,625,,,ETF,3143,60,3144.5,-3.0,19.239366084,
34681,market_research_2026-04-04_21-22-29_live_round,f974d41e6f2b44c69df8c990afaf26d2,2026-04-05T02:24:21.519368+00:00,1775355861519368000,171571844780958,625,,,ETF,3144,20,3144.5,-3.0,19.239515042,
34687,market_research_2026-04-04_21-22-29_live_round,f974d41e6f2b44c69df8c990afaf26d2,2026-04-05T02:24:21.543776+00:00,1775355861543776000,171571869189333,625,,,ETF,3144,80,3144.5,-1.0,19.263923417,
34805,market_research_2026-04-04_21-22-29_live_round,f974d41e6f2b44c69df8c990afaf26d2,2026-04-05T02:24:22.105015+00:00,1775355862105015000,171572430429083,625,,,ETF,3151,40,3151.5,-1.0,19.825163167,
35003,market_research_2026-04-04_21-22-29_live_round,f974d41e6f2b44c69df8c990afaf26d2,2026-04-05T02:24:23.052386+00:00,1775355863052386000,171573377802666,625,,,ETF,3151,40,3144.0,-14.0,20.77253675,
35008,market_research_2026-04-04_21-22-29_live_round,f974d41e6f2b44c69df8c990afaf26d2,2026-04-05T02:24:23.072531+00:00,1775355863072531000,171573397947833,625,,,ETF,3150,60,3144.0,-12.0,20.792681917,
35013,market_research_2026-04-04_21-22-29_live_round,f974d41e6f2b44c69df8c990afaf26d2,2026-04-05T02:24:23.091944+00:00,1775355863091944000,171573417361416,625,,,ETF,3149,80,3144.0,-10.0,20.8120955,
35018,market_research_2026-04-04_21-22-29_live_round,f974d41e6f2b44c69df8c990afaf26d2,2026-04-05T02:24:23.111731+00:00,1775355863111731000,171573437148291,625,,,ETF,3148,100,3144.0,-8.0,20.831882375,
35139,market_research_2026-04-04_21-22-29_live_round,f974d41e6f2b44c69df8c990afaf26d2,2026-04-05T02:24:23.687491+00:00,1775355863687491000,171574012909333,625,,,ETF,3137,40,3138.0,-2.0,21.407643417,
35144,market_research_2026-04-04_21-22-29_live_round,f974d41e6f2b44c69df8c990afaf26d2,2026-04-05T02:24:23.703836+00:00,1775355863703836000,171574029255083,625,,,ETF,3138,60,3138.0,0.0,21.423989167,
35207,market_research_2026-04-04_21-22-29_live_round,f974d41e6f2b44c69df8c990afaf26d2,2026-04-05T02:24:23.999220+00:00,1775355863999220000,171574324639375,625,,,ETF,3137,40,3135.5,-3.0,21.719373459,
35212,market_research_2026-04-04_21-22-29_live_round,f974d41e6f2b44c69df8c990afaf26d2,2026-04-05T02:24:24.019366+00:00,1775355864019366000,171574344785208,625,,,ETF,3137,40,3136.0,-2.0,21.739519292,
35213,market_research_2026-04-04_21-22-29_live_round,f974d41e6f2b44c69df8c990afaf26d2,2026-04-05T02:24:24.019491+00:00,1775355864019491000,171574344910625,625,,,ETF,3136,20,3136.0,-2.0,21.739644709,
35219,market_research_2026-04-04_21-22-29_live_round,f974d41e6f2b44c69df8c990afaf26d2,2026-04-05T02:24:24.044089+00:00,1775355864044089000,171574369508750,625,,,ETF,3136,80,3136.0,0.0,21.764242834,
35350,market_research_2026-04-04_21-22-29_live_round,f974d41e6f2b44c69df8c990afaf26d2,2026-04-05T02:24:24.714777+00:00,1775355864714777000,171575040198750,625,,,ETF,3127,40,3126.5,-1.0,22.434932834,
35415,market_research_2026-04-04_21-22-29_live_round,f974d41e6f2b44c69df8c990afaf26d2,2026-04-05T02:24:25.035589+00:00,1775355865035589000,171575361011500,625,,,ETF,3127,40,3128.0,-2.0,22.755745584,
35420,market_research_2026-04-04_21-22-29_live_round,f974d41e6f2b44c69df8c990afaf26d2,2026-04-05T02:24:25.053103+00:00,1775355865053103000,171575378525333,625,,,ETF,3127,20,3127.5,-1.0,22.773259417,
35421,market_research_2026-04-04_21-22-29_live_round,f974d41e6f2b44c69df8c990afaf26d2,2026-04-05T02:24:25.054765+00:00,1775355865054765000,171575380187666,625,,,ETF,3128,40,3127.5,-1.0,22.77492175,
36011,market_research_2026-04-04_21-22-29_live_round,f974d41e6f2b44c69df8c990afaf26d2,2026-04-05T02:24:27.673050+00:00,1775355867673050000,171577998479208,625,,,ETF,3129,40,3129.5,-1.0,25.393213292,
36336,market_research_2026-04-04_21-22-29_live_round,f974d41e6f2b44c69df8c990afaf26d2,2026-04-05T02:24:29.070362+00:00,1775355869070362000,171579395794791,625,,,ETF,3134,40,3134.5,-1.0,26.790528875,
36469,market_research_2026-04-04_21-22-29_live_round,f974d41e6f2b44c69df8c990afaf26d2,2026-04-05T02:24:29.613864+00:00,1775355869613864000,171579939299041,625,,,ETF,3139,40,3140.5,-3.0,27.334033125,
36474,market_research_2026-04-04_21-22-29_live_round,f974d41e6f2b44c69df8c990afaf26d2,2026-04-05T02:24:29.630546+00:00,1775355869630546000,171579955980916,625,,,ETF,3140,60,3140.5,-1.0,27.350715,
36928,market_research_2026-04-04_21-22-29_live_round,f974d41e6f2b44c69df8c990afaf26d2,2026-04-05T02:24:31.653531+00:00,1775355871653531000,171581978970541,625,,,ETF,3140,40,3139.5,-1.0,29.373704625,
37056,market_research_2026-04-04_21-22-29_live_round,f974d41e6f2b44c69df8c990afaf26d2,2026-04-05T02:24:32.255383+00:00,1775355872255383000,171582580824208,625,,,ETF,3142,40,3142.5,-1.0,29.975558292,
37061,market_research_2026-04-04_21-22-29_live_round,f974d41e6f2b44c69df8c990afaf26d2,2026-04-05T02:24:32.275318+00:00,1775355872275318000,171582600759708,625,,,ETF,3142,60,3142.0,0.0,29.995493792,
37129,market_research_2026-04-04_21-22-29_live_round,f974d41e6f2b44c69df8c990afaf26d2,2026-04-05T02:24:32.591973+00:00,1775355872591973000,171582917415708,625,,,ETF,3147,40,3150.0,-6.0,30.312149792,
37134,market_research_2026-04-04_21-22-29_live_round,f974d41e6f2b44c69df8c990afaf26d2,2026-04-05T02:24:32.610214+00:00,1775355872610214000,171582935656375,625,,,ETF,3147,60,3149.5,-5.0,30.330390459,
37139,market_research_2026-04-04_21-22-29_live_round,f974d41e6f2b44c69df8c990afaf26d2,2026-04-05T02:24:32.629648+00:00,1775355872629648000,171582955090875,625,,,ETF,3149,40,3150.0,-2.0,30.349824959,
37140,market_research_2026-04-04_21-22-29_live_round,f974d41e6f2b44c69df8c990afaf26d2,2026-04-05T02:24:32.629748+00:00,1775355872629748000,171582955190958,625,,,ETF,3150,40,3150.0,-2.0,30.349925042,
37146,market_research_2026-04-04_21-22-29_live_round,f974d41e6f2b44c69df8c990afaf26d2,2026-04-05T02:24:32.652488+00:00,1775355872652488000,171582977930875,625,,,ETF,3150,20,3150.0,0.0,30.372664959,
37202,market_research_2026-04-04_21-22-29_live_round,f974d41e6f2b44c69df8c990afaf26d2,2026-04-05T02:24:32.913361+00:00,1775355872913361000,171583238804416,625,,,ETF,3152,40,3153.0,-2.0,30.6335385,
37207,market_research_2026-04-04_21-22-29_live_round,f974d41e6f2b44c69df8c990afaf26d2,2026-04-05T02:24:32.935258+00:00,1775355872935258000,171583260701208,625,,,ETF,3152,60,3152.5,-1.0,30.655435292,
37335,market_research_2026-04-04_21-22-29_live_round,f974d41e6f2b44c69df8c990afaf26d2,2026-04-05T02:24:33.530726+00:00,1775355873530726000,171583856171333,625,,,ETF,3154,40,3152.5,-3.0,31.250905417,
37340,market_research_2026-04-04_21-22-29_live_round,f974d41e6f2b44c69df8c990afaf26d2,2026-04-05T02:24:33.550564+00:00,1775355873550564000,171583876008791,625,,,ETF,3153,60,3152.5,-1.0,31.270742875,
37403,market_research_2026-04-04_21-22-29_live_round,f974d41e6f2b44c69df8c990afaf26d2,2026-04-05T02:24:33.838709+00:00,1775355873838709000,171584164155208,625,,,ETF,3151,40,3151.0,0.0,31.558889292,
37606,market_research_2026-04-04_21-22-29_live_round,f974d41e6f2b44c69df8c990afaf26d2,2026-04-05T02:24:34.790927+00:00,1775355874790927000,171585116375375,625,,,ETF,3155,40,3155.5,-1.0,32.511109459,
37611,market_research_2026-04-04_21-22-29_live_round,f974d41e6f2b44c69df8c990afaf26d2,2026-04-05T02:24:34.811065+00:00,1775355874811065000,171585136513291,625,,,ETF,3155,60,3155.0,0.0,32.531247375,
37875,market_research_2026-04-04_21-22-29_live_round,f974d41e6f2b44c69df8c990afaf26d2,2026-04-05T02:24:36.052675+00:00,1775355876052675000,171586378126916,625,,,ETF,3154,40,3152.5,-3.0,33.772861,
37880,market_research_2026-04-04_21-22-29_live_round,f974d41e6f2b44c69df8c990afaf26d2,2026-04-05T02:24:36.071120+00:00,1775355876071120000,171586396571750,625,,,ETF,3153,60,3152.5,-1.0,33.791305834,
37941,market_research_2026-04-04_21-22-29_live_round,f974d41e6f2b44c69df8c990afaf26d2,2026-04-05T02:24:36.354758+00:00,1775355876354758000,171586680210875,625,,,ETF,3153,40,3157.0,-8.0,34.074944959,
37946,market_research_2026-04-04_21-22-29_live_round,f974d41e6f2b44c69df8c990afaf26d2,2026-04-05T02:24:36.375077+00:00,1775355876375077000,171586700530000,625,,,ETF,3153,40,3156.5,-7.0,34.095264084,
37947,market_research_2026-04-04_21-22-29_live_round,f974d41e6f2b44c69df8c990afaf26d2,2026-04-05T02:24:36.375174+00:00,1775355876375174000,171586700627000,625,,,ETF,3154,20,3156.5,-7.0,34.095361084,
37953,market_research_2026-04-04_21-22-29_live_round,f974d41e6f2b44c69df8c990afaf26d2,2026-04-05T02:24:36.398556+00:00,1775355876398556000,171586724008708,625,,,ETF,3154,80,3156.5,-5.0,34.118742792,
38025,market_research_2026-04-04_21-22-29_live_round,f974d41e6f2b44c69df8c990afaf26d2,2026-04-05T02:24:36.715114+00:00,1775355876715114000,171587040567541,625,,,ETF,3158,40,3157.5,-1.0,34.435301625,
38030,market_research_2026-04-04_21-22-29_live_round,f974d41e6f2b44c69df8c990afaf26d2,2026-04-05T02:24:36.732572+00:00,1775355876732572000,171587058025750,625,,,ETF,3158,60,3158.0,0.0,34.452759834,
38088,market_research_2026-04-04_21-22-29_live_round,f974d41e6f2b44c69df8c990afaf26d2,2026-04-05T02:24:37.000732+00:00,1775355877000732000,171587326186583,625,,,ETF,3151,40,3147.0,-8.0,34.720920667,
38093,market_research_2026-04-04_21-22-29_live_round,f974d41e6f2b44c69df8c990afaf26d2,2026-04-05T02:24:37.019632+00:00,1775355877019632000,171587345086125,625,,,ETF,3150,60,3147.0,-6.0,34.739820209,
38098,market_research_2026-04-04_21-22-29_live_round,f974d41e6f2b44c69df8c990afaf26d2,2026-04-05T02:24:37.038575+00:00,1775355877038575000,171587364029041,625,,,ETF,3149,80,3147.0,-4.0,34.758763125,
38103,market_research_2026-04-04_21-22-29_live_round,f974d41e6f2b44c69df8c990afaf26d2,2026-04-05T02:24:37.057357+00:00,1775355877057357000,171587382811875,625,,,ETF,3148,100,3147.0,-2.0,34.777545959,
38221,market_research_2026-04-04_21-22-29_live_round,f974d41e6f2b44c69df8c990afaf26d2,2026-04-05T02:24:37.602186+00:00,1775355877602186000,171587927642250,625,,,ETF,3147,40,3149.5,-5.0,35.322376334,
38226,market_research_2026-04-04_21-22-29_live_round,f974d41e6f2b44c69df8c990afaf26d2,2026-04-05T02:24:37.622386+00:00,1775355877622386000,171587947842500,625,,,ETF,3148,60,3149.5,-3.0,35.342576584,
38231,market_research_2026-04-04_21-22-29_live_round,f974d41e6f2b44c69df8c990afaf26d2,2026-04-05T02:24:37.641159+00:00,1775355877641159000,171587966614958,625,,,ETF,3149,80,3149.5,-1.0,35.361349042,
38290,market_research_2026-04-04_21-22-29_live_round,f974d41e6f2b44c69df8c990afaf26d2,2026-04-05T02:24:37.908443+00:00,1775355877908443000,171588233899500,625,,,ETF,3150,40,3156.0,-12.0,35.628633584,
38295,market_research_2026-04-04_21-22-29_live_round,f974d41e6f2b44c69df8c990afaf26d2,2026-04-05T02:24:37.927440+00:00,1775355877927440000,171588252896708,625,,,ETF,3150,60,3155.5,-11.0,35.647630792,
38300,market_research_2026-04-04_21-22-29_live_round,f974d41e6f2b44c69df8c990afaf26d2,2026-04-05T02:24:37.944694+00:00,1775355877944694000,171588270151041,625,,,ETF,3158,40,3159.0,-2.0,35.664885125,
38301,market_research_2026-04-04_21-22-29_live_round,f974d41e6f2b44c69df8c990afaf26d2,2026-04-05T02:24:37.946291+00:00,1775355877946291000,171588271748291,625,,,ETF,3159,40,3159.0,-2.0,35.666482375,
38307,market_research_2026-04-04_21-22-29_live_round,f974d41e6f2b44c69df8c990afaf26d2,2026-04-05T02:24:37.969888+00:00,1775355877969888000,171588295344541,625,,,ETF,3159,20,3159.0,0.0,35.690078625,
38423,market_research_2026-04-04_21-22-29_live_round,f974d41e6f2b44c69df8c990afaf26d2,2026-04-05T02:24:38.510399+00:00,1775355878510399000,171588835857583,625,,,ETF,3165,40,3167.0,-4.0,36.230591667,
38428,market_research_2026-04-04_21-22-29_live_round,f974d41e6f2b44c69df8c990afaf26d2,2026-04-05T02:24:38.529159+00:00,1775355878529159000,171588854617916,625,,,ETF,3166,60,3167.0,-2.0,36.249352,
38433,market_research_2026-04-04_21-22-29_live_round,f974d41e6f2b44c69df8c990afaf26d2,2026-04-05T02:24:38.548135+00:00,1775355878548135000,171588873593875,625,,,ETF,3167,80,3167.0,0.0,36.268327959,
38498,market_research_2026-04-04_21-22-29_live_round,f974d41e6f2b44c69df8c990afaf26d2,2026-04-05T02:24:38.848527+00:00,1775355878848527000,171589173986583,625,,,ETF,3166,40,3164.0,-4.0,36.568720667,
38503,market_research_2026-04-04_21-22-29_live_round,f974d41e6f2b44c69df8c990afaf26d2,2026-04-05T02:24:38.869037+00:00,1775355878869037000,171589194496750,625,,,ETF,3166,60,3164.5,-3.0,36.589230834,
38565,market_research_2026-04-04_21-22-29_live_round,f974d41e6f2b44c69df8c990afaf26d2,2026-04-05T02:24:39.153961+00:00,1775355879153961000,171589479421583,625,,,ETF,3156,40,3156.0,0.0,36.874155667,
38627,market_research_2026-04-04_21-22-29_live_round,f974d41e6f2b44c69df8c990afaf26d2,2026-04-05T02:24:39.436237+00:00,1775355879436237000,171589761698125,625,,,ETF,3157,40,3160.5,-7.0,37.156432209,
38632,market_research_2026-04-04_21-22-29_live_round,f974d41e6f2b44c69df8c990afaf26d2,2026-04-05T02:24:39.454003+00:00,1775355879454003000,171589779463666,625,,,ETF,3157,20,3160.0,-6.0,37.17419775,
38633,market_research_2026-04-04_21-22-29_live_round,f974d41e6f2b44c69df8c990afaf26d2,2026-04-05T02:24:39.454103+00:00,1775355879454103000,171589779564166,625,,,ETF,3158,40,3160.0,-6.0,37.17429825,
38639,market_research_2026-04-04_21-22-29_live_round,f974d41e6f2b44c69df8c990afaf26d2,2026-04-05T02:24:39.476419+00:00,1775355879476419000,171589801880000,625,,,ETF,3158,40,3160.0,-4.0,37.196614084,
38640,market_research_2026-04-04_21-22-29_live_round,f974d41e6f2b44c69df8c990afaf26d2,2026-04-05T02:24:39.476526+00:00,1775355879476526000,171589801987250,625,,,ETF,3159,40,3160.0,-4.0,37.196721334,
38646,market_research_2026-04-04_21-22-29_live_round,f974d41e6f2b44c69df8c990afaf26d2,2026-04-05T02:24:39.498621+00:00,1775355879498621000,171589824082125,625,,,ETF,3159,60,3160.0,-2.0,37.218816209,
39031,market_research_2026-04-04_21-22-29_live_round,f974d41e6f2b44c69df8c990afaf26d2,2026-04-05T02:24:41.328206+00:00,1775355881328206000,171591653672041,625,,,ETF,3175,40,3174.0,-2.0,39.048406125,
39036,market_research_2026-04-04_21-22-29_live_round,f974d41e6f2b44c69df8c990afaf26d2,2026-04-05T02:24:41.348617+00:00,1775355881348617000,171591674082625,625,,,ETF,3174,60,3174.0,0.0,39.068816709,
39110,market_research_2026-04-04_21-22-29_live_round,f974d41e6f2b44c69df8c990afaf26d2,2026-04-05T02:24:41.699684+00:00,1775355881699684000,171592025150541,625,,,ETF,3172,40,3170.5,-3.0,39.419884625,
39115,market_research_2026-04-04_21-22-29_live_round,f974d41e6f2b44c69df8c990afaf26d2,2026-04-05T02:24:41.718978+00:00,1775355881718978000,171592044445458,625,,,ETF,3172,60,3171.0,-2.0,39.439179542,
39236,market_research_2026-04-04_21-22-29_live_round,f974d41e6f2b44c69df8c990afaf26d2,2026-04-05T02:24:42.299422+00:00,1775355882299422000,171592624890458,625,,,ETF,3160,40,3160.0,0.0,40.019624542,
39302,market_research_2026-04-04_21-22-29_live_round,f974d41e6f2b44c69df8c990afaf26d2,2026-04-05T02:24:42.616607+00:00,1775355882616607000,171592942076666,625,,,ETF,3157,40,3153.0,-8.0,40.33681075,
39307,market_research_2026-04-04_21-22-29_live_round,f974d41e6f2b44c69df8c990afaf26d2,2026-04-05T02:24:42.636004+00:00,1775355882636004000,171592961472916,625,,,ETF,3157,60,3153.5,-7.0,40.356207,
39312,market_research_2026-04-04_21-22-29_live_round,f974d41e6f2b44c69df8c990afaf26d2,2026-04-05T02:24:42.655391+00:00,1775355882655391000,171592980860666,625,,,ETF,3154,40,3152.5,-3.0,40.37559475,
39313,market_research_2026-04-04_21-22-29_live_round,f974d41e6f2b44c69df8c990afaf26d2,2026-04-05T02:24:42.657029+00:00,1775355882657029000,171592982498125,625,,,ETF,3153,40,3152.5,-3.0,40.377232209,
39319,market_research_2026-04-04_21-22-29_live_round,f974d41e6f2b44c69df8c990afaf26d2,2026-04-05T02:24:42.681225+00:00,1775355882681225000,171593006695041,625,,,ETF,3153,20,3152.5,-1.0,40.401429125,
39320,market_research_2026-04-04_21-22-29_live_round,f974d41e6f2b44c69df8c990afaf26d2,2026-04-05T02:24:42.681325+00:00,1775355882681325000,171593006794583,625,,,ETF,3152,80,3152.5,-1.0,40.401528667,
39444,market_research_2026-04-04_21-22-29_live_round,f974d41e6f2b44c69df8c990afaf26d2,2026-04-05T02:24:43.279761+00:00,1775355883279761000,171593605232583,625,,,ETF,3152,40,3150.5,-3.0,40.999966667,
39449,market_research_2026-04-04_21-22-29_live_round,f974d41e6f2b44c69df8c990afaf26d2,2026-04-05T02:24:43.300803+00:00,1775355883300803000,171593626274666,625,,,ETF,3151,60,3150.5,-1.0,41.02100875,
39640,market_research_2026-04-04_21-22-29_live_round,f974d41e6f2b44c69df8c990afaf26d2,2026-04-05T02:24:44.238662+00:00,1775355884238662000,171594564135750,625,,,ETF,3148,40,3147.5,-1.0,41.958869834,
40097,market_research_2026-04-04_21-22-29_live_round,f974d41e6f2b44c69df8c990afaf26d2,2026-04-05T02:24:46.570854+00:00,1775355886570854000,171596896333916,750,,,ETF,3140,40,3143.5,-7.0,0.016626125,
40102,market_research_2026-04-04_21-22-29_live_round,f974d41e6f2b44c69df8c990afaf26d2,2026-04-05T02:24:46.590632+00:00,1775355886590632000,171596916111666,750,,,ETF,3141,60,3143.5,-5.0,0.036403875,
40107,market_research_2026-04-04_21-22-29_live_round,f974d41e6f2b44c69df8c990afaf26d2,2026-04-05T02:24:46.610189+00:00,1775355886610189000,171596935668708,750,,,ETF,3142,80,3143.5,-3.0,0.055960917,
40112,market_research_2026-04-04_21-22-29_live_round,f974d41e6f2b44c69df8c990afaf26d2,2026-04-05T02:24:46.626879+00:00,1775355886626879000,171596952359250,750,,,ETF,3143,100,3143.5,-1.0,0.072651459,
40237,market_research_2026-04-04_21-22-29_live_round,f974d41e6f2b44c69df8c990afaf26d2,2026-04-05T02:24:47.260160+00:00,1775355887260160000,171597585641625,750,,,ETF,3149,40,3146.5,-5.0,0.705933834,
40242,market_research_2026-04-04_21-22-29_live_round,f974d41e6f2b44c69df8c990afaf26d2,2026-04-05T02:24:47.279820+00:00,1775355887279820000,171597605302208,750,,,ETF,3148,60,3146.5,-3.0,0.725594417,
40247,market_research_2026-04-04_21-22-29_live_round,f974d41e6f2b44c69df8c990afaf26d2,2026-04-05T02:24:47.299279+00:00,1775355887299279000,171597624761000,750,,,ETF,3147,80,3146.5,-1.0,0.745053209,
40499,market_research_2026-04-04_21-22-29_live_round,f974d41e6f2b44c69df8c990afaf26d2,2026-04-05T02:24:48.595258+00:00,1775355888595258000,171598920743458,750,,,ETF,3143,40,3142.0,-2.0,2.041035667,
40504,market_research_2026-04-04_21-22-29_live_round,f974d41e6f2b44c69df8c990afaf26d2,2026-04-05T02:24:48.615670+00:00,1775355888615670000,171598941155333,750,,,ETF,3142,60,3142.0,0.0,2.061447542,
40893,market_research_2026-04-04_21-22-29_live_round,f974d41e6f2b44c69df8c990afaf26d2,2026-04-05T02:24:50.560261+00:00,1775355890560261000,171600885751125,750,,,ETF,3135,40,3134.5,-1.0,4.006043334,
40898,market_research_2026-04-04_21-22-29_live_round,f974d41e6f2b44c69df8c990afaf26d2,2026-04-05T02:24:50.581706+00:00,1775355890581706000,171600907196625,750,,,ETF,3135,60,3135.0,0.0,4.027488834,
40961,market_research_2026-04-04_21-22-29_live_round,f974d41e6f2b44c69df8c990afaf26d2,2026-04-05T02:24:50.889135+00:00,1775355890889135000,171601214626583,750,,,ETF,3136,40,3137.0,-2.0,4.334918792,
40970,market_research_2026-04-04_21-22-29_live_round,f974d41e6f2b44c69df8c990afaf26d2,2026-04-05T02:24:50.927820+00:00,1775355890927820000,171601253311375,750,,,ETF,3136,40,3136.5,-1.0,4.373603584,
40971,market_research_2026-04-04_21-22-29_live_round,f974d41e6f2b44c69df8c990afaf26d2,2026-04-05T02:24:50.927929+00:00,1775355890927929000,171601253420958,750,,,ETF,3137,20,3136.5,-1.0,4.373713167,
41034,market_research_2026-04-04_21-22-29_live_round,f974d41e6f2b44c69df8c990afaf26d2,2026-04-05T02:24:51.221461+00:00,1775355891221461000,171601546953416,750,,,ETF,3137,40,3139.0,-4.0,4.667245625,
41039,market_research_2026-04-04_21-22-29_live_round,f974d41e6f2b44c69df8c990afaf26d2,2026-04-05T02:24:51.241441+00:00,1775355891241441000,171601566932916,750,,,ETF,3137,40,3138.5,-3.0,4.687225125,
41301,market_research_2026-04-04_21-22-29_live_round,f974d41e6f2b44c69df8c990afaf26d2,2026-04-05T02:24:52.561843+00:00,1775355892561843000,171602887339166,750,,,ETF,3134,40,3129.0,-10.0,6.007631375,
41306,market_research_2026-04-04_21-22-29_live_round,f974d41e6f2b44c69df8c990afaf26d2,2026-04-05T02:24:52.583332+00:00,1775355892583332000,171602908828000,750,,,ETF,3133,60,3129.0,-8.0,6.029120209,
41311,market_research_2026-04-04_21-22-29_live_round,f974d41e6f2b44c69df8c990afaf26d2,2026-04-05T02:24:52.602280+00:00,1775355892602280000,171602927775458,750,,,ETF,3132,80,3129.0,-6.0,6.048067667,
41316,market_research_2026-04-04_21-22-29_live_round,f974d41e6f2b44c69df8c990afaf26d2,2026-04-05T02:24:52.622913+00:00,1775355892622913000,171602948409500,750,,,ETF,3132,100,3129.5,-5.0,6.068701709,
41372,market_research_2026-04-04_21-22-29_live_round,f974d41e6f2b44c69df8c990afaf26d2,2026-04-05T02:24:52.895942+00:00,1775355892895942000,171603221438791,750,,,ETF,3131,40,3125.5,-11.0,6.341731,
41377,market_research_2026-04-04_21-22-29_live_round,f974d41e6f2b44c69df8c990afaf26d2,2026-04-05T02:24:52.915954+00:00,1775355892915954000,171603241450500,750,,,ETF,3131,60,3126.0,-10.0,6.361742709,
41442,market_research_2026-04-04_21-22-29_live_round,f974d41e6f2b44c69df8c990afaf26d2,2026-04-05T02:24:53.242566+00:00,1775355893242566000,171603568063916,750,,,ETF,3115,40,3112.5,-5.0,6.688356125,
41447,market_research_2026-04-04_21-22-29_live_round,f974d41e6f2b44c69df8c990afaf26d2,2026-04-05T02:24:53.263154+00:00,1775355893263154000,171603588651875,750,,,ETF,3115,60,3113.0,-4.0,6.708944084,
41452,market_research_2026-04-04_21-22-29_live_round,f974d41e6f2b44c69df8c990afaf26d2,2026-04-05T02:24:53.281830+00:00,1775355893281830000,171603607327583,750,,,ETF,3114,40,3113.0,-2.0,6.727619792,
41453,market_research_2026-04-04_21-22-29_live_round,f974d41e6f2b44c69df8c990afaf26d2,2026-04-05T02:24:53.281936+00:00,1775355893281936000,171603607434125,750,,,ETF,3113,40,3113.0,-2.0,6.727726334,
41459,market_research_2026-04-04_21-22-29_live_round,f974d41e6f2b44c69df8c990afaf26d2,2026-04-05T02:24:53.307290+00:00,1775355893307290000,171603632787875,750,,,ETF,3113,20,3113.0,0.0,6.753080084,
41523,market_research_2026-04-04_21-22-29_live_round,f974d41e6f2b44c69df8c990afaf26d2,2026-04-05T02:24:53.610427+00:00,1775355893610427000,171603935925500,750,,,ETF,3111,40,3110.0,-2.0,7.056217709,
41528,market_research_2026-04-04_21-22-29_live_round,f974d41e6f2b44c69df8c990afaf26d2,2026-04-05T02:24:53.630753+00:00,1775355893630753000,171603956251625,750,,,ETF,3111,60,3110.5,-1.0,7.076543834,
41989,market_research_2026-04-04_21-22-29_live_round,f974d41e6f2b44c69df8c990afaf26d2,2026-04-05T02:24:55.956359+00:00,1775355895956359000,171606281863708,750,,,ETF,3110,40,3110.0,0.0,9.402155917,
42064,market_research_2026-04-04_21-22-29_live_round,f974d41e6f2b44c69df8c990afaf26d2,2026-04-05T02:24:56.338068+00:00,1775355896338068000,171606663574000,750,,,ETF,3107,40,3100.0,-14.0,9.783866209,
42069,market_research_2026-04-04_21-22-29_live_round,f974d41e6f2b44c69df8c990afaf26d2,2026-04-05T02:24:56.359919+00:00,1775355896359919000,171606685425208,750,,,ETF,3107,60,3100.5,-13.0,9.805717417,
42074,market_research_2026-04-04_21-22-29_live_round,f974d41e6f2b44c69df8c990afaf26d2,2026-04-05T02:24:56.380323+00:00,1775355896380323000,171606705828958,750,,,ETF,3104,40,3099.5,-9.0,9.826121167,
42075,market_research_2026-04-04_21-22-29_live_round,f974d41e6f2b44c69df8c990afaf26d2,2026-04-05T02:24:56.380425+00:00,1775355896380425000,171606705930833,750,,,ETF,3103,40,3099.5,-9.0,9.826223042,
42081,market_research_2026-04-04_21-22-29_live_round,f974d41e6f2b44c69df8c990afaf26d2,2026-04-05T02:24:56.406275+00:00,1775355896406275000,171606731781208,750,,,ETF,3103,20,3099.5,-7.0,9.852073417,
42082,market_research_2026-04-04_21-22-29_live_round,f974d41e6f2b44c69df8c990afaf26d2,2026-04-05T02:24:56.407988+00:00,1775355896407988000,171606733493916,750,,,ETF,3102,80,3099.5,-7.0,9.853786125,
42142,market_research_2026-04-04_21-22-29_live_round,f974d41e6f2b44c69df8c990afaf26d2,2026-04-05T02:24:56.700672+00:00,1775355896700672000,171607026179250,750,,,ETF,3101,40,3096.0,-10.0,10.146471459,
42147,market_research_2026-04-04_21-22-29_live_round,f974d41e6f2b44c69df8c990afaf26d2,2026-04-05T02:24:56.723423+00:00,1775355896723423000,171607048930583,750,,,ETF,3101,60,3096.5,-9.0,10.169222792,
42205,market_research_2026-04-04_21-22-29_live_round,f974d41e6f2b44c69df8c990afaf26d2,2026-04-05T02:24:57.021058+00:00,1775355897021058000,171607346565541,750,,,ETF,3093,40,3093.0,0.0,10.46685775,
42469,market_research_2026-04-04_21-22-29_live_round,f974d41e6f2b44c69df8c990afaf26d2,2026-04-05T02:24:58.415200+00:00,1775355898415200000,171608740711625,750,,,ETF,3086,40,3085.5,-1.0,11.861003834,
42535,market_research_2026-04-04_21-22-29_live_round,f974d41e6f2b44c69df8c990afaf26d2,2026-04-05T02:24:58.763369+00:00,1775355898763369000,171609088881291,750,,,ETF,3083,40,3079.0,-8.0,12.2091735,
42540,market_research_2026-04-04_21-22-29_live_round,f974d41e6f2b44c69df8c990afaf26d2,2026-04-05T02:24:58.784363+00:00,1775355898784363000,171609109875958,750,,,ETF,3083,60,3079.5,-7.0,12.230168167,
42545,market_research_2026-04-04_21-22-29_live_round,f974d41e6f2b44c69df8c990afaf26d2,2026-04-05T02:24:58.805712+00:00,1775355898805712000,171609131224791,750,,,ETF,3079,40,3078.0,-2.0,12.251517,
42546,market_research_2026-04-04_21-22-29_live_round,f974d41e6f2b44c69df8c990afaf26d2,2026-04-05T02:24:58.805822+00:00,1775355898805822000,171609131334583,750,,,ETF,3078,40,3078.0,-2.0,12.251626792,
42552,market_research_2026-04-04_21-22-29_live_round,f974d41e6f2b44c69df8c990afaf26d2,2026-04-05T02:24:58.832317+00:00,1775355898832317000,171609157829500,750,,,ETF,3078,20,3078.0,0.0,12.278121709,
42609,market_research_2026-04-04_21-22-29_live_round,f974d41e6f2b44c69df8c990afaf26d2,2026-04-05T02:24:59.131306+00:00,1775355899131306000,171609456819625,750,,,ETF,3076,40,3075.0,-2.0,12.577111834,
42618,market_research_2026-04-04_21-22-29_live_round,f974d41e6f2b44c69df8c990afaf26d2,2026-04-05T02:24:59.173272+00:00,1775355899173272000,171609498786000,750,,,ETF,3076,60,3075.5,-1.0,12.619078209,
42811,market_research_2026-04-04_21-22-29_live_round,f974d41e6f2b44c69df8c990afaf26d2,2026-04-05T02:25:00.201960+00:00,1775355900201960000,171610527476041,750,,,ETF,3067,40,3064.0,-6.0,13.64776825,
42816,market_research_2026-04-04_21-22-29_live_round,f974d41e6f2b44c69df8c990afaf26d2,2026-04-05T02:25:00.224807+00:00,1775355900224807000,171610550323375,750,,,ETF,3067,60,3064.5,-5.0,13.670615584,
42821,market_research_2026-04-04_21-22-29_live_round,f974d41e6f2b44c69df8c990afaf26d2,2026-04-05T02:25:00.245496+00:00,1775355900245496000,171610571012666,750,,,ETF,3065,40,3064.0,-2.0,13.691304875,
42822,market_research_2026-04-04_21-22-29_live_round,f974d41e6f2b44c69df8c990afaf26d2,2026-04-05T02:25:00.245599+00:00,1775355900245599000,171610571115375,750,,,ETF,3064,40,3064.0,-2.0,13.691407584,
42828,market_research_2026-04-04_21-22-29_live_round,f974d41e6f2b44c69df8c990afaf26d2,2026-04-05T02:25:00.271451+00:00,1775355900271451000,171610596967375,750,,,ETF,3064,20,3064.0,0.0,13.717259584,
42885,market_research_2026-04-04_21-22-29_live_round,f974d41e6f2b44c69df8c990afaf26d2,2026-04-05T02:25:00.568493+00:00,1775355900568493000,171610894009916,750,,,ETF,3064,40,3064.5,-1.0,14.014302125,
42890,market_research_2026-04-04_21-22-29_live_round,f974d41e6f2b44c69df8c990afaf26d2,2026-04-05T02:25:00.590946+00:00,1775355900590946000,171610916462958,750,,,ETF,3064,40,3064.0,0.0,14.036755167,
42953,market_research_2026-04-04_21-22-29_live_round,f974d41e6f2b44c69df8c990afaf26d2,2026-04-05T02:25:00.914974+00:00,1775355900914974000,171611240492291,750,,,ETF,3064,20,3061.5,-5.0,14.3607845,
42954,market_research_2026-04-04_21-22-29_live_round,f974d41e6f2b44c69df8c990afaf26d2,2026-04-05T02:25:00.916665+00:00,1775355900916665000,171611242183000,750,,,ETF,3063,20,3061.5,-5.0,14.362475209,
42960,market_research_2026-04-04_21-22-29_live_round,f974d41e6f2b44c69df8c990afaf26d2,2026-04-05T02:25:00.940957+00:00,1775355900940957000,171611266475750,750,,,ETF,3063,60,3061.5,-3.0,14.386767959,
42965,market_research_2026-04-04_21-22-29_live_round,f974d41e6f2b44c69df8c990afaf26d2,2026-04-05T02:25:00.960233+00:00,1775355900960233000,171611285751500,750,,,ETF,3062,80,3061.5,-1.0,14.406043709,
42970,market_research_2026-04-04_21-22-29_live_round,f974d41e6f2b44c69df8c990afaf26d2,2026-04-05T02:25:00.981225+00:00,1775355900981225000,171611306743416,750,,,ETF,3062,20,3062.0,0.0,14.427035625,
43031,market_research_2026-04-04_21-22-29_live_round,f974d41e6f2b44c69df8c990afaf26d2,2026-04-05T02:25:01.294657+00:00,1775355901294657000,171611620176000,750,,,ETF,3053,40,3053.0,0.0,14.740468209,
43226,market_research_2026-04-04_21-22-29_live_round,f974d41e6f2b44c69df8c990afaf26d2,2026-04-05T02:25:02.318444+00:00,1775355902318444000,171612643965458,750,,,ETF,3046,40,3045.0,-2.0,15.764257667,
43231,market_research_2026-04-04_21-22-29_live_round,f974d41e6f2b44c69df8c990afaf26d2,2026-04-05T02:25:02.339490+00:00,1775355902339490000,171612665011958,750,,,ETF,3046,60,3045.5,-1.0,15.785304167,
43558,market_research_2026-04-04_21-22-29_live_round,f974d41e6f2b44c69df8c990afaf26d2,2026-04-05T02:25:04.064335+00:00,1775355904064335000,171614389862041,750,,,ETF,3038,40,3037.0,-2.0,17.51015425,
43563,market_research_2026-04-04_21-22-29_live_round,f974d41e6f2b44c69df8c990afaf26d2,2026-04-05T02:25:04.087159+00:00,1775355904087159000,171614412685250,750,,,ETF,3038,60,3037.5,-1.0,17.532977459,
43633,market_research_2026-04-04_21-22-29_live_round,f974d41e6f2b44c69df8c990afaf26d2,2026-04-05T02:25:04.452641+00:00,1775355904452641000,171614778168708,750,,,ETF,3034,40,3032.5,-3.0,17.898460917,
43638,market_research_2026-04-04_21-22-29_live_round,f974d41e6f2b44c69df8c990afaf26d2,2026-04-05T02:25:04.473951+00:00,1775355904473951000,171614799478500,750,,,ETF,3034,60,3033.0,-2.0,17.919770709,
43699,market_research_2026-04-04_21-22-29_live_round,f974d41e6f2b44c69df8c990afaf26d2,2026-04-05T02:25:04.789329+00:00,1775355904789329000,171615114857416,750,,,ETF,3027,40,3026.5,-1.0,18.235149625,
43704,market_research_2026-04-04_21-22-29_live_round,f974d41e6f2b44c69df8c990afaf26d2,2026-04-05T02:25:04.810726+00:00,1775355904810726000,171615136254833,750,,,ETF,3027,60,3027.0,0.0,18.256547042,
43832,market_research_2026-04-04_21-22-29_live_round,f974d41e6f2b44c69df8c990afaf26d2,2026-04-05T02:25:05.491938+00:00,1775355905491938000,171615817468083,750,,,ETF,3017,40,3015.5,-3.0,18.937760292,
43837,market_research_2026-04-04_21-22-29_live_round,f974d41e6f2b44c69df8c990afaf26d2,2026-04-05T02:25:05.513201+00:00,1775355905513201000,171615838731125,750,,,ETF,3017,60,3016.0,-2.0,18.959023334,
43842,market_research_2026-04-04_21-22-29_live_round,f974d41e6f2b44c69df8c990afaf26d2,2026-04-05T02:25:05.536139+00:00,1775355905536139000,171615861669208,750,,,ETF,3017,40,3016.5,-1.0,18.981961417,
43843,market_research_2026-04-04_21-22-29_live_round,f974d41e6f2b44c69df8c990afaf26d2,2026-04-05T02:25:05.536241+00:00,1775355905536241000,171615861772041,750,,,ETF,3016,40,3016.5,-1.0,18.98206425,
43905,market_research_2026-04-04_21-22-29_live_round,f974d41e6f2b44c69df8c990afaf26d2,2026-04-05T02:25:05.864895+00:00,1775355905864895000,171616190425958,750,,,ETF,3014,40,3008.0,-12.0,19.310718167,
43910,market_research_2026-04-04_21-22-29_live_round,f974d41e6f2b44c69df8c990afaf26d2,2026-04-05T02:25:05.887892+00:00,1775355905887892000,171616213423666,750,,,ETF,3014,60,3008.5,-11.0,19.333715875,
43915,market_research_2026-04-04_21-22-29_live_round,f974d41e6f2b44c69df8c990afaf26d2,2026-04-05T02:25:05.909288+00:00,1775355905909288000,171616234819458,750,,,ETF,3008,40,3006.0,-4.0,19.355111667,
43916,market_research_2026-04-04_21-22-29_live_round,f974d41e6f2b44c69df8c990afaf26d2,2026-04-05T02:25:05.909389+00:00,1775355905909389000,171616234920208,750,,,ETF,3007,40,3006.0,-4.0,19.355212417,
43922,market_research_2026-04-04_21-22-29_live_round,f974d41e6f2b44c69df8c990afaf26d2,2026-04-05T02:25:05.935975+00:00,1775355905935975000,171616261506333,750,,,ETF,3007,20,3006.0,-2.0,19.381798542,
43923,market_research_2026-04-04_21-22-29_live_round,f974d41e6f2b44c69df8c990afaf26d2,2026-04-05T02:25:05.937804+00:00,1775355905937804000,171616263335333,750,,,ETF,3006,80,3006.0,-2.0,19.383627542,
44303,market_research_2026-04-04_21-22-29_live_round,f974d41e6f2b44c69df8c990afaf26d2,2026-04-05T02:25:07.987081+00:00,1775355907987081000,171618312618291,750,,,ETF,3019,40,3024.0,-10.0,21.4329105,
44308,market_research_2026-04-04_21-22-29_live_round,f974d41e6f2b44c69df8c990afaf26d2,2026-04-05T02:25:08.008696+00:00,1775355908008696000,171618334233500,750,,,ETF,3019,60,3023.5,-9.0,21.454525709,
44313,market_research_2026-04-04_21-22-29_live_round,f974d41e6f2b44c69df8c990afaf26d2,2026-04-05T02:25:08.028480+00:00,1775355908028480000,171618354016875,750,,,ETF,3019,40,3023.0,-8.0,21.474309084,
44314,market_research_2026-04-04_21-22-29_live_round,f974d41e6f2b44c69df8c990afaf26d2,2026-04-05T02:25:08.028587+00:00,1775355908028587000,171618354124375,750,,,ETF,3020,40,3023.0,-8.0,21.474416584,
44320,market_research_2026-04-04_21-22-29_live_round,f974d41e6f2b44c69df8c990afaf26d2,2026-04-05T02:25:08.055632+00:00,1775355908055632000,171618381169708,750,,,ETF,3020,20,3023.0,-6.0,21.501461917,
44321,market_research_2026-04-04_21-22-29_live_round,f974d41e6f2b44c69df8c990afaf26d2,2026-04-05T02:25:08.055736+00:00,1775355908055736000,171618381273041,750,,,ETF,3021,80,3023.0,-6.0,21.50156525,
44450,market_research_2026-04-04_21-22-29_live_round,f974d41e6f2b44c69df8c990afaf26d2,2026-04-05T02:25:08.738859+00:00,1775355908738859000,171619064398500,750,,,ETF,3014,40,3013.5,-1.0,22.184690709,
44515,market_research_2026-04-04_21-22-29_live_round,f974d41e6f2b44c69df8c990afaf26d2,2026-04-05T02:25:09.080868+00:00,1775355909080868000,171619406407833,750,,,ETF,3014,40,3014.0,0.0,22.526700042,
44648,market_research_2026-04-04_21-22-29_live_round,f974d41e6f2b44c69df8c990afaf26d2,2026-04-05T02:25:09.794065+00:00,1775355909794065000,171620119607083,750,,,ETF,3015,40,3016.5,-3.0,23.239899292,
44653,market_research_2026-04-04_21-22-29_live_round,f974d41e6f2b44c69df8c990afaf26d2,2026-04-05T02:25:09.815708+00:00,1775355909815708000,171620141249583,750,,,ETF,3016,60,3016.5,-1.0,23.261541792,
44716,market_research_2026-04-04_21-22-29_live_round,f974d41e6f2b44c69df8c990afaf26d2,2026-04-05T02:25:10.156098+00:00,1775355910156098000,171620481640958,750,,,ETF,3018,40,3020.0,-4.0,23.601933167,
44721,market_research_2026-04-04_21-22-29_live_round,f974d41e6f2b44c69df8c990afaf26d2,2026-04-05T02:25:10.177912+00:00,1775355910177912000,171620503455416,750,,,ETF,3018,60,3019.5,-3.0,23.623747625,
44787,market_research_2026-04-04_21-22-29_live_round,f974d41e6f2b44c69df8c990afaf26d2,2026-04-05T02:25:10.534445+00:00,1775355910534445000,171620859989000,750,,,ETF,3027,40,3027.0,0.0,23.980281209,
44915,market_research_2026-04-04_21-22-29_live_round,f974d41e6f2b44c69df8c990afaf26d2,2026-04-05T02:25:11.217639+00:00,1775355911217639000,171621543184208,750,,,ETF,3031,40,3031.5,-1.0,24.663476417,
45182,market_research_2026-04-04_21-22-29_live_round,f974d41e6f2b44c69df8c990afaf26d2,2026-04-05T02:25:12.678217+00:00,1775355912678217000,171623003766833,825,,,ETF,3033,40,3040.0,-14.0,26.124059042,
45187,market_research_2026-04-04_21-22-29_live_round,f974d41e6f2b44c69df8c990afaf26d2,2026-04-05T02:25:12.701661+00:00,1775355912701661000,171623027210750,825,,,ETF,3034,60,3040.0,-12.0,26.147502959,
45192,market_research_2026-04-04_21-22-29_live_round,f974d41e6f2b44c69df8c990afaf26d2,2026-04-05T02:25:12.723856+00:00,1775355912723856000,171623049405416,825,,,ETF,3035,80,3040.0,-10.0,26.169697625,
45197,market_research_2026-04-04_21-22-29_live_round,f974d41e6f2b44c69df8c990afaf26d2,2026-04-05T02:25:12.746842+00:00,1775355912746842000,171623072391958,825,,,ETF,3036,100,3040.0,-8.0,26.192684167,
45317,market_research_2026-04-04_21-22-29_live_round,f974d41e6f2b44c69df8c990afaf26d2,2026-04-05T02:25:13.418802+00:00,1775355913418802000,171623744353250,825,,,ETF,3052,40,3052.5,-1.0,26.864645459,
45387,market_research_2026-04-04_21-22-29_live_round,f974d41e6f2b44c69df8c990afaf26d2,2026-04-05T02:25:13.809790+00:00,1775355913809790000,171624135342458,825,,,ETF,3052,40,3052.0,0.0,27.255634667,
45453,market_research_2026-04-04_21-22-29_live_round,f974d41e6f2b44c69df8c990afaf26d2,2026-04-05T02:25:14.179067+00:00,1775355914179067000,171624504621041,825,,,ETF,3050,40,3048.0,-4.0,27.62491325,
45458,market_research_2026-04-04_21-22-29_live_round,f974d41e6f2b44c69df8c990afaf26d2,2026-04-05T02:25:14.202905+00:00,1775355914202905000,171624528458625,825,,,ETF,3050,60,3048.5,-3.0,27.648750834,
45521,market_research_2026-04-04_21-22-29_live_round,f974d41e6f2b44c69df8c990afaf26d2,2026-04-05T02:25:14.555754+00:00,1775355914555754000,171624881308791,825,,,ETF,3043,40,3043.0,0.0,28.001601,
45721,market_research_2026-04-04_21-22-29_live_round,f974d41e6f2b44c69df8c990afaf26d2,2026-04-05T02:25:15.692441+00:00,1775355915692441000,171626017998708,825,,,ETF,3037,40,3037.0,0.0,29.138290917,
45789,market_research_2026-04-04_21-22-29_live_round,f974d41e6f2b44c69df8c990afaf26d2,2026-04-05T02:25:16.077636+00:00,1775355916077636000,171626403195000,825,,,ETF,3034,40,3030.5,-7.0,29.523487209,
45794,market_research_2026-04-04_21-22-29_live_round,f974d41e6f2b44c69df8c990afaf26d2,2026-04-05T02:25:16.100236+00:00,1775355916100236000,171626425794833,825,,,ETF,3034,60,3031.0,-6.0,29.546087042,
45799,market_research_2026-04-04_21-22-29_live_round,f974d41e6f2b44c69df8c990afaf26d2,2026-04-05T02:25:16.122807+00:00,1775355916122807000,171626448365333,825,,,ETF,3031,40,3030.0,-2.0,29.568657542,
45800,market_research_2026-04-04_21-22-29_live_round,f974d41e6f2b44c69df8c990afaf26d2,2026-04-05T02:25:16.124687+00:00,1775355916124687000,171626450246291,825,,,ETF,3030,40,3030.0,-2.0,29.5705385,
45806,market_research_2026-04-04_21-22-29_live_round,f974d41e6f2b44c69df8c990afaf26d2,2026-04-05T02:25:16.152677+00:00,1775355916152677000,171626478236000,825,,,ETF,3030,20,3030.0,0.0,29.598528209,
45991,market_research_2026-04-04_21-22-29_live_round,f974d41e6f2b44c69df8c990afaf26d2,2026-04-05T02:25:17.359243+00:00,1775355917359243000,171627684804583,825,,,ETF,3028,40,3029.5,-3.0,30.805096792,
45996,market_research_2026-04-04_21-22-29_live_round,f974d41e6f2b44c69df8c990afaf26d2,2026-04-05T02:25:17.385329+00:00,1775355917385329000,171627710891000,825,,,ETF,3029,60,3029.5,-1.0,30.831183209,
46063,market_research_2026-04-04_21-22-29_live_round,f974d41e6f2b44c69df8c990afaf26d2,2026-04-05T02:25:17.836182+00:00,1775355917836182000,171628161744750,825,,,ETF,3031,40,3032.0,-2.0,31.282036959,
46068,market_research_2026-04-04_21-22-29_live_round,f974d41e6f2b44c69df8c990afaf26d2,2026-04-05T02:25:17.863436+00:00,1775355917863436000,171628188998875,825,,,ETF,3031,60,3031.5,-1.0,31.309291084,
46133,market_research_2026-04-04_21-22-29_live_round,f974d41e6f2b44c69df8c990afaf26d2,2026-04-05T02:25:18.306267+00:00,1775355918306267000,171628631831750,825,,,ETF,3031,40,3029.5,-3.0,31.752123959,
46138,market_research_2026-04-04_21-22-29_live_round,f974d41e6f2b44c69df8c990afaf26d2,2026-04-05T02:25:18.334402+00:00,1775355918334402000,171628659966166,825,,,ETF,3031,40,3030.0,-2.0,31.780258375,
46139,market_research_2026-04-04_21-22-29_live_round,f974d41e6f2b44c69df8c990afaf26d2,2026-04-05T02:25:18.336414+00:00,1775355918336414000,171628661978541,825,,,ETF,3030,20,3030.0,-2.0,31.78227075,
46145,market_research_2026-04-04_21-22-29_live_round,f974d41e6f2b44c69df8c990afaf26d2,2026-04-05T02:25:18.367818+00:00,1775355918367818000,171628693382875,825,,,ETF,3030,80,3030.0,0.0,31.813675084,
46208,market_research_2026-04-04_21-22-29_live_round,f974d41e6f2b44c69df8c990afaf26d2,2026-04-05T02:25:18.771241+00:00,1775355918771241000,171629096806875,825,,,ETF,3031,40,3031.0,0.0,32.217099084,
46271,market_research_2026-04-04_21-22-29_live_round,f974d41e6f2b44c69df8c990afaf26d2,2026-04-05T02:25:19.164206+00:00,1775355919164206000,171629489772541,825,,,ETF,3031,60,3037.5,-13.0,32.61006475,
46272,market_research_2026-04-04_21-22-29_live_round,f974d41e6f2b44c69df8c990afaf26d2,2026-04-05T02:25:19.164366+00:00,1775355919164366000,171629489932625,825,,,ETF,3037,40,3037.5,-13.0,32.610224834,
46273,market_research_2026-04-04_21-22-29_live_round,f974d41e6f2b44c69df8c990afaf26d2,2026-04-05T02:25:19.164484+00:00,1775355919164484000,171629490051166,825,,,ETF,3038,60,3037.5,-13.0,32.610343375,
46274,market_research_2026-04-04_21-22-29_live_round,f974d41e6f2b44c69df8c990afaf26d2,2026-04-05T02:25:19.164588+00:00,1775355919164588000,171629490154750,825,,,ETF,3039,40,3037.5,-13.0,32.610446959,
46505,market_research_2026-04-04_21-22-29_live_round,f974d41e6f2b44c69df8c990afaf26d2,2026-04-05T02:25:20.733235+00:00,1775355920733235000,171631058806333,825,,,ETF,3039,10,3036.0,6.0,34.179098542,
46543,market_research_2026-04-04_21-22-29_live_round,f974d41e6f2b44c69df8c990afaf26d2,2026-04-05T02:25:20.996378+00:00,1775355920996378000,171631321949666,825,,,ETF,3039,30,3040.0,-2.0,34.442241875,
46544,market_research_2026-04-04_21-22-29_live_round,f974d41e6f2b44c69df8c990afaf26d2,2026-04-05T02:25:20.998499+00:00,1775355920998499000,171631324070708,825,,,ETF,3040,10,3040.0,-2.0,34.444362917,
46550,market_research_2026-04-04_21-22-29_live_round,f974d41e6f2b44c69df8c990afaf26d2,2026-04-05T02:25:21.033885+00:00,1775355921033885000,171631359456458,825,,,ETF,3040,50,3040.0,0.0,34.479748667,
46624,market_research_2026-04-04_21-22-29_live_round,f974d41e6f2b44c69df8c990afaf26d2,2026-04-05T02:25:21.488146+00:00,1775355921488146000,171631813718375,825,,,ETF,3040,10,3034.5,-11.0,34.934010584,
46625,market_research_2026-04-04_21-22-29_live_round,f974d41e6f2b44c69df8c990afaf26d2,2026-04-05T02:25:21.488297+00:00,1775355921488297000,171631813870208,825,,,ETF,3039,30,3034.5,-11.0,34.934162417,
46631,market_research_2026-04-04_21-22-29_live_round,f974d41e6f2b44c69df8c990afaf26d2,2026-04-05T02:25:21.517361+00:00,1775355921517361000,171631842934208,825,,,ETF,3039,50,3034.5,-9.0,34.963226417,
46632,market_research_2026-04-04_21-22-29_live_round,f974d41e6f2b44c69df8c990afaf26d2,2026-04-05T02:25:21.517531+00:00,1775355921517531000,171631843104291,825,,,ETF,3038,10,3034.5,-9.0,34.9633965,
46638,market_research_2026-04-04_21-22-29_live_round,f974d41e6f2b44c69df8c990afaf26d2,2026-04-05T02:25:21.544671+00:00,1775355921544671000,171631870244583,825,,,ETF,3038,80,3034.5,-7.0,34.990536792,
46643,market_research_2026-04-04_21-22-29_live_round,f974d41e6f2b44c69df8c990afaf26d2,2026-04-05T02:25:21.566035+00:00,1775355921566035000,171631891607791,825,,,ETF,3038,10,3035.0,-6.0,35.0119,
46702,market_research_2026-04-04_21-22-29_live_round,f974d41e6f2b44c69df8c990afaf26d2,2026-04-05T02:25:21.913778+00:00,1775355921913778000,171632239352208,825,,,ETF,3023,40,3022.5,-1.0,35.359644417,
47027,market_research_2026-04-04_21-22-29_live_round,f974d41e6f2b44c69df8c990afaf26d2,2026-04-05T02:25:24.022266+00:00,1775355924022266000,171634347845500,825,,,ETF,3027,40,3025.0,-4.0,37.468137709,
47032,market_research_2026-04-04_21-22-29_live_round,f974d41e6f2b44c69df8c990afaf26d2,2026-04-05T02:25:24.049243+00:00,1775355924049243000,171634374822708,825,,,ETF,3026,60,3025.0,-2.0,37.495114917,
47037,market_research_2026-04-04_21-22-29_live_round,f974d41e6f2b44c69df8c990afaf26d2,2026-04-05T02:25:24.076467+00:00,1775355924076467000,171634402046791,825,,,ETF,3025,80,3025.0,0.0,37.522339,
47097,market_research_2026-04-04_21-22-29_live_round,f974d41e6f2b44c69df8c990afaf26d2,2026-04-05T02:25:24.481894+00:00,1775355924481894000,171634807475541,825,,,ETF,3024,40,3023.0,-2.0,37.92776775,
47102,market_research_2026-04-04_21-22-29_live_round,f974d41e6f2b44c69df8c990afaf26d2,2026-04-05T02:25:24.509634+00:00,1775355924509634000,171634835215541,825,,,ETF,3024,60,3023.5,-1.0,37.95550775,
47228,market_research_2026-04-04_21-22-29_live_round,f974d41e6f2b44c69df8c990afaf26d2,2026-04-05T02:25:25.289479+00:00,1775355925289479000,171635615061833,825,,,ETF,3018,10,3015.5,5.0,38.735354042,
47296,market_research_2026-04-04_21-22-29_live_round,f974d41e6f2b44c69df8c990afaf26d2,2026-04-05T02:25:25.763960+00:00,1775355925763960000,171636089543958,825,,,ETF,3017,40,3018.0,-2.0,39.209836167,
47301,market_research_2026-04-04_21-22-29_live_round,f974d41e6f2b44c69df8c990afaf26d2,2026-04-05T02:25:25.792013+00:00,1775355925792013000,171636117596833,825,,,ETF,3018,60,3018.0,0.0,39.237889042,
47368,market_research_2026-04-04_21-22-29_live_round,f974d41e6f2b44c69df8c990afaf26d2,2026-04-05T02:25:26.237249+00:00,1775355926237249000,171636562834208,825,,,ETF,3017,40,3016.5,-1.0,39.683126417,
47373,market_research_2026-04-04_21-22-29_live_round,f974d41e6f2b44c69df8c990afaf26d2,2026-04-05T02:25:26.260012+00:00,1775355926260012000,171636585597875,825,,,ETF,3017,40,3017.0,0.0,39.705890084,
47434,market_research_2026-04-04_21-22-29_live_round,f974d41e6f2b44c69df8c990afaf26d2,2026-04-05T02:25:26.678661+00:00,1775355926678661000,171637004247916,825,,,ETF,3017,20,3017.0,0.0,40.124540125,
47503,market_research_2026-04-04_21-22-29_live_round,f974d41e6f2b44c69df8c990afaf26d2,2026-04-05T02:25:27.093616+00:00,1775355927093616000,171637419204208,825,,,ETF,3019,40,3022.0,-6.0,40.539496417,
47508,market_research_2026-04-04_21-22-29_live_round,f974d41e6f2b44c69df8c990afaf26d2,2026-04-05T02:25:27.117105+00:00,1775355927117105000,171637442693291,825,,,ETF,3019,60,3021.5,-5.0,40.5629855,
47513,market_research_2026-04-04_21-22-29_live_round,f974d41e6f2b44c69df8c990afaf26d2,2026-04-05T02:25:27.140611+00:00,1775355927140611000,171637466198791,825,,,ETF,3023,40,3023.0,0.0,40.586491,
47574,market_research_2026-04-04_21-22-29_live_round,f974d41e6f2b44c69df8c990afaf26d2,2026-04-05T02:25:27.474778+00:00,1775355927474778000,171637800367333,825,,,ETF,3023,40,3020.0,-6.0,40.920659542,
47575,market_research_2026-04-04_21-22-29_live_round,f974d41e6f2b44c69df8c990afaf26d2,2026-04-05T02:25:27.476695+00:00,1775355927476695000,171637802283750,825,,,ETF,3022,100,3020.0,-6.0,40.922575959,
47709,market_research_2026-04-04_21-22-29_live_round,f974d41e6f2b44c69df8c990afaf26d2,2026-04-05T02:25:28.223559+00:00,1775355928223559000,171638549150291,825,,,ETF,3025,40,3025.0,0.0,41.6694425,
47775,market_research_2026-04-04_21-22-29_live_round,f974d41e6f2b44c69df8c990afaf26d2,2026-04-05T02:25:28.588675+00:00,1775355928588675000,171638914266541,825,,,ETF,3028,40,3029.5,-3.0,42.03455875,
47780,market_research_2026-04-04_21-22-29_live_round,f974d41e6f2b44c69df8c990afaf26d2,2026-04-05T02:25:28.609897+00:00,1775355928609897000,171638935489000,825,,,ETF,3028,60,3029.0,-2.0,42.055781209,
47973,market_research_2026-04-04_21-22-29_live_round,f974d41e6f2b44c69df8c990afaf26d2,2026-04-05T02:25:29.744988+00:00,1775355929744988000,171640070582875,825,,,ETF,3042,10,3039.0,6.0,43.190875084,
48172,market_research_2026-04-04_21-22-29_live_round,f974d41e6f2b44c69df8c990afaf26d2,2026-04-05T02:25:30.858314+00:00,1775355930858314000,171641183911708,825,,,ETF,3039,40,3037.5,-3.0,44.304203917,
48177,market_research_2026-04-04_21-22-29_live_round,f974d41e6f2b44c69df8c990afaf26d2,2026-04-05T02:25:30.879703+00:00,1775355930879703000,171641205300833,825,,,ETF,3038,60,3037.5,-1.0,44.325593042,
48244,market_research_2026-04-04_21-22-29_live_round,f974d41e6f2b44c69df8c990afaf26d2,2026-04-05T02:25:31.246288+00:00,1775355931246288000,171641571887333,825,,,ETF,3036,40,3036.0,0.0,44.692179542,
48309,market_research_2026-04-04_21-22-29_live_round,f974d41e6f2b44c69df8c990afaf26d2,2026-04-05T02:25:31.597262+00:00,1775355931597262000,171641922862416,825,,,ETF,3030,40,3029.0,-2.0,45.043154625,
48314,market_research_2026-04-04_21-22-29_live_round,f974d41e6f2b44c69df8c990afaf26d2,2026-04-05T02:25:31.619006+00:00,1775355931619006000,171641944606125,825,,,ETF,3029,60,3029.0,0.0,45.064898334,
48441,market_research_2026-04-04_21-22-29_live_round,f974d41e6f2b44c69df8c990afaf26d2,2026-04-05T02:25:32.365177+00:00,1775355932365177000,171642690779416,825,,,ETF,3029,40,3030.5,-3.0,45.811071625,
48446,market_research_2026-04-04_21-22-29_live_round,f974d41e6f2b44c69df8c990afaf26d2,2026-04-05T02:25:32.390917+00:00,1775355932390917000,171642716519041,825,,,ETF,3030,60,3030.5,-1.0,45.83681125,
48509,market_research_2026-04-04_21-22-29_live_round,f974d41e6f2b44c69df8c990afaf26d2,2026-04-05T02:25:32.764121+00:00,1775355932764121000,171643089723875,825,,,ETF,3032,40,3037.5,-11.0,46.210016084,
48514,market_research_2026-04-04_21-22-29_live_round,f974d41e6f2b44c69df8c990afaf26d2,2026-04-05T02:25:32.790063+00:00,1775355932790063000,171643115666250,825,,,ETF,3032,60,3037.0,-10.0,46.235958459,
48519,market_research_2026-04-04_21-22-29_live_round,f974d41e6f2b44c69df8c990afaf26d2,2026-04-05T02:25:32.813931+00:00,1775355932813931000,171643139534083,825,,,ETF,3038,40,3039.5,-3.0,46.259826292,
48520,market_research_2026-04-04_21-22-29_live_round,f974d41e6f2b44c69df8c990afaf26d2,2026-04-05T02:25:32.815824+00:00,1775355932815824000,171643141427125,825,,,ETF,3039,40,3039.5,-3.0,46.261719334,
48526,market_research_2026-04-04_21-22-29_live_round,f974d41e6f2b44c69df8c990afaf26d2,2026-04-05T02:25:32.845462+00:00,1775355932845462000,171643171065208,825,,,ETF,3039,20,3039.5,-1.0,46.291357417,
48527,market_research_2026-04-04_21-22-29_live_round,f974d41e6f2b44c69df8c990afaf26d2,2026-04-05T02:25:32.845564+00:00,1775355932845564000,171643171168000,825,,,ETF,3040,80,3039.5,-1.0,46.291460209,
48587,market_research_2026-04-04_21-22-29_live_round,f974d41e6f2b44c69df8c990afaf26d2,2026-04-05T02:25:33.205940+00:00,1775355933205940000,171643531544875,825,,,ETF,3041,40,3041.5,-1.0,46.651837084,
48592,market_research_2026-04-04_21-22-29_live_round,f974d41e6f2b44c69df8c990afaf26d2,2026-04-05T02:25:33.229576+00:00,1775355933229576000,171643555180791,825,,,ETF,3041,60,3041.0,0.0,46.675473,
48653,market_research_2026-04-04_21-22-29_live_round,f974d41e6f2b44c69df8c990afaf26d2,2026-04-05T02:25:33.589280+00:00,1775355933589280000,171643914885291,825,,,ETF,3048,10,3044.0,8.0,47.0351775,
48716,market_research_2026-04-04_21-22-29_live_round,f974d41e6f2b44c69df8c990afaf26d2,2026-04-05T02:25:33.970794+00:00,1775355933970794000,171644296400791,825,,,ETF,3045,40,3045.0,0.0,47.416693,
48849,market_research_2026-04-04_21-22-29_live_round,f974d41e6f2b44c69df8c990afaf26d2,2026-04-05T02:25:34.739778+00:00,1775355934739778000,171645065386458,825,,,ETF,3047,40,3047.0,0.0,48.185678667,
49247,market_research_2026-04-04_21-22-29_live_round,f974d41e6f2b44c69df8c990afaf26d2,2026-04-05T02:25:37.197784+00:00,1775355937197784000,171647523399000,825,,,ETF,3039,40,3039.0,0.0,50.643691209,
49379,market_research_2026-04-04_21-22-29_live_round,f974d41e6f2b44c69df8c990afaf26d2,2026-04-05T02:25:37.986973+00:00,1775355937986973000,171648312590458,825,,,ETF,3042,40,3044.0,-4.0,51.432882667,
49384,market_research_2026-04-04_21-22-29_live_round,f974d41e6f2b44c69df8c990afaf26d2,2026-04-05T02:25:38.013194+00:00,1775355938013194000,171648338811166,825,,,ETF,3042,60,3043.5,-3.0,51.459103375,
49389,market_research_2026-04-04_21-22-29_live_round,f974d41e6f2b44c69df8c990afaf26d2,2026-04-05T02:25:38.037670+00:00,1775355938037670000,171648363286875,825,,,ETF,3043,40,3043.5,-1.0,51.483579084,
49390,market_research_2026-04-04_21-22-29_live_round,f974d41e6f2b44c69df8c990afaf26d2,2026-04-05T02:25:38.037779+00:00,1775355938037779000,171648363396416,825,,,ETF,3044,40,3043.5,-1.0,51.483688625,
49714,market_research_2026-04-04_21-22-29_live_round,f974d41e6f2b44c69df8c990afaf26d2,2026-04-05T02:25:40.049522+00:00,1775355940049522000,171650375144375,825,,,ETF,3036,40,3033.5,-5.0,53.495436584,
49719,market_research_2026-04-04_21-22-29_live_round,f974d41e6f2b44c69df8c990afaf26d2,2026-04-05T02:25:40.075299+00:00,1775355940075299000,171650400921500,825,,,ETF,3036,60,3034.0,-4.0,53.521213709,
49724,market_research_2026-04-04_21-22-29_live_round,f974d41e6f2b44c69df8c990afaf26d2,2026-04-05T02:25:40.099478+00:00,1775355940099478000,171650425100416,825,,,ETF,3036,40,3034.5,-3.0,53.545392625,
49725,market_research_2026-04-04_21-22-29_live_round,f974d41e6f2b44c69df8c990afaf26d2,2026-04-05T02:25:40.099583+00:00,1775355940099583000,171650425205458,825,,,ETF,3035,40,3034.5,-3.0,53.545497667,
49731,market_research_2026-04-04_21-22-29_live_round,f974d41e6f2b44c69df8c990afaf26d2,2026-04-05T02:25:40.129314+00:00,1775355940129314000,171650454937166,825,,,ETF,3035,20,3034.5,-1.0,53.575229375,
49732,market_research_2026-04-04_21-22-29_live_round,f974d41e6f2b44c69df8c990afaf26d2,2026-04-05T02:25:40.129419+00:00,1775355940129419000,171650455041541,825,,,ETF,3034,80,3034.5,-1.0,53.57533375,
49794,market_research_2026-04-04_21-22-29_live_round,f974d41e6f2b44c69df8c990afaf26d2,2026-04-05T02:25:40.497886+00:00,1775355940497886000,171650823509375,825,,,ETF,3033,40,3032.5,-1.0,53.943801584,
49799,market_research_2026-04-04_21-22-29_live_round,f974d41e6f2b44c69df8c990afaf26d2,2026-04-05T02:25:40.522177+00:00,1775355940522177000,171650847801083,825,,,ETF,3033,60,3033.0,0.0,53.968093292,
50259,market_research_2026-04-04_21-22-29_live_round,f974d41e6f2b44c69df8c990afaf26d2,2026-04-05T02:25:43.346062+00:00,1775355943346062000,171653671693791,825,,,ETF,3031,40,3031.5,-1.0,56.791986,
50389,market_research_2026-04-04_21-22-29_live_round,f974d41e6f2b44c69df8c990afaf26d2,2026-04-05T02:25:44.149354+00:00,1775355944149354000,171654474987708,825,,,ETF,3036,40,3036.0,0.0,57.595279917,
50460,market_research_2026-04-04_21-22-29_live_round,f974d41e6f2b44c69df8c990afaf26d2,2026-04-05T02:25:44.568273+00:00,1775355944568273000,171654893907958,825,,,ETF,3035,40,3035.0,0.0,58.014200167,
50526,market_research_2026-04-04_21-22-29_live_round,f974d41e6f2b44c69df8c990afaf26d2,2026-04-05T02:25:44.965549+00:00,1775355944965549000,171655291185083,825,,,ETF,3033,40,3030.0,-6.0,58.411477292,
50531,market_research_2026-04-04_21-22-29_live_round,f974d41e6f2b44c69df8c990afaf26d2,2026-04-05T02:25:44.989911+00:00,1775355944989911000,171655315546666,825,,,ETF,3033,60,3030.5,-5.0,58.435838875,
50536,market_research_2026-04-04_21-22-29_live_round,f974d41e6f2b44c69df8c990afaf26d2,2026-04-05T02:25:45.014177+00:00,1775355945014177000,171655339812458,825,,,ETF,3029,40,3029.0,0.0,58.460104667,
50601,market_research_2026-04-04_21-22-29_live_round,f974d41e6f2b44c69df8c990afaf26d2,2026-04-05T02:25:45.411328+00:00,1775355945411328000,171655736964583,825,,,ETF,3026,40,3026.0,0.0,58.857256792,
50802,market_research_2026-04-04_21-22-29_live_round,f974d41e6f2b44c69df8c990afaf26d2,2026-04-05T02:25:46.665947+00:00,1775355946665947000,171656991586791,825,,,ETF,3026,40,3025.5,-1.0,60.111879,
50869,market_research_2026-04-04_21-22-29_live_round,f974d41e6f2b44c69df8c990afaf26d2,2026-04-05T02:25:47.069840+00:00,1775355947069840000,171657395481458,825,,,ETF,3026,40,3031.0,-10.0,60.515773667,
50874,market_research_2026-04-04_21-22-29_live_round,f974d41e6f2b44c69df8c990afaf26d2,2026-04-05T02:25:47.094804+00:00,1775355947094804000,171657420445333,825,,,ETF,3026,20,3030.5,-9.0,60.540737542,
50875,market_research_2026-04-04_21-22-29_live_round,f974d41e6f2b44c69df8c990afaf26d2,2026-04-05T02:25:47.094909+00:00,1775355947094909000,171657420550875,825,,,ETF,3027,40,3030.5,-9.0,60.540843084,
50881,market_research_2026-04-04_21-22-29_live_round,f974d41e6f2b44c69df8c990afaf26d2,2026-04-05T02:25:47.126122+00:00,1775355947126122000,171657451763500,825,,,ETF,3027,40,3030.5,-7.0,60.572055709,
50882,market_research_2026-04-04_21-22-29_live_round,f974d41e6f2b44c69df8c990afaf26d2,2026-04-05T02:25:47.128141+00:00,1775355947128141000,171657453782916,825,,,ETF,3028,40,3030.5,-7.0,60.574075125,
50888,market_research_2026-04-04_21-22-29_live_round,f974d41e6f2b44c69df8c990afaf26d2,2026-04-05T02:25:47.158949+00:00,1775355947158949000,171657484590208,825,,,ETF,3028,60,3030.5,-5.0,60.604882417,
50946,market_research_2026-04-04_21-22-29_live_round,f974d41e6f2b44c69df8c990afaf26d2,2026-04-05T02:25:47.510925+00:00,1775355947510925000,171657836567541,825,,,ETF,3042,40,3043.0,-2.0,60.95685975,
50951,market_research_2026-04-04_21-22-29_live_round,f974d41e6f2b44c69df8c990afaf26d2,2026-04-05T02:25:47.537758+00:00,1775355947537758000,171657863400666,825,,,ETF,3043,60,3043.0,0.0,60.983692875,
51015,market_research_2026-04-04_21-22-29_live_round,f974d41e6f2b44c69df8c990afaf26d2,2026-04-05T02:25:47.927322+00:00,1775355947927322000,171658252966041,825,,,ETF,3042,40,3041.5,-1.0,61.37325825,
51020,market_research_2026-04-04_21-22-29_live_round,f974d41e6f2b44c69df8c990afaf26d2,2026-04-05T02:25:47.952038+00:00,1775355947952038000,171658277682000,825,,,ETF,3042,40,3042.0,0.0,61.397974209,
51082,market_research_2026-04-04_21-22-29_live_round,f974d41e6f2b44c69df8c990afaf26d2,2026-04-05T02:25:48.325626+00:00,1775355948325626000,171658651270833,825,,,ETF,3041,40,3039.0,-4.0,61.771563042,
51087,market_research_2026-04-04_21-22-29_live_round,f974d41e6f2b44c69df8c990afaf26d2,2026-04-05T02:25:48.350665+00:00,1775355948350665000,171658676309791,825,,,ETF,3041,60,3039.5,-3.0,61.796602,
51154,market_research_2026-04-04_21-22-29_live_round,f974d41e6f2b44c69df8c990afaf26d2,2026-04-05T02:25:48.765531+00:00,1775355948765531000,171659091176583,825,,,ETF,3032,40,3029.0,-6.0,62.211468792,
51159,market_research_2026-04-04_21-22-29_live_round,f974d41e6f2b44c69df8c990afaf26d2,2026-04-05T02:25:48.790491+00:00,1775355948790491000,171659116136708,825,,,ETF,3032,60,3029.5,-5.0,62.236428917,
51164,market_research_2026-04-04_21-22-29_live_round,f974d41e6f2b44c69df8c990afaf26d2,2026-04-05T02:25:48.815406+00:00,1775355948815406000,171659141052208,825,,,ETF,3031,40,3029.5,-3.0,62.261344417,
51165,market_research_2026-04-04_21-22-29_live_round,f974d41e6f2b44c69df8c990afaf26d2,2026-04-05T02:25:48.815508+00:00,1775355948815508000,171659141154500,825,,,ETF,3030,40,3029.5,-3.0,62.261446709,
51171,market_research_2026-04-04_21-22-29_live_round,f974d41e6f2b44c69df8c990afaf26d2,2026-04-05T02:25:48.844597+00:00,1775355948844597000,171659170243166,825,,,ETF,3030,20,3029.5,-1.0,62.290535375,
51172,market_research_2026-04-04_21-22-29_live_round,f974d41e6f2b44c69df8c990afaf26d2,2026-04-05T02:25:48.844701+00:00,1775355948844701000,171659170347000,825,,,ETF,3029,80,3029.5,-1.0,62.290639209,
51289,market_research_2026-04-04_21-22-29_live_round,f974d41e6f2b44c69df8c990afaf26d2,2026-04-05T02:25:49.585325+00:00,1775355949585325000,171659910973166,825,,,ETF,3029,40,3028.5,-1.0,63.031265375,
51498,market_research_2026-04-04_21-22-29_live_round,f974d41e6f2b44c69df8c990afaf26d2,2026-04-05T02:25:50.879001+00:00,1775355950879001000,171661204652541,825,,,ETF,3029,40,3029.5,-1.0,64.32494475,
51561,market_research_2026-04-04_21-22-29_live_round,f974d41e6f2b44c69df8c990afaf26d2,2026-04-05T02:25:51.268590+00:00,1775355951268590000,171661594242375,825,,,ETF,3032,40,3032.5,-1.0,64.714534584,
51566,market_research_2026-04-04_21-22-29_live_round,f974d41e6f2b44c69df8c990afaf26d2,2026-04-05T02:25:51.293571+00:00,1775355951293571000,171661619223875,825,,,ETF,3032,60,3032.0,0.0,64.739516084,
51629,market_research_2026-04-04_21-22-29_live_round,f974d41e6f2b44c69df8c990afaf26d2,2026-04-05T02:25:51.690030+00:00,1775355951690030000,171662015683416,825,,,ETF,3039,40,3039.0,0.0,65.135975625,
51699,market_research_2026-04-04_21-22-29_live_round,f974d41e6f2b44c69df8c990afaf26d2,2026-04-05T02:25:52.130646+00:00,1775355952130646000,171662456301083,825,,,ETF,3038,40,3036.5,-3.0,65.576593292,
51704,market_research_2026-04-04_21-22-29_live_round,f974d41e6f2b44c69df8c990afaf26d2,2026-04-05T02:25:52.155512+00:00,1775355952155512000,171662481166750,825,,,ETF,3038,20,3037.0,-2.0,65.601458959,
51705,market_research_2026-04-04_21-22-29_live_round,f974d41e6f2b44c69df8c990afaf26d2,2026-04-05T02:25:52.155614+00:00,1775355952155614000,171662481269375,825,,,ETF,3037,40,3037.0,-2.0,65.601561584,
51711,market_research_2026-04-04_21-22-29_live_round,f974d41e6f2b44c69df8c990afaf26d2,2026-04-05T02:25:52.186821+00:00,1775355952186821000,171662512475666,825,,,ETF,3037,40,3037.0,0.0,65.632767875,
51839,market_research_2026-04-04_21-22-29_live_round,f974d41e6f2b44c69df8c990afaf26d2,2026-04-05T02:25:52.997487+00:00,1775355952997487000,171663323144583,825,,,ETF,3031,40,3031.0,0.0,66.443436792,
52036,market_research_2026-04-04_21-22-29_live_round,f974d41e6f2b44c69df8c990afaf26d2,2026-04-05T02:25:54.497377+00:00,1775355954497377000,171664823038000,825,,,ETF,3027,40,3025.0,-4.0,67.943330209,
52041,market_research_2026-04-04_21-22-29_live_round,f974d41e6f2b44c69df8c990afaf26d2,2026-04-05T02:25:54.526603+00:00,1775355954526603000,171664852264458,825,,,ETF,3026,60,3025.0,-2.0,67.972556667,
52046,market_research_2026-04-04_21-22-29_live_round,f974d41e6f2b44c69df8c990afaf26d2,2026-04-05T02:25:54.553025+00:00,1775355954553025000,171664878686083,825,,,ETF,3025,80,3025.0,0.0,67.998978292,
52371,market_research_2026-04-04_21-22-29_live_round,f974d41e6f2b44c69df8c990afaf26d2,2026-04-05T02:25:57.139162+00:00,1775355957139162000,171667464829500,825,,,ETF,3029,40,3029.0,0.0,70.585121709,
52503,market_research_2026-04-04_21-22-29_live_round,f974d41e6f2b44c69df8c990afaf26d2,2026-04-05T02:25:58.190363+00:00,1775355958190363000,171668516032208,825,,,ETF,3032,40,3034.0,-4.0,71.636324417,
52508,market_research_2026-04-04_21-22-29_live_round,f974d41e6f2b44c69df8c990afaf26d2,2026-04-05T02:25:58.259823+00:00,1775355958259823000,171668585493416,825,,,ETF,3032,60,3033.5,-3.0,71.705785625,
53172,market_research_2026-04-04_21-22-29_live_round,f974d41e6f2b44c69df8c990afaf26d2,2026-04-05T02:26:03.216396+00:00,1775355963216396000,171673542080208,825,,,ETF,3035,40,3034.0,-2.0,76.662372417,
53177,market_research_2026-04-04_21-22-29_live_round,f974d41e6f2b44c69df8c990afaf26d2,2026-04-05T02:26:03.236945+00:00,1775355963236945000,171673562629000,825,,,ETF,3034,60,3034.0,0.0,76.682921209,
53240,market_research_2026-04-04_21-22-29_live_round,f974d41e6f2b44c69df8c990afaf26d2,2026-04-05T02:26:03.680633+00:00,1775355963680633000,171674006318583,825,,,ETF,3032,40,3031.5,-1.0,77.126610792,
53245,market_research_2026-04-04_21-22-29_live_round,f974d41e6f2b44c69df8c990afaf26d2,2026-04-05T02:26:03.707918+00:00,1775355963707918000,171674033603250,825,,,ETF,3032,60,3032.0,0.0,77.153895459,
53372,market_research_2026-04-04_21-22-29_live_round,f974d41e6f2b44c69df8c990afaf26d2,2026-04-05T02:26:04.659108+00:00,1775355964659108000,171674984796083,825,,,ETF,3034,40,3038.0,-8.0,78.105088292,
53377,market_research_2026-04-04_21-22-29_live_round,f974d41e6f2b44c69df8c990afaf26d2,2026-04-05T02:26:04.691516+00:00,1775355964691516000,171675017204291,825,,,ETF,3034,60,3037.5,-7.0,78.1374965,
53382,market_research_2026-04-04_21-22-29_live_round,f974d41e6f2b44c69df8c990afaf26d2,2026-04-05T02:26:04.715995+00:00,1775355964715995000,171675041683333,825,,,ETF,3035,40,3037.5,-5.0,78.161975542,
53383,market_research_2026-04-04_21-22-29_live_round,f974d41e6f2b44c69df8c990afaf26d2,2026-04-05T02:26:04.716135+00:00,1775355964716135000,171675041823916,825,,,ETF,3036,40,3037.5,-5.0,78.162116125,
53389,market_research_2026-04-04_21-22-29_live_round,f974d41e6f2b44c69df8c990afaf26d2,2026-04-05T02:26:04.744759+00:00,1775355964744759000,171675070447541,825,,,ETF,3036,20,3037.5,-3.0,78.19073975,
53390,market_research_2026-04-04_21-22-29_live_round,f974d41e6f2b44c69df8c990afaf26d2,2026-04-05T02:26:04.744899+00:00,1775355964744899000,171675070587125,825,,,ETF,3037,80,3037.5,-3.0,78.190879334,
53455,market_research_2026-04-04_21-22-29_live_round,f974d41e6f2b44c69df8c990afaf26d2,2026-04-05T02:26:05.170426+00:00,1775355965170426000,171675496115875,825,,,ETF,3038,40,3038.0,0.0,78.616408084,
53782,market_research_2026-04-04_21-22-29_live_round,f974d41e6f2b44c69df8c990afaf26d2,2026-04-05T02:26:07.669753+00:00,1775355967669753000,171677995448708,950,,,ETF,3032,40,3034.0,-4.0,81.115740917,
53787,market_research_2026-04-04_21-22-29_live_round,f974d41e6f2b44c69df8c990afaf26d2,2026-04-05T02:26:07.700150+00:00,1775355967700150000,171678025846291,950,,,ETF,3033,60,3034.0,-2.0,81.1461385,
53792,market_research_2026-04-04_21-22-29_live_round,f974d41e6f2b44c69df8c990afaf26d2,2026-04-05T02:26:07.725947+00:00,1775355967725947000,171678051643916,950,,,ETF,3034,80,3034.0,0.0,81.171936125,
53852,market_research_2026-04-04_21-22-29_live_round,f974d41e6f2b44c69df8c990afaf26d2,2026-04-05T02:26:08.153955+00:00,1775355968153955000,171678479652375,950,,,ETF,3035,40,3035.5,-1.0,81.599944584,
53857,market_research_2026-04-04_21-22-29_live_round,f974d41e6f2b44c69df8c990afaf26d2,2026-04-05T02:26:08.190053+00:00,1775355968190053000,171678515750458,950,,,ETF,3035,60,3035.0,0.0,81.636042667,
54184,market_research_2026-04-04_21-22-29_live_round,f974d41e6f2b44c69df8c990afaf26d2,2026-04-05T02:26:10.705679+00:00,1775355970705679000,171681031383208,950,,,ETF,3042,40,3042.0,0.0,84.151675417,
54389,market_research_2026-04-04_21-22-29_live_round,f974d41e6f2b44c69df8c990afaf26d2,2026-04-05T02:26:12.275458+00:00,1775355972275458000,171682601166583,950,,,ETF,3038,40,3036.0,-4.0,85.721458792,
54394,market_research_2026-04-04_21-22-29_live_round,f974d41e6f2b44c69df8c990afaf26d2,2026-04-05T02:26:12.305878+00:00,1775355972305878000,171682631586666,950,,,ETF,3038,60,3036.5,-3.0,85.751878875,
54399,market_research_2026-04-04_21-22-29_live_round,f974d41e6f2b44c69df8c990afaf26d2,2026-04-05T02:26:12.332065+00:00,1775355972332065000,171682657773708,950,,,ETF,3037,40,3036.5,-1.0,85.778065917,
54400,market_research_2026-04-04_21-22-29_live_round,f974d41e6f2b44c69df8c990afaf26d2,2026-04-05T02:26:12.332206+00:00,1775355972332206000,171682657914541,950,,,ETF,3036,40,3036.5,-1.0,85.77820675,
54527,market_research_2026-04-04_21-22-29_live_round,f974d41e6f2b44c69df8c990afaf26d2,2026-04-05T02:26:13.360839+00:00,1775355973360839000,171683686550416,950,,,ETF,3032,40,3032.0,0.0,86.806842625,
54597,market_research_2026-04-04_21-22-29_live_round,f974d41e6f2b44c69df8c990afaf26d2,2026-04-05T02:26:13.898688+00:00,1775355973898688000,171684224400875,950,,,ETF,3029,40,3029.0,0.0,87.344693084,
54730,market_research_2026-04-04_21-22-29_live_round,f974d41e6f2b44c69df8c990afaf26d2,2026-04-05T02:26:14.838754+00:00,1775355974838754000,171685164469375,950,,,ETF,3021,40,3017.0,-8.0,88.284761584,
54735,market_research_2026-04-04_21-22-29_live_round,f974d41e6f2b44c69df8c990afaf26d2,2026-04-05T02:26:14.863427+00:00,1775355974863427000,171685189142958,950,,,ETF,3020,60,3017.0,-6.0,88.309435167,
54740,market_research_2026-04-04_21-22-29_live_round,f974d41e6f2b44c69df8c990afaf26d2,2026-04-05T02:26:14.887717+00:00,1775355974887717000,171685213432875,950,,,ETF,3020,80,3017.5,-5.0,88.333725084,
54745,market_research_2026-04-04_21-22-29_live_round,f974d41e6f2b44c69df8c990afaf26d2,2026-04-05T02:26:14.911795+00:00,1775355974911795000,171685237510541,950,,,ETF,3020,20,3018.0,-4.0,88.35780275,
54746,market_research_2026-04-04_21-22-29_live_round,f974d41e6f2b44c69df8c990afaf26d2,2026-04-05T02:26:14.911901+00:00,1775355974911901000,171685237616791,950,,,ETF,3019,80,3018.0,-4.0,88.357909,
55195,market_research_2026-04-04_21-22-29_live_round,f974d41e6f2b44c69df8c990afaf26d2,2026-04-05T02:26:17.751510+00:00,1775355977751510000,171688077233333,950,,,ETF,3016,40,3018.0,-4.0,91.197525542,
55200,market_research_2026-04-04_21-22-29_live_round,f974d41e6f2b44c69df8c990afaf26d2,2026-04-05T02:26:17.778278+00:00,1775355977778278000,171688104001000,950,,,ETF,3017,60,3018.0,-2.0,91.224293209,
55205,market_research_2026-04-04_21-22-29_live_round,f974d41e6f2b44c69df8c990afaf26d2,2026-04-05T02:26:17.802909+00:00,1775355977802909000,171688128632083,950,,,ETF,3018,80,3018.0,0.0,91.248924292,
55265,market_research_2026-04-04_21-22-29_live_round,f974d41e6f2b44c69df8c990afaf26d2,2026-04-05T02:26:18.176048+00:00,1775355978176048000,171688501772583,950,,,ETF,3019,40,3021.5,-5.0,91.622064792,
55270,market_research_2026-04-04_21-22-29_live_round,f974d41e6f2b44c69df8c990afaf26d2,2026-04-05T02:26:18.200816+00:00,1775355978200816000,171688526539958,950,,,ETF,3019,60,3021.0,-4.0,91.646832167,
55331,market_research_2026-04-04_21-22-29_live_round,f974d41e6f2b44c69df8c990afaf26d2,2026-04-05T02:26:18.579624+00:00,1775355978579624000,171688905349833,950,,,ETF,3029,40,3029.5,-1.0,92.025642042,
55336,market_research_2026-04-04_21-22-29_live_round,f974d41e6f2b44c69df8c990afaf26d2,2026-04-05T02:26:18.605035+00:00,1775355978605035000,171688930760375,950,,,ETF,3029,60,3029.0,0.0,92.051052584,
55402,market_research_2026-04-04_21-22-29_live_round,f974d41e6f2b44c69df8c990afaf26d2,2026-04-05T02:26:19.028383+00:00,1775355979028383000,171689354109250,950,,,ETF,3033,40,3033.0,0.0,92.474401459,
55534,market_research_2026-04-04_21-22-29_live_round,f974d41e6f2b44c69df8c990afaf26d2,2026-04-05T02:26:19.905601+00:00,1775355979905601000,171690231330541,950,,,ETF,3036,40,3038.0,-4.0,93.35162275,
55539,market_research_2026-04-04_21-22-29_live_round,f974d41e6f2b44c69df8c990afaf26d2,2026-04-05T02:26:19.934367+00:00,1775355979934367000,171690260095958,950,,,ETF,3037,60,3038.0,-2.0,93.380388167,
55544,market_research_2026-04-04_21-22-29_live_round,f974d41e6f2b44c69df8c990afaf26d2,2026-04-05T02:26:19.961641+00:00,1775355979961641000,171690287369875,950,,,ETF,3038,80,3038.0,0.0,93.407662084,
55604,market_research_2026-04-04_21-22-29_live_round,f974d41e6f2b44c69df8c990afaf26d2,2026-04-05T02:26:20.387234+00:00,1775355980387234000,171690712964291,950,,,ETF,3039,40,3041.5,-5.0,93.8332565,
55609,market_research_2026-04-04_21-22-29_live_round,f974d41e6f2b44c69df8c990afaf26d2,2026-04-05T02:26:20.416101+00:00,1775355980416101000,171690741831583,950,,,ETF,3039,60,3041.0,-4.0,93.862123792,
56139,market_research_2026-04-04_21-22-29_live_round,f974d41e6f2b44c69df8c990afaf26d2,2026-04-05T02:26:24.163563+00:00,1775355984163563000,171694489303000,950,,,ETF,3032,40,3031.5,-1.0,97.609595209,
56399,market_research_2026-04-04_21-22-29_live_round,f974d41e6f2b44c69df8c990afaf26d2,2026-04-05T02:26:25.958189+00:00,1775355985958189000,171696283934291,950,,,ETF,3027,40,3027.5,-1.0,99.4042265,
56469,market_research_2026-04-04_21-22-29_live_round,f974d41e6f2b44c69df8c990afaf26d2,2026-04-05T02:26:26.433795+00:00,1775355986433795000,171696759541708,950,,,ETF,3030,40,3031.5,-3.0,99.879833917,
56474,market_research_2026-04-04_21-22-29_live_round,f974d41e6f2b44c69df8c990afaf26d2,2026-04-05T02:26:26.461038+00:00,1775355986461038000,171696786784375,950,,,ETF,3030,60,3031.0,-2.0,99.907076584,
56537,market_research_2026-04-04_21-22-29_live_round,f974d41e6f2b44c69df8c990afaf26d2,2026-04-05T02:26:26.885683+00:00,1775355986885683000,171697211430958,950,,,ETF,3037,40,3037.5,-1.0,100.331723167,
56542,market_research_2026-04-04_21-22-29_live_round,f974d41e6f2b44c69df8c990afaf26d2,2026-04-05T02:26:26.911445+00:00,1775355986911445000,171697237192416,950,,,ETF,3037,60,3037.0,0.0,100.357484625,
56609,market_research_2026-04-04_21-22-29_live_round,f974d41e6f2b44c69df8c990afaf26d2,2026-04-05T02:26:27.379414+00:00,1775355987379414000,171697705162833,950,,,ETF,3036,40,3035.0,-2.0,100.825455042,
56614,market_research_2026-04-04_21-22-29_live_round,f974d41e6f2b44c69df8c990afaf26d2,2026-04-05T02:26:27.406776+00:00,1775355987406776000,171697732524833,950,,,ETF,3036,40,3035.5,-1.0,100.852817042,
56615,market_research_2026-04-04_21-22-29_live_round,f974d41e6f2b44c69df8c990afaf26d2,2026-04-05T02:26:27.406886+00:00,1775355987406886000,171697732635416,950,,,ETF,3035,20,3035.5,-1.0,100.852927625,
56677,market_research_2026-04-04_21-22-29_live_round,f974d41e6f2b44c69df8c990afaf26d2,2026-04-05T02:26:27.853323+00:00,1775355987853323000,171698179072666,950,,,ETF,3036,80,3036.5,-1.0,101.299364875,
56678,market_research_2026-04-04_21-22-29_live_round,f974d41e6f2b44c69df8c990afaf26d2,2026-04-05T02:26:27.853469+00:00,1775355987853469000,171698179219041,950,,,ETF,3037,100,3036.5,-1.0,101.29951125,
56685,market_research_2026-04-04_21-22-29_live_round,f974d41e6f2b44c69df8c990afaf26d2,2026-04-05T02:26:27.895594+00:00,1775355987895594000,171698221343791,950,,,ETF,3035,40,3035.0,0.0,101.341636,
56753,market_research_2026-04-04_21-22-29_live_round,f974d41e6f2b44c69df8c990afaf26d2,2026-04-05T02:26:28.368025+00:00,1775355988368025000,171698693776375,950,,,ETF,3029,40,3029.0,0.0,101.814068584,
56953,market_research_2026-04-04_21-22-29_live_round,f974d41e6f2b44c69df8c990afaf26d2,2026-04-05T02:26:29.717377+00:00,1775355989717377000,171700043131916,950,,,ETF,3031,40,3033.5,-5.0,103.163424125,
56958,market_research_2026-04-04_21-22-29_live_round,f974d41e6f2b44c69df8c990afaf26d2,2026-04-05T02:26:29.746016+00:00,1775355989746016000,171700071770916,950,,,ETF,3031,60,3033.0,-4.0,103.192063125,
56963,market_research_2026-04-04_21-22-29_live_round,f974d41e6f2b44c69df8c990afaf26d2,2026-04-05T02:26:29.773426+00:00,1775355989773426000,171700099181000,950,,,ETF,3033,40,3033.5,-1.0,103.219473209,
56964,market_research_2026-04-04_21-22-29_live_round,f974d41e6f2b44c69df8c990afaf26d2,2026-04-05T02:26:29.773531+00:00,1775355989773531000,171700099286250,950,,,ETF,3034,40,3033.5,-1.0,103.219578459,
57031,market_research_2026-04-04_21-22-29_live_round,f974d41e6f2b44c69df8c990afaf26d2,2026-04-05T02:26:30.245940+00:00,1775355990245940000,171700571695958,1000,,,ETF,3033,40,3033.0,0.0,103.691988167,
57095,market_research_2026-04-04_21-22-29_live_round,f974d41e6f2b44c69df8c990afaf26d2,2026-04-05T02:26:30.700636+00:00,1775355990700636000,171701026393791,1000,,,ETF,3033,40,3033.0,0.0,104.146686,
57228,market_research_2026-04-04_21-22-29_live_round,f974d41e6f2b44c69df8c990afaf26d2,2026-04-05T02:26:31.651433+00:00,1775355991651433000,171701977193875,1000,,,ETF,3024,40,3020.0,-8.0,105.097486084,
57233,market_research_2026-04-04_21-22-29_live_round,f974d41e6f2b44c69df8c990afaf26d2,2026-04-05T02:26:31.680887+00:00,1775355991680887000,171702006647666,1000,,,ETF,3024,60,3020.5,-7.0,105.126939875,
57238,market_research_2026-04-04_21-22-29_live_round,f974d41e6f2b44c69df8c990afaf26d2,2026-04-05T02:26:31.711169+00:00,1775355991711169000,171702036929375,1000,,,ETF,3023,40,3020.5,-5.0,105.157221584,
57239,market_research_2026-04-04_21-22-29_live_round,f974d41e6f2b44c69df8c990afaf26d2,2026-04-05T02:26:31.711292+00:00,1775355991711292000,171702037052541,1000,,,ETF,3022,40,3020.5,-5.0,105.15734475,
57245,market_research_2026-04-04_21-22-29_live_round,f974d41e6f2b44c69df8c990afaf26d2,2026-04-05T02:26:31.747801+00:00,1775355991747801000,171702073561208,1000,,,ETF,3022,20,3020.5,-3.0,105.193853417,
57246,market_research_2026-04-04_21-22-29_live_round,f974d41e6f2b44c69df8c990afaf26d2,2026-04-05T02:26:31.750038+00:00,1775355991750038000,171702075798625,1000,,,ETF,3021,80,3020.5,-3.0,105.196090834,
57303,market_research_2026-04-04_21-22-29_live_round,f974d41e6f2b44c69df8c990afaf26d2,2026-04-05T02:26:32.151301+00:00,1775355992151301000,171702477062500,1000,,,ETF,3020,100,3019.0,-2.0,105.597354709,
57372,market_research_2026-04-04_21-22-29_live_round,f974d41e6f2b44c69df8c990afaf26d2,2026-04-05T02:26:32.632171+00:00,1775355992632171000,171702957933875,1000,,,ETF,3026,40,3026.0,0.0,106.078226084,
57437,market_research_2026-04-04_21-22-29_live_round,f974d41e6f2b44c69df8c990afaf26d2,2026-04-05T02:26:33.074148+00:00,1775355993074148000,171703399911666,1000,,,ETF,3029,40,3032.5,-7.0,106.520203875,
57442,market_research_2026-04-04_21-22-29_live_round,f974d41e6f2b44c69df8c990afaf26d2,2026-04-05T02:26:33.102061+00:00,1775355993102061000,171703427825666,1000,,,ETF,3029,60,3032.0,-6.0,106.548117875,
57447,market_research_2026-04-04_21-22-29_live_round,f974d41e6f2b44c69df8c990afaf26d2,2026-04-05T02:26:33.131556+00:00,1775355993131556000,171703457320750,1000,,,ETF,3032,40,3033.0,-2.0,106.577612959,
57448,market_research_2026-04-04_21-22-29_live_round,f974d41e6f2b44c69df8c990afaf26d2,2026-04-05T02:26:33.134591+00:00,1775355993134591000,171703460355875,1000,,,ETF,3033,40,3033.0,-2.0,106.580648084,
57454,market_research_2026-04-04_21-22-29_live_round,f974d41e6f2b44c69df8c990afaf26d2,2026-04-05T02:26:33.169795+00:00,1775355993169795000,171703495559166,1000,,,ETF,3033,20,3033.0,0.0,106.615851375,
57515,market_research_2026-04-04_21-22-29_live_round,f974d41e6f2b44c69df8c990afaf26d2,2026-04-05T02:26:33.597122+00:00,1775355993597122000,171703922887250,1000,,,ETF,3035,40,3038.5,-7.0,107.043179459,
57520,market_research_2026-04-04_21-22-29_live_round,f974d41e6f2b44c69df8c990afaf26d2,2026-04-05T02:26:33.625311+00:00,1775355993625311000,171703951076916,1000,,,ETF,3035,60,3038.0,-6.0,107.071369125,
57582,market_research_2026-04-04_21-22-29_live_round,f974d41e6f2b44c69df8c990afaf26d2,2026-04-05T02:26:34.061078+00:00,1775355994061078000,171704386845208,1000,,,ETF,3040,40,3038.5,-3.0,107.507137417,
57587,market_research_2026-04-04_21-22-29_live_round,f974d41e6f2b44c69df8c990afaf26d2,2026-04-05T02:26:34.089258+00:00,1775355994089258000,171704415024500,1000,,,ETF,3040,40,3039.0,-2.0,107.535316709,
57588,market_research_2026-04-04_21-22-29_live_round,f974d41e6f2b44c69df8c990afaf26d2,2026-04-05T02:26:34.091572+00:00,1775355994091572000,171704417339458,1000,,,ETF,3039,20,3039.0,-2.0,107.537631667,
57594,market_research_2026-04-04_21-22-29_live_round,f974d41e6f2b44c69df8c990afaf26d2,2026-04-05T02:26:34.126745+00:00,1775355994126745000,171704452511666,1000,,,ETF,3039,80,3039.0,0.0,107.572803875,
57785,market_research_2026-04-04_21-22-29_live_round,f974d41e6f2b44c69df8c990afaf26d2,2026-04-05T02:26:35.491974+00:00,1775355995491974000,171705817744958,1000,,,ETF,3038,40,3039.0,-2.0,108.938037167,
57790,market_research_2026-04-04_21-22-29_live_round,f974d41e6f2b44c69df8c990afaf26d2,2026-04-05T02:26:35.522479+00:00,1775355995522479000,171705848249791,1000,,,ETF,3039,60,3039.0,0.0,108.968542,
57853,market_research_2026-04-04_21-22-29_live_round,f974d41e6f2b44c69df8c990afaf26d2,2026-04-05T02:26:35.966304+00:00,1775355995966304000,171706292076041,1000,,,ETF,3041,40,3041.5,-1.0,109.41236825,
57858,market_research_2026-04-04_21-22-29_live_round,f974d41e6f2b44c69df8c990afaf26d2,2026-04-05T02:26:35.997062+00:00,1775355995997062000,171706322834166,1000,,,ETF,3041,60,3041.0,0.0,109.443126375,
58050,market_research_2026-04-04_21-22-29_live_round,f974d41e6f2b44c69df8c990afaf26d2,2026-04-05T02:26:37.381455+00:00,1775355997381455000,171707707230875,1000,,,ETF,3045,40,3045.0,0.0,110.827523084,
58194,market_research_2026-04-04_21-22-29_live_round,f974d41e6f2b44c69df8c990afaf26d2,2026-04-05T02:26:38.398674+00:00,1775355998398674000,171708724452458,1000,,,ETF,3042,40,3041.5,-1.0,111.844744667,
58199,market_research_2026-04-04_21-22-29_live_round,f974d41e6f2b44c69df8c990afaf26d2,2026-04-05T02:26:38.426815+00:00,1775355998426815000,171708752593541,1000,,,ETF,3042,60,3042.0,0.0,111.87288575,
58263,market_research_2026-04-04_21-22-29_live_round,f974d41e6f2b44c69df8c990afaf26d2,2026-04-05T02:26:38.880369+00:00,1775355998880369000,171709206148708,1000,,,ETF,3043,40,3043.0,0.0,112.326440917,
58402,market_research_2026-04-04_21-22-29_live_round,f974d41e6f2b44c69df8c990afaf26d2,2026-04-05T02:26:39.852045+00:00,1775355999852045000,171710177827750,1000,,,ETF,3045,40,3047.0,-4.0,113.298119959,
58407,market_research_2026-04-04_21-22-29_live_round,f974d41e6f2b44c69df8c990afaf26d2,2026-04-05T02:26:39.880648+00:00,1775355999880648000,171710206430041,1000,,,ETF,3047,40,3047.5,-1.0,113.32672225,
58408,market_research_2026-04-04_21-22-29_live_round,f974d41e6f2b44c69df8c990afaf26d2,2026-04-05T02:26:39.880755+00:00,1775355999880755000,171710206537250,1000,,,ETF,3048,20,3047.5,-1.0,113.326829459,
58470,market_research_2026-04-04_21-22-29_live_round,f974d41e6f2b44c69df8c990afaf26d2,2026-04-05T02:26:40.327893+00:00,1775356000327893000,171710653676833,1000,,,ETF,3050,40,3052.5,-5.0,113.773969042,
58475,market_research_2026-04-04_21-22-29_live_round,f974d41e6f2b44c69df8c990afaf26d2,2026-04-05T02:26:40.357084+00:00,1775356000357084000,171710682867916,1000,,,ETF,3050,60,3052.0,-4.0,113.803160125,
58541,market_research_2026-04-04_21-22-29_live_round,f974d41e6f2b44c69df8c990afaf26d2,2026-04-05T02:26:40.828863+00:00,1775356000828863000,171711154647541,1000,,,ETF,3058,40,3059.5,-3.0,114.27493975,
58546,market_research_2026-04-04_21-22-29_live_round,f974d41e6f2b44c69df8c990afaf26d2,2026-04-05T02:26:40.857915+00:00,1775356000857915000,171711183700208,1000,,,ETF,3058,60,3059.0,-2.0,114.303992417,
58608,market_research_2026-04-04_21-22-29_live_round,f974d41e6f2b44c69df8c990afaf26d2,2026-04-05T02:26:41.290791+00:00,1775356001290791000,171711616577291,1000,,,ETF,3064,100,3069.0,-10.0,114.7368695,
58609,market_research_2026-04-04_21-22-29_live_round,f974d41e6f2b44c69df8c990afaf26d2,2026-04-05T02:26:41.293158+00:00,1775356001293158000,171711618943958,1000,,,ETF,3067,40,3069.0,-10.0,114.739236167,
58610,market_research_2026-04-04_21-22-29_live_round,f974d41e6f2b44c69df8c990afaf26d2,2026-04-05T02:26:41.293258+00:00,1775356001293258000,171711619044416,1000,,,ETF,3068,60,3069.0,-10.0,114.739336625,
58680,market_research_2026-04-04_21-22-29_live_round,f974d41e6f2b44c69df8c990afaf26d2,2026-04-05T02:26:41.812023+00:00,1775356001812023000,171712137810875,1000,,,ETF,3066,40,3066.0,0.0,115.258103084,
58813,market_research_2026-04-04_21-22-29_live_round,f974d41e6f2b44c69df8c990afaf26d2,2026-04-05T02:26:42.777498+00:00,1775356002777498000,171713103287958,1000,,,ETF,3067,40,3068.5,-3.0,116.223580167,
58818,market_research_2026-04-04_21-22-29_live_round,f974d41e6f2b44c69df8c990afaf26d2,2026-04-05T02:26:42.806339+00:00,1775356002806339000,171713132128958,1000,,,ETF,3068,60,3068.5,-1.0,116.252421167,
59014,market_research_2026-04-04_21-22-29_live_round,f974d41e6f2b44c69df8c990afaf26d2,2026-04-05T02:26:44.223406+00:00,1775356004223406000,171714549199833,1000,,,ETF,3062,40,3061.0,-2.0,117.669492042,
59019,market_research_2026-04-04_21-22-29_live_round,f974d41e6f2b44c69df8c990afaf26d2,2026-04-05T02:26:44.252104+00:00,1775356004252104000,171714577897708,1000,,,ETF,3062,60,3061.5,-1.0,117.698189917,
59024,market_research_2026-04-04_21-22-29_live_round,f974d41e6f2b44c69df8c990afaf26d2,2026-04-05T02:26:44.280476+00:00,1775356004280476000,171714606270000,1000,,,ETF,3062,40,3062.0,0.0,117.726562209,
59085,market_research_2026-04-04_21-22-29_live_round,f974d41e6f2b44c69df8c990afaf26d2,2026-04-05T02:26:44.717949+00:00,1775356004717949000,171715043743833,1000,,,ETF,3059,40,3054.0,-10.0,118.164036042,
59094,market_research_2026-04-04_21-22-29_live_round,f974d41e6f2b44c69df8c990afaf26d2,2026-04-05T02:26:44.785029+00:00,1775356004785029000,171715110824666,1000,,,ETF,3059,60,3054.5,-9.0,118.231116875,
59099,market_research_2026-04-04_21-22-29_live_round,f974d41e6f2b44c69df8c990afaf26d2,2026-04-05T02:26:44.814051+00:00,1775356004814051000,171715139847041,1000,,,ETF,3054,40,3052.5,-3.0,118.26013925,
59100,market_research_2026-04-04_21-22-29_live_round,f974d41e6f2b44c69df8c990afaf26d2,2026-04-05T02:26:44.816335+00:00,1775356004816335000,171715142130541,1000,,,ETF,3053,40,3052.5,-3.0,118.26242275,
59106,market_research_2026-04-04_21-22-29_live_round,f974d41e6f2b44c69df8c990afaf26d2,2026-04-05T02:26:44.849865+00:00,1775356004849865000,171715175660750,1000,,,ETF,3053,20,3052.5,-1.0,118.295952959,
59107,market_research_2026-04-04_21-22-29_live_round,f974d41e6f2b44c69df8c990afaf26d2,2026-04-05T02:26:44.849974+00:00,1775356004849974000,171715175770125,1000,,,ETF,3052,80,3052.5,-1.0,118.296062334,
59225,market_research_2026-04-04_21-22-29_live_round,f974d41e6f2b44c69df8c990afaf26d2,2026-04-05T02:26:45.698694+00:00,1775356005698694000,171716024491500,1000,,,ETF,3049,40,3049.0,0.0,119.144783709,
59364,market_research_2026-04-04_21-22-29_live_round,f974d41e6f2b44c69df8c990afaf26d2,2026-04-05T02:26:46.675508+00:00,1775356006675508000,171717001308375,1000,,,ETF,3049,40,3048.5,-1.0,120.121600584,
59434,market_research_2026-04-04_21-22-29_live_round,f974d41e6f2b44c69df8c990afaf26d2,2026-04-05T02:26:47.190211+00:00,1775356007190211000,171717516013041,1000,,,ETF,3046,40,3043.5,-5.0,120.63630525,
59439,market_research_2026-04-04_21-22-29_live_round,f974d41e6f2b44c69df8c990afaf26d2,2026-04-05T02:26:47.219075+00:00,1775356007219075000,171717544876500,1000,,,ETF,3046,60,3044.0,-4.0,120.665168709,
59722,market_research_2026-04-04_21-22-29_live_round,f974d41e6f2b44c69df8c990afaf26d2,2026-04-05T02:26:49.184833+00:00,1775356009184833000,171719510640625,1000,,,ETF,3041,40,3041.5,-1.0,122.630932834,
59986,market_research_2026-04-04_21-22-29_live_round,f974d41e6f2b44c69df8c990afaf26d2,2026-04-05T02:26:51.110383+00:00,1775356011110383000,171721436195125,1000,,,ETF,3040,40,3038.0,-4.0,124.556487334,
59991,market_research_2026-04-04_21-22-29_live_round,f974d41e6f2b44c69df8c990afaf26d2,2026-04-05T02:26:51.141780+00:00,1775356011141780000,171721467591916,1000,,,ETF,3039,60,3038.0,-2.0,124.587884125,
59996,market_research_2026-04-04_21-22-29_live_round,f974d41e6f2b44c69df8c990afaf26d2,2026-04-05T02:26:51.170816+00:00,1775356011170816000,171721496628958,1000,,,ETF,3038,80,3038.0,0.0,124.616921167,
60056,market_research_2026-04-04_21-22-29_live_round,f974d41e6f2b44c69df8c990afaf26d2,2026-04-05T02:26:51.609400+00:00,1775356011609400000,171721935213291,1000,,,ETF,3037,40,3037.0,0.0,125.0555055,
60123,market_research_2026-04-04_21-22-29_live_round,f974d41e6f2b44c69df8c990afaf26d2,2026-04-05T02:26:52.101872+00:00,1775356012101872000,171722427686416,1000,,,ETF,3038,40,3041.0,-6.0,125.547978625,
60128,market_research_2026-04-04_21-22-29_live_round,f974d41e6f2b44c69df8c990afaf26d2,2026-04-05T02:26:52.130985+00:00,1775356012130985000,171722456799625,1000,,,ETF,3038,20,3040.5,-5.0,125.577091834,
60129,market_research_2026-04-04_21-22-29_live_round,f974d41e6f2b44c69df8c990afaf26d2,2026-04-05T02:26:52.131092+00:00,1775356012131092000,171722456907375,1000,,,ETF,3039,40,3040.5,-5.0,125.577199584,
60135,market_research_2026-04-04_21-22-29_live_round,f974d41e6f2b44c69df8c990afaf26d2,2026-04-05T02:26:52.167302+00:00,1775356012167302000,171722493117083,1000,,,ETF,3039,60,3040.5,-3.0,125.613409292,
60136,market_research_2026-04-04_21-22-29_live_round,f974d41e6f2b44c69df8c990afaf26d2,2026-04-05T02:26:52.167410+00:00,1775356012167410000,171722493225666,1000,,,ETF,3039,20,3040.5,-3.0,125.613517875,
60141,market_research_2026-04-04_21-22-29_live_round,f974d41e6f2b44c69df8c990afaf26d2,2026-04-05T02:26:52.196422+00:00,1775356012196422000,171722522237291,1000,,,ETF,3039,60,3040.0,-2.0,125.6425295,
60142,market_research_2026-04-04_21-22-29_live_round,f974d41e6f2b44c69df8c990afaf26d2,2026-04-05T02:26:52.196526+00:00,1775356012196526000,171722522341458,1000,,,ETF,3040,40,3040.0,-2.0,125.642633667,
60200,market_research_2026-04-04_21-22-29_live_round,f974d41e6f2b44c69df8c990afaf26d2,2026-04-05T02:26:52.613046+00:00,1775356012613046000,171722938861833,1000,,,ETF,3040,40,3042.5,-5.0,126.059154042,
60205,market_research_2026-04-04_21-22-29_live_round,f974d41e6f2b44c69df8c990afaf26d2,2026-04-05T02:26:52.647319+00:00,1775356012647319000,171722973135875,1000,,,ETF,3040,20,3042.0,-4.0,126.093428084,
60333,market_research_2026-04-04_21-22-29_live_round,f974d41e6f2b44c69df8c990afaf26d2,2026-04-05T02:26:53.604363+00:00,1775356013604363000,171723930181750,1000,,,ETF,3045,40,3045.0,0.0,127.050473959,
60398,market_research_2026-04-04_21-22-29_live_round,f974d41e6f2b44c69df8c990afaf26d2,2026-04-05T02:26:54.074966+00:00,1775356014074966000,171724400786583,1000,,,ETF,3046,40,3046.5,-1.0,127.521078792,
60403,market_research_2026-04-04_21-22-29_live_round,f974d41e6f2b44c69df8c990afaf26d2,2026-04-05T02:26:54.106677+00:00,1775356014106677000,171724432497166,1000,,,ETF,3046,20,3046.0,0.0,127.552789375,
60478,market_research_2026-04-04_21-22-29_live_round,f974d41e6f2b44c69df8c990afaf26d2,2026-04-05T02:26:54.676917+00:00,1775356014676917000,171725002738833,1050,,,ETF,3046,40,3040.0,-12.0,0.034458708,
60483,market_research_2026-04-04_21-22-29_live_round,f974d41e6f2b44c69df8c990afaf26d2,2026-04-05T02:26:54.706904+00:00,1775356014706904000,171725032725750,1050,,,ETF,3045,60,3040.0,-10.0,0.064445625,
60488,market_research_2026-04-04_21-22-29_live_round,f974d41e6f2b44c69df8c990afaf26d2,2026-04-05T02:26:54.736695+00:00,1775356014736695000,171725062516750,1050,,,ETF,3045,20,3040.5,-9.0,0.094236625,
60489,market_research_2026-04-04_21-22-29_live_round,f974d41e6f2b44c69df8c990afaf26d2,2026-04-05T02:26:54.736808+00:00,1775356014736808000,171725062629916,1050,,,ETF,3044,60,3040.5,-9.0,0.094349791,
60495,market_research_2026-04-04_21-22-29_live_round,f974d41e6f2b44c69df8c990afaf26d2,2026-04-05T02:26:54.775713+00:00,1775356014775713000,171725101535208,1050,,,ETF,3044,40,3040.5,-7.0,0.133255083,
60572,market_research_2026-04-04_21-22-29_live_round,f974d41e6f2b44c69df8c990afaf26d2,2026-04-05T02:26:55.288801+00:00,1775356015288801000,171725614624625,1050,,,ETF,3028,40,3027.0,-2.0,0.6463445,
60577,market_research_2026-04-04_21-22-29_live_round,f974d41e6f2b44c69df8c990afaf26d2,2026-04-05T02:26:55.318078+00:00,1775356015318078000,171725643901125,1050,,,ETF,3027,60,3027.0,0.0,0.675621,
60629,market_research_2026-04-04_21-22-29_live_round,f974d41e6f2b44c69df8c990afaf26d2,2026-04-05T02:26:55.707370+00:00,1775356015707370000,171726033194750,1050,,,ETF,3025,40,3024.0,-2.0,1.064914625,
60634,market_research_2026-04-04_21-22-29_live_round,f974d41e6f2b44c69df8c990afaf26d2,2026-04-05T02:26:55.741117+00:00,1775356015741117000,171726066942083,1050,,,ETF,3025,60,3024.5,-1.0,1.098661958,
60760,market_research_2026-04-04_21-22-29_live_round,f974d41e6f2b44c69df8c990afaf26d2,2026-04-05T02:26:56.684227+00:00,1775356016684227000,171727010054666,1050,,,ETF,3026,40,3026.0,0.0,2.041774541,
60895,market_research_2026-04-04_21-22-29_live_round,f974d41e6f2b44c69df8c990afaf26d2,2026-04-05T02:26:57.688578+00:00,1775356017688578000,171728014408166,1050,,,ETF,3027,40,3025.0,-4.0,3.046128041,
60900,market_research_2026-04-04_21-22-29_live_round,f974d41e6f2b44c69df8c990afaf26d2,2026-04-05T02:26:57.720067+00:00,1775356017720067000,171728045897291,1050,,,ETF,3026,60,3025.0,-2.0,3.077617166,
60905,market_research_2026-04-04_21-22-29_live_round,f974d41e6f2b44c69df8c990afaf26d2,2026-04-05T02:26:57.748396+00:00,1775356017748396000,171728074226083,1050,,,ETF,3025,80,3025.0,0.0,3.105945958,
60965,market_research_2026-04-04_21-22-29_live_round,f974d41e6f2b44c69df8c990afaf26d2,2026-04-05T02:26:58.188992+00:00,1775356018188992000,171728514822791,1050,,,ETF,3024,40,3021.5,-5.0,3.546542666,
60970,market_research_2026-04-04_21-22-29_live_round,f974d41e6f2b44c69df8c990afaf26d2,2026-04-05T02:26:58.218692+00:00,1775356018218692000,171728544522875,1050,,,ETF,3024,60,3022.0,-4.0,3.57624275,
61037,market_research_2026-04-04_21-22-29_live_round,f974d41e6f2b44c69df8c990afaf26d2,2026-04-05T02:26:58.714427+00:00,1775356018714427000,171729040259666,1050,,,ETF,3016,40,3016.0,0.0,4.071979541,
61101,market_research_2026-04-04_21-22-29_live_round,f974d41e6f2b44c69df8c990afaf26d2,2026-04-05T02:26:59.190751+00:00,1775356019190751000,171729516585250,1050,,,ETF,3017,40,3019.0,-4.0,4.548305125,
61106,market_research_2026-04-04_21-22-29_live_round,f974d41e6f2b44c69df8c990afaf26d2,2026-04-05T02:26:59.219841+00:00,1775356019219841000,171729545674750,1050,,,ETF,3017,20,3018.5,-3.0,4.577394625,
61107,market_research_2026-04-04_21-22-29_live_round,f974d41e6f2b44c69df8c990afaf26d2,2026-04-05T02:26:59.219946+00:00,1775356019219946000,171729545780291,1050,,,ETF,3018,40,3018.5,-3.0,4.577500166,
61113,market_research_2026-04-04_21-22-29_live_round,f974d41e6f2b44c69df8c990afaf26d2,2026-04-05T02:26:59.255392+00:00,1775356019255392000,171729581226041,1050,,,ETF,3018,40,3018.5,-1.0,4.612945916,
61114,market_research_2026-04-04_21-22-29_live_round,f974d41e6f2b44c69df8c990afaf26d2,2026-04-05T02:26:59.255502+00:00,1775356019255502000,171729581336375,1050,,,ETF,3019,40,3018.5,-1.0,4.61305625,
61245,market_research_2026-04-04_21-22-29_live_round,f974d41e6f2b44c69df8c990afaf26d2,2026-04-05T02:27:00.251423+00:00,1775356020251423000,171730577259708,1050,,,ETF,3018,40,3018.0,0.0,5.608979583,
61318,market_research_2026-04-04_21-22-29_live_round,f974d41e6f2b44c69df8c990afaf26d2,2026-04-05T02:27:00.778082+00:00,1775356020778082000,171731103919750,1050,,,ETF,3019,40,3019.5,-1.0,6.135639625,
61323,market_research_2026-04-04_21-22-29_live_round,f974d41e6f2b44c69df8c990afaf26d2,2026-04-05T02:27:00.807737+00:00,1775356020807737000,171731133575416,1050,,,ETF,3019,20,3019.0,0.0,6.165295291,
61717,market_research_2026-04-04_21-22-29_live_round,f974d41e6f2b44c69df8c990afaf26d2,2026-04-05T02:27:03.776820+00:00,1775356023776820000,171734102666500,1050,,,ETF,3019,40,3016.5,-5.0,9.134386375,
61722,market_research_2026-04-04_21-22-29_live_round,f974d41e6f2b44c69df8c990afaf26d2,2026-04-05T02:27:03.807339+00:00,1775356023807339000,171734133185416,1050,,,ETF,3018,60,3016.5,-3.0,9.164905291,
61727,market_research_2026-04-04_21-22-29_live_round,f974d41e6f2b44c69df8c990afaf26d2,2026-04-05T02:27:03.838601+00:00,1775356023838601000,171734164446833,1050,,,ETF,3018,80,3017.0,-2.0,9.196166708,
61732,market_research_2026-04-04_21-22-29_live_round,f974d41e6f2b44c69df8c990afaf26d2,2026-04-05T02:27:03.869445+00:00,1775356023869445000,171734195291750,1050,,,ETF,3018,20,3017.5,-1.0,9.227011625,
61733,market_research_2026-04-04_21-22-29_live_round,f974d41e6f2b44c69df8c990afaf26d2,2026-04-05T02:27:03.869557+00:00,1775356023869557000,171734195403375,1050,,,ETF,3017,80,3017.5,-1.0,9.22712325,
61791,market_research_2026-04-04_21-22-29_live_round,f974d41e6f2b44c69df8c990afaf26d2,2026-04-05T02:27:04.301540+00:00,1775356024301540000,171734627387625,1050,,,ETF,3016,40,3015.5,-1.0,9.6591075,
61796,market_research_2026-04-04_21-22-29_live_round,f974d41e6f2b44c69df8c990afaf26d2,2026-04-05T02:27:04.333203+00:00,1775356024333203000,171734659050750,1050,,,ETF,3016,60,3016.0,0.0,9.690770625,
61861,market_research_2026-04-04_21-22-29_live_round,f974d41e6f2b44c69df8c990afaf26d2,2026-04-05T02:27:04.810818+00:00,1775356024810818000,171735136666541,1050,,,ETF,3016,40,3014.0,-4.0,10.168386416,
61866,market_research_2026-04-04_21-22-29_live_round,f974d41e6f2b44c69df8c990afaf26d2,2026-04-05T02:27:04.839839+00:00,1775356024839839000,171735165688208,1050,,,ETF,3016,40,3014.5,-3.0,10.197408083,
61997,market_research_2026-04-04_21-22-29_live_round,f974d41e6f2b44c69df8c990afaf26d2,2026-04-05T02:27:05.814713+00:00,1775356025814713000,171736140565000,1050,,,ETF,3003,40,3000.0,-6.0,11.172284875,
62002,market_research_2026-04-04_21-22-29_live_round,f974d41e6f2b44c69df8c990afaf26d2,2026-04-05T02:27:05.844103+00:00,1775356025844103000,171736169955000,1050,,,ETF,3003,60,3000.5,-5.0,11.201674875,
62007,market_research_2026-04-04_21-22-29_live_round,f974d41e6f2b44c69df8c990afaf26d2,2026-04-05T02:27:05.873431+00:00,1775356025873431000,171736199282666,1050,,,ETF,3001,40,3000.0,-2.0,11.231002541,
62008,market_research_2026-04-04_21-22-29_live_round,f974d41e6f2b44c69df8c990afaf26d2,2026-04-05T02:27:05.875887+00:00,1775356025875887000,171736201739083,1050,,,ETF,3000,40,3000.0,-2.0,11.233458958,
62014,market_research_2026-04-04_21-22-29_live_round,f974d41e6f2b44c69df8c990afaf26d2,2026-04-05T02:27:05.911223+00:00,1775356025911223000,171736237074416,1050,,,ETF,3000,20,3000.0,0.0,11.268794291,
62135,market_research_2026-04-04_21-22-29_live_round,f974d41e6f2b44c69df8c990afaf26d2,2026-04-05T02:27:06.820824+00:00,1775356026820824000,171737146678500,1050,,,ETF,2999,40,3000.0,-2.0,12.178398375,
62140,market_research_2026-04-04_21-22-29_live_round,f974d41e6f2b44c69df8c990afaf26d2,2026-04-05T02:27:06.850484+00:00,1775356026850484000,171737176338625,1050,,,ETF,3000,60,3000.0,0.0,12.2080585,
62211,market_research_2026-04-04_21-22-29_live_round,f974d41e6f2b44c69df8c990afaf26d2,2026-04-05T02:27:07.364610+00:00,1775356027364610000,171737690465166,1075,,,ETF,3002,40,3004.5,-5.0,12.722185041,
62216,market_research_2026-04-04_21-22-29_live_round,f974d41e6f2b44c69df8c990afaf26d2,2026-04-05T02:27:07.399015+00:00,1775356027399015000,171737724870541,1075,,,ETF,3002,60,3004.0,-4.0,12.756590416,
62279,market_research_2026-04-04_21-22-29_live_round,f974d41e6f2b44c69df8c990afaf26d2,2026-04-05T02:27:07.893126+00:00,1775356027893126000,171738218982916,1075,,,ETF,3010,40,3010.0,0.0,13.250702791,
62482,market_research_2026-04-04_21-22-29_live_round,f974d41e6f2b44c69df8c990afaf26d2,2026-04-05T02:27:09.447605+00:00,1775356029447605000,171739773466541,1075,,,ETF,3014,40,3014.5,-1.0,14.805186416,
62551,market_research_2026-04-04_21-22-29_live_round,f974d41e6f2b44c69df8c990afaf26d2,2026-04-05T02:27:09.990604+00:00,1775356029990604000,171740316467166,1075,,,ETF,3014,40,3012.5,-3.0,15.348187041,
62556,market_research_2026-04-04_21-22-29_live_round,f974d41e6f2b44c69df8c990afaf26d2,2026-04-05T02:27:10.023490+00:00,1775356030023490000,171740349353041,1075,,,ETF,3014,20,3013.0,-2.0,15.381072916,
62557,market_research_2026-04-04_21-22-29_live_round,f974d41e6f2b44c69df8c990afaf26d2,2026-04-05T02:27:10.023602+00:00,1775356030023602000,171740349464583,1075,,,ETF,3013,40,3013.0,-2.0,15.381184458,
62563,market_research_2026-04-04_21-22-29_live_round,f974d41e6f2b44c69df8c990afaf26d2,2026-04-05T02:27:10.063620+00:00,1775356030063620000,171740389482625,1075,,,ETF,3013,40,3013.0,0.0,15.4212025,
62623,market_research_2026-04-04_21-22-29_live_round,f974d41e6f2b44c69df8c990afaf26d2,2026-04-05T02:27:10.525536+00:00,1775356030525536000,171740851399875,1075,,,ETF,3012,40,3004.5,-15.0,15.88311975,
62628,market_research_2026-04-04_21-22-29_live_round,f974d41e6f2b44c69df8c990afaf26d2,2026-04-05T02:27:10.556503+00:00,1775356030556503000,171740882367583,1075,,,ETF,3012,60,3005.0,-14.0,15.914087458,
62633,market_research_2026-04-04_21-22-29_live_round,f974d41e6f2b44c69df8c990afaf26d2,2026-04-05T02:27:10.589484+00:00,1775356030589484000,171740915348625,1075,,,ETF,3005,40,3002.0,-6.0,15.9470685,
62634,market_research_2026-04-04_21-22-29_live_round,f974d41e6f2b44c69df8c990afaf26d2,2026-04-05T02:27:10.589593+00:00,1775356030589593000,171740915457875,1075,,,ETF,3004,40,3002.0,-6.0,15.94717775,
62640,market_research_2026-04-04_21-22-29_live_round,f974d41e6f2b44c69df8c990afaf26d2,2026-04-05T02:27:10.629390+00:00,1775356030629390000,171740955254125,1075,,,ETF,3004,20,3002.0,-4.0,15.986974,
62641,market_research_2026-04-04_21-22-29_live_round,f974d41e6f2b44c69df8c990afaf26d2,2026-04-05T02:27:10.629504+00:00,1775356030629504000,171740955368833,1075,,,ETF,3003,80,3002.0,-4.0,15.987088708,
62762,market_research_2026-04-04_21-22-29_live_round,f974d41e6f2b44c69df8c990afaf26d2,2026-04-05T02:27:11.572509+00:00,1775356031572509000,171741898375500,1075,,,ETF,2997,40,2996.0,-2.0,16.930095375,
62767,market_research_2026-04-04_21-22-29_live_round,f974d41e6f2b44c69df8c990afaf26d2,2026-04-05T02:27:11.606627+00:00,1775356031606627000,171741932493708,1075,,,ETF,2996,60,2996.0,0.0,16.964213583,
63095,market_research_2026-04-04_21-22-29_live_round,f974d41e6f2b44c69df8c990afaf26d2,2026-04-05T02:27:14.167971+00:00,1775356034167971000,171744493844500,1075,,,ETF,2993,40,2992.0,-2.0,19.525564375,
63100,market_research_2026-04-04_21-22-29_live_round,f974d41e6f2b44c69df8c990afaf26d2,2026-04-05T02:27:14.201714+00:00,1775356034201714000,171744527587500,1075,,,ETF,2992,60,2992.0,0.0,19.559307375,
63163,market_research_2026-04-04_21-22-29_live_round,f974d41e6f2b44c69df8c990afaf26d2,2026-04-05T02:27:14.689769+00:00,1775356034689769000,171745015644083,1075,,,ETF,2990,40,2985.5,-9.0,20.047363958,
63168,market_research_2026-04-04_21-22-29_live_round,f974d41e6f2b44c69df8c990afaf26d2,2026-04-05T02:27:14.721457+00:00,1775356034721457000,171745047332083,1075,,,ETF,2990,60,2986.0,-8.0,20.079051958,
63173,market_research_2026-04-04_21-22-29_live_round,f974d41e6f2b44c69df8c990afaf26d2,2026-04-05T02:27:14.752592+00:00,1775356034752592000,171745078467166,1075,,,ETF,2985,40,2984.0,-2.0,20.110187041,
63174,market_research_2026-04-04_21-22-29_live_round,f974d41e6f2b44c69df8c990afaf26d2,2026-04-05T02:27:14.752705+00:00,1775356034752705000,171745078580833,1075,,,ETF,2984,40,2984.0,-2.0,20.110300708,
63180,market_research_2026-04-04_21-22-29_live_round,f974d41e6f2b44c69df8c990afaf26d2,2026-04-05T02:27:14.792933+00:00,1775356034792933000,171745118809083,1075,,,ETF,2984,20,2984.0,0.0,20.150528958,
63240,market_research_2026-04-04_21-22-29_live_round,f974d41e6f2b44c69df8c990afaf26d2,2026-04-05T02:27:15.256045+00:00,1775356035256045000,171745581921750,1075,,,ETF,2982,40,2978.5,-7.0,20.613641625,
63245,market_research_2026-04-04_21-22-29_live_round,f974d41e6f2b44c69df8c990afaf26d2,2026-04-05T02:27:15.288299+00:00,1775356035288299000,171745614176125,1075,,,ETF,2982,60,2979.0,-6.0,20.645896,
63305,market_research_2026-04-04_21-22-29_live_round,f974d41e6f2b44c69df8c990afaf26d2,2026-04-05T02:27:15.754397+00:00,1775356035754397000,171746080274833,1075,,,ETF,2977,40,2978.0,-2.0,21.111994708,
63310,market_research_2026-04-04_21-22-29_live_round,f974d41e6f2b44c69df8c990afaf26d2,2026-04-05T02:27:15.788066+00:00,1775356035788066000,171746113944083,1075,,,ETF,2977,40,2977.5,-1.0,21.145663958,
63311,market_research_2026-04-04_21-22-29_live_round,f974d41e6f2b44c69df8c990afaf26d2,2026-04-05T02:27:15.788193+00:00,1775356035788193000,171746114071583,1075,,,ETF,2978,20,2977.5,-1.0,21.145791458,
63441,market_research_2026-04-04_21-22-29_live_round,f974d41e6f2b44c69df8c990afaf26d2,2026-04-05T02:27:16.797281+00:00,1775356036797281000,171747123161708,1075,,,ETF,2982,40,2983.0,-2.0,22.154881583,
63446,market_research_2026-04-04_21-22-29_live_round,f974d41e6f2b44c69df8c990afaf26d2,2026-04-05T02:27:16.829736+00:00,1775356036829736000,171747155616541,1075,,,ETF,2983,60,2983.0,0.0,22.187336416,
63575,market_research_2026-04-04_21-22-29_live_round,f974d41e6f2b44c69df8c990afaf26d2,2026-04-05T02:27:17.846776+00:00,1775356037846776000,171748172659916,1075,,,ETF,2990,40,2991.5,-3.0,23.204379791,
63576,market_research_2026-04-04_21-22-29_live_round,f974d41e6f2b44c69df8c990afaf26d2,2026-04-05T02:27:17.849518+00:00,1775356037849518000,171748175402291,1075,,,ETF,2991,60,2991.5,-3.0,23.207122166,
63577,market_research_2026-04-04_21-22-29_live_round,f974d41e6f2b44c69df8c990afaf26d2,2026-04-05T02:27:17.849624+00:00,1775356037849624000,171748175508125,1075,,,ETF,2992,80,2991.5,-3.0,23.207228,
63578,market_research_2026-04-04_21-22-29_live_round,f974d41e6f2b44c69df8c990afaf26d2,2026-04-05T02:27:17.849723+00:00,1775356037849723000,171748175606416,1075,,,ETF,2993,20,2991.5,-3.0,23.207326291,
63650,market_research_2026-04-04_21-22-29_live_round,f974d41e6f2b44c69df8c990afaf26d2,2026-04-05T02:27:18.437913+00:00,1775356038437913000,171748763797958,1075,,,ETF,2991,40,2996.0,-10.0,23.795517833,
63655,market_research_2026-04-04_21-22-29_live_round,f974d41e6f2b44c69df8c990afaf26d2,2026-04-05T02:27:18.481715+00:00,1775356038481715000,171748807600541,1075,,,ETF,2992,60,2996.0,-8.0,23.839320416,
63660,market_research_2026-04-04_21-22-29_live_round,f974d41e6f2b44c69df8c990afaf26d2,2026-04-05T02:27:18.516128+00:00,1775356038516128000,171748842013458,1075,,,ETF,2993,80,2996.0,-6.0,23.873733333,
63665,market_research_2026-04-04_21-22-29_live_round,f974d41e6f2b44c69df8c990afaf26d2,2026-04-05T02:27:18.549894+00:00,1775356038549894000,171748875779291,1075,,,ETF,2993,20,2995.5,-5.0,23.907499166,
63666,market_research_2026-04-04_21-22-29_live_round,f974d41e6f2b44c69df8c990afaf26d2,2026-04-05T02:27:18.550020+00:00,1775356038550020000,171748875905208,1075,,,ETF,2993,80,2995.5,-5.0,23.907625083,
63727,market_research_2026-04-04_21-22-29_live_round,f974d41e6f2b44c69df8c990afaf26d2,2026-04-05T02:27:19.231250+00:00,1775356039231250000,171749557137208,1075,,,ETF,2994,40,2996.0,-4.0,24.588857083,
63732,market_research_2026-04-04_21-22-29_live_round,f974d41e6f2b44c69df8c990afaf26d2,2026-04-05T02:27:19.269204+00:00,1775356039269204000,171749595091166,1075,,,ETF,2994,60,2995.5,-3.0,24.626811041,
63859,market_research_2026-04-04_21-22-29_live_round,f974d41e6f2b44c69df8c990afaf26d2,2026-04-05T02:27:20.260352+00:00,1775356040260352000,171750586242208,1075,,,ETF,3001,40,3000.0,-2.0,25.617962083,
63864,market_research_2026-04-04_21-22-29_live_round,f974d41e6f2b44c69df8c990afaf26d2,2026-04-05T02:27:20.288413+00:00,1775356040288413000,171750614303541,1075,,,ETF,3000,60,3000.0,0.0,25.646023416,
64056,market_research_2026-04-04_21-22-29_live_round,f974d41e6f2b44c69df8c990afaf26d2,2026-04-05T02:27:21.758426+00:00,1775356041758426000,171752084320041,1075,,,ETF,3005,40,3006.5,-3.0,27.116039916,
64061,market_research_2026-04-04_21-22-29_live_round,f974d41e6f2b44c69df8c990afaf26d2,2026-04-05T02:27:21.792594+00:00,1775356041792594000,171752118488416,1075,,,ETF,3005,60,3006.0,-2.0,27.150208291,
64066,market_research_2026-04-04_21-22-29_live_round,f974d41e6f2b44c69df8c990afaf26d2,2026-04-05T02:27:21.820827+00:00,1775356041820827000,171752146720958,1075,,,ETF,3005,40,3005.5,-1.0,27.178440833,
64067,market_research_2026-04-04_21-22-29_live_round,f974d41e6f2b44c69df8c990afaf26d2,2026-04-05T02:27:21.820971+00:00,1775356041820971000,171752146865333,1075,,,ETF,3006,40,3005.5,-1.0,27.178585208,
64133,market_research_2026-04-04_21-22-29_live_round,f974d41e6f2b44c69df8c990afaf26d2,2026-04-05T02:27:22.330811+00:00,1775356042330811000,171752656706458,1075,,,ETF,3008,40,3012.5,-9.0,27.688426333,
64138,market_research_2026-04-04_21-22-29_live_round,f974d41e6f2b44c69df8c990afaf26d2,2026-04-05T02:27:22.359388+00:00,1775356042359388000,171752685283666,1075,,,ETF,3008,60,3012.0,-8.0,27.717003541,
64143,market_research_2026-04-04_21-22-29_live_round,f974d41e6f2b44c69df8c990afaf26d2,2026-04-05T02:27:22.390171+00:00,1775356042390171000,171752716066791,1075,,,ETF,3014,40,3014.5,-1.0,27.747786666,
64144,market_research_2026-04-04_21-22-29_live_round,f974d41e6f2b44c69df8c990afaf26d2,2026-04-05T02:27:22.390274+00:00,1775356042390274000,171752716169833,1075,,,ETF,3015,40,3014.5,-1.0,27.747889708,
64213,market_research_2026-04-04_21-22-29_live_round,f974d41e6f2b44c69df8c990afaf26d2,2026-04-05T02:27:22.872825+00:00,1775356042872825000,171753198722208,1075,,,ETF,3017,40,3018.0,-2.0,28.230442083,
64218,market_research_2026-04-04_21-22-29_live_round,f974d41e6f2b44c69df8c990afaf26d2,2026-04-05T02:27:22.903367+00:00,1775356042903367000,171753229263833,1075,,,ETF,3017,60,3017.5,-1.0,28.260983708,
64407,market_research_2026-04-04_21-22-29_live_round,f974d41e6f2b44c69df8c990afaf26d2,2026-04-05T02:27:24.256091+00:00,1775356044256091000,171754581992208,1075,,,ETF,3017,40,3015.5,-3.0,29.613712083,
64412,market_research_2026-04-04_21-22-29_live_round,f974d41e6f2b44c69df8c990afaf26d2,2026-04-05T02:27:24.284258+00:00,1775356044284258000,171754610158916,1075,,,ETF,3016,60,3015.5,-1.0,29.641878791,
64608,market_research_2026-04-04_21-22-29_live_round,f974d41e6f2b44c69df8c990afaf26d2,2026-04-05T02:27:26.068756+00:00,1775356046068756000,171756394660875,1075,,,ETF,3015,40,3016.0,-2.0,31.42638075,
64613,market_research_2026-04-04_21-22-29_live_round,f974d41e6f2b44c69df8c990afaf26d2,2026-04-05T02:27:26.114443+00:00,1775356046114443000,171756440348833,1075,,,ETF,3016,60,3016.0,0.0,31.472068708,
64743,market_research_2026-04-04_21-22-29_live_round,f974d41e6f2b44c69df8c990afaf26d2,2026-04-05T02:27:27.454398+00:00,1775356047454398000,171757780306458,1075,,,ETF,3014,40,3013.5,-1.0,32.812026333,
64748,market_research_2026-04-04_21-22-29_live_round,f974d41e6f2b44c69df8c990afaf26d2,2026-04-05T02:27:27.503615+00:00,1775356047503615000,171757829524416,1075,,,ETF,3014,60,3014.0,0.0,32.861244291,
64950,market_research_2026-04-04_21-22-29_live_round,f974d41e6f2b44c69df8c990afaf26d2,2026-04-05T02:27:29.738732+00:00,1775356049738732000,171760064646833,1075,,,ETF,3005,40,3003.0,-4.0,35.096366708,
64955,market_research_2026-04-04_21-22-29_live_round,f974d41e6f2b44c69df8c990afaf26d2,2026-04-05T02:27:29.784670+00:00,1775356049784670000,171760110585458,1075,,,ETF,3004,60,3003.0,-2.0,35.142305333,
64960,market_research_2026-04-04_21-22-29_live_round,f974d41e6f2b44c69df8c990afaf26d2,2026-04-05T02:27:29.830471+00:00,1775356049830471000,171760156386166,1075,,,ETF,3004,80,3003.5,-1.0,35.188106041,
64965,market_research_2026-04-04_21-22-29_live_round,f974d41e6f2b44c69df8c990afaf26d2,2026-04-05T02:27:29.872915+00:00,1775356049872915000,171760198830750,1075,,,ETF,3004,20,3004.0,0.0,35.230550625,
65023,market_research_2026-04-04_21-22-29_live_round,f974d41e6f2b44c69df8c990afaf26d2,2026-04-05T02:27:30.498234+00:00,1775356050498234000,171760824151416,1075,,,ETF,3002,40,3000.5,-3.0,35.855871291,
65028,market_research_2026-04-04_21-22-29_live_round,f974d41e6f2b44c69df8c990afaf26d2,2026-04-05T02:27:30.535185+00:00,1775356050535185000,171760861102333,1075,,,ETF,3002,60,3001.0,-2.0,35.892822208,
65164,market_research_2026-04-04_21-22-29_live_round,f974d41e6f2b44c69df8c990afaf26d2,2026-04-05T02:27:31.706359+00:00,1775356051706359000,171762032279208,1075,,,ETF,2990,40,2990.0,0.0,37.063999083,
65234,market_research_2026-04-04_21-22-29_live_round,f974d41e6f2b44c69df8c990afaf26d2,2026-04-05T02:27:32.327969+00:00,1775356052327969000,171762653890375,1075,,,ETF,2991,40,2994.0,-6.0,37.68561025,
65239,market_research_2026-04-04_21-22-29_live_round,f974d41e6f2b44c69df8c990afaf26d2,2026-04-05T02:27:32.366603+00:00,1775356052366603000,171762692525500,1075,,,ETF,2991,20,2993.5,-5.0,37.724245375,
65240,market_research_2026-04-04_21-22-29_live_round,f974d41e6f2b44c69df8c990afaf26d2,2026-04-05T02:27:32.366749+00:00,1775356052366749000,171762692671125,1075,,,ETF,2992,40,2993.5,-5.0,37.724391,
65246,market_research_2026-04-04_21-22-29_live_round,f974d41e6f2b44c69df8c990afaf26d2,2026-04-05T02:27:32.410600+00:00,1775356052410600000,171762736521916,1075,,,ETF,2992,40,2993.5,-3.0,37.768241791,
65247,market_research_2026-04-04_21-22-29_live_round,f974d41e6f2b44c69df8c990afaf26d2,2026-04-05T02:27:32.410780+00:00,1775356052410780000,171762736702000,1075,,,ETF,2993,40,2993.5,-3.0,37.768421875,
65253,market_research_2026-04-04_21-22-29_live_round,f974d41e6f2b44c69df8c990afaf26d2,2026-04-05T02:27:32.450306+00:00,1775356052450306000,171762776228583,1075,,,ETF,2993,60,2993.5,-1.0,37.807948458,
65375,market_research_2026-04-04_21-22-29_live_round,f974d41e6f2b44c69df8c990afaf26d2,2026-04-05T02:27:33.646142+00:00,1775356053646142000,171763972067333,1075,,,ETF,3006,40,3011.0,-10.0,39.003787208,
65380,market_research_2026-04-04_21-22-29_live_round,f974d41e6f2b44c69df8c990afaf26d2,2026-04-05T02:27:33.680519+00:00,1775356053680519000,171764006444375,1075,,,ETF,3006,60,3010.5,-9.0,39.03816425,
65385,market_research_2026-04-04_21-22-29_live_round,f974d41e6f2b44c69df8c990afaf26d2,2026-04-05T02:27:33.714378+00:00,1775356053714378000,171764040303541,1075,,,ETF,3008,40,3011.0,-6.0,39.072023416,
65386,market_research_2026-04-04_21-22-29_live_round,f974d41e6f2b44c69df8c990afaf26d2,2026-04-05T02:27:33.714526+00:00,1775356053714526000,171764040452458,1075,,,ETF,3009,40,3011.0,-6.0,39.072172333,
65392,market_research_2026-04-04_21-22-29_live_round,f974d41e6f2b44c69df8c990afaf26d2,2026-04-05T02:27:33.753315+00:00,1775356053753315000,171764079240583,1075,,,ETF,3009,20,3011.0,-4.0,39.110960458,
65393,market_research_2026-04-04_21-22-29_live_round,f974d41e6f2b44c69df8c990afaf26d2,2026-04-05T02:27:33.753470+00:00,1775356053753470000,171764079396125,1075,,,ETF,3010,80,3011.0,-4.0,39.111116,
65464,market_research_2026-04-04_21-22-29_live_round,f974d41e6f2b44c69df8c990afaf26d2,2026-04-05T02:27:34.327521+00:00,1775356054327521000,171764653448166,1075,,,ETF,3011,40,3011.0,0.0,39.685168041,
65591,market_research_2026-04-04_21-22-29_live_round,f974d41e6f2b44c69df8c990afaf26d2,2026-04-05T02:27:35.558506+00:00,1775356055558506000,171765884437083,1075,,,ETF,3020,40,3020.0,0.0,40.916156958,
65862,market_research_2026-04-04_21-22-29_live_round,f974d41e6f2b44c69df8c990afaf26d2,2026-04-05T02:27:38.372377+00:00,1775356058372377000,171768698315125,1075,,,ETF,3019,40,3019.0,0.0,43.730035,
65994,market_research_2026-04-04_21-22-29_live_round,f974d41e6f2b44c69df8c990afaf26d2,2026-04-05T02:27:39.739014+00:00,1775356059739014000,171770064955500,1075,,,ETF,3021,40,3023.0,-4.0,45.096675375,
65999,market_research_2026-04-04_21-22-29_live_round,f974d41e6f2b44c69df8c990afaf26d2,2026-04-05T02:27:39.782371+00:00,1775356059782371000,171770108312583,1075,,,ETF,3022,60,3023.0,-2.0,45.140032458,
66004,market_research_2026-04-04_21-22-29_live_round,f974d41e6f2b44c69df8c990afaf26d2,2026-04-05T02:27:39.815259+00:00,1775356059815259000,171770141201416,1075,,,ETF,3022,40,3022.5,-1.0,45.172921291,
66005,market_research_2026-04-04_21-22-29_live_round,f974d41e6f2b44c69df8c990afaf26d2,2026-04-05T02:27:39.815401+00:00,1775356059815401000,171770141343750,1075,,,ETF,3022,40,3022.5,-1.0,45.173063625,
66010,market_research_2026-04-04_21-22-29_live_round,f974d41e6f2b44c69df8c990afaf26d2,2026-04-05T02:27:39.854244+00:00,1775356059854244000,171770180186291,1075,,,ETF,3022,20,3022.0,0.0,45.211906166,
66072,market_research_2026-04-04_21-22-29_live_round,f974d41e6f2b44c69df8c990afaf26d2,2026-04-05T02:27:40.428598+00:00,1775356060428598000,171770754541208,1075,,,ETF,3024,40,3027.5,-7.0,45.786261083,
66077,market_research_2026-04-04_21-22-29_live_round,f974d41e6f2b44c69df8c990afaf26d2,2026-04-05T02:27:40.477864+00:00,1775356060477864000,171770803808125,1075,,,ETF,3024,60,3027.0,-6.0,45.835528,
66473,market_research_2026-04-04_21-22-29_live_round,f974d41e6f2b44c69df8c990afaf26d2,2026-04-05T02:27:44.388371+00:00,1775356064388371000,171774714324916,1075,,,ETF,3042,40,3036.0,-12.0,49.746044791,
66482,market_research_2026-04-04_21-22-29_live_round,f974d41e6f2b44c69df8c990afaf26d2,2026-04-05T02:27:44.466563+00:00,1775356064466563000,171774792517625,1075,,,ETF,3041,60,3036.0,-10.0,49.8242375,
66487,market_research_2026-04-04_21-22-29_live_round,f974d41e6f2b44c69df8c990afaf26d2,2026-04-05T02:27:44.505634+00:00,1775356064505634000,171774831589041,1075,,,ETF,3040,80,3036.0,-8.0,49.863308916,
66492,market_research_2026-04-04_21-22-29_live_round,f974d41e6f2b44c69df8c990afaf26d2,2026-04-05T02:27:44.543377+00:00,1775356064543377000,171774869331750,1075,,,ETF,3039,100,3036.0,-6.0,49.901051625,
66550,market_research_2026-04-04_21-22-29_live_round,f974d41e6f2b44c69df8c990afaf26d2,2026-04-05T02:27:45.101828+00:00,1775356065101828000,171775427784000,1075,,,ETF,3024,40,3022.5,-3.0,50.459503875,
66555,market_research_2026-04-04_21-22-29_live_round,f974d41e6f2b44c69df8c990afaf26d2,2026-04-05T02:27:45.147589+00:00,1775356065147589000,171775473545375,1075,,,ETF,3023,60,3022.5,-1.0,50.50526525,
66747,market_research_2026-04-04_21-22-29_live_round,f974d41e6f2b44c69df8c990afaf26d2,2026-04-05T02:27:47.184446+00:00,1775356067184446000,171777510407833,1075,,,ETF,3021,40,3021.0,0.0,52.542127708,
66816,market_research_2026-04-04_21-22-29_live_round,f974d41e6f2b44c69df8c990afaf26d2,2026-04-05T02:27:47.858107+00:00,1775356067858107000,171778184070083,1075,,,ETF,3022,40,3022.0,0.0,53.215789958,
67151,market_research_2026-04-04_21-22-29_live_round,f974d41e6f2b44c69df8c990afaf26d2,2026-04-05T02:27:51.304927+00:00,1775356071304927000,171781630899458,1075,,,ETF,3032,40,3032.0,0.0,56.662619333,
67224,market_research_2026-04-04_21-22-29_live_round,f974d41e6f2b44c69df8c990afaf26d2,2026-04-05T02:27:52.021914+00:00,1775356072021914000,171782347888666,1075,,,ETF,3036,40,3037.5,-3.0,57.379608541,
67229,market_research_2026-04-04_21-22-29_live_round,f974d41e6f2b44c69df8c990afaf26d2,2026-04-05T02:27:52.058961+00:00,1775356072058961000,171782384936041,1075,,,ETF,3036,60,3037.0,-2.0,57.416655916,
67359,market_research_2026-04-04_21-22-29_live_round,f974d41e6f2b44c69df8c990afaf26d2,2026-04-05T02:27:53.385350+00:00,1775356073385350000,171783711327750,1075,,,ETF,3036,40,3034.5,-3.0,58.743047625,
67364,market_research_2026-04-04_21-22-29_live_round,f974d41e6f2b44c69df8c990afaf26d2,2026-04-05T02:27:53.422138+00:00,1775356073422138000,171783748117041,1075,,,ETF,3036,60,3035.0,-2.0,58.779836916,
67434,market_research_2026-04-04_21-22-29_live_round,f974d41e6f2b44c69df8c990afaf26d2,2026-04-05T02:27:54.108926+00:00,1775356074108926000,171784434906291,1075,,,ETF,3029,40,3025.5,-7.0,59.466626166,
67439,market_research_2026-04-04_21-22-29_live_round,f974d41e6f2b44c69df8c990afaf26d2,2026-04-05T02:27:54.155151+00:00,1775356074155151000,171784481131291,1075,,,ETF,3029,60,3026.0,-6.0,59.512851166,
67444,market_research_2026-04-04_21-22-29_live_round,f974d41e6f2b44c69df8c990afaf26d2,2026-04-05T02:27:54.200605+00:00,1775356074200605000,171784526585708,1075,,,ETF,3027,40,3025.5,-3.0,59.558305583,
67445,market_research_2026-04-04_21-22-29_live_round,f974d41e6f2b44c69df8c990afaf26d2,2026-04-05T02:27:54.200796+00:00,1775356074200796000,171784526776833,1075,,,ETF,3026,40,3025.5,-3.0,59.558496708,
67451,market_research_2026-04-04_21-22-29_live_round,f974d41e6f2b44c69df8c990afaf26d2,2026-04-05T02:27:54.252864+00:00,1775356074252864000,171784578845083,1075,,,ETF,3026,20,3025.5,-1.0,59.610564958,
67452,market_research_2026-04-04_21-22-29_live_round,f974d41e6f2b44c69df8c990afaf26d2,2026-04-05T02:27:54.256160+00:00,1775356074256160000,171784582141041,1075,,,ETF,3025,80,3025.5,-1.0,59.613860916,
67510,market_research_2026-04-04_21-22-29_live_round,f974d41e6f2b44c69df8c990afaf26d2,2026-04-05T02:27:54.836613+00:00,1775356074836613000,171785162595333,1075,,,ETF,3024,40,3014.5,-19.0,60.194315208,
67515,market_research_2026-04-04_21-22-29_live_round,f974d41e6f2b44c69df8c990afaf26d2,2026-04-05T02:27:54.868459+00:00,1775356074868459000,171785194441625,1075,,,ETF,3024,60,3015.0,-18.0,60.2261615,
67520,market_research_2026-04-04_21-22-29_live_round,f974d41e6f2b44c69df8c990afaf26d2,2026-04-05T02:27:54.906576+00:00,1775356074906576000,171785232558041,1075,,,ETF,3016,40,3011.5,-9.0,60.264277916,
67521,market_research_2026-04-04_21-22-29_live_round,f974d41e6f2b44c69df8c990afaf26d2,2026-04-05T02:27:54.906737+00:00,1775356074906737000,171785232720041,1075,,,ETF,3015,40,3011.5,-9.0,60.264439916,
67527,market_research_2026-04-04_21-22-29_live_round,f974d41e6f2b44c69df8c990afaf26d2,2026-04-05T02:27:54.950691+00:00,1775356074950691000,171785276673500,1075,,,ETF,3015,20,3011.5,-7.0,60.308393375,
67528,market_research_2026-04-04_21-22-29_live_round,f974d41e6f2b44c69df8c990afaf26d2,2026-04-05T02:27:54.950850+00:00,1775356074950850000,171785276833166,1075,,,ETF,3014,80,3011.5,-7.0,60.308553041,
67587,market_research_2026-04-04_21-22-29_live_round,f974d41e6f2b44c69df8c990afaf26d2,2026-04-05T02:27:55.491214+00:00,1775356075491214000,171785817198041,1075,,,ETF,3013,40,3010.5,-5.0,60.848917916,
67592,market_research_2026-04-04_21-22-29_live_round,f974d41e6f2b44c69df8c990afaf26d2,2026-04-05T02:27:55.529150+00:00,1775356075529150000,171785855134125,1075,,,ETF,3013,60,3011.0,-4.0,60.886854,
67981,market_research_2026-04-04_21-22-29_live_round,f974d41e6f2b44c69df8c990afaf26d2,2026-04-05T02:27:58.974437+00:00,1775356078974437000,171789300430750,1075,,,ETF,3008,40,3006.5,-3.0,64.332150625,
67986,market_research_2026-04-04_21-22-29_live_round,f974d41e6f2b44c69df8c990afaf26d2,2026-04-05T02:27:59.004943+00:00,1775356079004943000,171789330936916,1075,,,ETF,3007,60,3006.5,-1.0,64.362656791,
68114,market_research_2026-04-04_21-22-29_live_round,f974d41e6f2b44c69df8c990afaf26d2,2026-04-05T02:27:59.996698+00:00,1775356079996698000,171790322694666,1075,,,ETF,3008,40,3015.5,-15.0,65.354414541,
68119,market_research_2026-04-04_21-22-29_live_round,f974d41e6f2b44c69df8c990afaf26d2,2026-04-05T02:28:00.026620+00:00,1775356080026620000,171790352616791,1075,,,ETF,3008,60,3015.0,-14.0,65.384336666,
68124,market_research_2026-04-04_21-22-29_live_round,f974d41e6f2b44c69df8c990afaf26d2,2026-04-05T02:28:00.061746+00:00,1775356080061746000,171790387742750,1075,,,ETF,3012,40,3016.5,-9.0,65.419462625,
68125,market_research_2026-04-04_21-22-29_live_round,f974d41e6f2b44c69df8c990afaf26d2,2026-04-05T02:28:00.061861+00:00,1775356080061861000,171790387857041,1075,,,ETF,3013,40,3016.5,-9.0,65.419576916,
68131,market_research_2026-04-04_21-22-29_live_round,f974d41e6f2b44c69df8c990afaf26d2,2026-04-05T02:28:00.100826+00:00,1775356080100826000,171790426823000,1075,,,ETF,3013,20,3016.5,-7.0,65.458542875,
68132,market_research_2026-04-04_21-22-29_live_round,f974d41e6f2b44c69df8c990afaf26d2,2026-04-05T02:28:00.100942+00:00,1775356080100942000,171790426938375,1075,,,ETF,3014,80,3016.5,-7.0,65.45865825,
68204,market_research_2026-04-04_21-22-29_live_round,f974d41e6f2b44c69df8c990afaf26d2,2026-04-05T02:28:00.650044+00:00,1775356080650044000,171790976042416,1075,,,ETF,3015,40,3020.0,-10.0,66.007762291,
68209,market_research_2026-04-04_21-22-29_live_round,f974d41e6f2b44c69df8c990afaf26d2,2026-04-05T02:28:00.681272+00:00,1775356080681272000,171791007269708,1075,,,ETF,3015,60,3019.5,-9.0,66.038989583,
68399,market_research_2026-04-04_21-22-29_live_round,f974d41e6f2b44c69df8c990afaf26d2,2026-04-05T02:28:02.155636+00:00,1775356082155636000,171792481637791,1075,,,ETF,3024,40,3021.5,-5.0,67.513357666,
68404,market_research_2026-04-04_21-22-29_live_round,f974d41e6f2b44c69df8c990afaf26d2,2026-04-05T02:28:02.189511+00:00,1775356082189511000,171792515513291,1075,,,ETF,3023,60,3021.5,-3.0,67.547233166,
68409,market_research_2026-04-04_21-22-29_live_round,f974d41e6f2b44c69df8c990afaf26d2,2026-04-05T02:28:02.223271+00:00,1775356082223271000,171792549273416,1075,,,ETF,3022,80,3021.5,-1.0,67.580993291,
68533,market_research_2026-04-04_21-22-29_live_round,f974d41e6f2b44c69df8c990afaf26d2,2026-04-05T02:28:03.315138+00:00,1775356083315138000,171793641142916,1075,,,ETF,3022,40,3025.0,-6.0,68.672862791,
68538,market_research_2026-04-04_21-22-29_live_round,f974d41e6f2b44c69df8c990afaf26d2,2026-04-05T02:28:03.352797+00:00,1775356083352797000,171793678802333,1075,,,ETF,3022,60,3024.5,-5.0,68.710522208,
68547,market_research_2026-04-04_21-22-29_live_round,f974d41e6f2b44c69df8c990afaf26d2,2026-04-05T02:28:03.426981+00:00,1775356083426981000,171793752986083,1075,,,ETF,3024,40,3025.0,-2.0,68.784705958,
68548,market_research_2026-04-04_21-22-29_live_round,f974d41e6f2b44c69df8c990afaf26d2,2026-04-05T02:28:03.427105+00:00,1775356083427105000,171793753110958,1075,,,ETF,3025,40,3025.0,-2.0,68.784830833,
68554,market_research_2026-04-04_21-22-29_live_round,f974d41e6f2b44c69df8c990afaf26d2,2026-04-05T02:28:03.471417+00:00,1775356083471417000,171793797422291,1075,,,ETF,3025,20,3025.0,0.0,68.829142166,
68874,market_research_2026-04-04_21-22-29_live_round,f974d41e6f2b44c69df8c990afaf26d2,2026-04-05T02:28:06.220657+00:00,1775356086220657000,171796546669625,1075,,,ETF,3028,40,3028.0,0.0,71.5783895,
69012,market_research_2026-04-04_21-22-29_live_round,f974d41e6f2b44c69df8c990afaf26d2,2026-04-05T02:28:07.423483+00:00,1775356087423483000,171797749499250,1075,,,ETF,3026,40,3026.0,0.0,72.781219125,
69155,market_research_2026-04-04_21-22-29_live_round,f974d41e6f2b44c69df8c990afaf26d2,2026-04-05T02:28:08.607674+00:00,1775356088607674000,171798933693541,1075,,,ETF,3024,40,3022.5,-3.0,73.965413416,
69164,market_research_2026-04-04_21-22-29_live_round,f974d41e6f2b44c69df8c990afaf26d2,2026-04-05T02:28:08.682594+00:00,1775356088682594000,171799008612916,1075,,,ETF,3023,60,3022.5,-1.0,74.040332791,
69169,market_research_2026-04-04_21-22-29_live_round,f974d41e6f2b44c69df8c990afaf26d2,2026-04-05T02:28:08.717052+00:00,1775356088717052000,171799043071666,1075,,,ETF,3023,80,3023.0,0.0,74.074791541,
69226,market_research_2026-04-04_21-22-29_live_round,f974d41e6f2b44c69df8c990afaf26d2,2026-04-05T02:28:09.208314+00:00,1775356089208314000,171799534334333,1075,,,ETF,3024,40,3026.0,-4.0,74.566054208,
69231,market_research_2026-04-04_21-22-29_live_round,f974d41e6f2b44c69df8c990afaf26d2,2026-04-05T02:28:09.242885+00:00,1775356089242885000,171799568905333,1075,,,ETF,3024,60,3025.5,-3.0,74.600625208,
69426,market_research_2026-04-04_21-22-29_live_round,f974d41e6f2b44c69df8c990afaf26d2,2026-04-05T02:28:10.947987+00:00,1775356090947987000,171801274012500,1075,,,ETF,3034,40,3036.5,-5.0,76.305732375,
69431,market_research_2026-04-04_21-22-29_live_round,f974d41e6f2b44c69df8c990afaf26d2,2026-04-05T02:28:10.982533+00:00,1775356090982533000,171801308558291,1075,,,ETF,3035,60,3036.5,-3.0,76.340278166,
69436,market_research_2026-04-04_21-22-29_live_round,f974d41e6f2b44c69df8c990afaf26d2,2026-04-05T02:28:11.016493+00:00,1775356091016493000,171801342518541,1075,,,ETF,3036,80,3036.5,-1.0,76.374238416,
69496,market_research_2026-04-04_21-22-29_live_round,f974d41e6f2b44c69df8c990afaf26d2,2026-04-05T02:28:11.520274+00:00,1775356091520274000,171801846300291,1075,,,ETF,3037,40,3039.0,-4.0,76.878020166,
69501,market_research_2026-04-04_21-22-29_live_round,f974d41e6f2b44c69df8c990afaf26d2,2026-04-05T02:28:11.557481+00:00,1775356091557481000,171801883507958,1075,,,ETF,3037,60,3038.5,-3.0,76.915227833,
69696,market_research_2026-04-04_21-22-29_live_round,f974d41e6f2b44c69df8c990afaf26d2,2026-04-05T02:28:13.264462+00:00,1775356093264462000,171803590493458,1075,,,ETF,3046,40,3046.0,0.0,78.622213333,
69763,market_research_2026-04-04_21-22-29_live_round,f974d41e6f2b44c69df8c990afaf26d2,2026-04-05T02:28:13.842168+00:00,1775356093842168000,171804168201500,1075,,,ETF,3045,40,3044.5,-1.0,79.199921375,
69768,market_research_2026-04-04_21-22-29_live_round,f974d41e6f2b44c69df8c990afaf26d2,2026-04-05T02:28:13.873901+00:00,1775356093873901000,171804199934041,1075,,,ETF,3045,20,3045.0,0.0,79.231653916,
70170,market_research_2026-04-04_21-22-29_live_round,f974d41e6f2b44c69df8c990afaf26d2,2026-04-05T02:28:17.422118+00:00,1775356097422118000,171807748160708,1075,,,ETF,3042,40,3041.5,-1.0,82.779880583,
70303,market_research_2026-04-04_21-22-29_live_round,f974d41e6f2b44c69df8c990afaf26d2,2026-04-05T02:28:18.588181+00:00,1775356098588181000,171808914226791,1075,,,ETF,3034,40,3030.0,-8.0,83.945946666,
70308,market_research_2026-04-04_21-22-29_live_round,f974d41e6f2b44c69df8c990afaf26d2,2026-04-05T02:28:18.622961+00:00,1775356098622961000,171808949006666,1075,,,ETF,3033,60,3030.0,-6.0,83.980726541,
70313,market_research_2026-04-04_21-22-29_live_round,f974d41e6f2b44c69df8c990afaf26d2,2026-04-05T02:28:18.659619+00:00,1775356098659619000,171808985665083,1075,,,ETF,3032,80,3030.0,-4.0,84.017384958,
70318,market_research_2026-04-04_21-22-29_live_round,f974d41e6f2b44c69df8c990afaf26d2,2026-04-05T02:28:18.697002+00:00,1775356098697002000,171809023047875,1075,,,ETF,3032,100,3030.5,-3.0,84.05476775,
70440,market_research_2026-04-04_21-22-29_live_round,f974d41e6f2b44c69df8c990afaf26d2,2026-04-05T02:28:19.765214+00:00,1775356099765214000,171810091262583,1075,,,ETF,3035,40,3036.5,-3.0,85.122982458,
70445,market_research_2026-04-04_21-22-29_live_round,f974d41e6f2b44c69df8c990afaf26d2,2026-04-05T02:28:19.800629+00:00,1775356099800629000,171810126677625,1075,,,ETF,3036,60,3036.5,-1.0,85.1583975,
70512,market_research_2026-04-04_21-22-29_live_round,f974d41e6f2b44c69df8c990afaf26d2,2026-04-05T02:28:20.388822+00:00,1775356100388822000,171810714872666,1075,,,ETF,3036,40,3035.5,-1.0,85.746592541,
70517,market_research_2026-04-04_21-22-29_live_round,f974d41e6f2b44c69df8c990afaf26d2,2026-04-05T02:28:20.423819+00:00,1775356100423819000,171810749869458,1075,,,ETF,3036,40,3036.0,0.0,85.781589333,
70578,market_research_2026-04-04_21-22-29_live_round,f974d41e6f2b44c69df8c990afaf26d2,2026-04-05T02:28:20.955282+00:00,1775356100955282000,171811281334583,1075,,,ETF,3036,20,3036.5,-1.0,86.313054458,
70579,market_research_2026-04-04_21-22-29_live_round,f974d41e6f2b44c69df8c990afaf26d2,2026-04-05T02:28:20.958144+00:00,1775356100958144000,171811284195833,1075,,,ETF,3037,20,3036.5,-1.0,86.315915708,
70649,market_research_2026-04-04_21-22-29_live_round,f974d41e6f2b44c69df8c990afaf26d2,2026-04-05T02:28:21.568972+00:00,1775356101568972000,171811895026125,1075,,,ETF,3038,40,3045.5,-15.0,86.926746,
70654,market_research_2026-04-04_21-22-29_live_round,f974d41e6f2b44c69df8c990afaf26d2,2026-04-05T02:28:21.604197+00:00,1775356101604197000,171811930250875,1075,,,ETF,3038,60,3045.0,-14.0,86.96197075,
70659,market_research_2026-04-04_21-22-29_live_round,f974d41e6f2b44c69df8c990afaf26d2,2026-04-05T02:28:21.641747+00:00,1775356101641747000,171811967800458,1075,,,ETF,3043,40,3047.0,-8.0,86.999520333,
70660,market_research_2026-04-04_21-22-29_live_round,f974d41e6f2b44c69df8c990afaf26d2,2026-04-05T02:28:21.641860+00:00,1775356101641860000,171811967914291,1075,,,ETF,3044,40,3047.0,-8.0,86.999634166,
70666,market_research_2026-04-04_21-22-29_live_round,f974d41e6f2b44c69df8c990afaf26d2,2026-04-05T02:28:21.683375+00:00,1775356101683375000,171812009429250,1075,,,ETF,3044,20,3047.0,-6.0,87.041149125,
70667,market_research_2026-04-04_21-22-29_live_round,f974d41e6f2b44c69df8c990afaf26d2,2026-04-05T02:28:21.683486+00:00,1775356101683486000,171812009540166,1075,,,ETF,3045,80,3047.0,-6.0,87.041260041,
70724,market_research_2026-04-04_21-22-29_live_round,f974d41e6f2b44c69df8c990afaf26d2,2026-04-05T02:28:22.176026+00:00,1775356102176026000,171812502081250,1075,,,ETF,3046,40,3047.5,-3.0,87.533801125,
70729,market_research_2026-04-04_21-22-29_live_round,f974d41e6f2b44c69df8c990afaf26d2,2026-04-05T02:28:22.211135+00:00,1775356102211135000,171812537190458,1075,,,ETF,3046,60,3047.0,-2.0,87.568910333,
70859,market_research_2026-04-04_21-22-29_live_round,f974d41e6f2b44c69df8c990afaf26d2,2026-04-05T02:28:23.404173+00:00,1775356103404173000,171813730231083,1200,,,ETF,3051,40,3051.0,0.0,0.631518542,
70926,market_research_2026-04-04_21-22-29_live_round,f974d41e6f2b44c69df8c990afaf26d2,2026-04-05T02:28:23.989355+00:00,1775356103989355000,171814315415375,1200,,,ETF,3050,40,3048.0,-4.0,1.216702834,
70931,market_research_2026-04-04_21-22-29_live_round,f974d41e6f2b44c69df8c990afaf26d2,2026-04-05T02:28:24.024637+00:00,1775356104024637000,171814350697500,1200,,,ETF,3050,20,3048.5,-3.0,1.251984959,
70932,market_research_2026-04-04_21-22-29_live_round,f974d41e6f2b44c69df8c990afaf26d2,2026-04-05T02:28:24.024751+00:00,1775356104024751000,171814350811208,1200,,,ETF,3049,40,3048.5,-3.0,1.252098667,
70938,market_research_2026-04-04_21-22-29_live_round,f974d41e6f2b44c69df8c990afaf26d2,2026-04-05T02:28:24.069936+00:00,1775356104069936000,171814395996333,1200,,,ETF,3049,40,3048.5,-1.0,1.297283792,
70939,market_research_2026-04-04_21-22-29_live_round,f974d41e6f2b44c69df8c990afaf26d2,2026-04-05T02:28:24.070059+00:00,1775356104070059000,171814396120166,1200,,,ETF,3048,40,3048.5,-1.0,1.297407625,
71004,market_research_2026-04-04_21-22-29_live_round,f974d41e6f2b44c69df8c990afaf26d2,2026-04-05T02:28:24.642513+00:00,1775356104642513000,171814968575208,1200,,,ETF,3048,40,3047.0,-2.0,1.869862667,
71009,market_research_2026-04-04_21-22-29_live_round,f974d41e6f2b44c69df8c990afaf26d2,2026-04-05T02:28:24.680256+00:00,1775356104680256000,171815006318416,1200,,,ETF,3048,20,3047.5,-1.0,1.907605875,
71137,market_research_2026-04-04_21-22-29_live_round,f974d41e6f2b44c69df8c990afaf26d2,2026-04-05T02:28:25.808340+00:00,1775356105808340000,171816134405333,1200,,,ETF,3037,40,3035.0,-4.0,3.035692792,
71142,market_research_2026-04-04_21-22-29_live_round,f974d41e6f2b44c69df8c990afaf26d2,2026-04-05T02:28:25.847324+00:00,1775356105847324000,171816173389041,1200,,,ETF,3037,60,3035.5,-3.0,3.0746765,
71147,market_research_2026-04-04_21-22-29_live_round,f974d41e6f2b44c69df8c990afaf26d2,2026-04-05T02:28:25.882140+00:00,1775356105882140000,171816208205666,1200,,,ETF,3037,40,3036.0,-2.0,3.109493125,
71148,market_research_2026-04-04_21-22-29_live_round,f974d41e6f2b44c69df8c990afaf26d2,2026-04-05T02:28:25.882254+00:00,1775356105882254000,171816208319458,1200,,,ETF,3036,40,3036.0,-2.0,3.109606917,
71154,market_research_2026-04-04_21-22-29_live_round,f974d41e6f2b44c69df8c990afaf26d2,2026-04-05T02:28:25.925878+00:00,1775356105925878000,171816251943083,1200,,,ETF,3036,20,3036.0,0.0,3.153230542,
71212,market_research_2026-04-04_21-22-29_live_round,f974d41e6f2b44c69df8c990afaf26d2,2026-04-05T02:28:26.428635+00:00,1775356106428635000,171816754702166,1200,,,ETF,3034,40,3031.5,-5.0,3.655989625,
71217,market_research_2026-04-04_21-22-29_live_round,f974d41e6f2b44c69df8c990afaf26d2,2026-04-05T02:28:26.463794+00:00,1775356106463794000,171816789860541,1200,,,ETF,3034,60,3032.0,-4.0,3.691148,
71352,market_research_2026-04-04_21-22-29_live_round,f974d41e6f2b44c69df8c990afaf26d2,2026-04-05T02:28:27.649520+00:00,1775356107649520000,171817975590000,1200,,,ETF,3032,40,3033.0,-2.0,4.876877459,
71357,market_research_2026-04-04_21-22-29_live_round,f974d41e6f2b44c69df8c990afaf26d2,2026-04-05T02:28:27.685438+00:00,1775356107685438000,171818011507916,1200,,,ETF,3032,60,3032.5,-1.0,4.912795375,
71422,market_research_2026-04-04_21-22-29_live_round,f974d41e6f2b44c69df8c990afaf26d2,2026-04-05T02:28:28.254314+00:00,1775356108254314000,171818580385458,1200,,,ETF,3032,40,3031.5,-1.0,5.481672917,
71427,market_research_2026-04-04_21-22-29_live_round,f974d41e6f2b44c69df8c990afaf26d2,2026-04-05T02:28:28.290105+00:00,1775356108290105000,171818616177000,1200,,,ETF,3032,40,3032.0,0.0,5.517464459,
71493,market_research_2026-04-04_21-22-29_live_round,f974d41e6f2b44c69df8c990afaf26d2,2026-04-05T02:28:28.882596+00:00,1775356108882596000,171819208669291,1200,,,ETF,3031,40,3025.0,-12.0,6.10995675,
71498,market_research_2026-04-04_21-22-29_live_round,f974d41e6f2b44c69df8c990afaf26d2,2026-04-05T02:28:28.920705+00:00,1775356108920705000,171819246778208,1200,,,ETF,3031,60,3025.5,-11.0,6.148065667,
71503,market_research_2026-04-04_21-22-29_live_round,f974d41e6f2b44c69df8c990afaf26d2,2026-04-05T02:28:28.956327+00:00,1775356108956327000,171819282400333,1200,,,ETF,3025,40,3023.0,-4.0,6.183687792,
71504,market_research_2026-04-04_21-22-29_live_round,f974d41e6f2b44c69df8c990afaf26d2,2026-04-05T02:28:28.956450+00:00,1775356108956450000,171819282523583,1200,,,ETF,3024,40,3023.0,-4.0,6.183811042,
71510,market_research_2026-04-04_21-22-29_live_round,f974d41e6f2b44c69df8c990afaf26d2,2026-04-05T02:28:28.996610+00:00,1775356108996610000,171819322683791,1200,,,ETF,3024,20,3023.0,-2.0,6.22397125,
71511,market_research_2026-04-04_21-22-29_live_round,f974d41e6f2b44c69df8c990afaf26d2,2026-04-05T02:28:28.996719+00:00,1775356108996719000,171819322792375,1200,,,ETF,3023,80,3023.0,-2.0,6.224079834,
71568,market_research_2026-04-04_21-22-29_live_round,f974d41e6f2b44c69df8c990afaf26d2,2026-04-05T02:28:29.494574+00:00,1775356109494574000,171819820648833,1200,,,ETF,3022,40,3018.5,-7.0,6.721936292,
71573,market_research_2026-04-04_21-22-29_live_round,f974d41e6f2b44c69df8c990afaf26d2,2026-04-05T02:28:29.532511+00:00,1775356109532511000,171819858585791,1200,,,ETF,3022,60,3019.0,-6.0,6.75987325,
71637,market_research_2026-04-04_21-22-29_live_round,f974d41e6f2b44c69df8c990afaf26d2,2026-04-05T02:28:30.095642+00:00,1775356110095642000,171820421718500,1200,,,ETF,3017,40,3017.0,0.0,7.323005959,
71701,market_research_2026-04-04_21-22-29_live_round,f974d41e6f2b44c69df8c990afaf26d2,2026-04-05T02:28:30.663327+00:00,1775356110663327000,171820989404750,1200,,,ETF,3018,40,3020.5,-5.0,7.890692209,
71710,market_research_2026-04-04_21-22-29_live_round,f974d41e6f2b44c69df8c990afaf26d2,2026-04-05T02:28:30.741491+00:00,1775356110741491000,171821067568875,1200,,,ETF,3018,60,3020.0,-4.0,7.968856334,
71839,market_research_2026-04-04_21-22-29_live_round,f974d41e6f2b44c69df8c990afaf26d2,2026-04-05T02:28:31.895342+00:00,1775356111895342000,171822221423291,1200,,,ETF,3022,40,3025.0,-6.0,9.12271075,
71844,market_research_2026-04-04_21-22-29_live_round,f974d41e6f2b44c69df8c990afaf26d2,2026-04-05T02:28:31.931296+00:00,1775356111931296000,171822257377458,1200,,,ETF,3023,60,3025.0,-4.0,9.158664917,
71849,market_research_2026-04-04_21-22-29_live_round,f974d41e6f2b44c69df8c990afaf26d2,2026-04-05T02:28:31.966687+00:00,1775356111966687000,171822292768875,1200,,,ETF,3024,80,3025.0,-2.0,9.194056334,
71854,market_research_2026-04-04_21-22-29_live_round,f974d41e6f2b44c69df8c990afaf26d2,2026-04-05T02:28:32.005924+00:00,1775356112005924000,171822332005833,1200,,,ETF,3025,100,3025.0,0.0,9.233293292,
72040,market_research_2026-04-04_21-22-29_live_round,f974d41e6f2b44c69df8c990afaf26d2,2026-04-05T02:28:33.681061+00:00,1775356113681061000,171824007147083,1200,,,ETF,3033,40,3029.0,-8.0,10.908434542,
72045,market_research_2026-04-04_21-22-29_live_round,f974d41e6f2b44c69df8c990afaf26d2,2026-04-05T02:28:33.720017+00:00,1775356113720017000,171824046102791,1200,,,ETF,3032,60,3029.0,-6.0,10.94739025,
72050,market_research_2026-04-04_21-22-29_live_round,f974d41e6f2b44c69df8c990afaf26d2,2026-04-05T02:28:33.755496+00:00,1775356113755496000,171824081582583,1200,,,ETF,3031,80,3029.0,-4.0,10.982870042,
72055,market_research_2026-04-04_21-22-29_live_round,f974d41e6f2b44c69df8c990afaf26d2,2026-04-05T02:28:33.788136+00:00,1775356113788136000,171824114222791,1200,,,ETF,3030,100,3029.0,-2.0,11.01551025,
72312,market_research_2026-04-04_21-22-29_live_round,f974d41e6f2b44c69df8c990afaf26d2,2026-04-05T02:28:36.140978+00:00,1775356116140978000,171826467070250,1200,,,ETF,3024,40,3024.0,0.0,13.368357709,
72444,market_research_2026-04-04_21-22-29_live_round,f974d41e6f2b44c69df8c990afaf26d2,2026-04-05T02:28:37.331754+00:00,1775356117331754000,171827657850333,1200,,,ETF,3026,40,3026.5,-1.0,14.559137792,
72512,market_research_2026-04-04_21-22-29_live_round,f974d41e6f2b44c69df8c990afaf26d2,2026-04-05T02:28:37.934722+00:00,1775356117934722000,171828260819166,1200,,,ETF,3029,40,3031.0,-4.0,15.162106625,
72517,market_research_2026-04-04_21-22-29_live_round,f974d41e6f2b44c69df8c990afaf26d2,2026-04-05T02:28:37.971148+00:00,1775356117971148000,171828297245958,1200,,,ETF,3029,60,3030.5,-3.0,15.198533417,
72584,market_research_2026-04-04_21-22-29_live_round,f974d41e6f2b44c69df8c990afaf26d2,2026-04-05T02:28:38.625845+00:00,1775356118625845000,171828951944208,1200,,,ETF,3031,40,3029.0,-4.0,15.853231667,
72589,market_research_2026-04-04_21-22-29_live_round,f974d41e6f2b44c69df8c990afaf26d2,2026-04-05T02:28:38.667803+00:00,1775356118667803000,171828993902041,1200,,,ETF,3031,40,3029.5,-3.0,15.8951895,
72590,market_research_2026-04-04_21-22-29_live_round,f974d41e6f2b44c69df8c990afaf26d2,2026-04-05T02:28:38.667923+00:00,1775356118667923000,171828994022208,1200,,,ETF,3030,20,3029.5,-3.0,15.895309667,
72596,market_research_2026-04-04_21-22-29_live_round,f974d41e6f2b44c69df8c990afaf26d2,2026-04-05T02:28:38.712029+00:00,1775356118712029000,171829038128291,1200,,,ETF,3030,80,3029.5,-1.0,15.93941575,
72659,market_research_2026-04-04_21-22-29_live_round,f974d41e6f2b44c69df8c990afaf26d2,2026-04-05T02:28:39.275811+00:00,1775356119275811000,171829601911750,1200,,,ETF,3021,40,3018.0,-6.0,16.503199209,
72660,market_research_2026-04-04_21-22-29_live_round,f974d41e6f2b44c69df8c990afaf26d2,2026-04-05T02:28:39.275930+00:00,1775356119275930000,171829602031291,1200,,,ETF,3020,60,3018.0,-6.0,16.50331875,
72661,market_research_2026-04-04_21-22-29_live_round,f974d41e6f2b44c69df8c990afaf26d2,2026-04-05T02:28:39.276033+00:00,1775356119276033000,171829602133791,1200,,,ETF,3019,80,3018.0,-6.0,16.50342125,
72662,market_research_2026-04-04_21-22-29_live_round,f974d41e6f2b44c69df8c990afaf26d2,2026-04-05T02:28:39.276132+00:00,1775356119276132000,171829602233333,1200,,,ETF,3018,20,3018.0,-6.0,16.503520792,
72859,market_research_2026-04-04_21-22-29_live_round,f974d41e6f2b44c69df8c990afaf26d2,2026-04-05T02:28:41.008650+00:00,1775356121008650000,171831334755708,1200,,,ETF,3021,40,3019.5,-3.0,18.236043167,
72864,market_research_2026-04-04_21-22-29_live_round,f974d41e6f2b44c69df8c990afaf26d2,2026-04-05T02:28:41.044341+00:00,1775356121044341000,171831370446541,1200,,,ETF,3020,60,3019.5,-1.0,18.271734,
72992,market_research_2026-04-04_21-22-29_live_round,f974d41e6f2b44c69df8c990afaf26d2,2026-04-05T02:28:42.198761+00:00,1775356122198761000,171832524870208,1200,,,ETF,3019,40,3019.0,0.0,19.426157667,
73341,market_research_2026-04-04_21-22-29_live_round,f974d41e6f2b44c69df8c990afaf26d2,2026-04-05T02:28:45.315778+00:00,1775356125315778000,171835641894791,1200,,,ETF,3030,40,3030.5,-1.0,22.54318225,
73409,market_research_2026-04-04_21-22-29_live_round,f974d41e6f2b44c69df8c990afaf26d2,2026-04-05T02:28:45.930004+00:00,1775356125930004000,171836256123166,1200,,,ETF,3030,40,3029.5,-1.0,23.157410625,
73414,market_research_2026-04-04_21-22-29_live_round,f974d41e6f2b44c69df8c990afaf26d2,2026-04-05T02:28:45.968722+00:00,1775356125968722000,171836294841083,1200,,,ETF,3030,20,3030.0,0.0,23.196128542,
73481,market_research_2026-04-04_21-22-29_live_round,f974d41e6f2b44c69df8c990afaf26d2,2026-04-05T02:28:46.572045+00:00,1775356126572045000,171836898165208,1200,,,ETF,3028,40,3027.0,-2.0,23.799452667,
73486,market_research_2026-04-04_21-22-29_live_round,f974d41e6f2b44c69df8c990afaf26d2,2026-04-05T02:28:46.608262+00:00,1775356126608262000,171836934383000,1200,,,ETF,3028,60,3027.5,-1.0,23.835670459,
73615,market_research_2026-04-04_21-22-29_live_round,f974d41e6f2b44c69df8c990afaf26d2,2026-04-05T02:28:47.759661+00:00,1775356127759661000,171838085784250,1200,,,ETF,3017,40,3015.5,-3.0,24.987071709,
73620,market_research_2026-04-04_21-22-29_live_round,f974d41e6f2b44c69df8c990afaf26d2,2026-04-05T02:28:47.796140+00:00,1775356127796140000,171838122263416,1200,,,ETF,3017,60,3016.0,-2.0,25.023550875,
73684,market_research_2026-04-04_21-22-29_live_round,f974d41e6f2b44c69df8c990afaf26d2,2026-04-05T02:28:48.360298+00:00,1775356128360298000,171838686423083,1200,,,ETF,3012,40,3006.5,-11.0,25.587710542,
73689,market_research_2026-04-04_21-22-29_live_round,f974d41e6f2b44c69df8c990afaf26d2,2026-04-05T02:28:48.399901+00:00,1775356128399901000,171838726026416,1200,,,ETF,3012,60,3007.0,-10.0,25.627313875,
73694,market_research_2026-04-04_21-22-29_live_round,f974d41e6f2b44c69df8c990afaf26d2,2026-04-05T02:28:48.435744+00:00,1775356128435744000,171838761869125,1200,,,ETF,3008,40,3005.5,-5.0,25.663156584,
73695,market_research_2026-04-04_21-22-29_live_round,f974d41e6f2b44c69df8c990afaf26d2,2026-04-05T02:28:48.435855+00:00,1775356128435855000,171838761980583,1200,,,ETF,3007,40,3005.5,-5.0,25.663268042,
73701,market_research_2026-04-04_21-22-29_live_round,f974d41e6f2b44c69df8c990afaf26d2,2026-04-05T02:28:48.477003+00:00,1775356128477003000,171838803128458,1200,,,ETF,3007,20,3005.5,-3.0,25.704415917,
73702,market_research_2026-04-04_21-22-29_live_round,f974d41e6f2b44c69df8c990afaf26d2,2026-04-05T02:28:48.477111+00:00,1775356128477111000,171838803236250,1200,,,ETF,3006,80,3005.5,-3.0,25.704523709,
74097,market_research_2026-04-04_21-22-29_live_round,f974d41e6f2b44c69df8c990afaf26d2,2026-04-05T02:28:52.066939+00:00,1775356132066939000,171842393074125,1200,,,ETF,2997,40,2996.5,-1.0,29.294361584,
74102,market_research_2026-04-04_21-22-29_live_round,f974d41e6f2b44c69df8c990afaf26d2,2026-04-05T02:28:52.106431+00:00,1775356132106431000,171842432566583,1200,,,ETF,2997,60,2997.0,0.0,29.333854042,
74377,market_research_2026-04-04_21-22-29_live_round,f974d41e6f2b44c69df8c990afaf26d2,2026-04-05T02:28:54.533116+00:00,1775356134533116000,171844859257500,1200,,,ETF,2983,100,2977.0,-12.0,31.760544959,
74378,market_research_2026-04-04_21-22-29_live_round,f974d41e6f2b44c69df8c990afaf26d2,2026-04-05T02:28:54.533235+00:00,1775356134533235000,171844859376416,1200,,,ETF,2981,40,2977.0,-12.0,31.760663875,
74379,market_research_2026-04-04_21-22-29_live_round,f974d41e6f2b44c69df8c990afaf26d2,2026-04-05T02:28:54.533336+00:00,1775356134533336000,171844859477416,1200,,,ETF,2980,60,2977.0,-12.0,31.760764875,
74386,market_research_2026-04-04_21-22-29_live_round,f974d41e6f2b44c69df8c990afaf26d2,2026-04-05T02:28:54.587393+00:00,1775356134587393000,171844913535000,1200,,,ETF,2979,40,2979.0,0.0,31.814822459,
74459,market_research_2026-04-04_21-22-29_live_round,f974d41e6f2b44c69df8c990afaf26d2,2026-04-05T02:28:55.211614+00:00,1775356135211614000,171845537757791,1200,,,ETF,2978,40,2970.5,-15.0,32.43904525,
74464,market_research_2026-04-04_21-22-29_live_round,f974d41e6f2b44c69df8c990afaf26d2,2026-04-05T02:28:55.247047+00:00,1775356135247047000,171845573190416,1200,,,ETF,2978,60,2971.0,-14.0,32.474477875,
74469,market_research_2026-04-04_21-22-29_live_round,f974d41e6f2b44c69df8c990afaf26d2,2026-04-05T02:28:55.284361+00:00,1775356135284361000,171845610505208,1200,,,ETF,2973,40,2969.0,-8.0,32.511792667,
74470,market_research_2026-04-04_21-22-29_live_round,f974d41e6f2b44c69df8c990afaf26d2,2026-04-05T02:28:55.287307+00:00,1775356135287307000,171845613451166,1200,,,ETF,2972,40,2969.0,-8.0,32.514738625,
74476,market_research_2026-04-04_21-22-29_live_round,f974d41e6f2b44c69df8c990afaf26d2,2026-04-05T02:28:55.331975+00:00,1775356135331975000,171845658118625,1200,,,ETF,2972,20,2969.0,-6.0,32.559406084,
74477,market_research_2026-04-04_21-22-29_live_round,f974d41e6f2b44c69df8c990afaf26d2,2026-04-05T02:28:55.332087+00:00,1775356135332087000,171845658230875,1200,,,ETF,2971,80,2969.0,-6.0,32.559518334,
74541,market_research_2026-04-04_21-22-29_live_round,f974d41e6f2b44c69df8c990afaf26d2,2026-04-05T02:28:55.870624+00:00,1775356135870624000,171846196769083,1200,,,ETF,2970,40,2959.5,-21.0,33.098056542,
74546,market_research_2026-04-04_21-22-29_live_round,f974d41e6f2b44c69df8c990afaf26d2,2026-04-05T02:28:55.906166+00:00,1775356135906166000,171846232311541,1200,,,ETF,2970,60,2960.0,-20.0,33.133599,
74551,market_research_2026-04-04_21-22-29_live_round,f974d41e6f2b44c69df8c990afaf26d2,2026-04-05T02:28:55.941640+00:00,1775356135941640000,171846267785166,1200,,,ETF,2957,40,2954.0,-6.0,33.169072625,
74552,market_research_2026-04-04_21-22-29_live_round,f974d41e6f2b44c69df8c990afaf26d2,2026-04-05T02:28:55.944580+00:00,1775356135944580000,171846270725291,1200,,,ETF,2956,40,2954.0,-6.0,33.17201275,
74562,market_research_2026-04-04_21-22-29_live_round,f974d41e6f2b44c69df8c990afaf26d2,2026-04-05T02:28:56.032637+00:00,1775356136032637000,171846358782916,1200,,,ETF,2956,20,2954.0,-4.0,33.260070375,
74563,market_research_2026-04-04_21-22-29_live_round,f974d41e6f2b44c69df8c990afaf26d2,2026-04-05T02:28:56.032755+00:00,1775356136032755000,171846358901375,1200,,,ETF,2955,80,2954.0,-4.0,33.260188834,
74626,market_research_2026-04-04_21-22-29_live_round,f974d41e6f2b44c69df8c990afaf26d2,2026-04-05T02:28:56.572885+00:00,1775356136572885000,171846899031875,1200,,,ETF,2954,40,2944.0,-20.0,33.800319334,
74631,market_research_2026-04-04_21-22-29_live_round,f974d41e6f2b44c69df8c990afaf26d2,2026-04-05T02:28:56.610110+00:00,1775356136610110000,171846936257625,1200,,,ETF,2954,60,2944.5,-19.0,33.837545084,
74636,market_research_2026-04-04_21-22-29_live_round,f974d41e6f2b44c69df8c990afaf26d2,2026-04-05T02:28:56.647237+00:00,1775356136647237000,171846973384833,1200,,,ETF,2943,40,2939.5,-7.0,33.874672292,
74637,market_research_2026-04-04_21-22-29_live_round,f974d41e6f2b44c69df8c990afaf26d2,2026-04-05T02:28:56.647356+00:00,1775356136647356000,171846973503166,1200,,,ETF,2942,40,2939.5,-7.0,33.874790625,
74643,market_research_2026-04-04_21-22-29_live_round,f974d41e6f2b44c69df8c990afaf26d2,2026-04-05T02:28:56.693482+00:00,1775356136693482000,171847019629916,1200,,,ETF,2942,20,2939.5,-5.0,33.920917375,
74644,market_research_2026-04-04_21-22-29_live_round,f974d41e6f2b44c69df8c990afaf26d2,2026-04-05T02:28:56.693597+00:00,1775356136693597000,171847019744791,1200,,,ETF,2941,80,2939.5,-5.0,33.92103225,
74708,market_research_2026-04-04_21-22-29_live_round,f974d41e6f2b44c69df8c990afaf26d2,2026-04-05T02:28:57.254715+00:00,1775356137254715000,171847580863750,1200,,,ETF,2940,40,2929.0,-22.0,34.482151209,
74713,market_research_2026-04-04_21-22-29_live_round,f974d41e6f2b44c69df8c990afaf26d2,2026-04-05T02:28:57.294463+00:00,1775356137294463000,171847620611625,1200,,,ETF,2940,60,2929.5,-21.0,34.521899084,
74718,market_research_2026-04-04_21-22-29_live_round,f974d41e6f2b44c69df8c990afaf26d2,2026-04-05T02:28:57.331264+00:00,1775356137331264000,171847657413416,1200,,,ETF,2928,40,2924.0,-8.0,34.558700875,
74719,market_research_2026-04-04_21-22-29_live_round,f974d41e6f2b44c69df8c990afaf26d2,2026-04-05T02:28:57.334097+00:00,1775356137334097000,171847660246291,1200,,,ETF,2927,40,2924.0,-8.0,34.56153375,
74725,market_research_2026-04-04_21-22-29_live_round,f974d41e6f2b44c69df8c990afaf26d2,2026-04-05T02:28:57.382175+00:00,1775356137382175000,171847708324583,1200,,,ETF,2927,20,2924.0,-6.0,34.609612042,
74726,market_research_2026-04-04_21-22-29_live_round,f974d41e6f2b44c69df8c990afaf26d2,2026-04-05T02:28:57.382293+00:00,1775356137382293000,171847708442125,1200,,,ETF,2926,80,2924.0,-6.0,34.609729584,
74789,market_research_2026-04-04_21-22-29_live_round,f974d41e6f2b44c69df8c990afaf26d2,2026-04-05T02:28:57.917879+00:00,1775356137917879000,171848244029291,1200,,,ETF,2925,40,2911.0,-28.0,35.14531675,
74794,market_research_2026-04-04_21-22-29_live_round,f974d41e6f2b44c69df8c990afaf26d2,2026-04-05T02:28:57.957734+00:00,1775356137957734000,171848283885041,1200,,,ETF,2925,60,2911.5,-27.0,35.1851725,
74799,market_research_2026-04-04_21-22-29_live_round,f974d41e6f2b44c69df8c990afaf26d2,2026-04-05T02:28:57.996498+00:00,1775356137996498000,171848322649375,1200,,,ETF,2912,40,2905.5,-13.0,35.223936834,
74800,market_research_2026-04-04_21-22-29_live_round,f974d41e6f2b44c69df8c990afaf26d2,2026-04-05T02:28:57.996615+00:00,1775356137996615000,171848322765916,1200,,,ETF,2911,40,2905.5,-13.0,35.224053375,
74806,market_research_2026-04-04_21-22-29_live_round,f974d41e6f2b44c69df8c990afaf26d2,2026-04-05T02:28:58.043182+00:00,1775356138043182000,171848369332916,1200,,,ETF,2911,20,2905.5,-11.0,35.270620375,
74807,market_research_2026-04-04_21-22-29_live_round,f974d41e6f2b44c69df8c990afaf26d2,2026-04-05T02:28:58.043294+00:00,1775356138043294000,171848369445708,1200,,,ETF,2910,80,2905.5,-11.0,35.270733167,
74874,market_research_2026-04-04_21-22-29_live_round,f974d41e6f2b44c69df8c990afaf26d2,2026-04-05T02:28:58.622107+00:00,1775356138622107000,171848948259416,1200,,,ETF,2909,40,2892.0,-34.0,35.849546875,
74879,market_research_2026-04-04_21-22-29_live_round,f974d41e6f2b44c69df8c990afaf26d2,2026-04-05T02:28:58.662300+00:00,1775356138662300000,171848988453166,1200,,,ETF,2909,60,2892.5,-33.0,35.889740625,
74884,market_research_2026-04-04_21-22-29_live_round,f974d41e6f2b44c69df8c990afaf26d2,2026-04-05T02:28:58.699401+00:00,1775356138699401000,171849025553375,1200,,,ETF,2891,40,2884.0,-14.0,35.926840834,
74885,market_research_2026-04-04_21-22-29_live_round,f974d41e6f2b44c69df8c990afaf26d2,2026-04-05T02:28:58.699516+00:00,1775356138699516000,171849025669375,1200,,,ETF,2890,40,2884.0,-14.0,35.926956834,
74891,market_research_2026-04-04_21-22-29_live_round,f974d41e6f2b44c69df8c990afaf26d2,2026-04-05T02:28:58.747190+00:00,1775356138747190000,171849073342791,1200,,,ETF,2890,20,2884.0,-12.0,35.97463025,
74892,market_research_2026-04-04_21-22-29_live_round,f974d41e6f2b44c69df8c990afaf26d2,2026-04-05T02:28:58.747302+00:00,1775356138747302000,171849073455166,1200,,,ETF,2889,80,2884.0,-12.0,35.974742625,
74958,market_research_2026-04-04_21-22-29_live_round,f974d41e6f2b44c69df8c990afaf26d2,2026-04-05T02:28:59.315753+00:00,1775356139315753000,171849641907958,1200,,,ETF,2888,40,2872.0,-32.0,36.543195417,
74963,market_research_2026-04-04_21-22-29_live_round,f974d41e6f2b44c69df8c990afaf26d2,2026-04-05T02:28:59.355967+00:00,1775356139355967000,171849682121333,1200,,,ETF,2888,60,2872.5,-31.0,36.583408792,
74968,market_research_2026-04-04_21-22-29_live_round,f974d41e6f2b44c69df8c990afaf26d2,2026-04-05T02:28:59.393985+00:00,1775356139393985000,171849720139583,1200,,,ETF,2869,40,2863.5,-11.0,36.621427042,
74969,market_research_2026-04-04_21-22-29_live_round,f974d41e6f2b44c69df8c990afaf26d2,2026-04-05T02:28:59.394101+00:00,1775356139394101000,171849720256208,1200,,,ETF,2868,40,2863.5,-11.0,36.621543667,
74975,market_research_2026-04-04_21-22-29_live_round,f974d41e6f2b44c69df8c990afaf26d2,2026-04-05T02:28:59.440596+00:00,1775356139440596000,171849766750708,1200,,,ETF,2868,20,2863.5,-9.0,36.668038167,
74976,market_research_2026-04-04_21-22-29_live_round,f974d41e6f2b44c69df8c990afaf26d2,2026-04-05T02:28:59.443469+00:00,1775356139443469000,171849769623958,1200,,,ETF,2867,80,2863.5,-9.0,36.670911417,
75038,market_research_2026-04-04_21-22-29_live_round,f974d41e6f2b44c69df8c990afaf26d2,2026-04-05T02:28:59.980567+00:00,1775356139980567000,171850306723625,1200,,,ETF,2866,40,2861.0,-10.0,37.208011084,
75043,market_research_2026-04-04_21-22-29_live_round,f974d41e6f2b44c69df8c990afaf26d2,2026-04-05T02:29:00.020752+00:00,1775356140020752000,171850346908166,1200,,,ETF,2866,60,2861.5,-9.0,37.248195625,
75107,market_research_2026-04-04_21-22-29_live_round,f974d41e6f2b44c69df8c990afaf26d2,2026-04-05T02:29:00.620734+00:00,1775356140620734000,171850946891958,1200,,,ETF,2858,40,2858.5,-1.0,37.848179417,
75112,market_research_2026-04-04_21-22-29_live_round,f974d41e6f2b44c69df8c990afaf26d2,2026-04-05T02:29:00.658558+00:00,1775356140658558000,171850984716083,1200,,,ETF,2858,40,2858.0,0.0,37.886003542,
75237,market_research_2026-04-04_21-22-29_live_round,f974d41e6f2b44c69df8c990afaf26d2,2026-04-05T02:29:01.846322+00:00,1775356141846322000,171852172482916,1200,,,ETF,2859,40,2860.0,-2.0,39.073770375,
75242,market_research_2026-04-04_21-22-29_live_round,f974d41e6f2b44c69df8c990afaf26d2,2026-04-05T02:29:01.888245+00:00,1775356141888245000,171852214406500,1200,,,ETF,2860,60,2860.0,0.0,39.115693959,
75309,market_research_2026-04-04_21-22-29_live_round,f974d41e6f2b44c69df8c990afaf26d2,2026-04-05T02:29:02.515145+00:00,1775356142515145000,171852841307958,1200,,,ETF,2862,40,2862.0,0.0,39.742595417,
75454,market_research_2026-04-04_21-22-29_live_round,f974d41e6f2b44c69df8c990afaf26d2,2026-04-05T02:29:03.826680+00:00,1775356143826680000,171854152846208,1200,,,ETF,2867,40,2864.5,-5.0,41.054133667,
75459,market_research_2026-04-04_21-22-29_live_round,f974d41e6f2b44c69df8c990afaf26d2,2026-04-05T02:29:03.867029+00:00,1775356143867029000,171854193195166,1200,,,ETF,2866,60,2864.5,-3.0,41.094482625,
75464,market_research_2026-04-04_21-22-29_live_round,f974d41e6f2b44c69df8c990afaf26d2,2026-04-05T02:29:03.904648+00:00,1775356143904648000,171854230814500,1200,,,ETF,2865,80,2864.5,-1.0,41.132101959,
75525,market_research_2026-04-04_21-22-29_live_round,f974d41e6f2b44c69df8c990afaf26d2,2026-04-05T02:29:04.480594+00:00,1775356144480594000,171854806762291,1200,,,ETF,2864,40,2862.5,-3.0,41.70804975,
75530,market_research_2026-04-04_21-22-29_live_round,f974d41e6f2b44c69df8c990afaf26d2,2026-04-05T02:29:04.515106+00:00,1775356144515106000,171854841274083,1200,,,ETF,2864,60,2863.0,-2.0,41.742561542,
75721,market_research_2026-04-04_21-22-29_live_round,f974d41e6f2b44c69df8c990afaf26d2,2026-04-05T02:29:06.253235+00:00,1775356146253235000,171856579408416,1200,,,ETF,2853,40,2846.0,-14.0,43.480695875,
75726,market_research_2026-04-04_21-22-29_live_round,f974d41e6f2b44c69df8c990afaf26d2,2026-04-05T02:29:06.287142+00:00,1775356146287142000,171856613315333,1200,,,ETF,2852,60,2846.0,-12.0,43.514602792,
75731,market_research_2026-04-04_21-22-29_live_round,f974d41e6f2b44c69df8c990afaf26d2,2026-04-05T02:29:06.324320+00:00,1775356146324320000,171856650492916,1200,,,ETF,2852,80,2846.5,-11.0,43.551780375,
75736,market_research_2026-04-04_21-22-29_live_round,f974d41e6f2b44c69df8c990afaf26d2,2026-04-05T02:29:06.360950+00:00,1775356146360950000,171856687123708,1200,,,ETF,2852,20,2847.0,-10.0,43.588411167,
75737,market_research_2026-04-04_21-22-29_live_round,f974d41e6f2b44c69df8c990afaf26d2,2026-04-05T02:29:06.361061+00:00,1775356146361061000,171856687234583,1200,,,ETF,2851,80,2847.0,-10.0,43.588522042,
75798,market_research_2026-04-04_21-22-29_live_round,f974d41e6f2b44c69df8c990afaf26d2,2026-04-05T02:29:06.917559+00:00,1775356146917559000,171857243733875,1200,,,ETF,2850,100,2842.0,-16.0,44.145021334,
75930,market_research_2026-04-04_21-22-29_live_round,f974d41e6f2b44c69df8c990afaf26d2,2026-04-05T02:29:08.113593+00:00,1775356148113593000,171858439771583,1200,,,ETF,2845,40,2846.0,-2.0,45.341059042,
75935,market_research_2026-04-04_21-22-29_live_round,f974d41e6f2b44c69df8c990afaf26d2,2026-04-05T02:29:08.151038+00:00,1775356148151038000,171858477216500,1200,,,ETF,2845,60,2845.5,-1.0,45.378503959,
76075,market_research_2026-04-04_21-22-29_live_round,f974d41e6f2b44c69df8c990afaf26d2,2026-04-05T02:29:09.422920+00:00,1775356149422920000,171859749101291,1275,,,ETF,2848,40,2846.5,-3.0,46.65038875,
76080,market_research_2026-04-04_21-22-29_live_round,f974d41e6f2b44c69df8c990afaf26d2,2026-04-05T02:29:09.464633+00:00,1775356149464633000,171859790814708,1275,,,ETF,2847,60,2846.5,-1.0,46.692102167,
76144,market_research_2026-04-04_21-22-29_live_round,f974d41e6f2b44c69df8c990afaf26d2,2026-04-05T02:29:10.049158+00:00,1775356150049158000,171860375340791,1275,,,ETF,2847,80,2849.0,-4.0,47.27662825,
76145,market_research_2026-04-04_21-22-29_live_round,f974d41e6f2b44c69df8c990afaf26d2,2026-04-05T02:29:10.049280+00:00,1775356150049280000,171860375463125,1275,,,ETF,2848,100,2849.0,-4.0,47.276750584,
76212,market_research_2026-04-04_21-22-29_live_round,f974d41e6f2b44c69df8c990afaf26d2,2026-04-05T02:29:10.666566+00:00,1775356150666566000,171860992751125,1275,,,ETF,2849,40,2851.0,-4.0,47.894038584,
76217,market_research_2026-04-04_21-22-29_live_round,f974d41e6f2b44c69df8c990afaf26d2,2026-04-05T02:29:10.703015+00:00,1775356150703015000,171861029200041,1275,,,ETF,2850,60,2851.0,-2.0,47.9304875,
76226,market_research_2026-04-04_21-22-29_live_round,f974d41e6f2b44c69df8c990afaf26d2,2026-04-05T02:29:10.784665+00:00,1775356150784665000,171861110849916,1275,,,ETF,2851,80,2851.0,0.0,48.012137375,
76351,market_research_2026-04-04_21-22-29_live_round,f974d41e6f2b44c69df8c990afaf26d2,2026-04-05T02:29:11.956994+00:00,1775356151956994000,171862283181958,1275,,,ETF,2850,40,2849.5,-1.0,49.184469417,
76356,market_research_2026-04-04_21-22-29_live_round,f974d41e6f2b44c69df8c990afaf26d2,2026-04-05T02:29:11.993445+00:00,1775356151993445000,171862319633041,1275,,,ETF,2850,60,2850.0,0.0,49.2209205,
76422,market_research_2026-04-04_21-22-29_live_round,f974d41e6f2b44c69df8c990afaf26d2,2026-04-05T02:29:12.629509+00:00,1775356152629509000,171862955698375,1280,,,ETF,2845,40,2844.0,-2.0,49.856985834,
76427,market_research_2026-04-04_21-22-29_live_round,f974d41e6f2b44c69df8c990afaf26d2,2026-04-05T02:29:12.669300+00:00,1775356152669300000,171862995489916,1280,,,ETF,2845,60,2844.5,-1.0,49.896777375,
76492,market_research_2026-04-04_21-22-29_live_round,f974d41e6f2b44c69df8c990afaf26d2,2026-04-05T02:29:13.307045+00:00,1775356153307045000,171863633236375,1280,,,ETF,2845,40,2846.0,-2.0,50.534523834,
76497,market_research_2026-04-04_21-22-29_live_round,f974d41e6f2b44c69df8c990afaf26d2,2026-04-05T02:29:13.348046+00:00,1775356153348046000,171863674238083,1280,,,ETF,2845,40,2845.5,-1.0,50.575525542,
76498,market_research_2026-04-04_21-22-29_live_round,f974d41e6f2b44c69df8c990afaf26d2,2026-04-05T02:29:13.348175+00:00,1775356153348175000,171863674367125,1280,,,ETF,2846,20,2845.5,-1.0,50.575654584,
76565,market_research_2026-04-04_21-22-29_live_round,f974d41e6f2b44c69df8c990afaf26d2,2026-04-05T02:29:14.008631+00:00,1775356154008631000,171864334825041,1280,,,ETF,2846,40,2849.5,-7.0,51.2361125,
76570,market_research_2026-04-04_21-22-29_live_round,f974d41e6f2b44c69df8c990afaf26d2,2026-04-05T02:29:14.051452+00:00,1775356154051452000,171864377646291,1280,,,ETF,2846,40,2849.0,-6.0,51.27893375,
76832,market_research_2026-04-04_21-22-29_live_round,f974d41e6f2b44c69df8c990afaf26d2,2026-04-05T02:29:16.626953+00:00,1775356156626953000,171866953153333,1280,,,ETF,2857,40,2854.5,-5.0,53.854440792,
76837,market_research_2026-04-04_21-22-29_live_round,f974d41e6f2b44c69df8c990afaf26d2,2026-04-05T02:29:16.665326+00:00,1775356156665326000,171866991526750,1280,,,ETF,2856,60,2854.5,-3.0,53.892814209,
76842,market_research_2026-04-04_21-22-29_live_round,f974d41e6f2b44c69df8c990afaf26d2,2026-04-05T02:29:16.706526+00:00,1775356156706526000,171867032727041,1280,,,ETF,2855,80,2854.5,-1.0,53.9340145,
76906,market_research_2026-04-04_21-22-29_live_round,f974d41e6f2b44c69df8c990afaf26d2,2026-04-05T02:29:17.335374+00:00,1775356157335374000,171867661576875,1280,,,ETF,2854,40,2854.0,0.0,54.562864334,
77040,market_research_2026-04-04_21-22-29_live_round,f974d41e6f2b44c69df8c990afaf26d2,2026-04-05T02:29:18.599069+00:00,1775356158599069000,171868925275375,1280,,,ETF,2853,40,2857.0,-8.0,55.826562834,
77045,market_research_2026-04-04_21-22-29_live_round,f974d41e6f2b44c69df8c990afaf26d2,2026-04-05T02:29:18.642118+00:00,1775356158642118000,171868968323791,1280,,,ETF,2854,60,2857.0,-6.0,55.86961125,
77050,market_research_2026-04-04_21-22-29_live_round,f974d41e6f2b44c69df8c990afaf26d2,2026-04-05T02:29:18.677565+00:00,1775356158677565000,171869003771625,1280,,,ETF,2855,80,2857.0,-4.0,55.905059084,
77055,market_research_2026-04-04_21-22-29_live_round,f974d41e6f2b44c69df8c990afaf26d2,2026-04-05T02:29:18.716182+00:00,1775356158716182000,171869042388083,1280,,,ETF,2856,100,2857.0,-2.0,55.943675542,
77376,market_research_2026-04-04_21-22-29_live_round,f974d41e6f2b44c69df8c990afaf26d2,2026-04-05T02:29:21.848987+00:00,1775356161848987000,171872175200958,1280,,,ETF,2853,40,2855.5,-5.0,59.076488417,
77381,market_research_2026-04-04_21-22-29_live_round,f974d41e6f2b44c69df8c990afaf26d2,2026-04-05T02:29:21.887444+00:00,1775356161887444000,171872213658916,1280,,,ETF,2854,60,2855.5,-3.0,59.114946375,
77386,market_research_2026-04-04_21-22-29_live_round,f974d41e6f2b44c69df8c990afaf26d2,2026-04-05T02:29:21.929147+00:00,1775356161929147000,171872255361750,1280,,,ETF,2854,40,2855.0,-2.0,59.156649209,
77387,market_research_2026-04-04_21-22-29_live_round,f974d41e6f2b44c69df8c990afaf26d2,2026-04-05T02:29:21.929274+00:00,1775356161929274000,171872255488625,1280,,,ETF,2854,40,2855.0,-2.0,59.156776084,
77392,market_research_2026-04-04_21-22-29_live_round,f974d41e6f2b44c69df8c990afaf26d2,2026-04-05T02:29:21.966102+00:00,1775356161966102000,171872292316958,1280,,,ETF,2854,20,2854.5,-1.0,59.193604417,
77393,market_research_2026-04-04_21-22-29_live_round,f974d41e6f2b44c69df8c990afaf26d2,2026-04-05T02:29:21.966221+00:00,1775356161966221000,171872292435833,1280,,,ETF,2855,80,2854.5,-1.0,59.193723292,
77457,market_research_2026-04-04_21-22-29_live_round,f974d41e6f2b44c69df8c990afaf26d2,2026-04-05T02:29:22.571153+00:00,1775356162571153000,171872897369166,1280,,,ETF,2856,40,2857.5,-3.0,59.798656625,
77462,market_research_2026-04-04_21-22-29_live_round,f974d41e6f2b44c69df8c990afaf26d2,2026-04-05T02:29:22.609276+00:00,1775356162609276000,171872935493125,1280,,,ETF,2856,60,2857.0,-2.0,59.836780584,
77522,market_research_2026-04-04_21-22-29_live_round,f974d41e6f2b44c69df8c990afaf26d2,2026-04-05T02:29:23.197003+00:00,1775356163197003000,171873523220916,1280,,,ETF,2865,40,2868.5,-7.0,60.424508375,
77527,market_research_2026-04-04_21-22-29_live_round,f974d41e6f2b44c69df8c990afaf26d2,2026-04-05T02:29:23.235691+00:00,1775356163235691000,171873561909583,1280,,,ETF,2866,60,2868.5,-5.0,60.463197042,
77532,market_research_2026-04-04_21-22-29_live_round,f974d41e6f2b44c69df8c990afaf26d2,2026-04-05T02:29:23.274215+00:00,1775356163274215000,171873600433500,1280,,,ETF,2867,80,2868.5,-3.0,60.501720959,
77537,market_research_2026-04-04_21-22-29_live_round,f974d41e6f2b44c69df8c990afaf26d2,2026-04-05T02:29:23.312268+00:00,1775356163312268000,171873638486125,1280,,,ETF,2867,20,2868.0,-2.0,60.539773584,
77538,market_research_2026-04-04_21-22-29_live_round,f974d41e6f2b44c69df8c990afaf26d2,2026-04-05T02:29:23.317179+00:00,1775356163317179000,171873643398083,1280,,,ETF,2867,80,2868.0,-2.0,60.544685542,
77596,market_research_2026-04-04_21-22-29_live_round,f974d41e6f2b44c69df8c990afaf26d2,2026-04-05T02:29:23.883997+00:00,1775356163883997000,171874210216791,1280,,,ETF,2868,40,2870.5,-5.0,61.11150425,
77601,market_research_2026-04-04_21-22-29_live_round,f974d41e6f2b44c69df8c990afaf26d2,2026-04-05T02:29:23.925632+00:00,1775356163925632000,171874251852208,1280,,,ETF,2868,60,2870.0,-4.0,61.153139667,
78067,market_research_2026-04-04_21-22-29_live_round,f974d41e6f2b44c69df8c990afaf26d2,2026-04-05T02:29:28.586966+00:00,1775356168586966000,171878913198625,1280,,,ETF,2875,40,2875.0,0.0,65.814486084,
78203,market_research_2026-04-04_21-22-29_live_round,f974d41e6f2b44c69df8c990afaf26d2,2026-04-05T02:29:29.955108+00:00,1775356169955108000,171880281344250,1280,,,ETF,2872,40,2872.0,0.0,67.182631709,
78341,market_research_2026-04-04_21-22-29_live_round,f974d41e6f2b44c69df8c990afaf26d2,2026-04-05T02:29:31.286630+00:00,1775356171286630000,171881612869666,1280,,,ETF,2873,40,2875.5,-5.0,68.514157125,
78346,market_research_2026-04-04_21-22-29_live_round,f974d41e6f2b44c69df8c990afaf26d2,2026-04-05T02:29:31.326086+00:00,1775356171326086000,171881652326125,1280,,,ETF,2874,60,2875.5,-3.0,68.553613584,
78351,market_research_2026-04-04_21-22-29_live_round,f974d41e6f2b44c69df8c990afaf26d2,2026-04-05T02:29:31.366223+00:00,1775356171366223000,171881692463125,1280,,,ETF,2875,80,2875.5,-1.0,68.593750584,
78356,market_research_2026-04-04_21-22-29_live_round,f974d41e6f2b44c69df8c990afaf26d2,2026-04-05T02:29:31.405415+00:00,1775356171405415000,171881731655291,1280,,,ETF,2875,20,2875.0,0.0,68.63294275,
78357,market_research_2026-04-04_21-22-29_live_round,f974d41e6f2b44c69df8c990afaf26d2,2026-04-05T02:29:31.405535+00:00,1775356171405535000,171881731775375,1280,,,ETF,2875,80,2875.0,0.0,68.633062834,
78678,market_research_2026-04-04_21-22-29_live_round,f974d41e6f2b44c69df8c990afaf26d2,2026-04-05T02:29:34.633497+00:00,1775356174633497000,171884959745250,1280,,,ETF,2884,40,2884.5,-1.0,71.861032709,
78749,market_research_2026-04-04_21-22-29_live_round,f974d41e6f2b44c69df8c990afaf26d2,2026-04-05T02:29:35.361368+00:00,1775356175361368000,171885687618166,1280,,,ETF,2884,40,2882.5,-3.0,72.588905625,
78754,market_research_2026-04-04_21-22-29_live_round,f974d41e6f2b44c69df8c990afaf26d2,2026-04-05T02:29:35.400642+00:00,1775356175400642000,171885726892875,1280,,,ETF,2884,20,2883.0,-2.0,72.628180334,
78755,market_research_2026-04-04_21-22-29_live_round,f974d41e6f2b44c69df8c990afaf26d2,2026-04-05T02:29:35.403708+00:00,1775356175403708000,171885729958750,1280,,,ETF,2883,40,2883.0,-2.0,72.631246209,
78761,market_research_2026-04-04_21-22-29_live_round,f974d41e6f2b44c69df8c990afaf26d2,2026-04-05T02:29:35.454254+00:00,1775356175454254000,171885780504750,1280,,,ETF,2883,40,2883.0,0.0,72.681792209,
78955,market_research_2026-04-04_21-22-29_live_round,f974d41e6f2b44c69df8c990afaf26d2,2026-04-05T02:29:37.434269+00:00,1775356177434269000,171887760525208,1280,,,ETF,2879,40,2878.0,-2.0,74.661812667,
78960,market_research_2026-04-04_21-22-29_live_round,f974d41e6f2b44c69df8c990afaf26d2,2026-04-05T02:29:37.477699+00:00,1775356177477699000,171887803955083,1280,,,ETF,2878,60,2878.0,0.0,74.705242542,
79023,market_research_2026-04-04_21-22-29_live_round,f974d41e6f2b44c69df8c990afaf26d2,2026-04-05T02:29:38.127116+00:00,1775356178127116000,171888453373833,1280,,,ETF,2876,40,2872.0,-8.0,75.354661292,
79032,market_research_2026-04-04_21-22-29_live_round,f974d41e6f2b44c69df8c990afaf26d2,2026-04-05T02:29:38.226081+00:00,1775356178226081000,171888552339291,1280,,,ETF,2876,60,2872.5,-7.0,75.45362675,
79037,market_research_2026-04-04_21-22-29_live_round,f974d41e6f2b44c69df8c990afaf26d2,2026-04-05T02:29:38.274528+00:00,1775356178274528000,171888600786541,1280,,,ETF,2871,40,2870.5,-1.0,75.502074,
79038,market_research_2026-04-04_21-22-29_live_round,f974d41e6f2b44c69df8c990afaf26d2,2026-04-05T02:29:38.277899+00:00,1775356178277899000,171888604157625,1280,,,ETF,2870,40,2870.5,-1.0,75.505445084,
79226,market_research_2026-04-04_21-22-29_live_round,f974d41e6f2b44c69df8c990afaf26d2,2026-04-05T02:29:40.176397+00:00,1775356180176397000,171890502660416,1280,,,ETF,2874,40,2874.5,-1.0,77.403947875,
79364,market_research_2026-04-04_21-22-29_live_round,f974d41e6f2b44c69df8c990afaf26d2,2026-04-05T02:29:41.572571+00:00,1775356181572571000,171891898837625,1280,,,ETF,2872,40,2871.0,-2.0,78.800125084,
79369,market_research_2026-04-04_21-22-29_live_round,f974d41e6f2b44c69df8c990afaf26d2,2026-04-05T02:29:41.613035+00:00,1775356181613035000,171891939302125,1280,,,ETF,2872,60,2871.5,-1.0,78.840589584,
79572,market_research_2026-04-04_21-22-29_live_round,f974d41e6f2b44c69df8c990afaf26d2,2026-04-05T02:29:43.609170+00:00,1775356183609170000,171893935442791,1280,,,ETF,2868,40,2869.0,-2.0,80.83673025,
79577,market_research_2026-04-04_21-22-29_live_round,f974d41e6f2b44c69df8c990afaf26d2,2026-04-05T02:29:43.650092+00:00,1775356183650092000,171893976365250,1280,,,ETF,2869,60,2869.0,0.0,80.877652709,
79781,market_research_2026-04-04_21-22-29_live_round,f974d41e6f2b44c69df8c990afaf26d2,2026-04-05T02:29:45.725035+00:00,1775356185725035000,171896051312833,1280,,,ETF,2873,40,2876.5,-7.0,82.952600292,
79786,market_research_2026-04-04_21-22-29_live_round,f974d41e6f2b44c69df8c990afaf26d2,2026-04-05T02:29:45.765398+00:00,1775356185765398000,171896091676333,1280,,,ETF,2874,60,2876.5,-5.0,82.992963792,
79791,market_research_2026-04-04_21-22-29_live_round,f974d41e6f2b44c69df8c990afaf26d2,2026-04-05T02:29:45.805450+00:00,1775356185805450000,171896131728083,1280,,,ETF,2875,80,2876.5,-3.0,83.033015542,
79796,market_research_2026-04-04_21-22-29_live_round,f974d41e6f2b44c69df8c990afaf26d2,2026-04-05T02:29:45.845133+00:00,1775356185845133000,171896171411458,1280,,,ETF,2876,100,2876.5,-1.0,83.072698917,
79854,market_research_2026-04-04_21-22-29_live_round,f974d41e6f2b44c69df8c990afaf26d2,2026-04-05T02:29:46.411517+00:00,1775356186411517000,171896737796833,1280,,,ETF,2886,40,2888.0,-4.0,83.639084292,
79859,market_research_2026-04-04_21-22-29_live_round,f974d41e6f2b44c69df8c990afaf26d2,2026-04-05T02:29:46.451378+00:00,1775356186451378000,171896777657916,1280,,,ETF,2887,60,2888.0,-2.0,83.678945375,
79864,market_research_2026-04-04_21-22-29_live_round,f974d41e6f2b44c69df8c990afaf26d2,2026-04-05T02:29:46.491082+00:00,1775356186491082000,171896817362500,1280,,,ETF,2888,80,2888.0,0.0,83.718649959,
79924,market_research_2026-04-04_21-22-29_live_round,f974d41e6f2b44c69df8c990afaf26d2,2026-04-05T02:29:47.093073+00:00,1775356187093073000,171897419354708,1280,,,ETF,2889,40,2889.0,0.0,84.320642167,
80056,market_research_2026-04-04_21-22-29_live_round,f974d41e6f2b44c69df8c990afaf26d2,2026-04-05T02:29:48.449928+00:00,1775356188449928000,171898776213916,1280,,,ETF,2891,40,2892.5,-3.0,85.677501375,
80057,market_research_2026-04-04_21-22-29_live_round,f974d41e6f2b44c69df8c990afaf26d2,2026-04-05T02:29:48.453016+00:00,1775356188453016000,171898779301416,1280,,,ETF,2892,60,2892.5,-3.0,85.680588875,
80058,market_research_2026-04-04_21-22-29_live_round,f974d41e6f2b44c69df8c990afaf26d2,2026-04-05T02:29:48.453128+00:00,1775356188453128000,171898779414000,1280,,,ETF,2893,80,2892.5,-3.0,85.680701459,
80059,market_research_2026-04-04_21-22-29_live_round,f974d41e6f2b44c69df8c990afaf26d2,2026-04-05T02:29:48.453236+00:00,1775356188453236000,171898779521500,1280,,,ETF,2894,20,2892.5,-3.0,85.680808959,
80263,market_research_2026-04-04_21-22-29_live_round,f974d41e6f2b44c69df8c990afaf26d2,2026-04-05T02:29:50.507475+00:00,1775356190507475000,171900833765500,1280,,,ETF,2885,40,2886.0,-2.0,87.735052959,
80268,market_research_2026-04-04_21-22-29_live_round,f974d41e6f2b44c69df8c990afaf26d2,2026-04-05T02:29:50.548013+00:00,1775356190548013000,171900874303833,1280,,,ETF,2886,60,2886.0,0.0,87.775591292,
80335,market_research_2026-04-04_21-22-29_live_round,f974d41e6f2b44c69df8c990afaf26d2,2026-04-05T02:29:51.239959+00:00,1775356191239959000,171901566251833,1280,,,ETF,2888,40,2890.5,-5.0,88.467539292,
80340,market_research_2026-04-04_21-22-29_live_round,f974d41e6f2b44c69df8c990afaf26d2,2026-04-05T02:29:51.281023+00:00,1775356191281023000,171901607316041,1280,,,ETF,2888,60,2890.0,-4.0,88.5086035,
80469,market_research_2026-04-04_21-22-29_live_round,f974d41e6f2b44c69df8c990afaf26d2,2026-04-05T02:29:52.615196+00:00,1775356192615196000,171902941493083,1280,,,ETF,2895,40,2894.0,-2.0,89.842780542,
80474,market_research_2026-04-04_21-22-29_live_round,f974d41e6f2b44c69df8c990afaf26d2,2026-04-05T02:29:52.658589+00:00,1775356192658589000,171902984885500,1280,,,ETF,2894,60,2894.0,0.0,89.886172959,
80602,market_research_2026-04-04_21-22-29_live_round,f974d41e6f2b44c69df8c990afaf26d2,2026-04-05T02:29:53.959275+00:00,1775356193959275000,171904285575708,1280,,,ETF,2896,40,2898.0,-4.0,91.186863167,
80607,market_research_2026-04-04_21-22-29_live_round,f974d41e6f2b44c69df8c990afaf26d2,2026-04-05T02:29:54.002908+00:00,1775356194002908000,171904329208750,1280,,,ETF,2896,60,2897.5,-3.0,91.230496209,
80676,market_research_2026-04-04_21-22-29_live_round,f974d41e6f2b44c69df8c990afaf26d2,2026-04-05T02:29:54.708611+00:00,1775356194708611000,171905034913416,1280,,,ETF,2898,40,2897.5,-1.0,91.936200875,
80681,market_research_2026-04-04_21-22-29_live_round,f974d41e6f2b44c69df8c990afaf26d2,2026-04-05T02:29:54.751996+00:00,1775356194751996000,171905078298208,1280,,,ETF,2898,40,2898.0,0.0,91.979585667,
80811,market_research_2026-04-04_21-22-29_live_round,f974d41e6f2b44c69df8c990afaf26d2,2026-04-05T02:29:56.062403+00:00,1775356196062403000,171906388708750,1280,,,ETF,2898,40,2900.5,-5.0,93.289996209,
80816,market_research_2026-04-04_21-22-29_live_round,f974d41e6f2b44c69df8c990afaf26d2,2026-04-05T02:29:56.103999+00:00,1775356196103999000,171906430305250,1280,,,ETF,2899,60,2900.5,-3.0,93.331592709,
80825,market_research_2026-04-04_21-22-29_live_round,f974d41e6f2b44c69df8c990afaf26d2,2026-04-05T02:29:56.192558+00:00,1775356196192558000,171906518864625,1280,,,ETF,2900,80,2900.5,-1.0,93.420152084,
80830,market_research_2026-04-04_21-22-29_live_round,f974d41e6f2b44c69df8c990afaf26d2,2026-04-05T02:29:56.232801+00:00,1775356196232801000,171906559107333,1280,,,ETF,2900,20,2900.0,0.0,93.460394792,
80831,market_research_2026-04-04_21-22-29_live_round,f974d41e6f2b44c69df8c990afaf26d2,2026-04-05T02:29:56.232926+00:00,1775356196232926000,171906559232083,1280,,,ETF,2900,80,2900.0,0.0,93.460519542,
80887,market_research_2026-04-04_21-22-29_live_round,f974d41e6f2b44c69df8c990afaf26d2,2026-04-05T02:29:56.784879+00:00,1775356196784879000,171907111186875,1280,,,ETF,2901,40,2904.5,-7.0,94.012474334,
80892,market_research_2026-04-04_21-22-29_live_round,f974d41e6f2b44c69df8c990afaf26d2,2026-04-05T02:29:56.825570+00:00,1775356196825570000,171907151878083,1280,,,ETF,2901,60,2904.0,-6.0,94.053165542,
81286,market_research_2026-04-04_21-22-29_live_round,f974d41e6f2b44c69df8c990afaf26d2,2026-04-05T02:30:00.944649+00:00,1775356200944649000,171911270968291,1280,,,ETF,2912,40,2912.0,0.0,98.17225575,
81621,market_research_2026-04-04_21-22-29_live_round,f974d41e6f2b44c69df8c990afaf26d2,2026-04-05T02:30:04.437386+00:00,1775356204437386000,171914763713458,1280,,,ETF,2925,40,2924.5,-1.0,101.665000917,
81822,market_research_2026-04-04_21-22-29_live_round,f974d41e6f2b44c69df8c990afaf26d2,2026-04-05T02:30:06.547704+00:00,1775356206547704000,171916874038375,1280,,,ETF,2917,40,2914.0,-6.0,103.775325834,
81827,market_research_2026-04-04_21-22-29_live_round,f974d41e6f2b44c69df8c990afaf26d2,2026-04-05T02:30:06.588459+00:00,1775356206588459000,171916914792708,1280,,,ETF,2917,60,2914.5,-5.0,103.816080167,
81832,market_research_2026-04-04_21-22-29_live_round,f974d41e6f2b44c69df8c990afaf26d2,2026-04-05T02:30:06.629027+00:00,1775356206629027000,171916955361083,1280,,,ETF,2915,40,2914.0,-2.0,103.856648542,
81833,market_research_2026-04-04_21-22-29_live_round,f974d41e6f2b44c69df8c990afaf26d2,2026-04-05T02:30:06.632218+00:00,1775356206632218000,171916958552291,1280,,,ETF,2914,40,2914.0,-2.0,103.85983975,
81839,market_research_2026-04-04_21-22-29_live_round,f974d41e6f2b44c69df8c990afaf26d2,2026-04-05T02:30:06.682282+00:00,1775356206682282000,171917008616250,1280,,,ETF,2914,20,2914.0,0.0,103.909903709,
82166,market_research_2026-04-04_21-22-29_live_round,f974d41e6f2b44c69df8c990afaf26d2,2026-04-05T02:30:09.983650+00:00,1775356209983650000,171920309993166,1280,,,ETF,2906,40,2900.5,-11.0,107.211280625,
82171,market_research_2026-04-04_21-22-29_live_round,f974d41e6f2b44c69df8c990afaf26d2,2026-04-05T02:30:10.024597+00:00,1775356210024597000,171920350939791,1280,,,ETF,2905,60,2900.5,-9.0,107.25222725,
82176,market_research_2026-04-04_21-22-29_live_round,f974d41e6f2b44c69df8c990afaf26d2,2026-04-05T02:30:10.059594+00:00,1775356210059594000,171920385937458,1280,,,ETF,2904,80,2900.5,-7.0,107.287224917,
82181,market_research_2026-04-04_21-22-29_live_round,f974d41e6f2b44c69df8c990afaf26d2,2026-04-05T02:30:10.100550+00:00,1775356210100550000,171920426893833,1280,,,ETF,2903,100,2900.5,-5.0,107.328181292,
82433,market_research_2026-04-04_21-22-29_live_round,f974d41e6f2b44c69df8c990afaf26d2,2026-04-05T02:30:12.826588+00:00,1775356212826588000,171923152938125,1280,,,ETF,2898,40,2898.0,0.0,110.054225584,
82503,market_research_2026-04-04_21-22-29_live_round,f974d41e6f2b44c69df8c990afaf26d2,2026-04-05T02:30:13.559301+00:00,1775356213559301000,171923885653541,1280,,,ETF,2901,40,2901.5,-1.0,110.786941,
82508,market_research_2026-04-04_21-22-29_live_round,f974d41e6f2b44c69df8c990afaf26d2,2026-04-05T02:30:13.600791+00:00,1775356213600791000,171923927143708,1280,,,ETF,2901,60,2901.0,0.0,110.828431167,
82706,market_research_2026-04-04_21-22-29_live_round,f974d41e6f2b44c69df8c990afaf26d2,2026-04-05T02:30:15.849572+00:00,1775356215849572000,171926175930333,1280,,,ETF,2901,40,2900.5,-1.0,113.077217792,
82838,market_research_2026-04-04_21-22-29_live_round,f974d41e6f2b44c69df8c990afaf26d2,2026-04-05T02:30:17.191099+00:00,1775356217191099000,171927517461791,1280,,,ETF,2900,40,2903.5,-7.0,114.41874925,
82843,market_research_2026-04-04_21-22-29_live_round,f974d41e6f2b44c69df8c990afaf26d2,2026-04-05T02:30:17.226277+00:00,1775356217226277000,171927552639375,1280,,,ETF,2901,60,2903.5,-5.0,114.453926834,
82848,market_research_2026-04-04_21-22-29_live_round,f974d41e6f2b44c69df8c990afaf26d2,2026-04-05T02:30:17.263055+00:00,1775356217263055000,171927589418083,1280,,,ETF,2902,80,2903.5,-3.0,114.490705542,
82853,market_research_2026-04-04_21-22-29_live_round,f974d41e6f2b44c69df8c990afaf26d2,2026-04-05T02:30:17.301416+00:00,1775356217301416000,171927627778333,1280,,,ETF,2903,100,2903.5,-1.0,114.529065792,
82914,market_research_2026-04-04_21-22-29_live_round,f974d41e6f2b44c69df8c990afaf26d2,2026-04-05T02:30:17.950409+00:00,1775356217950409000,171928276772958,1280,,,ETF,2903,40,2906.0,-6.0,115.178060417,
82919,market_research_2026-04-04_21-22-29_live_round,f974d41e6f2b44c69df8c990afaf26d2,2026-04-05T02:30:17.989061+00:00,1775356217989061000,171928315425708,1280,,,ETF,2903,60,2905.5,-5.0,115.216713167,
83046,market_research_2026-04-04_21-22-29_live_round,f974d41e6f2b44c69df8c990afaf26d2,2026-04-05T02:30:19.255730+00:00,1775356219255730000,171929582097458,1280,,,ETF,2912,40,2909.5,-5.0,116.483384917,
83051,market_research_2026-04-04_21-22-29_live_round,f974d41e6f2b44c69df8c990afaf26d2,2026-04-05T02:30:19.296746+00:00,1775356219296746000,171929623113333,1280,,,ETF,2911,60,2909.5,-3.0,116.524400792,
83056,market_research_2026-04-04_21-22-29_live_round,f974d41e6f2b44c69df8c990afaf26d2,2026-04-05T02:30:19.333777+00:00,1775356219333777000,171929660145375,1280,,,ETF,2910,80,2909.5,-1.0,116.561432834,
83120,market_research_2026-04-04_21-22-29_live_round,f974d41e6f2b44c69df8c990afaf26d2,2026-04-05T02:30:19.968441+00:00,1775356219968441000,171930294810416,1280,,,ETF,2909,40,2909.0,0.0,117.196097875,
83323,market_research_2026-04-04_21-22-29_live_round,f974d41e6f2b44c69df8c990afaf26d2,2026-04-05T02:30:22.209888+00:00,1775356222209888000,171932536263541,1280,,,ETF,2904,40,2901.0,-6.0,119.437551,
83328,market_research_2026-04-04_21-22-29_live_round,f974d41e6f2b44c69df8c990afaf26d2,2026-04-05T02:30:22.257329+00:00,1775356222257329000,171932583704416,1280,,,ETF,2904,60,2901.5,-5.0,119.484991875,
83333,market_research_2026-04-04_21-22-29_live_round,f974d41e6f2b44c69df8c990afaf26d2,2026-04-05T02:30:22.312518+00:00,1775356222312518000,171932638893791,1280,,,ETF,2902,40,2901.0,-2.0,119.54018125,
83334,market_research_2026-04-04_21-22-29_live_round,f974d41e6f2b44c69df8c990afaf26d2,2026-04-05T02:30:22.315951+00:00,1775356222315951000,171932642327333,1280,,,ETF,2901,40,2901.0,-2.0,119.543614792,
83340,market_research_2026-04-04_21-22-29_live_round,f974d41e6f2b44c69df8c990afaf26d2,2026-04-05T02:30:22.473727+00:00,1775356222473727000,171932800102750,1280,,,ETF,2901,20,2901.0,0.0,119.701390209,
83402,market_research_2026-04-04_21-22-29_live_round,f974d41e6f2b44c69df8c990afaf26d2,2026-04-05T02:30:23.486817+00:00,1775356223486817000,171933813195541,1280,,,ETF,2899,40,2895.5,-7.0,120.714483,
83407,market_research_2026-04-04_21-22-29_live_round,f974d41e6f2b44c69df8c990afaf26d2,2026-04-05T02:30:23.538165+00:00,1775356223538165000,171933864544041,1280,,,ETF,2899,60,2896.0,-6.0,120.7658315,
83471,market_research_2026-04-04_21-22-29_live_round,f974d41e6f2b44c69df8c990afaf26d2,2026-04-05T02:30:24.573348+00:00,1775356224573348000,171934899729791,1280,,,ETF,2889,100,2887.5,-3.0,121.80101725,
83472,market_research_2026-04-04_21-22-29_live_round,f974d41e6f2b44c69df8c990afaf26d2,2026-04-05T02:30:24.577696+00:00,1775356224577696000,171934904078166,1280,,,ETF,2886,40,2887.5,-3.0,121.805365625,
83542,market_research_2026-04-04_21-22-29_live_round,f974d41e6f2b44c69df8c990afaf26d2,2026-04-05T02:30:25.357341+00:00,1775356225357341000,171935683724791,1280,,,ETF,2894,40,2894.5,-1.0,122.58501225,
83675,market_research_2026-04-04_21-22-29_live_round,f974d41e6f2b44c69df8c990afaf26d2,2026-04-05T02:30:26.701738+00:00,1775356226701738000,171937028125333,1280,,,ETF,2902,40,2904.0,-4.0,123.929412792,
83680,market_research_2026-04-04_21-22-29_live_round,f974d41e6f2b44c69df8c990afaf26d2,2026-04-05T02:30:26.744508+00:00,1775356226744508000,171937070896208,1280,,,ETF,2903,60,2904.0,-2.0,123.972183667,
83685,market_research_2026-04-04_21-22-29_live_round,f974d41e6f2b44c69df8c990afaf26d2,2026-04-05T02:30:26.787896+00:00,1775356226787896000,171937114283791,1280,,,ETF,2904,80,2904.0,0.0,124.01557125,
83750,market_research_2026-04-04_21-22-29_live_round,f974d41e6f2b44c69df8c990afaf26d2,2026-04-05T02:30:27.482267+00:00,1775356227482267000,171937808657166,1280,,,ETF,2905,40,2909.0,-8.0,124.709944625,
83755,market_research_2026-04-04_21-22-29_live_round,f974d41e6f2b44c69df8c990afaf26d2,2026-04-05T02:30:27.514673+00:00,1775356227514673000,171937841062625,1280,,,ETF,2905,60,2908.5,-7.0,124.742350084,
84157,market_research_2026-04-04_21-22-29_live_round,f974d41e6f2b44c69df8c990afaf26d2,2026-04-05T02:30:31.367307+00:00,1775356231367307000,171941693707291,1280,,,ETF,2909,40,2907.0,-4.0,128.59499475,
84158,market_research_2026-04-04_21-22-29_live_round,f974d41e6f2b44c69df8c990afaf26d2,2026-04-05T02:30:31.370600+00:00,1775356231370600000,171941697000416,1280,,,ETF,2908,60,2907.0,-4.0,128.598287875,
84159,market_research_2026-04-04_21-22-29_live_round,f974d41e6f2b44c69df8c990afaf26d2,2026-04-05T02:30:31.370724+00:00,1775356231370724000,171941697123916,1280,,,ETF,2908,100,2907.0,-4.0,128.598411375,
84226,market_research_2026-04-04_21-22-29_live_round,f974d41e6f2b44c69df8c990afaf26d2,2026-04-05T02:30:32.063244+00:00,1775356232063244000,171942389645833,1280,,,ETF,2907,40,2905.5,-3.0,129.290933292,
84231,market_research_2026-04-04_21-22-29_live_round,f974d41e6f2b44c69df8c990afaf26d2,2026-04-05T02:30:32.098199+00:00,1775356232098199000,171942424601375,1280,,,ETF,2906,60,2905.5,-1.0,129.325888834,
84236,market_research_2026-04-04_21-22-29_live_round,f974d41e6f2b44c69df8c990afaf26d2,2026-04-05T02:30:32.137090+00:00,1775356232137090000,171942463492625,1280,,,ETF,2906,80,2906.0,0.0,129.364780084,
84640,market_research_2026-04-04_21-22-29_live_round,f974d41e6f2b44c69df8c990afaf26d2,2026-04-05T02:30:36.666794+00:00,1775356236666794000,171946993208291,1400,,,ETF,2905,40,2902.0,-6.0,133.89449575,
84645,market_research_2026-04-04_21-22-29_live_round,f974d41e6f2b44c69df8c990afaf26d2,2026-04-05T02:30:36.710891+00:00,1775356236710891000,171947037305041,1400,,,ETF,2904,60,2902.0,-4.0,133.9385925,
84650,market_research_2026-04-04_21-22-29_live_round,f974d41e6f2b44c69df8c990afaf26d2,2026-04-05T02:30:36.754356+00:00,1775356236754356000,171947080770333,1400,,,ETF,2903,80,2902.0,-2.0,133.982057792,
84655,market_research_2026-04-04_21-22-29_live_round,f974d41e6f2b44c69df8c990afaf26d2,2026-04-05T02:30:36.795320+00:00,1775356236795320000,171947121734291,1400,,,ETF,2903,100,2902.5,-1.0,134.02302175,
84712,market_research_2026-04-04_21-22-29_live_round,f974d41e6f2b44c69df8c990afaf26d2,2026-04-05T02:30:37.412568+00:00,1775356237412568000,171947738984583,1400,,,ETF,2902,40,2898.0,-8.0,134.640272042,
84717,market_research_2026-04-04_21-22-29_live_round,f974d41e6f2b44c69df8c990afaf26d2,2026-04-05T02:30:37.449908+00:00,1775356237449908000,171947776324291,1400,,,ETF,2902,60,2898.5,-7.0,134.67761175,
85051,market_research_2026-04-04_21-22-29_live_round,f974d41e6f2b44c69df8c990afaf26d2,2026-04-05T02:30:41.057085+00:00,1775356241057085000,171951383511416,1400,,,ETF,2894,40,2893.5,-1.0,138.284798875,
85123,market_research_2026-04-04_21-22-29_live_round,f974d41e6f2b44c69df8c990afaf26d2,2026-04-05T02:30:41.903461+00:00,1775356241903461000,171952229889666,1400,,,ETF,2891,40,2890.5,-1.0,139.131177125,
85128,market_research_2026-04-04_21-22-29_live_round,f974d41e6f2b44c69df8c990afaf26d2,2026-04-05T02:30:41.942054+00:00,1775356241942054000,171952268482458,1400,,,ETF,2891,60,2891.0,0.0,139.169769917,
85257,market_research_2026-04-04_21-22-29_live_round,f974d41e6f2b44c69df8c990afaf26d2,2026-04-05T02:30:43.329109+00:00,1775356243329109000,171953655541500,1400,,,ETF,2883,40,2881.5,-3.0,140.556828959,
85262,market_research_2026-04-04_21-22-29_live_round,f974d41e6f2b44c69df8c990afaf26d2,2026-04-05T02:30:43.372997+00:00,1775356243372997000,171953699429000,1400,,,ETF,2882,60,2881.5,-1.0,140.600716459,
85328,market_research_2026-04-04_21-22-29_live_round,f974d41e6f2b44c69df8c990afaf26d2,2026-04-05T02:30:44.035449+00:00,1775356244035449000,171954361882875,1400,,,ETF,2882,40,2882.0,0.0,141.263170334,
85728,market_research_2026-04-04_21-22-29_live_round,f974d41e6f2b44c69df8c990afaf26d2,2026-04-05T02:30:48.208336+00:00,1775356248208336000,171958534780750,1416,,,ETF,2893,40,2893.0,0.0,145.436068209,
85931,market_research_2026-04-04_21-22-29_live_round,f974d41e6f2b44c69df8c990afaf26d2,2026-04-05T02:30:50.351371+00:00,1775356250351371000,171960677821250,1416,,,ETF,2885,40,2883.0,-4.0,147.579108709,
85936,market_research_2026-04-04_21-22-29_live_round,f974d41e6f2b44c69df8c990afaf26d2,2026-04-05T02:30:50.395000+00:00,1775356250395000000,171960721450958,1416,,,ETF,2885,60,2883.5,-3.0,147.622738417,
85941,market_research_2026-04-04_21-22-29_live_round,f974d41e6f2b44c69df8c990afaf26d2,2026-04-05T02:30:50.433362+00:00,1775356250433362000,171960759812750,1416,,,ETF,2885,40,2884.0,-2.0,147.661100209,
85942,market_research_2026-04-04_21-22-29_live_round,f974d41e6f2b44c69df8c990afaf26d2,2026-04-05T02:30:50.433484+00:00,1775356250433484000,171960759934916,1416,,,ETF,2884,40,2884.0,-2.0,147.661222375,
85948,market_research_2026-04-04_21-22-29_live_round,f974d41e6f2b44c69df8c990afaf26d2,2026-04-05T02:30:50.481622+00:00,1775356250481622000,171960808073375,1416,,,ETF,2884,20,2884.0,0.0,147.709360834,
86006,market_research_2026-04-04_21-22-29_live_round,f974d41e6f2b44c69df8c990afaf26d2,2026-04-05T02:30:51.060876+00:00,1775356251060876000,171961387328625,1416,,,ETF,2882,40,2881.5,-1.0,148.288616084,
86011,market_research_2026-04-04_21-22-29_live_round,f974d41e6f2b44c69df8c990afaf26d2,2026-04-05T02:30:51.098312+00:00,1775356251098312000,171961424764750,1416,,,ETF,2882,60,2882.0,0.0,148.326052209,
86141,market_research_2026-04-04_21-22-29_live_round,f974d41e6f2b44c69df8c990afaf26d2,2026-04-05T02:30:52.456684+00:00,1775356252456684000,171962783140000,1416,,,ETF,2884,40,2884.5,-1.0,149.684427459,
86146,market_research_2026-04-04_21-22-29_live_round,f974d41e6f2b44c69df8c990afaf26d2,2026-04-05T02:30:52.492602+00:00,1775356252492602000,171962819059041,1416,,,ETF,2884,60,2884.0,0.0,149.7203465,
86341,market_research_2026-04-04_21-22-29_live_round,f974d41e6f2b44c69df8c990afaf26d2,2026-04-05T02:30:54.471007+00:00,1775356254471007000,171964797469208,1416,,,ETF,2891,40,2889.0,-4.0,151.698756667,
86350,market_research_2026-04-04_21-22-29_live_round,f974d41e6f2b44c69df8c990afaf26d2,2026-04-05T02:30:54.558544+00:00,1775356254558544000,171964885005916,1416,,,ETF,2890,60,2889.0,-2.0,151.786293375,
86355,market_research_2026-04-04_21-22-29_live_round,f974d41e6f2b44c69df8c990afaf26d2,2026-04-05T02:30:54.602215+00:00,1775356254602215000,171964928677500,1416,,,ETF,2889,80,2889.0,0.0,151.829964959,
86425,market_research_2026-04-04_21-22-29_live_round,f974d41e6f2b44c69df8c990afaf26d2,2026-04-05T02:30:55.275832+00:00,1775356255275832000,171965602296083,1416,,,ETF,2888,40,2884.5,-7.0,152.503583542,
86430,market_research_2026-04-04_21-22-29_live_round,f974d41e6f2b44c69df8c990afaf26d2,2026-04-05T02:30:55.319268+00:00,1775356255319268000,171965645731833,1416,,,ETF,2888,60,2885.0,-6.0,152.547019292,
86553,market_research_2026-04-04_21-22-29_live_round,f974d41e6f2b44c69df8c990afaf26d2,2026-04-05T02:30:56.595605+00:00,1775356256595605000,171966922072916,1416,,,ETF,2881,40,2881.0,0.0,153.823360375,
86754,market_research_2026-04-04_21-22-29_live_round,f974d41e6f2b44c69df8c990afaf26d2,2026-04-05T02:30:58.684583+00:00,1775356258684583000,171969011055750,1416,,,ETF,2881,40,2880.0,-2.0,155.912343209,
86755,market_research_2026-04-04_21-22-29_live_round,f974d41e6f2b44c69df8c990afaf26d2,2026-04-05T02:30:58.687862+00:00,1775356258687862000,171969014334916,1416,,,ETF,2880,60,2880.0,-2.0,155.915622375,
86756,market_research_2026-04-04_21-22-29_live_round,f974d41e6f2b44c69df8c990afaf26d2,2026-04-05T02:30:58.687975+00:00,1775356258687975000,171969014448458,1416,,,ETF,2879,80,2880.0,-2.0,155.915735917,
87096,market_research_2026-04-04_21-22-29_live_round,f974d41e6f2b44c69df8c990afaf26d2,2026-04-05T02:31:02.257935+00:00,1775356262257935000,171972584418083,1416,,,ETF,2894,40,2895.5,-3.0,159.485705542,
87101,market_research_2026-04-04_21-22-29_live_round,f974d41e6f2b44c69df8c990afaf26d2,2026-04-05T02:31:02.302697+00:00,1775356262302697000,171972629180083,1416,,,ETF,2894,60,2895.0,-2.0,159.530467542,
87106,market_research_2026-04-04_21-22-29_live_round,f974d41e6f2b44c69df8c990afaf26d2,2026-04-05T02:31:02.337986+00:00,1775356262337986000,171972664468791,1416,,,ETF,2894,40,2894.5,-1.0,159.56575625,
87107,market_research_2026-04-04_21-22-29_live_round,f974d41e6f2b44c69df8c990afaf26d2,2026-04-05T02:31:02.338099+00:00,1775356262338099000,171972664581708,1416,,,ETF,2895,40,2894.5,-1.0,159.565869167,
87646,market_research_2026-04-04_21-22-29_live_round,f974d41e6f2b44c69df8c990afaf26d2,2026-04-05T02:31:07.839248+00:00,1775356267839248000,171978165745833,1416,,,ETF,2891,40,2890.0,-2.0,165.067033292,
87651,market_research_2026-04-04_21-22-29_live_round,f974d41e6f2b44c69df8c990afaf26d2,2026-04-05T02:31:07.880270+00:00,1775356267880270000,171978206767791,1416,,,ETF,2891,60,2890.5,-1.0,165.10805525,
87656,market_research_2026-04-04_21-22-29_live_round,f974d41e6f2b44c69df8c990afaf26d2,2026-04-05T02:31:07.924190+00:00,1775356267924190000,171978250687583,1416,,,ETF,2891,40,2891.0,0.0,165.151975042,
87783,market_research_2026-04-04_21-22-29_live_round,f974d41e6f2b44c69df8c990afaf26d2,2026-04-05T02:31:09.257520+00:00,1775356269257520000,171979584021500,1416,,,ETF,2883,40,2883.0,0.0,166.485308959,
88053,market_research_2026-04-04_21-22-29_live_round,f974d41e6f2b44c69df8c990afaf26d2,2026-04-05T02:31:12.101059+00:00,1775356272101059000,171982427567750,1450,,,ETF,2889,40,2894.0,-10.0,169.328855209,
88058,market_research_2026-04-04_21-22-29_live_round,f974d41e6f2b44c69df8c990afaf26d2,2026-04-05T02:31:12.143882+00:00,1775356272143882000,171982470390791,1450,,,ETF,2889,60,2893.5,-9.0,169.37167825,
88063,market_research_2026-04-04_21-22-29_live_round,f974d41e6f2b44c69df8c990afaf26d2,2026-04-05T02:31:12.183992+00:00,1775356272183992000,171982510501166,1450,,,ETF,2891,40,2894.0,-6.0,169.411788625,
88064,market_research_2026-04-04_21-22-29_live_round,f974d41e6f2b44c69df8c990afaf26d2,2026-04-05T02:31:12.184121+00:00,1775356272184121000,171982510630291,1450,,,ETF,2892,40,2894.0,-6.0,169.41191775,
88070,market_research_2026-04-04_21-22-29_live_round,f974d41e6f2b44c69df8c990afaf26d2,2026-04-05T02:31:12.234822+00:00,1775356272234822000,171982561331000,1450,,,ETF,2892,20,2894.0,-4.0,169.462618459,
88071,market_research_2026-04-04_21-22-29_live_round,f974d41e6f2b44c69df8c990afaf26d2,2026-04-05T02:31:12.234949+00:00,1775356272234949000,171982561458291,1450,,,ETF,2893,80,2894.0,-4.0,169.46274575,
88133,market_research_2026-04-04_21-22-29_live_round,f974d41e6f2b44c69df8c990afaf26d2,2026-04-05T02:31:12.860712+00:00,1775356272860712000,171983187223375,1450,,,ETF,2894,40,2895.0,-2.0,170.088510834,
88138,market_research_2026-04-04_21-22-29_live_round,f974d41e6f2b44c69df8c990afaf26d2,2026-04-05T02:31:12.899220+00:00,1775356272899220000,171983225731416,1450,,,ETF,2894,60,2894.5,-1.0,170.127018875,
88264,market_research_2026-04-04_21-22-29_live_round,f974d41e6f2b44c69df8c990afaf26d2,2026-04-05T02:31:14.173324+00:00,1775356274173324000,171984499838375,1450,,,ETF,2905,40,2905.5,-1.0,171.401125834,
88269,market_research_2026-04-04_21-22-29_live_round,f974d41e6f2b44c69df8c990afaf26d2,2026-04-05T02:31:14.214590+00:00,1775356274214590000,171984541105000,1450,,,ETF,2905,60,2905.0,0.0,171.442392459,
88338,market_research_2026-04-04_21-22-29_live_round,f974d41e6f2b44c69df8c990afaf26d2,2026-04-05T02:31:14.903494+00:00,1775356274903494000,171985230010458,1450,,,ETF,2904,40,2902.5,-3.0,172.131297917,
88343,market_research_2026-04-04_21-22-29_live_round,f974d41e6f2b44c69df8c990afaf26d2,2026-04-05T02:31:14.944694+00:00,1775356274944694000,171985271210083,1450,,,ETF,2904,40,2903.0,-2.0,172.172497542,
88344,market_research_2026-04-04_21-22-29_live_round,f974d41e6f2b44c69df8c990afaf26d2,2026-04-05T02:31:14.944817+00:00,1775356274944817000,171985271333916,1450,,,ETF,2903,20,2903.0,-2.0,172.172621375,
88350,market_research_2026-04-04_21-22-29_live_round,f974d41e6f2b44c69df8c990afaf26d2,2026-04-05T02:31:14.996166+00:00,1775356274996166000,171985322682250,1450,,,ETF,2903,80,2903.0,0.0,172.223969709,
88605,market_research_2026-04-04_21-22-29_live_round,f974d41e6f2b44c69df8c990afaf26d2,2026-04-05T02:31:17.673579+00:00,1775356277673579000,171988000103000,1450,,,ETF,2900,40,2900.0,0.0,174.901390459,
88806,market_research_2026-04-04_21-22-29_live_round,f974d41e6f2b44c69df8c990afaf26d2,2026-04-05T02:31:19.788473+00:00,1775356279788473000,171990115002458,1450,,,ETF,2905,40,2907.5,-5.0,177.016289917,
88811,market_research_2026-04-04_21-22-29_live_round,f974d41e6f2b44c69df8c990afaf26d2,2026-04-05T02:31:19.829584+00:00,1775356279829584000,171990156113250,1450,,,ETF,2905,60,2907.0,-4.0,177.057400709,
88816,market_research_2026-04-04_21-22-29_live_round,f974d41e6f2b44c69df8c990afaf26d2,2026-04-05T02:31:19.873695+00:00,1775356279873695000,171990200224916,1450,,,ETF,2906,40,2907.0,-2.0,177.101512375,
88817,market_research_2026-04-04_21-22-29_live_round,f974d41e6f2b44c69df8c990afaf26d2,2026-04-05T02:31:19.873820+00:00,1775356279873820000,171990200349541,1450,,,ETF,2907,40,2907.0,-2.0,177.101637,
88823,market_research_2026-04-04_21-22-29_live_round,f974d41e6f2b44c69df8c990afaf26d2,2026-04-05T02:31:19.919364+00:00,1775356279919364000,171990245893958,1450,,,ETF,2907,20,2907.0,0.0,177.147181417,
89021,market_research_2026-04-04_21-22-29_live_round,f974d41e6f2b44c69df8c990afaf26d2,2026-04-05T02:31:21.900839+00:00,1775356281900839000,171992227374166,1450,,,ETF,2909,40,2911.0,-4.0,179.128661625,
89026,market_research_2026-04-04_21-22-29_live_round,f974d41e6f2b44c69df8c990afaf26d2,2026-04-05T02:31:21.945324+00:00,1775356281945324000,171992271858875,1450,,,ETF,2910,60,2911.0,-2.0,179.173146334,
89031,market_research_2026-04-04_21-22-29_live_round,f974d41e6f2b44c69df8c990afaf26d2,2026-04-05T02:31:21.985723+00:00,1775356281985723000,171992312258791,1450,,,ETF,2911,80,2911.0,0.0,179.21354625,
89097,market_research_2026-04-04_21-22-29_live_round,f974d41e6f2b44c69df8c990afaf26d2,2026-04-05T02:31:22.620816+00:00,1775356282620816000,171992947353125,1450,,,ETF,2912,40,2919.5,-15.0,179.848640584,
89102,market_research_2026-04-04_21-22-29_live_round,f974d41e6f2b44c69df8c990afaf26d2,2026-04-05T02:31:22.665339+00:00,1775356282665339000,171992991876333,1450,,,ETF,2912,60,2919.0,-14.0,179.893163792,
89107,market_research_2026-04-04_21-22-29_live_round,f974d41e6f2b44c69df8c990afaf26d2,2026-04-05T02:31:22.700877+00:00,1775356282700877000,171993027413958,1450,,,ETF,2919,40,2922.0,-6.0,179.928701417,
89108,market_research_2026-04-04_21-22-29_live_round,f974d41e6f2b44c69df8c990afaf26d2,2026-04-05T02:31:22.700992+00:00,1775356282700992000,171993027529958,1450,,,ETF,2920,40,2922.0,-6.0,179.928817417,
89114,market_research_2026-04-04_21-22-29_live_round,f974d41e6f2b44c69df8c990afaf26d2,2026-04-05T02:31:22.746118+00:00,1775356282746118000,171993072655500,1450,,,ETF,2920,20,2922.0,-4.0,179.973942959,
89115,market_research_2026-04-04_21-22-29_live_round,f974d41e6f2b44c69df8c990afaf26d2,2026-04-05T02:31:22.746230+00:00,1775356282746230000,171993072767125,1450,,,ETF,2921,80,2922.0,-4.0,179.974054584,
89177,market_research_2026-04-04_21-22-29_live_round,f974d41e6f2b44c69df8c990afaf26d2,2026-04-05T02:31:23.356480+00:00,1775356283356480000,171993683018500,1450,,,ETF,2922,100,2929.5,-15.0,180.584305959,
89178,market_research_2026-04-04_21-22-29_live_round,f974d41e6f2b44c69df8c990afaf26d2,2026-04-05T02:31:23.356612+00:00,1775356283356612000,171993683151208,1450,,,ETF,2933,40,2929.5,-15.0,180.584438667,
89179,market_research_2026-04-04_21-22-29_live_round,f974d41e6f2b44c69df8c990afaf26d2,2026-04-05T02:31:23.356718+00:00,1775356283356718000,171993683257208,1450,,,ETF,2934,60,2929.5,-15.0,180.584544667,
89252,market_research_2026-04-04_21-22-29_live_round,f974d41e6f2b44c69df8c990afaf26d2,2026-04-05T02:31:24.039286+00:00,1775356284039286000,171994365827166,1450,,,ETF,2935,40,2942.0,-14.0,181.267114625,
89253,market_research_2026-04-04_21-22-29_live_round,f974d41e6f2b44c69df8c990afaf26d2,2026-04-05T02:31:24.042540+00:00,1775356284042540000,171994369081250,1450,,,ETF,2936,100,2942.0,-14.0,181.270368709,
89254,market_research_2026-04-04_21-22-29_live_round,f974d41e6f2b44c69df8c990afaf26d2,2026-04-05T02:31:24.042653+00:00,1775356284042653000,171994369193916,1450,,,ETF,2936,60,2942.0,-14.0,181.270481375,
89259,market_research_2026-04-04_21-22-29_live_round,f974d41e6f2b44c69df8c990afaf26d2,2026-04-05T02:31:24.084310+00:00,1775356284084310000,171994410850583,1450,,,ETF,2937,40,2939.0,-4.0,181.312138042,
89264,market_research_2026-04-04_21-22-29_live_round,f974d41e6f2b44c69df8c990afaf26d2,2026-04-05T02:31:24.123919+00:00,1775356284123919000,171994450460041,1450,,,ETF,2937,40,2938.5,-3.0,181.3517475,
89265,market_research_2026-04-04_21-22-29_live_round,f974d41e6f2b44c69df8c990afaf26d2,2026-04-05T02:31:24.124042+00:00,1775356284124042000,171994450582833,1450,,,ETF,2938,20,2938.5,-3.0,181.351870292,
89275,market_research_2026-04-04_21-22-29_live_round,f974d41e6f2b44c69df8c990afaf26d2,2026-04-05T02:31:24.220750+00:00,1775356284220750000,171994547291458,1450,,,ETF,2938,80,2938.5,-1.0,181.448578917,
89342,market_research_2026-04-04_21-22-29_live_round,f974d41e6f2b44c69df8c990afaf26d2,2026-04-05T02:31:24.828329+00:00,1775356284828329000,171995154871583,1450,,,ETF,2947,40,2948.5,-3.0,182.056159042,
89347,market_research_2026-04-04_21-22-29_live_round,f974d41e6f2b44c69df8c990afaf26d2,2026-04-05T02:31:24.867169+00:00,1775356284867169000,171995193712250,1450,,,ETF,2948,60,2948.5,-1.0,182.094999709,
89419,market_research_2026-04-04_21-22-29_live_round,f974d41e6f2b44c69df8c990afaf26d2,2026-04-05T02:31:25.534670+00:00,1775356285534670000,171995861214958,1450,,,ETF,2950,40,2965.5,-31.0,182.762502417,
89424,market_research_2026-04-04_21-22-29_live_round,f974d41e6f2b44c69df8c990afaf26d2,2026-04-05T02:31:25.574135+00:00,1775356285574135000,171995900679500,1450,,,ETF,2950,60,2965.0,-30.0,182.801966959,
89429,market_research_2026-04-04_21-22-29_live_round,f974d41e6f2b44c69df8c990afaf26d2,2026-04-05T02:31:25.612807+00:00,1775356285612807000,171995939351875,1450,,,ETF,2956,40,2967.5,-23.0,182.840639334,
89430,market_research_2026-04-04_21-22-29_live_round,f974d41e6f2b44c69df8c990afaf26d2,2026-04-05T02:31:25.612925+00:00,1775356285612925000,171995939469750,1450,,,ETF,2957,40,2967.5,-23.0,182.840757209,
89436,market_research_2026-04-04_21-22-29_live_round,f974d41e6f2b44c69df8c990afaf26d2,2026-04-05T02:31:25.661055+00:00,1775356285661055000,171995987600291,1450,,,ETF,2957,20,2967.5,-21.0,182.88888775,
89437,market_research_2026-04-04_21-22-29_live_round,f974d41e6f2b44c69df8c990afaf26d2,2026-04-05T02:31:25.661170+00:00,1775356285661170000,171995987715250,1450,,,ETF,2958,80,2967.5,-21.0,182.889002709,
89501,market_research_2026-04-04_21-22-29_live_round,f974d41e6f2b44c69df8c990afaf26d2,2026-04-05T02:31:26.255320+00:00,1775356286255320000,171996581866791,1450,,,ETF,2959,40,2977.0,-36.0,183.48315425,
89510,market_research_2026-04-04_21-22-29_live_round,f974d41e6f2b44c69df8c990afaf26d2,2026-04-05T02:31:26.343315+00:00,1775356286343315000,171996669862291,1450,,,ETF,2959,60,2976.5,-35.0,183.57114975,
89515,market_research_2026-04-04_21-22-29_live_round,f974d41e6f2b44c69df8c990afaf26d2,2026-04-05T02:31:26.385376+00:00,1775356286385376000,171996711923375,1450,,,ETF,2987,40,2990.0,-6.0,183.613210834,
89516,market_research_2026-04-04_21-22-29_live_round,f974d41e6f2b44c69df8c990afaf26d2,2026-04-05T02:31:26.385502+00:00,1775356286385502000,171996712048916,1450,,,ETF,2988,40,2990.0,-6.0,183.613336375,
89522,market_research_2026-04-04_21-22-29_live_round,f974d41e6f2b44c69df8c990afaf26d2,2026-04-05T02:31:26.436899+00:00,1775356286436899000,171996763446416,1450,,,ETF,2988,20,2990.0,-4.0,183.664733875,
89523,market_research_2026-04-04_21-22-29_live_round,f974d41e6f2b44c69df8c990afaf26d2,2026-04-05T02:31:26.437020+00:00,1775356286437020000,171996763567541,1450,,,ETF,2989,80,2990.0,-4.0,183.664855,
89586,market_research_2026-04-04_21-22-29_live_round,f974d41e6f2b44c69df8c990afaf26d2,2026-04-05T02:31:27.031846+00:00,1775356287031846000,171997358394833,1450,,,ETF,2990,40,3005.0,-30.0,184.259682292,
89591,market_research_2026-04-04_21-22-29_live_round,f974d41e6f2b44c69df8c990afaf26d2,2026-04-05T02:31:27.076173+00:00,1775356287076173000,171997402722375,1450,,,ETF,2990,60,3004.5,-29.0,184.304009834,
89596,market_research_2026-04-04_21-22-29_live_round,f974d41e6f2b44c69df8c990afaf26d2,2026-04-05T02:31:27.114964+00:00,1775356287114964000,171997441512833,1450,,,ETF,3001,40,3009.5,-17.0,184.342800292,
89597,market_research_2026-04-04_21-22-29_live_round,f974d41e6f2b44c69df8c990afaf26d2,2026-04-05T02:31:27.115086+00:00,1775356287115086000,171997441635416,1450,,,ETF,3002,40,3009.5,-17.0,184.342922875,
89603,market_research_2026-04-04_21-22-29_live_round,f974d41e6f2b44c69df8c990afaf26d2,2026-04-05T02:31:27.163404+00:00,1775356287163404000,171997489953250,1450,,,ETF,3002,20,3009.5,-15.0,184.391240709,
89604,market_research_2026-04-04_21-22-29_live_round,f974d41e6f2b44c69df8c990afaf26d2,2026-04-05T02:31:27.163524+00:00,1775356287163524000,171997490073833,1450,,,ETF,3003,80,3009.5,-15.0,184.391361292,
89670,market_research_2026-04-04_21-22-29_live_round,f974d41e6f2b44c69df8c990afaf26d2,2026-04-05T02:31:27.870356+00:00,1775356287870356000,171998196907333,1450,,,ETF,3004,40,3023.0,-38.0,185.098194792,
89675,market_research_2026-04-04_21-22-29_live_round,f974d41e6f2b44c69df8c990afaf26d2,2026-04-05T02:31:27.916208+00:00,1775356287916208000,171998242759291,1450,,,ETF,3004,60,3022.5,-37.0,185.14404675,
89680,market_research_2026-04-04_21-22-29_live_round,f974d41e6f2b44c69df8c990afaf26d2,2026-04-05T02:31:27.964032+00:00,1775356287964032000,171998290582916,1450,,,ETF,3026,40,3033.0,-14.0,185.191870375,
89681,market_research_2026-04-04_21-22-29_live_round,f974d41e6f2b44c69df8c990afaf26d2,2026-04-05T02:31:27.968299+00:00,1775356287968299000,171998294850333,1450,,,ETF,3027,40,3033.0,-14.0,185.196137792,
89687,market_research_2026-04-04_21-22-29_live_round,f974d41e6f2b44c69df8c990afaf26d2,2026-04-05T02:31:28.021079+00:00,1775356288021079000,171998347630166,1450,,,ETF,3027,20,3033.0,-12.0,185.248917625,
89688,market_research_2026-04-04_21-22-29_live_round,f974d41e6f2b44c69df8c990afaf26d2,2026-04-05T02:31:28.021209+00:00,1775356288021209000,171998347761000,1450,,,ETF,3028,80,3033.0,-12.0,185.249048459,
89754,market_research_2026-04-04_21-22-29_live_round,f974d41e6f2b44c69df8c990afaf26d2,2026-04-05T02:31:28.679192+00:00,1775356288679192000,171999005745416,1450,,,ETF,3029,40,3046.5,-35.0,185.907032875,
89759,market_research_2026-04-04_21-22-29_live_round,f974d41e6f2b44c69df8c990afaf26d2,2026-04-05T02:31:28.723193+00:00,1775356288723193000,171999049745666,1450,,,ETF,3029,60,3046.0,-34.0,185.951033125,
89764,market_research_2026-04-04_21-22-29_live_round,f974d41e6f2b44c69df8c990afaf26d2,2026-04-05T02:31:28.770523+00:00,1775356288770523000,171999097076333,1450,,,ETF,3048,40,3055.0,-14.0,185.998363792,
89765,market_research_2026-04-04_21-22-29_live_round,f974d41e6f2b44c69df8c990afaf26d2,2026-04-05T02:31:28.770650+00:00,1775356288770650000,171999097203333,1450,,,ETF,3049,40,3055.0,-14.0,185.998490792,
89771,market_research_2026-04-04_21-22-29_live_round,f974d41e6f2b44c69df8c990afaf26d2,2026-04-05T02:31:28.822515+00:00,1775356288822515000,171999149068166,1450,,,ETF,3049,20,3055.0,-12.0,186.050355625,
89772,market_research_2026-04-04_21-22-29_live_round,f974d41e6f2b44c69df8c990afaf26d2,2026-04-05T02:31:28.822643+00:00,1775356288822643000,171999149197166,1450,,,ETF,3050,80,3055.0,-12.0,186.050484625,
89834,market_research_2026-04-04_21-22-29_live_round,f974d41e6f2b44c69df8c990afaf26d2,2026-04-05T02:31:29.417263+00:00,1775356289417263000,171999743818208,1450,,,ETF,3051,100,3078.0,-54.0,186.645105667,
89835,market_research_2026-04-04_21-22-29_live_round,f974d41e6f2b44c69df8c990afaf26d2,2026-04-05T02:31:29.420599+00:00,1775356289420599000,171999747154083,1450,,,ETF,3070,40,3078.0,-54.0,186.648441542,
89840,market_research_2026-04-04_21-22-29_live_round,f974d41e6f2b44c69df8c990afaf26d2,2026-04-05T02:31:29.467798+00:00,1775356289467798000,171999794353541,1450,,,ETF,3071,60,3078.0,-54.0,186.695641,
89846,market_research_2026-04-04_21-22-29_live_round,f974d41e6f2b44c69df8c990afaf26d2,2026-04-05T02:31:29.522322+00:00,1775356289522322000,171999848877958,1450,,,ETF,3072,40,3084.5,-25.0,186.750165417,
89851,market_research_2026-04-04_21-22-29_live_round,f974d41e6f2b44c69df8c990afaf26d2,2026-04-05T02:31:29.567027+00:00,1775356289567027000,171999893582750,1450,,,ETF,3072,40,3084.0,-24.0,186.794870209,
89852,market_research_2026-04-04_21-22-29_live_round,f974d41e6f2b44c69df8c990afaf26d2,2026-04-05T02:31:29.567148+00:00,1775356289567148000,171999893703541,1450,,,ETF,3073,20,3084.0,-24.0,186.794991,
89858,market_research_2026-04-04_21-22-29_live_round,f974d41e6f2b44c69df8c990afaf26d2,2026-04-05T02:31:29.618142+00:00,1775356289618142000,171999944698125,1450,,,ETF,3073,80,3084.0,-22.0,186.845985584,
89921,market_research_2026-04-04_21-22-29_live_round,f974d41e6f2b44c69df8c990afaf26d2,2026-04-05T02:31:30.231653+00:00,1775356290231653000,172000558210208,1450,,,ETF,3103,40,3119.0,-32.0,187.459497667,
89922,market_research_2026-04-04_21-22-29_live_round,f974d41e6f2b44c69df8c990afaf26d2,2026-04-05T02:31:30.236049+00:00,1775356290236049000,172000562606708,1450,,,ETF,3104,60,3119.0,-32.0,187.463894167,
89923,market_research_2026-04-04_21-22-29_live_round,f974d41e6f2b44c69df8c990afaf26d2,2026-04-05T02:31:30.236172+00:00,1775356290236172000,172000562729083,1450,,,ETF,3105,80,3119.0,-32.0,187.464016542,
89924,market_research_2026-04-04_21-22-29_live_round,f974d41e6f2b44c69df8c990afaf26d2,2026-04-05T02:31:30.236277+00:00,1775356290236277000,172000562834791,1450,,,ETF,3106,20,3119.0,-32.0,187.46412225,
89931,market_research_2026-04-04_21-22-29_live_round,f974d41e6f2b44c69df8c990afaf26d2,2026-04-05T02:31:30.296773+00:00,1775356290296773000,172000623330791,1450,,,ETF,3106,40,3116.5,-21.0,187.52461825,
89936,market_research_2026-04-04_21-22-29_live_round,f974d41e6f2b44c69df8c990afaf26d2,2026-04-05T02:31:30.341005+00:00,1775356290341005000,172000667562583,1450,,,ETF,3106,40,3116.0,-20.0,187.568850042,
90141,market_research_2026-04-04_21-22-29_live_round,f974d41e6f2b44c69df8c990afaf26d2,2026-04-05T02:31:32.403712+00:00,1775356292403712000,172002730275208,1450,,,ETF,3125,40,3125.0,0.0,189.631562667,
90211,market_research_2026-04-04_21-22-29_live_round,f974d41e6f2b44c69df8c990afaf26d2,2026-04-05T02:31:33.110167+00:00,1775356293110167000,172003436731625,1450,,,ETF,3122,40,3120.5,-3.0,190.338019084,
90216,market_research_2026-04-04_21-22-29_live_round,f974d41e6f2b44c69df8c990afaf26d2,2026-04-05T02:31:33.151924+00:00,1775356293151924000,172003478489583,1450,,,ETF,3122,60,3121.0,-2.0,190.379777042,
91023,market_research_2026-04-04_21-22-29_live_round,f974d41e6f2b44c69df8c990afaf26d2,2026-04-05T02:31:41.491630+00:00,1775356301491630000,172011818216916,1450,,,ETF,3127,40,3130.0,-6.0,198.719504375,
91028,market_research_2026-04-04_21-22-29_live_round,f974d41e6f2b44c69df8c990afaf26d2,2026-04-05T02:31:41.533234+00:00,1775356301533234000,172011859821458,1450,,,ETF,3128,60,3130.0,-4.0,198.761108917,
91033,market_research_2026-04-04_21-22-29_live_round,f974d41e6f2b44c69df8c990afaf26d2,2026-04-05T02:31:41.570544+00:00,1775356301570544000,172011897131375,1450,,,ETF,3129,80,3130.0,-2.0,198.798418834,
91038,market_research_2026-04-04_21-22-29_live_round,f974d41e6f2b44c69df8c990afaf26d2,2026-04-05T02:31:41.609784+00:00,1775356301609784000,172011936371291,1450,,,ETF,3130,100,3130.0,0.0,198.83765875,
91227,market_research_2026-04-04_21-22-29_live_round,f974d41e6f2b44c69df8c990afaf26d2,2026-04-05T02:31:43.585716+00:00,1775356303585716000,172013912308500,1450,,,ETF,3141,40,3141.5,-1.0,200.813595959,
91232,market_research_2026-04-04_21-22-29_live_round,f974d41e6f2b44c69df8c990afaf26d2,2026-04-05T02:31:43.627317+00:00,1775356303627317000,172013953910250,1450,,,ETF,3141,60,3141.0,0.0,200.855197709,
91302,market_research_2026-04-04_21-22-29_live_round,f974d41e6f2b44c69df8c990afaf26d2,2026-04-05T02:31:44.351095+00:00,1775356304351095000,172014677689750,1450,,,ETF,3144,40,3150.0,-12.0,201.578977209,
91307,market_research_2026-04-04_21-22-29_live_round,f974d41e6f2b44c69df8c990afaf26d2,2026-04-05T02:31:44.392501+00:00,1775356304392501000,172014719096125,1450,,,ETF,3144,60,3149.5,-11.0,201.620383584,
91312,market_research_2026-04-04_21-22-29_live_round,f974d41e6f2b44c69df8c990afaf26d2,2026-04-05T02:31:44.431869+00:00,1775356304431869000,172014758464166,1450,,,ETF,3148,40,3151.0,-6.0,201.659751625,
91313,market_research_2026-04-04_21-22-29_live_round,f974d41e6f2b44c69df8c990afaf26d2,2026-04-05T02:31:44.431986+00:00,1775356304431986000,172014758581958,1450,,,ETF,3149,40,3151.0,-6.0,201.659869417,
91319,market_research_2026-04-04_21-22-29_live_round,f974d41e6f2b44c69df8c990afaf26d2,2026-04-05T02:31:44.477067+00:00,1775356304477067000,172014803662000,1450,,,ETF,3149,20,3151.0,-4.0,201.704949459,
91320,market_research_2026-04-04_21-22-29_live_round,f974d41e6f2b44c69df8c990afaf26d2,2026-04-05T02:31:44.477188+00:00,1775356304477188000,172014803783500,1450,,,ETF,3150,80,3151.0,-4.0,201.705070959,
91376,market_research_2026-04-04_21-22-29_live_round,f974d41e6f2b44c69df8c990afaf26d2,2026-04-05T02:31:45.034070+00:00,1775356305034070000,172015360667083,1450,,,ETF,3151,40,3151.5,-1.0,202.261954542,
91381,market_research_2026-04-04_21-22-29_live_round,f974d41e6f2b44c69df8c990afaf26d2,2026-04-05T02:31:45.075968+00:00,1775356305075968000,172015402565041,1450,,,ETF,3151,60,3151.0,0.0,202.3038525,
91512,market_research_2026-04-04_21-22-29_live_round,f974d41e6f2b44c69df8c990afaf26d2,2026-04-05T02:31:46.450348+00:00,1775356306450348000,172016776948958,1450,,,ETF,3153,40,3150.0,-6.0,203.678236417,
91517,market_research_2026-04-04_21-22-29_live_round,f974d41e6f2b44c69df8c990afaf26d2,2026-04-05T02:31:46.491003+00:00,1775356306491003000,172016817604166,1450,,,ETF,3152,60,3150.0,-4.0,203.718891625,
91522,market_research_2026-04-04_21-22-29_live_round,f974d41e6f2b44c69df8c990afaf26d2,2026-04-05T02:31:46.529376+00:00,1775356306529376000,172016855977250,1450,,,ETF,3151,80,3150.0,-2.0,203.757264709,
91527,market_research_2026-04-04_21-22-29_live_round,f974d41e6f2b44c69df8c990afaf26d2,2026-04-05T02:31:46.568039+00:00,1775356306568039000,172016894640541,1450,,,ETF,3150,100,3150.0,0.0,203.795928,
91656,market_research_2026-04-04_21-22-29_live_round,f974d41e6f2b44c69df8c990afaf26d2,2026-04-05T02:31:47.934211+00:00,1775356307934211000,172018260815250,1500,,,ETF,3140,40,3136.0,-8.0,0.096169667,
91661,market_research_2026-04-04_21-22-29_live_round,f974d41e6f2b44c69df8c990afaf26d2,2026-04-05T02:31:47.969648+00:00,1775356307969648000,172018296253166,1500,,,ETF,3139,60,3136.0,-6.0,0.131607583,
91666,market_research_2026-04-04_21-22-29_live_round,f974d41e6f2b44c69df8c990afaf26d2,2026-04-05T02:31:48.008014+00:00,1775356308008014000,172018334618750,1500,,,ETF,3138,80,3136.0,-4.0,0.169973167,
91671,market_research_2026-04-04_21-22-29_live_round,f974d41e6f2b44c69df8c990afaf26d2,2026-04-05T02:31:48.048894+00:00,1775356308048894000,172018375498833,1500,,,ETF,3138,100,3136.5,-3.0,0.21085325,
91738,market_research_2026-04-04_21-22-29_live_round,f974d41e6f2b44c69df8c990afaf26d2,2026-04-05T02:31:48.680394+00:00,1775356308680394000,172019007000125,1500,,,ETF,3137,40,3127.0,-20.0,0.842354542,
91743,market_research_2026-04-04_21-22-29_live_round,f974d41e6f2b44c69df8c990afaf26d2,2026-04-05T02:31:48.718943+00:00,1775356308718943000,172019045549958,1500,,,ETF,3137,60,3127.5,-19.0,0.880904375,
91748,market_research_2026-04-04_21-22-29_live_round,f974d41e6f2b44c69df8c990afaf26d2,2026-04-05T02:31:48.760742+00:00,1775356308760742000,172019087348958,1500,,,ETF,3126,40,3122.5,-7.0,0.922703375,
91749,market_research_2026-04-04_21-22-29_live_round,f974d41e6f2b44c69df8c990afaf26d2,2026-04-05T02:31:48.760855+00:00,1775356308760855000,172019087461666,1500,,,ETF,3125,40,3122.5,-7.0,0.922816083,
91755,market_research_2026-04-04_21-22-29_live_round,f974d41e6f2b44c69df8c990afaf26d2,2026-04-05T02:31:48.817557+00:00,1775356308817557000,172019144163666,1500,,,ETF,3125,20,3122.5,-5.0,0.979518083,
91756,market_research_2026-04-04_21-22-29_live_round,f974d41e6f2b44c69df8c990afaf26d2,2026-04-05T02:31:48.817745+00:00,1775356308817745000,172019144352291,1500,,,ETF,3124,80,3122.5,-5.0,0.979706708,
91871,market_research_2026-04-04_21-22-29_live_round,f974d41e6f2b44c69df8c990afaf26d2,2026-04-05T02:31:50.014577+00:00,1775356310014577000,172020341186958,1500,,,ETF,3123,40,3123.0,0.0,2.176541375,
91940,market_research_2026-04-04_21-22-29_live_round,f974d41e6f2b44c69df8c990afaf26d2,2026-04-05T02:31:50.711682+00:00,1775356310711682000,172021038293708,1500,,,ETF,3120,40,3118.5,-3.0,2.873648125,
91945,market_research_2026-04-04_21-22-29_live_round,f974d41e6f2b44c69df8c990afaf26d2,2026-04-05T02:31:50.752331+00:00,1775356310752331000,172021078943000,1500,,,ETF,3120,60,3119.0,-2.0,2.914297417,
92008,market_research_2026-04-04_21-22-29_live_round,f974d41e6f2b44c69df8c990afaf26d2,2026-04-05T02:31:51.367176+00:00,1775356311367176000,172021693789791,1500,,,ETF,3114,40,3112.0,-4.0,3.529144208,
92013,market_research_2026-04-04_21-22-29_live_round,f974d41e6f2b44c69df8c990afaf26d2,2026-04-05T02:31:51.412198+00:00,1775356311412198000,172021738811666,1500,,,ETF,3114,60,3112.5,-3.0,3.574166083,
92145,market_research_2026-04-04_21-22-29_live_round,f974d41e6f2b44c69df8c990afaf26d2,2026-04-05T02:31:52.773681+00:00,1775356312773681000,172023100298750,1500,,,ETF,3103,40,3101.0,-4.0,4.935653167,
92150,market_research_2026-04-04_21-22-29_live_round,f974d41e6f2b44c69df8c990afaf26d2,2026-04-05T02:31:52.828705+00:00,1775356312828705000,172023155322333,1500,,,ETF,3102,60,3101.0,-2.0,4.99067675,
92155,market_research_2026-04-04_21-22-29_live_round,f974d41e6f2b44c69df8c990afaf26d2,2026-04-05T02:31:52.874174+00:00,1775356312874174000,172023200792083,1500,,,ETF,3101,80,3101.0,0.0,5.0361465,
92279,market_research_2026-04-04_21-22-29_live_round,f974d41e6f2b44c69df8c990afaf26d2,2026-04-05T02:31:54.186836+00:00,1775356314186836000,172024513457875,1500,,,ETF,3102,40,3107.0,-10.0,6.348812292,
92284,market_research_2026-04-04_21-22-29_live_round,f974d41e6f2b44c69df8c990afaf26d2,2026-04-05T02:31:54.232371+00:00,1775356314232371000,172024558992083,1500,,,ETF,3102,60,3106.5,-9.0,6.3943465,
92289,market_research_2026-04-04_21-22-29_live_round,f974d41e6f2b44c69df8c990afaf26d2,2026-04-05T02:31:54.273252+00:00,1775356314273252000,172024599873250,1500,,,ETF,3106,40,3108.0,-4.0,6.435227667,
92290,market_research_2026-04-04_21-22-29_live_round,f974d41e6f2b44c69df8c990afaf26d2,2026-04-05T02:31:54.273372+00:00,1775356314273372000,172024599994083,1500,,,ETF,3107,40,3108.0,-4.0,6.4353485,
92296,market_research_2026-04-04_21-22-29_live_round,f974d41e6f2b44c69df8c990afaf26d2,2026-04-05T02:31:54.324555+00:00,1775356314324555000,172024651176916,1500,,,ETF,3107,20,3108.0,-2.0,6.486531333,
92297,market_research_2026-04-04_21-22-29_live_round,f974d41e6f2b44c69df8c990afaf26d2,2026-04-05T02:31:54.324679+00:00,1775356314324679000,172024651300500,1500,,,ETF,3108,80,3108.0,-2.0,6.486654917,
92369,market_research_2026-04-04_21-22-29_live_round,f974d41e6f2b44c69df8c990afaf26d2,2026-04-05T02:31:55.013013+00:00,1775356315013013000,172025339636250,1500,,,ETF,3109,40,3111.0,-4.0,7.174990667,
92374,market_research_2026-04-04_21-22-29_live_round,f974d41e6f2b44c69df8c990afaf26d2,2026-04-05T02:31:55.054872+00:00,1775356315054872000,172025381495541,1500,,,ETF,3109,60,3110.5,-3.0,7.216849958,
92698,market_research_2026-04-04_21-22-29_live_round,f974d41e6f2b44c69df8c990afaf26d2,2026-04-05T02:31:58.379328+00:00,1775356318379328000,172028705960833,1500,,,ETF,3109,40,3108.0,-2.0,10.54131525,
92703,market_research_2026-04-04_21-22-29_live_round,f974d41e6f2b44c69df8c990afaf26d2,2026-04-05T02:31:58.420614+00:00,1775356318420614000,172028747246208,1500,,,ETF,3108,60,3108.0,0.0,10.582600625,
92766,market_research_2026-04-04_21-22-29_live_round,f974d41e6f2b44c69df8c990afaf26d2,2026-04-05T02:31:59.056678+00:00,1775356319056678000,172029383312458,1500,,,ETF,3106,40,3106.0,0.0,11.218666875,
92911,market_research_2026-04-04_21-22-29_live_round,f974d41e6f2b44c69df8c990afaf26d2,2026-04-05T02:32:00.668546+00:00,1775356320668546000,172030995184750,1500,,,ETF,3109,40,3113.5,-9.0,12.830539167,
92916,market_research_2026-04-04_21-22-29_live_round,f974d41e6f2b44c69df8c990afaf26d2,2026-04-05T02:32:00.756444+00:00,1775356320756444000,172031083083000,1500,,,ETF,3109,60,3113.0,-8.0,12.918437417,
92921,market_research_2026-04-04_21-22-29_live_round,f974d41e6f2b44c69df8c990afaf26d2,2026-04-05T02:32:00.806349+00:00,1775356320806349000,172031132987875,1500,,,ETF,3112,40,3114.0,-4.0,12.968342292,
92922,market_research_2026-04-04_21-22-29_live_round,f974d41e6f2b44c69df8c990afaf26d2,2026-04-05T02:32:00.806496+00:00,1775356320806496000,172031133134833,1500,,,ETF,3113,40,3114.0,-4.0,12.96848925,
92928,market_research_2026-04-04_21-22-29_live_round,f974d41e6f2b44c69df8c990afaf26d2,2026-04-05T02:32:00.858091+00:00,1775356320858091000,172031184730166,1500,,,ETF,3113,20,3114.0,-2.0,13.020084583,
92929,market_research_2026-04-04_21-22-29_live_round,f974d41e6f2b44c69df8c990afaf26d2,2026-04-05T02:32:00.858222+00:00,1775356320858222000,172031184861750,1500,,,ETF,3114,80,3114.0,-2.0,13.020216167,
92988,market_research_2026-04-04_21-22-29_live_round,f974d41e6f2b44c69df8c990afaf26d2,2026-04-05T02:32:01.496946+00:00,1775356321496946000,172031823587208,1500,,,ETF,3115,40,3123.0,-16.0,13.658941625,
92993,market_research_2026-04-04_21-22-29_live_round,f974d41e6f2b44c69df8c990afaf26d2,2026-04-05T02:32:01.541412+00:00,1775356321541412000,172031868053083,1500,,,ETF,3115,60,3122.5,-15.0,13.7034075,
92998,market_research_2026-04-04_21-22-29_live_round,f974d41e6f2b44c69df8c990afaf26d2,2026-04-05T02:32:01.582574+00:00,1775356321582574000,172031909214708,1500,,,ETF,3124,40,3126.5,-5.0,13.744569125,
92999,market_research_2026-04-04_21-22-29_live_round,f974d41e6f2b44c69df8c990afaf26d2,2026-04-05T02:32:01.585906+00:00,1775356321585906000,172031912547041,1500,,,ETF,3125,40,3126.5,-5.0,13.747901458,
93005,market_research_2026-04-04_21-22-29_live_round,f974d41e6f2b44c69df8c990afaf26d2,2026-04-05T02:32:01.639730+00:00,1775356321639730000,172031966371708,1500,,,ETF,3125,20,3126.5,-3.0,13.801726125,
93006,market_research_2026-04-04_21-22-29_live_round,f974d41e6f2b44c69df8c990afaf26d2,2026-04-05T02:32:01.639851+00:00,1775356321639851000,172031966492750,1500,,,ETF,3126,80,3126.5,-3.0,13.801847167,
93061,market_research_2026-04-04_21-22-29_live_round,f974d41e6f2b44c69df8c990afaf26d2,2026-04-05T02:32:02.231158+00:00,1775356322231158000,172032557800791,1500,,,ETF,3127,40,3131.0,-8.0,14.393155208,
93066,market_research_2026-04-04_21-22-29_live_round,f974d41e6f2b44c69df8c990afaf26d2,2026-04-05T02:32:02.272250+00:00,1775356322272250000,172032598892625,1500,,,ETF,3127,60,3130.5,-7.0,14.434247042,
93134,market_research_2026-04-04_21-22-29_live_round,f974d41e6f2b44c69df8c990afaf26d2,2026-04-05T02:32:03.012987+00:00,1775356323012987000,172033339631916,1500,,,ETF,3140,40,3143.0,-6.0,15.174986333,
93139,market_research_2026-04-04_21-22-29_live_round,f974d41e6f2b44c69df8c990afaf26d2,2026-04-05T02:32:03.057340+00:00,1775356323057340000,172033383985458,1500,,,ETF,3140,60,3142.5,-5.0,15.219339875,
93144,market_research_2026-04-04_21-22-29_live_round,f974d41e6f2b44c69df8c990afaf26d2,2026-04-05T02:32:03.105628+00:00,1775356323105628000,172033432273125,1500,,,ETF,3141,40,3142.5,-3.0,15.267627542,
93145,market_research_2026-04-04_21-22-29_live_round,f974d41e6f2b44c69df8c990afaf26d2,2026-04-05T02:32:03.105753+00:00,1775356323105753000,172033432398458,1500,,,ETF,3142,40,3142.5,-3.0,15.267752875,
93151,market_research_2026-04-04_21-22-29_live_round,f974d41e6f2b44c69df8c990afaf26d2,2026-04-05T02:32:03.157584+00:00,1775356323157584000,172033484229041,1500,,,ETF,3142,20,3142.5,-1.0,15.319583458,
93152,market_research_2026-04-04_21-22-29_live_round,f974d41e6f2b44c69df8c990afaf26d2,2026-04-05T02:32:03.157709+00:00,1775356323157709000,172033484354000,1500,,,ETF,3143,80,3142.5,-1.0,15.319708417,
93606,market_research_2026-04-04_21-22-29_live_round,f974d41e6f2b44c69df8c990afaf26d2,2026-04-05T02:32:07.877141+00:00,1775356327877141000,172038203799250,1525,,,ETF,3140,40,3138.0,-4.0,20.039153667,
93611,market_research_2026-04-04_21-22-29_live_round,f974d41e6f2b44c69df8c990afaf26d2,2026-04-05T02:32:07.918305+00:00,1775356327918305000,172038244962916,1525,,,ETF,3140,60,3138.5,-3.0,20.080317333,
93616,market_research_2026-04-04_21-22-29_live_round,f974d41e6f2b44c69df8c990afaf26d2,2026-04-05T02:32:07.959243+00:00,1775356327959243000,172038285901375,1525,,,ETF,3138,40,3138.0,0.0,20.121255792,
93811,market_research_2026-04-04_21-22-29_live_round,f974d41e6f2b44c69df8c990afaf26d2,2026-04-05T02:32:10.025787+00:00,1775356330025787000,172040352451041,1525,,,ETF,3135,40,3131.0,-8.0,22.187805458,
93816,market_research_2026-04-04_21-22-29_live_round,f974d41e6f2b44c69df8c990afaf26d2,2026-04-05T02:32:10.070259+00:00,1775356330070259000,172040396923041,1525,,,ETF,3134,60,3131.0,-6.0,22.232277458,
93821,market_research_2026-04-04_21-22-29_live_round,f974d41e6f2b44c69df8c990afaf26d2,2026-04-05T02:32:10.114548+00:00,1775356330114548000,172040441211458,1525,,,ETF,3133,80,3131.0,-4.0,22.276565875,
93826,market_research_2026-04-04_21-22-29_live_round,f974d41e6f2b44c69df8c990afaf26d2,2026-04-05T02:32:10.155610+00:00,1775356330155610000,172040482273875,1525,,,ETF,3132,100,3131.0,-2.0,22.317628292,
94080,market_research_2026-04-04_21-22-29_live_round,f974d41e6f2b44c69df8c990afaf26d2,2026-04-05T02:32:12.809088+00:00,1775356332809088000,172043135759041,1525,,,ETF,3121,40,3118.5,-5.0,24.971113458,
94085,market_research_2026-04-04_21-22-29_live_round,f974d41e6f2b44c69df8c990afaf26d2,2026-04-05T02:32:12.853500+00:00,1775356332853500000,172043180171625,1525,,,ETF,3120,60,3118.5,-3.0,25.015526042,
94090,market_research_2026-04-04_21-22-29_live_round,f974d41e6f2b44c69df8c990afaf26d2,2026-04-05T02:32:12.892787+00:00,1775356332892787000,172043219458458,1525,,,ETF,3119,80,3118.5,-1.0,25.054812875,
94154,market_research_2026-04-04_21-22-29_live_round,f974d41e6f2b44c69df8c990afaf26d2,2026-04-05T02:32:13.541171+00:00,1775356333541171000,172043867843583,1525,,,ETF,3118,40,3115.5,-5.0,25.703198,
94159,market_research_2026-04-04_21-22-29_live_round,f974d41e6f2b44c69df8c990afaf26d2,2026-04-05T02:32:13.581201+00:00,1775356333581201000,172043907874041,1525,,,ETF,3118,60,3116.0,-4.0,25.743228458,
94422,market_research_2026-04-04_21-22-29_live_round,f974d41e6f2b44c69df8c990afaf26d2,2026-04-05T02:32:16.330451+00:00,1775356336330451000,172046657131208,1525,,,ETF,3102,40,3100.5,-3.0,28.492485625,
94427,market_research_2026-04-04_21-22-29_live_round,f974d41e6f2b44c69df8c990afaf26d2,2026-04-05T02:32:16.374791+00:00,1775356336374791000,172046701471458,1525,,,ETF,3102,60,3101.0,-2.0,28.536825875,
94836,market_research_2026-04-04_21-22-29_live_round,f974d41e6f2b44c69df8c990afaf26d2,2026-04-05T02:32:20.559559+00:00,1775356340559559000,172050886251083,1525,,,ETF,3091,40,3088.0,-6.0,32.7216055,
94841,market_research_2026-04-04_21-22-29_live_round,f974d41e6f2b44c69df8c990afaf26d2,2026-04-05T02:32:20.599040+00:00,1775356340599040000,172050925732041,1525,,,ETF,3090,60,3088.0,-4.0,32.761086458,
94846,market_research_2026-04-04_21-22-29_live_round,f974d41e6f2b44c69df8c990afaf26d2,2026-04-05T02:32:20.634473+00:00,1775356340634473000,172050961165458,1525,,,ETF,3090,80,3088.5,-3.0,32.796519875,
94851,market_research_2026-04-04_21-22-29_live_round,f974d41e6f2b44c69df8c990afaf26d2,2026-04-05T02:32:20.672931+00:00,1775356340672931000,172050999623708,1525,,,ETF,3090,20,3089.0,-2.0,32.834978125,
94852,market_research_2026-04-04_21-22-29_live_round,f974d41e6f2b44c69df8c990afaf26d2,2026-04-05T02:32:20.673044+00:00,1775356340673044000,172050999736083,1525,,,ETF,3089,80,3089.0,-2.0,32.8350905,
94920,market_research_2026-04-04_21-22-29_live_round,f974d41e6f2b44c69df8c990afaf26d2,2026-04-05T02:32:21.292215+00:00,1775356341292215000,172051618908625,1525,,,ETF,3088,40,3082.5,-11.0,33.454263042,
94925,market_research_2026-04-04_21-22-29_live_round,f974d41e6f2b44c69df8c990afaf26d2,2026-04-05T02:32:21.332217+00:00,1775356341332217000,172051658911125,1525,,,ETF,3088,60,3083.0,-10.0,33.494265542,
94930,market_research_2026-04-04_21-22-29_live_round,f974d41e6f2b44c69df8c990afaf26d2,2026-04-05T02:32:21.370917+00:00,1775356341370917000,172051697611083,1525,,,ETF,3079,40,3079.0,0.0,33.5329655,
94994,market_research_2026-04-04_21-22-29_live_round,f974d41e6f2b44c69df8c990afaf26d2,2026-04-05T02:32:22.000335+00:00,1775356342000335000,172052327030291,1525,,,ETF,3076,40,3070.5,-11.0,34.162384708,
94999,market_research_2026-04-04_21-22-29_live_round,f974d41e6f2b44c69df8c990afaf26d2,2026-04-05T02:32:22.039795+00:00,1775356342039795000,172052366491083,1525,,,ETF,3076,60,3071.0,-10.0,34.2018455,
95004,market_research_2026-04-04_21-22-29_live_round,f974d41e6f2b44c69df8c990afaf26d2,2026-04-05T02:32:22.075217+00:00,1775356342075217000,172052401912416,1525,,,ETF,3071,40,3069.0,-4.0,34.237266833,
95005,market_research_2026-04-04_21-22-29_live_round,f974d41e6f2b44c69df8c990afaf26d2,2026-04-05T02:32:22.075329+00:00,1775356342075329000,172052402025166,1525,,,ETF,3070,40,3069.0,-4.0,34.237379583,
95011,market_research_2026-04-04_21-22-29_live_round,f974d41e6f2b44c69df8c990afaf26d2,2026-04-05T02:32:22.120115+00:00,1775356342120115000,172052446811333,1525,,,ETF,3070,20,3069.0,-2.0,34.28216575,
95012,market_research_2026-04-04_21-22-29_live_round,f974d41e6f2b44c69df8c990afaf26d2,2026-04-05T02:32:22.120230+00:00,1775356342120230000,172052446925708,1525,,,ETF,3069,80,3069.0,-2.0,34.282280125,
95077,market_research_2026-04-04_21-22-29_live_round,f974d41e6f2b44c69df8c990afaf26d2,2026-04-05T02:32:22.734999+00:00,1775356342734999000,172053061696916,1525,,,ETF,3068,40,3065.5,-5.0,34.897051333,
95082,market_research_2026-04-04_21-22-29_live_round,f974d41e6f2b44c69df8c990afaf26d2,2026-04-05T02:32:22.773842+00:00,1775356342773842000,172053100540125,1525,,,ETF,3068,60,3066.0,-4.0,34.935894542,
95225,market_research_2026-04-04_21-22-29_live_round,f974d41e6f2b44c69df8c990afaf26d2,2026-04-05T02:32:24.123029+00:00,1775356344123029000,172054449730125,1525,,,ETF,3054,40,3051.0,-6.0,36.285084542,
95230,market_research_2026-04-04_21-22-29_live_round,f974d41e6f2b44c69df8c990afaf26d2,2026-04-05T02:32:24.159348+00:00,1775356344159348000,172054486049000,1525,,,ETF,3054,60,3051.5,-5.0,36.321403417,
95235,market_research_2026-04-04_21-22-29_live_round,f974d41e6f2b44c69df8c990afaf26d2,2026-04-05T02:32:24.198870+00:00,1775356344198870000,172054525571708,1525,,,ETF,3054,40,3052.0,-4.0,36.360926125,
95236,market_research_2026-04-04_21-22-29_live_round,f974d41e6f2b44c69df8c990afaf26d2,2026-04-05T02:32:24.198986+00:00,1775356344198986000,172054525687500,1525,,,ETF,3053,40,3052.0,-4.0,36.361041917,
95242,market_research_2026-04-04_21-22-29_live_round,f974d41e6f2b44c69df8c990afaf26d2,2026-04-05T02:32:24.243998+00:00,1775356344243998000,172054570699583,1525,,,ETF,3053,20,3052.0,-2.0,36.406054,
95243,market_research_2026-04-04_21-22-29_live_round,f974d41e6f2b44c69df8c990afaf26d2,2026-04-05T02:32:24.247165+00:00,1775356344247165000,172054573866833,1525,,,ETF,3052,80,3052.0,-2.0,36.40922125,
95314,market_research_2026-04-04_21-22-29_live_round,f974d41e6f2b44c69df8c990afaf26d2,2026-04-05T02:32:24.920897+00:00,1775356344920897000,172055247599958,1525,,,ETF,3051,40,3037.5,-27.0,37.082954375,
95319,market_research_2026-04-04_21-22-29_live_round,f974d41e6f2b44c69df8c990afaf26d2,2026-04-05T02:32:24.962994+00:00,1775356344962994000,172055289697500,1525,,,ETF,3051,60,3038.0,-26.0,37.125051917,
95324,market_research_2026-04-04_21-22-29_live_round,f974d41e6f2b44c69df8c990afaf26d2,2026-04-05T02:32:25.001738+00:00,1775356345001738000,172055328441250,1525,,,ETF,3042,40,3034.0,-16.0,37.163795667,
95325,market_research_2026-04-04_21-22-29_live_round,f974d41e6f2b44c69df8c990afaf26d2,2026-04-05T02:32:25.001851+00:00,1775356345001851000,172055328555250,1525,,,ETF,3041,40,3034.0,-16.0,37.163909667,
95331,market_research_2026-04-04_21-22-29_live_round,f974d41e6f2b44c69df8c990afaf26d2,2026-04-05T02:32:25.050241+00:00,1775356345050241000,172055376944250,1525,,,ETF,3041,20,3034.0,-14.0,37.212298667,
95332,market_research_2026-04-04_21-22-29_live_round,f974d41e6f2b44c69df8c990afaf26d2,2026-04-05T02:32:25.050353+00:00,1775356345050353000,172055377056583,1525,,,ETF,3040,80,3034.0,-14.0,37.212411,
95399,market_research_2026-04-04_21-22-29_live_round,f974d41e6f2b44c69df8c990afaf26d2,2026-04-05T02:32:25.704758+00:00,1775356345704758000,172056031463166,1525,,,ETF,3039,40,3019.5,-39.0,37.866817583,
95404,market_research_2026-04-04_21-22-29_live_round,f974d41e6f2b44c69df8c990afaf26d2,2026-04-05T02:32:25.748568+00:00,1775356345748568000,172056075273291,1525,,,ETF,3039,60,3020.0,-38.0,37.910627708,
95409,market_research_2026-04-04_21-22-29_live_round,f974d41e6f2b44c69df8c990afaf26d2,2026-04-05T02:32:25.786622+00:00,1775356345786622000,172056113327166,1525,,,ETF,3018,40,3010.0,-16.0,37.948681583,
95410,market_research_2026-04-04_21-22-29_live_round,f974d41e6f2b44c69df8c990afaf26d2,2026-04-05T02:32:25.792046+00:00,1775356345792046000,172056118752208,1525,,,ETF,3017,40,3010.0,-16.0,37.954106625,
95416,market_research_2026-04-04_21-22-29_live_round,f974d41e6f2b44c69df8c990afaf26d2,2026-04-05T02:32:25.844107+00:00,1775356345844107000,172056170812625,1525,,,ETF,3017,20,3010.0,-14.0,38.006167042,
95417,market_research_2026-04-04_21-22-29_live_round,f974d41e6f2b44c69df8c990afaf26d2,2026-04-05T02:32:25.844228+00:00,1775356345844228000,172056170934541,1525,,,ETF,3016,80,3010.0,-14.0,38.006288958,
95479,market_research_2026-04-04_21-22-29_live_round,f974d41e6f2b44c69df8c990afaf26d2,2026-04-05T02:32:26.438945+00:00,1775356346438945000,172056765652375,1525,,,ETF,3015,40,3000.0,-30.0,38.601006792,
95484,market_research_2026-04-04_21-22-29_live_round,f974d41e6f2b44c69df8c990afaf26d2,2026-04-05T02:32:26.477570+00:00,1775356346477570000,172056804277833,1525,,,ETF,3015,60,3000.5,-29.0,38.63963225,
95489,market_research_2026-04-04_21-22-29_live_round,f974d41e6f2b44c69df8c990afaf26d2,2026-04-05T02:32:26.520076+00:00,1775356346520076000,172056846783208,1525,,,ETF,2994,40,2990.5,-7.0,38.682137625,
95490,market_research_2026-04-04_21-22-29_live_round,f974d41e6f2b44c69df8c990afaf26d2,2026-04-05T02:32:26.520198+00:00,1775356346520198000,172056846906291,1525,,,ETF,2993,40,2990.5,-7.0,38.682260708,
95496,market_research_2026-04-04_21-22-29_live_round,f974d41e6f2b44c69df8c990afaf26d2,2026-04-05T02:32:26.571711+00:00,1775356346571711000,172056898418541,1525,,,ETF,2993,20,2990.5,-5.0,38.733772958,
95497,market_research_2026-04-04_21-22-29_live_round,f974d41e6f2b44c69df8c990afaf26d2,2026-04-05T02:32:26.571838+00:00,1775356346571838000,172056898545625,1525,,,ETF,2992,80,2990.5,-5.0,38.733900042,
95563,market_research_2026-04-04_21-22-29_live_round,f974d41e6f2b44c69df8c990afaf26d2,2026-04-05T02:32:27.232182+00:00,1775356347232182000,172057558891291,1525,,,ETF,2991,40,2974.5,-33.0,39.394245708,
95568,market_research_2026-04-04_21-22-29_live_round,f974d41e6f2b44c69df8c990afaf26d2,2026-04-05T02:32:27.276931+00:00,1775356347276931000,172057603640666,1525,,,ETF,2991,60,2975.0,-32.0,39.438995083,
95573,market_research_2026-04-04_21-22-29_live_round,f974d41e6f2b44c69df8c990afaf26d2,2026-04-05T02:32:27.322957+00:00,1775356347322957000,172057649666416,1525,,,ETF,2979,40,2969.5,-19.0,39.485020833,
95574,market_research_2026-04-04_21-22-29_live_round,f974d41e6f2b44c69df8c990afaf26d2,2026-04-05T02:32:27.323083+00:00,1775356347323083000,172057649792833,1525,,,ETF,2978,40,2969.5,-19.0,39.48514725,
95580,market_research_2026-04-04_21-22-29_live_round,f974d41e6f2b44c69df8c990afaf26d2,2026-04-05T02:32:27.375933+00:00,1775356347375933000,172057702642708,1525,,,ETF,2978,20,2969.5,-17.0,39.537997125,
95581,market_research_2026-04-04_21-22-29_live_round,f974d41e6f2b44c69df8c990afaf26d2,2026-04-05T02:32:27.376059+00:00,1775356347376059000,172057702768625,1525,,,ETF,2977,80,2969.5,-17.0,39.538123042,
95647,market_research_2026-04-04_21-22-29_live_round,f974d41e6f2b44c69df8c990afaf26d2,2026-04-05T02:32:28.045055+00:00,1775356348045055000,172058371767000,1525,,,ETF,2976,40,2945.5,-61.0,40.207121417,
95652,market_research_2026-04-04_21-22-29_live_round,f974d41e6f2b44c69df8c990afaf26d2,2026-04-05T02:32:28.087628+00:00,1775356348087628000,172058414339541,1525,,,ETF,2976,60,2946.0,-60.0,40.249693958,
95657,market_research_2026-04-04_21-22-29_live_round,f974d41e6f2b44c69df8c990afaf26d2,2026-04-05T02:32:28.133656+00:00,1775356348133656000,172058460368416,1525,,,ETF,2952,40,2934.5,-35.0,40.295722833,
95658,market_research_2026-04-04_21-22-29_live_round,f974d41e6f2b44c69df8c990afaf26d2,2026-04-05T02:32:28.137026+00:00,1775356348137026000,172058463738458,1525,,,ETF,2951,40,2934.5,-35.0,40.299092875,
95664,market_research_2026-04-04_21-22-29_live_round,f974d41e6f2b44c69df8c990afaf26d2,2026-04-05T02:32:28.188656+00:00,1775356348188656000,172058515368083,1525,,,ETF,2951,20,2934.5,-33.0,40.3507225,
95665,market_research_2026-04-04_21-22-29_live_round,f974d41e6f2b44c69df8c990afaf26d2,2026-04-05T02:32:28.188790+00:00,1775356348188790000,172058515502041,1525,,,ETF,2950,80,2934.5,-33.0,40.350856458,
95727,market_research_2026-04-04_21-22-29_live_round,f974d41e6f2b44c69df8c990afaf26d2,2026-04-05T02:32:28.782940+00:00,1775356348782940000,172059109653000,1525,,,ETF,2949,40,2914.5,-69.0,40.945007417,
95736,market_research_2026-04-04_21-22-29_live_round,f974d41e6f2b44c69df8c990afaf26d2,2026-04-05T02:32:28.877690+00:00,1775356348877690000,172059204404166,1525,,,ETF,2949,60,2915.0,-68.0,41.039758583,
95741,market_research_2026-04-04_21-22-29_live_round,f974d41e6f2b44c69df8c990afaf26d2,2026-04-05T02:32:28.919001+00:00,1775356348919001000,172059245714625,1525,,,ETF,2909,40,2895.5,-27.0,41.081069042,
95742,market_research_2026-04-04_21-22-29_live_round,f974d41e6f2b44c69df8c990afaf26d2,2026-04-05T02:32:28.922296+00:00,1775356348922296000,172059249010083,1525,,,ETF,2908,40,2895.5,-27.0,41.0843645,
95748,market_research_2026-04-04_21-22-29_live_round,f974d41e6f2b44c69df8c990afaf26d2,2026-04-05T02:32:28.971892+00:00,1775356348971892000,172059298605791,1525,,,ETF,2908,20,2895.5,-25.0,41.133960208,
95749,market_research_2026-04-04_21-22-29_live_round,f974d41e6f2b44c69df8c990afaf26d2,2026-04-05T02:32:28.972015+00:00,1775356348972015000,172059298728958,1525,,,ETF,2907,80,2895.5,-25.0,41.134083375,
95811,market_research_2026-04-04_21-22-29_live_round,f974d41e6f2b44c69df8c990afaf26d2,2026-04-05T02:32:29.585429+00:00,1775356349585429000,172059912144750,1525,,,ETF,2906,40,2865.5,-81.0,41.747499167,
95816,market_research_2026-04-04_21-22-29_live_round,f974d41e6f2b44c69df8c990afaf26d2,2026-04-05T02:32:29.627586+00:00,1775356349627586000,172059954301458,1525,,,ETF,2906,60,2866.0,-80.0,41.789655875,
95821,market_research_2026-04-04_21-22-29_live_round,f974d41e6f2b44c69df8c990afaf26d2,2026-04-05T02:32:29.668749+00:00,1775356349668749000,172059995465041,1525,,,ETF,2874,40,2850.5,-47.0,41.830819458,
95822,market_research_2026-04-04_21-22-29_live_round,f974d41e6f2b44c69df8c990afaf26d2,2026-04-05T02:32:29.672082+00:00,1775356349672082000,172059998798375,1525,,,ETF,2873,40,2850.5,-47.0,41.834152792,
95828,market_research_2026-04-04_21-22-29_live_round,f974d41e6f2b44c69df8c990afaf26d2,2026-04-05T02:32:29.720125+00:00,1775356349720125000,172060046840750,1525,,,ETF,2873,20,2850.5,-45.0,41.882195167,
95829,market_research_2026-04-04_21-22-29_live_round,f974d41e6f2b44c69df8c990afaf26d2,2026-04-05T02:32:29.720243+00:00,1775356349720243000,172060046959333,1525,,,ETF,2872,80,2850.5,-45.0,41.88231375,
95895,market_research_2026-04-04_21-22-29_live_round,f974d41e6f2b44c69df8c990afaf26d2,2026-04-05T02:32:30.376449+00:00,1775356350376449000,172060703167041,1525,,,ETF,2871,40,2821.5,-99.0,42.538521458,
95900,market_research_2026-04-04_21-22-29_live_round,f974d41e6f2b44c69df8c990afaf26d2,2026-04-05T02:32:30.418085+00:00,1775356350418085000,172060744803208,1525,,,ETF,2871,60,2822.0,-98.0,42.580157625,
95905,market_research_2026-04-04_21-22-29_live_round,f974d41e6f2b44c69df8c990afaf26d2,2026-04-05T02:32:30.459067+00:00,1775356350459067000,172060785785000,1525,,,ETF,2819,40,2796.5,-45.0,42.621139417,
95906,market_research_2026-04-04_21-22-29_live_round,f974d41e6f2b44c69df8c990afaf26d2,2026-04-05T02:32:30.459188+00:00,1775356350459188000,172060785906125,1525,,,ETF,2818,40,2796.5,-45.0,42.621260542,
95912,market_research_2026-04-04_21-22-29_live_round,f974d41e6f2b44c69df8c990afaf26d2,2026-04-05T02:32:30.508751+00:00,1775356350508751000,172060835469583,1525,,,ETF,2818,20,2796.5,-43.0,42.670824,
95913,market_research_2026-04-04_21-22-29_live_round,f974d41e6f2b44c69df8c990afaf26d2,2026-04-05T02:32:30.512007+00:00,1775356350512007000,172060838725500,1525,,,ETF,2817,80,2796.5,-43.0,42.674079917,
95979,market_research_2026-04-04_21-22-29_live_round,f974d41e6f2b44c69df8c990afaf26d2,2026-04-05T02:32:31.155217+00:00,1775356351155217000,172061481937375,1525,,,ETF,2816,40,2799.0,-34.0,43.317291792,
95984,market_research_2026-04-04_21-22-29_live_round,f974d41e6f2b44c69df8c990afaf26d2,2026-04-05T02:32:31.195981+00:00,1775356351195981000,172061522700750,1525,,,ETF,2816,60,2799.5,-33.0,43.358055167,
96238,market_research_2026-04-04_21-22-29_live_round,f974d41e6f2b44c69df8c990afaf26d2,2026-04-05T02:32:33.929972+00:00,1775356353929972000,172064256699916,1525,,,ETF,2790,40,2790.0,0.0,46.092054333,
96776,market_research_2026-04-04_21-22-29_live_round,f974d41e6f2b44c69df8c990afaf26d2,2026-04-05T02:32:39.599775+00:00,1775356359599775000,172069926517583,1525,,,ETF,2781,40,2781.0,0.0,51.761872,
96842,market_research_2026-04-04_21-22-29_live_round,f974d41e6f2b44c69df8c990afaf26d2,2026-04-05T02:32:40.270528+00:00,1775356360270528000,172070597271958,1525,,,ETF,2784,40,2788.5,-9.0,52.432626375,
96847,market_research_2026-04-04_21-22-29_live_round,f974d41e6f2b44c69df8c990afaf26d2,2026-04-05T02:32:40.311724+00:00,1775356360311724000,172070638468625,1525,,,ETF,2784,60,2788.0,-8.0,52.473823042,
96852,market_research_2026-04-04_21-22-29_live_round,f974d41e6f2b44c69df8c990afaf26d2,2026-04-05T02:32:40.350678+00:00,1775356360350678000,172070677422875,1525,,,ETF,2787,40,2789.0,-4.0,52.512777292,
96853,market_research_2026-04-04_21-22-29_live_round,f974d41e6f2b44c69df8c990afaf26d2,2026-04-05T02:32:40.350797+00:00,1775356360350797000,172070677541833,1525,,,ETF,2788,40,2789.0,-4.0,52.51289625,
96863,market_research_2026-04-04_21-22-29_live_round,f974d41e6f2b44c69df8c990afaf26d2,2026-04-05T02:32:40.449146+00:00,1775356360449146000,172070775890416,1525,,,ETF,2788,20,2789.0,-2.0,52.611244833,
96864,market_research_2026-04-04_21-22-29_live_round,f974d41e6f2b44c69df8c990afaf26d2,2026-04-05T02:32:40.449295+00:00,1775356360449295000,172070776039666,1525,,,ETF,2789,80,2789.0,-2.0,52.611394083,
96921,market_research_2026-04-04_21-22-29_live_round,f974d41e6f2b44c69df8c990afaf26d2,2026-04-05T02:32:41.022260+00:00,1775356361022260000,172071349006875,1525,,,ETF,2790,40,2794.5,-9.0,53.184361292,
96926,market_research_2026-04-04_21-22-29_live_round,f974d41e6f2b44c69df8c990afaf26d2,2026-04-05T02:32:41.060947+00:00,1775356361060947000,172071387693708,1525,,,ETF,2790,60,2794.0,-8.0,53.223048125,
97188,market_research_2026-04-04_21-22-29_live_round,f974d41e6f2b44c69df8c990afaf26d2,2026-04-05T02:32:43.741660+00:00,1775356363741660000,172074068413625,1525,,,ETF,2809,40,2811.0,-4.0,55.903768042,
97189,market_research_2026-04-04_21-22-29_live_round,f974d41e6f2b44c69df8c990afaf26d2,2026-04-05T02:32:43.741805+00:00,1775356363741805000,172074068559125,1525,,,ETF,2810,60,2811.0,-4.0,55.903913542,
97190,market_research_2026-04-04_21-22-29_live_round,f974d41e6f2b44c69df8c990afaf26d2,2026-04-05T02:32:43.741919+00:00,1775356363741919000,172074068672791,1525,,,ETF,2811,80,2811.0,-4.0,55.904027208,
97191,market_research_2026-04-04_21-22-29_live_round,f974d41e6f2b44c69df8c990afaf26d2,2026-04-05T02:32:43.742028+00:00,1775356363742028000,172074068781833,1525,,,ETF,2812,20,2811.0,-4.0,55.90413625,
97660,market_research_2026-04-04_21-22-29_live_round,f974d41e6f2b44c69df8c990afaf26d2,2026-04-05T02:32:48.701005+00:00,1775356368701005000,172079027771833,1525,,,ETF,2806,40,2802.5,-7.0,60.86312625,
97665,market_research_2026-04-04_21-22-29_live_round,f974d41e6f2b44c69df8c990afaf26d2,2026-04-05T02:32:48.743074+00:00,1775356368743074000,172079069841250,1525,,,ETF,2805,60,2802.5,-5.0,60.905195667,
97670,market_research_2026-04-04_21-22-29_live_round,f974d41e6f2b44c69df8c990afaf26d2,2026-04-05T02:32:48.784544+00:00,1775356368784544000,172079111310791,1525,,,ETF,2804,80,2802.5,-3.0,60.946665208,
97675,market_research_2026-04-04_21-22-29_live_round,f974d41e6f2b44c69df8c990afaf26d2,2026-04-05T02:32:48.824468+00:00,1775356368824468000,172079151235041,1525,,,ETF,2803,100,2802.5,-1.0,60.986589458,
97931,market_research_2026-04-04_21-22-29_live_round,f974d41e6f2b44c69df8c990afaf26d2,2026-04-05T02:32:51.475907+00:00,1775356371475907000,172081802681375,1525,,,ETF,2805,40,2805.0,0.0,63.638035792,
98136,market_research_2026-04-04_21-22-29_live_round,f974d41e6f2b44c69df8c990afaf26d2,2026-04-05T02:32:53.626194+00:00,1775356373626194000,172083952973833,1525,,,ETF,2795,40,2794.0,-2.0,65.78832825,
98141,market_research_2026-04-04_21-22-29_live_round,f974d41e6f2b44c69df8c990afaf26d2,2026-04-05T02:32:53.667461+00:00,1775356373667461000,172083994240833,1525,,,ETF,2794,60,2794.0,0.0,65.82959525,
98208,market_research_2026-04-04_21-22-29_live_round,f974d41e6f2b44c69df8c990afaf26d2,2026-04-05T02:32:54.385552+00:00,1775356374385552000,172084712334083,1525,,,ETF,2792,40,2784.0,-16.0,66.5476885,
98213,market_research_2026-04-04_21-22-29_live_round,f974d41e6f2b44c69df8c990afaf26d2,2026-04-05T02:32:54.426957+00:00,1775356374426957000,172084753738791,1525,,,ETF,2792,60,2784.5,-15.0,66.589093208,
98218,market_research_2026-04-04_21-22-29_live_round,f974d41e6f2b44c69df8c990afaf26d2,2026-04-05T02:32:54.466311+00:00,1775356374466311000,172084793092958,1525,,,ETF,2787,40,2782.5,-9.0,66.628447375,
98219,market_research_2026-04-04_21-22-29_live_round,f974d41e6f2b44c69df8c990afaf26d2,2026-04-05T02:32:54.466430+00:00,1775356374466430000,172084793212750,1525,,,ETF,2786,40,2782.5,-9.0,66.628567167,
98225,market_research_2026-04-04_21-22-29_live_round,f974d41e6f2b44c69df8c990afaf26d2,2026-04-05T02:32:54.514940+00:00,1775356374514940000,172084841722500,1525,,,ETF,2786,20,2782.5,-7.0,66.677076917,
98226,market_research_2026-04-04_21-22-29_live_round,f974d41e6f2b44c69df8c990afaf26d2,2026-04-05T02:32:54.518057+00:00,1775356374518057000,172084844839375,1525,,,ETF,2785,80,2782.5,-7.0,66.680193792,
98346,market_research_2026-04-04_21-22-29_live_round,f974d41e6f2b44c69df8c990afaf26d2,2026-04-05T02:32:55.749278+00:00,1775356375749278000,172086076063416,1525,,,ETF,2787,40,2787.0,0.0,67.911417833,
98417,market_research_2026-04-04_21-22-29_live_round,f974d41e6f2b44c69df8c990afaf26d2,2026-04-05T02:32:56.464291+00:00,1775356376464291000,172086791078250,1525,,,ETF,2785,40,2785.5,-1.0,68.626432667,
98483,market_research_2026-04-04_21-22-29_live_round,f974d41e6f2b44c69df8c990afaf26d2,2026-04-05T02:32:57.130788+00:00,1775356377130788000,172087457577791,1525,,,ETF,2788,100,2798.5,-21.0,69.292932208,
98484,market_research_2026-04-04_21-22-29_live_round,f974d41e6f2b44c69df8c990afaf26d2,2026-04-05T02:32:57.130921+00:00,1775356377130921000,172087457710291,1525,,,ETF,2792,40,2798.5,-21.0,69.293064708,
98485,market_research_2026-04-04_21-22-29_live_round,f974d41e6f2b44c69df8c990afaf26d2,2026-04-05T02:32:57.131035+00:00,1775356377131035000,172087457824083,1525,,,ETF,2793,60,2798.5,-21.0,69.2931785,
98491,market_research_2026-04-04_21-22-29_live_round,f974d41e6f2b44c69df8c990afaf26d2,2026-04-05T02:32:57.183349+00:00,1775356377183349000,172087510138500,1525,,,ETF,2794,40,2797.5,-7.0,69.345492917,
98496,market_research_2026-04-04_21-22-29_live_round,f974d41e6f2b44c69df8c990afaf26d2,2026-04-05T02:32:57.223921+00:00,1775356377223921000,172087550710791,1525,,,ETF,2794,40,2797.0,-6.0,69.386065208,
98497,market_research_2026-04-04_21-22-29_live_round,f974d41e6f2b44c69df8c990afaf26d2,2026-04-05T02:32:57.224047+00:00,1775356377224047000,172087550837083,1525,,,ETF,2795,20,2797.0,-6.0,69.3861915,
98503,market_research_2026-04-04_21-22-29_live_round,f974d41e6f2b44c69df8c990afaf26d2,2026-04-05T02:32:57.269152+00:00,1775356377269152000,172087595942250,1525,,,ETF,2795,80,2797.0,-4.0,69.431296667,
98629,market_research_2026-04-04_21-22-29_live_round,f974d41e6f2b44c69df8c990afaf26d2,2026-04-05T02:32:58.562026+00:00,1775356378562026000,172088888819666,1525,,,ETF,2807,40,2807.5,-1.0,70.724174083,
98695,market_research_2026-04-04_21-22-29_live_round,f974d41e6f2b44c69df8c990afaf26d2,2026-04-05T02:32:59.228351+00:00,1775356379228351000,172089555146041,1525,,,ETF,2810,40,2815.0,-10.0,71.390500458,
98700,market_research_2026-04-04_21-22-29_live_round,f974d41e6f2b44c69df8c990afaf26d2,2026-04-05T02:32:59.268830+00:00,1775356379268830000,172089595625083,1525,,,ETF,2810,60,2814.5,-9.0,71.4309795,
98705,market_research_2026-04-04_21-22-29_live_round,f974d41e6f2b44c69df8c990afaf26d2,2026-04-05T02:32:59.310357+00:00,1775356379310357000,172089637152208,1525,,,ETF,2814,40,2816.0,-4.0,71.472506625,
98706,market_research_2026-04-04_21-22-29_live_round,f974d41e6f2b44c69df8c990afaf26d2,2026-04-05T02:32:59.313669+00:00,1775356379313669000,172089640464083,1525,,,ETF,2815,40,2816.0,-4.0,71.4758185,
98712,market_research_2026-04-04_21-22-29_live_round,f974d41e6f2b44c69df8c990afaf26d2,2026-04-05T02:32:59.365083+00:00,1775356379365083000,172089691878916,1525,,,ETF,2815,20,2816.0,-2.0,71.527233333,
98713,market_research_2026-04-04_21-22-29_live_round,f974d41e6f2b44c69df8c990afaf26d2,2026-04-05T02:32:59.365203+00:00,1775356379365203000,172089691998791,1525,,,ETF,2816,80,2816.0,-2.0,71.527353208,
98903,market_research_2026-04-04_21-22-29_live_round,f974d41e6f2b44c69df8c990afaf26d2,2026-04-05T02:33:01.385425+00:00,1775356381385425000,172091712225666,1525,,,ETF,2812,40,2809.0,-6.0,73.547580083,
98908,market_research_2026-04-04_21-22-29_live_round,f974d41e6f2b44c69df8c990afaf26d2,2026-04-05T02:33:01.429994+00:00,1775356381429994000,172091756794708,1525,,,ETF,2812,60,2809.5,-5.0,73.592149125,
98913,market_research_2026-04-04_21-22-29_live_round,f974d41e6f2b44c69df8c990afaf26d2,2026-04-05T02:33:01.467526+00:00,1775356381467526000,172091794326833,1525,,,ETF,2812,40,2810.0,-4.0,73.62968125,
98914,market_research_2026-04-04_21-22-29_live_round,f974d41e6f2b44c69df8c990afaf26d2,2026-04-05T02:33:01.467650+00:00,1775356381467650000,172091794451416,1525,,,ETF,2811,40,2810.0,-4.0,73.629805833,
98920,market_research_2026-04-04_21-22-29_live_round,f974d41e6f2b44c69df8c990afaf26d2,2026-04-05T02:33:01.521136+00:00,1775356381521136000,172091847937208,1525,,,ETF,2811,20,2810.0,-2.0,73.683291625,
98921,market_research_2026-04-04_21-22-29_live_round,f974d41e6f2b44c69df8c990afaf26d2,2026-04-05T02:33:01.521258+00:00,1775356381521258000,172091848059291,1525,,,ETF,2810,80,2810.0,-2.0,73.683413708,
98985,market_research_2026-04-04_21-22-29_live_round,f974d41e6f2b44c69df8c990afaf26d2,2026-04-05T02:33:02.179593+00:00,1775356382179593000,172092506396250,1525,,,ETF,2809,40,2801.5,-15.0,74.341750667,
98990,market_research_2026-04-04_21-22-29_live_round,f974d41e6f2b44c69df8c990afaf26d2,2026-04-05T02:33:02.215262+00:00,1775356382215262000,172092542064916,1525,,,ETF,2809,60,2802.0,-14.0,74.377419333,
98995,market_research_2026-04-04_21-22-29_live_round,f974d41e6f2b44c69df8c990afaf26d2,2026-04-05T02:33:02.253817+00:00,1775356382253817000,172092580619791,1525,,,ETF,2800,40,2798.0,-4.0,74.415974208,
98996,market_research_2026-04-04_21-22-29_live_round,f974d41e6f2b44c69df8c990afaf26d2,2026-04-05T02:33:02.257016+00:00,1775356382257016000,172092583819583,1525,,,ETF,2799,40,2798.0,-4.0,74.419174,
99002,market_research_2026-04-04_21-22-29_live_round,f974d41e6f2b44c69df8c990afaf26d2,2026-04-05T02:33:02.304844+00:00,1775356382304844000,172092631647083,1525,,,ETF,2799,20,2798.0,-2.0,74.4670015,
99003,market_research_2026-04-04_21-22-29_live_round,f974d41e6f2b44c69df8c990afaf26d2,2026-04-05T02:33:02.304961+00:00,1775356382304961000,172092631764291,1525,,,ETF,2798,80,2798.0,-2.0,74.467118708,
99062,market_research_2026-04-04_21-22-29_live_round,f974d41e6f2b44c69df8c990afaf26d2,2026-04-05T02:33:02.913529+00:00,1775356382913529000,172093240333458,1525,,,ETF,2797,40,2795.0,-4.0,75.075687875,
99067,market_research_2026-04-04_21-22-29_live_round,f974d41e6f2b44c69df8c990afaf26d2,2026-04-05T02:33:02.952471+00:00,1775356382952471000,172093279275791,1525,,,ETF,2797,60,2795.5,-3.0,75.114630208,
99391,market_research_2026-04-04_21-22-29_live_round,f974d41e6f2b44c69df8c990afaf26d2,2026-04-05T02:33:06.302474+00:00,1775356386302474000,172096629287791,1525,,,ETF,2800,40,2802.5,-5.0,78.464642208,
99396,market_research_2026-04-04_21-22-29_live_round,f974d41e6f2b44c69df8c990afaf26d2,2026-04-05T02:33:06.344145+00:00,1775356386344145000,172096670958833,1525,,,ETF,2800,60,2802.0,-4.0,78.50631325,
99401,market_research_2026-04-04_21-22-29_live_round,f974d41e6f2b44c69df8c990afaf26d2,2026-04-05T02:33:06.384078+00:00,1775356386384078000,172096710891708,1525,,,ETF,2801,40,2802.0,-2.0,78.546246125,
99402,market_research_2026-04-04_21-22-29_live_round,f974d41e6f2b44c69df8c990afaf26d2,2026-04-05T02:33:06.384201+00:00,1775356386384201000,172096711015083,1525,,,ETF,2802,40,2802.0,-2.0,78.5463695,
99408,market_research_2026-04-04_21-22-29_live_round,f974d41e6f2b44c69df8c990afaf26d2,2026-04-05T02:33:06.429271+00:00,1775356386429271000,172096756084791,1525,,,ETF,2802,20,2802.0,0.0,78.591439208,
99479,market_research_2026-04-04_21-22-29_live_round,f974d41e6f2b44c69df8c990afaf26d2,2026-04-05T02:33:07.135071+00:00,1775356387135071000,172097461886916,1525,,,ETF,2802,40,2802.0,0.0,79.297241333,
99540,market_research_2026-04-04_21-22-29_live_round,f974d41e6f2b44c69df8c990afaf26d2,2026-04-05T02:33:07.761061+00:00,1775356387761061000,172098087878750,1525,,,ETF,2802,40,2798.0,-8.0,79.923233167,
99545,market_research_2026-04-04_21-22-29_live_round,f974d41e6f2b44c69df8c990afaf26d2,2026-04-05T02:33:07.806026+00:00,1775356387806026000,172098132844375,1525,,,ETF,2796,40,2795.5,-1.0,79.968198792,
99546,market_research_2026-04-04_21-22-29_live_round,f974d41e6f2b44c69df8c990afaf26d2,2026-04-05T02:33:07.806161+00:00,1775356387806161000,172098132979291,1525,,,ETF,2795,20,2795.5,-1.0,79.968333708,
99613,market_research_2026-04-04_21-22-29_live_round,f974d41e6f2b44c69df8c990afaf26d2,2026-04-05T02:33:08.503860+00:00,1775356388503860000,172098830679583,1525,,,ETF,2793,40,2791.0,-4.0,80.666034,
99618,market_research_2026-04-04_21-22-29_live_round,f974d41e6f2b44c69df8c990afaf26d2,2026-04-05T02:33:08.545057+00:00,1775356388545057000,172098871876541,1525,,,ETF,2793,60,2791.5,-3.0,80.707230958,
99684,market_research_2026-04-04_21-22-29_live_round,f974d41e6f2b44c69df8c990afaf26d2,2026-04-05T02:33:09.230002+00:00,1775356389230002000,172099556823458,1525,,,ETF,2785,40,2782.0,-6.0,81.392177875,
99689,market_research_2026-04-04_21-22-29_live_round,f974d41e6f2b44c69df8c990afaf26d2,2026-04-05T02:33:09.268963+00:00,1775356389268963000,172099595785125,1525,,,ETF,2785,60,2782.5,-5.0,81.431139542,
99694,market_research_2026-04-04_21-22-29_live_round,f974d41e6f2b44c69df8c990afaf26d2,2026-04-05T02:33:09.307674+00:00,1775356389307674000,172099634496250,1525,,,ETF,2783,40,2782.0,-2.0,81.469850667,
99695,market_research_2026-04-04_21-22-29_live_round,f974d41e6f2b44c69df8c990afaf26d2,2026-04-05T02:33:09.307794+00:00,1775356389307794000,172099634616291,1525,,,ETF,2782,40,2782.0,-2.0,81.469970708,
99701,market_research_2026-04-04_21-22-29_live_round,f974d41e6f2b44c69df8c990afaf26d2,2026-04-05T02:33:09.356338+00:00,1775356389356338000,172099683160458,1525,,,ETF,2782,20,2782.0,0.0,81.518514875,
99757,market_research_2026-04-04_21-22-29_live_round,f974d41e6f2b44c69df8c990afaf26d2,2026-04-05T02:33:09.932073+00:00,1775356389932073000,172100258896125,1525,,,ETF,2780,40,2779.0,-2.0,82.094250542,
99762,market_research_2026-04-04_21-22-29_live_round,f974d41e6f2b44c69df8c990afaf26d2,2026-04-05T02:33:09.970819+00:00,1775356389970819000,172100297643000,1525,,,ETF,2780,60,2779.5,-1.0,82.132997417,
99957,market_research_2026-04-04_21-22-29_live_round,f974d41e6f2b44c69df8c990afaf26d2,2026-04-05T02:33:11.971563+00:00,1775356391971563000,172102298392375,1525,,,ETF,2784,40,2785.0,-2.0,84.133746792,
99962,market_research_2026-04-04_21-22-29_live_round,f974d41e6f2b44c69df8c990afaf26d2,2026-04-05T02:33:12.013214+00:00,1775356392013214000,172102340042875,1525,,,ETF,2784,60,2784.5,-1.0,84.175397292,
99967,market_research_2026-04-04_21-22-29_live_round,f974d41e6f2b44c69df8c990afaf26d2,2026-04-05T02:33:12.054604+00:00,1775356392054604000,172102381433458,1525,,,ETF,2784,40,2784.0,0.0,84.216787875,
100165,market_research_2026-04-04_21-22-29_live_round,f974d41e6f2b44c69df8c990afaf26d2,2026-04-05T02:33:14.116028+00:00,1775356394116028000,172104442863083,1525,,,ETF,2790,40,2790.0,0.0,86.2782175,
100235,market_research_2026-04-04_21-22-29_live_round,f974d41e6f2b44c69df8c990afaf26d2,2026-04-05T02:33:14.848583+00:00,1775356394848583000,172105175419916,1525,,,ETF,2787,40,2783.5,-7.0,87.010774333,
100240,market_research_2026-04-04_21-22-29_live_round,f974d41e6f2b44c69df8c990afaf26d2,2026-04-05T02:33:14.890041+00:00,1775356394890041000,172105216877750,1525,,,ETF,2787,60,2784.0,-6.0,87.052232167,
100245,market_research_2026-04-04_21-22-29_live_round,f974d41e6f2b44c69df8c990afaf26d2,2026-04-05T02:33:14.929851+00:00,1775356394929851000,172105256688333,1525,,,ETF,2784,40,2783.0,-2.0,87.09204275,
100246,market_research_2026-04-04_21-22-29_live_round,f974d41e6f2b44c69df8c990afaf26d2,2026-04-05T02:33:14.929970+00:00,1775356394929970000,172105256806791,1525,,,ETF,2783,40,2783.0,-2.0,87.092161208,
100252,market_research_2026-04-04_21-22-29_live_round,f974d41e6f2b44c69df8c990afaf26d2,2026-04-05T02:33:14.978354+00:00,1775356394978354000,172105305190875,1525,,,ETF,2783,20,2783.0,0.0,87.140545292,
100709,market_research_2026-04-04_21-22-29_live_round,f974d41e6f2b44c69df8c990afaf26d2,2026-04-05T02:33:19.754539+00:00,1775356399754539000,172110081389291,1525,,,ETF,2779,40,2780.0,-2.0,91.916743708,
100714,market_research_2026-04-04_21-22-29_live_round,f974d41e6f2b44c69df8c990afaf26d2,2026-04-05T02:33:19.796769+00:00,1775356399796769000,172110123618500,1525,,,ETF,2780,60,2780.0,0.0,91.958972917,
100777,market_research_2026-04-04_21-22-29_live_round,f974d41e6f2b44c69df8c990afaf26d2,2026-04-05T02:33:20.446176+00:00,1775356400446176000,172110773028041,1525,,,ETF,2782,40,2785.5,-7.0,92.608382458,
100782,market_research_2026-04-04_21-22-29_live_round,f974d41e6f2b44c69df8c990afaf26d2,2026-04-05T02:33:20.491098+00:00,1775356400491098000,172110817950250,1525,,,ETF,2782,60,2785.0,-6.0,92.653304667,
100787,market_research_2026-04-04_21-22-29_live_round,f974d41e6f2b44c69df8c990afaf26d2,2026-04-05T02:33:20.532642+00:00,1775356400532642000,172110859494125,1525,,,ETF,2787,40,2787.0,0.0,92.694848542,
100851,market_research_2026-04-04_21-22-29_live_round,f974d41e6f2b44c69df8c990afaf26d2,2026-04-05T02:33:21.194549+00:00,1775356401194549000,172111521402333,1525,,,ETF,2787,40,2786.0,-2.0,93.35675675,
100856,market_research_2026-04-04_21-22-29_live_round,f974d41e6f2b44c69df8c990afaf26d2,2026-04-05T02:33:21.235252+00:00,1775356401235252000,172111562106000,1525,,,ETF,2786,60,2786.0,0.0,93.397460417,
101051,market_research_2026-04-04_21-22-29_live_round,f974d41e6f2b44c69df8c990afaf26d2,2026-04-05T02:33:23.284499+00:00,1775356403284499000,172113611358416,1525,,,ETF,2786,40,2786.0,0.0,95.446712833,
101252,market_research_2026-04-04_21-22-29_live_round,f974d41e6f2b44c69df8c990afaf26d2,2026-04-05T02:33:25.362006+00:00,1775356405362006000,172115688870416,1525,,,ETF,2792,40,2794.5,-5.0,97.524224833,
101257,market_research_2026-04-04_21-22-29_live_round,f974d41e6f2b44c69df8c990afaf26d2,2026-04-05T02:33:25.403756+00:00,1775356405403756000,172115730621041,1525,,,ETF,2792,60,2794.0,-4.0,97.565975458,
101262,market_research_2026-04-04_21-22-29_live_round,f974d41e6f2b44c69df8c990afaf26d2,2026-04-05T02:33:25.444921+00:00,1775356405444921000,172115771785791,1525,,,ETF,2794,40,2794.5,-1.0,97.607140208,
101263,market_research_2026-04-04_21-22-29_live_round,f974d41e6f2b44c69df8c990afaf26d2,2026-04-05T02:33:25.445046+00:00,1775356405445046000,172115771911166,1525,,,ETF,2795,40,2794.5,-1.0,97.607265583,
101337,market_research_2026-04-04_21-22-29_live_round,f974d41e6f2b44c69df8c990afaf26d2,2026-04-05T02:33:26.193346+00:00,1775356406193346000,172116520212458,1525,,,ETF,2794,40,2793.5,-1.0,98.355566875,
101342,market_research_2026-04-04_21-22-29_live_round,f974d41e6f2b44c69df8c990afaf26d2,2026-04-05T02:33:26.232377+00:00,1775356406232377000,172116559244458,1525,,,ETF,2794,60,2794.0,0.0,98.394598875,
101535,market_research_2026-04-04_21-22-29_live_round,f974d41e6f2b44c69df8c990afaf26d2,2026-04-05T02:33:28.691586+00:00,1775356408691586000,172119018459791,1525,,,ETF,2792,40,2789.5,-5.0,100.853814208,
101540,market_research_2026-04-04_21-22-29_live_round,f974d41e6f2b44c69df8c990afaf26d2,2026-04-05T02:33:28.737375+00:00,1775356408737375000,172119064248708,1525,,,ETF,2791,60,2789.5,-3.0,100.899603125,
101545,market_research_2026-04-04_21-22-29_live_round,f974d41e6f2b44c69df8c990afaf26d2,2026-04-05T02:33:28.782689+00:00,1775356408782689000,172119109562583,1525,,,ETF,2790,80,2789.5,-1.0,100.944917,
101673,market_research_2026-04-04_21-22-29_live_round,f974d41e6f2b44c69df8c990afaf26d2,2026-04-05T02:33:30.829254+00:00,1775356410829254000,172121156132666,1525,,,ETF,2790,40,2790.0,0.0,102.991487083,
101744,market_research_2026-04-04_21-22-29_live_round,f974d41e6f2b44c69df8c990afaf26d2,2026-04-05T02:33:31.714245+00:00,1775356411714245000,172122041126500,1525,,,ETF,2796,40,2799.5,-7.0,103.876480917,
101749,market_research_2026-04-04_21-22-29_live_round,f974d41e6f2b44c69df8c990afaf26d2,2026-04-05T02:33:31.749326+00:00,1775356411749326000,172122076207958,1525,,,ETF,2797,60,2799.5,-5.0,103.911562375,
101754,market_research_2026-04-04_21-22-29_live_round,f974d41e6f2b44c69df8c990afaf26d2,2026-04-05T02:33:31.787723+00:00,1775356411787723000,172122114604625,1525,,,ETF,2797,40,2799.0,-4.0,103.949959042,
101755,market_research_2026-04-04_21-22-29_live_round,f974d41e6f2b44c69df8c990afaf26d2,2026-04-05T02:33:31.787851+00:00,1775356411787851000,172122114732666,1525,,,ETF,2797,40,2799.0,-4.0,103.950087083,
101760,market_research_2026-04-04_21-22-29_live_round,f974d41e6f2b44c69df8c990afaf26d2,2026-04-05T02:33:31.823345+00:00,1775356411823345000,172122150226750,1525,,,ETF,2797,20,2798.5,-3.0,103.985581167,
101761,market_research_2026-04-04_21-22-29_live_round,f974d41e6f2b44c69df8c990afaf26d2,2026-04-05T02:33:31.823476+00:00,1775356411823476000,172122150357791,1525,,,ETF,2798,80,2798.5,-3.0,103.985712208,
101818,market_research_2026-04-04_21-22-29_live_round,f974d41e6f2b44c69df8c990afaf26d2,2026-04-05T02:33:32.407121+00:00,1775356412407121000,172122734004208,1525,,,ETF,2799,40,2801.0,-4.0,104.569358625,
101827,market_research_2026-04-04_21-22-29_live_round,f974d41e6f2b44c69df8c990afaf26d2,2026-04-05T02:33:32.497609+00:00,1775356412497609000,172122824492916,1525,,,ETF,2799,60,2800.5,-3.0,104.659847333,
101889,market_research_2026-04-04_21-22-29_live_round,f974d41e6f2b44c69df8c990afaf26d2,2026-04-05T02:33:33.310859+00:00,1775356413310859000,172123637744541,1525,,,ETF,2801,40,2797.5,-7.0,105.473098958,
101894,market_research_2026-04-04_21-22-29_live_round,f974d41e6f2b44c69df8c990afaf26d2,2026-04-05T02:33:33.362824+00:00,1775356413362824000,172123689710416,1525,,,ETF,2801,40,2798.0,-6.0,105.525064833,
101895,market_research_2026-04-04_21-22-29_live_round,f974d41e6f2b44c69df8c990afaf26d2,2026-04-05T02:33:33.362986+00:00,1775356413362986000,172123689871833,1525,,,ETF,2800,20,2798.0,-6.0,105.52522625,
101901,market_research_2026-04-04_21-22-29_live_round,f974d41e6f2b44c69df8c990afaf26d2,2026-04-05T02:33:33.416156+00:00,1775356413416156000,172123743042041,1525,,,ETF,2800,80,2798.0,-4.0,105.578396458,
101965,market_research_2026-04-04_21-22-29_live_round,f974d41e6f2b44c69df8c990afaf26d2,2026-04-05T02:33:34.104945+00:00,1775356414104945000,172124431832666,1525,,,ETF,2797,40,2798.0,-2.0,106.267187083,
101970,market_research_2026-04-04_21-22-29_live_round,f974d41e6f2b44c69df8c990afaf26d2,2026-04-05T02:33:34.140469+00:00,1775356414140469000,172124467357250,1525,,,ETF,2797,60,2797.5,-1.0,106.302711667,
102164,market_research_2026-04-04_21-22-29_live_round,f974d41e6f2b44c69df8c990afaf26d2,2026-04-05T02:33:36.145936+00:00,1775356416145936000,172126472828916,1650,,,ETF,2795,40,2793.5,-3.0,0.043437625,
102169,market_research_2026-04-04_21-22-29_live_round,f974d41e6f2b44c69df8c990afaf26d2,2026-04-05T02:33:36.189005+00:00,1775356416189005000,172126515898125,1650,,,ETF,2794,60,2793.5,-1.0,0.086506834,
102174,market_research_2026-04-04_21-22-29_live_round,f974d41e6f2b44c69df8c990afaf26d2,2026-04-05T02:33:36.223823+00:00,1775356416223823000,172126550716833,1650,,,ETF,2794,80,2794.0,0.0,0.121325542,
102369,market_research_2026-04-04_21-22-29_live_round,f974d41e6f2b44c69df8c990afaf26d2,2026-04-05T02:33:38.406358+00:00,1775356418406358000,172128733257666,1650,,,ETF,2793,40,2793.5,-1.0,2.303866375,
102439,market_research_2026-04-04_21-22-29_live_round,f974d41e6f2b44c69df8c990afaf26d2,2026-04-05T02:33:39.335263+00:00,1775356419335263000,172129662164291,1650,,,ETF,2796,40,2798.0,-4.0,3.232773,
102444,market_research_2026-04-04_21-22-29_live_round,f974d41e6f2b44c69df8c990afaf26d2,2026-04-05T02:33:39.399706+00:00,1775356419399706000,172129726607458,1650,,,ETF,2796,60,2797.5,-3.0,3.297216167,
102778,market_research_2026-04-04_21-22-29_live_round,f974d41e6f2b44c69df8c990afaf26d2,2026-04-05T02:33:43.297954+00:00,1775356423297954000,172133624866250,1650,,,ETF,2800,40,2798.0,-4.0,7.195474959,
102783,market_research_2026-04-04_21-22-29_live_round,f974d41e6f2b44c69df8c990afaf26d2,2026-04-05T02:33:43.345924+00:00,1775356423345924000,172133672836958,1650,,,ETF,2799,60,2798.0,-2.0,7.243445667,
102788,market_research_2026-04-04_21-22-29_live_round,f974d41e6f2b44c69df8c990afaf26d2,2026-04-05T02:33:43.380108+00:00,1775356423380108000,172133707021166,1650,,,ETF,2798,80,2798.0,0.0,7.277629875,
102848,market_research_2026-04-04_21-22-29_live_round,f974d41e6f2b44c69df8c990afaf26d2,2026-04-05T02:33:43.980768+00:00,1775356423980768000,172134307682500,1650,,,ETF,2797,40,2795.5,-3.0,7.878291209,
102853,market_research_2026-04-04_21-22-29_live_round,f974d41e6f2b44c69df8c990afaf26d2,2026-04-05T02:33:44.022453+00:00,1775356424022453000,172134349367458,1650,,,ETF,2797,60,2796.0,-2.0,7.919976167,
102984,market_research_2026-04-04_21-22-29_live_round,f974d41e6f2b44c69df8c990afaf26d2,2026-04-05T02:33:45.265736+00:00,1775356425265736000,172135592654083,1650,,,ETF,2786,40,2784.0,-4.0,9.163262792,
102989,market_research_2026-04-04_21-22-29_live_round,f974d41e6f2b44c69df8c990afaf26d2,2026-04-05T02:33:45.315071+00:00,1775356425315071000,172135641988875,1650,,,ETF,2785,60,2784.0,-2.0,9.212597584,
102994,market_research_2026-04-04_21-22-29_live_round,f974d41e6f2b44c69df8c990afaf26d2,2026-04-05T02:33:45.359992+00:00,1775356425359992000,172135686909708,1650,,,ETF,2785,80,2784.5,-1.0,9.257518417,
102999,market_research_2026-04-04_21-22-29_live_round,f974d41e6f2b44c69df8c990afaf26d2,2026-04-05T02:33:45.396362+00:00,1775356425396362000,172135723280625,1650,,,ETF,2785,20,2785.0,0.0,9.293889334,
103197,market_research_2026-04-04_21-22-29_live_round,f974d41e6f2b44c69df8c990afaf26d2,2026-04-05T02:33:47.700813+00:00,1775356427700813000,172138027736750,1650,,,ETF,2784,40,2782.0,-4.0,11.598345459,
103202,market_research_2026-04-04_21-22-29_live_round,f974d41e6f2b44c69df8c990afaf26d2,2026-04-05T02:33:47.742361+00:00,1775356427742361000,172138069285125,1650,,,ETF,2783,60,2782.0,-2.0,11.639893834,
103207,market_research_2026-04-04_21-22-29_live_round,f974d41e6f2b44c69df8c990afaf26d2,2026-04-05T02:33:47.785897+00:00,1775356427785897000,172138112821125,1650,,,ETF,2782,80,2782.0,0.0,11.683429834,
103268,market_research_2026-04-04_21-22-29_live_round,f974d41e6f2b44c69df8c990afaf26d2,2026-04-05T02:33:48.587997+00:00,1775356428587997000,172138914924041,1650,,,ETF,2781,40,2781.0,0.0,12.48553275,
103401,market_research_2026-04-04_21-22-29_live_round,f974d41e6f2b44c69df8c990afaf26d2,2026-04-05T02:33:50.493640+00:00,1775356430493640000,172140820572083,1650,,,ETF,2779,40,2775.5,-7.0,14.391180792,
103406,market_research_2026-04-04_21-22-29_live_round,f974d41e6f2b44c69df8c990afaf26d2,2026-04-05T02:33:50.543001+00:00,1775356430543001000,172140869932916,1650,,,ETF,2778,60,2775.5,-5.0,14.440541625,
103411,market_research_2026-04-04_21-22-29_live_round,f974d41e6f2b44c69df8c990afaf26d2,2026-04-05T02:33:50.580708+00:00,1775356430580708000,172140907639833,1650,,,ETF,2777,80,2775.5,-3.0,14.478248542,
103420,market_research_2026-04-04_21-22-29_live_round,f974d41e6f2b44c69df8c990afaf26d2,2026-04-05T02:33:50.674843+00:00,1775356430674843000,172141001775500,1650,,,ETF,2776,100,2775.5,-1.0,14.572384209,
103541,market_research_2026-04-04_21-22-29_live_round,f974d41e6f2b44c69df8c990afaf26d2,2026-04-05T02:33:51.936313+00:00,1775356431936313000,172142263248208,1650,,,ETF,2773,40,2775.5,-5.0,15.833856917,
103546,market_research_2026-04-04_21-22-29_live_round,f974d41e6f2b44c69df8c990afaf26d2,2026-04-05T02:33:51.972132+00:00,1775356431972132000,172142299067750,1650,,,ETF,2774,60,2775.5,-3.0,15.869676459,
103551,market_research_2026-04-04_21-22-29_live_round,f974d41e6f2b44c69df8c990afaf26d2,2026-04-05T02:33:52.014266+00:00,1775356432014266000,172142341201666,1650,,,ETF,2775,80,2775.5,-1.0,15.911810375,
103610,market_research_2026-04-04_21-22-29_live_round,f974d41e6f2b44c69df8c990afaf26d2,2026-04-05T02:33:52.595789+00:00,1775356432595789000,172142922726250,1650,,,ETF,2776,40,2782.5,-13.0,16.493334959,
103615,market_research_2026-04-04_21-22-29_live_round,f974d41e6f2b44c69df8c990afaf26d2,2026-04-05T02:33:52.635343+00:00,1775356432635343000,172142962281125,1650,,,ETF,2776,60,2782.0,-12.0,16.532889834,
103620,market_research_2026-04-04_21-22-29_live_round,f974d41e6f2b44c69df8c990afaf26d2,2026-04-05T02:33:52.673564+00:00,1775356432673564000,172143000501750,1650,,,ETF,2784,40,2785.5,-3.0,16.571110459,
103621,market_research_2026-04-04_21-22-29_live_round,f974d41e6f2b44c69df8c990afaf26d2,2026-04-05T02:33:52.673688+00:00,1775356432673688000,172143000625916,1650,,,ETF,2785,40,2785.5,-3.0,16.571234625,
103631,market_research_2026-04-04_21-22-29_live_round,f974d41e6f2b44c69df8c990afaf26d2,2026-04-05T02:33:52.770952+00:00,1775356432770952000,172143097890083,1650,,,ETF,2785,20,2785.5,-1.0,16.668498792,
103632,market_research_2026-04-04_21-22-29_live_round,f974d41e6f2b44c69df8c990afaf26d2,2026-04-05T02:33:52.771092+00:00,1775356432771092000,172143098030208,1650,,,ETF,2786,80,2785.5,-1.0,16.668638917,
103952,market_research_2026-04-04_21-22-29_live_round,f974d41e6f2b44c69df8c990afaf26d2,2026-04-05T02:33:56.016102+00:00,1775356436016102000,172146343048583,1650,,,ETF,2790,40,2788.0,-4.0,19.913657292,
103957,market_research_2026-04-04_21-22-29_live_round,f974d41e6f2b44c69df8c990afaf26d2,2026-04-05T02:33:56.061322+00:00,1775356436061322000,172146388268833,1650,,,ETF,2790,60,2788.5,-3.0,19.958877542,
103962,market_research_2026-04-04_21-22-29_live_round,f974d41e6f2b44c69df8c990afaf26d2,2026-04-05T02:33:56.104274+00:00,1775356436104274000,172146431220750,1650,,,ETF,2788,40,2788.0,0.0,20.001829459,
104288,market_research_2026-04-04_21-22-29_live_round,f974d41e6f2b44c69df8c990afaf26d2,2026-04-05T02:33:59.800983+00:00,1775356439800983000,172150127939083,1650,,,ETF,2780,40,2780.5,-1.0,23.698547792,
104558,market_research_2026-04-04_21-22-29_live_round,f974d41e6f2b44c69df8c990afaf26d2,2026-04-05T02:34:02.988954+00:00,1775356442988954000,172153315918666,1650,,,ETF,2783,40,2783.0,0.0,26.886527375,
104629,market_research_2026-04-04_21-22-29_live_round,f974d41e6f2b44c69df8c990afaf26d2,2026-04-05T02:34:03.840827+00:00,1775356443840827000,172154167794791,1650,,,ETF,2782,40,2780.0,-4.0,27.7384035,
104634,market_research_2026-04-04_21-22-29_live_round,f974d41e6f2b44c69df8c990afaf26d2,2026-04-05T02:34:03.884704+00:00,1775356443884704000,172154211671666,1650,,,ETF,2782,20,2780.5,-3.0,27.782280375,
104635,market_research_2026-04-04_21-22-29_live_round,f974d41e6f2b44c69df8c990afaf26d2,2026-04-05T02:34:03.884843+00:00,1775356443884843000,172154211810833,1650,,,ETF,2781,40,2780.5,-3.0,27.782419542,
104641,market_research_2026-04-04_21-22-29_live_round,f974d41e6f2b44c69df8c990afaf26d2,2026-04-05T02:34:03.946344+00:00,1775356443946344000,172154273311708,1650,,,ETF,2781,40,2780.5,-1.0,27.843920417,
104642,market_research_2026-04-04_21-22-29_live_round,f974d41e6f2b44c69df8c990afaf26d2,2026-04-05T02:34:03.946491+00:00,1775356443946491000,172154273459083,1650,,,ETF,2780,40,2780.5,-1.0,27.844067792,
104707,market_research_2026-04-04_21-22-29_live_round,f974d41e6f2b44c69df8c990afaf26d2,2026-04-05T02:34:04.640755+00:00,1775356444640755000,172154967724916,1650,,,ETF,2780,40,2780.0,0.0,28.538333625,
104980,market_research_2026-04-04_21-22-29_live_round,f974d41e6f2b44c69df8c990afaf26d2,2026-04-05T02:34:07.770947+00:00,1775356447770947000,172158097923541,1650,,,ETF,2780,40,2782.0,-4.0,31.66853225,
104985,market_research_2026-04-04_21-22-29_live_round,f974d41e6f2b44c69df8c990afaf26d2,2026-04-05T02:34:07.830402+00:00,1775356447830402000,172158157379541,1650,,,ETF,2781,60,2782.0,-2.0,31.72798825,
104990,market_research_2026-04-04_21-22-29_live_round,f974d41e6f2b44c69df8c990afaf26d2,2026-04-05T02:34:07.888824+00:00,1775356447888824000,172158215801791,1650,,,ETF,2781,40,2781.5,-1.0,31.7864105,
104991,market_research_2026-04-04_21-22-29_live_round,f974d41e6f2b44c69df8c990afaf26d2,2026-04-05T02:34:07.889066+00:00,1775356447889066000,172158216044541,1650,,,ETF,2781,40,2781.5,-1.0,31.78665325,
104996,market_research_2026-04-04_21-22-29_live_round,f974d41e6f2b44c69df8c990afaf26d2,2026-04-05T02:34:07.946846+00:00,1775356447946846000,172158273824375,1650,,,ETF,2781,20,2781.0,0.0,31.844433084,
105058,market_research_2026-04-04_21-22-29_live_round,f974d41e6f2b44c69df8c990afaf26d2,2026-04-05T02:34:08.700688+00:00,1775356448700688000,172159027667416,1650,,,ETF,2783,40,2783.5,-1.0,32.598276125,
105063,market_research_2026-04-04_21-22-29_live_round,f974d41e6f2b44c69df8c990afaf26d2,2026-04-05T02:34:08.749783+00:00,1775356448749783000,172159076762875,1650,,,ETF,2783,60,2783.0,0.0,32.647371584,
105258,market_research_2026-04-04_21-22-29_live_round,f974d41e6f2b44c69df8c990afaf26d2,2026-04-05T02:34:10.955888+00:00,1775356450955888000,172161282874416,1650,,,ETF,2784,40,2787.5,-7.0,34.853483125,
105259,market_research_2026-04-04_21-22-29_live_round,f974d41e6f2b44c69df8c990afaf26d2,2026-04-05T02:34:10.956043+00:00,1775356450956043000,172161283029666,1650,,,ETF,2785,60,2787.5,-7.0,34.853638375,
105260,market_research_2026-04-04_21-22-29_live_round,f974d41e6f2b44c69df8c990afaf26d2,2026-04-05T02:34:10.956161+00:00,1775356450956161000,172161283147791,1650,,,ETF,2786,100,2787.5,-7.0,34.8537565,
105328,market_research_2026-04-04_21-22-29_live_round,f974d41e6f2b44c69df8c990afaf26d2,2026-04-05T02:34:11.713435+00:00,1775356451713435000,172162040422708,1650,,,ETF,2783,40,2782.5,-1.0,35.611031417,
105597,market_research_2026-04-04_21-22-29_live_round,f974d41e6f2b44c69df8c990afaf26d2,2026-04-05T02:34:14.991762+00:00,1775356454991762000,172165318759291,1650,,,ETF,2787,40,2786.0,-2.0,38.889368,
105606,market_research_2026-04-04_21-22-29_live_round,f974d41e6f2b44c69df8c990afaf26d2,2026-04-05T02:34:15.096183+00:00,1775356455096183000,172165423180166,1650,,,ETF,2786,60,2786.0,0.0,38.993788875,
105871,market_research_2026-04-04_21-22-29_live_round,f974d41e6f2b44c69df8c990afaf26d2,2026-04-05T02:34:18.314280+00:00,1775356458314280000,172168641286125,1650,,,ETF,2783,40,2784.5,-3.0,42.211894834,
105876,market_research_2026-04-04_21-22-29_live_round,f974d41e6f2b44c69df8c990afaf26d2,2026-04-05T02:34:18.361231+00:00,1775356458361231000,172168688237291,1650,,,ETF,2784,60,2784.5,-1.0,42.258846,
105940,market_research_2026-04-04_21-22-29_live_round,f974d41e6f2b44c69df8c990afaf26d2,2026-04-05T02:34:19.040083+00:00,1775356459040083000,172169367091250,1650,,,ETF,2784,40,2783.0,-2.0,42.937699959,
105945,market_research_2026-04-04_21-22-29_live_round,f974d41e6f2b44c69df8c990afaf26d2,2026-04-05T02:34:19.074839+00:00,1775356459074839000,172169401846916,1650,,,ETF,2784,40,2783.5,-1.0,42.972455625,
105946,market_research_2026-04-04_21-22-29_live_round,f974d41e6f2b44c69df8c990afaf26d2,2026-04-05T02:34:19.074972+00:00,1775356459074972000,172169401980500,1650,,,ETF,2783,20,2783.5,-1.0,42.972589209,
106014,market_research_2026-04-04_21-22-29_live_round,f974d41e6f2b44c69df8c990afaf26d2,2026-04-05T02:34:19.747030+00:00,1775356459747030000,172170074040250,1650,,,ETF,2784,40,2787.0,-6.0,43.644648959,
106019,market_research_2026-04-04_21-22-29_live_round,f974d41e6f2b44c69df8c990afaf26d2,2026-04-05T02:34:19.789797+00:00,1775356459789797000,172170116807250,1650,,,ETF,2784,40,2786.5,-5.0,43.687415959,
106020,market_research_2026-04-04_21-22-29_live_round,f974d41e6f2b44c69df8c990afaf26d2,2026-04-05T02:34:19.789942+00:00,1775356459789942000,172170116952125,1650,,,ETF,2785,20,2786.5,-5.0,43.687560834,
106026,market_research_2026-04-04_21-22-29_live_round,f974d41e6f2b44c69df8c990afaf26d2,2026-04-05T02:34:19.840672+00:00,1775356459840672000,172170167681666,1650,,,ETF,2785,80,2786.5,-3.0,43.738290375,
106095,market_research_2026-04-04_21-22-29_live_round,f974d41e6f2b44c69df8c990afaf26d2,2026-04-05T02:34:20.585987+00:00,1775356460585987000,172170912999125,1650,,,ETF,2796,40,2796.0,0.0,44.483607834,
106158,market_research_2026-04-04_21-22-29_live_round,f974d41e6f2b44c69df8c990afaf26d2,2026-04-05T02:34:21.240887+00:00,1775356461240887000,172171567900250,1650,,,ETF,2799,40,2802.5,-7.0,45.138508959,
106163,market_research_2026-04-04_21-22-29_live_round,f974d41e6f2b44c69df8c990afaf26d2,2026-04-05T02:34:21.280813+00:00,1775356461280813000,172171607826541,1650,,,ETF,2799,60,2802.0,-6.0,45.17843525,
106168,market_research_2026-04-04_21-22-29_live_round,f974d41e6f2b44c69df8c990afaf26d2,2026-04-05T02:34:21.314705+00:00,1775356461314705000,172171641719083,1650,,,ETF,2802,40,2803.0,-2.0,45.212327792,
106169,market_research_2026-04-04_21-22-29_live_round,f974d41e6f2b44c69df8c990afaf26d2,2026-04-05T02:34:21.314847+00:00,1775356461314847000,172171641861416,1650,,,ETF,2803,40,2803.0,-2.0,45.212470125,
106175,market_research_2026-04-04_21-22-29_live_round,f974d41e6f2b44c69df8c990afaf26d2,2026-04-05T02:34:21.365587+00:00,1775356461365587000,172171692601458,1650,,,ETF,2803,20,2803.0,0.0,45.263210167,
106243,market_research_2026-04-04_21-22-29_live_round,f974d41e6f2b44c69df8c990afaf26d2,2026-04-05T02:34:22.062775+00:00,1775356462062775000,172172389790291,1650,,,ETF,2805,40,2813.5,-17.0,45.960399,
106248,market_research_2026-04-04_21-22-29_live_round,f974d41e6f2b44c69df8c990afaf26d2,2026-04-05T02:34:22.104993+00:00,1775356462104993000,172172432008708,1650,,,ETF,2805,60,2813.0,-16.0,46.002617417,
106253,market_research_2026-04-04_21-22-29_live_round,f974d41e6f2b44c69df8c990afaf26d2,2026-04-05T02:34:22.150842+00:00,1775356462150842000,172172477857875,1650,,,ETF,2812,40,2816.0,-8.0,46.048466584,
106254,market_research_2026-04-04_21-22-29_live_round,f974d41e6f2b44c69df8c990afaf26d2,2026-04-05T02:34:22.150982+00:00,1775356462150982000,172172477998500,1650,,,ETF,2813,40,2816.0,-8.0,46.048607209,
106260,market_research_2026-04-04_21-22-29_live_round,f974d41e6f2b44c69df8c990afaf26d2,2026-04-05T02:34:22.210024+00:00,1775356462210024000,172172537040250,1650,,,ETF,2813,20,2816.0,-6.0,46.107648959,
106261,market_research_2026-04-04_21-22-29_live_round,f974d41e6f2b44c69df8c990afaf26d2,2026-04-05T02:34:22.210179+00:00,1775356462210179000,172172537195333,1650,,,ETF,2814,80,2816.0,-6.0,46.107804042,
106322,market_research_2026-04-04_21-22-29_live_round,f974d41e6f2b44c69df8c990afaf26d2,2026-04-05T02:34:22.883061+00:00,1775356462883061000,172173210078833,1650,,,ETF,2815,40,2821.0,-12.0,46.780687542,
106327,market_research_2026-04-04_21-22-29_live_round,f974d41e6f2b44c69df8c990afaf26d2,2026-04-05T02:34:22.928327+00:00,1775356462928327000,172173255345041,1650,,,ETF,2815,60,2820.5,-11.0,46.82595375,
106390,market_research_2026-04-04_21-22-29_live_round,f974d41e6f2b44c69df8c990afaf26d2,2026-04-05T02:34:23.670422+00:00,1775356463670422000,172173997442500,1650,,,ETF,2831,40,2831.0,0.0,47.568051209,
106522,market_research_2026-04-04_21-22-29_live_round,f974d41e6f2b44c69df8c990afaf26d2,2026-04-05T02:34:25.252370+00:00,1775356465252370000,172175579394041,1650,,,ETF,2833,40,2831.0,-4.0,49.15000275,
106527,market_research_2026-04-04_21-22-29_live_round,f974d41e6f2b44c69df8c990afaf26d2,2026-04-05T02:34:25.299859+00:00,1775356465299859000,172175626883500,1650,,,ETF,2832,60,2831.0,-2.0,49.197492209,
106532,market_research_2026-04-04_21-22-29_live_round,f974d41e6f2b44c69df8c990afaf26d2,2026-04-05T02:34:25.345576+00:00,1775356465345576000,172175672600666,1650,,,ETF,2831,80,2831.0,0.0,49.243209375,
106724,market_research_2026-04-04_21-22-29_live_round,f974d41e6f2b44c69df8c990afaf26d2,2026-04-05T02:34:27.806972+00:00,1775356467806972000,172178134003125,1650,,,ETF,2836,40,2837.5,-3.0,51.704611834,
106733,market_research_2026-04-04_21-22-29_live_round,f974d41e6f2b44c69df8c990afaf26d2,2026-04-05T02:34:27.926565+00:00,1775356467926565000,172178253596416,1650,,,ETF,2836,60,2837.0,-2.0,51.824205125,
106738,market_research_2026-04-04_21-22-29_live_round,f974d41e6f2b44c69df8c990afaf26d2,2026-04-05T02:34:27.975348+00:00,1775356467975348000,172178302371083,1650,,,ETF,2836,40,2836.5,-1.0,51.872979792,
106739,market_research_2026-04-04_21-22-29_live_round,f974d41e6f2b44c69df8c990afaf26d2,2026-04-05T02:34:27.979300+00:00,1775356467979300000,172178306331583,1650,,,ETF,2837,40,2836.5,-1.0,51.876940292,
106868,market_research_2026-04-04_21-22-29_live_round,f974d41e6f2b44c69df8c990afaf26d2,2026-04-05T02:34:29.404831+00:00,1775356469404831000,172179731866291,1650,,,ETF,2839,40,2840.0,-2.0,53.302475,
106873,market_research_2026-04-04_21-22-29_live_round,f974d41e6f2b44c69df8c990afaf26d2,2026-04-05T02:34:29.442426+00:00,1775356469442426000,172179769462291,1650,,,ETF,2840,60,2840.0,0.0,53.340071,
106941,market_research_2026-04-04_21-22-29_live_round,f974d41e6f2b44c69df8c990afaf26d2,2026-04-05T02:34:30.133525+00:00,1775356470133525000,172180460562166,1650,,,ETF,2839,40,2837.5,-3.0,54.031170875,
106946,market_research_2026-04-04_21-22-29_live_round,f974d41e6f2b44c69df8c990afaf26d2,2026-04-05T02:34:30.175174+00:00,1775356470175174000,172180502211833,1650,,,ETF,2839,40,2838.0,-2.0,54.072820542,
106947,market_research_2026-04-04_21-22-29_live_round,f974d41e6f2b44c69df8c990afaf26d2,2026-04-05T02:34:30.175307+00:00,1775356470175307000,172180502345375,1650,,,ETF,2838,20,2838.0,-2.0,54.072954084,
106953,market_research_2026-04-04_21-22-29_live_round,f974d41e6f2b44c69df8c990afaf26d2,2026-04-05T02:34:30.223271+00:00,1775356470223271000,172180550309041,1650,,,ETF,2838,80,2838.0,0.0,54.12091775,
107076,market_research_2026-04-04_21-22-29_live_round,f974d41e6f2b44c69df8c990afaf26d2,2026-04-05T02:34:31.493580+00:00,1775356471493580000,172181820620916,1650,,,ETF,2839,40,2841.5,-5.0,55.391229625,
107081,market_research_2026-04-04_21-22-29_live_round,f974d41e6f2b44c69df8c990afaf26d2,2026-04-05T02:34:31.537707+00:00,1775356471537707000,172181864748500,1650,,,ETF,2839,60,2841.0,-4.0,55.435357209,
107086,market_research_2026-04-04_21-22-29_live_round,f974d41e6f2b44c69df8c990afaf26d2,2026-04-05T02:34:31.579550+00:00,1775356471579550000,172181906591416,1650,,,ETF,2842,40,2842.0,0.0,55.477200125,
107213,market_research_2026-04-04_21-22-29_live_round,f974d41e6f2b44c69df8c990afaf26d2,2026-04-05T02:34:32.856681+00:00,1775356472856681000,172183183726083,1650,,,ETF,2844,40,2848.5,-9.0,56.754334792,
107218,market_research_2026-04-04_21-22-29_live_round,f974d41e6f2b44c69df8c990afaf26d2,2026-04-05T02:34:32.895064+00:00,1775356472895064000,172183222109125,1650,,,ETF,2845,60,2848.5,-7.0,56.792717834,
107223,market_research_2026-04-04_21-22-29_live_round,f974d41e6f2b44c69df8c990afaf26d2,2026-04-05T02:34:32.933761+00:00,1775356472933761000,172183260806125,1650,,,ETF,2846,80,2848.5,-5.0,56.831414834,
107228,market_research_2026-04-04_21-22-29_live_round,f974d41e6f2b44c69df8c990afaf26d2,2026-04-05T02:34:32.972015+00:00,1775356472972015000,172183299060375,1650,,,ETF,2847,100,2848.5,-3.0,56.869669084,
107418,market_research_2026-04-04_21-22-29_live_round,f974d41e6f2b44c69df8c990afaf26d2,2026-04-05T02:34:35.031266+00:00,1775356475031266000,172185358316250,1725,,,ETF,2858,40,2857.5,-1.0,58.928924959,
107487,market_research_2026-04-04_21-22-29_live_round,f974d41e6f2b44c69df8c990afaf26d2,2026-04-05T02:34:35.771287+00:00,1775356475771287000,172186098339625,1725,,,ETF,2858,40,2861.0,-6.0,59.668948334,
107492,market_research_2026-04-04_21-22-29_live_round,f974d41e6f2b44c69df8c990afaf26d2,2026-04-05T02:34:35.813772+00:00,1775356475813772000,172186140825000,1725,,,ETF,2858,20,2860.5,-5.0,59.711433709,
107493,market_research_2026-04-04_21-22-29_live_round,f974d41e6f2b44c69df8c990afaf26d2,2026-04-05T02:34:35.817463+00:00,1775356475817463000,172186144516375,1725,,,ETF,2859,40,2860.5,-5.0,59.715125084,
107499,market_research_2026-04-04_21-22-29_live_round,f974d41e6f2b44c69df8c990afaf26d2,2026-04-05T02:34:35.863773+00:00,1775356475863773000,172186190825416,1725,,,ETF,2859,40,2860.5,-3.0,59.761434125,
107500,market_research_2026-04-04_21-22-29_live_round,f974d41e6f2b44c69df8c990afaf26d2,2026-04-05T02:34:35.863928+00:00,1775356475863928000,172186190981458,1725,,,ETF,2860,40,2860.5,-3.0,59.761590167,
107506,market_research_2026-04-04_21-22-29_live_round,f974d41e6f2b44c69df8c990afaf26d2,2026-04-05T02:34:35.916381+00:00,1775356475916381000,172186243433708,1725,,,ETF,2860,60,2860.5,-1.0,59.814042417,
107569,market_research_2026-04-04_21-22-29_live_round,f974d41e6f2b44c69df8c990afaf26d2,2026-04-05T02:34:36.630969+00:00,1775356476630969000,172186958023791,1725,,,ETF,2861,40,2859.5,-3.0,60.5286325,
107840,market_research_2026-04-04_21-22-29_live_round,f974d41e6f2b44c69df8c990afaf26d2,2026-04-05T02:34:40.140671+00:00,1775356480140671000,172190467734583,1725,,,ETF,2853,40,2853.5,-1.0,64.038343292,
108310,market_research_2026-04-04_21-22-29_live_round,f974d41e6f2b44c69df8c990afaf26d2,2026-04-05T02:34:45.575431+00:00,1775356485575431000,172195902509250,1725,,,ETF,2858,40,2851.5,-13.0,69.473117959,
108315,market_research_2026-04-04_21-22-29_live_round,f974d41e6f2b44c69df8c990afaf26d2,2026-04-05T02:34:45.636963+00:00,1775356485636963000,172195964041166,1725,,,ETF,2857,60,2851.5,-11.0,69.534649875,
108320,market_research_2026-04-04_21-22-29_live_round,f974d41e6f2b44c69df8c990afaf26d2,2026-04-05T02:34:45.687150+00:00,1775356485687150000,172196014228750,1725,,,ETF,2856,80,2851.5,-9.0,69.584837459,
108325,market_research_2026-04-04_21-22-29_live_round,f974d41e6f2b44c69df8c990afaf26d2,2026-04-05T02:34:45.741606+00:00,1775356485741606000,172196068685333,1725,,,ETF,2855,100,2851.5,-7.0,69.639294042,
108985,market_research_2026-04-04_21-22-29_live_round,f974d41e6f2b44c69df8c990afaf26d2,2026-04-05T02:34:53.609560+00:00,1775356493609560000,172203936659750,1725,,,ETF,2839,40,2842.0,-6.0,77.507268459,
108990,market_research_2026-04-04_21-22-29_live_round,f974d41e6f2b44c69df8c990afaf26d2,2026-04-05T02:34:53.668198+00:00,1775356493668198000,172203995297708,1725,,,ETF,2840,60,2842.0,-4.0,77.565906417,
108995,market_research_2026-04-04_21-22-29_live_round,f974d41e6f2b44c69df8c990afaf26d2,2026-04-05T02:34:53.711319+00:00,1775356493711319000,172204038419125,1725,,,ETF,2841,80,2842.0,-2.0,77.609027834,
109000,market_research_2026-04-04_21-22-29_live_round,f974d41e6f2b44c69df8c990afaf26d2,2026-04-05T02:34:53.751907+00:00,1775356493751907000,172204079007333,1725,,,ETF,2842,100,2842.0,0.0,77.649616042,
109058,market_research_2026-04-04_21-22-29_live_round,f974d41e6f2b44c69df8c990afaf26d2,2026-04-05T02:34:54.415057+00:00,1775356494415057000,172204742159333,1725,,,ETF,2851,40,2852.0,-2.0,78.312768042,
109063,market_research_2026-04-04_21-22-29_live_round,f974d41e6f2b44c69df8c990afaf26d2,2026-04-05T02:34:54.457473+00:00,1775356494457473000,172204784575500,1725,,,ETF,2852,60,2852.0,0.0,78.355184209,
109127,market_research_2026-04-04_21-22-29_live_round,f974d41e6f2b44c69df8c990afaf26d2,2026-04-05T02:34:55.229082+00:00,1775356495229082000,172205556186791,1725,,,ETF,2851,40,2849.5,-3.0,79.1267955,
109132,market_research_2026-04-04_21-22-29_live_round,f974d41e6f2b44c69df8c990afaf26d2,2026-04-05T02:34:55.274923+00:00,1775356495274923000,172205602027208,1725,,,ETF,2851,40,2850.0,-2.0,79.172635917,
109133,market_research_2026-04-04_21-22-29_live_round,f974d41e6f2b44c69df8c990afaf26d2,2026-04-05T02:34:55.278548+00:00,1775356495278548000,172205605653083,1725,,,ETF,2850,20,2850.0,-2.0,79.176261792,
109139,market_research_2026-04-04_21-22-29_live_round,f974d41e6f2b44c69df8c990afaf26d2,2026-04-05T02:34:55.324489+00:00,1775356495324489000,172205651594166,1725,,,ETF,2850,80,2850.0,0.0,79.222202875,
109221,market_research_2026-04-04_21-22-29_live_round,f974d41e6f2b44c69df8c990afaf26d2,2026-04-05T02:34:56.139906+00:00,1775356496139906000,172206467013125,1725,,,ETF,2842,40,2841.5,-1.0,80.037621834,
109548,market_research_2026-04-04_21-22-29_live_round,f974d41e6f2b44c69df8c990afaf26d2,2026-04-05T02:34:59.960389+00:00,1775356499960389000,172210287506291,1725,,,ETF,2847,40,2847.0,0.0,83.858115,
109748,market_research_2026-04-04_21-22-29_live_round,f974d41e6f2b44c69df8c990afaf26d2,2026-04-05T02:35:02.398735+00:00,1775356502398735000,172212725858958,1725,,,ETF,2846,40,2847.0,-2.0,86.296467667,
109753,market_research_2026-04-04_21-22-29_live_round,f974d41e6f2b44c69df8c990afaf26d2,2026-04-05T02:35:02.441701+00:00,1775356502441701000,172212768824583,1725,,,ETF,2847,60,2847.0,0.0,86.339433292,
110419,market_research_2026-04-04_21-22-29_live_round,f974d41e6f2b44c69df8c990afaf26d2,2026-04-05T02:35:10.011866+00:00,1775356510011866000,172220339010583,1725,,,ETF,2837,40,2836.0,-2.0,93.909619292,
110424,market_research_2026-04-04_21-22-29_live_round,f974d41e6f2b44c69df8c990afaf26d2,2026-04-05T02:35:10.047210+00:00,1775356510047210000,172220374354250,1725,,,ETF,2836,60,2836.0,0.0,93.944962959,
110621,market_research_2026-04-04_21-22-29_live_round,f974d41e6f2b44c69df8c990afaf26d2,2026-04-05T02:35:12.268193+00:00,1775356512268193000,172222595342708,1725,,,ETF,2833,40,2832.5,-1.0,96.165951417,
110626,market_research_2026-04-04_21-22-29_live_round,f974d41e6f2b44c69df8c990afaf26d2,2026-04-05T02:35:12.311810+00:00,1775356512311810000,172222638959458,1725,,,ETF,2833,60,2833.0,0.0,96.209568167,
110694,market_research_2026-04-04_21-22-29_live_round,f974d41e6f2b44c69df8c990afaf26d2,2026-04-05T02:35:13.067349+00:00,1775356513067349000,172223394500833,1725,,,ETF,2828,40,2827.0,-2.0,96.965109542,
110699,market_research_2026-04-04_21-22-29_live_round,f974d41e6f2b44c69df8c990afaf26d2,2026-04-05T02:35:13.111233+00:00,1775356513111233000,172223438385291,1725,,,ETF,2828,60,2827.5,-1.0,97.008994,
111031,market_research_2026-04-04_21-22-29_live_round,f974d41e6f2b44c69df8c990afaf26d2,2026-04-05T02:35:17.889703+00:00,1775356517889703000,172228216867500,1725,,,ETF,2824,40,2820.5,-7.0,101.787476209,
111036,market_research_2026-04-04_21-22-29_live_round,f974d41e6f2b44c69df8c990afaf26d2,2026-04-05T02:35:17.959152+00:00,1775356517959152000,172228286316041,1725,,,ETF,2823,60,2820.5,-5.0,101.85692475,
111045,market_research_2026-04-04_21-22-29_live_round,f974d41e6f2b44c69df8c990afaf26d2,2026-04-05T02:35:18.093644+00:00,1775356518093644000,172228420809000,1725,,,ETF,2822,80,2820.5,-3.0,101.991417709,
111050,market_research_2026-04-04_21-22-29_live_round,f974d41e6f2b44c69df8c990afaf26d2,2026-04-05T02:35:18.151878+00:00,1775356518151878000,172228479042916,1725,,,ETF,2821,100,2820.5,-1.0,102.049651625,
111573,market_research_2026-04-04_21-22-29_live_round,f974d41e6f2b44c69df8c990afaf26d2,2026-04-05T02:35:23.428446+00:00,1775356523428446000,172233755625791,1725,,,ETF,2822,40,2822.0,0.0,107.3262345,
111639,market_research_2026-04-04_21-22-29_live_round,f974d41e6f2b44c69df8c990afaf26d2,2026-04-05T02:35:24.137859+00:00,1775356524137859000,172234465040625,1725,,,ETF,2819,40,2819.0,0.0,108.035649334,
111775,market_research_2026-04-04_21-22-29_live_round,f974d41e6f2b44c69df8c990afaf26d2,2026-04-05T02:35:25.721422+00:00,1775356525721422000,172236048608041,1725,,,ETF,2821,40,2821.0,0.0,109.61921675,
111845,market_research_2026-04-04_21-22-29_live_round,f974d41e6f2b44c69df8c990afaf26d2,2026-04-05T02:35:26.649214+00:00,1775356526649214000,172236976402875,1725,,,ETF,2824,40,2824.0,0.0,110.547011584,
111911,market_research_2026-04-04_21-22-29_live_round,f974d41e6f2b44c69df8c990afaf26d2,2026-04-05T02:35:27.338396+00:00,1775356527338396000,172237665586500,1725,,,ETF,2830,40,2831.0,-2.0,111.236195209,
111916,market_research_2026-04-04_21-22-29_live_round,f974d41e6f2b44c69df8c990afaf26d2,2026-04-05T02:35:27.377600+00:00,1775356527377600000,172237704790833,1725,,,ETF,2830,60,2830.5,-1.0,111.275399542,
111921,market_research_2026-04-04_21-22-29_live_round,f974d41e6f2b44c69df8c990afaf26d2,2026-04-05T02:35:27.430758+00:00,1775356527430758000,172237757948750,1725,,,ETF,2830,40,2830.0,0.0,111.328557459,
112120,market_research_2026-04-04_21-22-29_live_round,f974d41e6f2b44c69df8c990afaf26d2,2026-04-05T02:35:30.265581+00:00,1775356530265581000,172240592779458,1725,,,ETF,2831,40,2830.5,-1.0,114.163388167,
112191,market_research_2026-04-04_21-22-29_live_round,f974d41e6f2b44c69df8c990afaf26d2,2026-04-05T02:35:31.027002+00:00,1775356531027002000,172241354202250,1725,,,ETF,2831,40,2831.0,0.0,114.924810959,
112257,market_research_2026-04-04_21-22-29_live_round,f974d41e6f2b44c69df8c990afaf26d2,2026-04-05T02:35:31.691146+00:00,1775356531691146000,172242018347333,1725,,,ETF,2833,40,2834.5,-3.0,115.588956042,
112262,market_research_2026-04-04_21-22-29_live_round,f974d41e6f2b44c69df8c990afaf26d2,2026-04-05T02:35:31.727652+00:00,1775356531727652000,172242054853458,1725,,,ETF,2833,60,2834.0,-2.0,115.625462167,
112459,market_research_2026-04-04_21-22-29_live_round,f974d41e6f2b44c69df8c990afaf26d2,2026-04-05T02:35:33.813326+00:00,1775356533813326000,172244140533625,1725,,,ETF,2839,40,2842.0,-6.0,117.711142334,
112464,market_research_2026-04-04_21-22-29_live_round,f974d41e6f2b44c69df8c990afaf26d2,2026-04-05T02:35:33.852045+00:00,1775356533852045000,172244179252416,1725,,,ETF,2840,60,2842.0,-4.0,117.749861125,
112469,market_research_2026-04-04_21-22-29_live_round,f974d41e6f2b44c69df8c990afaf26d2,2026-04-05T02:35:33.890346+00:00,1775356533890346000,172244217553875,1725,,,ETF,2841,80,2842.0,-2.0,117.788162584,
112474,market_research_2026-04-04_21-22-29_live_round,f974d41e6f2b44c69df8c990afaf26d2,2026-04-05T02:35:33.930162+00:00,1775356533930162000,172244257369791,1725,,,ETF,2841,20,2841.5,-1.0,117.8279785,
112475,market_research_2026-04-04_21-22-29_live_round,f974d41e6f2b44c69df8c990afaf26d2,2026-04-05T02:35:33.930299+00:00,1775356533930299000,172244257506791,1725,,,ETF,2841,80,2841.5,-1.0,117.8281155,
112940,market_research_2026-04-04_21-22-29_live_round,f974d41e6f2b44c69df8c990afaf26d2,2026-04-05T02:35:38.742814+00:00,1775356538742814000,172249070035000,1725,,,ETF,2846,40,2843.0,-6.0,122.640643709,
112945,market_research_2026-04-04_21-22-29_live_round,f974d41e6f2b44c69df8c990afaf26d2,2026-04-05T02:35:38.791952+00:00,1775356538791952000,172249119172833,1725,,,ETF,2845,60,2843.0,-4.0,122.689781542,
112950,market_research_2026-04-04_21-22-29_live_round,f974d41e6f2b44c69df8c990afaf26d2,2026-04-05T02:35:38.832347+00:00,1775356538832347000,172249159567833,1725,,,ETF,2844,80,2843.0,-2.0,122.730176542,
112955,market_research_2026-04-04_21-22-29_live_round,f974d41e6f2b44c69df8c990afaf26d2,2026-04-05T02:35:38.871326+00:00,1775356538871326000,172249198546875,1725,,,ETF,2843,100,2843.0,0.0,122.769155584,
113076,market_research_2026-04-04_21-22-29_live_round,f974d41e6f2b44c69df8c990afaf26d2,2026-04-05T02:35:40.275575+00:00,1775356540275575000,172250602800000,1725,,,ETF,2850,40,2850.5,-1.0,124.173408709,
113146,market_research_2026-04-04_21-22-29_live_round,f974d41e6f2b44c69df8c990afaf26d2,2026-04-05T02:35:41.045382+00:00,1775356541045382000,172251372609208,1725,,,ETF,2850,40,2849.0,-2.0,124.943217917,
113151,market_research_2026-04-04_21-22-29_live_round,f974d41e6f2b44c69df8c990afaf26d2,2026-04-05T02:35:41.084307+00:00,1775356541084307000,172251411534375,1725,,,ETF,2850,20,2849.5,-1.0,124.982143084,
113152,market_research_2026-04-04_21-22-29_live_round,f974d41e6f2b44c69df8c990afaf26d2,2026-04-05T02:35:41.084441+00:00,1775356541084441000,172251411668416,1725,,,ETF,2849,40,2849.5,-1.0,124.982277125,
113220,market_research_2026-04-04_21-22-29_live_round,f974d41e6f2b44c69df8c990afaf26d2,2026-04-05T02:35:41.845136+00:00,1775356541845136000,172252172364791,1725,,,ETF,2848,40,2847.5,-1.0,125.7429735,
113225,market_research_2026-04-04_21-22-29_live_round,f974d41e6f2b44c69df8c990afaf26d2,2026-04-05T02:35:41.885323+00:00,1775356541885323000,172252212552583,1725,,,ETF,2848,60,2848.0,0.0,125.783161292,
113552,market_research_2026-04-04_21-22-29_live_round,f974d41e6f2b44c69df8c990afaf26d2,2026-04-05T02:35:45.499194+00:00,1775356545499194000,172255826433041,1725,,,ETF,2856,40,2856.0,0.0,129.39704175,
113623,market_research_2026-04-04_21-22-29_live_round,f974d41e6f2b44c69df8c990afaf26d2,2026-04-05T02:35:46.295227+00:00,1775356546295227000,172256622468208,1725,,,ETF,2855,40,2854.0,-2.0,130.193076917,
113628,market_research_2026-04-04_21-22-29_live_round,f974d41e6f2b44c69df8c990afaf26d2,2026-04-05T02:35:46.342969+00:00,1775356546342969000,172256670210333,1725,,,ETF,2855,20,2854.5,-1.0,130.240819042,
113629,market_research_2026-04-04_21-22-29_live_round,f974d41e6f2b44c69df8c990afaf26d2,2026-04-05T02:35:46.343103+00:00,1775356546343103000,172256670344750,1725,,,ETF,2854,40,2854.5,-1.0,130.240953459,
113758,market_research_2026-04-04_21-22-29_live_round,f974d41e6f2b44c69df8c990afaf26d2,2026-04-05T02:35:47.714158+00:00,1775356547714158000,172258041402500,1725,,,ETF,2856,40,2858.5,-5.0,131.612011209,
113763,market_research_2026-04-04_21-22-29_live_round,f974d41e6f2b44c69df8c990afaf26d2,2026-04-05T02:35:47.753402+00:00,1775356547753402000,172258080646833,1725,,,ETF,2856,60,2858.0,-4.0,131.651255542,
113772,market_research_2026-04-04_21-22-29_live_round,f974d41e6f2b44c69df8c990afaf26d2,2026-04-05T02:35:47.846824+00:00,1775356547846824000,172258174069416,1725,,,ETF,2859,40,2859.0,0.0,131.744678125,
114300,market_research_2026-04-04_21-22-29_live_round,f974d41e6f2b44c69df8c990afaf26d2,2026-04-05T02:35:53.410168+00:00,1775356553410168000,172263737427458,1725,,,ETF,2844,40,2840.5,-7.0,137.308036167,
114305,market_research_2026-04-04_21-22-29_live_round,f974d41e6f2b44c69df8c990afaf26d2,2026-04-05T02:35:53.455186+00:00,1775356553455186000,172263782446208,1725,,,ETF,2843,60,2840.5,-5.0,137.353054917,
114310,market_research_2026-04-04_21-22-29_live_round,f974d41e6f2b44c69df8c990afaf26d2,2026-04-05T02:35:53.495931+00:00,1775356553495931000,172263823190875,1725,,,ETF,2842,80,2840.5,-3.0,137.393799584,
114315,market_research_2026-04-04_21-22-29_live_round,f974d41e6f2b44c69df8c990afaf26d2,2026-04-05T02:35:53.531902+00:00,1775356553531902000,172263859162000,1725,,,ETF,2841,100,2840.5,-1.0,137.429770709,
114567,market_research_2026-04-04_21-22-29_live_round,f974d41e6f2b44c69df8c990afaf26d2,2026-04-05T02:35:56.224527+00:00,1775356556224527000,172266551794166,1725,,,ETF,2828,40,2830.0,-4.0,140.122402875,
114572,market_research_2026-04-04_21-22-29_live_round,f974d41e6f2b44c69df8c990afaf26d2,2026-04-05T02:35:56.270017+00:00,1775356556270017000,172266597284250,1725,,,ETF,2829,60,2830.0,-2.0,140.167892959,
114581,market_research_2026-04-04_21-22-29_live_round,f974d41e6f2b44c69df8c990afaf26d2,2026-04-05T02:35:56.361131+00:00,1775356556361131000,172266688398666,1725,,,ETF,2830,80,2830.0,0.0,140.259007375,
114642,market_research_2026-04-04_21-22-29_live_round,f974d41e6f2b44c69df8c990afaf26d2,2026-04-05T02:35:56.982364+00:00,1775356556982364000,172267309633291,1725,,,ETF,2829,40,2829.0,0.0,140.880242,
114710,market_research_2026-04-04_21-22-29_live_round,f974d41e6f2b44c69df8c990afaf26d2,2026-04-05T02:35:57.725112+00:00,1775356557725112000,172268052383250,1725,,,ETF,2829,40,2828.5,-1.0,141.622991959,
114715,market_research_2026-04-04_21-22-29_live_round,f974d41e6f2b44c69df8c990afaf26d2,2026-04-05T02:35:57.764391+00:00,1775356557764391000,172268091662416,1725,,,ETF,2829,20,2829.0,0.0,141.662271125,
114844,market_research_2026-04-04_21-22-29_live_round,f974d41e6f2b44c69df8c990afaf26d2,2026-04-05T02:35:59.103235+00:00,1775356559103235000,172269430510250,1725,,,ETF,2827,40,2827.0,0.0,143.001118959,
114914,market_research_2026-04-04_21-22-29_live_round,f974d41e6f2b44c69df8c990afaf26d2,2026-04-05T02:35:59.868051+00:00,1775356559868051000,172270195327166,1725,,,ETF,2830,40,2830.5,-1.0,143.765935875,
114919,market_research_2026-04-04_21-22-29_live_round,f974d41e6f2b44c69df8c990afaf26d2,2026-04-05T02:35:59.916587+00:00,1775356559916587000,172270243863833,1725,,,ETF,2830,60,2830.0,0.0,143.814472542,
115055,market_research_2026-04-04_21-22-29_live_round,f974d41e6f2b44c69df8c990afaf26d2,2026-04-05T02:36:01.532254+00:00,1775356561532254000,172271859535333,1725,,,ETF,2838,40,2838.5,-1.0,145.430144042,
115125,market_research_2026-04-04_21-22-29_live_round,f974d41e6f2b44c69df8c990afaf26d2,2026-04-05T02:36:02.388509+00:00,1775356562388509000,172272715792666,1725,,,ETF,2841,40,2843.0,-4.0,146.286401375,
115130,market_research_2026-04-04_21-22-29_live_round,f974d41e6f2b44c69df8c990afaf26d2,2026-04-05T02:36:02.427941+00:00,1775356562427941000,172272755225541,1725,,,ETF,2841,60,2842.5,-3.0,146.32583425,
115197,market_research_2026-04-04_21-22-29_live_round,f974d41e6f2b44c69df8c990afaf26d2,2026-04-05T02:36:03.238363+00:00,1775356563238363000,172273565648666,1725,,,ETF,2848,40,2851.5,-7.0,147.136257375,
115202,market_research_2026-04-04_21-22-29_live_round,f974d41e6f2b44c69df8c990afaf26d2,2026-04-05T02:36:03.284326+00:00,1775356563284326000,172273611612125,1725,,,ETF,2848,60,2851.0,-6.0,147.182220834,
115207,market_research_2026-04-04_21-22-29_live_round,f974d41e6f2b44c69df8c990afaf26d2,2026-04-05T02:36:03.330763+00:00,1775356563330763000,172273658049125,1725,,,ETF,2851,40,2852.0,-2.0,147.228657834,
115208,market_research_2026-04-04_21-22-29_live_round,f974d41e6f2b44c69df8c990afaf26d2,2026-04-05T02:36:03.334131+00:00,1775356563334131000,172273661417125,1725,,,ETF,2852,40,2852.0,-2.0,147.232025834,
115214,market_research_2026-04-04_21-22-29_live_round,f974d41e6f2b44c69df8c990afaf26d2,2026-04-05T02:36:03.385693+00:00,1775356563385693000,172273712979125,1725,,,ETF,2852,20,2852.0,0.0,147.283587834,
115274,market_research_2026-04-04_21-22-29_live_round,f974d41e6f2b44c69df8c990afaf26d2,2026-04-05T02:36:04.040759+00:00,1775356564040759000,172274368047208,1725,,,ETF,2854,40,2854.5,-1.0,147.938655917,
115279,market_research_2026-04-04_21-22-29_live_round,f974d41e6f2b44c69df8c990afaf26d2,2026-04-05T02:36:04.083208+00:00,1775356564083208000,172274410496333,1725,,,ETF,2854,60,2854.0,0.0,147.981105042,
115411,market_research_2026-04-04_21-22-29_live_round,f974d41e6f2b44c69df8c990afaf26d2,2026-04-05T02:36:05.421950+00:00,1775356565421950000,172275749242208,1725,,,ETF,2852,40,2850.5,-3.0,149.319850917,
115416,market_research_2026-04-04_21-22-29_live_round,f974d41e6f2b44c69df8c990afaf26d2,2026-04-05T02:36:05.460692+00:00,1775356565460692000,172275787983708,1725,,,ETF,2852,60,2851.0,-2.0,149.358592417,
115421,market_research_2026-04-04_21-22-29_live_round,f974d41e6f2b44c69df8c990afaf26d2,2026-04-05T02:36:05.500526+00:00,1775356565500526000,172275827818416,1725,,,ETF,2851,40,2851.0,0.0,149.398427125,
115486,market_research_2026-04-04_21-22-29_live_round,f974d41e6f2b44c69df8c990afaf26d2,2026-04-05T02:36:06.182080+00:00,1775356566182080000,172276509373541,1725,,,ETF,2848,40,2847.5,-1.0,150.07998225,
115491,market_research_2026-04-04_21-22-29_live_round,f974d41e6f2b44c69df8c990afaf26d2,2026-04-05T02:36:06.221261+00:00,1775356566221261000,172276548555083,1725,,,ETF,2848,60,2848.0,0.0,150.119163792,
115552,market_research_2026-04-04_21-22-29_live_round,f974d41e6f2b44c69df8c990afaf26d2,2026-04-05T02:36:06.840466+00:00,1775356566840466000,172277167761541,1725,,,ETF,2849,40,2849.0,0.0,150.73837025,
115820,market_research_2026-04-04_21-22-29_live_round,f974d41e6f2b44c69df8c990afaf26d2,2026-04-05T02:36:09.682586+00:00,1775356569682586000,172280009889541,1725,,,ETF,2847,40,2848.5,-3.0,153.58049825,
115825,market_research_2026-04-04_21-22-29_live_round,f974d41e6f2b44c69df8c990afaf26d2,2026-04-05T02:36:09.727528+00:00,1775356569727528000,172280054831166,1725,,,ETF,2848,60,2848.5,-1.0,153.625439875,
115892,market_research_2026-04-04_21-22-29_live_round,f974d41e6f2b44c69df8c990afaf26d2,2026-04-05T02:36:10.430785+00:00,1775356570430785000,172280758090125,1850,,,ETF,2850,40,2852.5,-5.0,154.328698834,
115897,market_research_2026-04-04_21-22-29_live_round,f974d41e6f2b44c69df8c990afaf26d2,2026-04-05T02:36:10.470264+00:00,1775356570470264000,172280797570000,1850,,,ETF,2850,60,2852.0,-4.0,154.368178709,
116025,market_research_2026-04-04_21-22-29_live_round,f974d41e6f2b44c69df8c990afaf26d2,2026-04-05T02:36:11.940618+00:00,1775356571940618000,172282267926708,1850,,,ETF,2861,40,2861.5,-1.0,155.838535417,
116163,market_research_2026-04-04_21-22-29_live_round,f974d41e6f2b44c69df8c990afaf26d2,2026-04-05T02:36:13.853674+00:00,1775356573853674000,172284180988458,1850,,,ETF,2859,40,2858.5,-1.0,157.751597167,
116168,market_research_2026-04-04_21-22-29_live_round,f974d41e6f2b44c69df8c990afaf26d2,2026-04-05T02:36:13.911372+00:00,1775356573911372000,172284238686166,1850,,,ETF,2859,60,2859.0,0.0,157.809294875,
116302,market_research_2026-04-04_21-22-29_live_round,f974d41e6f2b44c69df8c990afaf26d2,2026-04-05T02:36:15.626954+00:00,1775356575626954000,172285954272916,1850,,,ETF,2855,40,2855.0,0.0,159.524881625,
116372,market_research_2026-04-04_21-22-29_live_round,f974d41e6f2b44c69df8c990afaf26d2,2026-04-05T02:36:17.070043+00:00,1775356577070043000,172287397365916,1850,,,ETF,2852,40,2848.0,-8.0,160.967974625,
116377,market_research_2026-04-04_21-22-29_live_round,f974d41e6f2b44c69df8c990afaf26d2,2026-04-05T02:36:17.134302+00:00,1775356577134302000,172287461624875,1850,,,ETF,2852,60,2848.5,-7.0,161.032233584,
116382,market_research_2026-04-04_21-22-29_live_round,f974d41e6f2b44c69df8c990afaf26d2,2026-04-05T02:36:17.251359+00:00,1775356577251359000,172287578681833,1850,,,ETF,2849,40,2847.5,-3.0,161.149290542,
116383,market_research_2026-04-04_21-22-29_live_round,f974d41e6f2b44c69df8c990afaf26d2,2026-04-05T02:36:17.255733+00:00,1775356577255733000,172287583055916,1850,,,ETF,2848,40,2847.5,-3.0,161.153664625,
116389,market_research_2026-04-04_21-22-29_live_round,f974d41e6f2b44c69df8c990afaf26d2,2026-04-05T02:36:17.316668+00:00,1775356577316668000,172287643991583,1850,,,ETF,2848,20,2847.5,-1.0,161.214600292,
116390,market_research_2026-04-04_21-22-29_live_round,f974d41e6f2b44c69df8c990afaf26d2,2026-04-05T02:36:17.316906+00:00,1775356577316906000,172287644229125,1850,,,ETF,2847,80,2847.5,-1.0,161.214837834,
116454,market_research_2026-04-04_21-22-29_live_round,f974d41e6f2b44c69df8c990afaf26d2,2026-04-05T02:36:18.358708+00:00,1775356578358708000,172288686034500,1850,,,ETF,2846,40,2844.0,-4.0,162.256643209,
116459,market_research_2026-04-04_21-22-29_live_round,f974d41e6f2b44c69df8c990afaf26d2,2026-04-05T02:36:18.426305+00:00,1775356578426305000,172288753631000,1850,,,ETF,2846,60,2844.5,-3.0,162.324239709,
116719,market_research_2026-04-04_21-22-29_live_round,f974d41e6f2b44c69df8c990afaf26d2,2026-04-05T02:36:21.757168+00:00,1775356581757168000,172292084503375,1850,,,ETF,2847,40,2849.0,-4.0,165.655112084,
116724,market_research_2026-04-04_21-22-29_live_round,f974d41e6f2b44c69df8c990afaf26d2,2026-04-05T02:36:21.795813+00:00,1775356581795813000,172292123148708,1850,,,ETF,2847,60,2848.5,-3.0,165.693757417,
116729,market_research_2026-04-04_21-22-29_live_round,f974d41e6f2b44c69df8c990afaf26d2,2026-04-05T02:36:21.829949+00:00,1775356581829949000,172292157284541,1850,,,ETF,2849,40,2849.0,0.0,165.72789325,
116861,market_research_2026-04-04_21-22-29_live_round,f974d41e6f2b44c69df8c990afaf26d2,2026-04-05T02:36:23.284300+00:00,1775356583284300000,172293611639333,1850,,,ETF,2851,40,2850.5,-1.0,167.182248042,
117061,market_research_2026-04-04_21-22-29_live_round,f974d41e6f2b44c69df8c990afaf26d2,2026-04-05T02:36:25.336312+00:00,1775356585336312000,172295663657125,1850,,,ETF,2853,40,2854.0,-2.0,169.234265834,
117066,market_research_2026-04-04_21-22-29_live_round,f974d41e6f2b44c69df8c990afaf26d2,2026-04-05T02:36:25.376783+00:00,1775356585376783000,172295704128291,1850,,,ETF,2854,60,2854.0,0.0,169.274737,
117130,market_research_2026-04-04_21-22-29_live_round,f974d41e6f2b44c69df8c990afaf26d2,2026-04-05T02:36:26.020125+00:00,1775356586020125000,172296347471750,1850,,,ETF,2853,40,2853.0,0.0,169.918080459,
117198,market_research_2026-04-04_21-22-29_live_round,f974d41e6f2b44c69df8c990afaf26d2,2026-04-05T02:36:26.802262+00:00,1775356586802262000,172297129611250,1850,,,ETF,2854,40,2855.5,-3.0,170.700219959,
117203,market_research_2026-04-04_21-22-29_live_round,f974d41e6f2b44c69df8c990afaf26d2,2026-04-05T02:36:26.841742+00:00,1775356586841742000,172297169090916,1850,,,ETF,2854,20,2855.0,-2.0,170.739699625,
117204,market_research_2026-04-04_21-22-29_live_round,f974d41e6f2b44c69df8c990afaf26d2,2026-04-05T02:36:26.844939+00:00,1775356586844939000,172297172288375,1850,,,ETF,2855,40,2855.0,-2.0,170.742897084,
117210,market_research_2026-04-04_21-22-29_live_round,f974d41e6f2b44c69df8c990afaf26d2,2026-04-05T02:36:26.890925+00:00,1775356586890925000,172297218274083,1850,,,ETF,2855,40,2855.0,0.0,170.788882792,
117337,market_research_2026-04-04_21-22-29_live_round,f974d41e6f2b44c69df8c990afaf26d2,2026-04-05T02:36:28.399426+00:00,1775356588399426000,172298726778916,1850,,,ETF,2854,40,2853.5,-1.0,172.297387625,
117346,market_research_2026-04-04_21-22-29_live_round,f974d41e6f2b44c69df8c990afaf26d2,2026-04-05T02:36:28.502001+00:00,1775356588502001000,172298829354125,1850,,,ETF,2854,60,2854.0,0.0,172.399962834,
117410,market_research_2026-04-04_21-22-29_live_round,f974d41e6f2b44c69df8c990afaf26d2,2026-04-05T02:36:29.383206+00:00,1775356589383206000,172299710562000,1850,,,ETF,2849,40,2849.0,0.0,173.281170709,
117614,market_research_2026-04-04_21-22-29_live_round,f974d41e6f2b44c69df8c990afaf26d2,2026-04-05T02:36:31.865345+00:00,1775356591865345000,172302192707125,1850,,,ETF,2844,40,2844.0,0.0,175.763315834,
117749,market_research_2026-04-04_21-22-29_live_round,f974d41e6f2b44c69df8c990afaf26d2,2026-04-05T02:36:33.442596+00:00,1775356593442596000,172303769962916,1850,,,ETF,2840,40,2845.0,-10.0,177.340571625,
117754,market_research_2026-04-04_21-22-29_live_round,f974d41e6f2b44c69df8c990afaf26d2,2026-04-05T02:36:33.502968+00:00,1775356593502968000,172303830334125,1850,,,ETF,2841,60,2845.0,-8.0,177.400942834,
117759,market_research_2026-04-04_21-22-29_live_round,f974d41e6f2b44c69df8c990afaf26d2,2026-04-05T02:36:33.560372+00:00,1775356593560372000,172303887738958,1850,,,ETF,2842,80,2845.0,-6.0,177.458347667,
117764,market_research_2026-04-04_21-22-29_live_round,f974d41e6f2b44c69df8c990afaf26d2,2026-04-05T02:36:33.611138+00:00,1775356593611138000,172303938504500,1850,,,ETF,2843,100,2845.0,-4.0,177.509113209,
118027,market_research_2026-04-04_21-22-29_live_round,f974d41e6f2b44c69df8c990afaf26d2,2026-04-05T02:36:37.260984+00:00,1775356597260984000,172307588360125,1850,,,ETF,2849,40,2849.0,0.0,181.158968834,
118096,market_research_2026-04-04_21-22-29_live_round,f974d41e6f2b44c69df8c990afaf26d2,2026-04-05T02:36:38.326138+00:00,1775356598326138000,172308653517416,1850,,,ETF,2850,40,2851.0,-2.0,182.224126125,
118101,market_research_2026-04-04_21-22-29_live_round,f974d41e6f2b44c69df8c990afaf26d2,2026-04-05T02:36:38.379284+00:00,1775356598379284000,172308706664000,1850,,,ETF,2850,20,2850.5,-1.0,182.277272709,
118102,market_research_2026-04-04_21-22-29_live_round,f974d41e6f2b44c69df8c990afaf26d2,2026-04-05T02:36:38.379473+00:00,1775356598379473000,172308706852791,1850,,,ETF,2851,40,2850.5,-1.0,182.2774615,
118233,market_research_2026-04-04_21-22-29_live_round,f974d41e6f2b44c69df8c990afaf26d2,2026-04-05T02:36:40.261221+00:00,1775356600261221000,172310588605500,1850,,,ETF,2849,40,2844.5,-9.0,184.159214209,
118242,market_research_2026-04-04_21-22-29_live_round,f974d41e6f2b44c69df8c990afaf26d2,2026-04-05T02:36:40.359028+00:00,1775356600359028000,172310686412208,1850,,,ETF,2849,60,2845.0,-8.0,184.257020917,
118247,market_research_2026-04-04_21-22-29_live_round,f974d41e6f2b44c69df8c990afaf26d2,2026-04-05T02:36:40.417438+00:00,1775356600417438000,172310744823500,1850,,,ETF,2848,40,2845.0,-6.0,184.315432209,
118248,market_research_2026-04-04_21-22-29_live_round,f974d41e6f2b44c69df8c990afaf26d2,2026-04-05T02:36:40.417655+00:00,1775356600417655000,172310745040375,1850,,,ETF,2847,40,2845.0,-6.0,184.315649084,
118254,market_research_2026-04-04_21-22-29_live_round,f974d41e6f2b44c69df8c990afaf26d2,2026-04-05T02:36:40.507198+00:00,1775356600507198000,172310834582791,1850,,,ETF,2847,20,2845.0,-4.0,184.4051915,
118255,market_research_2026-04-04_21-22-29_live_round,f974d41e6f2b44c69df8c990afaf26d2,2026-04-05T02:36:40.507460+00:00,1775356600507460000,172310834845833,1850,,,ETF,2846,80,2845.0,-4.0,184.405454542,
118444,market_research_2026-04-04_21-22-29_live_round,f974d41e6f2b44c69df8c990afaf26d2,2026-04-05T02:36:43.049927+00:00,1775356603049927000,172313377319041,1850,,,ETF,2843,40,2844.0,-2.0,186.94792775,
118449,market_research_2026-04-04_21-22-29_live_round,f974d41e6f2b44c69df8c990afaf26d2,2026-04-05T02:36:43.106451+00:00,1775356603106451000,172313433842958,1850,,,ETF,2844,60,2844.0,0.0,187.004451667,
118661,market_research_2026-04-04_21-22-29_live_round,f974d41e6f2b44c69df8c990afaf26d2,2026-04-05T02:36:46.193550+00:00,1775356606193550000,172316520950250,1850,,,ETF,2842,40,2842.0,0.0,190.091558959,
118727,market_research_2026-04-04_21-22-29_live_round,f974d41e6f2b44c69df8c990afaf26d2,2026-04-05T02:36:47.119985+00:00,1775356607119985000,172317447387666,1850,,,ETF,2843,40,2847.0,-8.0,191.017996375,
118732,market_research_2026-04-04_21-22-29_live_round,f974d41e6f2b44c69df8c990afaf26d2,2026-04-05T02:36:47.177324+00:00,1775356607177324000,172317504726916,1850,,,ETF,2843,20,2846.5,-7.0,191.075335625,
118733,market_research_2026-04-04_21-22-29_live_round,f974d41e6f2b44c69df8c990afaf26d2,2026-04-05T02:36:47.181841+00:00,1775356607181841000,172317509244083,1850,,,ETF,2844,40,2846.5,-7.0,191.079852792,
118739,market_research_2026-04-04_21-22-29_live_round,f974d41e6f2b44c69df8c990afaf26d2,2026-04-05T02:36:47.241423+00:00,1775356607241423000,172317568825750,1850,,,ETF,2844,40,2846.5,-5.0,191.139434459,
118740,market_research_2026-04-04_21-22-29_live_round,f974d41e6f2b44c69df8c990afaf26d2,2026-04-05T02:36:47.241660+00:00,1775356607241660000,172317569063916,1850,,,ETF,2845,40,2846.5,-5.0,191.139672625,
118746,market_research_2026-04-04_21-22-29_live_round,f974d41e6f2b44c69df8c990afaf26d2,2026-04-05T02:36:47.307755+00:00,1775356607307755000,172317635158750,1850,,,ETF,2845,60,2846.5,-3.0,191.205767459,
118872,market_research_2026-04-04_21-22-29_live_round,f974d41e6f2b44c69df8c990afaf26d2,2026-04-05T02:36:49.020290+00:00,1775356609020290000,172319347698250,1850,,,ETF,2859,40,2861.0,-4.0,192.918306959,
118877,market_research_2026-04-04_21-22-29_live_round,f974d41e6f2b44c69df8c990afaf26d2,2026-04-05T02:36:49.081860+00:00,1775356609081860000,172319409267750,1850,,,ETF,2860,60,2861.0,-2.0,192.979876459,
118882,market_research_2026-04-04_21-22-29_live_round,f974d41e6f2b44c69df8c990afaf26d2,2026-04-05T02:36:49.129194+00:00,1775356609129194000,172319456601875,1850,,,ETF,2860,40,2860.5,-1.0,193.027210584,
118883,market_research_2026-04-04_21-22-29_live_round,f974d41e6f2b44c69df8c990afaf26d2,2026-04-05T02:36:49.129396+00:00,1775356609129396000,172319456804375,1850,,,ETF,2860,40,2860.5,-1.0,193.027413084,
118888,market_research_2026-04-04_21-22-29_live_round,f974d41e6f2b44c69df8c990afaf26d2,2026-04-05T02:36:49.170594+00:00,1775356609170594000,172319498002458,1850,,,ETF,2860,20,2860.0,0.0,193.068611167,
118947,market_research_2026-04-04_21-22-29_live_round,f974d41e6f2b44c69df8c990afaf26d2,2026-04-05T02:36:49.961419+00:00,1775356609961419000,172320288829250,1850,,,ETF,2860,40,2858.5,-3.0,193.859437959,
118956,market_research_2026-04-04_21-22-29_live_round,f974d41e6f2b44c69df8c990afaf26d2,2026-04-05T02:36:50.074560+00:00,1775356610074560000,172320401971208,1850,,,ETF,2860,40,2859.0,-2.0,193.972579917,
119093,market_research_2026-04-04_21-22-29_live_round,f974d41e6f2b44c69df8c990afaf26d2,2026-04-05T02:36:51.857894+00:00,1775356611857894000,172322185309000,1850,,,ETF,2854,40,2858.0,-8.0,195.755917709,
119098,market_research_2026-04-04_21-22-29_live_round,f974d41e6f2b44c69df8c990afaf26d2,2026-04-05T02:36:51.912474+00:00,1775356611912474000,172322239889458,1850,,,ETF,2855,60,2858.0,-6.0,195.810498167,
119103,market_research_2026-04-04_21-22-29_live_round,f974d41e6f2b44c69df8c990afaf26d2,2026-04-05T02:36:51.965133+00:00,1775356611965133000,172322292549458,1850,,,ETF,2856,80,2858.0,-4.0,195.863158167,
119108,market_research_2026-04-04_21-22-29_live_round,f974d41e6f2b44c69df8c990afaf26d2,2026-04-05T02:36:52.010171+00:00,1775356612010171000,172322337586833,1850,,,ETF,2857,100,2858.0,-2.0,195.908195542,
119167,market_research_2026-04-04_21-22-29_live_round,f974d41e6f2b44c69df8c990afaf26d2,2026-04-05T02:36:52.851906+00:00,1775356612851906000,172323179324500,1850,,,ETF,2868,40,2869.0,-2.0,196.749933209,
119172,market_research_2026-04-04_21-22-29_live_round,f974d41e6f2b44c69df8c990afaf26d2,2026-04-05T02:36:52.909471+00:00,1775356612909471000,172323236889125,1850,,,ETF,2869,60,2869.0,0.0,196.807497834,
119301,market_research_2026-04-04_21-22-29_live_round,f974d41e6f2b44c69df8c990afaf26d2,2026-04-05T02:36:54.763060+00:00,1775356614763060000,172325090483416,1850,,,ETF,2867,40,2863.5,-7.0,198.661092125,
119306,market_research_2026-04-04_21-22-29_live_round,f974d41e6f2b44c69df8c990afaf26d2,2026-04-05T02:36:54.827470+00:00,1775356614827470000,172325154893083,1850,,,ETF,2867,60,2864.0,-6.0,198.725501792,
119311,market_research_2026-04-04_21-22-29_live_round,f974d41e6f2b44c69df8c990afaf26d2,2026-04-05T02:36:54.890345+00:00,1775356614890345000,172325217768583,1850,,,ETF,2863,40,2862.5,-1.0,198.788377292,
119312,market_research_2026-04-04_21-22-29_live_round,f974d41e6f2b44c69df8c990afaf26d2,2026-04-05T02:36:54.890551+00:00,1775356614890551000,172325217975000,1850,,,ETF,2862,40,2862.5,-1.0,198.788583709,
119378,market_research_2026-04-04_21-22-29_live_round,f974d41e6f2b44c69df8c990afaf26d2,2026-04-05T02:36:55.803561+00:00,1775356615803561000,172326130987416,1900,,,ETF,2860,40,2858.0,-4.0,199.701596125,
119383,market_research_2026-04-04_21-22-29_live_round,f974d41e6f2b44c69df8c990afaf26d2,2026-04-05T02:36:55.860224+00:00,1775356615860224000,172326187650458,1900,,,ETF,2860,60,2858.5,-3.0,199.758259167,
119513,market_research_2026-04-04_21-22-29_live_round,f974d41e6f2b44c69df8c990afaf26d2,2026-04-05T02:36:57.836377+00:00,1775356617836377000,172328163808666,1900,,,ETF,2859,40,2859.5,-1.0,201.734417375,
119518,market_research_2026-04-04_21-22-29_live_round,f974d41e6f2b44c69df8c990afaf26d2,2026-04-05T02:36:57.891448+00:00,1775356617891448000,172328218879166,1900,,,ETF,2859,60,2859.0,0.0,201.789487875,
119586,market_research_2026-04-04_21-22-29_live_round,f974d41e6f2b44c69df8c990afaf26d2,2026-04-05T02:36:59.324569+00:00,1775356619324569000,172329652004500,1900,,,ETF,2863,40,2866.0,-6.0,203.222613209,
119591,market_research_2026-04-04_21-22-29_live_round,f974d41e6f2b44c69df8c990afaf26d2,2026-04-05T02:36:59.381078+00:00,1775356619381078000,172329708513333,1900,,,ETF,2863,60,2865.5,-5.0,203.279122042,
119596,market_research_2026-04-04_21-22-29_live_round,f974d41e6f2b44c69df8c990afaf26d2,2026-04-05T02:36:59.441994+00:00,1775356619441994000,172329769429875,1900,,,ETF,2866,40,2866.5,-1.0,203.340038584,
119597,market_research_2026-04-04_21-22-29_live_round,f974d41e6f2b44c69df8c990afaf26d2,2026-04-05T02:36:59.442267+00:00,1775356619442267000,172329769703250,1900,,,ETF,2867,40,2866.5,-1.0,203.340311959,
119729,market_research_2026-04-04_21-22-29_live_round,f974d41e6f2b44c69df8c990afaf26d2,2026-04-05T02:37:01.662459+00:00,1775356621662459000,172331989899708,1900,,,ETF,2866,40,2866.0,0.0,205.560508417,
119865,market_research_2026-04-04_21-22-29_live_round,f974d41e6f2b44c69df8c990afaf26d2,2026-04-05T02:37:03.479795+00:00,1775356623479795000,172333807241166,1900,,,ETF,2866,40,2867.0,-2.0,207.377849875,
119870,market_research_2026-04-04_21-22-29_live_round,f974d41e6f2b44c69df8c990afaf26d2,2026-04-05T02:37:03.523770+00:00,1775356623523770000,172333851217083,1900,,,ETF,2867,60,2867.0,0.0,207.421825792,
119938,market_research_2026-04-04_21-22-29_live_round,f974d41e6f2b44c69df8c990afaf26d2,2026-04-05T02:37:04.425766+00:00,1775356624425766000,172334753214750,1900,,,ETF,2866,40,2864.0,-4.0,208.323823459,
119943,market_research_2026-04-04_21-22-29_live_round,f974d41e6f2b44c69df8c990afaf26d2,2026-04-05T02:37:04.481366+00:00,1775356624481366000,172334808815625,1900,,,ETF,2866,40,2864.5,-3.0,208.379424334,
119944,market_research_2026-04-04_21-22-29_live_round,f974d41e6f2b44c69df8c990afaf26d2,2026-04-05T02:37:04.481592+00:00,1775356624481592000,172334809041125,1900,,,ETF,2865,20,2864.5,-3.0,208.379649834,
119950,market_research_2026-04-04_21-22-29_live_round,f974d41e6f2b44c69df8c990afaf26d2,2026-04-05T02:37:04.551102+00:00,1775356624551102000,172334878551750,1900,,,ETF,2865,80,2864.5,-1.0,208.449160459,
120014,market_research_2026-04-04_21-22-29_live_round,f974d41e6f2b44c69df8c990afaf26d2,2026-04-05T02:37:05.404922+00:00,1775356625404922000,172335732373791,1900,,,ETF,2856,40,2854.5,-3.0,209.3029825,
120019,market_research_2026-04-04_21-22-29_live_round,f974d41e6f2b44c69df8c990afaf26d2,2026-04-05T02:37:05.445524+00:00,1775356625445524000,172335772976291,1900,,,ETF,2855,60,2854.5,-1.0,209.343585,
120143,market_research_2026-04-04_21-22-29_live_round,f974d41e6f2b44c69df8c990afaf26d2,2026-04-05T02:37:06.870223+00:00,1775356626870223000,172337197678375,1900,,,ETF,2856,40,2856.0,0.0,210.768287084,
120553,market_research_2026-04-04_21-22-29_live_round,f974d41e6f2b44c69df8c990afaf26d2,2026-04-05T02:37:13.564734+00:00,1775356633564734000,172343892208000,1900,,,ETF,2873,40,2873.0,0.0,217.462816709,
120624,market_research_2026-04-04_21-22-29_live_round,f974d41e6f2b44c69df8c990afaf26d2,2026-04-05T02:37:14.510453+00:00,1775356634510453000,172344837928833,1900,,,ETF,2872,40,2869.0,-6.0,218.408537542,
120629,market_research_2026-04-04_21-22-29_live_round,f974d41e6f2b44c69df8c990afaf26d2,2026-04-05T02:37:14.567507+00:00,1775356634567507000,172344894983125,1900,,,ETF,2872,20,2869.5,-5.0,218.465591834,
120630,market_research_2026-04-04_21-22-29_live_round,f974d41e6f2b44c69df8c990afaf26d2,2026-04-05T02:37:14.567730+00:00,1775356634567730000,172344895206791,1900,,,ETF,2871,40,2869.5,-5.0,218.4658155,
120636,market_research_2026-04-04_21-22-29_live_round,f974d41e6f2b44c69df8c990afaf26d2,2026-04-05T02:37:14.630428+00:00,1775356634630428000,172344957904583,1900,,,ETF,2871,40,2869.5,-3.0,218.528513292,
120637,market_research_2026-04-04_21-22-29_live_round,f974d41e6f2b44c69df8c990afaf26d2,2026-04-05T02:37:14.630618+00:00,1775356634630618000,172344958095250,1900,,,ETF,2870,40,2869.5,-3.0,218.528703959,
120643,market_research_2026-04-04_21-22-29_live_round,f974d41e6f2b44c69df8c990afaf26d2,2026-04-05T02:37:14.677386+00:00,1775356634677386000,172345004862958,1900,,,ETF,2870,60,2869.5,-1.0,218.575471667,
120902,market_research_2026-04-04_21-22-29_live_round,f974d41e6f2b44c69df8c990afaf26d2,2026-04-05T02:37:17.739059+00:00,1775356637739059000,172348066543250,1900,,,ETF,2861,40,2860.0,-2.0,221.637151959,
120907,market_research_2026-04-04_21-22-29_live_round,f974d41e6f2b44c69df8c990afaf26d2,2026-04-05T02:37:17.814187+00:00,1775356637814187000,172348141671416,1900,,,ETF,2861,60,2860.5,-1.0,221.712280125,
120912,market_research_2026-04-04_21-22-29_live_round,f974d41e6f2b44c69df8c990afaf26d2,2026-04-05T02:37:17.889475+00:00,1775356637889475000,172348216960333,1900,,,ETF,2861,40,2861.0,0.0,221.787569042,
120977,market_research_2026-04-04_21-22-29_live_round,f974d41e6f2b44c69df8c990afaf26d2,2026-04-05T02:37:18.844609+00:00,1775356638844609000,172349172096500,1900,,,ETF,2858,40,2853.0,-10.0,222.742705209,
120982,market_research_2026-04-04_21-22-29_live_round,f974d41e6f2b44c69df8c990afaf26d2,2026-04-05T02:37:18.883051+00:00,1775356638883051000,172349210538750,1900,,,ETF,2858,60,2853.5,-9.0,222.781147459,
120987,market_research_2026-04-04_21-22-29_live_round,f974d41e6f2b44c69df8c990afaf26d2,2026-04-05T02:37:18.932794+00:00,1775356638932794000,172349260282000,1900,,,ETF,2853,40,2851.5,-3.0,222.830890709,
120988,market_research_2026-04-04_21-22-29_live_round,f974d41e6f2b44c69df8c990afaf26d2,2026-04-05T02:37:18.932966+00:00,1775356638932966000,172349260454333,1900,,,ETF,2852,40,2851.5,-3.0,222.831063042,
120994,market_research_2026-04-04_21-22-29_live_round,f974d41e6f2b44c69df8c990afaf26d2,2026-04-05T02:37:18.987525+00:00,1775356638987525000,172349315012958,1900,,,ETF,2852,20,2851.5,-1.0,222.885621667,
120995,market_research_2026-04-04_21-22-29_live_round,f974d41e6f2b44c69df8c990afaf26d2,2026-04-05T02:37:18.987684+00:00,1775356638987684000,172349315172333,1900,,,ETF,2851,80,2851.5,-1.0,222.885781042,
121055,market_research_2026-04-04_21-22-29_live_round,f974d41e6f2b44c69df8c990afaf26d2,2026-04-05T02:37:19.783749+00:00,1775356639783749000,172350111239125,1900,,,ETF,2850,40,2848.0,-4.0,223.681847834,
121060,market_research_2026-04-04_21-22-29_live_round,f974d41e6f2b44c69df8c990afaf26d2,2026-04-05T02:37:19.828859+00:00,1775356639828859000,172350156349291,1900,,,ETF,2850,60,2848.5,-3.0,223.726958,
121330,market_research_2026-04-04_21-22-29_live_round,f974d41e6f2b44c69df8c990afaf26d2,2026-04-05T02:37:23.638046+00:00,1775356643638046000,172353965546333,1900,,,ETF,2842,40,2842.0,0.0,227.536155042,
121396,market_research_2026-04-04_21-22-29_live_round,f974d41e6f2b44c69df8c990afaf26d2,2026-04-05T02:37:24.436189+00:00,1775356644436189000,172354763691875,1900,,,ETF,2845,40,2846.5,-3.0,228.334300584,
121401,market_research_2026-04-04_21-22-29_live_round,f974d41e6f2b44c69df8c990afaf26d2,2026-04-05T02:37:24.484191+00:00,1775356644484191000,172354811693458,1900,,,ETF,2845,60,2846.0,-2.0,228.382302167,
121880,market_research_2026-04-04_21-22-29_live_round,f974d41e6f2b44c69df8c990afaf26d2,2026-04-05T02:37:30.476677+00:00,1775356650476677000,172360804195583,1900,,,ETF,2840,40,2836.0,-8.0,234.374804292,
121881,market_research_2026-04-04_21-22-29_live_round,f974d41e6f2b44c69df8c990afaf26d2,2026-04-05T02:37:30.482818+00:00,1775356650482818000,172360810336500,1900,,,ETF,2839,60,2836.0,-8.0,234.380945209,
121882,market_research_2026-04-04_21-22-29_live_round,f974d41e6f2b44c69df8c990afaf26d2,2026-04-05T02:37:30.482979+00:00,1775356650482979000,172360810498583,1900,,,ETF,2838,80,2836.0,-8.0,234.381107292,
121883,market_research_2026-04-04_21-22-29_live_round,f974d41e6f2b44c69df8c990afaf26d2,2026-04-05T02:37:30.483100+00:00,1775356650483100000,172360810618791,1900,,,ETF,2837,20,2836.0,-8.0,234.3812275,
122155,market_research_2026-04-04_21-22-29_live_round,f974d41e6f2b44c69df8c990afaf26d2,2026-04-05T02:37:33.613933+00:00,1775356653613933000,172363941460458,1900,,,ETF,2842,40,2844.0,-4.0,237.512069167,
122160,market_research_2026-04-04_21-22-29_live_round,f974d41e6f2b44c69df8c990afaf26d2,2026-04-05T02:37:33.661766+00:00,1775356653661766000,172363989293416,1900,,,ETF,2843,60,2844.0,-2.0,237.559902125,
122165,market_research_2026-04-04_21-22-29_live_round,f974d41e6f2b44c69df8c990afaf26d2,2026-04-05T02:37:33.712541+00:00,1775356653712541000,172364040068541,1900,,,ETF,2844,80,2844.0,0.0,237.61067725,
122229,market_research_2026-04-04_21-22-29_live_round,f974d41e6f2b44c69df8c990afaf26d2,2026-04-05T02:37:34.464924+00:00,1775356654464924000,172364792452875,1900,,,ETF,2845,40,2847.0,-4.0,238.363061584,
122234,market_research_2026-04-04_21-22-29_live_round,f974d41e6f2b44c69df8c990afaf26d2,2026-04-05T02:37:34.513100+00:00,1775356654513100000,172364840629583,1900,,,ETF,2845,60,2846.5,-3.0,238.411238292,
122362,market_research_2026-04-04_21-22-29_live_round,f974d41e6f2b44c69df8c990afaf26d2,2026-04-05T02:37:36.085502+00:00,1775356656085502000,172366413036000,1900,,,ETF,2847,40,2842.0,-10.0,239.983644709,
122367,market_research_2026-04-04_21-22-29_live_round,f974d41e6f2b44c69df8c990afaf26d2,2026-04-05T02:37:36.139219+00:00,1775356656139219000,172366466752791,1900,,,ETF,2846,60,2842.0,-8.0,240.0373615,
122372,market_research_2026-04-04_21-22-29_live_round,f974d41e6f2b44c69df8c990afaf26d2,2026-04-05T02:37:36.187313+00:00,1775356656187313000,172366514847250,1900,,,ETF,2846,80,2842.5,-7.0,240.085455959,
122377,market_research_2026-04-04_21-22-29_live_round,f974d41e6f2b44c69df8c990afaf26d2,2026-04-05T02:37:36.231089+00:00,1775356656231089000,172366558622916,1900,,,ETF,2846,20,2843.0,-6.0,240.129231625,
122378,market_research_2026-04-04_21-22-29_live_round,f974d41e6f2b44c69df8c990afaf26d2,2026-04-05T02:37:36.234660+00:00,1775356656234660000,172366562194750,1900,,,ETF,2845,80,2843.0,-6.0,240.132803459,
123374,market_research_2026-04-04_21-22-29_live_round,f974d41e6f2b44c69df8c990afaf26d2,2026-04-05T02:37:47.837879+00:00,1775356667837879000,172378165444625,1950,,,ETF,2839,40,2838.5,-1.0,5.893283792,
123443,market_research_2026-04-04_21-22-29_live_round,f974d41e6f2b44c69df8c990afaf26d2,2026-04-05T02:37:48.569764+00:00,1775356668569764000,172378897331125,1950,,,ETF,2839,40,2842.0,-6.0,6.625170292,
123448,market_research_2026-04-04_21-22-29_live_round,f974d41e6f2b44c69df8c990afaf26d2,2026-04-05T02:37:48.612530+00:00,1775356668612530000,172378940097833,1950,,,ETF,2839,20,2841.5,-5.0,6.667937,
123449,market_research_2026-04-04_21-22-29_live_round,f974d41e6f2b44c69df8c990afaf26d2,2026-04-05T02:37:48.612655+00:00,1775356668612655000,172378940222375,1950,,,ETF,2840,40,2841.5,-5.0,6.668061542,
123455,market_research_2026-04-04_21-22-29_live_round,f974d41e6f2b44c69df8c990afaf26d2,2026-04-05T02:37:48.661703+00:00,1775356668661703000,172378989270416,1950,,,ETF,2840,40,2841.5,-3.0,6.717109583,
123456,market_research_2026-04-04_21-22-29_live_round,f974d41e6f2b44c69df8c990afaf26d2,2026-04-05T02:37:48.661822+00:00,1775356668661822000,172378989390041,1950,,,ETF,2841,40,2841.5,-3.0,6.717229208,
123462,market_research_2026-04-04_21-22-29_live_round,f974d41e6f2b44c69df8c990afaf26d2,2026-04-05T02:37:48.710847+00:00,1775356668710847000,172379038414375,1950,,,ETF,2841,60,2841.5,-1.0,6.766253542,
123585,market_research_2026-04-04_21-22-29_live_round,f974d41e6f2b44c69df8c990afaf26d2,2026-04-05T02:37:50.014049+00:00,1775356670014049000,172380341619750,1950,,,ETF,2842,40,2842.0,0.0,8.069458917,
123785,market_research_2026-04-04_21-22-29_live_round,f974d41e6f2b44c69df8c990afaf26d2,2026-04-05T02:37:52.111514+00:00,1775356672111514000,172382439091000,1950,,,ETF,2849,40,2849.0,0.0,10.166930167,
123987,market_research_2026-04-04_21-22-29_live_round,f974d41e6f2b44c69df8c990afaf26d2,2026-04-05T02:37:54.269884+00:00,1775356674269884000,172384597466125,1950,,,ETF,2852,40,2852.5,-1.0,12.325305292,
124325,market_research_2026-04-04_21-22-29_live_round,f974d41e6f2b44c69df8c990afaf26d2,2026-04-05T02:37:57.860560+00:00,1775356677860560000,172388188152375,1950,,,ETF,2854,40,2854.0,0.0,15.915991542,
124391,market_research_2026-04-04_21-22-29_live_round,f974d41e6f2b44c69df8c990afaf26d2,2026-04-05T02:37:58.588880+00:00,1775356678588880000,172388916474333,1950,,,ETF,2851,40,2851.0,0.0,16.6443135,
124460,market_research_2026-04-04_21-22-29_live_round,f974d41e6f2b44c69df8c990afaf26d2,2026-04-05T02:37:59.322772+00:00,1775356679322772000,172389650367625,1950,,,ETF,2852,40,2852.0,0.0,17.378206792,
124531,market_research_2026-04-04_21-22-29_live_round,f974d41e6f2b44c69df8c990afaf26d2,2026-04-05T02:38:00.098926+00:00,1775356680098926000,172390426524083,1975,,,ETF,2851,40,2850.5,-1.0,18.15436325,
124536,market_research_2026-04-04_21-22-29_live_round,f974d41e6f2b44c69df8c990afaf26d2,2026-04-05T02:38:00.139333+00:00,1775356680139333000,172390466931833,1975,,,ETF,2851,20,2851.0,0.0,18.194771,
124598,market_research_2026-04-04_21-22-29_live_round,f974d41e6f2b44c69df8c990afaf26d2,2026-04-05T02:38:00.803314+00:00,1775356680803314000,172391130914416,1975,,,ETF,2851,40,2851.5,-1.0,18.858753583,
124802,market_research_2026-04-04_21-22-29_live_round,f974d41e6f2b44c69df8c990afaf26d2,2026-04-05T02:38:03.153982+00:00,1775356683153982000,172393481588166,1975,,,ETF,2852,40,2853.5,-3.0,21.209427333,
124807,market_research_2026-04-04_21-22-29_live_round,f974d41e6f2b44c69df8c990afaf26d2,2026-04-05T02:38:03.189798+00:00,1775356683189798000,172393517404583,1975,,,ETF,2853,60,2853.5,-1.0,21.24524375,
125080,market_research_2026-04-04_21-22-29_live_round,f974d41e6f2b44c69df8c990afaf26d2,2026-04-05T02:38:06.351489+00:00,1775356686351489000,172396679104166,1975,,,ETF,2851,40,2851.0,0.0,24.406943333,
125209,market_research_2026-04-04_21-22-29_live_round,f974d41e6f2b44c69df8c990afaf26d2,2026-04-05T02:38:07.804838+00:00,1775356687804838000,172398132456916,1975,,,ETF,2852,40,2852.0,0.0,25.860296083,
125342,market_research_2026-04-04_21-22-29_live_round,f974d41e6f2b44c69df8c990afaf26d2,2026-04-05T02:38:09.319969+00:00,1775356689319969000,172399647591500,1975,,,ETF,2855,40,2856.5,-3.0,27.375430667,
125347,market_research_2026-04-04_21-22-29_live_round,f974d41e6f2b44c69df8c990afaf26d2,2026-04-05T02:38:09.364283+00:00,1775356689364283000,172399691905958,1975,,,ETF,2856,60,2856.5,-1.0,27.419745125,
125414,market_research_2026-04-04_21-22-29_live_round,f974d41e6f2b44c69df8c990afaf26d2,2026-04-05T02:38:10.117721+00:00,1775356690117721000,172400445345750,1975,,,ETF,2858,40,2858.0,0.0,28.173184917,
125493,market_research_2026-04-04_21-22-29_live_round,f974d41e6f2b44c69df8c990afaf26d2,2026-04-05T02:38:10.947318+00:00,1775356690947318000,172401274944500,1975,,,ETF,2864,40,2864.0,0.0,29.002783667,
125623,market_research_2026-04-04_21-22-29_live_round,f974d41e6f2b44c69df8c990afaf26d2,2026-04-05T02:38:12.506991+00:00,1775356692506991000,172402834621958,1975,,,ETF,2863,40,2861.5,-3.0,30.562461125,
125628,market_research_2026-04-04_21-22-29_live_round,f974d41e6f2b44c69df8c990afaf26d2,2026-04-05T02:38:12.551612+00:00,1775356692551612000,172402879243208,1975,,,ETF,2862,60,2861.5,-1.0,30.607082375,
125706,market_research_2026-04-04_21-22-29_live_round,f974d41e6f2b44c69df8c990afaf26d2,2026-04-05T02:38:13.385997+00:00,1775356693385997000,172403713630125,1975,,,ETF,2860,40,2860.0,0.0,31.441469292,
125773,market_research_2026-04-04_21-22-29_live_round,f974d41e6f2b44c69df8c990afaf26d2,2026-04-05T02:38:14.138256+00:00,1775356694138256000,172404465891041,1975,,,ETF,2861,40,2863.5,-5.0,32.193730208,
125778,market_research_2026-04-04_21-22-29_live_round,f974d41e6f2b44c69df8c990afaf26d2,2026-04-05T02:38:14.182745+00:00,1775356694182745000,172404510381083,1975,,,ETF,2861,20,2863.0,-4.0,32.23822025,
125779,market_research_2026-04-04_21-22-29_live_round,f974d41e6f2b44c69df8c990afaf26d2,2026-04-05T02:38:14.186181+00:00,1775356694186181000,172404513816583,1975,,,ETF,2862,40,2863.0,-4.0,32.24165575,
125785,market_research_2026-04-04_21-22-29_live_round,f974d41e6f2b44c69df8c990afaf26d2,2026-04-05T02:38:14.236272+00:00,1775356694236272000,172404563907875,1975,,,ETF,2862,40,2863.0,-2.0,32.291747042,
125786,market_research_2026-04-04_21-22-29_live_round,f974d41e6f2b44c69df8c990afaf26d2,2026-04-05T02:38:14.236399+00:00,1775356694236399000,172404564035416,1975,,,ETF,2863,40,2863.0,-2.0,32.291874583,
125792,market_research_2026-04-04_21-22-29_live_round,f974d41e6f2b44c69df8c990afaf26d2,2026-04-05T02:38:14.289941+00:00,1775356694289941000,172404617576625,1975,,,ETF,2863,60,2863.0,0.0,32.345415792,
125793,market_research_2026-04-04_21-22-29_live_round,f974d41e6f2b44c69df8c990afaf26d2,2026-04-05T02:38:14.290075+00:00,1775356694290075000,172404617711375,1975,,,ETF,2863,40,2863.0,0.0,32.345550542,
125858,market_research_2026-04-04_21-22-29_live_round,f974d41e6f2b44c69df8c990afaf26d2,2026-04-05T02:38:14.992378+00:00,1775356694992378000,172405320015250,1975,,,ETF,2863,40,2867.5,-9.0,33.047854417,
125863,market_research_2026-04-04_21-22-29_live_round,f974d41e6f2b44c69df8c990afaf26d2,2026-04-05T02:38:15.034795+00:00,1775356695034795000,172405362433416,1975,,,ETF,2863,20,2867.0,-8.0,33.090272583,
125933,market_research_2026-04-04_21-22-29_live_round,f974d41e6f2b44c69df8c990afaf26d2,2026-04-05T02:38:15.751878+00:00,1775356695751878000,172406079517791,1975,,,ETF,2875,40,2882.5,-15.0,33.807356958,
125938,market_research_2026-04-04_21-22-29_live_round,f974d41e6f2b44c69df8c990afaf26d2,2026-04-05T02:38:15.794446+00:00,1775356695794446000,172406122086000,1975,,,ETF,2875,60,2882.0,-14.0,33.849925167,
125947,market_research_2026-04-04_21-22-29_live_round,f974d41e6f2b44c69df8c990afaf26d2,2026-04-05T02:38:15.890964+00:00,1775356695890964000,172406218604458,1975,,,ETF,2878,40,2883.0,-10.0,33.946443625,
125948,market_research_2026-04-04_21-22-29_live_round,f974d41e6f2b44c69df8c990afaf26d2,2026-04-05T02:38:15.891106+00:00,1775356695891106000,172406218746458,1975,,,ETF,2879,40,2883.0,-10.0,33.946585625,
125954,market_research_2026-04-04_21-22-29_live_round,f974d41e6f2b44c69df8c990afaf26d2,2026-04-05T02:38:15.945177+00:00,1775356695945177000,172406272817958,1975,,,ETF,2879,20,2883.0,-8.0,34.000657125,
125955,market_research_2026-04-04_21-22-29_live_round,f974d41e6f2b44c69df8c990afaf26d2,2026-04-05T02:38:15.945302+00:00,1775356695945302000,172406272942333,1975,,,ETF,2880,80,2883.0,-8.0,34.0007815,
126015,market_research_2026-04-04_21-22-29_live_round,f974d41e6f2b44c69df8c990afaf26d2,2026-04-05T02:38:16.559464+00:00,1775356696559464000,172406887105625,1975,,,ETF,2881,40,2887.5,-13.0,34.614944792,
126020,market_research_2026-04-04_21-22-29_live_round,f974d41e6f2b44c69df8c990afaf26d2,2026-04-05T02:38:16.604812+00:00,1775356696604812000,172406932454208,1975,,,ETF,2881,60,2887.0,-12.0,34.660293375,
126088,market_research_2026-04-04_21-22-29_live_round,f974d41e6f2b44c69df8c990afaf26d2,2026-04-05T02:38:17.336092+00:00,1775356697336092000,172407663736083,1975,,,ETF,2899,40,2905.5,-13.0,35.39157525,
126093,market_research_2026-04-04_21-22-29_live_round,f974d41e6f2b44c69df8c990afaf26d2,2026-04-05T02:38:17.379929+00:00,1775356697379929000,172407707573458,1975,,,ETF,2899,60,2905.0,-12.0,35.435412625,
126098,market_research_2026-04-04_21-22-29_live_round,f974d41e6f2b44c69df8c990afaf26d2,2026-04-05T02:38:17.418739+00:00,1775356697418739000,172407746383041,1975,,,ETF,2900,40,2905.0,-10.0,35.474222208,
126099,market_research_2026-04-04_21-22-29_live_round,f974d41e6f2b44c69df8c990afaf26d2,2026-04-05T02:38:17.418867+00:00,1775356697418867000,172407746511291,1975,,,ETF,2901,40,2905.0,-10.0,35.474350458,
126105,market_research_2026-04-04_21-22-29_live_round,f974d41e6f2b44c69df8c990afaf26d2,2026-04-05T02:38:17.471975+00:00,1775356697471975000,172407799619625,1975,,,ETF,2901,20,2905.0,-8.0,35.527458792,
126106,market_research_2026-04-04_21-22-29_live_round,f974d41e6f2b44c69df8c990afaf26d2,2026-04-05T02:38:17.472100+00:00,1775356697472100000,172407799744541,1975,,,ETF,2902,80,2905.0,-8.0,35.527583708,
126168,market_research_2026-04-04_21-22-29_live_round,f974d41e6f2b44c69df8c990afaf26d2,2026-04-05T02:38:18.240598+00:00,1775356698240598000,172408568244375,1975,,,ETF,2903,40,2912.0,-18.0,36.296083542,
126173,market_research_2026-04-04_21-22-29_live_round,f974d41e6f2b44c69df8c990afaf26d2,2026-04-05T02:38:18.284081+00:00,1775356698284081000,172408611727541,1975,,,ETF,2903,60,2911.5,-17.0,36.339566708,
126178,market_research_2026-04-04_21-22-29_live_round,f974d41e6f2b44c69df8c990afaf26d2,2026-04-05T02:38:18.330409+00:00,1775356698330409000,172408658055833,1975,,,ETF,2918,40,2918.5,-1.0,36.385895,
126179,market_research_2026-04-04_21-22-29_live_round,f974d41e6f2b44c69df8c990afaf26d2,2026-04-05T02:38:18.334098+00:00,1775356698334098000,172408661745000,1975,,,ETF,2919,40,2918.5,-1.0,36.389584167,
126252,market_research_2026-04-04_21-22-29_live_round,f974d41e6f2b44c69df8c990afaf26d2,2026-04-05T02:38:19.338533+00:00,1775356699338533000,172409666181916,1975,,,ETF,2921,40,2929.5,-17.0,37.394021083,
126257,market_research_2026-04-04_21-22-29_live_round,f974d41e6f2b44c69df8c990afaf26d2,2026-04-05T02:38:19.398030+00:00,1775356699398030000,172409725678625,1975,,,ETF,2921,60,2929.0,-16.0,37.453517792,
126262,market_research_2026-04-04_21-22-29_live_round,f974d41e6f2b44c69df8c990afaf26d2,2026-04-05T02:38:19.467146+00:00,1775356699467146000,172409794795041,1975,,,ETF,2927,40,2931.5,-9.0,37.522634208,
126263,market_research_2026-04-04_21-22-29_live_round,f974d41e6f2b44c69df8c990afaf26d2,2026-04-05T02:38:19.472685+00:00,1775356699472685000,172409800334208,1975,,,ETF,2928,40,2931.5,-9.0,37.528173375,
126269,market_research_2026-04-04_21-22-29_live_round,f974d41e6f2b44c69df8c990afaf26d2,2026-04-05T02:38:19.554090+00:00,1775356699554090000,172409881739458,1975,,,ETF,2928,20,2931.5,-7.0,37.609578625,
126270,market_research_2026-04-04_21-22-29_live_round,f974d41e6f2b44c69df8c990afaf26d2,2026-04-05T02:38:19.559523+00:00,1775356699559523000,172409887173000,1975,,,ETF,2929,80,2931.5,-7.0,37.615012167,
126339,market_research_2026-04-04_21-22-29_live_round,f974d41e6f2b44c69df8c990afaf26d2,2026-04-05T02:38:20.632896+00:00,1775356700632896000,172410960548125,1975,,,ETF,2930,40,2943.0,-26.0,38.688387292,
126344,market_research_2026-04-04_21-22-29_live_round,f974d41e6f2b44c69df8c990afaf26d2,2026-04-05T02:38:20.726710+00:00,1775356700726710000,172411054362833,1975,,,ETF,2930,60,2942.5,-25.0,38.782202,
126349,market_research_2026-04-04_21-22-29_live_round,f974d41e6f2b44c69df8c990afaf26d2,2026-04-05T02:38:20.813120+00:00,1775356700813120000,172411140773291,1975,,,ETF,2944,40,2949.0,-10.0,38.868612458,
126350,market_research_2026-04-04_21-22-29_live_round,f974d41e6f2b44c69df8c990afaf26d2,2026-04-05T02:38:20.817279+00:00,1775356700817279000,172411144932083,1975,,,ETF,2945,40,2949.0,-10.0,38.87277125,
126356,market_research_2026-04-04_21-22-29_live_round,f974d41e6f2b44c69df8c990afaf26d2,2026-04-05T02:38:20.915688+00:00,1775356700915688000,172411243340833,1975,,,ETF,2945,20,2949.0,-8.0,38.97118,
126357,market_research_2026-04-04_21-22-29_live_round,f974d41e6f2b44c69df8c990afaf26d2,2026-04-05T02:38:20.920838+00:00,1775356700920838000,172411248491083,1975,,,ETF,2946,80,2949.0,-8.0,38.97633025,
126428,market_research_2026-04-04_21-22-29_live_round,f974d41e6f2b44c69df8c990afaf26d2,2026-04-05T02:38:22.551778+00:00,1775356702551778000,172412879435250,1975,,,ETF,2947,40,2957.5,-21.0,40.607274417,
126433,market_research_2026-04-04_21-22-29_live_round,f974d41e6f2b44c69df8c990afaf26d2,2026-04-05T02:38:22.618249+00:00,1775356702618249000,172412945906625,1975,,,ETF,2947,60,2957.0,-20.0,40.673745792,
126438,market_research_2026-04-04_21-22-29_live_round,f974d41e6f2b44c69df8c990afaf26d2,2026-04-05T02:38:22.699815+00:00,1775356702699815000,172413027472625,1975,,,ETF,2962,40,2964.0,-4.0,40.755311792,
126439,market_research_2026-04-04_21-22-29_live_round,f974d41e6f2b44c69df8c990afaf26d2,2026-04-05T02:38:22.700061+00:00,1775356702700061000,172413027719541,1975,,,ETF,2963,40,2964.0,-4.0,40.755558708,
126445,market_research_2026-04-04_21-22-29_live_round,f974d41e6f2b44c69df8c990afaf26d2,2026-04-05T02:38:22.777460+00:00,1775356702777460000,172413105118375,1975,,,ETF,2963,20,2964.0,-2.0,40.832957542,
126446,market_research_2026-04-04_21-22-29_live_round,f974d41e6f2b44c69df8c990afaf26d2,2026-04-05T02:38:22.783099+00:00,1775356702783099000,172413110756916,1975,,,ETF,2964,80,2964.0,-2.0,40.838596083,
126514,market_research_2026-04-04_21-22-29_live_round,f974d41e6f2b44c69df8c990afaf26d2,2026-04-05T02:38:23.819411+00:00,1775356703819411000,172414147071500,1975,,,ETF,2965,40,2979.0,-28.0,41.874910667,
126519,market_research_2026-04-04_21-22-29_live_round,f974d41e6f2b44c69df8c990afaf26d2,2026-04-05T02:38:23.873127+00:00,1775356703873127000,172414200788583,1975,,,ETF,2965,60,2978.5,-27.0,41.92862775,
126524,market_research_2026-04-04_21-22-29_live_round,f974d41e6f2b44c69df8c990afaf26d2,2026-04-05T02:38:23.925770+00:00,1775356703925770000,172414253431416,1975,,,ETF,2974,40,2982.5,-17.0,41.981270583,
126525,market_research_2026-04-04_21-22-29_live_round,f974d41e6f2b44c69df8c990afaf26d2,2026-04-05T02:38:23.926051+00:00,1775356703926051000,172414253712291,1975,,,ETF,2975,40,2982.5,-17.0,41.981551458,
126531,market_research_2026-04-04_21-22-29_live_round,f974d41e6f2b44c69df8c990afaf26d2,2026-04-05T02:38:23.992428+00:00,1775356703992428000,172414320089208,1975,,,ETF,2975,20,2982.5,-15.0,42.047928375,
126532,market_research_2026-04-04_21-22-29_live_round,f974d41e6f2b44c69df8c990afaf26d2,2026-04-05T02:38:23.993229+00:00,1775356703993229000,172414320890708,1975,,,ETF,2976,80,2982.5,-15.0,42.048729875,
126597,market_research_2026-04-04_21-22-29_live_round,f974d41e6f2b44c69df8c990afaf26d2,2026-04-05T02:38:24.960845+00:00,1775356704960845000,172415288509208,1975,,,ETF,2977,40,2995.0,-36.0,43.016348375,
126602,market_research_2026-04-04_21-22-29_live_round,f974d41e6f2b44c69df8c990afaf26d2,2026-04-05T02:38:25.023709+00:00,1775356705023709000,172415351373000,1975,,,ETF,2977,60,2994.5,-35.0,43.079212167,
126607,market_research_2026-04-04_21-22-29_live_round,f974d41e6f2b44c69df8c990afaf26d2,2026-04-05T02:38:25.076990+00:00,1775356705076990000,172415404655083,1975,,,ETF,2999,40,3005.0,-12.0,43.13249425,
126608,market_research_2026-04-04_21-22-29_live_round,f974d41e6f2b44c69df8c990afaf26d2,2026-04-05T02:38:25.077267+00:00,1775356705077267000,172415404932041,1975,,,ETF,3000,40,3005.0,-12.0,43.132771208,
126614,market_research_2026-04-04_21-22-29_live_round,f974d41e6f2b44c69df8c990afaf26d2,2026-04-05T02:38:25.147594+00:00,1775356705147594000,172415475258250,1975,,,ETF,3000,20,3005.0,-10.0,43.203097417,
126615,market_research_2026-04-04_21-22-29_live_round,f974d41e6f2b44c69df8c990afaf26d2,2026-04-05T02:38:25.147884+00:00,1775356705147884000,172415475548916,1975,,,ETF,3001,80,3005.0,-10.0,43.203388083,
126681,market_research_2026-04-04_21-22-29_live_round,f974d41e6f2b44c69df8c990afaf26d2,2026-04-05T02:38:26.061868+00:00,1775356706061868000,172416389535250,1975,,,ETF,3002,40,3022.5,-41.0,44.117374417,
126686,market_research_2026-04-04_21-22-29_live_round,f974d41e6f2b44c69df8c990afaf26d2,2026-04-05T02:38:26.112193+00:00,1775356706112193000,172416439860583,1975,,,ETF,3002,60,3022.0,-40.0,44.16769975,
126691,market_research_2026-04-04_21-22-29_live_round,f974d41e6f2b44c69df8c990afaf26d2,2026-04-05T02:38:26.151693+00:00,1775356706151693000,172416479359916,1975,,,ETF,3019,40,3030.0,-22.0,44.207199083,
126692,market_research_2026-04-04_21-22-29_live_round,f974d41e6f2b44c69df8c990afaf26d2,2026-04-05T02:38:26.151861+00:00,1775356706151861000,172416479528958,1975,,,ETF,3020,40,3030.0,-22.0,44.207368125,
126698,market_research_2026-04-04_21-22-29_live_round,f974d41e6f2b44c69df8c990afaf26d2,2026-04-05T02:38:26.211415+00:00,1775356706211415000,172416539082958,1975,,,ETF,3020,20,3030.0,-20.0,44.266922125,
126699,market_research_2026-04-04_21-22-29_live_round,f974d41e6f2b44c69df8c990afaf26d2,2026-04-05T02:38:26.211583+00:00,1775356706211583000,172416539251291,1975,,,ETF,3021,80,3030.0,-20.0,44.267090458,
126765,market_research_2026-04-04_21-22-29_live_round,f974d41e6f2b44c69df8c990afaf26d2,2026-04-05T02:38:27.153198+00:00,1775356707153198000,172417480867333,1975,,,ETF,3022,40,3052.0,-60.0,45.2087065,
126770,market_research_2026-04-04_21-22-29_live_round,f974d41e6f2b44c69df8c990afaf26d2,2026-04-05T02:38:27.195845+00:00,1775356707195845000,172417523514458,1975,,,ETF,3022,60,3051.5,-59.0,45.251353625,
126775,market_research_2026-04-04_21-22-29_live_round,f974d41e6f2b44c69df8c990afaf26d2,2026-04-05T02:38:27.237004+00:00,1775356707237004000,172417564673708,1975,,,ETF,3049,40,3064.5,-31.0,45.292512875,
126776,market_research_2026-04-04_21-22-29_live_round,f974d41e6f2b44c69df8c990afaf26d2,2026-04-05T02:38:27.237324+00:00,1775356707237324000,172417564994875,1975,,,ETF,3050,40,3064.5,-31.0,45.292834042,
126782,market_research_2026-04-04_21-22-29_live_round,f974d41e6f2b44c69df8c990afaf26d2,2026-04-05T02:38:27.296353+00:00,1775356707296353000,172417624023708,1975,,,ETF,3050,20,3064.5,-29.0,45.351862875,
126783,market_research_2026-04-04_21-22-29_live_round,f974d41e6f2b44c69df8c990afaf26d2,2026-04-05T02:38:27.296603+00:00,1775356707296603000,172417624273541,1975,,,ETF,3051,80,3064.5,-29.0,45.352112708,
126849,market_research_2026-04-04_21-22-29_live_round,f974d41e6f2b44c69df8c990afaf26d2,2026-04-05T02:38:28.190712+00:00,1775356708190712000,172418518384750,1975,,,ETF,3052,40,3088.5,-73.0,46.246223917,
126854,market_research_2026-04-04_21-22-29_live_round,f974d41e6f2b44c69df8c990afaf26d2,2026-04-05T02:38:28.246570+00:00,1775356708246570000,172418574242375,1975,,,ETF,3052,60,3088.0,-72.0,46.302081542,
126859,market_research_2026-04-04_21-22-29_live_round,f974d41e6f2b44c69df8c990afaf26d2,2026-04-05T02:38:28.296123+00:00,1775356708296123000,172418623796000,1975,,,ETF,3088,40,3105.5,-35.0,46.351635167,
126860,market_research_2026-04-04_21-22-29_live_round,f974d41e6f2b44c69df8c990afaf26d2,2026-04-05T02:38:28.296377+00:00,1775356708296377000,172418624050458,1975,,,ETF,3089,40,3105.5,-35.0,46.351889625,
126866,market_research_2026-04-04_21-22-29_live_round,f974d41e6f2b44c69df8c990afaf26d2,2026-04-05T02:38:28.387153+00:00,1775356708387153000,172418714825875,1975,,,ETF,3089,20,3105.5,-33.0,46.442665042,
126867,market_research_2026-04-04_21-22-29_live_round,f974d41e6f2b44c69df8c990afaf26d2,2026-04-05T02:38:28.387382+00:00,1775356708387382000,172418715055875,1975,,,ETF,3090,80,3105.5,-33.0,46.442895042,
126933,market_research_2026-04-04_21-22-29_live_round,f974d41e6f2b44c69df8c990afaf26d2,2026-04-05T02:38:29.369149+00:00,1775356709369149000,172419696824958,1975,,,ETF,3091,40,3138.5,-95.0,47.424664125,
126938,market_research_2026-04-04_21-22-29_live_round,f974d41e6f2b44c69df8c990afaf26d2,2026-04-05T02:38:29.444636+00:00,1775356709444636000,172419772311833,1975,,,ETF,3091,60,3138.0,-94.0,47.500151,
126943,market_research_2026-04-04_21-22-29_live_round,f974d41e6f2b44c69df8c990afaf26d2,2026-04-05T02:38:29.509982+00:00,1775356709509982000,172419837658041,1975,,,ETF,3131,40,3157.5,-53.0,47.565497208,
126944,market_research_2026-04-04_21-22-29_live_round,f974d41e6f2b44c69df8c990afaf26d2,2026-04-05T02:38:29.515132+00:00,1775356709515132000,172419842809125,1975,,,ETF,3132,40,3157.5,-53.0,47.570648292,
126950,market_research_2026-04-04_21-22-29_live_round,f974d41e6f2b44c69df8c990afaf26d2,2026-04-05T02:38:29.584634+00:00,1775356709584634000,172419912310541,1975,,,ETF,3132,20,3157.5,-51.0,47.640149708,
126951,market_research_2026-04-04_21-22-29_live_round,f974d41e6f2b44c69df8c990afaf26d2,2026-04-05T02:38:29.584910+00:00,1775356709584910000,172419912586583,1975,,,ETF,3133,80,3157.5,-51.0,47.64042575,
127017,market_research_2026-04-04_21-22-29_live_round,f974d41e6f2b44c69df8c990afaf26d2,2026-04-05T02:38:30.338854+00:00,1775356710338854000,172420666533083,1975,,,ETF,3134,100,3189.5,-111.0,48.39437225,
127018,market_research_2026-04-04_21-22-29_live_round,f974d41e6f2b44c69df8c990afaf26d2,2026-04-05T02:38:30.339011+00:00,1775356710339011000,172420666689625,1975,,,ETF,3192,40,3189.5,-111.0,48.394528792,
127019,market_research_2026-04-04_21-22-29_live_round,f974d41e6f2b44c69df8c990afaf26d2,2026-04-05T02:38:30.339130+00:00,1775356710339130000,172420666809083,1975,,,ETF,3193,60,3189.5,-111.0,48.39464825,
127025,market_research_2026-04-04_21-22-29_live_round,f974d41e6f2b44c69df8c990afaf26d2,2026-04-05T02:38:30.384930+00:00,1775356710384930000,172420712609250,1975,,,ETF,3194,40,3215.5,-43.0,48.440448417,
127030,market_research_2026-04-04_21-22-29_live_round,f974d41e6f2b44c69df8c990afaf26d2,2026-04-05T02:38:30.415442+00:00,1775356710415442000,172420743120708,1975,,,ETF,3194,40,3215.0,-42.0,48.470959875,
127031,market_research_2026-04-04_21-22-29_live_round,f974d41e6f2b44c69df8c990afaf26d2,2026-04-05T02:38:30.415560+00:00,1775356710415560000,172420743239708,1975,,,ETF,3195,20,3215.0,-42.0,48.471078875,
127037,market_research_2026-04-04_21-22-29_live_round,f974d41e6f2b44c69df8c990afaf26d2,2026-04-05T02:38:30.460033+00:00,1775356710460033000,172420787712208,1975,,,ETF,3195,80,3215.0,-40.0,48.515551375,
127106,market_research_2026-04-04_21-22-29_live_round,f974d41e6f2b44c69df8c990afaf26d2,2026-04-05T02:38:31.440220+00:00,1775356711440220000,172421767901666,1975,,,ETF,3243,40,3287.5,-89.0,49.495740833,
127111,market_research_2026-04-04_21-22-29_live_round,f974d41e6f2b44c69df8c990afaf26d2,2026-04-05T02:38:31.486137+00:00,1775356711486137000,172421813818708,1975,,,ETF,3244,60,3287.5,-87.0,49.541657875,
127116,market_research_2026-04-04_21-22-29_live_round,f974d41e6f2b44c69df8c990afaf26d2,2026-04-05T02:38:31.521260+00:00,1775356711521260000,172421848942166,1975,,,ETF,3245,80,3287.5,-85.0,49.576781333,
127121,market_research_2026-04-04_21-22-29_live_round,f974d41e6f2b44c69df8c990afaf26d2,2026-04-05T02:38:31.566617+00:00,1775356711566617000,172421894299333,1975,,,ETF,3246,100,3287.5,-83.0,49.6221385,
127182,market_research_2026-04-04_21-22-29_live_round,f974d41e6f2b44c69df8c990afaf26d2,2026-04-05T02:38:32.067451+00:00,1775356712067451000,172422395134166,1975,,,ETF,3338,40,3338.0,0.0,50.122973333,
127313,market_research_2026-04-04_21-22-29_live_round,f974d41e6f2b44c69df8c990afaf26d2,2026-04-05T02:38:33.424238+00:00,1775356713424238000,172423751925500,1975,,,ETF,3340,40,3336.5,-7.0,51.479764667,
127318,market_research_2026-04-04_21-22-29_live_round,f974d41e6f2b44c69df8c990afaf26d2,2026-04-05T02:38:33.460065+00:00,1775356713460065000,172423787752250,1975,,,ETF,3339,60,3336.5,-5.0,51.515591417,
127323,market_research_2026-04-04_21-22-29_live_round,f974d41e6f2b44c69df8c990afaf26d2,2026-04-05T02:38:33.498026+00:00,1775356713498026000,172423825713000,1975,,,ETF,3338,80,3336.5,-3.0,51.553552167,
127328,market_research_2026-04-04_21-22-29_live_round,f974d41e6f2b44c69df8c990afaf26d2,2026-04-05T02:38:33.539425+00:00,1775356713539425000,172423867112708,1975,,,ETF,3337,100,3336.5,-1.0,51.594951875,
127716,market_research_2026-04-04_21-22-29_live_round,f974d41e6f2b44c69df8c990afaf26d2,2026-04-05T02:38:37.800794+00:00,1775356717800794000,172428128492708,1975,,,ETF,3330,40,3330.5,-1.0,55.856331875,
