event_index,session_id,run_id,wall_time_iso,wall_time_ns,monotonic_ns,exchange_tick,round,day,symbol,trade_px,trade_qty,mid_at_trade,spread_at_trade,time_since_last_symbol_news,latest_known_eps_for_symbol
3342,market_research_2026-04-04_21-22-29_live_round,f974d41e6f2b44c69df8c990afaf26d2,2026-04-05T02:22:40.033053+00:00,1775355760033053000,171470358195291,175,,,A,1026,40,1026.0,0.0,,
3411,market_research_2026-04-04_21-22-29_live_round,f974d41e6f2b44c69df8c990afaf26d2,2026-04-05T02:22:40.243275+00:00,1775355760243275000,171470568417250,175,,,A,1030,40,1031.5,-3.0,,
3417,market_research_2026-04-04_21-22-29_live_round,f974d41e6f2b44c69df8c990afaf26d2,2026-04-05T02:22:40.246056+00:00,1775355760246056000,171470571198541,175,,,A,1030,60,1031.0,-2.0,,
3484,market_research_2026-04-04_21-22-29_live_round,f974d41e6f2b44c69df8c990afaf26d2,2026-04-05T02:22:40.431141+00:00,1775355760431141000,171470756283750,175,,,A,1035,40,1040.0,-10.0,,
3489,market_research_2026-04-04_21-22-29_live_round,f974d41e6f2b44c69df8c990afaf26d2,2026-04-05T02:22:40.433437+00:00,1775355760433437000,171470758580083,175,,,A,1035,60,1039.5,-9.0,,
3494,market_research_2026-04-04_21-22-29_live_round,f974d41e6f2b44c69df8c990afaf26d2,2026-04-05T02:22:40.435497+00:00,1775355760435497000,171470760640166,175,,,A,1039,40,1041.0,-4.0,,
3495,market_research_2026-04-04_21-22-29_live_round,f974d41e6f2b44c69df8c990afaf26d2,2026-04-05T02:22:40.435590+00:00,1775355760435590000,171470760733666,175,,,A,1040,40,1041.0,-4.0,,
3501,market_research_2026-04-04_21-22-29_live_round,f974d41e6f2b44c69df8c990afaf26d2,2026-04-05T02:22:40.438457+00:00,1775355760438457000,171470763600666,175,,,A,1040,20,1041.0,-2.0,,
3502,market_research_2026-04-04_21-22-29_live_round,f974d41e6f2b44c69df8c990afaf26d2,2026-04-05T02:22:40.438555+00:00,1775355760438555000,171470763698000,175,,,A,1041,80,1041.0,-2.0,,
3568,market_research_2026-04-04_21-22-29_live_round,f974d41e6f2b44c69df8c990afaf26d2,2026-04-05T02:22:40.643681+00:00,1775355760643681000,171470968824958,175,,,A,1042,40,1048.5,-13.0,,
3573,market_research_2026-04-04_21-22-29_live_round,f974d41e6f2b44c69df8c990afaf26d2,2026-04-05T02:22:40.646534+00:00,1775355760646534000,171470971677625,175,,,A,1042,60,1048.0,-12.0,,
3578,market_research_2026-04-04_21-22-29_live_round,f974d41e6f2b44c69df8c990afaf26d2,2026-04-05T02:22:40.648467+00:00,1775355760648467000,171470973610583,175,,,A,1051,40,1052.0,-2.0,,
3579,market_research_2026-04-04_21-22-29_live_round,f974d41e6f2b44c69df8c990afaf26d2,2026-04-05T02:22:40.648545+00:00,1775355760648545000,171470973688791,175,,,A,1052,40,1052.0,-2.0,,
3586,market_research_2026-04-04_21-22-29_live_round,f974d41e6f2b44c69df8c990afaf26d2,2026-04-05T02:22:40.651408+00:00,1775355760651408000,171470976551666,175,,,A,1052,20,1052.0,0.0,,
3646,market_research_2026-04-04_21-22-29_live_round,f974d41e6f2b44c69df8c990afaf26d2,2026-04-05T02:22:40.832072+00:00,1775355760832072000,171471157215791,175,,,A,1054,40,1061.0,-14.0,,
3651,market_research_2026-04-04_21-22-29_live_round,f974d41e6f2b44c69df8c990afaf26d2,2026-04-05T02:22:40.834080+00:00,1775355760834080000,171471159224125,175,,,A,1054,60,1060.5,-13.0,,
3657,market_research_2026-04-04_21-22-29_live_round,f974d41e6f2b44c69df8c990afaf26d2,2026-04-05T02:22:40.837727+00:00,1775355760837727000,171471162871208,175,,,A,1061,40,1063.5,-5.0,,
3658,market_research_2026-04-04_21-22-29_live_round,f974d41e6f2b44c69df8c990afaf26d2,2026-04-05T02:22:40.837919+00:00,1775355760837919000,171471163063625,175,,,A,1062,40,1063.5,-5.0,,
3664,market_research_2026-04-04_21-22-29_live_round,f974d41e6f2b44c69df8c990afaf26d2,2026-04-05T02:22:40.841763+00:00,1775355760841763000,171471166906791,175,,,A,1062,20,1063.5,-3.0,,
3665,market_research_2026-04-04_21-22-29_live_round,f974d41e6f2b44c69df8c990afaf26d2,2026-04-05T02:22:40.841856+00:00,1775355760841856000,171471167000291,175,,,A,1063,80,1063.5,-3.0,,
3726,market_research_2026-04-04_21-22-29_live_round,f974d41e6f2b44c69df8c990afaf26d2,2026-04-05T02:22:41.035147+00:00,1775355761035147000,171471360291416,175,,,A,1064,40,1074.0,-20.0,,
3731,market_research_2026-04-04_21-22-29_live_round,f974d41e6f2b44c69df8c990afaf26d2,2026-04-05T02:22:41.038574+00:00,1775355761038574000,171471363718458,175,,,A,1064,60,1073.5,-19.0,,
3736,market_research_2026-04-04_21-22-29_live_round,f974d41e6f2b44c69df8c990afaf26d2,2026-04-05T02:22:41.042642+00:00,1775355761042642000,171471367786375,175,,,A,1074,40,1078.0,-8.0,,
3737,market_research_2026-04-04_21-22-29_live_round,f974d41e6f2b44c69df8c990afaf26d2,2026-04-05T02:22:41.042888+00:00,1775355761042888000,171471368032458,175,,,A,1075,40,1078.0,-8.0,,
3743,market_research_2026-04-04_21-22-29_live_round,f974d41e6f2b44c69df8c990afaf26d2,2026-04-05T02:22:41.046368+00:00,1775355761046368000,171471371512458,175,,,A,1075,20,1078.0,-6.0,,
3744,market_research_2026-04-04_21-22-29_live_round,f974d41e6f2b44c69df8c990afaf26d2,2026-04-05T02:22:41.046454+00:00,1775355761046454000,171471371599291,175,,,A,1076,80,1078.0,-6.0,,
3801,market_research_2026-04-04_21-22-29_live_round,f974d41e6f2b44c69df8c990afaf26d2,2026-04-05T02:22:41.297392+00:00,1775355761297392000,171471622537583,175,,,A,1077,40,1080.0,-6.0,,
3806,market_research_2026-04-04_21-22-29_live_round,f974d41e6f2b44c69df8c990afaf26d2,2026-04-05T02:22:41.299417+00:00,1775355761299417000,171471624562708,175,,,A,1077,60,1079.5,-5.0,,
5043,market_research_2026-04-04_21-22-29_live_round,f974d41e6f2b44c69df8c990afaf26d2,2026-04-05T02:22:44.970810+00:00,1775355764970810000,171475295965541,175,,,A,1095,40,1095.5,-1.0,,
5044,market_research_2026-04-04_21-22-29_live_round,f974d41e6f2b44c69df8c990afaf26d2,2026-04-05T02:22:44.970901+00:00,1775355764970901000,171475296056708,175,,,A,1096,60,1095.5,-1.0,,
5913,market_research_2026-04-04_21-22-29_live_round,f974d41e6f2b44c69df8c990afaf26d2,2026-04-05T02:22:47.585634+00:00,1775355767585634000,171477910796791,175,,,A,1080,40,1079.5,-1.0,,
5914,market_research_2026-04-04_21-22-29_live_round,f974d41e6f2b44c69df8c990afaf26d2,2026-04-05T02:22:47.585737+00:00,1775355767585737000,171477910899000,175,,,A,1079,60,1079.5,-1.0,,
6710,market_research_2026-04-04_21-22-29_live_round,f974d41e6f2b44c69df8c990afaf26d2,2026-04-05T02:22:49.997836+00:00,1775355769997836000,171480323004750,175,,,A,1092,40,1094.0,-4.0,,
6711,market_research_2026-04-04_21-22-29_live_round,f974d41e6f2b44c69df8c990afaf26d2,2026-04-05T02:22:49.997956+00:00,1775355769997956000,171480323124375,175,,,A,1093,100,1094.0,-4.0,,
6712,market_research_2026-04-04_21-22-29_live_round,f974d41e6f2b44c69df8c990afaf26d2,2026-04-05T02:22:49.998047+00:00,1775355769998047000,171480323215750,175,,,A,1093,60,1094.0,-4.0,,
6982,market_research_2026-04-04_21-22-29_live_round,f974d41e6f2b44c69df8c990afaf26d2,2026-04-05T02:22:50.793511+00:00,1775355770793511000,171481118681833,175,,,A,1088,40,1087.5,-1.0,,
6983,market_research_2026-04-04_21-22-29_live_round,f974d41e6f2b44c69df8c990afaf26d2,2026-04-05T02:22:50.793625+00:00,1775355770793625000,171481118796041,175,,,A,1087,60,1087.5,-1.0,,
10997,market_research_2026-04-04_21-22-29_live_round,f974d41e6f2b44c69df8c990afaf26d2,2026-04-05T02:23:02.963938+00:00,1775355782963938000,171493289141250,300,,,A,1079,40,1078.0,-2.0,3.72158625,0.9534721385539758
11002,market_research_2026-04-04_21-22-29_live_round,f974d41e6f2b44c69df8c990afaf26d2,2026-04-05T02:23:02.970897+00:00,1775355782970897000,171493296100583,300,,,A,1079,60,1078.5,-1.0,3.728545583,0.9534721385539758
11068,market_research_2026-04-04_21-22-29_live_round,f974d41e6f2b44c69df8c990afaf26d2,2026-04-05T02:23:03.211704+00:00,1775355783211704000,171493536907791,300,,,A,1075,40,1074.5,-1.0,3.969352791,0.9534721385539758
11073,market_research_2026-04-04_21-22-29_live_round,f974d41e6f2b44c69df8c990afaf26d2,2026-04-05T02:23:03.216029+00:00,1775355783216029000,171493541233458,300,,,A,1075,60,1075.0,0.0,3.973678458,0.9534721385539758
11393,market_research_2026-04-04_21-22-29_live_round,f974d41e6f2b44c69df8c990afaf26d2,2026-04-05T02:23:04.259761+00:00,1775355784259761000,171494584968291,300,,,A,1055,40,1055.0,0.0,5.017413291,0.9534721385539758
11468,market_research_2026-04-04_21-22-29_live_round,f974d41e6f2b44c69df8c990afaf26d2,2026-04-05T02:23:04.380818+00:00,1775355784380818000,171494706024958,300,,,A,1052,40,1050.5,-3.0,5.138469958,0.9534721385539758
11473,market_research_2026-04-04_21-22-29_live_round,f974d41e6f2b44c69df8c990afaf26d2,2026-04-05T02:23:04.387931+00:00,1775355784387931000,171494713137791,300,,,A,1052,60,1051.0,-2.0,5.145582791,0.9534721385539758
11539,market_research_2026-04-04_21-22-29_live_round,f974d41e6f2b44c69df8c990afaf26d2,2026-04-05T02:23:04.565349+00:00,1775355784565349000,171494890556875,300,,,A,1046,40,1045.0,-2.0,5.323001875,0.9534721385539758
11544,market_research_2026-04-04_21-22-29_live_round,f974d41e6f2b44c69df8c990afaf26d2,2026-04-05T02:23:04.574575+00:00,1775355784574575000,171494899782500,300,,,A,1046,60,1045.5,-1.0,5.3322275,0.9534721385539758
11604,market_research_2026-04-04_21-22-29_live_round,f974d41e6f2b44c69df8c990afaf26d2,2026-04-05T02:23:04.771023+00:00,1775355784771023000,171495096230750,300,,,A,1040,40,1039.0,-2.0,5.52867575,0.9534721385539758
11609,market_research_2026-04-04_21-22-29_live_round,f974d41e6f2b44c69df8c990afaf26d2,2026-04-05T02:23:04.779224+00:00,1775355784779224000,171495104432666,300,,,A,1040,60,1039.5,-1.0,5.536877666,0.9534721385539758
11679,market_research_2026-04-04_21-22-29_live_round,f974d41e6f2b44c69df8c990afaf26d2,2026-04-05T02:23:04.961993+00:00,1775355784961993000,171495287201625,300,,,A,1035,40,1034.0,-2.0,5.719646625,0.9534721385539758
11684,market_research_2026-04-04_21-22-29_live_round,f974d41e6f2b44c69df8c990afaf26d2,2026-04-05T02:23:04.966558+00:00,1775355784966558000,171495291767166,300,,,A,1035,60,1034.5,-1.0,5.724212166,0.9534721385539758
11750,market_research_2026-04-04_21-22-29_live_round,f974d41e6f2b44c69df8c990afaf26d2,2026-04-05T02:23:05.238777+00:00,1775355785238777000,171495563986541,300,,,A,1029,40,1026.0,-6.0,5.996431541,0.9534721385539758
11755,market_research_2026-04-04_21-22-29_live_round,f974d41e6f2b44c69df8c990afaf26d2,2026-04-05T02:23:05.243442+00:00,1775355785243442000,171495568651708,300,,,A,1029,60,1026.5,-5.0,6.001096708,0.9534721385539758
11760,market_research_2026-04-04_21-22-29_live_round,f974d41e6f2b44c69df8c990afaf26d2,2026-04-05T02:23:05.248706+00:00,1775355785248706000,171495573915291,300,,,A,1027,40,1026.0,-2.0,6.006360291,0.9534721385539758
11761,market_research_2026-04-04_21-22-29_live_round,f974d41e6f2b44c69df8c990afaf26d2,2026-04-05T02:23:05.248824+00:00,1775355785248824000,171495574033041,300,,,A,1026,40,1026.0,-2.0,6.006478041,0.9534721385539758
11767,market_research_2026-04-04_21-22-29_live_round,f974d41e6f2b44c69df8c990afaf26d2,2026-04-05T02:23:05.255504+00:00,1775355785255504000,171495580713583,300,,,A,1026,20,1026.0,0.0,6.013158583,0.9534721385539758
11825,market_research_2026-04-04_21-22-29_live_round,f974d41e6f2b44c69df8c990afaf26d2,2026-04-05T02:23:05.382452+00:00,1775355785382452000,171495707661291,300,,,A,1024,40,1021.0,-6.0,6.140106291,0.9534721385539758
11833,market_research_2026-04-04_21-22-29_live_round,f974d41e6f2b44c69df8c990afaf26d2,2026-04-05T02:23:05.394883+00:00,1775355785394883000,171495720092875,300,,,A,1024,60,1021.5,-5.0,6.152537875,0.9534721385539758
11898,market_research_2026-04-04_21-22-29_live_round,f974d41e6f2b44c69df8c990afaf26d2,2026-04-05T02:23:05.565424+00:00,1775355785565424000,171495890634625,300,,,A,1014,40,1010.0,-8.0,6.323079625,0.9534721385539758
11905,market_research_2026-04-04_21-22-29_live_round,f974d41e6f2b44c69df8c990afaf26d2,2026-04-05T02:23:05.572549+00:00,1775355785572549000,171495897759041,300,,,A,1014,60,1010.5,-7.0,6.330204041,0.9534721385539758
11911,market_research_2026-04-04_21-22-29_live_round,f974d41e6f2b44c69df8c990afaf26d2,2026-04-05T02:23:05.580555+00:00,1775355785580555000,171495905765333,300,,,A,1012,40,1010.0,-4.0,6.338210333,0.9534721385539758
11912,market_research_2026-04-04_21-22-29_live_round,f974d41e6f2b44c69df8c990afaf26d2,2026-04-05T02:23:05.581078+00:00,1775355785581078000,171495906288083,300,,,A,1011,40,1010.0,-4.0,6.338733083,0.9534721385539758
11918,market_research_2026-04-04_21-22-29_live_round,f974d41e6f2b44c69df8c990afaf26d2,2026-04-05T02:23:05.590162+00:00,1775355785590162000,171495915372500,300,,,A,1011,20,1010.0,-2.0,6.3478175,0.9534721385539758
11919,market_research_2026-04-04_21-22-29_live_round,f974d41e6f2b44c69df8c990afaf26d2,2026-04-05T02:23:05.590725+00:00,1775355785590725000,171495915935000,300,,,A,1010,80,1010.0,-2.0,6.34838,0.9534721385539758
11974,market_research_2026-04-04_21-22-29_live_round,f974d41e6f2b44c69df8c990afaf26d2,2026-04-05T02:23:05.831433+00:00,1775355785831433000,171496156644083,300,,,A,1009,40,1003.0,-12.0,6.589089083,0.9534721385539758
11979,market_research_2026-04-04_21-22-29_live_round,f974d41e6f2b44c69df8c990afaf26d2,2026-04-05T02:23:05.836291+00:00,1775355785836291000,171496161501541,300,,,A,1009,60,1003.5,-11.0,6.593946541,0.9534721385539758
11985,market_research_2026-04-04_21-22-29_live_round,f974d41e6f2b44c69df8c990afaf26d2,2026-04-05T02:23:05.842259+00:00,1775355785842259000,171496167469708,300,,,A,1000,40,999.5,-1.0,6.599914708,0.9534721385539758
11986,market_research_2026-04-04_21-22-29_live_round,f974d41e6f2b44c69df8c990afaf26d2,2026-04-05T02:23:05.842345+00:00,1775355785842345000,171496167556541,300,,,A,999,40,999.5,-1.0,6.600001541,0.9534721385539758
12046,market_research_2026-04-04_21-22-29_live_round,f974d41e6f2b44c69df8c990afaf26d2,2026-04-05T02:23:05.974591+00:00,1775355785974591000,171496299802291,300,,,A,997,40,993.5,-7.0,6.732247291,0.9534721385539758
12052,market_research_2026-04-04_21-22-29_live_round,f974d41e6f2b44c69df8c990afaf26d2,2026-04-05T02:23:05.981381+00:00,1775355785981381000,171496306592791,300,,,A,997,60,994.0,-6.0,6.739037791,0.9534721385539758
12111,market_research_2026-04-04_21-22-29_live_round,f974d41e6f2b44c69df8c990afaf26d2,2026-04-05T02:23:06.175331+00:00,1775355786175331000,171496500542416,300,,,A,988,40,984.0,-8.0,6.932987416,0.9534721385539758
12116,market_research_2026-04-04_21-22-29_live_round,f974d41e6f2b44c69df8c990afaf26d2,2026-04-05T02:23:06.182501+00:00,1775355786182501000,171496507713125,300,,,A,988,60,984.5,-7.0,6.940158125,0.9534721385539758
12121,market_research_2026-04-04_21-22-29_live_round,f974d41e6f2b44c69df8c990afaf26d2,2026-04-05T02:23:06.190481+00:00,1775355786190481000,171496515693083,300,,,A,984,40,983.0,-2.0,6.948138083,0.9534721385539758
12122,market_research_2026-04-04_21-22-29_live_round,f974d41e6f2b44c69df8c990afaf26d2,2026-04-05T02:23:06.191032+00:00,1775355786191032000,171496516244125,300,,,A,983,40,983.0,-2.0,6.948689125,0.9534721385539758
12128,market_research_2026-04-04_21-22-29_live_round,f974d41e6f2b44c69df8c990afaf26d2,2026-04-05T02:23:06.200963+00:00,1775355786200963000,171496526175375,300,,,A,983,20,983.0,0.0,6.958620375,0.9534721385539758
12201,market_research_2026-04-04_21-22-29_live_round,f974d41e6f2b44c69df8c990afaf26d2,2026-04-05T02:23:06.383548+00:00,1775355786383548000,171496708760291,300,,,A,981,40,977.5,-7.0,7.141205291,0.9534721385539758
12206,market_research_2026-04-04_21-22-29_live_round,f974d41e6f2b44c69df8c990afaf26d2,2026-04-05T02:23:06.392921+00:00,1775355786392921000,171496718133833,300,,,A,981,60,978.0,-6.0,7.150578833,0.9534721385539758
12268,market_research_2026-04-04_21-22-29_live_round,f974d41e6f2b44c69df8c990afaf26d2,2026-04-05T02:23:06.568388+00:00,1775355786568388000,171496893600500,300,,,A,971,40,970.5,-1.0,7.3260455,0.9534721385539758
12273,market_research_2026-04-04_21-22-29_live_round,f974d41e6f2b44c69df8c990afaf26d2,2026-04-05T02:23:06.573349+00:00,1775355786573349000,171496898562041,300,,,A,971,60,971.0,0.0,7.331007041,0.9534721385539758
12342,market_research_2026-04-04_21-22-29_live_round,f974d41e6f2b44c69df8c990afaf26d2,2026-04-05T02:23:06.924866+00:00,1775355786924866000,171497250079500,300,,,A,965,40,964.0,-2.0,7.6825245,0.9534721385539758
12347,market_research_2026-04-04_21-22-29_live_round,f974d41e6f2b44c69df8c990afaf26d2,2026-04-05T02:23:06.932172+00:00,1775355786932172000,171497257385458,300,,,A,965,60,964.5,-1.0,7.689830458,0.9534721385539758
12419,market_research_2026-04-04_21-22-29_live_round,f974d41e6f2b44c69df8c990afaf26d2,2026-04-05T02:23:07.039507+00:00,1775355787039507000,171497364721625,300,,,A,961,40,958.5,-5.0,7.797166625,0.9534721385539758
12424,market_research_2026-04-04_21-22-29_live_round,f974d41e6f2b44c69df8c990afaf26d2,2026-04-05T02:23:07.044294+00:00,1775355787044294000,171497369508333,300,,,A,961,60,959.0,-4.0,7.801953333,0.9534721385539758
12491,market_research_2026-04-04_21-22-29_live_round,f974d41e6f2b44c69df8c990afaf26d2,2026-04-05T02:23:07.178644+00:00,1775355787178644000,171497503859000,300,,,A,954,40,950.0,-8.0,7.936304,0.9534721385539758
12497,market_research_2026-04-04_21-22-29_live_round,f974d41e6f2b44c69df8c990afaf26d2,2026-04-05T02:23:07.186550+00:00,1775355787186550000,171497511764291,300,,,A,954,60,950.5,-7.0,7.944209291,0.9534721385539758
12502,market_research_2026-04-04_21-22-29_live_round,f974d41e6f2b44c69df8c990afaf26d2,2026-04-05T02:23:07.195196+00:00,1775355787195196000,171497520411041,300,,,A,950,40,949.0,-2.0,7.952856041,0.9534721385539758
12503,market_research_2026-04-04_21-22-29_live_round,f974d41e6f2b44c69df8c990afaf26d2,2026-04-05T02:23:07.195770+00:00,1775355787195770000,171497520984541,300,,,A,949,40,949.0,-2.0,7.953429541,0.9534721385539758
12510,market_research_2026-04-04_21-22-29_live_round,f974d41e6f2b44c69df8c990afaf26d2,2026-04-05T02:23:07.208752+00:00,1775355787208752000,171497533966458,300,,,A,949,20,949.0,0.0,7.966411458,0.9534721385539758
12565,market_research_2026-04-04_21-22-29_live_round,f974d41e6f2b44c69df8c990afaf26d2,2026-04-05T02:23:07.399050+00:00,1775355787399050000,171497724265333,300,,,A,947,40,943.5,-7.0,8.156710333,0.9534721385539758
12570,market_research_2026-04-04_21-22-29_live_round,f974d41e6f2b44c69df8c990afaf26d2,2026-04-05T02:23:07.406159+00:00,1775355787406159000,171497731374625,300,,,A,947,60,944.0,-6.0,8.163819625,0.9534721385539758
12629,market_research_2026-04-04_21-22-29_live_round,f974d41e6f2b44c69df8c990afaf26d2,2026-04-05T02:23:07.576460+00:00,1775355787576460000,171497901675250,300,,,A,937,40,935.0,-4.0,8.33412025,0.9534721385539758
12634,market_research_2026-04-04_21-22-29_live_round,f974d41e6f2b44c69df8c990afaf26d2,2026-04-05T02:23:07.581704+00:00,1775355787581704000,171497906919541,300,,,A,937,60,935.5,-3.0,8.339364541,0.9534721385539758
12709,market_research_2026-04-04_21-22-29_live_round,f974d41e6f2b44c69df8c990afaf26d2,2026-04-05T02:23:07.839719+00:00,1775355787839719000,171498164935500,300,,,A,931,40,929.5,-3.0,8.5973805,0.9534721385539758
12715,market_research_2026-04-04_21-22-29_live_round,f974d41e6f2b44c69df8c990afaf26d2,2026-04-05T02:23:07.846234+00:00,1775355787846234000,171498171450166,300,,,A,931,60,930.0,-2.0,8.603895166,0.9534721385539758
12781,market_research_2026-04-04_21-22-29_live_round,f974d41e6f2b44c69df8c990afaf26d2,2026-04-05T02:23:07.996362+00:00,1775355787996362000,171498321578625,300,,,A,924,40,923.0,-2.0,8.754023625,0.9534721385539758
12786,market_research_2026-04-04_21-22-29_live_round,f974d41e6f2b44c69df8c990afaf26d2,2026-04-05T02:23:08.004905+00:00,1775355788004905000,171498330122041,300,,,A,924,60,923.5,-1.0,8.762567041,0.9534721385539758
12853,market_research_2026-04-04_21-22-29_live_round,f974d41e6f2b44c69df8c990afaf26d2,2026-04-05T02:23:08.178830+00:00,1775355788178830000,171498504046916,300,,,A,919,40,916.5,-5.0,8.936491916,0.9534721385539758
12859,market_research_2026-04-04_21-22-29_live_round,f974d41e6f2b44c69df8c990afaf26d2,2026-04-05T02:23:08.185470+00:00,1775355788185470000,171498510687125,300,,,A,919,60,917.0,-4.0,8.943132125,0.9534721385539758
12864,market_research_2026-04-04_21-22-29_live_round,f974d41e6f2b44c69df8c990afaf26d2,2026-04-05T02:23:08.190506+00:00,1775355788190506000,171498515723000,300,,,A,916,40,916.0,0.0,8.948168,0.9534721385539758
12919,market_research_2026-04-04_21-22-29_live_round,f974d41e6f2b44c69df8c990afaf26d2,2026-04-05T02:23:08.451973+00:00,1775355788451973000,171498777190625,300,,,A,913,40,912.5,-1.0,9.209635625,0.9534721385539758
12925,market_research_2026-04-04_21-22-29_live_round,f974d41e6f2b44c69df8c990afaf26d2,2026-04-05T02:23:08.458254+00:00,1775355788458254000,171498783472375,300,,,A,913,60,913.0,0.0,9.215917375,0.9534721385539758
12986,market_research_2026-04-04_21-22-29_live_round,f974d41e6f2b44c69df8c990afaf26d2,2026-04-05T02:23:08.609585+00:00,1775355788609585000,171498934803000,300,,,A,906,40,905.5,-1.0,9.367248,0.9534721385539758
13592,market_research_2026-04-04_21-22-29_live_round,f974d41e6f2b44c69df8c990afaf26d2,2026-04-05T02:23:10.416245+00:00,1775355790416245000,171500741467875,300,,,A,910,40,911.5,-3.0,11.173912875,0.9534721385539758
13598,market_research_2026-04-04_21-22-29_live_round,f974d41e6f2b44c69df8c990afaf26d2,2026-04-05T02:23:10.427173+00:00,1775355790427173000,171500752396500,300,,,A,910,60,911.0,-2.0,11.1848415,0.9534721385539758
13662,market_research_2026-04-04_21-22-29_live_round,f974d41e6f2b44c69df8c990afaf26d2,2026-04-05T02:23:10.611808+00:00,1775355790611808000,171500937031791,300,,,A,915,40,917.5,-5.0,11.369476791,0.9534721385539758
13667,market_research_2026-04-04_21-22-29_live_round,f974d41e6f2b44c69df8c990afaf26d2,2026-04-05T02:23:10.619122+00:00,1775355790619122000,171500944345625,300,,,A,915,60,917.0,-4.0,11.376790625,0.9534721385539758
13732,market_research_2026-04-04_21-22-29_live_round,f974d41e6f2b44c69df8c990afaf26d2,2026-04-05T02:23:10.794135+00:00,1775355790794135000,171501119358958,300,,,A,922,40,926.0,-8.0,11.551803958,0.9534721385539758
13737,market_research_2026-04-04_21-22-29_live_round,f974d41e6f2b44c69df8c990afaf26d2,2026-04-05T02:23:10.799923+00:00,1775355790799923000,171501125147750,300,,,A,922,60,925.5,-7.0,11.55759275,0.9534721385539758
13742,market_research_2026-04-04_21-22-29_live_round,f974d41e6f2b44c69df8c990afaf26d2,2026-04-05T02:23:10.805203+00:00,1775355790805203000,171501130427000,300,,,A,926,40,927.0,-2.0,11.562872,0.9534721385539758
13743,market_research_2026-04-04_21-22-29_live_round,f974d41e6f2b44c69df8c990afaf26d2,2026-04-05T02:23:10.805291+00:00,1775355790805291000,171501130515250,300,,,A,927,40,927.0,-2.0,11.56296025,0.9534721385539758
13749,market_research_2026-04-04_21-22-29_live_round,f974d41e6f2b44c69df8c990afaf26d2,2026-04-05T02:23:10.815158+00:00,1775355790815158000,171501140382625,300,,,A,927,20,927.0,0.0,11.572827625,0.9534721385539758
13820,market_research_2026-04-04_21-22-29_live_round,f974d41e6f2b44c69df8c990afaf26d2,2026-04-05T02:23:11.074837+00:00,1775355791074837000,171501400061666,300,,,A,929,40,935.0,-12.0,11.832506666,0.9534721385539758
13826,market_research_2026-04-04_21-22-29_live_round,f974d41e6f2b44c69df8c990afaf26d2,2026-04-05T02:23:11.081393+00:00,1775355791081393000,171501406617791,300,,,A,929,60,934.5,-11.0,11.839062791,0.9534721385539758
13831,market_research_2026-04-04_21-22-29_live_round,f974d41e6f2b44c69df8c990afaf26d2,2026-04-05T02:23:11.086742+00:00,1775355791086742000,171501411966875,300,,,A,936,40,937.5,-3.0,11.844411875,0.9534721385539758
13832,market_research_2026-04-04_21-22-29_live_round,f974d41e6f2b44c69df8c990afaf26d2,2026-04-05T02:23:11.086837+00:00,1775355791086837000,171501412062625,300,,,A,937,40,937.5,-3.0,11.844507625,0.9534721385539758
13839,market_research_2026-04-04_21-22-29_live_round,f974d41e6f2b44c69df8c990afaf26d2,2026-04-05T02:23:11.094589+00:00,1775355791094589000,171501419814166,300,,,A,937,20,937.5,-1.0,11.852259166,0.9534721385539758
13840,market_research_2026-04-04_21-22-29_live_round,f974d41e6f2b44c69df8c990afaf26d2,2026-04-05T02:23:11.094683+00:00,1775355791094683000,171501419908125,300,,,A,938,80,937.5,-1.0,11.852353125,0.9534721385539758
13894,market_research_2026-04-04_21-22-29_live_round,f974d41e6f2b44c69df8c990afaf26d2,2026-04-05T02:23:11.205993+00:00,1775355791205993000,171501531218458,300,,,A,939,40,944.5,-11.0,11.963663458,0.9534721385539758
13900,market_research_2026-04-04_21-22-29_live_round,f974d41e6f2b44c69df8c990afaf26d2,2026-04-05T02:23:11.214684+00:00,1775355791214684000,171501539909416,300,,,A,939,60,944.0,-10.0,11.972354416,0.9534721385539758
13905,market_research_2026-04-04_21-22-29_live_round,f974d41e6f2b44c69df8c990afaf26d2,2026-04-05T02:23:11.221697+00:00,1775355791221697000,171501546921875,300,,,A,947,40,947.5,-1.0,11.979366875,0.9534721385539758
13906,market_research_2026-04-04_21-22-29_live_round,f974d41e6f2b44c69df8c990afaf26d2,2026-04-05T02:23:11.221816+00:00,1775355791221816000,171501547041500,300,,,A,948,40,947.5,-1.0,11.9794865,0.9534721385539758
13966,market_research_2026-04-04_21-22-29_live_round,f974d41e6f2b44c69df8c990afaf26d2,2026-04-05T02:23:11.418308+00:00,1775355791418308000,171501743533708,300,,,A,950,40,951.0,-2.0,12.175978708,0.9534721385539758
13971,market_research_2026-04-04_21-22-29_live_round,f974d41e6f2b44c69df8c990afaf26d2,2026-04-05T02:23:11.427832+00:00,1775355791427832000,171501753057958,300,,,A,950,60,950.5,-1.0,12.185502958,0.9534721385539758
14492,market_research_2026-04-04_21-22-29_live_round,f974d41e6f2b44c69df8c990afaf26d2,2026-04-05T02:23:13.011023+00:00,1775355793011023000,171503336253041,300,,,A,957,40,957.5,-1.0,13.768698041,0.9534721385539758
15423,market_research_2026-04-04_21-22-29_live_round,f974d41e6f2b44c69df8c990afaf26d2,2026-04-05T02:23:15.742695+00:00,1775355795742695000,171506067932583,375,,,A,964,40,964.5,-1.0,16.500377583,0.9534721385539758
15424,market_research_2026-04-04_21-22-29_live_round,f974d41e6f2b44c69df8c990afaf26d2,2026-04-05T02:23:15.742794+00:00,1775355795742794000,171506068031666,375,,,A,965,60,964.5,-1.0,16.500476666,0.9534721385539758
18224,market_research_2026-04-04_21-22-29_live_round,f974d41e6f2b44c69df8c990afaf26d2,2026-04-05T02:23:24.349521+00:00,1775355804349521000,171514674781416,375,,,A,954,40,952.5,-3.0,25.107226416,0.9534721385539758
18225,market_research_2026-04-04_21-22-29_live_round,f974d41e6f2b44c69df8c990afaf26d2,2026-04-05T02:23:24.349622+00:00,1775355804349622000,171514674882625,375,,,A,953,60,952.5,-3.0,25.107327625,0.9534721385539758
18226,market_research_2026-04-04_21-22-29_live_round,f974d41e6f2b44c69df8c990afaf26d2,2026-04-05T02:23:24.349716+00:00,1775355804349716000,171514674976000,375,,,A,952,80,952.5,-3.0,25.107421,0.9534721385539758
18227,market_research_2026-04-04_21-22-29_live_round,f974d41e6f2b44c69df8c990afaf26d2,2026-04-05T02:23:24.349807+00:00,1775355804349807000,171514675067125,375,,,A,951,20,952.5,-3.0,25.107512125,0.9534721385539758
20308,market_research_2026-04-04_21-22-29_live_round,f974d41e6f2b44c69df8c990afaf26d2,2026-04-05T02:23:30.447090+00:00,1775355810447090000,171520772366250,375,,,A,955,40,958.0,-6.0,31.20481125,0.9534721385539758
20309,market_research_2026-04-04_21-22-29_live_round,f974d41e6f2b44c69df8c990afaf26d2,2026-04-05T02:23:30.447194+00:00,1775355810447194000,171520772470583,375,,,A,956,60,958.0,-6.0,31.204915583,0.9534721385539758
20310,market_research_2026-04-04_21-22-29_live_round,f974d41e6f2b44c69df8c990afaf26d2,2026-04-05T02:23:30.447283+00:00,1775355810447283000,171520772560000,375,,,A,957,80,958.0,-6.0,31.205005,0.9534721385539758
20311,market_research_2026-04-04_21-22-29_live_round,f974d41e6f2b44c69df8c990afaf26d2,2026-04-05T02:23:30.447371+00:00,1775355810447371000,171520772647875,375,,,A,958,20,958.0,-6.0,31.205092875,0.9534721385539758
22106,market_research_2026-04-04_21-22-29_live_round,f974d41e6f2b44c69df8c990afaf26d2,2026-04-05T02:23:35.883344+00:00,1775355815883344000,171526208635458,375,,,A,959,40,959.0,0.0,36.641080458,0.9534721385539758
23189,market_research_2026-04-04_21-22-29_live_round,f974d41e6f2b44c69df8c990afaf26d2,2026-04-05T02:23:39.171079+00:00,1775355819171079000,171529496378958,375,,,A,949,40,948.0,-2.0,39.928823958,0.9534721385539758
23190,market_research_2026-04-04_21-22-29_live_round,f974d41e6f2b44c69df8c990afaf26d2,2026-04-05T02:23:39.171187+00:00,1775355819171187000,171529496487125,375,,,A,948,60,948.0,-2.0,39.928932125,0.9534721385539758
23191,market_research_2026-04-04_21-22-29_live_round,f974d41e6f2b44c69df8c990afaf26d2,2026-04-05T02:23:39.171278+00:00,1775355819171278000,171529496578458,375,,,A,947,80,948.0,-2.0,39.929023458,0.9534721385539758
23192,market_research_2026-04-04_21-22-29_live_round,f974d41e6f2b44c69df8c990afaf26d2,2026-04-05T02:23:39.171371+00:00,1775355819171371000,171529496671500,375,,,A,947,20,948.0,-2.0,39.9291165,0.9534721385539758
24659,market_research_2026-04-04_21-22-29_live_round,f974d41e6f2b44c69df8c990afaf26d2,2026-04-05T02:23:43.796241+00:00,1775355823796241000,171534121552958,500,,,A,957,40,957.5,-1.0,44.553997958,0.9534721385539758
24660,market_research_2026-04-04_21-22-29_live_round,f974d41e6f2b44c69df8c990afaf26d2,2026-04-05T02:23:43.797365+00:00,1775355823797365000,171534122677583,500,,,A,958,60,957.5,-1.0,44.555122583,0.9534721385539758
28037,market_research_2026-04-04_21-22-29_live_round,f974d41e6f2b44c69df8c990afaf26d2,2026-04-05T02:23:55.073468+00:00,1775355835073468000,171545398810458,550,,,A,957,40,957.0,0.0,55.831255458,0.9534721385539758
29476,market_research_2026-04-04_21-22-29_live_round,f974d41e6f2b44c69df8c990afaf26d2,2026-04-05T02:24:00.267969+00:00,1775355840267969000,171550593325291,550,,,A,953,40,954.5,-3.0,61.025770291,0.9534721385539758
29477,market_research_2026-04-04_21-22-29_live_round,f974d41e6f2b44c69df8c990afaf26d2,2026-04-05T02:24:00.269145+00:00,1775355840269145000,171550594501791,550,,,A,954,60,954.5,-3.0,61.026946791,0.9534721385539758
29478,market_research_2026-04-04_21-22-29_live_round,f974d41e6f2b44c69df8c990afaf26d2,2026-04-05T02:24:00.269241+00:00,1775355840269241000,171550594597125,550,,,A,955,80,954.5,-3.0,61.027042125,0.9534721385539758
29479,market_research_2026-04-04_21-22-29_live_round,f974d41e6f2b44c69df8c990afaf26d2,2026-04-05T02:24:00.269328+00:00,1775355840269328000,171550594684791,550,,,A,956,20,954.5,-3.0,61.027129791,0.9534721385539758
30250,market_research_2026-04-04_21-22-29_live_round,f974d41e6f2b44c69df8c990afaf26d2,2026-04-05T02:24:03.170955+00:00,1775355843170955000,171553496319458,600,,,A,952,40,952.0,0.0,0.900094,1.127464044604867
30318,market_research_2026-04-04_21-22-29_live_round,f974d41e6f2b44c69df8c990afaf26d2,2026-04-05T02:24:03.424077+00:00,1775355843424077000,171553749441500,600,,,A,955,40,955.5,-1.0,1.153216042,1.127464044604867
30323,market_research_2026-04-04_21-22-29_live_round,f974d41e6f2b44c69df8c990afaf26d2,2026-04-05T02:24:03.439004+00:00,1775355843439004000,171553764368833,600,,,A,955,60,955.0,0.0,1.168143375,1.127464044604867
30454,market_research_2026-04-04_21-22-29_live_round,f974d41e6f2b44c69df8c990afaf26d2,2026-04-05T02:24:03.915993+00:00,1775355843915993000,171554241359166,600,,,A,963,40,963.0,0.0,1.645133708,1.127464044604867
31052,market_research_2026-04-04_21-22-29_live_round,f974d41e6f2b44c69df8c990afaf26d2,2026-04-05T02:24:06.162011+00:00,1775355846162011000,171556487383083,600,,,A,985,40,985.5,-1.0,3.891157625,1.127464044604867
31118,market_research_2026-04-04_21-22-29_live_round,f974d41e6f2b44c69df8c990afaf26d2,2026-04-05T02:24:06.416737+00:00,1775355846416737000,171556742109875,600,,,A,988,40,988.0,0.0,4.145884417,1.127464044604867
31392,market_research_2026-04-04_21-22-29_live_round,f974d41e6f2b44c69df8c990afaf26d2,2026-04-05T02:24:07.464344+00:00,1775355847464344000,171557789719791,600,,,A,999,40,999.5,-1.0,5.193494333,1.127464044604867
31397,market_research_2026-04-04_21-22-29_live_round,f974d41e6f2b44c69df8c990afaf26d2,2026-04-05T02:24:07.479878+00:00,1775355847479878000,171557805253208,600,,,A,999,60,999.0,0.0,5.20902775,1.127464044604867
31458,market_research_2026-04-04_21-22-29_live_round,f974d41e6f2b44c69df8c990afaf26d2,2026-04-05T02:24:07.715751+00:00,1775355847715751000,171558041127583,600,,,A,1002,40,1003.5,-3.0,5.444902125,1.127464044604867
31463,market_research_2026-04-04_21-22-29_live_round,f974d41e6f2b44c69df8c990afaf26d2,2026-04-05T02:24:07.732730+00:00,1775355847732730000,171558058105916,600,,,A,1002,60,1003.0,-2.0,5.461880458,1.127464044604867
31793,market_research_2026-04-04_21-22-29_live_round,f974d41e6f2b44c69df8c990afaf26d2,2026-04-05T02:24:09.038918+00:00,1775355849038918000,171559364297916,625,,,A,1018,40,1018.0,0.0,6.768072458,1.127464044604867
31862,market_research_2026-04-04_21-22-29_live_round,f974d41e6f2b44c69df8c990afaf26d2,2026-04-05T02:24:09.310843+00:00,1775355849310843000,171559636223000,625,,,A,1022,40,1022.0,0.0,7.039997542,1.127464044604867
32167,market_research_2026-04-04_21-22-29_live_round,f974d41e6f2b44c69df8c990afaf26d2,2026-04-05T02:24:10.511927+00:00,1775355850511927000,171560837310875,625,,,A,1030,40,1030.0,0.0,8.241085417,1.127464044604867
33350,market_research_2026-04-04_21-22-29_live_round,f974d41e6f2b44c69df8c990afaf26d2,2026-04-05T02:24:15.256089+00:00,1775355855256089000,171565581485083,625,,,A,1080,40,1080.0,0.0,12.985259625,1.127464044604867
33417,market_research_2026-04-04_21-22-29_live_round,f974d41e6f2b44c69df8c990afaf26d2,2026-04-05T02:24:15.575427+00:00,1775355855575427000,171565900823875,625,,,A,1083,40,1085.0,-4.0,13.304598417,1.127464044604867
33422,market_research_2026-04-04_21-22-29_live_round,f974d41e6f2b44c69df8c990afaf26d2,2026-04-05T02:24:15.596841+00:00,1775355855596841000,171565922238625,625,,,A,1083,60,1084.5,-3.0,13.326013167,1.127464044604867
33485,market_research_2026-04-04_21-22-29_live_round,f974d41e6f2b44c69df8c990afaf26d2,2026-04-05T02:24:15.889976+00:00,1775355855889976000,171566215373458,625,,,A,1089,40,1089.0,0.0,13.619148,1.127464044604867
33828,market_research_2026-04-04_21-22-29_live_round,f974d41e6f2b44c69df8c990afaf26d2,2026-04-05T02:24:17.483250+00:00,1775355857483250000,171567808652625,625,,,A,1107,40,1107.0,0.0,15.212427167,1.127464044604867
35811,market_research_2026-04-04_21-22-29_live_round,f974d41e6f2b44c69df8c990afaf26d2,2026-04-05T02:24:26.822331+00:00,1775355866822331000,171577147758666,625,,,A,1129,40,1129.0,0.0,24.551533208,1.127464044604867
37532,market_research_2026-04-04_21-22-29_live_round,f974d41e6f2b44c69df8c990afaf26d2,2026-04-05T02:24:34.443945+00:00,1775355874443945000,171584769392916,625,,,A,1119,40,1116.5,-5.0,32.173167458,1.127464044604867
37533,market_research_2026-04-04_21-22-29_live_round,f974d41e6f2b44c69df8c990afaf26d2,2026-04-05T02:24:34.445513+00:00,1775355874445513000,171584770960291,625,,,A,1118,60,1116.5,-5.0,32.174734833,1.127464044604867
37534,market_research_2026-04-04_21-22-29_live_round,f974d41e6f2b44c69df8c990afaf26d2,2026-04-05T02:24:34.445608+00:00,1775355874445608000,171584771056000,625,,,A,1117,80,1116.5,-5.0,32.174830542,1.127464044604867
37535,market_research_2026-04-04_21-22-29_live_round,f974d41e6f2b44c69df8c990afaf26d2,2026-04-05T02:24:34.445700+00:00,1775355874445700000,171584771147375,625,,,A,1116,20,1116.5,-5.0,32.174921917,1.127464044604867
40203,market_research_2026-04-04_21-22-29_live_round,f974d41e6f2b44c69df8c990afaf26d2,2026-04-05T02:24:47.096004+00:00,1775355887096004000,171597421485458,750,,,A,1129,40,1129.0,0.0,0.541777667,0.9972081933533492
41267,market_research_2026-04-04_21-22-29_live_round,f974d41e6f2b44c69df8c990afaf26d2,2026-04-05T02:24:52.395286+00:00,1775355892395286000,171602720781416,750,,,A,1099,40,1099.0,0.0,5.841073625,0.9972081933533492
41557,market_research_2026-04-04_21-22-29_live_round,f974d41e6f2b44c69df8c990afaf26d2,2026-04-05T02:24:53.769533+00:00,1775355893769533000,171604095032541,750,,,A,1085,40,1084.0,-2.0,7.21532475,0.9972081933533492
41562,market_research_2026-04-04_21-22-29_live_round,f974d41e6f2b44c69df8c990afaf26d2,2026-04-05T02:24:53.791499+00:00,1775355893791499000,171604116998458,750,,,A,1085,60,1084.5,-1.0,7.237290667,0.9972081933533492
41625,market_research_2026-04-04_21-22-29_live_round,f974d41e6f2b44c69df8c990afaf26d2,2026-04-05T02:24:54.105480+00:00,1775355894105480000,171604430979625,750,,,A,1081,40,1080.0,-2.0,7.551271834,0.9972081933533492
41630,market_research_2026-04-04_21-22-29_live_round,f974d41e6f2b44c69df8c990afaf26d2,2026-04-05T02:24:54.127177+00:00,1775355894127177000,171604452677166,750,,,A,1081,60,1080.5,-1.0,7.572969375,0.9972081933533492
42027,market_research_2026-04-04_21-22-29_live_round,f974d41e6f2b44c69df8c990afaf26d2,2026-04-05T02:24:56.154261+00:00,1775355896154261000,171606479766333,750,,,A,1062,40,1061.5,-1.0,9.600058542,0.9972081933533492
42032,market_research_2026-04-04_21-22-29_live_round,f974d41e6f2b44c69df8c990afaf26d2,2026-04-05T02:24:56.175933+00:00,1775355896175933000,171606501438500,750,,,A,1062,60,1062.0,0.0,9.621730709,0.9972081933533492
42107,market_research_2026-04-04_21-22-29_live_round,f974d41e6f2b44c69df8c990afaf26d2,2026-04-05T02:24:56.534401+00:00,1775355896534401000,171606859907500,750,,,A,1057,40,1056.5,-1.0,9.980199709,0.9972081933533492
42112,market_research_2026-04-04_21-22-29_live_round,f974d41e6f2b44c69df8c990afaf26d2,2026-04-05T02:24:56.553467+00:00,1775355896553467000,171606878973250,750,,,A,1057,60,1057.0,0.0,9.999265459,0.9972081933533492
43092,market_research_2026-04-04_21-22-29_live_round,f974d41e6f2b44c69df8c990afaf26d2,2026-04-05T02:25:01.616057+00:00,1775355901616057000,171611941577291,750,,,A,1034,10,1031.0,6.0,15.0618695,0.9972081933533492
43595,market_research_2026-04-04_21-22-29_live_round,f974d41e6f2b44c69df8c990afaf26d2,2026-04-05T02:25:04.254051+00:00,1775355904254051000,171614579577708,750,,,A,1015,40,1015.0,0.0,17.699869917,0.9972081933533492
44444,market_research_2026-04-04_21-22-29_live_round,f974d41e6f2b44c69df8c990afaf26d2,2026-04-05T02:25:08.710709+00:00,1775355908710709000,171619036247750,750,,,A,997,40,997.0,0.0,22.156539959,0.9972081933533492
44497,market_research_2026-04-04_21-22-29_live_round,f974d41e6f2b44c69df8c990afaf26d2,2026-04-05T02:25:08.989578+00:00,1775355908989578000,171619315117875,750,,,A,995,10,992.0,6.0,22.435410084,0.9972081933533492
45315,market_research_2026-04-04_21-22-29_live_round,f974d41e6f2b44c69df8c990afaf26d2,2026-04-05T02:25:13.410579+00:00,1775355913410579000,171623736130666,825,,,A,990,10,987.0,6.0,26.856422875,0.9972081933533492
46130,market_research_2026-04-04_21-22-29_live_round,f974d41e6f2b44c69df8c990afaf26d2,2026-04-05T02:25:18.288757+00:00,1775355918288757000,171628614321625,825,,,A,997,10,994.0,6.0,31.734613834,0.9972081933533492
49116,market_research_2026-04-04_21-22-29_live_round,f974d41e6f2b44c69df8c990afaf26d2,2026-04-05T02:25:36.383817+00:00,1775355936383817000,171646709429583,825,,,A,994,10,997.0,6.0,49.829721792,0.9972081933533492
49827,market_research_2026-04-04_21-22-29_live_round,f974d41e6f2b44c69df8c990afaf26d2,2026-04-05T02:25:40.688346+00:00,1775355940688346000,171651013970708,825,,,A,995,10,998.0,6.0,54.134262917,0.9972081933533492
50867,market_research_2026-04-04_21-22-29_live_round,f974d41e6f2b44c69df8c990afaf26d2,2026-04-05T02:25:47.062212+00:00,1775355947062212000,171657387853541,825,,,A,988,10,991.0,6.0,60.50814575,0.9972081933533492
51488,market_research_2026-04-04_21-22-29_live_round,f974d41e6f2b44c69df8c990afaf26d2,2026-04-05T02:25:50.839675+00:00,1775355950839675000,171661165326250,825,,,A,993,40,995.0,-4.0,64.285618459,0.9972081933533492
51489,market_research_2026-04-04_21-22-29_live_round,f974d41e6f2b44c69df8c990afaf26d2,2026-04-05T02:25:50.839783+00:00,1775355950839783000,171661165434708,825,,,A,994,60,995.0,-4.0,64.285726917,0.9972081933533492
51490,market_research_2026-04-04_21-22-29_live_round,f974d41e6f2b44c69df8c990afaf26d2,2026-04-05T02:25:50.839890+00:00,1775355950839890000,171661165541208,825,,,A,995,80,995.0,-4.0,64.285833417,0.9972081933533492
51491,market_research_2026-04-04_21-22-29_live_round,f974d41e6f2b44c69df8c990afaf26d2,2026-04-05T02:25:50.839988+00:00,1775355950839988000,171661165639166,825,,,A,996,20,995.0,-4.0,64.285931375,0.9972081933533492
51770,market_research_2026-04-04_21-22-29_live_round,f974d41e6f2b44c69df8c990afaf26d2,2026-04-05T02:25:52.555403+00:00,1775355952555403000,171662881059333,825,,,A,994,10,991.0,6.0,66.001351542,0.9972081933533492
52836,market_research_2026-04-04_21-22-29_live_round,f974d41e6f2b44c69df8c990afaf26d2,2026-04-05T02:26:00.706680+00:00,1775355960706680000,171671032357666,825,,,A,1002,10,1005.0,6.0,74.152649875,0.9972081933533492
53448,market_research_2026-04-04_21-22-29_live_round,f974d41e6f2b44c69df8c990afaf26d2,2026-04-05T02:26:05.138737+00:00,1775355965138737000,171675464426750,825,,,A,1004,40,1005.0,-2.0,78.584718959,0.9972081933533492
53449,market_research_2026-04-04_21-22-29_live_round,f974d41e6f2b44c69df8c990afaf26d2,2026-04-05T02:26:05.138899+00:00,1775355965138899000,171675464588875,825,,,A,1005,100,1005.0,-2.0,78.584881084,0.9972081933533492
53450,market_research_2026-04-04_21-22-29_live_round,f974d41e6f2b44c69df8c990afaf26d2,2026-04-05T02:26:05.139041+00:00,1775355965139041000,171675464730083,825,,,A,1005,60,1005.0,-2.0,78.585022292,0.9972081933533492
54250,market_research_2026-04-04_21-22-29_live_round,f974d41e6f2b44c69df8c990afaf26d2,2026-04-05T02:26:11.173584+00:00,1775355971173584000,171681499289208,950,,,A,995,40,997.0,-4.0,84.619581417,0.9972081933533492
54251,market_research_2026-04-04_21-22-29_live_round,f974d41e6f2b44c69df8c990afaf26d2,2026-04-05T02:26:11.175861+00:00,1775355971175861000,171681501567083,950,,,A,996,60,997.0,-4.0,84.621859292,0.9972081933533492
54252,market_research_2026-04-04_21-22-29_live_round,f974d41e6f2b44c69df8c990afaf26d2,2026-04-05T02:26:11.176018+00:00,1775355971176018000,171681501723291,950,,,A,997,80,997.0,-4.0,84.6220155,0.9972081933533492
54253,market_research_2026-04-04_21-22-29_live_round,f974d41e6f2b44c69df8c990afaf26d2,2026-04-05T02:26:11.176139+00:00,1775355971176139000,171681501844333,950,,,A,998,20,997.0,-4.0,84.622136542,0.9972081933533492
56066,market_research_2026-04-04_21-22-29_live_round,f974d41e6f2b44c69df8c990afaf26d2,2026-04-05T02:26:23.643072+00:00,1775355983643072000,171693968810875,950,,,A,988,40,988.0,0.0,97.089103084,0.9972081933533492
56816,market_research_2026-04-04_21-22-29_live_round,f974d41e6f2b44c69df8c990afaf26d2,2026-04-05T02:26:28.794599+00:00,1775355988794599000,171699120351583,950,,,A,989,40,988.0,-2.0,102.240643792,0.9972081933533492
56817,market_research_2026-04-04_21-22-29_live_round,f974d41e6f2b44c69df8c990afaf26d2,2026-04-05T02:26:28.794740+00:00,1775355988794740000,171699120492916,950,,,A,988,60,988.0,-2.0,102.240785125,0.9972081933533492
56818,market_research_2026-04-04_21-22-29_live_round,f974d41e6f2b44c69df8c990afaf26d2,2026-04-05T02:26:28.794847+00:00,1775355988794847000,171699120600166,950,,,A,987,80,988.0,-2.0,102.240892375,0.9972081933533492
56819,market_research_2026-04-04_21-22-29_live_round,f974d41e6f2b44c69df8c990afaf26d2,2026-04-05T02:26:28.794945+00:00,1775355988794945000,171699120698250,950,,,A,987,20,988.0,-2.0,102.240990459,0.9972081933533492
59501,market_research_2026-04-04_21-22-29_live_round,f974d41e6f2b44c69df8c990afaf26d2,2026-04-05T02:26:47.654056+00:00,1775356007654056000,171717979859166,1000,,,A,997,40,999.0,-4.0,121.100151375,0.9972081933533492
59502,market_research_2026-04-04_21-22-29_live_round,f974d41e6f2b44c69df8c990afaf26d2,2026-04-05T02:26:47.654175+00:00,1775356007654175000,171717979978375,1000,,,A,998,60,999.0,-4.0,121.100270584,0.9972081933533492
59503,market_research_2026-04-04_21-22-29_live_round,f974d41e6f2b44c69df8c990afaf26d2,2026-04-05T02:26:47.654272+00:00,1775356007654272000,171717980075750,1000,,,A,999,80,999.0,-4.0,121.100367959,0.9972081933533492
59504,market_research_2026-04-04_21-22-29_live_round,f974d41e6f2b44c69df8c990afaf26d2,2026-04-05T02:26:47.654367+00:00,1775356007654367000,171717980170083,1000,,,A,1000,20,999.0,-4.0,121.100462292,0.9972081933533492
60470,market_research_2026-04-04_21-22-29_live_round,f974d41e6f2b44c69df8c990afaf26d2,2026-04-05T02:26:54.598449+00:00,1775356014598449000,171724924270291,1000,,,A,993,40,992.0,-2.0,128.0445625,0.9972081933533492
60471,market_research_2026-04-04_21-22-29_live_round,f974d41e6f2b44c69df8c990afaf26d2,2026-04-05T02:26:54.598565+00:00,1775356014598565000,171724924386916,1000,,,A,992,60,992.0,-2.0,128.044679125,0.9972081933533492
60472,market_research_2026-04-04_21-22-29_live_round,f974d41e6f2b44c69df8c990afaf26d2,2026-04-05T02:26:54.598660+00:00,1775356014598660000,171724924482291,1000,,,A,992,100,992.0,-2.0,128.0447745,0.9972081933533492
60562,market_research_2026-04-04_21-22-29_live_round,f974d41e6f2b44c69df8c990afaf26d2,2026-04-05T02:26:55.235485+00:00,1775356015235485000,171725561308208,1050,,,A,993,40,992.0,-2.0,0.614837625,1.0236621058783983
60563,market_research_2026-04-04_21-22-29_live_round,f974d41e6f2b44c69df8c990afaf26d2,2026-04-05T02:26:55.237920+00:00,1775356015237920000,171725563743000,1050,,,A,992,60,992.0,-2.0,0.617272417,1.0236621058783983
60564,market_research_2026-04-04_21-22-29_live_round,f974d41e6f2b44c69df8c990afaf26d2,2026-04-05T02:26:55.238019+00:00,1775356015238019000,171725563843000,1050,,,A,991,80,992.0,-2.0,0.617372417,1.0236621058783983
61283,market_research_2026-04-04_21-22-29_live_round,f974d41e6f2b44c69df8c990afaf26d2,2026-04-05T02:27:00.527717+00:00,1775356020527717000,171730853554583,1050,,,A,1004,40,1004.0,0.0,5.907084,1.0236621058783983
61958,market_research_2026-04-04_21-22-29_live_round,f974d41e6f2b44c69df8c990afaf26d2,2026-04-05T02:27:05.526025+00:00,1775356025526025000,171735851875583,1050,,,A,1013,40,1013.0,0.0,10.905405,1.0236621058783983
62475,market_research_2026-04-04_21-22-29_live_round,f974d41e6f2b44c69df8c990afaf26d2,2026-04-05T02:27:09.406579+00:00,1775356029406579000,171739732440541,1075,,,A,1011,40,1010.5,-1.0,14.785969958,1.0236621058783983
62476,market_research_2026-04-04_21-22-29_live_round,f974d41e6f2b44c69df8c990afaf26d2,2026-04-05T02:27:09.406689+00:00,1775356029406689000,171739732550041,1075,,,A,1010,60,1010.5,-1.0,14.786079458,1.0236621058783983
65092,market_research_2026-04-04_21-22-29_live_round,f974d41e6f2b44c69df8c990afaf26d2,2026-04-05T02:27:31.059872+00:00,1775356051059872000,171761385790083,1075,,,A,1012,40,1009.5,-5.0,36.4393195,1.0236621058783983
65093,market_research_2026-04-04_21-22-29_live_round,f974d41e6f2b44c69df8c990afaf26d2,2026-04-05T02:27:31.060074+00:00,1775356051060074000,171761385992458,1075,,,A,1011,60,1009.5,-5.0,36.439521875,1.0236621058783983
65094,market_research_2026-04-04_21-22-29_live_round,f974d41e6f2b44c69df8c990afaf26d2,2026-04-05T02:27:31.060235+00:00,1775356051060235000,171761386153916,1075,,,A,1010,80,1009.5,-5.0,36.439683333,1.0236621058783983
65095,market_research_2026-04-04_21-22-29_live_round,f974d41e6f2b44c69df8c990afaf26d2,2026-04-05T02:27:31.060357+00:00,1775356051060357000,171761386276083,1075,,,A,1009,20,1009.5,-5.0,36.4398055,1.0236621058783983
68194,market_research_2026-04-04_21-22-29_live_round,f974d41e6f2b44c69df8c990afaf26d2,2026-04-05T02:28:00.601383+00:00,1775356080601383000,171790927381416,1075,,,A,1017,40,1019.0,-4.0,65.980910833,1.0236621058783983
68195,market_research_2026-04-04_21-22-29_live_round,f974d41e6f2b44c69df8c990afaf26d2,2026-04-05T02:28:00.601513+00:00,1775356080601513000,171790927510708,1075,,,A,1018,60,1019.0,-4.0,65.981040125,1.0236621058783983
68196,market_research_2026-04-04_21-22-29_live_round,f974d41e6f2b44c69df8c990afaf26d2,2026-04-05T02:28:00.601610+00:00,1775356080601610000,171790927608041,1075,,,A,1019,80,1019.0,-4.0,65.981137458,1.0236621058783983
68197,market_research_2026-04-04_21-22-29_live_round,f974d41e6f2b44c69df8c990afaf26d2,2026-04-05T02:28:00.601705+00:00,1775356080601705000,171790927702625,1075,,,A,1020,20,1019.0,-4.0,65.981232042,1.0236621058783983
69965,market_research_2026-04-04_21-22-29_live_round,f974d41e6f2b44c69df8c990afaf26d2,2026-04-05T02:28:15.597215+00:00,1775356095597215000,171805923252500,1075,,,A,1018,40,1018.0,0.0,80.976781917,1.0236621058783983
71281,market_research_2026-04-04_21-22-29_live_round,f974d41e6f2b44c69df8c990afaf26d2,2026-04-05T02:28:27.026443+00:00,1775356107026443000,171817352510958,1200,,,A,1027,40,1027.5,-1.0,4.253798417,0.8768362293012025
71282,market_research_2026-04-04_21-22-29_live_round,f974d41e6f2b44c69df8c990afaf26d2,2026-04-05T02:28:27.029653+00:00,1775356107029653000,171817355721833,1200,,,A,1028,60,1027.5,-1.0,4.257009292,0.8768362293012025
73193,market_research_2026-04-04_21-22-29_live_round,f974d41e6f2b44c69df8c990afaf26d2,2026-04-05T02:28:44.001387+00:00,1775356124001387000,171834327500458,1200,,,A,1026,40,1028.0,-4.0,21.228787917,0.8768362293012025
73194,market_research_2026-04-04_21-22-29_live_round,f974d41e6f2b44c69df8c990afaf26d2,2026-04-05T02:28:44.004309+00:00,1775356124004309000,171834330422291,1200,,,A,1027,60,1028.0,-4.0,21.23170975,0.8768362293012025
73195,market_research_2026-04-04_21-22-29_live_round,f974d41e6f2b44c69df8c990afaf26d2,2026-04-05T02:28:44.004410+00:00,1775356124004410000,171834330523916,1200,,,A,1028,80,1028.0,-4.0,21.231811375,0.8768362293012025
73196,market_research_2026-04-04_21-22-29_live_round,f974d41e6f2b44c69df8c990afaf26d2,2026-04-05T02:28:44.004507+00:00,1775356124004507000,171834330621000,1200,,,A,1029,20,1028.0,-4.0,21.231908459,0.8768362293012025
73957,market_research_2026-04-04_21-22-29_live_round,f974d41e6f2b44c69df8c990afaf26d2,2026-04-05T02:28:50.793899+00:00,1775356130793899000,171841120030625,1200,,,A,1019,40,1021.0,-4.0,28.021318084,0.8768362293012025
73958,market_research_2026-04-04_21-22-29_live_round,f974d41e6f2b44c69df8c990afaf26d2,2026-04-05T02:28:50.797224+00:00,1775356130797224000,171841123356333,1200,,,A,1020,60,1021.0,-4.0,28.024643792,0.8768362293012025
73959,market_research_2026-04-04_21-22-29_live_round,f974d41e6f2b44c69df8c990afaf26d2,2026-04-05T02:28:50.797333+00:00,1775356130797333000,171841123464833,1200,,,A,1021,80,1021.0,-4.0,28.024752292,0.8768362293012025
73960,market_research_2026-04-04_21-22-29_live_round,f974d41e6f2b44c69df8c990afaf26d2,2026-04-05T02:28:50.797430+00:00,1775356130797430000,171841123562333,1200,,,A,1022,20,1021.0,-4.0,28.024849792,0.8768362293012025
74134,market_research_2026-04-04_21-22-29_live_round,f974d41e6f2b44c69df8c990afaf26d2,2026-04-05T02:28:52.385813+00:00,1775356132385813000,171842711948416,1200,,,A,1015,40,1015.0,0.0,29.613235875,0.8768362293012025
74202,market_research_2026-04-04_21-22-29_live_round,f974d41e6f2b44c69df8c990afaf26d2,2026-04-05T02:28:52.999316+00:00,1775356132999316000,171843325453791,1200,,,A,1012,40,1011.0,-2.0,30.22674125,0.8768362293012025
74207,market_research_2026-04-04_21-22-29_live_round,f974d41e6f2b44c69df8c990afaf26d2,2026-04-05T02:28:53.038264+00:00,1775356133038264000,171843364401625,1200,,,A,1012,60,1011.5,-1.0,30.265689084,0.8768362293012025
74270,market_research_2026-04-04_21-22-29_live_round,f974d41e6f2b44c69df8c990afaf26d2,2026-04-05T02:28:53.599288+00:00,1775356133599288000,171843925427166,1200,,,A,1006,40,1005.5,-1.0,30.826714625,0.8768362293012025
74275,market_research_2026-04-04_21-22-29_live_round,f974d41e6f2b44c69df8c990afaf26d2,2026-04-05T02:28:53.637396+00:00,1775356133637396000,171843963535666,1200,,,A,1006,60,1006.0,0.0,30.864823125,0.8768362293012025
74341,market_research_2026-04-04_21-22-29_live_round,f974d41e6f2b44c69df8c990afaf26d2,2026-04-05T02:28:54.244159+00:00,1775356134244159000,171844570300458,1200,,,A,1001,40,999.0,-4.0,31.471587917,0.8768362293012025
74346,market_research_2026-04-04_21-22-29_live_round,f974d41e6f2b44c69df8c990afaf26d2,2026-04-05T02:28:54.279988+00:00,1775356134279988000,171844606129625,1200,,,A,1001,60,999.5,-3.0,31.507417084,0.8768362293012025
74351,market_research_2026-04-04_21-22-29_live_round,f974d41e6f2b44c69df8c990afaf26d2,2026-04-05T02:28:54.314504+00:00,1775356134314504000,171844640645750,1200,,,A,999,40,999.0,0.0,31.541933209,0.8768362293012025
74418,market_research_2026-04-04_21-22-29_live_round,f974d41e6f2b44c69df8c990afaf26d2,2026-04-05T02:28:54.865785+00:00,1775356134865785000,171845191927666,1200,,,A,996,40,992.5,-7.0,32.093215125,0.8768362293012025
74427,market_research_2026-04-04_21-22-29_live_round,f974d41e6f2b44c69df8c990afaf26d2,2026-04-05T02:28:54.944038+00:00,1775356134944038000,171845270181000,1200,,,A,996,60,993.0,-6.0,32.171468459,0.8768362293012025
74432,market_research_2026-04-04_21-22-29_live_round,f974d41e6f2b44c69df8c990afaf26d2,2026-04-05T02:28:54.979408+00:00,1775356134979408000,171845305551333,1200,,,A,991,40,991.0,0.0,32.206838792,0.8768362293012025
74502,market_research_2026-04-04_21-22-29_live_round,f974d41e6f2b44c69df8c990afaf26d2,2026-04-05T02:28:55.552753+00:00,1775356135552753000,171845878897083,1200,,,A,988,40,984.0,-8.0,32.780184542,0.8768362293012025
74507,market_research_2026-04-04_21-22-29_live_round,f974d41e6f2b44c69df8c990afaf26d2,2026-04-05T02:28:55.587236+00:00,1775356135587236000,171845913380833,1200,,,A,988,60,984.5,-7.0,32.814668292,0.8768362293012025
74512,market_research_2026-04-04_21-22-29_live_round,f974d41e6f2b44c69df8c990afaf26d2,2026-04-05T02:28:55.622293+00:00,1775356135622293000,171845948437625,1200,,,A,983,40,982.5,-1.0,32.849725084,0.8768362293012025
74513,market_research_2026-04-04_21-22-29_live_round,f974d41e6f2b44c69df8c990afaf26d2,2026-04-05T02:28:55.625282+00:00,1775356135625282000,171845951426458,1200,,,A,982,40,982.5,-1.0,32.852713917,0.8768362293012025
74586,market_research_2026-04-04_21-22-29_live_round,f974d41e6f2b44c69df8c990afaf26d2,2026-04-05T02:28:56.234662+00:00,1775356136234662000,171846560807958,1200,,,A,980,40,975.5,-9.0,33.462095417,0.8768362293012025
74591,market_research_2026-04-04_21-22-29_live_round,f974d41e6f2b44c69df8c990afaf26d2,2026-04-05T02:28:56.271927+00:00,1775356136271927000,171846598073958,1200,,,A,980,60,976.0,-8.0,33.499361417,0.8768362293012025
74596,market_research_2026-04-04_21-22-29_live_round,f974d41e6f2b44c69df8c990afaf26d2,2026-04-05T02:28:56.311441+00:00,1775356136311441000,171846637587666,1200,,,A,974,40,973.5,-1.0,33.538875125,0.8768362293012025
74597,market_research_2026-04-04_21-22-29_live_round,f974d41e6f2b44c69df8c990afaf26d2,2026-04-05T02:28:56.311550+00:00,1775356136311550000,171846637696333,1200,,,A,973,40,973.5,-1.0,33.538983792,0.8768362293012025
74666,market_research_2026-04-04_21-22-29_live_round,f974d41e6f2b44c69df8c990afaf26d2,2026-04-05T02:28:56.890261+00:00,1775356136890261000,171847216409458,1200,,,A,971,40,966.5,-9.0,34.117696917,0.8768362293012025
74671,market_research_2026-04-04_21-22-29_live_round,f974d41e6f2b44c69df8c990afaf26d2,2026-04-05T02:28:56.931021+00:00,1775356136931021000,171847257169458,1200,,,A,971,60,967.0,-8.0,34.158456917,0.8768362293012025
74676,market_research_2026-04-04_21-22-29_live_round,f974d41e6f2b44c69df8c990afaf26d2,2026-04-05T02:28:56.964323+00:00,1775356136964323000,171847290470958,1200,,,A,965,40,964.5,-1.0,34.191758417,0.8768362293012025
74677,market_research_2026-04-04_21-22-29_live_round,f974d41e6f2b44c69df8c990afaf26d2,2026-04-05T02:28:56.964433+00:00,1775356136964433000,171847290581958,1200,,,A,964,40,964.5,-1.0,34.191869417,0.8768362293012025
74748,market_research_2026-04-04_21-22-29_live_round,f974d41e6f2b44c69df8c990afaf26d2,2026-04-05T02:28:57.584030+00:00,1775356137584030000,171847910180250,1200,,,A,962,40,956.5,-11.0,34.811467709,0.8768362293012025
74753,market_research_2026-04-04_21-22-29_live_round,f974d41e6f2b44c69df8c990afaf26d2,2026-04-05T02:28:57.623301+00:00,1775356137623301000,171847949451000,1200,,,A,962,60,957.0,-10.0,34.850738459,0.8768362293012025
74758,market_research_2026-04-04_21-22-29_live_round,f974d41e6f2b44c69df8c990afaf26d2,2026-04-05T02:28:57.659670+00:00,1775356137659670000,171847985820083,1200,,,A,956,40,954.5,-3.0,34.887107542,0.8768362293012025
74759,market_research_2026-04-04_21-22-29_live_round,f974d41e6f2b44c69df8c990afaf26d2,2026-04-05T02:28:57.664506+00:00,1775356137664506000,171847990656125,1200,,,A,955,40,954.5,-3.0,34.891943584,0.8768362293012025
74765,market_research_2026-04-04_21-22-29_live_round,f974d41e6f2b44c69df8c990afaf26d2,2026-04-05T02:28:57.708184+00:00,1775356137708184000,171848034334583,1200,,,A,955,20,954.5,-1.0,34.935622042,0.8768362293012025
74766,market_research_2026-04-04_21-22-29_live_round,f974d41e6f2b44c69df8c990afaf26d2,2026-04-05T02:28:57.708291+00:00,1775356137708291000,171848034441791,1200,,,A,954,80,954.5,-1.0,34.93572925,0.8768362293012025
74833,market_research_2026-04-04_21-22-29_live_round,f974d41e6f2b44c69df8c990afaf26d2,2026-04-05T02:28:58.293009+00:00,1775356138293009000,171848619160375,1200,,,A,953,40,942.5,-21.0,35.520447834,0.8768362293012025
74838,market_research_2026-04-04_21-22-29_live_round,f974d41e6f2b44c69df8c990afaf26d2,2026-04-05T02:28:58.326912+00:00,1775356138326912000,171848653064208,1200,,,A,953,60,943.0,-20.0,35.554351667,0.8768362293012025
74843,market_research_2026-04-04_21-22-29_live_round,f974d41e6f2b44c69df8c990afaf26d2,2026-04-05T02:28:58.366829+00:00,1775356138366829000,171848692981208,1200,,,A,945,40,939.5,-11.0,35.594268667,0.8768362293012025
74844,market_research_2026-04-04_21-22-29_live_round,f974d41e6f2b44c69df8c990afaf26d2,2026-04-05T02:28:58.366938+00:00,1775356138366938000,171848693089708,1200,,,A,944,40,939.5,-11.0,35.594377167,0.8768362293012025
74850,market_research_2026-04-04_21-22-29_live_round,f974d41e6f2b44c69df8c990afaf26d2,2026-04-05T02:28:58.413032+00:00,1775356138413032000,171848739183916,1200,,,A,944,20,939.5,-9.0,35.640471375,0.8768362293012025
74851,market_research_2026-04-04_21-22-29_live_round,f974d41e6f2b44c69df8c990afaf26d2,2026-04-05T02:28:58.416008+00:00,1775356138416008000,171848742160333,1200,,,A,943,80,939.5,-9.0,35.643447792,0.8768362293012025
74914,market_research_2026-04-04_21-22-29_live_round,f974d41e6f2b44c69df8c990afaf26d2,2026-04-05T02:28:58.949665+00:00,1775356138949665000,171849275818083,1200,,,A,942,40,925.5,-33.0,36.177105542,0.8768362293012025
74919,market_research_2026-04-04_21-22-29_live_round,f974d41e6f2b44c69df8c990afaf26d2,2026-04-05T02:28:58.986843+00:00,1775356138986843000,171849312996458,1200,,,A,942,60,926.0,-32.0,36.214283917,0.8768362293012025
74924,market_research_2026-04-04_21-22-29_live_round,f974d41e6f2b44c69df8c990afaf26d2,2026-04-05T02:28:59.023829+00:00,1775356139023829000,171849349982958,1200,,,A,926,40,918.5,-15.0,36.251270417,0.8768362293012025
74925,market_research_2026-04-04_21-22-29_live_round,f974d41e6f2b44c69df8c990afaf26d2,2026-04-05T02:28:59.023938+00:00,1775356139023938000,171849350092291,1200,,,A,925,40,918.5,-15.0,36.25137975,0.8768362293012025
74931,market_research_2026-04-04_21-22-29_live_round,f974d41e6f2b44c69df8c990afaf26d2,2026-04-05T02:28:59.070001+00:00,1775356139070001000,171849396154625,1200,,,A,925,20,918.5,-13.0,36.297442084,0.8768362293012025
74932,market_research_2026-04-04_21-22-29_live_round,f974d41e6f2b44c69df8c990afaf26d2,2026-04-05T02:28:59.072920+00:00,1775356139072920000,171849399074041,1200,,,A,924,80,918.5,-13.0,36.3003615,0.8768362293012025
74998,market_research_2026-04-04_21-22-29_live_round,f974d41e6f2b44c69df8c990afaf26d2,2026-04-05T02:28:59.649099+00:00,1775356139649099000,171849975253833,1200,,,A,923,40,905.5,-35.0,36.876541292,0.8768362293012025
75003,market_research_2026-04-04_21-22-29_live_round,f974d41e6f2b44c69df8c990afaf26d2,2026-04-05T02:28:59.686130+00:00,1775356139686130000,171850012285833,1200,,,A,923,60,906.0,-34.0,36.913573292,0.8768362293012025
75008,market_research_2026-04-04_21-22-29_live_round,f974d41e6f2b44c69df8c990afaf26d2,2026-04-05T02:28:59.724103+00:00,1775356139724103000,171850050258875,1200,,,A,903,40,896.5,-13.0,36.951546334,0.8768362293012025
75009,market_research_2026-04-04_21-22-29_live_round,f974d41e6f2b44c69df8c990afaf26d2,2026-04-05T02:28:59.724220+00:00,1775356139724220000,171850050375791,1200,,,A,902,40,896.5,-13.0,36.95166325,0.8768362293012025
75015,market_research_2026-04-04_21-22-29_live_round,f974d41e6f2b44c69df8c990afaf26d2,2026-04-05T02:28:59.776774+00:00,1775356139776774000,171850102929291,1200,,,A,902,20,896.5,-11.0,37.00421675,0.8768362293012025
75016,market_research_2026-04-04_21-22-29_live_round,f974d41e6f2b44c69df8c990afaf26d2,2026-04-05T02:28:59.779756+00:00,1775356139779756000,171850105911708,1200,,,A,901,80,896.5,-11.0,37.007199167,0.8768362293012025
75075,market_research_2026-04-04_21-22-29_live_round,f974d41e6f2b44c69df8c990afaf26d2,2026-04-05T02:29:00.330625+00:00,1775356140330625000,171850656782166,1200,,,A,900,40,892.5,-15.0,37.558069625,0.8768362293012025
75080,market_research_2026-04-04_21-22-29_live_round,f974d41e6f2b44c69df8c990afaf26d2,2026-04-05T02:29:00.367814+00:00,1775356140367814000,171850693970958,1200,,,A,900,60,893.0,-14.0,37.595258417,0.8768362293012025
76969,market_research_2026-04-04_21-22-29_live_round,f974d41e6f2b44c69df8c990afaf26d2,2026-04-05T02:29:17.940496+00:00,1775356157940496000,171868266699750,1280,,,A,891,40,892.0,-2.0,5.357766042,0.8768362293012025
76970,market_research_2026-04-04_21-22-29_live_round,f974d41e6f2b44c69df8c990afaf26d2,2026-04-05T02:29:17.943506+00:00,1775356157943506000,171868269710583,1280,,,A,892,100,892.0,-2.0,5.360776875,0.8768362293012025
76971,market_research_2026-04-04_21-22-29_live_round,f974d41e6f2b44c69df8c990afaf26d2,2026-04-05T02:29:17.943615+00:00,1775356157943615000,171868269819041,1280,,,A,892,60,892.0,-2.0,5.360885333,0.8768362293012025
77403,market_research_2026-04-04_21-22-29_live_round,f974d41e6f2b44c69df8c990afaf26d2,2026-04-05T02:29:22.056604+00:00,1775356162056604000,171872382819583,1280,,,A,890,40,890.0,0.0,9.473885875,0.8768362293012025
77927,market_research_2026-04-04_21-22-29_live_round,f974d41e6f2b44c69df8c990afaf26d2,2026-04-05T02:29:27.209642+00:00,1775356167209642000,171877535871375,1280,,,A,901,40,903.0,-4.0,14.626937667,0.8768362293012025
77928,market_research_2026-04-04_21-22-29_live_round,f974d41e6f2b44c69df8c990afaf26d2,2026-04-05T02:29:27.214438+00:00,1775356167214438000,171877540666791,1280,,,A,902,100,903.0,-4.0,14.631733083,0.8768362293012025
77929,market_research_2026-04-04_21-22-29_live_round,f974d41e6f2b44c69df8c990afaf26d2,2026-04-05T02:29:27.214545+00:00,1775356167214545000,171877540773708,1280,,,A,902,60,903.0,-4.0,14.63184,0.8768362293012025
79498,market_research_2026-04-04_21-22-29_live_round,f974d41e6f2b44c69df8c990afaf26d2,2026-04-05T02:29:42.927412+00:00,1775356182927412000,171893253682500,1280,,,A,909,40,910.0,-2.0,30.344748792,0.8768362293012025
79499,market_research_2026-04-04_21-22-29_live_round,f974d41e6f2b44c69df8c990afaf26d2,2026-04-05T02:29:42.927543+00:00,1775356182927543000,171893253813916,1280,,,A,910,60,910.0,-2.0,30.344880208,0.8768362293012025
79500,market_research_2026-04-04_21-22-29_live_round,f974d41e6f2b44c69df8c990afaf26d2,2026-04-05T02:29:42.927647+00:00,1775356182927647000,171893253917625,1280,,,A,911,80,910.0,-2.0,30.344983917,0.8768362293012025
79706,market_research_2026-04-04_21-22-29_live_round,f974d41e6f2b44c69df8c990afaf26d2,2026-04-05T02:29:44.978791+00:00,1775356184978791000,171895305066750,1280,,,A,904,40,902.5,-3.0,32.396133042,0.8768362293012025
79707,market_research_2026-04-04_21-22-29_live_round,f974d41e6f2b44c69df8c990afaf26d2,2026-04-05T02:29:44.981976+00:00,1775356184981976000,171895308252458,1280,,,A,903,60,902.5,-3.0,32.39931875,0.8768362293012025
79708,market_research_2026-04-04_21-22-29_live_round,f974d41e6f2b44c69df8c990afaf26d2,2026-04-05T02:29:44.982086+00:00,1775356184982086000,171895308363041,1280,,,A,902,80,902.5,-3.0,32.399429333,0.8768362293012025
79709,market_research_2026-04-04_21-22-29_live_round,f974d41e6f2b44c69df8c990afaf26d2,2026-04-05T02:29:44.982187+00:00,1775356184982187000,171895308463583,1280,,,A,901,20,902.5,-3.0,32.399529875,0.8768362293012025
84014,market_research_2026-04-04_21-22-29_live_round,f974d41e6f2b44c69df8c990afaf26d2,2026-04-05T02:30:29.867909+00:00,1775356229867909000,171940194305583,1280,,,A,908,40,906.5,-3.0,77.285371875,0.8768362293012025
84015,market_research_2026-04-04_21-22-29_live_round,f974d41e6f2b44c69df8c990afaf26d2,2026-04-05T02:30:29.871319+00:00,1775356229871319000,171940197715416,1280,,,A,907,60,906.5,-3.0,77.288781708,0.8768362293012025
84016,market_research_2026-04-04_21-22-29_live_round,f974d41e6f2b44c69df8c990afaf26d2,2026-04-05T02:30:29.871426+00:00,1775356229871426000,171940197822833,1280,,,A,906,80,906.5,-3.0,77.288889125,0.8768362293012025
84017,market_research_2026-04-04_21-22-29_live_round,f974d41e6f2b44c69df8c990afaf26d2,2026-04-05T02:30:29.871525+00:00,1775356229871525000,171940197921875,1280,,,A,905,20,906.5,-3.0,77.288988167,0.8768362293012025
84365,market_research_2026-04-04_21-22-29_live_round,f974d41e6f2b44c69df8c990afaf26d2,2026-04-05T02:30:33.634714+00:00,1775356233634714000,171943961120500,1280,,,A,913,40,914.0,-2.0,81.052186792,0.8768362293012025
84366,market_research_2026-04-04_21-22-29_live_round,f974d41e6f2b44c69df8c990afaf26d2,2026-04-05T02:30:33.637960+00:00,1775356233637960000,171943964366291,1280,,,A,914,60,914.0,-2.0,81.055432583,0.8768362293012025
84367,market_research_2026-04-04_21-22-29_live_round,f974d41e6f2b44c69df8c990afaf26d2,2026-04-05T02:30:33.643255+00:00,1775356233643255000,171943969661291,1280,,,A,915,80,914.0,-2.0,81.060727583,0.8768362293012025
86414,market_research_2026-04-04_21-22-29_live_round,f974d41e6f2b44c69df8c990afaf26d2,2026-04-05T02:30:55.194302+00:00,1775356255194302000,171965520765291,1416,,,A,912,40,910.5,-3.0,7.01824675,0.8768362293012025
86415,market_research_2026-04-04_21-22-29_live_round,f974d41e6f2b44c69df8c990afaf26d2,2026-04-05T02:30:55.197468+00:00,1775356255197468000,171965523932291,1416,,,A,911,60,910.5,-3.0,7.02141375,0.8768362293012025
86416,market_research_2026-04-04_21-22-29_live_round,f974d41e6f2b44c69df8c990afaf26d2,2026-04-05T02:30:55.197594+00:00,1775356255197594000,171965524057708,1416,,,A,910,80,910.5,-3.0,7.021539167,0.8768362293012025
86417,market_research_2026-04-04_21-22-29_live_round,f974d41e6f2b44c69df8c990afaf26d2,2026-04-05T02:30:55.197694+00:00,1775356255197694000,171965524158416,1416,,,A,909,20,910.5,-3.0,7.021639875,0.8768362293012025
87169,market_research_2026-04-04_21-22-29_live_round,f974d41e6f2b44c69df8c990afaf26d2,2026-04-05T02:31:02.940423+00:00,1775356262940423000,171973266907041,1416,,,A,913,40,911.0,-4.0,14.7643885,0.8768362293012025
87170,market_research_2026-04-04_21-22-29_live_round,f974d41e6f2b44c69df8c990afaf26d2,2026-04-05T02:31:02.943677+00:00,1775356262943677000,171973270161166,1416,,,A,912,60,911.0,-4.0,14.767642625,0.8768362293012025
87171,market_research_2026-04-04_21-22-29_live_round,f974d41e6f2b44c69df8c990afaf26d2,2026-04-05T02:31:02.943782+00:00,1775356262943782000,171973270266416,1416,,,A,911,80,911.0,-4.0,14.767747875,0.8768362293012025
87172,market_research_2026-04-04_21-22-29_live_round,f974d41e6f2b44c69df8c990afaf26d2,2026-04-05T02:31:02.943879+00:00,1775356262943879000,171973270363791,1416,,,A,910,20,911.0,-4.0,14.76784525,0.8768362293012025
88966,market_research_2026-04-04_21-22-29_live_round,f974d41e6f2b44c69df8c990afaf26d2,2026-04-05T02:31:21.366101+00:00,1775356281366101000,171991692635166,1450,,,A,938,40,939.5,-3.0,33.190116625,0.8768362293012025
88971,market_research_2026-04-04_21-22-29_live_round,f974d41e6f2b44c69df8c990afaf26d2,2026-04-05T02:31:21.407560+00:00,1775356281407560000,171991734093375,1450,,,A,938,60,939.0,-2.0,33.231574834,0.8768362293012025
89050,market_research_2026-04-04_21-22-29_live_round,f974d41e6f2b44c69df8c990afaf26d2,2026-04-05T02:31:22.176122+00:00,1775356282176122000,171992502657875,1450,,,A,943,40,944.5,-3.0,34.000139334,0.8768362293012025
89056,market_research_2026-04-04_21-22-29_live_round,f974d41e6f2b44c69df8c990afaf26d2,2026-04-05T02:31:22.227773+00:00,1775356282227773000,171992554308833,1450,,,A,943,60,944.0,-2.0,34.051790292,0.8768362293012025
89122,market_research_2026-04-04_21-22-29_live_round,f974d41e6f2b44c69df8c990afaf26d2,2026-04-05T02:31:22.809931+00:00,1775356282809931000,171993136468208,1450,,,A,950,40,951.0,-2.0,34.633949667,0.8768362293012025
89127,market_research_2026-04-04_21-22-29_live_round,f974d41e6f2b44c69df8c990afaf26d2,2026-04-05T02:31:22.851129+00:00,1775356282851129000,171993177666458,1450,,,A,950,60,950.5,-1.0,34.675147917,0.8768362293012025
89195,market_research_2026-04-04_21-22-29_live_round,f974d41e6f2b44c69df8c990afaf26d2,2026-04-05T02:31:23.506800+00:00,1775356283506800000,171993833339000,1450,,,A,955,40,958.5,-7.0,35.330820459,0.8768362293012025
89201,market_research_2026-04-04_21-22-29_live_round,f974d41e6f2b44c69df8c990afaf26d2,2026-04-05T02:31:23.565396+00:00,1775356283565396000,171993891935416,1450,,,A,955,60,958.0,-6.0,35.389416875,0.8768362293012025
89207,market_research_2026-04-04_21-22-29_live_round,f974d41e6f2b44c69df8c990afaf26d2,2026-04-05T02:31:23.613580+00:00,1775356283613580000,171993940120208,1450,,,A,958,40,959.0,-2.0,35.437601667,0.8768362293012025
89208,market_research_2026-04-04_21-22-29_live_round,f974d41e6f2b44c69df8c990afaf26d2,2026-04-05T02:31:23.613695+00:00,1775356283613695000,171993940235083,1450,,,A,959,40,959.0,-2.0,35.437716542,0.8768362293012025
89215,market_research_2026-04-04_21-22-29_live_round,f974d41e6f2b44c69df8c990afaf26d2,2026-04-05T02:31:23.670557+00:00,1775356283670557000,171993997097000,1450,,,A,959,20,959.0,0.0,35.494578459,0.8768362293012025
89285,market_research_2026-04-04_21-22-29_live_round,f974d41e6f2b44c69df8c990afaf26d2,2026-04-05T02:31:24.318423+00:00,1775356284318423000,171994644964375,1450,,,A,961,40,968.0,-14.0,36.142445834,0.8768362293012025
89290,market_research_2026-04-04_21-22-29_live_round,f974d41e6f2b44c69df8c990afaf26d2,2026-04-05T02:31:24.357768+00:00,1775356284357768000,171994684309833,1450,,,A,961,60,967.5,-13.0,36.181791292,0.8768362293012025
89295,market_research_2026-04-04_21-22-29_live_round,f974d41e6f2b44c69df8c990afaf26d2,2026-04-05T02:31:24.397065+00:00,1775356284397065000,171994723606791,1450,,,A,968,40,970.5,-5.0,36.22108825,0.8768362293012025
89296,market_research_2026-04-04_21-22-29_live_round,f974d41e6f2b44c69df8c990afaf26d2,2026-04-05T02:31:24.397194+00:00,1775356284397194000,171994723736458,1450,,,A,969,40,970.5,-5.0,36.221217917,0.8768362293012025
89303,market_research_2026-04-04_21-22-29_live_round,f974d41e6f2b44c69df8c990afaf26d2,2026-04-05T02:31:24.459822+00:00,1775356284459822000,171994786364333,1450,,,A,969,20,970.5,-3.0,36.283845792,0.8768362293012025
89304,market_research_2026-04-04_21-22-29_live_round,f974d41e6f2b44c69df8c990afaf26d2,2026-04-05T02:31:24.459941+00:00,1775356284459941000,171994786483083,1450,,,A,970,80,970.5,-3.0,36.283964542,0.8768362293012025
89359,market_research_2026-04-04_21-22-29_live_round,f974d41e6f2b44c69df8c990afaf26d2,2026-04-05T02:31:24.984709+00:00,1775356284984709000,171995311252791,1450,,,A,971,40,980.0,-18.0,36.80873425,0.8768362293012025
89367,market_research_2026-04-04_21-22-29_live_round,f974d41e6f2b44c69df8c990afaf26d2,2026-04-05T02:31:25.062968+00:00,1775356285062968000,171995389512166,1450,,,A,971,60,979.5,-17.0,36.886993625,0.8768362293012025
89372,market_research_2026-04-04_21-22-29_live_round,f974d41e6f2b44c69df8c990afaf26d2,2026-04-05T02:31:25.100629+00:00,1775356285100629000,171995427172500,1450,,,A,981,40,984.0,-6.0,36.924653959,0.8768362293012025
89373,market_research_2026-04-04_21-22-29_live_round,f974d41e6f2b44c69df8c990afaf26d2,2026-04-05T02:31:25.100740+00:00,1775356285100740000,171995427283541,1450,,,A,982,40,984.0,-6.0,36.924765,0.8768362293012025
89379,market_research_2026-04-04_21-22-29_live_round,f974d41e6f2b44c69df8c990afaf26d2,2026-04-05T02:31:25.149626+00:00,1775356285149626000,171995476170125,1450,,,A,982,20,984.0,-4.0,36.973651584,0.8768362293012025
89380,market_research_2026-04-04_21-22-29_live_round,f974d41e6f2b44c69df8c990afaf26d2,2026-04-05T02:31:25.149731+00:00,1775356285149731000,171995476275083,1450,,,A,983,80,984.0,-4.0,36.973756542,0.8768362293012025
89445,market_research_2026-04-04_21-22-29_live_round,f974d41e6f2b44c69df8c990afaf26d2,2026-04-05T02:31:25.738548+00:00,1775356285738548000,171996065093541,1450,,,A,984,40,994.0,-20.0,37.562575,0.8768362293012025
89450,market_research_2026-04-04_21-22-29_live_round,f974d41e6f2b44c69df8c990afaf26d2,2026-04-05T02:31:25.780208+00:00,1775356285780208000,171996106753791,1450,,,A,984,60,993.5,-19.0,37.60423525,0.8768362293012025
89455,market_research_2026-04-04_21-22-29_live_round,f974d41e6f2b44c69df8c990afaf26d2,2026-04-05T02:31:25.819775+00:00,1775356285819775000,171996146320791,1450,,,A,995,40,998.5,-7.0,37.64380225,0.8768362293012025
89456,market_research_2026-04-04_21-22-29_live_round,f974d41e6f2b44c69df8c990afaf26d2,2026-04-05T02:31:25.819880+00:00,1775356285819880000,171996146425625,1450,,,A,996,40,998.5,-7.0,37.643907084,0.8768362293012025
89466,market_research_2026-04-04_21-22-29_live_round,f974d41e6f2b44c69df8c990afaf26d2,2026-04-05T02:31:25.912132+00:00,1775356285912132000,171996238677458,1450,,,A,996,20,998.5,-5.0,37.736158917,0.8768362293012025
89467,market_research_2026-04-04_21-22-29_live_round,f974d41e6f2b44c69df8c990afaf26d2,2026-04-05T02:31:25.915411+00:00,1775356285915411000,171996241957041,1450,,,A,997,80,998.5,-5.0,37.7394385,0.8768362293012025
89531,market_research_2026-04-04_21-22-29_live_round,f974d41e6f2b44c69df8c990afaf26d2,2026-04-05T02:31:26.516266+00:00,1775356286516266000,171996842813666,1450,,,A,998,40,1009.0,-22.0,38.340295125,0.8768362293012025
89536,market_research_2026-04-04_21-22-29_live_round,f974d41e6f2b44c69df8c990afaf26d2,2026-04-05T02:31:26.561129+00:00,1775356286561129000,171996887676375,1450,,,A,998,60,1008.5,-21.0,38.385157834,0.8768362293012025
89542,market_research_2026-04-04_21-22-29_live_round,f974d41e6f2b44c69df8c990afaf26d2,2026-04-05T02:31:26.612761+00:00,1775356286612761000,171996939308958,1450,,,A,1010,40,1014.0,-8.0,38.436790417,0.8768362293012025
89543,market_research_2026-04-04_21-22-29_live_round,f974d41e6f2b44c69df8c990afaf26d2,2026-04-05T02:31:26.612875+00:00,1775356286612875000,171996939422708,1450,,,A,1011,40,1014.0,-8.0,38.436904167,0.8768362293012025
89549,market_research_2026-04-04_21-22-29_live_round,f974d41e6f2b44c69df8c990afaf26d2,2026-04-05T02:31:26.664726+00:00,1775356286664726000,171996991273500,1450,,,A,1011,20,1014.0,-6.0,38.488754959,0.8768362293012025
89550,market_research_2026-04-04_21-22-29_live_round,f974d41e6f2b44c69df8c990afaf26d2,2026-04-05T02:31:26.664843+00:00,1775356286664843000,171996991390916,1450,,,A,1012,80,1014.0,-6.0,38.488872375,0.8768362293012025
89612,market_research_2026-04-04_21-22-29_live_round,f974d41e6f2b44c69df8c990afaf26d2,2026-04-05T02:31:27.259083+00:00,1775356287259083000,171997585632166,1450,,,A,1013,40,1026.5,-27.0,39.083113625,0.8768362293012025
89617,market_research_2026-04-04_21-22-29_live_round,f974d41e6f2b44c69df8c990afaf26d2,2026-04-05T02:31:27.303194+00:00,1775356287303194000,171997629744041,1450,,,A,1013,60,1026.0,-26.0,39.1272255,0.8768362293012025
89627,market_research_2026-04-04_21-22-29_live_round,f974d41e6f2b44c69df8c990afaf26d2,2026-04-05T02:31:27.403383+00:00,1775356287403383000,171997729932958,1450,,,A,1026,40,1032.0,-12.0,39.227414417,0.8768362293012025
89628,market_research_2026-04-04_21-22-29_live_round,f974d41e6f2b44c69df8c990afaf26d2,2026-04-05T02:31:27.403527+00:00,1775356287403527000,171997730076500,1450,,,A,1027,40,1032.0,-12.0,39.227557959,0.8768362293012025
89635,market_research_2026-04-04_21-22-29_live_round,f974d41e6f2b44c69df8c990afaf26d2,2026-04-05T02:31:27.468970+00:00,1775356287468970000,171997795519750,1450,,,A,1027,20,1032.0,-10.0,39.293001209,0.8768362293012025
89636,market_research_2026-04-04_21-22-29_live_round,f974d41e6f2b44c69df8c990afaf26d2,2026-04-05T02:31:27.472523+00:00,1775356287472523000,171997799073041,1450,,,A,1028,80,1032.0,-10.0,39.2965545,0.8768362293012025
89694,market_research_2026-04-04_21-22-29_live_round,f974d41e6f2b44c69df8c990afaf26d2,2026-04-05T02:31:28.075730+00:00,1775356288075730000,171998402281125,1450,,,A,1029,40,1047.5,-37.0,39.899762584,0.8768362293012025
89700,market_research_2026-04-04_21-22-29_live_round,f974d41e6f2b44c69df8c990afaf26d2,2026-04-05T02:31:28.129917+00:00,1775356288129917000,171998456469041,1450,,,A,1029,60,1047.0,-36.0,39.9539505,0.8768362293012025
89707,market_research_2026-04-04_21-22-29_live_round,f974d41e6f2b44c69df8c990afaf26d2,2026-04-05T02:31:28.195498+00:00,1775356288195498000,171998522049458,1450,,,A,1046,40,1055.0,-18.0,40.019530917,0.8768362293012025
89708,market_research_2026-04-04_21-22-29_live_round,f974d41e6f2b44c69df8c990afaf26d2,2026-04-05T02:31:28.198952+00:00,1775356288198952000,171998525503708,1450,,,A,1047,40,1055.0,-18.0,40.022985167,0.8768362293012025
89714,market_research_2026-04-04_21-22-29_live_round,f974d41e6f2b44c69df8c990afaf26d2,2026-04-05T02:31:28.247162+00:00,1775356288247162000,171998573714208,1450,,,A,1047,20,1055.0,-16.0,40.071195667,0.8768362293012025
89715,market_research_2026-04-04_21-22-29_live_round,f974d41e6f2b44c69df8c990afaf26d2,2026-04-05T02:31:28.250484+00:00,1775356288250484000,171998577036166,1450,,,A,1048,80,1055.0,-16.0,40.074517625,0.8768362293012025
89779,market_research_2026-04-04_21-22-29_live_round,f974d41e6f2b44c69df8c990afaf26d2,2026-04-05T02:31:28.890923+00:00,1775356288890923000,171999217476666,1450,,,A,1049,40,1073.5,-49.0,40.714958125,0.8768362293012025
89784,market_research_2026-04-04_21-22-29_live_round,f974d41e6f2b44c69df8c990afaf26d2,2026-04-05T02:31:28.935958+00:00,1775356288935958000,171999262511708,1450,,,A,1049,60,1073.0,-48.0,40.759993167,0.8768362293012025
89789,market_research_2026-04-04_21-22-29_live_round,f974d41e6f2b44c69df8c990afaf26d2,2026-04-05T02:31:28.977086+00:00,1775356288977086000,171999303639666,1450,,,A,1072,40,1084.0,-24.0,40.801121125,0.8768362293012025
89790,market_research_2026-04-04_21-22-29_live_round,f974d41e6f2b44c69df8c990afaf26d2,2026-04-05T02:31:28.977198+00:00,1775356288977198000,171999303752541,1450,,,A,1073,40,1084.0,-24.0,40.801234,0.8768362293012025
89796,market_research_2026-04-04_21-22-29_live_round,f974d41e6f2b44c69df8c990afaf26d2,2026-04-05T02:31:29.029095+00:00,1775356289029095000,171999355648583,1450,,,A,1073,20,1084.0,-22.0,40.853130042,0.8768362293012025
89797,market_research_2026-04-04_21-22-29_live_round,f974d41e6f2b44c69df8c990afaf26d2,2026-04-05T02:31:29.034083+00:00,1775356289034083000,171999360637375,1450,,,A,1074,80,1084.0,-22.0,40.858118834,0.8768362293012025
89865,market_research_2026-04-04_21-22-29_live_round,f974d41e6f2b44c69df8c990afaf26d2,2026-04-05T02:31:29.688464+00:00,1775356289688464000,172000015019375,1450,,,A,1075,40,1105.5,-61.0,41.512500834,0.8768362293012025
89870,market_research_2026-04-04_21-22-29_live_round,f974d41e6f2b44c69df8c990afaf26d2,2026-04-05T02:31:29.733403+00:00,1775356289733403000,172000059959166,1450,,,A,1075,60,1105.0,-60.0,41.557440625,0.8768362293012025
89876,market_research_2026-04-04_21-22-29_live_round,f974d41e6f2b44c69df8c990afaf26d2,2026-04-05T02:31:29.792187+00:00,1775356289792187000,172000118742958,1450,,,A,1104,40,1119.0,-30.0,41.616224417,0.8768362293012025
89877,market_research_2026-04-04_21-22-29_live_round,f974d41e6f2b44c69df8c990afaf26d2,2026-04-05T02:31:29.792311+00:00,1775356289792311000,172000118867375,1450,,,A,1105,40,1119.0,-30.0,41.616348834,0.8768362293012025
89884,market_research_2026-04-04_21-22-29_live_round,f974d41e6f2b44c69df8c990afaf26d2,2026-04-05T02:31:29.858870+00:00,1775356289858870000,172000185426625,1450,,,A,1105,20,1119.0,-28.0,41.682908084,0.8768362293012025
89885,market_research_2026-04-04_21-22-29_live_round,f974d41e6f2b44c69df8c990afaf26d2,2026-04-05T02:31:29.862172+00:00,1775356289862172000,172000188728708,1450,,,A,1106,80,1119.0,-28.0,41.686210167,0.8768362293012025
89946,market_research_2026-04-04_21-22-29_live_round,f974d41e6f2b44c69df8c990afaf26d2,2026-04-05T02:31:30.443155+00:00,1775356290443155000,172000769712541,1450,,,A,1107,40,1142.0,-70.0,42.267194,0.8768362293012025
89955,market_research_2026-04-04_21-22-29_live_round,f974d41e6f2b44c69df8c990afaf26d2,2026-04-05T02:31:30.532833+00:00,1775356290532833000,172000859391458,1450,,,A,1107,60,1141.5,-69.0,42.356872917,0.8768362293012025
89960,market_research_2026-04-04_21-22-29_live_round,f974d41e6f2b44c69df8c990afaf26d2,2026-04-05T02:31:30.576786+00:00,1775356290576786000,172000903344833,1450,,,A,1142,40,1158.5,-33.0,42.400826292,0.8768362293012025
89961,market_research_2026-04-04_21-22-29_live_round,f974d41e6f2b44c69df8c990afaf26d2,2026-04-05T02:31:30.580063+00:00,1775356290580063000,172000906621166,1450,,,A,1143,40,1158.5,-33.0,42.404102625,0.8768362293012025
89967,market_research_2026-04-04_21-22-29_live_round,f974d41e6f2b44c69df8c990afaf26d2,2026-04-05T02:31:30.631207+00:00,1775356290631207000,172000957765750,1450,,,A,1143,20,1158.5,-31.0,42.455247209,0.8768362293012025
89968,market_research_2026-04-04_21-22-29_live_round,f974d41e6f2b44c69df8c990afaf26d2,2026-04-05T02:31:30.631326+00:00,1775356290631326000,172000957884500,1450,,,A,1144,80,1158.5,-31.0,42.455365959,0.8768362293012025
90029,market_research_2026-04-04_21-22-29_live_round,f974d41e6f2b44c69df8c990afaf26d2,2026-04-05T02:31:31.233053+00:00,1775356291233053000,172001559612750,1450,,,A,1145,40,1161.0,-32.0,43.057094209,0.8768362293012025
90034,market_research_2026-04-04_21-22-29_live_round,f974d41e6f2b44c69df8c990afaf26d2,2026-04-05T02:31:31.275734+00:00,1775356291275734000,172001602293666,1450,,,A,1145,60,1160.5,-31.0,43.099775125,0.8768362293012025
90282,market_research_2026-04-04_21-22-29_live_round,f974d41e6f2b44c69df8c990afaf26d2,2026-04-05T02:31:33.822061+00:00,1775356293822061000,172004148628250,1450,,,A,1187,40,1189.5,-5.0,45.646109709,0.8768362293012025
90283,market_research_2026-04-04_21-22-29_live_round,f974d41e6f2b44c69df8c990afaf26d2,2026-04-05T02:31:33.822187+00:00,1775356293822187000,172004148753708,1450,,,A,1188,60,1189.5,-5.0,45.646235167,0.8768362293012025
90284,market_research_2026-04-04_21-22-29_live_round,f974d41e6f2b44c69df8c990afaf26d2,2026-04-05T02:31:33.822287+00:00,1775356293822287000,172004148854625,1450,,,A,1189,80,1189.5,-5.0,45.646336084,0.8768362293012025
90285,market_research_2026-04-04_21-22-29_live_round,f974d41e6f2b44c69df8c990afaf26d2,2026-04-05T02:31:33.822387+00:00,1775356293822387000,172004148954041,1450,,,A,1190,20,1189.5,-5.0,45.6464355,0.8768362293012025
90487,market_research_2026-04-04_21-22-29_live_round,f974d41e6f2b44c69df8c990afaf26d2,2026-04-05T02:31:35.868928+00:00,1775356295868928000,172006195500250,1450,,,A,1185,40,1183.0,-4.0,47.692981709,0.8768362293012025
90488,market_research_2026-04-04_21-22-29_live_round,f974d41e6f2b44c69df8c990afaf26d2,2026-04-05T02:31:35.869056+00:00,1775356295869056000,172006195629000,1450,,,A,1184,60,1183.0,-4.0,47.693110459,0.8768362293012025
90489,market_research_2026-04-04_21-22-29_live_round,f974d41e6f2b44c69df8c990afaf26d2,2026-04-05T02:31:35.869163+00:00,1775356295869163000,172006195735166,1450,,,A,1184,100,1183.0,-4.0,47.693216625,0.8768362293012025
92901,market_research_2026-04-04_21-22-29_live_round,f974d41e6f2b44c69df8c990afaf26d2,2026-04-05T02:32:00.596248+00:00,1775356320596248000,172030922886750,1500,,,A,1193,40,1191.5,-3.0,12.790884375,0.8324129727310562
92902,market_research_2026-04-04_21-22-29_live_round,f974d41e6f2b44c69df8c990afaf26d2,2026-04-05T02:32:00.599838+00:00,1775356320599838000,172030926476125,1500,,,A,1192,60,1191.5,-3.0,12.79447375,0.8324129727310562
92903,market_research_2026-04-04_21-22-29_live_round,f974d41e6f2b44c69df8c990afaf26d2,2026-04-05T02:32:00.599955+00:00,1775356320599955000,172030926593916,1500,,,A,1191,80,1191.5,-3.0,12.794591541,0.8324129727310562
92904,market_research_2026-04-04_21-22-29_live_round,f974d41e6f2b44c69df8c990afaf26d2,2026-04-05T02:32:00.600056+00:00,1775356320600056000,172030926694791,1500,,,A,1190,20,1191.5,-3.0,12.794692416,0.8324129727310562
93836,market_research_2026-04-04_21-22-29_live_round,f974d41e6f2b44c69df8c990afaf26d2,2026-04-05T02:32:10.248842+00:00,1775356330248842000,172040575506375,1525,,,A,1188,40,1188.0,0.0,22.443504,0.8324129727310562
94641,market_research_2026-04-04_21-22-29_live_round,f974d41e6f2b44c69df8c990afaf26d2,2026-04-05T02:32:18.625056+00:00,1775356338625056000,172048951742333,1525,,,A,1171,40,1170.0,-2.0,30.819739958,0.8324129727310562
94648,market_research_2026-04-04_21-22-29_live_round,f974d41e6f2b44c69df8c990afaf26d2,2026-04-05T02:32:18.694389+00:00,1775356338694389000,172049021075833,1525,,,A,1171,60,1170.5,-1.0,30.889073458,0.8324129727310562
94715,market_research_2026-04-04_21-22-29_live_round,f974d41e6f2b44c69df8c990afaf26d2,2026-04-05T02:32:19.382260+00:00,1775356339382260000,172049708948416,1525,,,A,1166,40,1164.0,-4.0,31.576946041,0.8324129727310562
94720,market_research_2026-04-04_21-22-29_live_round,f974d41e6f2b44c69df8c990afaf26d2,2026-04-05T02:32:19.421508+00:00,1775356339421508000,172049748196958,1525,,,A,1166,60,1164.5,-3.0,31.616194583,0.8324129727310562
94764,market_research_2026-04-04_21-22-29_live_round,f974d41e6f2b44c69df8c990afaf26d2,2026-04-05T02:32:19.856283+00:00,1775356339856283000,172050182972875,1525,,,A,1160,100,1156.0,-8.0,32.0509705,0.8324129727310562
94765,market_research_2026-04-04_21-22-29_live_round,f974d41e6f2b44c69df8c990afaf26d2,2026-04-05T02:32:19.856405+00:00,1775356339856405000,172050183095333,1525,,,A,1156,40,1156.0,-8.0,32.051092958,0.8324129727310562
94766,market_research_2026-04-04_21-22-29_live_round,f974d41e6f2b44c69df8c990afaf26d2,2026-04-05T02:32:19.856508+00:00,1775356339856508000,172050183198500,1525,,,A,1155,60,1156.0,-8.0,32.051196125,0.8324129727310562
94862,market_research_2026-04-04_21-22-29_live_round,f974d41e6f2b44c69df8c990afaf26d2,2026-04-05T02:32:20.765835+00:00,1775356340765835000,172051092526875,1525,,,A,1154,40,1150.5,-7.0,32.9605245,0.8324129727310562
94868,market_research_2026-04-04_21-22-29_live_round,f974d41e6f2b44c69df8c990afaf26d2,2026-04-05T02:32:20.818916+00:00,1775356340818916000,172051145608458,1525,,,A,1153,60,1150.5,-5.0,33.013606083,0.8324129727310562
94873,market_research_2026-04-04_21-22-29_live_round,f974d41e6f2b44c69df8c990afaf26d2,2026-04-05T02:32:20.854764+00:00,1775356340854764000,172051181456750,1525,,,A,1153,80,1151.0,-4.0,33.049454375,0.8324129727310562
94878,market_research_2026-04-04_21-22-29_live_round,f974d41e6f2b44c69df8c990afaf26d2,2026-04-05T02:32:20.895132+00:00,1775356340895132000,172051221825083,1525,,,A,1153,20,1151.5,-3.0,33.089822708,0.8324129727310562
94879,market_research_2026-04-04_21-22-29_live_round,f974d41e6f2b44c69df8c990afaf26d2,2026-04-05T02:32:20.895247+00:00,1775356340895247000,172051221940083,1525,,,A,1152,80,1151.5,-3.0,33.089937708,0.8324129727310562
94944,market_research_2026-04-04_21-22-29_live_round,f974d41e6f2b44c69df8c990afaf26d2,2026-04-05T02:32:21.512778+00:00,1775356341512778000,172051839472458,1525,,,A,1151,40,1146.5,-9.0,33.707470083,0.8324129727310562
94949,market_research_2026-04-04_21-22-29_live_round,f974d41e6f2b44c69df8c990afaf26d2,2026-04-05T02:32:21.555851+00:00,1775356341555851000,172051882545291,1525,,,A,1151,60,1147.0,-8.0,33.750542916,0.8324129727310562
95019,market_research_2026-04-04_21-22-29_live_round,f974d41e6f2b44c69df8c990afaf26d2,2026-04-05T02:32:22.189088+00:00,1775356342189088000,172052515784208,1525,,,A,1138,40,1135.5,-5.0,34.383781833,0.8324129727310562
95025,market_research_2026-04-04_21-22-29_live_round,f974d41e6f2b44c69df8c990afaf26d2,2026-04-05T02:32:22.239387+00:00,1775356342239387000,172052566083791,1525,,,A,1138,60,1136.0,-4.0,34.434081416,0.8324129727310562
95030,market_research_2026-04-04_21-22-29_live_round,f974d41e6f2b44c69df8c990afaf26d2,2026-04-05T02:32:22.275548+00:00,1775356342275548000,172052602244000,1525,,,A,1136,40,1135.5,-1.0,34.470241625,0.8324129727310562
95031,market_research_2026-04-04_21-22-29_live_round,f974d41e6f2b44c69df8c990afaf26d2,2026-04-05T02:32:22.275662+00:00,1775356342275662000,172052602358666,1525,,,A,1135,40,1135.5,-1.0,34.470356291,0.8324129727310562
95097,market_research_2026-04-04_21-22-29_live_round,f974d41e6f2b44c69df8c990afaf26d2,2026-04-05T02:32:22.919003+00:00,1775356342919003000,172053245701625,1525,,,A,1133,40,1128.0,-10.0,35.11369925,0.8324129727310562
95102,market_research_2026-04-04_21-22-29_live_round,f974d41e6f2b44c69df8c990afaf26d2,2026-04-05T02:32:22.956399+00:00,1775356342956399000,172053283097083,1525,,,A,1133,60,1128.5,-9.0,35.151094708,0.8324129727310562
95107,market_research_2026-04-04_21-22-29_live_round,f974d41e6f2b44c69df8c990afaf26d2,2026-04-05T02:32:22.995646+00:00,1775356342995646000,172053322344833,1525,,,A,1127,40,1126.0,-2.0,35.190342458,0.8324129727310562
95108,market_research_2026-04-04_21-22-29_live_round,f974d41e6f2b44c69df8c990afaf26d2,2026-04-05T02:32:22.995758+00:00,1775356342995758000,172053322456583,1525,,,A,1126,40,1126.0,-2.0,35.190454208,0.8324129727310562
95114,market_research_2026-04-04_21-22-29_live_round,f974d41e6f2b44c69df8c990afaf26d2,2026-04-05T02:32:23.041498+00:00,1775356343041498000,172053368197000,1525,,,A,1126,20,1126.0,0.0,35.236194625,0.8324129727310562
95168,market_research_2026-04-04_21-22-29_live_round,f974d41e6f2b44c69df8c990afaf26d2,2026-04-05T02:32:23.599878+00:00,1775356343599878000,172053926577666,1525,,,A,1124,40,1116.5,-15.0,35.794575291,0.8324129727310562
95173,market_research_2026-04-04_21-22-29_live_round,f974d41e6f2b44c69df8c990afaf26d2,2026-04-05T02:32:23.640152+00:00,1775356343640152000,172053966851708,1525,,,A,1124,60,1117.0,-14.0,35.834849333,0.8324129727310562
95178,market_research_2026-04-04_21-22-29_live_round,f974d41e6f2b44c69df8c990afaf26d2,2026-04-05T02:32:23.679298+00:00,1775356343679298000,172054005998250,1525,,,A,1117,40,1114.0,-6.0,35.873995875,0.8324129727310562
95179,market_research_2026-04-04_21-22-29_live_round,f974d41e6f2b44c69df8c990afaf26d2,2026-04-05T02:32:23.679417+00:00,1775356343679417000,172054006117541,1525,,,A,1116,40,1114.0,-6.0,35.874115166,0.8324129727310562
95185,market_research_2026-04-04_21-22-29_live_round,f974d41e6f2b44c69df8c990afaf26d2,2026-04-05T02:32:23.728725+00:00,1775356343728725000,172054055425291,1525,,,A,1116,20,1114.0,-4.0,35.923422916,0.8324129727310562
95186,market_research_2026-04-04_21-22-29_live_round,f974d41e6f2b44c69df8c990afaf26d2,2026-04-05T02:32:23.728839+00:00,1775356343728839000,172054055539250,1525,,,A,1115,80,1114.0,-4.0,35.923536875,0.8324129727310562
95254,market_research_2026-04-04_21-22-29_live_round,f974d41e6f2b44c69df8c990afaf26d2,2026-04-05T02:32:24.355937+00:00,1775356344355937000,172054682638541,1525,,,A,1114,40,1104.5,-19.0,36.550636166,0.8324129727310562
95259,market_research_2026-04-04_21-22-29_live_round,f974d41e6f2b44c69df8c990afaf26d2,2026-04-05T02:32:24.398299+00:00,1775356344398299000,172054725000875,1525,,,A,1114,60,1105.0,-18.0,36.5929985,0.8324129727310562
95264,market_research_2026-04-04_21-22-29_live_round,f974d41e6f2b44c69df8c990afaf26d2,2026-04-05T02:32:24.437967+00:00,1775356344437967000,172054764669250,1525,,,A,1103,40,1100.0,-6.0,36.632666875,0.8324129727310562
95265,market_research_2026-04-04_21-22-29_live_round,f974d41e6f2b44c69df8c990afaf26d2,2026-04-05T02:32:24.438082+00:00,1775356344438082000,172054764784291,1525,,,A,1102,40,1100.0,-6.0,36.632781916,0.8324129727310562
95271,market_research_2026-04-04_21-22-29_live_round,f974d41e6f2b44c69df8c990afaf26d2,2026-04-05T02:32:24.488762+00:00,1775356344488762000,172054815464291,1525,,,A,1102,20,1100.0,-4.0,36.683461916,0.8324129727310562
95272,market_research_2026-04-04_21-22-29_live_round,f974d41e6f2b44c69df8c990afaf26d2,2026-04-05T02:32:24.488882+00:00,1775356344488882000,172054815584625,1525,,,A,1101,80,1100.0,-4.0,36.68358225,0.8324129727310562
95339,market_research_2026-04-04_21-22-29_live_round,f974d41e6f2b44c69df8c990afaf26d2,2026-04-05T02:32:25.111280+00:00,1775356345111280000,172055437983916,1525,,,A,1100,40,1089.0,-22.0,37.305981541,0.8324129727310562
95344,market_research_2026-04-04_21-22-29_live_round,f974d41e6f2b44c69df8c990afaf26d2,2026-04-05T02:32:25.155829+00:00,1775356345155829000,172055482533333,1525,,,A,1100,60,1089.5,-21.0,37.350530958,0.8324129727310562
95351,market_research_2026-04-04_21-22-29_live_round,f974d41e6f2b44c69df8c990afaf26d2,2026-04-05T02:32:25.219863+00:00,1775356345219863000,172055546567166,1525,,,A,1089,40,1084.5,-9.0,37.414564791,0.8324129727310562
95352,market_research_2026-04-04_21-22-29_live_round,f974d41e6f2b44c69df8c990afaf26d2,2026-04-05T02:32:25.223628+00:00,1775356345223628000,172055550332375,1525,,,A,1088,40,1084.5,-9.0,37.41833,0.8324129727310562
95358,market_research_2026-04-04_21-22-29_live_round,f974d41e6f2b44c69df8c990afaf26d2,2026-04-05T02:32:25.276370+00:00,1775356345276370000,172055603074666,1525,,,A,1088,20,1084.5,-7.0,37.471072291,0.8324129727310562
95359,market_research_2026-04-04_21-22-29_live_round,f974d41e6f2b44c69df8c990afaf26d2,2026-04-05T02:32:25.276495+00:00,1775356345276495000,172055603199125,1525,,,A,1087,80,1084.5,-7.0,37.47119675,0.8324129727310562
95423,market_research_2026-04-04_21-22-29_live_round,f974d41e6f2b44c69df8c990afaf26d2,2026-04-05T02:32:25.897566+00:00,1775356345897566000,172056224272083,1525,,,A,1086,40,1071.0,-30.0,38.092269708,0.8324129727310562
95428,market_research_2026-04-04_21-22-29_live_round,f974d41e6f2b44c69df8c990afaf26d2,2026-04-05T02:32:25.942107+00:00,1775356345942107000,172056268812916,1525,,,A,1086,60,1071.5,-29.0,38.136810541,0.8324129727310562
95433,market_research_2026-04-04_21-22-29_live_round,f974d41e6f2b44c69df8c990afaf26d2,2026-04-05T02:32:25.982695+00:00,1775356345982695000,172056309401208,1525,,,A,1072,40,1065.0,-14.0,38.177398833,0.8324129727310562
95434,market_research_2026-04-04_21-22-29_live_round,f974d41e6f2b44c69df8c990afaf26d2,2026-04-05T02:32:25.982815+00:00,1775356345982815000,172056309521625,1525,,,A,1071,40,1065.0,-14.0,38.17751925,0.8324129727310562
95440,market_research_2026-04-04_21-22-29_live_round,f974d41e6f2b44c69df8c990afaf26d2,2026-04-05T02:32:26.035566+00:00,1775356346035566000,172056362271958,1525,,,A,1071,20,1065.0,-12.0,38.230269583,0.8324129727310562
95441,market_research_2026-04-04_21-22-29_live_round,f974d41e6f2b44c69df8c990afaf26d2,2026-04-05T02:32:26.038941+00:00,1775356346038941000,172056365647625,1525,,,A,1070,80,1065.0,-12.0,38.23364525,0.8324129727310562
95504,market_research_2026-04-04_21-22-29_live_round,f974d41e6f2b44c69df8c990afaf26d2,2026-04-05T02:32:26.639754+00:00,1775356346639754000,172056966461750,1525,,,A,1069,40,1051.5,-35.0,38.834459375,0.8324129727310562
95513,market_research_2026-04-04_21-22-29_live_round,f974d41e6f2b44c69df8c990afaf26d2,2026-04-05T02:32:26.732998+00:00,1775356346732998000,172057059706416,1525,,,A,1069,60,1052.0,-34.0,38.927704041,0.8324129727310562
95518,market_research_2026-04-04_21-22-29_live_round,f974d41e6f2b44c69df8c990afaf26d2,2026-04-05T02:32:26.779196+00:00,1775356346779196000,172057105904458,1525,,,A,1050,40,1043.0,-14.0,38.973902083,0.8324129727310562
95519,market_research_2026-04-04_21-22-29_live_round,f974d41e6f2b44c69df8c990afaf26d2,2026-04-05T02:32:26.779327+00:00,1775356346779327000,172057106035250,1525,,,A,1049,40,1043.0,-14.0,38.974032875,0.8324129727310562
95526,market_research_2026-04-04_21-22-29_live_round,f974d41e6f2b44c69df8c990afaf26d2,2026-04-05T02:32:26.845002+00:00,1775356346845002000,172057171710250,1525,,,A,1049,20,1043.0,-12.0,39.039707875,0.8324129727310562
95527,market_research_2026-04-04_21-22-29_live_round,f974d41e6f2b44c69df8c990afaf26d2,2026-04-05T02:32:26.848412+00:00,1775356346848412000,172057175120625,1525,,,A,1048,80,1043.0,-12.0,39.04311825,0.8324129727310562
95587,market_research_2026-04-04_21-22-29_live_round,f974d41e6f2b44c69df8c990afaf26d2,2026-04-05T02:32:27.435338+00:00,1775356347435338000,172057762048125,1525,,,A,1047,40,1028.5,-37.0,39.63004575,0.8324129727310562
95592,market_research_2026-04-04_21-22-29_live_round,f974d41e6f2b44c69df8c990afaf26d2,2026-04-05T02:32:27.480413+00:00,1775356347480413000,172057807122958,1525,,,A,1047,60,1029.0,-36.0,39.675120583,0.8324129727310562
95599,market_research_2026-04-04_21-22-29_live_round,f974d41e6f2b44c69df8c990afaf26d2,2026-04-05T02:32:27.544250+00:00,1775356347544250000,172057870960791,1525,,,A,1028,40,1020.0,-16.0,39.738958416,0.8324129727310562
95600,market_research_2026-04-04_21-22-29_live_round,f974d41e6f2b44c69df8c990afaf26d2,2026-04-05T02:32:27.547825+00:00,1775356347547825000,172057874535708,1525,,,A,1027,40,1020.0,-16.0,39.742533333,0.8324129727310562
95606,market_research_2026-04-04_21-22-29_live_round,f974d41e6f2b44c69df8c990afaf26d2,2026-04-05T02:32:27.602727+00:00,1775356347602727000,172057929437666,1525,,,A,1027,20,1020.0,-14.0,39.797435291,0.8324129727310562
95607,market_research_2026-04-04_21-22-29_live_round,f974d41e6f2b44c69df8c990afaf26d2,2026-04-05T02:32:27.602849+00:00,1775356347602849000,172057929559416,1525,,,A,1026,80,1020.0,-14.0,39.797557041,0.8324129727310562
95671,market_research_2026-04-04_21-22-29_live_round,f974d41e6f2b44c69df8c990afaf26d2,2026-04-05T02:32:28.245918+00:00,1775356348245918000,172058572630458,1525,,,A,1025,40,1002.5,-45.0,40.440628083,0.8324129727310562
95676,market_research_2026-04-04_21-22-29_live_round,f974d41e6f2b44c69df8c990afaf26d2,2026-04-05T02:32:28.287385+00:00,1775356348287385000,172058614097291,1525,,,A,1025,60,1003.0,-44.0,40.482094916,0.8324129727310562
95681,market_research_2026-04-04_21-22-29_live_round,f974d41e6f2b44c69df8c990afaf26d2,2026-04-05T02:32:28.325109+00:00,1775356348325109000,172058651821541,1525,,,A,1004,40,993.0,-22.0,40.519819166,0.8324129727310562
95682,market_research_2026-04-04_21-22-29_live_round,f974d41e6f2b44c69df8c990afaf26d2,2026-04-05T02:32:28.325223+00:00,1775356348325223000,172058651936000,1525,,,A,1003,40,993.0,-22.0,40.519933625,0.8324129727310562
95688,market_research_2026-04-04_21-22-29_live_round,f974d41e6f2b44c69df8c990afaf26d2,2026-04-05T02:32:28.376803+00:00,1775356348376803000,172058703515291,1525,,,A,1003,20,993.0,-20.0,40.571512916,0.8324129727310562
95689,market_research_2026-04-04_21-22-29_live_round,f974d41e6f2b44c69df8c990afaf26d2,2026-04-05T02:32:28.376921+00:00,1775356348376921000,172058703633958,1525,,,A,1002,80,993.0,-20.0,40.571631583,0.8324129727310562
95755,market_research_2026-04-04_21-22-29_live_round,f974d41e6f2b44c69df8c990afaf26d2,2026-04-05T02:32:29.031195+00:00,1775356349031195000,172059357908833,1525,,,A,1001,40,969.5,-63.0,41.225906458,0.8324129727310562
95762,market_research_2026-04-04_21-22-29_live_round,f974d41e6f2b44c69df8c990afaf26d2,2026-04-05T02:32:29.105722+00:00,1775356349105722000,172059432436083,1525,,,A,1001,60,970.0,-62.0,41.300433708,0.8324129727310562
95769,market_research_2026-04-04_21-22-29_live_round,f974d41e6f2b44c69df8c990afaf26d2,2026-04-05T02:32:29.170887+00:00,1775356349170887000,172059497601333,1525,,,A,974,40,957.0,-34.0,41.365598958,0.8324129727310562
95770,market_research_2026-04-04_21-22-29_live_round,f974d41e6f2b44c69df8c990afaf26d2,2026-04-05T02:32:29.174158+00:00,1775356349174158000,172059500872500,1525,,,A,973,40,957.0,-34.0,41.368870125,0.8324129727310562
95777,market_research_2026-04-04_21-22-29_live_round,f974d41e6f2b44c69df8c990afaf26d2,2026-04-05T02:32:29.241509+00:00,1775356349241509000,172059568223916,1525,,,A,973,20,957.0,-32.0,41.436221541,0.8324129727310562
95778,market_research_2026-04-04_21-22-29_live_round,f974d41e6f2b44c69df8c990afaf26d2,2026-04-05T02:32:29.241638+00:00,1775356349241638000,172059568353250,1525,,,A,972,80,957.0,-32.0,41.436350875,0.8324129727310562
95835,market_research_2026-04-04_21-22-29_live_round,f974d41e6f2b44c69df8c990afaf26d2,2026-04-05T02:32:29.777389+00:00,1775356349777389000,172060104104916,1525,,,A,971,40,930.0,-82.0,41.972102541,0.8324129727310562
95841,market_research_2026-04-04_21-22-29_live_round,f974d41e6f2b44c69df8c990afaf26d2,2026-04-05T02:32:29.836628+00:00,1775356349836628000,172060163344541,1525,,,A,971,60,930.5,-81.0,42.031342166,0.8324129727310562
95851,market_research_2026-04-04_21-22-29_live_round,f974d41e6f2b44c69df8c990afaf26d2,2026-04-05T02:32:29.943909+00:00,1775356349943909000,172060270625708,1525,,,A,932,40,911.5,-41.0,42.138623333,0.8324129727310562
95852,market_research_2026-04-04_21-22-29_live_round,f974d41e6f2b44c69df8c990afaf26d2,2026-04-05T02:32:29.947154+00:00,1775356349947154000,172060273871416,1525,,,A,931,40,911.5,-41.0,42.141869041,0.8324129727310562
95858,market_research_2026-04-04_21-22-29_live_round,f974d41e6f2b44c69df8c990afaf26d2,2026-04-05T02:32:29.998525+00:00,1775356349998525000,172060325242500,1525,,,A,931,20,911.5,-39.0,42.193240125,0.8324129727310562
95859,market_research_2026-04-04_21-22-29_live_round,f974d41e6f2b44c69df8c990afaf26d2,2026-04-05T02:32:29.998646+00:00,1775356349998646000,172060325363000,1525,,,A,930,80,911.5,-39.0,42.193360625,0.8324129727310562
95920,market_research_2026-04-04_21-22-29_live_round,f974d41e6f2b44c69df8c990afaf26d2,2026-04-05T02:32:30.580465+00:00,1775356350580465000,172060907183500,1525,,,A,929,40,881.0,-96.0,42.775181125,0.8324129727310562
95925,market_research_2026-04-04_21-22-29_live_round,f974d41e6f2b44c69df8c990afaf26d2,2026-04-05T02:32:30.622807+00:00,1775356350622807000,172060949525958,1525,,,A,929,60,881.5,-95.0,42.817523583,0.8324129727310562
95931,market_research_2026-04-04_21-22-29_live_round,f974d41e6f2b44c69df8c990afaf26d2,2026-04-05T02:32:30.675850+00:00,1775356350675850000,172061002568500,1525,,,A,883,40,859.0,-48.0,42.870566125,0.8324129727310562
95932,market_research_2026-04-04_21-22-29_live_round,f974d41e6f2b44c69df8c990afaf26d2,2026-04-05T02:32:30.679194+00:00,1775356350679194000,172061005913000,1525,,,A,882,40,859.0,-48.0,42.873910625,0.8324129727310562
95938,market_research_2026-04-04_21-22-29_live_round,f974d41e6f2b44c69df8c990afaf26d2,2026-04-05T02:32:30.733171+00:00,1775356350733171000,172061059890166,1525,,,A,882,20,859.0,-46.0,42.927887791,0.8324129727310562
95939,market_research_2026-04-04_21-22-29_live_round,f974d41e6f2b44c69df8c990afaf26d2,2026-04-05T02:32:30.733297+00:00,1775356350733297000,172061060016291,1525,,,A,881,80,859.0,-46.0,42.928013916,0.8324129727310562
95997,market_research_2026-04-04_21-22-29_live_round,f974d41e6f2b44c69df8c990afaf26d2,2026-04-05T02:32:31.322891+00:00,1775356351322891000,172061649610875,1525,,,A,880,40,857.0,-46.0,43.5176085,0.8324129727310562
96004,market_research_2026-04-04_21-22-29_live_round,f974d41e6f2b44c69df8c990afaf26d2,2026-04-05T02:32:31.393895+00:00,1775356351393895000,172061720615416,1525,,,A,880,60,857.5,-45.0,43.588613041,0.8324129727310562
99840,market_research_2026-04-04_21-22-29_live_round,f974d41e6f2b44c69df8c990afaf26d2,2026-04-05T02:33:10.762335+00:00,1775356390762335000,172101089161291,1525,,,A,832,40,832.0,0.0,82.957158916,0.8324129727310562
103189,market_research_2026-04-04_21-22-29_live_round,f974d41e6f2b44c69df8c990afaf26d2,2026-04-05T02:33:47.631092+00:00,1775356427631092000,172137958016125,1650,,,A,832,40,831.0,-2.0,11.528624834,0.8838431684903902
103190,market_research_2026-04-04_21-22-29_live_round,f974d41e6f2b44c69df8c990afaf26d2,2026-04-05T02:33:47.635427+00:00,1775356427635427000,172137962350958,1650,,,A,832,100,831.0,-2.0,11.532959667,0.8838431684903902
103191,market_research_2026-04-04_21-22-29_live_round,f974d41e6f2b44c69df8c990afaf26d2,2026-04-05T02:33:47.635575+00:00,1775356427635575000,172137962499333,1650,,,A,831,60,831.0,-2.0,11.533108042,0.8838431684903902
104905,market_research_2026-04-04_21-22-29_live_round,f974d41e6f2b44c69df8c990afaf26d2,2026-04-05T02:34:06.930449+00:00,1775356446930449000,172157257424625,1650,,,A,835,40,837.5,-5.0,30.828033334,0.8838431684903902
104906,market_research_2026-04-04_21-22-29_live_round,f974d41e6f2b44c69df8c990afaf26d2,2026-04-05T02:34:06.933832+00:00,1775356446933832000,172157260807916,1650,,,A,836,60,837.5,-5.0,30.831416625,0.8838431684903902
104907,market_research_2026-04-04_21-22-29_live_round,f974d41e6f2b44c69df8c990afaf26d2,2026-04-05T02:34:06.933958+00:00,1775356446933958000,172157260934166,1650,,,A,837,80,837.5,-5.0,30.831542875,0.8838431684903902
104908,market_research_2026-04-04_21-22-29_live_round,f974d41e6f2b44c69df8c990afaf26d2,2026-04-05T02:34:06.934066+00:00,1775356446934066000,172157261041833,1650,,,A,838,20,837.5,-5.0,30.831650542,0.8838431684903902
106040,market_research_2026-04-04_21-22-29_live_round,f974d41e6f2b44c69df8c990afaf26d2,2026-04-05T02:34:19.979060+00:00,1775356459979060000,172170306069875,1650,,,A,855,40,855.5,-1.0,43.876678584,0.8838431684903902
106045,market_research_2026-04-04_21-22-29_live_round,f974d41e6f2b44c69df8c990afaf26d2,2026-04-05T02:34:20.023670+00:00,1775356460023670000,172170350680916,1650,,,A,855,60,855.0,0.0,43.921289625,0.8838431684903902
106109,market_research_2026-04-04_21-22-29_live_round,f974d41e6f2b44c69df8c990afaf26d2,2026-04-05T02:34:20.731309+00:00,1775356460731309000,172171058321041,1650,,,A,858,40,858.0,0.0,44.62892975,0.8838431684903902
106189,market_research_2026-04-04_21-22-29_live_round,f974d41e6f2b44c69df8c990afaf26d2,2026-04-05T02:34:21.503494+00:00,1775356461503494000,172171830508500,1650,,,A,864,40,865.5,-3.0,45.401117209,0.8838431684903902
106194,market_research_2026-04-04_21-22-29_live_round,f974d41e6f2b44c69df8c990afaf26d2,2026-04-05T02:34:21.544969+00:00,1775356461544969000,172171871983666,1650,,,A,865,60,865.5,-1.0,45.442592375,0.8838431684903902
106199,market_research_2026-04-04_21-22-29_live_round,f974d41e6f2b44c69df8c990afaf26d2,2026-04-05T02:34:21.588169+00:00,1775356461588169000,172171915184166,1650,,,A,865,40,865.0,0.0,45.485792875,0.8838431684903902
106200,market_research_2026-04-04_21-22-29_live_round,f974d41e6f2b44c69df8c990afaf26d2,2026-04-05T02:34:21.588309+00:00,1775356461588309000,172171915323583,1650,,,A,865,40,865.0,0.0,45.485932292,0.8838431684903902
106268,market_research_2026-04-04_21-22-29_live_round,f974d41e6f2b44c69df8c990afaf26d2,2026-04-05T02:34:22.282070+00:00,1775356462282070000,172172609086916,1650,,,A,867,40,870.0,-6.0,46.179695625,0.8838431684903902
106273,market_research_2026-04-04_21-22-29_live_round,f974d41e6f2b44c69df8c990afaf26d2,2026-04-05T02:34:22.330077+00:00,1775356462330077000,172172657093875,1650,,,A,867,60,869.5,-5.0,46.227702584,0.8838431684903902
107765,market_research_2026-04-04_21-22-29_live_round,f974d41e6f2b44c69df8c990afaf26d2,2026-04-05T02:34:39.104545+00:00,1775356479104545000,172189431606916,1725,,,A,881,40,883.0,-4.0,63.002215625,0.8838431684903902
107766,market_research_2026-04-04_21-22-29_live_round,f974d41e6f2b44c69df8c990afaf26d2,2026-04-05T02:34:39.104703+00:00,1775356479104703000,172189431764375,1725,,,A,882,60,883.0,-4.0,63.002373084,0.8838431684903902
107767,market_research_2026-04-04_21-22-29_live_round,f974d41e6f2b44c69df8c990afaf26d2,2026-04-05T02:34:39.104824+00:00,1775356479104824000,172189431885583,1725,,,A,883,80,883.0,-4.0,63.002494292,0.8838431684903902
107768,market_research_2026-04-04_21-22-29_live_round,f974d41e6f2b44c69df8c990afaf26d2,2026-04-05T02:34:39.104935+00:00,1775356479104935000,172189431997250,1725,,,A,884,20,883.0,-4.0,63.002605959,0.8838431684903902
109209,market_research_2026-04-04_21-22-29_live_round,f974d41e6f2b44c69df8c990afaf26d2,2026-04-05T02:34:56.050069+00:00,1775356496050069000,172206377175500,1725,,,A,874,40,876.0,-4.0,79.947784209,0.8838431684903902
109210,market_research_2026-04-04_21-22-29_live_round,f974d41e6f2b44c69df8c990afaf26d2,2026-04-05T02:34:56.051925+00:00,1775356496051925000,172206379031916,1725,,,A,875,60,876.0,-4.0,79.949640625,0.8838431684903902
109211,market_research_2026-04-04_21-22-29_live_round,f974d41e6f2b44c69df8c990afaf26d2,2026-04-05T02:34:56.052045+00:00,1775356496052045000,172206379152208,1725,,,A,876,80,876.0,-4.0,79.949760917,0.8838431684903902
109212,market_research_2026-04-04_21-22-29_live_round,f974d41e6f2b44c69df8c990afaf26d2,2026-04-05T02:34:56.052157+00:00,1775356496052157000,172206379263833,1725,,,A,877,20,876.0,-4.0,79.949872542,0.8838431684903902
112597,market_research_2026-04-04_21-22-29_live_round,f974d41e6f2b44c69df8c990afaf26d2,2026-04-05T02:35:35.016926+00:00,1775356535016926000,172245344136750,1725,,,A,891,40,892.5,-3.0,118.914745459,0.8838431684903902
112602,market_research_2026-04-04_21-22-29_live_round,f974d41e6f2b44c69df8c990afaf26d2,2026-04-05T02:35:35.067110+00:00,1775356535067110000,172245394320416,1725,,,A,892,60,892.5,-3.0,118.964929125,0.8838431684903902
112603,market_research_2026-04-04_21-22-29_live_round,f974d41e6f2b44c69df8c990afaf26d2,2026-04-05T02:35:35.067279+00:00,1775356535067279000,172245394489833,1725,,,A,893,80,892.5,-3.0,118.965098542,0.8838431684903902
112604,market_research_2026-04-04_21-22-29_live_round,f974d41e6f2b44c69df8c990afaf26d2,2026-04-05T02:35:35.067398+00:00,1775356535067398000,172245394609375,1725,,,A,894,20,892.5,-3.0,118.965218084,0.8838431684903902
115340,market_research_2026-04-04_21-22-29_live_round,f974d41e6f2b44c69df8c990afaf26d2,2026-04-05T02:36:04.709362+00:00,1775356564709362000,172275036652125,1725,,,A,890,40,892.5,-5.0,148.607260834,0.8838431684903902
115341,market_research_2026-04-04_21-22-29_live_round,f974d41e6f2b44c69df8c990afaf26d2,2026-04-05T02:36:04.709516+00:00,1775356564709516000,172275036805875,1725,,,A,891,100,892.5,-5.0,148.607414584,0.8838431684903902
115342,market_research_2026-04-04_21-22-29_live_round,f974d41e6f2b44c69df8c990afaf26d2,2026-04-05T02:36:04.709627+00:00,1775356564709627000,172275036917166,1725,,,A,891,60,892.5,-5.0,148.607525875,0.8838431684903902
117695,market_research_2026-04-04_21-22-29_live_round,f974d41e6f2b44c69df8c990afaf26d2,2026-04-05T02:36:32.772891+00:00,1775356592772891000,172303100255416,1850,,,A,884,40,884.0,0.0,176.670864125,0.8838431684903902
117774,market_research_2026-04-04_21-22-29_live_round,f974d41e6f2b44c69df8c990afaf26d2,2026-04-05T02:36:33.740069+00:00,1775356593740069000,172304067435666,1850,,,A,887,40,887.0,0.0,177.638044375,0.8838431684903902
119083,market_research_2026-04-04_21-22-29_live_round,f974d41e6f2b44c69df8c990afaf26d2,2026-04-05T02:36:51.784899+00:00,1775356611784899000,172322112314291,1850,,,A,892,40,890.0,-4.0,195.682923,0.8838431684903902
119084,market_research_2026-04-04_21-22-29_live_round,f974d41e6f2b44c69df8c990afaf26d2,2026-04-05T02:36:51.785282+00:00,1775356611785282000,172322112697916,1850,,,A,891,60,890.0,-4.0,195.683306625,0.8838431684903902
119085,market_research_2026-04-04_21-22-29_live_round,f974d41e6f2b44c69df8c990afaf26d2,2026-04-05T02:36:51.785415+00:00,1775356611785415000,172322112830208,1850,,,A,890,80,890.0,-4.0,195.683438917,0.8838431684903902
119086,market_research_2026-04-04_21-22-29_live_round,f974d41e6f2b44c69df8c990afaf26d2,2026-04-05T02:36:51.785719+00:00,1775356611785719000,172322113135083,1850,,,A,889,20,890.0,-4.0,195.683743792,0.8838431684903902
119678,market_research_2026-04-04_21-22-29_live_round,f974d41e6f2b44c69df8c990afaf26d2,2026-04-05T02:37:00.796516+00:00,1775356620796516000,172331123955208,1900,,,A,896,40,896.0,0.0,204.694563917,0.8838431684903902
120716,market_research_2026-04-04_21-22-29_live_round,f974d41e6f2b44c69df8c990afaf26d2,2026-04-05T02:37:15.478345+00:00,1775356635478345000,172345805823458,1900,,,A,887,40,887.0,0.0,219.376432167,0.8838431684903902
125068,market_research_2026-04-04_21-22-29_live_round,f974d41e6f2b44c69df8c990afaf26d2,2026-04-05T02:38:06.238015+00:00,1775356686238015000,172396565629750,1975,,,A,883,40,882.0,-2.0,24.314832959,1.3925929733903109
125069,market_research_2026-04-04_21-22-29_live_round,f974d41e6f2b44c69df8c990afaf26d2,2026-04-05T02:38:06.239092+00:00,1775356686239092000,172396566706333,1975,,,A,882,60,882.0,-2.0,24.315909542,1.3925929733903109
125070,market_research_2026-04-04_21-22-29_live_round,f974d41e6f2b44c69df8c990afaf26d2,2026-04-05T02:38:06.239220+00:00,1775356686239220000,172396566834625,1975,,,A,882,100,882.0,-2.0,24.316037834,1.3925929733903109
125483,market_research_2026-04-04_21-22-29_live_round,f974d41e6f2b44c69df8c990afaf26d2,2026-04-05T02:38:10.879894+00:00,1775356690879894000,172401207520958,1975,,,A,895,40,896.5,-3.0,28.956724167,1.3925929733903109
125484,market_research_2026-04-04_21-22-29_live_round,f974d41e6f2b44c69df8c990afaf26d2,2026-04-05T02:38:10.880025+00:00,1775356690880025000,172401207651916,1975,,,A,896,60,896.5,-3.0,28.956855125,1.3925929733903109
125485,market_research_2026-04-04_21-22-29_live_round,f974d41e6f2b44c69df8c990afaf26d2,2026-04-05T02:38:10.880138+00:00,1775356690880138000,172401207764625,1975,,,A,897,80,896.5,-3.0,28.956967834,1.3925929733903109
125486,market_research_2026-04-04_21-22-29_live_round,f974d41e6f2b44c69df8c990afaf26d2,2026-04-05T02:38:10.880246+00:00,1775356690880246000,172401207873083,1975,,,A,898,20,896.5,-3.0,28.957076292,1.3925929733903109
125678,market_research_2026-04-04_21-22-29_live_round,f974d41e6f2b44c69df8c990afaf26d2,2026-04-05T02:38:13.116754+00:00,1775356693116754000,172403444386625,1975,,,A,899,40,899.0,0.0,31.193589834,1.3925929733903109
125697,market_research_2026-04-04_21-22-29_live_round,f974d41e6f2b44c69df8c990afaf26d2,2026-04-05T02:38:13.315290+00:00,1775356693315290000,172403642923666,1975,,,A,903,100,909.0,-12.0,31.392126875,1.3925929733903109
125698,market_research_2026-04-04_21-22-29_live_round,f974d41e6f2b44c69df8c990afaf26d2,2026-04-05T02:38:13.315418+00:00,1775356693315418000,172403643051333,1975,,,A,905,40,909.0,-12.0,31.392254542,1.3925929733903109
125699,market_research_2026-04-04_21-22-29_live_round,f974d41e6f2b44c69df8c990afaf26d2,2026-04-05T02:38:13.315527+00:00,1775356693315527000,172403643160375,1975,,,A,906,60,909.0,-12.0,31.392363584,1.3925929733903109
125758,market_research_2026-04-04_21-22-29_live_round,f974d41e6f2b44c69df8c990afaf26d2,2026-04-05T02:38:13.970744+00:00,1775356693970744000,172404298378958,1975,,,A,907,40,907.0,0.0,32.047582167,1.3925929733903109
125834,market_research_2026-04-04_21-22-29_live_round,f974d41e6f2b44c69df8c990afaf26d2,2026-04-05T02:38:14.732731+00:00,1775356694732731000,172405060368500,1975,,,A,908,40,910.0,-4.0,32.809571709,1.3925929733903109
125843,market_research_2026-04-04_21-22-29_live_round,f974d41e6f2b44c69df8c990afaf26d2,2026-04-05T02:38:14.835720+00:00,1775356694835720000,172405163357583,1975,,,A,908,60,909.5,-3.0,32.912560792,1.3925929733903109
125908,market_research_2026-04-04_21-22-29_live_round,f974d41e6f2b44c69df8c990afaf26d2,2026-04-05T02:38:15.512705+00:00,1775356695512705000,172405840344666,1975,,,A,916,40,918.5,-5.0,33.589547875,1.3925929733903109
125913,market_research_2026-04-04_21-22-29_live_round,f974d41e6f2b44c69df8c990afaf26d2,2026-04-05T02:38:15.560498+00:00,1775356695560498000,172405888137000,1975,,,A,916,60,918.0,-4.0,33.637340209,1.3925929733903109
125918,market_research_2026-04-04_21-22-29_live_round,f974d41e6f2b44c69df8c990afaf26d2,2026-04-05T02:38:15.607196+00:00,1775356695607196000,172405934834875,1975,,,A,918,40,918.5,-1.0,33.684038084,1.3925929733903109
125919,market_research_2026-04-04_21-22-29_live_round,f974d41e6f2b44c69df8c990afaf26d2,2026-04-05T02:38:15.607327+00:00,1775356695607327000,172405934966333,1975,,,A,919,40,918.5,-1.0,33.684169542,1.3925929733903109
125964,market_research_2026-04-04_21-22-29_live_round,f974d41e6f2b44c69df8c990afaf26d2,2026-04-05T02:38:16.029953+00:00,1775356696029953000,172406357594000,1975,,,A,921,40,925.0,-8.0,34.106797209,1.3925929733903109
125970,market_research_2026-04-04_21-22-29_live_round,f974d41e6f2b44c69df8c990afaf26d2,2026-04-05T02:38:16.090430+00:00,1775356696090430000,172406418070291,1975,,,A,921,60,924.5,-7.0,34.1672735,1.3925929733903109
125977,market_research_2026-04-04_21-22-29_live_round,f974d41e6f2b44c69df8c990afaf26d2,2026-04-05T02:38:16.162110+00:00,1775356696162110000,172406489751208,1975,,,A,927,40,927.0,0.0,34.238954417,1.3925929733903109
126033,market_research_2026-04-04_21-22-29_live_round,f974d41e6f2b44c69df8c990afaf26d2,2026-04-05T02:38:16.725607+00:00,1775356696725607000,172407053249708,1975,,,A,930,40,933.0,-6.0,34.802452917,1.3925929733903109
126044,market_research_2026-04-04_21-22-29_live_round,f974d41e6f2b44c69df8c990afaf26d2,2026-04-05T02:38:16.847315+00:00,1775356696847315000,172407174958000,1975,,,A,930,60,932.5,-5.0,34.924161209,1.3925929733903109
126114,market_research_2026-04-04_21-22-29_live_round,f974d41e6f2b44c69df8c990afaf26d2,2026-04-05T02:38:17.543557+00:00,1775356697543557000,172407871202083,1975,,,A,938,40,939.5,-3.0,35.620405292,1.3925929733903109
126120,market_research_2026-04-04_21-22-29_live_round,f974d41e6f2b44c69df8c990afaf26d2,2026-04-05T02:38:17.606038+00:00,1775356697606038000,172407933682458,1975,,,A,938,60,939.0,-2.0,35.682885667,1.3925929733903109
126191,market_research_2026-04-04_21-22-29_live_round,f974d41e6f2b44c69df8c990afaf26d2,2026-04-05T02:38:18.483886+00:00,1775356698483886000,172408811532166,1975,,,A,945,40,949.0,-8.0,36.560735375,1.3925929733903109
126198,market_research_2026-04-04_21-22-29_live_round,f974d41e6f2b44c69df8c990afaf26d2,2026-04-05T02:38:18.575735+00:00,1775356698575735000,172408903382208,1975,,,A,945,60,948.5,-7.0,36.652585417,1.3925929733903109
126206,market_research_2026-04-04_21-22-29_live_round,f974d41e6f2b44c69df8c990afaf26d2,2026-04-05T02:38:18.666663+00:00,1775356698666663000,172408994310750,1975,,,A,947,40,949.0,-4.0,36.743513959,1.3925929733903109
126207,market_research_2026-04-04_21-22-29_live_round,f974d41e6f2b44c69df8c990afaf26d2,2026-04-05T02:38:18.672209+00:00,1775356698672209000,172408999856500,1975,,,A,948,40,949.0,-4.0,36.749059709,1.3925929733903109
126218,market_research_2026-04-04_21-22-29_live_round,f974d41e6f2b44c69df8c990afaf26d2,2026-04-05T02:38:18.830154+00:00,1775356698830154000,172409157801916,1975,,,A,948,20,949.0,-2.0,36.907005125,1.3925929733903109
126219,market_research_2026-04-04_21-22-29_live_round,f974d41e6f2b44c69df8c990afaf26d2,2026-04-05T02:38:18.835236+00:00,1775356698835236000,172409162884125,1975,,,A,949,80,949.0,-2.0,36.912087334,1.3925929733903109
126278,market_research_2026-04-04_21-22-29_live_round,f974d41e6f2b44c69df8c990afaf26d2,2026-04-05T02:38:19.712046+00:00,1775356699712046000,172410039696375,1975,,,A,950,40,959.5,-19.0,37.788899584,1.3925929733903109
126286,market_research_2026-04-04_21-22-29_live_round,f974d41e6f2b44c69df8c990afaf26d2,2026-04-05T02:38:19.838350+00:00,1775356699838350000,172410166000791,1975,,,A,950,60,959.0,-18.0,37.915204,1.3925929733903109
126291,market_research_2026-04-04_21-22-29_live_round,f974d41e6f2b44c69df8c990afaf26d2,2026-04-05T02:38:19.949437+00:00,1775356699949437000,172410277087458,1975,,,A,959,40,963.0,-8.0,38.026290667,1.3925929733903109
126292,market_research_2026-04-04_21-22-29_live_round,f974d41e6f2b44c69df8c990afaf26d2,2026-04-05T02:38:19.953796+00:00,1775356699953796000,172410281447208,1975,,,A,960,40,963.0,-8.0,38.030650417,1.3925929733903109
126304,market_research_2026-04-04_21-22-29_live_round,f974d41e6f2b44c69df8c990afaf26d2,2026-04-05T02:38:20.161595+00:00,1775356700161595000,172410489245666,1975,,,A,960,20,963.0,-6.0,38.238448875,1.3925929733903109
126305,market_research_2026-04-04_21-22-29_live_round,f974d41e6f2b44c69df8c990afaf26d2,2026-04-05T02:38:20.167413+00:00,1775356700167413000,172410495064541,1975,,,A,961,80,963.0,-6.0,38.24426775,1.3925929733903109
126364,market_research_2026-04-04_21-22-29_live_round,f974d41e6f2b44c69df8c990afaf26d2,2026-04-05T02:38:21.044225+00:00,1775356701044225000,172411371878458,1975,,,A,962,40,976.0,-28.0,39.121081667,1.3925929733903109
126378,market_research_2026-04-04_21-22-29_live_round,f974d41e6f2b44c69df8c990afaf26d2,2026-04-05T02:38:21.254541+00:00,1775356701254541000,172411582195500,1975,,,A,962,60,975.5,-27.0,39.331398709,1.3925929733903109
126385,market_research_2026-04-04_21-22-29_live_round,f974d41e6f2b44c69df8c990afaf26d2,2026-04-05T02:38:21.428561+00:00,1775356701428561000,172411756216041,1975,,,A,975,40,981.5,-13.0,39.50541925,1.3925929733903109
126386,market_research_2026-04-04_21-22-29_live_round,f974d41e6f2b44c69df8c990afaf26d2,2026-04-05T02:38:21.434289+00:00,1775356701434289000,172411761943750,1975,,,A,976,40,981.5,-13.0,39.511146959,1.3925929733903109
126395,market_research_2026-04-04_21-22-29_live_round,f974d41e6f2b44c69df8c990afaf26d2,2026-04-05T02:38:21.580384+00:00,1775356701580384000,172411908039000,1975,,,A,976,20,981.5,-11.0,39.657242209,1.3925929733903109
126396,market_research_2026-04-04_21-22-29_live_round,f974d41e6f2b44c69df8c990afaf26d2,2026-04-05T02:38:21.584745+00:00,1775356701584745000,172411912400333,1975,,,A,977,80,981.5,-11.0,39.661603542,1.3925929733903109
126455,market_research_2026-04-04_21-22-29_live_round,f974d41e6f2b44c69df8c990afaf26d2,2026-04-05T02:38:22.923741+00:00,1775356702923741000,172413251393750,1975,,,A,978,40,994.5,-33.0,41.000596959,1.3925929733903109
126464,market_research_2026-04-04_21-22-29_live_round,f974d41e6f2b44c69df8c990afaf26d2,2026-04-05T02:38:23.044953+00:00,1775356703044953000,172413372611458,1975,,,A,978,60,994.0,-32.0,41.121814667,1.3925929733903109
126479,market_research_2026-04-04_21-22-29_live_round,f974d41e6f2b44c69df8c990afaf26d2,2026-04-05T02:38:23.297502+00:00,1775356703297502000,172413625161166,1975,,,A,996,40,1002.5,-13.0,41.374364375,1.3925929733903109
126480,market_research_2026-04-04_21-22-29_live_round,f974d41e6f2b44c69df8c990afaf26d2,2026-04-05T02:38:23.302310+00:00,1775356703302310000,172413629969625,1975,,,A,997,40,1002.5,-13.0,41.379172834,1.3925929733903109
126486,market_research_2026-04-04_21-22-29_live_round,f974d41e6f2b44c69df8c990afaf26d2,2026-04-05T02:38:23.397253+00:00,1775356703397253000,172413724912416,1975,,,A,997,20,1002.5,-11.0,41.474115625,1.3925929733903109
126487,market_research_2026-04-04_21-22-29_live_round,f974d41e6f2b44c69df8c990afaf26d2,2026-04-05T02:38:23.402209+00:00,1775356703402209000,172413729868916,1975,,,A,998,80,1002.5,-11.0,41.479072125,1.3925929733903109
126539,market_research_2026-04-04_21-22-29_live_round,f974d41e6f2b44c69df8c990afaf26d2,2026-04-05T02:38:24.088488+00:00,1775356704088488000,172414416149916,1975,,,A,999,40,1016.0,-34.0,42.165353125,1.3925929733903109
126545,market_research_2026-04-04_21-22-29_live_round,f974d41e6f2b44c69df8c990afaf26d2,2026-04-05T02:38:24.173765+00:00,1775356704173765000,172414501427375,1975,,,A,999,60,1015.5,-33.0,42.250630584,1.3925929733903109
126557,market_research_2026-04-04_21-22-29_live_round,f974d41e6f2b44c69df8c990afaf26d2,2026-04-05T02:38:24.370305+00:00,1775356704370305000,172414697967458,1975,,,A,1017,40,1024.0,-14.0,42.447170667,1.3925929733903109
126558,market_research_2026-04-04_21-22-29_live_round,f974d41e6f2b44c69df8c990afaf26d2,2026-04-05T02:38:24.375028+00:00,1775356704375028000,172414702690583,1975,,,A,1018,40,1024.0,-14.0,42.451893792,1.3925929733903109
126565,market_research_2026-04-04_21-22-29_live_round,f974d41e6f2b44c69df8c990afaf26d2,2026-04-05T02:38:24.464008+00:00,1775356704464008000,172414791670166,1975,,,A,1018,20,1024.0,-12.0,42.540873375,1.3925929733903109
126566,market_research_2026-04-04_21-22-29_live_round,f974d41e6f2b44c69df8c990afaf26d2,2026-04-05T02:38:24.464258+00:00,1775356704464258000,172414791921125,1975,,,A,1019,80,1024.0,-12.0,42.541124334,1.3925929733903109
126621,market_research_2026-04-04_21-22-29_live_round,f974d41e6f2b44c69df8c990afaf26d2,2026-04-05T02:38:25.215380+00:00,1775356705215380000,172415543044250,1975,,,A,1020,40,1039.5,-39.0,43.292247459,1.3925929733903109
126627,market_research_2026-04-04_21-22-29_live_round,f974d41e6f2b44c69df8c990afaf26d2,2026-04-05T02:38:25.289577+00:00,1775356705289577000,172415617241625,1975,,,A,1020,60,1039.0,-38.0,43.366444834,1.3925929733903109
126632,market_research_2026-04-04_21-22-29_live_round,f974d41e6f2b44c69df8c990afaf26d2,2026-04-05T02:38:25.348546+00:00,1775356705348546000,172415676210625,1975,,,A,1039,40,1048.0,-18.0,43.425413834,1.3925929733903109
126633,market_research_2026-04-04_21-22-29_live_round,f974d41e6f2b44c69df8c990afaf26d2,2026-04-05T02:38:25.348751+00:00,1775356705348751000,172415676417000,1975,,,A,1040,40,1048.0,-18.0,43.425620209,1.3925929733903109
126639,market_research_2026-04-04_21-22-29_live_round,f974d41e6f2b44c69df8c990afaf26d2,2026-04-05T02:38:25.434936+00:00,1775356705434936000,172415762601208,1975,,,A,1040,20,1048.0,-16.0,43.511804417,1.3925929733903109
126640,market_research_2026-04-04_21-22-29_live_round,f974d41e6f2b44c69df8c990afaf26d2,2026-04-05T02:38:25.435145+00:00,1775356705435145000,172415762810333,1975,,,A,1041,80,1048.0,-16.0,43.512013542,1.3925929733903109
126710,market_research_2026-04-04_21-22-29_live_round,f974d41e6f2b44c69df8c990afaf26d2,2026-04-05T02:38:26.320192+00:00,1775356706320192000,172416647859458,1975,,,A,1042,40,1067.5,-51.0,44.397062667,1.3925929733903109
126719,market_research_2026-04-04_21-22-29_live_round,f974d41e6f2b44c69df8c990afaf26d2,2026-04-05T02:38:26.429617+00:00,1775356706429617000,172416757284333,1975,,,A,1042,60,1067.0,-50.0,44.506487542,1.3925929733903109
126725,market_research_2026-04-04_21-22-29_live_round,f974d41e6f2b44c69df8c990afaf26d2,2026-04-05T02:38:26.496265+00:00,1775356706496265000,172416823933083,1975,,,A,1065,40,1078.0,-26.0,44.573136292,1.3925929733903109
126726,market_research_2026-04-04_21-22-29_live_round,f974d41e6f2b44c69df8c990afaf26d2,2026-04-05T02:38:26.496482+00:00,1775356706496482000,172416824150750,1975,,,A,1066,40,1078.0,-26.0,44.573353959,1.3925929733903109
126742,market_research_2026-04-04_21-22-29_live_round,f974d41e6f2b44c69df8c990afaf26d2,2026-04-05T02:38:26.846798+00:00,1775356706846798000,172417174466750,1975,,,A,1066,20,1078.0,-24.0,44.923669959,1.3925929733903109
126743,market_research_2026-04-04_21-22-29_live_round,f974d41e6f2b44c69df8c990afaf26d2,2026-04-05T02:38:26.847110+00:00,1775356706847110000,172417174779333,1975,,,A,1067,80,1078.0,-24.0,44.923982542,1.3925929733903109
126791,market_research_2026-04-04_21-22-29_live_round,f974d41e6f2b44c69df8c990afaf26d2,2026-04-05T02:38:27.378549+00:00,1775356707378549000,172417706219375,1975,,,A,1068,40,1101.5,-67.0,45.455422584,1.3925929733903109
126796,market_research_2026-04-04_21-22-29_live_round,f974d41e6f2b44c69df8c990afaf26d2,2026-04-05T02:38:27.429055+00:00,1775356707429055000,172417756725708,1975,,,A,1068,60,1101.0,-66.0,45.505928917,1.3925929733903109
126806,market_research_2026-04-04_21-22-29_live_round,f974d41e6f2b44c69df8c990afaf26d2,2026-04-05T02:38:27.540628+00:00,1775356707540628000,172417868298500,1975,,,A,1099,40,1116.0,-34.0,45.617501709,1.3925929733903109
126807,market_research_2026-04-04_21-22-29_live_round,f974d41e6f2b44c69df8c990afaf26d2,2026-04-05T02:38:27.540910+00:00,1775356707540910000,172417868581375,1975,,,A,1100,40,1116.0,-34.0,45.617784584,1.3925929733903109
126813,market_research_2026-04-04_21-22-29_live_round,f974d41e6f2b44c69df8c990afaf26d2,2026-04-05T02:38:27.611097+00:00,1775356707611097000,172417938768375,1975,,,A,1100,20,1116.0,-32.0,45.687971584,1.3925929733903109
126814,market_research_2026-04-04_21-22-29_live_round,f974d41e6f2b44c69df8c990afaf26d2,2026-04-05T02:38:27.611327+00:00,1775356707611327000,172417938998541,1975,,,A,1101,80,1116.0,-32.0,45.68820175,1.3925929733903109
126874,market_research_2026-04-04_21-22-29_live_round,f974d41e6f2b44c69df8c990afaf26d2,2026-04-05T02:38:28.483244+00:00,1775356708483244000,172418810917250,1975,,,A,1102,40,1142.5,-81.0,46.560120459,1.3925929733903109
126880,market_research_2026-04-04_21-22-29_live_round,f974d41e6f2b44c69df8c990afaf26d2,2026-04-05T02:38:28.559001+00:00,1775356708559001000,172418886674250,1975,,,A,1102,60,1142.0,-80.0,46.635877459,1.3925929733903109
126887,market_research_2026-04-04_21-22-29_live_round,f974d41e6f2b44c69df8c990afaf26d2,2026-04-05T02:38:28.653525+00:00,1775356708653525000,172418981198166,1975,,,A,1141,40,1161.0,-40.0,46.730401375,1.3925929733903109
126888,market_research_2026-04-04_21-22-29_live_round,f974d41e6f2b44c69df8c990afaf26d2,2026-04-05T02:38:28.653750+00:00,1775356708653750000,172418981423708,1975,,,A,1142,40,1161.0,-40.0,46.730626917,1.3925929733903109
126894,market_research_2026-04-04_21-22-29_live_round,f974d41e6f2b44c69df8c990afaf26d2,2026-04-05T02:38:28.736988+00:00,1775356708736988000,172419064662541,1975,,,A,1142,20,1161.0,-38.0,46.81386575,1.3925929733903109
126895,market_research_2026-04-04_21-22-29_live_round,f974d41e6f2b44c69df8c990afaf26d2,2026-04-05T02:38:28.737197+00:00,1775356708737197000,172419064871500,1975,,,A,1143,80,1161.0,-38.0,46.814074709,1.3925929733903109
126958,market_research_2026-04-04_21-22-29_live_round,f974d41e6f2b44c69df8c990afaf26d2,2026-04-05T02:38:29.694942+00:00,1775356709694942000,172420022619083,1975,,,A,1144,40,1193.5,-99.0,47.771822292,1.3925929733903109
126968,market_research_2026-04-04_21-22-29_live_round,f974d41e6f2b44c69df8c990afaf26d2,2026-04-05T02:38:29.829677+00:00,1775356709829677000,172420157353958,1975,,,A,1144,60,1193.0,-98.0,47.906557167,1.3925929733903109
126973,market_research_2026-04-04_21-22-29_live_round,f974d41e6f2b44c69df8c990afaf26d2,2026-04-05T02:38:29.859257+00:00,1775356709859257000,172420186934791,1975,,,A,1189,40,1215.0,-52.0,47.936138,1.3925929733903109
126974,market_research_2026-04-04_21-22-29_live_round,f974d41e6f2b44c69df8c990afaf26d2,2026-04-05T02:38:29.859403+00:00,1775356709859403000,172420187081041,1975,,,A,1190,40,1215.0,-52.0,47.93628425,1.3925929733903109
126983,market_research_2026-04-04_21-22-29_live_round,f974d41e6f2b44c69df8c990afaf26d2,2026-04-05T02:38:29.958859+00:00,1775356709958859000,172420286536541,1975,,,A,1190,20,1215.0,-50.0,48.03573975,1.3925929733903109
126984,market_research_2026-04-04_21-22-29_live_round,f974d41e6f2b44c69df8c990afaf26d2,2026-04-05T02:38:29.959069+00:00,1775356709959069000,172420286746750,1975,,,A,1191,80,1215.0,-50.0,48.035949959,1.3925929733903109
127044,market_research_2026-04-04_21-22-29_live_round,f974d41e6f2b44c69df8c990afaf26d2,2026-04-05T02:38:30.517932+00:00,1775356710517932000,172420845611291,1975,,,A,1192,40,1252.0,-120.0,48.5948145,1.3925929733903109
127051,market_research_2026-04-04_21-22-29_live_round,f974d41e6f2b44c69df8c990afaf26d2,2026-04-05T02:38:30.595907+00:00,1775356710595907000,172420923585833,1975,,,A,1192,60,1251.5,-119.0,48.672789042,1.3925929733903109
127057,market_research_2026-04-04_21-22-29_live_round,f974d41e6f2b44c69df8c990afaf26d2,2026-04-05T02:38:30.678344+00:00,1775356710678344000,172421006023625,1975,,,A,1249,40,1279.5,-61.0,48.755226834,1.3925929733903109
127058,market_research_2026-04-04_21-22-29_live_round,f974d41e6f2b44c69df8c990afaf26d2,2026-04-05T02:38:30.678591+00:00,1775356710678591000,172421006271166,1975,,,A,1250,40,1279.5,-61.0,48.755474375,1.3925929733903109
127067,market_research_2026-04-04_21-22-29_live_round,f974d41e6f2b44c69df8c990afaf26d2,2026-04-05T02:38:30.811580+00:00,1775356710811580000,172421139259291,1975,,,A,1250,20,1279.5,-59.0,48.8884625,1.3925929733903109
127068,market_research_2026-04-04_21-22-29_live_round,f974d41e6f2b44c69df8c990afaf26d2,2026-04-05T02:38:30.811848+00:00,1775356710811848000,172421139528041,1975,,,A,1251,80,1279.5,-59.0,48.88873125,1.3925929733903109
127127,market_research_2026-04-04_21-22-29_live_round,f974d41e6f2b44c69df8c990afaf26d2,2026-04-05T02:38:31.623625+00:00,1775356711623625000,172421951307583,1975,,,A,1252,40,1321.0,-138.0,49.700510792,1.3925929733903109
127132,market_research_2026-04-04_21-22-29_live_round,f974d41e6f2b44c69df8c990afaf26d2,2026-04-05T02:38:31.664250+00:00,1775356711664250000,172421991931875,1975,,,A,1252,60,1320.5,-137.0,49.741135084,1.3925929733903109
127138,market_research_2026-04-04_21-22-29_live_round,f974d41e6f2b44c69df8c990afaf26d2,2026-04-05T02:38:31.705506+00:00,1775356711705506000,172422033188875,1975,,,A,1318,40,1353.0,-70.0,49.782392084,1.3925929733903109
127139,market_research_2026-04-04_21-22-29_live_round,f974d41e6f2b44c69df8c990afaf26d2,2026-04-05T02:38:31.705630+00:00,1775356711705630000,172422033312500,1975,,,A,1319,40,1353.0,-70.0,49.782515709,1.3925929733903109
127149,market_research_2026-04-04_21-22-29_live_round,f974d41e6f2b44c69df8c990afaf26d2,2026-04-05T02:38:31.778550+00:00,1775356711778550000,172422106232833,1975,,,A,1319,20,1353.0,-68.0,49.855436042,1.3925929733903109
127150,market_research_2026-04-04_21-22-29_live_round,f974d41e6f2b44c69df8c990afaf26d2,2026-04-05T02:38:31.778686+00:00,1775356711778686000,172422106368750,1975,,,A,1320,80,1353.0,-68.0,49.855571959,1.3925929733903109
127202,market_research_2026-04-04_21-22-29_live_round,f974d41e6f2b44c69df8c990afaf26d2,2026-04-05T02:38:32.284019+00:00,1775356712284019000,172422611702583,1975,,,A,1321,40,1356.0,-70.0,50.360905792,1.3925929733903109
127211,market_research_2026-04-04_21-22-29_live_round,f974d41e6f2b44c69df8c990afaf26d2,2026-04-05T02:38:32.383506+00:00,1775356712383506000,172422711190416,1975,,,A,1321,60,1355.5,-69.0,50.460393625,1.3925929733903109
