event_index,session_id,run_id,wall_time_iso,wall_time_ns,monotonic_ns,exchange_tick,round,day,symbol,trade_px,trade_qty,mid_at_trade,spread_at_trade,time_since_last_symbol_news,latest_known_eps_for_symbol
440,market_research_2026-04-05_00-04-32_live_round,8575b9e65e754b92b458755320be2685,2026-04-05T05:04:33.719634+00:00,1775365473719634000,181184056474541,,,,ETF,3064,52,3064.5,-1.0,,
593,market_research_2026-04-05_00-04-32_live_round,8575b9e65e754b92b458755320be2685,2026-04-05T05:04:33.918649+00:00,1775365473918649000,181184255489875,,,,ETF,3064,52,3064.0,0.0,,
841,market_research_2026-04-05_00-04-32_live_round,8575b9e65e754b92b458755320be2685,2026-04-05T05:04:34.151559+00:00,1775365474151559000,181184488400333,3000,,,ETF,3050,52,3041.5,-17.0,0.204152167,
842,market_research_2026-04-05_00-04-32_live_round,8575b9e65e754b92b458755320be2685,2026-04-05T05:04:34.151648+00:00,1775365474151648000,181184488489208,3000,,,ETF,3049,74,3041.5,-17.0,0.204241042,
843,market_research_2026-04-05_00-04-32_live_round,8575b9e65e754b92b458755320be2685,2026-04-05T05:04:34.151725+00:00,1775365474151725000,181184488566916,3000,,,ETF,3048,96,3041.5,-17.0,0.20431875,
844,market_research_2026-04-05_00-04-32_live_round,8575b9e65e754b92b458755320be2685,2026-04-05T05:04:34.151800+00:00,1775365474151800000,181184488641125,3000,,,ETF,3048,228,3041.5,-17.0,0.204392959,
845,market_research_2026-04-05_00-04-32_live_round,8575b9e65e754b92b458755320be2685,2026-04-05T05:04:34.151875+00:00,1775365474151875000,181184488716125,3000,,,ETF,3047,53,3041.5,-17.0,0.204467959,
892,market_research_2026-04-05_00-04-32_live_round,8575b9e65e754b92b458755320be2685,2026-04-05T05:04:34.325014+00:00,1775365474325014000,181184661855958,3000,,,ETF,3047,52,3045.5,-3.0,0.377607792,
897,market_research_2026-04-05_00-04-32_live_round,8575b9e65e754b92b458755320be2685,2026-04-05T05:04:34.326696+00:00,1775365474326696000,181184663537166,3000,,,ETF,3047,13,3046.0,-2.0,0.379289,
898,market_research_2026-04-05_00-04-32_live_round,8575b9e65e754b92b458755320be2685,2026-04-05T05:04:34.326818+00:00,1775365474326818000,181184663660166,3000,,,ETF,3046,61,3046.0,-2.0,0.379412,
904,market_research_2026-04-05_00-04-32_live_round,8575b9e65e754b92b458755320be2685,2026-04-05T05:04:34.328877+00:00,1775365474328877000,181184665719041,3000,,,ETF,3046,79,3046.0,0.0,0.381470875,
1184,market_research_2026-04-05_00-04-32_live_round,8575b9e65e754b92b458755320be2685,2026-04-05T05:04:34.724254+00:00,1775365474724254000,181185061096416,3000,,,ETF,3049,52,3052.0,-6.0,0.77684825,
1191,market_research_2026-04-05_00-04-32_live_round,8575b9e65e754b92b458755320be2685,2026-04-05T05:04:34.727088+00:00,1775365474727088000,181185063930375,3000,,,ETF,3050,74,3052.0,-4.0,0.779682209,
1202,market_research_2026-04-05_00-04-32_live_round,8575b9e65e754b92b458755320be2685,2026-04-05T05:04:34.730781+00:00,1775365474730781000,181185067623875,3000,,,ETF,3051,96,3052.0,-2.0,0.783375709,
1209,market_research_2026-04-05_00-04-32_live_round,8575b9e65e754b92b458755320be2685,2026-04-05T05:04:34.732935+00:00,1775365474732935000,181185069778000,3000,,,ETF,3052,118,3052.0,0.0,0.785529834,
2060,market_research_2026-04-05_00-04-32_live_round,8575b9e65e754b92b458755320be2685,2026-04-05T05:04:35.932109+00:00,1775365475932109000,181186268953000,3000,,,ETF,3072,52,3073.5,-3.0,1.984704834,
2070,market_research_2026-04-05_00-04-32_live_round,8575b9e65e754b92b458755320be2685,2026-04-05T05:04:35.938856+00:00,1775365475938856000,181186275700333,3000,,,ETF,3073,74,3073.5,-1.0,1.991452167,
2209,market_research_2026-04-05_00-04-32_live_round,8575b9e65e754b92b458755320be2685,2026-04-05T05:04:36.157415+00:00,1775365476157415000,181186494259375,3000,,,ETF,3080,52,3082.5,-5.0,2.210011209,
2217,market_research_2026-04-05_00-04-32_live_round,8575b9e65e754b92b458755320be2685,2026-04-05T05:04:36.162400+00:00,1775365476162400000,181186499244708,3000,,,ETF,3080,74,3082.0,-4.0,2.214996542,
2227,market_research_2026-04-05_00-04-32_live_round,8575b9e65e754b92b458755320be2685,2026-04-05T05:04:36.168007+00:00,1775365476168007000,181186504852625,3000,,,ETF,3080,96,3081.5,-3.0,2.220604459,
2235,market_research_2026-04-05_00-04-32_live_round,8575b9e65e754b92b458755320be2685,2026-04-05T05:04:36.173181+00:00,1775365476173181000,181186510025958,3000,,,ETF,3080,6,3081.0,-2.0,2.225777792,
2366,market_research_2026-04-05_00-04-32_live_round,8575b9e65e754b92b458755320be2685,2026-04-05T05:04:36.334754+00:00,1775365476334754000,181186671599875,3000,,,ETF,3091,52,3093.0,-4.0,2.387351709,
2375,market_research_2026-04-05_00-04-32_live_round,8575b9e65e754b92b458755320be2685,2026-04-05T05:04:36.339097+00:00,1775365476339097000,181186675942166,3000,,,ETF,3091,74,3092.5,-3.0,2.391694,
2383,market_research_2026-04-05_00-04-32_live_round,8575b9e65e754b92b458755320be2685,2026-04-05T05:04:36.342700+00:00,1775365476342700000,181186679545958,3000,,,ETF,3091,96,3092.0,-2.0,2.395297792,
2390,market_research_2026-04-05_00-04-32_live_round,8575b9e65e754b92b458755320be2685,2026-04-05T05:04:36.345829+00:00,1775365476345829000,181186682674500,3000,,,ETF,3091,6,3091.5,-1.0,2.398426334,
2516,market_research_2026-04-05_00-04-32_live_round,8575b9e65e754b92b458755320be2685,2026-04-05T05:04:36.534248+00:00,1775365476534248000,181186871093625,3000,,,ETF,3101,52,3107.0,-12.0,2.586845459,
2524,market_research_2026-04-05_00-04-32_live_round,8575b9e65e754b92b458755320be2685,2026-04-05T05:04:36.538617+00:00,1775365476538617000,181186875463125,3000,,,ETF,3101,74,3106.5,-11.0,2.591214959,
2533,market_research_2026-04-05_00-04-32_live_round,8575b9e65e754b92b458755320be2685,2026-04-05T05:04:36.542765+00:00,1775365476542765000,181186879611083,3000,,,ETF,3101,96,3106.0,-10.0,2.595362917,
2542,market_research_2026-04-05_00-04-32_live_round,8575b9e65e754b92b458755320be2685,2026-04-05T05:04:36.546856+00:00,1775365476546856000,181186883701625,3000,,,ETF,3101,6,3105.5,-9.0,2.599453459,
2543,market_research_2026-04-05_00-04-32_live_round,8575b9e65e754b92b458755320be2685,2026-04-05T05:04:36.546944+00:00,1775365476546944000,181186883790166,3000,,,ETF,3103,52,3105.5,-9.0,2.599542,
2544,market_research_2026-04-05_00-04-32_live_round,8575b9e65e754b92b458755320be2685,2026-04-05T05:04:36.547032+00:00,1775365476547032000,181186883877541,3000,,,ETF,3104,60,3105.5,-9.0,2.599629375,
2558,market_research_2026-04-05_00-04-32_live_round,8575b9e65e754b92b458755320be2685,2026-04-05T05:04:36.553349+00:00,1775365476553349000,181186890194541,3000,,,ETF,3104,14,3106.5,-5.0,2.605946375,
2559,market_research_2026-04-05_00-04-32_live_round,8575b9e65e754b92b458755320be2685,2026-04-05T05:04:36.553430+00:00,1775365476553430000,181186890276416,3000,,,ETF,3105,96,3106.5,-5.0,2.60602825,
2560,market_research_2026-04-05_00-04-32_live_round,8575b9e65e754b92b458755320be2685,2026-04-05T05:04:36.553507+00:00,1775365476553507000,181186890353041,3000,,,ETF,3106,30,3106.5,-5.0,2.606104875,
2569,market_research_2026-04-05_00-04-32_live_round,8575b9e65e754b92b458755320be2685,2026-04-05T05:04:36.557421+00:00,1775365476557421000,181186894267291,3000,,,ETF,3106,88,3107.0,-2.0,2.610019125,
2570,market_research_2026-04-05_00-04-32_live_round,8575b9e65e754b92b458755320be2685,2026-04-05T05:04:36.557502+00:00,1775365476557502000,181186894348208,3000,,,ETF,3107,74,3107.0,-2.0,2.610100042,
2578,market_research_2026-04-05_00-04-32_live_round,8575b9e65e754b92b458755320be2685,2026-04-05T05:04:36.560846+00:00,1775365476560846000,181186897691666,3000,,,ETF,3107,66,3107.0,0.0,2.6134435,
2825,market_research_2026-04-05_00-04-32_live_round,8575b9e65e754b92b458755320be2685,2026-04-05T05:04:36.937718+00:00,1775365476937718000,181187274564833,3000,,,ETF,3111,52,3118.5,-15.0,2.990316667,
2832,market_research_2026-04-05_00-04-32_live_round,8575b9e65e754b92b458755320be2685,2026-04-05T05:04:36.941037+00:00,1775365476941037000,181187277883666,3000,,,ETF,3112,74,3118.5,-13.0,2.9936355,
2842,market_research_2026-04-05_00-04-32_live_round,8575b9e65e754b92b458755320be2685,2026-04-05T05:04:36.946569+00:00,1775365476946569000,181187283415833,3000,,,ETF,3113,96,3118.5,-11.0,2.999167667,
2853,market_research_2026-04-05_00-04-32_live_round,8575b9e65e754b92b458755320be2685,2026-04-05T05:04:36.951818+00:00,1775365476951818000,181187288665041,3000,,,ETF,3114,118,3118.5,-9.0,3.004416875,
2867,market_research_2026-04-05_00-04-32_live_round,8575b9e65e754b92b458755320be2685,2026-04-05T05:04:36.958445+00:00,1775365476958445000,181187295291291,3000,,,ETF,3115,140,3118.5,-7.0,3.011043125,
2872,market_research_2026-04-05_00-04-32_live_round,8575b9e65e754b92b458755320be2685,2026-04-05T05:04:36.960653+00:00,1775365476960653000,181187297499583,3000,,,ETF,3116,162,3118.5,-5.0,3.013251417,
2881,market_research_2026-04-05_00-04-32_live_round,8575b9e65e754b92b458755320be2685,2026-04-05T05:04:36.965029+00:00,1775365476965029000,181187301875333,3000,,,ETF,3117,184,3118.5,-3.0,3.017627167,
2887,market_research_2026-04-05_00-04-32_live_round,8575b9e65e754b92b458755320be2685,2026-04-05T05:04:36.967905+00:00,1775365476967905000,181187304751875,3000,,,ETF,3118,206,3118.5,-1.0,3.020503709,
2984,market_research_2026-04-05_00-04-32_live_round,8575b9e65e754b92b458755320be2685,2026-04-05T05:04:37.208358+00:00,1775365477208358000,181187545205166,3000,,,ETF,3119,52,3120.0,-2.0,3.260957,
2990,market_research_2026-04-05_00-04-32_live_round,8575b9e65e754b92b458755320be2685,2026-04-05T05:04:37.213124+00:00,1775365477213124000,181187549970500,3000,,,ETF,3119,74,3119.5,-1.0,3.265722334,
2997,market_research_2026-04-05_00-04-32_live_round,8575b9e65e754b92b458755320be2685,2026-04-05T05:04:37.217827+00:00,1775365477217827000,181187554674000,3000,,,ETF,3119,96,3119.0,0.0,3.270425834,
3275,market_research_2026-04-05_00-04-32_live_round,8575b9e65e754b92b458755320be2685,2026-04-05T05:04:37.540387+00:00,1775365477540387000,181187877234333,3000,,,ETF,3131,52,3133.5,-5.0,3.592986167,
3281,market_research_2026-04-05_00-04-32_live_round,8575b9e65e754b92b458755320be2685,2026-04-05T05:04:37.543650+00:00,1775365477543650000,181187880497666,3000,,,ETF,3132,74,3133.5,-3.0,3.5962495,
3294,market_research_2026-04-05_00-04-32_live_round,8575b9e65e754b92b458755320be2685,2026-04-05T05:04:37.550980+00:00,1775365477550980000,181187887828083,3000,,,ETF,3133,96,3133.5,-1.0,3.603579917,
3714,market_research_2026-04-05_00-04-32_live_round,8575b9e65e754b92b458755320be2685,2026-04-05T05:04:38.157073+00:00,1775365478157073000,181188493922083,3000,,,ETF,3139,52,3136.0,-6.0,4.209673917,
3723,market_research_2026-04-05_00-04-32_live_round,8575b9e65e754b92b458755320be2685,2026-04-05T05:04:38.163487+00:00,1775365478163487000,181188500335750,3000,,,ETF,3138,74,3136.0,-4.0,4.216087584,
3729,market_research_2026-04-05_00-04-32_live_round,8575b9e65e754b92b458755320be2685,2026-04-05T05:04:38.166976+00:00,1775365478166976000,181188503824958,3000,,,ETF,3137,96,3136.0,-2.0,4.219576792,
3735,market_research_2026-04-05_00-04-32_live_round,8575b9e65e754b92b458755320be2685,2026-04-05T05:04:38.170768+00:00,1775365478170768000,181188507617000,3000,,,ETF,3136,118,3136.0,0.0,4.223368834,
4594,market_research_2026-04-05_00-04-32_live_round,8575b9e65e754b92b458755320be2685,2026-04-05T05:04:39.375811+00:00,1775365479375811000,181189712662000,3000,,,ETF,3154,52,3152.0,-4.0,5.428413834,
4600,market_research_2026-04-05_00-04-32_live_round,8575b9e65e754b92b458755320be2685,2026-04-05T05:04:39.379363+00:00,1775365479379363000,181189716214500,3000,,,ETF,3153,74,3152.0,-2.0,5.431966334,
4605,market_research_2026-04-05_00-04-32_live_round,8575b9e65e754b92b458755320be2685,2026-04-05T05:04:39.382170+00:00,1775365479382170000,181189719021041,3000,,,ETF,3152,96,3152.0,0.0,5.434772875,
5748,market_research_2026-04-05_00-04-32_live_round,8575b9e65e754b92b458755320be2685,2026-04-05T05:04:40.973288+00:00,1775365480973288000,181191310142000,3000,,,ETF,3149,52,3147.5,-3.0,7.025893834,
5754,market_research_2026-04-05_00-04-32_live_round,8575b9e65e754b92b458755320be2685,2026-04-05T05:04:40.982615+00:00,1775365480982615000,181191319469208,3000,,,ETF,3148,74,3147.5,-1.0,7.035221042,
6327,market_research_2026-04-05_00-04-32_live_round,8575b9e65e754b92b458755320be2685,2026-04-05T05:04:41.778898+00:00,1775365481778898000,181192115753666,3000,,,ETF,3144,52,3143.5,-1.0,7.8315055,
7456,market_research_2026-04-05_00-04-32_live_round,8575b9e65e754b92b458755320be2685,2026-04-05T05:04:43.312842+00:00,1775365483312842000,181193649700416,3000,,,ETF,3138,52,3140.5,-5.0,9.36545225,
7457,market_research_2026-04-05_00-04-32_live_round,8575b9e65e754b92b458755320be2685,2026-04-05T05:04:43.312960+00:00,1775365483312960000,181193649818041,3000,,,ETF,3139,74,3140.5,-5.0,9.365569875,
7458,market_research_2026-04-05_00-04-32_live_round,8575b9e65e754b92b458755320be2685,2026-04-05T05:04:43.313039+00:00,1775365483313039000,181193649897458,3000,,,ETF,3140,96,3140.5,-5.0,9.365649292,
7459,market_research_2026-04-05_00-04-32_live_round,8575b9e65e754b92b458755320be2685,2026-04-05T05:04:43.313115+00:00,1775365483313115000,181193649973125,3000,,,ETF,3141,118,3140.5,-5.0,9.365724959,
7460,market_research_2026-04-05_00-04-32_live_round,8575b9e65e754b92b458755320be2685,2026-04-05T05:04:43.313190+00:00,1775365483313190000,181193650048125,3000,,,ETF,3142,140,3140.5,-5.0,9.365799959,
7461,market_research_2026-04-05_00-04-32_live_round,8575b9e65e754b92b458755320be2685,2026-04-05T05:04:43.313264+00:00,1775365483313264000,181193650122250,3000,,,ETF,3143,23,3140.5,-5.0,9.365874084,
7784,market_research_2026-04-05_00-04-32_live_round,8575b9e65e754b92b458755320be2685,2026-04-05T05:04:43.778159+00:00,1775365483778159000,181194115017875,3000,,,ETF,3134,52,3135.5,-3.0,9.830769709,
7789,market_research_2026-04-05_00-04-32_live_round,8575b9e65e754b92b458755320be2685,2026-04-05T05:04:43.782834+00:00,1775365483782834000,181194119693208,3000,,,ETF,3135,74,3135.5,-1.0,9.835445042,
8948,market_research_2026-04-05_00-04-32_live_round,8575b9e65e754b92b458755320be2685,2026-04-05T05:04:45.500328+00:00,1775365485500328000,181195837189375,3000,,,ETF,3143,52,3142.5,-1.0,11.552941209,
9093,market_research_2026-04-05_00-04-32_live_round,8575b9e65e754b92b458755320be2685,2026-04-05T05:04:45.729156+00:00,1775365485729156000,181196066018333,3000,,,ETF,3143,52,3143.5,-1.0,11.781770167,
9100,market_research_2026-04-05_00-04-32_live_round,8575b9e65e754b92b458755320be2685,2026-04-05T05:04:45.736397+00:00,1775365485736397000,181196073259541,3000,,,ETF,3143,22,3143.0,0.0,11.789011375,
9243,market_research_2026-04-05_00-04-32_live_round,8575b9e65e754b92b458755320be2685,2026-04-05T05:04:45.940345+00:00,1775365485940345000,181196277208250,3000,,,ETF,3150,52,3152.5,-5.0,11.992960084,
9253,market_research_2026-04-05_00-04-32_live_round,8575b9e65e754b92b458755320be2685,2026-04-05T05:04:45.951070+00:00,1775365485951070000,181196287932750,3000,,,ETF,3150,74,3152.0,-4.0,12.003684584,
9264,market_research_2026-04-05_00-04-32_live_round,8575b9e65e754b92b458755320be2685,2026-04-05T05:04:45.962693+00:00,1775365485962693000,181196299555708,3000,,,ETF,3150,96,3151.5,-3.0,12.015307542,
9269,market_research_2026-04-05_00-04-32_live_round,8575b9e65e754b92b458755320be2685,2026-04-05T05:04:45.966952+00:00,1775365485966952000,181196303814708,3000,,,ETF,3150,6,3151.0,-2.0,12.019566542,
9270,market_research_2026-04-05_00-04-32_live_round,8575b9e65e754b92b458755320be2685,2026-04-05T05:04:45.967034+00:00,1775365485967034000,181196303897583,3000,,,ETF,3152,52,3151.0,-2.0,12.019649417,
10123,market_research_2026-04-05_00-04-32_live_round,8575b9e65e754b92b458755320be2685,2026-04-05T05:04:47.148051+00:00,1775365487148051000,181197484916458,3000,,,ETF,3161,52,3161.5,-1.0,13.200668292,
10234,market_research_2026-04-05_00-04-32_live_round,8575b9e65e754b92b458755320be2685,2026-04-05T05:04:47.318421+00:00,1775365487318421000,181197655286500,3000,,,ETF,3169,228,3171.0,-4.0,13.371038334,
10235,market_research_2026-04-05_00-04-32_live_round,8575b9e65e754b92b458755320be2685,2026-04-05T05:04:47.318801+00:00,1775365487318801000,181197655667000,3000,,,ETF,3170,52,3171.0,-4.0,13.371418834,
10236,market_research_2026-04-05_00-04-32_live_round,8575b9e65e754b92b458755320be2685,2026-04-05T05:04:47.319166+00:00,1775365487319166000,181197656031791,3000,,,ETF,3171,74,3171.0,-4.0,13.371783625,
10237,market_research_2026-04-05_00-04-32_live_round,8575b9e65e754b92b458755320be2685,2026-04-05T05:04:47.319261+00:00,1775365487319261000,181197656126750,3000,,,ETF,3172,96,3171.0,-4.0,13.371878584,
10238,market_research_2026-04-05_00-04-32_live_round,8575b9e65e754b92b458755320be2685,2026-04-05T05:04:47.319345+00:00,1775365487319345000,181197656210583,3000,,,ETF,3173,53,3171.0,-4.0,13.371962417,
11002,market_research_2026-04-05_00-04-32_live_round,8575b9e65e754b92b458755320be2685,2026-04-05T05:04:48.481299+00:00,1775365488481299000,181198818166625,3000,,,ETF,3155,52,3155.0,0.0,14.533918459,
11254,market_research_2026-04-05_00-04-32_live_round,8575b9e65e754b92b458755320be2685,2026-04-05T05:04:48.886573+00:00,1775365488886573000,181199223440875,3000,,,ETF,3149,52,3140.5,-17.0,14.939192709,
11255,market_research_2026-04-05_00-04-32_live_round,8575b9e65e754b92b458755320be2685,2026-04-05T05:04:48.886660+00:00,1775365488886660000,181199223528083,3000,,,ETF,3148,74,3140.5,-17.0,14.939279917,
11256,market_research_2026-04-05_00-04-32_live_round,8575b9e65e754b92b458755320be2685,2026-04-05T05:04:48.886735+00:00,1775365488886735000,181199223603500,3000,,,ETF,3147,96,3140.5,-17.0,14.939355334,
11257,market_research_2026-04-05_00-04-32_live_round,8575b9e65e754b92b458755320be2685,2026-04-05T05:04:48.886811+00:00,1775365488886811000,181199223679458,3000,,,ETF,3146,118,3140.5,-17.0,14.939431292,
11258,market_research_2026-04-05_00-04-32_live_round,8575b9e65e754b92b458755320be2685,2026-04-05T05:04:48.886885+00:00,1775365488886885000,181199223753833,3000,,,ETF,3145,140,3140.5,-17.0,14.939505667,
11259,market_research_2026-04-05_00-04-32_live_round,8575b9e65e754b92b458755320be2685,2026-04-05T05:04:48.886959+00:00,1775365488886959000,181199223827041,3000,,,ETF,3144,23,3140.5,-17.0,14.939578875,
11320,market_research_2026-04-05_00-04-32_live_round,8575b9e65e754b92b458755320be2685,2026-04-05T05:04:48.984039+00:00,1775365488984039000,181199320907333,3000,,,ETF,3144,52,3143.5,-1.0,15.036659167,
11325,market_research_2026-04-05_00-04-32_live_round,8575b9e65e754b92b458755320be2685,2026-04-05T05:04:48.989003+00:00,1775365488989003000,181199325871500,3000,,,ETF,3144,74,3144.0,0.0,15.041623334,
11455,market_research_2026-04-05_00-04-32_live_round,8575b9e65e754b92b458755320be2685,2026-04-05T05:04:49.196226+00:00,1775365489196226000,181199533095250,3000,,,ETF,3141,52,3141.0,0.0,15.248847084,
12760,market_research_2026-04-05_00-04-32_live_round,8575b9e65e754b92b458755320be2685,2026-04-05T05:04:51.525980+00:00,1775365491525980000,181201862853375,3075,,,ETF,3154,52,3154.5,-1.0,17.578605209,
14356,market_research_2026-04-05_00-04-32_live_round,8575b9e65e754b92b458755320be2685,2026-04-05T05:04:54.695840+00:00,1775365494695840000,181205032718541,3075,,,ETF,3146,52,3147.0,-2.0,20.748470375,
14361,market_research_2026-04-05_00-04-32_live_round,8575b9e65e754b92b458755320be2685,2026-04-05T05:04:54.703789+00:00,1775365494703789000,181205040667583,3075,,,ETF,3147,74,3147.0,0.0,20.756419417,
14499,market_research_2026-04-05_00-04-32_live_round,8575b9e65e754b92b458755320be2685,2026-04-05T05:04:54.978934+00:00,1775365494978934000,181205315813375,3075,,,ETF,3154,52,3156.0,-4.0,21.031565209,
14509,market_research_2026-04-05_00-04-32_live_round,8575b9e65e754b92b458755320be2685,2026-04-05T05:04:55.001911+00:00,1775365495001911000,181205338790166,3075,,,ETF,3154,74,3155.5,-3.0,21.054542,
14514,market_research_2026-04-05_00-04-32_live_round,8575b9e65e754b92b458755320be2685,2026-04-05T05:04:55.012818+00:00,1775365495012818000,181205349698000,3075,,,ETF,3154,96,3155.0,-2.0,21.065449834,
14520,market_research_2026-04-05_00-04-32_live_round,8575b9e65e754b92b458755320be2685,2026-04-05T05:04:55.025613+00:00,1775365495025613000,181205362492875,3075,,,ETF,3154,6,3154.5,-1.0,21.078244709,
14804,market_research_2026-04-05_00-04-32_live_round,8575b9e65e754b92b458755320be2685,2026-04-05T05:04:55.626260+00:00,1775365495626260000,181205963141041,3075,,,ETF,3152,52,3150.5,-3.0,21.678892875,
14815,market_research_2026-04-05_00-04-32_live_round,8575b9e65e754b92b458755320be2685,2026-04-05T05:04:55.648579+00:00,1775365495648579000,181205985459541,3075,,,ETF,3151,74,3150.5,-1.0,21.701211375,
15248,market_research_2026-04-05_00-04-32_live_round,8575b9e65e754b92b458755320be2685,2026-04-05T05:04:56.548305+00:00,1775365496548305000,181206885187041,3075,,,ETF,3141,52,3140.0,-2.0,22.600938875,
15254,market_research_2026-04-05_00-04-32_live_round,8575b9e65e754b92b458755320be2685,2026-04-05T05:04:56.559112+00:00,1775365496559112000,181206895993958,3075,,,ETF,3140,74,3140.0,0.0,22.611745792,
15533,market_research_2026-04-05_00-04-32_live_round,8575b9e65e754b92b458755320be2685,2026-04-05T05:04:57.151455+00:00,1775365497151455000,181207488338666,3075,,,ETF,3137,52,3137.5,-1.0,23.2040905,
15679,market_research_2026-04-05_00-04-32_live_round,8575b9e65e754b92b458755320be2685,2026-04-05T05:04:57.459957+00:00,1775365497459957000,181207796841416,3075,,,ETF,3145,52,3146.0,-2.0,23.51259325,
15685,market_research_2026-04-05_00-04-32_live_round,8575b9e65e754b92b458755320be2685,2026-04-05T05:04:57.470914+00:00,1775365497470914000,181207807798041,3075,,,ETF,3145,74,3145.5,-1.0,23.523549875,
15693,market_research_2026-04-05_00-04-32_live_round,8575b9e65e754b92b458755320be2685,2026-04-05T05:04:57.486027+00:00,1775365497486027000,181207822910958,3075,,,ETF,3145,96,3145.0,0.0,23.538662792,
16527,market_research_2026-04-05_00-04-32_live_round,8575b9e65e754b92b458755320be2685,2026-04-05T05:04:59.368117+00:00,1775365499368117000,181209705004833,3075,,,ETF,3152,52,3152.0,0.0,25.420756667,
16713,market_research_2026-04-05_00-04-32_live_round,8575b9e65e754b92b458755320be2685,2026-04-05T05:04:59.786746+00:00,1775365499786746000,181210123634500,3075,,,ETF,3149,52,3149.0,0.0,25.839386334,
17002,market_research_2026-04-05_00-04-32_live_round,8575b9e65e754b92b458755320be2685,2026-04-05T05:05:00.454609+00:00,1775365500454609000,181210791498041,3075,,,ETF,3164,52,3165.0,-2.0,26.507249875,
17007,market_research_2026-04-05_00-04-32_live_round,8575b9e65e754b92b458755320be2685,2026-04-05T05:05:00.464702+00:00,1775365500464702000,181210801591875,3075,,,ETF,3165,74,3165.0,0.0,26.517343709,
18181,market_research_2026-04-05_00-04-32_live_round,8575b9e65e754b92b458755320be2685,2026-04-05T05:05:03.316534+00:00,1775365503316534000,181213653428666,3075,,,ETF,3156,52,3155.0,-2.0,29.3691805,
18187,market_research_2026-04-05_00-04-32_live_round,8575b9e65e754b92b458755320be2685,2026-04-05T05:05:03.329221+00:00,1775365503329221000,181213666115750,3075,,,ETF,3155,74,3155.0,0.0,29.381867584,
18761,market_research_2026-04-05_00-04-32_live_round,8575b9e65e754b92b458755320be2685,2026-04-05T05:05:04.784804+00:00,1775365504784804000,181215121701791,3075,,,ETF,3157,52,3157.0,0.0,30.837453625,
18917,market_research_2026-04-05_00-04-32_live_round,8575b9e65e754b92b458755320be2685,2026-04-05T05:05:05.207754+00:00,1775365505207754000,181215544652500,3075,,,ETF,3156,52,3153.0,-6.0,31.260404334,
18928,market_research_2026-04-05_00-04-32_live_round,8575b9e65e754b92b458755320be2685,2026-04-05T05:05:05.234425+00:00,1775365505234425000,181215571322875,3075,,,ETF,3156,22,3153.5,-5.0,31.287074709,
18929,market_research_2026-04-05_00-04-32_live_round,8575b9e65e754b92b458755320be2685,2026-04-05T05:05:05.234511+00:00,1775365505234511000,181215571409458,3075,,,ETF,3155,52,3153.5,-5.0,31.287161292,
18936,market_research_2026-04-05_00-04-32_live_round,8575b9e65e754b92b458755320be2685,2026-04-05T05:05:05.249920+00:00,1775365505249920000,181215586818291,3075,,,ETF,3155,44,3153.5,-3.0,31.302570125,
18937,market_research_2026-04-05_00-04-32_live_round,8575b9e65e754b92b458755320be2685,2026-04-05T05:05:05.250741+00:00,1775365505250741000,181215587639625,3075,,,ETF,3154,52,3153.5,-3.0,31.303391459,
18946,market_research_2026-04-05_00-04-32_live_round,8575b9e65e754b92b458755320be2685,2026-04-05T05:05:05.271385+00:00,1775365505271385000,181215608282958,3075,,,ETF,3154,66,3153.5,-1.0,31.324034792,
18947,market_research_2026-04-05_00-04-32_live_round,8575b9e65e754b92b458755320be2685,2026-04-05T05:05:05.271465+00:00,1775365505271465000,181215608363416,3075,,,ETF,3153,52,3153.5,-1.0,31.32411525,
19072,market_research_2026-04-05_00-04-32_live_round,8575b9e65e754b92b458755320be2685,2026-04-05T05:05:05.589908+00:00,1775365505589908000,181215926806791,3075,,,ETF,3149,52,3148.5,-1.0,31.642558625,
19077,market_research_2026-04-05_00-04-32_live_round,8575b9e65e754b92b458755320be2685,2026-04-05T05:05:05.600966+00:00,1775365505600966000,181215937864958,3075,,,ETF,3149,74,3149.0,0.0,31.653616792,
19360,market_research_2026-04-05_00-04-32_live_round,8575b9e65e754b92b458755320be2685,2026-04-05T05:05:06.336871+00:00,1775365506336871000,181216673770916,3075,,,ETF,3146,52,3146.0,0.0,32.38952275,
19649,market_research_2026-04-05_00-04-32_live_round,8575b9e65e754b92b458755320be2685,2026-04-05T05:05:07.107508+00:00,1775365507107508000,181217444409541,3075,,,ETF,3155,52,3158.0,-6.0,33.160161375,
19664,market_research_2026-04-05_00-04-32_live_round,8575b9e65e754b92b458755320be2685,2026-04-05T05:05:07.145892+00:00,1775365507145892000,181217482793250,3075,,,ETF,3156,74,3158.0,-4.0,33.198545084,
19669,market_research_2026-04-05_00-04-32_live_round,8575b9e65e754b92b458755320be2685,2026-04-05T05:05:07.156958+00:00,1775365507156958000,181217493859791,3075,,,ETF,3157,96,3158.0,-2.0,33.209611625,
19675,market_research_2026-04-05_00-04-32_live_round,8575b9e65e754b92b458755320be2685,2026-04-05T05:05:07.170652+00:00,1775365507170652000,181217507553291,3075,,,ETF,3158,118,3158.0,0.0,33.223305125,
19805,market_research_2026-04-05_00-04-32_live_round,8575b9e65e754b92b458755320be2685,2026-04-05T05:05:07.511905+00:00,1775365507511905000,181217848807333,3075,,,ETF,3163,52,3165.0,-4.0,33.564559167,
19810,market_research_2026-04-05_00-04-32_live_round,8575b9e65e754b92b458755320be2685,2026-04-05T05:05:07.523825+00:00,1775365507523825000,181217860727458,3075,,,ETF,3163,74,3164.5,-3.0,33.576479292,
19816,market_research_2026-04-05_00-04-32_live_round,8575b9e65e754b92b458755320be2685,2026-04-05T05:05:07.537938+00:00,1775365507537938000,181217874840708,3075,,,ETF,3163,96,3164.0,-2.0,33.590592542,
19823,market_research_2026-04-05_00-04-32_live_round,8575b9e65e754b92b458755320be2685,2026-04-05T05:05:07.555184+00:00,1775365507555184000,181217892086833,3075,,,ETF,3163,6,3163.5,-1.0,33.607838667,
20391,market_research_2026-04-05_00-04-32_live_round,8575b9e65e754b92b458755320be2685,2026-04-05T05:05:09.099295+00:00,1775365509099295000,181219436200416,3075,,,ETF,3169,52,3173.5,-9.0,35.15195225,
20396,market_research_2026-04-05_00-04-32_live_round,8575b9e65e754b92b458755320be2685,2026-04-05T05:05:09.111511+00:00,1775365509111511000,181219448416666,3075,,,ETF,3170,74,3173.5,-7.0,35.1641685,
20403,market_research_2026-04-05_00-04-32_live_round,8575b9e65e754b92b458755320be2685,2026-04-05T05:05:09.128354+00:00,1775365509128354000,181219465259208,3075,,,ETF,3171,96,3173.5,-5.0,35.181011042,
20409,market_research_2026-04-05_00-04-32_live_round,8575b9e65e754b92b458755320be2685,2026-04-05T05:05:09.143287+00:00,1775365509143287000,181219480192583,3075,,,ETF,3172,118,3173.5,-3.0,35.195944417,
20421,market_research_2026-04-05_00-04-32_live_round,8575b9e65e754b92b458755320be2685,2026-04-05T05:05:09.173970+00:00,1775365509173970000,181219510875500,3075,,,ETF,3173,140,3173.5,-1.0,35.226627334,
20549,market_research_2026-04-05_00-04-32_live_round,8575b9e65e754b92b458755320be2685,2026-04-05T05:05:09.522983+00:00,1775365509522983000,181219859888708,3075,,,ETF,3177,52,3178.5,-3.0,35.575640542,
20555,market_research_2026-04-05_00-04-32_live_round,8575b9e65e754b92b458755320be2685,2026-04-05T05:05:09.538332+00:00,1775365509538332000,181219875238333,3075,,,ETF,3177,74,3178.0,-2.0,35.590990167,
20564,market_research_2026-04-05_00-04-32_live_round,8575b9e65e754b92b458755320be2685,2026-04-05T05:05:09.560510+00:00,1775365509560510000,181219897415708,3075,,,ETF,3177,96,3177.5,-1.0,35.613167542,
20571,market_research_2026-04-05_00-04-32_live_round,8575b9e65e754b92b458755320be2685,2026-04-05T05:05:09.578256+00:00,1775365509578256000,181219915162083,3075,,,ETF,3177,6,3177.0,0.0,35.630913917,
20990,market_research_2026-04-05_00-04-32_live_round,8575b9e65e754b92b458755320be2685,2026-04-05T05:05:10.749282+00:00,1775365510749282000,181221086190625,3075,,,ETF,3168,52,3167.5,-1.0,36.801942459,
21136,market_research_2026-04-05_00-04-32_live_round,8575b9e65e754b92b458755320be2685,2026-04-05T05:05:11.162832+00:00,1775365511162832000,181221499741291,3075,,,ETF,3160,52,3157.5,-5.0,37.215493125,
21148,market_research_2026-04-05_00-04-32_live_round,8575b9e65e754b92b458755320be2685,2026-04-05T05:05:11.194493+00:00,1775365511194493000,181221531402333,3075,,,ETF,3160,74,3158.0,-4.0,37.247154167,
21157,market_research_2026-04-05_00-04-32_live_round,8575b9e65e754b92b458755320be2685,2026-04-05T05:05:11.217886+00:00,1775365511217886000,181221554795083,3075,,,ETF,3160,96,3158.5,-3.0,37.270546917,
21164,market_research_2026-04-05_00-04-32_live_round,8575b9e65e754b92b458755320be2685,2026-04-05T05:05:11.235743+00:00,1775365511235743000,181221572651708,3075,,,ETF,3160,6,3159.0,-2.0,37.288403542,
21165,market_research_2026-04-05_00-04-32_live_round,8575b9e65e754b92b458755320be2685,2026-04-05T05:05:11.235826+00:00,1775365511235826000,181221572735333,3075,,,ETF,3159,52,3159.0,-2.0,37.288487167,
21166,market_research_2026-04-05_00-04-32_live_round,8575b9e65e754b92b458755320be2685,2026-04-05T05:05:11.235908+00:00,1775365511235908000,181221572817041,3075,,,ETF,3158,60,3159.0,-2.0,37.288568875,
22162,market_research_2026-04-05_00-04-32_live_round,8575b9e65e754b92b458755320be2685,2026-04-05T05:05:14.170971+00:00,1775365514170971000,181224507885250,3075,,,ETF,3140,52,3140.0,0.0,40.223637084,
22311,market_research_2026-04-05_00-04-32_live_round,8575b9e65e754b92b458755320be2685,2026-04-05T05:05:14.613988+00:00,1775365514613988000,181224950903541,3075,,,ETF,3141,52,3143.5,-5.0,40.666655375,
22316,market_research_2026-04-05_00-04-32_live_round,8575b9e65e754b92b458755320be2685,2026-04-05T05:05:14.626264+00:00,1775365514626264000,181224963178833,3075,,,ETF,3141,22,3143.0,-4.0,40.678930667,
22317,market_research_2026-04-05_00-04-32_live_round,8575b9e65e754b92b458755320be2685,2026-04-05T05:05:14.626350+00:00,1775365514626350000,181224963265708,3075,,,ETF,3142,52,3143.0,-4.0,40.679017542,
22323,market_research_2026-04-05_00-04-32_live_round,8575b9e65e754b92b458755320be2685,2026-04-05T05:05:14.642375+00:00,1775365514642375000,181224979290166,3075,,,ETF,3142,44,3143.0,-2.0,40.695042,
22324,market_research_2026-04-05_00-04-32_live_round,8575b9e65e754b92b458755320be2685,2026-04-05T05:05:14.642459+00:00,1775365514642459000,181224979374541,3075,,,ETF,3143,52,3143.0,-2.0,40.695126375,
22334,market_research_2026-04-05_00-04-32_live_round,8575b9e65e754b92b458755320be2685,2026-04-05T05:05:14.670575+00:00,1775365514670575000,181225007490041,3075,,,ETF,3143,66,3143.0,0.0,40.723241875,
23932,market_research_2026-04-05_00-04-32_live_round,8575b9e65e754b92b458755320be2685,2026-04-05T05:05:19.568448+00:00,1775365519568448000,181229905372625,3075,,,ETF,3171,52,3171.0,0.0,45.621124459,
24385,market_research_2026-04-05_00-04-32_live_round,8575b9e65e754b92b458755320be2685,2026-04-05T05:05:20.997374+00:00,1775365520997374000,181231334300833,3075,,,ETF,3164,52,3163.0,-2.0,47.050052667,
24390,market_research_2026-04-05_00-04-32_live_round,8575b9e65e754b92b458755320be2685,2026-04-05T05:05:21.010479+00:00,1775365521010479000,181231347406250,3075,,,ETF,3163,74,3163.0,0.0,47.063158084,
24962,market_research_2026-04-05_00-04-32_live_round,8575b9e65e754b92b458755320be2685,2026-04-05T05:05:22.890067+00:00,1775365522890067000,181233226997083,3075,,,ETF,3159,52,3158.5,-1.0,48.942748917,
25111,market_research_2026-04-05_00-04-32_live_round,8575b9e65e754b92b458755320be2685,2026-04-05T05:05:23.377501+00:00,1775365523377501000,181233714432416,3075,,,ETF,3159,52,3165.0,-12.0,49.43018425,
25116,market_research_2026-04-05_00-04-32_live_round,8575b9e65e754b92b458755320be2685,2026-04-05T05:05:23.392142+00:00,1775365523392142000,181233729073250,3075,,,ETF,3159,22,3164.5,-11.0,49.444825084,
25117,market_research_2026-04-05_00-04-32_live_round,8575b9e65e754b92b458755320be2685,2026-04-05T05:05:23.392228+00:00,1775365523392228000,181233729159291,3075,,,ETF,3160,52,3164.5,-11.0,49.444911125,
25126,market_research_2026-04-05_00-04-32_live_round,8575b9e65e754b92b458755320be2685,2026-04-05T05:05:23.418696+00:00,1775365523418696000,181233755627250,3075,,,ETF,3160,44,3164.5,-9.0,49.471379084,
25127,market_research_2026-04-05_00-04-32_live_round,8575b9e65e754b92b458755320be2685,2026-04-05T05:05:23.419833+00:00,1775365523419833000,181233756764416,3075,,,ETF,3161,52,3164.5,-9.0,49.47251625,
25133,market_research_2026-04-05_00-04-32_live_round,8575b9e65e754b92b458755320be2685,2026-04-05T05:05:23.436460+00:00,1775365523436460000,181233773391416,3075,,,ETF,3161,66,3164.5,-7.0,49.48914325,
25134,market_research_2026-04-05_00-04-32_live_round,8575b9e65e754b92b458755320be2685,2026-04-05T05:05:23.436547+00:00,1775365523436547000,181233773478833,3075,,,ETF,3162,52,3164.5,-7.0,49.489230667,
25141,market_research_2026-04-05_00-04-32_live_round,8575b9e65e754b92b458755320be2685,2026-04-05T05:05:23.456536+00:00,1775365523456536000,181233793467375,3075,,,ETF,3162,88,3164.5,-5.0,49.509219209,
25142,market_research_2026-04-05_00-04-32_live_round,8575b9e65e754b92b458755320be2685,2026-04-05T05:05:23.456621+00:00,1775365523456621000,181233793552541,3075,,,ETF,3163,52,3164.5,-5.0,49.509304375,
25149,market_research_2026-04-05_00-04-32_live_round,8575b9e65e754b92b458755320be2685,2026-04-05T05:05:23.476637+00:00,1775365523476637000,181233813568833,3075,,,ETF,3163,110,3164.5,-3.0,49.529320667,
25150,market_research_2026-04-05_00-04-32_live_round,8575b9e65e754b92b458755320be2685,2026-04-05T05:05:23.477728+00:00,1775365523477728000,181233814659916,3075,,,ETF,3164,52,3164.5,-3.0,49.53041175,
25161,market_research_2026-04-05_00-04-32_live_round,8575b9e65e754b92b458755320be2685,2026-04-05T05:05:23.511132+00:00,1775365523511132000,181233848063458,3075,,,ETF,3164,132,3164.5,-1.0,49.563815292,
25162,market_research_2026-04-05_00-04-32_live_round,8575b9e65e754b92b458755320be2685,2026-04-05T05:05:23.512182+00:00,1775365523512182000,181233849113666,3075,,,ETF,3165,52,3164.5,-1.0,49.5648655,
25282,market_research_2026-04-05_00-04-32_live_round,8575b9e65e754b92b458755320be2685,2026-04-05T05:05:23.912021+00:00,1775365523912021000,181234248953041,3075,,,ETF,3166,52,3166.5,-1.0,49.964704875,
25289,market_research_2026-04-05_00-04-32_live_round,8575b9e65e754b92b458755320be2685,2026-04-05T05:05:23.933443+00:00,1775365523933443000,181234270375666,3075,,,ETF,3166,74,3166.0,0.0,49.9861275,
26122,market_research_2026-04-05_00-04-32_live_round,8575b9e65e754b92b458755320be2685,2026-04-05T05:05:26.819426+00:00,1775365526819426000,181237156363833,3075,,,ETF,3177,52,3186.5,-19.0,52.872115667,
26123,market_research_2026-04-05_00-04-32_live_round,8575b9e65e754b92b458755320be2685,2026-04-05T05:05:26.820496+00:00,1775365526820496000,181237157433833,3075,,,ETF,3178,74,3186.5,-19.0,52.873185667,
26124,market_research_2026-04-05_00-04-32_live_round,8575b9e65e754b92b458755320be2685,2026-04-05T05:05:26.820578+00:00,1775365526820578000,181237157515666,3075,,,ETF,3179,96,3186.5,-19.0,52.8732675,
26125,market_research_2026-04-05_00-04-32_live_round,8575b9e65e754b92b458755320be2685,2026-04-05T05:05:26.820661+00:00,1775365526820661000,181237157598541,3075,,,ETF,3180,118,3186.5,-19.0,52.873350375,
26126,market_research_2026-04-05_00-04-32_live_round,8575b9e65e754b92b458755320be2685,2026-04-05T05:05:26.820739+00:00,1775365526820739000,181237157676791,3075,,,ETF,3181,140,3186.5,-19.0,52.873428625,
26127,market_research_2026-04-05_00-04-32_live_round,8575b9e65e754b92b458755320be2685,2026-04-05T05:05:26.820823+00:00,1775365526820823000,181237157760166,3075,,,ETF,3182,23,3186.5,-19.0,52.873512,
26169,market_research_2026-04-05_00-04-32_live_round,8575b9e65e754b92b458755320be2685,2026-04-05T05:05:26.953347+00:00,1775365526953347000,181237290284958,3075,,,ETF,3182,52,3183.5,-3.0,53.006036792,
26175,market_research_2026-04-05_00-04-32_live_round,8575b9e65e754b92b458755320be2685,2026-04-05T05:05:26.970619+00:00,1775365526970619000,181237307556708,3075,,,ETF,3182,74,3183.0,-2.0,53.023308542,
26182,market_research_2026-04-05_00-04-32_live_round,8575b9e65e754b92b458755320be2685,2026-04-05T05:05:26.992617+00:00,1775365526992617000,181237329554583,3075,,,ETF,3182,13,3182.5,-1.0,53.045306417,
26183,market_research_2026-04-05_00-04-32_live_round,8575b9e65e754b92b458755320be2685,2026-04-05T05:05:26.993773+00:00,1775365526993773000,181237330710958,3075,,,ETF,3183,83,3182.5,-1.0,53.046462792,
26324,market_research_2026-04-05_00-04-32_live_round,8575b9e65e754b92b458755320be2685,2026-04-05T05:05:27.477924+00:00,1775365527477924000,181237814862625,3075,,,ETF,3185,52,3187.5,-5.0,53.530614459,
26332,market_research_2026-04-05_00-04-32_live_round,8575b9e65e754b92b458755320be2685,2026-04-05T05:05:27.502379+00:00,1775365527502379000,181237839317375,3075,,,ETF,3185,74,3187.0,-4.0,53.555069209,
26340,market_research_2026-04-05_00-04-32_live_round,8575b9e65e754b92b458755320be2685,2026-04-05T05:05:27.528008+00:00,1775365527528008000,181237864946500,3075,,,ETF,3185,96,3186.5,-3.0,53.580698334,
26345,market_research_2026-04-05_00-04-32_live_round,8575b9e65e754b92b458755320be2685,2026-04-05T05:05:27.542106+00:00,1775365527542106000,181237879044791,3075,,,ETF,3185,6,3186.0,-2.0,53.594796625,
27202,market_research_2026-04-05_00-04-32_live_round,8575b9e65e754b92b458755320be2685,2026-04-05T05:05:30.549504+00:00,1775365530549504000,181240886447916,3075,,,ETF,3180,52,3181.0,-2.0,56.60219975,
27209,market_research_2026-04-05_00-04-32_live_round,8575b9e65e754b92b458755320be2685,2026-04-05T05:05:30.567759+00:00,1775365530567759000,181240904703583,3075,,,ETF,3181,74,3181.0,0.0,56.620455417,
27789,market_research_2026-04-05_00-04-32_live_round,8575b9e65e754b92b458755320be2685,2026-04-05T05:05:32.633033+00:00,1775365532633033000,181242969981416,3075,,,ETF,3180,52,3178.0,-4.0,58.68573325,
27797,market_research_2026-04-05_00-04-32_live_round,8575b9e65e754b92b458755320be2685,2026-04-05T05:05:32.659904+00:00,1775365532659904000,181242996852000,3075,,,ETF,3179,74,3178.0,-2.0,58.712603834,
27805,market_research_2026-04-05_00-04-32_live_round,8575b9e65e754b92b458755320be2685,2026-04-05T05:05:32.687428+00:00,1775365532687428000,181243024375875,3075,,,ETF,3178,96,3178.0,0.0,58.740127709,
27946,market_research_2026-04-05_00-04-32_live_round,8575b9e65e754b92b458755320be2685,2026-04-05T05:05:33.196919+00:00,1775365533196919000,181243533867750,3075,,,ETF,3172,52,3171.5,-1.0,59.249619584,
27953,market_research_2026-04-05_00-04-32_live_round,8575b9e65e754b92b458755320be2685,2026-04-05T05:05:33.218810+00:00,1775365533218810000,181243555759041,3075,,,ETF,3172,74,3172.0,0.0,59.271510875,
28380,market_research_2026-04-05_00-04-32_live_round,8575b9e65e754b92b458755320be2685,2026-04-05T05:05:34.797354+00:00,1775365534797354000,181245134306291,3075,,,ETF,3165,52,3165.0,0.0,60.850058125,
28786,market_research_2026-04-05_00-04-32_live_round,8575b9e65e754b92b458755320be2685,2026-04-05T05:05:36.336458+00:00,1775365536336458000,181246673412541,3075,,,ETF,3175,52,3177.5,-5.0,62.389164375,
28787,market_research_2026-04-05_00-04-32_live_round,8575b9e65e754b92b458755320be2685,2026-04-05T05:05:36.336549+00:00,1775365536336549000,181246673504083,3075,,,ETF,3176,74,3177.5,-5.0,62.389255917,
28788,market_research_2026-04-05_00-04-32_live_round,8575b9e65e754b92b458755320be2685,2026-04-05T05:05:36.336631+00:00,1775365536336631000,181246673586500,3075,,,ETF,3177,96,3177.5,-5.0,62.389338334,
28789,market_research_2026-04-05_00-04-32_live_round,8575b9e65e754b92b458755320be2685,2026-04-05T05:05:36.337927+00:00,1775365536337927000,181246674881750,3075,,,ETF,3178,118,3177.5,-5.0,62.390633584,
28790,market_research_2026-04-05_00-04-32_live_round,8575b9e65e754b92b458755320be2685,2026-04-05T05:05:36.338006+00:00,1775365536338006000,181246674960958,3075,,,ETF,3179,140,3177.5,-5.0,62.390712792,
28791,market_research_2026-04-05_00-04-32_live_round,8575b9e65e754b92b458755320be2685,2026-04-05T05:05:36.338084+00:00,1775365536338084000,181246675039458,3075,,,ETF,3180,23,3177.5,-5.0,62.390791292,
29267,market_research_2026-04-05_00-04-32_live_round,8575b9e65e754b92b458755320be2685,2026-04-05T05:05:38.129506+00:00,1775365538129506000,181248466463833,3075,,,ETF,3167,52,3168.0,-2.0,64.182215667,
29272,market_research_2026-04-05_00-04-32_live_round,8575b9e65e754b92b458755320be2685,2026-04-05T05:05:38.144469+00:00,1775365538144469000,181248481427416,3075,,,ETF,3168,74,3168.0,0.0,64.19717925,
30002,market_research_2026-04-05_00-04-32_live_round,8575b9e65e754b92b458755320be2685,2026-04-05T05:05:41.544509+00:00,1775365541544509000,181251881473750,3075,,,ETF,3178,52,3178.0,0.0,67.597225584,
31472,market_research_2026-04-05_00-04-32_live_round,8575b9e65e754b92b458755320be2685,2026-04-05T05:05:47.734720+00:00,1775365547734720000,181258071696041,3200,,,ETF,3177,52,3178.0,-2.0,73.787447875,
31477,market_research_2026-04-05_00-04-32_live_round,8575b9e65e754b92b458755320be2685,2026-04-05T05:05:47.757692+00:00,1775365547757692000,181258094667291,3200,,,ETF,3178,74,3178.0,0.0,73.810419125,
31627,market_research_2026-04-05_00-04-32_live_round,8575b9e65e754b92b458755320be2685,2026-04-05T05:05:48.380780+00:00,1775365548380780000,181258717756666,3200,,,ETF,3177,52,3175.0,-4.0,74.4335085,
31632,market_research_2026-04-05_00-04-32_live_round,8575b9e65e754b92b458755320be2685,2026-04-05T05:05:48.398085+00:00,1775365548398085000,181258735061666,3200,,,ETF,3177,44,3175.5,-3.0,74.4508135,
31633,market_research_2026-04-05_00-04-32_live_round,8575b9e65e754b92b458755320be2685,2026-04-05T05:05:48.398173+00:00,1775365548398173000,181258735150166,3200,,,ETF,3176,30,3175.5,-3.0,74.450902,
31639,market_research_2026-04-05_00-04-32_live_round,8575b9e65e754b92b458755320be2685,2026-04-05T05:05:48.419238+00:00,1775365548419238000,181258756214666,3200,,,ETF,3176,88,3175.5,-1.0,74.4719665,
31640,market_research_2026-04-05_00-04-32_live_round,8575b9e65e754b92b458755320be2685,2026-04-05T05:05:48.419337+00:00,1775365548419337000,181258756313958,3200,,,ETF,3175,8,3175.5,-1.0,74.472065792,
31923,market_research_2026-04-05_00-04-32_live_round,8575b9e65e754b92b458755320be2685,2026-04-05T05:05:49.640070+00:00,1775365549640070000,181259977048750,3200,,,ETF,3181,52,3181.0,0.0,75.692800584,
32515,market_research_2026-04-05_00-04-32_live_round,8575b9e65e754b92b458755320be2685,2026-04-05T05:05:52.353123+00:00,1775365552353123000,181262690107083,3200,,,ETF,3181,52,3180.0,-2.0,78.405858917,
32520,market_research_2026-04-05_00-04-32_live_round,8575b9e65e754b92b458755320be2685,2026-04-05T05:05:52.375763+00:00,1775365552375763000,181262712746166,3200,,,ETF,3180,74,3180.0,0.0,78.428498,
33256,market_research_2026-04-05_00-04-32_live_round,8575b9e65e754b92b458755320be2685,2026-04-05T05:05:55.706704+00:00,1775365555706704000,181266043693958,3200,,,ETF,3177,52,3177.0,0.0,81.759445792,
34010,market_research_2026-04-05_00-04-32_live_round,8575b9e65e754b92b458755320be2685,2026-04-05T05:05:59.242181+00:00,1775365559242181000,181269579177416,3200,,,ETF,3175,52,3173.0,-4.0,85.29492925,
34018,market_research_2026-04-05_00-04-32_live_round,8575b9e65e754b92b458755320be2685,2026-04-05T05:05:59.274837+00:00,1775365559274837000,181269611834166,3200,,,ETF,3174,74,3173.0,-2.0,85.327586,
34023,market_research_2026-04-05_00-04-32_live_round,8575b9e65e754b92b458755320be2685,2026-04-05T05:05:59.292065+00:00,1775365559292065000,181269629062250,3200,,,ETF,3173,96,3173.0,0.0,85.344814084,
34154,market_research_2026-04-05_00-04-32_live_round,8575b9e65e754b92b458755320be2685,2026-04-05T05:05:59.918194+00:00,1775365559918194000,181270255192208,3200,,,ETF,3167,52,3167.0,0.0,85.970944042,
34447,market_research_2026-04-05_00-04-32_live_round,8575b9e65e754b92b458755320be2685,2026-04-05T05:06:01.310616+00:00,1775365561310616000,181271647615666,3200,,,ETF,3165,52,3166.0,-2.0,87.3633675,
34452,market_research_2026-04-05_00-04-32_live_round,8575b9e65e754b92b458755320be2685,2026-04-05T05:06:01.329884+00:00,1775365561329884000,181271666884833,3200,,,ETF,3166,74,3166.0,0.0,87.382636667,
34745,market_research_2026-04-05_00-04-32_live_round,8575b9e65e754b92b458755320be2685,2026-04-05T05:06:02.712282+00:00,1775365562712282000,181273049284500,3200,,,ETF,3165,52,3165.0,0.0,88.765036334,
34871,market_research_2026-04-05_00-04-32_live_round,8575b9e65e754b92b458755320be2685,2026-04-05T05:06:03.323597+00:00,1775365563323597000,181273660601583,3200,,,ETF,3166,74,3170.5,-9.0,89.376353417,
34872,market_research_2026-04-05_00-04-32_live_round,8575b9e65e754b92b458755320be2685,2026-04-05T05:06:03.323713+00:00,1775365563323713000,181273660717666,3200,,,ETF,3167,96,3170.5,-9.0,89.3764695,
34873,market_research_2026-04-05_00-04-32_live_round,8575b9e65e754b92b458755320be2685,2026-04-05T05:06:03.323798+00:00,1775365563323798000,181273660802208,3200,,,ETF,3168,118,3170.5,-9.0,89.376554042,
34874,market_research_2026-04-05_00-04-32_live_round,8575b9e65e754b92b458755320be2685,2026-04-05T05:06:03.323881+00:00,1775365563323881000,181273660885708,3200,,,ETF,3169,140,3170.5,-9.0,89.376637542,
34875,market_research_2026-04-05_00-04-32_live_round,8575b9e65e754b92b458755320be2685,2026-04-05T05:06:03.323965+00:00,1775365563323965000,181273660968875,3200,,,ETF,3170,75,3170.5,-9.0,89.376720709,
35044,market_research_2026-04-05_00-04-32_live_round,8575b9e65e754b92b458755320be2685,2026-04-05T05:06:04.126724+00:00,1775365564126724000,181274463729333,3200,,,ETF,3172,52,3172.0,0.0,90.179481167,
35197,market_research_2026-04-05_00-04-32_live_round,8575b9e65e754b92b458755320be2685,2026-04-05T05:06:04.851490+00:00,1775365564851490000,181275188496500,3200,,,ETF,3171,52,3169.5,-3.0,90.904248334,
35202,market_research_2026-04-05_00-04-32_live_round,8575b9e65e754b92b458755320be2685,2026-04-05T05:06:04.869811+00:00,1775365564869811000,181275206818250,3200,,,ETF,3171,22,3170.0,-2.0,90.922570084,
35203,market_research_2026-04-05_00-04-32_live_round,8575b9e65e754b92b458755320be2685,2026-04-05T05:06:04.871217+00:00,1775365564871217000,181275208223625,3200,,,ETF,3170,52,3170.0,-2.0,90.923975459,
35215,market_research_2026-04-05_00-04-32_live_round,8575b9e65e754b92b458755320be2685,2026-04-05T05:06:04.927423+00:00,1775365564927423000,181275264430333,3200,,,ETF,3170,44,3170.0,0.0,90.980182167,
35945,market_research_2026-04-05_00-04-32_live_round,8575b9e65e754b92b458755320be2685,2026-04-05T05:06:08.448829+00:00,1775365568448829000,181278785842041,3200,,,ETF,3162,52,3165.5,-7.0,94.501593875,
35953,market_research_2026-04-05_00-04-32_live_round,8575b9e65e754b92b458755320be2685,2026-04-05T05:06:08.492911+00:00,1775365568492911000,181278829923708,3200,,,ETF,3163,74,3165.5,-5.0,94.545675542,
35959,market_research_2026-04-05_00-04-32_live_round,8575b9e65e754b92b458755320be2685,2026-04-05T05:06:08.525055+00:00,1775365568525055000,181278862068833,3200,,,ETF,3164,96,3165.5,-3.0,94.577820667,
35969,market_research_2026-04-05_00-04-32_live_round,8575b9e65e754b92b458755320be2685,2026-04-05T05:06:08.571233+00:00,1775365568571233000,181278908246291,3200,,,ETF,3165,118,3165.5,-1.0,94.623998125,
36100,market_research_2026-04-05_00-04-32_live_round,8575b9e65e754b92b458755320be2685,2026-04-05T05:06:09.224335+00:00,1775365569224335000,181279561349750,3200,,,ETF,3170,52,3174.0,-8.0,95.277101584,
36116,market_research_2026-04-05_00-04-32_live_round,8575b9e65e754b92b458755320be2685,2026-04-05T05:06:09.307526+00:00,1775365569307526000,181279644540708,3200,,,ETF,3170,74,3173.5,-7.0,95.360292542,
36128,market_research_2026-04-05_00-04-32_live_round,8575b9e65e754b92b458755320be2685,2026-04-05T05:06:09.364564+00:00,1775365569364564000,181279701578791,3200,,,ETF,3170,96,3173.0,-6.0,95.417330625,
36133,market_research_2026-04-05_00-04-32_live_round,8575b9e65e754b92b458755320be2685,2026-04-05T05:06:09.383675+00:00,1775365569383675000,181279720690458,3200,,,ETF,3170,6,3172.5,-5.0,95.436442292,
37131,market_research_2026-04-05_00-04-32_live_round,8575b9e65e754b92b458755320be2685,2026-04-05T05:06:14.595935+00:00,1775365574595935000,181284932960083,3200,,,ETF,3169,52,3169.0,0.0,100.648711917,
37426,market_research_2026-04-05_00-04-32_live_round,8575b9e65e754b92b458755320be2685,2026-04-05T05:06:16.158985+00:00,1775365576158985000,181286496012375,3200,,,ETF,3166,52,3165.0,-2.0,102.211764209,
37431,market_research_2026-04-05_00-04-32_live_round,8575b9e65e754b92b458755320be2685,2026-04-05T05:06:16.178934+00:00,1775365576178934000,181286515961583,3200,,,ETF,3165,74,3165.0,0.0,102.231713417,
37581,market_research_2026-04-05_00-04-32_live_round,8575b9e65e754b92b458755320be2685,2026-04-05T05:06:16.954034+00:00,1775365576954034000,181287291062791,3250,,,ETF,3158,52,3157.5,-1.0,103.006814625,
37590,market_research_2026-04-05_00-04-32_live_round,8575b9e65e754b92b458755320be2685,2026-04-05T05:06:16.996091+00:00,1775365576996091000,181287333120500,3250,,,ETF,3158,74,3158.0,0.0,103.048872334,
37872,market_research_2026-04-05_00-04-32_live_round,8575b9e65e754b92b458755320be2685,2026-04-05T05:06:18.610631+00:00,1775365578610631000,181288947662750,3250,,,ETF,3165,52,3167.0,-4.0,104.663414584,
37885,market_research_2026-04-05_00-04-32_live_round,8575b9e65e754b92b458755320be2685,2026-04-05T05:06:18.683275+00:00,1775365578683275000,181289020307416,3250,,,ETF,3165,74,3166.5,-3.0,104.73605925,
37892,market_research_2026-04-05_00-04-32_live_round,8575b9e65e754b92b458755320be2685,2026-04-05T05:06:18.717671+00:00,1775365578717671000,181289054702708,3250,,,ETF,3165,96,3166.0,-2.0,104.770454542,
37902,market_research_2026-04-05_00-04-32_live_round,8575b9e65e754b92b458755320be2685,2026-04-05T05:06:18.768627+00:00,1775365578768627000,181289105659000,3250,,,ETF,3165,6,3165.5,-1.0,104.821410834,
37903,market_research_2026-04-05_00-04-32_live_round,8575b9e65e754b92b458755320be2685,2026-04-05T05:06:18.770153+00:00,1775365578770153000,181289107185833,3250,,,ETF,3165,52,3165.5,-1.0,104.822937667,
37904,market_research_2026-04-05_00-04-32_live_round,8575b9e65e754b92b458755320be2685,2026-04-05T05:06:18.770241+00:00,1775365578770241000,181289107273166,3250,,,ETF,3166,60,3165.5,-1.0,104.823025,
38031,market_research_2026-04-05_00-04-32_live_round,8575b9e65e754b92b458755320be2685,2026-04-05T05:06:19.505179+00:00,1775365579505179000,181289842212375,3250,,,ETF,3173,52,3175.0,-4.0,105.557964209,
38039,market_research_2026-04-05_00-04-32_live_round,8575b9e65e754b92b458755320be2685,2026-04-05T05:06:19.561476+00:00,1775365579561476000,181289898508833,3250,,,ETF,3173,74,3174.5,-3.0,105.614260667,
38047,market_research_2026-04-05_00-04-32_live_round,8575b9e65e754b92b458755320be2685,2026-04-05T05:06:19.612823+00:00,1775365579612823000,181289949857083,3250,,,ETF,3173,96,3174.0,-2.0,105.665608917,
38054,market_research_2026-04-05_00-04-32_live_round,8575b9e65e754b92b458755320be2685,2026-04-05T05:06:19.650066+00:00,1775365579650066000,181289987099708,3250,,,ETF,3173,6,3173.5,-1.0,105.702851542,
38336,market_research_2026-04-05_00-04-32_live_round,8575b9e65e754b92b458755320be2685,2026-04-05T05:06:21.270693+00:00,1775365581270693000,181291607729625,3250,,,ETF,3172,52,3170.5,-3.0,107.323481459,
38344,market_research_2026-04-05_00-04-32_live_round,8575b9e65e754b92b458755320be2685,2026-04-05T05:06:21.306687+00:00,1775365581306687000,181291643724375,3250,,,ETF,3171,74,3170.5,-1.0,107.359476209,
38485,market_research_2026-04-05_00-04-32_live_round,8575b9e65e754b92b458755320be2685,2026-04-05T05:06:21.974444+00:00,1775365581974444000,181292311482125,3250,,,ETF,3164,52,3164.0,0.0,108.027233959,
38923,market_research_2026-04-05_00-04-32_live_round,8575b9e65e754b92b458755320be2685,2026-04-05T05:06:24.034828+00:00,1775365584034828000,181294371869791,3250,,,ETF,3160,52,3164.5,-9.0,110.087621625,
38931,market_research_2026-04-05_00-04-32_live_round,8575b9e65e754b92b458755320be2685,2026-04-05T05:06:24.070561+00:00,1775365584070561000,181294407603250,3250,,,ETF,3161,74,3164.5,-7.0,110.123355084,
38939,market_research_2026-04-05_00-04-32_live_round,8575b9e65e754b92b458755320be2685,2026-04-05T05:06:24.110147+00:00,1775365584110147000,181294447188625,3250,,,ETF,3162,96,3164.5,-5.0,110.162940459,
38951,market_research_2026-04-05_00-04-32_live_round,8575b9e65e754b92b458755320be2685,2026-04-05T05:06:24.160054+00:00,1775365584160054000,181294497096250,3250,,,ETF,3163,118,3164.5,-3.0,110.212848084,
38957,market_research_2026-04-05_00-04-32_live_round,8575b9e65e754b92b458755320be2685,2026-04-05T05:06:24.180914+00:00,1775365584180914000,181294517956333,3250,,,ETF,3164,140,3164.5,-1.0,110.233708167,
39082,market_research_2026-04-05_00-04-32_live_round,8575b9e65e754b92b458755320be2685,2026-04-05T05:06:24.726720+00:00,1775365584726720000,181295063763125,3250,,,ETF,3168,52,3170.0,-4.0,110.779514959,
39089,market_research_2026-04-05_00-04-32_live_round,8575b9e65e754b92b458755320be2685,2026-04-05T05:06:24.752413+00:00,1775365584752413000,181295089456041,3250,,,ETF,3168,74,3169.5,-3.0,110.805207875,
39094,market_research_2026-04-05_00-04-32_live_round,8575b9e65e754b92b458755320be2685,2026-04-05T05:06:24.770954+00:00,1775365584770954000,181295107997166,3250,,,ETF,3168,96,3169.0,-2.0,110.823749,
39102,market_research_2026-04-05_00-04-32_live_round,8575b9e65e754b92b458755320be2685,2026-04-05T05:06:24.803580+00:00,1775365584803580000,181295140623708,3250,,,ETF,3168,6,3168.5,-1.0,110.856375542,
39376,market_research_2026-04-05_00-04-32_live_round,8575b9e65e754b92b458755320be2685,2026-04-05T05:06:26.093016+00:00,1775365586093016000,181296430061708,3250,,,ETF,3176,52,3177.0,-2.0,112.145813542,
39385,market_research_2026-04-05_00-04-32_live_round,8575b9e65e754b92b458755320be2685,2026-04-05T05:06:26.139053+00:00,1775365586139053000,181296476098916,3250,,,ETF,3177,74,3177.0,0.0,112.19185075,
39820,market_research_2026-04-05_00-04-32_live_round,8575b9e65e754b92b458755320be2685,2026-04-05T05:06:28.513160+00:00,1775365588513160000,181298850210416,3250,,,ETF,3178,52,3174.0,-8.0,114.56596225,
39829,market_research_2026-04-05_00-04-32_live_round,8575b9e65e754b92b458755320be2685,2026-04-05T05:06:28.556488+00:00,1775365588556488000,181298893538125,3250,,,ETF,3177,74,3174.0,-6.0,114.609289959,
39835,market_research_2026-04-05_00-04-32_live_round,8575b9e65e754b92b458755320be2685,2026-04-05T05:06:28.584347+00:00,1775365588584347000,181298921397458,3250,,,ETF,3176,96,3174.0,-4.0,114.637149292,
39845,market_research_2026-04-05_00-04-32_live_round,8575b9e65e754b92b458755320be2685,2026-04-05T05:06:28.634256+00:00,1775365588634256000,181298971306708,3250,,,ETF,3175,118,3174.0,-2.0,114.687058542,
39851,market_research_2026-04-05_00-04-32_live_round,8575b9e65e754b92b458755320be2685,2026-04-05T05:06:28.660281+00:00,1775365588660281000,181298997331833,3250,,,ETF,3174,140,3174.0,0.0,114.713083667,
40123,market_research_2026-04-05_00-04-32_live_round,8575b9e65e754b92b458755320be2685,2026-04-05T05:06:30.122644+00:00,1775365590122644000,181300459697416,3250,,,ETF,3174,52,3174.0,0.0,116.17544925,
40415,market_research_2026-04-05_00-04-32_live_round,8575b9e65e754b92b458755320be2685,2026-04-05T05:06:31.766896+00:00,1775365591766896000,181302103952125,3250,,,ETF,3170,52,3169.5,-1.0,117.819703959,
41299,market_research_2026-04-05_00-04-32_live_round,8575b9e65e754b92b458755320be2685,2026-04-05T05:06:36.479327+00:00,1775365596479327000,181306816391791,3250,,,ETF,3170,52,3172.0,-4.0,122.532143625,
41306,market_research_2026-04-05_00-04-32_live_round,8575b9e65e754b92b458755320be2685,2026-04-05T05:06:36.513484+00:00,1775365596513484000,181306850548333,3250,,,ETF,3171,74,3172.0,-2.0,122.566300167,
41319,market_research_2026-04-05_00-04-32_live_round,8575b9e65e754b92b458755320be2685,2026-04-05T05:06:36.583245+00:00,1775365596583245000,181306920309916,3250,,,ETF,3172,96,3172.0,0.0,122.63606175,
41455,market_research_2026-04-05_00-04-32_live_round,8575b9e65e754b92b458755320be2685,2026-04-05T05:06:37.344042+00:00,1775365597344042000,181307681108625,3250,,,ETF,3178,52,3178.5,-1.0,123.396860459,
41460,market_research_2026-04-05_00-04-32_live_round,8575b9e65e754b92b458755320be2685,2026-04-05T05:06:37.368049+00:00,1775365597368049000,181307705115333,3250,,,ETF,3178,74,3178.0,0.0,123.420867167,
41868,market_research_2026-04-05_00-04-32_live_round,8575b9e65e754b92b458755320be2685,2026-04-05T05:06:39.601646+00:00,1775365599601646000,181309938716666,3250,,,ETF,3178,52,3179.5,-3.0,125.6544685,
41869,market_research_2026-04-05_00-04-32_live_round,8575b9e65e754b92b458755320be2685,2026-04-05T05:06:39.603439+00:00,1775365599603439000,181309940509041,3250,,,ETF,3179,74,3179.5,-3.0,125.656260875,
41870,market_research_2026-04-05_00-04-32_live_round,8575b9e65e754b92b458755320be2685,2026-04-05T05:06:39.603521+00:00,1775365599603521000,181309940591041,3250,,,ETF,3180,96,3179.5,-3.0,125.656342875,
41871,market_research_2026-04-05_00-04-32_live_round,8575b9e65e754b92b458755320be2685,2026-04-05T05:06:39.603610+00:00,1775365599603610000,181309940680208,3250,,,ETF,3181,118,3179.5,-3.0,125.656432042,
43235,market_research_2026-04-05_00-04-32_live_round,8575b9e65e754b92b458755320be2685,2026-04-05T05:06:47.234849+00:00,1775365607234849000,181317571932916,3250,,,ETF,3174,52,3173.0,-2.0,133.28768475,
43246,market_research_2026-04-05_00-04-32_live_round,8575b9e65e754b92b458755320be2685,2026-04-05T05:06:47.295855+00:00,1775365607295855000,181317632938958,3250,,,ETF,3173,74,3173.0,0.0,133.348690792,
43832,market_research_2026-04-05_00-04-32_live_round,8575b9e65e754b92b458755320be2685,2026-04-05T05:06:50.538609+00:00,1775365610538609000,181320875699541,3250,,,ETF,3167,52,3169.5,-5.0,136.591451375,
43845,market_research_2026-04-05_00-04-32_live_round,8575b9e65e754b92b458755320be2685,2026-04-05T05:06:50.609922+00:00,1775365610609922000,181320947012000,3250,,,ETF,3168,74,3169.5,-3.0,136.662763834,
43850,market_research_2026-04-05_00-04-32_live_round,8575b9e65e754b92b458755320be2685,2026-04-05T05:06:50.632400+00:00,1775365610632400000,181320969489958,3250,,,ETF,3169,96,3169.5,-1.0,136.685241792,
43950,market_research_2026-04-05_00-04-32_live_round,8575b9e65e754b92b458755320be2685,2026-04-05T05:06:51.183823+00:00,1775365611183823000,181321520914625,3250,,,ETF,3175,228,3176.0,-2.0,137.236666459,
44576,market_research_2026-04-05_00-04-32_live_round,8575b9e65e754b92b458755320be2685,2026-04-05T05:06:54.663983+00:00,1775365614663983000,181325001080500,3250,,,ETF,3175,52,3175.5,-1.0,140.716832334,
45029,market_research_2026-04-05_00-04-32_live_round,8575b9e65e754b92b458755320be2685,2026-04-05T05:06:57.326352+00:00,1775365617326352000,181327663454708,3300,,,ETF,3187,52,3192.0,-10.0,0.27665425,
45036,market_research_2026-04-05_00-04-32_live_round,8575b9e65e754b92b458755320be2685,2026-04-05T05:06:57.363652+00:00,1775365617363652000,181327700754583,3300,,,ETF,3188,74,3192.0,-8.0,0.313954125,
45041,market_research_2026-04-05_00-04-32_live_round,8575b9e65e754b92b458755320be2685,2026-04-05T05:06:57.387023+00:00,1775365617387023000,181327724126166,3300,,,ETF,3189,96,3192.0,-6.0,0.337325708,
45049,market_research_2026-04-05_00-04-32_live_round,8575b9e65e754b92b458755320be2685,2026-04-05T05:06:57.428222+00:00,1775365617428222000,181327765324458,3300,,,ETF,3190,118,3192.0,-4.0,0.378524,
45057,market_research_2026-04-05_00-04-32_live_round,8575b9e65e754b92b458755320be2685,2026-04-05T05:06:57.470877+00:00,1775365617470877000,181327807980416,3300,,,ETF,3191,140,3192.0,-2.0,0.421179958,
45063,market_research_2026-04-05_00-04-32_live_round,8575b9e65e754b92b458755320be2685,2026-04-05T05:06:57.502704+00:00,1775365617502704000,181327839806708,3300,,,ETF,3191,88,3191.5,-1.0,0.45300625,
45064,market_research_2026-04-05_00-04-32_live_round,8575b9e65e754b92b458755320be2685,2026-04-05T05:06:57.502797+00:00,1775365617502797000,181327839900375,3300,,,ETF,3191,74,3191.5,-1.0,0.453099917,
45069,market_research_2026-04-05_00-04-32_live_round,8575b9e65e754b92b458755320be2685,2026-04-05T05:06:57.525789+00:00,1775365617525789000,181327862892375,3300,,,ETF,3191,66,3191.0,0.0,0.476091917,
45203,market_research_2026-04-05_00-04-32_live_round,8575b9e65e754b92b458755320be2685,2026-04-05T05:06:58.294979+00:00,1775365618294979000,181328632083291,3300,,,ETF,3195,52,3200.5,-11.0,1.245282833,
45212,market_research_2026-04-05_00-04-32_live_round,8575b9e65e754b92b458755320be2685,2026-04-05T05:06:58.345921+00:00,1775365618345921000,181328683025791,3300,,,ETF,3195,74,3200.0,-10.0,1.296225333,
45220,market_research_2026-04-05_00-04-32_live_round,8575b9e65e754b92b458755320be2685,2026-04-05T05:06:58.390334+00:00,1775365618390334000,181328727438083,3300,,,ETF,3195,96,3199.5,-9.0,1.340637625,
45233,market_research_2026-04-05_00-04-32_live_round,8575b9e65e754b92b458755320be2685,2026-04-05T05:06:58.461603+00:00,1775365618461603000,181328798707750,3300,,,ETF,3195,6,3199.0,-8.0,1.411907292,
45491,market_research_2026-04-05_00-04-32_live_round,8575b9e65e754b92b458755320be2685,2026-04-05T05:06:59.964325+00:00,1775365619964325000,181330301432291,3300,,,ETF,3213,52,3215.0,-4.0,2.914631833,
45500,market_research_2026-04-05_00-04-32_live_round,8575b9e65e754b92b458755320be2685,2026-04-05T05:07:00.014411+00:00,1775365620014411000,181330351518208,3300,,,ETF,3214,74,3215.0,-2.0,2.96471775,
45513,market_research_2026-04-05_00-04-32_live_round,8575b9e65e754b92b458755320be2685,2026-04-05T05:07:00.085543+00:00,1775365620085543000,181330422650500,3300,,,ETF,3215,96,3215.0,0.0,3.035850042,
45789,market_research_2026-04-05_00-04-32_live_round,8575b9e65e754b92b458755320be2685,2026-04-05T05:07:01.708927+00:00,1775365621708927000,181332046038000,3300,,,ETF,3220,52,3218.5,-3.0,4.659237542,
45794,market_research_2026-04-05_00-04-32_live_round,8575b9e65e754b92b458755320be2685,2026-04-05T05:07:01.732621+00:00,1775365621732621000,181332069731500,3300,,,ETF,3219,74,3218.5,-1.0,4.682931042,
46093,market_research_2026-04-05_00-04-32_live_round,8575b9e65e754b92b458755320be2685,2026-04-05T05:07:03.473273+00:00,1775365623473273000,181333810387250,3300,,,ETF,3216,52,3215.0,-2.0,6.423586792,
46098,market_research_2026-04-05_00-04-32_live_round,8575b9e65e754b92b458755320be2685,2026-04-05T05:07:03.497324+00:00,1775365623497324000,181333834438041,3300,,,ETF,3215,74,3215.0,0.0,6.447637583,
46240,market_research_2026-04-05_00-04-32_live_round,8575b9e65e754b92b458755320be2685,2026-04-05T05:07:04.330918+00:00,1775365624330918000,181334668033250,3300,,,ETF,3208,52,3206.0,-4.0,7.281232792,
46246,market_research_2026-04-05_00-04-32_live_round,8575b9e65e754b92b458755320be2685,2026-04-05T05:07:04.363369+00:00,1775365624363369000,181334700484541,3300,,,ETF,3208,74,3206.5,-3.0,7.313684083,
46251,market_research_2026-04-05_00-04-32_live_round,8575b9e65e754b92b458755320be2685,2026-04-05T05:07:04.387756+00:00,1775365624387756000,181334724871041,3300,,,ETF,3208,96,3207.0,-2.0,7.338070583,
46257,market_research_2026-04-05_00-04-32_live_round,8575b9e65e754b92b458755320be2685,2026-04-05T05:07:04.418046+00:00,1775365624418046000,181334755161333,3300,,,ETF,3208,6,3207.5,-1.0,7.368360875,
46395,market_research_2026-04-05_00-04-32_live_round,8575b9e65e754b92b458755320be2685,2026-04-05T05:07:05.288749+00:00,1775365625288749000,181335625865958,3300,,,ETF,3198,52,3196.5,-3.0,8.2390655,
46403,market_research_2026-04-05_00-04-32_live_round,8575b9e65e754b92b458755320be2685,2026-04-05T05:07:05.332253+00:00,1775365625332253000,181335669370125,3300,,,ETF,3198,74,3197.0,-2.0,8.282569667,
46412,market_research_2026-04-05_00-04-32_live_round,8575b9e65e754b92b458755320be2685,2026-04-05T05:07:05.381698+00:00,1775365625381698000,181335718815208,3300,,,ETF,3198,96,3197.5,-1.0,8.33201475,
46420,market_research_2026-04-05_00-04-32_live_round,8575b9e65e754b92b458755320be2685,2026-04-05T05:07:05.422374+00:00,1775365625422374000,181335759491708,3300,,,ETF,3198,6,3198.0,0.0,8.37269125,
46551,market_research_2026-04-05_00-04-32_live_round,8575b9e65e754b92b458755320be2685,2026-04-05T05:07:06.193521+00:00,1775365626193521000,181336530639541,3300,,,ETF,3188,52,3188.0,0.0,9.143839083,
46693,market_research_2026-04-05_00-04-32_live_round,8575b9e65e754b92b458755320be2685,2026-04-05T05:07:07.039977+00:00,1775365627039977000,181337377097541,3300,,,ETF,3189,52,3192.5,-7.0,9.990297083,
46704,market_research_2026-04-05_00-04-32_live_round,8575b9e65e754b92b458755320be2685,2026-04-05T05:07:07.099737+00:00,1775365627099737000,181337436857666,3300,,,ETF,3189,22,3192.0,-6.0,10.050057208,
46705,market_research_2026-04-05_00-04-32_live_round,8575b9e65e754b92b458755320be2685,2026-04-05T05:07:07.101783+00:00,1775365627101783000,181337438903875,3300,,,ETF,3190,52,3192.0,-6.0,10.052103417,
46714,market_research_2026-04-05_00-04-32_live_round,8575b9e65e754b92b458755320be2685,2026-04-05T05:07:07.147988+00:00,1775365627147988000,181337485108125,3300,,,ETF,3190,44,3192.0,-4.0,10.098307667,
46715,market_research_2026-04-05_00-04-32_live_round,8575b9e65e754b92b458755320be2685,2026-04-05T05:07:07.150007+00:00,1775365627150007000,181337487127458,3300,,,ETF,3191,52,3192.0,-4.0,10.100327,
46724,market_research_2026-04-05_00-04-32_live_round,8575b9e65e754b92b458755320be2685,2026-04-05T05:07:07.198750+00:00,1775365627198750000,181337535870416,3300,,,ETF,3191,66,3192.0,-2.0,10.149069958,
46725,market_research_2026-04-05_00-04-32_live_round,8575b9e65e754b92b458755320be2685,2026-04-05T05:07:07.198843+00:00,1775365627198843000,181337535963958,3300,,,ETF,3192,52,3192.0,-2.0,10.1491635,
46736,market_research_2026-04-05_00-04-32_live_round,8575b9e65e754b92b458755320be2685,2026-04-05T05:07:07.259965+00:00,1775365627259965000,181337597085333,3300,,,ETF,3192,88,3192.0,0.0,10.210284875,
46859,market_research_2026-04-05_00-04-32_live_round,8575b9e65e754b92b458755320be2685,2026-04-05T05:07:07.999496+00:00,1775365627999496000,181338336618583,3300,,,ETF,3196,52,3197.5,-3.0,10.949818125,
46864,market_research_2026-04-05_00-04-32_live_round,8575b9e65e754b92b458755320be2685,2026-04-05T05:07:08.023682+00:00,1775365628023682000,181338360804333,3300,,,ETF,3196,74,3197.0,-2.0,10.974003875,
46870,market_research_2026-04-05_00-04-32_live_round,8575b9e65e754b92b458755320be2685,2026-04-05T05:07:08.054773+00:00,1775365628054773000,181338391895583,3300,,,ETF,3196,96,3196.5,-1.0,11.005095125,
46881,market_research_2026-04-05_00-04-32_live_round,8575b9e65e754b92b458755320be2685,2026-04-05T05:07:08.118056+00:00,1775365628118056000,181338455178500,3300,,,ETF,3196,6,3196.0,0.0,11.068378042,
47015,market_research_2026-04-05_00-04-32_live_round,8575b9e65e754b92b458755320be2685,2026-04-05T05:07:08.925486+00:00,1775365628925486000,181339262609458,3300,,,ETF,3196,52,3190.5,-11.0,11.875809,
47025,market_research_2026-04-05_00-04-32_live_round,8575b9e65e754b92b458755320be2685,2026-04-05T05:07:08.975812+00:00,1775365628975812000,181339312935583,3300,,,ETF,3196,60,3191.0,-10.0,11.926135125,
47026,market_research_2026-04-05_00-04-32_live_round,8575b9e65e754b92b458755320be2685,2026-04-05T05:07:08.975905+00:00,1775365628975905000,181339313029458,3300,,,ETF,3195,14,3191.0,-10.0,11.926229,
47032,market_research_2026-04-05_00-04-32_live_round,8575b9e65e754b92b458755320be2685,2026-04-05T05:07:09.007248+00:00,1775365629007248000,181339344371875,3300,,,ETF,3195,96,3191.0,-8.0,11.957571417,
47051,market_research_2026-04-05_00-04-32_live_round,8575b9e65e754b92b458755320be2685,2026-04-05T05:07:09.111813+00:00,1775365629111813000,181339448937416,3300,,,ETF,3195,30,3191.5,-7.0,12.062136958,
47052,market_research_2026-04-05_00-04-32_live_round,8575b9e65e754b92b458755320be2685,2026-04-05T05:07:09.113722+00:00,1775365629113722000,181339450846208,3300,,,ETF,3194,88,3191.5,-7.0,12.06404575,
47069,market_research_2026-04-05_00-04-32_live_round,8575b9e65e754b92b458755320be2685,2026-04-05T05:07:09.213664+00:00,1775365629213664000,181339550787791,3300,,,ETF,3194,74,3191.5,-5.0,12.163987333,
47070,market_research_2026-04-05_00-04-32_live_round,8575b9e65e754b92b458755320be2685,2026-04-05T05:07:09.215479+00:00,1775365629215479000,181339552603375,3300,,,ETF,3193,66,3191.5,-5.0,12.165802917,
47079,market_research_2026-04-05_00-04-32_live_round,8575b9e65e754b92b458755320be2685,2026-04-05T05:07:09.265016+00:00,1775365629265016000,181339602140916,3300,,,ETF,3193,118,3191.5,-3.0,12.215340458,
47080,market_research_2026-04-05_00-04-32_live_round,8575b9e65e754b92b458755320be2685,2026-04-05T05:07:09.265109+00:00,1775365629265109000,181339602233250,3300,,,ETF,3192,44,3191.5,-3.0,12.215432792,
47091,market_research_2026-04-05_00-04-32_live_round,8575b9e65e754b92b458755320be2685,2026-04-05T05:07:09.327517+00:00,1775365629327517000,181339664641708,3300,,,ETF,3192,162,3191.5,-1.0,12.27784125,
47092,market_research_2026-04-05_00-04-32_live_round,8575b9e65e754b92b458755320be2685,2026-04-05T05:07:09.327608+00:00,1775365629327608000,181339664732291,3300,,,ETF,3191,22,3191.5,-1.0,12.277931833,
47188,market_research_2026-04-05_00-04-32_live_round,8575b9e65e754b92b458755320be2685,2026-04-05T05:07:09.875582+00:00,1775365629875582000,181340212707125,3300,,,ETF,3191,52,3182.5,-17.0,12.825906667,
47194,market_research_2026-04-05_00-04-32_live_round,8575b9e65e754b92b458755320be2685,2026-04-05T05:07:09.906716+00:00,1775365629906716000,181340243841958,3300,,,ETF,3191,74,3183.0,-16.0,12.8570415,
47211,market_research_2026-04-05_00-04-32_live_round,8575b9e65e754b92b458755320be2685,2026-04-05T05:07:09.990802+00:00,1775365629990802000,181340327927541,3300,,,ETF,3191,80,3183.5,-15.0,12.941127083,
47212,market_research_2026-04-05_00-04-32_live_round,8575b9e65e754b92b458755320be2685,2026-04-05T05:07:09.992788+00:00,1775365629992788000,181340329913583,3300,,,ETF,3177,16,3183.5,-15.0,12.943113125,
47225,market_research_2026-04-05_00-04-32_live_round,8575b9e65e754b92b458755320be2685,2026-04-05T05:07:10.061754+00:00,1775365630061754000,181340398879916,3300,,,ETF,3177,36,3177.0,0.0,13.012079458,
47499,market_research_2026-04-05_00-04-32_live_round,8575b9e65e754b92b458755320be2685,2026-04-05T05:07:11.732720+00:00,1775365631732720000,181342069848791,3300,,,ETF,3162,52,3156.0,-12.0,14.683048333,
47507,market_research_2026-04-05_00-04-32_live_round,8575b9e65e754b92b458755320be2685,2026-04-05T05:07:11.776473+00:00,1775365631776473000,181342113602416,3300,,,ETF,3161,74,3156.0,-10.0,14.726801958,
47518,market_research_2026-04-05_00-04-32_live_round,8575b9e65e754b92b458755320be2685,2026-04-05T05:07:11.839560+00:00,1775365631839560000,181342176688833,3300,,,ETF,3160,96,3156.0,-8.0,14.789888375,
47529,market_research_2026-04-05_00-04-32_live_round,8575b9e65e754b92b458755320be2685,2026-04-05T05:07:11.903264+00:00,1775365631903264000,181342240392791,3300,,,ETF,3159,118,3156.0,-6.0,14.853592333,
47535,market_research_2026-04-05_00-04-32_live_round,8575b9e65e754b92b458755320be2685,2026-04-05T05:07:11.935571+00:00,1775365631935571000,181342272700000,3300,,,ETF,3158,140,3156.0,-4.0,14.885899542,
47543,market_research_2026-04-05_00-04-32_live_round,8575b9e65e754b92b458755320be2685,2026-04-05T05:07:11.979100+00:00,1775365631979100000,181342316229041,3300,,,ETF,3158,162,3156.5,-3.0,14.929428583,
47553,market_research_2026-04-05_00-04-32_live_round,8575b9e65e754b92b458755320be2685,2026-04-05T05:07:12.041636+00:00,1775365632041636000,181342378765291,3300,,,ETF,3158,66,3157.0,-2.0,14.991964833,
47554,market_research_2026-04-05_00-04-32_live_round,8575b9e65e754b92b458755320be2685,2026-04-05T05:07:12.043727+00:00,1775365632043727000,181342380856541,3300,,,ETF,3157,118,3157.0,-2.0,14.994056083,
47571,market_research_2026-04-05_00-04-32_live_round,8575b9e65e754b92b458755320be2685,2026-04-05T05:07:12.148426+00:00,1775365632148426000,181342485555625,3300,,,ETF,3157,44,3157.0,0.0,15.098755167,
47668,market_research_2026-04-05_00-04-32_live_round,8575b9e65e754b92b458755320be2685,2026-04-05T05:07:12.777761+00:00,1775365632777761000,181343114891583,3300,,,ETF,3154,52,3142.0,-24.0,15.728091125,
47673,market_research_2026-04-05_00-04-32_live_round,8575b9e65e754b92b458755320be2685,2026-04-05T05:07:12.802254+00:00,1775365632802254000,181343139384791,3300,,,ETF,3154,74,3142.5,-23.0,15.752584333,
47684,market_research_2026-04-05_00-04-32_live_round,8575b9e65e754b92b458755320be2685,2026-04-05T05:07:12.861685+00:00,1775365632861685000,181343198816375,3300,,,ETF,3154,96,3143.0,-22.0,15.812015917,
47691,market_research_2026-04-05_00-04-32_live_round,8575b9e65e754b92b458755320be2685,2026-04-05T05:07:12.898355+00:00,1775365632898355000,181343235485833,3300,,,ETF,3154,6,3143.5,-21.0,15.848685375,
47692,market_research_2026-04-05_00-04-32_live_round,8575b9e65e754b92b458755320be2685,2026-04-05T05:07:12.900142+00:00,1775365632900142000,181343237272750,3300,,,ETF,3142,52,3143.5,-21.0,15.850472292,
47693,market_research_2026-04-05_00-04-32_live_round,8575b9e65e754b92b458755320be2685,2026-04-05T05:07:12.900229+00:00,1775365632900229000,181343237359916,3300,,,ETF,3141,60,3143.5,-21.0,15.850559458,
47712,market_research_2026-04-05_00-04-32_live_round,8575b9e65e754b92b458755320be2685,2026-04-05T05:07:12.997735+00:00,1775365632997735000,181343334866583,3300,,,ETF,3141,14,3137.5,-7.0,15.948066125,
47713,market_research_2026-04-05_00-04-32_live_round,8575b9e65e754b92b458755320be2685,2026-04-05T05:07:12.997832+00:00,1775365632997832000,181343334963583,3300,,,ETF,3140,96,3137.5,-7.0,15.948163125,
47714,market_research_2026-04-05_00-04-32_live_round,8575b9e65e754b92b458755320be2685,2026-04-05T05:07:12.997920+00:00,1775365632997920000,181343335051458,3300,,,ETF,3139,30,3137.5,-7.0,15.948251,
47721,market_research_2026-04-05_00-04-32_live_round,8575b9e65e754b92b458755320be2685,2026-04-05T05:07:13.034470+00:00,1775365633034470000,181343371600916,3300,,,ETF,3139,88,3137.0,-4.0,15.984800458,
47722,market_research_2026-04-05_00-04-32_live_round,8575b9e65e754b92b458755320be2685,2026-04-05T05:07:13.034561+00:00,1775365633034561000,181343371692083,3300,,,ETF,3138,74,3137.0,-4.0,15.984891625,
47738,market_research_2026-04-05_00-04-32_live_round,8575b9e65e754b92b458755320be2685,2026-04-05T05:07:13.129846+00:00,1775365633129846000,181343466977000,3300,,,ETF,3138,66,3137.0,-2.0,16.080176542,
47739,market_research_2026-04-05_00-04-32_live_round,8575b9e65e754b92b458755320be2685,2026-04-05T05:07:13.129942+00:00,1775365633129942000,181343467073250,3300,,,ETF,3137,118,3137.0,-2.0,16.080272792,
47752,market_research_2026-04-05_00-04-32_live_round,8575b9e65e754b92b458755320be2685,2026-04-05T05:07:13.205221+00:00,1775365633205221000,181343542352750,3300,,,ETF,3137,44,3137.0,0.0,16.155552292,
47845,market_research_2026-04-05_00-04-32_live_round,8575b9e65e754b92b458755320be2685,2026-04-05T05:07:13.761257+00:00,1775365633761257000,181344098389541,3300,,,ETF,3134,52,3124.0,-20.0,16.711589083,
47860,market_research_2026-04-05_00-04-32_live_round,8575b9e65e754b92b458755320be2685,2026-04-05T05:07:13.838221+00:00,1775365633838221000,181344175353416,3300,,,ETF,3134,74,3124.5,-19.0,16.788552958,
47871,market_research_2026-04-05_00-04-32_live_round,8575b9e65e754b92b458755320be2685,2026-04-05T05:07:13.896364+00:00,1775365633896364000,181344233497208,3300,,,ETF,3134,96,3125.0,-18.0,16.84669675,
47886,market_research_2026-04-05_00-04-32_live_round,8575b9e65e754b92b458755320be2685,2026-04-05T05:07:13.962387+00:00,1775365633962387000,181344299520500,3300,,,ETF,3134,6,3125.5,-17.0,16.912720042,
47887,market_research_2026-04-05_00-04-32_live_round,8575b9e65e754b92b458755320be2685,2026-04-05T05:07:13.962483+00:00,1775365633962483000,181344299616041,3300,,,ETF,3122,52,3125.5,-17.0,16.912815583,
47888,market_research_2026-04-05_00-04-32_live_round,8575b9e65e754b92b458755320be2685,2026-04-05T05:07:13.962570+00:00,1775365633962570000,181344299702750,3300,,,ETF,3121,60,3125.5,-17.0,16.912902292,
47896,market_research_2026-04-05_00-04-32_live_round,8575b9e65e754b92b458755320be2685,2026-04-05T05:07:14.005920+00:00,1775365634005920000,181344343053583,3300,,,ETF,3121,14,3119.5,-3.0,16.956253125,
47897,market_research_2026-04-05_00-04-32_live_round,8575b9e65e754b92b458755320be2685,2026-04-05T05:07:14.006012+00:00,1775365634006012000,181344343145166,3300,,,ETF,3120,96,3119.5,-3.0,16.956344708,
47898,market_research_2026-04-05_00-04-32_live_round,8575b9e65e754b92b458755320be2685,2026-04-05T05:07:14.006096+00:00,1775365634006096000,181344343228916,3300,,,ETF,3119,30,3119.5,-3.0,16.956428458,
47914,market_research_2026-04-05_00-04-32_live_round,8575b9e65e754b92b458755320be2685,2026-04-05T05:07:14.094431+00:00,1775365634094431000,181344431563750,3300,,,ETF,3119,88,3119.0,0.0,17.044763292,
48019,market_research_2026-04-05_00-04-32_live_round,8575b9e65e754b92b458755320be2685,2026-04-05T05:07:14.740108+00:00,1775365634740108000,181345077242583,3300,,,ETF,3114,52,3110.5,-7.0,17.690442125,
48024,market_research_2026-04-05_00-04-32_live_round,8575b9e65e754b92b458755320be2685,2026-04-05T05:07:14.764002+00:00,1775365634764002000,181345101136208,3300,,,ETF,3114,74,3111.0,-6.0,17.71433575,
48035,market_research_2026-04-05_00-04-32_live_round,8575b9e65e754b92b458755320be2685,2026-04-05T05:07:14.822810+00:00,1775365634822810000,181345159944583,3300,,,ETF,3114,96,3111.5,-5.0,17.773144125,
48047,market_research_2026-04-05_00-04-32_live_round,8575b9e65e754b92b458755320be2685,2026-04-05T05:07:14.887108+00:00,1775365634887108000,181345224242291,3300,,,ETF,3114,6,3112.0,-4.0,17.837441833,
48334,market_research_2026-04-05_00-04-32_live_round,8575b9e65e754b92b458755320be2685,2026-04-05T05:07:16.600648+00:00,1775365636600648000,181346937785375,3300,,,ETF,3100,52,3097.5,-5.0,19.550984917,
48347,market_research_2026-04-05_00-04-32_live_round,8575b9e65e754b92b458755320be2685,2026-04-05T05:07:16.670236+00:00,1775365636670236000,181347007373500,3300,,,ETF,3099,74,3097.5,-3.0,19.620573042,
48356,market_research_2026-04-05_00-04-32_live_round,8575b9e65e754b92b458755320be2685,2026-04-05T05:07:16.713820+00:00,1775365636713820000,181347050957750,3300,,,ETF,3098,96,3097.5,-1.0,19.664157292,
48497,market_research_2026-04-05_00-04-32_live_round,8575b9e65e754b92b458755320be2685,2026-04-05T05:07:17.547463+00:00,1775365637547463000,181347884602208,3300,,,ETF,3092,52,3092.0,0.0,20.49780175,
49382,market_research_2026-04-05_00-04-32_live_round,8575b9e65e754b92b458755320be2685,2026-04-05T05:07:23.241181+00:00,1775365643241181000,181353578331208,3325,,,ETF,3091,52,3089.0,-4.0,26.19153075,
49388,market_research_2026-04-05_00-04-32_live_round,8575b9e65e754b92b458755320be2685,2026-04-05T05:07:23.278083+00:00,1775365643278083000,181353615233416,3325,,,ETF,3090,74,3089.0,-2.0,26.228432958,
49394,market_research_2026-04-05_00-04-32_live_round,8575b9e65e754b92b458755320be2685,2026-04-05T05:07:23.312613+00:00,1775365643312613000,181353649763500,3325,,,ETF,3089,96,3089.0,0.0,26.262963042,
49543,market_research_2026-04-05_00-04-32_live_round,8575b9e65e754b92b458755320be2685,2026-04-05T05:07:24.233370+00:00,1775365644233370000,181354570521375,3325,,,ETF,3090,52,3094.0,-8.0,27.183720917,
49553,market_research_2026-04-05_00-04-32_live_round,8575b9e65e754b92b458755320be2685,2026-04-05T05:07:24.285936+00:00,1775365644285936000,181354623087958,3325,,,ETF,3090,66,3093.5,-7.0,27.2362875,
49554,market_research_2026-04-05_00-04-32_live_round,8575b9e65e754b92b458755320be2685,2026-04-05T05:07:24.286031+00:00,1775365644286031000,181354623183041,3325,,,ETF,3091,8,3093.5,-7.0,27.236382583,
49562,market_research_2026-04-05_00-04-32_live_round,8575b9e65e754b92b458755320be2685,2026-04-05T05:07:24.330623+00:00,1775365644330623000,181354667775166,3325,,,ETF,3091,96,3093.5,-5.0,27.280974708,
49573,market_research_2026-04-05_00-04-32_live_round,8575b9e65e754b92b458755320be2685,2026-04-05T05:07:24.388162+00:00,1775365644388162000,181354725313583,3325,,,ETF,3091,36,3093.0,-4.0,27.338513125,
49574,market_research_2026-04-05_00-04-32_live_round,8575b9e65e754b92b458755320be2685,2026-04-05T05:07:24.388260+00:00,1775365644388260000,181354725411916,3325,,,ETF,3092,82,3093.0,-4.0,27.338611458,
49589,market_research_2026-04-05_00-04-32_live_round,8575b9e65e754b92b458755320be2685,2026-04-05T05:07:24.459469+00:00,1775365644459469000,181354796621166,3325,,,ETF,3092,80,3093.0,-2.0,27.409820708,
49590,market_research_2026-04-05_00-04-32_live_round,8575b9e65e754b92b458755320be2685,2026-04-05T05:07:24.459564+00:00,1775365644459564000,181354796716625,3325,,,ETF,3093,60,3093.0,-2.0,27.409916167,
49597,market_research_2026-04-05_00-04-32_live_round,8575b9e65e754b92b458755320be2685,2026-04-05T05:07:24.498296+00:00,1775365644498296000,181354835448541,3325,,,ETF,3093,124,3093.0,0.0,27.448648083,
49714,market_research_2026-04-05_00-04-32_live_round,8575b9e65e754b92b458755320be2685,2026-04-05T05:07:25.202660+00:00,1775365645202660000,181355539813166,3325,,,ETF,3095,52,3096.0,-2.0,28.153012708,
49721,market_research_2026-04-05_00-04-32_live_round,8575b9e65e754b92b458755320be2685,2026-04-05T05:07:25.245486+00:00,1775365645245486000,181355582639333,3325,,,ETF,3095,74,3095.5,-1.0,28.195838875,
49737,market_research_2026-04-05_00-04-32_live_round,8575b9e65e754b92b458755320be2685,2026-04-05T05:07:25.343556+00:00,1775365645343556000,181355680710000,3325,,,ETF,3095,96,3095.0,0.0,28.293909542,
51201,market_research_2026-04-05_00-04-32_live_round,8575b9e65e754b92b458755320be2685,2026-04-05T05:07:34.779345+00:00,1775365654779345000,181365116515750,3325,,,ETF,3107,52,3101.5,-11.0,37.729715292,
51208,market_research_2026-04-05_00-04-32_live_round,8575b9e65e754b92b458755320be2685,2026-04-05T05:07:34.824011+00:00,1775365654824011000,181365161181916,3325,,,ETF,3106,74,3101.5,-9.0,37.774381458,
51214,market_research_2026-04-05_00-04-32_live_round,8575b9e65e754b92b458755320be2685,2026-04-05T05:07:34.858413+00:00,1775365654858413000,181365195584208,3325,,,ETF,3105,96,3101.5,-7.0,37.80878375,
51220,market_research_2026-04-05_00-04-32_live_round,8575b9e65e754b92b458755320be2685,2026-04-05T05:07:34.892661+00:00,1775365654892661000,181365229832458,3325,,,ETF,3104,118,3101.5,-5.0,37.843032,
51226,market_research_2026-04-05_00-04-32_live_round,8575b9e65e754b92b458755320be2685,2026-04-05T05:07:34.925605+00:00,1775365654925605000,181365262776083,3325,,,ETF,3103,140,3101.5,-3.0,37.875975625,
51240,market_research_2026-04-05_00-04-32_live_round,8575b9e65e754b92b458755320be2685,2026-04-05T05:07:35.015235+00:00,1775365655015235000,181365352406250,3325,,,ETF,3102,162,3101.5,-1.0,37.965605792,
51366,market_research_2026-04-05_00-04-32_live_round,8575b9e65e754b92b458755320be2685,2026-04-05T05:07:35.819787+00:00,1775365655819787000,181366156959708,3325,,,ETF,3099,52,3098.0,-2.0,38.77015925,
51372,market_research_2026-04-05_00-04-32_live_round,8575b9e65e754b92b458755320be2685,2026-04-05T05:07:35.853697+00:00,1775365655853697000,181366190869750,3325,,,ETF,3099,74,3098.5,-1.0,38.804069292,
51377,market_research_2026-04-05_00-04-32_live_round,8575b9e65e754b92b458755320be2685,2026-04-05T05:07:35.881341+00:00,1775365655881341000,181366218513791,3325,,,ETF,3099,96,3099.0,0.0,38.831713333,
51656,market_research_2026-04-05_00-04-32_live_round,8575b9e65e754b92b458755320be2685,2026-04-05T05:07:37.749345+00:00,1775365657749345000,181368086521500,3325,,,ETF,3100,52,3100.5,-1.0,40.699721042,
52850,market_research_2026-04-05_00-04-32_live_round,8575b9e65e754b92b458755320be2685,2026-04-05T05:07:45.690778+00:00,1775365665690778000,181376027968958,3325,,,ETF,3103,52,3109.0,-12.0,48.6411685,
52858,market_research_2026-04-05_00-04-32_live_round,8575b9e65e754b92b458755320be2685,2026-04-05T05:07:45.738760+00:00,1775365665738760000,181376075951291,3325,,,ETF,3104,74,3109.0,-10.0,48.689150833,
52865,market_research_2026-04-05_00-04-32_live_round,8575b9e65e754b92b458755320be2685,2026-04-05T05:07:45.782209+00:00,1775365665782209000,181376119400041,3325,,,ETF,3105,96,3109.0,-8.0,48.732599583,
52872,market_research_2026-04-05_00-04-32_live_round,8575b9e65e754b92b458755320be2685,2026-04-05T05:07:45.823341+00:00,1775365665823341000,181376160532583,3325,,,ETF,3106,118,3109.0,-6.0,48.773732125,
52879,market_research_2026-04-05_00-04-32_live_round,8575b9e65e754b92b458755320be2685,2026-04-05T05:07:45.864988+00:00,1775365665864988000,181376202178958,3325,,,ETF,3107,140,3109.0,-4.0,48.8153785,
52892,market_research_2026-04-05_00-04-32_live_round,8575b9e65e754b92b458755320be2685,2026-04-05T05:07:45.949284+00:00,1775365665949284000,181376286474708,3325,,,ETF,3108,162,3109.0,-2.0,48.89967425,
52900,market_research_2026-04-05_00-04-32_live_round,8575b9e65e754b92b458755320be2685,2026-04-05T05:07:46.000718+00:00,1775365666000718000,181376337909625,3325,,,ETF,3108,66,3108.5,-1.0,48.951109167,
52901,market_research_2026-04-05_00-04-32_live_round,8575b9e65e754b92b458755320be2685,2026-04-05T05:07:46.000820+00:00,1775365666000820000,181376338011625,3325,,,ETF,3108,118,3108.5,-1.0,48.951211167,
52907,market_research_2026-04-05_00-04-32_live_round,8575b9e65e754b92b458755320be2685,2026-04-05T05:07:46.033045+00:00,1775365666033045000,181376370236583,3325,,,ETF,3108,44,3108.0,0.0,48.983436125,
53026,market_research_2026-04-05_00-04-32_live_round,8575b9e65e754b92b458755320be2685,2026-04-05T05:07:46.792721+00:00,1775365666792721000,181377129913916,3325,,,ETF,3111,52,3111.0,0.0,49.743113458,
53168,market_research_2026-04-05_00-04-32_live_round,8575b9e65e754b92b458755320be2685,2026-04-05T05:07:47.760387+00:00,1775365667760387000,181378097581833,3325,,,ETF,3119,52,3119.0,0.0,50.710781375,
54357,market_research_2026-04-05_00-04-32_live_round,8575b9e65e754b92b458755320be2685,2026-04-05T05:07:55.935008+00:00,1775365675935008000,181386272217541,3325,,,ETF,3124,52,3124.0,0.0,58.885417083,
54797,market_research_2026-04-05_00-04-32_live_round,8575b9e65e754b92b458755320be2685,2026-04-05T05:07:59.015075+00:00,1775365679015075000,181389352289916,3325,,,ETF,3128,52,3128.5,-1.0,61.965489458,
54948,market_research_2026-04-05_00-04-32_live_round,8575b9e65e754b92b458755320be2685,2026-04-05T05:08:00.096405+00:00,1775365680096405000,181390433621833,3325,,,ETF,3128,52,3123.0,-10.0,63.046821375,
54954,market_research_2026-04-05_00-04-32_live_round,8575b9e65e754b92b458755320be2685,2026-04-05T05:08:00.134015+00:00,1775365680134015000,181390471232166,3325,,,ETF,3128,22,3123.5,-9.0,63.084431708,
54955,market_research_2026-04-05_00-04-32_live_round,8575b9e65e754b92b458755320be2685,2026-04-05T05:08:00.136568+00:00,1775365680136568000,181390473785458,3325,,,ETF,3127,52,3123.5,-9.0,63.086985,
54962,market_research_2026-04-05_00-04-32_live_round,8575b9e65e754b92b458755320be2685,2026-04-05T05:08:00.180052+00:00,1775365680180052000,181390517269041,3325,,,ETF,3127,44,3123.5,-7.0,63.130468583,
54963,market_research_2026-04-05_00-04-32_live_round,8575b9e65e754b92b458755320be2685,2026-04-05T05:08:00.180149+00:00,1775365680180149000,181390517366958,3325,,,ETF,3126,52,3123.5,-7.0,63.1305665,
54971,market_research_2026-04-05_00-04-32_live_round,8575b9e65e754b92b458755320be2685,2026-04-05T05:08:00.229732+00:00,1775365680229732000,181390566949041,3325,,,ETF,3126,66,3123.5,-5.0,63.180148583,
54972,market_research_2026-04-05_00-04-32_live_round,8575b9e65e754b92b458755320be2685,2026-04-05T05:08:00.229830+00:00,1775365680229830000,181390567047000,3325,,,ETF,3125,52,3123.5,-5.0,63.180246542,
54978,market_research_2026-04-05_00-04-32_live_round,8575b9e65e754b92b458755320be2685,2026-04-05T05:08:00.264663+00:00,1775365680264663000,181390601880166,3325,,,ETF,3125,88,3123.5,-3.0,63.215079708,
54979,market_research_2026-04-05_00-04-32_live_round,8575b9e65e754b92b458755320be2685,2026-04-05T05:08:00.264763+00:00,1775365680264763000,181390601980208,3325,,,ETF,3124,52,3123.5,-3.0,63.21517975,
54985,market_research_2026-04-05_00-04-32_live_round,8575b9e65e754b92b458755320be2685,2026-04-05T05:08:00.300837+00:00,1775365680300837000,181390638054541,3325,,,ETF,3124,110,3123.5,-1.0,63.251254083,
54986,market_research_2026-04-05_00-04-32_live_round,8575b9e65e754b92b458755320be2685,2026-04-05T05:08:00.300935+00:00,1775365680300935000,181390638152541,3325,,,ETF,3123,52,3123.5,-1.0,63.251352083,
55120,market_research_2026-04-05_00-04-32_live_round,8575b9e65e754b92b458755320be2685,2026-04-05T05:08:01.265759+00:00,1775365681265759000,181391602978000,3325,,,ETF,3121,52,3120.0,-2.0,64.216177542,
55125,market_research_2026-04-05_00-04-32_live_round,8575b9e65e754b92b458755320be2685,2026-04-05T05:08:01.296408+00:00,1775365681296408000,181391633627291,3325,,,ETF,3121,74,3120.5,-1.0,64.246826833,
55130,market_research_2026-04-05_00-04-32_live_round,8575b9e65e754b92b458755320be2685,2026-04-05T05:08:01.322156+00:00,1775365681322156000,181391659375458,3325,,,ETF,3121,96,3121.0,0.0,64.272575,
55563,market_research_2026-04-05_00-04-32_live_round,8575b9e65e754b92b458755320be2685,2026-04-05T05:08:04.432791+00:00,1775365684432791000,181394770016000,3325,,,ETF,3109,52,3110.0,-2.0,67.383215542,
55568,market_research_2026-04-05_00-04-32_live_round,8575b9e65e754b92b458755320be2685,2026-04-05T05:08:04.462009+00:00,1775365684462009000,181394799234041,3325,,,ETF,3110,74,3110.0,0.0,67.412433583,
55859,market_research_2026-04-05_00-04-32_live_round,8575b9e65e754b92b458755320be2685,2026-04-05T05:08:06.561604+00:00,1775365686561604000,181396898832750,3325,,,ETF,3119,52,3120.5,-3.0,69.512032292,
55869,market_research_2026-04-05_00-04-32_live_round,8575b9e65e754b92b458755320be2685,2026-04-05T05:08:06.629198+00:00,1775365686629198000,181396966426958,3325,,,ETF,3120,74,3120.5,-1.0,69.5796265,
56307,market_research_2026-04-05_00-04-32_live_round,8575b9e65e754b92b458755320be2685,2026-04-05T05:08:09.808262+00:00,1775365689808262000,181400145497250,3325,,,ETF,3113,52,3112.0,-2.0,72.758696792,
56321,market_research_2026-04-05_00-04-32_live_round,8575b9e65e754b92b458755320be2685,2026-04-05T05:08:09.906675+00:00,1775365689906675000,181400243909750,3325,,,ETF,3112,74,3112.0,0.0,72.857109292,
57791,market_research_2026-04-05_00-04-32_live_round,8575b9e65e754b92b458755320be2685,2026-04-05T05:08:20.868620+00:00,1775365700868620000,181411205875583,3325,,,ETF,3101,52,3102.0,-2.0,83.819075125,
57798,market_research_2026-04-05_00-04-32_live_round,8575b9e65e754b92b458755320be2685,2026-04-05T05:08:20.914774+00:00,1775365700914774000,181411252028791,3325,,,ETF,3102,74,3102.0,0.0,83.865228333,
59582,market_research_2026-04-05_00-04-32_live_round,8575b9e65e754b92b458755320be2685,2026-04-05T05:08:34.586312+00:00,1775365714586312000,181424923592250,3325,,,ETF,3086,52,3082.0,-8.0,97.536791792,
59589,market_research_2026-04-05_00-04-32_live_round,8575b9e65e754b92b458755320be2685,2026-04-05T05:08:34.633687+00:00,1775365714633687000,181424970967375,3325,,,ETF,3085,74,3082.0,-6.0,97.584166917,
59594,market_research_2026-04-05_00-04-32_live_round,8575b9e65e754b92b458755320be2685,2026-04-05T05:08:34.666689+00:00,1775365714666689000,181425003969291,3325,,,ETF,3084,96,3082.0,-4.0,97.617168833,
59599,market_research_2026-04-05_00-04-32_live_round,8575b9e65e754b92b458755320be2685,2026-04-05T05:08:34.696173+00:00,1775365714696173000,181425033452916,3325,,,ETF,3083,118,3082.0,-2.0,97.646652458,
59605,market_research_2026-04-05_00-04-32_live_round,8575b9e65e754b92b458755320be2685,2026-04-05T05:08:34.737374+00:00,1775365714737374000,181425074654458,3325,,,ETF,3083,140,3082.5,-1.0,97.687854,
59611,market_research_2026-04-05_00-04-32_live_round,8575b9e65e754b92b458755320be2685,2026-04-05T05:08:34.779192+00:00,1775365714779192000,181425116472500,3325,,,ETF,3083,88,3083.0,0.0,97.729672042,
59752,market_research_2026-04-05_00-04-32_live_round,8575b9e65e754b92b458755320be2685,2026-04-05T05:08:35.798524+00:00,1775365715798524000,181426135806750,3325,,,ETF,3078,52,3076.5,-3.0,98.749006292,
59757,market_research_2026-04-05_00-04-32_live_round,8575b9e65e754b92b458755320be2685,2026-04-05T05:08:35.830616+00:00,1775365715830616000,181426167898000,3325,,,ETF,3078,74,3077.0,-2.0,98.781097542,
59762,market_research_2026-04-05_00-04-32_live_round,8575b9e65e754b92b458755320be2685,2026-04-05T05:08:35.860017+00:00,1775365715860017000,181426197299416,3325,,,ETF,3078,96,3077.5,-1.0,98.810498958,
59772,market_research_2026-04-05_00-04-32_live_round,8575b9e65e754b92b458755320be2685,2026-04-05T05:08:35.935744+00:00,1775365715935744000,181426273026666,3325,,,ETF,3078,6,3078.0,0.0,98.886226208,
60493,market_research_2026-04-05_00-04-32_live_round,8575b9e65e754b92b458755320be2685,2026-04-05T05:08:41.633604+00:00,1775365721633604000,181431970896958,3325,,,ETF,3081,52,3083.0,-4.0,104.5840965,
60500,market_research_2026-04-05_00-04-32_live_round,8575b9e65e754b92b458755320be2685,2026-04-05T05:08:41.686301+00:00,1775365721686301000,181432023593916,3325,,,ETF,3082,74,3083.0,-2.0,104.636793458,
60506,market_research_2026-04-05_00-04-32_live_round,8575b9e65e754b92b458755320be2685,2026-04-05T05:08:41.726435+00:00,1775365721726435000,181432063727833,3325,,,ETF,3083,96,3083.0,0.0,104.676927375,
60648,market_research_2026-04-05_00-04-32_live_round,8575b9e65e754b92b458755320be2685,2026-04-05T05:08:42.841976+00:00,1775365722841976000,181433179271333,3325,,,ETF,3089,52,3090.5,-3.0,105.792470875,
60654,market_research_2026-04-05_00-04-32_live_round,8575b9e65e754b92b458755320be2685,2026-04-05T05:08:42.883079+00:00,1775365722883079000,181433220374333,3325,,,ETF,3089,74,3090.0,-2.0,105.833573875,
60662,market_research_2026-04-05_00-04-32_live_round,8575b9e65e754b92b458755320be2685,2026-04-05T05:08:42.944828+00:00,1775365722944828000,181433282123166,3325,,,ETF,3089,96,3089.5,-1.0,105.895322708,
60672,market_research_2026-04-05_00-04-32_live_round,8575b9e65e754b92b458755320be2685,2026-04-05T05:08:43.021998+00:00,1775365723021998000,181433359293416,3325,,,ETF,3089,6,3089.0,0.0,105.972492958,
61693,market_research_2026-04-05_00-04-32_live_round,8575b9e65e754b92b458755320be2685,2026-04-05T05:08:51.177439+00:00,1775365731177439000,181441514749083,3325,,,ETF,3095,52,3097.0,-4.0,114.127948625,
61699,market_research_2026-04-05_00-04-32_live_round,8575b9e65e754b92b458755320be2685,2026-04-05T05:08:51.219579+00:00,1775365731219579000,181441556889083,3325,,,ETF,3096,74,3097.0,-2.0,114.170088625,
61705,market_research_2026-04-05_00-04-32_live_round,8575b9e65e754b92b458755320be2685,2026-04-05T05:08:51.262424+00:00,1775365731262424000,181441599734708,3325,,,ETF,3097,96,3097.0,0.0,114.21293425,
62289,market_research_2026-04-05_00-04-32_live_round,8575b9e65e754b92b458755320be2685,2026-04-05T05:08:55.978717+00:00,1775365735978717000,181446316036125,3325,,,ETF,3082,52,3078.0,-8.0,118.929235667,
62294,market_research_2026-04-05_00-04-32_live_round,8575b9e65e754b92b458755320be2685,2026-04-05T05:08:56.010073+00:00,1775365736010073000,181446347391791,3325,,,ETF,3081,74,3078.0,-6.0,118.960591333,
62300,market_research_2026-04-05_00-04-32_live_round,8575b9e65e754b92b458755320be2685,2026-04-05T05:08:56.053196+00:00,1775365736053196000,181446390515083,3325,,,ETF,3080,96,3078.0,-4.0,119.003714625,
62310,market_research_2026-04-05_00-04-32_live_round,8575b9e65e754b92b458755320be2685,2026-04-05T05:08:56.135138+00:00,1775365736135138000,181446472456875,3325,,,ETF,3080,118,3078.5,-3.0,119.085656417,
62317,market_research_2026-04-05_00-04-32_live_round,8575b9e65e754b92b458755320be2685,2026-04-05T05:08:56.186634+00:00,1775365736186634000,181446523953416,3325,,,ETF,3080,110,3079.0,-2.0,119.137152958,
62318,market_research_2026-04-05_00-04-32_live_round,8575b9e65e754b92b458755320be2685,2026-04-05T05:08:56.186738+00:00,1775365736186738000,181446524058041,3325,,,ETF,3079,30,3079.0,-2.0,119.137257583,
62326,market_research_2026-04-05_00-04-32_live_round,8575b9e65e754b92b458755320be2685,2026-04-05T05:08:56.244698+00:00,1775365736244698000,181446582018000,3325,,,ETF,3079,88,3079.0,0.0,119.195217542,
62464,market_research_2026-04-05_00-04-32_live_round,8575b9e65e754b92b458755320be2685,2026-04-05T05:08:57.314746+00:00,1775365737314746000,181447652067583,3325,,,ETF,3074,52,3069.5,-9.0,120.265267125,
62470,market_research_2026-04-05_00-04-32_live_round,8575b9e65e754b92b458755320be2685,2026-04-05T05:08:57.357267+00:00,1775365737357267000,181447694588958,3325,,,ETF,3074,74,3070.0,-8.0,120.3077885,
62476,market_research_2026-04-05_00-04-32_live_round,8575b9e65e754b92b458755320be2685,2026-04-05T05:08:57.400379+00:00,1775365737400379000,181447737700625,3325,,,ETF,3074,96,3070.5,-7.0,120.350900167,
62481,market_research_2026-04-05_00-04-32_live_round,8575b9e65e754b92b458755320be2685,2026-04-05T05:08:57.433267+00:00,1775365737433267000,181447770589208,3325,,,ETF,3074,6,3071.0,-6.0,120.38378875,
63055,market_research_2026-04-05_00-04-32_live_round,8575b9e65e754b92b458755320be2685,2026-04-05T05:09:02.150159+00:00,1775365742150159000,181452487489541,3325,,,ETF,3070,52,3071.5,-3.0,125.100689083,
63062,market_research_2026-04-05_00-04-32_live_round,8575b9e65e754b92b458755320be2685,2026-04-05T05:09:02.209463+00:00,1775365742209463000,181452546793750,3325,,,ETF,3071,74,3071.5,-1.0,125.159993292,
63951,market_research_2026-04-05_00-04-32_live_round,8575b9e65e754b92b458755320be2685,2026-04-05T05:09:09.567918+00:00,1775365749567918000,181459905262125,3325,,,ETF,3089,52,3090.0,-2.0,132.518461667,
63957,market_research_2026-04-05_00-04-32_live_round,8575b9e65e754b92b458755320be2685,2026-04-05T05:09:09.612271+00:00,1775365749612271000,181459949615375,3325,,,ETF,3090,74,3090.0,0.0,132.562814917,
64696,market_research_2026-04-05_00-04-32_live_round,8575b9e65e754b92b458755320be2685,2026-04-05T05:09:15.866839+00:00,1775365755866839000,181466204194375,3325,,,ETF,3097,52,3099.0,-4.0,138.817393917,
64705,market_research_2026-04-05_00-04-32_live_round,8575b9e65e754b92b458755320be2685,2026-04-05T05:09:15.937535+00:00,1775365755937535000,181466274890958,3325,,,ETF,3098,74,3099.0,-2.0,138.8880905,
64716,market_research_2026-04-05_00-04-32_live_round,8575b9e65e754b92b458755320be2685,2026-04-05T05:09:16.027589+00:00,1775365756027589000,181466364944250,3325,,,ETF,3099,96,3099.0,0.0,138.978143792,
65640,market_research_2026-04-05_00-04-32_live_round,8575b9e65e754b92b458755320be2685,2026-04-05T05:09:23.756953+00:00,1775365763756953000,181474094322291,3325,,,ETF,3098,52,3096.0,-4.0,146.707521833,
65645,market_research_2026-04-05_00-04-32_live_round,8575b9e65e754b92b458755320be2685,2026-04-05T05:09:23.789977+00:00,1775365763789977000,181474127346583,3325,,,ETF,3097,74,3096.0,-2.0,146.740546125,
65651,market_research_2026-04-05_00-04-32_live_round,8575b9e65e754b92b458755320be2685,2026-04-05T05:09:23.833424+00:00,1775365763833424000,181474170793875,3325,,,ETF,3096,96,3096.0,0.0,146.783993417,
66248,market_research_2026-04-05_00-04-32_live_round,8575b9e65e754b92b458755320be2685,2026-04-05T05:09:28.701349+00:00,1775365768701349000,181479038727333,3325,,,ETF,3099,52,3100.0,-2.0,151.651926875,
66253,market_research_2026-04-05_00-04-32_live_round,8575b9e65e754b92b458755320be2685,2026-04-05T05:09:28.737086+00:00,1775365768737086000,181479074464375,3325,,,ETF,3100,74,3100.0,0.0,151.687663917,
66808,market_research_2026-04-05_00-04-32_live_round,8575b9e65e754b92b458755320be2685,2026-04-05T05:09:33.350384+00:00,1775365773350384000,181483687771500,3325,,,ETF,3102,52,3104.5,-5.0,156.300971042,
66809,market_research_2026-04-05_00-04-32_live_round,8575b9e65e754b92b458755320be2685,2026-04-05T05:09:33.350500+00:00,1775365773350500000,181483687887458,3325,,,ETF,3103,74,3104.5,-5.0,156.301087,
66810,market_research_2026-04-05_00-04-32_live_round,8575b9e65e754b92b458755320be2685,2026-04-05T05:09:33.350594+00:00,1775365773350594000,181483687981750,3325,,,ETF,3104,96,3104.5,-5.0,156.301181292,
66811,market_research_2026-04-05_00-04-32_live_round,8575b9e65e754b92b458755320be2685,2026-04-05T05:09:33.350684+00:00,1775365773350684000,181483688071916,3325,,,ETF,3105,118,3104.5,-5.0,156.301271458,
66812,market_research_2026-04-05_00-04-32_live_round,8575b9e65e754b92b458755320be2685,2026-04-05T05:09:33.350776+00:00,1775365773350776000,181483688163416,3325,,,ETF,3106,140,3104.5,-5.0,156.301362958,
66813,market_research_2026-04-05_00-04-32_live_round,8575b9e65e754b92b458755320be2685,2026-04-05T05:09:33.350864+00:00,1775365773350864000,181483688251583,3325,,,ETF,3107,23,3104.5,-5.0,156.301451125,
67274,market_research_2026-04-05_00-04-32_live_round,8575b9e65e754b92b458755320be2685,2026-04-05T05:09:37.215479+00:00,1775365777215479000,181487552873666,3325,,,ETF,3103,52,3099.5,-7.0,160.166073208,
67275,market_research_2026-04-05_00-04-32_live_round,8575b9e65e754b92b458755320be2685,2026-04-05T05:09:37.215597+00:00,1775365777215597000,181487552991208,3325,,,ETF,3102,74,3099.5,-7.0,160.16619075,
67276,market_research_2026-04-05_00-04-32_live_round,8575b9e65e754b92b458755320be2685,2026-04-05T05:09:37.215690+00:00,1775365777215690000,181487553084791,3325,,,ETF,3101,96,3099.5,-7.0,160.166284333,
67277,market_research_2026-04-05_00-04-32_live_round,8575b9e65e754b92b458755320be2685,2026-04-05T05:09:37.215786+00:00,1775365777215786000,181487553180958,3325,,,ETF,3100,118,3099.5,-7.0,160.1663805,
67278,market_research_2026-04-05_00-04-32_live_round,8575b9e65e754b92b458755320be2685,2026-04-05T05:09:37.215876+00:00,1775365777215876000,181487553270208,3325,,,ETF,3099,140,3099.5,-7.0,160.16646975,
67279,market_research_2026-04-05_00-04-32_live_round,8575b9e65e754b92b458755320be2685,2026-04-05T05:09:37.215964+00:00,1775365777215964000,181487553358291,3325,,,ETF,3098,23,3099.5,-7.0,160.166557833,
67775,market_research_2026-04-05_00-04-32_live_round,8575b9e65e754b92b458755320be2685,2026-04-05T05:09:41.636212+00:00,1775365781636212000,181491973614583,3450,,,ETF,3107,52,3109.5,-5.0,0.405786125,
67780,market_research_2026-04-05_00-04-32_live_round,8575b9e65e754b92b458755320be2685,2026-04-05T05:09:41.671448+00:00,1775365781671448000,181492008849916,3450,,,ETF,3108,74,3109.5,-3.0,0.441021458,
67786,market_research_2026-04-05_00-04-32_live_round,8575b9e65e754b92b458755320be2685,2026-04-05T05:09:41.713125+00:00,1775365781713125000,181492050527291,3450,,,ETF,3109,96,3109.5,-1.0,0.482698833,
67892,market_research_2026-04-05_00-04-32_live_round,8575b9e65e754b92b458755320be2685,2026-04-05T05:09:42.690481+00:00,1775365782690481000,181493027885666,3450,,,ETF,3109,118,3103.5,-11.0,1.460057208,
67893,market_research_2026-04-05_00-04-32_live_round,8575b9e65e754b92b458755320be2685,2026-04-05T05:09:42.690597+00:00,1775365782690597000,181493028001958,3450,,,ETF,3108,140,3103.5,-11.0,1.4601735,
67894,market_research_2026-04-05_00-04-32_live_round,8575b9e65e754b92b458755320be2685,2026-04-05T05:09:42.690696+00:00,1775365782690696000,181493028100500,3450,,,ETF,3107,162,3103.5,-11.0,1.460272042,
67895,market_research_2026-04-05_00-04-32_live_round,8575b9e65e754b92b458755320be2685,2026-04-05T05:09:42.690792+00:00,1775365782690792000,181493028196791,3450,,,ETF,3106,83,3103.5,-11.0,1.460368333,
68344,market_research_2026-04-05_00-04-32_live_round,8575b9e65e754b92b458755320be2685,2026-04-05T05:09:46.680538+00:00,1775365786680538000,181497017949416,3450,,,ETF,3097,52,3096.0,-2.0,5.450120958,
68345,market_research_2026-04-05_00-04-32_live_round,8575b9e65e754b92b458755320be2685,2026-04-05T05:09:46.683343+00:00,1775365786683343000,181497020755166,3450,,,ETF,3096,74,3096.0,-2.0,5.452926708,
68346,market_research_2026-04-05_00-04-32_live_round,8575b9e65e754b92b458755320be2685,2026-04-05T05:09:46.683443+00:00,1775365786683443000,181497020854916,3450,,,ETF,3095,96,3096.0,-2.0,5.453026458,
69094,market_research_2026-04-05_00-04-32_live_round,8575b9e65e754b92b458755320be2685,2026-04-05T05:09:53.209714+00:00,1775365793209714000,181503547138041,3450,,,ETF,3090,52,3093.0,-6.0,11.979309583,
69095,market_research_2026-04-05_00-04-32_live_round,8575b9e65e754b92b458755320be2685,2026-04-05T05:09:53.212439+00:00,1775365793212439000,181503549862708,3450,,,ETF,3091,74,3093.0,-6.0,11.98203425,
69096,market_research_2026-04-05_00-04-32_live_round,8575b9e65e754b92b458755320be2685,2026-04-05T05:09:53.212535+00:00,1775365793212535000,181503549958666,3450,,,ETF,3092,96,3093.0,-6.0,11.982130208,
69097,market_research_2026-04-05_00-04-32_live_round,8575b9e65e754b92b458755320be2685,2026-04-05T05:09:53.212633+00:00,1775365793212633000,181503550057208,3450,,,ETF,3093,118,3093.0,-6.0,11.98222875,
69098,market_research_2026-04-05_00-04-32_live_round,8575b9e65e754b92b458755320be2685,2026-04-05T05:09:53.212720+00:00,1775365793212720000,181503550143375,3450,,,ETF,3094,140,3093.0,-6.0,11.982314917,
69099,market_research_2026-04-05_00-04-32_live_round,8575b9e65e754b92b458755320be2685,2026-04-05T05:09:53.212805+00:00,1775365793212805000,181503550228750,3450,,,ETF,3095,23,3093.0,-6.0,11.982400292,
72160,market_research_2026-04-05_00-04-32_live_round,8575b9e65e754b92b458755320be2685,2026-04-05T05:10:30.738405+00:00,1775365830738405000,181541075896291,3450,,,ETF,3089,52,3089.0,0.0,49.508067833,
72273,market_research_2026-04-05_00-04-32_live_round,8575b9e65e754b92b458755320be2685,2026-04-05T05:10:32.083888+00:00,1775365832083888000,181542421382208,3450,,,ETF,3090,74,3092.5,-5.0,50.85355375,
72274,market_research_2026-04-05_00-04-32_live_round,8575b9e65e754b92b458755320be2685,2026-04-05T05:10:32.084074+00:00,1775365832084074000,181542421568500,3450,,,ETF,3091,96,3092.5,-5.0,50.853740042,
72275,market_research_2026-04-05_00-04-32_live_round,8575b9e65e754b92b458755320be2685,2026-04-05T05:10:32.084235+00:00,1775365832084235000,181542421729750,3450,,,ETF,3092,118,3092.5,-5.0,50.853901292,
72276,market_research_2026-04-05_00-04-32_live_round,8575b9e65e754b92b458755320be2685,2026-04-05T05:10:32.084345+00:00,1775365832084345000,181542421839375,3450,,,ETF,3093,140,3092.5,-5.0,50.854010917,
72277,market_research_2026-04-05_00-04-32_live_round,8575b9e65e754b92b458755320be2685,2026-04-05T05:10:32.084443+00:00,1775365832084443000,181542421937791,3450,,,ETF,3094,75,3092.5,-5.0,50.854109333,
72625,market_research_2026-04-05_00-04-32_live_round,8575b9e65e754b92b458755320be2685,2026-04-05T05:10:36.503136+00:00,1775365836503136000,181546840638916,3450,,,ETF,3080,52,3076.0,-8.0,55.272810458,
72630,market_research_2026-04-05_00-04-32_live_round,8575b9e65e754b92b458755320be2685,2026-04-05T05:10:36.544331+00:00,1775365836544331000,181546881833166,3450,,,ETF,3079,74,3076.0,-6.0,55.314004708,
72636,market_research_2026-04-05_00-04-32_live_round,8575b9e65e754b92b458755320be2685,2026-04-05T05:10:36.600672+00:00,1775365836600672000,181546938173500,3450,,,ETF,3078,96,3076.0,-4.0,55.370345042,
72641,market_research_2026-04-05_00-04-32_live_round,8575b9e65e754b92b458755320be2685,2026-04-05T05:10:36.659219+00:00,1775365836659219000,181546996721250,3450,,,ETF,3077,118,3076.0,-2.0,55.428892792,
72646,market_research_2026-04-05_00-04-32_live_round,8575b9e65e754b92b458755320be2685,2026-04-05T05:10:36.705068+00:00,1775365836705068000,181547042570958,3450,,,ETF,3076,140,3076.0,0.0,55.4747425,
72782,market_research_2026-04-05_00-04-32_live_round,8575b9e65e754b92b458755320be2685,2026-04-05T05:10:38.074317+00:00,1775365838074317000,181548411822041,3450,,,ETF,3077,52,3077.5,-1.0,56.843993583,
72787,market_research_2026-04-05_00-04-32_live_round,8575b9e65e754b92b458755320be2685,2026-04-05T05:10:38.111811+00:00,1775365838111811000,181548449316458,3450,,,ETF,3077,74,3077.0,0.0,56.881488,
