event_index,session_id,run_id,wall_time_iso,wall_time_ns,monotonic_ns,exchange_tick,round,day,symbol,trade_px,trade_qty,mid_at_trade,spread_at_trade,time_since_last_symbol_news,latest_known_eps_for_symbol
86,market_research_2026-04-04_22-09-26_live_round,3bd4c34433f6425a9a51794da6b91ced,2026-04-05T03:09:27.268167+00:00,1775358567268167000,174277597734291,,,,ETF,2981,40,2981.0,0.0,,
152,market_research_2026-04-04_22-09-26_live_round,3bd4c34433f6425a9a51794da6b91ced,2026-04-05T03:09:27.496278+00:00,1775358567496278000,174277825845333,,,,ETF,2984,40,2988.5,-9.0,,
158,market_research_2026-04-04_22-09-26_live_round,3bd4c34433f6425a9a51794da6b91ced,2026-04-05T03:09:27.497013+00:00,1775358567497013000,174277826580625,,,,ETF,2984,60,2988.0,-8.0,,
164,market_research_2026-04-04_22-09-26_live_round,3bd4c34433f6425a9a51794da6b91ced,2026-04-05T03:09:27.498002+00:00,1775358567498002000,174277827569833,,,,ETF,2987,40,2989.0,-4.0,,
165,market_research_2026-04-04_22-09-26_live_round,3bd4c34433f6425a9a51794da6b91ced,2026-04-05T03:09:27.498084+00:00,1775358567498084000,174277827651291,,,,ETF,2988,40,2989.0,-4.0,,
175,market_research_2026-04-04_22-09-26_live_round,3bd4c34433f6425a9a51794da6b91ced,2026-04-05T03:09:27.499398+00:00,1775358567499398000,174277828965791,,,,ETF,2988,20,2989.0,-2.0,,
176,market_research_2026-04-04_22-09-26_live_round,3bd4c34433f6425a9a51794da6b91ced,2026-04-05T03:09:27.499471+00:00,1775358567499471000,174277829038541,,,,ETF,2989,80,2989.0,-2.0,,
227,market_research_2026-04-04_22-09-26_live_round,3bd4c34433f6425a9a51794da6b91ced,2026-04-05T03:09:27.672475+00:00,1775358567672475000,174278002043041,,,,ETF,2990,40,2990.0,0.0,,
296,market_research_2026-04-04_22-09-26_live_round,3bd4c34433f6425a9a51794da6b91ced,2026-04-05T03:09:27.883131+00:00,1775358567883131000,174278212699291,,,,ETF,2989,40,2982.0,-14.0,,
302,market_research_2026-04-04_22-09-26_live_round,3bd4c34433f6425a9a51794da6b91ced,2026-04-05T03:09:27.885503+00:00,1775358567885503000,174278215070750,,,,ETF,2989,20,2982.5,-13.0,,
303,market_research_2026-04-04_22-09-26_live_round,3bd4c34433f6425a9a51794da6b91ced,2026-04-05T03:09:27.885709+00:00,1775358567885709000,174278215276666,,,,ETF,2988,40,2982.5,-13.0,,
309,market_research_2026-04-04_22-09-26_live_round,3bd4c34433f6425a9a51794da6b91ced,2026-04-05T03:09:27.887705+00:00,1775358567887705000,174278217273208,,,,ETF,2988,40,2982.5,-11.0,,
310,market_research_2026-04-04_22-09-26_live_round,3bd4c34433f6425a9a51794da6b91ced,2026-04-05T03:09:27.887883+00:00,1775358567887883000,174278217451291,,,,ETF,2987,40,2982.5,-11.0,,
317,market_research_2026-04-04_22-09-26_live_round,3bd4c34433f6425a9a51794da6b91ced,2026-04-05T03:09:27.889636+00:00,1775358567889636000,174278219204791,,,,ETF,2987,60,2982.5,-9.0,,
563,market_research_2026-04-04_22-09-26_live_round,3bd4c34433f6425a9a51794da6b91ced,2026-04-05T03:09:28.683728+00:00,1775358568683728000,174279013298125,,,,ETF,2981,40,2981.0,0.0,,
807,market_research_2026-04-04_22-09-26_live_round,3bd4c34433f6425a9a51794da6b91ced,2026-04-05T03:09:29.403997+00:00,1775358569403997000,174279733566958,,,,ETF,2979,100,2979.0,0.0,,
1151,market_research_2026-04-04_22-09-26_live_round,3bd4c34433f6425a9a51794da6b91ced,2026-04-05T03:09:30.493862+00:00,1775358570493862000,174280823435791,,,,ETF,2985,40,2988.5,-7.0,,
1156,market_research_2026-04-04_22-09-26_live_round,3bd4c34433f6425a9a51794da6b91ced,2026-04-05T03:09:30.495819+00:00,1775358570495819000,174280825392708,,,,ETF,2986,60,2988.5,-5.0,,
1161,market_research_2026-04-04_22-09-26_live_round,3bd4c34433f6425a9a51794da6b91ced,2026-04-05T03:09:30.497478+00:00,1775358570497478000,174280827051833,,,,ETF,2987,80,2988.5,-3.0,,
1166,market_research_2026-04-04_22-09-26_live_round,3bd4c34433f6425a9a51794da6b91ced,2026-04-05T03:09:30.499070+00:00,1775358570499070000,174280828643666,,,,ETF,2988,100,2988.5,-1.0,,
1289,market_research_2026-04-04_22-09-26_live_round,3bd4c34433f6425a9a51794da6b91ced,2026-04-05T03:09:30.898970+00:00,1775358570898970000,174281228544166,,,,ETF,2989,40,2988.0,-2.0,,
1294,market_research_2026-04-04_22-09-26_live_round,3bd4c34433f6425a9a51794da6b91ced,2026-04-05T03:09:30.900758+00:00,1775358570900758000,174281230332333,,,,ETF,2988,60,2988.0,0.0,,
1339,market_research_2026-04-04_22-09-26_live_round,3bd4c34433f6425a9a51794da6b91ced,2026-04-05T03:09:31.011727+00:00,1775358571011727000,174281341301250,,,,ETF,2986,100,2981.5,-9.0,,
1340,market_research_2026-04-04_22-09-26_live_round,3bd4c34433f6425a9a51794da6b91ced,2026-04-05T03:09:31.011932+00:00,1775358571011932000,174281341506500,,,,ETF,2981,40,2981.5,-9.0,,
1341,market_research_2026-04-04_22-09-26_live_round,3bd4c34433f6425a9a51794da6b91ced,2026-04-05T03:09:31.012084+00:00,1775358571012084000,174281341658875,,,,ETF,2980,60,2981.5,-9.0,,
1486,market_research_2026-04-04_22-09-26_live_round,3bd4c34433f6425a9a51794da6b91ced,2026-04-05T03:09:31.501674+00:00,1775358571501674000,174281831249125,,,,ETF,2985,40,2985.0,0.0,,
1555,market_research_2026-04-04_22-09-26_live_round,3bd4c34433f6425a9a51794da6b91ced,2026-04-05T03:09:31.706509+00:00,1775358571706509000,174282036085166,,,,ETF,2988,40,2995.0,-14.0,,
1561,market_research_2026-04-04_22-09-26_live_round,3bd4c34433f6425a9a51794da6b91ced,2026-04-05T03:09:31.709013+00:00,1775358571709013000,174282038589041,,,,ETF,2988,60,2994.5,-13.0,,
1566,market_research_2026-04-04_22-09-26_live_round,3bd4c34433f6425a9a51794da6b91ced,2026-04-05T03:09:31.711071+00:00,1775358571711071000,174282040646500,,,,ETF,2991,40,2995.5,-9.0,,
1567,market_research_2026-04-04_22-09-26_live_round,3bd4c34433f6425a9a51794da6b91ced,2026-04-05T03:09:31.711205+00:00,1775358571711205000,174282040781083,,,,ETF,2992,40,2995.5,-9.0,,
1574,market_research_2026-04-04_22-09-26_live_round,3bd4c34433f6425a9a51794da6b91ced,2026-04-05T03:09:31.713647+00:00,1775358571713647000,174282043222833,,,,ETF,2992,20,2995.5,-7.0,,
1575,market_research_2026-04-04_22-09-26_live_round,3bd4c34433f6425a9a51794da6b91ced,2026-04-05T03:09:31.713742+00:00,1775358571713742000,174282043318333,,,,ETF,2993,80,2995.5,-7.0,,
1631,market_research_2026-04-04_22-09-26_live_round,3bd4c34433f6425a9a51794da6b91ced,2026-04-05T03:09:31.903073+00:00,1775358571903073000,174282232649291,,,,ETF,2994,40,3000.5,-13.0,,
1636,market_research_2026-04-04_22-09-26_live_round,3bd4c34433f6425a9a51794da6b91ced,2026-04-05T03:09:31.905008+00:00,1775358571905008000,174282234584000,,,,ETF,2994,60,3000.0,-12.0,,
1705,market_research_2026-04-04_22-09-26_live_round,3bd4c34433f6425a9a51794da6b91ced,2026-04-05T03:09:32.112258+00:00,1775358572112258000,174282441834500,,,,ETF,3005,40,3004.5,-1.0,,
1711,market_research_2026-04-04_22-09-26_live_round,3bd4c34433f6425a9a51794da6b91ced,2026-04-05T03:09:32.114336+00:00,1775358572114336000,174282443913125,,,,ETF,3005,40,3005.0,0.0,,
1956,market_research_2026-04-04_22-09-26_live_round,3bd4c34433f6425a9a51794da6b91ced,2026-04-05T03:09:32.910449+00:00,1775358572910449000,174283240027458,,,,ETF,3009,40,3009.5,-1.0,,
1962,market_research_2026-04-04_22-09-26_live_round,3bd4c34433f6425a9a51794da6b91ced,2026-04-05T03:09:32.912755+00:00,1775358572912755000,174283242333125,,,,ETF,3009,60,3009.0,0.0,,
2152,market_research_2026-04-04_22-09-26_live_round,3bd4c34433f6425a9a51794da6b91ced,2026-04-05T03:09:33.516924+00:00,1775358573516924000,174283846502916,,,,ETF,3015,40,3015.0,0.0,,
2345,market_research_2026-04-04_22-09-26_live_round,3bd4c34433f6425a9a51794da6b91ced,2026-04-05T03:09:34.120966+00:00,1775358574120966000,174284450547083,,,,ETF,3016,40,3014.5,-3.0,,
2351,market_research_2026-04-04_22-09-26_live_round,3bd4c34433f6425a9a51794da6b91ced,2026-04-05T03:09:34.122904+00:00,1775358574122904000,174284452484583,,,,ETF,3015,60,3014.5,-1.0,,
2604,market_research_2026-04-04_22-09-26_live_round,3bd4c34433f6425a9a51794da6b91ced,2026-04-05T03:09:34.918433+00:00,1775358574918433000,174285248015000,,,,ETF,3005,40,3000.0,-10.0,,
2609,market_research_2026-04-04_22-09-26_live_round,3bd4c34433f6425a9a51794da6b91ced,2026-04-05T03:09:34.920173+00:00,1775358574920173000,174285249755375,,,,ETF,3005,60,3000.5,-9.0,,
2620,market_research_2026-04-04_22-09-26_live_round,3bd4c34433f6425a9a51794da6b91ced,2026-04-05T03:09:34.924311+00:00,1775358574924311000,174285253893333,,,,ETF,3005,40,3001.0,-8.0,,
2621,market_research_2026-04-04_22-09-26_live_round,3bd4c34433f6425a9a51794da6b91ced,2026-04-05T03:09:34.924405+00:00,1775358574924405000,174285253987166,,,,ETF,3004,40,3001.0,-8.0,,
2628,market_research_2026-04-04_22-09-26_live_round,3bd4c34433f6425a9a51794da6b91ced,2026-04-05T03:09:34.926919+00:00,1775358574926919000,174285256501416,,,,ETF,3004,20,3001.0,-6.0,,
2629,market_research_2026-04-04_22-09-26_live_round,3bd4c34433f6425a9a51794da6b91ced,2026-04-05T03:09:34.926996+00:00,1775358574926996000,174285256578333,,,,ETF,3003,80,3001.0,-6.0,,
2681,market_research_2026-04-04_22-09-26_live_round,3bd4c34433f6425a9a51794da6b91ced,2026-04-05T03:09:35.117452+00:00,1775358575117452000,174285447034291,,,,ETF,3002,40,2998.0,-8.0,,
2686,market_research_2026-04-04_22-09-26_live_round,3bd4c34433f6425a9a51794da6b91ced,2026-04-05T03:09:35.119601+00:00,1775358575119601000,174285449183416,,,,ETF,3002,60,2998.5,-7.0,,
2806,market_research_2026-04-04_22-09-26_live_round,3bd4c34433f6425a9a51794da6b91ced,2026-04-05T03:09:35.527490+00:00,1775358575527490000,174285857073833,550,,,ETF,2993,40,2994.0,-2.0,,
2816,market_research_2026-04-04_22-09-26_live_round,3bd4c34433f6425a9a51794da6b91ced,2026-04-05T03:09:35.531644+00:00,1775358575531644000,174285861227500,550,,,ETF,2994,60,2994.0,0.0,,
2877,market_research_2026-04-04_22-09-26_live_round,3bd4c34433f6425a9a51794da6b91ced,2026-04-05T03:09:35.729682+00:00,1775358575729682000,174286059266125,550,,,ETF,2996,40,3000.5,-9.0,,
2886,market_research_2026-04-04_22-09-26_live_round,3bd4c34433f6425a9a51794da6b91ced,2026-04-05T03:09:35.733688+00:00,1775358575733688000,174286063271958,550,,,ETF,2996,60,3000.0,-8.0,,
2891,market_research_2026-04-04_22-09-26_live_round,3bd4c34433f6425a9a51794da6b91ced,2026-04-05T03:09:35.735622+00:00,1775358575735622000,174286065206208,550,,,ETF,3001,40,3002.0,-2.0,,
2892,market_research_2026-04-04_22-09-26_live_round,3bd4c34433f6425a9a51794da6b91ced,2026-04-05T03:09:35.735704+00:00,1775358575735704000,174286065288291,550,,,ETF,3002,40,3002.0,-2.0,,
2898,market_research_2026-04-04_22-09-26_live_round,3bd4c34433f6425a9a51794da6b91ced,2026-04-05T03:09:35.738212+00:00,1775358575738212000,174286067795958,550,,,ETF,3002,20,3002.0,0.0,,
3077,market_research_2026-04-04_22-09-26_live_round,3bd4c34433f6425a9a51794da6b91ced,2026-04-05T03:09:36.418393+00:00,1775358576418393000,174286747977625,550,,,ETF,3000,40,2997.5,-5.0,,
3082,market_research_2026-04-04_22-09-26_live_round,3bd4c34433f6425a9a51794da6b91ced,2026-04-05T03:09:36.420983+00:00,1775358576420983000,174286750567875,550,,,ETF,2999,60,2997.5,-3.0,,
3087,market_research_2026-04-04_22-09-26_live_round,3bd4c34433f6425a9a51794da6b91ced,2026-04-05T03:09:36.423599+00:00,1775358576423599000,174286753184583,550,,,ETF,2998,80,2997.5,-1.0,,
3148,market_research_2026-04-04_22-09-26_live_round,3bd4c34433f6425a9a51794da6b91ced,2026-04-05T03:09:36.588706+00:00,1775358576588706000,174286918291500,550,,,ETF,2997,40,2993.0,-8.0,,
3154,market_research_2026-04-04_22-09-26_live_round,3bd4c34433f6425a9a51794da6b91ced,2026-04-05T03:09:36.591195+00:00,1775358576591195000,174286920779958,550,,,ETF,2997,60,2993.5,-7.0,,
3211,market_research_2026-04-04_22-09-26_live_round,3bd4c34433f6425a9a51794da6b91ced,2026-04-05T03:09:36.769932+00:00,1775358576769932000,174287099517333,550,,,ETF,2991,40,2993.0,-4.0,,
3217,market_research_2026-04-04_22-09-26_live_round,3bd4c34433f6425a9a51794da6b91ced,2026-04-05T03:09:36.772518+00:00,1775358576772518000,174287102104000,550,,,ETF,2991,40,2992.5,-3.0,,
3218,market_research_2026-04-04_22-09-26_live_round,3bd4c34433f6425a9a51794da6b91ced,2026-04-05T03:09:36.772602+00:00,1775358576772602000,174287102188375,550,,,ETF,2992,20,2992.5,-3.0,,
3225,market_research_2026-04-04_22-09-26_live_round,3bd4c34433f6425a9a51794da6b91ced,2026-04-05T03:09:36.775588+00:00,1775358576775588000,174287105174083,550,,,ETF,2992,80,2992.5,-1.0,,
3344,market_research_2026-04-04_22-09-26_live_round,3bd4c34433f6425a9a51794da6b91ced,2026-04-05T03:09:37.144090+00:00,1775358577144090000,174287473676500,550,,,ETF,2998,40,3002.0,-8.0,,
3349,market_research_2026-04-04_22-09-26_live_round,3bd4c34433f6425a9a51794da6b91ced,2026-04-05T03:09:37.146302+00:00,1775358577146302000,174287475888583,550,,,ETF,2999,60,3002.0,-6.0,,
3355,market_research_2026-04-04_22-09-26_live_round,3bd4c34433f6425a9a51794da6b91ced,2026-04-05T03:09:37.148910+00:00,1775358577148910000,174287478496625,550,,,ETF,3000,80,3002.0,-4.0,,
3360,market_research_2026-04-04_22-09-26_live_round,3bd4c34433f6425a9a51794da6b91ced,2026-04-05T03:09:37.151030+00:00,1775358577151030000,174287480616250,550,,,ETF,3001,100,3002.0,-2.0,,
3672,market_research_2026-04-04_22-09-26_live_round,3bd4c34433f6425a9a51794da6b91ced,2026-04-05T03:09:38.141098+00:00,1775358578141098000,174288470685916,550,,,ETF,3002,40,3002.0,0.0,,
3737,market_research_2026-04-04_22-09-26_live_round,3bd4c34433f6425a9a51794da6b91ced,2026-04-05T03:09:38.341250+00:00,1775358578341250000,174288670838541,550,,,ETF,2999,40,2996.0,-6.0,,
3743,market_research_2026-04-04_22-09-26_live_round,3bd4c34433f6425a9a51794da6b91ced,2026-04-05T03:09:38.343972+00:00,1775358578343972000,174288673560791,550,,,ETF,2999,60,2996.5,-5.0,,
3749,market_research_2026-04-04_22-09-26_live_round,3bd4c34433f6425a9a51794da6b91ced,2026-04-05T03:09:38.346710+00:00,1775358578346710000,174288676298416,550,,,ETF,2996,40,2995.5,-1.0,,
3750,market_research_2026-04-04_22-09-26_live_round,3bd4c34433f6425a9a51794da6b91ced,2026-04-05T03:09:38.346791+00:00,1775358578346791000,174288676379958,550,,,ETF,2995,40,2995.5,-1.0,,
3810,market_research_2026-04-04_22-09-26_live_round,3bd4c34433f6425a9a51794da6b91ced,2026-04-05T03:09:38.547273+00:00,1775358578547273000,174288876862083,550,,,ETF,2993,40,2991.5,-3.0,,
3816,market_research_2026-04-04_22-09-26_live_round,3bd4c34433f6425a9a51794da6b91ced,2026-04-05T03:09:38.550077+00:00,1775358578550077000,174288879665916,550,,,ETF,2993,60,2992.0,-2.0,,
3992,market_research_2026-04-04_22-09-26_live_round,3bd4c34433f6425a9a51794da6b91ced,2026-04-05T03:09:39.145493+00:00,1775358579145493000,174289475083250,550,,,ETF,2989,40,2992.5,-7.0,,
4004,market_research_2026-04-04_22-09-26_live_round,3bd4c34433f6425a9a51794da6b91ced,2026-04-05T03:09:39.152118+00:00,1775358579152118000,174289481708291,550,,,ETF,2990,60,2992.5,-5.0,,
4019,market_research_2026-04-04_22-09-26_live_round,3bd4c34433f6425a9a51794da6b91ced,2026-04-05T03:09:39.159601+00:00,1775358579159601000,174289489191250,550,,,ETF,2991,80,2992.5,-3.0,,
4025,market_research_2026-04-04_22-09-26_live_round,3bd4c34433f6425a9a51794da6b91ced,2026-04-05T03:09:39.162341+00:00,1775358579162341000,174289491931791,550,,,ETF,2992,100,2992.5,-1.0,,
4400,market_research_2026-04-04_22-09-26_live_round,3bd4c34433f6425a9a51794da6b91ced,2026-04-05T03:09:40.357746+00:00,1775358580357746000,174290687339250,550,,,ETF,2994,40,2991.0,-6.0,,
4407,market_research_2026-04-04_22-09-26_live_round,3bd4c34433f6425a9a51794da6b91ced,2026-04-05T03:09:40.361998+00:00,1775358580361998000,174290691590541,550,,,ETF,2994,60,2991.5,-5.0,,
4414,market_research_2026-04-04_22-09-26_live_round,3bd4c34433f6425a9a51794da6b91ced,2026-04-05T03:09:40.365487+00:00,1775358580365487000,174290695080166,550,,,ETF,2994,40,2992.0,-4.0,,
4415,market_research_2026-04-04_22-09-26_live_round,3bd4c34433f6425a9a51794da6b91ced,2026-04-05T03:09:40.365569+00:00,1775358580365569000,174290695161708,550,,,ETF,2993,40,2992.0,-4.0,,
4422,market_research_2026-04-04_22-09-26_live_round,3bd4c34433f6425a9a51794da6b91ced,2026-04-05T03:09:40.369124+00:00,1775358580369124000,174290698716625,550,,,ETF,2993,20,2992.0,-2.0,,
4423,market_research_2026-04-04_22-09-26_live_round,3bd4c34433f6425a9a51794da6b91ced,2026-04-05T03:09:40.369225+00:00,1775358580369225000,174290698817583,550,,,ETF,2992,80,2992.0,-2.0,,
4482,market_research_2026-04-04_22-09-26_live_round,3bd4c34433f6425a9a51794da6b91ced,2026-04-05T03:09:40.634027+00:00,1775358580634027000,174290963620500,550,,,ETF,2991,40,2988.5,-5.0,,
4487,market_research_2026-04-04_22-09-26_live_round,3bd4c34433f6425a9a51794da6b91ced,2026-04-05T03:09:40.636298+00:00,1775358580636298000,174290965891666,550,,,ETF,2991,60,2989.0,-4.0,,
4590,market_research_2026-04-04_22-09-26_live_round,3bd4c34433f6425a9a51794da6b91ced,2026-04-05T03:09:40.952218+00:00,1775358580952218000,174291281811791,550,,,ETF,2989,40,2992.5,-7.0,,
4602,market_research_2026-04-04_22-09-26_live_round,3bd4c34433f6425a9a51794da6b91ced,2026-04-05T03:09:40.958829+00:00,1775358580958829000,174291288422958,550,,,ETF,2989,60,2992.0,-6.0,,
4608,market_research_2026-04-04_22-09-26_live_round,3bd4c34433f6425a9a51794da6b91ced,2026-04-05T03:09:40.961881+00:00,1775358580961881000,174291291475041,550,,,ETF,2992,40,2993.0,-2.0,,
4609,market_research_2026-04-04_22-09-26_live_round,3bd4c34433f6425a9a51794da6b91ced,2026-04-05T03:09:40.961965+00:00,1775358580961965000,174291291559250,550,,,ETF,2993,40,2993.0,-2.0,,
4633,market_research_2026-04-04_22-09-26_live_round,3bd4c34433f6425a9a51794da6b91ced,2026-04-05T03:09:40.978594+00:00,1775358580978594000,174291308187500,550,,,ETF,2993,20,2993.0,0.0,,
4659,market_research_2026-04-04_22-09-26_live_round,3bd4c34433f6425a9a51794da6b91ced,2026-04-05T03:09:41.151992+00:00,1775358581151992000,174291481586291,550,,,ETF,2995,40,2995.0,0.0,,
4800,market_research_2026-04-04_22-09-26_live_round,3bd4c34433f6425a9a51794da6b91ced,2026-04-05T03:09:41.568178+00:00,1775358581568178000,174291897773458,550,,,ETF,2997,40,2996.5,-1.0,,
4866,market_research_2026-04-04_22-09-26_live_round,3bd4c34433f6425a9a51794da6b91ced,2026-04-05T03:09:41.754456+00:00,1775358581754456000,174292084051500,550,,,ETF,2994,40,2993.0,-2.0,,
4874,market_research_2026-04-04_22-09-26_live_round,3bd4c34433f6425a9a51794da6b91ced,2026-04-05T03:09:41.758521+00:00,1775358581758521000,174292088116416,550,,,ETF,2994,60,2993.5,-1.0,,
5114,market_research_2026-04-04_22-09-26_live_round,3bd4c34433f6425a9a51794da6b91ced,2026-04-05T03:09:42.566164+00:00,1775358582566164000,174292895761500,550,,,ETF,2989,40,2988.0,-2.0,,
5122,market_research_2026-04-04_22-09-26_live_round,3bd4c34433f6425a9a51794da6b91ced,2026-04-05T03:09:42.570938+00:00,1775358582570938000,174292900534750,550,,,ETF,2988,60,2988.0,0.0,,
5184,market_research_2026-04-04_22-09-26_live_round,3bd4c34433f6425a9a51794da6b91ced,2026-04-05T03:09:42.769099+00:00,1775358582769099000,174293098696291,550,,,ETF,2986,40,2982.5,-7.0,,
5207,market_research_2026-04-04_22-09-26_live_round,3bd4c34433f6425a9a51794da6b91ced,2026-04-05T03:09:42.789459+00:00,1775358582789459000,174293119056291,550,,,ETF,2986,60,2983.0,-6.0,,
5212,market_research_2026-04-04_22-09-26_live_round,3bd4c34433f6425a9a51794da6b91ced,2026-04-05T03:09:42.793351+00:00,1775358582793351000,174293122948083,550,,,ETF,2981,40,2981.0,0.0,,
5444,market_research_2026-04-04_22-09-26_live_round,3bd4c34433f6425a9a51794da6b91ced,2026-04-05T03:09:43.573203+00:00,1775358583573203000,174293902802500,550,,,ETF,2986,40,2990.0,-8.0,,
5466,market_research_2026-04-04_22-09-26_live_round,3bd4c34433f6425a9a51794da6b91ced,2026-04-05T03:09:43.586192+00:00,1775358583586192000,174293915791208,550,,,ETF,2987,60,2990.0,-6.0,,
5473,market_research_2026-04-04_22-09-26_live_round,3bd4c34433f6425a9a51794da6b91ced,2026-04-05T03:09:43.592304+00:00,1775358583592304000,174293921902916,550,,,ETF,2988,80,2990.0,-4.0,,
5482,market_research_2026-04-04_22-09-26_live_round,3bd4c34433f6425a9a51794da6b91ced,2026-04-05T03:09:43.600475+00:00,1775358583600475000,174293930073916,550,,,ETF,2988,20,2989.5,-3.0,,
5483,market_research_2026-04-04_22-09-26_live_round,3bd4c34433f6425a9a51794da6b91ced,2026-04-05T03:09:43.600560+00:00,1775358583600560000,174293930159041,550,,,ETF,2988,80,2989.5,-3.0,,
5702,market_research_2026-04-04_22-09-26_live_round,3bd4c34433f6425a9a51794da6b91ced,2026-04-05T03:09:44.370161+00:00,1775358584370161000,174294699761625,550,,,ETF,2997,40,2997.5,-1.0,,
5708,market_research_2026-04-04_22-09-26_live_round,3bd4c34433f6425a9a51794da6b91ced,2026-04-05T03:09:44.374776+00:00,1775358584374776000,174294704376208,550,,,ETF,2997,60,2997.0,0.0,,
5780,market_research_2026-04-04_22-09-26_live_round,3bd4c34433f6425a9a51794da6b91ced,2026-04-05T03:09:44.562862+00:00,1775358584562862000,174294892463208,550,,,ETF,3002,40,3004.0,-4.0,,
5790,market_research_2026-04-04_22-09-26_live_round,3bd4c34433f6425a9a51794da6b91ced,2026-04-05T03:09:44.569519+00:00,1775358584569519000,174294899119666,550,,,ETF,3002,60,3003.5,-3.0,,
5800,market_research_2026-04-04_22-09-26_live_round,3bd4c34433f6425a9a51794da6b91ced,2026-04-05T03:09:44.579440+00:00,1775358584579440000,174294909041458,550,,,ETF,3004,40,3004.0,0.0,,
5925,market_research_2026-04-04_22-09-26_live_round,3bd4c34433f6425a9a51794da6b91ced,2026-04-05T03:09:44.984674+00:00,1775358584984674000,174295314276208,550,,,ETF,3006,40,3007.5,-3.0,,
5938,market_research_2026-04-04_22-09-26_live_round,3bd4c34433f6425a9a51794da6b91ced,2026-04-05T03:09:44.992859+00:00,1775358584992859000,174295322460875,550,,,ETF,3007,60,3007.5,-1.0,,
6114,market_research_2026-04-04_22-09-26_live_round,3bd4c34433f6425a9a51794da6b91ced,2026-04-05T03:09:45.575220+00:00,1775358585575220000,174295904822625,600,,,ETF,3008,40,2997.5,-21.0,0.081897292,
6140,market_research_2026-04-04_22-09-26_live_round,3bd4c34433f6425a9a51794da6b91ced,2026-04-05T03:09:45.591185+00:00,1775358585591185000,174295920788458,600,,,ETF,3007,60,2997.5,-19.0,0.097863125,
6151,market_research_2026-04-04_22-09-26_live_round,3bd4c34433f6425a9a51794da6b91ced,2026-04-05T03:09:45.599013+00:00,1775358585599013000,174295928616416,600,,,ETF,3006,80,2997.5,-17.0,0.105691083,
6159,market_research_2026-04-04_22-09-26_live_round,3bd4c34433f6425a9a51794da6b91ced,2026-04-05T03:09:45.604869+00:00,1775358585604869000,174295934471666,600,,,ETF,3005,100,2997.5,-15.0,0.111546333,
6378,market_research_2026-04-04_22-09-26_live_round,3bd4c34433f6425a9a51794da6b91ced,2026-04-05T03:09:46.392262+00:00,1775358586392262000,174296721866541,600,,,ETF,2994,40,2994.0,0.0,0.898941208,
6446,market_research_2026-04-04_22-09-26_live_round,3bd4c34433f6425a9a51794da6b91ced,2026-04-05T03:09:46.585976+00:00,1775358586585976000,174296915580541,600,,,ETF,2997,40,2998.0,-2.0,1.092655208,
6466,market_research_2026-04-04_22-09-26_live_round,3bd4c34433f6425a9a51794da6b91ced,2026-04-05T03:09:46.603957+00:00,1775358586603957000,174296933561791,600,,,ETF,2997,60,2997.5,-1.0,1.110636458,
6579,market_research_2026-04-04_22-09-26_live_round,3bd4c34433f6425a9a51794da6b91ced,2026-04-05T03:09:46.993098+00:00,1775358586993098000,174297322703416,600,,,ETF,3004,40,3004.0,0.0,1.499778083,
6640,market_research_2026-04-04_22-09-26_live_round,3bd4c34433f6425a9a51794da6b91ced,2026-04-05T03:09:47.180019+00:00,1775358587180019000,174297509625291,600,,,ETF,3007,40,3009.0,-4.0,1.686699958,
6669,market_research_2026-04-04_22-09-26_live_round,3bd4c34433f6425a9a51794da6b91ced,2026-04-05T03:09:47.210185+00:00,1775358587210185000,174297539790750,600,,,ETF,3007,60,3008.5,-3.0,1.716865417,
6967,market_research_2026-04-04_22-09-26_live_round,3bd4c34433f6425a9a51794da6b91ced,2026-04-05T03:09:48.190815+00:00,1775358588190815000,174298520423416,600,,,ETF,3020,40,3020.0,0.0,2.697498083,
7053,market_research_2026-04-04_22-09-26_live_round,3bd4c34433f6425a9a51794da6b91ced,2026-04-05T03:09:48.504579+00:00,1775358588504579000,174298834187375,600,,,ETF,3025,40,3027.0,-4.0,3.011262042,
7059,market_research_2026-04-04_22-09-26_live_round,3bd4c34433f6425a9a51794da6b91ced,2026-04-05T03:09:48.508551+00:00,1775358588508551000,174298838159791,600,,,ETF,3025,60,3026.5,-3.0,3.015234458,
7064,market_research_2026-04-04_22-09-26_live_round,3bd4c34433f6425a9a51794da6b91ced,2026-04-05T03:09:48.511939+00:00,1775358588511939000,174298841548041,600,,,ETF,3026,40,3026.5,-1.0,3.018622708,
7065,market_research_2026-04-04_22-09-26_live_round,3bd4c34433f6425a9a51794da6b91ced,2026-04-05T03:09:48.512030+00:00,1775358588512030000,174298841638375,600,,,ETF,3027,40,3026.5,-1.0,3.018713042,
7235,market_research_2026-04-04_22-09-26_live_round,3bd4c34433f6425a9a51794da6b91ced,2026-04-05T03:09:49.009442+00:00,1775358589009442000,174299339051500,600,,,ETF,3032,40,3032.5,-1.0,3.516126167,
7244,market_research_2026-04-04_22-09-26_live_round,3bd4c34433f6425a9a51794da6b91ced,2026-04-05T03:09:49.016392+00:00,1775358589016392000,174299346002125,600,,,ETF,3032,60,3032.0,0.0,3.523076792,
7625,market_research_2026-04-04_22-09-26_live_round,3bd4c34433f6425a9a51794da6b91ced,2026-04-05T03:09:50.210314+00:00,1775358590210314000,174300539926250,600,,,ETF,3044,40,3044.0,0.0,4.717000917,
7698,market_research_2026-04-04_22-09-26_live_round,3bd4c34433f6425a9a51794da6b91ced,2026-04-05T03:09:50.429111+00:00,1775358590429111000,174300758723458,600,,,ETF,3047,40,3049.0,-4.0,4.935798125,
7717,market_research_2026-04-04_22-09-26_live_round,3bd4c34433f6425a9a51794da6b91ced,2026-04-05T03:09:50.447266+00:00,1775358590447266000,174300776878000,600,,,ETF,3047,60,3048.5,-3.0,4.953952667,
7759,market_research_2026-04-04_22-09-26_live_round,3bd4c34433f6425a9a51794da6b91ced,2026-04-05T03:09:50.607981+00:00,1775358590607981000,174300937593458,625,,,ETF,3053,40,3053.0,0.0,5.114668125,
7896,market_research_2026-04-04_22-09-26_live_round,3bd4c34433f6425a9a51794da6b91ced,2026-04-05T03:09:51.137451+00:00,1775358591137451000,174301467064625,625,,,ETF,3058,40,3058.0,0.0,5.644139292,
8089,market_research_2026-04-04_22-09-26_live_round,3bd4c34433f6425a9a51794da6b91ced,2026-04-05T03:09:51.634376+00:00,1775358591634376000,174301963991250,625,,,ETF,3057,40,3057.5,-1.0,6.141065917,
8165,market_research_2026-04-04_22-09-26_live_round,3bd4c34433f6425a9a51794da6b91ced,2026-04-05T03:09:51.830341+00:00,1775358591830341000,174302159955833,625,,,ETF,3060,40,3064.5,-9.0,6.3370305,
8181,market_research_2026-04-04_22-09-26_live_round,3bd4c34433f6425a9a51794da6b91ced,2026-04-05T03:09:51.843885+00:00,1775358591843885000,174302173499916,625,,,ETF,3060,60,3064.0,-8.0,6.350574583,
8186,market_research_2026-04-04_22-09-26_live_round,3bd4c34433f6425a9a51794da6b91ced,2026-04-05T03:09:51.847575+00:00,1775358591847575000,174302177190625,625,,,ETF,3064,40,3065.5,-3.0,6.354265292,
8187,market_research_2026-04-04_22-09-26_live_round,3bd4c34433f6425a9a51794da6b91ced,2026-04-05T03:09:51.847660+00:00,1775358591847660000,174302177274916,625,,,ETF,3065,40,3065.5,-3.0,6.354349583,
8196,market_research_2026-04-04_22-09-26_live_round,3bd4c34433f6425a9a51794da6b91ced,2026-04-05T03:09:51.854840+00:00,1775358591854840000,174302184454750,625,,,ETF,3065,20,3065.5,-1.0,6.361529417,
8197,market_research_2026-04-04_22-09-26_live_round,3bd4c34433f6425a9a51794da6b91ced,2026-04-05T03:09:51.854924+00:00,1775358591854924000,174302184539250,625,,,ETF,3066,80,3065.5,-1.0,6.361613917,
8230,market_research_2026-04-04_22-09-26_live_round,3bd4c34433f6425a9a51794da6b91ced,2026-04-05T03:09:52.026136+00:00,1775358592026136000,174302355751416,625,,,ETF,3067,40,3073.0,-12.0,6.532826083,
8245,market_research_2026-04-04_22-09-26_live_round,3bd4c34433f6425a9a51794da6b91ced,2026-04-05T03:09:52.045031+00:00,1775358592045031000,174302374646916,625,,,ETF,3067,60,3072.5,-11.0,6.551721583,
8252,market_research_2026-04-04_22-09-26_live_round,3bd4c34433f6425a9a51794da6b91ced,2026-04-05T03:09:52.050590+00:00,1775358592050590000,174302380206000,625,,,ETF,3075,40,3076.0,-2.0,6.557280667,
8253,market_research_2026-04-04_22-09-26_live_round,3bd4c34433f6425a9a51794da6b91ced,2026-04-05T03:09:52.050667+00:00,1775358592050667000,174302380282458,625,,,ETF,3076,40,3076.0,-2.0,6.557357125,
8270,market_research_2026-04-04_22-09-26_live_round,3bd4c34433f6425a9a51794da6b91ced,2026-04-05T03:09:52.065455+00:00,1775358592065455000,174302395070458,625,,,ETF,3076,20,3076.0,0.0,6.572145125,
8321,market_research_2026-04-04_22-09-26_live_round,3bd4c34433f6425a9a51794da6b91ced,2026-04-05T03:09:52.240220+00:00,1775358592240220000,174302569835791,625,,,ETF,3078,40,3080.0,-4.0,6.746910458,
8331,market_research_2026-04-04_22-09-26_live_round,3bd4c34433f6425a9a51794da6b91ced,2026-04-05T03:09:52.251517+00:00,1775358592251517000,174302581133000,625,,,ETF,3078,60,3079.5,-3.0,6.758207667,
8428,market_research_2026-04-04_22-09-26_live_round,3bd4c34433f6425a9a51794da6b91ced,2026-04-05T03:09:52.690979+00:00,1775358592690979000,174303020595750,625,,,ETF,3084,40,3084.0,0.0,7.197670417,
8748,market_research_2026-04-04_22-09-26_live_round,3bd4c34433f6425a9a51794da6b91ced,2026-04-05T03:09:53.649543+00:00,1775358593649543000,174303979161458,625,,,ETF,3085,40,3090.0,-10.0,8.156236125,
8770,market_research_2026-04-04_22-09-26_live_round,3bd4c34433f6425a9a51794da6b91ced,2026-04-05T03:09:53.673042+00:00,1775358593673042000,174304002661000,625,,,ETF,3086,60,3090.0,-8.0,8.179735667,
8780,market_research_2026-04-04_22-09-26_live_round,3bd4c34433f6425a9a51794da6b91ced,2026-04-05T03:09:53.681398+00:00,1775358593681398000,174304011016416,625,,,ETF,3087,80,3090.0,-6.0,8.188091083,
8791,market_research_2026-04-04_22-09-26_live_round,3bd4c34433f6425a9a51794da6b91ced,2026-04-05T03:09:53.690477+00:00,1775358593690477000,174304020095458,625,,,ETF,3088,100,3090.0,-4.0,8.197170125,
8845,market_research_2026-04-04_22-09-26_live_round,3bd4c34433f6425a9a51794da6b91ced,2026-04-05T03:09:53.859962+00:00,1775358593859962000,174304189581208,625,,,ETF,3101,40,3102.0,-2.0,8.366655875,
8852,market_research_2026-04-04_22-09-26_live_round,3bd4c34433f6425a9a51794da6b91ced,2026-04-05T03:09:53.866389+00:00,1775358593866389000,174304196008291,625,,,ETF,3102,60,3102.0,0.0,8.373082958,
8896,market_research_2026-04-04_22-09-26_live_round,3bd4c34433f6425a9a51794da6b91ced,2026-04-05T03:09:54.046602+00:00,1775358594046602000,174304376221583,625,,,ETF,3104,40,3111.0,-14.0,8.55329625,
8916,market_research_2026-04-04_22-09-26_live_round,3bd4c34433f6425a9a51794da6b91ced,2026-04-05T03:09:54.071550+00:00,1775358594071550000,174304401170041,625,,,ETF,3104,60,3110.5,-13.0,8.578244708,
8922,market_research_2026-04-04_22-09-26_live_round,3bd4c34433f6425a9a51794da6b91ced,2026-04-05T03:09:54.077522+00:00,1775358594077522000,174304407141333,625,,,ETF,3109,40,3112.5,-7.0,8.584216,
8923,market_research_2026-04-04_22-09-26_live_round,3bd4c34433f6425a9a51794da6b91ced,2026-04-05T03:09:54.077661+00:00,1775358594077661000,174304407281083,625,,,ETF,3110,40,3112.5,-7.0,8.58435575,
8932,market_research_2026-04-04_22-09-26_live_round,3bd4c34433f6425a9a51794da6b91ced,2026-04-05T03:09:54.085488+00:00,1775358594085488000,174304415107666,625,,,ETF,3110,20,3112.5,-5.0,8.592182333,
8933,market_research_2026-04-04_22-09-26_live_round,3bd4c34433f6425a9a51794da6b91ced,2026-04-05T03:09:54.085571+00:00,1775358594085571000,174304415191166,625,,,ETF,3111,80,3112.5,-5.0,8.592265833,
8964,market_research_2026-04-04_22-09-26_live_round,3bd4c34433f6425a9a51794da6b91ced,2026-04-05T03:09:54.269567+00:00,1775358594269567000,174304599187125,625,,,ETF,3112,40,3112.5,-1.0,8.776261792,
8983,market_research_2026-04-04_22-09-26_live_round,3bd4c34433f6425a9a51794da6b91ced,2026-04-05T03:09:54.286553+00:00,1775358594286553000,174304616172708,625,,,ETF,3112,60,3112.0,0.0,8.793247375,
9165,market_research_2026-04-04_22-09-26_live_round,3bd4c34433f6425a9a51794da6b91ced,2026-04-05T03:09:54.846735+00:00,1775358594846735000,174305176356583,625,,,ETF,3117,40,3119.5,-5.0,9.35343125,
9192,market_research_2026-04-04_22-09-26_live_round,3bd4c34433f6425a9a51794da6b91ced,2026-04-05T03:09:54.872331+00:00,1775358594872331000,174305201952333,625,,,ETF,3118,60,3119.5,-3.0,9.379027,
9197,market_research_2026-04-04_22-09-26_live_round,3bd4c34433f6425a9a51794da6b91ced,2026-04-05T03:09:54.876349+00:00,1775358594876349000,174305205969958,625,,,ETF,3119,80,3119.5,-1.0,9.383044625,
9238,market_research_2026-04-04_22-09-26_live_round,3bd4c34433f6425a9a51794da6b91ced,2026-04-05T03:09:55.031230+00:00,1775358595031230000,174305360851458,625,,,ETF,3119,40,3118.0,-2.0,9.537926125,
9249,market_research_2026-04-04_22-09-26_live_round,3bd4c34433f6425a9a51794da6b91ced,2026-04-05T03:09:55.041280+00:00,1775358595041280000,174305370901791,625,,,ETF,3119,60,3118.5,-1.0,9.547976458,
9555,market_research_2026-04-04_22-09-26_live_round,3bd4c34433f6425a9a51794da6b91ced,2026-04-05T03:09:56.134942+00:00,1775358596134942000,174306464565291,625,,,ETF,3126,40,3130.5,-9.0,10.641639958,
9574,market_research_2026-04-04_22-09-26_live_round,3bd4c34433f6425a9a51794da6b91ced,2026-04-05T03:09:56.168533+00:00,1775358596168533000,174306498156125,625,,,ETF,3127,60,3130.5,-7.0,10.675230792,
9592,market_research_2026-04-04_22-09-26_live_round,3bd4c34433f6425a9a51794da6b91ced,2026-04-05T03:09:56.192970+00:00,1775358596192970000,174306522593708,625,,,ETF,3127,40,3130.0,-6.0,10.699668375,
9593,market_research_2026-04-04_22-09-26_live_round,3bd4c34433f6425a9a51794da6b91ced,2026-04-05T03:09:56.193063+00:00,1775358596193063000,174306522686958,625,,,ETF,3127,40,3130.0,-6.0,10.699761625,
9598,market_research_2026-04-04_22-09-26_live_round,3bd4c34433f6425a9a51794da6b91ced,2026-04-05T03:09:56.199027+00:00,1775358596199027000,174306528650916,625,,,ETF,3127,20,3129.5,-5.0,10.705725583,
9599,market_research_2026-04-04_22-09-26_live_round,3bd4c34433f6425a9a51794da6b91ced,2026-04-05T03:09:56.199140+00:00,1775358596199140000,174306528763791,625,,,ETF,3128,80,3129.5,-5.0,10.705838458,
9769,market_research_2026-04-04_22-09-26_live_round,3bd4c34433f6425a9a51794da6b91ced,2026-04-05T03:09:56.657450+00:00,1775358596657450000,174306987074875,625,,,ETF,3128,40,3128.0,0.0,11.164149542,
9899,market_research_2026-04-04_22-09-26_live_round,3bd4c34433f6425a9a51794da6b91ced,2026-04-05T03:09:57.065269+00:00,1775358597065269000,174307394894458,625,,,ETF,3131,40,3133.5,-5.0,11.571969125,
9904,market_research_2026-04-04_22-09-26_live_round,3bd4c34433f6425a9a51794da6b91ced,2026-04-05T03:09:57.072756+00:00,1775358597072756000,174307402381375,625,,,ETF,3131,60,3133.0,-4.0,11.579456042,
9911,market_research_2026-04-04_22-09-26_live_round,3bd4c34433f6425a9a51794da6b91ced,2026-04-05T03:09:57.080653+00:00,1775358597080653000,174307410278291,625,,,ETF,3134,40,3134.0,0.0,11.587352958,
10223,market_research_2026-04-04_22-09-26_live_round,3bd4c34433f6425a9a51794da6b91ced,2026-04-05T03:09:58.067925+00:00,1775358598067925000,174308397552500,625,,,ETF,3140,40,3142.5,-5.0,12.574627167,
10228,market_research_2026-04-04_22-09-26_live_round,3bd4c34433f6425a9a51794da6b91ced,2026-04-05T03:09:58.076157+00:00,1775358598076157000,174308405783958,625,,,ETF,3141,60,3142.5,-3.0,12.582858625,
10234,market_research_2026-04-04_22-09-26_live_round,3bd4c34433f6425a9a51794da6b91ced,2026-04-05T03:09:58.083765+00:00,1775358598083765000,174308413392291,625,,,ETF,3142,80,3142.5,-1.0,12.590466958,
10293,market_research_2026-04-04_22-09-26_live_round,3bd4c34433f6425a9a51794da6b91ced,2026-04-05T03:09:58.270382+00:00,1775358598270382000,174308600009666,625,,,ETF,3143,40,3144.0,-2.0,12.777084333,
10298,market_research_2026-04-04_22-09-26_live_round,3bd4c34433f6425a9a51794da6b91ced,2026-04-05T03:09:58.278536+00:00,1775358598278536000,174308608163291,625,,,ETF,3143,60,3143.5,-1.0,12.785237958,
10486,market_research_2026-04-04_22-09-26_live_round,3bd4c34433f6425a9a51794da6b91ced,2026-04-05T03:09:58.874810+00:00,1775358598874810000,174309204439083,625,,,ETF,3140,40,3139.5,-1.0,13.38151375,
10492,market_research_2026-04-04_22-09-26_live_round,3bd4c34433f6425a9a51794da6b91ced,2026-04-05T03:09:58.882925+00:00,1775358598882925000,174309212553875,625,,,ETF,3140,60,3140.0,0.0,13.389628542,
10554,market_research_2026-04-04_22-09-26_live_round,3bd4c34433f6425a9a51794da6b91ced,2026-04-05T03:09:59.073098+00:00,1775358599073098000,174309402727083,625,,,ETF,3141,40,3141.5,-1.0,13.57980175,
10559,market_research_2026-04-04_22-09-26_live_round,3bd4c34433f6425a9a51794da6b91ced,2026-04-05T03:09:59.080742+00:00,1775358599080742000,174309410371500,625,,,ETF,3141,40,3141.0,0.0,13.587446167,
10622,market_research_2026-04-04_22-09-26_live_round,3bd4c34433f6425a9a51794da6b91ced,2026-04-05T03:09:59.261351+00:00,1775358599261351000,174309590980750,625,,,ETF,3141,20,3141.0,0.0,13.768055417,
10686,market_research_2026-04-04_22-09-26_live_round,3bd4c34433f6425a9a51794da6b91ced,2026-04-05T03:09:59.524730+00:00,1775358599524730000,174309854360500,625,,,ETF,3141,20,3144.5,-7.0,14.031435167,
10687,market_research_2026-04-04_22-09-26_live_round,3bd4c34433f6425a9a51794da6b91ced,2026-04-05T03:09:59.524837+00:00,1775358599524837000,174309854467208,625,,,ETF,3142,20,3144.5,-7.0,14.031541875,
10694,market_research_2026-04-04_22-09-26_live_round,3bd4c34433f6425a9a51794da6b91ced,2026-04-05T03:09:59.531819+00:00,1775358599531819000,174309861449375,625,,,ETF,3142,40,3144.5,-5.0,14.038524042,
10695,market_research_2026-04-04_22-09-26_live_round,3bd4c34433f6425a9a51794da6b91ced,2026-04-05T03:09:59.531934+00:00,1775358599531934000,174309861564625,625,,,ETF,3143,20,3144.5,-5.0,14.038639292,
10704,market_research_2026-04-04_22-09-26_live_round,3bd4c34433f6425a9a51794da6b91ced,2026-04-05T03:09:59.541073+00:00,1775358599541073000,174309870703708,625,,,ETF,3143,60,3144.5,-3.0,14.047778375,
10705,market_research_2026-04-04_22-09-26_live_round,3bd4c34433f6425a9a51794da6b91ced,2026-04-05T03:09:59.541187+00:00,1775358599541187000,174309870816875,625,,,ETF,3144,20,3144.5,-3.0,14.047891542,
10712,market_research_2026-04-04_22-09-26_live_round,3bd4c34433f6425a9a51794da6b91ced,2026-04-05T03:09:59.548288+00:00,1775358599548288000,174309877918375,625,,,ETF,3144,80,3144.5,-1.0,14.054993042,
10827,market_research_2026-04-04_22-09-26_live_round,3bd4c34433f6425a9a51794da6b91ced,2026-04-05T03:09:59.884299+00:00,1775358599884299000,174310213930083,625,,,ETF,3151,40,3151.5,-1.0,14.39100475,
11023,market_research_2026-04-04_22-09-26_live_round,3bd4c34433f6425a9a51794da6b91ced,2026-04-05T03:10:00.616842+00:00,1775358600616842000,174310946474833,625,,,ETF,3151,40,3144.0,-14.0,15.1235495,
11029,market_research_2026-04-04_22-09-26_live_round,3bd4c34433f6425a9a51794da6b91ced,2026-04-05T03:10:00.623009+00:00,1775358600623009000,174310952641458,625,,,ETF,3150,60,3144.0,-12.0,15.129716125,
11035,market_research_2026-04-04_22-09-26_live_round,3bd4c34433f6425a9a51794da6b91ced,2026-04-05T03:10:00.629029+00:00,1775358600629029000,174310958661541,625,,,ETF,3149,80,3144.0,-10.0,15.135736208,
11041,market_research_2026-04-04_22-09-26_live_round,3bd4c34433f6425a9a51794da6b91ced,2026-04-05T03:10:00.634753+00:00,1775358600634753000,174310964385750,625,,,ETF,3148,100,3144.0,-8.0,15.141460417,
11151,market_research_2026-04-04_22-09-26_live_round,3bd4c34433f6425a9a51794da6b91ced,2026-04-05T03:10:00.879887+00:00,1775358600879887000,174311209519666,625,,,ETF,3137,40,3138.0,-2.0,15.386594333,
11156,market_research_2026-04-04_22-09-26_live_round,3bd4c34433f6425a9a51794da6b91ced,2026-04-05T03:10:00.887373+00:00,1775358600887373000,174311217005416,625,,,ETF,3138,60,3138.0,0.0,15.394080083,
11220,market_research_2026-04-04_22-09-26_live_round,3bd4c34433f6425a9a51794da6b91ced,2026-04-05T03:10:01.076408+00:00,1775358601076408000,174311406041250,625,,,ETF,3137,40,3135.5,-3.0,15.583115917,
11226,market_research_2026-04-04_22-09-26_live_round,3bd4c34433f6425a9a51794da6b91ced,2026-04-05T03:10:01.082332+00:00,1775358601082332000,174311411965041,625,,,ETF,3137,40,3136.0,-2.0,15.589039708,
11227,market_research_2026-04-04_22-09-26_live_round,3bd4c34433f6425a9a51794da6b91ced,2026-04-05T03:10:01.082419+00:00,1775358601082419000,174311412051958,625,,,ETF,3136,20,3136.0,-2.0,15.589126625,
11233,market_research_2026-04-04_22-09-26_live_round,3bd4c34433f6425a9a51794da6b91ced,2026-04-05T03:10:01.088377+00:00,1775358601088377000,174311418009750,625,,,ETF,3136,80,3136.0,0.0,15.595084417,
11353,market_research_2026-04-04_22-09-26_live_round,3bd4c34433f6425a9a51794da6b91ced,2026-04-05T03:10:01.530089+00:00,1775358601530089000,174311859723333,625,,,ETF,3127,40,3126.5,-1.0,16.036798,
11418,market_research_2026-04-04_22-09-26_live_round,3bd4c34433f6425a9a51794da6b91ced,2026-04-05T03:10:01.690359+00:00,1775358601690359000,174312019993583,625,,,ETF,3127,40,3128.0,-2.0,16.19706825,
11423,market_research_2026-04-04_22-09-26_live_round,3bd4c34433f6425a9a51794da6b91ced,2026-04-05T03:10:01.696929+00:00,1775358601696929000,174312026563291,625,,,ETF,3127,20,3127.5,-1.0,16.203637958,
11424,market_research_2026-04-04_22-09-26_live_round,3bd4c34433f6425a9a51794da6b91ced,2026-04-05T03:10:01.697478+00:00,1775358601697478000,174312027112541,625,,,ETF,3128,40,3127.5,-1.0,16.204187208,
12008,market_research_2026-04-04_22-09-26_live_round,3bd4c34433f6425a9a51794da6b91ced,2026-04-05T03:10:03.502975+00:00,1775358603502975000,174313832612708,625,,,ETF,3129,40,3129.5,-1.0,18.009687375,
12127,market_research_2026-04-04_22-09-26_live_round,3bd4c34433f6425a9a51794da6b91ced,2026-04-05T03:10:03.801354+00:00,1775358603801354000,174314130992458,625,,,ETF,3130,40,3132.0,-4.0,18.308067125,
12128,market_research_2026-04-04_22-09-26_live_round,3bd4c34433f6425a9a51794da6b91ced,2026-04-05T03:10:03.801474+00:00,1775358603801474000,174314131112333,625,,,ETF,3131,60,3132.0,-4.0,18.308187,
12129,market_research_2026-04-04_22-09-26_live_round,3bd4c34433f6425a9a51794da6b91ced,2026-04-05T03:10:03.801592+00:00,1775358603801592000,174314131230791,625,,,ETF,3132,80,3132.0,-4.0,18.308305458,
12130,market_research_2026-04-04_22-09-26_live_round,3bd4c34433f6425a9a51794da6b91ced,2026-04-05T03:10:03.801688+00:00,1775358603801688000,174314131326208,625,,,ETF,3133,20,3132.0,-4.0,18.308400875,
12344,market_research_2026-04-04_22-09-26_live_round,3bd4c34433f6425a9a51794da6b91ced,2026-04-05T03:10:04.486529+00:00,1775358604486529000,174314816167625,625,,,ETF,3134,40,3134.5,-1.0,18.993242292,
12476,market_research_2026-04-04_22-09-26_live_round,3bd4c34433f6425a9a51794da6b91ced,2026-04-05T03:10:04.914662+00:00,1775358604914662000,174315244303166,625,,,ETF,3139,40,3140.5,-3.0,19.421377833,
12482,market_research_2026-04-04_22-09-26_live_round,3bd4c34433f6425a9a51794da6b91ced,2026-04-05T03:10:04.926690+00:00,1775358604926690000,174315256330750,625,,,ETF,3140,60,3140.5,-1.0,19.433405417,
12932,market_research_2026-04-04_22-09-26_live_round,3bd4c34433f6425a9a51794da6b91ced,2026-04-05T03:10:06.342217+00:00,1775358606342217000,174316671860291,625,,,ETF,3140,40,3139.5,-1.0,20.848934958,
13059,market_research_2026-04-04_22-09-26_live_round,3bd4c34433f6425a9a51794da6b91ced,2026-04-05T03:10:06.735154+00:00,1775358606735154000,174317064798041,625,,,ETF,3142,40,3142.5,-1.0,21.241872708,
13065,market_research_2026-04-04_22-09-26_live_round,3bd4c34433f6425a9a51794da6b91ced,2026-04-05T03:10:06.745984+00:00,1775358606745984000,174317075628541,625,,,ETF,3142,60,3142.0,0.0,21.252703208,
13127,market_research_2026-04-04_22-09-26_live_round,3bd4c34433f6425a9a51794da6b91ced,2026-04-05T03:10:06.925664+00:00,1775358606925664000,174317255308875,625,,,ETF,3147,40,3150.0,-6.0,21.432383542,
13134,market_research_2026-04-04_22-09-26_live_round,3bd4c34433f6425a9a51794da6b91ced,2026-04-05T03:10:06.935541+00:00,1775358606935541000,174317265185458,625,,,ETF,3147,60,3149.5,-5.0,21.442260125,
13142,market_research_2026-04-04_22-09-26_live_round,3bd4c34433f6425a9a51794da6b91ced,2026-04-05T03:10:06.946545+00:00,1775358606946545000,174317276189958,625,,,ETF,3149,40,3150.0,-2.0,21.453264625,
13143,market_research_2026-04-04_22-09-26_live_round,3bd4c34433f6425a9a51794da6b91ced,2026-04-05T03:10:06.946677+00:00,1775358606946677000,174317276321583,625,,,ETF,3150,40,3150.0,-2.0,21.45339625,
13152,market_research_2026-04-04_22-09-26_live_round,3bd4c34433f6425a9a51794da6b91ced,2026-04-05T03:10:06.957768+00:00,1775358606957768000,174317287413000,625,,,ETF,3150,20,3150.0,0.0,21.464487667,
13200,market_research_2026-04-04_22-09-26_live_round,3bd4c34433f6425a9a51794da6b91ced,2026-04-05T03:10:07.106769+00:00,1775358607106769000,174317436413791,625,,,ETF,3152,40,3153.0,-2.0,21.613488458,
13209,market_research_2026-04-04_22-09-26_live_round,3bd4c34433f6425a9a51794da6b91ced,2026-04-05T03:10:07.118152+00:00,1775358607118152000,174317447797333,625,,,ETF,3152,60,3152.5,-1.0,21.624872,
13329,market_research_2026-04-04_22-09-26_live_round,3bd4c34433f6425a9a51794da6b91ced,2026-04-05T03:10:07.517566+00:00,1775358607517566000,174317847212333,625,,,ETF,3154,40,3152.5,-3.0,22.024287,
13335,market_research_2026-04-04_22-09-26_live_round,3bd4c34433f6425a9a51794da6b91ced,2026-04-05T03:10:07.527220+00:00,1775358607527220000,174317856865458,625,,,ETF,3153,60,3152.5,-1.0,22.033940125,
13398,market_research_2026-04-04_22-09-26_live_round,3bd4c34433f6425a9a51794da6b91ced,2026-04-05T03:10:07.979280+00:00,1775358607979280000,174318308927000,625,,,ETF,3151,40,3151.0,0.0,22.486001667,
13589,market_research_2026-04-04_22-09-26_live_round,3bd4c34433f6425a9a51794da6b91ced,2026-04-05T03:10:08.492796+00:00,1775358608492796000,174318822443291,625,,,ETF,3155,40,3155.5,-1.0,22.999517958,
13595,market_research_2026-04-04_22-09-26_live_round,3bd4c34433f6425a9a51794da6b91ced,2026-04-05T03:10:08.502342+00:00,1775358608502342000,174318831990208,625,,,ETF,3155,60,3155.0,0.0,23.009064875,
13850,market_research_2026-04-04_22-09-26_live_round,3bd4c34433f6425a9a51794da6b91ced,2026-04-05T03:10:09.135763+00:00,1775358609135763000,174319465412083,625,,,ETF,3154,40,3152.5,-3.0,23.64248675,
13856,market_research_2026-04-04_22-09-26_live_round,3bd4c34433f6425a9a51794da6b91ced,2026-04-05T03:10:09.145619+00:00,1775358609145619000,174319475268208,625,,,ETF,3153,60,3152.5,-1.0,23.652342875,
13923,market_research_2026-04-04_22-09-26_live_round,3bd4c34433f6425a9a51794da6b91ced,2026-04-05T03:10:09.326180+00:00,1775358609326180000,174319655829750,625,,,ETF,3153,40,3157.0,-8.0,23.832904417,
13928,market_research_2026-04-04_22-09-26_live_round,3bd4c34433f6425a9a51794da6b91ced,2026-04-05T03:10:09.334654+00:00,1775358609334654000,174319664303250,625,,,ETF,3153,40,3156.5,-7.0,23.841377917,
13929,market_research_2026-04-04_22-09-26_live_round,3bd4c34433f6425a9a51794da6b91ced,2026-04-05T03:10:09.334755+00:00,1775358609334755000,174319664404208,625,,,ETF,3154,20,3156.5,-7.0,23.841478875,
13935,market_research_2026-04-04_22-09-26_live_round,3bd4c34433f6425a9a51794da6b91ced,2026-04-05T03:10:09.345064+00:00,1775358609345064000,174319674713750,625,,,ETF,3154,80,3156.5,-5.0,23.851788417,
14001,market_research_2026-04-04_22-09-26_live_round,3bd4c34433f6425a9a51794da6b91ced,2026-04-05T03:10:09.557575+00:00,1775358609557575000,174319887225000,625,,,ETF,3158,40,3157.5,-1.0,24.064299667,
14006,market_research_2026-04-04_22-09-26_live_round,3bd4c34433f6425a9a51794da6b91ced,2026-04-05T03:10:09.564922+00:00,1775358609564922000,174319894571500,625,,,ETF,3158,60,3158.0,0.0,24.071646167,
14064,market_research_2026-04-04_22-09-26_live_round,3bd4c34433f6425a9a51794da6b91ced,2026-04-05T03:10:09.721824+00:00,1775358609721824000,174320051474291,625,,,ETF,3151,40,3147.0,-8.0,24.228548958,
14069,market_research_2026-04-04_22-09-26_live_round,3bd4c34433f6425a9a51794da6b91ced,2026-04-05T03:10:09.727952+00:00,1775358609727952000,174320057602166,625,,,ETF,3150,60,3147.0,-6.0,24.234676833,
14076,market_research_2026-04-04_22-09-26_live_round,3bd4c34433f6425a9a51794da6b91ced,2026-04-05T03:10:09.736156+00:00,1775358609736156000,174320065805791,625,,,ETF,3149,80,3147.0,-4.0,24.242880458,
14081,market_research_2026-04-04_22-09-26_live_round,3bd4c34433f6425a9a51794da6b91ced,2026-04-05T03:10:09.741696+00:00,1775358609741696000,174320071345916,625,,,ETF,3148,100,3147.0,-2.0,24.248420583,
14191,market_research_2026-04-04_22-09-26_live_round,3bd4c34433f6425a9a51794da6b91ced,2026-04-05T03:10:10.139974+00:00,1775358610139974000,174320469625458,625,,,ETF,3147,40,3149.5,-5.0,24.646700125,
14196,market_research_2026-04-04_22-09-26_live_round,3bd4c34433f6425a9a51794da6b91ced,2026-04-05T03:10:10.146772+00:00,1775358610146772000,174320476423416,625,,,ETF,3148,60,3149.5,-3.0,24.653498083,
14203,market_research_2026-04-04_22-09-26_live_round,3bd4c34433f6425a9a51794da6b91ced,2026-04-05T03:10:10.159955+00:00,1775358610159955000,174320489605958,625,,,ETF,3149,80,3149.5,-1.0,24.666680625,
14260,market_research_2026-04-04_22-09-26_live_round,3bd4c34433f6425a9a51794da6b91ced,2026-04-05T03:10:10.337060+00:00,1775358610337060000,174320666711250,625,,,ETF,3150,40,3156.0,-12.0,24.843785917,
14267,market_research_2026-04-04_22-09-26_live_round,3bd4c34433f6425a9a51794da6b91ced,2026-04-05T03:10:10.352265+00:00,1775358610352265000,174320681916958,625,,,ETF,3150,60,3155.5,-11.0,24.858991625,
14274,market_research_2026-04-04_22-09-26_live_round,3bd4c34433f6425a9a51794da6b91ced,2026-04-05T03:10:10.366649+00:00,1775358610366649000,174320696300666,625,,,ETF,3158,40,3159.0,-2.0,24.873375333,
14275,market_research_2026-04-04_22-09-26_live_round,3bd4c34433f6425a9a51794da6b91ced,2026-04-05T03:10:10.367314+00:00,1775358610367314000,174320696965833,625,,,ETF,3159,40,3159.0,-2.0,24.8740405,
14282,market_research_2026-04-04_22-09-26_live_round,3bd4c34433f6425a9a51794da6b91ced,2026-04-05T03:10:10.379156+00:00,1775358610379156000,174320708807791,625,,,ETF,3159,20,3159.0,0.0,24.885882458,
14388,market_research_2026-04-04_22-09-26_live_round,3bd4c34433f6425a9a51794da6b91ced,2026-04-05T03:10:10.729940+00:00,1775358610729940000,174321059592291,625,,,ETF,3165,40,3167.0,-4.0,25.236666958,
14412,market_research_2026-04-04_22-09-26_live_round,3bd4c34433f6425a9a51794da6b91ced,2026-04-05T03:10:10.771296+00:00,1775358610771296000,174321100948041,625,,,ETF,3166,60,3167.0,-2.0,25.278022708,
14417,market_research_2026-04-04_22-09-26_live_round,3bd4c34433f6425a9a51794da6b91ced,2026-04-05T03:10:10.778723+00:00,1775358610778723000,174321108375291,625,,,ETF,3167,80,3167.0,0.0,25.285449958,
14453,market_research_2026-04-04_22-09-26_live_round,3bd4c34433f6425a9a51794da6b91ced,2026-04-05T03:10:10.926148+00:00,1775358610926148000,174321255800583,625,,,ETF,3166,40,3164.0,-4.0,25.43287525,
14464,market_research_2026-04-04_22-09-26_live_round,3bd4c34433f6425a9a51794da6b91ced,2026-04-05T03:10:10.945139+00:00,1775358610945139000,174321274791791,625,,,ETF,3166,60,3164.5,-3.0,25.451866458,
14529,market_research_2026-04-04_22-09-26_live_round,3bd4c34433f6425a9a51794da6b91ced,2026-04-05T03:10:11.142083+00:00,1775358611142083000,174321471735750,625,,,ETF,3156,40,3156.0,0.0,25.648810417,
14578,market_research_2026-04-04_22-09-26_live_round,3bd4c34433f6425a9a51794da6b91ced,2026-04-05T03:10:11.313616+00:00,1775358611313616000,174321643268750,625,,,ETF,3157,40,3160.5,-7.0,25.820343417,
14586,market_research_2026-04-04_22-09-26_live_round,3bd4c34433f6425a9a51794da6b91ced,2026-04-05T03:10:11.326783+00:00,1775358611326783000,174321656436666,625,,,ETF,3157,20,3160.0,-6.0,25.833511333,
14587,market_research_2026-04-04_22-09-26_live_round,3bd4c34433f6425a9a51794da6b91ced,2026-04-05T03:10:11.326878+00:00,1775358611326878000,174321656531458,625,,,ETF,3158,40,3160.0,-6.0,25.833606125,
14611,market_research_2026-04-04_22-09-26_live_round,3bd4c34433f6425a9a51794da6b91ced,2026-04-05T03:10:11.371840+00:00,1775358611371840000,174321701493083,625,,,ETF,3158,40,3160.0,-4.0,25.87856775,
14612,market_research_2026-04-04_22-09-26_live_round,3bd4c34433f6425a9a51794da6b91ced,2026-04-05T03:10:11.371929+00:00,1775358611371929000,174321701582708,625,,,ETF,3159,40,3160.0,-4.0,25.878657375,
14620,market_research_2026-04-04_22-09-26_live_round,3bd4c34433f6425a9a51794da6b91ced,2026-04-05T03:10:11.385259+00:00,1775358611385259000,174321714912541,625,,,ETF,3159,60,3160.0,-2.0,25.891987208,
14977,market_research_2026-04-04_22-09-26_live_round,3bd4c34433f6425a9a51794da6b91ced,2026-04-05T03:10:12.657972+00:00,1775358612657972000,174322987627625,625,,,ETF,3175,40,3174.0,-2.0,27.164702292,
14999,market_research_2026-04-04_22-09-26_live_round,3bd4c34433f6425a9a51794da6b91ced,2026-04-05T03:10:12.687088+00:00,1775358612687088000,174323016744166,625,,,ETF,3174,60,3174.0,0.0,27.193818833,
15056,market_research_2026-04-04_22-09-26_live_round,3bd4c34433f6425a9a51794da6b91ced,2026-04-05T03:10:12.770001+00:00,1775358612770001000,174323099657041,625,,,ETF,3172,40,3170.5,-3.0,27.276731708,
15067,market_research_2026-04-04_22-09-26_live_round,3bd4c34433f6425a9a51794da6b91ced,2026-04-05T03:10:12.784394+00:00,1775358612784394000,174323114049916,625,,,ETF,3172,60,3171.0,-2.0,27.291124583,
15179,market_research_2026-04-04_22-09-26_live_round,3bd4c34433f6425a9a51794da6b91ced,2026-04-05T03:10:13.194689+00:00,1775358613194689000,174323524345458,625,,,ETF,3160,40,3160.0,0.0,27.701420125,
15234,market_research_2026-04-04_22-09-26_live_round,3bd4c34433f6425a9a51794da6b91ced,2026-04-05T03:10:13.322176+00:00,1775358613322176000,174323651833458,625,,,ETF,3157,40,3153.0,-8.0,27.828908125,
15244,market_research_2026-04-04_22-09-26_live_round,3bd4c34433f6425a9a51794da6b91ced,2026-04-05T03:10:13.334940+00:00,1775358613334940000,174323664597500,625,,,ETF,3157,60,3153.5,-7.0,27.841672167,
15263,market_research_2026-04-04_22-09-26_live_round,3bd4c34433f6425a9a51794da6b91ced,2026-04-05T03:10:13.360319+00:00,1775358613360319000,174323689976291,625,,,ETF,3154,40,3152.5,-3.0,27.867050958,
15264,market_research_2026-04-04_22-09-26_live_round,3bd4c34433f6425a9a51794da6b91ced,2026-04-05T03:10:13.360426+00:00,1775358613360426000,174323690083500,625,,,ETF,3153,40,3152.5,-3.0,27.867158167,
15270,market_research_2026-04-04_22-09-26_live_round,3bd4c34433f6425a9a51794da6b91ced,2026-04-05T03:10:13.367901+00:00,1775358613367901000,174323697558541,625,,,ETF,3153,20,3152.5,-1.0,27.874633208,
15271,market_research_2026-04-04_22-09-26_live_round,3bd4c34433f6425a9a51794da6b91ced,2026-04-05T03:10:13.367988+00:00,1775358613367988000,174323697645166,625,,,ETF,3152,80,3152.5,-1.0,27.874719833,
15383,market_research_2026-04-04_22-09-26_live_round,3bd4c34433f6425a9a51794da6b91ced,2026-04-05T03:10:13.737278+00:00,1775358613737278000,174324066935666,625,,,ETF,3152,40,3150.5,-3.0,28.244010333,
15390,market_research_2026-04-04_22-09-26_live_round,3bd4c34433f6425a9a51794da6b91ced,2026-04-05T03:10:13.746192+00:00,1775358613746192000,174324075850541,625,,,ETF,3151,60,3150.5,-1.0,28.252925208,
15574,market_research_2026-04-04_22-09-26_live_round,3bd4c34433f6425a9a51794da6b91ced,2026-04-05T03:10:14.357128+00:00,1775358614357128000,174324686787083,625,,,ETF,3148,40,3147.5,-1.0,28.86386175,
16020,market_research_2026-04-04_22-09-26_live_round,3bd4c34433f6425a9a51794da6b91ced,2026-04-05T03:10:15.766818+00:00,1775358615766818000,174326096479916,750,,,ETF,3140,40,3143.5,-7.0,0.0335425,
16032,market_research_2026-04-04_22-09-26_live_round,3bd4c34433f6425a9a51794da6b91ced,2026-04-05T03:10:15.791489+00:00,1775358615791489000,174326121151333,750,,,ETF,3141,60,3143.5,-5.0,0.058213917,
16047,market_research_2026-04-04_22-09-26_live_round,3bd4c34433f6425a9a51794da6b91ced,2026-04-05T03:10:15.820992+00:00,1775358615820992000,174326150654000,750,,,ETF,3142,80,3143.5,-3.0,0.087716584,
16055,market_research_2026-04-04_22-09-26_live_round,3bd4c34433f6425a9a51794da6b91ced,2026-04-05T03:10:15.836296+00:00,1775358615836296000,174326165957750,750,,,ETF,3143,100,3143.5,-1.0,0.103020334,
16176,market_research_2026-04-04_22-09-26_live_round,3bd4c34433f6425a9a51794da6b91ced,2026-04-05T03:10:16.188323+00:00,1775358616188323000,174326517985875,750,,,ETF,3149,40,3146.5,-5.0,0.455048459,
16183,market_research_2026-04-04_22-09-26_live_round,3bd4c34433f6425a9a51794da6b91ced,2026-04-05T03:10:16.200686+00:00,1775358616200686000,174326530348458,750,,,ETF,3148,60,3146.5,-3.0,0.467411042,
16188,market_research_2026-04-04_22-09-26_live_round,3bd4c34433f6425a9a51794da6b91ced,2026-04-05T03:10:16.209709+00:00,1775358616209709000,174326539371458,750,,,ETF,3147,80,3146.5,-1.0,0.476434042,
16444,market_research_2026-04-04_22-09-26_live_round,3bd4c34433f6425a9a51794da6b91ced,2026-04-05T03:10:16.989954+00:00,1775358616989954000,174327319618500,750,,,ETF,3143,40,3142.0,-2.0,1.256681084,
16452,market_research_2026-04-04_22-09-26_live_round,3bd4c34433f6425a9a51794da6b91ced,2026-04-05T03:10:17.004728+00:00,1775358617004728000,174327334391916,750,,,ETF,3142,60,3142.0,0.0,1.2714545,
16820,market_research_2026-04-04_22-09-26_live_round,3bd4c34433f6425a9a51794da6b91ced,2026-04-05T03:10:18.188754+00:00,1775358618188754000,174328518420791,750,,,ETF,3135,40,3134.5,-1.0,2.455483375,
16827,market_research_2026-04-04_22-09-26_live_round,3bd4c34433f6425a9a51794da6b91ced,2026-04-05T03:10:18.202235+00:00,1775358618202235000,174328531901375,750,,,ETF,3135,60,3135.0,0.0,2.468963959,
16886,market_research_2026-04-04_22-09-26_live_round,3bd4c34433f6425a9a51794da6b91ced,2026-04-05T03:10:18.404133+00:00,1775358618404133000,174328733800583,750,,,ETF,3136,40,3137.0,-2.0,2.670863167,
16916,market_research_2026-04-04_22-09-26_live_round,3bd4c34433f6425a9a51794da6b91ced,2026-04-05T03:10:18.458329+00:00,1775358618458329000,174328787996625,750,,,ETF,3136,40,3136.5,-1.0,2.725059209,
16917,market_research_2026-04-04_22-09-26_live_round,3bd4c34433f6425a9a51794da6b91ced,2026-04-05T03:10:18.458418+00:00,1775358618458418000,174328788085208,750,,,ETF,3137,20,3136.5,-1.0,2.725147792,
16957,market_research_2026-04-04_22-09-26_live_round,3bd4c34433f6425a9a51794da6b91ced,2026-04-05T03:10:18.566644+00:00,1775358618566644000,174328896311208,750,,,ETF,3137,40,3139.0,-4.0,2.833373792,
16974,market_research_2026-04-04_22-09-26_live_round,3bd4c34433f6425a9a51794da6b91ced,2026-04-05T03:10:18.600608+00:00,1775358618600608000,174328930275583,750,,,ETF,3137,40,3138.5,-3.0,2.867338167,
17208,market_research_2026-04-04_22-09-26_live_round,3bd4c34433f6425a9a51794da6b91ced,2026-04-05T03:10:19.296972+00:00,1775358619296972000,174329626641041,750,,,ETF,3134,40,3125.0,-18.0,3.563703625,
17209,market_research_2026-04-04_22-09-26_live_round,3bd4c34433f6425a9a51794da6b91ced,2026-04-05T03:10:19.297639+00:00,1775358619297639000,174329627308250,750,,,ETF,3133,60,3125.0,-18.0,3.564370834,
17210,market_research_2026-04-04_22-09-26_live_round,3bd4c34433f6425a9a51794da6b91ced,2026-04-05T03:10:19.297726+00:00,1775358619297726000,174329627394500,750,,,ETF,3132,80,3125.0,-18.0,3.564457084,
17211,market_research_2026-04-04_22-09-26_live_round,3bd4c34433f6425a9a51794da6b91ced,2026-04-05T03:10:19.297815+00:00,1775358619297815000,174329627483791,750,,,ETF,3132,20,3125.0,-18.0,3.564546375,
17221,market_research_2026-04-04_22-09-26_live_round,3bd4c34433f6425a9a51794da6b91ced,2026-04-05T03:10:19.455388+00:00,1775358619455388000,174329785057291,750,,,ETF,3132,40,3128.0,-8.0,3.722119875,
17228,market_research_2026-04-04_22-09-26_live_round,3bd4c34433f6425a9a51794da6b91ced,2026-04-05T03:10:19.467037+00:00,1775358619467037000,174329796706250,750,,,ETF,3132,40,3128.5,-7.0,3.733768834,
17229,market_research_2026-04-04_22-09-26_live_round,3bd4c34433f6425a9a51794da6b91ced,2026-04-05T03:10:19.467126+00:00,1775358619467126000,174329796795666,750,,,ETF,3131,20,3128.5,-7.0,3.73385825,
17243,market_research_2026-04-04_22-09-26_live_round,3bd4c34433f6425a9a51794da6b91ced,2026-04-05T03:10:19.487806+00:00,1775358619487806000,174329817474958,750,,,ETF,3131,80,3128.5,-5.0,3.754537542,
17378,market_research_2026-04-04_22-09-26_live_round,3bd4c34433f6425a9a51794da6b91ced,2026-04-05T03:10:19.821630+00:00,1775358619821630000,174330151299750,750,,,ETF,3115,40,3112.5,-5.0,4.088362334,
17385,market_research_2026-04-04_22-09-26_live_round,3bd4c34433f6425a9a51794da6b91ced,2026-04-05T03:10:19.839205+00:00,1775358619839205000,174330168875208,750,,,ETF,3115,60,3113.0,-4.0,4.105937792,
17390,market_research_2026-04-04_22-09-26_live_round,3bd4c34433f6425a9a51794da6b91ced,2026-04-05T03:10:19.850060+00:00,1775358619850060000,174330179729583,750,,,ETF,3114,40,3113.0,-2.0,4.116792167,
17391,market_research_2026-04-04_22-09-26_live_round,3bd4c34433f6425a9a51794da6b91ced,2026-04-05T03:10:19.850150+00:00,1775358619850150000,174330179819583,750,,,ETF,3113,40,3113.0,-2.0,4.116882167,
17397,market_research_2026-04-04_22-09-26_live_round,3bd4c34433f6425a9a51794da6b91ced,2026-04-05T03:10:19.864121+00:00,1775358619864121000,174330193791083,750,,,ETF,3113,20,3113.0,0.0,4.130853667,
17454,market_research_2026-04-04_22-09-26_live_round,3bd4c34433f6425a9a51794da6b91ced,2026-04-05T03:10:20.041004+00:00,1775358620041004000,174330370674208,750,,,ETF,3111,40,3110.0,-2.0,4.307736792,
17459,market_research_2026-04-04_22-09-26_live_round,3bd4c34433f6425a9a51794da6b91ced,2026-04-05T03:10:20.047676+00:00,1775358620047676000,174330377346333,750,,,ETF,3111,60,3110.5,-1.0,4.314408917,
17881,market_research_2026-04-04_22-09-26_live_round,3bd4c34433f6425a9a51794da6b91ced,2026-04-05T03:10:21.736506+00:00,1775358621736506000,174332066179458,750,,,ETF,3110,40,3110.0,0.0,6.003242042,
17955,market_research_2026-04-04_22-09-26_live_round,3bd4c34433f6425a9a51794da6b91ced,2026-04-05T03:10:21.885043+00:00,1775358621885043000,174332214717375,750,,,ETF,3107,40,3100.0,-14.0,6.151779959,
17984,market_research_2026-04-04_22-09-26_live_round,3bd4c34433f6425a9a51794da6b91ced,2026-04-05T03:10:21.946866+00:00,1775358621946866000,174332276539791,750,,,ETF,3107,60,3100.5,-13.0,6.213602375,
17992,market_research_2026-04-04_22-09-26_live_round,3bd4c34433f6425a9a51794da6b91ced,2026-04-05T03:10:21.964647+00:00,1775358621964647000,174332294320833,750,,,ETF,3104,40,3099.5,-9.0,6.231383417,
17993,market_research_2026-04-04_22-09-26_live_round,3bd4c34433f6425a9a51794da6b91ced,2026-04-05T03:10:21.965407+00:00,1775358621965407000,174332295081291,750,,,ETF,3103,40,3099.5,-9.0,6.232143875,
18000,market_research_2026-04-04_22-09-26_live_round,3bd4c34433f6425a9a51794da6b91ced,2026-04-05T03:10:21.980047+00:00,1775358621980047000,174332309720958,750,,,ETF,3103,20,3099.5,-7.0,6.246783542,
18001,market_research_2026-04-04_22-09-26_live_round,3bd4c34433f6425a9a51794da6b91ced,2026-04-05T03:10:21.980777+00:00,1775358621980777000,174332310451250,750,,,ETF,3102,80,3099.5,-7.0,6.247513834,
18045,market_research_2026-04-04_22-09-26_live_round,3bd4c34433f6425a9a51794da6b91ced,2026-04-05T03:10:22.088215+00:00,1775358622088215000,174332417888958,750,,,ETF,3101,40,3096.0,-10.0,6.354951542,
18054,market_research_2026-04-04_22-09-26_live_round,3bd4c34433f6425a9a51794da6b91ced,2026-04-05T03:10:22.101517+00:00,1775358622101517000,174332431191250,750,,,ETF,3101,60,3096.5,-9.0,6.368253834,
18101,market_research_2026-04-04_22-09-26_live_round,3bd4c34433f6425a9a51794da6b91ced,2026-04-05T03:10:22.276400+00:00,1775358622276400000,174332606074208,750,,,ETF,3093,40,3093.0,0.0,6.543136792,
18369,market_research_2026-04-04_22-09-26_live_round,3bd4c34433f6425a9a51794da6b91ced,2026-04-05T03:10:22.854869+00:00,1775358622854869000,174333184544625,750,,,ETF,3086,40,3085.5,-1.0,7.121607209,
18435,market_research_2026-04-04_22-09-26_live_round,3bd4c34433f6425a9a51794da6b91ced,2026-04-05T03:10:23.229978+00:00,1775358623229978000,174333559654208,750,,,ETF,3083,40,3079.0,-8.0,7.496716792,
18444,market_research_2026-04-04_22-09-26_live_round,3bd4c34433f6425a9a51794da6b91ced,2026-04-05T03:10:23.248878+00:00,1775358623248878000,174333578554958,750,,,ETF,3083,60,3079.5,-7.0,7.515617542,
18449,market_research_2026-04-04_22-09-26_live_round,3bd4c34433f6425a9a51794da6b91ced,2026-04-05T03:10:23.258172+00:00,1775358623258172000,174333587848541,750,,,ETF,3079,40,3078.0,-2.0,7.524911125,
18450,market_research_2026-04-04_22-09-26_live_round,3bd4c34433f6425a9a51794da6b91ced,2026-04-05T03:10:23.258969+00:00,1775358623258969000,174333588645708,750,,,ETF,3078,40,3078.0,-2.0,7.525708292,
18457,market_research_2026-04-04_22-09-26_live_round,3bd4c34433f6425a9a51794da6b91ced,2026-04-05T03:10:23.274049+00:00,1775358623274049000,174333603725416,750,,,ETF,3078,20,3078.0,0.0,7.540788,
18487,market_research_2026-04-04_22-09-26_live_round,3bd4c34433f6425a9a51794da6b91ced,2026-04-05T03:10:23.340434+00:00,1775358623340434000,174333670110333,750,,,ETF,3076,40,3075.0,-2.0,7.607172917,
18515,market_research_2026-04-04_22-09-26_live_round,3bd4c34433f6425a9a51794da6b91ced,2026-04-05T03:10:23.387655+00:00,1775358623387655000,174333717331458,750,,,ETF,3076,60,3075.5,-1.0,7.654394042,
18688,market_research_2026-04-04_22-09-26_live_round,3bd4c34433f6425a9a51794da6b91ced,2026-04-05T03:10:23.946089+00:00,1775358623946089000,174334275767291,750,,,ETF,3067,40,3064.0,-6.0,8.212829875,
18698,market_research_2026-04-04_22-09-26_live_round,3bd4c34433f6425a9a51794da6b91ced,2026-04-05T03:10:23.964708+00:00,1775358623964708000,174334294385583,750,,,ETF,3067,60,3064.5,-5.0,8.231448167,
18705,market_research_2026-04-04_22-09-26_live_round,3bd4c34433f6425a9a51794da6b91ced,2026-04-05T03:10:23.979690+00:00,1775358623979690000,174334309368083,750,,,ETF,3065,40,3064.0,-2.0,8.246430667,
18706,market_research_2026-04-04_22-09-26_live_round,3bd4c34433f6425a9a51794da6b91ced,2026-04-05T03:10:23.980525+00:00,1775358623980525000,174334310202625,750,,,ETF,3064,40,3064.0,-2.0,8.247265209,
18717,market_research_2026-04-04_22-09-26_live_round,3bd4c34433f6425a9a51794da6b91ced,2026-04-05T03:10:24.006759+00:00,1775358624006759000,174334336437083,750,,,ETF,3064,20,3064.0,0.0,8.273499667,
18751,market_research_2026-04-04_22-09-26_live_round,3bd4c34433f6425a9a51794da6b91ced,2026-04-05T03:10:24.095793+00:00,1775358624095793000,174334425471708,750,,,ETF,3064,80,3068.5,-9.0,8.362534292,
18822,market_research_2026-04-04_22-09-26_live_round,3bd4c34433f6425a9a51794da6b91ced,2026-04-05T03:10:24.283916+00:00,1775358624283916000,174334613594166,750,,,ETF,3065,40,3062.0,-6.0,8.55065675,
18850,market_research_2026-04-04_22-09-26_live_round,3bd4c34433f6425a9a51794da6b91ced,2026-04-05T03:10:24.335385+00:00,1775358624335385000,174334665064041,750,,,ETF,3064,60,3062.0,-4.0,8.602126625,
18855,market_research_2026-04-04_22-09-26_live_round,3bd4c34433f6425a9a51794da6b91ced,2026-04-05T03:10:24.342519+00:00,1775358624342519000,174334672197416,750,,,ETF,3063,80,3062.0,-2.0,8.60926,
18860,market_research_2026-04-04_22-09-26_live_round,3bd4c34433f6425a9a51794da6b91ced,2026-04-05T03:10:24.349651+00:00,1775358624349651000,174334679329541,750,,,ETF,3062,100,3062.0,0.0,8.616392125,
18895,market_research_2026-04-04_22-09-26_live_round,3bd4c34433f6425a9a51794da6b91ced,2026-04-05T03:10:24.410960+00:00,1775358624410960000,174334740638958,750,,,ETF,3053,40,3053.0,0.0,8.677701542,
19088,market_research_2026-04-04_22-09-26_live_round,3bd4c34433f6425a9a51794da6b91ced,2026-04-05T03:10:25.006236+00:00,1775358625006236000,174335335916500,750,,,ETF,3046,40,3045.0,-2.0,9.272979084,
19110,market_research_2026-04-04_22-09-26_live_round,3bd4c34433f6425a9a51794da6b91ced,2026-04-05T03:10:25.063410+00:00,1775358625063410000,174335393090166,750,,,ETF,3046,60,3045.5,-1.0,9.33015275,
19406,market_research_2026-04-04_22-09-26_live_round,3bd4c34433f6425a9a51794da6b91ced,2026-04-05T03:10:25.994989+00:00,1775358625994989000,174336324670458,750,,,ETF,3038,40,3037.0,-2.0,10.261733042,
19419,market_research_2026-04-04_22-09-26_live_round,3bd4c34433f6425a9a51794da6b91ced,2026-04-05T03:10:26.014901+00:00,1775358626014901000,174336344583208,750,,,ETF,3038,60,3037.5,-1.0,10.281645792,
19485,market_research_2026-04-04_22-09-26_live_round,3bd4c34433f6425a9a51794da6b91ced,2026-04-05T03:10:26.249208+00:00,1775358626249208000,174336578890833,750,,,ETF,3034,40,3032.5,-3.0,10.515953417,
19493,market_research_2026-04-04_22-09-26_live_round,3bd4c34433f6425a9a51794da6b91ced,2026-04-05T03:10:26.263817+00:00,1775358626263817000,174336593499458,750,,,ETF,3034,60,3033.0,-2.0,10.530562042,
19548,market_research_2026-04-04_22-09-26_live_round,3bd4c34433f6425a9a51794da6b91ced,2026-04-05T03:10:26.413261+00:00,1775358626413261000,174336742944166,750,,,ETF,3027,40,3026.5,-1.0,10.68000675,
19571,market_research_2026-04-04_22-09-26_live_round,3bd4c34433f6425a9a51794da6b91ced,2026-04-05T03:10:26.470520+00:00,1775358626470520000,174336800202750,750,,,ETF,3027,60,3027.0,0.0,10.737265334,
19670,market_research_2026-04-04_22-09-26_live_round,3bd4c34433f6425a9a51794da6b91ced,2026-04-05T03:10:26.817002+00:00,1775358626817002000,174337146685083,750,,,ETF,3017,40,3015.5,-3.0,11.083747667,
19700,market_research_2026-04-04_22-09-26_live_round,3bd4c34433f6425a9a51794da6b91ced,2026-04-05T03:10:26.887249+00:00,1775358626887249000,174337216933208,750,,,ETF,3017,60,3016.0,-2.0,11.153995792,
19710,market_research_2026-04-04_22-09-26_live_round,3bd4c34433f6425a9a51794da6b91ced,2026-04-05T03:10:26.909767+00:00,1775358626909767000,174337239450500,750,,,ETF,3017,40,3016.5,-1.0,11.176513084,
19711,market_research_2026-04-04_22-09-26_live_round,3bd4c34433f6425a9a51794da6b91ced,2026-04-05T03:10:26.909858+00:00,1775358626909858000,174337239541666,750,,,ETF,3016,40,3016.5,-1.0,11.17660425,
19762,market_research_2026-04-04_22-09-26_live_round,3bd4c34433f6425a9a51794da6b91ced,2026-04-05T03:10:27.048380+00:00,1775358627048380000,174337378063666,750,,,ETF,3014,40,3008.0,-12.0,11.31512625,
19776,market_research_2026-04-04_22-09-26_live_round,3bd4c34433f6425a9a51794da6b91ced,2026-04-05T03:10:27.081222+00:00,1775358627081222000,174337410906000,750,,,ETF,3014,60,3008.5,-11.0,11.347968584,
19783,market_research_2026-04-04_22-09-26_live_round,3bd4c34433f6425a9a51794da6b91ced,2026-04-05T03:10:27.100986+00:00,1775358627100986000,174337430670458,750,,,ETF,3008,40,3006.0,-4.0,11.367733042,
19784,market_research_2026-04-04_22-09-26_live_round,3bd4c34433f6425a9a51794da6b91ced,2026-04-05T03:10:27.101746+00:00,1775358627101746000,174337431429833,750,,,ETF,3007,40,3006.0,-4.0,11.368492417,
19790,market_research_2026-04-04_22-09-26_live_round,3bd4c34433f6425a9a51794da6b91ced,2026-04-05T03:10:27.119152+00:00,1775358627119152000,174337448836000,750,,,ETF,3007,20,3006.0,-2.0,11.385898584,
19791,market_research_2026-04-04_22-09-26_live_round,3bd4c34433f6425a9a51794da6b91ced,2026-04-05T03:10:27.119926+00:00,1775358627119926000,174337449609791,750,,,ETF,3006,80,3006.0,-2.0,11.386672375,
20150,market_research_2026-04-04_22-09-26_live_round,3bd4c34433f6425a9a51794da6b91ced,2026-04-05T03:10:28.266010+00:00,1775358628266010000,174338595696208,750,,,ETF,3019,40,3024.0,-10.0,12.532758792,
20159,market_research_2026-04-04_22-09-26_live_round,3bd4c34433f6425a9a51794da6b91ced,2026-04-05T03:10:28.288278+00:00,1775358628288278000,174338617964750,750,,,ETF,3019,60,3023.5,-9.0,12.555027334,
20164,market_research_2026-04-04_22-09-26_live_round,3bd4c34433f6425a9a51794da6b91ced,2026-04-05T03:10:28.298461+00:00,1775358628298461000,174338628147416,750,,,ETF,3019,40,3023.0,-8.0,12.56521,
20165,market_research_2026-04-04_22-09-26_live_round,3bd4c34433f6425a9a51794da6b91ced,2026-04-05T03:10:28.298552+00:00,1775358628298552000,174338628238291,750,,,ETF,3020,40,3023.0,-8.0,12.565300875,
20171,market_research_2026-04-04_22-09-26_live_round,3bd4c34433f6425a9a51794da6b91ced,2026-04-05T03:10:28.310304+00:00,1775358628310304000,174338639990250,750,,,ETF,3020,20,3023.0,-6.0,12.577052834,
20172,market_research_2026-04-04_22-09-26_live_round,3bd4c34433f6425a9a51794da6b91ced,2026-04-05T03:10:28.310398+00:00,1775358628310398000,174338640084500,750,,,ETF,3021,80,3023.0,-6.0,12.577147084,
20284,market_research_2026-04-04_22-09-26_live_round,3bd4c34433f6425a9a51794da6b91ced,2026-04-05T03:10:28.633204+00:00,1775358628633204000,174338962891416,750,,,ETF,3014,40,3013.5,-1.0,12.899954,
20345,market_research_2026-04-04_22-09-26_live_round,3bd4c34433f6425a9a51794da6b91ced,2026-04-05T03:10:28.904116+00:00,1775358628904116000,174339233803416,750,,,ETF,3014,40,3014.0,0.0,13.170866,
20465,market_research_2026-04-04_22-09-26_live_round,3bd4c34433f6425a9a51794da6b91ced,2026-04-05T03:10:29.234737+00:00,1775358629234737000,174339564425166,750,,,ETF,3015,40,3016.5,-3.0,13.50148775,
20487,market_research_2026-04-04_22-09-26_live_round,3bd4c34433f6425a9a51794da6b91ced,2026-04-05T03:10:29.291982+00:00,1775358629291982000,174339621670708,750,,,ETF,3016,60,3016.5,-1.0,13.558733292,
20537,market_research_2026-04-04_22-09-26_live_round,3bd4c34433f6425a9a51794da6b91ced,2026-04-05T03:10:29.460410+00:00,1775358629460410000,174339790099000,750,,,ETF,3018,40,3020.0,-4.0,13.727161584,
20558,market_research_2026-04-04_22-09-26_live_round,3bd4c34433f6425a9a51794da6b91ced,2026-04-05T03:10:29.508484+00:00,1775358629508484000,174339838172916,750,,,ETF,3018,60,3019.5,-3.0,13.7752355,
20608,market_research_2026-04-04_22-09-26_live_round,3bd4c34433f6425a9a51794da6b91ced,2026-04-05T03:10:29.627742+00:00,1775358629627742000,174339957431583,750,,,ETF,3027,40,3027.0,0.0,13.894494167,
20725,market_research_2026-04-04_22-09-26_live_round,3bd4c34433f6425a9a51794da6b91ced,2026-04-05T03:10:30.131349+00:00,1775358630131349000,174340461039125,750,,,ETF,3031,40,3031.5,-1.0,14.398101709,
21006,market_research_2026-04-04_22-09-26_live_round,3bd4c34433f6425a9a51794da6b91ced,2026-04-05T03:10:30.889636+00:00,1775358630889636000,174341219327666,825,,,ETF,3033,40,3040.0,-14.0,15.15639025,
21012,market_research_2026-04-04_22-09-26_live_round,3bd4c34433f6425a9a51794da6b91ced,2026-04-05T03:10:30.902855+00:00,1775358630902855000,174341232546125,825,,,ETF,3034,60,3040.0,-12.0,15.169608709,
21017,market_research_2026-04-04_22-09-26_live_round,3bd4c34433f6425a9a51794da6b91ced,2026-04-05T03:10:30.913292+00:00,1775358630913292000,174341242984000,825,,,ETF,3035,80,3040.0,-10.0,15.180046584,
21023,market_research_2026-04-04_22-09-26_live_round,3bd4c34433f6425a9a51794da6b91ced,2026-04-05T03:10:30.926538+00:00,1775358630926538000,174341256229250,825,,,ETF,3036,100,3040.0,-8.0,15.193291834,
21131,market_research_2026-04-04_22-09-26_live_round,3bd4c34433f6425a9a51794da6b91ced,2026-04-05T03:10:31.231211+00:00,1775358631231211000,174341560903541,825,,,ETF,3052,40,3052.5,-1.0,15.497966125,
21193,market_research_2026-04-04_22-09-26_live_round,3bd4c34433f6425a9a51794da6b91ced,2026-04-05T03:10:31.521755+00:00,1775358631521755000,174341851447291,825,,,ETF,3052,40,3052.0,0.0,15.788509875,
21272,market_research_2026-04-04_22-09-26_live_round,3bd4c34433f6425a9a51794da6b91ced,2026-04-05T03:10:31.725754+00:00,1775358631725754000,174342055446750,825,,,ETF,3050,40,3048.0,-4.0,15.992509334,
21284,market_research_2026-04-04_22-09-26_live_round,3bd4c34433f6425a9a51794da6b91ced,2026-04-05T03:10:31.747671+00:00,1775358631747671000,174342077364708,825,,,ETF,3050,60,3048.5,-3.0,16.014427292,
21326,market_research_2026-04-04_22-09-26_live_round,3bd4c34433f6425a9a51794da6b91ced,2026-04-05T03:10:31.859497+00:00,1775358631859497000,174342189190083,825,,,ETF,3043,40,3043.0,0.0,16.126252667,
21519,market_research_2026-04-04_22-09-26_live_round,3bd4c34433f6425a9a51794da6b91ced,2026-04-05T03:10:32.461639+00:00,1775358632461639000,174342791333666,825,,,ETF,3037,40,3037.0,0.0,16.72839625,
21579,market_research_2026-04-04_22-09-26_live_round,3bd4c34433f6425a9a51794da6b91ced,2026-04-05T03:10:32.639140+00:00,1775358632639140000,174342968835250,825,,,ETF,3034,40,3030.5,-7.0,16.905897834,
21600,market_research_2026-04-04_22-09-26_live_round,3bd4c34433f6425a9a51794da6b91ced,2026-04-05T03:10:32.692818+00:00,1775358632692818000,174343022512958,825,,,ETF,3034,60,3031.0,-6.0,16.959575542,
21608,market_research_2026-04-04_22-09-26_live_round,3bd4c34433f6425a9a51794da6b91ced,2026-04-05T03:10:32.712099+00:00,1775358632712099000,174343041794333,825,,,ETF,3031,40,3030.0,-2.0,16.978856917,
21609,market_research_2026-04-04_22-09-26_live_round,3bd4c34433f6425a9a51794da6b91ced,2026-04-05T03:10:32.712196+00:00,1775358632712196000,174343041890583,825,,,ETF,3030,40,3030.0,-2.0,16.978953167,
21622,market_research_2026-04-04_22-09-26_live_round,3bd4c34433f6425a9a51794da6b91ced,2026-04-05T03:10:32.743729+00:00,1775358632743729000,174343073423875,825,,,ETF,3030,20,3030.0,0.0,17.010486459,
21790,market_research_2026-04-04_22-09-26_live_round,3bd4c34433f6425a9a51794da6b91ced,2026-04-05T03:10:33.275085+00:00,1775358633275085000,174343604781208,825,,,ETF,3028,40,3029.5,-3.0,17.541843792,
21803,market_research_2026-04-04_22-09-26_live_round,3bd4c34433f6425a9a51794da6b91ced,2026-04-05T03:10:33.310603+00:00,1775358633310603000,174343640299208,825,,,ETF,3029,60,3029.5,-1.0,17.577361792,
21848,market_research_2026-04-04_22-09-26_live_round,3bd4c34433f6425a9a51794da6b91ced,2026-04-05T03:10:33.438548+00:00,1775358633438548000,174343768244166,825,,,ETF,3031,40,3032.0,-2.0,17.70530675,
21874,market_research_2026-04-04_22-09-26_live_round,3bd4c34433f6425a9a51794da6b91ced,2026-04-05T03:10:33.520027+00:00,1775358633520027000,174343849723166,825,,,ETF,3031,60,3031.5,-1.0,17.78678575,
21926,market_research_2026-04-04_22-09-26_live_round,3bd4c34433f6425a9a51794da6b91ced,2026-04-05T03:10:33.683546+00:00,1775358633683546000,174344013242583,825,,,ETF,3031,40,3029.5,-3.0,17.950305167,
21944,market_research_2026-04-04_22-09-26_live_round,3bd4c34433f6425a9a51794da6b91ced,2026-04-05T03:10:33.726919+00:00,1775358633726919000,174344056615916,825,,,ETF,3031,40,3030.0,-2.0,17.9936785,
21945,market_research_2026-04-04_22-09-26_live_round,3bd4c34433f6425a9a51794da6b91ced,2026-04-05T03:10:33.727013+00:00,1775358633727013000,174344056709666,825,,,ETF,3030,20,3030.0,-2.0,17.99377225,
21951,market_research_2026-04-04_22-09-26_live_round,3bd4c34433f6425a9a51794da6b91ced,2026-04-05T03:10:33.740418+00:00,1775358633740418000,174344070114833,825,,,ETF,3030,80,3030.0,0.0,18.007177417,
22000,market_research_2026-04-04_22-09-26_live_round,3bd4c34433f6425a9a51794da6b91ced,2026-04-05T03:10:33.860385+00:00,1775358633860385000,174344190082000,825,,,ETF,3031,40,3031.0,0.0,18.127144584,
22067,market_research_2026-04-04_22-09-26_live_round,3bd4c34433f6425a9a51794da6b91ced,2026-04-05T03:10:34.186066+00:00,1775358634186066000,174344515764125,825,,,ETF,3031,40,3033.5,-5.0,18.452826709,
22081,market_research_2026-04-04_22-09-26_live_round,3bd4c34433f6425a9a51794da6b91ced,2026-04-05T03:10:34.224261+00:00,1775358634224261000,174344553958750,825,,,ETF,3031,20,3033.0,-4.0,18.491021334,
22115,market_research_2026-04-04_22-09-26_live_round,3bd4c34433f6425a9a51794da6b91ced,2026-04-05T03:10:34.323490+00:00,1775358634323490000,174344653187791,825,,,ETF,3035,40,3034.5,-1.0,18.590250375,
22116,market_research_2026-04-04_22-09-26_live_round,3bd4c34433f6425a9a51794da6b91ced,2026-04-05T03:10:34.323584+00:00,1775358634323584000,174344653282416,825,,,ETF,3034,80,3034.5,-1.0,18.590345,
22313,market_research_2026-04-04_22-09-26_live_round,3bd4c34433f6425a9a51794da6b91ced,2026-04-05T03:10:34.859330+00:00,1775358634859330000,174345189029583,825,,,ETF,3039,40,3040.0,-2.0,19.126092167,
22318,market_research_2026-04-04_22-09-26_live_round,3bd4c34433f6425a9a51794da6b91ced,2026-04-05T03:10:34.867633+00:00,1775358634867633000,174345197332333,825,,,ETF,3040,60,3040.0,0.0,19.134394917,
22384,market_research_2026-04-04_22-09-26_live_round,3bd4c34433f6425a9a51794da6b91ced,2026-04-05T03:10:35.062914+00:00,1775358635062914000,174345392614041,825,,,ETF,3039,40,3034.0,-10.0,19.329676625,
22407,market_research_2026-04-04_22-09-26_live_round,3bd4c34433f6425a9a51794da6b91ced,2026-04-05T03:10:35.126494+00:00,1775358635126494000,174345456193375,825,,,ETF,3039,40,3034.5,-9.0,19.393255959,
22408,market_research_2026-04-04_22-09-26_live_round,3bd4c34433f6425a9a51794da6b91ced,2026-04-05T03:10:35.126596+00:00,1775358635126596000,174345456295625,825,,,ETF,3038,20,3034.5,-9.0,19.393358209,
22423,market_research_2026-04-04_22-09-26_live_round,3bd4c34433f6425a9a51794da6b91ced,2026-04-05T03:10:35.170883+00:00,1775358635170883000,174345500583250,825,,,ETF,3038,80,3034.5,-7.0,19.437645834,
22458,market_research_2026-04-04_22-09-26_live_round,3bd4c34433f6425a9a51794da6b91ced,2026-04-05T03:10:35.281318+00:00,1775358635281318000,174345611017541,825,,,ETF,3023,40,3022.5,-1.0,19.548080125,
22769,market_research_2026-04-04_22-09-26_live_round,3bd4c34433f6425a9a51794da6b91ced,2026-04-05T03:10:36.248167+00:00,1775358636248167000,174346577869125,825,,,ETF,3027,40,3025.0,-4.0,20.514931709,
22789,market_research_2026-04-04_22-09-26_live_round,3bd4c34433f6425a9a51794da6b91ced,2026-04-05T03:10:36.303180+00:00,1775358636303180000,174346632882125,825,,,ETF,3026,60,3025.0,-2.0,20.569944709,
22810,market_research_2026-04-04_22-09-26_live_round,3bd4c34433f6425a9a51794da6b91ced,2026-04-05T03:10:36.364425+00:00,1775358636364425000,174346694127416,825,,,ETF,3025,80,3025.0,0.0,20.63119,
22854,market_research_2026-04-04_22-09-26_live_round,3bd4c34433f6425a9a51794da6b91ced,2026-04-05T03:10:36.475233+00:00,1775358636475233000,174346804935541,825,,,ETF,3024,40,3023.0,-2.0,20.741998125,
22862,market_research_2026-04-04_22-09-26_live_round,3bd4c34433f6425a9a51794da6b91ced,2026-04-05T03:10:36.489700+00:00,1775358636489700000,174346819402708,825,,,ETF,3024,60,3023.5,-1.0,20.756465292,
23043,market_research_2026-04-04_22-09-26_live_round,3bd4c34433f6425a9a51794da6b91ced,2026-04-05T03:10:37.175469+00:00,1775358637175469000,174347505172541,825,,,ETF,3017,40,3018.0,-2.0,21.442235125,
23050,market_research_2026-04-04_22-09-26_live_round,3bd4c34433f6425a9a51794da6b91ced,2026-04-05T03:10:37.195594+00:00,1775358637195594000,174347525298041,825,,,ETF,3018,60,3018.0,0.0,21.462360625,
23108,market_research_2026-04-04_22-09-26_live_round,3bd4c34433f6425a9a51794da6b91ced,2026-04-05T03:10:37.371661+00:00,1775358637371661000,174347701365333,825,,,ETF,3017,40,3016.5,-1.0,21.638427917,
23125,market_research_2026-04-04_22-09-26_live_round,3bd4c34433f6425a9a51794da6b91ced,2026-04-05T03:10:37.404411+00:00,1775358637404411000,174347734115166,825,,,ETF,3017,40,3017.0,0.0,21.67117775,
23190,market_research_2026-04-04_22-09-26_live_round,3bd4c34433f6425a9a51794da6b91ced,2026-04-05T03:10:37.585633+00:00,1775358637585633000,174347915337666,825,,,ETF,3017,20,3017.0,0.0,21.85240025,
23243,market_research_2026-04-04_22-09-26_live_round,3bd4c34433f6425a9a51794da6b91ced,2026-04-05T03:10:37.751581+00:00,1775358637751581000,174348081285416,825,,,ETF,3019,40,3022.0,-6.0,22.018348,
23255,market_research_2026-04-04_22-09-26_live_round,3bd4c34433f6425a9a51794da6b91ced,2026-04-05T03:10:37.786963+00:00,1775358637786963000,174348116667708,825,,,ETF,3019,60,3021.5,-5.0,22.053730292,
23271,market_research_2026-04-04_22-09-26_live_round,3bd4c34433f6425a9a51794da6b91ced,2026-04-05T03:10:37.831422+00:00,1775358637831422000,174348161126750,825,,,ETF,3023,40,3023.0,0.0,22.098189334,
23441,market_research_2026-04-04_22-09-26_live_round,3bd4c34433f6425a9a51794da6b91ced,2026-04-05T03:10:38.335789+00:00,1775358638335789000,174348665495333,825,,,ETF,3025,40,3025.0,0.0,22.602557917,
23500,market_research_2026-04-04_22-09-26_live_round,3bd4c34433f6425a9a51794da6b91ced,2026-04-05T03:10:38.513192+00:00,1775358638513192000,174348842898166,825,,,ETF,3028,40,3029.5,-3.0,22.77996075,
23527,market_research_2026-04-04_22-09-26_live_round,3bd4c34433f6425a9a51794da6b91ced,2026-04-05T03:10:38.598414+00:00,1775358638598414000,174348928120375,825,,,ETF,3028,60,3029.0,-2.0,22.865182959,
23880,market_research_2026-04-04_22-09-26_live_round,3bd4c34433f6425a9a51794da6b91ced,2026-04-05T03:10:39.799284+00:00,1775358639799284000,174350128992750,825,,,ETF,3039,40,3033.5,-11.0,24.066055334,
23881,market_research_2026-04-04_22-09-26_live_round,3bd4c34433f6425a9a51794da6b91ced,2026-04-05T03:10:39.800329+00:00,1775358639800329000,174350130038041,825,,,ETF,3038,60,3033.5,-11.0,24.067100625,
23882,market_research_2026-04-04_22-09-26_live_round,3bd4c34433f6425a9a51794da6b91ced,2026-04-05T03:10:39.801398+00:00,1775358639801398000,174350131106916,825,,,ETF,3037,80,3033.5,-11.0,24.0681695,
23883,market_research_2026-04-04_22-09-26_live_round,3bd4c34433f6425a9a51794da6b91ced,2026-04-05T03:10:39.802430+00:00,1775358639802430000,174350132139333,825,,,ETF,3036,20,3033.5,-11.0,24.069201917,
23901,market_research_2026-04-04_22-09-26_live_round,3bd4c34433f6425a9a51794da6b91ced,2026-04-05T03:10:39.866507+00:00,1775358639866507000,174350196215958,825,,,ETF,3036,40,3036.0,0.0,24.133278542,
23968,market_research_2026-04-04_22-09-26_live_round,3bd4c34433f6425a9a51794da6b91ced,2026-04-05T03:10:40.076395+00:00,1775358640076395000,174350406104833,825,,,ETF,3036,40,3036.0,0.0,24.343167417,
24029,market_research_2026-04-04_22-09-26_live_round,3bd4c34433f6425a9a51794da6b91ced,2026-04-05T03:10:40.264130+00:00,1775358640264130000,174350593840166,825,,,ETF,3030,40,3029.0,-2.0,24.53090275,
24047,market_research_2026-04-04_22-09-26_live_round,3bd4c34433f6425a9a51794da6b91ced,2026-04-05T03:10:40.319877+00:00,1775358640319877000,174350649586750,825,,,ETF,3029,60,3029.0,0.0,24.586649334,
24149,market_research_2026-04-04_22-09-26_live_round,3bd4c34433f6425a9a51794da6b91ced,2026-04-05T03:10:40.638166+00:00,1775358640638166000,174350967877000,825,,,ETF,3029,40,3030.5,-3.0,24.904939584,
24176,market_research_2026-04-04_22-09-26_live_round,3bd4c34433f6425a9a51794da6b91ced,2026-04-05T03:10:40.706398+00:00,1775358640706398000,174351036109000,825,,,ETF,3030,60,3030.5,-1.0,24.973171584,
24221,market_research_2026-04-04_22-09-26_live_round,3bd4c34433f6425a9a51794da6b91ced,2026-04-05T03:10:40.853889+00:00,1775358640853889000,174351183600166,825,,,ETF,3032,40,3037.5,-11.0,25.12066275,
24245,market_research_2026-04-04_22-09-26_live_round,3bd4c34433f6425a9a51794da6b91ced,2026-04-05T03:10:40.926411+00:00,1775358640926411000,174351256122041,825,,,ETF,3032,60,3037.0,-10.0,25.193184625,
24250,market_research_2026-04-04_22-09-26_live_round,3bd4c34433f6425a9a51794da6b91ced,2026-04-05T03:10:40.939165+00:00,1775358640939165000,174351268876083,825,,,ETF,3038,40,3039.5,-3.0,25.205938667,
24251,market_research_2026-04-04_22-09-26_live_round,3bd4c34433f6425a9a51794da6b91ced,2026-04-05T03:10:40.940383+00:00,1775358640940383000,174351270093708,825,,,ETF,3039,40,3039.5,-3.0,25.207156292,
24265,market_research_2026-04-04_22-09-26_live_round,3bd4c34433f6425a9a51794da6b91ced,2026-04-05T03:10:40.982198+00:00,1775358640982198000,174351311908833,825,,,ETF,3039,20,3039.5,-1.0,25.248971417,
24266,market_research_2026-04-04_22-09-26_live_round,3bd4c34433f6425a9a51794da6b91ced,2026-04-05T03:10:40.982296+00:00,1775358640982296000,174351312007375,825,,,ETF,3040,80,3039.5,-1.0,25.249069959,
24298,market_research_2026-04-04_22-09-26_live_round,3bd4c34433f6425a9a51794da6b91ced,2026-04-05T03:10:41.086388+00:00,1775358641086388000,174351416099458,825,,,ETF,3041,40,3041.5,-1.0,25.353162042,
24313,market_research_2026-04-04_22-09-26_live_round,3bd4c34433f6425a9a51794da6b91ced,2026-04-05T03:10:41.130188+00:00,1775358641130188000,174351459899875,825,,,ETF,3041,60,3041.0,0.0,25.396962459,
24434,market_research_2026-04-04_22-09-26_live_round,3bd4c34433f6425a9a51794da6b91ced,2026-04-05T03:10:41.517867+00:00,1775358641517867000,174351847579250,825,,,ETF,3045,40,3045.0,0.0,25.784641834,
24569,market_research_2026-04-04_22-09-26_live_round,3bd4c34433f6425a9a51794da6b91ced,2026-04-05T03:10:41.927097+00:00,1775358641927097000,174352256810291,825,,,ETF,3047,40,3047.0,0.0,26.193872875,
24950,market_research_2026-04-04_22-09-26_live_round,3bd4c34433f6425a9a51794da6b91ced,2026-04-05T03:10:43.192538+00:00,1775358643192538000,174353522253125,825,,,ETF,3039,40,3039.0,0.0,27.459315709,
25069,market_research_2026-04-04_22-09-26_live_round,3bd4c34433f6425a9a51794da6b91ced,2026-04-05T03:10:43.586277+00:00,1775358643586277000,174353915993666,825,,,ETF,3042,40,3044.0,-4.0,27.85305625,
25080,market_research_2026-04-04_22-09-26_live_round,3bd4c34433f6425a9a51794da6b91ced,2026-04-05T03:10:43.620127+00:00,1775358643620127000,174353949842875,825,,,ETF,3042,60,3043.5,-3.0,27.886905459,
25090,market_research_2026-04-04_22-09-26_live_round,3bd4c34433f6425a9a51794da6b91ced,2026-04-05T03:10:43.653692+00:00,1775358643653692000,174353983408916,825,,,ETF,3043,40,3043.5,-1.0,27.9204715,
25091,market_research_2026-04-04_22-09-26_live_round,3bd4c34433f6425a9a51794da6b91ced,2026-04-05T03:10:43.653789+00:00,1775358643653789000,174353983505416,825,,,ETF,3044,40,3043.5,-1.0,27.920568,
25404,market_research_2026-04-04_22-09-26_live_round,3bd4c34433f6425a9a51794da6b91ced,2026-04-05T03:10:44.648942+00:00,1775358644648942000,174354978660750,825,,,ETF,3036,40,3033.5,-5.0,28.915723334,
25412,market_research_2026-04-04_22-09-26_live_round,3bd4c34433f6425a9a51794da6b91ced,2026-04-05T03:10:44.674994+00:00,1775358644674994000,174355004712791,825,,,ETF,3036,60,3034.0,-4.0,28.941775375,
25432,market_research_2026-04-04_22-09-26_live_round,3bd4c34433f6425a9a51794da6b91ced,2026-04-05T03:10:44.738145+00:00,1775358644738145000,174355067864000,825,,,ETF,3036,40,3034.5,-3.0,29.004926584,
25433,market_research_2026-04-04_22-09-26_live_round,3bd4c34433f6425a9a51794da6b91ced,2026-04-05T03:10:44.738244+00:00,1775358644738244000,174355067962875,825,,,ETF,3035,40,3034.5,-3.0,29.005025459,
25443,market_research_2026-04-04_22-09-26_live_round,3bd4c34433f6425a9a51794da6b91ced,2026-04-05T03:10:44.766252+00:00,1775358644766252000,174355095970208,825,,,ETF,3035,20,3034.5,-1.0,29.033032792,
25444,market_research_2026-04-04_22-09-26_live_round,3bd4c34433f6425a9a51794da6b91ced,2026-04-05T03:10:44.766347+00:00,1775358644766347000,174355096065416,825,,,ETF,3034,80,3034.5,-1.0,29.033128,
25499,market_research_2026-04-04_22-09-26_live_round,3bd4c34433f6425a9a51794da6b91ced,2026-04-05T03:10:44.933288+00:00,1775358644933288000,174355263006625,825,,,ETF,3033,40,3032.5,-1.0,29.200069209,
25507,market_research_2026-04-04_22-09-26_live_round,3bd4c34433f6425a9a51794da6b91ced,2026-04-05T03:10:44.956204+00:00,1775358644956204000,174355285922875,825,,,ETF,3033,60,3033.0,0.0,29.222985459,
25921,market_research_2026-04-04_22-09-26_live_round,3bd4c34433f6425a9a51794da6b91ced,2026-04-05T03:10:46.379602+00:00,1775358646379602000,174356709323708,825,,,ETF,3031,40,3031.5,-1.0,30.646386292,
26060,market_research_2026-04-04_22-09-26_live_round,3bd4c34433f6425a9a51794da6b91ced,2026-04-05T03:10:46.853071+00:00,1775358646853071000,174357182794083,825,,,ETF,3036,40,3036.0,0.0,31.119856667,
26132,market_research_2026-04-04_22-09-26_live_round,3bd4c34433f6425a9a51794da6b91ced,2026-04-05T03:10:47.097098+00:00,1775358647097098000,174357426820958,825,,,ETF,3035,40,3035.0,0.0,31.363883542,
26196,market_research_2026-04-04_22-09-26_live_round,3bd4c34433f6425a9a51794da6b91ced,2026-04-05T03:10:47.317396+00:00,1775358647317396000,174357647120083,825,,,ETF,3033,40,3030.0,-6.0,31.584182667,
26206,market_research_2026-04-04_22-09-26_live_round,3bd4c34433f6425a9a51794da6b91ced,2026-04-05T03:10:47.352687+00:00,1775358647352687000,174357682410791,825,,,ETF,3033,60,3030.5,-5.0,31.619473375,
26224,market_research_2026-04-04_22-09-26_live_round,3bd4c34433f6425a9a51794da6b91ced,2026-04-05T03:10:47.415618+00:00,1775358647415618000,174357745341791,825,,,ETF,3029,40,3029.0,0.0,31.682404375,
26265,market_research_2026-04-04_22-09-26_live_round,3bd4c34433f6425a9a51794da6b91ced,2026-04-05T03:10:47.569739+00:00,1775358647569739000,174357899463041,825,,,ETF,3026,40,3026.0,0.0,31.836525625,
26456,market_research_2026-04-04_22-09-26_live_round,3bd4c34433f6425a9a51794da6b91ced,2026-04-05T03:10:48.318753+00:00,1775358648318753000,174358648478375,825,,,ETF,3026,40,3025.5,-1.0,32.585540959,
26510,market_research_2026-04-04_22-09-26_live_round,3bd4c34433f6425a9a51794da6b91ced,2026-04-05T03:10:48.532210+00:00,1775358648532210000,174358861935583,825,,,ETF,3026,40,3031.0,-10.0,32.798998167,
26523,market_research_2026-04-04_22-09-26_live_round,3bd4c34433f6425a9a51794da6b91ced,2026-04-05T03:10:48.580156+00:00,1775358648580156000,174358909882000,825,,,ETF,3026,20,3030.5,-9.0,32.846944584,
26524,market_research_2026-04-04_22-09-26_live_round,3bd4c34433f6425a9a51794da6b91ced,2026-04-05T03:10:48.581706+00:00,1775358648581706000,174358911431666,825,,,ETF,3027,40,3030.5,-9.0,32.84849425,
26538,market_research_2026-04-04_22-09-26_live_round,3bd4c34433f6425a9a51794da6b91ced,2026-04-05T03:10:48.632668+00:00,1775358648632668000,174358962393583,825,,,ETF,3027,40,3030.5,-7.0,32.899456167,
26539,market_research_2026-04-04_22-09-26_live_round,3bd4c34433f6425a9a51794da6b91ced,2026-04-05T03:10:48.632817+00:00,1775358648632817000,174358962543208,825,,,ETF,3028,40,3030.5,-7.0,32.899605792,
26547,market_research_2026-04-04_22-09-26_live_round,3bd4c34433f6425a9a51794da6b91ced,2026-04-05T03:10:48.660549+00:00,1775358648660549000,174358990275291,825,,,ETF,3028,60,3030.5,-5.0,32.927337875,
26588,market_research_2026-04-04_22-09-26_live_round,3bd4c34433f6425a9a51794da6b91ced,2026-04-05T03:10:48.818276+00:00,1775358648818276000,174359148002083,825,,,ETF,3042,40,3043.0,-2.0,33.085064667,
26621,market_research_2026-04-04_22-09-26_live_round,3bd4c34433f6425a9a51794da6b91ced,2026-04-05T03:10:48.947532+00:00,1775358648947532000,174359277259000,825,,,ETF,3043,60,3043.0,0.0,33.214321584,
26673,market_research_2026-04-04_22-09-26_live_round,3bd4c34433f6425a9a51794da6b91ced,2026-04-05T03:10:49.137979+00:00,1775358649137979000,174359467705458,825,,,ETF,3042,40,3041.5,-1.0,33.404768042,
26683,market_research_2026-04-04_22-09-26_live_round,3bd4c34433f6425a9a51794da6b91ced,2026-04-05T03:10:49.172899+00:00,1775358649172899000,174359502626166,825,,,ETF,3042,40,3042.0,0.0,33.43968875,
26725,market_research_2026-04-04_22-09-26_live_round,3bd4c34433f6425a9a51794da6b91ced,2026-04-05T03:10:49.372431+00:00,1775358649372431000,174359702158750,825,,,ETF,3041,40,3039.0,-4.0,33.639221334,
26738,market_research_2026-04-04_22-09-26_live_round,3bd4c34433f6425a9a51794da6b91ced,2026-04-05T03:10:49.421982+00:00,1775358649421982000,174359751709333,825,,,ETF,3041,60,3039.5,-3.0,33.688771917,
26792,market_research_2026-04-04_22-09-26_live_round,3bd4c34433f6425a9a51794da6b91ced,2026-04-05T03:10:49.640747+00:00,1775358649640747000,174359970475583,825,,,ETF,3032,40,3029.0,-6.0,33.907538167,
26812,market_research_2026-04-04_22-09-26_live_round,3bd4c34433f6425a9a51794da6b91ced,2026-04-05T03:10:49.713854+00:00,1775358649713854000,174360043582708,825,,,ETF,3032,60,3029.5,-5.0,33.980645292,
26826,market_research_2026-04-04_22-09-26_live_round,3bd4c34433f6425a9a51794da6b91ced,2026-04-05T03:10:49.770679+00:00,1775358649770679000,174360100407541,825,,,ETF,3031,40,3029.5,-3.0,34.037470125,
26827,market_research_2026-04-04_22-09-26_live_round,3bd4c34433f6425a9a51794da6b91ced,2026-04-05T03:10:49.771912+00:00,1775358649771912000,174360101640375,825,,,ETF,3030,40,3029.5,-3.0,34.038702959,
26834,market_research_2026-04-04_22-09-26_live_round,3bd4c34433f6425a9a51794da6b91ced,2026-04-05T03:10:49.795003+00:00,1775358649795003000,174360124731541,825,,,ETF,3030,20,3029.5,-1.0,34.061794125,
26835,market_research_2026-04-04_22-09-26_live_round,3bd4c34433f6425a9a51794da6b91ced,2026-04-05T03:10:49.796208+00:00,1775358649796208000,174360125936625,825,,,ETF,3029,80,3029.5,-1.0,34.062999209,
26950,market_research_2026-04-04_22-09-26_live_round,3bd4c34433f6425a9a51794da6b91ced,2026-04-05T03:10:50.251615+00:00,1775358650251615000,174360581343750,825,,,ETF,3029,40,3028.5,-1.0,34.518406334,
27136,market_research_2026-04-04_22-09-26_live_round,3bd4c34433f6425a9a51794da6b91ced,2026-04-05T03:10:51.022151+00:00,1775358651022151000,174361351881291,825,,,ETF,3029,40,3029.5,-1.0,35.288943875,
27200,market_research_2026-04-04_22-09-26_live_round,3bd4c34433f6425a9a51794da6b91ced,2026-04-05T03:10:51.261205+00:00,1775358651261205000,174361590936375,825,,,ETF,3032,40,3032.5,-1.0,35.527998959,
27218,market_research_2026-04-04_22-09-26_live_round,3bd4c34433f6425a9a51794da6b91ced,2026-04-05T03:10:51.329303+00:00,1775358651329303000,174361659033916,825,,,ETF,3032,60,3032.0,0.0,35.5960965,
27267,market_research_2026-04-04_22-09-26_live_round,3bd4c34433f6425a9a51794da6b91ced,2026-04-05T03:10:51.538278+00:00,1775358651538278000,174361868010041,825,,,ETF,3039,40,3039.0,0.0,35.805072625,
27345,market_research_2026-04-04_22-09-26_live_round,3bd4c34433f6425a9a51794da6b91ced,2026-04-05T03:10:51.841219+00:00,1775358651841219000,174362170950958,825,,,ETF,3038,40,3036.5,-3.0,36.108013542,
27350,market_research_2026-04-04_22-09-26_live_round,3bd4c34433f6425a9a51794da6b91ced,2026-04-05T03:10:51.857812+00:00,1775358651857812000,174362187544833,825,,,ETF,3038,20,3037.0,-2.0,36.124607417,
27351,market_research_2026-04-04_22-09-26_live_round,3bd4c34433f6425a9a51794da6b91ced,2026-04-05T03:10:51.859102+00:00,1775358651859102000,174362188834208,825,,,ETF,3037,40,3037.0,-2.0,36.125896792,
27358,market_research_2026-04-04_22-09-26_live_round,3bd4c34433f6425a9a51794da6b91ced,2026-04-05T03:10:51.886516+00:00,1775358651886516000,174362216247958,825,,,ETF,3037,40,3037.0,0.0,36.153310542,
27464,market_research_2026-04-04_22-09-26_live_round,3bd4c34433f6425a9a51794da6b91ced,2026-04-05T03:10:52.332166+00:00,1775358652332166000,174362661899041,825,,,ETF,3031,40,3031.0,0.0,36.598961625,
27670,market_research_2026-04-04_22-09-26_live_round,3bd4c34433f6425a9a51794da6b91ced,2026-04-05T03:10:53.127576+00:00,1775358653127576000,174363457310791,825,,,ETF,3027,40,3025.0,-4.0,37.394373375,
27676,market_research_2026-04-04_22-09-26_live_round,3bd4c34433f6425a9a51794da6b91ced,2026-04-05T03:10:53.145111+00:00,1775358653145111000,174363474846083,825,,,ETF,3026,60,3025.0,-2.0,37.411908667,
27685,market_research_2026-04-04_22-09-26_live_round,3bd4c34433f6425a9a51794da6b91ced,2026-04-05T03:10:53.176213+00:00,1775358653176213000,174363505947958,825,,,ETF,3025,80,3025.0,0.0,37.443010542,
27977,market_research_2026-04-04_22-09-26_live_round,3bd4c34433f6425a9a51794da6b91ced,2026-04-05T03:10:54.334865+00:00,1775358654334865000,174364664602166,825,,,ETF,3029,40,3029.0,0.0,38.60166475,
28110,market_research_2026-04-04_22-09-26_live_round,3bd4c34433f6425a9a51794da6b91ced,2026-04-05T03:10:54.861779+00:00,1775358654861779000,174365191517083,825,,,ETF,3032,40,3034.0,-4.0,39.128579667,
28131,market_research_2026-04-04_22-09-26_live_round,3bd4c34433f6425a9a51794da6b91ced,2026-04-05T03:10:54.940229+00:00,1775358654940229000,174365269966708,825,,,ETF,3032,60,3033.5,-3.0,39.207029292,
28756,market_research_2026-04-04_22-09-26_live_round,3bd4c34433f6425a9a51794da6b91ced,2026-04-05T03:10:57.563636+00:00,1775358657563636000,174367893379833,825,,,ETF,3035,40,3034.0,-2.0,41.830442417,
28764,market_research_2026-04-04_22-09-26_live_round,3bd4c34433f6425a9a51794da6b91ced,2026-04-05T03:10:57.595639+00:00,1775358657595639000,174367925382875,825,,,ETF,3034,60,3034.0,0.0,41.862445459,
28816,market_research_2026-04-04_22-09-26_live_round,3bd4c34433f6425a9a51794da6b91ced,2026-04-05T03:10:57.812225+00:00,1775358657812225000,174368141969125,825,,,ETF,3032,40,3031.5,-1.0,42.079031709,
28834,market_research_2026-04-04_22-09-26_live_round,3bd4c34433f6425a9a51794da6b91ced,2026-04-05T03:10:57.879153+00:00,1775358657879153000,174368208897250,825,,,ETF,3032,60,3032.0,0.0,42.145959834,
28942,market_research_2026-04-04_22-09-26_live_round,3bd4c34433f6425a9a51794da6b91ced,2026-04-05T03:10:58.275736+00:00,1775358658275736000,174368605480916,825,,,ETF,3034,40,3038.0,-8.0,42.5425435,
28963,market_research_2026-04-04_22-09-26_live_round,3bd4c34433f6425a9a51794da6b91ced,2026-04-05T03:10:58.347700+00:00,1775358658347700000,174368677445250,825,,,ETF,3034,60,3037.5,-7.0,42.614507834,
28981,market_research_2026-04-04_22-09-26_live_round,3bd4c34433f6425a9a51794da6b91ced,2026-04-05T03:10:58.408524+00:00,1775358658408524000,174368738269208,825,,,ETF,3035,40,3037.5,-5.0,42.675331792,
28982,market_research_2026-04-04_22-09-26_live_round,3bd4c34433f6425a9a51794da6b91ced,2026-04-05T03:10:58.408623+00:00,1775358658408623000,174368738368500,825,,,ETF,3036,40,3037.5,-5.0,42.675431084,
28989,market_research_2026-04-04_22-09-26_live_round,3bd4c34433f6425a9a51794da6b91ced,2026-04-05T03:10:58.431421+00:00,1775358658431421000,174368761166000,825,,,ETF,3036,20,3037.5,-3.0,42.698228584,
28990,market_research_2026-04-04_22-09-26_live_round,3bd4c34433f6425a9a51794da6b91ced,2026-04-05T03:10:58.431512+00:00,1775358658431512000,174368761257416,825,,,ETF,3037,80,3037.5,-3.0,42.69832,
29020,market_research_2026-04-04_22-09-26_live_round,3bd4c34433f6425a9a51794da6b91ced,2026-04-05T03:10:58.542259+00:00,1775358658542259000,174368872004291,825,,,ETF,3038,40,3038.0,0.0,42.809066875,
29337,market_research_2026-04-04_22-09-26_live_round,3bd4c34433f6425a9a51794da6b91ced,2026-04-05T03:10:59.722071+00:00,1775358659722071000,174370051818750,950,,,ETF,3032,40,3034.0,-4.0,43.988881334,
29359,market_research_2026-04-04_22-09-26_live_round,3bd4c34433f6425a9a51794da6b91ced,2026-04-05T03:10:59.799149+00:00,1775358659799149000,174370128896583,950,,,ETF,3033,60,3034.0,-2.0,44.065959167,
29376,market_research_2026-04-04_22-09-26_live_round,3bd4c34433f6425a9a51794da6b91ced,2026-04-05T03:10:59.858656+00:00,1775358659858656000,174370188404083,950,,,ETF,3034,80,3034.0,0.0,44.125466667,
29408,market_research_2026-04-04_22-09-26_live_round,3bd4c34433f6425a9a51794da6b91ced,2026-04-05T03:10:59.976972+00:00,1775358659976972000,174370306720291,950,,,ETF,3035,40,3035.5,-1.0,44.243782875,
29423,market_research_2026-04-04_22-09-26_live_round,3bd4c34433f6425a9a51794da6b91ced,2026-04-05T03:11:00.028051+00:00,1775358660028051000,174370357799208,950,,,ETF,3035,60,3035.0,0.0,44.294861792,
29734,market_research_2026-04-04_22-09-26_live_round,3bd4c34433f6425a9a51794da6b91ced,2026-04-05T03:11:01.183609+00:00,1775358661183609000,174371513359625,950,,,ETF,3042,40,3042.0,0.0,45.450422209,
29937,market_research_2026-04-04_22-09-26_live_round,3bd4c34433f6425a9a51794da6b91ced,2026-04-05T03:11:01.914349+00:00,1775358661914349000,174372244101208,950,,,ETF,3038,40,3036.0,-4.0,46.181163792,
29948,market_research_2026-04-04_22-09-26_live_round,3bd4c34433f6425a9a51794da6b91ced,2026-04-05T03:11:01.951748+00:00,1775358661951748000,174372281499791,950,,,ETF,3038,60,3036.5,-3.0,46.218562375,
29961,market_research_2026-04-04_22-09-26_live_round,3bd4c34433f6425a9a51794da6b91ced,2026-04-05T03:11:01.996903+00:00,1775358661996903000,174372326655750,950,,,ETF,3037,40,3036.5,-1.0,46.263718334,
29962,market_research_2026-04-04_22-09-26_live_round,3bd4c34433f6425a9a51794da6b91ced,2026-04-05T03:11:01.997004+00:00,1775358661997004000,174372326756375,950,,,ETF,3036,40,3036.5,-1.0,46.263818959,
30084,market_research_2026-04-04_22-09-26_live_round,3bd4c34433f6425a9a51794da6b91ced,2026-04-05T03:11:02.435786+00:00,1775358662435786000,174372765539458,950,,,ETF,3032,40,3032.0,0.0,46.702602042,
30137,market_research_2026-04-04_22-09-26_live_round,3bd4c34433f6425a9a51794da6b91ced,2026-04-05T03:11:02.630221+00:00,1775358662630221000,174372959974250,950,,,ETF,3029,40,3029.0,0.0,46.897036834,
30260,market_research_2026-04-04_22-09-26_live_round,3bd4c34433f6425a9a51794da6b91ced,2026-04-05T03:11:03.102603+00:00,1775358663102603000,174373432357083,950,,,ETF,3021,40,3017.0,-8.0,47.369419667,
30285,market_research_2026-04-04_22-09-26_live_round,3bd4c34433f6425a9a51794da6b91ced,2026-04-05T03:11:03.196759+00:00,1775358663196759000,174373526514000,950,,,ETF,3020,60,3017.0,-6.0,47.463576584,
30291,market_research_2026-04-04_22-09-26_live_round,3bd4c34433f6425a9a51794da6b91ced,2026-04-05T03:11:03.216798+00:00,1775358663216798000,174373546552875,950,,,ETF,3020,80,3017.5,-5.0,47.483615459,
30296,market_research_2026-04-04_22-09-26_live_round,3bd4c34433f6425a9a51794da6b91ced,2026-04-05T03:11:03.232751+00:00,1775358663232751000,174373562505375,950,,,ETF,3020,20,3018.0,-4.0,47.499567959,
30297,market_research_2026-04-04_22-09-26_live_round,3bd4c34433f6425a9a51794da6b91ced,2026-04-05T03:11:03.233985+00:00,1775358663233985000,174373563740208,950,,,ETF,3019,80,3018.0,-4.0,47.500802792,
30724,market_research_2026-04-04_22-09-26_live_round,3bd4c34433f6425a9a51794da6b91ced,2026-04-05T03:11:04.944059+00:00,1775358664944059000,174375273816958,950,,,ETF,3016,40,3018.0,-4.0,49.210879542,
30745,market_research_2026-04-04_22-09-26_live_round,3bd4c34433f6425a9a51794da6b91ced,2026-04-05T03:11:05.025379+00:00,1775358665025379000,174375355137250,950,,,ETF,3017,60,3018.0,-2.0,49.292199834,
30751,market_research_2026-04-04_22-09-26_live_round,3bd4c34433f6425a9a51794da6b91ced,2026-04-05T03:11:05.047979+00:00,1775358665047979000,174375377737208,950,,,ETF,3018,80,3018.0,0.0,49.314799792,
30797,market_research_2026-04-04_22-09-26_live_round,3bd4c34433f6425a9a51794da6b91ced,2026-04-05T03:11:05.214332+00:00,1775358665214332000,174375544090625,950,,,ETF,3019,40,3021.5,-5.0,49.481153209,
30814,market_research_2026-04-04_22-09-26_live_round,3bd4c34433f6425a9a51794da6b91ced,2026-04-05T03:11:05.280262+00:00,1775358665280262000,174375610020625,950,,,ETF,3019,60,3021.0,-4.0,49.547083209,
30858,market_research_2026-04-04_22-09-26_live_round,3bd4c34433f6425a9a51794da6b91ced,2026-04-05T03:11:05.454202+00:00,1775358665454202000,174375783960583,950,,,ETF,3029,40,3029.5,-1.0,49.721023167,
30869,market_research_2026-04-04_22-09-26_live_round,3bd4c34433f6425a9a51794da6b91ced,2026-04-05T03:11:05.495709+00:00,1775358665495709000,174375825467958,950,,,ETF,3029,60,3029.0,0.0,49.762530542,
30925,market_research_2026-04-04_22-09-26_live_round,3bd4c34433f6425a9a51794da6b91ced,2026-04-05T03:11:05.716917+00:00,1775358665716917000,174376046676791,950,,,ETF,3033,100,3037.0,-8.0,49.983739375,
30926,market_research_2026-04-04_22-09-26_live_round,3bd4c34433f6425a9a51794da6b91ced,2026-04-05T03:11:05.718354+00:00,1775358665718354000,174376048113541,950,,,ETF,3036,40,3037.0,-8.0,49.985176125,
30927,market_research_2026-04-04_22-09-26_live_round,3bd4c34433f6425a9a51794da6b91ced,2026-04-05T03:11:05.718462+00:00,1775358665718462000,174376048221875,950,,,ETF,3037,60,3037.0,-8.0,49.985284459,
31057,market_research_2026-04-04_22-09-26_live_round,3bd4c34433f6425a9a51794da6b91ced,2026-04-05T03:11:06.256967+00:00,1775358666256967000,174376586727583,950,,,ETF,3036,40,3038.0,-4.0,50.523790167,
31074,market_research_2026-04-04_22-09-26_live_round,3bd4c34433f6425a9a51794da6b91ced,2026-04-05T03:11:06.323259+00:00,1775358666323259000,174376653019791,950,,,ETF,3037,60,3038.0,-2.0,50.590082375,
31096,market_research_2026-04-04_22-09-26_live_round,3bd4c34433f6425a9a51794da6b91ced,2026-04-05T03:11:06.408094+00:00,1775358666408094000,174376737854916,950,,,ETF,3038,80,3038.0,0.0,50.6749175,
31127,market_research_2026-04-04_22-09-26_live_round,3bd4c34433f6425a9a51794da6b91ced,2026-04-05T03:11:06.536022+00:00,1775358666536022000,174376865783041,950,,,ETF,3039,40,3041.5,-5.0,50.802845625,
31149,market_research_2026-04-04_22-09-26_live_round,3bd4c34433f6425a9a51794da6b91ced,2026-04-05T03:11:06.622649+00:00,1775358666622649000,174376952410500,950,,,ETF,3039,60,3041.0,-4.0,50.889473084,
31382,market_research_2026-04-04_22-09-26_live_round,3bd4c34433f6425a9a51794da6b91ced,2026-04-05T03:11:07.597665+00:00,1775358667597665000,174377927427625,950,,,ETF,3035,100,3031.5,-7.0,51.864490209,
31383,market_research_2026-04-04_22-09-26_live_round,3bd4c34433f6425a9a51794da6b91ced,2026-04-05T03:11:07.599057+00:00,1775358667599057000,174377928820208,950,,,ETF,3033,40,3031.5,-7.0,51.865882792,
31384,market_research_2026-04-04_22-09-26_live_round,3bd4c34433f6425a9a51794da6b91ced,2026-04-05T03:11:07.599153+00:00,1775358667599153000,174377928915875,950,,,ETF,3032,60,3031.5,-7.0,51.865978459,
31659,market_research_2026-04-04_22-09-26_live_round,3bd4c34433f6425a9a51794da6b91ced,2026-04-05T03:11:08.716400+00:00,1775358668716400000,174379046165708,950,,,ETF,3032,40,3031.5,-1.0,52.983228292,
31918,market_research_2026-04-04_22-09-26_live_round,3bd4c34433f6425a9a51794da6b91ced,2026-04-05T03:11:09.788144+00:00,1775358669788144000,174380117910875,950,,,ETF,3027,40,3027.5,-1.0,54.054973459,
31971,market_research_2026-04-04_22-09-26_live_round,3bd4c34433f6425a9a51794da6b91ced,2026-04-05T03:11:10.004025+00:00,1775358670004025000,174380333793000,950,,,ETF,3030,40,3031.5,-3.0,54.270855584,
31997,market_research_2026-04-04_22-09-26_live_round,3bd4c34433f6425a9a51794da6b91ced,2026-04-05T03:11:10.105070+00:00,1775358670105070000,174380434837833,950,,,ETF,3030,60,3031.0,-2.0,54.371900417,
32045,market_research_2026-04-04_22-09-26_live_round,3bd4c34433f6425a9a51794da6b91ced,2026-04-05T03:11:10.299185+00:00,1775358670299185000,174380628953208,950,,,ETF,3037,40,3037.5,-1.0,54.566015792,
32061,market_research_2026-04-04_22-09-26_live_round,3bd4c34433f6425a9a51794da6b91ced,2026-04-05T03:11:10.360099+00:00,1775358670360099000,174380689868041,950,,,ETF,3037,60,3037.0,0.0,54.626930625,
32134,market_research_2026-04-04_22-09-26_live_round,3bd4c34433f6425a9a51794da6b91ced,2026-04-05T03:11:10.657920+00:00,1775358670657920000,174380987688708,950,,,ETF,3036,40,3035.0,-2.0,54.924751292,
32139,market_research_2026-04-04_22-09-26_live_round,3bd4c34433f6425a9a51794da6b91ced,2026-04-05T03:11:10.674106+00:00,1775358670674106000,174381003874708,950,,,ETF,3036,40,3035.5,-1.0,54.940937292,
32140,market_research_2026-04-04_22-09-26_live_round,3bd4c34433f6425a9a51794da6b91ced,2026-04-05T03:11:10.675387+00:00,1775358670675387000,174381005156250,950,,,ETF,3035,20,3035.5,-1.0,54.942218834,
32175,market_research_2026-04-04_22-09-26_live_round,3bd4c34433f6425a9a51794da6b91ced,2026-04-05T03:11:10.816738+00:00,1775358670816738000,174381146507208,950,,,ETF,3035,40,3035.0,0.0,55.083569792,
32252,market_research_2026-04-04_22-09-26_live_round,3bd4c34433f6425a9a51794da6b91ced,2026-04-05T03:11:11.127805+00:00,1775358671127805000,174381457575125,950,,,ETF,3029,40,3029.0,0.0,55.394637709,
32429,market_research_2026-04-04_22-09-26_live_round,3bd4c34433f6425a9a51794da6b91ced,2026-04-05T03:11:11.862747+00:00,1775358671862747000,174382192518583,950,,,ETF,3031,40,3033.5,-5.0,56.129581167,
32436,market_research_2026-04-04_22-09-26_live_round,3bd4c34433f6425a9a51794da6b91ced,2026-04-05T03:11:11.887965+00:00,1775358671887965000,174382217736208,950,,,ETF,3031,60,3033.0,-4.0,56.154798792,
32457,market_research_2026-04-04_22-09-26_live_round,3bd4c34433f6425a9a51794da6b91ced,2026-04-05T03:11:11.971932+00:00,1775358671971932000,174382301704041,950,,,ETF,3033,40,3033.5,-1.0,56.238766625,
32458,market_research_2026-04-04_22-09-26_live_round,3bd4c34433f6425a9a51794da6b91ced,2026-04-05T03:11:11.973408+00:00,1775358671973408000,174382303179916,950,,,ETF,3034,40,3033.5,-1.0,56.2402425,
32507,market_research_2026-04-04_22-09-26_live_round,3bd4c34433f6425a9a51794da6b91ced,2026-04-05T03:11:12.175723+00:00,1775358672175723000,174382505494666,1000,,,ETF,3033,40,3033.0,0.0,56.44255725,
32574,market_research_2026-04-04_22-09-26_live_round,3bd4c34433f6425a9a51794da6b91ced,2026-04-05T03:11:12.454997+00:00,1775358672454997000,174382784769750,1000,,,ETF,3033,40,3033.0,0.0,56.721832334,
32702,market_research_2026-04-04_22-09-26_live_round,3bd4c34433f6425a9a51794da6b91ced,2026-04-05T03:11:12.991595+00:00,1775358672991595000,174383321368541,1000,,,ETF,3024,40,3020.0,-8.0,57.258431125,
32727,market_research_2026-04-04_22-09-26_live_round,3bd4c34433f6425a9a51794da6b91ced,2026-04-05T03:11:13.092916+00:00,1775358673092916000,174383422690125,1000,,,ETF,3024,60,3020.5,-7.0,57.359752709,
32732,market_research_2026-04-04_22-09-26_live_round,3bd4c34433f6425a9a51794da6b91ced,2026-04-05T03:11:13.109437+00:00,1775358673109437000,174383439210791,1000,,,ETF,3023,40,3020.5,-5.0,57.376273375,
32733,market_research_2026-04-04_22-09-26_live_round,3bd4c34433f6425a9a51794da6b91ced,2026-04-05T03:11:13.110728+00:00,1775358673110728000,174383440502375,1000,,,ETF,3022,40,3020.5,-5.0,57.377564959,
32741,market_research_2026-04-04_22-09-26_live_round,3bd4c34433f6425a9a51794da6b91ced,2026-04-05T03:11:13.140378+00:00,1775358673140378000,174383470152166,1000,,,ETF,3022,20,3020.5,-3.0,57.40721475,
32742,market_research_2026-04-04_22-09-26_live_round,3bd4c34433f6425a9a51794da6b91ced,2026-04-05T03:11:13.140478+00:00,1775358673140478000,174383470251958,1000,,,ETF,3021,80,3020.5,-3.0,57.407314542,
32833,market_research_2026-04-04_22-09-26_live_round,3bd4c34433f6425a9a51794da6b91ced,2026-04-05T03:11:13.530875+00:00,1775358673530875000,174383860649666,1000,,,ETF,3026,40,3026.0,0.0,57.79771225,
32897,market_research_2026-04-04_22-09-26_live_round,3bd4c34433f6425a9a51794da6b91ced,2026-04-05T03:11:13.801796+00:00,1775358673801796000,174384131571541,1000,,,ETF,3029,40,3032.5,-7.0,58.068634125,
32930,market_research_2026-04-04_22-09-26_live_round,3bd4c34433f6425a9a51794da6b91ced,2026-04-05T03:11:13.938483+00:00,1775358673938483000,174384268258041,1000,,,ETF,3029,60,3032.0,-6.0,58.205320625,
32938,market_research_2026-04-04_22-09-26_live_round,3bd4c34433f6425a9a51794da6b91ced,2026-04-05T03:11:13.969047+00:00,1775358673969047000,174384298822208,1000,,,ETF,3032,40,3033.0,-2.0,58.235884792,
32939,market_research_2026-04-04_22-09-26_live_round,3bd4c34433f6425a9a51794da6b91ced,2026-04-05T03:11:13.969154+00:00,1775358673969154000,174384298930083,1000,,,ETF,3033,40,3033.0,-2.0,58.235992667,
32946,market_research_2026-04-04_22-09-26_live_round,3bd4c34433f6425a9a51794da6b91ced,2026-04-05T03:11:13.994734+00:00,1775358673994734000,174384324509958,1000,,,ETF,3033,20,3033.0,0.0,58.261572542,
32984,market_research_2026-04-04_22-09-26_live_round,3bd4c34433f6425a9a51794da6b91ced,2026-04-05T03:11:14.154721+00:00,1775358674154721000,174384484496458,1000,,,ETF,3035,40,3038.5,-7.0,58.421559042,
33003,market_research_2026-04-04_22-09-26_live_round,3bd4c34433f6425a9a51794da6b91ced,2026-04-05T03:11:14.230880+00:00,1775358674230880000,174384560656375,1000,,,ETF,3035,60,3038.0,-6.0,58.497718959,
33050,market_research_2026-04-04_22-09-26_live_round,3bd4c34433f6425a9a51794da6b91ced,2026-04-05T03:11:14.431877+00:00,1775358674431877000,174384761653958,1000,,,ETF,3040,40,3038.5,-3.0,58.698716542,
33064,market_research_2026-04-04_22-09-26_live_round,3bd4c34433f6425a9a51794da6b91ced,2026-04-05T03:11:14.482014+00:00,1775358674482014000,174384811790125,1000,,,ETF,3040,40,3039.0,-2.0,58.748852709,
33065,market_research_2026-04-04_22-09-26_live_round,3bd4c34433f6425a9a51794da6b91ced,2026-04-05T03:11:14.482120+00:00,1775358674482120000,174384811896458,1000,,,ETF,3039,20,3039.0,-2.0,58.748959042,
33071,market_research_2026-04-04_22-09-26_live_round,3bd4c34433f6425a9a51794da6b91ced,2026-04-05T03:11:14.503762+00:00,1775358674503762000,174384833538625,1000,,,ETF,3039,80,3039.0,0.0,58.770601209,
33249,market_research_2026-04-04_22-09-26_live_round,3bd4c34433f6425a9a51794da6b91ced,2026-04-05T03:11:15.272429+00:00,1775358675272429000,174385602207208,1000,,,ETF,3038,40,3039.0,-2.0,59.539269792,
33261,market_research_2026-04-04_22-09-26_live_round,3bd4c34433f6425a9a51794da6b91ced,2026-04-05T03:11:15.319763+00:00,1775358675319763000,174385649541583,1000,,,ETF,3039,60,3039.0,0.0,59.586604167,
33301,market_research_2026-04-04_22-09-26_live_round,3bd4c34433f6425a9a51794da6b91ced,2026-04-05T03:11:15.490866+00:00,1775358675490866000,174385820644208,1000,,,ETF,3041,40,3041.5,-1.0,59.757706792,
33310,market_research_2026-04-04_22-09-26_live_round,3bd4c34433f6425a9a51794da6b91ced,2026-04-05T03:11:15.526618+00:00,1775358675526618000,174385856396666,1000,,,ETF,3041,60,3041.0,0.0,59.79345925,
33506,market_research_2026-04-04_22-09-26_live_round,3bd4c34433f6425a9a51794da6b91ced,2026-04-05T03:11:16.372182+00:00,1775358676372182000,174386701962375,1000,,,ETF,3045,40,3045.0,0.0,60.639024959,
33646,market_research_2026-04-04_22-09-26_live_round,3bd4c34433f6425a9a51794da6b91ced,2026-04-05T03:11:16.977759+00:00,1775358676977759000,174387307540250,1000,,,ETF,3042,40,3041.5,-1.0,61.244602834,
33659,market_research_2026-04-04_22-09-26_live_round,3bd4c34433f6425a9a51794da6b91ced,2026-04-05T03:11:17.032074+00:00,1775358677032074000,174387361855791,1000,,,ETF,3042,60,3042.0,0.0,61.298918375,
33700,market_research_2026-04-04_22-09-26_live_round,3bd4c34433f6425a9a51794da6b91ced,2026-04-05T03:11:17.202886+00:00,1775358677202886000,174387532667708,1000,,,ETF,3043,40,3043.0,0.0,61.469730292,
33823,market_research_2026-04-04_22-09-26_live_round,3bd4c34433f6425a9a51794da6b91ced,2026-04-05T03:11:17.740057+00:00,1775358677740057000,174388069839750,1000,,,ETF,3047,40,3048.0,-2.0,62.006902334,
33843,market_research_2026-04-04_22-09-26_live_round,3bd4c34433f6425a9a51794da6b91ced,2026-04-05T03:11:17.823786+00:00,1775358677823786000,174388153569166,1000,,,ETF,3048,60,3048.0,0.0,62.09063175,
33890,market_research_2026-04-04_22-09-26_live_round,3bd4c34433f6425a9a51794da6b91ced,2026-04-05T03:11:18.025455+00:00,1775358678025455000,174388355238625,1000,,,ETF,3050,40,3052.5,-5.0,62.292301209,
33906,market_research_2026-04-04_22-09-26_live_round,3bd4c34433f6425a9a51794da6b91ced,2026-04-05T03:11:18.090092+00:00,1775358678090092000,174388419875583,1000,,,ETF,3050,60,3052.0,-4.0,62.356938167,
33958,market_research_2026-04-04_22-09-26_live_round,3bd4c34433f6425a9a51794da6b91ced,2026-04-05T03:11:18.310095+00:00,1775358678310095000,174388639878541,1000,,,ETF,3058,40,3059.5,-3.0,62.576941125,
33966,market_research_2026-04-04_22-09-26_live_round,3bd4c34433f6425a9a51794da6b91ced,2026-04-05T03:11:18.342147+00:00,1775358678342147000,174388671931291,1000,,,ETF,3058,60,3059.0,-2.0,62.608993875,
34024,market_research_2026-04-04_22-09-26_live_round,3bd4c34433f6425a9a51794da6b91ced,2026-04-05T03:11:18.596708+00:00,1775358678596708000,174388926492458,1000,,,ETF,3064,40,3065.0,-2.0,62.863555042,
34038,market_research_2026-04-04_22-09-26_live_round,3bd4c34433f6425a9a51794da6b91ced,2026-04-05T03:11:18.656345+00:00,1775358678656345000,174388986129416,1000,,,ETF,3064,60,3064.5,-1.0,62.923192,
34217,market_research_2026-04-04_22-09-26_live_round,3bd4c34433f6425a9a51794da6b91ced,2026-04-05T03:11:19.436617+00:00,1775358679436617000,174389766403375,1000,,,ETF,3067,40,3068.5,-3.0,63.703465959,
34238,market_research_2026-04-04_22-09-26_live_round,3bd4c34433f6425a9a51794da6b91ced,2026-04-05T03:11:19.529176+00:00,1775358679529176000,174389858962125,1000,,,ETF,3068,60,3068.5,-1.0,63.796024709,
34419,market_research_2026-04-04_22-09-26_live_round,3bd4c34433f6425a9a51794da6b91ced,2026-04-05T03:11:20.325435+00:00,1775358680325435000,174390655222791,1000,,,ETF,3062,40,3061.0,-2.0,64.592285375,
34437,market_research_2026-04-04_22-09-26_live_round,3bd4c34433f6425a9a51794da6b91ced,2026-04-05T03:11:20.400663+00:00,1775358680400663000,174390730450666,1000,,,ETF,3062,60,3061.5,-1.0,64.66751325,
34444,market_research_2026-04-04_22-09-26_live_round,3bd4c34433f6425a9a51794da6b91ced,2026-04-05T03:11:20.425902+00:00,1775358680425902000,174390755690083,1000,,,ETF,3062,40,3062.0,0.0,64.692752667,
34510,market_research_2026-04-04_22-09-26_live_round,3bd4c34433f6425a9a51794da6b91ced,2026-04-05T03:11:20.718346+00:00,1775358680718346000,174391048134666,1000,,,ETF,3059,40,3054.0,-10.0,64.98519725,
34519,market_research_2026-04-04_22-09-26_live_round,3bd4c34433f6425a9a51794da6b91ced,2026-04-05T03:11:20.754930+00:00,1775358680754930000,174391084718375,1000,,,ETF,3059,60,3054.5,-9.0,65.021780959,
34524,market_research_2026-04-04_22-09-26_live_round,3bd4c34433f6425a9a51794da6b91ced,2026-04-05T03:11:20.774044+00:00,1775358680774044000,174391103833125,1000,,,ETF,3054,40,3052.5,-3.0,65.040895709,
34525,market_research_2026-04-04_22-09-26_live_round,3bd4c34433f6425a9a51794da6b91ced,2026-04-05T03:11:20.774138+00:00,1775358680774138000,174391103927208,1000,,,ETF,3053,40,3052.5,-3.0,65.040989792,
34531,market_research_2026-04-04_22-09-26_live_round,3bd4c34433f6425a9a51794da6b91ced,2026-04-05T03:11:20.797231+00:00,1775358680797231000,174391127020416,1000,,,ETF,3053,20,3052.5,-1.0,65.064083,
34532,market_research_2026-04-04_22-09-26_live_round,3bd4c34433f6425a9a51794da6b91ced,2026-04-05T03:11:20.797329+00:00,1775358680797329000,174391127117583,1000,,,ETF,3052,80,3052.5,-1.0,65.064180167,
34620,market_research_2026-04-04_22-09-26_live_round,3bd4c34433f6425a9a51794da6b91ced,2026-04-05T03:11:21.189197+00:00,1775358681189197000,174391518986458,1000,,,ETF,3049,40,3049.0,0.0,65.456049042,
34771,market_research_2026-04-04_22-09-26_live_round,3bd4c34433f6425a9a51794da6b91ced,2026-04-05T03:11:21.863693+00:00,1775358681863693000,174392193483791,1000,,,ETF,3049,40,3048.5,-1.0,66.130546375,
34833,market_research_2026-04-04_22-09-26_live_round,3bd4c34433f6425a9a51794da6b91ced,2026-04-05T03:11:22.129947+00:00,1775358682129947000,174392459738708,1000,,,ETF,3046,40,3043.5,-5.0,66.396801292,
34839,market_research_2026-04-04_22-09-26_live_round,3bd4c34433f6425a9a51794da6b91ced,2026-04-05T03:11:22.153188+00:00,1775358682153188000,174392482980041,1000,,,ETF,3046,60,3044.0,-4.0,66.420042625,
35078,market_research_2026-04-04_22-09-26_live_round,3bd4c34433f6425a9a51794da6b91ced,2026-04-05T03:11:23.242320+00:00,1775358683242320000,174393572114083,1000,,,ETF,3041,40,3041.5,-1.0,67.509176667,
35336,market_research_2026-04-04_22-09-26_live_round,3bd4c34433f6425a9a51794da6b91ced,2026-04-05T03:11:24.414675+00:00,1775358684414675000,174394744470625,1000,,,ETF,3040,40,3038.0,-4.0,68.681533209,
35346,market_research_2026-04-04_22-09-26_live_round,3bd4c34433f6425a9a51794da6b91ced,2026-04-05T03:11:24.456504+00:00,1775358684456504000,174394786299708,1000,,,ETF,3039,60,3038.0,-2.0,68.723362292,
35352,market_research_2026-04-04_22-09-26_live_round,3bd4c34433f6425a9a51794da6b91ced,2026-04-05T03:11:24.479510+00:00,1775358684479510000,174394809305916,1000,,,ETF,3038,80,3038.0,0.0,68.7463685,
35410,market_research_2026-04-04_22-09-26_live_round,3bd4c34433f6425a9a51794da6b91ced,2026-04-05T03:11:24.740738+00:00,1775358684740738000,174395070534458,1000,,,ETF,3037,40,3037.0,0.0,69.007597042,
35471,market_research_2026-04-04_22-09-26_live_round,3bd4c34433f6425a9a51794da6b91ced,2026-04-05T03:11:25.015722+00:00,1775358685015722000,174395345518750,1000,,,ETF,3038,40,3041.0,-6.0,69.282581334,
35490,market_research_2026-04-04_22-09-26_live_round,3bd4c34433f6425a9a51794da6b91ced,2026-04-05T03:11:25.099488+00:00,1775358685099488000,174395429284875,1000,,,ETF,3038,20,3040.5,-5.0,69.366347459,
35491,market_research_2026-04-04_22-09-26_live_round,3bd4c34433f6425a9a51794da6b91ced,2026-04-05T03:11:25.101010+00:00,1775358685101010000,174395430807083,1000,,,ETF,3039,40,3040.5,-5.0,69.367869667,
35502,market_research_2026-04-04_22-09-26_live_round,3bd4c34433f6425a9a51794da6b91ced,2026-04-05T03:11:25.147022+00:00,1775358685147022000,174395476819000,1000,,,ETF,3039,60,3040.5,-3.0,69.413881584,
35503,market_research_2026-04-04_22-09-26_live_round,3bd4c34433f6425a9a51794da6b91ced,2026-04-05T03:11:25.148580+00:00,1775358685148580000,174395478377125,1000,,,ETF,3039,20,3040.5,-3.0,69.415439709,
35509,market_research_2026-04-04_22-09-26_live_round,3bd4c34433f6425a9a51794da6b91ced,2026-04-05T03:11:25.171671+00:00,1775358685171671000,174395501468958,1000,,,ETF,3039,60,3040.0,-2.0,69.438531542,
35510,market_research_2026-04-04_22-09-26_live_round,3bd4c34433f6425a9a51794da6b91ced,2026-04-05T03:11:25.171769+00:00,1775358685171769000,174395501566500,1000,,,ETF,3040,40,3040.0,-2.0,69.438629084,
35554,market_research_2026-04-04_22-09-26_live_round,3bd4c34433f6425a9a51794da6b91ced,2026-04-05T03:11:25.369451+00:00,1775358685369451000,174395699249208,1000,,,ETF,3040,40,3042.5,-5.0,69.636311792,
35571,market_research_2026-04-04_22-09-26_live_round,3bd4c34433f6425a9a51794da6b91ced,2026-04-05T03:11:25.443844+00:00,1775358685443844000,174395773642250,1000,,,ETF,3040,20,3042.0,-4.0,69.710704834,
35694,market_research_2026-04-04_22-09-26_live_round,3bd4c34433f6425a9a51794da6b91ced,2026-04-05T03:11:25.998853+00:00,1775358685998853000,174396328652166,1000,,,ETF,3045,40,3045.0,0.0,70.26571475,
35737,market_research_2026-04-04_22-09-26_live_round,3bd4c34433f6425a9a51794da6b91ced,2026-04-05T03:11:26.190712+00:00,1775358686190712000,174396520511916,1000,,,ETF,3046,40,3046.5,-1.0,70.4575745,
35745,market_research_2026-04-04_22-09-26_live_round,3bd4c34433f6425a9a51794da6b91ced,2026-04-05T03:11:26.224591+00:00,1775358686224591000,174396554390791,1000,,,ETF,3046,20,3046.0,0.0,70.491453375,
35809,market_research_2026-04-04_22-09-26_live_round,3bd4c34433f6425a9a51794da6b91ced,2026-04-05T03:11:26.542256+00:00,1775358686542256000,174396872055875,1050,,,ETF,3046,40,3040.0,-12.0,0.039575959,
35841,market_research_2026-04-04_22-09-26_live_round,3bd4c34433f6425a9a51794da6b91ced,2026-04-05T03:11:26.667043+00:00,1775358686667043000,174396996843250,1050,,,ETF,3045,60,3040.0,-10.0,0.164363334,
35850,market_research_2026-04-04_22-09-26_live_round,3bd4c34433f6425a9a51794da6b91ced,2026-04-05T03:11:26.702893+00:00,1775358686702893000,174397032693625,1050,,,ETF,3045,20,3040.5,-9.0,0.200213709,
35851,market_research_2026-04-04_22-09-26_live_round,3bd4c34433f6425a9a51794da6b91ced,2026-04-05T03:11:26.704162+00:00,1775358686704162000,174397033963000,1050,,,ETF,3044,60,3040.5,-9.0,0.201483084,
35857,market_research_2026-04-04_22-09-26_live_round,3bd4c34433f6425a9a51794da6b91ced,2026-04-05T03:11:26.726976+00:00,1775358686726976000,174397056776125,1050,,,ETF,3044,40,3040.5,-7.0,0.224296209,
35906,market_research_2026-04-04_22-09-26_live_round,3bd4c34433f6425a9a51794da6b91ced,2026-04-05T03:11:26.954782+00:00,1775358686954782000,174397284583208,1050,,,ETF,3028,40,3027.0,-2.0,0.452103292,
35917,market_research_2026-04-04_22-09-26_live_round,3bd4c34433f6425a9a51794da6b91ced,2026-04-05T03:11:26.999831+00:00,1775358686999831000,174397329632375,1050,,,ETF,3027,60,3027.0,0.0,0.497152459,
35963,market_research_2026-04-04_22-09-26_live_round,3bd4c34433f6425a9a51794da6b91ced,2026-04-05T03:11:27.211548+00:00,1775358687211548000,174397541349166,1050,,,ETF,3025,40,3024.0,-2.0,0.70886925,
35986,market_research_2026-04-04_22-09-26_live_round,3bd4c34433f6425a9a51794da6b91ced,2026-04-05T03:11:27.327538+00:00,1775358687327538000,174397657339500,1050,,,ETF,3025,60,3024.5,-1.0,0.824859584,
36078,market_research_2026-04-04_22-09-26_live_round,3bd4c34433f6425a9a51794da6b91ced,2026-04-05T03:11:27.795771+00:00,1775358687795771000,174398125573583,1050,,,ETF,3026,40,3026.0,0.0,1.293093667,
36218,market_research_2026-04-04_22-09-26_live_round,3bd4c34433f6425a9a51794da6b91ced,2026-04-05T03:11:28.463396+00:00,1775358688463396000,174398793199958,1050,,,ETF,3027,40,3025.0,-4.0,1.960720042,
36237,market_research_2026-04-04_22-09-26_live_round,3bd4c34433f6425a9a51794da6b91ced,2026-04-05T03:11:28.548217+00:00,1775358688548217000,174398878020791,1050,,,ETF,3026,60,3025.0,-2.0,2.045540875,
36249,market_research_2026-04-04_22-09-26_live_round,3bd4c34433f6425a9a51794da6b91ced,2026-04-05T03:11:28.600943+00:00,1775358688600943000,174398930747250,1050,,,ETF,3025,80,3025.0,0.0,2.098267334,
36299,market_research_2026-04-04_22-09-26_live_round,3bd4c34433f6425a9a51794da6b91ced,2026-04-05T03:11:28.833482+00:00,1775358688833482000,174399163286750,1050,,,ETF,3024,40,3021.5,-5.0,2.330806834,
36312,market_research_2026-04-04_22-09-26_live_round,3bd4c34433f6425a9a51794da6b91ced,2026-04-05T03:11:28.891124+00:00,1775358688891124000,174399220929208,1050,,,ETF,3024,60,3022.0,-4.0,2.388449292,
36417,market_research_2026-04-04_22-09-26_live_round,3bd4c34433f6425a9a51794da6b91ced,2026-04-05T03:11:29.365660+00:00,1775358689365660000,174399695465541,1050,,,ETF,3016,40,3018.5,-5.0,2.862985625,
36431,market_research_2026-04-04_22-09-26_live_round,3bd4c34433f6425a9a51794da6b91ced,2026-04-05T03:11:29.427861+00:00,1775358689427861000,174399757667250,1050,,,ETF,3017,60,3018.5,-3.0,2.925187334,
36446,market_research_2026-04-04_22-09-26_live_round,3bd4c34433f6425a9a51794da6b91ced,2026-04-05T03:11:29.494884+00:00,1775358689494884000,174399824689541,1050,,,ETF,3018,80,3018.5,-1.0,2.992209625,
36481,market_research_2026-04-04_22-09-26_live_round,3bd4c34433f6425a9a51794da6b91ced,2026-04-05T03:11:29.654535+00:00,1775358689654535000,174399984341333,1050,,,ETF,3019,100,3022.0,-6.0,3.151861417,
36566,market_research_2026-04-04_22-09-26_live_round,3bd4c34433f6425a9a51794da6b91ced,2026-04-05T03:11:30.048236+00:00,1775358690048236000,174400378043375,1050,,,ETF,3018,40,3018.0,0.0,3.545563459,
36622,market_research_2026-04-04_22-09-26_live_round,3bd4c34433f6425a9a51794da6b91ced,2026-04-05T03:11:30.307816+00:00,1775358690307816000,174400637623458,1050,,,ETF,3019,40,3019.5,-1.0,3.805143542,
36633,market_research_2026-04-04_22-09-26_live_round,3bd4c34433f6425a9a51794da6b91ced,2026-04-05T03:11:30.354654+00:00,1775358690354654000,174400684461791,1050,,,ETF,3019,20,3019.0,0.0,3.851981875,
37016,market_research_2026-04-04_22-09-26_live_round,3bd4c34433f6425a9a51794da6b91ced,2026-04-05T03:11:32.173958+00:00,1775358692173958000,174402503769500,1050,,,ETF,3019,40,3016.5,-5.0,5.671289584,
37028,market_research_2026-04-04_22-09-26_live_round,3bd4c34433f6425a9a51794da6b91ced,2026-04-05T03:11:32.226529+00:00,1775358692226529000,174402556340375,1050,,,ETF,3018,60,3016.5,-3.0,5.723860459,
37033,market_research_2026-04-04_22-09-26_live_round,3bd4c34433f6425a9a51794da6b91ced,2026-04-05T03:11:32.242537+00:00,1775358692242537000,174402572348583,1050,,,ETF,3018,80,3017.0,-2.0,5.739868667,
37038,market_research_2026-04-04_22-09-26_live_round,3bd4c34433f6425a9a51794da6b91ced,2026-04-05T03:11:32.260319+00:00,1775358692260319000,174402590130125,1050,,,ETF,3018,20,3017.5,-1.0,5.757650209,
37039,market_research_2026-04-04_22-09-26_live_round,3bd4c34433f6425a9a51794da6b91ced,2026-04-05T03:11:32.260414+00:00,1775358692260414000,174402590225375,1050,,,ETF,3017,80,3017.5,-1.0,5.757745459,
37104,market_research_2026-04-04_22-09-26_live_round,3bd4c34433f6425a9a51794da6b91ced,2026-04-05T03:11:32.562894+00:00,1775358692562894000,174402892705791,1050,,,ETF,3016,40,3015.5,-1.0,6.060225875,
37112,market_research_2026-04-04_22-09-26_live_round,3bd4c34433f6425a9a51794da6b91ced,2026-04-05T03:11:32.596886+00:00,1775358692596886000,174402926697916,1050,,,ETF,3016,60,3016.0,0.0,6.094218,
37287,market_research_2026-04-04_22-09-26_live_round,3bd4c34433f6425a9a51794da6b91ced,2026-04-05T03:11:33.392401+00:00,1775358693392401000,174403722214958,1050,,,ETF,3003,40,3000.0,-6.0,6.889735042,
37304,market_research_2026-04-04_22-09-26_live_round,3bd4c34433f6425a9a51794da6b91ced,2026-04-05T03:11:33.468930+00:00,1775358693468930000,174403798743791,1050,,,ETF,3003,60,3000.5,-5.0,6.966263875,
37313,market_research_2026-04-04_22-09-26_live_round,3bd4c34433f6425a9a51794da6b91ced,2026-04-05T03:11:33.508863+00:00,1775358693508863000,174403838677083,1050,,,ETF,3001,40,3000.0,-2.0,7.006197167,
37314,market_research_2026-04-04_22-09-26_live_round,3bd4c34433f6425a9a51794da6b91ced,2026-04-05T03:11:33.508960+00:00,1775358693508960000,174403838773458,1050,,,ETF,3000,40,3000.0,-2.0,7.006293542,
37323,market_research_2026-04-04_22-09-26_live_round,3bd4c34433f6425a9a51794da6b91ced,2026-04-05T03:11:33.547850+00:00,1775358693547850000,174403877663708,1050,,,ETF,3000,20,3000.0,0.0,7.045183792,
37422,market_research_2026-04-04_22-09-26_live_round,3bd4c34433f6425a9a51794da6b91ced,2026-04-05T03:11:34.020656+00:00,1775358694020656000,174404350470791,1050,,,ETF,2999,40,3000.0,-2.0,7.517990875,
37447,market_research_2026-04-04_22-09-26_live_round,3bd4c34433f6425a9a51794da6b91ced,2026-04-05T03:11:34.137509+00:00,1775358694137509000,174404467323500,1050,,,ETF,3000,60,3000.0,0.0,7.634843584,
37483,market_research_2026-04-04_22-09-26_live_round,3bd4c34433f6425a9a51794da6b91ced,2026-04-05T03:11:34.310808+00:00,1775358694310808000,174404640622958,1075,,,ETF,3002,40,3004.5,-5.0,7.808143042,
37506,market_research_2026-04-04_22-09-26_live_round,3bd4c34433f6425a9a51794da6b91ced,2026-04-05T03:11:34.417721+00:00,1775358694417721000,174404747536000,1075,,,ETF,3002,60,3004.0,-4.0,7.915056084,
37550,market_research_2026-04-04_22-09-26_live_round,3bd4c34433f6425a9a51794da6b91ced,2026-04-05T03:11:34.626713+00:00,1775358694626713000,174404956529166,1075,,,ETF,3010,40,3010.0,0.0,8.12404925,
37742,market_research_2026-04-04_22-09-26_live_round,3bd4c34433f6425a9a51794da6b91ced,2026-04-05T03:11:35.567385+00:00,1775358695567385000,174405897202250,1075,,,ETF,3014,40,3014.5,-1.0,9.064722334,
37812,market_research_2026-04-04_22-09-26_live_round,3bd4c34433f6425a9a51794da6b91ced,2026-04-05T03:11:35.903718+00:00,1775358695903718000,174406233536500,1075,,,ETF,3014,40,3012.5,-3.0,9.401056584,
37819,market_research_2026-04-04_22-09-26_live_round,3bd4c34433f6425a9a51794da6b91ced,2026-04-05T03:11:35.934384+00:00,1775358695934384000,174406264202833,1075,,,ETF,3014,20,3013.0,-2.0,9.431722917,
37820,market_research_2026-04-04_22-09-26_live_round,3bd4c34433f6425a9a51794da6b91ced,2026-04-05T03:11:35.934483+00:00,1775358695934483000,174406264301708,1075,,,ETF,3013,40,3013.0,-2.0,9.431821792,
37838,market_research_2026-04-04_22-09-26_live_round,3bd4c34433f6425a9a51794da6b91ced,2026-04-05T03:11:36.016928+00:00,1775358696016928000,174406346746875,1075,,,ETF,3013,40,3013.0,0.0,9.514266959,
37878,market_research_2026-04-04_22-09-26_live_round,3bd4c34433f6425a9a51794da6b91ced,2026-04-05T03:11:36.207253+00:00,1775358696207253000,174406537071541,1075,,,ETF,3012,40,3004.5,-15.0,9.704591625,
37914,market_research_2026-04-04_22-09-26_live_round,3bd4c34433f6425a9a51794da6b91ced,2026-04-05T03:11:36.378380+00:00,1775358696378380000,174406708199083,1075,,,ETF,3012,60,3005.0,-14.0,9.875719167,
37919,market_research_2026-04-04_22-09-26_live_round,3bd4c34433f6425a9a51794da6b91ced,2026-04-05T03:11:36.397919+00:00,1775358696397919000,174406727738375,1075,,,ETF,3005,40,3002.0,-6.0,9.895258459,
37920,market_research_2026-04-04_22-09-26_live_round,3bd4c34433f6425a9a51794da6b91ced,2026-04-05T03:11:36.398014+00:00,1775358696398014000,174406727833416,1075,,,ETF,3004,40,3002.0,-6.0,9.8953535,
37926,market_research_2026-04-04_22-09-26_live_round,3bd4c34433f6425a9a51794da6b91ced,2026-04-05T03:11:36.422286+00:00,1775358696422286000,174406752105583,1075,,,ETF,3004,20,3002.0,-4.0,9.919625667,
37927,market_research_2026-04-04_22-09-26_live_round,3bd4c34433f6425a9a51794da6b91ced,2026-04-05T03:11:36.422379+00:00,1775358696422379000,174406752198833,1075,,,ETF,3003,80,3002.0,-4.0,9.919718917,
38025,market_research_2026-04-04_22-09-26_live_round,3bd4c34433f6425a9a51794da6b91ced,2026-04-05T03:11:36.899462+00:00,1775358696899462000,174407229282833,1075,,,ETF,2997,40,2996.0,-2.0,10.396802917,
38045,market_research_2026-04-04_22-09-26_live_round,3bd4c34433f6425a9a51794da6b91ced,2026-04-05T03:11:36.993805+00:00,1775358696993805000,174407323625000,1075,,,ETF,2996,60,2996.0,0.0,10.491145084,
38363,market_research_2026-04-04_22-09-26_live_round,3bd4c34433f6425a9a51794da6b91ced,2026-04-05T03:11:38.604204+00:00,1775358698604204000,174408934027750,1075,,,ETF,2993,40,2992.0,-2.0,12.101547834,
38369,market_research_2026-04-04_22-09-26_live_round,3bd4c34433f6425a9a51794da6b91ced,2026-04-05T03:11:38.629867+00:00,1775358698629867000,174408959690458,1075,,,ETF,2992,60,2992.0,0.0,12.127210542,
38412,market_research_2026-04-04_22-09-26_live_round,3bd4c34433f6425a9a51794da6b91ced,2026-04-05T03:11:38.841902+00:00,1775358698841902000,174409171726250,1075,,,ETF,2990,40,2985.5,-9.0,12.339246334,
38430,market_research_2026-04-04_22-09-26_live_round,3bd4c34433f6425a9a51794da6b91ced,2026-04-05T03:11:38.925076+00:00,1775358698925076000,174409254900291,1075,,,ETF,2990,60,2986.0,-8.0,12.422420375,
38436,market_research_2026-04-04_22-09-26_live_round,3bd4c34433f6425a9a51794da6b91ced,2026-04-05T03:11:38.951340+00:00,1775358698951340000,174409281164291,1075,,,ETF,2985,40,2984.0,-2.0,12.448684375,
38437,market_research_2026-04-04_22-09-26_live_round,3bd4c34433f6425a9a51794da6b91ced,2026-04-05T03:11:38.951453+00:00,1775358698951453000,174409281277208,1075,,,ETF,2984,40,2984.0,-2.0,12.448797292,
38444,market_research_2026-04-04_22-09-26_live_round,3bd4c34433f6425a9a51794da6b91ced,2026-04-05T03:11:38.981719+00:00,1775358698981719000,174409311543166,1075,,,ETF,2984,20,2984.0,0.0,12.47906325,
38489,market_research_2026-04-04_22-09-26_live_round,3bd4c34433f6425a9a51794da6b91ced,2026-04-05T03:11:39.202288+00:00,1775358699202288000,174409532112791,1075,,,ETF,2982,40,2978.5,-7.0,12.699632875,
38511,market_research_2026-04-04_22-09-26_live_round,3bd4c34433f6425a9a51794da6b91ced,2026-04-05T03:11:39.306073+00:00,1775358699306073000,174409635898375,1075,,,ETF,2982,60,2979.0,-6.0,12.803418459,
38549,market_research_2026-04-04_22-09-26_live_round,3bd4c34433f6425a9a51794da6b91ced,2026-04-05T03:11:39.483311+00:00,1775358699483311000,174409813136541,1075,,,ETF,2977,40,2978.0,-2.0,12.980656625,
38556,market_research_2026-04-04_22-09-26_live_round,3bd4c34433f6425a9a51794da6b91ced,2026-04-05T03:11:39.513724+00:00,1775358699513724000,174409843549666,1075,,,ETF,2977,40,2977.5,-1.0,13.01106975,
38557,market_research_2026-04-04_22-09-26_live_round,3bd4c34433f6425a9a51794da6b91ced,2026-04-05T03:11:39.515362+00:00,1775358699515362000,174409845187583,1075,,,ETF,2978,20,2977.5,-1.0,13.012707667,
38684,market_research_2026-04-04_22-09-26_live_round,3bd4c34433f6425a9a51794da6b91ced,2026-04-05T03:11:40.148688+00:00,1775358700148688000,174410478514500,1075,,,ETF,2982,40,2983.0,-2.0,13.646034584,
38705,market_research_2026-04-04_22-09-26_live_round,3bd4c34433f6425a9a51794da6b91ced,2026-04-05T03:11:40.246680+00:00,1775358700246680000,174410576506416,1075,,,ETF,2983,60,2983.0,0.0,13.7440265,
38873,market_research_2026-04-04_22-09-26_live_round,3bd4c34433f6425a9a51794da6b91ced,2026-04-05T03:11:41.095744+00:00,1775358701095744000,174411425572083,1075,,,ETF,2991,40,2996.0,-10.0,14.593092167,
38901,market_research_2026-04-04_22-09-26_live_round,3bd4c34433f6425a9a51794da6b91ced,2026-04-05T03:11:41.229766+00:00,1775358701229766000,174411559595291,1075,,,ETF,2992,60,2996.0,-8.0,14.727115375,
38907,market_research_2026-04-04_22-09-26_live_round,3bd4c34433f6425a9a51794da6b91ced,2026-04-05T03:11:41.254687+00:00,1775358701254687000,174411584516166,1075,,,ETF,2993,80,2996.0,-6.0,14.75203625,
38912,market_research_2026-04-04_22-09-26_live_round,3bd4c34433f6425a9a51794da6b91ced,2026-04-05T03:11:41.274549+00:00,1775358701274549000,174411604377916,1075,,,ETF,2993,20,2995.5,-5.0,14.771898,
38913,market_research_2026-04-04_22-09-26_live_round,3bd4c34433f6425a9a51794da6b91ced,2026-04-05T03:11:41.274646+00:00,1775358701274646000,174411604475416,1075,,,ETF,2993,80,2995.5,-5.0,14.7719955,
38944,market_research_2026-04-04_22-09-26_live_round,3bd4c34433f6425a9a51794da6b91ced,2026-04-05T03:11:41.426354+00:00,1775358701426354000,174411756182833,1075,,,ETF,2994,40,2996.0,-4.0,14.923702917,
38954,market_research_2026-04-04_22-09-26_live_round,3bd4c34433f6425a9a51794da6b91ced,2026-04-05T03:11:41.472439+00:00,1775358701472439000,174411802268708,1075,,,ETF,2994,60,2995.5,-3.0,14.969788792,
39085,market_research_2026-04-04_22-09-26_live_round,3bd4c34433f6425a9a51794da6b91ced,2026-04-05T03:11:42.135224+00:00,1775358702135224000,174412465054375,1075,,,ETF,3001,40,3000.0,-2.0,15.632574459,
39097,market_research_2026-04-04_22-09-26_live_round,3bd4c34433f6425a9a51794da6b91ced,2026-04-05T03:11:42.189817+00:00,1775358702189817000,174412519647958,1075,,,ETF,3000,60,3000.0,0.0,15.687168042,
39259,market_research_2026-04-04_22-09-26_live_round,3bd4c34433f6425a9a51794da6b91ced,2026-04-05T03:11:42.994898+00:00,1775358702994898000,174413324730375,1075,,,ETF,3005,40,3006.5,-3.0,16.492250459,
39277,market_research_2026-04-04_22-09-26_live_round,3bd4c34433f6425a9a51794da6b91ced,2026-04-05T03:11:43.079348+00:00,1775358703079348000,174413409180875,1075,,,ETF,3005,60,3006.0,-2.0,16.576700959,
39293,market_research_2026-04-04_22-09-26_live_round,3bd4c34433f6425a9a51794da6b91ced,2026-04-05T03:11:43.154301+00:00,1775358703154301000,174413484133916,1075,,,ETF,3005,40,3005.5,-1.0,16.651654,
39294,market_research_2026-04-04_22-09-26_live_round,3bd4c34433f6425a9a51794da6b91ced,2026-04-05T03:11:43.156092+00:00,1775358703156092000,174413485924333,1075,,,ETF,3006,40,3005.5,-1.0,16.653444417,
39333,market_research_2026-04-04_22-09-26_live_round,3bd4c34433f6425a9a51794da6b91ced,2026-04-05T03:11:43.349371+00:00,1775358703349371000,174413679204375,1075,,,ETF,3008,40,3012.5,-9.0,16.846724459,
39345,market_research_2026-04-04_22-09-26_live_round,3bd4c34433f6425a9a51794da6b91ced,2026-04-05T03:11:43.404651+00:00,1775358703404651000,174413734483833,1075,,,ETF,3008,60,3012.0,-8.0,16.902003917,
39364,market_research_2026-04-04_22-09-26_live_round,3bd4c34433f6425a9a51794da6b91ced,2026-04-05T03:11:43.495727+00:00,1775358703495727000,174413825560166,1075,,,ETF,3014,40,3014.5,-1.0,16.99308025,
39365,market_research_2026-04-04_22-09-26_live_round,3bd4c34433f6425a9a51794da6b91ced,2026-04-05T03:11:43.495838+00:00,1775358703495838000,174413825671375,1075,,,ETF,3015,40,3014.5,-1.0,16.993191459,
39412,market_research_2026-04-04_22-09-26_live_round,3bd4c34433f6425a9a51794da6b91ced,2026-04-05T03:11:43.719392+00:00,1775358703719392000,174414049225333,1075,,,ETF,3017,40,3018.0,-2.0,17.216745417,
39429,market_research_2026-04-04_22-09-26_live_round,3bd4c34433f6425a9a51794da6b91ced,2026-04-05T03:11:43.800711+00:00,1775358703800711000,174414130544791,1075,,,ETF,3017,60,3017.5,-1.0,17.298064875,
39612,market_research_2026-04-04_22-09-26_live_round,3bd4c34433f6425a9a51794da6b91ced,2026-04-05T03:11:44.731320+00:00,1775358704731320000,174415061156083,1075,,,ETF,3017,40,3015.5,-3.0,18.228676167,
39636,market_research_2026-04-04_22-09-26_live_round,3bd4c34433f6425a9a51794da6b91ced,2026-04-05T03:11:44.847084+00:00,1775358704847084000,174415176919666,1075,,,ETF,3016,60,3015.5,-1.0,18.34443975,
39798,market_research_2026-04-04_22-09-26_live_round,3bd4c34433f6425a9a51794da6b91ced,2026-04-05T03:11:45.671601+00:00,1775358705671601000,174416001438208,1075,,,ETF,3015,40,3016.0,-2.0,19.168958292,
39829,market_research_2026-04-04_22-09-26_live_round,3bd4c34433f6425a9a51794da6b91ced,2026-04-05T03:11:45.821909+00:00,1775358705821909000,174416151747000,1075,,,ETF,3016,60,3016.0,0.0,19.319267084,
39929,market_research_2026-04-04_22-09-26_live_round,3bd4c34433f6425a9a51794da6b91ced,2026-04-05T03:11:46.334207+00:00,1775358706334207000,174416664045625,1075,,,ETF,3014,40,3013.5,-1.0,19.831565709,
39960,market_research_2026-04-04_22-09-26_live_round,3bd4c34433f6425a9a51794da6b91ced,2026-04-05T03:11:46.488968+00:00,1775358706488968000,174416818807333,1075,,,ETF,3014,60,3014.0,0.0,19.986327417,
40143,market_research_2026-04-04_22-09-26_live_round,3bd4c34433f6425a9a51794da6b91ced,2026-04-05T03:11:47.429838+00:00,1775358707429838000,174417759679166,1075,,,ETF,3005,40,3003.0,-4.0,20.92719925,
40150,market_research_2026-04-04_22-09-26_live_round,3bd4c34433f6425a9a51794da6b91ced,2026-04-05T03:11:47.461435+00:00,1775358707461435000,174417791276083,1075,,,ETF,3004,60,3003.0,-2.0,20.958796167,
40155,market_research_2026-04-04_22-09-26_live_round,3bd4c34433f6425a9a51794da6b91ced,2026-04-05T03:11:47.482341+00:00,1775358707482341000,174417812181875,1075,,,ETF,3004,80,3003.5,-1.0,20.979701959,
40162,market_research_2026-04-04_22-09-26_live_round,3bd4c34433f6425a9a51794da6b91ced,2026-04-05T03:11:47.515522+00:00,1775358707515522000,174417845362541,1075,,,ETF,3004,20,3004.0,0.0,21.012882625,
40202,market_research_2026-04-04_22-09-26_live_round,3bd4c34433f6425a9a51794da6b91ced,2026-04-05T03:11:47.716144+00:00,1775358707716144000,174418045985291,1075,,,ETF,3002,40,3000.5,-3.0,21.213505375,
40229,market_research_2026-04-04_22-09-26_live_round,3bd4c34433f6425a9a51794da6b91ced,2026-04-05T03:11:47.852867+00:00,1775358707852867000,174418182708375,1075,,,ETF,3002,60,3001.0,-2.0,21.350228459,
40333,market_research_2026-04-04_22-09-26_live_round,3bd4c34433f6425a9a51794da6b91ced,2026-04-05T03:11:48.385081+00:00,1775358708385081000,174418714923958,1075,,,ETF,2990,40,2990.0,0.0,21.882444042,
40390,market_research_2026-04-04_22-09-26_live_round,3bd4c34433f6425a9a51794da6b91ced,2026-04-05T03:11:48.676088+00:00,1775358708676088000,174419005931750,1075,,,ETF,2991,60,2998.0,-14.0,22.173451834,
40391,market_research_2026-04-04_22-09-26_live_round,3bd4c34433f6425a9a51794da6b91ced,2026-04-05T03:11:48.678235+00:00,1775358708678235000,174419008078083,1075,,,ETF,2992,80,2998.0,-14.0,22.175598167,
40392,market_research_2026-04-04_22-09-26_live_round,3bd4c34433f6425a9a51794da6b91ced,2026-04-05T03:11:48.678339+00:00,1775358708678339000,174419008182875,1075,,,ETF,2993,60,2998.0,-14.0,22.175702959,
40408,market_research_2026-04-04_22-09-26_live_round,3bd4c34433f6425a9a51794da6b91ced,2026-04-05T03:11:48.759510+00:00,1775358708759510000,174419089353083,1075,,,ETF,2993,40,2995.0,-4.0,22.256873167,
40525,market_research_2026-04-04_22-09-26_live_round,3bd4c34433f6425a9a51794da6b91ced,2026-04-05T03:11:49.361929+00:00,1775358709361929000,174419691773583,1075,,,ETF,3006,40,3011.0,-10.0,22.859293667,
40545,market_research_2026-04-04_22-09-26_live_round,3bd4c34433f6425a9a51794da6b91ced,2026-04-05T03:11:49.462604+00:00,1775358709462604000,174419792448416,1075,,,ETF,3006,60,3010.5,-9.0,22.9599685,
40556,market_research_2026-04-04_22-09-26_live_round,3bd4c34433f6425a9a51794da6b91ced,2026-04-05T03:11:49.516413+00:00,1775358709516413000,174419846258125,1075,,,ETF,3008,40,3011.0,-6.0,23.013778209,
40557,market_research_2026-04-04_22-09-26_live_round,3bd4c34433f6425a9a51794da6b91ced,2026-04-05T03:11:49.516511+00:00,1775358709516511000,174419846356125,1075,,,ETF,3009,40,3011.0,-6.0,23.013876209,
40564,market_research_2026-04-04_22-09-26_live_round,3bd4c34433f6425a9a51794da6b91ced,2026-04-05T03:11:49.547792+00:00,1775358709547792000,174419877637041,1075,,,ETF,3009,20,3011.0,-4.0,23.045157125,
40565,market_research_2026-04-04_22-09-26_live_round,3bd4c34433f6425a9a51794da6b91ced,2026-04-05T03:11:49.547889+00:00,1775358709547889000,174419877734458,1075,,,ETF,3010,80,3011.0,-4.0,23.045254542,
40607,market_research_2026-04-04_22-09-26_live_round,3bd4c34433f6425a9a51794da6b91ced,2026-04-05T03:11:49.762539+00:00,1775358709762539000,174420092384250,1075,,,ETF,3011,40,3011.0,0.0,23.259904334,
40745,market_research_2026-04-04_22-09-26_live_round,3bd4c34433f6425a9a51794da6b91ced,2026-04-05T03:11:50.480842+00:00,1775358710480842000,174420810688416,1075,,,ETF,3020,40,3020.0,0.0,23.9782085,
40856,market_research_2026-04-04_22-09-26_live_round,3bd4c34433f6425a9a51794da6b91ced,2026-04-05T03:11:51.063175+00:00,1775358711063175000,174421393022458,1075,,,ETF,3028,40,3029.0,-2.0,24.560542542,
40857,market_research_2026-04-04_22-09-26_live_round,3bd4c34433f6425a9a51794da6b91ced,2026-04-05T03:11:51.063281+00:00,1775358711063281000,174421393129208,1075,,,ETF,3029,100,3029.0,-2.0,24.560649292,
40858,market_research_2026-04-04_22-09-26_live_round,3bd4c34433f6425a9a51794da6b91ced,2026-04-05T03:11:51.063371+00:00,1775358711063371000,174421393219541,1075,,,ETF,3029,60,3029.0,-2.0,24.560739625,
41008,market_research_2026-04-04_22-09-26_live_round,3bd4c34433f6425a9a51794da6b91ced,2026-04-05T03:11:51.850904+00:00,1775358711850904000,174422180754083,1075,,,ETF,3019,40,3019.0,0.0,25.348274167,
41121,market_research_2026-04-04_22-09-26_live_round,3bd4c34433f6425a9a51794da6b91ced,2026-04-05T03:11:52.444820+00:00,1775358712444820000,174422774670791,1075,,,ETF,3021,40,3023.0,-4.0,25.942190875,
41150,market_research_2026-04-04_22-09-26_live_round,3bd4c34433f6425a9a51794da6b91ced,2026-04-05T03:11:52.593038+00:00,1775358712593038000,174422922888750,1075,,,ETF,3022,60,3023.0,-2.0,26.090408834,
41155,market_research_2026-04-04_22-09-26_live_round,3bd4c34433f6425a9a51794da6b91ced,2026-04-05T03:11:52.612863+00:00,1775358712612863000,174422942714125,1075,,,ETF,3022,40,3022.5,-1.0,26.110234209,
41156,market_research_2026-04-04_22-09-26_live_round,3bd4c34433f6425a9a51794da6b91ced,2026-04-05T03:11:52.614484+00:00,1775358712614484000,174422944335625,1075,,,ETF,3022,40,3022.5,-1.0,26.111855709,
41161,market_research_2026-04-04_22-09-26_live_round,3bd4c34433f6425a9a51794da6b91ced,2026-04-05T03:11:52.635043+00:00,1775358712635043000,174422964894583,1075,,,ETF,3022,20,3022.0,0.0,26.132414667,
41191,market_research_2026-04-04_22-09-26_live_round,3bd4c34433f6425a9a51794da6b91ced,2026-04-05T03:11:52.790241+00:00,1775358712790241000,174423120092166,1075,,,ETF,3024,40,3027.5,-7.0,26.28761225,
41210,market_research_2026-04-04_22-09-26_live_round,3bd4c34433f6425a9a51794da6b91ced,2026-04-05T03:11:52.883762+00:00,1775358712883762000,174423213613208,1075,,,ETF,3024,60,3027.0,-6.0,26.381133292,
41592,market_research_2026-04-04_22-09-26_live_round,3bd4c34433f6425a9a51794da6b91ced,2026-04-05T03:11:54.908603+00:00,1775358714908603000,174425238458416,1075,,,ETF,3042,40,3036.0,-12.0,28.4059785,
41599,market_research_2026-04-04_22-09-26_live_round,3bd4c34433f6425a9a51794da6b91ced,2026-04-05T03:11:54.941190+00:00,1775358714941190000,174425271045791,1075,,,ETF,3041,60,3036.0,-10.0,28.438565875,
41606,market_research_2026-04-04_22-09-26_live_round,3bd4c34433f6425a9a51794da6b91ced,2026-04-05T03:11:54.974200+00:00,1775358714974200000,174425304055708,1075,,,ETF,3040,80,3036.0,-8.0,28.471575792,
41616,market_research_2026-04-04_22-09-26_live_round,3bd4c34433f6425a9a51794da6b91ced,2026-04-05T03:11:55.021556+00:00,1775358715021556000,174425351412166,1075,,,ETF,3039,100,3036.0,-6.0,28.51893225,
41666,market_research_2026-04-04_22-09-26_live_round,3bd4c34433f6425a9a51794da6b91ced,2026-04-05T03:11:55.285733+00:00,1775358715285733000,174425615589041,1075,,,ETF,3024,40,3022.5,-3.0,28.783109125,
41681,market_research_2026-04-04_22-09-26_live_round,3bd4c34433f6425a9a51794da6b91ced,2026-04-05T03:11:55.358809+00:00,1775358715358809000,174425688665791,1075,,,ETF,3023,60,3022.5,-1.0,28.856185875,
41866,market_research_2026-04-04_22-09-26_live_round,3bd4c34433f6425a9a51794da6b91ced,2026-04-05T03:11:56.367004+00:00,1775358716367004000,174426696862125,1075,,,ETF,3021,40,3021.0,0.0,29.864382209,
41917,market_research_2026-04-04_22-09-26_live_round,3bd4c34433f6425a9a51794da6b91ced,2026-04-05T03:11:56.644086+00:00,1775358716644086000,174426973944416,1075,,,ETF,3022,40,3022.0,0.0,30.1414645,
42241,market_research_2026-04-04_22-09-26_live_round,3bd4c34433f6425a9a51794da6b91ced,2026-04-05T03:11:58.412397+00:00,1775358718412397000,174428742258916,1075,,,ETF,3032,40,3032.0,0.0,31.909779,
42314,market_research_2026-04-04_22-09-26_live_round,3bd4c34433f6425a9a51794da6b91ced,2026-04-05T03:11:58.806885+00:00,1775358718806885000,174429136748250,1075,,,ETF,3036,40,3037.5,-3.0,32.304268334,
42328,market_research_2026-04-04_22-09-26_live_round,3bd4c34433f6425a9a51794da6b91ced,2026-04-05T03:11:58.879014+00:00,1775358718879014000,174429208877583,1075,,,ETF,3036,60,3037.0,-2.0,32.376397667,
42437,market_research_2026-04-04_22-09-26_live_round,3bd4c34433f6425a9a51794da6b91ced,2026-04-05T03:11:59.468184+00:00,1775358719468184000,174429798048166,1075,,,ETF,3036,40,3034.5,-3.0,32.96556825,
42463,market_research_2026-04-04_22-09-26_live_round,3bd4c34433f6425a9a51794da6b91ced,2026-04-05T03:11:59.603859+00:00,1775358719603859000,174429933723666,1075,,,ETF,3036,60,3035.0,-2.0,33.10124375,
42506,market_research_2026-04-04_22-09-26_live_round,3bd4c34433f6425a9a51794da6b91ced,2026-04-05T03:11:59.835544+00:00,1775358719835544000,174430165409000,1075,,,ETF,3029,40,3025.5,-7.0,33.332929084,
42522,market_research_2026-04-04_22-09-26_live_round,3bd4c34433f6425a9a51794da6b91ced,2026-04-05T03:11:59.916941+00:00,1775358719916941000,174430246806125,1075,,,ETF,3029,60,3026.0,-6.0,33.414326209,
42540,market_research_2026-04-04_22-09-26_live_round,3bd4c34433f6425a9a51794da6b91ced,2026-04-05T03:12:00.011089+00:00,1775358720011089000,174430340954500,1075,,,ETF,3027,40,3025.5,-3.0,33.508474584,
42541,market_research_2026-04-04_22-09-26_live_round,3bd4c34433f6425a9a51794da6b91ced,2026-04-05T03:12:00.012883+00:00,1775358720012883000,174430342748916,1075,,,ETF,3026,40,3025.5,-3.0,33.510269,
42547,market_research_2026-04-04_22-09-26_live_round,3bd4c34433f6425a9a51794da6b91ced,2026-04-05T03:12:00.038377+00:00,1775358720038377000,174430368242083,1075,,,ETF,3026,20,3025.5,-1.0,33.535762167,
42548,market_research_2026-04-04_22-09-26_live_round,3bd4c34433f6425a9a51794da6b91ced,2026-04-05T03:12:00.038476+00:00,1775358720038476000,174430368341541,1075,,,ETF,3025,80,3025.5,-1.0,33.535861625,
42587,market_research_2026-04-04_22-09-26_live_round,3bd4c34433f6425a9a51794da6b91ced,2026-04-05T03:12:00.246610+00:00,1775358720246610000,174430576476333,1075,,,ETF,3024,40,3014.5,-19.0,33.743996417,
42599,market_research_2026-04-04_22-09-26_live_round,3bd4c34433f6425a9a51794da6b91ced,2026-04-05T03:12:00.306592+00:00,1775358720306592000,174430636458291,1075,,,ETF,3024,60,3015.0,-18.0,33.803978375,
42605,market_research_2026-04-04_22-09-26_live_round,3bd4c34433f6425a9a51794da6b91ced,2026-04-05T03:12:00.333885+00:00,1775358720333885000,174430663750916,1075,,,ETF,3016,40,3011.5,-9.0,33.831271,
42606,market_research_2026-04-04_22-09-26_live_round,3bd4c34433f6425a9a51794da6b91ced,2026-04-05T03:12:00.335615+00:00,1775358720335615000,174430665481666,1075,,,ETF,3015,40,3011.5,-9.0,33.83300175,
42612,market_research_2026-04-04_22-09-26_live_round,3bd4c34433f6425a9a51794da6b91ced,2026-04-05T03:12:00.362944+00:00,1775358720362944000,174430692810250,1075,,,ETF,3015,20,3011.5,-7.0,33.860330334,
42613,market_research_2026-04-04_22-09-26_live_round,3bd4c34433f6425a9a51794da6b91ced,2026-04-05T03:12:00.363038+00:00,1775358720363038000,174430692904000,1075,,,ETF,3014,80,3011.5,-7.0,33.860424084,
42647,market_research_2026-04-04_22-09-26_live_round,3bd4c34433f6425a9a51794da6b91ced,2026-04-05T03:12:00.541691+00:00,1775358720541691000,174430871557541,1075,,,ETF,3013,40,3010.5,-5.0,34.039077625,
42674,market_research_2026-04-04_22-09-26_live_round,3bd4c34433f6425a9a51794da6b91ced,2026-04-05T03:12:00.682045+00:00,1775358720682045000,174431011911583,1075,,,ETF,3013,60,3011.0,-4.0,34.179431667,
42834,market_research_2026-04-04_22-09-26_live_round,3bd4c34433f6425a9a51794da6b91ced,2026-04-05T03:12:01.550251+00:00,1775358721550251000,174431880119750,1075,,,ETF,3012,40,3012.5,-1.0,35.047639834,
42835,market_research_2026-04-04_22-09-26_live_round,3bd4c34433f6425a9a51794da6b91ced,2026-04-05T03:12:01.550358+00:00,1775358721550358000,174431880226666,1075,,,ETF,3013,60,3012.5,-1.0,35.04774675,
43062,market_research_2026-04-04_22-09-26_live_round,3bd4c34433f6425a9a51794da6b91ced,2026-04-05T03:12:02.785869+00:00,1775358722785869000,174433115740208,1075,,,ETF,3008,40,3006.5,-3.0,36.283260292,
43067,market_research_2026-04-04_22-09-26_live_round,3bd4c34433f6425a9a51794da6b91ced,2026-04-05T03:12:02.808620+00:00,1775358722808620000,174433138490958,1075,,,ETF,3007,60,3006.5,-1.0,36.306011042,
43161,market_research_2026-04-04_22-09-26_live_round,3bd4c34433f6425a9a51794da6b91ced,2026-04-05T03:12:03.327439+00:00,1775358723327439000,174433657310833,1075,,,ETF,3008,40,3015.5,-15.0,36.824830917,
43195,market_research_2026-04-04_22-09-26_live_round,3bd4c34433f6425a9a51794da6b91ced,2026-04-05T03:12:03.515303+00:00,1775358723515303000,174433845175541,1075,,,ETF,3008,60,3015.0,-14.0,37.012695625,
43202,market_research_2026-04-04_22-09-26_live_round,3bd4c34433f6425a9a51794da6b91ced,2026-04-05T03:12:03.549124+00:00,1775358723549124000,174433878996208,1075,,,ETF,3012,40,3016.5,-9.0,37.046516292,
43203,market_research_2026-04-04_22-09-26_live_round,3bd4c34433f6425a9a51794da6b91ced,2026-04-05T03:12:03.549228+00:00,1775358723549228000,174433879100791,1075,,,ETF,3013,40,3016.5,-9.0,37.046620875,
43209,market_research_2026-04-04_22-09-26_live_round,3bd4c34433f6425a9a51794da6b91ced,2026-04-05T03:12:03.577028+00:00,1775358723577028000,174433906900750,1075,,,ETF,3013,20,3016.5,-7.0,37.074420834,
43210,market_research_2026-04-04_22-09-26_live_round,3bd4c34433f6425a9a51794da6b91ced,2026-04-05T03:12:03.577128+00:00,1775358723577128000,174433907000333,1075,,,ETF,3014,80,3016.5,-7.0,37.074520417,
43256,market_research_2026-04-04_22-09-26_live_round,3bd4c34433f6425a9a51794da6b91ced,2026-04-05T03:12:03.822259+00:00,1775358723822259000,174434152132166,1075,,,ETF,3015,40,3020.0,-10.0,37.31965225,
43261,market_research_2026-04-04_22-09-26_live_round,3bd4c34433f6425a9a51794da6b91ced,2026-04-05T03:12:03.844689+00:00,1775358723844689000,174434174561750,1075,,,ETF,3015,60,3019.5,-9.0,37.342081834,
43448,market_research_2026-04-04_22-09-26_live_round,3bd4c34433f6425a9a51794da6b91ced,2026-04-05T03:12:04.877539+00:00,1775358724877539000,174435207414416,1075,,,ETF,3024,40,3021.5,-5.0,38.3749345,
43466,market_research_2026-04-04_22-09-26_live_round,3bd4c34433f6425a9a51794da6b91ced,2026-04-05T03:12:04.972255+00:00,1775358724972255000,174435302130500,1075,,,ETF,3023,60,3021.5,-3.0,38.469650584,
43471,market_research_2026-04-04_22-09-26_live_round,3bd4c34433f6425a9a51794da6b91ced,2026-04-05T03:12:04.994650+00:00,1775358724994650000,174435324525625,1075,,,ETF,3022,80,3021.5,-1.0,38.492045709,
43562,market_research_2026-04-04_22-09-26_live_round,3bd4c34433f6425a9a51794da6b91ced,2026-04-05T03:12:05.496230+00:00,1775358725496230000,174435826106125,1075,,,ETF,3022,40,3025.0,-6.0,38.993626209,
43586,market_research_2026-04-04_22-09-26_live_round,3bd4c34433f6425a9a51794da6b91ced,2026-04-05T03:12:05.624189+00:00,1775358725624189000,174435954065875,1075,,,ETF,3022,60,3024.5,-5.0,39.121585959,
43597,market_research_2026-04-04_22-09-26_live_round,3bd4c34433f6425a9a51794da6b91ced,2026-04-05T03:12:05.682096+00:00,1775358725682096000,174436011972833,1075,,,ETF,3024,40,3025.0,-2.0,39.179492917,
43598,market_research_2026-04-04_22-09-26_live_round,3bd4c34433f6425a9a51794da6b91ced,2026-04-05T03:12:05.683983+00:00,1775358725683983000,174436013859500,1075,,,ETF,3025,40,3025.0,-2.0,39.181379584,
43604,market_research_2026-04-04_22-09-26_live_round,3bd4c34433f6425a9a51794da6b91ced,2026-04-05T03:12:05.710332+00:00,1775358725710332000,174436040208625,1075,,,ETF,3025,20,3025.0,0.0,39.207728709,
43701,market_research_2026-04-04_22-09-26_live_round,3bd4c34433f6425a9a51794da6b91ced,2026-04-05T03:12:06.244617+00:00,1775358726244617000,174436574494375,1075,,,ETF,3031,40,3033.5,-5.0,39.742014459,
43702,market_research_2026-04-04_22-09-26_live_round,3bd4c34433f6425a9a51794da6b91ced,2026-04-05T03:12:06.244728+00:00,1775358726244728000,174436574605375,1075,,,ETF,3032,60,3033.5,-5.0,39.742125459,
43703,market_research_2026-04-04_22-09-26_live_round,3bd4c34433f6425a9a51794da6b91ced,2026-04-05T03:12:06.244819+00:00,1775358726244819000,174436574697041,1075,,,ETF,3033,80,3033.5,-5.0,39.742217125,
43704,market_research_2026-04-04_22-09-26_live_round,3bd4c34433f6425a9a51794da6b91ced,2026-04-05T03:12:06.244909+00:00,1775358726244909000,174436574786333,1075,,,ETF,3034,20,3033.5,-5.0,39.742306417,
43836,market_research_2026-04-04_22-09-26_live_round,3bd4c34433f6425a9a51794da6b91ced,2026-04-05T03:12:06.993383+00:00,1775358726993383000,174437323261500,1075,,,ETF,3033,40,3034.5,-3.0,40.490781584,
43837,market_research_2026-04-04_22-09-26_live_round,3bd4c34433f6425a9a51794da6b91ced,2026-04-05T03:12:06.993501+00:00,1775358726993501000,174437323380375,1075,,,ETF,3034,60,3034.5,-3.0,40.490900459,
43838,market_research_2026-04-04_22-09-26_live_round,3bd4c34433f6425a9a51794da6b91ced,2026-04-05T03:12:06.993599+00:00,1775358726993599000,174437323478666,1075,,,ETF,3035,80,3034.5,-3.0,40.49099875,
43839,market_research_2026-04-04_22-09-26_live_round,3bd4c34433f6425a9a51794da6b91ced,2026-04-05T03:12:06.993687+00:00,1775358726993687000,174437323566375,1075,,,ETF,3036,20,3034.5,-3.0,40.491086459,
43933,market_research_2026-04-04_22-09-26_live_round,3bd4c34433f6425a9a51794da6b91ced,2026-04-05T03:12:07.522930+00:00,1775358727522930000,174437852809750,1075,,,ETF,3028,40,3028.0,0.0,41.020329834,
44051,market_research_2026-04-04_22-09-26_live_round,3bd4c34433f6425a9a51794da6b91ced,2026-04-05T03:12:08.163850+00:00,1775358728163850000,174438493731041,1075,,,ETF,3026,40,3026.0,0.0,41.661251125,
44183,market_research_2026-04-04_22-09-26_live_round,3bd4c34433f6425a9a51794da6b91ced,2026-04-05T03:12:08.927347+00:00,1775358728927347000,174439257230291,1075,,,ETF,3024,40,3022.5,-3.0,42.424750375,
44195,market_research_2026-04-04_22-09-26_live_round,3bd4c34433f6425a9a51794da6b91ced,2026-04-05T03:12:08.990629+00:00,1775358728990629000,174439320511583,1075,,,ETF,3023,60,3022.5,-1.0,42.488031667,
44211,market_research_2026-04-04_22-09-26_live_round,3bd4c34433f6425a9a51794da6b91ced,2026-04-05T03:12:09.077507+00:00,1775358729077507000,174439407389750,1075,,,ETF,3023,80,3023.0,0.0,42.574909834,
44254,market_research_2026-04-04_22-09-26_live_round,3bd4c34433f6425a9a51794da6b91ced,2026-04-05T03:12:09.315939+00:00,1775358729315939000,174439645822666,1075,,,ETF,3024,40,3026.0,-4.0,42.81334275,
44274,market_research_2026-04-04_22-09-26_live_round,3bd4c34433f6425a9a51794da6b91ced,2026-04-05T03:12:09.422598+00:00,1775358729422598000,174439752481916,1075,,,ETF,3024,60,3025.5,-3.0,42.920002,
44438,market_research_2026-04-04_22-09-26_live_round,3bd4c34433f6425a9a51794da6b91ced,2026-04-05T03:12:10.364905+00:00,1775358730364905000,174440694791166,1075,,,ETF,3034,40,3036.5,-5.0,43.86231125,
44461,market_research_2026-04-04_22-09-26_live_round,3bd4c34433f6425a9a51794da6b91ced,2026-04-05T03:12:10.488798+00:00,1775358730488798000,174440818684375,1075,,,ETF,3035,60,3036.5,-3.0,43.986204459,
44477,market_research_2026-04-04_22-09-26_live_round,3bd4c34433f6425a9a51794da6b91ced,2026-04-05T03:12:10.574489+00:00,1775358730574489000,174440904375291,1075,,,ETF,3036,80,3036.5,-1.0,44.071895375,
44506,market_research_2026-04-04_22-09-26_live_round,3bd4c34433f6425a9a51794da6b91ced,2026-04-05T03:12:10.737563+00:00,1775358730737563000,174441067449041,1075,,,ETF,3037,100,3043.0,-12.0,44.234969125,
44507,market_research_2026-04-04_22-09-26_live_round,3bd4c34433f6425a9a51794da6b91ced,2026-04-05T03:12:10.737673+00:00,1775358730737673000,174441067559250,1075,,,ETF,3045,40,3043.0,-12.0,44.235079334,
44508,market_research_2026-04-04_22-09-26_live_round,3bd4c34433f6425a9a51794da6b91ced,2026-04-05T03:12:10.737766+00:00,1775358730737766000,174441067652083,1075,,,ETF,3046,60,3043.0,-12.0,44.235172167,
44700,market_research_2026-04-04_22-09-26_live_round,3bd4c34433f6425a9a51794da6b91ced,2026-04-05T03:12:11.844712+00:00,1775358731844712000,174442174601041,1075,,,ETF,3046,40,3046.0,0.0,45.342121125,
44790,market_research_2026-04-04_22-09-26_live_round,3bd4c34433f6425a9a51794da6b91ced,2026-04-05T03:12:12.353850+00:00,1775358732353850000,174442683739875,1075,,,ETF,3045,40,3044.5,-1.0,45.851259959,
44797,market_research_2026-04-04_22-09-26_live_round,3bd4c34433f6425a9a51794da6b91ced,2026-04-05T03:12:12.389909+00:00,1775358732389909000,174442719798583,1075,,,ETF,3045,20,3045.0,0.0,45.887318667,
45171,market_research_2026-04-04_22-09-26_live_round,3bd4c34433f6425a9a51794da6b91ced,2026-04-05T03:12:14.558638+00:00,1775358734558638000,174444888531500,1075,,,ETF,3042,40,3041.5,-1.0,48.056051584,
45302,market_research_2026-04-04_22-09-26_live_round,3bd4c34433f6425a9a51794da6b91ced,2026-04-05T03:12:15.321850+00:00,1775358735321850000,174445651745583,1075,,,ETF,3034,40,3030.0,-8.0,48.819265667,
45321,market_research_2026-04-04_22-09-26_live_round,3bd4c34433f6425a9a51794da6b91ced,2026-04-05T03:12:15.429219+00:00,1775358735429219000,174445759114166,1075,,,ETF,3033,60,3030.0,-6.0,48.92663425,
45327,market_research_2026-04-04_22-09-26_live_round,3bd4c34433f6425a9a51794da6b91ced,2026-04-05T03:12:15.459367+00:00,1775358735459367000,174445789262541,1075,,,ETF,3032,80,3030.0,-4.0,48.956782625,
45332,market_research_2026-04-04_22-09-26_live_round,3bd4c34433f6425a9a51794da6b91ced,2026-04-05T03:12:15.483178+00:00,1775358735483178000,174445813073583,1075,,,ETF,3032,100,3030.5,-3.0,48.980593667,
45422,market_research_2026-04-04_22-09-26_live_round,3bd4c34433f6425a9a51794da6b91ced,2026-04-05T03:12:16.002561+00:00,1775358736002561000,174446332457708,1075,,,ETF,3035,40,3036.5,-3.0,49.499977792,
45437,market_research_2026-04-04_22-09-26_live_round,3bd4c34433f6425a9a51794da6b91ced,2026-04-05T03:12:16.082035+00:00,1775358736082035000,174446411932250,1075,,,ETF,3036,60,3036.5,-1.0,49.579452334,
45494,market_research_2026-04-04_22-09-26_live_round,3bd4c34433f6425a9a51794da6b91ced,2026-04-05T03:12:16.407549+00:00,1775358736407549000,174446737446958,1075,,,ETF,3036,40,3035.5,-1.0,49.904967042,
45523,market_research_2026-04-04_22-09-26_live_round,3bd4c34433f6425a9a51794da6b91ced,2026-04-05T03:12:16.569057+00:00,1775358736569057000,174446898954958,1075,,,ETF,3036,40,3036.0,0.0,50.066475042,
45552,market_research_2026-04-04_22-09-26_live_round,3bd4c34433f6425a9a51794da6b91ced,2026-04-05T03:12:16.734328+00:00,1775358736734328000,174447064226250,1075,,,ETF,3036,20,3036.5,-1.0,50.231746334,
45553,market_research_2026-04-04_22-09-26_live_round,3bd4c34433f6425a9a51794da6b91ced,2026-04-05T03:12:16.734433+00:00,1775358736734433000,174447064330750,1075,,,ETF,3037,20,3036.5,-1.0,50.231850834,
45620,market_research_2026-04-04_22-09-26_live_round,3bd4c34433f6425a9a51794da6b91ced,2026-04-05T03:12:17.128976+00:00,1775358737128976000,174447458874583,1075,,,ETF,3038,40,3045.5,-15.0,50.626394667,
45641,market_research_2026-04-04_22-09-26_live_round,3bd4c34433f6425a9a51794da6b91ced,2026-04-05T03:12:17.244532+00:00,1775358737244532000,174447574431166,1075,,,ETF,3038,60,3045.0,-14.0,50.74195125,
45649,market_research_2026-04-04_22-09-26_live_round,3bd4c34433f6425a9a51794da6b91ced,2026-04-05T03:12:17.287731+00:00,1775358737287731000,174447617630000,1075,,,ETF,3043,40,3047.0,-8.0,50.785150084,
45650,market_research_2026-04-04_22-09-26_live_round,3bd4c34433f6425a9a51794da6b91ced,2026-04-05T03:12:17.289783+00:00,1775358737289783000,174447619682750,1075,,,ETF,3044,40,3047.0,-8.0,50.787202834,
45656,market_research_2026-04-04_22-09-26_live_round,3bd4c34433f6425a9a51794da6b91ced,2026-04-05T03:12:17.318915+00:00,1775358737318915000,174447648814791,1075,,,ETF,3044,20,3047.0,-6.0,50.816334875,
45657,market_research_2026-04-04_22-09-26_live_round,3bd4c34433f6425a9a51794da6b91ced,2026-04-05T03:12:17.319015+00:00,1775358737319015000,174447648914541,1075,,,ETF,3045,80,3047.0,-6.0,50.816434625,
45697,market_research_2026-04-04_22-09-26_live_round,3bd4c34433f6425a9a51794da6b91ced,2026-04-05T03:12:17.549152+00:00,1775358737549152000,174447879051458,1075,,,ETF,3046,40,3047.5,-3.0,51.046571542,
45708,market_research_2026-04-04_22-09-26_live_round,3bd4c34433f6425a9a51794da6b91ced,2026-04-05T03:12:17.609385+00:00,1775358737609385000,174447939284375,1075,,,ETF,3046,60,3047.0,-2.0,51.106804459,
45821,market_research_2026-04-04_22-09-26_live_round,3bd4c34433f6425a9a51794da6b91ced,2026-04-05T03:12:18.282581+00:00,1775358738282581000,174448612481875,1200,,,ETF,3051,40,3051.0,0.0,0.3835055,
45914,market_research_2026-04-04_22-09-26_live_round,3bd4c34433f6425a9a51794da6b91ced,2026-04-05T03:12:18.824733+00:00,1775358738824733000,174449154635000,1200,,,ETF,3050,40,3048.0,-4.0,0.925658625,
45922,market_research_2026-04-04_22-09-26_live_round,3bd4c34433f6425a9a51794da6b91ced,2026-04-05T03:12:18.866329+00:00,1775358738866329000,174449196231750,1200,,,ETF,3050,20,3048.5,-3.0,0.967255375,
45923,market_research_2026-04-04_22-09-26_live_round,3bd4c34433f6425a9a51794da6b91ced,2026-04-05T03:12:18.868386+00:00,1775358738868386000,174449198288750,1200,,,ETF,3049,40,3048.5,-3.0,0.969312375,
45932,market_research_2026-04-04_22-09-26_live_round,3bd4c34433f6425a9a51794da6b91ced,2026-04-05T03:12:18.916332+00:00,1775358738916332000,174449246234333,1200,,,ETF,3049,40,3048.5,-1.0,1.017257958,
45933,market_research_2026-04-04_22-09-26_live_round,3bd4c34433f6425a9a51794da6b91ced,2026-04-05T03:12:18.918328+00:00,1775358738918328000,174449248230791,1200,,,ETF,3048,40,3048.5,-1.0,1.019254416,
45976,market_research_2026-04-04_22-09-26_live_round,3bd4c34433f6425a9a51794da6b91ced,2026-04-05T03:12:19.163240+00:00,1775358739163240000,174449493142458,1200,,,ETF,3048,40,3047.0,-2.0,1.264166083,
45994,market_research_2026-04-04_22-09-26_live_round,3bd4c34433f6425a9a51794da6b91ced,2026-04-05T03:12:19.265991+00:00,1775358739265991000,174449595894208,1200,,,ETF,3048,20,3047.5,-1.0,1.366917833,
46099,market_research_2026-04-04_22-09-26_live_round,3bd4c34433f6425a9a51794da6b91ced,2026-04-05T03:12:19.869991+00:00,1775358739869991000,174450199894958,1200,,,ETF,3037,40,3035.0,-4.0,1.970918583,
46123,market_research_2026-04-04_22-09-26_live_round,3bd4c34433f6425a9a51794da6b91ced,2026-04-05T03:12:20.007984+00:00,1775358740007984000,174450337888833,1200,,,ETF,3037,60,3035.5,-3.0,2.108912458,
46131,market_research_2026-04-04_22-09-26_live_round,3bd4c34433f6425a9a51794da6b91ced,2026-04-05T03:12:20.049884+00:00,1775358740049884000,174450379788375,1200,,,ETF,3037,40,3036.0,-2.0,2.150812,
46132,market_research_2026-04-04_22-09-26_live_round,3bd4c34433f6425a9a51794da6b91ced,2026-04-05T03:12:20.049985+00:00,1775358740049985000,174450379889958,1200,,,ETF,3036,40,3036.0,-2.0,2.150913583,
46138,market_research_2026-04-04_22-09-26_live_round,3bd4c34433f6425a9a51794da6b91ced,2026-04-05T03:12:20.079826+00:00,1775358740079826000,174450409730125,1200,,,ETF,3036,20,3036.0,0.0,2.18075375,
46172,market_research_2026-04-04_22-09-26_live_round,3bd4c34433f6425a9a51794da6b91ced,2026-04-05T03:12:20.274909+00:00,1775358740274909000,174450604814375,1200,,,ETF,3034,40,3031.5,-5.0,2.375838,
46182,market_research_2026-04-04_22-09-26_live_round,3bd4c34433f6425a9a51794da6b91ced,2026-04-05T03:12:20.328443+00:00,1775358740328443000,174450658348041,1200,,,ETF,3034,60,3032.0,-4.0,2.429371666,
46293,market_research_2026-04-04_22-09-26_live_round,3bd4c34433f6425a9a51794da6b91ced,2026-04-05T03:12:20.971169+00:00,1775358740971169000,174451301075416,1200,,,ETF,3032,40,3033.0,-2.0,3.072099041,
46313,market_research_2026-04-04_22-09-26_live_round,3bd4c34433f6425a9a51794da6b91ced,2026-04-05T03:12:21.087707+00:00,1775358741087707000,174451417613166,1200,,,ETF,3032,60,3032.5,-1.0,3.188636791,
46375,market_research_2026-04-04_22-09-26_live_round,3bd4c34433f6425a9a51794da6b91ced,2026-04-05T03:12:21.449538+00:00,1775358741449538000,174451779445625,1200,,,ETF,3032,40,3031.5,-1.0,3.55046925,
46395,market_research_2026-04-04_22-09-26_live_round,3bd4c34433f6425a9a51794da6b91ced,2026-04-05T03:12:21.563920+00:00,1775358741563920000,174451893827375,1200,,,ETF,3032,40,3032.0,0.0,3.664851,
46445,market_research_2026-04-04_22-09-26_live_round,3bd4c34433f6425a9a51794da6b91ced,2026-04-05T03:12:21.855553+00:00,1775358741855553000,174452185461625,1200,,,ETF,3031,40,3025.0,-12.0,3.95648525,
46454,market_research_2026-04-04_22-09-26_live_round,3bd4c34433f6425a9a51794da6b91ced,2026-04-05T03:12:21.902990+00:00,1775358741902990000,174452232898041,1200,,,ETF,3031,60,3025.5,-11.0,4.003921666,
46465,market_research_2026-04-04_22-09-26_live_round,3bd4c34433f6425a9a51794da6b91ced,2026-04-05T03:12:21.963786+00:00,1775358741963786000,174452293694708,1200,,,ETF,3025,40,3023.0,-4.0,4.064718333,
46466,market_research_2026-04-04_22-09-26_live_round,3bd4c34433f6425a9a51794da6b91ced,2026-04-05T03:12:21.963895+00:00,1775358741963895000,174452293803791,1200,,,ETF,3024,40,3023.0,-4.0,4.064827416,
46474,market_research_2026-04-04_22-09-26_live_round,3bd4c34433f6425a9a51794da6b91ced,2026-04-05T03:12:22.006249+00:00,1775358742006249000,174452336157333,1200,,,ETF,3024,20,3023.0,-2.0,4.107180958,
46475,market_research_2026-04-04_22-09-26_live_round,3bd4c34433f6425a9a51794da6b91ced,2026-04-05T03:12:22.006352+00:00,1775358742006352000,174452336260500,1200,,,ETF,3023,80,3023.0,-2.0,4.107284125,
46529,market_research_2026-04-04_22-09-26_live_round,3bd4c34433f6425a9a51794da6b91ced,2026-04-05T03:12:22.316977+00:00,1775358742316977000,174452646886166,1200,,,ETF,3022,40,3018.5,-7.0,4.417909791,
46534,market_research_2026-04-04_22-09-26_live_round,3bd4c34433f6425a9a51794da6b91ced,2026-04-05T03:12:22.340593+00:00,1775358742340593000,174452670502500,1200,,,ETF,3022,60,3019.0,-6.0,4.441526125,
46582,market_research_2026-04-04_22-09-26_live_round,3bd4c34433f6425a9a51794da6b91ced,2026-04-05T03:12:22.596123+00:00,1775358742596123000,174452926032750,1200,,,ETF,3017,40,3017.0,0.0,4.697056375,
46643,market_research_2026-04-04_22-09-26_live_round,3bd4c34433f6425a9a51794da6b91ced,2026-04-05T03:12:22.964534+00:00,1775358742964534000,174453294444000,1200,,,ETF,3018,40,3020.5,-5.0,5.065467625,
46669,market_research_2026-04-04_22-09-26_live_round,3bd4c34433f6425a9a51794da6b91ced,2026-04-05T03:12:23.113864+00:00,1775358743113864000,174453443774208,1200,,,ETF,3018,60,3020.0,-4.0,5.214797833,
46783,market_research_2026-04-04_22-09-26_live_round,3bd4c34433f6425a9a51794da6b91ced,2026-04-05T03:12:23.798737+00:00,1775358743798737000,174454128649041,1200,,,ETF,3022,40,3025.0,-6.0,5.899672666,
46794,market_research_2026-04-04_22-09-26_live_round,3bd4c34433f6425a9a51794da6b91ced,2026-04-05T03:12:23.859641+00:00,1775358743859641000,174454189552833,1200,,,ETF,3023,60,3025.0,-4.0,5.960576458,
46810,market_research_2026-04-04_22-09-26_live_round,3bd4c34433f6425a9a51794da6b91ced,2026-04-05T03:12:23.954662+00:00,1775358743954662000,174454284574041,1200,,,ETF,3024,80,3025.0,-2.0,6.055597666,
46816,market_research_2026-04-04_22-09-26_live_round,3bd4c34433f6425a9a51794da6b91ced,2026-04-05T03:12:23.986406+00:00,1775358743986406000,174454316318708,1200,,,ETF,3025,100,3025.0,0.0,6.087342333,
46975,market_research_2026-04-04_22-09-26_live_round,3bd4c34433f6425a9a51794da6b91ced,2026-04-05T03:12:24.959343+00:00,1775358744959343000,174455289257541,1200,,,ETF,3033,40,3029.0,-8.0,7.060281166,
46993,market_research_2026-04-04_22-09-26_live_round,3bd4c34433f6425a9a51794da6b91ced,2026-04-05T03:12:25.062042+00:00,1775358745062042000,174455391956000,1200,,,ETF,3032,60,3029.0,-6.0,7.162979625,
46998,market_research_2026-04-04_22-09-26_live_round,3bd4c34433f6425a9a51794da6b91ced,2026-04-05T03:12:25.088012+00:00,1775358745088012000,174455417926208,1200,,,ETF,3031,80,3029.0,-4.0,7.188949833,
47005,market_research_2026-04-04_22-09-26_live_round,3bd4c34433f6425a9a51794da6b91ced,2026-04-05T03:12:25.125258+00:00,1775358745125258000,174455455172750,1200,,,ETF,3030,100,3029.0,-2.0,7.226196375,
47260,market_research_2026-04-04_22-09-26_live_round,3bd4c34433f6425a9a51794da6b91ced,2026-04-05T03:12:26.693885+00:00,1775358746693885000,174457023802541,1200,,,ETF,3024,40,3024.0,0.0,8.794826166,
47380,market_research_2026-04-04_22-09-26_live_round,3bd4c34433f6425a9a51794da6b91ced,2026-04-05T03:12:27.431835+00:00,1775358747431835000,174457761753708,1200,,,ETF,3026,40,3026.5,-1.0,9.532777333,
47430,market_research_2026-04-04_22-09-26_live_round,3bd4c34433f6425a9a51794da6b91ced,2026-04-05T03:12:27.746842+00:00,1775358747746842000,174458076761625,1200,,,ETF,3029,40,3031.0,-4.0,9.84778525,
47445,market_research_2026-04-04_22-09-26_live_round,3bd4c34433f6425a9a51794da6b91ced,2026-04-05T03:12:27.834473+00:00,1775358747834473000,174458164393000,1200,,,ETF,3029,60,3030.5,-3.0,9.935416625,
47507,market_research_2026-04-04_22-09-26_live_round,3bd4c34433f6425a9a51794da6b91ced,2026-04-05T03:12:28.208740+00:00,1775358748208740000,174458538660333,1200,,,ETF,3031,40,3029.0,-4.0,10.309683958,
47525,market_research_2026-04-04_22-09-26_live_round,3bd4c34433f6425a9a51794da6b91ced,2026-04-05T03:12:28.312463+00:00,1775358748312463000,174458642383791,1200,,,ETF,3031,40,3029.5,-3.0,10.413407416,
47526,market_research_2026-04-04_22-09-26_live_round,3bd4c34433f6425a9a51794da6b91ced,2026-04-05T03:12:28.312571+00:00,1775358748312571000,174458642492291,1200,,,ETF,3030,20,3029.5,-3.0,10.413515916,
47532,market_research_2026-04-04_22-09-26_live_round,3bd4c34433f6425a9a51794da6b91ced,2026-04-05T03:12:28.342025+00:00,1775358748342025000,174458671945541,1200,,,ETF,3030,80,3029.5,-1.0,10.442969166,
47757,market_research_2026-04-04_22-09-26_live_round,3bd4c34433f6425a9a51794da6b91ced,2026-04-05T03:12:29.732835+00:00,1775358749732835000,174460062759000,1200,,,ETF,3021,40,3019.5,-3.0,11.833782625,
47785,market_research_2026-04-04_22-09-26_live_round,3bd4c34433f6425a9a51794da6b91ced,2026-04-05T03:12:29.895387+00:00,1775358749895387000,174460225311000,1200,,,ETF,3020,60,3019.5,-1.0,11.996334625,
47885,market_research_2026-04-04_22-09-26_live_round,3bd4c34433f6425a9a51794da6b91ced,2026-04-05T03:12:30.502125+00:00,1775358750502125000,174460832049875,1200,,,ETF,3019,40,3019.0,0.0,12.6030735,
48138,market_research_2026-04-04_22-09-26_live_round,3bd4c34433f6425a9a51794da6b91ced,2026-04-05T03:12:32.076025+00:00,1775358752076025000,174462405953333,1200,,,ETF,3031,40,3031.5,-1.0,14.176976958,
48139,market_research_2026-04-04_22-09-26_live_round,3bd4c34433f6425a9a51794da6b91ced,2026-04-05T03:12:32.076144+00:00,1775358752076144000,174462406072291,1200,,,ETF,3032,100,3031.5,-1.0,14.177095916,
48140,market_research_2026-04-04_22-09-26_live_round,3bd4c34433f6425a9a51794da6b91ced,2026-04-05T03:12:32.076250+00:00,1775358752076250000,174462406178416,1200,,,ETF,3032,60,3031.5,-1.0,14.177202041,
48214,market_research_2026-04-04_22-09-26_live_round,3bd4c34433f6425a9a51794da6b91ced,2026-04-05T03:12:32.523390+00:00,1775358752523390000,174462853319125,1200,,,ETF,3030,40,3030.5,-1.0,14.62434275,
48301,market_research_2026-04-04_22-09-26_live_round,3bd4c34433f6425a9a51794da6b91ced,2026-04-05T03:12:33.059674+00:00,1775358753059674000,174463389604458,1200,,,ETF,3030,40,3029.5,-1.0,15.160628083,
48310,market_research_2026-04-04_22-09-26_live_round,3bd4c34433f6425a9a51794da6b91ced,2026-04-05T03:12:33.108583+00:00,1775358753108583000,174463438513125,1200,,,ETF,3030,20,3030.0,0.0,15.20953675,
48361,market_research_2026-04-04_22-09-26_live_round,3bd4c34433f6425a9a51794da6b91ced,2026-04-05T03:12:33.423945+00:00,1775358753423945000,174463753875708,1200,,,ETF,3028,40,3027.0,-2.0,15.524899333,
48372,market_research_2026-04-04_22-09-26_live_round,3bd4c34433f6425a9a51794da6b91ced,2026-04-05T03:12:33.489427+00:00,1775358753489427000,174463819357958,1200,,,ETF,3028,60,3027.5,-1.0,15.590381583,
48479,market_research_2026-04-04_22-09-26_live_round,3bd4c34433f6425a9a51794da6b91ced,2026-04-05T03:12:34.157809+00:00,1775358754157809000,174464487740708,1200,,,ETF,3017,40,3015.5,-3.0,16.258764333,
48501,market_research_2026-04-04_22-09-26_live_round,3bd4c34433f6425a9a51794da6b91ced,2026-04-05T03:12:34.286600+00:00,1775358754286600000,174464616532416,1200,,,ETF,3017,60,3016.0,-2.0,16.387556041,
48546,market_research_2026-04-04_22-09-26_live_round,3bd4c34433f6425a9a51794da6b91ced,2026-04-05T03:12:34.563279+00:00,1775358754563279000,174464893212166,1200,,,ETF,3012,40,3006.5,-11.0,16.664235791,
48567,market_research_2026-04-04_22-09-26_live_round,3bd4c34433f6425a9a51794da6b91ced,2026-04-05T03:12:34.687184+00:00,1775358754687184000,174465017116875,1200,,,ETF,3012,60,3007.0,-10.0,16.7881405,
48580,market_research_2026-04-04_22-09-26_live_round,3bd4c34433f6425a9a51794da6b91ced,2026-04-05T03:12:34.763756+00:00,1775358754763756000,174465093688875,1200,,,ETF,3008,40,3005.5,-5.0,16.8647125,
48581,market_research_2026-04-04_22-09-26_live_round,3bd4c34433f6425a9a51794da6b91ced,2026-04-05T03:12:34.763864+00:00,1775358754763864000,174465093797041,1200,,,ETF,3007,40,3005.5,-5.0,16.864820666,
48589,market_research_2026-04-04_22-09-26_live_round,3bd4c34433f6425a9a51794da6b91ced,2026-04-05T03:12:34.810604+00:00,1775358754810604000,174465140537625,1200,,,ETF,3007,20,3005.5,-3.0,16.91156125,
48590,market_research_2026-04-04_22-09-26_live_round,3bd4c34433f6425a9a51794da6b91ced,2026-04-05T03:12:34.810704+00:00,1775358754810704000,174465140637666,1200,,,ETF,3006,80,3005.5,-3.0,16.911661291,
48940,market_research_2026-04-04_22-09-26_live_round,3bd4c34433f6425a9a51794da6b91ced,2026-04-05T03:12:37.014269+00:00,1775358757014269000,174467344206583,1200,,,ETF,2997,40,2996.5,-1.0,19.115230208,
48959,market_research_2026-04-04_22-09-26_live_round,3bd4c34433f6425a9a51794da6b91ced,2026-04-05T03:12:37.126409+00:00,1775358757126409000,174467456347333,1200,,,ETF,2997,60,2997.0,0.0,19.227370958,
49249,market_research_2026-04-04_22-09-26_live_round,3bd4c34433f6425a9a51794da6b91ced,2026-04-05T03:12:38.912748+00:00,1775358758912748000,174469242689625,1200,,,ETF,2983,40,2981.0,-4.0,21.01371325,
49254,market_research_2026-04-04_22-09-26_live_round,3bd4c34433f6425a9a51794da6b91ced,2026-04-05T03:12:38.938641+00:00,1775358758938641000,174469268582458,1200,,,ETF,2983,60,2981.5,-3.0,21.039606083,
49259,market_research_2026-04-04_22-09-26_live_round,3bd4c34433f6425a9a51794da6b91ced,2026-04-05T03:12:38.966889+00:00,1775358758966889000,174469296830083,1200,,,ETF,2981,40,2981.0,0.0,21.067853708,
49327,market_research_2026-04-04_22-09-26_live_round,3bd4c34433f6425a9a51794da6b91ced,2026-04-05T03:12:39.356852+00:00,1775358759356852000,174469686793875,1200,,,ETF,2978,40,2970.5,-15.0,21.4578175,
49332,market_research_2026-04-04_22-09-26_live_round,3bd4c34433f6425a9a51794da6b91ced,2026-04-05T03:12:39.381888+00:00,1775358759381888000,174469711830375,1200,,,ETF,2978,60,2971.0,-14.0,21.482854,
49337,market_research_2026-04-04_22-09-26_live_round,3bd4c34433f6425a9a51794da6b91ced,2026-04-05T03:12:39.406961+00:00,1775358759406961000,174469736903375,1200,,,ETF,2973,40,2969.0,-8.0,21.507927,
49338,market_research_2026-04-04_22-09-26_live_round,3bd4c34433f6425a9a51794da6b91ced,2026-04-05T03:12:39.409082+00:00,1775358759409082000,174469739024541,1200,,,ETF,2972,40,2969.0,-8.0,21.510048166,
49344,market_research_2026-04-04_22-09-26_live_round,3bd4c34433f6425a9a51794da6b91ced,2026-04-05T03:12:39.439029+00:00,1775358759439029000,174469768971166,1200,,,ETF,2972,20,2969.0,-6.0,21.539994791,
49345,market_research_2026-04-04_22-09-26_live_round,3bd4c34433f6425a9a51794da6b91ced,2026-04-05T03:12:39.439172+00:00,1775358759439172000,174469769114833,1200,,,ETF,2971,80,2969.0,-6.0,21.540138458,
49407,market_research_2026-04-04_22-09-26_live_round,3bd4c34433f6425a9a51794da6b91ced,2026-04-05T03:12:39.801602+00:00,1775358759801602000,174470131545208,1200,,,ETF,2970,40,2959.5,-21.0,21.902568833,
49412,market_research_2026-04-04_22-09-26_live_round,3bd4c34433f6425a9a51794da6b91ced,2026-04-05T03:12:39.826375+00:00,1775358759826375000,174470156318125,1200,,,ETF,2970,60,2960.0,-20.0,21.92734175,
49417,market_research_2026-04-04_22-09-26_live_round,3bd4c34433f6425a9a51794da6b91ced,2026-04-05T03:12:39.851577+00:00,1775358759851577000,174470181520041,1200,,,ETF,2957,40,2954.0,-6.0,21.952543666,
49418,market_research_2026-04-04_22-09-26_live_round,3bd4c34433f6425a9a51794da6b91ced,2026-04-05T03:12:39.851674+00:00,1775358759851674000,174470181617583,1200,,,ETF,2956,40,2954.0,-6.0,21.952641208,
49424,market_research_2026-04-04_22-09-26_live_round,3bd4c34433f6425a9a51794da6b91ced,2026-04-05T03:12:39.881681+00:00,1775358759881681000,174470211624250,1200,,,ETF,2956,20,2954.0,-4.0,21.982647875,
49425,market_research_2026-04-04_22-09-26_live_round,3bd4c34433f6425a9a51794da6b91ced,2026-04-05T03:12:39.881781+00:00,1775358759881781000,174470211724291,1200,,,ETF,2955,80,2954.0,-4.0,21.982747916,
49486,market_research_2026-04-04_22-09-26_live_round,3bd4c34433f6425a9a51794da6b91ced,2026-04-05T03:12:40.234591+00:00,1775358760234591000,174470564534666,1200,,,ETF,2954,40,2944.0,-20.0,22.335558291,
49491,market_research_2026-04-04_22-09-26_live_round,3bd4c34433f6425a9a51794da6b91ced,2026-04-05T03:12:40.257816+00:00,1775358760257816000,174470587760166,1200,,,ETF,2954,60,2944.5,-19.0,22.358783791,
49496,market_research_2026-04-04_22-09-26_live_round,3bd4c34433f6425a9a51794da6b91ced,2026-04-05T03:12:40.283714+00:00,1775358760283714000,174470613657708,1200,,,ETF,2943,40,2939.5,-7.0,22.384681333,
49497,market_research_2026-04-04_22-09-26_live_round,3bd4c34433f6425a9a51794da6b91ced,2026-04-05T03:12:40.283813+00:00,1775358760283813000,174470613757500,1200,,,ETF,2942,40,2939.5,-7.0,22.384781125,
49503,market_research_2026-04-04_22-09-26_live_round,3bd4c34433f6425a9a51794da6b91ced,2026-04-05T03:12:40.314790+00:00,1775358760314790000,174470644734000,1200,,,ETF,2942,20,2939.5,-5.0,22.415757625,
49504,market_research_2026-04-04_22-09-26_live_round,3bd4c34433f6425a9a51794da6b91ced,2026-04-05T03:12:40.314888+00:00,1775358760314888000,174470644831791,1200,,,ETF,2941,80,2939.5,-5.0,22.415855416,
49567,market_research_2026-04-04_22-09-26_live_round,3bd4c34433f6425a9a51794da6b91ced,2026-04-05T03:12:40.673592+00:00,1775358760673592000,174471003536833,1200,,,ETF,2940,40,2929.0,-22.0,22.774560458,
49572,market_research_2026-04-04_22-09-26_live_round,3bd4c34433f6425a9a51794da6b91ced,2026-04-05T03:12:40.699534+00:00,1775358760699534000,174471029479375,1200,,,ETF,2940,60,2929.5,-21.0,22.800503,
49577,market_research_2026-04-04_22-09-26_live_round,3bd4c34433f6425a9a51794da6b91ced,2026-04-05T03:12:40.724677+00:00,1775358760724677000,174471054622125,1200,,,ETF,2928,40,2924.0,-8.0,22.82564575,
49578,market_research_2026-04-04_22-09-26_live_round,3bd4c34433f6425a9a51794da6b91ced,2026-04-05T03:12:40.724777+00:00,1775358760724777000,174471054721708,1200,,,ETF,2927,40,2924.0,-8.0,22.825745333,
49584,market_research_2026-04-04_22-09-26_live_round,3bd4c34433f6425a9a51794da6b91ced,2026-04-05T03:12:40.755797+00:00,1775358760755797000,174471085741833,1200,,,ETF,2927,20,2924.0,-6.0,22.856765458,
49585,market_research_2026-04-04_22-09-26_live_round,3bd4c34433f6425a9a51794da6b91ced,2026-04-05T03:12:40.755895+00:00,1775358760755895000,174471085840541,1200,,,ETF,2926,80,2924.0,-6.0,22.856864166,
49648,market_research_2026-04-04_22-09-26_live_round,3bd4c34433f6425a9a51794da6b91ced,2026-04-05T03:12:41.119829+00:00,1775358761119829000,174471449774666,1200,,,ETF,2925,40,2911.0,-28.0,23.220798291,
49653,market_research_2026-04-04_22-09-26_live_round,3bd4c34433f6425a9a51794da6b91ced,2026-04-05T03:12:41.144425+00:00,1775358761144425000,174471474370666,1200,,,ETF,2925,60,2911.5,-27.0,23.245394291,
49658,market_research_2026-04-04_22-09-26_live_round,3bd4c34433f6425a9a51794da6b91ced,2026-04-05T03:12:41.168849+00:00,1775358761168849000,174471498794666,1200,,,ETF,2912,40,2905.5,-13.0,23.269818291,
49659,market_research_2026-04-04_22-09-26_live_round,3bd4c34433f6425a9a51794da6b91ced,2026-04-05T03:12:41.170570+00:00,1775358761170570000,174471500515500,1200,,,ETF,2911,40,2905.5,-13.0,23.271539125,
49665,market_research_2026-04-04_22-09-26_live_round,3bd4c34433f6425a9a51794da6b91ced,2026-04-05T03:12:41.202398+00:00,1775358761202398000,174471532344000,1200,,,ETF,2911,20,2905.5,-11.0,23.303367625,
49666,market_research_2026-04-04_22-09-26_live_round,3bd4c34433f6425a9a51794da6b91ced,2026-04-05T03:12:41.202497+00:00,1775358761202497000,174471532443041,1200,,,ETF,2910,80,2905.5,-11.0,23.303466666,
49728,market_research_2026-04-04_22-09-26_live_round,3bd4c34433f6425a9a51794da6b91ced,2026-04-05T03:12:41.556965+00:00,1775358761556965000,174471886912083,1200,,,ETF,2909,40,2892.0,-34.0,23.657935708,
49733,market_research_2026-04-04_22-09-26_live_round,3bd4c34433f6425a9a51794da6b91ced,2026-04-05T03:12:41.581369+00:00,1775358761581369000,174471911315458,1200,,,ETF,2909,60,2892.5,-33.0,23.682339083,
49738,market_research_2026-04-04_22-09-26_live_round,3bd4c34433f6425a9a51794da6b91ced,2026-04-05T03:12:41.610322+00:00,1775358761610322000,174471940268458,1200,,,ETF,2891,40,2884.0,-14.0,23.711292083,
49739,market_research_2026-04-04_22-09-26_live_round,3bd4c34433f6425a9a51794da6b91ced,2026-04-05T03:12:41.610463+00:00,1775358761610463000,174471940410125,1200,,,ETF,2890,40,2884.0,-14.0,23.71143375,
49745,market_research_2026-04-04_22-09-26_live_round,3bd4c34433f6425a9a51794da6b91ced,2026-04-05T03:12:41.643897+00:00,1775358761643897000,174471973843958,1200,,,ETF,2890,20,2884.0,-12.0,23.744867583,
49746,market_research_2026-04-04_22-09-26_live_round,3bd4c34433f6425a9a51794da6b91ced,2026-04-05T03:12:41.646147+00:00,1775358761646147000,174471976093875,1200,,,ETF,2889,80,2884.0,-12.0,23.7471175,
49820,market_research_2026-04-04_22-09-26_live_round,3bd4c34433f6425a9a51794da6b91ced,2026-04-05T03:12:42.015380+00:00,1775358762015380000,174472345327000,1200,,,ETF,2888,40,2872.0,-32.0,24.116350625,
49825,market_research_2026-04-04_22-09-26_live_round,3bd4c34433f6425a9a51794da6b91ced,2026-04-05T03:12:42.041036+00:00,1775358762041036000,174472370983458,1200,,,ETF,2888,60,2872.5,-31.0,24.142007083,
49830,market_research_2026-04-04_22-09-26_live_round,3bd4c34433f6425a9a51794da6b91ced,2026-04-05T03:12:42.067066+00:00,1775358762067066000,174472397014000,1200,,,ETF,2869,40,2863.5,-11.0,24.168037625,
49831,market_research_2026-04-04_22-09-26_live_round,3bd4c34433f6425a9a51794da6b91ced,2026-04-05T03:12:42.067168+00:00,1775358762067168000,174472397116125,1200,,,ETF,2868,40,2863.5,-11.0,24.16813975,
49837,market_research_2026-04-04_22-09-26_live_round,3bd4c34433f6425a9a51794da6b91ced,2026-04-05T03:12:42.099174+00:00,1775358762099174000,174472429121625,1200,,,ETF,2868,20,2863.5,-9.0,24.20014525,
49838,market_research_2026-04-04_22-09-26_live_round,3bd4c34433f6425a9a51794da6b91ced,2026-04-05T03:12:42.099272+00:00,1775358762099272000,174472429220041,1200,,,ETF,2867,80,2863.5,-9.0,24.200243666,
49861,market_research_2026-04-04_22-09-26_live_round,3bd4c34433f6425a9a51794da6b91ced,2026-04-05T03:12:42.240694+00:00,1775358762240694000,174472570641708,1200,,,ETF,2866,40,2861.0,-10.0,24.341665333,
49871,market_research_2026-04-04_22-09-26_live_round,3bd4c34433f6425a9a51794da6b91ced,2026-04-05T03:12:42.296552+00:00,1775358762296552000,174472626500416,1200,,,ETF,2866,60,2861.5,-9.0,24.397524041,
49931,market_research_2026-04-04_22-09-26_live_round,3bd4c34433f6425a9a51794da6b91ced,2026-04-05T03:12:42.663202+00:00,1775358762663202000,174472993150916,1200,,,ETF,2858,40,2858.5,-1.0,24.764174541,
49945,market_research_2026-04-04_22-09-26_live_round,3bd4c34433f6425a9a51794da6b91ced,2026-04-05T03:12:42.747791+00:00,1775358762747791000,174473077739791,1200,,,ETF,2858,40,2858.0,0.0,24.848763416,
50052,market_research_2026-04-04_22-09-26_live_round,3bd4c34433f6425a9a51794da6b91ced,2026-04-05T03:12:43.434763+00:00,1775358763434763000,174473764713166,1200,,,ETF,2859,40,2860.0,-2.0,25.535736791,
50067,market_research_2026-04-04_22-09-26_live_round,3bd4c34433f6425a9a51794da6b91ced,2026-04-05T03:12:43.525734+00:00,1775358763525734000,174473855684291,1200,,,ETF,2860,60,2860.0,0.0,25.626707916,
50129,market_research_2026-04-04_22-09-26_live_round,3bd4c34433f6425a9a51794da6b91ced,2026-04-05T03:12:43.923145+00:00,1775358763923145000,174474253096000,1200,,,ETF,2862,40,2862.0,0.0,26.024119625,
50269,market_research_2026-04-04_22-09-26_live_round,3bd4c34433f6425a9a51794da6b91ced,2026-04-05T03:12:44.828474+00:00,1775358764828474000,174475158426750,1200,,,ETF,2867,40,2864.5,-5.0,26.929450375,
50280,market_research_2026-04-04_22-09-26_live_round,3bd4c34433f6425a9a51794da6b91ced,2026-04-05T03:12:44.895141+00:00,1775358764895141000,174475225094541,1200,,,ETF,2866,60,2864.5,-3.0,26.996118166,
50286,market_research_2026-04-04_22-09-26_live_round,3bd4c34433f6425a9a51794da6b91ced,2026-04-05T03:12:44.928329+00:00,1775358764928329000,174475258282166,1200,,,ETF,2865,80,2864.5,-1.0,27.029305791,
50338,market_research_2026-04-04_22-09-26_live_round,3bd4c34433f6425a9a51794da6b91ced,2026-04-05T03:12:45.265495+00:00,1775358765265495000,174475595448875,1200,,,ETF,2864,40,2862.5,-3.0,27.3664725,
50353,market_research_2026-04-04_22-09-26_live_round,3bd4c34433f6425a9a51794da6b91ced,2026-04-05T03:12:45.358850+00:00,1775358765358850000,174475688803666,1200,,,ETF,2864,60,2863.0,-2.0,27.459827291,
50544,market_research_2026-04-04_22-09-26_live_round,3bd4c34433f6425a9a51794da6b91ced,2026-04-05T03:12:46.595234+00:00,1775358766595234000,174476925190708,1200,,,ETF,2853,40,2846.0,-14.0,28.696214333,
50549,market_research_2026-04-04_22-09-26_live_round,3bd4c34433f6425a9a51794da6b91ced,2026-04-05T03:12:46.620910+00:00,1775358766620910000,174476950866125,1200,,,ETF,2852,60,2846.0,-12.0,28.72188975,
50554,market_research_2026-04-04_22-09-26_live_round,3bd4c34433f6425a9a51794da6b91ced,2026-04-05T03:12:46.644390+00:00,1775358766644390000,174476974347041,1200,,,ETF,2852,80,2846.5,-11.0,28.745370666,
50559,market_research_2026-04-04_22-09-26_live_round,3bd4c34433f6425a9a51794da6b91ced,2026-04-05T03:12:46.667986+00:00,1775358766667986000,174476997942750,1200,,,ETF,2852,20,2847.0,-10.0,28.768966375,
50560,market_research_2026-04-04_22-09-26_live_round,3bd4c34433f6425a9a51794da6b91ced,2026-04-05T03:12:46.668090+00:00,1775358766668090000,174476998046916,1200,,,ETF,2851,80,2847.0,-10.0,28.769070541,
50593,market_research_2026-04-04_22-09-26_live_round,3bd4c34433f6425a9a51794da6b91ced,2026-04-05T03:12:46.874229+00:00,1775358766874229000,174477204185875,1200,,,ETF,2850,40,2846.0,-8.0,28.9752095,
50614,market_research_2026-04-04_22-09-26_live_round,3bd4c34433f6425a9a51794da6b91ced,2026-04-05T03:12:47.006602+00:00,1775358767006602000,174477336559458,1200,,,ETF,2850,60,2846.5,-7.0,29.107583083,
50722,market_research_2026-04-04_22-09-26_live_round,3bd4c34433f6425a9a51794da6b91ced,2026-04-05T03:12:47.696999+00:00,1775358767696999000,174478026958041,1200,,,ETF,2845,40,2846.0,-2.0,29.797981666,
50742,market_research_2026-04-04_22-09-26_live_round,3bd4c34433f6425a9a51794da6b91ced,2026-04-05T03:12:47.822059+00:00,1775358767822059000,174478152017666,1200,,,ETF,2845,60,2845.5,-1.0,29.923041291,
50855,market_research_2026-04-04_22-09-26_live_round,3bd4c34433f6425a9a51794da6b91ced,2026-04-05T03:12:48.568377+00:00,1775358768568377000,174478898337375,1275,,,ETF,2848,40,2846.5,-3.0,30.669361,
50868,market_research_2026-04-04_22-09-26_live_round,3bd4c34433f6425a9a51794da6b91ced,2026-04-05T03:12:48.654226+00:00,1775358768654226000,174478984186375,1275,,,ETF,2847,60,2846.5,-1.0,30.75521,
50991,market_research_2026-04-04_22-09-26_live_round,3bd4c34433f6425a9a51794da6b91ced,2026-04-05T03:12:49.459391+00:00,1775358769459391000,174479789352833,1275,,,ETF,2848,40,2850.5,-5.0,31.560376458,
51010,market_research_2026-04-04_22-09-26_live_round,3bd4c34433f6425a9a51794da6b91ced,2026-04-05T03:12:49.582791+00:00,1775358769582791000,174479912753208,1275,,,ETF,2848,60,2850.0,-4.0,31.683776833,
51015,market_research_2026-04-04_22-09-26_live_round,3bd4c34433f6425a9a51794da6b91ced,2026-04-05T03:12:49.609428+00:00,1775358769609428000,174479939390041,1275,,,ETF,2849,40,2850.0,-2.0,31.710413666,
51016,market_research_2026-04-04_22-09-26_live_round,3bd4c34433f6425a9a51794da6b91ced,2026-04-05T03:12:49.609535+00:00,1775358769609535000,174479939497666,1275,,,ETF,2850,40,2850.0,-2.0,31.710521291,
51022,market_research_2026-04-04_22-09-26_live_round,3bd4c34433f6425a9a51794da6b91ced,2026-04-05T03:12:49.641558+00:00,1775358769641558000,174479971520416,1275,,,ETF,2850,20,2850.0,0.0,31.742544041,
51123,market_research_2026-04-04_22-09-26_live_round,3bd4c34433f6425a9a51794da6b91ced,2026-04-05T03:12:50.311427+00:00,1775358770311427000,174480641390250,1275,,,ETF,2850,40,2849.5,-1.0,32.412413875,
51143,market_research_2026-04-04_22-09-26_live_round,3bd4c34433f6425a9a51794da6b91ced,2026-04-05T03:12:50.435372+00:00,1775358770435372000,174480765336166,1275,,,ETF,2850,40,2850.0,0.0,32.536359791,
51200,market_research_2026-04-04_22-09-26_live_round,3bd4c34433f6425a9a51794da6b91ced,2026-04-05T03:12:50.817458+00:00,1775358770817458000,174481147422166,1280,,,ETF,2845,40,2844.0,-2.0,32.918445791,
51211,market_research_2026-04-04_22-09-26_live_round,3bd4c34433f6425a9a51794da6b91ced,2026-04-05T03:12:50.884048+00:00,1775358770884048000,174481214013041,1280,,,ETF,2845,60,2844.5,-1.0,32.985036666,
51265,market_research_2026-04-04_22-09-26_live_round,3bd4c34433f6425a9a51794da6b91ced,2026-04-05T03:12:51.237054+00:00,1775358771237054000,174481567019250,1280,,,ETF,2845,40,2846.0,-2.0,33.338042875,
51274,market_research_2026-04-04_22-09-26_live_round,3bd4c34433f6425a9a51794da6b91ced,2026-04-05T03:12:51.290994+00:00,1775358771290994000,174481620959583,1280,,,ETF,2845,40,2845.5,-1.0,33.391983208,
51275,market_research_2026-04-04_22-09-26_live_round,3bd4c34433f6425a9a51794da6b91ced,2026-04-05T03:12:51.293052+00:00,1775358771293052000,174481623017416,1280,,,ETF,2846,20,2845.5,-1.0,33.394041041,
51315,market_research_2026-04-04_22-09-26_live_round,3bd4c34433f6425a9a51794da6b91ced,2026-04-05T03:12:51.556392+00:00,1775358771556392000,174481886357750,1280,,,ETF,2846,40,2849.5,-7.0,33.657381375,
51330,market_research_2026-04-04_22-09-26_live_round,3bd4c34433f6425a9a51794da6b91ced,2026-04-05T03:12:51.652070+00:00,1775358771652070000,174481982036666,1280,,,ETF,2846,40,2849.0,-6.0,33.753060291,
51600,market_research_2026-04-04_22-09-26_live_round,3bd4c34433f6425a9a51794da6b91ced,2026-04-05T03:12:53.473393+00:00,1775358773473393000,174483803362791,1280,,,ETF,2857,40,2854.5,-5.0,35.574386416,
51605,market_research_2026-04-04_22-09-26_live_round,3bd4c34433f6425a9a51794da6b91ced,2026-04-05T03:12:53.498703+00:00,1775358773498703000,174483828672625,1280,,,ETF,2856,60,2854.5,-3.0,35.59969625,
51612,market_research_2026-04-04_22-09-26_live_round,3bd4c34433f6425a9a51794da6b91ced,2026-04-05T03:12:53.538898+00:00,1775358773538898000,174483868867541,1280,,,ETF,2855,80,2854.5,-1.0,35.639891166,
51660,market_research_2026-04-04_22-09-26_live_round,3bd4c34433f6425a9a51794da6b91ced,2026-04-05T03:12:53.851249+00:00,1775358773851249000,174484181219458,1280,,,ETF,2854,40,2854.0,0.0,35.952243083,
51779,market_research_2026-04-04_22-09-26_live_round,3bd4c34433f6425a9a51794da6b91ced,2026-04-05T03:12:54.661180+00:00,1775358774661180000,174484991152583,1280,,,ETF,2853,40,2857.0,-8.0,36.762176208,
51793,market_research_2026-04-04_22-09-26_live_round,3bd4c34433f6425a9a51794da6b91ced,2026-04-05T03:12:54.749990+00:00,1775358774749990000,174485079962291,1280,,,ETF,2854,60,2857.0,-6.0,36.850985916,
51809,market_research_2026-04-04_22-09-26_live_round,3bd4c34433f6425a9a51794da6b91ced,2026-04-05T03:12:54.849194+00:00,1775358774849194000,174485179166750,1280,,,ETF,2855,80,2857.0,-4.0,36.950190375,
51817,market_research_2026-04-04_22-09-26_live_round,3bd4c34433f6425a9a51794da6b91ced,2026-04-05T03:12:54.896628+00:00,1775358774896628000,174485226601083,1280,,,ETF,2856,100,2857.0,-2.0,36.997624708,
52121,market_research_2026-04-04_22-09-26_live_round,3bd4c34433f6425a9a51794da6b91ced,2026-04-05T03:12:56.962454+00:00,1775358776962454000,174487292430541,1280,,,ETF,2853,40,2855.5,-5.0,39.063454166,
52126,market_research_2026-04-04_22-09-26_live_round,3bd4c34433f6425a9a51794da6b91ced,2026-04-05T03:12:56.989024+00:00,1775358776989024000,174487319000666,1280,,,ETF,2854,60,2855.5,-3.0,39.090024291,
52132,market_research_2026-04-04_22-09-26_live_round,3bd4c34433f6425a9a51794da6b91ced,2026-04-05T03:12:57.024486+00:00,1775358777024486000,174487354462833,1280,,,ETF,2854,40,2855.0,-2.0,39.125486458,
52133,market_research_2026-04-04_22-09-26_live_round,3bd4c34433f6425a9a51794da6b91ced,2026-04-05T03:12:57.024590+00:00,1775358777024590000,174487354566833,1280,,,ETF,2854,40,2855.0,-2.0,39.125590458,
52140,market_research_2026-04-04_22-09-26_live_round,3bd4c34433f6425a9a51794da6b91ced,2026-04-05T03:12:57.065507+00:00,1775358777065507000,174487395483416,1280,,,ETF,2854,20,2854.5,-1.0,39.166507041,
52141,market_research_2026-04-04_22-09-26_live_round,3bd4c34433f6425a9a51794da6b91ced,2026-04-05T03:12:57.065613+00:00,1775358777065613000,174487395589541,1280,,,ETF,2855,80,2854.5,-1.0,39.166613166,
52190,market_research_2026-04-04_22-09-26_live_round,3bd4c34433f6425a9a51794da6b91ced,2026-04-05T03:12:57.295726+00:00,1775358777295726000,174487625702916,1280,,,ETF,2856,40,2857.5,-3.0,39.396726541,
52201,market_research_2026-04-04_22-09-26_live_round,3bd4c34433f6425a9a51794da6b91ced,2026-04-05T03:12:57.360369+00:00,1775358777360369000,174487690346791,1280,,,ETF,2856,60,2857.0,-2.0,39.461370416,
52253,market_research_2026-04-04_22-09-26_live_round,3bd4c34433f6425a9a51794da6b91ced,2026-04-05T03:12:57.706456+00:00,1775358777706456000,174488036434500,1280,,,ETF,2865,40,2868.5,-7.0,39.807458125,
52273,market_research_2026-04-04_22-09-26_live_round,3bd4c34433f6425a9a51794da6b91ced,2026-04-05T03:12:57.834955+00:00,1775358777834955000,174488164933583,1280,,,ETF,2866,60,2868.5,-5.0,39.935957208,
52290,market_research_2026-04-04_22-09-26_live_round,3bd4c34433f6425a9a51794da6b91ced,2026-04-05T03:12:57.941106+00:00,1775358777941106000,174488271084833,1280,,,ETF,2867,80,2868.5,-3.0,40.042108458,
52295,market_research_2026-04-04_22-09-26_live_round,3bd4c34433f6425a9a51794da6b91ced,2026-04-05T03:12:57.969651+00:00,1775358777969651000,174488299630166,1280,,,ETF,2867,20,2868.0,-2.0,40.070653791,
52296,market_research_2026-04-04_22-09-26_live_round,3bd4c34433f6425a9a51794da6b91ced,2026-04-05T03:12:57.969766+00:00,1775358777969766000,174488299744916,1280,,,ETF,2867,80,2868.0,-2.0,40.070768541,
52340,market_research_2026-04-04_22-09-26_live_round,3bd4c34433f6425a9a51794da6b91ced,2026-04-05T03:12:58.264197+00:00,1775358778264197000,174488594176375,1280,,,ETF,2868,40,2870.5,-5.0,40.3652,
52353,market_research_2026-04-04_22-09-26_live_round,3bd4c34433f6425a9a51794da6b91ced,2026-04-05T03:12:58.345164+00:00,1775358778345164000,174488675143750,1280,,,ETF,2868,60,2870.0,-4.0,40.446167375,
52789,market_research_2026-04-04_22-09-26_live_round,3bd4c34433f6425a9a51794da6b91ced,2026-04-05T03:13:01.317161+00:00,1775358781317161000,174491647146625,1280,,,ETF,2875,40,2875.0,0.0,43.41817025,
52930,market_research_2026-04-04_22-09-26_live_round,3bd4c34433f6425a9a51794da6b91ced,2026-04-05T03:13:02.289869+00:00,1775358782289869000,174492619855583,1280,,,ETF,2872,40,2872.0,0.0,44.390879208,
53043,market_research_2026-04-04_22-09-26_live_round,3bd4c34433f6425a9a51794da6b91ced,2026-04-05T03:13:03.098302+00:00,1775358783098302000,174493428290000,1280,,,ETF,2873,40,2875.5,-5.0,45.199313625,
53059,market_research_2026-04-04_22-09-26_live_round,3bd4c34433f6425a9a51794da6b91ced,2026-04-05T03:13:03.202730+00:00,1775358783202730000,174493532718750,1280,,,ETF,2874,60,2875.5,-3.0,45.303742375,
53066,market_research_2026-04-04_22-09-26_live_round,3bd4c34433f6425a9a51794da6b91ced,2026-04-05T03:13:03.248569+00:00,1775358783248569000,174493578557583,1280,,,ETF,2875,80,2875.5,-1.0,45.349581208,
53071,market_research_2026-04-04_22-09-26_live_round,3bd4c34433f6425a9a51794da6b91ced,2026-04-05T03:13:03.276030+00:00,1775358783276030000,174493606018708,1280,,,ETF,2875,20,2875.0,0.0,45.377042333,
53072,market_research_2026-04-04_22-09-26_live_round,3bd4c34433f6425a9a51794da6b91ced,2026-04-05T03:13:03.276149+00:00,1775358783276149000,174493606137958,1280,,,ETF,2875,80,2875.0,0.0,45.377161583,
53387,market_research_2026-04-04_22-09-26_live_round,3bd4c34433f6425a9a51794da6b91ced,2026-04-05T03:13:05.454591+00:00,1775358785454591000,174495784583958,1280,,,ETF,2884,40,2884.5,-1.0,47.555607583,
53435,market_research_2026-04-04_22-09-26_live_round,3bd4c34433f6425a9a51794da6b91ced,2026-04-05T03:13:05.782762+00:00,1775358785782762000,174496112756125,1280,,,ETF,2884,40,2882.5,-3.0,47.88377975,
53452,market_research_2026-04-04_22-09-26_live_round,3bd4c34433f6425a9a51794da6b91ced,2026-04-05T03:13:05.895236+00:00,1775358785895236000,174496225229583,1280,,,ETF,2884,20,2883.0,-2.0,47.996253208,
53453,market_research_2026-04-04_22-09-26_live_round,3bd4c34433f6425a9a51794da6b91ced,2026-04-05T03:13:05.895350+00:00,1775358785895350000,174496225344291,1280,,,ETF,2883,40,2883.0,-2.0,47.996367916,
53459,market_research_2026-04-04_22-09-26_live_round,3bd4c34433f6425a9a51794da6b91ced,2026-04-05T03:13:05.930715+00:00,1775358785930715000,174496260708833,1280,,,ETF,2883,40,2883.0,0.0,48.031732458,
53623,market_research_2026-04-04_22-09-26_live_round,3bd4c34433f6425a9a51794da6b91ced,2026-04-05T03:13:07.027584+00:00,1775358787027584000,174497357579875,1280,,,ETF,2879,40,2874.0,-10.0,49.1286035,
53624,market_research_2026-04-04_22-09-26_live_round,3bd4c34433f6425a9a51794da6b91ced,2026-04-05T03:13:07.027698+00:00,1775358787027698000,174497357694291,1280,,,ETF,2878,60,2874.0,-10.0,49.128717916,
53625,market_research_2026-04-04_22-09-26_live_round,3bd4c34433f6425a9a51794da6b91ced,2026-04-05T03:13:07.027796+00:00,1775358787027796000,174497357792750,1280,,,ETF,2877,80,2874.0,-10.0,49.128816375,
53626,market_research_2026-04-04_22-09-26_live_round,3bd4c34433f6425a9a51794da6b91ced,2026-04-05T03:13:07.027893+00:00,1775358787027893000,174497357889041,1280,,,ETF,2876,20,2874.0,-10.0,49.128912666,
53719,market_research_2026-04-04_22-09-26_live_round,3bd4c34433f6425a9a51794da6b91ced,2026-04-05T03:13:07.654227+00:00,1775358787654227000,174497984224416,1280,,,ETF,2876,40,2872.0,-8.0,49.755248041,
53725,market_research_2026-04-04_22-09-26_live_round,3bd4c34433f6425a9a51794da6b91ced,2026-04-05T03:13:07.691888+00:00,1775358787691888000,174498021885666,1280,,,ETF,2876,40,2872.5,-7.0,49.792909291,
53726,market_research_2026-04-04_22-09-26_live_round,3bd4c34433f6425a9a51794da6b91ced,2026-04-05T03:13:07.692004+00:00,1775358787692004000,174498022001291,1280,,,ETF,2871,20,2872.5,-7.0,49.793024916,
53732,market_research_2026-04-04_22-09-26_live_round,3bd4c34433f6425a9a51794da6b91ced,2026-04-05T03:13:07.727259+00:00,1775358787727259000,174498057256500,1280,,,ETF,2871,20,2870.5,-1.0,49.828280125,
53733,market_research_2026-04-04_22-09-26_live_round,3bd4c34433f6425a9a51794da6b91ced,2026-04-05T03:13:07.727378+00:00,1775358787727378000,174498057376125,1280,,,ETF,2870,60,2870.5,-1.0,49.82839975,
53899,market_research_2026-04-04_22-09-26_live_round,3bd4c34433f6425a9a51794da6b91ced,2026-04-05T03:13:08.872056+00:00,1775358788872056000,174499202056166,1280,,,ETF,2874,40,2874.5,-1.0,50.973079791,
54037,market_research_2026-04-04_22-09-26_live_round,3bd4c34433f6425a9a51794da6b91ced,2026-04-05T03:13:09.835765+00:00,1775358789835765000,174500165767083,1280,,,ETF,2872,40,2871.0,-2.0,51.936790708,
54055,market_research_2026-04-04_22-09-26_live_round,3bd4c34433f6425a9a51794da6b91ced,2026-04-05T03:13:09.957144+00:00,1775358789957144000,174500287146083,1280,,,ETF,2872,60,2871.5,-1.0,52.058169708,
54241,market_research_2026-04-04_22-09-26_live_round,3bd4c34433f6425a9a51794da6b91ced,2026-04-05T03:13:11.226013+00:00,1775358791226013000,174501556017416,1280,,,ETF,2868,40,2869.0,-2.0,53.327041041,
54250,market_research_2026-04-04_22-09-26_live_round,3bd4c34433f6425a9a51794da6b91ced,2026-04-05T03:13:11.282779+00:00,1775358791282779000,174501612783250,1280,,,ETF,2869,60,2869.0,0.0,53.383806875,
54425,market_research_2026-04-04_22-09-26_live_round,3bd4c34433f6425a9a51794da6b91ced,2026-04-05T03:13:12.506111+00:00,1775358792506111000,174502836118250,1280,,,ETF,2873,40,2876.5,-7.0,54.607141875,
54432,market_research_2026-04-04_22-09-26_live_round,3bd4c34433f6425a9a51794da6b91ced,2026-04-05T03:13:12.551050+00:00,1775358792551050000,174502881056791,1280,,,ETF,2874,60,2876.5,-5.0,54.652080416,
54449,market_research_2026-04-04_22-09-26_live_round,3bd4c34433f6425a9a51794da6b91ced,2026-04-05T03:13:12.663144+00:00,1775358792663144000,174502993151541,1280,,,ETF,2875,80,2876.5,-3.0,54.764175166,
54464,market_research_2026-04-04_22-09-26_live_round,3bd4c34433f6425a9a51794da6b91ced,2026-04-05T03:13:12.761300+00:00,1775358792761300000,174503091307208,1280,,,ETF,2876,100,2876.5,-1.0,54.862330833,
54498,market_research_2026-04-04_22-09-26_live_round,3bd4c34433f6425a9a51794da6b91ced,2026-04-05T03:13:12.991580+00:00,1775358792991580000,174503321588208,1280,,,ETF,2886,40,2888.0,-4.0,55.092611833,
54522,market_research_2026-04-04_22-09-26_live_round,3bd4c34433f6425a9a51794da6b91ced,2026-04-05T03:13:13.151137+00:00,1775358793151137000,174503481145666,1280,,,ETF,2887,60,2888.0,-2.0,55.252169291,
54527,market_research_2026-04-04_22-09-26_live_round,3bd4c34433f6425a9a51794da6b91ced,2026-04-05T03:13:13.178904+00:00,1775358793178904000,174503508912500,1280,,,ETF,2888,80,2888.0,0.0,55.279936125,
54572,market_research_2026-04-04_22-09-26_live_round,3bd4c34433f6425a9a51794da6b91ced,2026-04-05T03:13:13.478810+00:00,1775358793478810000,174503808819250,1280,,,ETF,2889,40,2889.0,0.0,55.579842875,
54882,market_research_2026-04-04_22-09-26_live_round,3bd4c34433f6425a9a51794da6b91ced,2026-04-05T03:13:15.661333+00:00,1775358795661333000,174505991346291,1280,,,ETF,2885,40,2886.0,-2.0,57.762369916,
54909,market_research_2026-04-04_22-09-26_live_round,3bd4c34433f6425a9a51794da6b91ced,2026-04-05T03:13:15.848487+00:00,1775358795848487000,174506178500708,1280,,,ETF,2886,60,2886.0,0.0,57.949524333,
54968,market_research_2026-04-04_22-09-26_live_round,3bd4c34433f6425a9a51794da6b91ced,2026-04-05T03:13:16.252478+00:00,1775358796252478000,174506582492375,1280,,,ETF,2888,40,2890.5,-5.0,58.353516,
54974,market_research_2026-04-04_22-09-26_live_round,3bd4c34433f6425a9a51794da6b91ced,2026-04-05T03:13:16.287913+00:00,1775358796287913000,174506617927250,1280,,,ETF,2888,60,2890.0,-4.0,58.388950875,
55079,market_research_2026-04-04_22-09-26_live_round,3bd4c34433f6425a9a51794da6b91ced,2026-04-05T03:13:17.023722+00:00,1775358797023722000,174507353737291,1280,,,ETF,2895,40,2894.0,-2.0,59.124760916,
55093,market_research_2026-04-04_22-09-26_live_round,3bd4c34433f6425a9a51794da6b91ced,2026-04-05T03:13:17.117597+00:00,1775358797117597000,174507447613208,1280,,,ETF,2894,60,2894.0,0.0,59.218636833,
55220,market_research_2026-04-04_22-09-26_live_round,3bd4c34433f6425a9a51794da6b91ced,2026-04-05T03:13:18.011929+00:00,1775358798011929000,174508341946208,1280,,,ETF,2896,40,2898.0,-4.0,60.112969833,
55232,market_research_2026-04-04_22-09-26_live_round,3bd4c34433f6425a9a51794da6b91ced,2026-04-05T03:13:18.090108+00:00,1775358798090108000,174508420126250,1280,,,ETF,2896,60,2897.5,-3.0,60.191149875,
55291,market_research_2026-04-04_22-09-26_live_round,3bd4c34433f6425a9a51794da6b91ced,2026-04-05T03:13:18.509791+00:00,1775358798509791000,174508839809833,1280,,,ETF,2898,40,2897.5,-1.0,60.610833458,
55308,market_research_2026-04-04_22-09-26_live_round,3bd4c34433f6425a9a51794da6b91ced,2026-04-05T03:13:18.626878+00:00,1775358798626878000,174508956896875,1280,,,ETF,2898,40,2898.0,0.0,60.7279205,
55406,market_research_2026-04-04_22-09-26_live_round,3bd4c34433f6425a9a51794da6b91ced,2026-04-05T03:13:19.316815+00:00,1775358799316815000,174509646834875,1280,,,ETF,2898,40,2900.5,-5.0,61.4178585,
55415,market_research_2026-04-04_22-09-26_live_round,3bd4c34433f6425a9a51794da6b91ced,2026-04-05T03:13:19.381590+00:00,1775358799381590000,174509711610583,1280,,,ETF,2899,60,2900.5,-3.0,61.482634208,
55422,market_research_2026-04-04_22-09-26_live_round,3bd4c34433f6425a9a51794da6b91ced,2026-04-05T03:13:19.423940+00:00,1775358799423940000,174509753961041,1280,,,ETF,2900,80,2900.5,-1.0,61.524984666,
55428,market_research_2026-04-04_22-09-26_live_round,3bd4c34433f6425a9a51794da6b91ced,2026-04-05T03:13:19.459498+00:00,1775358799459498000,174509789518083,1280,,,ETF,2900,20,2900.0,0.0,61.560541708,
55429,market_research_2026-04-04_22-09-26_live_round,3bd4c34433f6425a9a51794da6b91ced,2026-04-05T03:13:19.461731+00:00,1775358799461731000,174509791751666,1280,,,ETF,2900,80,2900.0,0.0,61.562775291,
55480,market_research_2026-04-04_22-09-26_live_round,3bd4c34433f6425a9a51794da6b91ced,2026-04-05T03:13:19.819413+00:00,1775358799819413000,174510149433875,1280,,,ETF,2901,40,2904.5,-7.0,61.9204575,
55492,market_research_2026-04-04_22-09-26_live_round,3bd4c34433f6425a9a51794da6b91ced,2026-04-05T03:13:19.900997+00:00,1775358799900997000,174510231018541,1280,,,ETF,2901,60,2904.0,-6.0,62.002042166,
55544,market_research_2026-04-04_22-09-26_live_round,3bd4c34433f6425a9a51794da6b91ced,2026-04-05T03:13:20.266034+00:00,1775358800266034000,174510596056416,1280,,,ETF,2906,80,2904.0,-4.0,62.367080041,
55545,market_research_2026-04-04_22-09-26_live_round,3bd4c34433f6425a9a51794da6b91ced,2026-04-05T03:13:20.268264+00:00,1775358800268264000,174510598286083,1280,,,ETF,2905,100,2904.0,-4.0,62.369309708,
55866,market_research_2026-04-04_22-09-26_live_round,3bd4c34433f6425a9a51794da6b91ced,2026-04-05T03:13:22.614367+00:00,1775358802614367000,174512944393250,1280,,,ETF,2912,40,2912.0,0.0,64.715416875,
56214,market_research_2026-04-04_22-09-26_live_round,3bd4c34433f6425a9a51794da6b91ced,2026-04-05T03:13:25.312933+00:00,1775358805312933000,174515642965208,1280,,,ETF,2925,40,2924.5,-1.0,67.413988833,
56411,market_research_2026-04-04_22-09-26_live_round,3bd4c34433f6425a9a51794da6b91ced,2026-04-05T03:13:26.775563+00:00,1775358806775563000,174517105597708,1280,,,ETF,2917,40,2914.0,-6.0,68.876621333,
56427,market_research_2026-04-04_22-09-26_live_round,3bd4c34433f6425a9a51794da6b91ced,2026-04-05T03:13:26.934921+00:00,1775358806934921000,174517264955708,1280,,,ETF,2917,60,2914.5,-5.0,69.035979333,
56432,market_research_2026-04-04_22-09-26_live_round,3bd4c34433f6425a9a51794da6b91ced,2026-04-05T03:13:26.978233+00:00,1775358806978233000,174517308267708,1280,,,ETF,2915,40,2914.0,-2.0,69.079291333,
56433,market_research_2026-04-04_22-09-26_live_round,3bd4c34433f6425a9a51794da6b91ced,2026-04-05T03:13:26.980820+00:00,1775358806980820000,174517310855458,1280,,,ETF,2914,40,2914.0,-2.0,69.081879083,
56439,market_research_2026-04-04_22-09-26_live_round,3bd4c34433f6425a9a51794da6b91ced,2026-04-05T03:13:27.025643+00:00,1775358807025643000,174517355677958,1280,,,ETF,2914,20,2914.0,0.0,69.126701583,
56726,market_research_2026-04-04_22-09-26_live_round,3bd4c34433f6425a9a51794da6b91ced,2026-04-05T03:13:29.612195+00:00,1775358809612195000,174519942234583,1280,,,ETF,2906,40,2900.5,-11.0,71.713258208,
56739,market_research_2026-04-04_22-09-26_live_round,3bd4c34433f6425a9a51794da6b91ced,2026-04-05T03:13:29.705683+00:00,1775358809705683000,174520035723666,1280,,,ETF,2905,60,2900.5,-9.0,71.806747291,
56749,market_research_2026-04-04_22-09-26_live_round,3bd4c34433f6425a9a51794da6b91ced,2026-04-05T03:13:29.789524+00:00,1775358809789524000,174520119564916,1280,,,ETF,2904,80,2900.5,-7.0,71.890588541,
56760,market_research_2026-04-04_22-09-26_live_round,3bd4c34433f6425a9a51794da6b91ced,2026-04-05T03:13:29.875835+00:00,1775358809875835000,174520205876125,1280,,,ETF,2903,100,2900.5,-5.0,71.97689975,
56991,market_research_2026-04-04_22-09-26_live_round,3bd4c34433f6425a9a51794da6b91ced,2026-04-05T03:13:31.763791+00:00,1775358811763791000,174522093835500,1280,,,ETF,2898,40,2898.0,0.0,73.864859125,
57054,market_research_2026-04-04_22-09-26_live_round,3bd4c34433f6425a9a51794da6b91ced,2026-04-05T03:13:32.200386+00:00,1775358812200386000,174522530430875,1280,,,ETF,2901,40,2901.5,-1.0,74.3014545,
57074,market_research_2026-04-04_22-09-26_live_round,3bd4c34433f6425a9a51794da6b91ced,2026-04-05T03:13:32.341139+00:00,1775358812341139000,174522671184625,1280,,,ETF,2901,60,2901.0,0.0,74.44220825,
57263,market_research_2026-04-04_22-09-26_live_round,3bd4c34433f6425a9a51794da6b91ced,2026-04-05T03:13:33.836178+00:00,1775358813836178000,174524166226666,1280,,,ETF,2901,40,2900.5,-1.0,75.937250291,
57384,market_research_2026-04-04_22-09-26_live_round,3bd4c34433f6425a9a51794da6b91ced,2026-04-05T03:13:34.869822+00:00,1775358814869822000,174525199872458,1280,,,ETF,2900,40,2903.5,-7.0,76.970896083,
57400,market_research_2026-04-04_22-09-26_live_round,3bd4c34433f6425a9a51794da6b91ced,2026-04-05T03:13:34.991228+00:00,1775358814991228000,174525321278291,1280,,,ETF,2901,60,2903.5,-5.0,77.092301916,
57405,market_research_2026-04-04_22-09-26_live_round,3bd4c34433f6425a9a51794da6b91ced,2026-04-05T03:13:35.023791+00:00,1775358815023791000,174525353842000,1280,,,ETF,2902,80,2903.5,-3.0,77.124865625,
57412,market_research_2026-04-04_22-09-26_live_round,3bd4c34433f6425a9a51794da6b91ced,2026-04-05T03:13:35.081295+00:00,1775358815081295000,174525411345916,1280,,,ETF,2903,100,2903.5,-1.0,77.182369541,
57454,market_research_2026-04-04_22-09-26_live_round,3bd4c34433f6425a9a51794da6b91ced,2026-04-05T03:13:35.445867+00:00,1775358815445867000,174525775918958,1280,,,ETF,2903,40,2906.0,-6.0,77.546942583,
57472,market_research_2026-04-04_22-09-26_live_round,3bd4c34433f6425a9a51794da6b91ced,2026-04-05T03:13:35.592963+00:00,1775358815592963000,174525923014333,1280,,,ETF,2903,60,2905.5,-5.0,77.694037958,
57578,market_research_2026-04-04_22-09-26_live_round,3bd4c34433f6425a9a51794da6b91ced,2026-04-05T03:13:36.445975+00:00,1775358816445975000,174526776029208,1280,,,ETF,2912,40,2909.5,-5.0,78.547052833,
57589,market_research_2026-04-04_22-09-26_live_round,3bd4c34433f6425a9a51794da6b91ced,2026-04-05T03:13:36.526525+00:00,1775358816526525000,174526856578750,1280,,,ETF,2911,60,2909.5,-3.0,78.627602375,
57609,market_research_2026-04-04_22-09-26_live_round,3bd4c34433f6425a9a51794da6b91ced,2026-04-05T03:13:36.681641+00:00,1775358816681641000,174527011694375,1280,,,ETF,2910,80,2909.5,-1.0,78.782718,
57669,market_research_2026-04-04_22-09-26_live_round,3bd4c34433f6425a9a51794da6b91ced,2026-04-05T03:13:37.228357+00:00,1775358817228357000,174527558412166,1280,,,ETF,2909,40,2909.0,0.0,79.329435791,
57772,market_research_2026-04-04_22-09-26_live_round,3bd4c34433f6425a9a51794da6b91ced,2026-04-05T03:13:38.105693+00:00,1775358818105693000,174528435749666,1280,,,ETF,2907,40,2903.5,-7.0,80.206773291,
57773,market_research_2026-04-04_22-09-26_live_round,3bd4c34433f6425a9a51794da6b91ced,2026-04-05T03:13:38.107888+00:00,1775358818107888000,174528437944583,1280,,,ETF,2906,60,2903.5,-7.0,80.208968208,
57774,market_research_2026-04-04_22-09-26_live_round,3bd4c34433f6425a9a51794da6b91ced,2026-04-05T03:13:38.107990+00:00,1775358818107990000,174528438047041,1280,,,ETF,2905,80,2903.5,-7.0,80.209070666,
57775,market_research_2026-04-04_22-09-26_live_round,3bd4c34433f6425a9a51794da6b91ced,2026-04-05T03:13:38.108087+00:00,1775358818108087000,174528438144000,1280,,,ETF,2904,20,2903.5,-7.0,80.209167625,
57868,market_research_2026-04-04_22-09-26_live_round,3bd4c34433f6425a9a51794da6b91ced,2026-04-05T03:13:38.837242+00:00,1775358818837242000,174529167300416,1280,,,ETF,2904,40,2901.0,-6.0,80.938324041,
57886,market_research_2026-04-04_22-09-26_live_round,3bd4c34433f6425a9a51794da6b91ced,2026-04-05T03:13:38.997835+00:00,1775358818997835000,174529327893125,1280,,,ETF,2904,40,2901.5,-5.0,81.09891675,
57887,market_research_2026-04-04_22-09-26_live_round,3bd4c34433f6425a9a51794da6b91ced,2026-04-05T03:13:38.997979+00:00,1775358818997979000,174529328037375,1280,,,ETF,2902,20,2901.5,-5.0,81.099061,
57893,market_research_2026-04-04_22-09-26_live_round,3bd4c34433f6425a9a51794da6b91ced,2026-04-05T03:13:39.036442+00:00,1775358819036442000,174529366500166,1280,,,ETF,2902,20,2901.0,-2.0,81.137523791,
57894,market_research_2026-04-04_22-09-26_live_round,3bd4c34433f6425a9a51794da6b91ced,2026-04-05T03:13:39.039654+00:00,1775358819039654000,174529369712500,1280,,,ETF,2901,60,2901.0,-2.0,81.140736125,
57926,market_research_2026-04-04_22-09-26_live_round,3bd4c34433f6425a9a51794da6b91ced,2026-04-05T03:13:39.269179+00:00,1775358819269179000,174529599238666,1280,,,ETF,2899,40,2895.5,-7.0,81.370262291,
57948,market_research_2026-04-04_22-09-26_live_round,3bd4c34433f6425a9a51794da6b91ced,2026-04-05T03:13:39.448753+00:00,1775358819448753000,174529778812916,1280,,,ETF,2899,60,2896.0,-6.0,81.549836541,
58053,market_research_2026-04-04_22-09-26_live_round,3bd4c34433f6425a9a51794da6b91ced,2026-04-05T03:13:40.284173+00:00,1775358820284173000,174530614233500,1280,,,ETF,2894,40,2894.5,-1.0,82.385257125,
58185,market_research_2026-04-04_22-09-26_live_round,3bd4c34433f6425a9a51794da6b91ced,2026-04-05T03:13:41.372407+00:00,1775358821372407000,174531702470208,1280,,,ETF,2902,40,2904.0,-4.0,83.473493833,
58199,market_research_2026-04-04_22-09-26_live_round,3bd4c34433f6425a9a51794da6b91ced,2026-04-05T03:13:41.490089+00:00,1775358821490089000,174531820152458,1280,,,ETF,2903,60,2904.0,-2.0,83.591176083,
58205,market_research_2026-04-04_22-09-26_live_round,3bd4c34433f6425a9a51794da6b91ced,2026-04-05T03:13:41.547135+00:00,1775358821547135000,174531877198458,1280,,,ETF,2904,80,2904.0,0.0,83.648222083,
58251,market_research_2026-04-04_22-09-26_live_round,3bd4c34433f6425a9a51794da6b91ced,2026-04-05T03:13:41.914293+00:00,1775358821914293000,174532244357000,1280,,,ETF,2905,40,2909.0,-8.0,84.015380625,
58271,market_research_2026-04-04_22-09-26_live_round,3bd4c34433f6425a9a51794da6b91ced,2026-04-05T03:13:42.070420+00:00,1775358822070420000,174532400484416,1280,,,ETF,2905,60,2908.5,-7.0,84.171508041,
58730,market_research_2026-04-04_22-09-26_live_round,3bd4c34433f6425a9a51794da6b91ced,2026-04-05T03:13:46.009055+00:00,1775358826009055000,174536339126833,1280,,,ETF,2907,40,2905.5,-3.0,88.110150458,
58735,market_research_2026-04-04_22-09-26_live_round,3bd4c34433f6425a9a51794da6b91ced,2026-04-05T03:13:46.042845+00:00,1775358826042845000,174536372916958,1280,,,ETF,2906,60,2905.5,-1.0,88.143940583,
58741,market_research_2026-04-04_22-09-26_live_round,3bd4c34433f6425a9a51794da6b91ced,2026-04-05T03:13:46.095413+00:00,1775358826095413000,174536425484958,1280,,,ETF,2906,80,2906.0,0.0,88.196508583,
59114,market_research_2026-04-04_22-09-26_live_round,3bd4c34433f6425a9a51794da6b91ced,2026-04-05T03:13:49.249322+00:00,1775358829249322000,174539579400666,1400,,,ETF,2905,40,2902.0,-6.0,91.350424291,
59131,market_research_2026-04-04_22-09-26_live_round,3bd4c34433f6425a9a51794da6b91ced,2026-04-05T03:13:49.379766+00:00,1775358829379766000,174539709845083,1400,,,ETF,2904,60,2902.0,-4.0,91.480868708,
59136,market_research_2026-04-04_22-09-26_live_round,3bd4c34433f6425a9a51794da6b91ced,2026-04-05T03:13:49.415268+00:00,1775358829415268000,174539745347000,1400,,,ETF,2903,80,2902.0,-2.0,91.516370625,
59141,market_research_2026-04-04_22-09-26_live_round,3bd4c34433f6425a9a51794da6b91ced,2026-04-05T03:13:49.445415+00:00,1775358829445415000,174539775494458,1400,,,ETF,2903,100,2902.5,-1.0,91.546518083,
59198,market_research_2026-04-04_22-09-26_live_round,3bd4c34433f6425a9a51794da6b91ced,2026-04-05T03:13:49.915928+00:00,1775358829915928000,174540246007375,1400,,,ETF,2902,40,2898.0,-8.0,92.017031,
59203,market_research_2026-04-04_22-09-26_live_round,3bd4c34433f6425a9a51794da6b91ced,2026-04-05T03:13:49.955926+00:00,1775358829955926000,174540286005583,1400,,,ETF,2902,60,2898.5,-7.0,92.057029208,
59521,market_research_2026-04-04_22-09-26_live_round,3bd4c34433f6425a9a51794da6b91ced,2026-04-05T03:13:52.580456+00:00,1775358832580456000,174542910540625,1400,,,ETF,2894,40,2893.5,-1.0,94.68156425,
59587,market_research_2026-04-04_22-09-26_live_round,3bd4c34433f6425a9a51794da6b91ced,2026-04-05T03:13:53.120003+00:00,1775358833120003000,174543450088708,1400,,,ETF,2891,40,2890.5,-1.0,95.221112333,
59592,market_research_2026-04-04_22-09-26_live_round,3bd4c34433f6425a9a51794da6b91ced,2026-04-05T03:13:53.159886+00:00,1775358833159886000,174543489972291,1400,,,ETF,2891,60,2891.0,0.0,95.260995916,
59706,market_research_2026-04-04_22-09-26_live_round,3bd4c34433f6425a9a51794da6b91ced,2026-04-05T03:13:54.128318+00:00,1775358834128318000,174544458405833,1400,,,ETF,2883,40,2881.5,-3.0,96.229429458,
59722,market_research_2026-04-04_22-09-26_live_round,3bd4c34433f6425a9a51794da6b91ced,2026-04-05T03:13:54.261303+00:00,1775358834261303000,174544591391500,1400,,,ETF,2882,60,2881.5,-1.0,96.362415125,
59770,market_research_2026-04-04_22-09-26_live_round,3bd4c34433f6425a9a51794da6b91ced,2026-04-05T03:13:54.659964+00:00,1775358834659964000,174544990052750,1400,,,ETF,2882,40,2882.0,0.0,96.761076375,
60155,market_research_2026-04-04_22-09-26_live_round,3bd4c34433f6425a9a51794da6b91ced,2026-04-05T03:13:57.881439+00:00,1775358837881439000,174548211534541,1416,,,ETF,2893,40,2893.0,0.0,99.982558166,
60203,market_research_2026-04-04_22-09-26_live_round,3bd4c34433f6425a9a51794da6b91ced,2026-04-05T03:13:58.289730+00:00,1775358838289730000,174548619826500,1416,,,ETF,2892,60,2889.0,-6.0,100.390850125,
60204,market_research_2026-04-04_22-09-26_live_round,3bd4c34433f6425a9a51794da6b91ced,2026-04-05T03:13:58.289871+00:00,1775358838289871000,174548619967291,1416,,,ETF,2891,80,2889.0,-6.0,100.390990916,
60205,market_research_2026-04-04_22-09-26_live_round,3bd4c34433f6425a9a51794da6b91ced,2026-04-05T03:13:58.289977+00:00,1775358838289977000,174548620073458,1416,,,ETF,2890,60,2889.0,-6.0,100.391097083,
60336,market_research_2026-04-04_22-09-26_live_round,3bd4c34433f6425a9a51794da6b91ced,2026-04-05T03:13:59.393494+00:00,1775358839393494000,174549723592250,1416,,,ETF,2885,40,2879.0,-12.0,101.494615875,
60337,market_research_2026-04-04_22-09-26_live_round,3bd4c34433f6425a9a51794da6b91ced,2026-04-05T03:13:59.393649+00:00,1775358839393649000,174549723747541,1416,,,ETF,2885,100,2879.0,-12.0,101.494771166,
60338,market_research_2026-04-04_22-09-26_live_round,3bd4c34433f6425a9a51794da6b91ced,2026-04-05T03:13:59.393757+00:00,1775358839393757000,174549723856000,1416,,,ETF,2884,60,2879.0,-12.0,101.494879625,
60367,market_research_2026-04-04_22-09-26_live_round,3bd4c34433f6425a9a51794da6b91ced,2026-04-05T03:13:59.622617+00:00,1775358839622617000,174549952715916,1416,,,ETF,2883,40,2882.0,-2.0,101.723739541,
60377,market_research_2026-04-04_22-09-26_live_round,3bd4c34433f6425a9a51794da6b91ced,2026-04-05T03:13:59.723129+00:00,1775358839723129000,174550053228083,1416,,,ETF,2883,40,2882.5,-1.0,101.824251708,
60378,market_research_2026-04-04_22-09-26_live_round,3bd4c34433f6425a9a51794da6b91ced,2026-04-05T03:13:59.723260+00:00,1775358839723260000,174550053359125,1416,,,ETF,2882,20,2882.5,-1.0,101.82438275,
60444,market_research_2026-04-04_22-09-26_live_round,3bd4c34433f6425a9a51794da6b91ced,2026-04-05T03:14:00.245665+00:00,1775358840245665000,174550575764541,1416,,,ETF,2882,40,2881.5,-1.0,102.346788166,
60449,market_research_2026-04-04_22-09-26_live_round,3bd4c34433f6425a9a51794da6b91ced,2026-04-05T03:14:00.280397+00:00,1775358840280397000,174550610497375,1416,,,ETF,2882,40,2882.0,0.0,102.381521,
60565,market_research_2026-04-04_22-09-26_live_round,3bd4c34433f6425a9a51794da6b91ced,2026-04-05T03:14:01.210483+00:00,1775358841210483000,174551540584750,1416,,,ETF,2884,40,2884.5,-1.0,103.311608375,
60578,market_research_2026-04-04_22-09-26_live_round,3bd4c34433f6425a9a51794da6b91ced,2026-04-05T03:14:01.314504+00:00,1775358841314504000,174551644606166,1416,,,ETF,2884,60,2884.0,0.0,103.415629791,
60758,market_research_2026-04-04_22-09-26_live_round,3bd4c34433f6425a9a51794da6b91ced,2026-04-05T03:14:02.833194+00:00,1775358842833194000,174553163299375,1416,,,ETF,2891,40,2889.0,-4.0,104.934323,
60771,market_research_2026-04-04_22-09-26_live_round,3bd4c34433f6425a9a51794da6b91ced,2026-04-05T03:14:02.936216+00:00,1775358842936216000,174553266321041,1416,,,ETF,2890,60,2889.0,-2.0,105.037344666,
60776,market_research_2026-04-04_22-09-26_live_round,3bd4c34433f6425a9a51794da6b91ced,2026-04-05T03:14:02.967735+00:00,1775358842967735000,174553297840833,1416,,,ETF,2889,80,2889.0,0.0,105.068864458,
60831,market_research_2026-04-04_22-09-26_live_round,3bd4c34433f6425a9a51794da6b91ced,2026-04-05T03:14:03.453127+00:00,1775358843453127000,174553783233416,1416,,,ETF,2888,40,2884.5,-7.0,105.554257041,
60848,market_research_2026-04-04_22-09-26_live_round,3bd4c34433f6425a9a51794da6b91ced,2026-04-05T03:14:03.610256+00:00,1775358843610256000,174553940362583,1416,,,ETF,2888,60,2885.0,-6.0,105.711386208,
60938,market_research_2026-04-04_22-09-26_live_round,3bd4c34433f6425a9a51794da6b91ced,2026-04-05T03:14:04.368601+00:00,1775358844368601000,174554698709041,1416,,,ETF,2881,40,2881.0,0.0,106.469732666,
61466,market_research_2026-04-04_22-09-26_live_round,3bd4c34433f6425a9a51794da6b91ced,2026-04-05T03:14:09.371041+00:00,1775358849371041000,174559701158750,1416,,,ETF,2894,40,2895.5,-3.0,111.472182375,
61476,market_research_2026-04-04_22-09-26_live_round,3bd4c34433f6425a9a51794da6b91ced,2026-04-05T03:14:09.454819+00:00,1775358849454819000,174559784937041,1416,,,ETF,2894,60,2895.0,-2.0,111.555960666,
61490,market_research_2026-04-04_22-09-26_live_round,3bd4c34433f6425a9a51794da6b91ced,2026-04-05T03:14:09.586350+00:00,1775358849586350000,174559916468083,1416,,,ETF,2894,40,2894.5,-1.0,111.687491708,
61491,market_research_2026-04-04_22-09-26_live_round,3bd4c34433f6425a9a51794da6b91ced,2026-04-05T03:14:09.588979+00:00,1775358849588979000,174559919097583,1416,,,ETF,2895,40,2894.5,-1.0,111.690121208,
61984,market_research_2026-04-04_22-09-26_live_round,3bd4c34433f6425a9a51794da6b91ced,2026-04-05T03:14:14.005302+00:00,1775358854005302000,174564335428958,1416,,,ETF,2891,40,2890.0,-2.0,116.106452583,
61989,market_research_2026-04-04_22-09-26_live_round,3bd4c34433f6425a9a51794da6b91ced,2026-04-05T03:14:14.034661+00:00,1775358854034661000,174564364788166,1416,,,ETF,2891,60,2890.5,-1.0,116.135811791,
62003,market_research_2026-04-04_22-09-26_live_round,3bd4c34433f6425a9a51794da6b91ced,2026-04-05T03:14:14.160012+00:00,1775358854160012000,174564490138750,1416,,,ETF,2891,40,2891.0,0.0,116.261162375,
62113,market_research_2026-04-04_22-09-26_live_round,3bd4c34433f6425a9a51794da6b91ced,2026-04-05T03:14:15.183209+00:00,1775358855183209000,174565513337500,1416,,,ETF,2883,40,2883.0,0.0,117.284361125,
62231,market_research_2026-04-04_22-09-26_live_round,3bd4c34433f6425a9a51794da6b91ced,2026-04-05T03:14:16.269913+00:00,1775358856269913000,174566600044166,1416,,,ETF,2880,40,2879.0,-2.0,118.371067791,
62232,market_research_2026-04-04_22-09-26_live_round,3bd4c34433f6425a9a51794da6b91ced,2026-04-05T03:14:16.270051+00:00,1775358856270051000,174566600182125,1416,,,ETF,2879,60,2879.0,-2.0,118.37120575,
62233,market_research_2026-04-04_22-09-26_live_round,3bd4c34433f6425a9a51794da6b91ced,2026-04-05T03:14:16.270156+00:00,1775358856270156000,174566600287708,1416,,,ETF,2878,80,2879.0,-2.0,118.371311333,
62396,market_research_2026-04-04_22-09-26_live_round,3bd4c34433f6425a9a51794da6b91ced,2026-04-05T03:14:17.848575+00:00,1775358857848575000,174568178709625,1450,,,ETF,2889,40,2894.0,-10.0,119.94973325,
62402,market_research_2026-04-04_22-09-26_live_round,3bd4c34433f6425a9a51794da6b91ced,2026-04-05T03:14:17.893254+00:00,1775358857893254000,174568223388166,1450,,,ETF,2889,60,2893.5,-9.0,119.994411791,
62407,market_research_2026-04-04_22-09-26_live_round,3bd4c34433f6425a9a51794da6b91ced,2026-04-05T03:14:17.936878+00:00,1775358857936878000,174568267013083,1450,,,ETF,2891,40,2894.0,-6.0,120.038036708,
62408,market_research_2026-04-04_22-09-26_live_round,3bd4c34433f6425a9a51794da6b91ced,2026-04-05T03:14:17.937020+00:00,1775358857937020000,174568267155041,1450,,,ETF,2892,40,2894.0,-6.0,120.038178666,
62414,market_research_2026-04-04_22-09-26_live_round,3bd4c34433f6425a9a51794da6b91ced,2026-04-05T03:14:17.982790+00:00,1775358857982790000,174568312924291,1450,,,ETF,2892,20,2894.0,-4.0,120.083947916,
62415,market_research_2026-04-04_22-09-26_live_round,3bd4c34433f6425a9a51794da6b91ced,2026-04-05T03:14:17.982943+00:00,1775358857982943000,174568313077791,1450,,,ETF,2893,80,2894.0,-4.0,120.084101416,
62447,market_research_2026-04-04_22-09-26_live_round,3bd4c34433f6425a9a51794da6b91ced,2026-04-05T03:14:18.246740+00:00,1775358858246740000,174568576874875,1450,,,ETF,2894,40,2895.0,-2.0,120.3478985,
62468,market_research_2026-04-04_22-09-26_live_round,3bd4c34433f6425a9a51794da6b91ced,2026-04-05T03:14:18.435684+00:00,1775358858435684000,174568765819791,1450,,,ETF,2894,60,2894.5,-1.0,120.536843416,
62572,market_research_2026-04-04_22-09-26_live_round,3bd4c34433f6425a9a51794da6b91ced,2026-04-05T03:14:19.432036+00:00,1775358859432036000,174569762172750,1450,,,ETF,2905,40,2905.5,-1.0,121.533196375,
62588,market_research_2026-04-04_22-09-26_live_round,3bd4c34433f6425a9a51794da6b91ced,2026-04-05T03:14:19.571633+00:00,1775358859571633000,174569901770041,1450,,,ETF,2905,60,2905.0,0.0,121.672793666,
62637,market_research_2026-04-04_22-09-26_live_round,3bd4c34433f6425a9a51794da6b91ced,2026-04-05T03:14:19.999921+00:00,1775358859999921000,174570330058833,1450,,,ETF,2904,80,2898.5,-11.0,122.101082458,
62638,market_research_2026-04-04_22-09-26_live_round,3bd4c34433f6425a9a51794da6b91ced,2026-04-05T03:14:20.002429+00:00,1775358860002429000,174570332568000,1450,,,ETF,2903,100,2898.5,-11.0,122.103591625,
62639,market_research_2026-04-04_22-09-26_live_round,3bd4c34433f6425a9a51794da6b91ced,2026-04-05T03:14:20.002534+00:00,1775358860002534000,174570332673083,1450,,,ETF,2898,20,2898.5,-11.0,122.103696708,
62898,market_research_2026-04-04_22-09-26_live_round,3bd4c34433f6425a9a51794da6b91ced,2026-04-05T03:14:22.363666+00:00,1775358862363666000,174572693809208,1450,,,ETF,2900,40,2900.0,0.0,124.464832833,
63094,market_research_2026-04-04_22-09-26_live_round,3bd4c34433f6425a9a51794da6b91ced,2026-04-05T03:14:24.187572+00:00,1775358864187572000,174574517718708,1450,,,ETF,2905,40,2907.5,-5.0,126.288742333,
63121,market_research_2026-04-04_22-09-26_live_round,3bd4c34433f6425a9a51794da6b91ced,2026-04-05T03:14:24.458591+00:00,1775358864458591000,174574788738000,1450,,,ETF,2905,60,2907.0,-4.0,126.559761625,
63127,market_research_2026-04-04_22-09-26_live_round,3bd4c34433f6425a9a51794da6b91ced,2026-04-05T03:14:24.507564+00:00,1775358864507564000,174574837711250,1450,,,ETF,2906,40,2907.0,-2.0,126.608734875,
63128,market_research_2026-04-04_22-09-26_live_round,3bd4c34433f6425a9a51794da6b91ced,2026-04-05T03:14:24.507698+00:00,1775358864507698000,174574837845833,1450,,,ETF,2907,40,2907.0,-2.0,126.608869458,
63134,market_research_2026-04-04_22-09-26_live_round,3bd4c34433f6425a9a51794da6b91ced,2026-04-05T03:14:24.565497+00:00,1775358864565497000,174574895643708,1450,,,ETF,2907,20,2907.0,0.0,126.666667333,
63323,market_research_2026-04-04_22-09-26_live_round,3bd4c34433f6425a9a51794da6b91ced,2026-04-05T03:14:26.327878+00:00,1775358866327878000,174576658028416,1450,,,ETF,2909,40,2911.0,-4.0,128.429052041,
63328,market_research_2026-04-04_22-09-26_live_round,3bd4c34433f6425a9a51794da6b91ced,2026-04-05T03:14:26.361139+00:00,1775358866361139000,174576691289333,1450,,,ETF,2910,60,2911.0,-2.0,128.462312958,
63335,market_research_2026-04-04_22-09-26_live_round,3bd4c34433f6425a9a51794da6b91ced,2026-04-05T03:14:26.426529+00:00,1775358866426529000,174576756679833,1450,,,ETF,2911,80,2911.0,0.0,128.527703458,
63369,market_research_2026-04-04_22-09-26_live_round,3bd4c34433f6425a9a51794da6b91ced,2026-04-05T03:14:26.723123+00:00,1775358866723123000,174577053274416,1450,,,ETF,2912,100,2923.5,-23.0,128.824298041,
63370,market_research_2026-04-04_22-09-26_live_round,3bd4c34433f6425a9a51794da6b91ced,2026-04-05T03:14:26.723263+00:00,1775358866723263000,174577053414750,1450,,,ETF,2919,40,2923.5,-23.0,128.824438375,
63371,market_research_2026-04-04_22-09-26_live_round,3bd4c34433f6425a9a51794da6b91ced,2026-04-05T03:14:26.723362+00:00,1775358866723362000,174577053514416,1450,,,ETF,2920,60,2923.5,-23.0,128.824538041,
63378,market_research_2026-04-04_22-09-26_live_round,3bd4c34433f6425a9a51794da6b91ced,2026-04-05T03:14:26.787649+00:00,1775358866787649000,174577117800500,1450,,,ETF,2921,40,2924.0,-6.0,128.888824125,
63399,market_research_2026-04-04_22-09-26_live_round,3bd4c34433f6425a9a51794da6b91ced,2026-04-05T03:14:26.964325+00:00,1775358866964325000,174577294476875,1450,,,ETF,2921,40,2923.5,-5.0,129.0655005,
63400,market_research_2026-04-04_22-09-26_live_round,3bd4c34433f6425a9a51794da6b91ced,2026-04-05T03:14:26.968198+00:00,1775358866968198000,174577298350666,1450,,,ETF,2922,20,2923.5,-5.0,129.069374291,
63413,market_research_2026-04-04_22-09-26_live_round,3bd4c34433f6425a9a51794da6b91ced,2026-04-05T03:14:27.095287+00:00,1775358867095287000,174577425439583,1450,,,ETF,2922,80,2923.5,-3.0,129.196463208,
63522,market_research_2026-04-04_22-09-26_live_round,3bd4c34433f6425a9a51794da6b91ced,2026-04-05T03:14:28.022731+00:00,1775358868022731000,174578352885041,1450,,,ETF,2935,40,2938.0,-6.0,130.123908666,
63538,market_research_2026-04-04_22-09-26_live_round,3bd4c34433f6425a9a51794da6b91ced,2026-04-05T03:14:28.141102+00:00,1775358868141102000,174578471256500,1450,,,ETF,2936,60,2938.0,-4.0,130.242280125,
63558,market_research_2026-04-04_22-09-26_live_round,3bd4c34433f6425a9a51794da6b91ced,2026-04-05T03:14:28.308785+00:00,1775358868308785000,174578638939791,1450,,,ETF,2936,40,2937.5,-3.0,130.409963416,
63559,market_research_2026-04-04_22-09-26_live_round,3bd4c34433f6425a9a51794da6b91ced,2026-04-05T03:14:28.311534+00:00,1775358868311534000,174578641688833,1450,,,ETF,2936,40,2937.5,-3.0,130.412712458,
63574,market_research_2026-04-04_22-09-26_live_round,3bd4c34433f6425a9a51794da6b91ced,2026-04-05T03:14:28.424507+00:00,1775358868424507000,174578754661625,1450,,,ETF,2936,20,2937.0,-2.0,130.52568525,
63575,market_research_2026-04-04_22-09-26_live_round,3bd4c34433f6425a9a51794da6b91ced,2026-04-05T03:14:28.424650+00:00,1775358868424650000,174578754805208,1450,,,ETF,2937,80,2937.0,-2.0,130.525828833,
63608,market_research_2026-04-04_22-09-26_live_round,3bd4c34433f6425a9a51794da6b91ced,2026-04-05T03:14:28.697289+00:00,1775358868697289000,174579027444750,1450,,,ETF,2938,40,2944.0,-12.0,130.798468375,
63631,market_research_2026-04-04_22-09-26_live_round,3bd4c34433f6425a9a51794da6b91ced,2026-04-05T03:14:28.867526+00:00,1775358868867526000,174579197682208,1450,,,ETF,2938,60,2943.5,-11.0,130.968705833,
63652,market_research_2026-04-04_22-09-26_live_round,3bd4c34433f6425a9a51794da6b91ced,2026-04-05T03:14:29.039777+00:00,1775358869039777000,174579369933000,1450,,,ETF,2947,40,2947.5,-1.0,131.140956625,
63653,market_research_2026-04-04_22-09-26_live_round,3bd4c34433f6425a9a51794da6b91ced,2026-04-05T03:14:29.042326+00:00,1775358869042326000,174579372482333,1450,,,ETF,2948,40,2947.5,-1.0,131.143505958,
63680,market_research_2026-04-04_22-09-26_live_round,3bd4c34433f6425a9a51794da6b91ced,2026-04-05T03:14:29.272333+00:00,1775358869272333000,174579602489666,1450,,,ETF,2950,100,2969.5,-39.0,131.373513291,
63681,market_research_2026-04-04_22-09-26_live_round,3bd4c34433f6425a9a51794da6b91ced,2026-04-05T03:14:29.272480+00:00,1775358869272480000,174579602636791,1450,,,ETF,2956,40,2969.5,-39.0,131.373660416,
63682,market_research_2026-04-04_22-09-26_live_round,3bd4c34433f6425a9a51794da6b91ced,2026-04-05T03:14:29.272582+00:00,1775358869272582000,174579602738791,1450,,,ETF,2957,60,2969.5,-39.0,131.373762416,
63702,market_research_2026-04-04_22-09-26_live_round,3bd4c34433f6425a9a51794da6b91ced,2026-04-05T03:14:29.428062+00:00,1775358869428062000,174579758219083,1450,,,ETF,2958,40,2969.5,-23.0,131.529242708,
63733,market_research_2026-04-04_22-09-26_live_round,3bd4c34433f6425a9a51794da6b91ced,2026-04-05T03:14:29.681640+00:00,1775358869681640000,174580011797375,1450,,,ETF,2958,40,2969.0,-22.0,131.782821,
63734,market_research_2026-04-04_22-09-26_live_round,3bd4c34433f6425a9a51794da6b91ced,2026-04-05T03:14:29.681792+00:00,1775358869681792000,174580011949291,1450,,,ETF,2959,20,2969.0,-22.0,131.782972916,
63740,market_research_2026-04-04_22-09-26_live_round,3bd4c34433f6425a9a51794da6b91ced,2026-04-05T03:14:29.722224+00:00,1775358869722224000,174580052381875,1450,,,ETF,2959,80,2969.0,-20.0,131.8234055,
63763,market_research_2026-04-04_22-09-26_live_round,3bd4c34433f6425a9a51794da6b91ced,2026-04-05T03:14:29.910060+00:00,1775358869910060000,174580240217916,1450,,,ETF,2987,40,2991.0,-8.0,132.011241541,
63788,market_research_2026-04-04_22-09-26_live_round,3bd4c34433f6425a9a51794da6b91ced,2026-04-05T03:14:30.115690+00:00,1775358870115690000,174580445848500,1450,,,ETF,2988,60,2991.0,-6.0,132.216872125,
63810,market_research_2026-04-04_22-09-26_live_round,3bd4c34433f6425a9a51794da6b91ced,2026-04-05T03:14:30.291669+00:00,1775358870291669000,174580621828041,1450,,,ETF,2989,80,2991.0,-4.0,132.392851666,
63818,market_research_2026-04-04_22-09-26_live_round,3bd4c34433f6425a9a51794da6b91ced,2026-04-05T03:14:30.363493+00:00,1775358870363493000,174580693651875,1450,,,ETF,2990,100,2991.0,-2.0,132.4646755,
63841,market_research_2026-04-04_22-09-26_live_round,3bd4c34433f6425a9a51794da6b91ced,2026-04-05T03:14:30.551829+00:00,1775358870551829000,174580881987541,1450,,,ETF,3001,40,3010.5,-19.0,132.653011166,
63847,market_research_2026-04-04_22-09-26_live_round,3bd4c34433f6425a9a51794da6b91ced,2026-04-05T03:14:30.601294+00:00,1775358870601294000,174580931452625,1450,,,ETF,3002,60,3010.5,-17.0,132.70247625,
63890,market_research_2026-04-04_22-09-26_live_round,3bd4c34433f6425a9a51794da6b91ced,2026-04-05T03:14:30.957773+00:00,1775358870957773000,174581287932333,1450,,,ETF,3003,80,3010.5,-15.0,133.058955958,
63895,market_research_2026-04-04_22-09-26_live_round,3bd4c34433f6425a9a51794da6b91ced,2026-04-05T03:14:31.000383+00:00,1775358871000383000,174581330542375,1450,,,ETF,3004,100,3010.5,-13.0,133.101566,
63936,market_research_2026-04-04_22-09-26_live_round,3bd4c34433f6425a9a51794da6b91ced,2026-04-05T03:14:31.303220+00:00,1775358871303220000,174581633380875,1450,,,ETF,3026,40,3034.0,-16.0,133.4044045,
63954,market_research_2026-04-04_22-09-26_live_round,3bd4c34433f6425a9a51794da6b91ced,2026-04-05T03:14:31.463007+00:00,1775358871463007000,174581793167541,1450,,,ETF,3027,60,3034.0,-14.0,133.564191166,
63967,market_research_2026-04-04_22-09-26_live_round,3bd4c34433f6425a9a51794da6b91ced,2026-04-05T03:14:31.569694+00:00,1775358871569694000,174581899854666,1450,,,ETF,3028,80,3034.0,-12.0,133.670878291,
63972,market_research_2026-04-04_22-09-26_live_round,3bd4c34433f6425a9a51794da6b91ced,2026-04-05T03:14:31.603272+00:00,1775358871603272000,174581933433041,1450,,,ETF,3029,100,3034.0,-10.0,133.704456666,
64009,market_research_2026-04-04_22-09-26_live_round,3bd4c34433f6425a9a51794da6b91ced,2026-04-05T03:14:31.935674+00:00,1775358871935674000,174582265835375,1450,,,ETF,3048,40,3056.0,-16.0,134.036859,
64034,market_research_2026-04-04_22-09-26_live_round,3bd4c34433f6425a9a51794da6b91ced,2026-04-05T03:14:32.112777+00:00,1775358872112777000,174582442939583,1450,,,ETF,3049,60,3056.0,-14.0,134.213963208,
64043,market_research_2026-04-04_22-09-26_live_round,3bd4c34433f6425a9a51794da6b91ced,2026-04-05T03:14:32.191021+00:00,1775358872191021000,174582521183500,1450,,,ETF,3050,80,3056.0,-12.0,134.292207125,
64048,market_research_2026-04-04_22-09-26_live_round,3bd4c34433f6425a9a51794da6b91ced,2026-04-05T03:14:32.227002+00:00,1775358872227002000,174582557165083,1450,,,ETF,3051,100,3056.0,-10.0,134.328188708,
64089,market_research_2026-04-04_22-09-26_live_round,3bd4c34433f6425a9a51794da6b91ced,2026-04-05T03:14:32.552897+00:00,1775358872552897000,174582883060083,1450,,,ETF,3070,40,3083.5,-27.0,134.654083708,
64114,market_research_2026-04-04_22-09-26_live_round,3bd4c34433f6425a9a51794da6b91ced,2026-04-05T03:14:32.750994+00:00,1775358872750994000,174583081157750,1450,,,ETF,3071,60,3083.5,-25.0,134.852181375,
64119,market_research_2026-04-04_22-09-26_live_round,3bd4c34433f6425a9a51794da6b91ced,2026-04-05T03:14:32.794732+00:00,1775358872794732000,174583124895083,1450,,,ETF,3072,80,3083.5,-23.0,134.895918708,
64124,market_research_2026-04-04_22-09-26_live_round,3bd4c34433f6425a9a51794da6b91ced,2026-04-05T03:14:32.838405+00:00,1775358872838405000,174583168568625,1450,,,ETF,3073,100,3083.5,-21.0,134.93959225,
64162,market_research_2026-04-04_22-09-26_live_round,3bd4c34433f6425a9a51794da6b91ced,2026-04-05T03:14:33.164533+00:00,1775358873164533000,174583494697458,1450,,,ETF,3103,40,3115.0,-24.0,135.265721083,
64183,market_research_2026-04-04_22-09-26_live_round,3bd4c34433f6425a9a51794da6b91ced,2026-04-05T03:14:33.335297+00:00,1775358873335297000,174583665461833,1450,,,ETF,3104,60,3115.0,-22.0,135.436485458,
64188,market_research_2026-04-04_22-09-26_live_round,3bd4c34433f6425a9a51794da6b91ced,2026-04-05T03:14:33.373337+00:00,1775358873373337000,174583703501125,1450,,,ETF,3105,80,3115.0,-20.0,135.47452475,
64200,market_research_2026-04-04_22-09-26_live_round,3bd4c34433f6425a9a51794da6b91ced,2026-04-05T03:14:33.471355+00:00,1775358873471355000,174583801519875,1450,,,ETF,3106,100,3115.0,-18.0,135.5725435,
64344,market_research_2026-04-04_22-09-26_live_round,3bd4c34433f6425a9a51794da6b91ced,2026-04-05T03:14:34.808104+00:00,1775358874808104000,174585138271708,1450,,,ETF,3125,40,3125.0,0.0,136.909295333,
64408,market_research_2026-04-04_22-09-26_live_round,3bd4c34433f6425a9a51794da6b91ced,2026-04-05T03:14:35.432066+00:00,1775358875432066000,174585762234875,1450,,,ETF,3122,40,3120.5,-3.0,137.5332585,
64413,market_research_2026-04-04_22-09-26_live_round,3bd4c34433f6425a9a51794da6b91ced,2026-04-05T03:14:35.478057+00:00,1775358875478057000,174585808226166,1450,,,ETF,3122,60,3121.0,-2.0,137.579249791,
65205,market_research_2026-04-04_22-09-26_live_round,3bd4c34433f6425a9a51794da6b91ced,2026-04-05T03:14:42.928696+00:00,1775358882928696000,174593258879291,1450,,,ETF,3127,40,3130.0,-6.0,145.029902916,
65227,market_research_2026-04-04_22-09-26_live_round,3bd4c34433f6425a9a51794da6b91ced,2026-04-05T03:14:43.148963+00:00,1775358883148963000,174593479146541,1450,,,ETF,3128,60,3130.0,-4.0,145.250170166,
65232,market_research_2026-04-04_22-09-26_live_round,3bd4c34433f6425a9a51794da6b91ced,2026-04-05T03:14:43.188325+00:00,1775358883188325000,174593518509416,1450,,,ETF,3129,80,3130.0,-2.0,145.289533041,
65237,market_research_2026-04-04_22-09-26_live_round,3bd4c34433f6425a9a51794da6b91ced,2026-04-05T03:14:43.221703+00:00,1775358883221703000,174593551887500,1450,,,ETF,3130,100,3130.0,0.0,145.322911125,
65399,market_research_2026-04-04_22-09-26_live_round,3bd4c34433f6425a9a51794da6b91ced,2026-04-05T03:14:44.755182+00:00,1775358884755182000,174595085368666,1450,,,ETF,3141,40,3141.5,-1.0,146.856392291,
65426,market_research_2026-04-04_22-09-26_live_round,3bd4c34433f6425a9a51794da6b91ced,2026-04-05T03:14:45.006458+00:00,1775358885006458000,174595336645166,1450,,,ETF,3141,60,3141.0,0.0,147.107668791,
65470,market_research_2026-04-04_22-09-26_live_round,3bd4c34433f6425a9a51794da6b91ced,2026-04-05T03:14:45.403642+00:00,1775358885403642000,174595733830416,1450,,,ETF,3144,40,3150.0,-12.0,147.504854041,
65494,market_research_2026-04-04_22-09-26_live_round,3bd4c34433f6425a9a51794da6b91ced,2026-04-05T03:14:45.627949+00:00,1775358885627949000,174595958136916,1450,,,ETF,3144,60,3149.5,-11.0,147.729160541,
65499,market_research_2026-04-04_22-09-26_live_round,3bd4c34433f6425a9a51794da6b91ced,2026-04-05T03:14:45.666929+00:00,1775358885666929000,174595997117833,1450,,,ETF,3148,40,3151.0,-6.0,147.768141458,
65500,market_research_2026-04-04_22-09-26_live_round,3bd4c34433f6425a9a51794da6b91ced,2026-04-05T03:14:45.669499+00:00,1775358885669499000,174595999687666,1450,,,ETF,3149,40,3151.0,-6.0,147.770711291,
65507,market_research_2026-04-04_22-09-26_live_round,3bd4c34433f6425a9a51794da6b91ced,2026-04-05T03:14:45.726231+00:00,1775358885726231000,174596056420000,1450,,,ETF,3149,20,3151.0,-4.0,147.827443625,
65508,market_research_2026-04-04_22-09-26_live_round,3bd4c34433f6425a9a51794da6b91ced,2026-04-05T03:14:45.730252+00:00,1775358885730252000,174596060441416,1450,,,ETF,3150,80,3151.0,-4.0,147.831465041,
65538,market_research_2026-04-04_22-09-26_live_round,3bd4c34433f6425a9a51794da6b91ced,2026-04-05T03:14:45.986932+00:00,1775358885986932000,174596317121250,1450,,,ETF,3151,40,3151.5,-1.0,148.088144875,
65556,market_research_2026-04-04_22-09-26_live_round,3bd4c34433f6425a9a51794da6b91ced,2026-04-05T03:14:46.168640+00:00,1775358886168640000,174596498829250,1450,,,ETF,3151,60,3151.0,0.0,148.269852875,
65688,market_research_2026-04-04_22-09-26_live_round,3bd4c34433f6425a9a51794da6b91ced,2026-04-05T03:14:47.417406+00:00,1775358887417406000,174597747597833,1450,,,ETF,3153,40,3150.0,-6.0,149.518621458,
65693,market_research_2026-04-04_22-09-26_live_round,3bd4c34433f6425a9a51794da6b91ced,2026-04-05T03:14:47.459228+00:00,1775358887459228000,174597789420000,1450,,,ETF,3152,60,3150.0,-4.0,149.560443625,
65699,market_research_2026-04-04_22-09-26_live_round,3bd4c34433f6425a9a51794da6b91ced,2026-04-05T03:14:47.522638+00:00,1775358887522638000,174597852830541,1450,,,ETF,3151,80,3150.0,-2.0,149.623854166,
65704,market_research_2026-04-04_22-09-26_live_round,3bd4c34433f6425a9a51794da6b91ced,2026-04-05T03:14:47.560496+00:00,1775358887560496000,174597890688541,1450,,,ETF,3150,100,3150.0,0.0,149.661712166,
65800,market_research_2026-04-04_22-09-26_live_round,3bd4c34433f6425a9a51794da6b91ced,2026-04-05T03:14:48.521889+00:00,1775358888521889000,174598852083208,1500,,,ETF,3140,40,3136.0,-8.0,0.075449333,
65805,market_research_2026-04-04_22-09-26_live_round,3bd4c34433f6425a9a51794da6b91ced,2026-04-05T03:14:48.561770+00:00,1775358888561770000,174598891964041,1500,,,ETF,3139,60,3136.0,-6.0,0.115330166,
65837,market_research_2026-04-04_22-09-26_live_round,3bd4c34433f6425a9a51794da6b91ced,2026-04-05T03:14:48.812468+00:00,1775358888812468000,174599142662708,1500,,,ETF,3138,80,3136.0,-4.0,0.366028833,
65853,market_research_2026-04-04_22-09-26_live_round,3bd4c34433f6425a9a51794da6b91ced,2026-04-05T03:14:48.964367+00:00,1775358888964367000,174599294561791,1500,,,ETF,3138,100,3136.5,-3.0,0.517927916,
65882,market_research_2026-04-04_22-09-26_live_round,3bd4c34433f6425a9a51794da6b91ced,2026-04-05T03:14:49.253627+00:00,1775358889253627000,174599583822333,1500,,,ETF,3137,40,3127.0,-20.0,0.807188458,
65908,market_research_2026-04-04_22-09-26_live_round,3bd4c34433f6425a9a51794da6b91ced,2026-04-05T03:14:49.469912+00:00,1775358889469912000,174599800107541,1500,,,ETF,3137,60,3127.5,-19.0,1.023473666,
65913,market_research_2026-04-04_22-09-26_live_round,3bd4c34433f6425a9a51794da6b91ced,2026-04-05T03:14:49.513256+00:00,1775358889513256000,174599843451333,1500,,,ETF,3126,40,3122.5,-7.0,1.066817458,
65914,market_research_2026-04-04_22-09-26_live_round,3bd4c34433f6425a9a51794da6b91ced,2026-04-05T03:14:49.513489+00:00,1775358889513489000,174599843685291,1500,,,ETF,3125,40,3122.5,-7.0,1.067051416,
65920,market_research_2026-04-04_22-09-26_live_round,3bd4c34433f6425a9a51794da6b91ced,2026-04-05T03:14:49.566164+00:00,1775358889566164000,174599896360125,1500,,,ETF,3125,20,3122.5,-5.0,1.11972625,
65921,market_research_2026-04-04_22-09-26_live_round,3bd4c34433f6425a9a51794da6b91ced,2026-04-05T03:14:49.569556+00:00,1775358889569556000,174599899752208,1500,,,ETF,3124,80,3122.5,-5.0,1.123118333,
66041,market_research_2026-04-04_22-09-26_live_round,3bd4c34433f6425a9a51794da6b91ced,2026-04-05T03:14:50.766818+00:00,1775358890766818000,174601097016791,1500,,,ETF,3123,40,3123.0,0.0,2.320382916,
66093,market_research_2026-04-04_22-09-26_live_round,3bd4c34433f6425a9a51794da6b91ced,2026-04-05T03:14:51.269890+00:00,1775358891269890000,174601600089333,1500,,,ETF,3120,40,3118.5,-3.0,2.823455458,
66109,market_research_2026-04-04_22-09-26_live_round,3bd4c34433f6425a9a51794da6b91ced,2026-04-05T03:14:51.428225+00:00,1775358891428225000,174601758424583,1500,,,ETF,3120,60,3119.0,-2.0,2.981790708,
66150,market_research_2026-04-04_22-09-26_live_round,3bd4c34433f6425a9a51794da6b91ced,2026-04-05T03:14:51.822871+00:00,1775358891822871000,174602153071083,1500,,,ETF,3114,40,3112.0,-4.0,3.376437208,
66175,market_research_2026-04-04_22-09-26_live_round,3bd4c34433f6425a9a51794da6b91ced,2026-04-05T03:14:52.108692+00:00,1775358892108692000,174602438892791,1500,,,ETF,3114,60,3112.5,-3.0,3.662258916,
66280,market_research_2026-04-04_22-09-26_live_round,3bd4c34433f6425a9a51794da6b91ced,2026-04-05T03:14:53.154271+00:00,1775358893154271000,174603484473916,1500,,,ETF,3103,40,3101.0,-4.0,4.707840041,
66290,market_research_2026-04-04_22-09-26_live_round,3bd4c34433f6425a9a51794da6b91ced,2026-04-05T03:14:53.249064+00:00,1775358893249064000,174603579267500,1500,,,ETF,3102,60,3101.0,-2.0,4.802633625,
66305,market_research_2026-04-04_22-09-26_live_round,3bd4c34433f6425a9a51794da6b91ced,2026-04-05T03:14:53.386381+00:00,1775358893386381000,174603716584750,1500,,,ETF,3101,80,3101.0,0.0,4.939950875,
66420,market_research_2026-04-04_22-09-26_live_round,3bd4c34433f6425a9a51794da6b91ced,2026-04-05T03:14:54.550149+00:00,1775358894550149000,174604880355250,1500,,,ETF,3102,40,3107.0,-10.0,6.103721375,
66436,market_research_2026-04-04_22-09-26_live_round,3bd4c34433f6425a9a51794da6b91ced,2026-04-05T03:14:54.687049+00:00,1775358894687049000,174605017255375,1500,,,ETF,3102,60,3106.5,-9.0,6.2406215,
66443,market_research_2026-04-04_22-09-26_live_round,3bd4c34433f6425a9a51794da6b91ced,2026-04-05T03:14:54.760407+00:00,1775358894760407000,174605090613083,1500,,,ETF,3106,40,3108.0,-4.0,6.313979208,
66444,market_research_2026-04-04_22-09-26_live_round,3bd4c34433f6425a9a51794da6b91ced,2026-04-05T03:14:54.760574+00:00,1775358894760574000,174605090780375,1500,,,ETF,3107,40,3108.0,-4.0,6.3141465,
66452,market_research_2026-04-04_22-09-26_live_round,3bd4c34433f6425a9a51794da6b91ced,2026-04-05T03:14:54.841062+00:00,1775358894841062000,174605171268208,1500,,,ETF,3107,20,3108.0,-2.0,6.394634333,
66453,market_research_2026-04-04_22-09-26_live_round,3bd4c34433f6425a9a51794da6b91ced,2026-04-05T03:14:54.841212+00:00,1775358894841212000,174605171419125,1500,,,ETF,3108,80,3108.0,-2.0,6.39478525,
66483,market_research_2026-04-04_22-09-26_live_round,3bd4c34433f6425a9a51794da6b91ced,2026-04-05T03:14:55.112132+00:00,1775358895112132000,174605442339375,1500,,,ETF,3109,40,3111.0,-4.0,6.6657055,
66493,market_research_2026-04-04_22-09-26_live_round,3bd4c34433f6425a9a51794da6b91ced,2026-04-05T03:14:55.199333+00:00,1775358895199333000,174605529540166,1500,,,ETF,3109,60,3110.5,-3.0,6.752906291,
66811,market_research_2026-04-04_22-09-26_live_round,3bd4c34433f6425a9a51794da6b91ced,2026-04-05T03:14:58.415906+00:00,1775358898415906000,174608746119250,1500,,,ETF,3109,40,3108.0,-2.0,9.969485375,
66835,market_research_2026-04-04_22-09-26_live_round,3bd4c34433f6425a9a51794da6b91ced,2026-04-05T03:14:58.665135+00:00,1775358898665135000,174608995348833,1500,,,ETF,3108,60,3108.0,0.0,10.218714958,
66871,market_research_2026-04-04_22-09-26_live_round,3bd4c34433f6425a9a51794da6b91ced,2026-04-05T03:14:59.007569+00:00,1775358899007569000,174609337783750,1500,,,ETF,3106,40,3106.0,0.0,10.561149875,
67002,market_research_2026-04-04_22-09-26_live_round,3bd4c34433f6425a9a51794da6b91ced,2026-04-05T03:15:00.401258+00:00,1775358900401258000,174610731475291,1500,,,ETF,3109,40,3113.5,-9.0,11.954841416,
67030,market_research_2026-04-04_22-09-26_live_round,3bd4c34433f6425a9a51794da6b91ced,2026-04-05T03:15:00.699036+00:00,1775358900699036000,174611029254416,1500,,,ETF,3109,60,3113.0,-8.0,12.252620541,
67039,market_research_2026-04-04_22-09-26_live_round,3bd4c34433f6425a9a51794da6b91ced,2026-04-05T03:15:00.779595+00:00,1775358900779595000,174611109813166,1500,,,ETF,3112,40,3114.0,-4.0,12.333179291,
67040,market_research_2026-04-04_22-09-26_live_round,3bd4c34433f6425a9a51794da6b91ced,2026-04-05T03:15:00.779780+00:00,1775358900779780000,174611109998625,1500,,,ETF,3113,40,3114.0,-4.0,12.33336475,
67046,market_research_2026-04-04_22-09-26_live_round,3bd4c34433f6425a9a51794da6b91ced,2026-04-05T03:15:00.821412+00:00,1775358900821412000,174611151630083,1500,,,ETF,3113,20,3114.0,-2.0,12.374996208,
67047,market_research_2026-04-04_22-09-26_live_round,3bd4c34433f6425a9a51794da6b91ced,2026-04-05T03:15:00.821546+00:00,1775358900821546000,174611151765208,1500,,,ETF,3114,80,3114.0,-2.0,12.375131333,
67086,market_research_2026-04-04_22-09-26_live_round,3bd4c34433f6425a9a51794da6b91ced,2026-04-05T03:15:01.191776+00:00,1775358901191776000,174611521994875,1500,,,ETF,3115,40,3123.0,-16.0,12.745361,
67098,market_research_2026-04-04_22-09-26_live_round,3bd4c34433f6425a9a51794da6b91ced,2026-04-05T03:15:01.315493+00:00,1775358901315493000,174611645712000,1500,,,ETF,3115,60,3122.5,-15.0,12.869078125,
67104,market_research_2026-04-04_22-09-26_live_round,3bd4c34433f6425a9a51794da6b91ced,2026-04-05T03:15:01.366920+00:00,1775358901366920000,174611697139333,1500,,,ETF,3124,40,3126.5,-5.0,12.920505458,
67105,market_research_2026-04-04_22-09-26_live_round,3bd4c34433f6425a9a51794da6b91ced,2026-04-05T03:15:01.369870+00:00,1775358901369870000,174611700089625,1500,,,ETF,3125,40,3126.5,-5.0,12.92345575,
67112,market_research_2026-04-04_22-09-26_live_round,3bd4c34433f6425a9a51794da6b91ced,2026-04-05T03:15:01.431003+00:00,1775358901431003000,174611761222291,1500,,,ETF,3125,20,3126.5,-3.0,12.984588416,
67113,market_research_2026-04-04_22-09-26_live_round,3bd4c34433f6425a9a51794da6b91ced,2026-04-05T03:15:01.431147+00:00,1775358901431147000,174611761367125,1500,,,ETF,3126,80,3126.5,-3.0,12.98473325,
67158,market_research_2026-04-04_22-09-26_live_round,3bd4c34433f6425a9a51794da6b91ced,2026-04-05T03:15:01.855120+00:00,1775358901855120000,174612185340750,1500,,,ETF,3127,40,3131.0,-8.0,13.408706875,
67177,market_research_2026-04-04_22-09-26_live_round,3bd4c34433f6425a9a51794da6b91ced,2026-04-05T03:15:02.042749+00:00,1775358902042749000,174612372969458,1500,,,ETF,3127,60,3130.5,-7.0,13.596335583,
67215,market_research_2026-04-04_22-09-26_live_round,3bd4c34433f6425a9a51794da6b91ced,2026-04-05T03:15:02.440323+00:00,1775358902440323000,174612770544708,1500,,,ETF,3140,40,3143.0,-6.0,13.993910833,
67239,market_research_2026-04-04_22-09-26_live_round,3bd4c34433f6425a9a51794da6b91ced,2026-04-05T03:15:02.680046+00:00,1775358902680046000,174613010268083,1500,,,ETF,3140,60,3142.5,-5.0,14.233634208,
67251,market_research_2026-04-04_22-09-26_live_round,3bd4c34433f6425a9a51794da6b91ced,2026-04-05T03:15:02.789790+00:00,1775358902789790000,174613120012333,1500,,,ETF,3141,40,3142.5,-3.0,14.343378458,
67252,market_research_2026-04-04_22-09-26_live_round,3bd4c34433f6425a9a51794da6b91ced,2026-04-05T03:15:02.789941+00:00,1775358902789941000,174613120163333,1500,,,ETF,3142,40,3142.5,-3.0,14.343529458,
67258,market_research_2026-04-04_22-09-26_live_round,3bd4c34433f6425a9a51794da6b91ced,2026-04-05T03:15:02.840629+00:00,1775358902840629000,174613170851708,1500,,,ETF,3142,20,3142.5,-1.0,14.394217833,
67259,market_research_2026-04-04_22-09-26_live_round,3bd4c34433f6425a9a51794da6b91ced,2026-04-05T03:15:02.840757+00:00,1775358902840757000,174613170979666,1500,,,ETF,3143,80,3142.5,-1.0,14.394345791,
67697,market_research_2026-04-04_22-09-26_live_round,3bd4c34433f6425a9a51794da6b91ced,2026-04-05T03:15:07.391011+00:00,1775358907391011000,174617721241583,1525,,,ETF,3140,40,3138.0,-4.0,18.944607708,
67707,market_research_2026-04-04_22-09-26_live_round,3bd4c34433f6425a9a51794da6b91ced,2026-04-05T03:15:07.490368+00:00,1775358907490368000,174617820599833,1525,,,ETF,3140,60,3138.5,-3.0,19.043965958,
67712,market_research_2026-04-04_22-09-26_live_round,3bd4c34433f6425a9a51794da6b91ced,2026-04-05T03:15:07.528809+00:00,1775358907528809000,174617859040583,1525,,,ETF,3138,40,3138.0,0.0,19.082406708,
67877,market_research_2026-04-04_22-09-26_live_round,3bd4c34433f6425a9a51794da6b91ced,2026-04-05T03:15:09.235962+00:00,1775358909235962000,174619566196625,1525,,,ETF,3135,40,3131.0,-8.0,20.78956275,
67896,market_research_2026-04-04_22-09-26_live_round,3bd4c34433f6425a9a51794da6b91ced,2026-04-05T03:15:09.423639+00:00,1775358909423639000,174619753873416,1525,,,ETF,3134,60,3131.0,-6.0,20.977239541,
67906,market_research_2026-04-04_22-09-26_live_round,3bd4c34433f6425a9a51794da6b91ced,2026-04-05T03:15:09.535244+00:00,1775358909535244000,174619865479750,1525,,,ETF,3133,80,3131.0,-4.0,21.088845875,
67919,market_research_2026-04-04_22-09-26_live_round,3bd4c34433f6425a9a51794da6b91ced,2026-04-05T03:15:09.657404+00:00,1775358909657404000,174619987639125,1525,,,ETF,3132,100,3131.0,-2.0,21.21100525,
68141,market_research_2026-04-04_22-09-26_live_round,3bd4c34433f6425a9a51794da6b91ced,2026-04-05T03:15:11.966924+00:00,1775358911966924000,174622297164083,1525,,,ETF,3121,40,3118.5,-5.0,23.520530208,
68168,market_research_2026-04-04_22-09-26_live_round,3bd4c34433f6425a9a51794da6b91ced,2026-04-05T03:15:12.262834+00:00,1775358912262834000,174622593074333,1525,,,ETF,3120,60,3118.5,-3.0,23.816440458,
68173,market_research_2026-04-04_22-09-26_live_round,3bd4c34433f6425a9a51794da6b91ced,2026-04-05T03:15:12.304042+00:00,1775358912304042000,174622634282625,1525,,,ETF,3119,80,3118.5,-1.0,23.85764875,
68204,market_research_2026-04-04_22-09-26_live_round,3bd4c34433f6425a9a51794da6b91ced,2026-04-05T03:15:12.610761+00:00,1775358912610761000,174622941002125,1525,,,ETF,3118,40,3115.5,-5.0,24.16436825,
68216,market_research_2026-04-04_22-09-26_live_round,3bd4c34433f6425a9a51794da6b91ced,2026-04-05T03:15:12.731881+00:00,1775358912731881000,174623062122375,1525,,,ETF,3118,60,3116.0,-4.0,24.2854885,
68468,market_research_2026-04-04_22-09-26_live_round,3bd4c34433f6425a9a51794da6b91ced,2026-04-05T03:15:15.449262+00:00,1775358915449262000,174625779508708,1525,,,ETF,3102,40,3100.5,-3.0,27.002874833,
68479,market_research_2026-04-04_22-09-26_live_round,3bd4c34433f6425a9a51794da6b91ced,2026-04-05T03:15:15.548121+00:00,1775358915548121000,174625878368750,1525,,,ETF,3102,60,3101.0,-2.0,27.101734875,
68862,market_research_2026-04-04_22-09-26_live_round,3bd4c34433f6425a9a51794da6b91ced,2026-04-05T03:15:19.484965+00:00,1775358919484965000,174629815219958,1525,,,ETF,3091,40,3088.0,-6.0,31.038586083,
68900,market_research_2026-04-04_22-09-26_live_round,3bd4c34433f6425a9a51794da6b91ced,2026-04-05T03:15:19.833060+00:00,1775358919833060000,174630163315041,1525,,,ETF,3090,60,3088.0,-4.0,31.386681166,
68905,market_research_2026-04-04_22-09-26_live_round,3bd4c34433f6425a9a51794da6b91ced,2026-04-05T03:15:19.889893+00:00,1775358919889893000,174630220148666,1525,,,ETF,3090,80,3088.5,-3.0,31.443514791,
68911,market_research_2026-04-04_22-09-26_live_round,3bd4c34433f6425a9a51794da6b91ced,2026-04-05T03:15:19.945307+00:00,1775358919945307000,174630275562333,1525,,,ETF,3090,20,3089.0,-2.0,31.498928458,
68912,market_research_2026-04-04_22-09-26_live_round,3bd4c34433f6425a9a51794da6b91ced,2026-04-05T03:15:19.948788+00:00,1775358919948788000,174630279043333,1525,,,ETF,3089,80,3089.0,-2.0,31.502409458,
68971,market_research_2026-04-04_22-09-26_live_round,3bd4c34433f6425a9a51794da6b91ced,2026-04-05T03:15:20.519832+00:00,1775358920519832000,174630850088458,1525,,,ETF,3088,40,3082.5,-11.0,32.073454583,
68976,market_research_2026-04-04_22-09-26_live_round,3bd4c34433f6425a9a51794da6b91ced,2026-04-05T03:15:20.557388+00:00,1775358920557388000,174630887644958,1525,,,ETF,3088,60,3083.0,-10.0,32.111011083,
68981,market_research_2026-04-04_22-09-26_live_round,3bd4c34433f6425a9a51794da6b91ced,2026-04-05T03:15:20.592025+00:00,1775358920592025000,174630922282166,1525,,,ETF,3079,40,3079.0,0.0,32.145648291,
69046,market_research_2026-04-04_22-09-26_live_round,3bd4c34433f6425a9a51794da6b91ced,2026-04-05T03:15:21.221429+00:00,1775358921221429000,174631551687291,1525,,,ETF,3076,40,3070.5,-11.0,32.775053416,
69052,market_research_2026-04-04_22-09-26_live_round,3bd4c34433f6425a9a51794da6b91ced,2026-04-05T03:15:21.276902+00:00,1775358921276902000,174631607160333,1525,,,ETF,3076,60,3071.0,-10.0,32.830526458,
69057,market_research_2026-04-04_22-09-26_live_round,3bd4c34433f6425a9a51794da6b91ced,2026-04-05T03:15:21.324584+00:00,1775358921324584000,174631654842250,1525,,,ETF,3071,40,3069.0,-4.0,32.878208375,
69058,market_research_2026-04-04_22-09-26_live_round,3bd4c34433f6425a9a51794da6b91ced,2026-04-05T03:15:21.327630+00:00,1775358921327630000,174631657888166,1525,,,ETF,3070,40,3069.0,-4.0,32.881254291,
69064,market_research_2026-04-04_22-09-26_live_round,3bd4c34433f6425a9a51794da6b91ced,2026-04-05T03:15:21.374349+00:00,1775358921374349000,174631704607166,1525,,,ETF,3070,20,3069.0,-2.0,32.927973291,
69065,market_research_2026-04-04_22-09-26_live_round,3bd4c34433f6425a9a51794da6b91ced,2026-04-05T03:15:21.374478+00:00,1775358921374478000,174631704737250,1525,,,ETF,3069,80,3069.0,-2.0,32.928103375,
69096,market_research_2026-04-04_22-09-26_live_round,3bd4c34433f6425a9a51794da6b91ced,2026-04-05T03:15:21.682224+00:00,1775358921682224000,174632012482833,1525,,,ETF,3068,40,3065.5,-5.0,33.235848958,
69104,market_research_2026-04-04_22-09-26_live_round,3bd4c34433f6425a9a51794da6b91ced,2026-04-05T03:15:21.762120+00:00,1775358921762120000,174632092378666,1525,,,ETF,3068,60,3066.0,-4.0,33.315744791,
69252,market_research_2026-04-04_22-09-26_live_round,3bd4c34433f6425a9a51794da6b91ced,2026-04-05T03:15:23.107573+00:00,1775358923107573000,174633437834208,1525,,,ETF,3054,40,3051.0,-6.0,34.661200333,
69278,market_research_2026-04-04_22-09-26_live_round,3bd4c34433f6425a9a51794da6b91ced,2026-04-05T03:15:23.336559+00:00,1775358923336559000,174633666820833,1525,,,ETF,3054,60,3051.5,-5.0,34.890186958,
69283,market_research_2026-04-04_22-09-26_live_round,3bd4c34433f6425a9a51794da6b91ced,2026-04-05T03:15:23.373401+00:00,1775358923373401000,174633703663583,1525,,,ETF,3054,40,3052.0,-4.0,34.927029708,
69284,market_research_2026-04-04_22-09-26_live_round,3bd4c34433f6425a9a51794da6b91ced,2026-04-05T03:15:23.373533+00:00,1775358923373533000,174633703795875,1525,,,ETF,3053,40,3052.0,-4.0,34.927162,
69290,market_research_2026-04-04_22-09-26_live_round,3bd4c34433f6425a9a51794da6b91ced,2026-04-05T03:15:23.421849+00:00,1775358923421849000,174633752111875,1525,,,ETF,3053,20,3052.0,-2.0,34.975478,
69291,market_research_2026-04-04_22-09-26_live_round,3bd4c34433f6425a9a51794da6b91ced,2026-04-05T03:15:23.425130+00:00,1775358923425130000,174633755392500,1525,,,ETF,3052,80,3052.0,-2.0,34.978758625,
69354,market_research_2026-04-04_22-09-26_live_round,3bd4c34433f6425a9a51794da6b91ced,2026-04-05T03:15:23.984794+00:00,1775358923984794000,174634315057375,1525,,,ETF,3051,40,3037.5,-27.0,35.5384235,
69362,market_research_2026-04-04_22-09-26_live_round,3bd4c34433f6425a9a51794da6b91ced,2026-04-05T03:15:24.061964+00:00,1775358924061964000,174634392227833,1525,,,ETF,3051,60,3038.0,-26.0,35.615593958,
69367,market_research_2026-04-04_22-09-26_live_round,3bd4c34433f6425a9a51794da6b91ced,2026-04-05T03:15:24.097924+00:00,1775358924097924000,174634428187041,1525,,,ETF,3042,40,3034.0,-16.0,35.651553166,
69368,market_research_2026-04-04_22-09-26_live_round,3bd4c34433f6425a9a51794da6b91ced,2026-04-05T03:15:24.098194+00:00,1775358924098194000,174634428457291,1525,,,ETF,3041,40,3034.0,-16.0,35.651823416,
69374,market_research_2026-04-04_22-09-26_live_round,3bd4c34433f6425a9a51794da6b91ced,2026-04-05T03:15:24.145266+00:00,1775358924145266000,174634475530458,1525,,,ETF,3041,20,3034.0,-14.0,35.698896583,
69375,market_research_2026-04-04_22-09-26_live_round,3bd4c34433f6425a9a51794da6b91ced,2026-04-05T03:15:24.145395+00:00,1775358924145395000,174634475659083,1525,,,ETF,3040,80,3034.0,-14.0,35.699025208,
69418,market_research_2026-04-04_22-09-26_live_round,3bd4c34433f6425a9a51794da6b91ced,2026-04-05T03:15:24.537391+00:00,1775358924537391000,174634867655250,1525,,,ETF,3039,40,3019.5,-39.0,36.091021375,
69436,market_research_2026-04-04_22-09-26_live_round,3bd4c34433f6425a9a51794da6b91ced,2026-04-05T03:15:24.693029+00:00,1775358924693029000,174635023293916,1525,,,ETF,3039,60,3020.0,-38.0,36.246660041,
69441,market_research_2026-04-04_22-09-26_live_round,3bd4c34433f6425a9a51794da6b91ced,2026-04-05T03:15:24.739009+00:00,1775358924739009000,174635069273458,1525,,,ETF,3018,40,3010.0,-16.0,36.292639583,
69442,market_research_2026-04-04_22-09-26_live_round,3bd4c34433f6425a9a51794da6b91ced,2026-04-05T03:15:24.739148+00:00,1775358924739148000,174635069412875,1525,,,ETF,3017,40,3010.0,-16.0,36.292779,
69455,market_research_2026-04-04_22-09-26_live_round,3bd4c34433f6425a9a51794da6b91ced,2026-04-05T03:15:24.848749+00:00,1775358924848749000,174635179013875,1525,,,ETF,3017,20,3010.0,-14.0,36.40238,
69456,market_research_2026-04-04_22-09-26_live_round,3bd4c34433f6425a9a51794da6b91ced,2026-04-05T03:15:24.852413+00:00,1775358924852413000,174635182678416,1525,,,ETF,3016,80,3010.0,-14.0,36.406044541,
69500,market_research_2026-04-04_22-09-26_live_round,3bd4c34433f6425a9a51794da6b91ced,2026-04-05T03:15:25.273193+00:00,1775358925273193000,174635603459000,1525,,,ETF,3015,40,3000.0,-30.0,36.826825125,
69505,market_research_2026-04-04_22-09-26_live_round,3bd4c34433f6425a9a51794da6b91ced,2026-04-05T03:15:25.321164+00:00,1775358925321164000,174635651429666,1525,,,ETF,3015,60,3000.5,-29.0,36.874795791,
69521,market_research_2026-04-04_22-09-26_live_round,3bd4c34433f6425a9a51794da6b91ced,2026-04-05T03:15:25.441668+00:00,1775358925441668000,174635771933291,1525,,,ETF,2994,40,2990.5,-7.0,36.995299416,
69522,market_research_2026-04-04_22-09-26_live_round,3bd4c34433f6425a9a51794da6b91ced,2026-04-05T03:15:25.441850+00:00,1775358925441850000,174635772116208,1525,,,ETF,2993,40,2990.5,-7.0,36.995482333,
69529,market_research_2026-04-04_22-09-26_live_round,3bd4c34433f6425a9a51794da6b91ced,2026-04-05T03:15:25.519665+00:00,1775358925519665000,174635849931833,1525,,,ETF,2993,20,2990.5,-5.0,37.073297958,
69530,market_research_2026-04-04_22-09-26_live_round,3bd4c34433f6425a9a51794da6b91ced,2026-04-05T03:15:25.519820+00:00,1775358925519820000,174635850086458,1525,,,ETF,2992,80,2990.5,-5.0,37.073452583,
69581,market_research_2026-04-04_22-09-26_live_round,3bd4c34433f6425a9a51794da6b91ced,2026-04-05T03:15:25.978431+00:00,1775358925978431000,174636308698541,1525,,,ETF,2991,40,2974.5,-33.0,37.532064666,
69595,market_research_2026-04-04_22-09-26_live_round,3bd4c34433f6425a9a51794da6b91ced,2026-04-05T03:15:26.095569+00:00,1775358926095569000,174636425836375,1525,,,ETF,2991,60,2975.0,-32.0,37.6492025,
69600,market_research_2026-04-04_22-09-26_live_round,3bd4c34433f6425a9a51794da6b91ced,2026-04-05T03:15:26.141824+00:00,1775358926141824000,174636472091250,1525,,,ETF,2979,40,2969.5,-19.0,37.695457375,
69601,market_research_2026-04-04_22-09-26_live_round,3bd4c34433f6425a9a51794da6b91ced,2026-04-05T03:15:26.141979+00:00,1775358926141979000,174636472247000,1525,,,ETF,2978,40,2969.5,-19.0,37.695613125,
69620,market_research_2026-04-04_22-09-26_live_round,3bd4c34433f6425a9a51794da6b91ced,2026-04-05T03:15:26.320235+00:00,1775358926320235000,174636650503041,1525,,,ETF,2978,20,2969.5,-17.0,37.873869166,
69621,market_research_2026-04-04_22-09-26_live_round,3bd4c34433f6425a9a51794da6b91ced,2026-04-05T03:15:26.320386+00:00,1775358926320386000,174636650654000,1525,,,ETF,2977,80,2969.5,-17.0,37.874020125,
69658,market_research_2026-04-04_22-09-26_live_round,3bd4c34433f6425a9a51794da6b91ced,2026-04-05T03:15:26.673478+00:00,1775358926673478000,174637003746666,1525,,,ETF,2976,40,2945.5,-61.0,38.227112791,
69669,market_research_2026-04-04_22-09-26_live_round,3bd4c34433f6425a9a51794da6b91ced,2026-04-05T03:15:26.780956+00:00,1775358926780956000,174637111225041,1525,,,ETF,2976,60,2946.0,-60.0,38.334591166,
69693,market_research_2026-04-04_22-09-26_live_round,3bd4c34433f6425a9a51794da6b91ced,2026-04-05T03:15:26.983923+00:00,1775358926983923000,174637314192208,1525,,,ETF,2952,40,2934.5,-35.0,38.537558333,
69694,market_research_2026-04-04_22-09-26_live_round,3bd4c34433f6425a9a51794da6b91ced,2026-04-05T03:15:26.984048+00:00,1775358926984048000,174637314317416,1525,,,ETF,2951,40,2934.5,-35.0,38.537683541,
69700,market_research_2026-04-04_22-09-26_live_round,3bd4c34433f6425a9a51794da6b91ced,2026-04-05T03:15:27.026878+00:00,1775358927026878000,174637357147625,1525,,,ETF,2951,20,2934.5,-33.0,38.58051375,
69701,market_research_2026-04-04_22-09-26_live_round,3bd4c34433f6425a9a51794da6b91ced,2026-04-05T03:15:27.027026+00:00,1775358927027026000,174637357296166,1525,,,ETF,2950,80,2934.5,-33.0,38.580662291,
69747,market_research_2026-04-04_22-09-26_live_round,3bd4c34433f6425a9a51794da6b91ced,2026-04-05T03:15:27.457320+00:00,1775358927457320000,174637787589666,1525,,,ETF,2949,40,2914.5,-69.0,39.010955791,
69756,market_research_2026-04-04_22-09-26_live_round,3bd4c34433f6425a9a51794da6b91ced,2026-04-05T03:15:27.565344+00:00,1775358927565344000,174637895613916,1525,,,ETF,2949,60,2915.0,-68.0,39.118980041,
69773,market_research_2026-04-04_22-09-26_live_round,3bd4c34433f6425a9a51794da6b91ced,2026-04-05T03:15:27.712728+00:00,1775358927712728000,174638042998541,1525,,,ETF,2909,40,2895.5,-27.0,39.266364666,
69774,market_research_2026-04-04_22-09-26_live_round,3bd4c34433f6425a9a51794da6b91ced,2026-04-05T03:15:27.712923+00:00,1775358927712923000,174638043194333,1525,,,ETF,2908,40,2895.5,-27.0,39.266560458,
69780,market_research_2026-04-04_22-09-26_live_round,3bd4c34433f6425a9a51794da6b91ced,2026-04-05T03:15:27.759351+00:00,1775358927759351000,174638089621583,1525,,,ETF,2908,20,2895.5,-25.0,39.312987708,
69781,market_research_2026-04-04_22-09-26_live_round,3bd4c34433f6425a9a51794da6b91ced,2026-04-05T03:15:27.759519+00:00,1775358927759519000,174638089790250,1525,,,ETF,2907,80,2895.5,-25.0,39.313156375,
69841,market_research_2026-04-04_22-09-26_live_round,3bd4c34433f6425a9a51794da6b91ced,2026-04-05T03:15:28.296170+00:00,1775358928296170000,174638626442333,1525,,,ETF,2906,40,2865.5,-81.0,39.849808458,
69846,market_research_2026-04-04_22-09-26_live_round,3bd4c34433f6425a9a51794da6b91ced,2026-04-05T03:15:28.355744+00:00,1775358928355744000,174638686015750,1525,,,ETF,2906,60,2866.0,-80.0,39.909381875,
69853,market_research_2026-04-04_22-09-26_live_round,3bd4c34433f6425a9a51794da6b91ced,2026-04-05T03:15:28.419787+00:00,1775358928419787000,174638750059375,1525,,,ETF,2874,40,2850.5,-47.0,39.9734255,
69854,market_research_2026-04-04_22-09-26_live_round,3bd4c34433f6425a9a51794da6b91ced,2026-04-05T03:15:28.419914+00:00,1775358928419914000,174638750186791,1525,,,ETF,2873,40,2850.5,-47.0,39.973552916,
69860,market_research_2026-04-04_22-09-26_live_round,3bd4c34433f6425a9a51794da6b91ced,2026-04-05T03:15:28.464457+00:00,1775358928464457000,174638794729541,1525,,,ETF,2873,20,2850.5,-45.0,40.018095666,
69861,market_research_2026-04-04_22-09-26_live_round,3bd4c34433f6425a9a51794da6b91ced,2026-04-05T03:15:28.464595+00:00,1775358928464595000,174638794868000,1525,,,ETF,2872,80,2850.5,-45.0,40.018234125,
69919,market_research_2026-04-04_22-09-26_live_round,3bd4c34433f6425a9a51794da6b91ced,2026-04-05T03:15:28.966308+00:00,1775358928966308000,174639296581416,1525,,,ETF,2871,40,2821.5,-99.0,40.519947541,
69928,market_research_2026-04-04_22-09-26_live_round,3bd4c34433f6425a9a51794da6b91ced,2026-04-05T03:15:29.045157+00:00,1775358929045157000,174639375430625,1525,,,ETF,2871,60,2822.0,-98.0,40.59879675,
69933,market_research_2026-04-04_22-09-26_live_round,3bd4c34433f6425a9a51794da6b91ced,2026-04-05T03:15:29.079487+00:00,1775358929079487000,174639409760083,1525,,,ETF,2819,40,2796.5,-45.0,40.633126208,
69934,market_research_2026-04-04_22-09-26_live_round,3bd4c34433f6425a9a51794da6b91ced,2026-04-05T03:15:29.079653+00:00,1775358929079653000,174639409927041,1525,,,ETF,2818,40,2796.5,-45.0,40.633293166,
69940,market_research_2026-04-04_22-09-26_live_round,3bd4c34433f6425a9a51794da6b91ced,2026-04-05T03:15:29.129716+00:00,1775358929129716000,174639459990000,1525,,,ETF,2818,20,2796.5,-43.0,40.683356125,
69941,market_research_2026-04-04_22-09-26_live_round,3bd4c34433f6425a9a51794da6b91ced,2026-04-05T03:15:29.132856+00:00,1775358929132856000,174639463130041,1525,,,ETF,2817,80,2796.5,-43.0,40.686496166,
69984,market_research_2026-04-04_22-09-26_live_round,3bd4c34433f6425a9a51794da6b91ced,2026-04-05T03:15:29.545794+00:00,1775358929545794000,174639876067875,1525,,,ETF,2816,40,2799.0,-34.0,41.099434,
69997,market_research_2026-04-04_22-09-26_live_round,3bd4c34433f6425a9a51794da6b91ced,2026-04-05T03:15:29.666057+00:00,1775358929666057000,174639996330958,1525,,,ETF,2816,60,2799.5,-33.0,41.219697083,
70217,market_research_2026-04-04_22-09-26_live_round,3bd4c34433f6425a9a51794da6b91ced,2026-04-05T03:15:31.967340+00:00,1775358931967340000,174642297619500,1525,,,ETF,2790,40,2790.0,0.0,43.520985625,
70728,market_research_2026-04-04_22-09-26_live_round,3bd4c34433f6425a9a51794da6b91ced,2026-04-05T03:15:37.552120+00:00,1775358937552120000,174647882409791,1525,,,ETF,2781,40,2781.0,0.0,49.105775916,
70798,market_research_2026-04-04_22-09-26_live_round,3bd4c34433f6425a9a51794da6b91ced,2026-04-05T03:15:38.279717+00:00,1775358938279717000,174648610007875,1525,,,ETF,2784,40,2788.5,-9.0,49.833374,
70813,market_research_2026-04-04_22-09-26_live_round,3bd4c34433f6425a9a51794da6b91ced,2026-04-05T03:15:38.439239+00:00,1775358938439239000,174648769531041,1525,,,ETF,2784,60,2788.0,-8.0,49.992897166,
70826,market_research_2026-04-04_22-09-26_live_round,3bd4c34433f6425a9a51794da6b91ced,2026-04-05T03:15:38.580223+00:00,1775358938580223000,174648910515083,1525,,,ETF,2787,40,2789.0,-4.0,50.133881208,
70827,market_research_2026-04-04_22-09-26_live_round,3bd4c34433f6425a9a51794da6b91ced,2026-04-05T03:15:38.580421+00:00,1775358938580421000,174648910713041,1525,,,ETF,2788,40,2789.0,-4.0,50.134079166,
70836,market_research_2026-04-04_22-09-26_live_round,3bd4c34433f6425a9a51794da6b91ced,2026-04-05T03:15:38.682203+00:00,1775358938682203000,174649012494916,1525,,,ETF,2788,20,2789.0,-2.0,50.235861041,
70837,market_research_2026-04-04_22-09-26_live_round,3bd4c34433f6425a9a51794da6b91ced,2026-04-05T03:15:38.682364+00:00,1775358938682364000,174649012656083,1525,,,ETF,2789,80,2789.0,-2.0,50.236022208,
70874,market_research_2026-04-04_22-09-26_live_round,3bd4c34433f6425a9a51794da6b91ced,2026-04-05T03:15:39.054791+00:00,1775358939054791000,174649385084125,1525,,,ETF,2790,40,2794.5,-9.0,50.60845025,
70906,market_research_2026-04-04_22-09-26_live_round,3bd4c34433f6425a9a51794da6b91ced,2026-04-05T03:15:39.373494+00:00,1775358939373494000,174649703786958,1525,,,ETF,2790,60,2794.0,-8.0,50.927153083,
71586,market_research_2026-04-04_22-09-26_live_round,3bd4c34433f6425a9a51794da6b91ced,2026-04-05T03:15:46.906047+00:00,1775358946906047000,174657236355208,1525,,,ETF,2806,40,2802.5,-7.0,58.459721333,
71599,market_research_2026-04-04_22-09-26_live_round,3bd4c34433f6425a9a51794da6b91ced,2026-04-05T03:15:47.102915+00:00,1775358947102915000,174657433223041,1525,,,ETF,2805,60,2802.5,-5.0,58.656589166,
71609,market_research_2026-04-04_22-09-26_live_round,3bd4c34433f6425a9a51794da6b91ced,2026-04-05T03:15:47.231336+00:00,1775358947231336000,174657561643916,1525,,,ETF,2804,80,2802.5,-3.0,58.785010041,
71622,market_research_2026-04-04_22-09-26_live_round,3bd4c34433f6425a9a51794da6b91ced,2026-04-05T03:15:47.411878+00:00,1775358947411878000,174657742187166,1525,,,ETF,2803,100,2802.5,-1.0,58.965553291,
72051,market_research_2026-04-04_22-09-26_live_round,3bd4c34433f6425a9a51794da6b91ced,2026-04-05T03:15:53.303884+00:00,1775358953303884000,174663634204375,1525,,,ETF,2795,40,2794.0,-2.0,64.8575705,
72056,market_research_2026-04-04_22-09-26_live_round,3bd4c34433f6425a9a51794da6b91ced,2026-04-05T03:15:53.349690+00:00,1775358953349690000,174663680010125,1525,,,ETF,2794,60,2794.0,0.0,64.90337625,
72119,market_research_2026-04-04_22-09-26_live_round,3bd4c34433f6425a9a51794da6b91ced,2026-04-05T03:15:54.083155+00:00,1775358954083155000,174664413476875,1525,,,ETF,2792,40,2784.0,-16.0,65.636843,
72124,market_research_2026-04-04_22-09-26_live_round,3bd4c34433f6425a9a51794da6b91ced,2026-04-05T03:15:54.133828+00:00,1775358954133828000,174664464150666,1525,,,ETF,2792,60,2784.5,-15.0,65.687516791,
72129,market_research_2026-04-04_22-09-26_live_round,3bd4c34433f6425a9a51794da6b91ced,2026-04-05T03:15:54.185173+00:00,1775358954185173000,174664515495375,1525,,,ETF,2787,40,2782.5,-9.0,65.7388615,
72130,market_research_2026-04-04_22-09-26_live_round,3bd4c34433f6425a9a51794da6b91ced,2026-04-05T03:15:54.185350+00:00,1775358954185350000,174664515672833,1525,,,ETF,2786,40,2782.5,-9.0,65.739038958,
72136,market_research_2026-04-04_22-09-26_live_round,3bd4c34433f6425a9a51794da6b91ced,2026-04-05T03:15:54.258389+00:00,1775358954258389000,174664588710958,1525,,,ETF,2786,20,2782.5,-7.0,65.812077083,
72137,market_research_2026-04-04_22-09-26_live_round,3bd4c34433f6425a9a51794da6b91ced,2026-04-05T03:15:54.258607+00:00,1775358954258607000,174664588930125,1525,,,ETF,2785,80,2782.5,-7.0,65.81229625,
72301,market_research_2026-04-04_22-09-26_live_round,3bd4c34433f6425a9a51794da6b91ced,2026-04-05T03:15:56.232758+00:00,1775358956232758000,174666563083791,1525,,,ETF,2785,40,2785.5,-1.0,67.786449916,
72368,market_research_2026-04-04_22-09-26_live_round,3bd4c34433f6425a9a51794da6b91ced,2026-04-05T03:15:57.065594+00:00,1775358957065594000,174667395921333,1525,,,ETF,2788,40,2794.5,-13.0,68.619287458,
72374,market_research_2026-04-04_22-09-26_live_round,3bd4c34433f6425a9a51794da6b91ced,2026-04-05T03:15:57.140479+00:00,1775358957140479000,174667470807000,1525,,,ETF,2788,60,2794.0,-12.0,68.694173125,
72382,market_research_2026-04-04_22-09-26_live_round,3bd4c34433f6425a9a51794da6b91ced,2026-04-05T03:15:57.244748+00:00,1775358957244748000,174667575076458,1525,,,ETF,2792,40,2795.5,-7.0,68.798442583,
72383,market_research_2026-04-04_22-09-26_live_round,3bd4c34433f6425a9a51794da6b91ced,2026-04-05T03:15:57.245017+00:00,1775358957245017000,174667575345166,1525,,,ETF,2793,40,2795.5,-7.0,68.798711291,
72391,market_research_2026-04-04_22-09-26_live_round,3bd4c34433f6425a9a51794da6b91ced,2026-04-05T03:15:57.340766+00:00,1775358957340766000,174667671094625,1525,,,ETF,2793,20,2795.5,-5.0,68.89446075,
72392,market_research_2026-04-04_22-09-26_live_round,3bd4c34433f6425a9a51794da6b91ced,2026-04-05T03:15:57.344849+00:00,1775358957344849000,174667675177166,1525,,,ETF,2794,80,2795.5,-5.0,68.898543291,
72448,market_research_2026-04-04_22-09-26_live_round,3bd4c34433f6425a9a51794da6b91ced,2026-04-05T03:15:58.085935+00:00,1775358958085935000,174668416264500,1525,,,ETF,2795,40,2798.0,-6.0,69.639630625,
72467,market_research_2026-04-04_22-09-26_live_round,3bd4c34433f6425a9a51794da6b91ced,2026-04-05T03:15:58.311182+00:00,1775358958311182000,174668641512291,1525,,,ETF,2795,60,2797.5,-5.0,69.864878416,
72510,market_research_2026-04-04_22-09-26_live_round,3bd4c34433f6425a9a51794da6b91ced,2026-04-05T03:15:58.859635+00:00,1775358958859635000,174669189966333,1525,,,ETF,2807,40,2807.5,-1.0,70.413332458,
72572,market_research_2026-04-04_22-09-26_live_round,3bd4c34433f6425a9a51794da6b91ced,2026-04-05T03:15:59.709709+00:00,1775358959709709000,174670040041541,1525,,,ETF,2810,40,2815.0,-10.0,71.263407666,
72598,market_research_2026-04-04_22-09-26_live_round,3bd4c34433f6425a9a51794da6b91ced,2026-04-05T03:16:00.058320+00:00,1775358960058320000,174670388653916,1525,,,ETF,2810,60,2814.5,-9.0,71.612020041,
72603,market_research_2026-04-04_22-09-26_live_round,3bd4c34433f6425a9a51794da6b91ced,2026-04-05T03:16:00.113252+00:00,1775358960113252000,174670443585291,1525,,,ETF,2814,40,2816.0,-4.0,71.666951416,
72604,market_research_2026-04-04_22-09-26_live_round,3bd4c34433f6425a9a51794da6b91ced,2026-04-05T03:16:00.113423+00:00,1775358960113423000,174670443757583,1525,,,ETF,2815,40,2816.0,-4.0,71.667123708,
72610,market_research_2026-04-04_22-09-26_live_round,3bd4c34433f6425a9a51794da6b91ced,2026-04-05T03:16:00.167308+00:00,1775358960167308000,174670497641958,1525,,,ETF,2815,20,2816.0,-2.0,71.721008083,
72611,market_research_2026-04-04_22-09-26_live_round,3bd4c34433f6425a9a51794da6b91ced,2026-04-05T03:16:00.167486+00:00,1775358960167486000,174670497820541,1525,,,ETF,2816,80,2816.0,-2.0,71.721186666,
72772,market_research_2026-04-04_22-09-26_live_round,3bd4c34433f6425a9a51794da6b91ced,2026-04-05T03:16:02.402866+00:00,1775358962402866000,174672733204166,1525,,,ETF,2812,40,2809.0,-6.0,73.956570291,
72779,market_research_2026-04-04_22-09-26_live_round,3bd4c34433f6425a9a51794da6b91ced,2026-04-05T03:16:02.488535+00:00,1775358962488535000,174672818873125,1525,,,ETF,2812,60,2809.5,-5.0,74.04223925,
72794,market_research_2026-04-04_22-09-26_live_round,3bd4c34433f6425a9a51794da6b91ced,2026-04-05T03:16:02.662328+00:00,1775358962662328000,174672992666333,1525,,,ETF,2812,40,2810.0,-4.0,74.216032458,
72795,market_research_2026-04-04_22-09-26_live_round,3bd4c34433f6425a9a51794da6b91ced,2026-04-05T03:16:02.662570+00:00,1775358962662570000,174672992909041,1525,,,ETF,2811,40,2810.0,-4.0,74.216275166,
72802,market_research_2026-04-04_22-09-26_live_round,3bd4c34433f6425a9a51794da6b91ced,2026-04-05T03:16:02.741305+00:00,1775358962741305000,174673071643666,1525,,,ETF,2811,20,2810.0,-2.0,74.295009791,
72803,market_research_2026-04-04_22-09-26_live_round,3bd4c34433f6425a9a51794da6b91ced,2026-04-05T03:16:02.744491+00:00,1775358962744491000,174673074830708,1525,,,ETF,2810,80,2810.0,-2.0,74.298196833,
72862,market_research_2026-04-04_22-09-26_live_round,3bd4c34433f6425a9a51794da6b91ced,2026-04-05T03:16:03.507048+00:00,1775358963507048000,174673837388541,1525,,,ETF,2809,40,2801.5,-15.0,75.060754666,
72868,market_research_2026-04-04_22-09-26_live_round,3bd4c34433f6425a9a51794da6b91ced,2026-04-05T03:16:03.570116+00:00,1775358963570116000,174673900456291,1525,,,ETF,2809,60,2802.0,-14.0,75.123822416,
72874,market_research_2026-04-04_22-09-26_live_round,3bd4c34433f6425a9a51794da6b91ced,2026-04-05T03:16:03.638943+00:00,1775358963638943000,174673969283708,1525,,,ETF,2800,40,2798.0,-4.0,75.192649833,
72875,market_research_2026-04-04_22-09-26_live_round,3bd4c34433f6425a9a51794da6b91ced,2026-04-05T03:16:03.639126+00:00,1775358963639126000,174673969467666,1525,,,ETF,2799,40,2798.0,-4.0,75.192833791,
72882,market_research_2026-04-04_22-09-26_live_round,3bd4c34433f6425a9a51794da6b91ced,2026-04-05T03:16:03.738856+00:00,1775358963738856000,174674069196916,1525,,,ETF,2799,20,2798.0,-2.0,75.292563041,
72883,market_research_2026-04-04_22-09-26_live_round,3bd4c34433f6425a9a51794da6b91ced,2026-04-05T03:16:03.742559+00:00,1775358963742559000,174674072899666,1525,,,ETF,2798,80,2798.0,-2.0,75.296265791,
72935,market_research_2026-04-04_22-09-26_live_round,3bd4c34433f6425a9a51794da6b91ced,2026-04-05T03:16:04.389650+00:00,1775358964389650000,174674719991916,1525,,,ETF,2797,40,2795.0,-4.0,75.943358041,
72940,market_research_2026-04-04_22-09-26_live_round,3bd4c34433f6425a9a51794da6b91ced,2026-04-05T03:16:04.436223+00:00,1775358964436223000,174674766564833,1525,,,ETF,2797,60,2795.5,-3.0,75.989930958,
73253,market_research_2026-04-04_22-09-26_live_round,3bd4c34433f6425a9a51794da6b91ced,2026-04-05T03:16:08.274744+00:00,1775358968274744000,174678605093916,1525,,,ETF,2800,40,2802.5,-5.0,79.828460041,
73259,market_research_2026-04-04_22-09-26_live_round,3bd4c34433f6425a9a51794da6b91ced,2026-04-05T03:16:08.334131+00:00,1775358968334131000,174678664480041,1525,,,ETF,2800,60,2802.0,-4.0,79.887846166,
73264,market_research_2026-04-04_22-09-26_live_round,3bd4c34433f6425a9a51794da6b91ced,2026-04-05T03:16:08.381722+00:00,1775358968381722000,174678712072375,1525,,,ETF,2801,40,2802.0,-2.0,79.9354385,
73265,market_research_2026-04-04_22-09-26_live_round,3bd4c34433f6425a9a51794da6b91ced,2026-04-05T03:16:08.381882+00:00,1775358968381882000,174678712232166,1525,,,ETF,2802,40,2802.0,-2.0,79.935598291,
73271,market_research_2026-04-04_22-09-26_live_round,3bd4c34433f6425a9a51794da6b91ced,2026-04-05T03:16:08.431365+00:00,1775358968431365000,174678761715250,1525,,,ETF,2802,20,2802.0,0.0,79.985081375,
73328,market_research_2026-04-04_22-09-26_live_round,3bd4c34433f6425a9a51794da6b91ced,2026-04-05T03:16:09.010413+00:00,1775358969010413000,174679340763958,1525,,,ETF,2802,40,2802.0,0.0,80.564130083,
73394,market_research_2026-04-04_22-09-26_live_round,3bd4c34433f6425a9a51794da6b91ced,2026-04-05T03:16:09.730768+00:00,1775358969730768000,174680061120250,1525,,,ETF,2802,40,2798.0,-8.0,81.284486375,
73400,market_research_2026-04-04_22-09-26_live_round,3bd4c34433f6425a9a51794da6b91ced,2026-04-05T03:16:09.782312+00:00,1775358969782312000,174680112664541,1525,,,ETF,2796,40,2795.5,-1.0,81.336030666,
73401,market_research_2026-04-04_22-09-26_live_round,3bd4c34433f6425a9a51794da6b91ced,2026-04-05T03:16:09.782514+00:00,1775358969782514000,174680112866666,1525,,,ETF,2795,20,2795.5,-1.0,81.336232791,
73464,market_research_2026-04-04_22-09-26_live_round,3bd4c34433f6425a9a51794da6b91ced,2026-04-05T03:16:10.434513+00:00,1775358970434513000,174680764866750,1525,,,ETF,2793,40,2791.0,-4.0,81.988232875,
73470,market_research_2026-04-04_22-09-26_live_round,3bd4c34433f6425a9a51794da6b91ced,2026-04-05T03:16:10.484411+00:00,1775358970484411000,174680814764708,1525,,,ETF,2793,60,2791.5,-3.0,82.038130833,
73533,market_research_2026-04-04_22-09-26_live_round,3bd4c34433f6425a9a51794da6b91ced,2026-04-05T03:16:11.105008+00:00,1775358971105008000,174681435363125,1525,,,ETF,2785,40,2782.0,-6.0,82.65872925,
73539,market_research_2026-04-04_22-09-26_live_round,3bd4c34433f6425a9a51794da6b91ced,2026-04-05T03:16:11.160938+00:00,1775358971160938000,174681491292833,1525,,,ETF,2785,60,2782.5,-5.0,82.714658958,
73544,market_research_2026-04-04_22-09-26_live_round,3bd4c34433f6425a9a51794da6b91ced,2026-04-05T03:16:11.198648+00:00,1775358971198648000,174681529003291,1525,,,ETF,2783,40,2782.0,-2.0,82.752369416,
73545,market_research_2026-04-04_22-09-26_live_round,3bd4c34433f6425a9a51794da6b91ced,2026-04-05T03:16:11.198796+00:00,1775358971198796000,174681529152416,1525,,,ETF,2782,40,2782.0,-2.0,82.752518541,
73551,market_research_2026-04-04_22-09-26_live_round,3bd4c34433f6425a9a51794da6b91ced,2026-04-05T03:16:11.248685+00:00,1775358971248685000,174681579041041,1525,,,ETF,2782,20,2782.0,0.0,82.802407166,
73607,market_research_2026-04-04_22-09-26_live_round,3bd4c34433f6425a9a51794da6b91ced,2026-04-05T03:16:11.817174+00:00,1775358971817174000,174682147531083,1525,,,ETF,2780,40,2779.0,-2.0,83.370897208,
73612,market_research_2026-04-04_22-09-26_live_round,3bd4c34433f6425a9a51794da6b91ced,2026-04-05T03:16:11.848962+00:00,1775358971848962000,174682179319625,1525,,,ETF,2780,60,2779.5,-1.0,83.40268575,
73799,market_research_2026-04-04_22-09-26_live_round,3bd4c34433f6425a9a51794da6b91ced,2026-04-05T03:16:13.837920+00:00,1775358973837920000,174684168300291,1525,,,ETF,2784,40,2785.0,-2.0,85.391666416,
73806,market_research_2026-04-04_22-09-26_live_round,3bd4c34433f6425a9a51794da6b91ced,2026-04-05T03:16:13.922126+00:00,1775358973922126000,174684252507958,1525,,,ETF,2784,60,2784.5,-1.0,85.475874083,
73811,market_research_2026-04-04_22-09-26_live_round,3bd4c34433f6425a9a51794da6b91ced,2026-04-05T03:16:13.973279+00:00,1775358973973279000,174684303662208,1525,,,ETF,2784,40,2784.0,0.0,85.527028333,
73990,market_research_2026-04-04_22-09-26_live_round,3bd4c34433f6425a9a51794da6b91ced,2026-04-05T03:16:15.957861+00:00,1775358975957861000,174686288282000,1525,,,ETF,2790,40,2790.0,0.0,87.511648125,
74045,market_research_2026-04-04_22-09-26_live_round,3bd4c34433f6425a9a51794da6b91ced,2026-04-05T03:16:16.547990+00:00,1775358976547990000,174686878420708,1525,,,ETF,2787,100,2779.5,-15.0,88.101786833,
74046,market_research_2026-04-04_22-09-26_live_round,3bd4c34433f6425a9a51794da6b91ced,2026-04-05T03:16:16.551011+00:00,1775358976551011000,174686881442583,1525,,,ETF,2784,40,2779.5,-15.0,88.104808708,
74047,market_research_2026-04-04_22-09-26_live_round,3bd4c34433f6425a9a51794da6b91ced,2026-04-05T03:16:16.551128+00:00,1775358976551128000,174686881559250,1525,,,ETF,2783,60,2779.5,-15.0,88.104925375,
74067,market_research_2026-04-04_22-09-26_live_round,3bd4c34433f6425a9a51794da6b91ced,2026-04-05T03:16:16.780265+00:00,1775358976780265000,174687110699791,1525,,,ETF,2782,40,2781.0,-2.0,88.334065916,
74077,market_research_2026-04-04_22-09-26_live_round,3bd4c34433f6425a9a51794da6b91ced,2026-04-05T03:16:16.890102+00:00,1775358976890102000,174687220539291,1525,,,ETF,2782,40,2781.5,-1.0,88.443905416,
74078,market_research_2026-04-04_22-09-26_live_round,3bd4c34433f6425a9a51794da6b91ced,2026-04-05T03:16:16.890242+00:00,1775358976890242000,174687220679625,1525,,,ETF,2781,20,2781.5,-1.0,88.44404575,
74524,market_research_2026-04-04_22-09-26_live_round,3bd4c34433f6425a9a51794da6b91ced,2026-04-05T03:16:22.064715+00:00,1775358982064715000,174692395227666,1525,,,ETF,2779,40,2780.0,-2.0,93.618593791,
74536,market_research_2026-04-04_22-09-26_live_round,3bd4c34433f6425a9a51794da6b91ced,2026-04-05T03:16:22.184805+00:00,1775358982184805000,174692515319708,1525,,,ETF,2780,60,2780.0,0.0,93.738685833,
74593,market_research_2026-04-04_22-09-26_live_round,3bd4c34433f6425a9a51794da6b91ced,2026-04-05T03:16:22.804108+00:00,1775358982804108000,174693134630833,1525,,,ETF,2782,40,2785.5,-7.0,94.357996958,
74603,market_research_2026-04-04_22-09-26_live_round,3bd4c34433f6425a9a51794da6b91ced,2026-04-05T03:16:22.920864+00:00,1775358982920864000,174693251388000,1525,,,ETF,2782,60,2785.0,-6.0,94.474754125,
74610,market_research_2026-04-04_22-09-26_live_round,3bd4c34433f6425a9a51794da6b91ced,2026-04-05T03:16:23.005953+00:00,1775358983005953000,174693336477583,1525,,,ETF,2787,40,2787.0,0.0,94.559843708,
74660,market_research_2026-04-04_22-09-26_live_round,3bd4c34433f6425a9a51794da6b91ced,2026-04-05T03:16:23.545144+00:00,1775358983545144000,174693875675500,1525,,,ETF,2787,40,2786.0,-2.0,95.099041625,
74676,market_research_2026-04-04_22-09-26_live_round,3bd4c34433f6425a9a51794da6b91ced,2026-04-05T03:16:23.715914+00:00,1775358983715914000,174694046446916,1525,,,ETF,2786,60,2786.0,0.0,95.269813041,
74853,market_research_2026-04-04_22-09-26_live_round,3bd4c34433f6425a9a51794da6b91ced,2026-04-05T03:16:25.800043+00:00,1775358985800043000,174696130598916,1525,,,ETF,2786,40,2786.0,0.0,97.353965041,
75044,market_research_2026-04-04_22-09-26_live_round,3bd4c34433f6425a9a51794da6b91ced,2026-04-05T03:16:28.289728+00:00,1775358988289728000,174698620308500,1525,,,ETF,2792,40,2794.5,-5.0,99.843674625,
75061,market_research_2026-04-04_22-09-26_live_round,3bd4c34433f6425a9a51794da6b91ced,2026-04-05T03:16:28.483433+00:00,1775358988483433000,174698814015666,1525,,,ETF,2792,60,2794.0,-4.0,100.037381791,
75068,market_research_2026-04-04_22-09-26_live_round,3bd4c34433f6425a9a51794da6b91ced,2026-04-05T03:16:28.552194+00:00,1775358988552194000,174698882777125,1525,,,ETF,2794,40,2794.5,-1.0,100.10614325,
75069,market_research_2026-04-04_22-09-26_live_round,3bd4c34433f6425a9a51794da6b91ced,2026-04-05T03:16:28.552416+00:00,1775358988552416000,174698882999291,1525,,,ETF,2795,40,2794.5,-1.0,100.106365416,
75120,market_research_2026-04-04_22-09-26_live_round,3bd4c34433f6425a9a51794da6b91ced,2026-04-05T03:16:29.136662+00:00,1775358989136662000,174699467250208,1525,,,ETF,2794,40,2793.5,-1.0,100.690616333,
75135,market_research_2026-04-04_22-09-26_live_round,3bd4c34433f6425a9a51794da6b91ced,2026-04-05T03:16:29.295800+00:00,1775358989295800000,174699626389541,1525,,,ETF,2794,60,2794.0,0.0,100.849755666,
75307,market_research_2026-04-04_22-09-26_live_round,3bd4c34433f6425a9a51794da6b91ced,2026-04-05T03:16:31.355562+00:00,1775358991355562000,174701686169083,1525,,,ETF,2792,40,2789.5,-5.0,102.909535208,
75318,market_research_2026-04-04_22-09-26_live_round,3bd4c34433f6425a9a51794da6b91ced,2026-04-05T03:16:31.478200+00:00,1775358991478200000,174701808807583,1525,,,ETF,2791,60,2789.5,-3.0,103.032173708,
75331,market_research_2026-04-04_22-09-26_live_round,3bd4c34433f6425a9a51794da6b91ced,2026-04-05T03:16:31.604863+00:00,1775358991604863000,174701935472166,1525,,,ETF,2790,80,2789.5,-1.0,103.158838291,
75437,market_research_2026-04-04_22-09-26_live_round,3bd4c34433f6425a9a51794da6b91ced,2026-04-05T03:16:32.790369+00:00,1775358992790369000,174703120987000,1525,,,ETF,2790,40,2790.0,0.0,104.344353125,
75502,market_research_2026-04-04_22-09-26_live_round,3bd4c34433f6425a9a51794da6b91ced,2026-04-05T03:16:33.501776+00:00,1775358993501776000,174703832399000,1525,,,ETF,2796,40,2799.5,-7.0,105.055765125,
75511,market_research_2026-04-04_22-09-26_live_round,3bd4c34433f6425a9a51794da6b91ced,2026-04-05T03:16:33.592858+00:00,1775358993592858000,174703923482291,1525,,,ETF,2797,60,2799.5,-5.0,105.146848416,
75526,market_research_2026-04-04_22-09-26_live_round,3bd4c34433f6425a9a51794da6b91ced,2026-04-05T03:16:33.750764+00:00,1775358993750764000,174704081389166,1525,,,ETF,2797,40,2799.0,-4.0,105.304755291,
75527,market_research_2026-04-04_22-09-26_live_round,3bd4c34433f6425a9a51794da6b91ced,2026-04-05T03:16:33.754093+00:00,1775358993754093000,174704084717958,1525,,,ETF,2797,40,2799.0,-4.0,105.308084083,
75538,market_research_2026-04-04_22-09-26_live_round,3bd4c34433f6425a9a51794da6b91ced,2026-04-05T03:16:33.864755+00:00,1775358993864755000,174704195380208,1525,,,ETF,2797,20,2798.5,-3.0,105.418746333,
75539,market_research_2026-04-04_22-09-26_live_round,3bd4c34433f6425a9a51794da6b91ced,2026-04-05T03:16:33.864921+00:00,1775358993864921000,174704195547458,1525,,,ETF,2798,80,2798.5,-3.0,105.418913583,
75584,market_research_2026-04-04_22-09-26_live_round,3bd4c34433f6425a9a51794da6b91ced,2026-04-05T03:16:34.406243+00:00,1775358994406243000,174704736872958,1525,,,ETF,2799,40,2801.0,-4.0,105.960239083,
75591,market_research_2026-04-04_22-09-26_live_round,3bd4c34433f6425a9a51794da6b91ced,2026-04-05T03:16:34.474773+00:00,1775358994474773000,174704805403041,1525,,,ETF,2799,60,2800.5,-3.0,106.028769166,
75644,market_research_2026-04-04_22-09-26_live_round,3bd4c34433f6425a9a51794da6b91ced,2026-04-05T03:16:35.093711+00:00,1775358995093711000,174705424344958,1525,,,ETF,2801,40,2797.5,-7.0,106.647711083,
75661,market_research_2026-04-04_22-09-26_live_round,3bd4c34433f6425a9a51794da6b91ced,2026-04-05T03:16:35.272227+00:00,1775358995272227000,174705602862333,1525,,,ETF,2801,40,2798.0,-6.0,106.826228458,
75662,market_research_2026-04-04_22-09-26_live_round,3bd4c34433f6425a9a51794da6b91ced,2026-04-05T03:16:35.272392+00:00,1775358995272392000,174705603028166,1525,,,ETF,2800,20,2798.0,-6.0,106.826394291,
75675,market_research_2026-04-04_22-09-26_live_round,3bd4c34433f6425a9a51794da6b91ced,2026-04-05T03:16:35.418234+00:00,1775358995418234000,174705748870375,1525,,,ETF,2800,80,2798.0,-4.0,106.9722365,
75719,market_research_2026-04-04_22-09-26_live_round,3bd4c34433f6425a9a51794da6b91ced,2026-04-05T03:16:35.944166+00:00,1775358995944166000,174706274805500,1525,,,ETF,2797,40,2798.0,-2.0,107.498171625,
75741,market_research_2026-04-04_22-09-26_live_round,3bd4c34433f6425a9a51794da6b91ced,2026-04-05T03:16:36.199782+00:00,1775358996199782000,174706530423500,1525,,,ETF,2797,60,2797.5,-1.0,107.753789625,
75925,market_research_2026-04-04_22-09-26_live_round,3bd4c34433f6425a9a51794da6b91ced,2026-04-05T03:16:38.498289+00:00,1775358998498289000,174708828943750,1650,,,ETF,2795,40,2793.5,-3.0,0.304752209,
75934,market_research_2026-04-04_22-09-26_live_round,3bd4c34433f6425a9a51794da6b91ced,2026-04-05T03:16:38.592938+00:00,1775358998592938000,174708923594000,1650,,,ETF,2794,60,2793.5,-1.0,0.399402459,
75940,market_research_2026-04-04_22-09-26_live_round,3bd4c34433f6425a9a51794da6b91ced,2026-04-05T03:16:38.655493+00:00,1775358998655493000,174708986148958,1650,,,ETF,2794,80,2794.0,0.0,0.461957417,
76103,market_research_2026-04-04_22-09-26_live_round,3bd4c34433f6425a9a51794da6b91ced,2026-04-05T03:16:40.604450+00:00,1775359000604450000,174710935116583,1650,,,ETF,2793,40,2793.5,-1.0,2.410925042,
76171,market_research_2026-04-04_22-09-26_live_round,3bd4c34433f6425a9a51794da6b91ced,2026-04-05T03:16:41.404165+00:00,1775359001404165000,174711734836000,1650,,,ETF,2796,40,2798.0,-4.0,3.210644459,
76180,market_research_2026-04-04_22-09-26_live_round,3bd4c34433f6425a9a51794da6b91ced,2026-04-05T03:16:41.502670+00:00,1775359001502670000,174711833341666,1650,,,ETF,2796,60,2797.5,-3.0,3.309150125,
76503,market_research_2026-04-04_22-09-26_live_round,3bd4c34433f6425a9a51794da6b91ced,2026-04-05T03:16:45.410660+00:00,1775359005410660000,174715741350375,1650,,,ETF,2800,40,2798.0,-4.0,7.217158834,
76512,market_research_2026-04-04_22-09-26_live_round,3bd4c34433f6425a9a51794da6b91ced,2026-04-05T03:16:45.504218+00:00,1775359005504218000,174715834908958,1650,,,ETF,2799,60,2798.0,-2.0,7.310717417,
76521,market_research_2026-04-04_22-09-26_live_round,3bd4c34433f6425a9a51794da6b91ced,2026-04-05T03:16:45.610221+00:00,1775359005610221000,174715940911791,1650,,,ETF,2798,80,2798.0,0.0,7.41672025,
76570,market_research_2026-04-04_22-09-26_live_round,3bd4c34433f6425a9a51794da6b91ced,2026-04-05T03:16:46.213243+00:00,1775359006213243000,174716543936833,1650,,,ETF,2797,40,2795.5,-3.0,8.019745292,
76579,market_research_2026-04-04_22-09-26_live_round,3bd4c34433f6425a9a51794da6b91ced,2026-04-05T03:16:46.317839+00:00,1775359006317839000,174716648533458,1650,,,ETF,2797,60,2796.0,-2.0,8.124341917,
76706,market_research_2026-04-04_22-09-26_live_round,3bd4c34433f6425a9a51794da6b91ced,2026-04-05T03:16:47.830855+00:00,1775359007830855000,174718161556041,1650,,,ETF,2786,40,2784.0,-4.0,9.6373645,
76711,market_research_2026-04-04_22-09-26_live_round,3bd4c34433f6425a9a51794da6b91ced,2026-04-05T03:16:47.871771+00:00,1775359007871771000,174718202471958,1650,,,ETF,2785,60,2784.0,-2.0,9.678280417,
76717,market_research_2026-04-04_22-09-26_live_round,3bd4c34433f6425a9a51794da6b91ced,2026-04-05T03:16:47.925562+00:00,1775359007925562000,174718256262625,1650,,,ETF,2785,80,2784.5,-1.0,9.732071084,
76722,market_research_2026-04-04_22-09-26_live_round,3bd4c34433f6425a9a51794da6b91ced,2026-04-05T03:16:47.987865+00:00,1775359007987865000,174718318566541,1650,,,ETF,2785,20,2785.0,0.0,9.794375,
76906,market_research_2026-04-04_22-09-26_live_round,3bd4c34433f6425a9a51794da6b91ced,2026-04-05T03:16:50.228210+00:00,1775359010228210000,174720558919625,1650,,,ETF,2784,40,2782.0,-4.0,12.034728084,
76913,market_research_2026-04-04_22-09-26_live_round,3bd4c34433f6425a9a51794da6b91ced,2026-04-05T03:16:50.302410+00:00,1775359010302410000,174720633120250,1650,,,ETF,2783,60,2782.0,-2.0,12.108928709,
76918,market_research_2026-04-04_22-09-26_live_round,3bd4c34433f6425a9a51794da6b91ced,2026-04-05T03:16:50.350372+00:00,1775359010350372000,174720681082125,1650,,,ETF,2782,80,2782.0,0.0,12.156890584,
76967,market_research_2026-04-04_22-09-26_live_round,3bd4c34433f6425a9a51794da6b91ced,2026-04-05T03:16:50.937628+00:00,1775359010937628000,174721268341333,1650,,,ETF,2781,40,2781.0,0.0,12.744149792,
77097,market_research_2026-04-04_22-09-26_live_round,3bd4c34433f6425a9a51794da6b91ced,2026-04-05T03:16:52.567900+00:00,1775359012567900000,174722898618333,1650,,,ETF,2779,40,2775.5,-7.0,14.374426792,
77110,market_research_2026-04-04_22-09-26_live_round,3bd4c34433f6425a9a51794da6b91ced,2026-04-05T03:16:52.719327+00:00,1775359012719327000,174723050046333,1650,,,ETF,2778,60,2775.5,-5.0,14.525854792,
77116,market_research_2026-04-04_22-09-26_live_round,3bd4c34433f6425a9a51794da6b91ced,2026-04-05T03:16:52.786399+00:00,1775359012786399000,174723117118250,1650,,,ETF,2777,80,2775.5,-3.0,14.592926709,
77121,market_research_2026-04-04_22-09-26_live_round,3bd4c34433f6425a9a51794da6b91ced,2026-04-05T03:16:52.825177+00:00,1775359012825177000,174723155896791,1650,,,ETF,2776,100,2775.5,-1.0,14.63170525,
77235,market_research_2026-04-04_22-09-26_live_round,3bd4c34433f6425a9a51794da6b91ced,2026-04-05T03:16:54.182561+00:00,1775359014182561000,174724513285250,1650,,,ETF,2773,40,2775.5,-5.0,15.989093709,
77240,market_research_2026-04-04_22-09-26_live_round,3bd4c34433f6425a9a51794da6b91ced,2026-04-05T03:16:54.233729+00:00,1775359014233729000,174724564454000,1650,,,ETF,2774,60,2775.5,-3.0,16.040262459,
77245,market_research_2026-04-04_22-09-26_live_round,3bd4c34433f6425a9a51794da6b91ced,2026-04-05T03:16:54.281098+00:00,1775359014281098000,174724611822833,1650,,,ETF,2775,80,2775.5,-1.0,16.087631292,
77296,market_research_2026-04-04_22-09-26_live_round,3bd4c34433f6425a9a51794da6b91ced,2026-04-05T03:16:54.867267+00:00,1775359014867267000,174725197993875,1650,,,ETF,2776,40,2782.5,-13.0,16.673802334,
77304,market_research_2026-04-04_22-09-26_live_round,3bd4c34433f6425a9a51794da6b91ced,2026-04-05T03:16:54.964993+00:00,1775359014964993000,174725295720291,1650,,,ETF,2776,60,2782.0,-12.0,16.77152875,
77311,market_research_2026-04-04_22-09-26_live_round,3bd4c34433f6425a9a51794da6b91ced,2026-04-05T03:16:55.047141+00:00,1775359015047141000,174725377867916,1650,,,ETF,2784,40,2785.5,-3.0,16.853676375,
77312,market_research_2026-04-04_22-09-26_live_round,3bd4c34433f6425a9a51794da6b91ced,2026-04-05T03:16:55.047319+00:00,1775359015047319000,174725378046583,1650,,,ETF,2785,40,2785.5,-3.0,16.853855042,
77325,market_research_2026-04-04_22-09-26_live_round,3bd4c34433f6425a9a51794da6b91ced,2026-04-05T03:16:55.180329+00:00,1775359015180329000,174725511056333,1650,,,ETF,2785,20,2785.5,-1.0,16.986864792,
77326,market_research_2026-04-04_22-09-26_live_round,3bd4c34433f6425a9a51794da6b91ced,2026-04-05T03:16:55.180506+00:00,1775359015180506000,174725511233750,1650,,,ETF,2786,80,2785.5,-1.0,16.987042209,
77620,market_research_2026-04-04_22-09-26_live_round,3bd4c34433f6425a9a51794da6b91ced,2026-04-05T03:16:58.783501+00:00,1775359018783501000,174729114240041,1650,,,ETF,2790,40,2788.0,-4.0,20.5900485,
77639,market_research_2026-04-04_22-09-26_live_round,3bd4c34433f6425a9a51794da6b91ced,2026-04-05T03:16:59.025508+00:00,1775359019025508000,174729356248041,1650,,,ETF,2790,60,2788.5,-3.0,20.8320565,
77644,market_research_2026-04-04_22-09-26_live_round,3bd4c34433f6425a9a51794da6b91ced,2026-04-05T03:16:59.073332+00:00,1775359019073332000,174729404071916,1650,,,ETF,2788,40,2788.0,0.0,20.879880375,
77946,market_research_2026-04-04_22-09-26_live_round,3bd4c34433f6425a9a51794da6b91ced,2026-04-05T03:17:02.804854+00:00,1775359022804854000,174733135605583,1650,,,ETF,2780,40,2780.5,-1.0,24.611414042,
78215,market_research_2026-04-04_22-09-26_live_round,3bd4c34433f6425a9a51794da6b91ced,2026-04-05T03:17:06.106481+00:00,1775359026106481000,174736437240958,1650,,,ETF,2783,40,2783.0,0.0,27.913049417,
78269,market_research_2026-04-04_22-09-26_live_round,3bd4c34433f6425a9a51794da6b91ced,2026-04-05T03:17:06.737752+00:00,1775359026737752000,174737068514625,1650,,,ETF,2782,40,2780.0,-4.0,28.544323084,
78289,market_research_2026-04-04_22-09-26_live_round,3bd4c34433f6425a9a51794da6b91ced,2026-04-05T03:17:06.966235+00:00,1775359026966235000,174737296997958,1650,,,ETF,2782,20,2780.5,-3.0,28.772806417,
78290,market_research_2026-04-04_22-09-26_live_round,3bd4c34433f6425a9a51794da6b91ced,2026-04-05T03:17:06.966387+00:00,1775359026966387000,174737297150250,1650,,,ETF,2781,40,2780.5,-3.0,28.772958709,
78298,market_research_2026-04-04_22-09-26_live_round,3bd4c34433f6425a9a51794da6b91ced,2026-04-05T03:17:07.060089+00:00,1775359027060089000,174737390852375,1650,,,ETF,2781,40,2780.5,-1.0,28.866660834,
78299,market_research_2026-04-04_22-09-26_live_round,3bd4c34433f6425a9a51794da6b91ced,2026-04-05T03:17:07.060263+00:00,1775359027060263000,174737391026458,1650,,,ETF,2780,40,2780.5,-1.0,28.866834917,
78353,market_research_2026-04-04_22-09-26_live_round,3bd4c34433f6425a9a51794da6b91ced,2026-04-05T03:17:07.722468+00:00,1775359027722468000,174738053232625,1650,,,ETF,2780,40,2780.0,0.0,29.529041084,
78598,market_research_2026-04-04_22-09-26_live_round,3bd4c34433f6425a9a51794da6b91ced,2026-04-05T03:17:10.772263+00:00,1775359030772263000,174741103036166,1650,,,ETF,2780,40,2782.0,-4.0,32.578844625,
78612,market_research_2026-04-04_22-09-26_live_round,3bd4c34433f6425a9a51794da6b91ced,2026-04-05T03:17:10.954103+00:00,1775359030954103000,174741284875500,1650,,,ETF,2781,60,2782.0,-2.0,32.760683959,
78624,market_research_2026-04-04_22-09-26_live_round,3bd4c34433f6425a9a51794da6b91ced,2026-04-05T03:17:11.089107+00:00,1775359031089107000,174741419880500,1650,,,ETF,2781,40,2781.5,-1.0,32.895688959,
78625,market_research_2026-04-04_22-09-26_live_round,3bd4c34433f6425a9a51794da6b91ced,2026-04-05T03:17:11.089309+00:00,1775359031089309000,174741420082416,1650,,,ETF,2781,40,2781.5,-1.0,32.895890875,
78630,market_research_2026-04-04_22-09-26_live_round,3bd4c34433f6425a9a51794da6b91ced,2026-04-05T03:17:11.126894+00:00,1775359031126894000,174741457667666,1650,,,ETF,2781,20,2781.0,0.0,32.933476125,
78675,market_research_2026-04-04_22-09-26_live_round,3bd4c34433f6425a9a51794da6b91ced,2026-04-05T03:17:11.644883+00:00,1775359031644883000,174741975657458,1650,,,ETF,2783,40,2783.5,-1.0,33.451465917,
78690,market_research_2026-04-04_22-09-26_live_round,3bd4c34433f6425a9a51794da6b91ced,2026-04-05T03:17:11.817877+00:00,1775359031817877000,174742148652000,1650,,,ETF,2783,60,2783.0,0.0,33.624460459,
78929,market_research_2026-04-04_22-09-26_live_round,3bd4c34433f6425a9a51794da6b91ced,2026-04-05T03:17:15.179157+00:00,1775359035179157000,174745509940333,1650,,,ETF,2783,40,2782.5,-1.0,36.985748792,
79200,market_research_2026-04-04_22-09-26_live_round,3bd4c34433f6425a9a51794da6b91ced,2026-04-05T03:17:19.327616+00:00,1775359039327616000,174749658409208,1650,,,ETF,2787,40,2786.0,-2.0,41.134217667,
79214,market_research_2026-04-04_22-09-26_live_round,3bd4c34433f6425a9a51794da6b91ced,2026-04-05T03:17:19.541489+00:00,1775359039541489000,174749872282291,1650,,,ETF,2786,60,2786.0,0.0,41.34809075,
79448,market_research_2026-04-04_22-09-26_live_round,3bd4c34433f6425a9a51794da6b91ced,2026-04-05T03:17:22.833592+00:00,1775359042833592000,174753164393291,1650,,,ETF,2783,40,2784.5,-3.0,44.64020175,
79466,market_research_2026-04-04_22-09-26_live_round,3bd4c34433f6425a9a51794da6b91ced,2026-04-05T03:17:23.097035+00:00,1775359043097035000,174753427837416,1650,,,ETF,2784,60,2784.5,-1.0,44.903645875,
79527,market_research_2026-04-04_22-09-26_live_round,3bd4c34433f6425a9a51794da6b91ced,2026-04-05T03:17:24.015464+00:00,1775359044015464000,174754346268375,1650,,,ETF,2784,40,2783.0,-2.0,45.822076834,
79533,market_research_2026-04-04_22-09-26_live_round,3bd4c34433f6425a9a51794da6b91ced,2026-04-05T03:17:24.078799+00:00,1775359044078799000,174754409603041,1650,,,ETF,2784,40,2783.5,-1.0,45.8854115,
79534,market_research_2026-04-04_22-09-26_live_round,3bd4c34433f6425a9a51794da6b91ced,2026-04-05T03:17:24.078974+00:00,1775359044078974000,174754409778541,1650,,,ETF,2783,20,2783.5,-1.0,45.885587,
79603,market_research_2026-04-04_22-09-26_live_round,3bd4c34433f6425a9a51794da6b91ced,2026-04-05T03:17:24.885109+00:00,1775359044885109000,174755215915500,1650,,,ETF,2784,40,2787.0,-6.0,46.691723959,
79608,market_research_2026-04-04_22-09-26_live_round,3bd4c34433f6425a9a51794da6b91ced,2026-04-05T03:17:24.937483+00:00,1775359044937483000,174755268289166,1650,,,ETF,2784,40,2786.5,-5.0,46.744097625,
79609,market_research_2026-04-04_22-09-26_live_round,3bd4c34433f6425a9a51794da6b91ced,2026-04-05T03:17:24.937654+00:00,1775359044937654000,174755268460416,1650,,,ETF,2785,20,2786.5,-5.0,46.744268875,
79616,market_research_2026-04-04_22-09-26_live_round,3bd4c34433f6425a9a51794da6b91ced,2026-04-05T03:17:25.024100+00:00,1775359045024100000,174755354907166,1650,,,ETF,2785,80,2786.5,-3.0,46.830715625,
79655,market_research_2026-04-04_22-09-26_live_round,3bd4c34433f6425a9a51794da6b91ced,2026-04-05T03:17:25.486325+00:00,1775359045486325000,174755817132666,1650,,,ETF,2796,40,2796.0,0.0,47.292941125,
79718,market_research_2026-04-04_22-09-26_live_round,3bd4c34433f6425a9a51794da6b91ced,2026-04-05T03:17:26.238771+00:00,1775359046238771000,174756569579958,1650,,,ETF,2799,40,2802.5,-7.0,48.045388417,
79737,market_research_2026-04-04_22-09-26_live_round,3bd4c34433f6425a9a51794da6b91ced,2026-04-05T03:17:26.462123+00:00,1775359046462123000,174756792932250,1650,,,ETF,2799,60,2802.0,-6.0,48.268740709,
79749,market_research_2026-04-04_22-09-26_live_round,3bd4c34433f6425a9a51794da6b91ced,2026-04-05T03:17:26.596353+00:00,1775359046596353000,174756927163375,1650,,,ETF,2802,40,2803.0,-2.0,48.402971834,
79750,market_research_2026-04-04_22-09-26_live_round,3bd4c34433f6425a9a51794da6b91ced,2026-04-05T03:17:26.596531+00:00,1775359046596531000,174756927341666,1650,,,ETF,2803,40,2803.0,-2.0,48.403150125,
79756,market_research_2026-04-04_22-09-26_live_round,3bd4c34433f6425a9a51794da6b91ced,2026-04-05T03:17:26.659603+00:00,1775359046659603000,174756990413125,1650,,,ETF,2803,20,2803.0,0.0,48.466221584,
79803,market_research_2026-04-04_22-09-26_live_round,3bd4c34433f6425a9a51794da6b91ced,2026-04-05T03:17:27.175073+00:00,1775359047175073000,174757505884333,1650,,,ETF,2805,40,2813.5,-17.0,48.981692792,
79818,market_research_2026-04-04_22-09-26_live_round,3bd4c34433f6425a9a51794da6b91ced,2026-04-05T03:17:27.352231+00:00,1775359047352231000,174757683043125,1650,,,ETF,2805,60,2813.0,-16.0,49.158851584,
79828,market_research_2026-04-04_22-09-26_live_round,3bd4c34433f6425a9a51794da6b91ced,2026-04-05T03:17:27.465210+00:00,1775359047465210000,174757796021625,1650,,,ETF,2812,40,2816.0,-8.0,49.271830084,
79829,market_research_2026-04-04_22-09-26_live_round,3bd4c34433f6425a9a51794da6b91ced,2026-04-05T03:17:27.465373+00:00,1775359047465373000,174757796186041,1650,,,ETF,2813,40,2816.0,-8.0,49.2719945,
79842,market_research_2026-04-04_22-09-26_live_round,3bd4c34433f6425a9a51794da6b91ced,2026-04-05T03:17:27.612163+00:00,1775359047612163000,174757942974666,1650,,,ETF,2813,20,2816.0,-6.0,49.418783125,
79843,market_research_2026-04-04_22-09-26_live_round,3bd4c34433f6425a9a51794da6b91ced,2026-04-05T03:17:27.612334+00:00,1775359047612334000,174757943147166,1650,,,ETF,2814,80,2816.0,-6.0,49.418955625,
79874,market_research_2026-04-04_22-09-26_live_round,3bd4c34433f6425a9a51794da6b91ced,2026-04-05T03:17:27.976561+00:00,1775359047976561000,174758307374250,1650,,,ETF,2815,40,2821.0,-12.0,49.783182709,
79883,market_research_2026-04-04_22-09-26_live_round,3bd4c34433f6425a9a51794da6b91ced,2026-04-05T03:17:28.069025+00:00,1775359048069025000,174758399837708,1650,,,ETF,2815,60,2820.5,-11.0,49.875646167,
79941,market_research_2026-04-04_22-09-26_live_round,3bd4c34433f6425a9a51794da6b91ced,2026-04-05T03:17:28.671567+00:00,1775359048671567000,174759002381083,1650,,,ETF,2831,40,2831.0,0.0,50.478189542,
80082,market_research_2026-04-04_22-09-26_live_round,3bd4c34433f6425a9a51794da6b91ced,2026-04-05T03:17:30.408483+00:00,1775359050408483000,174760739301875,1650,,,ETF,2833,40,2831.0,-4.0,52.215110334,
80087,market_research_2026-04-04_22-09-26_live_round,3bd4c34433f6425a9a51794da6b91ced,2026-04-05T03:17:30.467123+00:00,1775359050467123000,174760797941916,1650,,,ETF,2832,60,2831.0,-2.0,52.273750375,
80094,market_research_2026-04-04_22-09-26_live_round,3bd4c34433f6425a9a51794da6b91ced,2026-04-05T03:17:30.547755+00:00,1775359050547755000,174760878574500,1650,,,ETF,2831,80,2831.0,0.0,52.354382959,
80270,market_research_2026-04-04_22-09-26_live_round,3bd4c34433f6425a9a51794da6b91ced,2026-04-05T03:17:32.837553+00:00,1775359052837553000,174763168377208,1650,,,ETF,2836,40,2837.5,-3.0,54.644185667,
80285,market_research_2026-04-04_22-09-26_live_round,3bd4c34433f6425a9a51794da6b91ced,2026-04-05T03:17:33.033903+00:00,1775359053033903000,174763364727666,1650,,,ETF,2836,60,2837.0,-2.0,54.840536125,
80290,market_research_2026-04-04_22-09-26_live_round,3bd4c34433f6425a9a51794da6b91ced,2026-04-05T03:17:33.096829+00:00,1775359053096829000,174763427653500,1650,,,ETF,2836,40,2836.5,-1.0,54.903461959,
80291,market_research_2026-04-04_22-09-26_live_round,3bd4c34433f6425a9a51794da6b91ced,2026-04-05T03:17:33.102057+00:00,1775359053102057000,174763432882333,1650,,,ETF,2837,40,2836.5,-1.0,54.908690792,
80396,market_research_2026-04-04_22-09-26_live_round,3bd4c34433f6425a9a51794da6b91ced,2026-04-05T03:17:34.399549+00:00,1775359054399549000,174764730376166,1650,,,ETF,2839,40,2840.0,-2.0,56.206184625,
80413,market_research_2026-04-04_22-09-26_live_round,3bd4c34433f6425a9a51794da6b91ced,2026-04-05T03:17:34.602769+00:00,1775359054602769000,174764933596666,1650,,,ETF,2840,60,2840.0,0.0,56.409405125,
80482,market_research_2026-04-04_22-09-26_live_round,3bd4c34433f6425a9a51794da6b91ced,2026-04-05T03:17:35.404016+00:00,1775359055404016000,174765734846125,1650,,,ETF,2839,40,2837.5,-3.0,57.210654584,
80487,market_research_2026-04-04_22-09-26_live_round,3bd4c34433f6425a9a51794da6b91ced,2026-04-05T03:17:35.452021+00:00,1775359055452021000,174765782851125,1650,,,ETF,2839,40,2838.0,-2.0,57.258659584,
80488,market_research_2026-04-04_22-09-26_live_round,3bd4c34433f6425a9a51794da6b91ced,2026-04-05T03:17:35.452183+00:00,1775359055452183000,174765783012708,1650,,,ETF,2838,20,2838.0,-2.0,57.258821167,
80494,market_research_2026-04-04_22-09-26_live_round,3bd4c34433f6425a9a51794da6b91ced,2026-04-05T03:17:35.503720+00:00,1775359055503720000,174765834550041,1650,,,ETF,2838,80,2838.0,0.0,57.3103585,
80606,market_research_2026-04-04_22-09-26_live_round,3bd4c34433f6425a9a51794da6b91ced,2026-04-05T03:17:36.969554+00:00,1775359056969554000,174767300387041,1650,,,ETF,2839,40,2841.5,-5.0,58.7761955,
80618,market_research_2026-04-04_22-09-26_live_round,3bd4c34433f6425a9a51794da6b91ced,2026-04-05T03:17:37.136782+00:00,1775359057136782000,174767467615541,1650,,,ETF,2839,60,2841.0,-4.0,58.943424,
80624,market_research_2026-04-04_22-09-26_live_round,3bd4c34433f6425a9a51794da6b91ced,2026-04-05T03:17:37.238247+00:00,1775359057238247000,174767569080083,1650,,,ETF,2842,40,2842.0,0.0,59.044888542,
80731,market_research_2026-04-04_22-09-26_live_round,3bd4c34433f6425a9a51794da6b91ced,2026-04-05T03:17:38.841628+00:00,1775359058841628000,174769172465416,1650,,,ETF,2844,40,2848.5,-9.0,60.648273875,
80751,market_research_2026-04-04_22-09-26_live_round,3bd4c34433f6425a9a51794da6b91ced,2026-04-05T03:17:39.133281+00:00,1775359059133281000,174769464118333,1650,,,ETF,2845,60,2848.5,-7.0,60.939926792,
80759,market_research_2026-04-04_22-09-26_live_round,3bd4c34433f6425a9a51794da6b91ced,2026-04-05T03:17:39.257362+00:00,1775359059257362000,174769588200000,1650,,,ETF,2846,80,2848.5,-5.0,61.064008459,
80764,market_research_2026-04-04_22-09-26_live_round,3bd4c34433f6425a9a51794da6b91ced,2026-04-05T03:17:39.339252+00:00,1775359059339252000,174769670090541,1650,,,ETF,2847,100,2848.5,-3.0,61.145899,
80950,market_research_2026-04-04_22-09-26_live_round,3bd4c34433f6425a9a51794da6b91ced,2026-04-05T03:17:42.272282+00:00,1775359062272282000,174772603126875,1725,,,ETF,2858,40,2857.5,-1.0,64.078935334,
81000,market_research_2026-04-04_22-09-26_live_round,3bd4c34433f6425a9a51794da6b91ced,2026-04-05T03:17:43.013658+00:00,1775359063013658000,174773344503916,1725,,,ETF,2858,40,2861.0,-6.0,64.820312375,
81022,market_research_2026-04-04_22-09-26_live_round,3bd4c34433f6425a9a51794da6b91ced,2026-04-05T03:17:43.332393+00:00,1775359063332393000,174773663239166,1725,,,ETF,2858,20,2860.5,-5.0,65.139047625,
81023,market_research_2026-04-04_22-09-26_live_round,3bd4c34433f6425a9a51794da6b91ced,2026-04-05T03:17:43.332595+00:00,1775359063332595000,174773663442083,1725,,,ETF,2859,40,2860.5,-5.0,65.139250542,
81029,market_research_2026-04-04_22-09-26_live_round,3bd4c34433f6425a9a51794da6b91ced,2026-04-05T03:17:43.390700+00:00,1775359063390700000,174773721547166,1725,,,ETF,2859,40,2860.5,-3.0,65.197355625,
81030,market_research_2026-04-04_22-09-26_live_round,3bd4c34433f6425a9a51794da6b91ced,2026-04-05T03:17:43.390878+00:00,1775359063390878000,174773721725375,1725,,,ETF,2860,40,2860.5,-3.0,65.197533834,
81036,market_research_2026-04-04_22-09-26_live_round,3bd4c34433f6425a9a51794da6b91ced,2026-04-05T03:17:43.452848+00:00,1775359063452848000,174773783695250,1725,,,ETF,2860,60,2860.5,-1.0,65.259503709,
81084,market_research_2026-04-04_22-09-26_live_round,3bd4c34433f6425a9a51794da6b91ced,2026-04-05T03:17:44.134421+00:00,1775359064134421000,174774465269625,1725,,,ETF,2861,40,2859.5,-3.0,65.941078084,
81329,market_research_2026-04-04_22-09-26_live_round,3bd4c34433f6425a9a51794da6b91ced,2026-04-05T03:17:47.600067+00:00,1775359067600067000,174777930922416,1725,,,ETF,2853,40,2853.5,-1.0,69.406730875,
81781,market_research_2026-04-04_22-09-26_live_round,3bd4c34433f6425a9a51794da6b91ced,2026-04-05T03:17:54.437424+00:00,1775359074437424000,174784768293958,1725,,,ETF,2858,40,2851.5,-13.0,76.244102417,
81807,market_research_2026-04-04_22-09-26_live_round,3bd4c34433f6425a9a51794da6b91ced,2026-04-05T03:17:54.847086+00:00,1775359074847086000,174785177957083,1725,,,ETF,2857,60,2851.5,-11.0,76.653765542,
81812,market_research_2026-04-04_22-09-26_live_round,3bd4c34433f6425a9a51794da6b91ced,2026-04-05T03:17:54.920681+00:00,1775359074920681000,174785251552541,1725,,,ETF,2856,80,2851.5,-9.0,76.727361,
81817,market_research_2026-04-04_22-09-26_live_round,3bd4c34433f6425a9a51794da6b91ced,2026-04-05T03:17:54.976753+00:00,1775359074976753000,174785307623958,1725,,,ETF,2855,100,2851.5,-7.0,76.783432417,
82426,market_research_2026-04-04_22-09-26_live_round,3bd4c34433f6425a9a51794da6b91ced,2026-04-05T03:18:04.118764+00:00,1775359084118764000,174794449654083,1725,,,ETF,2839,40,2842.0,-6.0,85.925462542,
82437,market_research_2026-04-04_22-09-26_live_round,3bd4c34433f6425a9a51794da6b91ced,2026-04-05T03:18:04.300766+00:00,1775359084300766000,174794631656583,1725,,,ETF,2840,60,2842.0,-4.0,86.107465042,
82456,market_research_2026-04-04_22-09-26_live_round,3bd4c34433f6425a9a51794da6b91ced,2026-04-05T03:18:04.573534+00:00,1775359084573534000,174794904425666,1725,,,ETF,2841,80,2842.0,-2.0,86.380234125,
82461,market_research_2026-04-04_22-09-26_live_round,3bd4c34433f6425a9a51794da6b91ced,2026-04-05T03:18:04.638506+00:00,1775359084638506000,174794969397291,1725,,,ETF,2842,100,2842.0,0.0,86.44520575,
82501,market_research_2026-04-04_22-09-26_live_round,3bd4c34433f6425a9a51794da6b91ced,2026-04-05T03:18:05.198604+00:00,1775359085198604000,174795529497083,1725,,,ETF,2851,40,2852.0,-2.0,87.005305542,
82527,market_research_2026-04-04_22-09-26_live_round,3bd4c34433f6425a9a51794da6b91ced,2026-04-05T03:18:05.632493+00:00,1775359085632493000,174795963386416,1725,,,ETF,2852,60,2852.0,0.0,87.439194875,
82584,market_research_2026-04-04_22-09-26_live_round,3bd4c34433f6425a9a51794da6b91ced,2026-04-05T03:18:06.485506+00:00,1775359086485506000,174796816400708,1725,,,ETF,2851,40,2849.5,-3.0,88.292209167,
82590,market_research_2026-04-04_22-09-26_live_round,3bd4c34433f6425a9a51794da6b91ced,2026-04-05T03:18:06.575083+00:00,1775359086575083000,174796905978333,1725,,,ETF,2851,40,2850.0,-2.0,88.381786792,
82591,market_research_2026-04-04_22-09-26_live_round,3bd4c34433f6425a9a51794da6b91ced,2026-04-05T03:18:06.575333+00:00,1775359086575333000,174796906229375,1725,,,ETF,2850,20,2850.0,-2.0,88.382037834,
82597,market_research_2026-04-04_22-09-26_live_round,3bd4c34433f6425a9a51794da6b91ced,2026-04-05T03:18:06.647926+00:00,1775359086647926000,174796978821750,1725,,,ETF,2850,80,2850.0,0.0,88.454630209,
82638,market_research_2026-04-04_22-09-26_live_round,3bd4c34433f6425a9a51794da6b91ced,2026-04-05T03:18:07.224542+00:00,1775359087224542000,174797555437291,1725,,,ETF,2842,40,2841.5,-1.0,89.03124575,
82962,market_research_2026-04-04_22-09-26_live_round,3bd4c34433f6425a9a51794da6b91ced,2026-04-05T03:18:12.158691+00:00,1775359092158691000,174802489597875,1725,,,ETF,2847,40,2847.0,0.0,93.965406334,
83146,market_research_2026-04-04_22-09-26_live_round,3bd4c34433f6425a9a51794da6b91ced,2026-04-05T03:18:14.922325+00:00,1775359094922325000,174805253238208,1725,,,ETF,2846,40,2847.0,-2.0,96.729046667,
83151,market_research_2026-04-04_22-09-26_live_round,3bd4c34433f6425a9a51794da6b91ced,2026-04-05T03:18:14.994665+00:00,1775359094994665000,174805325578083,1725,,,ETF,2847,60,2847.0,0.0,96.801386542,
83806,market_research_2026-04-04_22-09-26_live_round,3bd4c34433f6425a9a51794da6b91ced,2026-04-05T03:18:24.143331+00:00,1775359104143331000,174814474263166,1725,,,ETF,2837,40,2836.0,-2.0,105.950071625,
83811,market_research_2026-04-04_22-09-26_live_round,3bd4c34433f6425a9a51794da6b91ced,2026-04-05T03:18:24.193825+00:00,1775359104193825000,174814524757083,1725,,,ETF,2836,60,2836.0,0.0,106.000565542,
84009,market_research_2026-04-04_22-09-26_live_round,3bd4c34433f6425a9a51794da6b91ced,2026-04-05T03:18:26.714248+00:00,1775359106714248000,174817045185416,1725,,,ETF,2833,40,2832.5,-1.0,108.520993875,
84014,market_research_2026-04-04_22-09-26_live_round,3bd4c34433f6425a9a51794da6b91ced,2026-04-05T03:18:26.774640+00:00,1775359106774640000,174817105578333,1725,,,ETF,2833,60,2833.0,0.0,108.581386792,
84064,market_research_2026-04-04_22-09-26_live_round,3bd4c34433f6425a9a51794da6b91ced,2026-04-05T03:18:27.369767+00:00,1775359107369767000,174817700705916,1725,,,ETF,2828,40,2827.0,-2.0,109.176514375,
84077,market_research_2026-04-04_22-09-26_live_round,3bd4c34433f6425a9a51794da6b91ced,2026-04-05T03:18:27.540468+00:00,1775359107540468000,174817871407125,1725,,,ETF,2828,60,2827.5,-1.0,109.347215584,
84381,market_research_2026-04-04_22-09-26_live_round,3bd4c34433f6425a9a51794da6b91ced,2026-04-05T03:18:31.328054+00:00,1775359111328054000,174821659001083,1725,,,ETF,2824,40,2820.5,-7.0,113.134809542,
84387,market_research_2026-04-04_22-09-26_live_round,3bd4c34433f6425a9a51794da6b91ced,2026-04-05T03:18:31.403543+00:00,1775359111403543000,174821734490166,1725,,,ETF,2823,60,2820.5,-5.0,113.210298625,
84400,market_research_2026-04-04_22-09-26_live_round,3bd4c34433f6425a9a51794da6b91ced,2026-04-05T03:18:31.562912+00:00,1775359111562912000,174821893860291,1725,,,ETF,2822,80,2820.5,-3.0,113.36966875,
84406,market_research_2026-04-04_22-09-26_live_round,3bd4c34433f6425a9a51794da6b91ced,2026-04-05T03:18:31.634581+00:00,1775359111634581000,174821965529083,1725,,,ETF,2821,100,2820.5,-1.0,113.441337542,
84909,market_research_2026-04-04_22-09-26_live_round,3bd4c34433f6425a9a51794da6b91ced,2026-04-05T03:18:38.050920+00:00,1775359118050920000,174828381881583,1725,,,ETF,2822,40,2822.0,0.0,119.857690042,
84976,market_research_2026-04-04_22-09-26_live_round,3bd4c34433f6425a9a51794da6b91ced,2026-04-05T03:18:38.740000+00:00,1775359118740000000,174829070963541,1725,,,ETF,2819,40,2819.0,0.0,120.546772,
85108,market_research_2026-04-04_22-09-26_live_round,3bd4c34433f6425a9a51794da6b91ced,2026-04-05T03:18:40.328469+00:00,1775359120328469000,174830659435166,1725,,,ETF,2821,40,2821.0,0.0,122.135243625,
85169,market_research_2026-04-04_22-09-26_live_round,3bd4c34433f6425a9a51794da6b91ced,2026-04-05T03:18:41.054412+00:00,1775359121054412000,174831385379583,1725,,,ETF,2824,40,2824.0,0.0,122.861188042,
85236,market_research_2026-04-04_22-09-26_live_round,3bd4c34433f6425a9a51794da6b91ced,2026-04-05T03:18:41.872891+00:00,1775359121872891000,174832203861125,1725,,,ETF,2830,40,2831.0,-2.0,123.679669584,
85256,market_research_2026-04-04_22-09-26_live_round,3bd4c34433f6425a9a51794da6b91ced,2026-04-05T03:18:42.129477+00:00,1775359122129477000,174832460447291,1725,,,ETF,2830,60,2830.5,-1.0,123.93625575,
85261,market_research_2026-04-04_22-09-26_live_round,3bd4c34433f6425a9a51794da6b91ced,2026-04-05T03:18:42.173975+00:00,1775359122173975000,174832504944750,1725,,,ETF,2830,40,2830.0,0.0,123.980753209,
85435,market_research_2026-04-04_22-09-26_live_round,3bd4c34433f6425a9a51794da6b91ced,2026-04-05T03:18:44.432645+00:00,1775359124432645000,174834763620291,1725,,,ETF,2831,40,2830.5,-1.0,126.23942875,
85501,market_research_2026-04-04_22-09-26_live_round,3bd4c34433f6425a9a51794da6b91ced,2026-04-05T03:18:45.283286+00:00,1775359125283286000,174835614262958,1725,,,ETF,2831,40,2831.0,0.0,127.090071417,
85562,market_research_2026-04-04_22-09-26_live_round,3bd4c34433f6425a9a51794da6b91ced,2026-04-05T03:18:45.990260+00:00,1775359125990260000,174836321237666,1725,,,ETF,2833,40,2834.5,-3.0,127.797046125,
85585,market_research_2026-04-04_22-09-26_live_round,3bd4c34433f6425a9a51794da6b91ced,2026-04-05T03:18:46.264624+00:00,1775359126264624000,174836595602666,1725,,,ETF,2833,60,2834.0,-2.0,128.071411125,
85765,market_research_2026-04-04_22-09-26_live_round,3bd4c34433f6425a9a51794da6b91ced,2026-04-05T03:18:48.457701+00:00,1775359128457701000,174838788684250,1725,,,ETF,2839,40,2842.0,-6.0,130.264492709,
85774,market_research_2026-04-04_22-09-26_live_round,3bd4c34433f6425a9a51794da6b91ced,2026-04-05T03:18:48.549244+00:00,1775359128549244000,174838880227083,1725,,,ETF,2840,60,2842.0,-4.0,130.356035542,
85783,market_research_2026-04-04_22-09-26_live_round,3bd4c34433f6425a9a51794da6b91ced,2026-04-05T03:18:48.654143+00:00,1775359128654143000,174838985127125,1725,,,ETF,2841,80,2842.0,-2.0,130.460935584,
85788,market_research_2026-04-04_22-09-26_live_round,3bd4c34433f6425a9a51794da6b91ced,2026-04-05T03:18:48.699410+00:00,1775359128699410000,174839030393250,1725,,,ETF,2841,20,2841.5,-1.0,130.506201709,
85789,market_research_2026-04-04_22-09-26_live_round,3bd4c34433f6425a9a51794da6b91ced,2026-04-05T03:18:48.699577+00:00,1775359128699577000,174839030561083,1725,,,ETF,2841,80,2841.5,-1.0,130.506369542,
86144,market_research_2026-04-04_22-09-26_live_round,3bd4c34433f6425a9a51794da6b91ced,2026-04-05T03:18:53.263873+00:00,1775359133263873000,174843594865875,1725,,,ETF,2844,40,2844.0,0.0,135.070674334,
86231,market_research_2026-04-04_22-09-26_live_round,3bd4c34433f6425a9a51794da6b91ced,2026-04-05T03:18:54.371147+00:00,1775359134371147000,174844702141958,1725,,,ETF,2846,40,2843.0,-6.0,136.177950417,
86239,market_research_2026-04-04_22-09-26_live_round,3bd4c34433f6425a9a51794da6b91ced,2026-04-05T03:18:54.459038+00:00,1775359134459038000,174844790034166,1725,,,ETF,2845,60,2843.0,-4.0,136.265842625,
86244,market_research_2026-04-04_22-09-26_live_round,3bd4c34433f6425a9a51794da6b91ced,2026-04-05T03:18:54.515977+00:00,1775359134515977000,174844846973416,1725,,,ETF,2844,80,2843.0,-2.0,136.322781875,
86249,market_research_2026-04-04_22-09-26_live_round,3bd4c34433f6425a9a51794da6b91ced,2026-04-05T03:18:54.558128+00:00,1775359134558128000,174844889124291,1725,,,ETF,2843,100,2843.0,0.0,136.36493275,
86355,market_research_2026-04-04_22-09-26_live_round,3bd4c34433f6425a9a51794da6b91ced,2026-04-05T03:18:55.765987+00:00,1775359135765987000,174846096985250,1725,,,ETF,2850,40,2850.5,-1.0,137.572793709,
86430,market_research_2026-04-04_22-09-26_live_round,3bd4c34433f6425a9a51794da6b91ced,2026-04-05T03:18:56.668581+00:00,1775359136668581000,174846999580958,1725,,,ETF,2850,40,2849.0,-2.0,138.475389417,
86435,market_research_2026-04-04_22-09-26_live_round,3bd4c34433f6425a9a51794da6b91ced,2026-04-05T03:18:56.706002+00:00,1775359136706002000,174847037002250,1725,,,ETF,2850,20,2849.5,-1.0,138.512810709,
86436,market_research_2026-04-04_22-09-26_live_round,3bd4c34433f6425a9a51794da6b91ced,2026-04-05T03:18:56.706154+00:00,1775359136706154000,174847037155333,1725,,,ETF,2849,40,2849.5,-1.0,138.512963792,
86490,market_research_2026-04-04_22-09-26_live_round,3bd4c34433f6425a9a51794da6b91ced,2026-04-05T03:18:57.356285+00:00,1775359137356285000,174847687286458,1725,,,ETF,2848,40,2847.5,-1.0,139.163094917,
86504,market_research_2026-04-04_22-09-26_live_round,3bd4c34433f6425a9a51794da6b91ced,2026-04-05T03:18:57.526694+00:00,1775359137526694000,174847857696583,1725,,,ETF,2848,60,2848.0,0.0,139.333505042,
86803,market_research_2026-04-04_22-09-26_live_round,3bd4c34433f6425a9a51794da6b91ced,2026-04-05T03:19:01.375987+00:00,1775359141375987000,174851706996916,1725,,,ETF,2856,40,2856.0,0.0,143.182805375,
86884,market_research_2026-04-04_22-09-26_live_round,3bd4c34433f6425a9a51794da6b91ced,2026-04-05T03:19:02.367315+00:00,1775359142367315000,174852698326583,1725,,,ETF,2855,40,2854.0,-2.0,144.174135042,
86894,market_research_2026-04-04_22-09-26_live_round,3bd4c34433f6425a9a51794da6b91ced,2026-04-05T03:19:02.485153+00:00,1775359142485153000,174852816165333,1725,,,ETF,2855,20,2854.5,-1.0,144.291973792,
86895,market_research_2026-04-04_22-09-26_live_round,3bd4c34433f6425a9a51794da6b91ced,2026-04-05T03:19:02.485323+00:00,1775359142485323000,174852816336166,1725,,,ETF,2854,40,2854.5,-1.0,144.292144625,
87001,market_research_2026-04-04_22-09-26_live_round,3bd4c34433f6425a9a51794da6b91ced,2026-04-05T03:19:03.716277+00:00,1775359143716277000,174854047291458,1725,,,ETF,2856,40,2858.5,-5.0,145.523099917,
87012,market_research_2026-04-04_22-09-26_live_round,3bd4c34433f6425a9a51794da6b91ced,2026-04-05T03:19:03.850412+00:00,1775359143850412000,174854181427666,1725,,,ETF,2856,60,2858.0,-4.0,145.657236125,
87026,market_research_2026-04-04_22-09-26_live_round,3bd4c34433f6425a9a51794da6b91ced,2026-04-05T03:19:03.996361+00:00,1775359143996361000,174854327376708,1725,,,ETF,2859,40,2859.0,0.0,145.803185167,
87527,market_research_2026-04-04_22-09-26_live_round,3bd4c34433f6425a9a51794da6b91ced,2026-04-05T03:19:10.648179+00:00,1775359150648179000,174860979207750,1725,,,ETF,2844,40,2840.5,-7.0,152.455016209,
87539,market_research_2026-04-04_22-09-26_live_round,3bd4c34433f6425a9a51794da6b91ced,2026-04-05T03:19:10.792925+00:00,1775359150792925000,174861123954875,1725,,,ETF,2843,60,2840.5,-5.0,152.599763334,
87547,market_research_2026-04-04_22-09-26_live_round,3bd4c34433f6425a9a51794da6b91ced,2026-04-05T03:19:10.877816+00:00,1775359150877816000,174861208845875,1725,,,ETF,2842,80,2840.5,-3.0,152.684654334,
87552,market_research_2026-04-04_22-09-26_live_round,3bd4c34433f6425a9a51794da6b91ced,2026-04-05T03:19:10.939439+00:00,1775359150939439000,174861270468833,1725,,,ETF,2841,100,2840.5,-1.0,152.746277292,
87780,market_research_2026-04-04_22-09-26_live_round,3bd4c34433f6425a9a51794da6b91ced,2026-04-05T03:19:14.298342+00:00,1775359154298342000,174864629379625,1725,,,ETF,2828,40,2830.0,-4.0,156.105188084,
87787,market_research_2026-04-04_22-09-26_live_round,3bd4c34433f6425a9a51794da6b91ced,2026-04-05T03:19:14.368372+00:00,1775359154368372000,174864699409041,1725,,,ETF,2829,60,2830.0,-2.0,156.1752175,
87807,market_research_2026-04-04_22-09-26_live_round,3bd4c34433f6425a9a51794da6b91ced,2026-04-05T03:19:14.663145+00:00,1775359154663145000,174864994182083,1725,,,ETF,2830,80,2830.0,0.0,156.469990542,
87857,market_research_2026-04-04_22-09-26_live_round,3bd4c34433f6425a9a51794da6b91ced,2026-04-05T03:19:15.208810+00:00,1775359155208810000,174865539849625,1725,,,ETF,2829,40,2829.0,0.0,157.015658084,
87930,market_research_2026-04-04_22-09-26_live_round,3bd4c34433f6425a9a51794da6b91ced,2026-04-05T03:19:16.111011+00:00,1775359156111011000,174866442051625,1725,,,ETF,2829,40,2828.5,-1.0,157.917860084,
87941,market_research_2026-04-04_22-09-26_live_round,3bd4c34433f6425a9a51794da6b91ced,2026-04-05T03:19:16.256501+00:00,1775359156256501000,174866587541916,1725,,,ETF,2829,20,2829.0,0.0,158.063350375,
88049,market_research_2026-04-04_22-09-26_live_round,3bd4c34433f6425a9a51794da6b91ced,2026-04-05T03:19:17.343157+00:00,1775359157343157000,174867674200333,1725,,,ETF,2827,40,2827.0,0.0,159.150008792,
88117,market_research_2026-04-04_22-09-26_live_round,3bd4c34433f6425a9a51794da6b91ced,2026-04-05T03:19:18.061031+00:00,1775359158061031000,174868392075916,1725,,,ETF,2830,40,2830.5,-1.0,159.867884375,
88136,market_research_2026-04-04_22-09-26_live_round,3bd4c34433f6425a9a51794da6b91ced,2026-04-05T03:19:18.260248+00:00,1775359158260248000,174868591293750,1725,,,ETF,2830,60,2830.0,0.0,160.067102209,
88251,market_research_2026-04-04_22-09-26_live_round,3bd4c34433f6425a9a51794da6b91ced,2026-04-05T03:19:19.438113+00:00,1775359159438113000,174869769161416,1725,,,ETF,2838,40,2838.5,-1.0,161.244969875,
88311,market_research_2026-04-04_22-09-26_live_round,3bd4c34433f6425a9a51794da6b91ced,2026-04-05T03:19:20.059906+00:00,1775359160059906000,174870390955875,1725,,,ETF,2841,40,2843.0,-4.0,161.866764334,
88318,market_research_2026-04-04_22-09-26_live_round,3bd4c34433f6425a9a51794da6b91ced,2026-04-05T03:19:20.147705+00:00,1775359160147705000,174870478754125,1725,,,ETF,2841,60,2842.5,-3.0,161.954562584,
88387,market_research_2026-04-04_22-09-26_live_round,3bd4c34433f6425a9a51794da6b91ced,2026-04-05T03:19:20.919380+00:00,1775359160919380000,174871250431166,1725,,,ETF,2848,40,2851.5,-7.0,162.726239625,
88403,market_research_2026-04-04_22-09-26_live_round,3bd4c34433f6425a9a51794da6b91ced,2026-04-05T03:19:21.075525+00:00,1775359161075525000,174871406576541,1725,,,ETF,2848,60,2851.0,-6.0,162.882385,
88408,market_research_2026-04-04_22-09-26_live_round,3bd4c34433f6425a9a51794da6b91ced,2026-04-05T03:19:21.111001+00:00,1775359161111001000,174871442052208,1725,,,ETF,2851,40,2852.0,-2.0,162.917860667,
88409,market_research_2026-04-04_22-09-26_live_round,3bd4c34433f6425a9a51794da6b91ced,2026-04-05T03:19:21.111121+00:00,1775359161111121000,174871442172666,1725,,,ETF,2852,40,2852.0,-2.0,162.917981125,
88415,market_research_2026-04-04_22-09-26_live_round,3bd4c34433f6425a9a51794da6b91ced,2026-04-05T03:19:21.159597+00:00,1775359161159597000,174871490648208,1725,,,ETF,2852,20,2852.0,0.0,162.966456667,
88452,market_research_2026-04-04_22-09-26_live_round,3bd4c34433f6425a9a51794da6b91ced,2026-04-05T03:19:21.570173+00:00,1775359161570173000,174871901225750,1725,,,ETF,2854,40,2854.5,-1.0,163.377034209,
88459,market_research_2026-04-04_22-09-26_live_round,3bd4c34433f6425a9a51794da6b91ced,2026-04-05T03:19:21.661228+00:00,1775359161661228000,174871992280083,1725,,,ETF,2854,60,2854.0,0.0,163.468088542,
88600,market_research_2026-04-04_22-09-26_live_round,3bd4c34433f6425a9a51794da6b91ced,2026-04-05T03:19:23.994018+00:00,1775359163994018000,174874325074583,1725,,,ETF,2852,40,2850.5,-3.0,165.800883042,
88605,market_research_2026-04-04_22-09-26_live_round,3bd4c34433f6425a9a51794da6b91ced,2026-04-05T03:19:24.051908+00:00,1775359164051908000,174874382965250,1725,,,ETF,2852,60,2851.0,-2.0,165.858773709,
88610,market_research_2026-04-04_22-09-26_live_round,3bd4c34433f6425a9a51794da6b91ced,2026-04-05T03:19:24.101121+00:00,1775359164101121000,174874432178750,1725,,,ETF,2851,40,2851.0,0.0,165.907987209,
88678,market_research_2026-04-04_22-09-26_live_round,3bd4c34433f6425a9a51794da6b91ced,2026-04-05T03:19:25.077439+00:00,1775359165077439000,174875408498166,1725,,,ETF,2848,40,2847.5,-1.0,166.884306625,
88683,market_research_2026-04-04_22-09-26_live_round,3bd4c34433f6425a9a51794da6b91ced,2026-04-05T03:19:25.117848+00:00,1775359165117848000,174875448907791,1725,,,ETF,2848,60,2848.0,0.0,166.92471625,
88734,market_research_2026-04-04_22-09-26_live_round,3bd4c34433f6425a9a51794da6b91ced,2026-04-05T03:19:25.862112+00:00,1775359165862112000,174876193173416,1725,,,ETF,2849,40,2849.0,0.0,167.668981875,
88981,market_research_2026-04-04_22-09-26_live_round,3bd4c34433f6425a9a51794da6b91ced,2026-04-05T03:19:28.994904+00:00,1775359168994904000,174879325972208,1725,,,ETF,2847,40,2848.5,-3.0,170.801780667,
89005,market_research_2026-04-04_22-09-26_live_round,3bd4c34433f6425a9a51794da6b91ced,2026-04-05T03:19:29.311958+00:00,1775359169311958000,174879643026875,1725,,,ETF,2848,60,2848.5,-1.0,171.118835334,
89059,market_research_2026-04-04_22-09-26_live_round,3bd4c34433f6425a9a51794da6b91ced,2026-04-05T03:19:29.913917+00:00,1775359169913917000,174880244987083,1850,,,ETF,2850,40,2852.5,-5.0,171.720795542,
89071,market_research_2026-04-04_22-09-26_live_round,3bd4c34433f6425a9a51794da6b91ced,2026-04-05T03:19:30.061115+00:00,1775359170061115000,174880392185125,1850,,,ETF,2850,60,2852.0,-4.0,171.867993584,
89178,market_research_2026-04-04_22-09-26_live_round,3bd4c34433f6425a9a51794da6b91ced,2026-04-05T03:19:31.325783+00:00,1775359171325783000,174881656854958,1850,,,ETF,2861,40,2861.5,-1.0,173.132663417,
89320,market_research_2026-04-04_22-09-26_live_round,3bd4c34433f6425a9a51794da6b91ced,2026-04-05T03:19:33.389898+00:00,1775359173389898000,174883720974958,1850,,,ETF,2859,40,2858.5,-1.0,175.196783417,
89331,market_research_2026-04-04_22-09-26_live_round,3bd4c34433f6425a9a51794da6b91ced,2026-04-05T03:19:33.542473+00:00,1775359173542473000,174883873550333,1850,,,ETF,2859,60,2859.0,0.0,175.349358792,
89458,market_research_2026-04-04_22-09-26_live_round,3bd4c34433f6425a9a51794da6b91ced,2026-04-05T03:19:35.614674+00:00,1775359175614674000,174885945755333,1850,,,ETF,2855,40,2855.0,0.0,177.421563792,
89524,market_research_2026-04-04_22-09-26_live_round,3bd4c34433f6425a9a51794da6b91ced,2026-04-05T03:19:36.463350+00:00,1775359176463350000,174886794433333,1850,,,ETF,2852,40,2848.0,-8.0,178.270241792,
89535,market_research_2026-04-04_22-09-26_live_round,3bd4c34433f6425a9a51794da6b91ced,2026-04-05T03:19:36.584173+00:00,1775359176584173000,174886915256791,1850,,,ETF,2852,60,2848.5,-7.0,178.39106525,
89540,market_research_2026-04-04_22-09-26_live_round,3bd4c34433f6425a9a51794da6b91ced,2026-04-05T03:19:36.628449+00:00,1775359176628449000,174886959532041,1850,,,ETF,2849,40,2847.5,-3.0,178.4353405,
89541,market_research_2026-04-04_22-09-26_live_round,3bd4c34433f6425a9a51794da6b91ced,2026-04-05T03:19:36.628612+00:00,1775359176628612000,174886959695708,1850,,,ETF,2848,40,2847.5,-3.0,178.435504167,
89547,market_research_2026-04-04_22-09-26_live_round,3bd4c34433f6425a9a51794da6b91ced,2026-04-05T03:19:36.700838+00:00,1775359176700838000,174887031921291,1850,,,ETF,2848,20,2847.5,-1.0,178.50772975,
89548,market_research_2026-04-04_22-09-26_live_round,3bd4c34433f6425a9a51794da6b91ced,2026-04-05T03:19:36.701147+00:00,1775359176701147000,174887032231166,1850,,,ETF,2847,80,2847.5,-1.0,178.508039625,
89597,market_research_2026-04-04_22-09-26_live_round,3bd4c34433f6425a9a51794da6b91ced,2026-04-05T03:19:37.324285+00:00,1775359177324285000,174887655370041,1850,,,ETF,2846,40,2844.0,-4.0,179.1311785,
89611,market_research_2026-04-04_22-09-26_live_round,3bd4c34433f6425a9a51794da6b91ced,2026-04-05T03:19:37.504441+00:00,1775359177504441000,174887835526291,1850,,,ETF,2846,60,2844.5,-3.0,179.31133475,
89843,market_research_2026-04-04_22-09-26_live_round,3bd4c34433f6425a9a51794da6b91ced,2026-04-05T03:19:40.489202+00:00,1775359180489202000,174890820293458,1850,,,ETF,2847,40,2849.0,-4.0,182.296101917,
89849,market_research_2026-04-04_22-09-26_live_round,3bd4c34433f6425a9a51794da6b91ced,2026-04-05T03:19:40.559473+00:00,1775359180559473000,174890890563791,1850,,,ETF,2847,60,2848.5,-3.0,182.36637225,
89871,market_research_2026-04-04_22-09-26_live_round,3bd4c34433f6425a9a51794da6b91ced,2026-04-05T03:19:40.874860+00:00,1775359180874860000,174891205952375,1850,,,ETF,2849,40,2849.0,0.0,182.681760834,
89980,market_research_2026-04-04_22-09-26_live_round,3bd4c34433f6425a9a51794da6b91ced,2026-04-05T03:19:43.922946+00:00,1775359183922946000,174894254045041,1850,,,ETF,2851,40,2850.5,-1.0,185.7298535,
90169,market_research_2026-04-04_22-09-26_live_round,3bd4c34433f6425a9a51794da6b91ced,2026-04-05T03:19:46.302019+00:00,1775359186302019000,174896633122291,1850,,,ETF,2853,40,2854.0,-2.0,188.10893075,
90182,market_research_2026-04-04_22-09-26_live_round,3bd4c34433f6425a9a51794da6b91ced,2026-04-05T03:19:46.424430+00:00,1775359186424430000,174896755533833,1850,,,ETF,2854,60,2854.0,0.0,188.231342292,
90239,market_research_2026-04-04_22-09-26_live_round,3bd4c34433f6425a9a51794da6b91ced,2026-04-05T03:19:46.958711+00:00,1775359186958711000,174897289815875,1850,,,ETF,2853,40,2853.0,0.0,188.765624334,
90306,market_research_2026-04-04_22-09-26_live_round,3bd4c34433f6425a9a51794da6b91ced,2026-04-05T03:19:47.638383+00:00,1775359187638383000,174897969489625,1850,,,ETF,2854,40,2855.5,-3.0,189.445298084,
90311,market_research_2026-04-04_22-09-26_live_round,3bd4c34433f6425a9a51794da6b91ced,2026-04-05T03:19:47.687277+00:00,1775359187687277000,174898018383791,1850,,,ETF,2854,20,2855.0,-2.0,189.49419225,
90312,market_research_2026-04-04_22-09-26_live_round,3bd4c34433f6425a9a51794da6b91ced,2026-04-05T03:19:47.687437+00:00,1775359187687437000,174898018544458,1850,,,ETF,2855,40,2855.0,-2.0,189.494352917,
90320,market_research_2026-04-04_22-09-26_live_round,3bd4c34433f6425a9a51794da6b91ced,2026-04-05T03:19:47.767380+00:00,1775359187767380000,174898098486083,1850,,,ETF,2855,40,2855.0,0.0,189.574294542,
90446,market_research_2026-04-04_22-09-26_live_round,3bd4c34433f6425a9a51794da6b91ced,2026-04-05T03:19:49.108335+00:00,1775359189108335000,174899439444791,1850,,,ETF,2854,40,2853.5,-1.0,190.91525325,
90465,market_research_2026-04-04_22-09-26_live_round,3bd4c34433f6425a9a51794da6b91ced,2026-04-05T03:19:49.343216+00:00,1775359189343216000,174899674326666,1850,,,ETF,2854,60,2854.0,0.0,191.150135125,
90520,market_research_2026-04-04_22-09-26_live_round,3bd4c34433f6425a9a51794da6b91ced,2026-04-05T03:19:50.059712+00:00,1775359190059712000,174900390823541,1850,,,ETF,2849,40,2849.0,0.0,191.866632,
90704,market_research_2026-04-04_22-09-26_live_round,3bd4c34433f6425a9a51794da6b91ced,2026-04-05T03:19:52.868990+00:00,1775359192868990000,174903200107583,1850,,,ETF,2844,40,2844.0,0.0,194.675916042,
90829,market_research_2026-04-04_22-09-26_live_round,3bd4c34433f6425a9a51794da6b91ced,2026-04-05T03:19:54.703041+00:00,1775359194703041000,174905034161875,1850,,,ETF,2840,40,2845.0,-10.0,196.509970334,
90838,market_research_2026-04-04_22-09-26_live_round,3bd4c34433f6425a9a51794da6b91ced,2026-04-05T03:19:54.800343+00:00,1775359194800343000,174905131464916,1850,,,ETF,2841,60,2845.0,-8.0,196.607273375,
90843,market_research_2026-04-04_22-09-26_live_round,3bd4c34433f6425a9a51794da6b91ced,2026-04-05T03:19:54.850607+00:00,1775359194850607000,174905181728000,1850,,,ETF,2842,80,2845.0,-6.0,196.657536459,
90851,market_research_2026-04-04_22-09-26_live_round,3bd4c34433f6425a9a51794da6b91ced,2026-04-05T03:19:54.945435+00:00,1775359194945435000,174905276556166,1850,,,ETF,2843,100,2845.0,-4.0,196.752364625,
91026,market_research_2026-04-04_22-09-26_live_round,3bd4c34433f6425a9a51794da6b91ced,2026-04-05T03:19:57.165744+00:00,1775359197165744000,174907496870208,1850,,,ETF,2849,40,2848.0,-2.0,198.972678667,
91027,market_research_2026-04-04_22-09-26_live_round,3bd4c34433f6425a9a51794da6b91ced,2026-04-05T03:19:57.165911+00:00,1775359197165911000,174907497037958,1850,,,ETF,2848,60,2848.0,-2.0,198.972846417,
91028,market_research_2026-04-04_22-09-26_live_round,3bd4c34433f6425a9a51794da6b91ced,2026-04-05T03:19:57.166023+00:00,1775359197166023000,174907497150125,1850,,,ETF,2848,100,2848.0,-2.0,198.972958584,
91107,market_research_2026-04-04_22-09-26_live_round,3bd4c34433f6425a9a51794da6b91ced,2026-04-05T03:19:58.145441+00:00,1775359198145441000,174908476569708,1850,,,ETF,2849,40,2849.0,0.0,199.952378167,
91160,market_research_2026-04-04_22-09-26_live_round,3bd4c34433f6425a9a51794da6b91ced,2026-04-05T03:19:58.750019+00:00,1775359198750019000,174909081148625,1850,,,ETF,2850,40,2851.0,-2.0,200.556957084,
91167,market_research_2026-04-04_22-09-26_live_round,3bd4c34433f6425a9a51794da6b91ced,2026-04-05T03:19:58.856903+00:00,1775359198856903000,174909188032208,1850,,,ETF,2850,20,2850.5,-1.0,200.663840667,
91168,market_research_2026-04-04_22-09-26_live_round,3bd4c34433f6425a9a51794da6b91ced,2026-04-05T03:19:58.857128+00:00,1775359198857128000,174909188257833,1850,,,ETF,2851,40,2850.5,-1.0,200.664066292,
91230,market_research_2026-04-04_22-09-26_live_round,3bd4c34433f6425a9a51794da6b91ced,2026-04-05T03:19:59.661173+00:00,1775359199661173000,174909992304333,1850,,,ETF,2850,80,2848.0,-4.0,201.468112792,
91231,market_research_2026-04-04_22-09-26_live_round,3bd4c34433f6425a9a51794da6b91ced,2026-04-05T03:19:59.664582+00:00,1775359199664582000,174909995713458,1850,,,ETF,2849,100,2848.0,-4.0,201.471521917,
91311,market_research_2026-04-04_22-09-26_live_round,3bd4c34433f6425a9a51794da6b91ced,2026-04-05T03:20:00.720913+00:00,1775359200720913000,174911052046208,1850,,,ETF,2848,40,2844.0,-8.0,202.527854667,
91325,market_research_2026-04-04_22-09-26_live_round,3bd4c34433f6425a9a51794da6b91ced,2026-04-05T03:20:00.905037+00:00,1775359200905037000,174911236171375,1850,,,ETF,2847,60,2844.0,-6.0,202.711979834,
91331,market_research_2026-04-04_22-09-26_live_round,3bd4c34433f6425a9a51794da6b91ced,2026-04-05T03:20:00.971917+00:00,1775359200971917000,174911303051708,1850,,,ETF,2846,80,2844.0,-4.0,202.778860167,
91336,market_research_2026-04-04_22-09-26_live_round,3bd4c34433f6425a9a51794da6b91ced,2026-04-05T03:20:01.028941+00:00,1775359201028941000,174911360075708,1850,,,ETF,2845,100,2844.0,-2.0,202.835884167,
91494,market_research_2026-04-04_22-09-26_live_round,3bd4c34433f6425a9a51794da6b91ced,2026-04-05T03:20:03.113107+00:00,1775359203113107000,174913444245708,1850,,,ETF,2843,40,2844.0,-2.0,204.920054167,
91500,market_research_2026-04-04_22-09-26_live_round,3bd4c34433f6425a9a51794da6b91ced,2026-04-05T03:20:03.181558+00:00,1775359203181558000,174913512696166,1850,,,ETF,2844,60,2844.0,0.0,204.988504625,
91705,market_research_2026-04-04_22-09-26_live_round,3bd4c34433f6425a9a51794da6b91ced,2026-04-05T03:20:05.898107+00:00,1775359205898107000,174916229251708,1850,,,ETF,2842,40,2842.0,0.0,207.705060167,
91771,market_research_2026-04-04_22-09-26_live_round,3bd4c34433f6425a9a51794da6b91ced,2026-04-05T03:20:06.703184+00:00,1775359206703184000,174917034329750,1850,,,ETF,2843,40,2847.0,-8.0,208.510138209,
91786,market_research_2026-04-04_22-09-26_live_round,3bd4c34433f6425a9a51794da6b91ced,2026-04-05T03:20:06.864632+00:00,1775359206864632000,174917195778875,1850,,,ETF,2843,20,2846.5,-7.0,208.671587334,
91787,market_research_2026-04-04_22-09-26_live_round,3bd4c34433f6425a9a51794da6b91ced,2026-04-05T03:20:06.864794+00:00,1775359206864794000,174917195940875,1850,,,ETF,2844,40,2846.5,-7.0,208.671749334,
91797,market_research_2026-04-04_22-09-26_live_round,3bd4c34433f6425a9a51794da6b91ced,2026-04-05T03:20:06.967197+00:00,1775359206967197000,174917298343666,1850,,,ETF,2844,40,2846.5,-5.0,208.774152125,
91798,market_research_2026-04-04_22-09-26_live_round,3bd4c34433f6425a9a51794da6b91ced,2026-04-05T03:20:06.967349+00:00,1775359206967349000,174917298496250,1850,,,ETF,2845,40,2846.5,-5.0,208.774304709,
91804,market_research_2026-04-04_22-09-26_live_round,3bd4c34433f6425a9a51794da6b91ced,2026-04-05T03:20:07.032698+00:00,1775359207032698000,174917363845416,1850,,,ETF,2845,60,2846.5,-3.0,208.839653875,
91908,market_research_2026-04-04_22-09-26_live_round,3bd4c34433f6425a9a51794da6b91ced,2026-04-05T03:20:08.350258+00:00,1775359208350258000,174918681407541,1850,,,ETF,2859,40,2861.0,-4.0,210.157216,
91915,market_research_2026-04-04_22-09-26_live_round,3bd4c34433f6425a9a51794da6b91ced,2026-04-05T03:20:08.419084+00:00,1775359208419084000,174918750233750,1850,,,ETF,2860,60,2861.0,-2.0,210.226042209,
91923,market_research_2026-04-04_22-09-26_live_round,3bd4c34433f6425a9a51794da6b91ced,2026-04-05T03:20:08.516028+00:00,1775359208516028000,174918847177583,1850,,,ETF,2860,40,2860.5,-1.0,210.322986042,
91924,market_research_2026-04-04_22-09-26_live_round,3bd4c34433f6425a9a51794da6b91ced,2026-04-05T03:20:08.520252+00:00,1775359208520252000,174918851402541,1850,,,ETF,2860,40,2860.5,-1.0,210.327211,
91933,market_research_2026-04-04_22-09-26_live_round,3bd4c34433f6425a9a51794da6b91ced,2026-04-05T03:20:08.610875+00:00,1775359208610875000,174918942025666,1850,,,ETF,2860,20,2860.0,0.0,210.417834125,
91981,market_research_2026-04-04_22-09-26_live_round,3bd4c34433f6425a9a51794da6b91ced,2026-04-05T03:20:09.207896+00:00,1775359209207896000,174919539046875,1850,,,ETF,2860,40,2858.5,-3.0,211.014855334,
91986,market_research_2026-04-04_22-09-26_live_round,3bd4c34433f6425a9a51794da6b91ced,2026-04-05T03:20:09.275786+00:00,1775359209275786000,174919606935708,1850,,,ETF,2860,40,2859.0,-2.0,211.082744167,
92114,market_research_2026-04-04_22-09-26_live_round,3bd4c34433f6425a9a51794da6b91ced,2026-04-05T03:20:10.786461+00:00,1775359210786461000,174921117615291,1850,,,ETF,2854,40,2858.0,-8.0,212.59342375,
92125,market_research_2026-04-04_22-09-26_live_round,3bd4c34433f6425a9a51794da6b91ced,2026-04-05T03:20:10.943339+00:00,1775359210943339000,174921274494125,1850,,,ETF,2855,60,2858.0,-6.0,212.750302584,
92135,market_research_2026-04-04_22-09-26_live_round,3bd4c34433f6425a9a51794da6b91ced,2026-04-05T03:20:11.087705+00:00,1775359211087705000,174921418860500,1850,,,ETF,2856,80,2858.0,-4.0,212.894668959,
92140,market_research_2026-04-04_22-09-26_live_round,3bd4c34433f6425a9a51794da6b91ced,2026-04-05T03:20:11.151444+00:00,1775359211151444000,174921482599791,1850,,,ETF,2857,100,2858.0,-2.0,212.95840825,
92188,market_research_2026-04-04_22-09-26_live_round,3bd4c34433f6425a9a51794da6b91ced,2026-04-05T03:20:11.776886+00:00,1775359211776886000,174922108042791,1850,,,ETF,2868,40,2869.0,-2.0,213.58385125,
92198,market_research_2026-04-04_22-09-26_live_round,3bd4c34433f6425a9a51794da6b91ced,2026-04-05T03:20:11.907848+00:00,1775359211907848000,174922239004500,1850,,,ETF,2869,60,2869.0,0.0,213.714812959,
92310,market_research_2026-04-04_22-09-26_live_round,3bd4c34433f6425a9a51794da6b91ced,2026-04-05T03:20:13.272056+00:00,1775359213272056000,174923603215458,1850,,,ETF,2867,40,2863.5,-7.0,215.079023917,
92329,market_research_2026-04-04_22-09-26_live_round,3bd4c34433f6425a9a51794da6b91ced,2026-04-05T03:20:13.496264+00:00,1775359213496264000,174923827424750,1850,,,ETF,2867,60,2864.0,-6.0,215.303233209,
92334,market_research_2026-04-04_22-09-26_live_round,3bd4c34433f6425a9a51794da6b91ced,2026-04-05T03:20:13.530486+00:00,1775359213530486000,174923861646916,1850,,,ETF,2863,40,2862.5,-1.0,215.337455375,
92335,market_research_2026-04-04_22-09-26_live_round,3bd4c34433f6425a9a51794da6b91ced,2026-04-05T03:20:13.533865+00:00,1775359213533865000,174923865025791,1850,,,ETF,2862,40,2862.5,-1.0,215.34083425,
92391,market_research_2026-04-04_22-09-26_live_round,3bd4c34433f6425a9a51794da6b91ced,2026-04-05T03:20:14.202375+00:00,1775359214202375000,174924533537208,1900,,,ETF,2860,40,2858.0,-4.0,216.009345667,
92401,market_research_2026-04-04_22-09-26_live_round,3bd4c34433f6425a9a51794da6b91ced,2026-04-05T03:20:14.303793+00:00,1775359214303793000,174924634954916,1900,,,ETF,2860,60,2858.5,-3.0,216.110763375,
92512,market_research_2026-04-04_22-09-26_live_round,3bd4c34433f6425a9a51794da6b91ced,2026-04-05T03:20:15.670580+00:00,1775359215670580000,174926001744583,1900,,,ETF,2859,40,2859.5,-1.0,217.477553042,
92529,market_research_2026-04-04_22-09-26_live_round,3bd4c34433f6425a9a51794da6b91ced,2026-04-05T03:20:15.870765+00:00,1775359215870765000,174926201930208,1900,,,ETF,2859,60,2859.0,0.0,217.677738667,
92581,market_research_2026-04-04_22-09-26_live_round,3bd4c34433f6425a9a51794da6b91ced,2026-04-05T03:20:16.464067+00:00,1775359216464067000,174926795233458,1900,,,ETF,2863,40,2866.0,-6.0,218.271041917,
92590,market_research_2026-04-04_22-09-26_live_round,3bd4c34433f6425a9a51794da6b91ced,2026-04-05T03:20:16.585587+00:00,1775359216585587000,174926916753750,1900,,,ETF,2863,60,2865.5,-5.0,218.392562209,
92607,market_research_2026-04-04_22-09-26_live_round,3bd4c34433f6425a9a51794da6b91ced,2026-04-05T03:20:16.797115+00:00,1775359216797115000,174927128282500,1900,,,ETF,2866,40,2866.5,-1.0,218.604090959,
92608,market_research_2026-04-04_22-09-26_live_round,3bd4c34433f6425a9a51794da6b91ced,2026-04-05T03:20:16.797275+00:00,1775359216797275000,174927128442333,1900,,,ETF,2867,40,2866.5,-1.0,218.604250792,
92716,market_research_2026-04-04_22-09-26_live_round,3bd4c34433f6425a9a51794da6b91ced,2026-04-05T03:20:18.109402+00:00,1775359218109402000,174928440571666,1900,,,ETF,2866,40,2866.0,0.0,219.916380125,
92844,market_research_2026-04-04_22-09-26_live_round,3bd4c34433f6425a9a51794da6b91ced,2026-04-05T03:20:19.756835+00:00,1775359219756835000,174930088008416,1900,,,ETF,2866,40,2867.0,-2.0,221.563816875,
92849,market_research_2026-04-04_22-09-26_live_round,3bd4c34433f6425a9a51794da6b91ced,2026-04-05T03:20:19.825700+00:00,1775359219825700000,174930156872791,1900,,,ETF,2867,60,2867.0,0.0,221.63268125,
92919,market_research_2026-04-04_22-09-26_live_round,3bd4c34433f6425a9a51794da6b91ced,2026-04-05T03:20:20.708503+00:00,1775359220708503000,174931039678208,1900,,,ETF,2866,40,2864.0,-4.0,222.515486667,
92929,market_research_2026-04-04_22-09-26_live_round,3bd4c34433f6425a9a51794da6b91ced,2026-04-05T03:20:20.819744+00:00,1775359220819744000,174931150919083,1900,,,ETF,2866,40,2864.5,-3.0,222.626727542,
92930,market_research_2026-04-04_22-09-26_live_round,3bd4c34433f6425a9a51794da6b91ced,2026-04-05T03:20:20.819910+00:00,1775359220819910000,174931151086250,1900,,,ETF,2865,20,2864.5,-3.0,222.626894709,
92941,market_research_2026-04-04_22-09-26_live_round,3bd4c34433f6425a9a51794da6b91ced,2026-04-05T03:20:20.950382+00:00,1775359220950382000,174931281557583,1900,,,ETF,2865,80,2864.5,-1.0,222.757366042,
93001,market_research_2026-04-04_22-09-26_live_round,3bd4c34433f6425a9a51794da6b91ced,2026-04-05T03:20:21.637005+00:00,1775359221637005000,174931968182291,1900,,,ETF,2856,40,2854.5,-3.0,223.44399075,
93006,market_research_2026-04-04_22-09-26_live_round,3bd4c34433f6425a9a51794da6b91ced,2026-04-05T03:20:21.680422+00:00,1775359221680422000,174932011599000,1900,,,ETF,2855,60,2854.5,-1.0,223.487407459,
93095,market_research_2026-04-04_22-09-26_live_round,3bd4c34433f6425a9a51794da6b91ced,2026-04-05T03:20:22.782904+00:00,1775359222782904000,174933114083666,1900,,,ETF,2856,40,2856.0,0.0,224.589892125,
93483,market_research_2026-04-04_22-09-26_live_round,3bd4c34433f6425a9a51794da6b91ced,2026-04-05T03:20:27.964868+00:00,1775359227964868000,174938296057666,1900,,,ETF,2873,40,2873.0,0.0,229.771866125,
93548,market_research_2026-04-04_22-09-26_live_round,3bd4c34433f6425a9a51794da6b91ced,2026-04-05T03:20:28.887379+00:00,1775359228887379000,174939218571500,1900,,,ETF,2872,40,2869.0,-6.0,230.694379959,
93559,market_research_2026-04-04_22-09-26_live_round,3bd4c34433f6425a9a51794da6b91ced,2026-04-05T03:20:29.011779+00:00,1775359229011779000,174939342971208,1900,,,ETF,2872,20,2869.5,-5.0,230.818779667,
93560,market_research_2026-04-04_22-09-26_live_round,3bd4c34433f6425a9a51794da6b91ced,2026-04-05T03:20:29.011954+00:00,1775359229011954000,174939343147458,1900,,,ETF,2871,40,2869.5,-5.0,230.818955917,
93567,market_research_2026-04-04_22-09-26_live_round,3bd4c34433f6425a9a51794da6b91ced,2026-04-05T03:20:29.090130+00:00,1775359229090130000,174939421322666,1900,,,ETF,2871,40,2869.5,-3.0,230.897131125,
93568,market_research_2026-04-04_22-09-26_live_round,3bd4c34433f6425a9a51794da6b91ced,2026-04-05T03:20:29.094035+00:00,1775359229094035000,174939425227916,1900,,,ETF,2870,40,2869.5,-3.0,230.901036375,
93575,market_research_2026-04-04_22-09-26_live_round,3bd4c34433f6425a9a51794da6b91ced,2026-04-05T03:20:29.169737+00:00,1775359229169737000,174939500930083,1900,,,ETF,2870,60,2869.5,-1.0,230.976738542,
93813,market_research_2026-04-04_22-09-26_live_round,3bd4c34433f6425a9a51794da6b91ced,2026-04-05T03:20:32.335430+00:00,1775359232335430000,174942666629041,1900,,,ETF,2861,40,2860.0,-2.0,234.1424375,
93820,market_research_2026-04-04_22-09-26_live_round,3bd4c34433f6425a9a51794da6b91ced,2026-04-05T03:20:32.416674+00:00,1775359232416674000,174942747874208,1900,,,ETF,2861,60,2860.5,-1.0,234.223682667,
93833,market_research_2026-04-04_22-09-26_live_round,3bd4c34433f6425a9a51794da6b91ced,2026-04-05T03:20:32.570094+00:00,1775359232570094000,174942901294583,1900,,,ETF,2861,40,2861.0,0.0,234.377103042,
93891,market_research_2026-04-04_22-09-26_live_round,3bd4c34433f6425a9a51794da6b91ced,2026-04-05T03:20:33.321651+00:00,1775359233321651000,174943652852583,1900,,,ETF,2858,40,2853.0,-10.0,235.128661042,
93900,market_research_2026-04-04_22-09-26_live_round,3bd4c34433f6425a9a51794da6b91ced,2026-04-05T03:20:33.433796+00:00,1775359233433796000,174943764998333,1900,,,ETF,2858,60,2853.5,-9.0,235.240806792,
93921,market_research_2026-04-04_22-09-26_live_round,3bd4c34433f6425a9a51794da6b91ced,2026-04-05T03:20:33.685747+00:00,1775359233685747000,174944016949041,1900,,,ETF,2853,40,2851.5,-3.0,235.4927575,
93922,market_research_2026-04-04_22-09-26_live_round,3bd4c34433f6425a9a51794da6b91ced,2026-04-05T03:20:33.689174+00:00,1775359233689174000,174944020376875,1900,,,ETF,2852,40,2851.5,-3.0,235.496185334,
93928,market_research_2026-04-04_22-09-26_live_round,3bd4c34433f6425a9a51794da6b91ced,2026-04-05T03:20:33.739326+00:00,1775359233739326000,174944070528875,1900,,,ETF,2852,20,2851.5,-1.0,235.546337334,
93929,market_research_2026-04-04_22-09-26_live_round,3bd4c34433f6425a9a51794da6b91ced,2026-04-05T03:20:33.739472+00:00,1775359233739472000,174944070674791,1900,,,ETF,2851,80,2851.5,-1.0,235.54648325,
93970,market_research_2026-04-04_22-09-26_live_round,3bd4c34433f6425a9a51794da6b91ced,2026-04-05T03:20:34.235624+00:00,1775359234235624000,174944566827000,1900,,,ETF,2850,40,2848.0,-4.0,236.042635459,
93980,market_research_2026-04-04_22-09-26_live_round,3bd4c34433f6425a9a51794da6b91ced,2026-04-05T03:20:34.370400+00:00,1775359234370400000,174944701603666,1900,,,ETF,2850,60,2848.5,-3.0,236.177412125,
94231,market_research_2026-04-04_22-09-26_live_round,3bd4c34433f6425a9a51794da6b91ced,2026-04-05T03:20:37.756774+00:00,1775359237756774000,174948087984958,1900,,,ETF,2842,40,2842.0,0.0,239.563793417,
94297,market_research_2026-04-04_22-09-26_live_round,3bd4c34433f6425a9a51794da6b91ced,2026-04-05T03:20:38.727811+00:00,1775359238727811000,174949059023333,1900,,,ETF,2845,40,2846.5,-3.0,240.534831792,
94311,market_research_2026-04-04_22-09-26_live_round,3bd4c34433f6425a9a51794da6b91ced,2026-04-05T03:20:38.897792+00:00,1775359238897792000,174949229005041,1900,,,ETF,2845,60,2846.0,-2.0,240.7048135,
94746,market_research_2026-04-04_22-09-26_live_round,3bd4c34433f6425a9a51794da6b91ced,2026-04-05T03:20:45.059621+00:00,1775359245059621000,174955390846666,1900,,,ETF,2840,40,2840.0,0.0,246.866655125,
95012,market_research_2026-04-04_22-09-26_live_round,3bd4c34433f6425a9a51794da6b91ced,2026-04-05T03:20:48.477622+00:00,1775359248477622000,174958808855458,1900,,,ETF,2842,40,2844.0,-4.0,250.284663917,
95020,market_research_2026-04-04_22-09-26_live_round,3bd4c34433f6425a9a51794da6b91ced,2026-04-05T03:20:48.578873+00:00,1775359248578873000,174958910106541,1900,,,ETF,2843,60,2844.0,-2.0,250.385915,
95029,market_research_2026-04-04_22-09-26_live_round,3bd4c34433f6425a9a51794da6b91ced,2026-04-05T03:20:48.676936+00:00,1775359248676936000,174959008169208,1900,,,ETF,2844,80,2844.0,0.0,250.483977667,
95081,market_research_2026-04-04_22-09-26_live_round,3bd4c34433f6425a9a51794da6b91ced,2026-04-05T03:20:49.386078+00:00,1775359249386078000,174959717313000,1900,,,ETF,2845,40,2847.0,-4.0,251.193121459,
95088,market_research_2026-04-04_22-09-26_live_round,3bd4c34433f6425a9a51794da6b91ced,2026-04-05T03:20:49.476896+00:00,1775359249476896000,174959808131041,1900,,,ETF,2845,60,2846.5,-3.0,251.2839395,
95209,market_research_2026-04-04_22-09-26_live_round,3bd4c34433f6425a9a51794da6b91ced,2026-04-05T03:20:51.227461+00:00,1775359251227461000,174961558699708,1900,,,ETF,2847,40,2842.0,-10.0,253.034508167,
95234,market_research_2026-04-04_22-09-26_live_round,3bd4c34433f6425a9a51794da6b91ced,2026-04-05T03:20:51.586043+00:00,1775359251586043000,174961917282791,1900,,,ETF,2846,60,2842.0,-8.0,253.39309125,
95241,market_research_2026-04-04_22-09-26_live_round,3bd4c34433f6425a9a51794da6b91ced,2026-04-05T03:20:51.680663+00:00,1775359251680663000,174962011903125,1900,,,ETF,2846,80,2842.5,-7.0,253.487711584,
95246,market_research_2026-04-04_22-09-26_live_round,3bd4c34433f6425a9a51794da6b91ced,2026-04-05T03:20:51.751522+00:00,1775359251751522000,174962082762125,1900,,,ETF,2846,20,2843.0,-6.0,253.558570584,
95247,market_research_2026-04-04_22-09-26_live_round,3bd4c34433f6425a9a51794da6b91ced,2026-04-05T03:20:51.751703+00:00,1775359251751703000,174962082943750,1900,,,ETF,2845,80,2843.0,-6.0,253.558752209,
95344,market_research_2026-04-04_22-09-26_live_round,3bd4c34433f6425a9a51794da6b91ced,2026-04-05T03:20:53.083090+00:00,1775359253083090000,174963414333000,1900,,,ETF,2839,40,2836.0,-6.0,254.890141459,
95345,market_research_2026-04-04_22-09-26_live_round,3bd4c34433f6425a9a51794da6b91ced,2026-04-05T03:20:53.083268+00:00,1775359253083268000,174963414510750,1900,,,ETF,2838,60,2836.0,-6.0,254.890319209,
95346,market_research_2026-04-04_22-09-26_live_round,3bd4c34433f6425a9a51794da6b91ced,2026-04-05T03:20:53.083384+00:00,1775359253083384000,174963414627500,1900,,,ETF,2837,80,2836.0,-6.0,254.890435959,
95347,market_research_2026-04-04_22-09-26_live_round,3bd4c34433f6425a9a51794da6b91ced,2026-04-05T03:20:53.083495+00:00,1775359253083495000,174963414738791,1900,,,ETF,2836,20,2836.0,-6.0,254.89054725,
96203,market_research_2026-04-04_22-09-26_live_round,3bd4c34433f6425a9a51794da6b91ced,2026-04-05T03:21:04.323488+00:00,1775359264323488000,174974654754041,1950,,,ETF,2839,40,2838.5,-1.0,7.044471333,
96269,market_research_2026-04-04_22-09-26_live_round,3bd4c34433f6425a9a51794da6b91ced,2026-04-05T03:21:05.193387+00:00,1775359265193387000,174975524655208,1950,,,ETF,2839,40,2842.0,-6.0,7.9143725,
96275,market_research_2026-04-04_22-09-26_live_round,3bd4c34433f6425a9a51794da6b91ced,2026-04-05T03:21:05.246472+00:00,1775359265246472000,174975577740000,1950,,,ETF,2839,20,2841.5,-5.0,7.967457292,
96276,market_research_2026-04-04_22-09-26_live_round,3bd4c34433f6425a9a51794da6b91ced,2026-04-05T03:21:05.246632+00:00,1775359265246632000,174975577900958,1950,,,ETF,2840,40,2841.5,-5.0,7.96761825,
96295,market_research_2026-04-04_22-09-26_live_round,3bd4c34433f6425a9a51794da6b91ced,2026-04-05T03:21:05.520080+00:00,1775359265520080000,174975851348583,1950,,,ETF,2840,40,2841.5,-3.0,8.241065875,
96296,market_research_2026-04-04_22-09-26_live_round,3bd4c34433f6425a9a51794da6b91ced,2026-04-05T03:21:05.520264+00:00,1775359265520264000,174975851533375,1950,,,ETF,2841,40,2841.5,-3.0,8.241250667,
96304,market_research_2026-04-04_22-09-26_live_round,3bd4c34433f6425a9a51794da6b91ced,2026-04-05T03:21:05.609672+00:00,1775359265609672000,174975940941333,1950,,,ETF,2841,60,2841.5,-1.0,8.330658625,
96413,market_research_2026-04-04_22-09-26_live_round,3bd4c34433f6425a9a51794da6b91ced,2026-04-05T03:21:07.121472+00:00,1775359267121472000,174977452744083,1950,,,ETF,2842,40,2842.0,0.0,9.842461375,
96596,market_research_2026-04-04_22-09-26_live_round,3bd4c34433f6425a9a51794da6b91ced,2026-04-05T03:21:09.610451+00:00,1775359269610451000,174979941728708,1950,,,ETF,2849,40,2849.0,0.0,12.331446,
96790,market_research_2026-04-04_22-09-26_live_round,3bd4c34433f6425a9a51794da6b91ced,2026-04-05T03:21:12.130727+00:00,1775359272130727000,174982462009541,1950,,,ETF,2852,40,2852.5,-1.0,14.851726833,
97047,market_research_2026-04-04_22-09-26_live_round,3bd4c34433f6425a9a51794da6b91ced,2026-04-05T03:21:15.427752+00:00,1775359275427752000,174985759041041,1950,,,ETF,2858,40,2860.0,-4.0,18.148758333,
97048,market_research_2026-04-04_22-09-26_live_round,3bd4c34433f6425a9a51794da6b91ced,2026-04-05T03:21:15.432488+00:00,1775359275432488000,174985763777791,1950,,,ETF,2859,60,2860.0,-4.0,18.153495083,
97049,market_research_2026-04-04_22-09-26_live_round,3bd4c34433f6425a9a51794da6b91ced,2026-04-05T03:21:15.432673+00:00,1775359275432673000,174985763962875,1950,,,ETF,2860,100,2860.0,-4.0,18.153680167,
97133,market_research_2026-04-04_22-09-26_live_round,3bd4c34433f6425a9a51794da6b91ced,2026-04-05T03:21:16.526003+00:00,1775359276526003000,174986857294916,1950,,,ETF,2854,40,2854.0,0.0,19.247012208,
97205,market_research_2026-04-04_22-09-26_live_round,3bd4c34433f6425a9a51794da6b91ced,2026-04-05T03:21:17.414354+00:00,1775359277414354000,174987745647500,1950,,,ETF,2851,40,2851.0,0.0,20.135364792,
97258,market_research_2026-04-04_22-09-26_live_round,3bd4c34433f6425a9a51794da6b91ced,2026-04-05T03:21:18.088339+00:00,1775359278088339000,174988419634250,1950,,,ETF,2852,40,2852.0,0.0,20.809351542,
97329,market_research_2026-04-04_22-09-26_live_round,3bd4c34433f6425a9a51794da6b91ced,2026-04-05T03:21:19.078278+00:00,1775359279078278000,174989409574791,1975,,,ETF,2851,40,2850.5,-1.0,21.799292083,
97342,market_research_2026-04-04_22-09-26_live_round,3bd4c34433f6425a9a51794da6b91ced,2026-04-05T03:21:19.244295+00:00,1775359279244295000,174989575592416,1975,,,ETF,2851,20,2851.0,0.0,21.965309708,
97393,market_research_2026-04-04_22-09-26_live_round,3bd4c34433f6425a9a51794da6b91ced,2026-04-05T03:21:20.008848+00:00,1775359280008848000,174990340145916,1975,,,ETF,2851,40,2851.5,-1.0,22.729863208,
97584,market_research_2026-04-04_22-09-26_live_round,3bd4c34433f6425a9a51794da6b91ced,2026-04-05T03:21:22.649508+00:00,1775359282649508000,174992980812208,1975,,,ETF,2852,40,2853.5,-3.0,25.3705295,
97607,market_research_2026-04-04_22-09-26_live_round,3bd4c34433f6425a9a51794da6b91ced,2026-04-05T03:21:22.942064+00:00,1775359282942064000,174993273369375,1975,,,ETF,2853,60,2853.5,-1.0,25.663086667,
97846,market_research_2026-04-04_22-09-26_live_round,3bd4c34433f6425a9a51794da6b91ced,2026-04-05T03:21:26.135292+00:00,1775359286135292000,174996466602958,1975,,,ETF,2851,40,2851.0,0.0,28.85632025,
97979,market_research_2026-04-04_22-09-26_live_round,3bd4c34433f6425a9a51794da6b91ced,2026-04-05T03:21:28.138049+00:00,1775359288138049000,174998469364916,1975,,,ETF,2852,40,2852.0,0.0,30.859082208,
98101,market_research_2026-04-04_22-09-26_live_round,3bd4c34433f6425a9a51794da6b91ced,2026-04-05T03:21:29.826915+00:00,1775359289826915000,175000158234083,1975,,,ETF,2855,40,2856.5,-3.0,32.547951375,
98109,market_research_2026-04-04_22-09-26_live_round,3bd4c34433f6425a9a51794da6b91ced,2026-04-05T03:21:29.926333+00:00,1775359289926333000,175000257652291,1975,,,ETF,2856,60,2856.5,-1.0,32.647369583,
98167,market_research_2026-04-04_22-09-26_live_round,3bd4c34433f6425a9a51794da6b91ced,2026-04-05T03:21:30.761491+00:00,1775359290761491000,175001092812666,1975,,,ETF,2858,40,2858.0,0.0,33.482529958,
98234,market_research_2026-04-04_22-09-26_live_round,3bd4c34433f6425a9a51794da6b91ced,2026-04-05T03:21:31.641362+00:00,1775359291641362000,175001972684875,1975,,,ETF,2864,40,2864.0,0.0,34.362402167,
98377,market_research_2026-04-04_22-09-26_live_round,3bd4c34433f6425a9a51794da6b91ced,2026-04-05T03:21:33.465365+00:00,1775359293465365000,175003796691875,1975,,,ETF,2863,40,2861.5,-3.0,36.186409167,
98389,market_research_2026-04-04_22-09-26_live_round,3bd4c34433f6425a9a51794da6b91ced,2026-04-05T03:21:33.626213+00:00,1775359293626213000,175003957539833,1975,,,ETF,2862,60,2861.5,-1.0,36.347257125,
98445,market_research_2026-04-04_22-09-26_live_round,3bd4c34433f6425a9a51794da6b91ced,2026-04-05T03:21:34.300837+00:00,1775359294300837000,175004632165500,1975,,,ETF,2860,40,2860.0,0.0,37.021882792,
98507,market_research_2026-04-04_22-09-26_live_round,3bd4c34433f6425a9a51794da6b91ced,2026-04-05T03:21:35.064217+00:00,1775359295064217000,175005395547666,1975,,,ETF,2861,40,2863.5,-5.0,37.785264958,
98525,market_research_2026-04-04_22-09-26_live_round,3bd4c34433f6425a9a51794da6b91ced,2026-04-05T03:21:35.285537+00:00,1775359295285537000,175005616867875,1975,,,ETF,2861,20,2863.0,-4.0,38.006585167,
98526,market_research_2026-04-04_22-09-26_live_round,3bd4c34433f6425a9a51794da6b91ced,2026-04-05T03:21:35.285708+00:00,1775359295285708000,175005617038666,1975,,,ETF,2862,40,2863.0,-4.0,38.006755958,
98536,market_research_2026-04-04_22-09-26_live_round,3bd4c34433f6425a9a51794da6b91ced,2026-04-05T03:21:35.405303+00:00,1775359295405303000,175005736634000,1975,,,ETF,2862,40,2863.0,-2.0,38.126351292,
98537,market_research_2026-04-04_22-09-26_live_round,3bd4c34433f6425a9a51794da6b91ced,2026-04-05T03:21:35.405469+00:00,1775359295405469000,175005736800250,1975,,,ETF,2863,40,2863.0,-2.0,38.126517542,
98553,market_research_2026-04-04_22-09-26_live_round,3bd4c34433f6425a9a51794da6b91ced,2026-04-05T03:21:35.601980+00:00,1775359295601980000,175005933310875,1975,,,ETF,2863,60,2863.0,0.0,38.323028167,
98554,market_research_2026-04-04_22-09-26_live_round,3bd4c34433f6425a9a51794da6b91ced,2026-04-05T03:21:35.602179+00:00,1775359295602179000,175005933510416,1975,,,ETF,2863,40,2863.0,0.0,38.323227708,
98591,market_research_2026-04-04_22-09-26_live_round,3bd4c34433f6425a9a51794da6b91ced,2026-04-05T03:21:36.052413+00:00,1775359296052413000,175006383745291,1975,,,ETF,2863,40,2867.5,-9.0,38.773462583,
98604,market_research_2026-04-04_22-09-26_live_round,3bd4c34433f6425a9a51794da6b91ced,2026-04-05T03:21:36.187712+00:00,1775359296187712000,175006519044666,1975,,,ETF,2863,20,2867.0,-8.0,38.908761958,
98664,market_research_2026-04-04_22-09-26_live_round,3bd4c34433f6425a9a51794da6b91ced,2026-04-05T03:21:37.023476+00:00,1775359297023476000,175007354809833,1975,,,ETF,2875,40,2882.5,-15.0,39.744527125,
98671,market_research_2026-04-04_22-09-26_live_round,3bd4c34433f6425a9a51794da6b91ced,2026-04-05T03:21:37.113037+00:00,1775359297113037000,175007444370833,1975,,,ETF,2875,60,2882.0,-14.0,39.834088125,
98688,market_research_2026-04-04_22-09-26_live_round,3bd4c34433f6425a9a51794da6b91ced,2026-04-05T03:21:37.353504+00:00,1775359297353504000,175007684838875,1975,,,ETF,2878,40,2883.0,-10.0,40.074556167,
98689,market_research_2026-04-04_22-09-26_live_round,3bd4c34433f6425a9a51794da6b91ced,2026-04-05T03:21:37.357493+00:00,1775359297357493000,175007688827583,1975,,,ETF,2879,40,2883.0,-10.0,40.078544875,
98704,market_research_2026-04-04_22-09-26_live_round,3bd4c34433f6425a9a51794da6b91ced,2026-04-05T03:21:37.554936+00:00,1775359297554936000,175007886271666,1975,,,ETF,2879,20,2883.0,-8.0,40.275988958,
98705,market_research_2026-04-04_22-09-26_live_round,3bd4c34433f6425a9a51794da6b91ced,2026-04-05T03:21:37.558650+00:00,1775359297558650000,175007889985416,1975,,,ETF,2880,80,2883.0,-8.0,40.279702708,
98734,market_research_2026-04-04_22-09-26_live_round,3bd4c34433f6425a9a51794da6b91ced,2026-04-05T03:21:37.972317+00:00,1775359297972317000,175008303653291,1975,,,ETF,2881,40,2887.5,-13.0,40.693370583,
98759,market_research_2026-04-04_22-09-26_live_round,3bd4c34433f6425a9a51794da6b91ced,2026-04-05T03:21:38.294581+00:00,1775359298294581000,175008625918458,1975,,,ETF,2881,60,2887.0,-12.0,41.01563575,
98816,market_research_2026-04-04_22-09-26_live_round,3bd4c34433f6425a9a51794da6b91ced,2026-04-05T03:21:39.012111+00:00,1775359299012111000,175009343449083,1975,,,ETF,2899,40,2905.5,-13.0,41.733166375,
98823,market_research_2026-04-04_22-09-26_live_round,3bd4c34433f6425a9a51794da6b91ced,2026-04-05T03:21:39.110972+00:00,1775359299110972000,175009442310625,1975,,,ETF,2899,60,2905.0,-12.0,41.832027917,
98843,market_research_2026-04-04_22-09-26_live_round,3bd4c34433f6425a9a51794da6b91ced,2026-04-05T03:21:39.371610+00:00,1775359299371610000,175009702949250,1975,,,ETF,2900,40,2905.0,-10.0,42.092666542,
98844,market_research_2026-04-04_22-09-26_live_round,3bd4c34433f6425a9a51794da6b91ced,2026-04-05T03:21:39.377285+00:00,1775359299377285000,175009708624333,1975,,,ETF,2901,40,2905.0,-10.0,42.098341625,
98851,market_research_2026-04-04_22-09-26_live_round,3bd4c34433f6425a9a51794da6b91ced,2026-04-05T03:21:39.462467+00:00,1775359299462467000,175009793806375,1975,,,ETF,2901,20,2905.0,-8.0,42.183523667,
98852,market_research_2026-04-04_22-09-26_live_round,3bd4c34433f6425a9a51794da6b91ced,2026-04-05T03:21:39.462645+00:00,1775359299462645000,175009793985291,1975,,,ETF,2902,80,2905.0,-8.0,42.183702583,
98890,market_research_2026-04-04_22-09-26_live_round,3bd4c34433f6425a9a51794da6b91ced,2026-04-05T03:21:39.954448+00:00,1775359299954448000,175010285788583,1975,,,ETF,2903,40,2912.0,-18.0,42.675505875,
98899,market_research_2026-04-04_22-09-26_live_round,3bd4c34433f6425a9a51794da6b91ced,2026-04-05T03:21:40.070332+00:00,1775359300070332000,175010401672750,1975,,,ETF,2903,60,2911.5,-17.0,42.791390042,
98916,market_research_2026-04-04_22-09-26_live_round,3bd4c34433f6425a9a51794da6b91ced,2026-04-05T03:21:40.273108+00:00,1775359300273108000,175010604448708,1975,,,ETF,2918,40,2918.5,-1.0,42.994166,
98917,market_research_2026-04-04_22-09-26_live_round,3bd4c34433f6425a9a51794da6b91ced,2026-04-05T03:21:40.277712+00:00,1775359300277712000,175010609052750,1975,,,ETF,2919,40,2918.5,-1.0,42.998770042,
98962,market_research_2026-04-04_22-09-26_live_round,3bd4c34433f6425a9a51794da6b91ced,2026-04-05T03:21:40.773552+00:00,1775359300773552000,175011104894166,1975,,,ETF,2921,40,2929.5,-17.0,43.494611458,
98968,market_research_2026-04-04_22-09-26_live_round,3bd4c34433f6425a9a51794da6b91ced,2026-04-05T03:21:40.844321+00:00,1775359300844321000,175011175662916,1975,,,ETF,2921,60,2929.0,-16.0,43.565380208,
98973,market_research_2026-04-04_22-09-26_live_round,3bd4c34433f6425a9a51794da6b91ced,2026-04-05T03:21:40.884992+00:00,1775359300884992000,175011216334541,1975,,,ETF,2927,40,2931.5,-9.0,43.606051833,
98974,market_research_2026-04-04_22-09-26_live_round,3bd4c34433f6425a9a51794da6b91ced,2026-04-05T03:21:40.885136+00:00,1775359300885136000,175011216478791,1975,,,ETF,2928,40,2931.5,-9.0,43.606196083,
98982,market_research_2026-04-04_22-09-26_live_round,3bd4c34433f6425a9a51794da6b91ced,2026-04-05T03:21:40.972044+00:00,1775359300972044000,175011303386666,1975,,,ETF,2928,20,2931.5,-7.0,43.693103958,
98983,market_research_2026-04-04_22-09-26_live_round,3bd4c34433f6425a9a51794da6b91ced,2026-04-05T03:21:40.972260+00:00,1775359300972260000,175011303602958,1975,,,ETF,2929,80,2931.5,-7.0,43.69332025,
99054,market_research_2026-04-04_22-09-26_live_round,3bd4c34433f6425a9a51794da6b91ced,2026-04-05T03:21:41.825207+00:00,1775359301825207000,175012156551541,1975,,,ETF,2930,40,2943.0,-26.0,44.546268833,
99059,market_research_2026-04-04_22-09-26_live_round,3bd4c34433f6425a9a51794da6b91ced,2026-04-05T03:21:41.879860+00:00,1775359301879860000,175012211204833,1975,,,ETF,2930,60,2942.5,-25.0,44.600922125,
99070,market_research_2026-04-04_22-09-26_live_round,3bd4c34433f6425a9a51794da6b91ced,2026-04-05T03:21:42.017737+00:00,1775359302017737000,175012349081500,1975,,,ETF,2944,40,2949.0,-10.0,44.738798792,
99071,market_research_2026-04-04_22-09-26_live_round,3bd4c34433f6425a9a51794da6b91ced,2026-04-05T03:21:42.017899+00:00,1775359302017899000,175012349244458,1975,,,ETF,2945,40,2949.0,-10.0,44.73896175,
99085,market_research_2026-04-04_22-09-26_live_round,3bd4c34433f6425a9a51794da6b91ced,2026-04-05T03:21:42.200715+00:00,1775359302200715000,175012532060125,1975,,,ETF,2945,20,2949.0,-8.0,44.921777417,
99086,market_research_2026-04-04_22-09-26_live_round,3bd4c34433f6425a9a51794da6b91ced,2026-04-05T03:21:42.200884+00:00,1775359302200884000,175012532229708,1975,,,ETF,2946,80,2949.0,-8.0,44.921947,
99125,market_research_2026-04-04_22-09-26_live_round,3bd4c34433f6425a9a51794da6b91ced,2026-04-05T03:21:42.650202+00:00,1775359302650202000,175012981548041,1975,,,ETF,2947,40,2957.5,-21.0,45.371265333,
99139,market_research_2026-04-04_22-09-26_live_round,3bd4c34433f6425a9a51794da6b91ced,2026-04-05T03:21:42.797923+00:00,1775359302797923000,175013129269000,1975,,,ETF,2947,60,2957.0,-20.0,45.518986292,
99160,market_research_2026-04-04_22-09-26_live_round,3bd4c34433f6425a9a51794da6b91ced,2026-04-05T03:21:43.063760+00:00,1775359303063760000,175013395107208,1975,,,ETF,2962,40,2964.0,-4.0,45.7848245,
99161,market_research_2026-04-04_22-09-26_live_round,3bd4c34433f6425a9a51794da6b91ced,2026-04-05T03:21:43.063932+00:00,1775359303063932000,175013395279833,1975,,,ETF,2963,40,2964.0,-4.0,45.784997125,
99167,market_research_2026-04-04_22-09-26_live_round,3bd4c34433f6425a9a51794da6b91ced,2026-04-05T03:21:43.142428+00:00,1775359303142428000,175013473774833,1975,,,ETF,2963,20,2964.0,-2.0,45.863492125,
99168,market_research_2026-04-04_22-09-26_live_round,3bd4c34433f6425a9a51794da6b91ced,2026-04-05T03:21:43.142741+00:00,1775359303142741000,175013474088833,1975,,,ETF,2964,80,2964.0,-2.0,45.863806125,
99206,market_research_2026-04-04_22-09-26_live_round,3bd4c34433f6425a9a51794da6b91ced,2026-04-05T03:21:43.583105+00:00,1775359303583105000,175013914452958,1975,,,ETF,2965,40,2979.0,-28.0,46.30417025,
99212,market_research_2026-04-04_22-09-26_live_round,3bd4c34433f6425a9a51794da6b91ced,2026-04-05T03:21:43.656589+00:00,1775359303656589000,175013987937458,1975,,,ETF,2965,60,2978.5,-27.0,46.37765475,
99230,market_research_2026-04-04_22-09-26_live_round,3bd4c34433f6425a9a51794da6b91ced,2026-04-05T03:21:43.879706+00:00,1775359303879706000,175014211054375,1975,,,ETF,2974,40,2982.5,-17.0,46.600771667,
99231,market_research_2026-04-04_22-09-26_live_round,3bd4c34433f6425a9a51794da6b91ced,2026-04-05T03:21:43.883356+00:00,1775359303883356000,175014214704333,1975,,,ETF,2975,40,2982.5,-17.0,46.604421625,
99255,market_research_2026-04-04_22-09-26_live_round,3bd4c34433f6425a9a51794da6b91ced,2026-04-05T03:21:44.135725+00:00,1775359304135725000,175014467074000,1975,,,ETF,2975,20,2982.5,-15.0,46.856791292,
99256,market_research_2026-04-04_22-09-26_live_round,3bd4c34433f6425a9a51794da6b91ced,2026-04-05T03:21:44.139902+00:00,1775359304139902000,175014471251583,1975,,,ETF,2976,80,2982.5,-15.0,46.860968875,
99290,market_research_2026-04-04_22-09-26_live_round,3bd4c34433f6425a9a51794da6b91ced,2026-04-05T03:21:44.562435+00:00,1775359304562435000,175014893785250,1975,,,ETF,2977,40,2995.0,-36.0,47.283502542,
99297,market_research_2026-04-04_22-09-26_live_round,3bd4c34433f6425a9a51794da6b91ced,2026-04-05T03:21:44.647131+00:00,1775359304647131000,175014978481000,1975,,,ETF,2977,60,2994.5,-35.0,47.368198292,
99332,market_research_2026-04-04_22-09-26_live_round,3bd4c34433f6425a9a51794da6b91ced,2026-04-05T03:21:45.044978+00:00,1775359305044978000,175015376328500,1975,,,ETF,2999,40,3005.0,-12.0,47.766045792,
99333,market_research_2026-04-04_22-09-26_live_round,3bd4c34433f6425a9a51794da6b91ced,2026-04-05T03:21:45.045155+00:00,1775359305045155000,175015376506750,1975,,,ETF,3000,40,3005.0,-12.0,47.766224042,
99342,market_research_2026-04-04_22-09-26_live_round,3bd4c34433f6425a9a51794da6b91ced,2026-04-05T03:21:45.153631+00:00,1775359305153631000,175015484982500,1975,,,ETF,3000,20,3005.0,-10.0,47.874699792,
99343,market_research_2026-04-04_22-09-26_live_round,3bd4c34433f6425a9a51794da6b91ced,2026-04-05T03:21:45.157218+00:00,1775359305157218000,175015488569666,1975,,,ETF,3001,80,3005.0,-10.0,47.878286958,
99366,market_research_2026-04-04_22-09-26_live_round,3bd4c34433f6425a9a51794da6b91ced,2026-04-05T03:21:45.466227+00:00,1775359305466227000,175015797578583,1975,,,ETF,3002,40,3022.5,-41.0,48.187295875,
99378,market_research_2026-04-04_22-09-26_live_round,3bd4c34433f6425a9a51794da6b91ced,2026-04-05T03:21:45.612316+00:00,1775359305612316000,175015943667833,1975,,,ETF,3002,60,3022.0,-40.0,48.333385125,
99400,market_research_2026-04-04_22-09-26_live_round,3bd4c34433f6425a9a51794da6b91ced,2026-04-05T03:21:45.898498+00:00,1775359305898498000,175016229851250,1975,,,ETF,3019,40,3030.0,-22.0,48.619568542,
99401,market_research_2026-04-04_22-09-26_live_round,3bd4c34433f6425a9a51794da6b91ced,2026-04-05T03:21:45.901920+00:00,1775359305901920000,175016233273083,1975,,,ETF,3020,40,3030.0,-22.0,48.622990375,
99407,market_research_2026-04-04_22-09-26_live_round,3bd4c34433f6425a9a51794da6b91ced,2026-04-05T03:21:45.954885+00:00,1775359305954885000,175016286237833,1975,,,ETF,3020,20,3030.0,-20.0,48.675955125,
99408,market_research_2026-04-04_22-09-26_live_round,3bd4c34433f6425a9a51794da6b91ced,2026-04-05T03:21:45.955041+00:00,1775359305955041000,175016286394250,1975,,,ETF,3021,80,3030.0,-20.0,48.676111542,
99445,market_research_2026-04-04_22-09-26_live_round,3bd4c34433f6425a9a51794da6b91ced,2026-04-05T03:21:46.342078+00:00,1775359306342078000,175016673431791,1975,,,ETF,3022,40,3052.0,-60.0,49.063149083,
99468,market_research_2026-04-04_22-09-26_live_round,3bd4c34433f6425a9a51794da6b91ced,2026-04-05T03:21:46.594780+00:00,1775359306594780000,175016926134750,1975,,,ETF,3022,60,3051.5,-59.0,49.315852042,
99495,market_research_2026-04-04_22-09-26_live_round,3bd4c34433f6425a9a51794da6b91ced,2026-04-05T03:21:46.942840+00:00,1775359306942840000,175017274194750,1975,,,ETF,3049,40,3064.5,-31.0,49.663912042,
99496,market_research_2026-04-04_22-09-26_live_round,3bd4c34433f6425a9a51794da6b91ced,2026-04-05T03:21:46.943026+00:00,1775359306943026000,175017274381416,1975,,,ETF,3050,40,3064.5,-31.0,49.664098708,
99502,market_research_2026-04-04_22-09-26_live_round,3bd4c34433f6425a9a51794da6b91ced,2026-04-05T03:21:47.010956+00:00,1775359307010956000,175017342311041,1975,,,ETF,3050,20,3064.5,-29.0,49.732028333,
99503,market_research_2026-04-04_22-09-26_live_round,3bd4c34433f6425a9a51794da6b91ced,2026-04-05T03:21:47.011124+00:00,1775359307011124000,175017342479875,1975,,,ETF,3051,80,3064.5,-29.0,49.732197167,
99525,market_research_2026-04-04_22-09-26_live_round,3bd4c34433f6425a9a51794da6b91ced,2026-04-05T03:21:47.287107+00:00,1775359307287107000,175017618462708,1975,,,ETF,3052,40,3088.5,-73.0,50.00818,
99531,market_research_2026-04-04_22-09-26_live_round,3bd4c34433f6425a9a51794da6b91ced,2026-04-05T03:21:47.359788+00:00,1775359307359788000,175017691143250,1975,,,ETF,3052,60,3088.0,-72.0,50.080860542,
99536,market_research_2026-04-04_22-09-26_live_round,3bd4c34433f6425a9a51794da6b91ced,2026-04-05T03:21:47.410515+00:00,1775359307410515000,175017741871208,1975,,,ETF,3088,40,3105.5,-35.0,50.1315885,
99537,market_research_2026-04-04_22-09-26_live_round,3bd4c34433f6425a9a51794da6b91ced,2026-04-05T03:21:47.414252+00:00,1775359307414252000,175017745608041,1975,,,ETF,3089,40,3105.5,-35.0,50.135325333,
99548,market_research_2026-04-04_22-09-26_live_round,3bd4c34433f6425a9a51794da6b91ced,2026-04-05T03:21:47.535001+00:00,1775359307535001000,175017866356916,1975,,,ETF,3089,20,3105.5,-33.0,50.256074208,
99549,market_research_2026-04-04_22-09-26_live_round,3bd4c34433f6425a9a51794da6b91ced,2026-04-05T03:21:47.538360+00:00,1775359307538360000,175017869716208,1975,,,ETF,3090,80,3105.5,-33.0,50.2594335,
99621,market_research_2026-04-04_22-09-26_live_round,3bd4c34433f6425a9a51794da6b91ced,2026-04-05T03:21:48.376269+00:00,1775359308376269000,175018707626750,1975,,,ETF,3091,40,3138.5,-95.0,51.097344042,
99643,market_research_2026-04-04_22-09-26_live_round,3bd4c34433f6425a9a51794da6b91ced,2026-04-05T03:21:48.610387+00:00,1775359308610387000,175018941745666,1975,,,ETF,3091,60,3138.0,-94.0,51.331462958,
99648,market_research_2026-04-04_22-09-26_live_round,3bd4c34433f6425a9a51794da6b91ced,2026-04-05T03:21:48.652451+00:00,1775359308652451000,175018983809958,1975,,,ETF,3131,40,3157.5,-53.0,51.37352725,
99649,market_research_2026-04-04_22-09-26_live_round,3bd4c34433f6425a9a51794da6b91ced,2026-04-05T03:21:48.652604+00:00,1775359308652604000,175018983962625,1975,,,ETF,3132,40,3157.5,-53.0,51.373679917,
99661,market_research_2026-04-04_22-09-26_live_round,3bd4c34433f6425a9a51794da6b91ced,2026-04-05T03:21:48.752459+00:00,1775359308752459000,175019083817666,1975,,,ETF,3132,20,3157.5,-51.0,51.473534958,
99662,market_research_2026-04-04_22-09-26_live_round,3bd4c34433f6425a9a51794da6b91ced,2026-04-05T03:21:48.752629+00:00,1775359308752629000,175019083987833,1975,,,ETF,3133,80,3157.5,-51.0,51.473705125,
99690,market_research_2026-04-04_22-09-26_live_round,3bd4c34433f6425a9a51794da6b91ced,2026-04-05T03:21:49.117461+00:00,1775359309117461000,175019448820416,1975,,,ETF,3134,40,3185.5,-103.0,51.838537708,
99702,market_research_2026-04-04_22-09-26_live_round,3bd4c34433f6425a9a51794da6b91ced,2026-04-05T03:21:49.235976+00:00,1775359309235976000,175019567335208,1975,,,ETF,3134,60,3185.0,-102.0,51.9570525,
99708,market_research_2026-04-04_22-09-26_live_round,3bd4c34433f6425a9a51794da6b91ced,2026-04-05T03:21:49.298203+00:00,1775359309298203000,175019629562708,1975,,,ETF,3192,40,3213.5,-43.0,52.01928,
99709,market_research_2026-04-04_22-09-26_live_round,3bd4c34433f6425a9a51794da6b91ced,2026-04-05T03:21:49.298361+00:00,1775359309298361000,175019629721500,1975,,,ETF,3193,40,3213.5,-43.0,52.019438792,
99733,market_research_2026-04-04_22-09-26_live_round,3bd4c34433f6425a9a51794da6b91ced,2026-04-05T03:21:49.596695+00:00,1775359309596695000,175019928055125,1975,,,ETF,3193,20,3213.5,-41.0,52.317772417,
99734,market_research_2026-04-04_22-09-26_live_round,3bd4c34433f6425a9a51794da6b91ced,2026-04-05T03:21:49.596860+00:00,1775359309596860000,175019928221250,1975,,,ETF,3194,80,3213.5,-41.0,52.317938542,
99772,market_research_2026-04-04_22-09-26_live_round,3bd4c34433f6425a9a51794da6b91ced,2026-04-05T03:21:50.045350+00:00,1775359310045350000,175020376711708,1975,,,ETF,3195,40,3263.5,-137.0,52.766429,
99792,market_research_2026-04-04_22-09-26_live_round,3bd4c34433f6425a9a51794da6b91ced,2026-04-05T03:21:50.256949+00:00,1775359310256949000,175020588311250,1975,,,ETF,3195,60,3263.0,-136.0,52.978028542,
99803,market_research_2026-04-04_22-09-26_live_round,3bd4c34433f6425a9a51794da6b91ced,2026-04-05T03:21:50.385412+00:00,1775359310385412000,175020716774041,1975,,,ETF,3243,40,3286.5,-87.0,53.106491333,
99804,market_research_2026-04-04_22-09-26_live_round,3bd4c34433f6425a9a51794da6b91ced,2026-04-05T03:21:50.385581+00:00,1775359310385581000,175020716943791,1975,,,ETF,3244,40,3286.5,-87.0,53.106661083,
99814,market_research_2026-04-04_22-09-26_live_round,3bd4c34433f6425a9a51794da6b91ced,2026-04-05T03:21:50.500344+00:00,1775359310500344000,175020831706291,1975,,,ETF,3244,20,3286.5,-85.0,53.221423583,
99815,market_research_2026-04-04_22-09-26_live_round,3bd4c34433f6425a9a51794da6b91ced,2026-04-05T03:21:50.500517+00:00,1775359310500517000,175020831880250,1975,,,ETF,3245,80,3286.5,-85.0,53.221597542,
99853,market_research_2026-04-04_22-09-26_live_round,3bd4c34433f6425a9a51794da6b91ced,2026-04-05T03:21:50.969852+00:00,1775359310969852000,175021301215750,1975,,,ETF,3246,40,3292.0,-92.0,53.690933042,
99864,market_research_2026-04-04_22-09-26_live_round,3bd4c34433f6425a9a51794da6b91ced,2026-04-05T03:21:51.149061+00:00,1775359311149061000,175021480424916,1975,,,ETF,3246,60,3291.5,-91.0,53.870142208,
99980,market_research_2026-04-04_22-09-26_live_round,3bd4c34433f6425a9a51794da6b91ced,2026-04-05T03:21:52.729774+00:00,1775359312729774000,175023061140208,1975,,,ETF,3340,40,3336.5,-7.0,55.4508575,
99991,market_research_2026-04-04_22-09-26_live_round,3bd4c34433f6425a9a51794da6b91ced,2026-04-05T03:21:52.860519+00:00,1775359312860519000,175023191886375,1975,,,ETF,3339,60,3336.5,-5.0,55.581603667,
99998,market_research_2026-04-04_22-09-26_live_round,3bd4c34433f6425a9a51794da6b91ced,2026-04-05T03:21:52.949691+00:00,1775359312949691000,175023281058583,1975,,,ETF,3338,80,3336.5,-3.0,55.670775875,
100014,market_research_2026-04-04_22-09-26_live_round,3bd4c34433f6425a9a51794da6b91ced,2026-04-05T03:21:53.172817+00:00,1775359313172817000,175023504185125,1975,,,ETF,3337,100,3336.5,-1.0,55.893902417,
100367,market_research_2026-04-04_22-09-26_live_round,3bd4c34433f6425a9a51794da6b91ced,2026-04-05T03:21:58.053266+00:00,1775359318053266000,175028384644416,1975,,,ETF,3330,40,3330.5,-1.0,60.774361708,
100502,market_research_2026-04-04_22-09-26_live_round,3bd4c34433f6425a9a51794da6b91ced,2026-04-05T03:21:59.787854+00:00,1775359319787854000,175030119235500,1975,,,ETF,3328,40,3326.5,-3.0,62.508952792,
100518,market_research_2026-04-04_22-09-26_live_round,3bd4c34433f6425a9a51794da6b91ced,2026-04-05T03:21:59.985701+00:00,1775359319985701000,175030317083375,1975,,,ETF,3328,60,3327.0,-2.0,62.706800667,
100640,market_research_2026-04-04_22-09-26_live_round,3bd4c34433f6425a9a51794da6b91ced,2026-04-05T03:22:01.595266+00:00,1775359321595266000,175031926651625,1975,,,ETF,3325,40,3325.0,0.0,64.316368917,
100770,market_research_2026-04-04_22-09-26_live_round,3bd4c34433f6425a9a51794da6b91ced,2026-04-05T03:22:03.411682+00:00,1775359323411682000,175033743071708,1975,,,ETF,3327,40,3328.5,-3.0,66.132789,
100776,market_research_2026-04-04_22-09-26_live_round,3bd4c34433f6425a9a51794da6b91ced,2026-04-05T03:22:03.475976+00:00,1775359323475976000,175033807366041,1975,,,ETF,3328,60,3328.5,-1.0,66.197083333,
100831,market_research_2026-04-04_22-09-26_live_round,3bd4c34433f6425a9a51794da6b91ced,2026-04-05T03:22:04.251775+00:00,1775359324251775000,175034583166083,1975,,,ETF,3330,40,3339.0,-18.0,66.972883375,
100849,market_research_2026-04-04_22-09-26_live_round,3bd4c34433f6425a9a51794da6b91ced,2026-04-05T03:22:04.495045+00:00,1775359324495045000,175034826436083,1975,,,ETF,3330,60,3338.5,-17.0,67.216153375,
100860,market_research_2026-04-04_22-09-26_live_round,3bd4c34433f6425a9a51794da6b91ced,2026-04-05T03:22:04.680363+00:00,1775359324680363000,175035011754625,1975,,,ETF,3336,40,3341.0,-10.0,67.401471917,
100861,market_research_2026-04-04_22-09-26_live_round,3bd4c34433f6425a9a51794da6b91ced,2026-04-05T03:22:04.684985+00:00,1775359324684985000,175035016377166,1975,,,ETF,3337,40,3341.0,-10.0,67.406094458,
100874,market_research_2026-04-04_22-09-26_live_round,3bd4c34433f6425a9a51794da6b91ced,2026-04-05T03:22:04.850204+00:00,1775359324850204000,175035181596208,1975,,,ETF,3337,20,3341.0,-8.0,67.5713135,
100875,market_research_2026-04-04_22-09-26_live_round,3bd4c34433f6425a9a51794da6b91ced,2026-04-05T03:22:04.854942+00:00,1775359324854942000,175035186334666,1975,,,ETF,3338,80,3341.0,-8.0,67.576051958,
100901,market_research_2026-04-04_22-09-26_live_round,3bd4c34433f6425a9a51794da6b91ced,2026-04-05T03:22:05.186039+00:00,1775359325186039000,175035517431708,1975,,,ETF,3339,40,3340.5,-3.0,67.907149,
100912,market_research_2026-04-04_22-09-26_live_round,3bd4c34433f6425a9a51794da6b91ced,2026-04-05T03:22:05.327203+00:00,1775359325327203000,175035658596250,1975,,,ETF,3339,60,3340.0,-2.0,68.048313542,
100974,market_research_2026-04-04_22-09-26_live_round,3bd4c34433f6425a9a51794da6b91ced,2026-04-05T03:22:06.214503+00:00,1775359326214503000,175036545898458,1975,,,ETF,3348,40,3350.5,-5.0,68.93561575,
100980,market_research_2026-04-04_22-09-26_live_round,3bd4c34433f6425a9a51794da6b91ced,2026-04-05T03:22:06.293708+00:00,1775359326293708000,175036625102583,1975,,,ETF,3349,60,3350.5,-3.0,69.014819875,
100994,market_research_2026-04-04_22-09-26_live_round,3bd4c34433f6425a9a51794da6b91ced,2026-04-05T03:22:06.468144+00:00,1775359326468144000,175036799539333,1975,,,ETF,3350,80,3350.5,-1.0,69.189256625,
101046,market_research_2026-04-04_22-09-26_live_round,3bd4c34433f6425a9a51794da6b91ced,2026-04-05T03:22:07.172019+00:00,1775359327172019000,175037503415916,1975,,,ETF,3351,40,3355.0,-8.0,69.893133208,
101057,market_research_2026-04-04_22-09-26_live_round,3bd4c34433f6425a9a51794da6b91ced,2026-04-05T03:22:07.323297+00:00,1775359327323297000,175037654694000,1975,,,ETF,3351,60,3354.5,-7.0,70.044411292,
101247,market_research_2026-04-04_22-09-26_live_round,3bd4c34433f6425a9a51794da6b91ced,2026-04-05T03:22:09.828226+00:00,1775359329828226000,175040159628291,1975,,,ETF,3352,40,3349.5,-5.0,72.549345583,
101257,market_research_2026-04-04_22-09-26_live_round,3bd4c34433f6425a9a51794da6b91ced,2026-04-05T03:22:09.959958+00:00,1775359329959958000,175040291361333,1975,,,ETF,3352,60,3350.0,-4.0,72.681078625,
101267,market_research_2026-04-04_22-09-26_live_round,3bd4c34433f6425a9a51794da6b91ced,2026-04-05T03:22:10.075427+00:00,1775359330075427000,175040406830333,1975,,,ETF,3352,40,3350.5,-3.0,72.796547625,
101268,market_research_2026-04-04_22-09-26_live_round,3bd4c34433f6425a9a51794da6b91ced,2026-04-05T03:22:10.075618+00:00,1775359330075618000,175040407021708,1975,,,ETF,3351,40,3350.5,-3.0,72.796739,
101274,market_research_2026-04-04_22-09-26_live_round,3bd4c34433f6425a9a51794da6b91ced,2026-04-05T03:22:10.139030+00:00,1775359330139030000,175040470433000,1975,,,ETF,3351,20,3350.5,-1.0,72.860150292,
101275,market_research_2026-04-04_22-09-26_live_round,3bd4c34433f6425a9a51794da6b91ced,2026-04-05T03:22:10.142574+00:00,1775359330142574000,175040473976958,1975,,,ETF,3350,80,3350.5,-1.0,72.86369425,
101329,market_research_2026-04-04_22-09-26_live_round,3bd4c34433f6425a9a51794da6b91ced,2026-04-05T03:22:10.788580+00:00,1775359330788580000,175041119984166,1975,,,ETF,3349,40,3349.0,0.0,73.509701458,
101439,market_research_2026-04-04_22-09-26_live_round,3bd4c34433f6425a9a51794da6b91ced,2026-04-05T03:22:12.539227+00:00,1775359332539227000,175042870634791,1975,,,ETF,3352,40,3355.5,-7.0,75.260352083,
101447,market_research_2026-04-04_22-09-26_live_round,3bd4c34433f6425a9a51794da6b91ced,2026-04-05T03:22:12.646706+00:00,1775359332646706000,175042978114125,1975,,,ETF,3352,60,3355.0,-6.0,75.367831417,
101469,market_research_2026-04-04_22-09-26_live_round,3bd4c34433f6425a9a51794da6b91ced,2026-04-05T03:22:13.018958+00:00,1775359333018958000,175043350367000,1975,,,ETF,3354,40,3355.5,-3.0,75.740084292,
101470,market_research_2026-04-04_22-09-26_live_round,3bd4c34433f6425a9a51794da6b91ced,2026-04-05T03:22:13.024591+00:00,1775359333024591000,175043355999875,1975,,,ETF,3355,40,3355.5,-3.0,75.745717167,
101479,market_research_2026-04-04_22-09-26_live_round,3bd4c34433f6425a9a51794da6b91ced,2026-04-05T03:22:13.173267+00:00,1775359333173267000,175043504676875,1975,,,ETF,3355,20,3355.5,-1.0,75.894394167,
101480,market_research_2026-04-04_22-09-26_live_round,3bd4c34433f6425a9a51794da6b91ced,2026-04-05T03:22:13.173517+00:00,1775359333173517000,175043504926958,1975,,,ETF,3356,80,3355.5,-1.0,75.89464425,
101585,market_research_2026-04-04_22-09-26_live_round,3bd4c34433f6425a9a51794da6b91ced,2026-04-05T03:22:14.925380+00:00,1775359334925380000,175045256792833,1975,,,ETF,3348,40,3345.5,-5.0,77.646510125,
101591,market_research_2026-04-04_22-09-26_live_round,3bd4c34433f6425a9a51794da6b91ced,2026-04-05T03:22:15.021994+00:00,1775359335021994000,175045353407541,1975,,,ETF,3347,60,3345.5,-3.0,77.743124833,
101605,market_research_2026-04-04_22-09-26_live_round,3bd4c34433f6425a9a51794da6b91ced,2026-04-05T03:22:15.284809+00:00,1775359335284809000,175045616223250,1975,,,ETF,3346,80,3345.5,-1.0,78.005940542,
101656,market_research_2026-04-04_22-09-26_live_round,3bd4c34433f6425a9a51794da6b91ced,2026-04-05T03:22:16.116039+00:00,1775359336116039000,175046447454500,1975,,,ETF,3345,40,3344.0,-2.0,78.837171792,
101665,market_research_2026-04-04_22-09-26_live_round,3bd4c34433f6425a9a51794da6b91ced,2026-04-05T03:22:16.288761+00:00,1775359336288761000,175046620177333,1975,,,ETF,3345,60,3344.5,-1.0,79.009894625,
101973,market_research_2026-04-04_22-09-26_live_round,3bd4c34433f6425a9a51794da6b91ced,2026-04-05T03:22:21.055227+00:00,1775359341055227000,175051386653375,1975,,,ETF,3342,40,3346.0,-8.0,83.776370667,
101992,market_research_2026-04-04_22-09-26_live_round,3bd4c34433f6425a9a51794da6b91ced,2026-04-05T03:22:21.336137+00:00,1775359341336137000,175051667563791,1975,,,ETF,3343,60,3346.0,-6.0,84.057281083,
101997,market_research_2026-04-04_22-09-26_live_round,3bd4c34433f6425a9a51794da6b91ced,2026-04-05T03:22:21.398252+00:00,1775359341398252000,175051729678500,1975,,,ETF,3344,80,3346.0,-4.0,84.119395792,
102002,market_research_2026-04-04_22-09-26_live_round,3bd4c34433f6425a9a51794da6b91ced,2026-04-05T03:22:21.458564+00:00,1775359341458564000,175051789990958,1975,,,ETF,3345,100,3346.0,-2.0,84.17970825,
102172,market_research_2026-04-04_22-09-26_live_round,3bd4c34433f6425a9a51794da6b91ced,2026-04-05T03:22:23.722543+00:00,1775359343722543000,175054053974125,1975,,,ETF,3338,40,3337.5,-1.0,86.443691417,
102237,market_research_2026-04-04_22-09-26_live_round,3bd4c34433f6425a9a51794da6b91ced,2026-04-05T03:22:24.588967+00:00,1775359344588967000,175054920400708,1975,,,ETF,3335,40,3333.5,-3.0,87.310118,
102247,market_research_2026-04-04_22-09-26_live_round,3bd4c34433f6425a9a51794da6b91ced,2026-04-05T03:22:24.687232+00:00,1775359344687232000,175055018665625,1975,,,ETF,3335,60,3334.0,-2.0,87.408382917,
102555,market_research_2026-04-04_22-09-26_live_round,3bd4c34433f6425a9a51794da6b91ced,2026-04-05T03:22:28.573999+00:00,1775359348573999000,175058905441041,1975,,,ETF,3330,40,3335.5,-11.0,91.295158333,
102560,market_research_2026-04-04_22-09-26_live_round,3bd4c34433f6425a9a51794da6b91ced,2026-04-05T03:22:28.647683+00:00,1775359348647683000,175058979124708,1975,,,ETF,3331,60,3335.5,-9.0,91.368842,
102569,market_research_2026-04-04_22-09-26_live_round,3bd4c34433f6425a9a51794da6b91ced,2026-04-05T03:22:28.773576+00:00,1775359348773576000,175059105018291,1975,,,ETF,3332,80,3335.5,-7.0,91.494735583,
102576,market_research_2026-04-04_22-09-26_live_round,3bd4c34433f6425a9a51794da6b91ced,2026-04-05T03:22:28.846180+00:00,1775359348846180000,175059177622000,1975,,,ETF,3333,100,3335.5,-5.0,91.567339292,
102955,market_research_2026-04-04_22-09-26_live_round,3bd4c34433f6425a9a51794da6b91ced,2026-04-05T03:22:33.739304+00:00,1775359353739304000,175064070756916,1975,,,ETF,3337,40,3336.0,-2.0,96.460474208,
102963,market_research_2026-04-04_22-09-26_live_round,3bd4c34433f6425a9a51794da6b91ced,2026-04-05T03:22:33.830324+00:00,1775359353830324000,175064161776375,1975,,,ETF,3336,60,3336.0,0.0,96.551493667,
103137,market_research_2026-04-04_22-09-26_live_round,3bd4c34433f6425a9a51794da6b91ced,2026-04-05T03:22:36.066330+00:00,1775359356066330000,175066397787416,1975,,,ETF,3326,40,3326.0,0.0,98.787504708,
103332,market_research_2026-04-04_22-09-26_live_round,3bd4c34433f6425a9a51794da6b91ced,2026-04-05T03:22:38.735921+00:00,1775359358735921000,175069067383750,1975,,,ETF,3316,40,3314.5,-3.0,101.457101042,
103341,market_research_2026-04-04_22-09-26_live_round,3bd4c34433f6425a9a51794da6b91ced,2026-04-05T03:22:38.888360+00:00,1775359358888360000,175069219822875,1975,,,ETF,3316,60,3315.0,-2.0,101.609540167,
103352,market_research_2026-04-04_22-09-26_live_round,3bd4c34433f6425a9a51794da6b91ced,2026-04-05T03:22:39.041669+00:00,1775359359041669000,175069373131791,1975,,,ETF,3315,40,3315.0,0.0,101.762849083,
103417,market_research_2026-04-04_22-09-26_live_round,3bd4c34433f6425a9a51794da6b91ced,2026-04-05T03:22:40.123196+00:00,1775359360123196000,175070454661958,1975,,,ETF,3312,40,3310.5,-3.0,102.84437925,
103429,market_research_2026-04-04_22-09-26_live_round,3bd4c34433f6425a9a51794da6b91ced,2026-04-05T03:22:40.308595+00:00,1775359360308595000,175070640061083,1975,,,ETF,3312,60,3311.0,-2.0,103.029778375,
103594,market_research_2026-04-04_22-09-26_live_round,3bd4c34433f6425a9a51794da6b91ced,2026-04-05T03:22:42.554245+00:00,1775359362554245000,175072885715208,1975,,,ETF,3307,40,3308.5,-3.0,105.2754325,
103602,market_research_2026-04-04_22-09-26_live_round,3bd4c34433f6425a9a51794da6b91ced,2026-04-05T03:22:42.659750+00:00,1775359362659750000,175072991221208,1975,,,ETF,3308,60,3308.5,-1.0,105.3809385,
103852,market_research_2026-04-04_22-09-26_live_round,3bd4c34433f6425a9a51794da6b91ced,2026-04-05T03:22:45.640630+00:00,1775359365640630000,175075972107166,1975,,,ETF,3310,40,3310.5,-1.0,108.361824458,
103918,market_research_2026-04-04_22-09-26_live_round,3bd4c34433f6425a9a51794da6b91ced,2026-04-05T03:22:46.471808+00:00,1775359366471808000,175076803287125,1975,,,ETF,3313,40,3315.5,-5.0,109.193004417,
103923,market_research_2026-04-04_22-09-26_live_round,3bd4c34433f6425a9a51794da6b91ced,2026-04-05T03:22:46.536571+00:00,1775359366536571000,175076868049958,1975,,,ETF,3313,60,3315.0,-4.0,109.25776725,
104177,market_research_2026-04-04_22-09-26_live_round,3bd4c34433f6425a9a51794da6b91ced,2026-04-05T03:22:49.884266+00:00,1775359369884266000,175080215752166,1975,,,ETF,3320,40,3317.5,-5.0,112.605469458,
104183,market_research_2026-04-04_22-09-26_live_round,3bd4c34433f6425a9a51794da6b91ced,2026-04-05T03:22:49.946959+00:00,1775359369946959000,175080278444791,1975,,,ETF,3319,60,3317.5,-3.0,112.668162083,
104191,market_research_2026-04-04_22-09-26_live_round,3bd4c34433f6425a9a51794da6b91ced,2026-04-05T03:22:50.034044+00:00,1775359370034044000,175080365530541,1975,,,ETF,3318,80,3317.5,-1.0,112.755247833,
104252,market_research_2026-04-04_22-09-26_live_round,3bd4c34433f6425a9a51794da6b91ced,2026-04-05T03:22:50.662184+00:00,1775359370662184000,175080993672000,1975,,,ETF,3317,40,3316.0,-2.0,113.383389292,
104262,market_research_2026-04-04_22-09-26_live_round,3bd4c34433f6425a9a51794da6b91ced,2026-04-05T03:22:50.748651+00:00,1775359370748651000,175081080139416,1975,,,ETF,3317,60,3316.5,-1.0,113.469856708,
104315,market_research_2026-04-04_22-09-26_live_round,3bd4c34433f6425a9a51794da6b91ced,2026-04-05T03:22:51.308583+00:00,1775359371308583000,175081640072083,1975,,,ETF,3317,40,3319.5,-5.0,114.029789375,
104322,market_research_2026-04-04_22-09-26_live_round,3bd4c34433f6425a9a51794da6b91ced,2026-04-05T03:22:51.376563+00:00,1775359371376563000,175081708052166,1975,,,ETF,3317,40,3319.0,-4.0,114.097769458,
104323,market_research_2026-04-04_22-09-26_live_round,3bd4c34433f6425a9a51794da6b91ced,2026-04-05T03:22:51.376709+00:00,1775359371376709000,175081708198625,1975,,,ETF,3318,20,3319.0,-4.0,114.097915917,
104333,market_research_2026-04-04_22-09-26_live_round,3bd4c34433f6425a9a51794da6b91ced,2026-04-05T03:22:51.480474+00:00,1775359371480474000,175081811963166,1975,,,ETF,3318,80,3319.0,-2.0,114.201680458,
104341,market_research_2026-04-04_22-09-26_live_round,3bd4c34433f6425a9a51794da6b91ced,2026-04-05T03:22:51.551286+00:00,1775359371551286000,175081882776000,1975,,,ETF,3318,100,3318.5,-1.0,114.272493292,
104451,market_research_2026-04-04_22-09-26_live_round,3bd4c34433f6425a9a51794da6b91ced,2026-04-05T03:22:52.766305+00:00,1775359372766305000,175083097796833,1975,,,ETF,3324,40,3322.0,-4.0,115.487514125,
104456,market_research_2026-04-04_22-09-26_live_round,3bd4c34433f6425a9a51794da6b91ced,2026-04-05T03:22:52.822765+00:00,1775359372822765000,175083154257458,1975,,,ETF,3323,60,3322.0,-2.0,115.54397475,
104473,market_research_2026-04-04_22-09-26_live_round,3bd4c34433f6425a9a51794da6b91ced,2026-04-05T03:22:53.021316+00:00,1775359373021316000,175083352808250,1975,,,ETF,3322,80,3322.0,0.0,115.742525542,
104706,market_research_2026-04-04_22-09-26_live_round,3bd4c34433f6425a9a51794da6b91ced,2026-04-05T03:22:56.558987+00:00,1775359376558987000,175086890486916,1975,,,ETF,3320,40,3324.0,-8.0,119.280204208,
